event_id,A,announced,cusip,security_term,original_term,reopening,tenor,tenor_years,offering_amt,pre_entry,post_exit,n_prior,prior_mean,prior_sd,zS_post,zS_post_flag,S_pre,S_pre_source,zS_pre,zS_pre_flag,w_pre,w_post,week,window_complete,skipped,R_pre,R_post,dy_pre_bp,dy_post_bp,LS,LS_bp,in_sample,post_lyz
1979-10-31_912827KC5,1979-10-31,1979-10-24,912827KC5,10-Year,10-Year,False,DGS10,10,2e+09,1979-10-24,1979-11-08,0,,,,none,,,,none,1,1,1979-10-29/1979-11-04,True,False,,,,,,,False,False
1979-11-01_912810CK2,1979-11-01,1979-10-24,912810CK2,30-Year,30-Year,False,DGS30,30,2e+09,1979-10-25,1979-11-09,0,,,,none,,,,none,1,1,1979-10-29/1979-11-04,True,False,,,,,,,False,False
1980-01-03_912810CL0,1980-01-03,1979-12-28,912810CL0,15-Year 1-Month,15-Year 1-Month,False,DGS20,20,1.5e+09,1979-12-26,1980-01-10,0,,,,none,,,,none,1,1,1979-12-31/1980-01-06,True,False,,,,,,,False,False
1980-01-23_912827KH4,1980-01-23,1980-01-16,912827KH4,2-Year,2-Year,False,DGS2,2,4e+09,1980-01-16,1980-01-30,0,,,,none,,,,none,1,1,1980-01-21/1980-01-27,True,False,,,,,,,False,False
1980-02-05_912827KJ0,1980-02-05,1980-01-30,912827KJ0,3-Year 6-Month,3-Year 6-Month,False,DGS3,3,3.25e+09,1980-01-29,1980-02-13,0,,,,none,,,,none,1,1,1980-02-04/1980-02-10,True,False,,,,,,,False,False
1980-02-06_912827KK7,1980-02-06,1980-01-30,912827KK7,7-Year 3-Month,7-Year 3-Month,False,DGS7,7,2e+09,1980-01-30,1980-02-14,0,,,,none,,,,none,1,1,1980-02-04/1980-02-10,True,False,,,,,,,False,False
1980-02-07_912810CM8,1980-02-07,1980-01-30,912810CM8,30-Year,30-Year,False,DGS30,30,2e+09,1980-01-31,1980-02-15,1,,,,none,,,,none,1,1,1980-02-04/1980-02-10,True,False,,,,,,,False,False
1980-02-20_912827KL5,1980-02-20,1980-02-13,912827KL5,2-Year,2-Year,False,DGS2,2,4e+09,1980-02-11,1980-02-27,1,,,,none,,,,none,1,1,1980-02-18/1980-02-24,True,False,,,,,,,False,False
1980-02-26_912827KM3,1980-02-26,1980-02-19,912827KM3,5-Year 2-Month,5-Year 2-Month,False,DGS5,5,2.5e+09,1980-02-19,1980-03-04,0,,,,none,,,,none,1,1,1980-02-25/1980-03-02,True,False,,,,,,,False,False
1980-03-20_912827KN1,1980-03-20,1980-03-12,912827KN1,2-Year,2-Year,False,DGS2,2,3.5e+09,1980-03-13,1980-03-27,2,,,,none,,,,none,1,1,1980-03-17/1980-03-23,True,False,,,,,,,False,False
1980-03-25_912827KP6,1980-03-25,1980-03-12,912827KP6,4-Year,4-Year,False,DGS5,5,2.5e+09,1980-03-18,1980-04-01,1,,,,none,,,,none,1,1,1980-03-24/1980-03-30,True,False,,,,,,,False,False
1980-04-02_912810CN6,1980-04-02,1980-03-20,912810CN6,15-Year 1-Month,15-Year 1-Month,False,DGS20,20,1.5e+09,1980-03-26,1980-04-10,1,,,,none,,,,none,1,1,1980-03-31/1980-04-06,True,False,,,,,,,False,False
1980-04-22_912827KQ4,1980-04-22,1980-04-16,912827KQ4,2-Year,2-Year,False,DGS2,2,4e+09,1980-04-15,1980-04-29,3,,,,none,,,,none,1,1,1980-04-21/1980-04-27,True,False,,,,,,,False,False
1980-05-06_912827KR2,1980-05-06,1980-04-30,912827KR2,3-Year 3-Month,3-Year 3-Month,False,DGS3,3,3.5e+09,1980-04-29,1980-05-13,1,,,,none,,,,none,1,1,1980-05-05/1980-05-11,True,False,,,,,,,False,False
1980-05-07_912827KC5,1980-05-07,1980-04-30,912827KC5,9-Year 6-Month,10-Year,True,DGS10,10,2e+09,1980-04-30,1980-05-14,1,,,,none,,,,none,1,1,1980-05-05/1980-05-11,True,False,,,,,,,False,False
1980-05-08_912810CP1,1980-05-08,1980-04-30,912810CP1,30-Year,30-Year,False,DGS30,30,2e+09,1980-05-01,1980-05-15,2,,,,none,,,,none,1,1,1980-05-05/1980-05-11,True,False,,,,,,,False,False
1980-06-02_912827KS0,1980-06-02,1980-05-14,912827KS0,2-Year,2-Year,False,DGS2,2,4e+09,1980-05-23,1980-06-09,4,,,,none,,,,none,1,1,1980-06-02/1980-06-08,True,False,,,,,,,False,False
1980-06-03_912827KT8,1980-06-03,1980-05-21,912827KT8,5-Year 2-Month,5-Year 2-Month,False,DGS5,5,3e+09,1980-05-27,1980-06-10,2,,,,none,,,,none,1,1,1980-06-02/1980-06-08,True,False,,,,,,,False,False
1980-06-19_912827KU5,1980-06-19,1980-06-13,912827KU5,2-Year,2-Year,False,DGS2,2,4.25e+09,1980-06-12,1980-06-26,5,,,,none,,,,none,1,1,1980-06-16/1980-06-22,True,False,,,,,,,False,False
1980-06-24_912827KV3,1980-06-24,1980-06-13,912827KV3,4-Year,4-Year,False,DGS5,5,3.25e+09,1980-06-17,1980-07-01,3,,,,none,,,,none,1,1,1980-06-23/1980-06-29,True,False,,,,,,,False,False
1980-07-02_912810CQ9,1980-07-02,1980-06-26,912810CQ9,14-Year 10-Month,14-Year 10-Month,False,DGS10,10,1.5e+09,1980-06-25,1980-07-10,2,,,,none,,,,none,1,1,1980-06-30/1980-07-06,True,False,,,,,,,False,False
1980-07-23_912827KW1,1980-07-23,1980-07-15,912827KW1,2-Year,2-Year,False,DGS2,2,4.5e+09,1980-07-16,1980-07-30,6,3.9583333e+09,2.4579802e+08,2.2037064,ok,4.5e+09,own,2.2037064,ok,2,2,1980-07-21/1980-07-27,True,False,,,,,,,False,False
1980-08-05_912827KX9,1980-08-05,1980-07-30,912827KX9,3-Year 3-Month,3-Year 3-Month,False,DGS3,3,4e+09,1980-07-29,1980-08-12,2,,,,none,,,,none,1,1,1980-08-04/1980-08-10,True,False,,,,,,,False,False
1980-08-06_912827KY7,1980-08-06,1980-07-30,912827KY7,10-Year,10-Year,False,DGS10,10,2.75e+09,1980-07-30,1980-08-13,3,,,,none,,,,none,1,1,1980-08-04/1980-08-10,True,False,,,,,,,False,False
1980-08-07_912810CK2,1980-08-07,1980-07-30,912810CK2,29-Year 3-Month,30-Year,True,DGS30,30,1.5e+09,1980-07-31,1980-08-14,3,,,,none,,,,none,1,1,1980-08-04/1980-08-10,True,False,,,,,,,False,False
1980-08-20_912827KZ4,1980-08-20,1980-08-12,912827KZ4,2-Year,2-Year,False,DGS2,2,4.5e+09,1980-08-13,1980-08-27,7,4.0416667e+09,3.3229003e+08,1.3793171,ok,4.5e+09,own,1.3793171,ok,2,2,1980-08-18/1980-08-24,True,False,,,,,,,False,False
1980-08-27_912827LA8,1980-08-27,1980-08-19,912827LA8,5-Year 2-Month,5-Year 2-Month,False,DGS5,5,3e+09,1980-08-20,1980-09-04,4,,,,none,,,,none,1,1,1980-08-25/1980-08-31,True,False,,,,,,,False,False
1980-09-18_912827LB6,1980-09-18,1980-09-12,912827LB6,2-Year,2-Year,False,DGS2,2,4.5e+09,1980-09-11,1980-09-25,8,4.125e+09,3.7914377e+08,0.98907071,ok,4.5e+09,previous,0.98907071,ok,1.9890707,1.9890707,1980-09-15/1980-09-21,True,False,,,,,,,False,False
1980-09-23_912827LC4,1980-09-23,1980-09-12,912827LC4,4-Year,4-Year,False,DGS5,5,3e+09,1980-09-16,1980-09-30,5,,,,none,,,,none,1,1,1980-09-22/1980-09-28,True,False,,,,,,,False,False
1980-10-07_912810CR7,1980-10-07,1980-09-29,912810CR7,15-Year 1-Month,15-Year 1-Month,False,DGS20,20,1.5e+09,1980-09-30,1980-10-15,2,,,,none,,,,none,1,1,1980-10-06/1980-10-12,True,False,,,,,,,False,False
1980-10-22_912827LD2,1980-10-22,1980-10-14,912827LD2,2-Year,2-Year,False,DGS2,2,4.5e+09,1980-10-15,1980-10-29,9,4.2916667e+09,2.4579802e+08,0.84757938,ok,4.5e+09,own,0.84757938,ok,1.8475794,1.8475794,1980-10-20/1980-10-26,True,False,,,,,,,False,False
1980-11-05_912827LE0,1980-11-05,1980-10-29,912827LE0,3-Year 6-Month,3-Year 6-Month,False,DGS3,3,3.75e+09,1980-10-28,1980-11-13,3,,,,none,,,,none,1,1,1980-11-03/1980-11-09,True,False,,,,,,,False,False
1980-11-06_912827LF7,1980-11-06,1980-10-29,912827LF7,10-Year,10-Year,False,DGS10,10,2.25e+09,1980-10-29,1980-11-14,4,,,,none,,,,none,1,1,1980-11-03/1980-11-09,True,False,,,,,,,False,False
1980-11-07_912810CS5,1980-11-07,1980-10-29,912810CS5,30-Year,30-Year,False,DGS30,30,2e+09,1980-10-30,1980-11-17,4,,,,none,,,,none,1,1,1980-11-03/1980-11-09,True,False,,,,,,,False,False
1980-11-25_912827LG5,1980-11-25,1980-11-18,912827LG5,2-Year,2-Year,False,DGS2,2,4.5e+09,1980-11-18,1980-12-03,10,4.375e+09,2.0916501e+08,0.5976143,ok,4.5e+09,own,0.5976143,ok,1.5976143,1.5976143,1980-11-24/1980-11-30,True,False,,,,,,,False,False
1980-12-03_912827LH3,1980-12-03,1980-11-24,912827LH3,5-Year 2-Month,5-Year 2-Month,False,DGS5,5,3e+09,1980-11-25,1980-12-10,6,2.875e+09,3.0618622e+08,0.40824829,ok,3e+09,own,0.40824829,ok,1.4082483,1.4082483,1980-12-01/1980-12-07,True,False,,,,,,,False,False
1980-12-16_912827LJ9,1980-12-16,1980-12-10,912827LJ9,2-Year,2-Year,False,DGS2,2,4.5e+09,1980-12-09,1980-12-23,11,4.4583333e+09,1.0206207e+08,0.40824829,ok,4.5e+09,previous,0.40824829,ok,1.4082483,1.4082483,1980-12-15/1980-12-21,True,False,,,,,,,False,False
1980-12-18_912827LK6,1980-12-18,1980-12-10,912827LK6,4-Year,4-Year,False,DGS5,5,3.25e+09,1980-12-11,1980-12-26,7,2.9583333e+09,2.4579802e+08,1.1866111,ok,3.25e+09,own,1.1866111,ok,2,2,1980-12-15/1980-12-21,True,False,,,,,,,False,False
1980-12-30_912827LL4,1980-12-30,1980-12-15,912827LL4,7-Year,7-Year,False,DGS7,7,2.5e+09,1980-12-22,1981-01-07,1,,,,none,,,,none,1,1,1980-12-29/1981-01-04,True,False,,,,,,,False,False
1981-01-06_912810CT3,1981-01-06,1980-12-22,912810CT3,20-Year 1-Month,20-Year 1-Month,False,DGS20,20,1.5e+09,1980-12-29,1981-01-13,3,,,,none,,,,none,1,1,1981-01-05/1981-01-11,True,False,,,,,,,False,False
1981-01-21_912827LM2,1981-01-21,1981-01-14,912827LM2,2-Year,2-Year,False,DGS2,2,4.5e+09,1981-01-14,1981-01-28,12,4.5e+09,0,0,sd0,4.5e+09,own,0,sd0,1,1,1981-01-19/1981-01-25,True,False,,,,,,,False,False
1981-02-03_912827LN0,1981-02-03,1981-01-28,912827LN0,3-Year 6-Month,3-Year 6-Month,False,DGS3,3,3.75e+09,1981-01-27,1981-02-10,4,,,,none,,,,none,1,1,1981-02-02/1981-02-08,True,False,,,,,,,False,False
1981-02-04_912827LF7,1981-02-04,1981-01-28,912827LF7,9-Year 9-Month,10-Year,True,DGS10,10,2.5e+09,1981-01-28,1981-02-11,5,,,,none,,,,none,1,1,1981-02-02/1981-02-08,True,False,,,,,,,False,False
1981-02-05_912810CS5,1981-02-05,1981-01-28,912810CS5,29-Year 9-Month,30-Year,True,DGS30,30,2.25e+09,1981-01-29,1981-02-13,5,,,,none,,,,none,1,1,1981-02-02/1981-02-08,True,False,,,,,,,False,False
1981-02-24_912827LP5,1981-02-24,1981-02-17,912827LP5,2-Year,2-Year,False,DGS2,2,4.75e+09,1981-02-17,1981-03-03,13,4.5e+09,0,3,sd0,4.75e+09,own,3,sd0,2,2,1981-02-23/1981-03-01,True,False,,,,,,,False,False
1981-02-26_912827LQ3,1981-02-26,1981-02-19,912827LQ3,5-Year 2-Month,5-Year 2-Month,False,DGS5,5,3.25e+09,1981-02-19,1981-03-05,8,3.0833333e+09,1.2909944e+08,1.2909944,ok,3.25e+09,own,1.2909944,ok,2,2,1981-02-23/1981-03-01,True,False,,,,,,,False,False
1981-03-18_912827LR1,1981-03-18,1981-03-11,912827LR1,2-Year,2-Year,False,DGS2,2,4.75e+09,1981-03-11,1981-03-25,14,4.5416667e+09,1.0206207e+08,2.0412415,ok,4.75e+09,own,2.0412415,ok,2,2,1981-03-16/1981-03-22,True,False,,,,,,,False,False
1981-03-24_912827LS9,1981-03-24,1981-03-11,912827LS9,4-Year,4-Year,False,DGS5,5,3.5e+09,1981-03-17,1981-03-31,9,3.125e+09,1.3693064e+08,2.7386128,ok,3.5e+09,own,2.7386128,ok,2,2,1981-03-23/1981-03-29,True,False,,,,,,,False,False
1981-03-26_912810CU0,1981-03-26,1981-03-17,912810CU0,20-Year 1-Month,20-Year 1-Month,False,DGS20,20,1.75e+09,1981-03-19,1981-04-02,4,,,,none,,,,none,1,1,1981-03-23/1981-03-29,True,False,,,,,,,False,False
1981-03-31_912827LT7,1981-03-31,1981-03-17,912827LT7,7-Year,7-Year,False,DGS7,7,2.75e+09,1981-03-24,1981-04-07,2,,,,none,,,,none,1,1,1981-03-30/1981-04-05,True,False,,,,,,,False,False
1981-04-22_912827LU4,1981-04-22,1981-04-15,912827LU4,2-Year,2-Year,False,DGS2,2,4.25e+09,1981-04-14,1981-04-29,15,4.5833333e+09,1.2909944e+08,-2.5819889,ok,4.75e+09,previous,1.2909944,ok,2,0,1981-04-20/1981-04-26,True,False,,,,,,,False,False
1981-05-05_912827LV2,1981-05-05,1981-04-29,912827LV2,3-Year,3-Year,False,DGS3,3,3e+09,1981-04-28,1981-05-12,5,,,,none,,,,none,1,1,1981-05-04/1981-05-10,True,False,,,,,,,False,False
1981-05-06_912827LW0,1981-05-06,1981-04-29,912827LW0,10-Year,10-Year,False,DGS10,10,1.75e+09,1981-04-29,1981-05-13,6,2.1666667e+09,4.3779752e+08,-0.95173373,ok,1.75e+09,own,-0.95173373,ok,0.048266265,0.048266265,1981-05-04/1981-05-10,True,False,,,,,,,False,False
1981-05-07_912810CV8,1981-05-07,1981-04-29,912810CV8,30-Year,30-Year,False,DGS30,30,2e+09,1981-04-30,1981-05-14,6,1.9583333e+09,2.4579802e+08,0.16951588,ok,2e+09,own,0.16951588,ok,1.1695159,1.1695159,1981-05-04/1981-05-10,True,False,,,,,,,False,False
1981-05-20_912827LX8,1981-05-20,1981-05-13,912827LX8,2-Year,2-Year,False,DGS2,2,4.25e+09,1981-05-13,1981-05-28,16,4.5416667e+09,1.8819316e+08,-1.549826,ok,4.25e+09,own,-1.549826,ok,0,0,1981-05-18/1981-05-24,True,False,,,,,,,False,False
1981-05-28_912827LY6,1981-05-28,1981-05-20,912827LY6,5-Year 5-Month,5-Year 5-Month,False,DGS5,5,3e+09,1981-05-20,1981-06-04,10,3.1666667e+09,2.0412415e+08,-0.81649658,ok,3e+09,own,-0.81649658,ok,0.18350342,0.18350342,1981-05-25/1981-05-31,True,False,,,,,,,False,False
1981-06-18_912827LZ3,1981-06-18,1981-06-10,912827LZ3,2-Year,2-Year,False,DGS2,2,4.25e+09,1981-06-11,1981-06-25,17,4.5e+09,2.236068e+08,-1.118034,ok,4.25e+09,own,-1.118034,ok,0,0,1981-06-15/1981-06-21,True,False,,,,,,,False,False
1981-06-23_912827MA7,1981-06-23,1981-06-10,912827MA7,4-Year,4-Year,False,DGS5,5,3.25e+09,1981-06-16,1981-06-30,11,3.1666667e+09,2.0412415e+08,0.40824829,ok,3.25e+09,own,0.40824829,ok,1.4082483,1.4082483,1981-06-22/1981-06-28,True,False,,,,,,,False,False
1981-06-25_912810CW6,1981-06-25,1981-06-17,912810CW6,20-Year 1-Month,20-Year 1-Month,False,DGS20,20,1.75e+09,1981-06-18,1981-07-02,5,,,,none,,,,none,1,1,1981-06-22/1981-06-28,True,False,,,,,,,False,False
1981-06-30_912827MB5,1981-06-30,1981-06-17,912827MB5,7-Year,7-Year,False,DGS7,7,3e+09,1981-06-23,1981-07-08,3,,,,none,,,,none,1,1,1981-06-29/1981-07-05,True,False,,,,,,,False,False
1981-07-22_912827MC3,1981-07-22,1981-07-15,912827MC3,2-Year,2-Year,False,DGS2,2,4.5e+09,1981-07-15,1981-07-29,18,4.4583333e+09,2.4579802e+08,0.16951588,ok,4.5e+09,own,0.16951588,ok,1.1695159,1.1695159,1981-07-20/1981-07-26,True,False,,,,,,,False,False
1981-08-04_912827MD1,1981-08-04,1981-07-29,912827MD1,3-Year 3-Month,3-Year 3-Month,False,DGS3,3,4.25e+09,1981-07-28,1981-08-11,6,3.5416667e+09,3.6799004e+08,1.924871,ok,3e+09,previous,-1.4719601,ok,0,2,1981-08-03/1981-08-09,True,False,,,,,,,False,False
1981-08-05_912827ME9,1981-08-05,1981-08-03,912827ME9,10-Year,10-Year,False,DGS10,10,2.25e+09,1981-07-29,1981-08-12,7,2.125e+09,4.6770717e+08,0.26726124,ok,1.75e+09,previous,-0.80178373,ok,0.19821627,1.2672612,1981-08-03/1981-08-09,True,False,,,,,,,False,False
1981-08-06_912810CV8,1981-08-06,1981-07-29,912810CV8,29-Year 9-Month,30-Year,True,DGS30,30,2e+09,1981-07-30,1981-08-13,7,1.9583333e+09,2.4579802e+08,0.16951588,ok,2e+09,own,0.16951588,ok,1.1695159,1.1695159,1981-08-03/1981-08-09,True,False,,,,,,,False,False
1981-08-20_912827MF6,1981-08-20,1981-08-14,912827MF6,2-Year,2-Year,False,DGS2,2,4.75e+09,1981-08-13,1981-08-27,19,4.4583333e+09,2.4579802e+08,1.1866111,ok,4.5e+09,previous,0.16951588,ok,1.1695159,2,1981-08-17/1981-08-23,True,False,,,,,,,False,False
1981-08-27_912827MG4,1981-08-27,1981-08-19,912827MG4,5-Year 2-Month,5-Year 2-Month,False,DGS5,5,3.25e+09,1981-08-20,1981-09-03,12,3.2083333e+09,1.8819316e+08,0.22140372,ok,3.25e+09,own,0.22140372,ok,1.2214037,1.2214037,1981-08-24/1981-08-30,True,False,,,,,,,False,False
1981-09-16_912827MH2,1981-09-16,1981-09-10,912827MH2,2-Year,2-Year,False,DGS2,2,4.75e+09,1981-09-09,1981-09-23,20,4.4583333e+09,2.4579802e+08,1.1866111,ok,4.75e+09,previous,1.1866111,ok,2,2,1981-09-14/1981-09-20,True,False,,,,,,,False,False
1981-09-23_912827MJ8,1981-09-23,1981-09-10,912827MJ8,4-Year,4-Year,False,DGS5,5,3.25e+09,1981-09-16,1981-09-30,13,3.25e+09,1.5811388e+08,0,ok,3.25e+09,own,0,ok,1,1,1981-09-21/1981-09-27,True,False,,,,,,,False,False
1981-09-30_912810CX4,1981-09-30,1981-09-22,912810CX4,20-Year 1-Month,20-Year 1-Month,False,DGS20,20,1.75e+09,1981-09-23,1981-10-07,6,1.5833333e+09,1.2909944e+08,1.2909944,ok,1.75e+09,own,1.2909944,ok,2,2,1981-09-28/1981-10-04,True,False,,,,,,,False,False
1981-10-07_912827MK5,1981-10-07,1981-09-22,912827MK5,7-Year,7-Year,False,DGS7,7,3e+09,1981-09-30,1981-10-15,4,,,,none,,,,none,1,1,1981-10-05/1981-10-11,True,False,,,,,,,False,False
1981-10-21_912827ML3,1981-10-21,1981-10-14,912827ML3,2-Year,2-Year,False,DGS2,2,4.75e+09,1981-10-14,1981-10-28,21,4.4583333e+09,2.4579802e+08,1.1866111,ok,4.75e+09,own,1.1866111,ok,2,2,1981-10-19/1981-10-25,True,False,,,,,,,False,False
1981-11-02_912827MM1,1981-11-02,1981-10-28,912827MM1,3-Year,3-Year,False,DGS3,3,4.5e+09,1981-10-26,1981-11-10,7,3.7083333e+09,4.3060036e+08,1.8385184,ok,4.25e+09,previous,1.2579336,ok,2,2,1981-11-02/1981-11-08,True,False,,,,,,,False,False
1981-11-04_912827MN9,1981-11-04,1981-10-28,912827MN9,10-Year,10-Year,False,DGS10,10,2.25e+09,1981-10-27,1981-11-12,8,2.1666667e+09,4.6547467e+08,0.17902872,ok,2.25e+09,previous,0.17902872,ok,1.1790287,1.1790287,1981-11-02/1981-11-08,True,False,,,,,,,False,False
1981-11-05_912810CY2,1981-11-05,1981-10-28,912810CY2,30-Year,30-Year,False,DGS30,30,2e+09,1981-10-28,1981-11-13,8,1.9583333e+09,2.4579802e+08,0.16951588,ok,2e+09,own,0.16951588,ok,1.1695159,1.1695159,1981-11-02/1981-11-08,True,False,,,,,,,False,False
1981-11-18_912827MP4,1981-11-18,1981-11-10,912827MP4,2-Year,2-Year,False,DGS2,2,4.75e+09,1981-11-10,1981-11-25,22,4.5416667e+09,2.4579802e+08,0.84757938,ok,4.75e+09,own,0.84757938,ok,1.8475794,1.8475794,1981-11-16/1981-11-22,True,False,,,,,,,False,False
1981-11-24_912827MQ2,1981-11-24,1981-11-17,912827MQ2,5-Year 2-Month,5-Year 2-Month,False,DGS5,5,3.25e+09,1981-11-17,1981-12-02,14,3.25e+09,1.5811388e+08,0,ok,3.25e+09,own,0,ok,1,1,1981-11-23/1981-11-29,True,False,,,,,,,False,False
1981-12-16_912827MR0,1981-12-16,1981-12-09,912827MR0,2-Year,2-Year,False,DGS2,2,4.75e+09,1981-12-09,1981-12-23,23,4.625e+09,2.0916501e+08,0.5976143,ok,4.75e+09,own,0.5976143,ok,1.5976143,1.5976143,1981-12-14/1981-12-20,True,False,,,,,,,False,False
1981-12-22_912827MS8,1981-12-22,1981-12-09,912827MS8,4-Year,4-Year,False,DGS5,5,3.25e+09,1981-12-15,1981-12-30,15,3.25e+09,1.5811388e+08,0,ok,3.25e+09,own,0,ok,1,1,1981-12-21/1981-12-27,True,False,,,,,,,False,False
1981-12-30_912810CZ9,1981-12-30,1981-12-21,912810CZ9,20-Year 1-Month,20-Year 1-Month,False,DGS20,20,1.75e+09,1981-12-22,1982-01-07,7,1.625e+09,1.3693064e+08,0.91287093,ok,1.75e+09,own,0.91287093,ok,1.9128709,1.9128709,1981-12-28/1982-01-03,True,False,,,,,,,False,False
1982-01-06_912827MT6,1982-01-06,1981-12-21,912827MT6,7-Year,7-Year,False,DGS7,7,3.25e+09,1981-12-29,1982-01-13,5,,,,none,,,,none,1,1,1982-01-04/1982-01-10,True,False,,,,,,,False,False
1982-01-20_912827MU3,1982-01-20,1982-01-13,912827MU3,2-Year,2-Year,False,DGS2,2,5.25e+09,1982-01-13,1982-01-27,24,4.7083333e+09,1.0206207e+08,3,clipped,5.25e+09,own,3,clipped,2,2,1982-01-18/1982-01-24,True,False,,,,,,,False,False
1982-02-02_912827MV1,1982-02-02,1982-01-27,912827MV1,3-Year,3-Year,False,DGS3,3,5e+09,1982-01-26,1982-02-09,8,3.875e+09,5.1841103e+08,2.1700927,ok,4.5e+09,previous,1.2056071,ok,2,2,1982-02-01/1982-02-07,True,False,,,,,,,False,False
1982-02-03_912827MW9,1982-02-03,1982-01-27,912827MW9,10-Year,10-Year,False,DGS10,10,2.5e+09,1982-01-27,1982-02-10,9,2.2916667e+09,3.3229003e+08,0.62696233,ok,2.5e+09,own,0.62696233,ok,1.6269623,1.6269623,1982-02-01/1982-02-07,True,False,,,,,,,False,False
1982-02-04_912810CY2,1982-02-04,1982-01-27,912810CY2,29-Year 9-Month,30-Year,True,DGS30,30,2.5e+09,1982-01-28,1982-02-11,9,1.9583333e+09,2.4579802e+08,2.2037064,ok,2.5e+09,own,2.2037064,ok,2,2,1982-02-01/1982-02-07,True,False,,,,,,,False,False
1982-02-17_912827MX7,1982-02-17,1982-02-10,912827MX7,2-Year,2-Year,False,DGS2,2,5.25e+09,1982-02-08,1982-02-24,25,4.8333333e+09,2.0412415e+08,2.0412415,ok,5.25e+09,previous,2.0412415,ok,2,2,1982-02-15/1982-02-21,True,False,,,,,,,False,False
1982-02-24_912827MY5,1982-02-24,1982-02-16,912827MY5,5-Year 2-Month,5-Year 2-Month,False,DGS5,5,3.25e+09,1982-02-17,1982-03-03,16,3.2083333e+09,1.0206207e+08,0.40824829,ok,3.25e+09,own,0.40824829,ok,1.4082483,1.4082483,1982-02-22/1982-02-28,True,False,,,,,,,False,False
1982-03-17_912827MZ2,1982-03-17,1982-03-10,912827MZ2,2-Year,2-Year,False,DGS2,2,5.25e+09,1982-03-10,1982-03-24,26,4.9166667e+09,2.5819889e+08,1.2909944,ok,5.25e+09,own,1.2909944,ok,2,2,1982-03-15/1982-03-21,True,False,,,,,,,False,False
1982-03-24_912827NA6,1982-03-24,1982-03-10,912827NA6,4-Year,4-Year,False,DGS5,5,3.75e+09,1982-03-17,1982-03-31,17,3.25e+09,0,3,sd0,3.75e+09,own,3,sd0,2,2,1982-03-22/1982-03-28,True,False,,,,,,,False,False
1982-03-31_912827NB4,1982-03-31,1982-03-23,912827NB4,7-Year,7-Year,False,DGS7,7,3.25e+09,1982-03-24,1982-04-07,6,2.75e+09,4.472136e+08,1.118034,ok,3.25e+09,own,1.118034,ok,2,2,1982-03-29/1982-04-04,True,False,,,,,,,False,False
1982-04-21_912827NC2,1982-04-21,1982-04-14,912827NC2,2-Year,2-Year,False,DGS2,2,5.25e+09,1982-04-14,1982-04-28,27,5e+09,2.7386128e+08,0.91287093,ok,5.25e+09,own,0.91287093,ok,1.9128709,1.9128709,1982-04-19/1982-04-25,True,False,,,,,,,False,False
1982-05-04_912827ND0,1982-05-04,1982-04-28,912827ND0,3-Year,3-Year,False,DGS3,3,5.25e+09,1982-04-27,1982-05-11,9,4.0416667e+09,6.967185e+08,1.7343207,ok,5e+09,previous,1.3754957,ok,2,2,1982-05-03/1982-05-09,True,False,,,,,,,False,False
1982-05-05_912827NE8,1982-05-05,1982-04-28,912827NE8,10-Year,10-Year,False,DGS10,10,4e+09,1982-04-28,1982-05-12,10,2.25e+09,2.7386128e+08,3,clipped,4e+09,own,3,clipped,2,2,1982-05-03/1982-05-09,True,False,,,,,,,False,False
1982-05-19_912827NF5,1982-05-19,1982-05-12,912827NF5,2-Year,2-Year,False,DGS2,2,5.5e+09,1982-05-12,1982-05-26,28,5.0833333e+09,2.5819889e+08,1.6137431,ok,5.5e+09,own,1.6137431,ok,2,2,1982-05-17/1982-05-23,True,False,,,,,,,False,False
1982-05-25_912827NG3,1982-05-25,1982-05-18,912827NG3,5-Year 2-Month,5-Year 2-Month,False,DGS5,5,3.75e+09,1982-05-18,1982-06-02,18,3.3333333e+09,2.0412415e+08,2.0412415,ok,3.75e+09,own,2.0412415,ok,2,2,1982-05-24/1982-05-30,True,False,,,,,,,False,False
1982-06-16_912827NH1,1982-06-16,1982-06-09,912827NH1,2-Year,2-Year,False,DGS2,2,5.5e+09,1982-06-09,1982-06-23,29,5.2083333e+09,2.4579802e+08,1.1866111,ok,5.5e+09,own,1.1866111,ok,2,2,1982-06-14/1982-06-20,True,False,,,,,,,False,False
1982-06-29_912827NJ7,1982-06-29,1982-06-09,912827NJ7,4-Year,4-Year,False,DGS5,5,4e+09,1982-06-22,1982-07-07,19,3.4166667e+09,2.5819889e+08,2.2592403,ok,4e+09,own,2.2592403,ok,2,2,1982-06-28/1982-07-04,True,False,,,,,,,False,False
1982-07-01_912827NK4,1982-07-01,1982-06-22,912827NK4,7-Year,7-Year,False,DGS7,7,4e+09,1982-06-24,1982-07-09,7,2.9583333e+09,2.922613e+08,3,clipped,4e+09,own,3,clipped,2,2,1982-06-28/1982-07-04,True,False,,,,,,,False,False
1982-07-21_912827NL2,1982-07-21,1982-07-14,912827NL2,2-Year,2-Year,False,DGS2,2,6e+09,1982-07-14,1982-07-28,30,5.3333333e+09,1.2909944e+08,3,clipped,6e+09,own,3,clipped,2,2,1982-07-19/1982-07-25,True,False,,,,,,,False,False
1982-08-03_912827NM0,1982-08-03,1982-07-28,912827NM0,3-Year,3-Year,False,DGS3,3,6e+09,1982-07-27,1982-08-10,10,4.2916667e+09,8.2789895e+08,2.0634563,ok,5.25e+09,previous,1.1575487,ok,2,2,1982-08-02/1982-08-08,True,False,,,,,,,False,False
1982-08-04_912827NE8,1982-08-04,1982-07-28,912827NE8,9-Year 9-Month,10-Year,True,DGS10,10,5e+09,1982-07-28,1982-08-11,11,2.5416667e+09,7.6512526e+08,3,clipped,5e+09,own,3,clipped,2,2,1982-08-02/1982-08-08,True,False,,,,,,,False,False
1982-08-25_912827NN8,1982-08-25,1982-08-18,912827NN8,2-Year,2-Year,False,DGS2,2,6.5e+09,1982-08-18,1982-09-01,31,5.4583333e+09,2.922613e+08,3,clipped,6.5e+09,own,3,clipped,2,2,1982-08-23/1982-08-29,True,False,,,,,,,False,False
1982-08-31_912827NP3,1982-08-31,1982-08-24,912827NP3,5-Year 2-Month,5-Year 2-Month,False,DGS5,5,4.75e+09,1982-08-24,1982-09-08,20,3.5416667e+09,3.3229003e+08,3,clipped,4.75e+09,own,3,clipped,2,2,1982-08-30/1982-09-05,True,False,,,,,,,False,False
1982-09-15_912827LC4,1982-09-15,1982-09-08,912827LC4,2-Year,4-Year,True,DGS5,5,6.5e+09,1982-09-08,1982-09-22,21,3.7916667e+09,5.5715049e+08,3,clipped,6.5e+09,own,3,clipped,2,2,1982-09-13/1982-09-19,True,False,,,,,,,False,False
1982-09-21_912827NR9,1982-09-21,1982-09-14,912827NR9,4-Year,4-Year,False,DGS5,5,5e+09,1982-09-14,1982-09-28,22,4.3333333e+09,1.1690452e+09,0.57026595,ok,5e+09,own,0.57026595,ok,1.5702659,1.5702659,1982-09-20/1982-09-26,True,False,,,,,,,False,False
1982-09-22_912827NS7,1982-09-22,1982-09-14,912827NS7,7-Year,7-Year,False,DGS7,7,4e+09,1982-09-15,1982-09-29,8,3.2083333e+09,4.3060036e+08,1.8385184,ok,4e+09,own,1.8385184,ok,2,2,1982-09-20/1982-09-26,True,False,,,,,,,False,False
1982-09-23_912810DA3,1982-09-23,1982-09-14,912810DA3,20-Year 1-Month,20-Year 1-Month,False,DGS20,20,2.75e+09,1982-09-16,1982-09-30,8,1.6666667e+09,1.2909944e+08,3,clipped,2.75e+09,own,3,clipped,2,2,1982-09-20/1982-09-26,True,False,,,,,,,False,False
1982-10-20_912827NT5,1982-10-20,1982-10-13,912827NT5,2-Year,2-Year,False,DGS2,2,6.75e+09,1982-10-13,1982-10-27,32,5.6666667e+09,4.9159604e+08,2.2037064,ok,6.75e+09,own,2.2037064,ok,2,2,1982-10-18/1982-10-24,True,False,,,,,,,False,False
1982-11-03_912827NU2,1982-11-03,1982-10-27,912827NU2,3-Year,3-Year,False,DGS3,3,6e+09,1982-10-26,1982-11-10,11,4.6666667e+09,1.0206207e+09,1.3063945,ok,6e+09,previous,1.3063945,ok,2,2,1982-11-01/1982-11-07,True,False,,,,,,,False,False
1982-11-04_912827NV0,1982-11-04,1982-10-27,912827NV0,10-Year,10-Year,False,DGS10,10,4e+09,1982-10-27,1982-11-12,12,2.9583333e+09,1.2591333e+09,0.82728863,ok,4e+09,own,0.82728863,ok,1.8272886,1.8272886,1982-11-01/1982-11-07,True,False,,,,,,,False,False
1982-11-09_912810DB1,1982-11-09,1982-10-27,912810DB1,30-Year,30-Year,False,DGS30,30,3e+09,1982-11-01,1982-11-17,10,2.125e+09,2.0916501e+08,3,clipped,3e+09,own,3,clipped,2,2,1982-11-08/1982-11-14,True,False,,,,,,,False,False
1982-11-17_912827NW8,1982-11-17,1982-11-10,912827NW8,2-Year,2-Year,False,DGS2,2,6.75e+09,1982-11-09,1982-11-24,33,5.9166667e+09,6.0553007e+08,1.3762047,ok,6.75e+09,previous,1.3762047,ok,2,2,1982-11-15/1982-11-21,True,False,,,,,,,False,False
1982-11-23_912827NX6,1982-11-23,1982-11-16,912827NX6,5-Year 2-Month,5-Year 2-Month,False,DGS5,5,5e+09,1982-11-16,1982-12-01,23,4.625e+09,1.0577098e+09,0.35453959,ok,5e+09,own,0.35453959,ok,1.3545396,1.3545396,1982-11-22/1982-11-28,True,False,,,,,,,False,False
1982-12-15_912827NY4,1982-12-15,1982-12-08,912827NY4,2-Year,2-Year,False,DGS2,2,7e+09,1982-12-08,1982-12-22,34,6.1666667e+09,5.845226e+08,1.4256649,ok,7e+09,own,1.4256649,ok,2,2,1982-12-13/1982-12-19,True,False,,,,,,,False,False
1982-12-16_912827NZ1,1982-12-16,1982-12-08,912827NZ1,4-Year,4-Year,False,DGS5,5,5e+09,1982-12-09,1982-12-23,24,4.8333333e+09,9.7039511e+08,0.17175135,ok,5e+09,own,0.17175135,ok,1.1717513,1.1717513,1982-12-13/1982-12-19,True,False,,,,,,,False,False
1982-12-21_912827PA4,1982-12-21,1982-12-14,912827PA4,7-Year,7-Year,False,DGS7,7,4.5e+09,1982-12-14,1982-12-29,9,3.4166667e+09,4.6547467e+08,2.3273733,ok,4.5e+09,own,2.3273733,ok,2,2,1982-12-20/1982-12-26,True,False,,,,,,,False,False
1982-12-22_912810DC9,1982-12-22,1982-12-14,912810DC9,20-Year 1-Month,20-Year 1-Month,False,DGS20,20,3e+09,1982-12-15,1982-12-30,9,1.875e+09,4.4017042e+08,2.5558283,ok,3e+09,own,2.5558283,ok,2,2,1982-12-20/1982-12-26,True,False,,,,,,,False,False
1983-01-19_912827PB2,1983-01-19,1983-01-12,912827PB2,2-Year,2-Year,False,DGS2,2,7.25e+09,1983-01-12,1983-01-26,35,6.4166667e+09,5.6273143e+08,1.4808722,ok,7.25e+09,own,1.4808722,ok,2,2,1983-01-17/1983-01-23,True,False,,,,,,,False,False
1983-02-01_912827PC0,1983-02-01,1983-01-26,912827PC0,3-Year,3-Year,False,DGS3,3,6.5e+09,1983-01-25,1983-02-08,12,5.1666667e+09,7.3598007e+08,1.8116433,ok,6e+09,previous,1.132277,ok,2,2,1983-01-31/1983-02-06,True,False,,,,,,,False,False
1983-02-02_912827PD8,1983-02-02,1983-01-26,912827PD8,10-Year,10-Year,False,DGS10,10,4.5e+09,1983-01-26,1983-02-09,13,3.3333333e+09,1.1583034e+09,1.0072203,ok,4.5e+09,own,1.0072203,ok,2,2,1983-01-31/1983-02-06,True,False,,,,,,,False,False
1983-02-03_912810DB1,1983-02-03,1983-01-26,912810DB1,29-Year 9-Month,30-Year,True,DGS30,30,3.5e+09,1983-01-27,1983-02-10,11,2.2916667e+09,4.0052049e+08,3,clipped,3.5e+09,own,3,clipped,2,2,1983-01-31/1983-02-06,True,False,,,,,,,False,False
1983-02-16_912827PE6,1983-02-16,1983-02-09,912827PE6,2-Year,2-Year,False,DGS2,2,7.5e+09,1983-02-09,1983-02-24,36,6.7083333e+09,4.3060036e+08,1.8385184,ok,7.5e+09,own,1.8385184,ok,2,2,1983-02-14/1983-02-20,True,False,,,,,,,False,False
1983-02-23_912827PF3,1983-02-23,1983-02-15,912827PF3,5-Year 2-Month,5-Year 2-Month,False,DGS5,5,5.5e+09,1983-02-15,1983-03-02,25,5.0416667e+09,8.1266024e+08,0.56399133,ok,5.5e+09,own,0.56399133,ok,1.5639913,1.5639913,1983-02-21/1983-02-27,True,False,,,,,,,False,False
1983-03-16_912827PG1,1983-03-16,1983-03-09,912827PG1,2-Year,2-Year,False,DGS2,2,7.75e+09,1983-03-09,1983-03-23,37,6.9583333e+09,3.6799004e+08,2.1513264,ok,7.75e+09,own,2.1513264,ok,2,2,1983-03-14/1983-03-20,True,False,,,,,,,False,False
1983-03-22_912827PH9,1983-03-22,1983-03-15,912827PH9,4-Year,4-Year,False,DGS5,5,5.5e+09,1983-03-15,1983-03-29,26,5.2916667e+09,6.406377e+08,0.3251968,ok,5.5e+09,own,0.3251968,ok,1.3251968,1.3251968,1983-03-21/1983-03-27,True,False,,,,,,,False,False
1983-03-23_912827PJ5,1983-03-23,1983-03-15,912827PJ5,7-Year,7-Year,False,DGS7,7,4.75e+09,1983-03-16,1983-03-30,10,3.6666667e+09,5.845226e+08,1.8533643,ok,4.75e+09,own,1.8533643,ok,2,2,1983-03-21/1983-03-27,True,False,,,,,,,False,False
1983-03-24_912810DD7,1983-03-24,1983-03-15,912810DD7,20-Year 1-Month,20-Year 1-Month,False,DGS20,20,3.25e+09,1983-03-17,1983-03-31,10,2.125e+09,5.8630197e+08,1.9188064,ok,3.25e+09,own,1.9188064,ok,2,2,1983-03-21/1983-03-27,True,False,,,,,,,False,False
1983-04-20_912827PK2,1983-04-20,1983-04-13,912827PK2,2-Year,2-Year,False,DGS2,2,7.75e+09,1983-04-13,1983-04-27,38,7.1666667e+09,4.0824829e+08,1.428869,ok,7.75e+09,own,1.428869,ok,2,2,1983-04-18/1983-04-24,True,False,,,,,,,False,False
1983-05-03_912827PL0,1983-05-03,1983-04-27,912827PL0,3-Year,3-Year,False,DGS3,3,6.5e+09,1983-04-26,1983-05-10,13,5.5416667e+09,7.4860982e+08,1.2801506,ok,6.5e+09,previous,1.2801506,ok,2,2,1983-05-02/1983-05-08,True,False,,,,,,,False,False
1983-05-04_912827PM8,1983-05-04,1983-04-27,912827PM8,10-Year,10-Year,False,DGS10,10,4.75e+09,1983-04-27,1983-05-11,14,3.7083333e+09,1.1001894e+09,0.94680669,ok,4.75e+09,own,0.94680669,ok,1.9468067,1.9468067,1983-05-02/1983-05-08,True,False,,,,,,,False,False
1983-05-05_912810DB1,1983-05-05,1983-04-27,912810DB1,29-Year 6-Month,30-Year,True,DGS30,30,3.75e+09,1983-04-28,1983-05-12,12,2.5e+09,6.3245553e+08,1.9764235,ok,3.75e+09,own,1.9764235,ok,2,2,1983-05-02/1983-05-08,True,False,,,,,,,False,False
1983-05-26_912827PN6,1983-05-26,1983-05-18,912827PN6,2-Year,2-Year,False,DGS2,2,7.75e+09,1983-05-19,1983-06-03,39,7.3333333e+09,4.0824829e+08,1.0206207,ok,7.75e+09,own,1.0206207,ok,2,2,1983-05-23/1983-05-29,True,False,,,,,,,False,False
1983-06-01_912827PP1,1983-06-01,1983-05-18,912827PP1,5-Year 2-Month,5-Year 2-Month,False,DGS5,5,5.75e+09,1983-05-24,1983-06-08,27,5.4166667e+09,5.845226e+08,0.57026595,ok,5.75e+09,own,0.57026595,ok,1.5702659,1.5702659,1983-05-30/1983-06-05,True,False,,,,,,,False,False
1983-06-15_912827PQ9,1983-06-15,1983-06-08,912827PQ9,2-Year,2-Year,False,DGS2,2,8e+09,1983-06-08,1983-06-22,40,7.5e+09,3.1622777e+08,1.5811388,ok,8e+09,own,1.5811388,ok,2,2,1983-06-13/1983-06-19,True,False,,,,,,,False,False
1983-06-21_912827PR7,1983-06-21,1983-06-14,912827PR7,4-Year,4-Year,False,DGS5,5,5.75e+09,1983-06-14,1983-06-28,28,5.2916667e+09,3.3229003e+08,1.3793171,ok,5.75e+09,own,1.3793171,ok,2,2,1983-06-20/1983-06-26,True,False,,,,,,,False,False
1983-06-22_912827PS5,1983-06-22,1983-06-14,912827PS5,7-Year,7-Year,False,DGS7,7,5e+09,1983-06-15,1983-06-29,11,3.9583333e+09,6.2081935e+08,1.6778901,ok,5e+09,own,1.6778901,ok,2,2,1983-06-20/1983-06-26,True,False,,,,,,,False,False
1983-06-23_912810DE5,1983-06-23,1983-06-14,912810DE5,20-Year 1-Month,20-Year 1-Month,False,DGS20,20,3.5e+09,1983-06-16,1983-06-30,11,2.375e+09,7.0267347e+08,1.6010282,ok,3.5e+09,own,1.6010282,ok,2,2,1983-06-20/1983-06-26,True,False,,,,,,,False,False
1983-07-20_912827PT3,1983-07-20,1983-07-13,912827PT3,2-Year,2-Year,False,DGS2,2,8e+09,1983-07-13,1983-07-27,41,7.6666667e+09,2.5819889e+08,1.2909944,ok,8e+09,own,1.2909944,ok,2,2,1983-07-18/1983-07-24,True,False,,,,,,,False,False
1983-08-02_912827PU0,1983-08-02,1983-07-27,912827PU0,3-Year,3-Year,False,DGS3,3,6.5e+09,1983-07-26,1983-08-09,14,5.875e+09,6.2749502e+08,0.99602384,ok,6.5e+09,previous,0.99602384,ok,1.9960238,1.9960238,1983-08-01/1983-08-07,True,False,,,,,,,False,False
1983-08-03_912827PV8,1983-08-03,1983-07-27,912827PV8,10-Year,10-Year,False,DGS10,10,5.25e+09,1983-07-27,1983-08-10,15,4.125e+09,8.9092648e+08,1.2627304,ok,5.25e+09,own,1.2627304,ok,2,2,1983-08-01/1983-08-07,True,False,,,,,,,False,False
1983-08-04_912810DF2,1983-08-04,1983-07-27,912810DF2,30-Year,30-Year,False,DGS30,30,4e+09,1983-07-28,1983-08-11,13,2.7916667e+09,7.4860982e+08,1.614103,ok,4e+09,own,1.614103,ok,2,2,1983-08-01/1983-08-07,True,False,,,,,,,False,False
1983-08-24_912827PW6,1983-08-24,1983-08-17,912827PW6,2-Year,2-Year,False,DGS2,2,8e+09,1983-08-17,1983-08-31,42,7.7916667e+09,1.8819316e+08,1.1070186,ok,8e+09,own,1.1070186,ok,2,2,1983-08-22/1983-08-28,True,False,,,,,,,False,False
1983-08-31_912827PX4,1983-08-31,1983-08-23,912827PX4,5-Year 2-Month,5-Year 2-Month,False,DGS5,5,6e+09,1983-08-24,1983-09-08,29,5.4166667e+09,3.4156503e+08,1.7078251,ok,6e+09,own,1.7078251,ok,2,2,1983-08-29/1983-09-04,True,False,,,,,,,False,False
1983-09-14_912827PY2,1983-09-14,1983-09-07,912827PY2,2-Year,2-Year,False,DGS2,2,8e+09,1983-09-07,1983-09-21,43,7.875e+09,1.3693064e+08,0.91287093,ok,8e+09,own,0.91287093,ok,1.9128709,1.9128709,1983-09-12/1983-09-18,True,False,,,,,,,False,False
1983-09-20_912827PZ9,1983-09-20,1983-09-13,912827PZ9,4-Year,4-Year,False,DGS5,5,5.75e+09,1983-09-13,1983-09-27,30,5.5833333e+09,3.4156503e+08,0.48795004,ok,5.75e+09,own,0.48795004,ok,1.48795,1.48795,1983-09-19/1983-09-25,True,False,,,,,,,False,False
1983-09-21_912827QA3,1983-09-21,1983-09-13,912827QA3,7-Year,7-Year,False,DGS7,7,5e+09,1983-09-14,1983-09-28,12,4.25e+09,6.3245553e+08,1.1858541,ok,5e+09,own,1.1858541,ok,2,2,1983-09-19/1983-09-25,True,False,,,,,,,False,False
1983-09-22_912810DG0,1983-09-22,1983-09-13,912810DG0,20-Year 1-Month,20-Year 1-Month,False,DGS20,20,3.5e+09,1983-09-15,1983-09-29,12,2.6666667e+09,7.5277265e+08,1.1070186,ok,3.5e+09,own,1.1070186,ok,2,2,1983-09-19/1983-09-25,True,False,,,,,,,False,False
1983-10-19_912827QB1,1983-10-19,1983-10-12,912827QB1,2-Year,2-Year,False,DGS2,2,8e+09,1983-10-12,1983-10-26,44,7.9166667e+09,1.2909944e+08,0.64549722,ok,8e+09,own,0.64549722,ok,1.6454972,1.6454972,1983-10-17/1983-10-23,True,False,,,,,,,False,False
1983-11-07_912827QC9,1983-11-07,1983-10-26,912827QC9,3-Year,3-Year,False,DGS3,3,6.5e+09,1983-10-31,1983-11-16,15,6.125e+09,4.9371044e+08,0.75955453,ok,6.5e+09,own,0.75955453,ok,1.7595545,1.7595545,1983-11-07/1983-11-13,True,False,,,,,,,False,False
1983-11-09_912827QD7,1983-11-09,1983-10-26,912827QD7,10-Year,10-Year,False,DGS10,10,5.25e+09,1983-11-01,1983-11-17,16,4.5833333e+09,5.1639778e+08,1.2909944,ok,5.25e+09,own,1.2909944,ok,2,2,1983-11-07/1983-11-13,True,False,,,,,,,False,False
1983-11-10_912810DF2,1983-11-10,1983-10-26,912810DF2,29-Year 9-Month,30-Year,True,DGS30,30,4.25e+09,1983-11-02,1983-11-18,14,3.125e+09,7.7055175e+08,1.4599928,ok,4.25e+09,own,1.4599928,ok,2,2,1983-11-07/1983-11-13,True,False,,,,,,,False,False
1983-11-22_912827QE5,1983-11-22,1983-11-18,912827QE5,2-Year,2-Year,False,DGS2,2,8e+09,1983-11-15,1983-11-30,45,7.9583333e+09,1.0206207e+08,0.40824829,ok,8e+09,previous,0.40824829,ok,1.4082483,1.4082483,1983-11-21/1983-11-27,True,False,,,,,,,False,False
1983-11-29_912827QF2,1983-11-29,1983-11-21,912827QF2,5-Year 2-Month,5-Year 2-Month,False,DGS5,5,6e+09,1983-11-21,1983-12-06,31,5.7083333e+09,1.8819316e+08,1.549826,ok,6e+09,own,1.549826,ok,2,2,1983-11-28/1983-12-04,True,False,,,,,,,False,False
1983-12-21_912827QG0,1983-12-21,1983-12-14,912827QG0,2-Year,2-Year,False,DGS2,2,8.25e+09,1983-12-14,1983-12-29,46,8e+09,0,3,sd0,8.25e+09,own,3,sd0,2,2,1983-12-19/1983-12-25,True,False,,,,,,,False,False
1983-12-27_912827QH8,1983-12-27,1983-12-20,912827QH8,4-Year,4-Year,False,DGS5,5,6e+09,1983-12-19,1984-01-04,32,5.7916667e+09,1.8819316e+08,1.1070186,ok,6e+09,previous,1.1070186,ok,2,2,1983-12-26/1984-01-01,True,False,,,,,,,False,False
1983-12-28_912827QJ4,1983-12-28,1983-12-20,912827QJ4,7-Year,7-Year,False,DGS7,7,5.25e+09,1983-12-20,1984-01-05,13,4.5416667e+09,4.5871196e+08,1.5441789,ok,5.25e+09,own,1.5441789,ok,2,2,1983-12-26/1984-01-01,True,False,,,,,,,False,False
1983-12-29_912810DG0,1983-12-29,1983-12-20,912810DG0,19-Year 10-Month,20-Year 1-Month,True,DGS20,20,3.75e+09,1983-12-21,1984-01-06,13,2.9583333e+09,6.598611e+08,1.1997474,ok,3.75e+09,own,1.1997474,ok,2,2,1983-12-26/1984-01-01,True,False,,,,,,,False,False
1984-01-25_912827QK1,1984-01-25,1984-01-18,912827QK1,2-Year,2-Year,False,DGS2,2,8.25e+09,1984-01-18,1984-02-01,47,8.0416667e+09,1.0206207e+08,2.0412415,ok,8.25e+09,own,2.0412415,ok,2,2,1984-01-23/1984-01-29,True,False,,,,,,,False,False
1984-02-07_912827QL9,1984-02-07,1984-02-01,912827QL9,3-Year,3-Year,False,DGS3,3,6.5e+09,1984-01-31,1984-02-15,16,6.3333333e+09,2.5819889e+08,0.64549722,ok,6.5e+09,previous,0.64549722,ok,1.6454972,1.6454972,1984-02-06/1984-02-12,True,False,,,,,,,False,False
1984-02-08_912827QD7,1984-02-08,1984-02-01,912827QD7,9-Year 9-Month,10-Year,True,DGS10,10,5.25e+09,1984-02-01,1984-02-16,17,4.7916667e+09,4.8519755e+08,0.94463241,ok,5.25e+09,own,0.94463241,ok,1.9446324,1.9446324,1984-02-06/1984-02-12,True,False,,,,,,,False,False
1984-02-09_912810DF2,1984-02-09,1984-02-01,912810DF2,29-Year 6-Month,30-Year,True,DGS30,30,4.5e+09,1984-02-02,1984-02-17,15,3.5e+09,6.5192024e+08,1.53393,ok,4.5e+09,own,1.53393,ok,2,2,1984-02-06/1984-02-12,True,False,,,,,,,False,False
1984-02-22_912827QM7,1984-02-22,1984-02-15,912827QM7,2-Year,2-Year,False,DGS2,2,8.25e+09,1984-02-14,1984-02-29,48,8.0833333e+09,1.2909944e+08,1.2909944,ok,8.25e+09,previous,1.2909944,ok,2,2,1984-02-20/1984-02-26,True,False,,,,,,,False,False
1984-02-28_912827QN5,1984-02-28,1984-02-21,912827QN5,5-Year 2-Month,5-Year 2-Month,False,DGS5,5,6e+09,1984-02-21,1984-03-06,33,5.875e+09,1.3693064e+08,0.91287093,ok,6e+09,own,0.91287093,ok,1.9128709,1.9128709,1984-02-27/1984-03-04,True,False,,,,,,,False,False
1984-03-21_912827QP0,1984-03-21,1984-03-14,912827QP0,2-Year,2-Year,False,DGS2,2,8.25e+09,1984-03-14,1984-03-28,49,8.125e+09,1.3693064e+08,0.91287093,ok,8.25e+09,own,0.91287093,ok,1.9128709,1.9128709,1984-03-19/1984-03-25,True,False,,,,,,,False,False
1984-03-27_912827QQ8,1984-03-27,1984-03-20,912827QQ8,4-Year,4-Year,False,DGS5,5,6e+09,1984-03-20,1984-04-03,34,5.9166667e+09,1.2909944e+08,0.64549722,ok,6e+09,own,0.64549722,ok,1.6454972,1.6454972,1984-03-26/1984-04-01,True,False,,,,,,,False,False
1984-03-28_912827QR6,1984-03-28,1984-03-20,912827QR6,7-Year,7-Year,False,DGS7,7,5.25e+09,1984-03-21,1984-04-04,14,4.75e+09,4.472136e+08,1.118034,ok,5.25e+09,own,1.118034,ok,2,2,1984-03-26/1984-04-01,True,False,,,,,,,False,False
1984-03-29_912810DH8,1984-03-29,1984-03-20,912810DH8,20-Year 1-Month,20-Year 1-Month,False,DGS20,20,3.75e+09,1984-03-22,1984-04-05,14,3.2916667e+09,3.6799004e+08,1.2455047,ok,3.75e+09,own,1.2455047,ok,2,2,1984-03-26/1984-04-01,True,False,,,,,,,False,False
1984-04-25_912827QS4,1984-04-25,1984-04-18,912827QS4,2-Year,2-Year,False,DGS2,2,8.25e+09,1984-04-17,1984-05-02,50,8.1666667e+09,1.2909944e+08,0.64549722,ok,8.25e+09,previous,0.64549722,ok,1.6454972,1.6454972,1984-04-23/1984-04-29,True,False,,,,,,,False,False
1984-05-08_912827QT2,1984-05-08,1984-05-02,912827QT2,3-Year,3-Year,False,DGS3,3,6.5e+09,1984-05-01,1984-05-15,17,6.4166667e+09,2.0412415e+08,0.40824829,ok,6.5e+09,previous,0.40824829,ok,1.4082483,1.4082483,1984-05-07/1984-05-13,True,False,,,,,,,False,False
1984-05-09_912827QU9,1984-05-09,1984-05-02,912827QU9,10-Year,10-Year,False,DGS10,10,5.25e+09,1984-05-02,1984-05-16,18,4.8333333e+09,5.1639778e+08,0.80687153,ok,5.25e+09,own,0.80687153,ok,1.8068715,1.8068715,1984-05-07/1984-05-13,True,False,,,,,,,False,False
1984-05-10_912810DJ4,1984-05-10,1984-05-02,912810DJ4,30-Year,30-Year,False,DGS30,30,4.75e+09,1984-05-03,1984-05-17,16,3.8333333e+09,5.4006172e+08,1.6973368,ok,4.75e+09,own,1.6973368,ok,2,2,1984-05-07/1984-05-13,True,False,,,,,,,False,False
1984-05-23_912827QV7,1984-05-23,1984-05-16,912827QV7,2-Year,2-Year,False,DGS2,2,8.25e+09,1984-05-16,1984-05-31,51,8.2083333e+09,1.0206207e+08,0.40824829,ok,8.25e+09,own,0.40824829,ok,1.4082483,1.4082483,1984-05-21/1984-05-27,True,False,,,,,,,False,False
1984-05-31_912827QW5,1984-05-31,1984-05-22,912827QW5,5-Year 2-Month,5-Year 2-Month,False,DGS5,5,6.25e+09,1984-05-23,1984-06-07,35,5.9583333e+09,1.0206207e+08,2.857738,ok,6.25e+09,own,2.857738,ok,2,2,1984-05-28/1984-06-03,True,False,,,,,,,False,False
1984-06-20_912827QX3,1984-06-20,1984-06-13,912827QX3,2-Year,2-Year,False,DGS2,2,8.5e+09,1984-06-13,1984-06-27,52,8.25e+09,0,3,sd0,8.5e+09,own,3,sd0,2,2,1984-06-18/1984-06-24,True,False,,,,,,,False,False
1984-06-26_912827QY1,1984-06-26,1984-06-19,912827QY1,4-Year,4-Year,False,DGS5,5,6e+09,1984-06-19,1984-07-03,36,6e+09,1.5811388e+08,0,ok,6e+09,own,0,ok,1,1,1984-06-25/1984-07-01,True,False,,,,,,,False,False
1984-07-03_912827QZ8,1984-07-03,1984-06-19,912827QZ8,7-Year,7-Year,False,DGS7,7,5.5e+09,1984-06-26,1984-07-11,15,4.9583333e+09,2.922613e+08,1.8533643,ok,5.5e+09,own,1.8533643,ok,2,2,1984-07-02/1984-07-08,True,False,,,,,,,False,False
1984-07-05_912810DK1,1984-07-05,1984-06-19,912810DK1,20-Year 1-Month,20-Year 1-Month,False,DGS20,20,4e+09,1984-06-27,1984-07-12,15,3.4583333e+09,2.922613e+08,1.8533643,ok,4e+09,own,1.8533643,ok,2,2,1984-07-02/1984-07-08,True,False,,,,,,,False,False
1984-07-25_912827RA2,1984-07-25,1984-07-18,912827RA2,2-Year,2-Year,False,DGS2,2,8.5e+09,1984-07-18,1984-08-01,53,8.2916667e+09,1.0206207e+08,2.0412415,ok,8.5e+09,own,2.0412415,ok,2,2,1984-07-23/1984-07-29,True,False,,,,,,,False,False
1984-08-07_912827RB0,1984-08-07,1984-08-01,912827RB0,3-Year,3-Year,False,DGS3,3,6.5e+09,1984-07-31,1984-08-14,18,6.5e+09,0,0,sd0,6.5e+09,previous,0,sd0,1,1,1984-08-06/1984-08-12,True,False,,,,,,,False,False
1984-08-08_912827RC8,1984-08-08,1984-08-01,912827RC8,10-Year,10-Year,False,DGS10,10,5.5e+09,1984-08-01,1984-08-15,19,5.0416667e+09,3.3229003e+08,1.3793171,ok,5.5e+09,own,1.3793171,ok,2,2,1984-08-06/1984-08-12,True,False,,,,,,,False,False
1984-08-09_912810DL9,1984-08-09,1984-08-01,912810DL9,30-Year,30-Year,False,DGS30,30,4.75e+09,1984-08-02,1984-08-16,17,4.125e+09,4.6770717e+08,1.3363062,ok,4.75e+09,own,1.3363062,ok,2,2,1984-08-06/1984-08-12,True,False,,,,,,,False,False
1984-08-22_912827RD6,1984-08-22,1984-08-15,912827RD6,2-Year,2-Year,False,DGS2,2,8.5e+09,1984-08-15,1984-08-29,54,8.3333333e+09,1.2909944e+08,1.2909944,ok,8.5e+09,own,1.2909944,ok,2,2,1984-08-20/1984-08-26,True,False,,,,,,,False,False
1984-08-29_912827RE4,1984-08-29,1984-08-21,912827RE4,5-Year 2-Month,5-Year 2-Month,False,DGS5,5,6.5e+09,1984-08-22,1984-09-06,37,6.0416667e+09,1.0206207e+08,3,clipped,6.5e+09,own,3,clipped,2,2,1984-08-27/1984-09-02,True,False,,,,,,,False,False
1984-09-19_912827RF1,1984-09-19,1984-09-12,912827RF1,2-Year,2-Year,False,DGS2,2,8.5e+09,1984-09-12,1984-09-26,55,8.375e+09,1.3693064e+08,0.91287093,ok,8.5e+09,own,0.91287093,ok,1.9128709,1.9128709,1984-09-17/1984-09-23,True,False,,,,,,,False,False
1984-10-16_912827RG9,1984-10-16,1984-10-04,912827RG9,7-Year,7-Year,False,DGS7,7,5.5e+09,1984-10-09,1984-10-23,16,5.125e+09,2.6220221e+08,1.4301939,ok,5.5e+09,own,1.4301939,ok,2,2,1984-10-15/1984-10-21,True,False,,,,,,,False,False
1984-10-17_912827RK0,1984-10-17,1984-10-10,912827RK0,2-Year,2-Year,False,DGS2,2,8.8e+09,1984-10-10,1984-10-24,56,8.4166667e+09,1.2909944e+08,2.9692872,ok,8.8e+09,own,2.9692872,ok,2,2,1984-10-15/1984-10-21,True,False,,,,,,,False,False
1984-10-23_912810DM7,1984-10-23,1984-10-04,912810DM7,20-Year 1-Month,20-Year 1-Month,False,DGS20,20,4e+09,1984-10-16,1984-10-30,16,3.625e+09,2.6220221e+08,1.4301939,ok,4e+09,own,1.4301939,ok,2,2,1984-10-22/1984-10-28,True,False,,,,,,,False,False
1984-10-24_912827RH7,1984-10-24,1984-10-12,912827RH7,3-Year 11-Month,3-Year 11-Month,False,DGS3,3,6e+09,1984-10-17,1984-10-31,19,6.5e+09,0,-3,sd0,6e+09,own,-3,sd0,0,0,1984-10-22/1984-10-28,True,False,,,,,,,False,False
1984-10-24_912827RJ3,1984-10-24,1984-10-12,912827RJ3,3-Year 11-Month,3-Year 11-Month,False,DGS3,3,1e+09,1984-10-17,1984-10-31,19,6.5e+09,0,-3,sd0,1e+09,own,-3,sd0,0,0,1984-10-22/1984-10-28,True,False,,,,,,,False,False
1984-11-05_912827RL8,1984-11-05,1984-10-31,912827RL8,3-Year,3-Year,False,DGS3,3,6.5e+09,1984-10-29,1984-11-14,21,5.5e+09,2.2135944e+09,0.45175395,ok,1e+09,previous,-2.0328928,ok,0,1.451754,1984-11-05/1984-11-11,True,False,,,,,,,False,False
1984-11-07_912827RM6,1984-11-07,1984-10-31,912827RM6,10-Year,10-Year,False,DGS10,10,5.75e+09,1984-10-30,1984-11-15,20,5.2083333e+09,2.4579802e+08,2.2037064,ok,5.5e+09,previous,1.1866111,ok,2,2,1984-11-05/1984-11-11,True,False,,,,,,,False,False
1984-11-08_912810DN5,1984-11-08,1984-10-31,912810DN5,30-Year,30-Year,False,DGS30,30,5.25e+09,1984-10-31,1984-11-16,18,4.3333333e+09,4.0824829e+08,2.2453656,ok,5.25e+09,own,2.2453656,ok,2,2,1984-11-05/1984-11-11,True,False,,,,,,,False,False
1984-11-21_912827RN4,1984-11-21,1984-11-14,912827RN4,2-Year,2-Year,False,DGS2,2,9e+09,1984-11-14,1984-11-29,57,8.5083333e+09,1.7440375e+08,2.819129,ok,9e+09,own,2.819129,ok,2,2,1984-11-19/1984-11-25,True,False,,,,,,,False,False
1984-11-28_912827RP9,1984-11-28,1984-11-15,912827RP9,5-Year 2-Month,5-Year 2-Month,False,DGS5,5,6.75e+09,1984-11-20,1984-12-05,38,6.125e+09,2.0916501e+08,2.9880715,ok,6.75e+09,own,2.9880715,ok,2,2,1984-11-26/1984-12-02,True,False,,,,,,,False,False
1984-11-28_912827RQ7,1984-11-28,1984-11-15,912827RQ7,5-Year 2-Month,5-Year 2-Month,False,DGS5,5,1e+09,1984-11-20,1984-12-05,38,6.125e+09,2.0916501e+08,-3,clipped,1e+09,own,-3,clipped,0,0,1984-11-26/1984-12-02,True,False,,,,,,,False,False
1984-12-19_912827RR5,1984-12-19,1984-12-12,912827RR5,2-Year,2-Year,False,DGS2,2,9e+09,1984-12-12,1984-12-27,58,8.6333333e+09,2.1602469e+08,1.6973368,ok,9e+09,own,1.6973368,ok,2,2,1984-12-17/1984-12-23,True,False,,,,,,,False,False
1984-12-26_912827RS3,1984-12-26,1984-12-18,912827RS3,4-Year,4-Year,False,DGS5,5,6.2e+09,1984-12-18,1985-01-03,40,5.4166667e+09,2.1832697e+09,0.35878908,ok,6.2e+09,own,0.35878908,ok,1.3587891,1.3587891,1984-12-24/1984-12-30,True,False,,,,,,,False,False
1985-01-02_912827RT1,1985-01-02,1984-12-24,912827RT1,7-Year,7-Year,False,DGS7,7,5.75e+09,1984-12-24,1985-01-09,17,5.25e+09,2.236068e+08,2.236068,ok,5.75e+09,own,2.236068,ok,2,2,1984-12-31/1985-01-06,True,False,,,,,,,False,False
1985-01-03_912810DM7,1985-01-03,1984-12-24,912810DM7,19-Year 10-Month,20-Year 1-Month,True,DGS20,20,4.25e+09,1984-12-26,1985-01-10,17,3.75e+09,2.236068e+08,2.236068,ok,4.25e+09,own,2.236068,ok,2,2,1984-12-31/1985-01-06,True,False,,,,,,,False,False
1985-01-23_912827RU8,1985-01-23,1985-01-16,912827RU8,2-Year,2-Year,False,DGS2,2,9e+09,1985-01-15,1985-01-30,59,8.7166667e+09,2.4832774e+08,1.1409653,ok,9e+09,previous,1.1409653,ok,2,2,1985-01-21/1985-01-27,True,False,,,,,,,False,False
1985-02-05_912827RV6,1985-02-05,1985-01-30,912827RV6,3-Year,3-Year,False,DGS3,3,7.25e+09,1985-01-29,1985-02-13,22,5.5e+09,2.2135944e+09,0.79056942,ok,6.5e+09,previous,0.45175395,ok,1.451754,1.7905694,1985-02-04/1985-02-10,True,False,,,,,,,False,False
1985-02-06_912827RW4,1985-02-06,1985-01-30,912827RW4,10-Year,10-Year,False,DGS10,10,6e+09,1985-01-30,1985-02-14,21,5.375e+09,2.0916501e+08,2.9880715,ok,6e+09,own,2.9880715,ok,2,2,1985-02-04/1985-02-10,True,False,,,,,,,False,False
1985-02-07_912810DP0,1985-02-07,1985-01-30,912810DP0,30-Year,30-Year,False,DGS30,30,5.75e+09,1985-01-31,1985-02-15,19,4.5833333e+09,4.3779752e+08,2.6648545,ok,5.75e+09,own,2.6648545,ok,2,2,1985-02-04/1985-02-10,True,False,,,,,,,False,False
1985-02-20_912827RX2,1985-02-20,1985-02-13,912827RX2,2-Year,2-Year,False,DGS2,2,9e+09,1985-02-11,1985-02-27,60,8.8e+09,2.4494897e+08,0.81649658,ok,9e+09,previous,0.81649658,ok,1.8164966,1.8164966,1985-02-18/1985-02-24,True,False,,,,,,,False,False
1985-02-26_912827RY0,1985-02-26,1985-02-19,912827RY0,5-Year 2-Month,5-Year 2-Month,False,DGS5,5,7e+09,1985-02-19,1985-03-05,41,5.45e+09,2.1954498e+09,0.70600565,ok,7e+09,own,0.70600565,ok,1.7060057,1.7060057,1985-02-25/1985-03-03,True,False,,,,,,,False,False
1985-03-20_912827RZ7,1985-03-20,1985-03-13,912827RZ7,2-Year,2-Year,False,DGS2,2,9e+09,1985-03-13,1985-03-27,61,8.8833333e+09,2.0412415e+08,0.57154761,ok,9e+09,own,0.57154761,ok,1.5715476,1.5715476,1985-03-18/1985-03-24,True,False,,,,,,,False,False
1985-03-26_912827SA1,1985-03-26,1985-03-19,912827SA1,4-Year,4-Year,False,DGS5,5,6.25e+09,1985-03-19,1985-04-02,42,5.575e+09,2.2701872e+09,0.29733231,ok,6.25e+09,own,0.29733231,ok,1.2973323,1.2973323,1985-03-25/1985-03-31,True,False,,,,,,,False,False
1985-03-27_912827SB9,1985-03-27,1985-03-19,912827SB9,7-Year,7-Year,False,DGS7,7,5.75e+09,1985-03-20,1985-04-03,18,5.375e+09,2.6220221e+08,1.4301939,ok,5.75e+09,own,1.4301939,ok,2,2,1985-03-25/1985-03-31,True,False,,,,,,,False,False
1985-03-28_912810DQ8,1985-03-28,1985-03-19,912810DQ8,20-Year 1-Month,20-Year 1-Month,False,DGS20,20,4.25e+09,1985-03-21,1985-04-04,18,3.875e+09,2.6220221e+08,1.4301939,ok,4.25e+09,own,1.4301939,ok,2,2,1985-03-25/1985-03-31,True,False,,,,,,,False,False
1985-04-24_912827SC7,1985-04-24,1985-04-17,912827SC7,2-Year,2-Year,False,DGS2,2,9e+09,1985-04-17,1985-05-01,62,8.9666667e+09,81649658,0.40824829,ok,9e+09,own,0.40824829,ok,1.4082483,1.4082483,1985-04-22/1985-04-28,True,False,,,,,,,False,False
1985-05-07_912827SD5,1985-05-07,1985-04-30,912827SD5,3-Year,3-Year,False,DGS3,3,8e+09,1985-04-30,1985-05-14,23,5.625e+09,2.3008151e+09,1.0322429,ok,8e+09,own,1.0322429,ok,2,2,1985-05-06/1985-05-12,True,False,,,,,,,False,False
1985-05-08_912827SE3,1985-05-08,1985-04-30,912827SE3,10-Year,10-Year,False,DGS10,10,6.5e+09,1985-05-01,1985-05-15,22,5.5e+09,3.1622777e+08,3,clipped,6.5e+09,own,3,clipped,2,2,1985-05-06/1985-05-12,True,False,,,,,,,False,False
1985-05-09_912810DP0,1985-05-09,1985-04-30,912810DP0,29-Year 9-Month,30-Year,True,DGS30,30,6e+09,1985-05-02,1985-05-16,20,4.875e+09,5.4198708e+08,2.0756952,ok,6e+09,own,2.0756952,ok,2,2,1985-05-06/1985-05-12,True,False,,,,,,,False,False
1985-05-22_912827SF0,1985-05-22,1985-05-15,912827SF0,2-Year,2-Year,False,DGS2,2,9e+09,1985-05-15,1985-05-30,63,9e+09,0,0,sd0,9e+09,own,0,sd0,1,1,1985-05-20/1985-05-26,True,False,,,,,,,False,False
1985-05-29_912827SG8,1985-05-29,1985-05-21,912827SG8,5-Year 2-Month,5-Year 2-Month,False,DGS5,5,7e+09,1985-05-21,1985-06-05,43,5.6166667e+09,2.2818121e+09,0.6062433,ok,7e+09,own,0.6062433,ok,1.6062433,1.6062433,1985-05-27/1985-06-02,True,False,,,,,,,False,False
1985-05-29_912827SH6,1985-05-29,1985-05-21,912827SH6,5-Year 2-Month,5-Year 2-Month,False,DGS5,5,1e+09,1985-05-21,1985-06-05,43,5.6166667e+09,2.2818121e+09,-2.0232457,ok,1e+09,own,-2.0232457,ok,0,0,1985-05-27/1985-06-02,True,False,,,,,,,False,False
1985-06-19_912827SJ2,1985-06-19,1985-06-12,912827SJ2,2-Year,2-Year,False,DGS2,2,9.25e+09,1985-06-12,1985-06-26,64,9e+09,0,3,sd0,9.25e+09,own,3,sd0,2,2,1985-06-17/1985-06-23,True,False,,,,,,,False,False
1985-06-25_912827SK9,1985-06-25,1985-06-18,912827SK9,4-Year,4-Year,False,DGS5,5,6.5e+09,1985-06-18,1985-07-02,45,4.7416667e+09,2.9189753e+09,0.60238034,ok,6.5e+09,own,0.60238034,ok,1.6023803,1.6023803,1985-06-24/1985-06-30,True,False,,,,,,,False,False
1985-06-26_912827SL7,1985-06-26,1985-06-18,912827SL7,7-Year,7-Year,False,DGS7,7,6e+09,1985-06-19,1985-07-03,19,5.5e+09,2.236068e+08,2.236068,ok,6e+09,own,2.236068,ok,2,2,1985-06-24/1985-06-30,True,False,,,,,,,False,False
1985-06-27_912810DR6,1985-06-27,1985-06-18,912810DR6,20-Year 1-Month,20-Year 1-Month,False,DGS20,20,4.5e+09,1985-06-20,1985-07-05,19,4e+09,2.236068e+08,2.236068,ok,4.5e+09,own,2.236068,ok,2,2,1985-06-24/1985-06-30,True,False,,,,,,,False,False
1985-07-24_912827SM5,1985-07-24,1985-07-17,912827SM5,2-Year,2-Year,False,DGS2,2,9.25e+09,1985-07-17,1985-07-31,65,9.0416667e+09,1.0206207e+08,2.0412415,ok,9.25e+09,own,2.0412415,ok,2,2,1985-07-22/1985-07-28,True,False,,,,,,,False,False
1985-08-06_912827SN3,1985-08-06,1985-07-31,912827SN3,3-Year,3-Year,False,DGS3,3,8.5e+09,1985-07-30,1985-08-13,24,5.875e+09,2.4887246e+09,1.0547571,ok,8e+09,previous,0.85385101,ok,1.853851,2,1985-08-05/1985-08-11,True,False,,,,,,,False,False
1985-08-07_912827SP8,1985-08-07,1985-07-31,912827SP8,10-Year,10-Year,False,DGS10,10,6.75e+09,1985-07-31,1985-08-14,23,5.7083333e+09,4.8519755e+08,2.1468918,ok,6.75e+09,own,2.1468918,ok,2,2,1985-08-05/1985-08-11,True,False,,,,,,,False,False
1985-08-08_912810DS4,1985-08-08,1985-07-31,912810DS4,30-Year,30-Year,False,DGS30,30,6.5e+09,1985-08-01,1985-08-15,21,5.1666667e+09,6.0553007e+08,2.2019275,ok,6.5e+09,own,2.2019275,ok,2,2,1985-08-05/1985-08-11,True,False,,,,,,,False,False
1985-08-21_912827SQ6,1985-08-21,1985-08-14,912827SQ6,2-Year,2-Year,False,DGS2,2,9.25e+09,1985-08-14,1985-08-28,66,9.0833333e+09,1.2909944e+08,1.2909944,ok,9.25e+09,own,1.2909944,ok,2,2,1985-08-19/1985-08-25,True,False,,,,,,,False,False
1985-08-28_912827SR4,1985-08-28,1985-08-20,912827SR4,5-Year 2-Month,5-Year 2-Month,False,DGS5,5,7.25e+09,1985-08-21,1985-09-05,46,5.6583333e+09,2.3087695e+09,0.68940042,ok,7.25e+09,own,0.68940042,ok,1.6894004,1.6894004,1985-08-26/1985-09-01,True,False,,,,,,,False,False
1985-09-18_912827SS2,1985-09-18,1985-09-11,912827SS2,2-Year,2-Year,False,DGS2,2,9.25e+09,1985-09-11,1985-09-25,67,9.125e+09,1.3693064e+08,0.91287093,ok,9.25e+09,own,0.91287093,ok,1.9128709,1.9128709,1985-09-16/1985-09-22,True,False,,,,,,,False,False
1985-10-23_912827ST0,1985-10-23,1985-10-17,912827ST0,2-Year,2-Year,False,DGS2,2,9.25e+09,1985-10-16,1985-10-30,68,9.1666667e+09,1.2909944e+08,0.64549722,ok,9.25e+09,previous,0.64549722,ok,1.6454972,1.6454972,1985-10-21/1985-10-27,True,False,,,,,,,False,False
1985-10-29_912827SU7,1985-10-29,1985-10-28,912827SU7,3-Year 11-Month,3-Year 11-Month,False,DGS3,3,6.75e+09,1985-10-22,1985-11-05,25,6.2083333e+09,2.7130088e+09,0.19965533,ok,8.5e+09,previous,0.84469563,ok,1.8446956,1.1996553,1985-10-28/1985-11-03,True,False,,,,,,,False,False
1985-10-30_912827SV5,1985-10-30,1985-10-28,912827SV5,6-Year 11-Month,6-Year 11-Month,False,DGS7,7,6.25e+09,1985-10-23,1985-11-06,20,5.625e+09,2.6220221e+08,2.3836565,ok,6e+09,previous,1.4301939,ok,2,2,1985-10-28/1985-11-03,True,False,,,,,,,False,False
1985-10-31_912810DR6,1985-10-31,1985-10-28,912810DR6,19-Year 9-Month,20-Year 1-Month,True,DGS20,20,4.75e+09,1985-10-24,1985-11-07,20,4.125e+09,2.6220221e+08,2.3836565,ok,4.5e+09,previous,1.4301939,ok,2,2,1985-10-28/1985-11-03,True,False,,,,,,,False,False
1985-11-19_912827SX1,1985-11-19,1985-11-14,912827SX1,3-Year,3-Year,False,DGS3,3,8.75e+09,1985-11-12,1985-11-26,26,6.3333333e+09,2.718762e+09,0.88888497,ok,6.75e+09,previous,0.15325603,ok,1.153256,1.888885,1985-11-18/1985-11-24,True,False,,,,,,,False,False
1985-11-20_912827SW3,1985-11-20,1985-11-13,912827SW3,2-Year,2-Year,False,DGS2,2,9.5e+09,1985-11-13,1985-11-27,69,9.2083333e+09,1.0206207e+08,2.857738,ok,9.5e+09,own,2.857738,ok,2,2,1985-11-18/1985-11-24,True,False,,,,,,,False,False
1985-11-21_912827SY9,1985-11-21,1985-11-14,912827SY9,10-Year,10-Year,False,DGS10,10,7e+09,1985-11-14,1985-11-29,24,5.9583333e+09,5.7915168e+08,1.7986077,ok,7e+09,own,1.7986077,ok,2,2,1985-11-18/1985-11-24,True,False,,,,,,,False,False
1985-11-22_912810DT2,1985-11-22,1985-11-14,912810DT2,30-Year,30-Year,False,DGS30,30,6.75e+09,1985-11-15,1985-12-02,22,5.5e+09,7.0710678e+08,1.767767,ok,6.75e+09,own,1.767767,ok,2,2,1985-11-18/1985-11-24,True,False,,,,,,,False,False
1985-11-27_912827SZ6,1985-11-27,1985-11-14,912827SZ6,5-Year 2-Month,5-Year 2-Month,False,DGS5,5,7.5e+09,1985-11-20,1985-12-05,47,5.8333333e+09,2.3961775e+09,0.69555225,ok,7.5e+09,own,0.69555225,ok,1.6955523,1.6955523,1985-11-25/1985-12-01,True,False,,,,,,,False,False
1985-12-17_912827TA0,1985-12-17,1985-12-11,912827TA0,2-Year,2-Year,False,DGS2,2,9.5e+09,1985-12-10,1985-12-24,70,9.2916667e+09,1.0206207e+08,2.0412415,ok,9.5e+09,previous,2.0412415,ok,2,2,1985-12-16/1985-12-22,True,False,,,,,,,False,False
1985-12-18_912827TB8,1985-12-18,1985-12-11,912827TB8,4-Year,4-Year,False,DGS5,5,7e+09,1985-12-11,1985-12-26,48,5.9166667e+09,2.4528895e+09,0.441656,ok,7e+09,own,0.441656,ok,1.441656,1.441656,1985-12-16/1985-12-22,True,False,,,,,,,False,False
1986-01-07_912827TC6,1986-01-07,1985-12-31,912827TC6,7-Year,7-Year,False,DGS7,7,6.5e+09,1985-12-30,1986-01-14,21,5.7916667e+09,2.922613e+08,2.4236303,ok,6.25e+09,previous,1.5682314,ok,2,2,1986-01-06/1986-01-12,True,False,,,,,,,False,False
1986-01-08_912810DU9,1986-01-08,1985-12-31,912810DU9,20-Year 1-Month,20-Year 1-Month,False,DGS20,20,4.75e+09,1985-12-31,1986-01-15,21,4.2916667e+09,2.922613e+08,1.5682314,ok,4.75e+09,own,1.5682314,ok,2,2,1986-01-06/1986-01-12,True,False,,,,,,,False,False
1986-01-22_912827TD4,1986-01-22,1986-01-15,912827TD4,2-Year,2-Year,False,DGS2,2,9.5e+09,1986-01-14,1986-01-29,71,9.3333333e+09,1.2909944e+08,1.2909944,ok,9.5e+09,previous,1.2909944,ok,2,2,1986-01-20/1986-01-26,True,False,,,,,,,False,False
1986-02-04_912827TE2,1986-02-04,1986-01-29,912827TE2,3-Year,3-Year,False,DGS3,3,9e+09,1986-01-28,1986-02-11,27,7.625e+09,9.3206759e+08,1.4752149,ok,8.75e+09,previous,1.206994,ok,2,2,1986-02-03/1986-02-09,True,False,,,,,,,False,False
1986-02-05_912827TF9,1986-02-05,1986-01-29,912827TF9,10-Year,10-Year,False,DGS10,10,7e+09,1986-01-29,1986-02-12,25,6.25e+09,5.9160798e+08,1.2677314,ok,7e+09,own,1.2677314,ok,2,2,1986-02-03/1986-02-09,True,False,,,,,,,False,False
1986-02-05_912827TG7,1986-02-05,1986-01-29,912827TG7,10-Year,10-Year,False,DGS10,10,1e+09,1986-01-29,1986-02-12,25,6.25e+09,5.9160798e+08,-3,clipped,1e+09,own,-3,clipped,0,0,1986-02-03/1986-02-09,True,False,,,,,,,False,False
1986-02-06_912810DV7,1986-02-06,1986-01-29,912810DV7,30-Year,30-Year,False,DGS30,30,7e+09,1986-01-30,1986-02-13,23,5.8333333e+09,7.5277265e+08,1.549826,ok,7e+09,own,1.549826,ok,2,2,1986-02-03/1986-02-09,True,False,,,,,,,False,False
1986-02-19_912827TH5,1986-02-19,1986-02-12,912827TH5,2-Year,2-Year,False,DGS2,2,9.5e+09,1986-02-11,1986-02-26,72,9.375e+09,1.3693064e+08,0.91287093,ok,9.5e+09,previous,0.91287093,ok,1.9128709,1.9128709,1986-02-17/1986-02-23,True,False,,,,,,,False,False
1986-02-26_912827TJ1,1986-02-26,1986-02-18,912827TJ1,5-Year 2-Month,5-Year 2-Month,False,DGS5,5,7.5e+09,1986-02-19,1986-03-05,49,6.0416667e+09,2.4920708e+09,0.58518938,ok,7.5e+09,own,0.58518938,ok,1.5851894,1.5851894,1986-02-24/1986-03-02,True,False,,,,,,,False,False
1986-03-19_912827TK8,1986-03-19,1986-03-12,912827TK8,2-Year,2-Year,False,DGS2,2,9.5e+09,1986-03-12,1986-03-26,73,9.4166667e+09,1.2909944e+08,0.64549722,ok,9.5e+09,own,0.64549722,ok,1.6454972,1.6454972,1986-03-17/1986-03-23,True,False,,,,,,,False,False
1986-03-25_912827TL6,1986-03-25,1986-03-18,912827TL6,4-Year,4-Year,False,DGS5,5,7e+09,1986-03-18,1986-04-02,50,6.125e+09,2.5384543e+09,0.34469796,ok,7e+09,own,0.34469796,ok,1.344698,1.344698,1986-03-24/1986-03-30,True,False,,,,,,,False,False
1986-03-26_912827TM4,1986-03-26,1986-03-18,912827TM4,7-Year,7-Year,False,DGS7,7,6.5e+09,1986-03-19,1986-04-03,22,5.9583333e+09,3.6799004e+08,1.4719601,ok,6.5e+09,own,1.4719601,ok,2,2,1986-03-24/1986-03-30,True,False,,,,,,,False,False
1986-04-23_912827TN2,1986-04-23,1986-04-16,912827TN2,2-Year,2-Year,False,DGS2,2,9.75e+09,1986-04-16,1986-04-30,74,9.4583333e+09,1.0206207e+08,2.857738,ok,9.75e+09,own,2.857738,ok,2,2,1986-04-21/1986-04-27,True,False,,,,,,,False,False
1986-05-06_912827TP7,1986-05-06,1986-04-30,912827TP7,3-Year,3-Year,False,DGS3,3,9e+09,1986-04-29,1986-05-13,28,8.0416667e+09,8.8623736e+08,1.0813506,ok,9e+09,previous,1.0813506,ok,2,2,1986-05-05/1986-05-11,True,False,,,,,,,False,False
1986-05-07_912827TQ5,1986-05-07,1986-04-30,912827TQ5,10-Year,10-Year,False,DGS10,10,9e+09,1986-04-30,1986-05-14,27,5.7083333e+09,2.3367534e+09,1.4086495,ok,9e+09,own,1.4086495,ok,2,2,1986-05-05/1986-05-11,True,False,,,,,,,False,False
1986-05-08_912810DW5,1986-05-08,1986-04-30,912810DW5,30-Year,30-Year,False,DGS30,30,9e+09,1986-05-01,1986-05-15,24,6.2083333e+09,6.598611e+08,3,clipped,9e+09,own,3,clipped,2,2,1986-05-05/1986-05-11,True,False,,,,,,,False,False
1986-05-21_912827TR3,1986-05-21,1986-05-14,912827TR3,2-Year,2-Year,False,DGS2,2,9.75e+09,1986-05-14,1986-05-29,75,9.5416667e+09,1.0206207e+08,2.0412415,ok,9.75e+09,own,2.0412415,ok,2,2,1986-05-19/1986-05-25,True,False,,,,,,,False,False
1986-05-28_912827TS1,1986-05-28,1986-05-20,912827TS1,5-Year 2-Month,5-Year 2-Month,False,DGS5,5,7.75e+09,1986-05-20,1986-06-04,51,7.125e+09,3.7914377e+08,1.6484512,ok,7.75e+09,own,1.6484512,ok,2,2,1986-05-26/1986-06-01,True,False,,,,,,,False,False
1986-06-18_912827TT9,1986-06-18,1986-06-11,912827TT9,2-Year,2-Year,False,DGS2,2,9.75e+09,1986-06-11,1986-06-25,76,9.5833333e+09,1.2909944e+08,1.2909944,ok,9.75e+09,own,1.2909944,ok,2,2,1986-06-16/1986-06-22,True,False,,,,,,,False,False
1986-06-24_912827TU6,1986-06-24,1986-06-17,912827TU6,4-Year,4-Year,False,DGS5,5,7.25e+09,1986-06-17,1986-07-01,52,7.3333333e+09,3.0276504e+08,-0.27524094,ok,7.25e+09,own,-0.27524094,ok,0.72475906,0.72475906,1986-06-23/1986-06-29,True,False,,,,,,,False,False
1986-06-25_912827TV4,1986-06-25,1986-06-17,912827TV4,7-Year,7-Year,False,DGS7,7,6.75e+09,1986-06-18,1986-07-02,23,6.125e+09,3.4460122e+08,1.8136906,ok,6.75e+09,own,1.8136906,ok,2,2,1986-06-23/1986-06-29,True,False,,,,,,,False,False
1986-07-23_912827TW2,1986-07-23,1986-07-16,912827TW2,2-Year,2-Year,False,DGS2,2,1e+10,1986-07-16,1986-07-30,77,9.625e+09,1.3693064e+08,2.7386128,ok,1e+10,own,2.7386128,ok,2,2,1986-07-21/1986-07-27,True,False,,,,,,,False,False
1986-08-05_912827TX0,1986-08-05,1986-07-30,912827TX0,3-Year,3-Year,False,DGS3,3,9.5e+09,1986-07-29,1986-08-12,29,8.3333333e+09,8.6120071e+08,1.3546977,ok,9e+09,previous,0.774113,ok,1.774113,2,1986-08-04/1986-08-10,True,False,,,,,,,False,False
1986-08-06_912827TQ5,1986-08-06,1986-07-30,912827TQ5,9-Year 9-Month,10-Year,True,DGS10,10,9.5e+09,1986-07-30,1986-08-13,28,6.2083333e+09,2.7037782e+09,1.2174322,ok,9.5e+09,own,1.2174322,ok,2,2,1986-08-04/1986-08-10,True,False,,,,,,,False,False
1986-08-07_912810DW5,1986-08-07,1986-07-30,912810DW5,29-Year 9-Month,30-Year,True,DGS30,30,9e+09,1986-07-31,1986-08-14,25,6.8333333e+09,1.1583034e+09,1.870552,ok,9e+09,own,1.870552,ok,2,2,1986-08-04/1986-08-10,True,False,,,,,,,False,False
1986-08-20_912827TY8,1986-08-20,1986-08-13,912827TY8,2-Year,2-Year,False,DGS2,2,1e+10,1986-08-13,1986-08-27,78,9.7083333e+09,1.8819316e+08,1.549826,ok,1e+10,own,1.549826,ok,2,2,1986-08-18/1986-08-24,True,False,,,,,,,False,False
1986-08-27_912827TZ5,1986-08-27,1986-08-19,912827TZ5,5-Year 2-Month,5-Year 2-Month,False,DGS5,5,8e+09,1986-08-20,1986-09-04,53,7.3333333e+09,3.0276504e+08,2.2019275,ok,8e+09,own,2.2019275,ok,2,2,1986-08-25/1986-08-31,True,False,,,,,,,False,False
1986-09-23_912827UA8,1986-09-23,1986-09-16,912827UA8,2-Year,2-Year,False,DGS2,2,1e+10,1986-09-16,1986-09-30,79,9.7916667e+09,1.8819316e+08,1.1070186,ok,1e+10,own,1.1070186,ok,2,2,1986-09-22/1986-09-28,True,False,,,,,,,False,False
1986-09-24_912827UB6,1986-09-24,1986-09-16,912827UB6,4-Year,4-Year,False,DGS5,5,7.5e+09,1986-09-17,1986-10-01,54,7.4166667e+09,4.0824829e+08,0.20412415,ok,7.5e+09,own,0.20412415,ok,1.2041241,1.2041241,1986-09-22/1986-09-28,True,False,,,,,,,False,False
1986-10-22_912827UC4,1986-10-22,1986-10-15,912827UC4,2-Year,2-Year,False,DGS2,2,1.025e+10,1986-10-15,1986-10-29,80,9.875e+09,1.3693064e+08,2.7386128,ok,1.025e+10,own,2.7386128,ok,2,2,1986-10-20/1986-10-26,True,False,,,,,,,False,False
1986-10-28_912827UD2,1986-10-28,1986-10-21,912827UD2,6-Year 11-Month,6-Year 11-Month,False,DGS7,7,7e+09,1986-10-21,1986-11-04,24,6.2916667e+09,3.6799004e+08,1.924871,ok,7e+09,own,1.924871,ok,2,2,1986-10-27/1986-11-02,True,False,,,,,,,False,False
1986-11-04_912827UE0,1986-11-04,1986-10-29,912827UE0,3-Year,3-Year,False,DGS3,3,1e+10,1986-10-28,1986-11-12,30,8.5833333e+09,9.5742711e+08,1.4796601,ok,9.5e+09,previous,0.95742711,ok,1.9574271,2,1986-11-03/1986-11-09,True,False,,,,,,,False,False
1986-11-05_912827UF7,1986-11-05,1986-10-29,912827UF7,10-Year,10-Year,False,DGS10,10,9.75e+09,1986-10-29,1986-11-13,29,6.7083333e+09,3.026618e+09,1.0049721,ok,9.75e+09,own,1.0049721,ok,2,2,1986-11-03/1986-11-09,True,False,,,,,,,False,False
1986-11-06_912810DX3,1986-11-06,1986-10-29,912810DX3,30-Year,30-Year,False,DGS30,30,9.25e+09,1986-10-30,1986-11-14,26,7.375e+09,1.3014415e+09,1.4407102,ok,9.25e+09,own,1.4407102,ok,2,2,1986-11-03/1986-11-09,True,False,,,,,,,False,False
1986-11-19_912827UG5,1986-11-19,1986-11-12,912827UG5,2-Year,2-Year,False,DGS2,2,1.025e+10,1986-11-12,1986-11-26,81,9.9583333e+09,1.8819316e+08,1.549826,ok,1.025e+10,own,1.549826,ok,2,2,1986-11-17/1986-11-23,True,False,,,,,,,False,False
1986-11-25_912827UH3,1986-11-25,1986-11-18,912827UH3,5-Year 2-Month,5-Year 2-Month,False,DGS5,5,8.25e+09,1986-11-18,1986-12-03,55,7.5e+09,3.5355339e+08,2.1213203,ok,8.25e+09,own,2.1213203,ok,2,2,1986-11-24/1986-11-30,True,False,,,,,,,False,False
1986-12-17_912827UJ9,1986-12-17,1986-12-10,912827UJ9,2-Year,2-Year,False,DGS2,2,1.025e+10,1986-12-10,1986-12-24,82,1.0041667e+10,1.8819316e+08,1.1070186,ok,1.025e+10,own,1.1070186,ok,2,2,1986-12-15/1986-12-21,True,False,,,,,,,False,False
1986-12-18_912827UK6,1986-12-18,1986-12-10,912827UK6,4-Year,4-Year,False,DGS5,5,7.75e+09,1986-12-11,1986-12-26,56,7.625e+09,4.6770717e+08,0.26726124,ok,7.75e+09,own,0.26726124,ok,1.2672612,1.2672612,1986-12-15/1986-12-21,True,False,,,,,,,False,False
1986-12-30_912827UL4,1986-12-30,1986-12-16,912827UL4,7-Year,7-Year,False,DGS7,7,7.25e+09,1986-12-22,1987-01-07,25,6.5e+09,3.5355339e+08,2.1213203,ok,7.25e+09,own,2.1213203,ok,2,2,1986-12-29/1987-01-04,True,False,,,,,,,False,False
1987-01-21_912827UM2,1987-01-21,1987-01-14,912827UM2,2-Year,2-Year,False,DGS2,2,1.025e+10,1987-01-13,1987-01-28,83,1.0125e+10,1.3693064e+08,0.91287093,ok,1.025e+10,previous,0.91287093,ok,1.9128709,1.9128709,1987-01-19/1987-01-25,True,False,,,,,,,False,False
1987-02-03_912827UN0,1987-02-03,1987-01-28,912827UN0,3-Year,3-Year,False,DGS3,3,1e+10,1987-01-27,1987-02-10,31,8.8333333e+09,1.114301e+09,1.0469942,ok,1e+10,previous,1.0469942,ok,2,2,1987-02-02/1987-02-08,True,False,,,,,,,False,False
1987-02-04_912827UF7,1987-02-04,1987-01-28,912827UF7,9-Year 9-Month,10-Year,True,DGS10,10,9.75e+09,1987-01-28,1987-02-11,30,7.2083333e+09,3.2726773e+09,0.77663223,ok,9.75e+09,own,0.77663223,ok,1.7766322,1.7766322,1987-02-02/1987-02-08,True,False,,,,,,,False,False
1987-02-05_912810DX3,1987-02-05,1987-01-28,912810DX3,29-Year 9-Month,30-Year,True,DGS30,30,9.25e+09,1987-01-29,1987-02-12,27,7.9166667e+09,1.2909944e+09,1.0327956,ok,9.25e+09,own,1.0327956,ok,2,2,1987-02-02/1987-02-08,True,False,,,,,,,False,False
1987-02-24_912827UP5,1987-02-24,1987-02-18,912827UP5,2-Year,2-Year,False,DGS2,2,1e+10,1987-02-17,1987-03-03,84,1.0166667e+10,1.2909944e+08,-1.2909944,ok,1.025e+10,previous,0.64549722,ok,1.6454972,0,1987-02-23/1987-03-01,True,False,,,,,,,False,False
1987-02-25_912827UQ3,1987-02-25,1987-02-18,912827UQ3,5-Year 2-Month,5-Year 2-Month,False,DGS5,5,8.25e+09,1987-02-18,1987-03-04,57,7.75e+09,3.5355339e+08,1.4142136,ok,8.25e+09,own,1.4142136,ok,2,2,1987-02-23/1987-03-01,True,False,,,,,,,False,False
1987-03-24_912827UR1,1987-03-24,1987-03-18,912827UR1,2-Year,2-Year,False,DGS2,2,1e+10,1987-03-17,1987-03-31,85,1.0166667e+10,1.2909944e+08,-1.2909944,ok,1e+10,previous,-1.2909944,ok,0,0,1987-03-23/1987-03-29,True,False,,,,,,,False,False
1987-03-25_912827US9,1987-03-25,1987-03-18,912827US9,4-Year,4-Year,False,DGS5,5,7.75e+09,1987-03-18,1987-04-01,58,7.8333333e+09,4.0824829e+08,-0.20412415,ok,7.75e+09,own,-0.20412415,ok,0.79587585,0.79587585,1987-03-23/1987-03-29,True,False,,,,,,,False,False
1987-03-26_912827UT7,1987-03-26,1987-03-18,912827UT7,7-Year,7-Year,False,DGS7,7,7.25e+09,1987-03-19,1987-04-02,26,6.7083333e+09,3.6799004e+08,1.4719601,ok,7.25e+09,own,1.4719601,ok,2,2,1987-03-23/1987-03-29,True,False,,,,,,,False,False
1987-04-22_912827UU4,1987-04-22,1987-04-15,912827UU4,2-Year,2-Year,False,DGS2,2,1e+10,1987-04-14,1987-04-29,86,1.0166667e+10,1.2909944e+08,-1.2909944,ok,1e+10,previous,-1.2909944,ok,0,0,1987-04-20/1987-04-26,True,False,,,,,,,False,False
1987-05-05_912827UV2,1987-05-05,1987-04-29,912827UV2,3-Year,3-Year,False,DGS3,3,1e+10,1987-04-28,1987-05-12,32,9.375e+09,5.4198708e+08,1.153164,ok,1e+10,previous,1.153164,ok,2,2,1987-05-04/1987-05-10,True,False,,,,,,,False,False
1987-05-06_912827UW0,1987-05-06,1987-04-29,912827UW0,10-Year,10-Year,False,DGS10,10,9.75e+09,1987-04-29,1987-05-13,31,7.6666667e+09,3.4266115e+09,0.60798643,ok,9.75e+09,own,0.60798643,ok,1.6079864,1.6079864,1987-05-04/1987-05-10,True,False,,,,,,,False,False
1987-05-07_912810DY1,1987-05-07,1987-04-29,912810DY1,30-Year,30-Year,False,DGS30,30,9.25e+09,1987-04-30,1987-05-14,28,8.375e+09,1.1699359e+09,0.74790423,ok,9.25e+09,own,0.74790423,ok,1.7479042,1.7479042,1987-05-04/1987-05-10,True,False,,,,,,,False,False
1987-05-20_912827UX8,1987-05-20,1987-05-13,912827UX8,2-Year,2-Year,False,DGS2,2,9.75e+09,1987-05-13,1987-05-28,87,1.0125e+10,1.3693064e+08,-2.7386128,ok,9.75e+09,own,-2.7386128,ok,0,0,1987-05-18/1987-05-24,True,False,,,,,,,False,False
1987-05-27_912827UY6,1987-05-27,1987-05-19,912827UY6,5-Year 2-Month,5-Year 2-Month,False,DGS5,5,8e+09,1987-05-19,1987-06-03,59,7.9166667e+09,3.0276504e+08,0.27524094,ok,8e+09,own,0.27524094,ok,1.2752409,1.2752409,1987-05-25/1987-05-31,True,False,,,,,,,False,False
1987-06-23_912827UZ3,1987-06-23,1987-06-17,912827UZ3,2-Year,2-Year,False,DGS2,2,9.75e+09,1987-06-16,1987-06-30,88,1.0041667e+10,1.8819316e+08,-1.549826,ok,9.75e+09,previous,-1.549826,ok,0,0,1987-06-22/1987-06-28,True,False,,,,,,,False,False
1987-06-24_912827VA7,1987-06-24,1987-06-17,912827VA7,4-Year,4-Year,False,DGS5,5,7.5e+09,1987-06-17,1987-07-01,60,7.9166667e+09,3.0276504e+08,-1.3762047,ok,7.5e+09,own,-1.3762047,ok,0,0,1987-06-22/1987-06-28,True,False,,,,,,,False,False
1987-06-25_912827VB5,1987-06-25,1987-06-17,912827VB5,7-Year,7-Year,False,DGS7,7,7e+09,1987-06-18,1987-07-02,27,6.875e+09,3.4460122e+08,0.36273813,ok,7e+09,own,0.36273813,ok,1.3627381,1.3627381,1987-06-22/1987-06-28,True,False,,,,,,,False,False
1987-07-30_912827VC3,1987-07-30,1987-07-15,912827VC3,2-Year,2-Year,False,DGS2,2,9.75e+09,1987-07-23,1987-08-06,89,9.9583333e+09,1.8819316e+08,-1.1070186,ok,9.75e+09,own,-1.1070186,ok,0,0,1987-07-27/1987-08-02,True,False,,,,,,,False,False
1987-08-11_912827VD1,1987-08-11,1987-08-10,912827VD1,3-Year,3-Year,False,DGS3,3,9.75e+09,1987-08-04,1987-08-18,33,9.5833333e+09,4.9159604e+08,0.33903175,ok,1e+10,previous,0.84757938,ok,1.8475794,1.3390318,1987-08-10/1987-08-16,True,False,,,,,,,False,False
1987-08-12_912827VE9,1987-08-12,1987-08-10,912827VE9,10-Year,10-Year,False,DGS10,10,9.25e+09,1987-08-05,1987-08-19,32,8.125e+09,3.5026775e+09,0.32118286,ok,9.75e+09,previous,0.4639308,ok,1.4639308,1.3211829,1987-08-10/1987-08-16,True,False,,,,,,,False,False
1987-08-13_912810DZ8,1987-08-13,1987-08-10,912810DZ8,30-Year,30-Year,False,DGS30,30,9e+09,1987-08-06,1987-08-20,29,8.7916667e+09,8.8623736e+08,0.23507622,ok,9.25e+09,previous,0.51716769,ok,1.5171677,1.2350762,1987-08-10/1987-08-16,True,False,,,,,,,False,False
1987-08-26_912827VF6,1987-08-26,1987-08-19,912827VF6,2-Year,2-Year,False,DGS2,2,9.75e+09,1987-08-19,1987-09-02,90,9.875e+09,1.3693064e+08,-0.91287093,ok,9.75e+09,own,-0.91287093,ok,0.087129071,0.087129071,1987-08-24/1987-08-30,True,False,,,,,,,False,False
1987-08-27_912827VG4,1987-08-27,1987-08-19,912827VG4,5-Year 2-Month,5-Year 2-Month,False,DGS5,5,7.75e+09,1987-08-20,1987-09-03,61,7.9166667e+09,3.0276504e+08,-0.55048188,ok,7.75e+09,own,-0.55048188,ok,0.44951812,0.44951812,1987-08-24/1987-08-30,True,False,,,,,,,False,False
1987-09-29_912827VH2,1987-09-29,1987-09-16,912827VH2,2-Year,2-Year,False,DGS2,2,9.25e+09,1987-09-22,1987-10-06,91,9.8333333e+09,1.2909944e+08,-3,clipped,9.25e+09,own,-3,clipped,0,0,1987-09-28/1987-10-04,True,False,,,,,,,False,False
1987-10-06_912827VJ8,1987-10-06,1987-09-16,912827VJ8,4-Year,4-Year,False,DGS5,5,7.25e+09,1987-09-29,1987-10-14,62,7.8333333e+09,2.5819889e+08,-2.2592403,ok,7.25e+09,own,-2.2592403,ok,0,0,1987-10-05/1987-10-11,True,False,,,,,,,False,False
1987-10-07_912827VK5,1987-10-07,1987-09-16,912827VK5,7-Year,7-Year,False,DGS7,7,6.75e+09,1987-09-30,1987-10-15,28,6.9583333e+09,2.922613e+08,-0.71283244,ok,6.75e+09,own,-0.71283244,ok,0.28716756,0.28716756,1987-10-05/1987-10-11,True,False,,,,,,,False,False
1987-10-21_912827VL3,1987-10-21,1987-10-14,912827VL3,2-Year,2-Year,False,DGS2,2,9.25e+09,1987-10-14,1987-10-28,92,9.7083333e+09,2.4579802e+08,-1.8646746,ok,9.25e+09,own,-1.8646746,ok,0,0,1987-10-19/1987-10-25,True,False,,,,,,,False,False
1987-11-03_912827VM1,1987-11-03,1987-10-28,912827VM1,3-Year,3-Year,False,DGS3,3,9.75e+09,1987-10-27,1987-11-10,34,9.7083333e+09,4.0052049e+08,0.1040313,ok,9.75e+09,previous,0.1040313,ok,1.1040313,1.1040313,1987-11-02/1987-11-08,True,False,,,,,,,False,False
1987-11-04_912827VN9,1987-11-04,1987-10-28,912827VN9,10-Year,10-Year,False,DGS10,10,9.25e+09,1987-10-28,1987-11-12,33,9.5e+09,3.1622777e+08,-0.79056942,ok,9.25e+09,own,-0.79056942,ok,0.20943058,0.20943058,1987-11-02/1987-11-08,True,False,,,,,,,False,False
1987-11-05_912810DZ8,1987-11-05,1987-11-02,912810DZ8,29-Year 9-Month,30-Year,True,DGS30,30,4.75e+09,1987-10-29,1987-11-13,30,9.125e+09,1.3693064e+08,-3,clipped,9e+09,previous,-0.91287093,ok,0.087129071,0,1987-11-02/1987-11-08,True,False,,,,,,,False,False
1987-11-18_912827VP4,1987-11-18,1987-11-12,912827VP4,2-Year,2-Year,False,DGS2,2,9.25e+09,1987-11-10,1987-11-25,93,9.5833333e+09,2.5819889e+08,-1.2909944,ok,9.25e+09,previous,-1.2909944,ok,0,0,1987-11-16/1987-11-22,True,False,,,,,,,False,False
1987-11-24_912827VQ2,1987-11-24,1987-11-17,912827VQ2,5-Year 2-Month,5-Year 2-Month,False,DGS5,5,7.5e+09,1987-11-17,1987-12-02,63,7.75e+09,3.5355339e+08,-0.70710678,ok,7.5e+09,own,-0.70710678,ok,0.29289322,0.29289322,1987-11-23/1987-11-29,True,False,,,,,,,False,False
1987-12-22_912827VR0,1987-12-22,1987-12-16,912827VR0,2-Year,2-Year,False,DGS2,2,9.25e+09,1987-12-15,1987-12-30,94,9.5e+09,2.7386128e+08,-0.91287093,ok,9.25e+09,previous,-0.91287093,ok,0.087129071,0.087129071,1987-12-21/1987-12-27,True,False,,,,,,,False,False
1987-12-23_912827VS8,1987-12-23,1987-12-16,912827VS8,4-Year,4-Year,False,DGS5,5,7e+09,1987-12-16,1987-12-31,64,7.625e+09,2.6220221e+08,-2.3836565,ok,7e+09,own,-2.3836565,ok,0,0,1987-12-21/1987-12-27,True,False,,,,,,,False,False
1988-01-06_912827VT6,1988-01-06,1987-12-29,912827VT6,7-Year,7-Year,False,DGS7,7,6.5e+09,1987-12-29,1988-01-13,29,7e+09,2.236068e+08,-2.236068,ok,6.5e+09,own,-2.236068,ok,0,0,1988-01-04/1988-01-10,True,False,,,,,,,False,False
1988-01-27_912827VU3,1988-01-27,1988-01-20,912827VU3,2-Year,2-Year,False,DGS2,2,8.75e+09,1988-01-20,1988-02-03,95,9.4166667e+09,2.5819889e+08,-2.5819889,ok,8.75e+09,own,-2.5819889,ok,0,0,1988-01-25/1988-01-31,True,False,,,,,,,False,False
1988-02-02_912827VV1,1988-02-02,1988-01-27,912827VV1,3-Year,3-Year,False,DGS3,3,9.25e+09,1988-01-26,1988-02-09,35,9.8333333e+09,2.0412415e+08,-2.857738,ok,9.75e+09,previous,-0.40824829,ok,0.59175171,0,1988-02-01/1988-02-07,True,False,,,,,,,False,False
1988-02-03_912827VW9,1988-02-03,1988-01-27,912827VW9,10-Year,10-Year,False,DGS10,10,9e+09,1988-01-27,1988-02-10,34,9.5416667e+09,2.4579802e+08,-2.2037064,ok,9e+09,own,-2.2037064,ok,0,0,1988-02-01/1988-02-07,True,False,,,,,,,False,False
1988-02-04_912810DY1,1988-02-04,1988-01-27,912810DY1,29-Year 3-Month,30-Year,True,DGS30,30,8.75e+09,1988-01-28,1988-02-11,31,8.4166667e+09,1.8004629e+09,0.18513757,ok,8.75e+09,own,0.18513757,ok,1.1851376,1.1851376,1988-02-01/1988-02-07,True,False,,,,,,,False,False
1988-02-24_912827VX7,1988-02-24,1988-02-17,912827VX7,2-Year,2-Year,False,DGS2,2,8.75e+09,1988-02-17,1988-03-02,96,9.25e+09,3.1622777e+08,-1.5811388,ok,8.75e+09,own,-1.5811388,ok,0,0,1988-02-22/1988-02-28,True,False,,,,,,,False,False
1988-02-25_912827VY5,1988-02-25,1988-02-17,912827VY5,5-Year 2-Month,5-Year 2-Month,False,DGS5,5,7.25e+09,1988-02-18,1988-03-03,65,7.5e+09,3.5355339e+08,-0.70710678,ok,7.25e+09,own,-0.70710678,ok,0.29289322,0.29289322,1988-02-22/1988-02-28,True,False,,,,,,,False,False
1988-03-23_912827VZ2,1988-03-23,1988-03-16,912827VZ2,2-Year,2-Year,False,DGS2,2,8.5e+09,1988-03-16,1988-03-30,97,9.0833333e+09,2.5819889e+08,-2.2592403,ok,8.5e+09,own,-2.2592403,ok,0,0,1988-03-21/1988-03-27,True,False,,,,,,,False,False
1988-03-24_912827WA6,1988-03-24,1988-03-16,912827WA6,4-Year,4-Year,False,DGS5,5,6.5e+09,1988-03-17,1988-03-31,66,7.375e+09,2.6220221e+08,-3,clipped,6.5e+09,own,-3,clipped,0,0,1988-03-21/1988-03-27,True,False,,,,,,,False,False
1988-04-12_912827WB4,1988-04-12,1988-04-05,912827WB4,7-Year,7-Year,False,DGS7,7,6.25e+09,1988-04-05,1988-04-19,30,6.9583333e+09,2.922613e+08,-2.4236303,ok,6.25e+09,own,-2.4236303,ok,0,0,1988-04-11/1988-04-17,True,False,,,,,,,False,False
1988-04-27_912827WC2,1988-04-27,1988-04-20,912827WC2,2-Year,2-Year,False,DGS2,2,8.5e+09,1988-04-20,1988-05-04,98,8.9583333e+09,3.3229003e+08,-1.3793171,ok,8.5e+09,own,-1.3793171,ok,0,0,1988-04-25/1988-05-01,True,False,,,,,,,False,False
1988-05-10_912827TJ1,1988-05-10,1988-05-04,912827TJ1,3-Year,5-Year 2-Month,True,DGS5,5,8.75e+09,1988-05-03,1988-05-17,67,7.2083333e+09,4.3060036e+08,3,clipped,6.5e+09,previous,-1.6449901,ok,0,2,1988-05-09/1988-05-15,True,False,,,,,,,False,False
1988-05-11_912827WE8,1988-05-11,1988-05-04,912827WE8,10-Year,10-Year,False,DGS10,10,8.75e+09,1988-05-04,1988-05-18,35,9.4583333e+09,3.3229003e+08,-2.1316719,ok,8.75e+09,own,-2.1316719,ok,0,0,1988-05-09/1988-05-15,True,False,,,,,,,False,False
1988-05-12_912810EA2,1988-05-12,1988-05-04,912810EA2,30-Year,30-Year,False,DGS30,30,8.5e+09,1988-05-05,1988-05-19,32,8.375e+09,1.7871066e+09,0.069945464,ok,8.5e+09,own,0.069945464,ok,1.0699455,1.0699455,1988-05-09/1988-05-15,True,False,,,,,,,False,False
1988-05-25_912827WF5,1988-05-25,1988-05-18,912827WF5,2-Year,2-Year,False,DGS2,2,8.25e+09,1988-05-18,1988-06-02,99,8.8333333e+09,3.4156503e+08,-1.7078251,ok,8.25e+09,own,-1.7078251,ok,0,0,1988-05-23/1988-05-29,True,False,,,,,,,False,False
1988-05-26_912827WG3,1988-05-26,1988-05-18,912827WG3,5-Year 2-Month,5-Year 2-Month,False,DGS5,5,7e+09,1988-05-19,1988-06-03,68,7.375e+09,7.5415516e+08,-0.49724516,ok,7e+09,own,-0.49724516,ok,0.50275484,0.50275484,1988-05-23/1988-05-29,True,False,,,,,,,False,False
1988-06-22_912827WH1,1988-06-22,1988-06-15,912827WH1,2-Year,2-Year,False,DGS2,2,8.5e+09,1988-06-15,1988-06-29,100,8.6666667e+09,3.4156503e+08,-0.48795004,ok,8.5e+09,own,-0.48795004,ok,0.51204996,0.51204996,1988-06-20/1988-06-26,True,False,,,,,,,False,False
1988-06-23_912827WJ7,1988-06-23,1988-06-15,912827WJ7,4-Year,4-Year,False,DGS5,5,6.75e+09,1988-06-16,1988-06-30,69,7.3333333e+09,7.6919872e+08,-0.75836493,ok,6.75e+09,own,-0.75836493,ok,0.24163507,0.24163507,1988-06-20/1988-06-26,True,False,,,,,,,False,False
1988-07-12_912827WK4,1988-07-12,1988-07-05,912827WK4,7-Year,7-Year,False,DGS7,7,6.5e+09,1988-07-05,1988-07-19,31,6.8333333e+09,4.0824829e+08,-0.81649658,ok,6.5e+09,own,-0.81649658,ok,0.18350342,0.18350342,1988-07-11/1988-07-17,True,False,,,,,,,False,False
1988-07-27_912827WL2,1988-07-27,1988-07-20,912827WL2,2-Year,2-Year,False,DGS2,2,8.75e+09,1988-07-20,1988-08-03,101,8.5416667e+09,1.8819316e+08,1.1070186,ok,8.75e+09,own,1.1070186,ok,2,2,1988-07-25/1988-07-31,True,False,,,,,,,False,False
1988-08-09_912827WM0,1988-08-09,1988-08-03,912827WM0,3-Year,3-Year,False,DGS3,3,1.1e+10,1988-08-02,1988-08-16,36,9.7916667e+09,2.922613e+08,3,clipped,9.25e+09,previous,-1.8533643,ok,0,2,1988-08-08/1988-08-14,True,False,,,,,,,False,False
1988-08-10_912827WN8,1988-08-10,1988-08-03,912827WN8,10-Year,10-Year,False,DGS10,10,1.1e+10,1988-08-03,1988-08-17,36,9.2916667e+09,4.0052049e+08,3,clipped,1.1e+10,own,3,clipped,2,2,1988-08-08/1988-08-14,True,False,,,,,,,False,False
1988-08-23_912827WP3,1988-08-23,1988-08-17,912827WP3,2-Year,2-Year,False,DGS2,2,8.75e+09,1988-08-16,1988-08-30,102,8.5416667e+09,1.8819316e+08,1.1070186,ok,8.75e+09,previous,1.1070186,ok,2,2,1988-08-22/1988-08-28,True,False,,,,,,,False,False
1988-08-24_912827WQ1,1988-08-24,1988-08-17,912827WQ1,5-Year 2-Month,5-Year 2-Month,False,DGS5,5,7.25e+09,1988-08-17,1988-08-31,70,7.2083333e+09,7.9713027e+08,0.052270837,ok,7.25e+09,own,0.052270837,ok,1.0522708,1.0522708,1988-08-22/1988-08-28,True,False,,,,,,,False,False
1988-09-27_912827WR9,1988-09-27,1988-09-21,912827WR9,2-Year,2-Year,False,DGS2,2,8.75e+09,1988-09-20,1988-10-04,103,8.5416667e+09,1.8819316e+08,1.1070186,ok,8.75e+09,previous,1.1070186,ok,2,2,1988-09-26/1988-10-02,True,False,,,,,,,False,False
1988-09-28_912827WS7,1988-09-28,1988-09-21,912827WS7,4-Year,4-Year,False,DGS5,5,7e+09,1988-09-21,1988-10-05,71,7.25e+09,7.9056942e+08,-0.31622777,ok,7e+09,own,-0.31622777,ok,0.68377223,0.68377223,1988-09-26/1988-10-02,True,False,,,,,,,False,False
1988-10-12_912827WT5,1988-10-12,1988-10-05,912827WT5,7-Year,7-Year,False,DGS7,7,6.75e+09,1988-10-04,1988-10-19,32,6.7083333e+09,3.6799004e+08,0.1132277,ok,6.5e+09,previous,-0.56613852,ok,0.43386148,1.1132277,1988-10-10/1988-10-16,True,False,,,,,,,False,False
1988-10-26_912827WU2,1988-10-26,1988-10-19,912827WU2,2-Year,2-Year,False,DGS2,2,9e+09,1988-10-19,1988-11-02,104,8.5833333e+09,2.0412415e+08,2.0412415,ok,9e+09,own,2.0412415,ok,2,2,1988-10-24/1988-10-30,True,False,,,,,,,False,False
1988-11-08_912827WV0,1988-11-08,1988-11-02,912827WV0,3-Year,3-Year,False,DGS3,3,9.5e+09,1988-11-01,1988-11-16,37,9.9583333e+09,5.7915168e+08,-0.79138739,ok,1.1e+10,previous,1.7986077,ok,2,0.20861261,1988-11-07/1988-11-13,True,False,,,,,,,False,False
1988-11-09_912827WW8,1988-11-09,1988-11-02,912827WW8,10-Year,10-Year,False,DGS10,10,9.5e+09,1988-11-02,1988-11-17,37,9.5e+09,8.0622577e+08,0,ok,9.5e+09,own,0,ok,1,1,1988-11-07/1988-11-13,True,False,,,,,,,False,False
1988-11-17_912810EB0,1988-11-17,1988-11-14,912810EB0,30-Year,30-Year,False,DGS30,30,9e+09,1988-11-09,1988-11-25,33,8.25e+09,1.7392527e+09,0.43121968,ok,8.5e+09,previous,0.14373989,ok,1.1437399,1.4312197,1988-11-14/1988-11-20,True,False,,,,,,,False,False
1988-11-22_912827WX6,1988-11-22,1988-11-16,912827WX6,2-Year,2-Year,False,DGS2,2,9e+09,1988-11-15,1988-11-30,105,8.6666667e+09,2.5819889e+08,1.2909944,ok,9e+09,previous,1.2909944,ok,2,2,1988-11-21/1988-11-27,True,False,,,,,,,False,False
1988-11-23_912827WY4,1988-11-23,1988-11-16,912827WY4,5-Year 2-Month,5-Year 2-Month,False,DGS5,5,7.5e+09,1988-11-16,1988-12-01,72,7.2083333e+09,7.9713027e+08,0.36589586,ok,7.5e+09,own,0.36589586,ok,1.3658959,1.3658959,1988-11-21/1988-11-27,True,False,,,,,,,False,False
1988-12-28_912827WZ1,1988-12-28,1988-12-21,912827WZ1,2-Year,2-Year,False,DGS2,2,9e+09,1988-12-20,1989-01-05,106,8.7916667e+09,1.8819316e+08,1.1070186,ok,9e+09,previous,1.1070186,ok,2,2,1988-12-26/1989-01-01,True,False,,,,,,,False,False
1988-12-29_912827XA5,1988-12-29,1988-12-21,912827XA5,4-Year,4-Year,False,DGS5,5,7.25e+09,1988-12-21,1989-01-06,73,7.375e+09,7.2024301e+08,-0.17355253,ok,7.25e+09,own,-0.17355253,ok,0.82644747,0.82644747,1988-12-26/1989-01-01,True,False,,,,,,,False,False
1989-01-11_912827XB3,1989-01-11,1989-01-04,912827XB3,7-Year,7-Year,False,DGS7,7,7e+09,1989-01-04,1989-01-19,33,6.625e+09,2.6220221e+08,1.4301939,ok,7e+09,own,1.4301939,ok,2,2,1989-01-09/1989-01-15,True,False,,,,,,,False,False
1989-01-25_912827XC1,1989-01-25,1989-01-18,912827XC1,2-Year,2-Year,False,DGS2,2,9.25e+09,1989-01-18,1989-02-01,107,8.875e+09,1.3693064e+08,2.7386128,ok,9.25e+09,own,2.7386128,ok,2,2,1989-01-23/1989-01-29,True,False,,,,,,,False,False
1989-02-07_912827XD9,1989-02-07,1989-02-01,912827XD9,3-Year,3-Year,False,DGS3,3,9.75e+09,1989-01-31,1989-02-14,38,9.875e+09,6.0724789e+08,-0.20584674,ok,9.5e+09,previous,-0.61754023,ok,0.38245977,0.79415326,1989-02-06/1989-02-12,True,False,,,,,,,False,False
1989-02-08_912827XE7,1989-02-08,1989-02-01,912827XE7,10-Year,10-Year,False,DGS10,10,9.5e+09,1989-02-01,1989-02-15,38,9.4583333e+09,7.9713027e+08,0.052270837,ok,9.5e+09,own,0.052270837,ok,1.0522708,1.0522708,1989-02-06/1989-02-12,True,False,,,,,,,False,False
1989-02-09_912810EC8,1989-02-09,1989-02-01,912810EC8,30-Year,30-Year,False,DGS30,30,9.5e+09,1989-02-02,1989-02-16,34,8.2083333e+09,1.7133058e+09,0.75390318,ok,9.5e+09,own,0.75390318,ok,1.7539032,1.7539032,1989-02-06/1989-02-12,True,False,,,,,,,False,False
1989-02-22_912827XF4,1989-02-22,1989-02-15,912827XF4,2-Year,2-Year,False,DGS2,2,9.25e+09,1989-02-14,1989-03-01,108,8.9583333e+09,1.8819316e+08,1.549826,ok,9.25e+09,previous,1.549826,ok,2,2,1989-02-20/1989-02-26,True,False,,,,,,,False,False
1989-02-23_912827XG2,1989-02-23,1989-02-15,912827XG2,5-Year 2-Month,5-Year 2-Month,False,DGS5,5,7.75e+09,1989-02-15,1989-03-02,74,7.125e+09,2.6220221e+08,2.3836565,ok,7.75e+09,own,2.3836565,ok,2,2,1989-02-20/1989-02-26,True,False,,,,,,,False,False
1989-03-28_912827XH0,1989-03-28,1989-03-22,912827XH0,2-Year,2-Year,False,DGS2,2,9.25e+09,1989-03-20,1989-04-04,109,9.0416667e+09,1.8819316e+08,1.1070186,ok,9.25e+09,previous,1.1070186,ok,2,2,1989-03-27/1989-04-02,True,False,,,,,,,False,False
1989-03-29_912827XJ6,1989-03-29,1989-03-22,912827XJ6,4-Year,4-Year,False,DGS5,5,7.5e+09,1989-03-21,1989-04-05,75,7.25e+09,3.5355339e+08,0.70710678,ok,7.75e+09,previous,1.4142136,ok,2,1.7071068,1989-03-27/1989-04-02,True,False,,,,,,,False,False
1989-04-12_912827XK3,1989-04-12,1989-04-05,912827XK3,7-Year,7-Year,False,DGS7,7,7e+09,1989-04-05,1989-04-19,34,6.625e+09,2.6220221e+08,1.4301939,ok,7e+09,own,1.4301939,ok,2,2,1989-04-10/1989-04-16,True,False,,,,,,,False,False
1989-04-26_912827XL1,1989-04-26,1989-04-19,912827XL1,2-Year,2-Year,False,DGS2,2,9.25e+09,1989-04-19,1989-05-03,110,9.125e+09,1.3693064e+08,0.91287093,ok,9.25e+09,own,0.91287093,ok,1.9128709,1.9128709,1989-04-24/1989-04-30,True,False,,,,,,,False,False
1989-05-09_912827XM9,1989-05-09,1989-05-03,912827XM9,3-Year,3-Year,False,DGS3,3,9.75e+09,1989-05-02,1989-05-16,39,9.8333333e+09,6.0553007e+08,-0.13762047,ok,9.75e+09,previous,-0.13762047,ok,0.86237953,0.86237953,1989-05-08/1989-05-14,True,False,,,,,,,False,False
1989-05-10_912827XN7,1989-05-10,1989-05-03,912827XN7,10-Year,10-Year,False,DGS10,10,9.5e+09,1989-05-03,1989-05-17,39,9.5e+09,7.9056942e+08,0,ok,9.5e+09,own,0,ok,1,1,1989-05-08/1989-05-14,True,False,,,,,,,False,False
1989-05-11_912810EC8,1989-05-11,1989-05-03,912810EC8,29-Year 9-Month,30-Year,True,DGS30,30,9.5e+09,1989-05-04,1989-05-18,35,8.25e+09,1.7464249e+09,0.71574792,ok,9.5e+09,own,0.71574792,ok,1.7157479,1.7157479,1989-05-08/1989-05-14,True,False,,,,,,,False,False
1989-05-24_912827XP2,1989-05-24,1989-05-17,912827XP2,2-Year,2-Year,False,DGS2,2,8.75e+09,1989-05-17,1989-06-01,111,9.1666667e+09,1.2909944e+08,-3,clipped,8.75e+09,own,-3,clipped,0,0,1989-05-22/1989-05-28,True,False,,,,,,,False,False
1989-05-25_912827XQ0,1989-05-25,1989-05-17,912827XQ0,5-Year 2-Month,5-Year 2-Month,False,DGS5,5,7.5e+09,1989-05-18,1989-06-02,76,7.375e+09,2.6220221e+08,0.47673129,ok,7.5e+09,own,0.47673129,ok,1.4767313,1.4767313,1989-05-22/1989-05-28,True,False,,,,,,,False,False
1989-06-27_912827XR8,1989-06-27,1989-06-21,912827XR8,2-Year,2-Year,False,DGS2,2,8.75e+09,1989-06-20,1989-07-05,112,9.125e+09,2.0916501e+08,-1.7928429,ok,8.75e+09,previous,-1.7928429,ok,0,0,1989-06-26/1989-07-02,True,False,,,,,,,False,False
1989-06-28_912827XS6,1989-06-28,1989-06-21,912827XS6,4-Year,4-Year,False,DGS5,5,7.5e+09,1989-06-21,1989-07-06,77,7.4166667e+09,2.5819889e+08,0.32274861,ok,7.5e+09,own,0.32274861,ok,1.3227486,1.3227486,1989-06-26/1989-07-02,True,False,,,,,,,False,False
1989-07-12_912827XT4,1989-07-12,1989-07-05,912827XT4,7-Year,7-Year,False,DGS7,7,7.25e+09,1989-07-05,1989-07-19,35,6.6666667e+09,3.0276504e+08,1.9266866,ok,7.25e+09,own,1.9266866,ok,2,2,1989-07-10/1989-07-16,True,False,,,,,,,False,False
1989-07-26_912827XU1,1989-07-26,1989-07-19,912827XU1,2-Year,2-Year,False,DGS2,2,9e+09,1989-07-19,1989-08-02,113,9.0833333e+09,2.5819889e+08,-0.32274861,ok,9e+09,own,-0.32274861,ok,0.67725139,0.67725139,1989-07-24/1989-07-30,True,False,,,,,,,False,False
1989-08-08_912827XV9,1989-08-08,1989-08-02,912827XV9,3-Year,3-Year,False,DGS3,3,1e+10,1989-08-01,1989-08-15,40,9.8333333e+09,6.0553007e+08,0.27524094,ok,9.75e+09,previous,-0.13762047,ok,0.86237953,1.2752409,1989-08-07/1989-08-13,True,False,,,,,,,False,False
1989-08-09_912827XW7,1989-08-09,1989-08-02,912827XW7,10-Year,10-Year,False,DGS10,10,9.75e+09,1989-08-02,1989-08-16,40,9.5416667e+09,7.8129167e+08,0.26665245,ok,9.75e+09,own,0.26665245,ok,1.2666524,1.2666524,1989-08-07/1989-08-13,True,False,,,,,,,False,False
1989-08-10_912810ED6,1989-08-10,1989-08-02,912810ED6,30-Year,30-Year,False,DGS30,30,9.75e+09,1989-08-03,1989-08-17,36,8.3333333e+09,1.8004629e+09,0.78683469,ok,9.75e+09,own,0.78683469,ok,1.7868347,1.7868347,1989-08-07/1989-08-13,True,False,,,,,,,False,False
1989-08-22_912827XX5,1989-08-22,1989-08-16,912827XX5,2-Year,2-Year,False,DGS2,2,9.5e+09,1989-08-15,1989-08-29,114,9.0416667e+09,2.4579802e+08,1.8646746,ok,9e+09,previous,-0.16951588,ok,0.83048412,2,1989-08-21/1989-08-27,True,False,,,,,,,False,False
1989-08-23_912827XY3,1989-08-23,1989-08-16,912827XY3,5-Year 2-Month,5-Year 2-Month,False,DGS5,5,7.75e+09,1989-08-16,1989-08-30,78,7.5e+09,1.5811388e+08,1.5811388,ok,7.75e+09,own,1.5811388,ok,2,2,1989-08-21/1989-08-27,True,False,,,,,,,False,False
1989-09-26_912827XZ0,1989-09-26,1989-09-20,912827XZ0,2-Year,2-Year,False,DGS2,2,9.75e+09,1989-09-19,1989-10-03,115,9.0833333e+09,3.0276504e+08,2.2019275,ok,9.5e+09,previous,1.3762047,ok,2,2,1989-09-25/1989-10-01,True,False,,,,,,,False,False
1989-09-27_912827YA4,1989-09-27,1989-09-20,912827YA4,4-Year,4-Year,False,DGS5,5,7.75e+09,1989-09-20,1989-10-04,79,7.5416667e+09,1.8819316e+08,1.1070186,ok,7.75e+09,own,1.1070186,ok,2,2,1989-09-25/1989-10-01,True,False,,,,,,,False,False
1989-10-11_912827YB2,1989-10-11,1989-10-04,912827YB2,7-Year,7-Year,False,DGS7,7,7.5e+09,1989-10-03,1989-10-18,36,6.7916667e+09,3.6799004e+08,1.924871,ok,7.25e+09,previous,1.2455047,ok,2,2,1989-10-09/1989-10-15,True,False,,,,,,,False,False
1989-10-24_912827YC0,1989-10-24,1989-10-18,912827YC0,2-Year,2-Year,False,DGS2,2,1e+10,1989-10-17,1989-10-31,116,9.1666667e+09,4.0824829e+08,2.0412415,ok,9.75e+09,previous,1.428869,ok,2,2,1989-10-23/1989-10-29,True,False,,,,,,,False,False
1989-11-09_912827YD8,1989-11-09,1989-11-01,912827YD8,3-Year,3-Year,False,DGS3,3,1e+10,1989-11-02,1989-11-16,41,9.875e+09,6.0724789e+08,0.20584674,ok,1e+10,own,0.20584674,ok,1.2058467,1.2058467,1989-11-06/1989-11-12,True,False,,,,,,,False,False
1989-11-13_912827YE6,1989-11-13,1989-11-01,912827YE6,10-Year,10-Year,False,DGS10,10,1e+10,1989-11-06,1989-11-20,41,9.6666667e+09,7.3598007e+08,0.45291081,ok,1e+10,own,0.45291081,ok,1.4529108,1.4529108,1989-11-13/1989-11-19,True,False,,,,,,,False,False
1989-11-14_912810ED6,1989-11-14,1989-11-01,912810ED6,29-Year 9-Month,30-Year,True,DGS30,30,1e+10,1989-11-07,1989-11-21,37,9.1666667e+09,4.9159604e+08,1.6951588,ok,1e+10,own,1.6951588,ok,2,2,1989-11-13/1989-11-19,True,False,,,,,,,False,False
1989-11-28_912827YF3,1989-11-28,1989-11-22,912827YF3,2-Year,2-Year,False,DGS2,2,1e+10,1989-11-20,1989-12-05,117,9.2916667e+09,5.3424401e+08,1.3258611,ok,1e+10,previous,1.3258611,ok,2,2,1989-11-27/1989-12-03,True,False,,,,,,,False,False
1989-11-29_912827YG1,1989-11-29,1989-11-22,912827YG1,5-Year 2-Month,5-Year 2-Month,False,DGS5,5,8e+09,1989-11-21,1989-12-06,80,7.625e+09,1.3693064e+08,2.7386128,ok,7.75e+09,previous,0.91287093,ok,1.9128709,2,1989-11-27/1989-12-03,True,False,,,,,,,False,False
1989-12-19_912827YH9,1989-12-19,1989-12-13,912827YH9,2-Year,2-Year,False,DGS2,2,1e+10,1989-12-12,1989-12-27,118,9.5e+09,5.2440442e+08,0.95346259,ok,1e+10,previous,0.95346259,ok,1.9534626,1.9534626,1989-12-18/1989-12-24,True,False,,,,,,,False,False
1989-12-20_912827YJ5,1989-12-20,1989-12-13,912827YJ5,4-Year,4-Year,False,DGS5,5,8e+09,1989-12-13,1989-12-28,81,7.6666667e+09,2.0412415e+08,1.6329932,ok,8e+09,own,1.6329932,ok,2,2,1989-12-18/1989-12-24,True,False,,,,,,,False,False
1990-01-10_912827YK2,1990-01-10,1990-01-03,912827YK2,7-Year,7-Year,False,DGS7,7,7.5e+09,1990-01-03,1990-01-18,37,7e+09,3.5355339e+08,1.4142136,ok,7.5e+09,own,1.4142136,ok,2,2,1990-01-08/1990-01-14,True,False,,,,,,,False,False
1990-01-24_912827YL0,1990-01-24,1990-01-17,912827YL0,2-Year,2-Year,False,DGS2,2,1e+10,1990-01-17,1990-01-31,119,9.7083333e+09,4.0052049e+08,0.72821908,ok,1e+10,own,0.72821908,ok,1.7282191,1.7282191,1990-01-22/1990-01-28,True,False,,,,,,,False,False
1990-02-06_912827YM8,1990-02-06,1990-01-31,912827YM8,3-Year,3-Year,False,DGS3,3,1e+10,1990-01-30,1990-02-13,42,1e+10,5.2440442e+08,0,ok,1e+10,previous,0,ok,1,1,1990-02-05/1990-02-11,True,False,,,,,,,False,False
1990-02-07_912827YN6,1990-02-07,1990-01-31,912827YN6,10-Year,10-Year,False,DGS10,10,1e+10,1990-01-31,1990-02-14,42,9.875e+09,5.8630197e+08,0.21320072,ok,1e+10,own,0.21320072,ok,1.2132007,1.2132007,1990-02-05/1990-02-11,True,False,,,,,,,False,False
1990-02-08_912810EE4,1990-02-08,1990-01-31,912810EE4,30-Year,30-Year,False,DGS30,30,1e+10,1990-02-01,1990-02-15,38,9.375e+09,5.4198708e+08,1.153164,ok,1e+10,own,1.153164,ok,2,2,1990-02-05/1990-02-11,True,False,,,,,,,False,False
1990-02-21_912827YP1,1990-02-21,1990-02-14,912827YP1,2-Year,2-Year,False,DGS2,2,1e+10,1990-02-13,1990-02-28,120,9.875e+09,2.0916501e+08,0.5976143,ok,1e+10,previous,0.5976143,ok,1.5976143,1.5976143,1990-02-19/1990-02-25,True,False,,,,,,,False,False
1990-02-22_912827YQ9,1990-02-22,1990-02-14,912827YQ9,5-Year 2-Month,5-Year 2-Month,False,DGS5,5,8e+09,1990-02-14,1990-03-01,82,7.75e+09,2.236068e+08,1.118034,ok,8e+09,own,1.118034,ok,2,2,1990-02-19/1990-02-25,True,False,,,,,,,False,False
1990-03-27_912827YR7,1990-03-27,1990-03-21,912827YR7,2-Year,2-Year,False,DGS2,2,1e+10,1990-03-20,1990-04-03,121,9.9583333e+09,1.0206207e+08,0.40824829,ok,1e+10,previous,0.40824829,ok,1.4082483,1.4082483,1990-03-26/1990-04-01,True,False,,,,,,,False,False
1990-03-28_912827YS5,1990-03-28,1990-03-21,912827YS5,4-Year,4-Year,False,DGS5,5,8e+09,1990-03-21,1990-04-04,83,7.8333333e+09,2.0412415e+08,0.81649658,ok,8e+09,own,0.81649658,ok,1.8164966,1.8164966,1990-03-26/1990-04-01,True,False,,,,,,,False,False
1990-04-11_912827YT3,1990-04-11,1990-04-04,912827YT3,7-Year,7-Year,False,DGS7,7,7.5e+09,1990-04-04,1990-04-19,38,7.1666667e+09,3.0276504e+08,1.1009638,ok,7.5e+09,own,1.1009638,ok,2,2,1990-04-09/1990-04-15,True,False,,,,,,,False,False
1990-04-25_912827YU0,1990-04-25,1990-04-18,912827YU0,2-Year,2-Year,False,DGS2,2,1.05e+10,1990-04-18,1990-05-02,122,1e+10,0,3,sd0,1.05e+10,own,3,sd0,2,2,1990-04-23/1990-04-29,True,False,,,,,,,False,False
1990-05-08_912827YV8,1990-05-08,1990-05-02,912827YV8,3-Year,3-Year,False,DGS3,3,1.05e+10,1990-05-01,1990-05-15,43,9.8333333e+09,2.0412415e+08,3,clipped,1e+10,previous,0.81649658,ok,1.8164966,2,1990-05-07/1990-05-13,True,False,,,,,,,False,False
1990-05-09_912827YW6,1990-05-09,1990-05-02,912827YW6,10-Year,10-Year,False,DGS10,10,1e+10,1990-05-02,1990-05-16,43,9.7083333e+09,2.4579802e+08,1.1866111,ok,1e+10,own,1.1866111,ok,2,2,1990-05-07/1990-05-13,True,False,,,,,,,False,False
1990-05-10_912810EF1,1990-05-10,1990-05-02,912810EF1,30-Year,30-Year,False,DGS30,30,1e+10,1990-05-03,1990-05-17,39,9.625e+09,3.7914377e+08,0.98907071,ok,1e+10,own,0.98907071,ok,1.9890707,1.9890707,1990-05-07/1990-05-13,True,False,,,,,,,False,False
1990-05-23_912827YX4,1990-05-23,1990-05-16,912827YX4,2-Year,2-Year,False,DGS2,2,1.08e+10,1990-05-16,1990-05-31,123,1.0083333e+10,2.0412415e+08,3,clipped,1.08e+10,own,3,clipped,2,2,1990-05-21/1990-05-27,True,False,,,,,,,False,False
1990-05-24_912827YY2,1990-05-24,1990-05-16,912827YY2,5-Year 2-Month,5-Year 2-Month,False,DGS5,5,8.5e+09,1990-05-17,1990-06-01,84,7.9166667e+09,1.2909944e+08,3,clipped,8.5e+09,own,3,clipped,2,2,1990-05-21/1990-05-27,True,False,,,,,,,False,False
1990-06-26_912827YZ9,1990-06-26,1990-06-20,912827YZ9,2-Year,2-Year,False,DGS2,2,1.125e+10,1990-06-19,1990-07-03,124,1.0216667e+10,3.4880749e+08,2.9624746,ok,1.08e+10,previous,1.6723647,ok,2,2,1990-06-25/1990-07-01,True,False,,,,,,,False,False
1990-06-27_912827ZA3,1990-06-27,1990-06-20,912827ZA3,4-Year,4-Year,False,DGS5,5,8.25e+09,1990-06-20,1990-07-05,85,8.0416667e+09,2.4579802e+08,0.84757938,ok,8.25e+09,own,0.84757938,ok,1.8475794,1.8475794,1990-06-25/1990-07-01,True,False,,,,,,,False,False
1990-07-11_912827ZB1,1990-07-11,1990-07-03,912827ZB1,7-Year,7-Year,False,DGS7,7,8e+09,1990-07-03,1990-07-18,39,7.2916667e+09,2.4579802e+08,2.8817699,ok,8e+09,own,2.8817699,ok,2,2,1990-07-09/1990-07-15,True,False,,,,,,,False,False
1990-07-25_912827ZC9,1990-07-25,1990-07-18,912827ZC9,2-Year,2-Year,False,DGS2,2,1.15e+10,1990-07-18,1990-08-01,125,1.0425e+10,5.2321124e+08,2.0546195,ok,1.15e+10,own,2.0546195,ok,2,2,1990-07-23/1990-07-29,True,False,,,,,,,False,False
1990-08-07_912827ZD7,1990-08-07,1990-08-01,912827ZD7,3-Year,3-Year,False,DGS3,3,1.15e+10,1990-07-31,1990-08-14,44,1e+10,2.7386128e+08,3,clipped,1.05e+10,previous,1.8257419,ok,2,2,1990-08-06/1990-08-12,True,False,,,,,,,False,False
1990-08-08_912827ZE5,1990-08-08,1990-08-01,912827ZE5,10-Year,10-Year,False,DGS10,10,1.05e+10,1990-08-01,1990-08-15,44,9.7916667e+09,2.4579802e+08,2.8817699,ok,1.05e+10,own,2.8817699,ok,2,2,1990-08-06/1990-08-12,True,False,,,,,,,False,False
1990-08-09_912810EG9,1990-08-09,1990-08-01,912810EG9,30-Year,30-Year,False,DGS30,30,1.025e+10,1990-08-02,1990-08-16,40,9.7916667e+09,2.4579802e+08,1.8646746,ok,1.025e+10,own,1.8646746,ok,2,2,1990-08-06/1990-08-12,True,False,,,,,,,False,False
1990-08-28_912827ZF2,1990-08-28,1990-08-22,912827ZF2,2-Year,2-Year,False,DGS2,2,1.15e+10,1990-08-21,1990-09-05,126,1.0675e+10,6.2749502e+08,1.3147515,ok,1.15e+10,previous,1.3147515,ok,2,2,1990-08-27/1990-09-02,True,False,,,,,,,False,False
1990-08-29_912827ZG0,1990-08-29,1990-08-22,912827ZG0,5-Year 2-Month,5-Year 2-Month,False,DGS5,5,8.5e+09,1990-08-22,1990-09-06,86,8.125e+09,2.0916501e+08,1.7928429,ok,8.5e+09,own,1.7928429,ok,2,2,1990-08-27/1990-09-02,True,False,,,,,,,False,False
1990-09-25_912827ZH8,1990-09-25,1990-09-19,912827ZH8,2-Year,2-Year,False,DGS2,2,1.15e+10,1990-09-18,1990-10-02,127,1.0925e+10,6.031169e+08,0.95338067,ok,1.15e+10,previous,0.95338067,ok,1.9533807,1.9533807,1990-09-24/1990-09-30,True,False,,,,,,,False,False
1990-09-26_912827ZJ4,1990-09-26,1990-09-19,912827ZJ4,4-Year,4-Year,False,DGS5,5,8.25e+09,1990-09-19,1990-10-03,87,8.2083333e+09,2.4579802e+08,0.16951588,ok,8.25e+09,own,0.16951588,ok,1.1695159,1.1695159,1990-09-24/1990-09-30,True,False,,,,,,,False,False
1990-10-10_912827ZK1,1990-10-10,1990-10-03,912827ZK1,7-Year,7-Year,False,DGS7,7,8.5e+09,1990-10-02,1990-10-17,40,7.4583333e+09,3.3229003e+08,3,clipped,8e+09,previous,1.6301021,ok,2,2,1990-10-08/1990-10-14,True,False,,,,,,,False,False
1990-10-30_912827ZL9,1990-10-30,1990-10-17,912827ZL9,2-Year,2-Year,False,DGS2,2,1.2e+10,1990-10-23,1990-11-06,128,1.1175e+10,4.286607e+08,1.9245991,ok,1.2e+10,own,1.9245991,ok,2,2,1990-10-29/1990-11-04,True,False,,,,,,,False,False
1990-11-06_912827ZM7,1990-11-06,1990-10-31,912827ZM7,3-Year,3-Year,False,DGS3,3,1.25e+10,1990-10-30,1990-11-14,45,1.0291667e+10,6.406377e+08,3,clipped,1.15e+10,previous,1.8861415,ok,2,2,1990-11-05/1990-11-11,True,False,,,,,,,False,False
1990-11-07_912827ZN5,1990-11-07,1990-10-31,912827ZN5,10-Year,10-Year,False,DGS10,10,1.1e+10,1990-10-31,1990-11-15,45,9.9583333e+09,3.3229003e+08,3,clipped,1.1e+10,own,3,clipped,2,2,1990-11-05/1990-11-11,True,False,,,,,,,False,False
1990-11-08_912810EG9,1990-11-08,1990-10-31,912810EG9,29-Year 9-Month,30-Year,True,DGS30,30,1.075e+10,1990-11-01,1990-11-16,41,9.9166667e+09,2.5819889e+08,3,clipped,1.075e+10,own,3,clipped,2,2,1990-11-05/1990-11-11,True,False,,,,,,,False,False
1990-11-27_912827ZP0,1990-11-27,1990-11-21,912827ZP0,2-Year,2-Year,False,DGS2,2,1.225e+10,1990-11-19,1990-12-04,129,1.1425e+10,3.9210968e+08,2.1040032,ok,1.2e+10,previous,1.4664264,ok,2,2,1990-11-26/1990-12-02,True,False,,,,,,,False,False
1990-11-28_912827ZQ8,1990-11-28,1990-11-21,912827ZQ8,5-Year 2-Month,5-Year 2-Month,False,DGS5,5,9e+09,1990-11-20,1990-12-05,88,8.25e+09,2.236068e+08,3,clipped,8.25e+09,previous,0,ok,1,2,1990-11-26/1990-12-02,True,False,,,,,,,False,False
1990-12-26_912827ZR6,1990-12-26,1990-12-19,912827ZR6,2-Year,2-Year,False,DGS2,2,1.25e+10,1990-12-18,1991-01-03,130,1.1666667e+10,3.7638633e+08,2.2140372,ok,1.225e+10,previous,1.549826,ok,2,2,1990-12-24/1990-12-30,True,False,,,,,,,False,False
1990-12-27_912827ZS4,1990-12-27,1990-12-19,912827ZS4,4-Year,4-Year,False,DGS5,5,8.5e+09,1990-12-19,1991-01-04,89,8.4166667e+09,3.4156503e+08,0.24397502,ok,8.5e+09,own,0.24397502,ok,1.243975,1.243975,1990-12-24/1990-12-30,True,False,,,,,,,False,False
1991-01-09_912827ZT2,1991-01-09,1991-01-02,912827ZT2,7-Year,7-Year,False,DGS7,7,8.5e+09,1991-01-02,1991-01-16,41,7.7083333e+09,4.5871196e+08,1.725847,ok,8.5e+09,own,1.725847,ok,2,2,1991-01-07/1991-01-13,True,False,,,,,,,False,False
1991-01-23_912827ZU9,1991-01-23,1991-01-16,912827ZU9,2-Year,2-Year,False,DGS2,2,1.25e+10,1991-01-15,1991-01-30,131,1.1875e+10,4.4017042e+08,1.4199046,ok,1.25e+10,previous,1.4199046,ok,2,2,1991-01-21/1991-01-27,True,False,,,,,,,False,False
1991-01-24_912827ZV7,1991-01-24,1991-01-16,912827ZV7,5-Year,5-Year,False,DGS5,5,9e+09,1991-01-16,1991-01-31,90,8.5e+09,2.7386128e+08,1.8257419,ok,9e+09,own,1.8257419,ok,2,2,1991-01-21/1991-01-27,True,False,,,,,,,False,False
1991-02-05_912827ZW5,1991-02-05,1991-01-30,912827ZW5,3-Year,3-Year,False,DGS3,3,1.25e+10,1991-01-29,1991-02-12,46,1.075e+10,1.0368221e+09,1.6878499,ok,1.25e+10,previous,1.6878499,ok,2,2,1991-02-04/1991-02-10,True,False,,,,,,,False,False
1991-02-06_912827ZX3,1991-02-06,1991-01-30,912827ZX3,10-Year,10-Year,False,DGS10,10,1.1e+10,1991-01-30,1991-02-13,46,1.0208333e+10,4.5871196e+08,1.725847,ok,1.1e+10,own,1.725847,ok,2,2,1991-02-04/1991-02-10,True,False,,,,,,,False,False
1991-02-07_912810EH7,1991-02-07,1991-01-30,912810EH7,30-Year,30-Year,False,DGS30,30,1.1e+10,1991-01-31,1991-02-14,42,1.0125e+10,3.4460122e+08,2.5391669,ok,1.1e+10,own,2.5391669,ok,2,2,1991-02-04/1991-02-10,True,False,,,,,,,False,False
1991-02-20_912827ZY1,1991-02-20,1991-02-13,912827ZY1,2-Year,2-Year,False,DGS2,2,1.2e+10,1991-02-12,1991-02-27,132,1.2041667e+10,4.5871196e+08,-0.090834052,ok,1.25e+10,previous,0.99917458,ok,1.9991746,0.90916595,1991-02-18/1991-02-24,True,False,,,,,,,False,False
1991-02-21_912827ZZ8,1991-02-21,1991-02-13,912827ZZ8,5-Year,5-Year,False,DGS5,5,9e+09,1991-02-13,1991-02-28,91,8.5833333e+09,3.4156503e+08,1.2198751,ok,9e+09,own,1.2198751,ok,2,2,1991-02-18/1991-02-24,True,False,,,,,,,False,False
1991-03-26_912827A28,1991-03-26,1991-03-20,912827A28,2-Year,2-Year,False,DGS2,2,1.15e+10,1991-03-19,1991-04-03,133,1.2125e+10,3.7914377e+08,-1.6484512,ok,1.2e+10,previous,-0.32969024,ok,0.67030976,0,1991-03-25/1991-03-31,True,False,,,,,,,False,False
1991-03-27_912827A36,1991-03-27,1991-03-20,912827A36,5-Year,5-Year,False,DGS5,5,8.5e+09,1991-03-20,1991-04-04,92,8.7083333e+09,3.3229003e+08,-0.62696233,ok,8.5e+09,own,-0.62696233,ok,0.37303767,0.37303767,1991-03-25/1991-03-31,True,False,,,,,,,False,False
1991-04-10_912827A44,1991-04-10,1991-04-03,912827A44,7-Year,7-Year,False,DGS7,7,8.5e+09,1991-04-03,1991-04-17,42,7.9166667e+09,4.9159604e+08,1.1866111,ok,8.5e+09,own,1.1866111,ok,2,2,1991-04-08/1991-04-14,True,False,,,,,,,False,False
1991-04-24_912827A51,1991-04-24,1991-04-17,912827A51,2-Year,2-Year,False,DGS2,2,1.2e+10,1991-04-17,1991-05-01,134,1.2125e+10,3.7914377e+08,-0.32969024,ok,1.2e+10,own,-0.32969024,ok,0.67030976,0.67030976,1991-04-22/1991-04-28,True,False,,,,,,,False,False
1991-04-25_912827A69,1991-04-25,1991-04-17,912827A69,5-Year,5-Year,False,DGS5,5,9e+09,1991-04-18,1991-05-02,93,8.7083333e+09,3.3229003e+08,0.87774726,ok,9e+09,own,0.87774726,ok,1.8777473,1.8777473,1991-04-22/1991-04-28,True,False,,,,,,,False,False
1991-05-07_912827A77,1991-05-07,1991-05-01,912827A77,3-Year,3-Year,False,DGS3,3,1.35e+10,1991-04-30,1991-05-14,47,1.1166667e+10,1.1690452e+09,1.9959308,ok,1.25e+10,previous,1.1405319,ok,2,2,1991-05-06/1991-05-12,True,False,,,,,,,False,False
1991-05-08_912827A85,1991-05-08,1991-05-01,912827A85,10-Year,10-Year,False,DGS10,10,1.175e+10,1991-05-01,1991-05-15,47,1.0416667e+10,4.9159604e+08,2.712254,ok,1.175e+10,own,2.712254,ok,2,2,1991-05-06/1991-05-12,True,False,,,,,,,False,False
1991-05-09_912810EJ3,1991-05-09,1991-05-01,912810EJ3,30-Year,30-Year,False,DGS30,30,1.175e+10,1991-05-02,1991-05-16,43,1.0333333e+10,4.3779752e+08,3,clipped,1.175e+10,own,3,clipped,2,2,1991-05-06/1991-05-12,True,False,,,,,,,False,False
1991-05-22_912827A93,1991-05-22,1991-05-15,912827A93,2-Year,2-Year,False,DGS2,2,1.225e+10,1991-05-15,1991-05-30,135,1.2125e+10,3.7914377e+08,0.32969024,ok,1.225e+10,own,0.32969024,ok,1.3296902,1.3296902,1991-05-20/1991-05-26,True,False,,,,,,,False,False
1991-05-23_912827B27,1991-05-23,1991-05-15,912827B27,5-Year,5-Year,False,DGS5,5,9.25e+09,1991-05-16,1991-05-31,94,8.8333333e+09,2.5819889e+08,1.6137431,ok,9.25e+09,own,1.6137431,ok,2,2,1991-05-20/1991-05-26,True,False,,,,,,,False,False
1991-06-25_912827B35,1991-06-25,1991-06-19,912827B35,2-Year,2-Year,False,DGS2,2,1.25e+10,1991-06-18,1991-07-02,136,1.2125e+10,3.7914377e+08,0.98907071,ok,1.225e+10,previous,0.32969024,ok,1.3296902,1.9890707,1991-06-24/1991-06-30,True,False,,,,,,,False,False
1991-06-26_912827B43,1991-06-26,1991-06-19,912827B43,5-Year,5-Year,False,DGS5,5,9.25e+09,1991-06-19,1991-07-03,95,8.875e+09,3.0618622e+08,1.2247449,ok,9.25e+09,own,1.2247449,ok,2,2,1991-06-24/1991-06-30,True,False,,,,,,,False,False
1991-07-10_912827B50,1991-07-10,1991-07-03,912827B50,7-Year,7-Year,False,DGS7,7,9e+09,1991-07-02,1991-07-17,43,8.0833333e+09,4.9159604e+08,1.8646746,ok,8.5e+09,previous,0.84757938,ok,1.8475794,2,1991-07-08/1991-07-14,True,False,,,,,,,False,False
1991-07-23_912827B68,1991-07-23,1991-07-17,912827B68,2-Year,2-Year,False,DGS2,2,1.25e+10,1991-07-16,1991-07-30,137,1.2125e+10,3.7914377e+08,0.98907071,ok,1.25e+10,previous,0.98907071,ok,1.9890707,1.9890707,1991-07-22/1991-07-28,True,False,,,,,,,False,False
1991-07-24_912827B76,1991-07-24,1991-07-17,912827B76,5-Year,5-Year,False,DGS5,5,9.25e+09,1991-07-17,1991-07-31,96,9e+09,2.7386128e+08,0.91287093,ok,9.25e+09,own,0.91287093,ok,1.9128709,1.9128709,1991-07-22/1991-07-28,True,False,,,,,,,False,False
1991-08-06_912827B84,1991-08-06,1991-07-31,912827B84,3-Year,3-Year,False,DGS3,3,1.4e+10,1991-07-30,1991-08-13,48,1.175e+10,1.3322913e+09,1.6888199,ok,1.35e+10,previous,1.3135266,ok,2,2,1991-08-05/1991-08-11,True,False,,,,,,,False,False
1991-08-07_912827B92,1991-08-07,1991-07-31,912827B92,10-Year,10-Year,False,DGS10,10,1.2e+10,1991-07-31,1991-08-14,48,1.0708333e+10,6.785401e+08,1.9035967,ok,1.2e+10,own,1.9035967,ok,2,2,1991-08-05/1991-08-11,True,False,,,,,,,False,False
1991-08-08_912810EK0,1991-08-08,1991-07-31,912810EK0,30-Year,30-Year,False,DGS30,30,1.2e+10,1991-08-01,1991-08-15,44,1.0625e+10,6.846532e+08,2.008316,ok,1.2e+10,own,2.008316,ok,2,2,1991-08-05/1991-08-11,True,False,,,,,,,False,False
1991-08-27_912827C26,1991-08-27,1991-08-21,912827C26,2-Year,2-Year,False,DGS2,2,1.25e+10,1991-08-20,1991-09-04,138,1.2125e+10,3.7914377e+08,0.98907071,ok,1.25e+10,previous,0.98907071,ok,1.9890707,1.9890707,1991-08-26/1991-09-01,True,False,,,,,,,False,False
1991-08-28_912827C34,1991-08-28,1991-08-21,912827C34,5-Year,5-Year,False,DGS5,5,9.25e+09,1991-08-21,1991-09-05,97,9.0416667e+09,2.922613e+08,0.71283244,ok,9.25e+09,own,0.71283244,ok,1.7128324,1.7128324,1991-08-26/1991-09-01,True,False,,,,,,,False,False
1991-09-24_912827C42,1991-09-24,1991-09-18,912827C42,2-Year,2-Year,False,DGS2,2,1.3e+10,1991-09-17,1991-10-01,139,1.2208333e+10,4.0052049e+08,1.9765946,ok,1.25e+10,previous,0.72821908,ok,1.7282191,2,1991-09-23/1991-09-29,True,False,,,,,,,False,False
1991-09-25_912827C59,1991-09-25,1991-09-18,912827C59,5-Year,5-Year,False,DGS5,5,9.25e+09,1991-09-18,1991-10-02,98,9.0833333e+09,3.0276504e+08,0.55048188,ok,9.25e+09,own,0.55048188,ok,1.5504819,1.5504819,1991-09-23/1991-09-29,True,False,,,,,,,False,False
1991-10-09_912827C67,1991-10-09,1991-10-02,912827C67,7-Year,7-Year,False,DGS7,7,9.25e+09,1991-10-02,1991-10-17,44,8.3333333e+09,5.1639778e+08,1.7751174,ok,9.25e+09,own,1.7751174,ok,2,2,1991-10-07/1991-10-13,True,False,,,,,,,False,False
1991-10-23_912827C75,1991-10-23,1991-10-16,912827C75,2-Year,2-Year,False,DGS2,2,1.35e+10,1991-10-16,1991-10-30,140,1.2458333e+10,3.3229003e+08,3,clipped,1.35e+10,own,3,clipped,2,2,1991-10-21/1991-10-27,True,False,,,,,,,False,False
1991-10-24_912827C83,1991-10-24,1991-10-16,912827C83,5-Year,5-Year,False,DGS5,5,9e+09,1991-10-17,1991-10-31,99,9.2083333e+09,1.0206207e+08,-2.0412415,ok,9e+09,own,-2.0412415,ok,0,0,1991-10-21/1991-10-27,True,False,,,,,,,False,False
1991-11-05_912827C91,1991-11-05,1991-10-30,912827C91,3-Year,3-Year,False,DGS3,3,1.4e+10,1991-10-29,1991-11-13,49,1.2416667e+10,1.2812754e+09,1.2357479,ok,1.4e+10,previous,1.2357479,ok,2,2,1991-11-04/1991-11-10,True,False,,,,,,,False,False
1991-11-06_912827D25,1991-11-06,1991-10-30,912827D25,10-Year,10-Year,False,DGS10,10,1.2e+10,1991-10-30,1991-11-14,49,1.1041667e+10,7.4860982e+08,1.2801506,ok,1.2e+10,own,1.2801506,ok,2,2,1991-11-04/1991-11-10,True,False,,,,,,,False,False
1991-11-07_912810EL8,1991-11-07,1991-10-30,912810EL8,30-Year,30-Year,False,DGS30,30,1.2e+10,1991-10-31,1991-11-15,45,1.0958333e+10,7.9713027e+08,1.3067709,ok,1.2e+10,own,1.3067709,ok,2,2,1991-11-04/1991-11-10,True,False,,,,,,,False,False
1991-11-25_912827D33,1991-11-25,1991-11-20,912827D33,2-Year,2-Year,False,DGS2,2,1.35e+10,1991-11-18,1991-12-03,141,1.2708333e+10,4.5871196e+08,1.725847,ok,1.35e+10,previous,1.725847,ok,2,2,1991-11-25/1991-12-01,True,False,,,,,,,False,False
1991-11-26_912827D41,1991-11-26,1991-11-20,912827D41,5-Year,5-Year,False,DGS5,5,9e+09,1991-11-19,1991-12-04,100,9.2083333e+09,1.0206207e+08,-2.0412415,ok,9e+09,previous,-2.0412415,ok,0,0,1991-11-25/1991-12-01,True,False,,,,,,,False,False
1991-12-18_912827D58,1991-12-18,1991-12-13,912827D58,2-Year,2-Year,False,DGS2,2,1.35e+10,1991-12-11,1991-12-26,142,1.2916667e+10,4.9159604e+08,1.1866111,ok,1.35e+10,previous,1.1866111,ok,2,2,1991-12-16/1991-12-22,True,False,,,,,,,False,False
1991-12-19_912827D66,1991-12-19,1991-12-13,912827D66,5-Year,5-Year,False,DGS5,5,9e+09,1991-12-12,1991-12-27,101,9.1666667e+09,1.2909944e+08,-1.2909944,ok,9e+09,previous,-1.2909944,ok,0,0,1991-12-16/1991-12-22,True,False,,,,,,,False,False
1992-01-08_912827D74,1992-01-08,1991-12-31,912827D74,7-Year,7-Year,False,DGS7,7,9.5e+09,1991-12-31,1992-01-15,45,8.625e+09,4.4017042e+08,1.9878664,ok,9.5e+09,own,1.9878664,ok,2,2,1992-01-06/1992-01-12,True,False,,,,,,,False,False
1992-01-22_912827D82,1992-01-22,1992-01-15,912827D82,2-Year,2-Year,False,DGS2,2,1.375e+10,1992-01-14,1992-01-29,143,1.3083333e+10,4.9159604e+08,1.356127,ok,1.35e+10,previous,0.84757938,ok,1.8475794,2,1992-01-20/1992-01-26,True,False,,,,,,,False,False
1992-01-23_912827D90,1992-01-23,1992-01-15,912827D90,5-Year,5-Year,False,DGS5,5,9.25e+09,1992-01-15,1992-01-30,102,9.125e+09,1.3693064e+08,0.91287093,ok,9.25e+09,own,0.91287093,ok,1.9128709,1.9128709,1992-01-20/1992-01-26,True,False,,,,,,,False,False
1992-02-11_912827E24,1992-02-11,1992-02-05,912827E24,3-Year,3-Year,False,DGS3,3,1.5e+10,1992-02-04,1992-02-19,50,1.3e+10,1e+09,2,ok,1.4e+10,previous,1,ok,2,2,1992-02-10/1992-02-16,True,False,,,,,,,False,False
1992-02-12_912827D25,1992-02-12,1992-02-05,912827D25,9-Year 9-Month,10-Year,True,DGS10,10,1.1e+10,1992-02-05,1992-02-20,50,1.1375e+10,6.2749502e+08,-0.5976143,ok,1.1e+10,own,-0.5976143,ok,0.4023857,0.4023857,1992-02-10/1992-02-16,True,False,,,,,,,False,False
1992-02-13_912810EL8,1992-02-13,1992-02-05,912810EL8,29-Year 9-Month,30-Year,True,DGS30,30,1e+10,1992-02-06,1992-02-21,46,1.1291667e+10,7.3172171e+08,-1.765243,ok,1e+10,own,-1.765243,ok,0,0,1992-02-10/1992-02-16,True,False,,,,,,,False,False
1992-02-25_912827E40,1992-02-25,1992-02-19,912827E40,2-Year,2-Year,False,DGS2,2,1.425e+10,1992-02-18,1992-03-03,144,1.3291667e+10,4.5871196e+08,2.0891832,ok,1.375e+10,previous,0.99917458,ok,1.9991746,2,1992-02-24/1992-03-01,True,False,,,,,,,False,False
1992-02-26_912827E57,1992-02-26,1992-02-19,912827E57,5-Year,5-Year,False,DGS5,5,9.75e+09,1992-02-19,1992-03-04,103,9.125e+09,1.3693064e+08,3,clipped,9.75e+09,own,3,clipped,2,2,1992-02-24/1992-03-01,True,False,,,,,,,False,False
1992-03-24_912827E65,1992-03-24,1992-03-18,912827E65,2-Year,2-Year,False,DGS2,2,1.475e+10,1992-03-17,1992-03-31,145,1.3583333e+10,4.0824829e+08,2.857738,ok,1.425e+10,previous,1.6329932,ok,2,2,1992-03-23/1992-03-29,True,False,,,,,,,False,False
1992-03-25_912827E73,1992-03-25,1992-03-18,912827E73,5-Year,5-Year,False,DGS5,5,1.025e+10,1992-03-18,1992-04-01,104,9.2083333e+09,2.922613e+08,3,clipped,1.025e+10,own,3,clipped,2,2,1992-03-23/1992-03-29,True,False,,,,,,,False,False
1992-04-08_912827E81,1992-04-08,1992-04-01,912827E81,7-Year,7-Year,False,DGS7,7,9.75e+09,1992-04-01,1992-04-15,46,8.875e+09,4.4017042e+08,1.9878664,ok,9.75e+09,own,1.9878664,ok,2,2,1992-04-06/1992-04-12,True,False,,,,,,,False,False
1992-04-22_912827E99,1992-04-22,1992-04-15,912827E99,2-Year,2-Year,False,DGS2,2,1.475e+10,1992-04-14,1992-04-29,146,1.3875e+10,5.1841103e+08,1.6878499,ok,1.475e+10,previous,1.6878499,ok,2,2,1992-04-20/1992-04-26,True,False,,,,,,,False,False
1992-04-23_912827F23,1992-04-23,1992-04-15,912827F23,5-Year,5-Year,False,DGS5,5,1.025e+10,1992-04-15,1992-04-30,105,9.375e+09,5.1841103e+08,1.6878499,ok,1.025e+10,own,1.6878499,ok,2,2,1992-04-20/1992-04-26,True,False,,,,,,,False,False
1992-05-05_912827F31,1992-05-05,1992-04-29,912827F31,3-Year,3-Year,False,DGS3,3,1.5e+10,1992-04-28,1992-05-12,51,1.3583333e+10,9.7039511e+08,1.4598864,ok,1.5e+10,previous,1.4598864,ok,2,2,1992-05-04/1992-05-10,True,False,,,,,,,False,False
1992-05-06_912827F49,1992-05-06,1992-04-29,912827F49,10-Year,10-Year,False,DGS10,10,1.1e+10,1992-04-29,1992-05-13,51,1.1458333e+10,5.1031036e+08,-0.89814624,ok,1.1e+10,own,-0.89814624,ok,0.10185376,0.10185376,1992-05-04/1992-05-10,True,False,,,,,,,False,False
1992-05-07_912810EL8,1992-05-07,1992-04-29,912810EL8,29-Year 6-Month,30-Year,True,DGS30,30,1e+10,1992-04-30,1992-05-14,47,1.125e+10,8.0622577e+08,-1.5504342,ok,1e+10,own,-1.5504342,ok,0,0,1992-05-04/1992-05-10,True,False,,,,,,,False,False
1992-05-20_912827F56,1992-05-20,1992-05-13,912827F56,2-Year,2-Year,False,DGS2,2,1.475e+10,1992-05-13,1992-05-28,147,1.4083333e+10,5.845226e+08,1.1405319,ok,1.475e+10,own,1.1405319,ok,2,2,1992-05-18/1992-05-24,True,False,,,,,,,False,False
1992-05-21_912827F64,1992-05-21,1992-05-13,912827F64,5-Year,5-Year,False,DGS5,5,1.025e+10,1992-05-14,1992-05-29,106,9.5833333e+09,5.845226e+08,1.1405319,ok,1.025e+10,own,1.1405319,ok,2,2,1992-05-18/1992-05-24,True,False,,,,,,,False,False
1992-06-23_912827F72,1992-06-23,1992-06-17,912827F72,2-Year,2-Year,False,DGS2,2,1.5e+10,1992-06-16,1992-06-30,148,1.4291667e+10,5.5715049e+08,1.2713501,ok,1.475e+10,previous,0.8226383,ok,1.8226383,2,1992-06-22/1992-06-28,True,False,,,,,,,False,False
1992-06-24_912827F80,1992-06-24,1992-06-17,912827F80,5-Year,5-Year,False,DGS5,5,1.05e+10,1992-06-17,1992-07-01,107,9.7916667e+09,5.5715049e+08,1.2713501,ok,1.05e+10,own,1.2713501,ok,2,2,1992-06-22/1992-06-28,True,False,,,,,,,False,False
1992-07-08_912827F98,1992-07-08,1992-07-01,912827F98,7-Year,7-Year,False,DGS7,7,9.75e+09,1992-06-30,1992-07-15,47,9.0833333e+09,5.1639778e+08,1.2909944,ok,9.75e+09,previous,1.2909944,ok,2,2,1992-07-06/1992-07-12,True,False,,,,,,,False,False
1992-07-28_912827G22,1992-07-28,1992-07-22,912827G22,2-Year,2-Year,False,DGS2,2,1.5e+10,1992-07-21,1992-08-04,149,1.4541667e+10,4.5871196e+08,0.99917458,ok,1.5e+10,previous,0.99917458,ok,1.9991746,1.9991746,1992-07-27/1992-08-02,True,False,,,,,,,False,False
1992-07-29_912827G30,1992-07-29,1992-07-22,912827G30,5-Year,5-Year,False,DGS5,5,1.05e+10,1992-07-22,1992-08-05,108,1.0041667e+10,4.5871196e+08,0.99917458,ok,1.05e+10,own,0.99917458,ok,1.9991746,1.9991746,1992-07-27/1992-08-02,True,False,,,,,,,False,False
1992-08-11_912827G48,1992-08-11,1992-08-05,912827G48,3-Year,3-Year,False,DGS3,3,1.5e+10,1992-08-04,1992-08-18,52,1.4e+10,9.486833e+08,1.0540926,ok,1.5e+10,previous,1.0540926,ok,2,2,1992-08-10/1992-08-16,True,False,,,,,,,False,False
1992-08-12_912827G55,1992-08-12,1992-08-05,912827G55,10-Year,10-Year,False,DGS10,10,1.1e+10,1992-08-05,1992-08-19,52,1.1458333e+10,5.1031036e+08,-0.89814624,ok,1.1e+10,own,-0.89814624,ok,0.10185376,0.10185376,1992-08-10/1992-08-16,True,False,,,,,,,False,False
1992-08-13_912810EM6,1992-08-13,1992-08-05,912810EM6,30-Year,30-Year,False,DGS30,30,1e+10,1992-08-06,1992-08-20,48,1.1125e+10,9.4538352e+08,-1.1899932,ok,1e+10,own,-1.1899932,ok,0,0,1992-08-10/1992-08-16,True,False,,,,,,,False,False
1992-08-25_912827G63,1992-08-25,1992-08-19,912827G63,2-Year,2-Year,False,DGS2,2,1.5e+10,1992-08-18,1992-09-01,150,1.475e+10,2.7386128e+08,0.91287093,ok,1.5e+10,previous,0.91287093,ok,1.9128709,1.9128709,1992-08-24/1992-08-30,True,False,,,,,,,False,False
1992-08-26_912827G71,1992-08-26,1992-08-19,912827G71,5-Year,5-Year,False,DGS5,5,1.05e+10,1992-08-19,1992-09-02,109,1.025e+10,2.7386128e+08,0.91287093,ok,1.05e+10,own,0.91287093,ok,1.9128709,1.9128709,1992-08-24/1992-08-30,True,False,,,,,,,False,False
1992-09-22_912827G89,1992-09-22,1992-09-16,912827G89,2-Year,2-Year,False,DGS2,2,1.45e+10,1992-09-15,1992-09-29,151,1.4875e+10,1.3693064e+08,-2.7386128,ok,1.5e+10,previous,0.91287093,ok,1.9128709,0,1992-09-21/1992-09-27,True,False,,,,,,,False,False
1992-09-23_912827G97,1992-09-23,1992-09-16,912827G97,5-Year,5-Year,False,DGS5,5,1.05e+10,1992-09-16,1992-09-30,110,1.0375e+10,1.3693064e+08,0.91287093,ok,1.05e+10,own,0.91287093,ok,1.9128709,1.9128709,1992-09-21/1992-09-27,True,False,,,,,,,False,False
1992-10-07_912827H21,1992-10-07,1992-09-30,912827H21,7-Year,7-Year,False,DGS7,7,9.75e+09,1992-09-30,1992-10-15,48,9.2916667e+09,4.8519755e+08,0.94463241,ok,9.75e+09,own,0.94463241,ok,1.9446324,1.9446324,1992-10-05/1992-10-11,True,False,,,,,,,False,False
1992-10-27_912827H39,1992-10-27,1992-10-21,912827H39,2-Year,2-Year,False,DGS2,2,1.5e+10,1992-10-20,1992-11-03,152,1.4833333e+10,2.0412415e+08,0.81649658,ok,1.45e+10,previous,-1.6329932,ok,0,1.8164966,1992-10-26/1992-11-01,True,False,,,,,,,False,False
1992-10-28_912827H47,1992-10-28,1992-10-21,912827H47,5-Year,5-Year,False,DGS5,5,1.075e+10,1992-10-21,1992-11-04,111,1.0416667e+10,1.2909944e+08,2.5819889,ok,1.075e+10,own,2.5819889,ok,2,2,1992-10-26/1992-11-01,True,False,,,,,,,False,False
1992-11-09_912827H54,1992-11-09,1992-11-03,912827H54,3-Year,3-Year,False,DGS3,3,1.55e+10,1992-11-02,1992-11-17,53,1.4416667e+10,6.6458007e+08,1.6301021,ok,1.5e+10,previous,0.87774726,ok,1.8777473,2,1992-11-09/1992-11-15,True,False,,,,,,,False,False
1992-11-10_912827G55,1992-11-10,1992-11-03,912827G55,9-Year 9-Month,10-Year,True,DGS10,10,1.125e+10,1992-11-03,1992-11-18,53,1.1458333e+10,5.1031036e+08,-0.40824829,ok,1.125e+10,own,-0.40824829,ok,0.59175171,0.59175171,1992-11-09/1992-11-15,True,False,,,,,,,False,False
1992-11-12_912810EN4,1992-11-12,1992-11-03,912810EN4,30-Year,30-Year,False,DGS30,30,1.025e+10,1992-11-04,1992-11-19,49,1.0958333e+10,1.0537631e+09,-0.6721941,ok,1.025e+10,own,-0.6721941,ok,0.3278059,0.3278059,1992-11-09/1992-11-15,True,False,,,,,,,False,False
1992-11-23_912827H70,1992-11-23,1992-11-18,912827H70,2-Year,2-Year,False,DGS2,2,1.5e+10,1992-11-16,1992-12-01,153,1.4875e+10,2.0916501e+08,0.5976143,ok,1.5e+10,previous,0.5976143,ok,1.5976143,1.5976143,1992-11-23/1992-11-29,True,False,,,,,,,False,False
1992-11-24_912827H88,1992-11-24,1992-11-18,912827H88,5-Year,5-Year,False,DGS5,5,1.075e+10,1992-11-17,1992-12-02,112,1.05e+10,1.5811388e+08,1.5811388,ok,1.075e+10,previous,1.5811388,ok,2,2,1992-11-23/1992-11-29,True,False,,,,,,,False,False
1992-12-22_912827H96,1992-12-22,1992-12-16,912827H96,2-Year,2-Year,False,DGS2,2,1.55e+10,1992-12-15,1992-12-30,154,1.4916667e+10,2.0412415e+08,2.857738,ok,1.5e+10,previous,0.40824829,ok,1.4082483,2,1992-12-21/1992-12-27,True,False,,,,,,,False,False
1992-12-23_912827J29,1992-12-23,1992-12-16,912827J29,5-Year,5-Year,False,DGS5,5,1.125e+10,1992-12-16,1992-12-31,113,1.0583333e+10,1.2909944e+08,3,clipped,1.125e+10,own,3,clipped,2,2,1992-12-21/1992-12-27,True,False,,,,,,,False,False
1993-01-13_912827J37,1993-01-13,1993-01-06,912827J37,7-Year,7-Year,False,DGS7,7,9.75e+09,1993-01-06,1993-01-21,49,9.5e+09,3.1622777e+08,0.79056942,ok,9.75e+09,own,0.79056942,ok,1.7905694,1.7905694,1993-01-11/1993-01-17,True,False,0.060894874,0.79934659,0,-13,0.73845171,13,True,False
1993-01-26_912827J52,1993-01-26,1993-01-21,912827J52,2-Year,2-Year,False,DGS2,2,1.525e+10,1993-01-19,1993-02-02,155,1.5e+10,3.1622777e+08,0.79056942,ok,1.55e+10,previous,1.5811388,ok,2,1.7905694,1993-01-25/1993-01-31,True,False,0.19539823,0.11900221,-9,-5,-0.076396021,-4,True,False
1993-01-27_912827J45,1993-01-27,1993-01-21,912827J45,5-Year,5-Year,False,DGS5,5,1.15e+10,1993-01-20,1993-02-03,114,1.0708333e+10,2.922613e+08,2.7087633,ok,1.125e+10,previous,1.8533643,ok,2,2,1993-01-25/1993-01-31,True,False,0.78354495,0.30801679,-17,-6,-0.47552816,-11,True,False
1993-02-09_912827J60,1993-02-09,1993-02-03,912827J60,3-Year,3-Year,False,DGS3,3,1.55e+10,1993-02-02,1993-02-17,54,1.475e+10,6.1237244e+08,1.2247449,ok,1.55e+10,previous,1.2247449,ok,2,2,1993-02-08/1993-02-14,True,False,0.14287093,0.53681064,-4,-18,0.39393971,14,True,False
1993-02-10_912827J78,1993-02-10,1993-02-03,912827J78,10-Year,10-Year,False,DGS10,10,1.075e+10,1993-02-03,1993-02-18,54,1.1375e+10,4.9371044e+08,-1.2659242,ok,1.075e+10,own,-1.2659242,ok,0,0,1993-02-08/1993-02-14,True,False,0.42890174,1.7747413,-5,-23,1.3458396,18,True,False
1993-02-11_912810EP9,1993-02-11,1993-02-03,912810EP9,30-Year,30-Year,False,DGS30,30,9.25e+09,1993-02-04,1993-02-19,50,1.0708333e+10,1.0051948e+09,-1.4507967,ok,9.25e+09,own,-1.4507967,ok,0,0,1993-02-08/1993-02-14,True,False,0.56940197,1.8365442,-4,-14,1.2671422,10,True,False
1993-02-23_912827J86,1993-02-23,1993-02-17,912827J86,2-Year,2-Year,False,DGS2,2,1.525e+10,1993-02-16,1993-03-02,156,1.5041667e+10,3.3229003e+08,0.62696233,ok,1.525e+10,previous,0.62696233,ok,1.6269623,1.6269623,1993-02-22/1993-02-28,True,False,0.47733576,0.055775712,-24,-2,-0.42156005,-22,True,False
1993-02-24_912827J94,1993-02-24,1993-02-17,912827J94,5-Year,5-Year,False,DGS5,5,1.1e+10,1993-02-17,1993-03-03,115,1.0875e+10,4.1079192e+08,0.30429031,ok,1.1e+10,own,0.30429031,ok,1.3042903,1.3042903,1993-02-22/1993-02-28,True,False,1.0451508,0.69689097,-23,-15,-0.3482598,-8,True,False
1993-03-24_912827K27,1993-03-24,1993-03-17,912827K27,2-Year,2-Year,False,DGS2,2,1.525e+10,1993-03-17,1993-03-31,157,1.5083333e+10,3.4156503e+08,0.48795004,ok,1.525e+10,own,0.48795004,ok,1.48795,1.48795,1993-03-22/1993-03-28,True,False,0.11305185,-0.038288162,-5,3,-0.15134001,-8,True,False
1993-03-25_912827K35,1993-03-25,1993-03-17,912827K35,5-Year,5-Year,False,DGS5,5,1.1e+10,1993-03-18,1993-04-01,116,1.0958333e+10,3.6799004e+08,0.1132277,ok,1.1e+10,own,0.1132277,ok,1.1132277,1.1132277,1993-03-22/1993-03-28,True,False,-0.30705237,-0.17500744,8,5,0.13204492,3,True,False
1993-04-13_912827K43,1993-04-13,1993-04-07,912827K43,7-Year,7-Year,False,DGS7,7,9.75e+09,1993-04-05,1993-04-20,50,9.625e+09,2.0916501e+08,0.5976143,ok,9.75e+09,previous,0.5976143,ok,1.5976143,1.5976143,1993-04-12/1993-04-18,True,False,1.4379657,0.3947611,-24,-6,-1.0432046,-18,True,False
1993-04-27_912827K50,1993-04-27,1993-04-21,912827K50,2-Year,2-Year,False,DGS2,2,1.525e+10,1993-04-20,1993-05-04,158,1.5208333e+10,1.8819316e+08,0.22140372,ok,1.525e+10,previous,0.22140372,ok,1.2214037,1.2214037,1993-04-26/1993-05-02,True,False,-0.17304137,0.26454357,10,-13,0.43758493,23,True,False
1993-04-28_912827K68,1993-04-28,1993-04-21,912827K68,5-Year,5-Year,False,DGS5,5,1.1e+10,1993-04-21,1993-05-05,117,1.1041667e+10,2.922613e+08,-0.14256649,ok,1.1e+10,own,-0.14256649,ok,0.85743351,0.85743351,1993-04-26/1993-05-02,True,False,-0.52426246,0.52120007,13,-11,1.0454625,24,True,False
1993-05-11_912827K76,1993-05-11,1993-05-05,912827K76,3-Year,3-Year,False,DGS3,3,1.6e+10,1993-05-04,1993-05-18,55,1.5e+10,5.4772256e+08,1.8257419,ok,1.55e+10,previous,0.91287093,ok,1.9128709,2,1993-05-10/1993-05-16,True,False,-0.03028763,-0.63894012,2,24,-0.60865249,-22,True,False
1993-05-12_912827J78,1993-05-12,1993-05-05,912827J78,9-Year 9-Month,10-Year,True,DGS10,10,1.075e+10,1993-05-05,1993-05-19,55,1.1166667e+10,4.3779752e+08,-0.95173373,ok,1.075e+10,own,-0.95173373,ok,0.048266265,0.048266265,1993-05-10/1993-05-16,True,False,-0.16796806,-1.0519529,3,15,-0.88398487,-12,True,False
1993-05-13_912810EP9,1993-05-13,1993-05-05,912810EP9,29-Year 9-Month,30-Year,True,DGS30,30,8.25e+09,1993-05-06,1993-05-20,51,1.025e+10,9.2195445e+08,-2.1693046,ok,8.25e+09,own,-2.1693046,ok,0,0,1993-05-10/1993-05-16,True,False,-1.9297083,-0.30082755,16,3,1.6288808,13,True,False
1993-05-25_912827K92,1993-05-25,1993-05-19,912827K92,2-Year,2-Year,False,DGS2,2,1.575e+10,1993-05-18,1993-06-02,159,1.525e+10,1.5811388e+08,3,clipped,1.525e+10,previous,0,ok,1,2,1993-05-24/1993-05-30,True,False,-0.18798915,0.042773411,11,-1,0.23076256,12,True,False
1993-05-26_912827L26,1993-05-26,1993-05-19,912827L26,5-Year,5-Year,False,DGS5,5,1.1e+10,1993-05-19,1993-06-03,118,1.1083333e+10,2.5819889e+08,-0.32274861,ok,1.1e+10,own,-0.32274861,ok,0.67725139,0.67725139,1993-05-24/1993-05-30,True,False,-0.34702613,0.57007741,9,-12,0.91710354,21,True,False
1993-06-22_912827L34,1993-06-22,1993-06-16,912827L34,2-Year,2-Year,False,DGS2,2,1.6e+10,1993-06-15,1993-06-29,160,1.5375e+10,2.0916501e+08,2.9880715,ok,1.575e+10,previous,1.7928429,ok,2,2,1993-06-21/1993-06-27,True,False,-0.05605049,0.24698876,4,-12,0.30303925,16,True,False
1993-06-23_912827L42,1993-06-23,1993-06-16,912827L42,5-Year,5-Year,False,DGS5,5,1.1e+10,1993-06-16,1993-06-30,119,1.1125e+10,2.0916501e+08,-0.5976143,ok,1.1e+10,own,-0.5976143,ok,0.4023857,0.4023857,1993-06-21/1993-06-27,True,False,-0.047392422,0.69388788,2,-15,0.7412803,17,True,False
1993-07-27_912827L59,1993-07-27,1993-07-21,912827L59,2-Year,2-Year,False,DGS2,2,1.6e+10,1993-07-20,1993-08-03,161,1.5458333e+10,3.3229003e+08,1.6301021,ok,1.6e+10,previous,1.6301021,ok,2,2,1993-07-26/1993-08-01,True,False,-0.28270482,0.17263939,16,-8,0.45534421,24,True,False
1993-07-28_912827L67,1993-07-28,1993-07-21,912827L67,5-Year,5-Year,False,DGS5,5,1.1e+10,1993-07-21,1993-08-04,120,1.1083333e+10,2.0412415e+08,-0.40824829,ok,1.1e+10,own,-0.40824829,ok,0.59175171,0.59175171,1993-07-26/1993-08-01,True,False,-0.22107086,0.16986683,6,-3,0.39093768,9,True,False
1993-08-10_912827L75,1993-08-10,1993-08-04,912827L75,3-Year,3-Year,False,DGS3,3,1.65e+10,1993-08-03,1993-08-17,56,1.5333333e+10,4.0824829e+08,2.857738,ok,1.6e+10,previous,1.6329932,ok,2,2,1993-08-09/1993-08-15,True,False,0.22104624,0.27588193,-7,-9,0.054835696,2,True,False
1993-08-11_912827L83,1993-08-11,1993-08-04,912827L83,10-Year,10-Year,False,DGS10,10,1.1e+10,1993-08-04,1993-08-18,56,1.0958333e+10,1.8819316e+08,0.22140372,ok,1.1e+10,own,0.22140372,ok,1.2214037,1.2214037,1993-08-09/1993-08-15,True,False,0.95620721,0.50295145,-12,-6,-0.45325576,-6,True,False
1993-08-12_912810EQ7,1993-08-12,1993-08-04,912810EQ7,30-Year,30-Year,False,DGS30,30,1.1e+10,1993-08-05,1993-08-19,52,9.625e+09,7.5415516e+08,1.8232322,ok,1.1e+10,own,1.8232322,ok,2,2,1993-08-09/1993-08-15,True,False,2.1974394,2.2314751,-16,-16,0.034035722,0,True,False
1993-08-24_912827L91,1993-08-24,1993-08-18,912827L91,2-Year,2-Year,False,DGS2,2,1.6e+10,1993-08-17,1993-08-31,162,1.5583333e+10,3.7638633e+08,1.1070186,ok,1.6e+10,previous,1.1070186,ok,2,2,1993-08-23/1993-08-29,True,False,0.26554367,0.034643979,-13,-1,-0.23089969,-12,True,False
1993-08-25_912827M25,1993-08-25,1993-08-18,912827M25,5-Year,5-Year,False,DGS5,5,1.1e+10,1993-08-18,1993-09-01,121,1.1e+10,0,0,sd0,1.1e+10,own,0,sd0,1,1,1993-08-23/1993-08-29,True,False,0.82805658,0.25278269,-18,-5,-0.57527389,-13,True,False
1993-09-21_912827M33,1993-09-21,1993-09-15,912827M33,2-Year,2-Year,False,DGS2,2,1.6e+10,1993-09-14,1993-09-28,163,1.5708333e+10,3.6799004e+08,0.79259392,ok,1.6e+10,previous,0.79259392,ok,1.7925939,1.7925939,1993-09-20/1993-09-26,True,False,0.036470394,0.22695103,-1,-11,0.19048064,10,True,False
1993-09-22_912827M41,1993-09-22,1993-09-15,912827M41,5-Year,5-Year,False,DGS5,5,1.1e+10,1993-09-15,1993-09-29,122,1.1e+10,0,0,sd0,1.1e+10,own,0,sd0,1,1,1993-09-20/1993-09-26,True,False,-0.2298168,0.34159344,6,-7,0.57141024,13,True,False
1993-10-26_912827M58,1993-10-26,1993-10-20,912827M58,2-Year,2-Year,False,DGS2,2,1.65e+10,1993-10-19,1993-11-02,164,1.5833333e+10,3.0276504e+08,2.2019275,ok,1.6e+10,previous,0.55048188,ok,1.5504819,2,1993-10-25/1993-10-31,True,False,-0.11734267,-0.41839084,7,23,-0.30104817,-16,True,False
1993-10-27_912827M66,1993-10-27,1993-10-20,912827M66,5-Year,5-Year,False,DGS5,5,1.1e+10,1993-10-20,1993-11-03,123,1.1e+10,0,0,sd0,1.1e+10,own,0,sd0,1,1,1993-10-25/1993-10-31,True,False,-0.75858707,-0.79613181,18,19,-0.037544742,-1,True,False
1993-11-09_912827M74,1993-11-09,1993-11-03,912827M74,3-Year,3-Year,False,DGS3,3,1.7e+10,1993-11-02,1993-11-17,57,1.5583333e+10,5.845226e+08,2.4236303,ok,1.65e+10,previous,1.5682314,ok,2,2,1993-11-08/1993-11-14,True,False,0.081443411,0.16771007,-2,-5,0.086266655,3,True,False
1993-11-10_912827L83,1993-11-10,1993-11-03,912827L83,9-Year 9-Month,10-Year,True,DGS10,10,1.2e+10,1993-11-03,1993-11-18,57,1.0958333e+10,1.8819316e+08,3,clipped,1.2e+10,own,3,clipped,2,2,1993-11-08/1993-11-14,True,False,-0.32993719,0.053489359,5,0,0.38342655,5,True,False
1993-11-22_912827M90,1993-11-22,1993-11-17,912827M90,2-Year,2-Year,False,DGS2,2,1.7e+10,1993-11-15,1993-11-30,165,1.6041667e+10,2.4579802e+08,3,clipped,1.65e+10,previous,1.8646746,ok,2,2,1993-11-22/1993-11-28,True,False,-0.26483109,0.098235903,15,-4,0.36306699,19,True,False
1993-11-23_912827N24,1993-11-23,1993-11-17,912827N24,5-Year,5-Year,False,DGS5,5,1.1e+10,1993-11-16,1993-12-01,124,1.1e+10,0,0,sd0,1.1e+10,previous,0,sd0,1,1,1993-11-22/1993-11-28,True,False,-0.66026154,0.041792282,16,0,0.70205382,16,True,False
1993-12-21_912827N32,1993-12-21,1993-12-15,912827N32,2-Year,2-Year,False,DGS2,2,1.7e+10,1993-12-14,1993-12-29,166,1.625e+10,4.1833001e+08,1.7928429,ok,1.7e+10,previous,1.7928429,ok,2,2,1993-12-20/1993-12-26,True,False,0.0029733588,0.13791144,1,-6,0.13493808,7,True,False
1993-12-22_912827N40,1993-12-22,1993-12-15,912827N40,5-Year,5-Year,False,DGS5,5,1.1e+10,1993-12-15,1993-12-30,125,1.1e+10,0,0,sd0,1.1e+10,own,0,sd0,1,1,1993-12-20/1993-12-26,True,False,0.30150704,-0.26132107,-6,7,-0.56282811,-13,True,False
1994-01-25_912827N57,1994-01-25,1994-01-19,912827N57,2-Year,2-Year,False,DGS2,2,1.7e+10,1994-01-18,1994-02-01,167,1.6416667e+10,4.9159604e+08,1.1866111,ok,1.7e+10,previous,1.1866111,ok,2,2,1994-01-24/1994-01-30,True,False,0.078173282,-0.14889795,-3,9,-0.22707123,-12,True,False
1994-01-26_912827N65,1994-01-26,1994-01-19,912827N65,5-Year,5-Year,False,DGS5,5,1.2e+10,1994-01-19,1994-02-02,126,1.1e+10,0,3,sd0,1.2e+10,own,3,sd0,2,2,1994-01-24/1994-01-30,True,False,-0.0045497082,-0.04876597,1,2,-0.044216261,-1,True,False
1994-02-08_912827N73,1994-02-08,1994-02-02,912827N73,3-Year,3-Year,False,DGS3,3,1.7e+10,1994-02-01,1994-02-15,58,1.5916667e+10,7.3598007e+08,1.4719601,ok,1.7e+10,previous,1.4719601,ok,2,2,1994-02-07/1994-02-13,True,False,-0.77173346,0.083928756,29,-2,0.85566222,31,True,False
1994-02-09_912827N81,1994-02-09,1994-02-02,912827N81,10-Year,10-Year,False,DGS10,10,1.2e+10,1994-02-02,1994-02-16,58,1.1125e+10,4.6770717e+08,1.8708287,ok,1.2e+10,own,1.8708287,ok,2,2,1994-02-07/1994-02-13,True,False,-1.0703511,0.27321052,15,-3,1.3435616,18,True,False
1994-02-10_912810EQ7,1994-02-10,1994-02-02,912810EQ7,29-Year 6-Month,30-Year,True,DGS30,30,1.1e+10,1994-02-03,1994-02-17,53,9.7916667e+09,9.4096582e+08,1.2841416,ok,1.1e+10,own,1.2841416,ok,2,2,1994-02-07/1994-02-13,True,False,-1.7872508,-1.1183522,14,9,0.66889859,5,True,False
1994-02-23_912827N99,1994-02-23,1994-02-16,912827N99,2-Year,2-Year,False,DGS2,2,1.7e+10,1994-02-15,1994-03-02,168,1.6583333e+10,4.9159604e+08,0.84757938,ok,1.7e+10,previous,0.84757938,ok,1.8475794,1.8475794,1994-02-21/1994-02-27,True,False,-0.40747128,-0.20186732,23,12,0.20560396,11,True,False
1994-02-24_912827P22,1994-02-24,1994-02-16,912827P22,5-Year,5-Year,False,DGS5,5,1.1e+10,1994-02-16,1994-03-03,127,1.1166667e+10,4.0824829e+08,-0.40824829,ok,1.1e+10,own,-0.40824829,ok,0.59175171,0.59175171,1994-02-21/1994-02-27,True,False,-1.2846414,-0.51586254,31,13,0.76877883,18,True,False
1994-03-22_912827P30,1994-03-22,1994-03-16,912827P30,2-Year,2-Year,False,DGS2,2,1.7e+10,1994-03-15,1994-03-29,169,1.675e+10,4.1833001e+08,0.5976143,ok,1.7e+10,previous,0.5976143,ok,1.5976143,1.5976143,1994-03-21/1994-03-27,True,False,-0.047248524,-0.27040513,4,16,-0.22315661,-12,True,False
1994-03-23_912827P48,1994-03-23,1994-03-16,912827P48,5-Year,5-Year,False,DGS5,5,1.1e+10,1994-03-16,1994-03-30,128,1.1166667e+10,4.0824829e+08,-0.40824829,ok,1.1e+10,own,-0.40824829,ok,0.59175171,0.59175171,1994-03-21/1994-03-27,True,False,-0.21162392,-1.305715,6,32,-1.0940911,-26,True,False
1994-04-26_912827P55,1994-04-26,1994-04-20,912827P55,2-Year,2-Year,False,DGS2,2,1.7e+10,1994-04-19,1994-05-04,170,1.6916667e+10,2.0412415e+08,0.40824829,ok,1.7e+10,previous,0.40824829,ok,1.4082483,1.4082483,1994-04-25/1994-05-01,True,False,0.23990842,-0.51842085,-11,30,-0.75832926,-41,True,False
1994-04-28_912827P63,1994-04-28,1994-04-20,912827P63,5-Year,5-Year,False,DGS5,5,1.1e+10,1994-04-20,1994-05-05,129,1.1166667e+10,4.0824829e+08,-0.40824829,ok,1.1e+10,own,-0.40824829,ok,0.59175171,0.59175171,1994-04-25/1994-05-01,True,False,-0.070034219,-0.15873571,3,5,-0.088701489,-2,True,False
1994-05-10_912827P71,1994-05-10,1994-05-04,912827P71,3-Year,3-Year,False,DGS3,3,1.7e+10,1994-05-03,1994-05-17,59,1.625e+10,6.8920244e+08,1.0882144,ok,1.7e+10,previous,1.0882144,ok,2,2,1994-05-09/1994-05-15,True,False,-0.65561774,0.8250392,26,-29,1.4806569,55,True,False
1994-05-11_912827P89,1994-05-11,1994-05-04,912827P89,10-Year,10-Year,False,DGS10,10,1.2e+10,1994-05-04,1994-05-18,59,1.1291667e+10,5.7915168e+08,1.2230532,ok,1.2e+10,own,1.2230532,ok,2,2,1994-05-09/1994-05-15,True,False,-1.7603507,2.6912932,26,-37,4.4516439,63,True,False
1994-05-24_912827P97,1994-05-24,1994-05-18,912827P97,2-Year,2-Year,False,DGS2,2,1.7e+10,1994-05-17,1994-06-01,171,1.7e+10,0,0,sd0,1.7e+10,previous,0,sd0,1,1,1994-05-23/1994-05-29,True,False,-0.080659557,-0.036832923,6,4,0.043826634,2,True,False
1994-05-25_912827Q21,1994-05-25,1994-05-18,912827Q21,5-Year,5-Year,False,DGS5,5,1.1e+10,1994-05-18,1994-06-02,130,1.1166667e+10,4.0824829e+08,-0.40824829,ok,1.1e+10,own,-0.40824829,ok,0.59175171,0.59175171,1994-05-23/1994-05-29,True,False,-0.49899275,0.30522811,13,-6,0.80422085,19,True,False
1994-06-21_912827Q39,1994-06-21,1994-06-15,912827Q39,2-Year,2-Year,False,DGS2,2,1.7e+10,1994-06-14,1994-06-28,172,1.7e+10,0,0,sd0,1.7e+10,previous,0,sd0,1,1,1994-06-20/1994-06-26,True,False,-0.39451239,-0.13307739,23,9,0.261435,14,True,False
1994-06-22_912827Q47,1994-06-22,1994-06-15,912827Q47,5-Year,5-Year,False,DGS5,5,1.1e+10,1994-06-15,1994-06-29,131,1.1166667e+10,4.0824829e+08,-0.40824829,ok,1.1e+10,own,-0.40824829,ok,0.59175171,0.59175171,1994-06-20/1994-06-26,True,False,-0.28748508,-0.45275588,8,12,-0.1652708,-4,True,False
1994-07-26_912827Q54,1994-07-26,1994-07-20,912827Q54,2-Year,2-Year,False,DGS2,2,1.725e+10,1994-07-19,1994-08-02,173,1.7e+10,0,3,sd0,1.7e+10,previous,0,sd0,1,2,1994-07-25/1994-07-31,True,False,-0.37569841,0.36606927,22,-18,0.74176768,40,True,False
1994-07-27_912827Q62,1994-07-27,1994-07-20,912827Q62,5-Year,5-Year,False,DGS5,5,1.1e+10,1994-07-20,1994-08-03,132,1.1166667e+10,4.0824829e+08,-0.40824829,ok,1.1e+10,own,-0.40824829,ok,0.59175171,0.59175171,1994-07-25/1994-07-31,True,False,-0.5772177,1.2615826,15,-29,1.8388003,44,True,False
1994-08-09_912827Q70,1994-08-09,1994-08-03,912827Q70,3-Year,3-Year,False,DGS3,3,1.7e+10,1994-08-02,1994-08-16,60,1.65e+10,6.3245553e+08,0.79056942,ok,1.7e+10,previous,0.79056942,ok,1.7905694,1.7905694,1994-08-08/1994-08-14,True,False,-0.73962051,0.28158172,29,-9,1.0212022,38,True,False
1994-08-10_912827Q88,1994-08-10,1994-08-03,912827Q88,10-Year,10-Year,False,DGS10,10,1.2e+10,1994-08-03,1994-08-17,60,1.1416667e+10,6.4549722e+08,0.90369611,ok,1.2e+10,own,0.90369611,ok,1.9036961,1.9036961,1994-08-08/1994-08-14,True,False,-1.4197844,1.1112279,21,-15,2.5310123,36,True,False
1994-08-11_912810ES3,1994-08-11,1994-08-03,912810ES3,30-Year 3-Month,30-Year 3-Month,False,DGS30,30,1.1e+10,1994-08-04,1994-08-18,54,9.9583333e+09,1.0655593e+09,0.97757736,ok,1.1e+10,own,0.97757736,ok,1.9775774,1.9775774,1994-08-08/1994-08-14,True,False,-1.8315538,0.76409171,16,-6,2.5956455,22,True,False
1994-08-23_912827Q96,1994-08-23,1994-08-17,912827Q96,2-Year,2-Year,False,DGS2,2,1.725e+10,1994-08-16,1994-08-30,174,1.7041667e+10,1.0206207e+08,2.0412415,ok,1.725e+10,previous,2.0412415,ok,2,2,1994-08-22/1994-08-28,True,False,-0.062604657,0.17809681,5,-8,0.24070147,13,True,False
1994-08-24_912827R20,1994-08-24,1994-08-17,912827R20,5-Year,5-Year,False,DGS5,5,1.1e+10,1994-08-17,1994-08-31,133,1.1e+10,0,0,sd0,1.1e+10,own,0,sd0,1,1,1994-08-22/1994-08-28,True,False,-0.20785865,0.29259983,6,-6,0.50045848,12,True,False
1994-09-27_912827R38,1994-09-27,1994-09-21,912827R38,2-Year,2-Year,False,DGS2,2,1.725e+10,1994-09-20,1994-10-04,175,1.7083333e+10,1.2909944e+08,1.2909944,ok,1.725e+10,previous,1.2909944,ok,2,2,1994-09-26/1994-10-02,True,False,-0.11595964,-0.25900201,8,16,-0.14304237,-8,True,False
1994-09-28_912827R46,1994-09-28,1994-09-21,912827R46,5-Year,5-Year,False,DGS5,5,1.1e+10,1994-09-21,1994-10-05,134,1.1e+10,0,0,sd0,1.1e+10,own,0,sd0,1,1,1994-09-26/1994-10-02,True,False,0.0029063743,-0.81524513,1,21,-0.81815151,-20,True,False
1994-10-25_912827C83,1994-10-25,1994-10-19,912827C83,2-Year,5-Year,True,DGS5,5,1.725e+10,1994-10-18,1994-11-01,135,1.1e+10,0,3,sd0,1.1e+10,previous,0,sd0,1,2,1994-10-24/1994-10-30,True,False,-0.97948178,-0.11912491,25,4,0.86035687,21,True,False
1994-10-26_912827R61,1994-10-26,1994-10-19,912827R61,5-Year,5-Year,False,DGS5,5,1.1e+10,1994-10-19,1994-11-02,136,1.2041667e+10,2.5515518e+09,-0.40824829,ok,1.1e+10,own,-0.40824829,ok,0.59175171,0.59175171,1994-10-24/1994-10-30,True,False,-0.81546442,-0.28250415,21,8,0.53296028,13,True,False
1994-11-08_912827R79,1994-11-08,1994-11-02,912827R79,3-Year,3-Year,False,DGS3,3,1.7e+10,1994-11-01,1994-11-16,61,1.675e+10,4.1833001e+08,0.5976143,ok,1.7e+10,previous,0.5976143,ok,1.5976143,1.5976143,1994-11-07/1994-11-13,True,False,-0.43671999,-0.11487756,18,6,0.32184243,12,True,False
1994-11-09_912827R87,1994-11-09,1994-11-02,912827R87,10-Year,10-Year,False,DGS10,10,1.2e+10,1994-11-02,1994-11-17,61,1.1625e+10,5.8630197e+08,0.63960215,ok,1.2e+10,own,0.63960215,ok,1.6396021,1.6396021,1994-11-07/1994-11-13,True,False,0.18693843,-0.55558632,-2,9,-0.74252475,-11,True,False
1994-11-21_912827R95,1994-11-21,1994-11-16,912827R95,2-Year,2-Year,False,DGS2,2,1.725e+10,1994-11-14,1994-11-29,176,1.7125e+10,1.3693064e+08,0.91287093,ok,1.725e+10,previous,0.91287093,ok,1.9128709,1.9128709,1994-11-21/1994-11-27,True,False,-0.40546898,-0.21560048,24,14,0.1898685,10,True,False
1994-11-22_912827S29,1994-11-22,1994-11-16,912827S29,5-Year,5-Year,False,DGS5,5,1.1e+10,1994-11-15,1994-11-30,137,1.2041667e+10,2.5515518e+09,-0.40824829,ok,1.1e+10,previous,-0.40824829,ok,0.59175171,0.59175171,1994-11-21/1994-11-27,True,False,-0.48538202,0.1697454,13,-3,0.65512742,16,True,False
1994-12-21_912827S37,1994-12-21,1994-12-14,912827S37,2-Year,2-Year,False,DGS2,2,1.725e+10,1994-12-14,1994-12-29,177,1.7166667e+10,1.2909944e+08,0.64549722,ok,1.725e+10,own,0.64549722,ok,1.6454972,1.6454972,1994-12-19/1994-12-25,True,False,0.054191711,-0.15571745,-1,11,-0.20990916,-12,True,False
1994-12-22_912827S45,1994-12-22,1994-12-14,912827S45,5-Year,5-Year,False,DGS5,5,1.1e+10,1994-12-15,1994-12-30,138,1.2041667e+10,2.5515518e+09,-0.40824829,ok,1.1e+10,own,-0.40824829,ok,0.59175171,0.59175171,1994-12-19/1994-12-25,True,False,-0.36709063,0.046835113,10,0,0.41392574,10,True,False
1995-01-24_912827S52,1995-01-24,1995-01-18,912827S52,2-Year,2-Year,False,DGS2,2,1.725e+10,1995-01-17,1995-01-31,178,1.7208333e+10,1.0206207e+08,0.40824829,ok,1.725e+10,previous,0.40824829,ok,1.4082483,1.4082483,1995-01-23/1995-01-29,True,False,-0.20558026,0.59527346,13,-31,0.80085372,44,True,False
1995-01-25_912827S60,1995-01-25,1995-01-18,912827S60,5-Year,5-Year,False,DGS5,5,1.1e+10,1995-01-18,1995-02-01,139,1.2041667e+10,2.5515518e+09,-0.40824829,ok,1.1e+10,own,-0.40824829,ok,0.59175171,0.59175171,1995-01-23/1995-01-29,True,False,-0.16796431,0.85332672,5,-20,1.021291,25,True,False
1995-02-07_912827S78,1995-02-07,1995-02-01,912827S78,3-Year,3-Year,False,DGS3,3,1.7e+10,1995-01-31,1995-02-14,62,1.6916667e+10,2.0412415e+08,0.40824829,ok,1.7e+10,previous,0.40824829,ok,1.4082483,1.4082483,1995-02-06/1995-02-12,True,False,0.10592112,0.081256666,-3,-2,-0.024664456,-1,True,False
1995-02-08_912827S86,1995-02-08,1995-02-01,912827S86,10-Year,10-Year,False,DGS10,10,1.2e+10,1995-02-01,1995-02-15,62,1.1833333e+10,4.0824829e+08,0.40824829,ok,1.2e+10,own,0.40824829,ok,1.4082483,1.4082483,1995-02-06/1995-02-12,True,False,0.93092528,0.58778533,-13,-8,-0.34313995,-5,True,False
1995-02-09_912810ET1,1995-02-09,1995-02-01,912810ET1,30-Year,30-Year,False,DGS30,30,1.1e+10,1995-02-02,1995-02-16,55,1.0125e+10,1.1483684e+09,0.7619506,ok,1.1e+10,own,0.7619506,ok,1.7619506,1.7619506,1995-02-06/1995-02-12,True,False,1.3183519,0.97625388,-11,-8,-0.34209799,-3,True,False
1995-02-22_912827S94,1995-02-22,1995-02-15,912827S94,2-Year,2-Year,False,DGS2,2,1.725e+10,1995-02-14,1995-03-01,179,1.725e+10,0,0,sd0,1.725e+10,previous,0,sd0,1,1,1995-02-20/1995-02-26,True,False,0.5602022,0.22162739,-29,-11,-0.33857481,-18,True,False
1995-02-23_912827T28,1995-02-23,1995-02-15,912827T28,5-Year,5-Year,False,DGS5,5,1.1e+10,1995-02-15,1995-03-02,140,1.2041667e+10,2.5515518e+09,-0.40824829,ok,1.1e+10,own,-0.40824829,ok,0.59175171,0.59175171,1995-02-20/1995-02-26,True,False,0.73566018,0.23043398,-17,-5,-0.5052262,-12,True,False
1995-03-28_912827T36,1995-03-28,1995-03-22,912827T36,2-Year,2-Year,False,DGS2,2,1.725e+10,1995-03-21,1995-04-04,180,1.725e+10,0,0,sd0,1.725e+10,previous,0,sd0,1,1,1995-03-27/1995-04-02,True,False,-0.020222422,0.054968444,2,-2,0.075190866,4,True,False
1995-03-29_912827T44,1995-03-29,1995-03-22,912827T44,5-Year,5-Year,False,DGS5,5,1.1e+10,1995-03-22,1995-04-05,141,1.2041667e+10,2.5515518e+09,-0.40824829,ok,1.1e+10,own,-0.40824829,ok,0.59175171,0.59175171,1995-03-27/1995-04-02,True,False,0.31244413,0.064113342,-7,-1,-0.24833079,-6,True,False
1995-04-25_912827T51,1995-04-25,1995-04-19,912827T51,2-Year,2-Year,False,DGS2,2,1.775e+10,1995-04-18,1995-05-02,181,1.725e+10,0,3,sd0,1.725e+10,previous,0,sd0,1,2,1995-04-24/1995-04-30,True,False,-0.059707123,-0.11421909,4,7,-0.05451197,-3,True,False
1995-04-26_912827T69,1995-04-26,1995-04-19,912827T69,5-Year,5-Year,False,DGS5,5,1.15e+10,1995-04-19,1995-05-03,142,1.1e+10,0,3,sd0,1.15e+10,own,3,sd0,2,2,1995-04-24/1995-04-30,True,False,0.14527305,0.27081938,-3,-6,0.12554633,3,True,False
1995-05-09_912827T77,1995-05-09,1995-05-03,912827T77,3-Year,3-Year,False,DGS3,3,1.75e+10,1995-05-02,1995-05-16,63,1.7e+10,0,3,sd0,1.7e+10,previous,0,sd0,1,2,1995-05-08/1995-05-14,True,False,1.3107736,-0.071557803,-48,3,-1.3823314,-51,True,False
1995-05-10_912827T85,1995-05-10,1995-05-03,912827T85,10-Year,10-Year,False,DGS10,10,1.25e+10,1995-05-03,1995-05-17,63,1.2e+10,0,3,sd0,1.25e+10,own,3,sd0,2,2,1995-05-08/1995-05-14,True,False,2.1887788,0.9610427,-30,-13,-1.2277361,-17,True,False
1995-05-23_912827T93,1995-05-23,1995-05-17,912827T93,2-Year,2-Year,False,DGS2,2,1.775e+10,1995-05-16,1995-05-31,182,1.7333333e+10,2.0412415e+08,2.0412415,ok,1.775e+10,previous,2.0412415,ok,2,2,1995-05-22/1995-05-28,True,False,-0.066820988,0.48803016,4,-26,0.55485114,30,True,False
1995-05-24_912827U26,1995-05-24,1995-05-17,912827U26,5-Year,5-Year,False,DGS5,5,1.15e+10,1995-05-17,1995-06-01,143,1.1083333e+10,2.0412415e+08,2.0412415,ok,1.15e+10,own,2.0412415,ok,2,2,1995-05-22/1995-05-28,True,False,0.64743359,1.1198892,-15,-26,0.47245565,11,True,False
1995-06-27_912827U34,1995-06-27,1995-06-21,912827U34,2-Year,2-Year,False,DGS2,2,1.775e+10,1995-06-20,1995-07-05,183,1.7416667e+10,2.5819889e+08,1.2909944,ok,1.775e+10,previous,1.2909944,ok,2,2,1995-06-26/1995-07-02,True,False,0.04103918,-0.14375831,-2,8,-0.18479749,-10,True,False
1995-06-28_912827U42,1995-06-28,1995-06-21,912827U42,5-Year,5-Year,False,DGS5,5,1.15e+10,1995-06-21,1995-07-06,144,1.1166667e+10,2.5819889e+08,1.2909944,ok,1.15e+10,own,1.2909944,ok,2,2,1995-06-26/1995-07-02,True,False,0.049710017,0.56464538,-1,-13,0.51493536,12,True,False
1995-07-25_912827U59,1995-07-25,1995-07-19,912827U59,2-Year,2-Year,False,DGS2,2,1.775e+10,1995-07-18,1995-08-01,184,1.75e+10,2.7386128e+08,0.91287093,ok,1.775e+10,previous,0.91287093,ok,1.9128709,1.9128709,1995-07-24/1995-07-30,True,False,-0.30808398,0.0075966371,17,0,0.31568061,17,True,False
1995-07-26_912827U67,1995-07-26,1995-07-19,912827U67,5-Year,5-Year,False,DGS5,5,1.15e+10,1995-07-19,1995-08-02,145,1.125e+10,2.7386128e+08,0.91287093,ok,1.15e+10,own,0.91287093,ok,1.9128709,1.9128709,1995-07-24/1995-07-30,True,False,-0.36893784,0.39487978,9,-9,0.76381761,18,True,False
1995-08-08_912827U75,1995-08-08,1995-08-02,912827U75,3-Year,3-Year,False,DGS3,3,1.8e+10,1995-08-01,1995-08-15,64,1.7083333e+10,2.0412415e+08,3,clipped,1.75e+10,previous,2.0412415,ok,2,2,1995-08-07/1995-08-13,True,False,0.1998705,-0.52709071,-7,20,-0.72696121,-27,True,False
1995-08-09_912827U83,1995-08-09,1995-08-02,912827U83,10-Year,10-Year,False,DGS10,10,1.3e+10,1995-08-02,1995-08-16,64,1.2083333e+10,2.0412415e+08,3,clipped,1.3e+10,own,3,clipped,2,2,1995-08-07/1995-08-13,True,False,-0.20050484,-0.48849572,3,7,-0.28799089,-4,True,False
1995-08-10_912810EV6,1995-08-10,1995-08-02,912810EV6,30-Year,30-Year,False,DGS30,30,1.15e+10,1995-08-03,1995-08-17,56,1.025e+10,1.2041595e+09,1.0380685,ok,1.15e+10,own,1.0380685,ok,2,2,1995-08-07/1995-08-13,True,False,0.40424084,0.025443829,-3,0,-0.37879701,-3,True,False
1995-08-22_912827U91,1995-08-22,1995-08-16,912827U91,2-Year,2-Year,False,DGS2,2,1.775e+10,1995-08-15,1995-08-29,185,1.7583333e+10,2.5819889e+08,0.64549722,ok,1.775e+10,previous,0.64549722,ok,1.6454972,1.6454972,1995-08-21/1995-08-27,True,False,0.029347259,0.32538541,-1,-17,0.29603816,16,True,False
1995-08-23_912827V25,1995-08-23,1995-08-16,912827V25,5-Year,5-Year,False,DGS5,5,1.15e+10,1995-08-16,1995-08-30,146,1.1333333e+10,2.5819889e+08,0.64549722,ok,1.15e+10,own,0.64549722,ok,1.6454972,1.6454972,1995-08-21/1995-08-27,True,False,-0.19608155,1.1636415,5,-27,1.359723,32,True,False
1995-09-26_912827V33,1995-09-26,1995-09-20,912827V33,2-Year,2-Year,False,DGS2,2,1.775e+10,1995-09-19,1995-10-03,186,1.7666667e+10,2.0412415e+08,0.40824829,ok,1.775e+10,previous,0.40824829,ok,1.4082483,1.4082483,1995-09-25/1995-10-01,True,False,-0.2311949,0.15875535,13,-8,0.38995025,21,True,False
1995-09-27_912827V41,1995-09-27,1995-09-20,912827V41,5-Year,5-Year,False,DGS5,5,1.15e+10,1995-09-20,1995-10-04,147,1.1416667e+10,2.0412415e+08,0.40824829,ok,1.15e+10,own,0.40824829,ok,1.4082483,1.4082483,1995-09-25/1995-10-01,True,False,-0.6661437,0.73974464,16,-17,1.4058883,33,True,False
1995-10-24_912827V58,1995-10-24,1995-10-18,912827V58,2-Year,2-Year,False,DGS2,2,1.775e+10,1995-10-17,1995-10-31,187,1.775e+10,0,0,sd0,1.775e+10,previous,0,sd0,1,1,1995-10-23/1995-10-29,True,False,-0.048902577,0.13656668,3,-7,0.18546925,10,True,False
1995-10-25_912827V66,1995-10-25,1995-10-18,912827V66,5-Year,5-Year,False,DGS5,5,1.15e+10,1995-10-18,1995-11-01,148,1.15e+10,0,0,sd0,1.15e+10,own,0,sd0,1,1,1995-10-23/1995-10-29,True,False,0.13846349,0.26659043,-3,-6,0.12812694,3,True,False
1995-11-20_912827V74,1995-11-20,1995-11-13,912827V74,3-Year,3-Year,False,DGS3,3,1.8e+10,1995-11-13,1995-11-28,65,1.725e+10,4.1833001e+08,1.7928429,ok,1.8e+10,own,1.7928429,ok,2,2,1995-11-20/1995-11-26,True,False,0.22051927,-0.024393789,-8,1,-0.24491306,-9,True,False
1995-11-21_912827V82,1995-11-21,1995-11-13,912827V82,10-Year,10-Year,False,DGS10,10,1.35e+10,1995-11-14,1995-11-29,65,1.225e+10,4.1833001e+08,2.9880715,ok,1.35e+10,own,2.9880715,ok,2,2,1995-11-20/1995-11-26,True,False,0.38240712,0.5349659,-5,-7,0.15255878,2,True,False
1995-11-28_912827V90,1995-11-28,1995-11-22,912827V90,2-Year,2-Year,False,DGS2,2,1.825e+10,1995-11-20,1995-12-05,188,1.775e+10,0,3,sd0,1.775e+10,previous,0,sd0,1,2,1995-11-27/1995-12-03,True,False,0.020080622,0.29873778,-1,-16,0.27865716,15,True,False
1995-11-29_912827W24,1995-11-29,1995-11-22,912827W24,5-Year,5-Year,False,DGS5,5,1.2e+10,1995-11-21,1995-12-06,149,1.15e+10,0,3,sd0,1.15e+10,previous,0,sd0,1,2,1995-11-27/1995-12-03,True,False,0.43671035,0.47710003,-10,-11,0.04038968,1,True,False
1995-12-20_912827W32,1995-12-20,1995-12-13,912827W32,2-Year,2-Year,False,DGS2,2,1.825e+10,1995-12-13,1995-12-28,189,1.7833333e+10,2.0412415e+08,2.0412415,ok,1.825e+10,own,2.0412415,ok,2,2,1995-12-18/1995-12-24,True,False,0.1145813,0.25040779,-6,-13,0.13582649,7,True,False
1995-12-21_912827W40,1995-12-21,1995-12-13,912827W40,5-Year,5-Year,False,DGS5,5,1.2e+10,1995-12-14,1995-12-29,150,1.1583333e+10,2.0412415e+08,2.0412415,ok,1.2e+10,own,2.0412415,ok,2,2,1995-12-18/1995-12-24,True,False,0.092354918,0.66182966,-2,-15,0.56947474,13,True,False
1996-01-23_912827W57,1996-01-23,1996-01-17,912827W57,2-Year,2-Year,False,DGS2,2,1.825e+10,1996-01-16,1996-01-30,190,1.7916667e+10,2.5819889e+08,1.2909944,ok,1.825e+10,previous,1.2909944,ok,2,2,1996-01-22/1996-01-28,True,False,-0.018375106,0.1324931,1,-7,0.1508682,8,True,False
1996-01-24_912827W65,1996-01-24,1996-01-17,912827W65,5-Year,5-Year,False,DGS5,5,1.2e+10,1996-01-17,1996-01-31,151,1.1666667e+10,2.5819889e+08,1.2909944,ok,1.2e+10,own,1.2909944,ok,2,2,1996-01-22/1996-01-28,True,False,-0.038656672,0.22223733,1,-5,0.260894,6,True,False
1996-02-06_912827W73,1996-02-06,1996-01-31,912827W73,3-Year,3-Year,False,DGS3,3,1.85e+10,1996-01-30,1996-02-13,66,1.7416667e+10,4.9159604e+08,2.2037064,ok,1.8e+10,previous,1.1866111,ok,2,2,1996-02-05/1996-02-11,True,False,0.27748549,0.38855376,-10,-14,0.11106827,4,True,False
1996-02-07_912827W81,1996-02-07,1996-01-31,912827W81,10-Year,10-Year,False,DGS10,10,1.4e+10,1996-01-31,1996-02-14,66,1.25e+10,6.3245553e+08,2.3717082,ok,1.4e+10,own,2.3717082,ok,2,2,1996-02-05/1996-02-11,True,False,-0.43962651,0.31709801,6,-4,0.75672452,10,True,False
1996-02-08_912810EW4,1996-02-08,1996-01-31,912810EW4,30-Year,30-Year,False,DGS30,30,1.2e+10,1996-02-01,1996-02-15,57,1.0625e+10,1.1805719e+09,1.1646898,ok,1.2e+10,own,1.1646898,ok,2,2,1996-02-05/1996-02-11,True,False,-0.11586914,-0.93174385,1,7,-0.81587471,-6,True,False
1996-02-27_912827J94,1996-02-27,1996-02-21,912827J94,2-Year,5-Year,True,DGS5,5,1.825e+10,1996-02-20,1996-03-05,152,1.175e+10,2.7386128e+08,3,clipped,1.2e+10,previous,0.91287093,ok,1.9128709,2,1996-02-26/1996-03-03,True,False,-0.41857194,0.14044869,10,-3,0.55902063,13,True,False
1996-02-28_912827X23,1996-02-28,1996-02-21,912827X23,5-Year,5-Year,False,DGS5,5,1.2e+10,1996-02-21,1996-03-06,153,1.2875e+10,2.6445699e+09,-0.33086666,ok,1.2e+10,own,-0.33086666,ok,0.66913334,0.66913334,1996-02-26/1996-03-03,True,False,-0.71749169,0.22624081,17,-5,0.9437325,22,True,False
1996-04-08_912827X31,1996-04-08,1996-03-28,912827X31,2-Year,2-Year,False,DGS2,2,1.825e+10,1996-04-01,1996-04-15,191,1.8e+10,2.7386128e+08,0.91287093,ok,1.825e+10,own,0.91287093,ok,1.9128709,1.9128709,1996-04-08/1996-04-14,True,False,-0.57738452,0.35332953,32,-18,0.93071405,50,True,False
1996-04-09_912827X49,1996-04-09,1996-03-28,912827X49,5-Year,5-Year,False,DGS5,5,1.2e+10,1996-04-02,1996-04-16,154,1.2958333e+10,2.6000801e+09,-0.36857838,ok,1.2e+10,own,-0.36857838,ok,0.63142162,0.63142162,1996-04-08/1996-04-14,True,False,-1.4549582,0.40489868,35,-9,1.8598569,44,True,False
1996-04-23_912827X56,1996-04-23,1996-04-17,912827X56,2-Year,2-Year,False,DGS2,2,1.875e+10,1996-04-16,1996-04-30,192,1.8083333e+10,2.5819889e+08,2.5819889,ok,1.825e+10,previous,0.64549722,ok,1.6454972,2,1996-04-22/1996-04-28,True,False,-0.018091628,-0.16848649,2,10,-0.15039486,-8,True,False
1996-04-24_912827X64,1996-04-24,1996-04-17,912827X64,5-Year,5-Year,False,DGS5,5,1.25e+10,1996-04-17,1996-05-01,155,1.3041667e+10,2.5515518e+09,-0.21228911,ok,1.25e+10,own,-0.21228911,ok,0.78771089,0.78771089,1996-04-22/1996-04-28,True,False,-0.017046135,-0.18738697,1,5,-0.17034084,-4,True,False
1996-05-07_912827X72,1996-05-07,1996-05-01,912827X72,3-Year,3-Year,False,DGS3,3,1.9e+10,1996-04-30,1996-05-14,67,1.7666667e+10,6.0553007e+08,2.2019275,ok,1.85e+10,previous,1.3762047,ok,2,2,1996-05-06/1996-05-12,True,False,-0.48773101,0.53593019,19,-19,1.0236612,38,True,False
1996-05-08_912827X80,1996-05-08,1996-05-01,912827X80,10-Year,10-Year,False,DGS10,10,1.4e+10,1996-05-01,1996-05-15,67,1.2833333e+10,8.1649658e+08,1.428869,ok,1.4e+10,own,1.428869,ok,2,2,1996-05-06/1996-05-12,True,False,-0.68746189,0.97012681,10,-13,1.6575887,23,True,False
1996-05-29_912827X98,1996-05-29,1996-05-22,912827X98,2-Year,2-Year,False,DGS2,2,1.875e+10,1996-05-21,1996-06-05,193,1.825e+10,3.1622777e+08,1.5811388,ok,1.875e+10,previous,1.5811388,ok,2,2,1996-05-27/1996-06-02,True,False,-0.22083948,-0.12725419,13,8,0.093585288,5,True,False
1996-05-30_912827Y22,1996-05-30,1996-05-22,912827Y22,5-Year,5-Year,False,DGS5,5,1.25e+10,1996-05-22,1996-06-06,156,1.3125e+10,2.5186802e+09,-0.24814583,ok,1.25e+10,own,-0.24814583,ok,0.75185417,0.75185417,1996-05-27/1996-06-02,True,False,-0.68593249,0.1536544,17,-3,0.83958688,20,True,False
1996-06-25_912827Y30,1996-06-25,1996-06-19,912827Y30,2-Year,2-Year,False,DGS2,2,1.875e+10,1996-06-18,1996-07-02,194,1.8416667e+10,2.5819889e+08,1.2909944,ok,1.875e+10,previous,1.2909944,ok,2,2,1996-06-24/1996-06-30,True,False,-0.015570657,0.1678871,2,-8,0.18345776,10,True,False
1996-06-26_912827Y48,1996-06-26,1996-06-19,912827Y48,5-Year,5-Year,False,DGS5,5,1.25e+10,1996-06-19,1996-07-03,157,1.3208333e+10,2.4820187e+09,-0.28538598,ok,1.25e+10,own,-0.28538598,ok,0.71461402,0.71461402,1996-06-24/1996-06-30,True,False,0.3224176,0.61471187,-7,-14,0.29229427,7,True,False
1996-07-09_912827Y55,1996-07-09,1996-07-03,912827Y55,10-Year,10-Year,False,DGS10,10,1e+10,1996-07-01,1996-07-16,68,1.3166667e+10,8.1649658e+08,-3,clipped,1.4e+10,previous,1.0206207,ok,2,0,1996-07-08/1996-07-14,True,False,-1.8125492,1.1781535,26,-16,2.9907027,42,True,False
1996-07-23_912827Y63,1996-07-23,1996-07-17,912827Y63,2-Year,2-Year,False,DGS2,2,1.875e+10,1996-07-16,1996-07-30,195,1.85e+10,2.7386128e+08,0.91287093,ok,1.875e+10,previous,0.91287093,ok,1.9128709,1.9128709,1996-07-22/1996-07-28,True,False,0.018845819,-0.10989693,0,7,-0.12874275,-7,True,False
1996-07-24_912827Y71,1996-07-24,1996-07-17,912827Y71,5-Year,5-Year,False,DGS5,5,1.25e+10,1996-07-17,1996-07-31,158,1.3291667e+10,2.4413965e+09,-0.32426797,ok,1.25e+10,own,-0.32426797,ok,0.67573203,0.67573203,1996-07-22/1996-07-28,True,False,-0.058903483,0.27826004,2,-6,0.33716352,8,True,False
1996-08-06_912827Y89,1996-08-06,1996-07-31,912827Y89,3-Year,3-Year,False,DGS3,3,1.9e+10,1996-07-30,1996-08-13,68,1.8e+10,7.0710678e+08,1.4142136,ok,1.9e+10,previous,1.4142136,ok,2,2,1996-08-05/1996-08-11,True,False,0.93865786,-0.0079958255,-34,1,-0.94665368,-35,True,False
1996-08-07_912827Y55,1996-08-07,1996-07-31,912827Y55,9-Year 11-Month,10-Year,True,DGS10,10,1e+10,1996-07-31,1996-08-14,69,1.2833333e+10,1.5055453e+09,-1.8819316,ok,1e+10,own,-1.8819316,ok,0,0,1996-08-05/1996-08-11,True,False,1.8419216,-0.19132336,-25,3,-2.0332449,-28,True,False
1996-08-08_912810EX2,1996-08-08,1996-07-31,912810EX2,30-Year,30-Year,False,DGS30,30,1e+10,1996-08-01,1996-08-15,58,1.125e+10,4.1833001e+08,-2.9880715,ok,1e+10,own,-2.9880715,ok,0,0,1996-08-05/1996-08-11,True,False,1.0523442,-0.73277491,-8,6,-1.7851191,-14,True,False
1996-08-27_912827Z21,1996-08-27,1996-08-21,912827Z21,2-Year,2-Year,False,DGS2,2,1.875e+10,1996-08-20,1996-09-04,196,1.8583333e+10,2.5819889e+08,0.64549722,ok,1.875e+10,previous,0.64549722,ok,1.6454972,1.6454972,1996-08-26/1996-09-01,True,False,-0.35175848,-0.36451544,20,21,-0.012756962,-1,True,False
1996-08-28_912827Z39,1996-08-28,1996-08-21,912827Z39,5-Year,5-Year,False,DGS5,5,1.25e+10,1996-08-21,1996-09-05,159,1.2333333e+10,2.5819889e+08,0.64549722,ok,1.25e+10,own,0.64549722,ok,1.6454972,1.6454972,1996-08-26/1996-09-01,True,False,-0.85575337,-0.80425656,21,20,0.051496812,1,True,False
1996-09-25_912827Z47,1996-09-25,1996-09-18,912827Z47,2-Year,2-Year,False,DGS2,2,1.825e+10,1996-09-18,1996-10-02,197,1.8666667e+10,2.0412415e+08,-2.0412415,ok,1.825e+10,own,-2.0412415,ok,0,0,1996-09-23/1996-09-29,True,False,0.35355727,0.2061883,-18,-10,-0.14736897,-8,True,False
1996-09-26_912827Z54,1996-09-26,1996-09-18,912827Z54,5-Year,5-Year,False,DGS5,5,1.25e+10,1996-09-19,1996-10-03,160,1.2416667e+10,2.0412415e+08,0.40824829,ok,1.25e+10,own,0.40824829,ok,1.4082483,1.4082483,1996-09-23/1996-09-29,True,False,1.0407428,0.28046909,-24,-6,-0.7602737,-18,True,False
1996-10-08_912827Z62,1996-10-08,1996-10-02,912827Z62,10-Year,10-Year,False,DGS10,10,1e+10,1996-10-01,1996-10-16,70,1.2416667e+10,1.9083151e+09,-1.2663876,ok,1e+10,previous,-1.2663876,ok,0,0,1996-10-07/1996-10-13,True,False,0.90022407,-0.25864796,-12,4,-1.158872,-16,True,False
1996-10-22_912827Z70,1996-10-22,1996-10-16,912827Z70,2-Year,2-Year,False,DGS2,2,1.825e+10,1996-10-15,1996-10-29,198,1.8666667e+10,2.0412415e+08,-2.0412415,ok,1.825e+10,previous,-2.0412415,ok,0,0,1996-10-21/1996-10-27,True,False,-0.021195326,0.3510741,2,-18,0.37226943,20,True,False
1996-10-23_912827Z88,1996-10-23,1996-10-16,912827Z88,5-Year,5-Year,False,DGS5,5,1.25e+10,1996-10-16,1996-10-30,161,1.25e+10,0,0,sd0,1.25e+10,own,0,sd0,1,1,1996-10-21/1996-10-27,True,False,0.022578477,0.83008163,0,-19,0.80750315,19,True,False
1996-11-05_912827Z96,1996-11-05,1996-10-30,912827Z96,3-Year,3-Year,False,DGS3,3,1.85e+10,1996-10-29,1996-11-13,69,1.8333333e+10,6.0553007e+08,0.27524094,ok,1.9e+10,previous,1.1009638,ok,2,1.2752409,1996-11-04/1996-11-10,True,False,0.23280838,0.070506614,-8,-2,-0.16230177,-6,True,False
1996-11-06_912827Z62,1996-11-06,1996-10-30,912827Z62,9-Year 11-Month,10-Year,True,DGS10,10,1e+10,1996-10-30,1996-11-14,71,1.1916667e+10,2.1075262e+09,-0.90943907,ok,1e+10,own,-0.90943907,ok,0.090560929,0.090560929,1996-11-04/1996-11-10,True,False,0.75757277,1.1332531,-10,-15,0.37568033,5,True,False
1996-11-07_912810EY0,1996-11-07,1996-10-30,912810EY0,30-Year,30-Year,False,DGS30,30,1e+10,1996-10-31,1996-11-15,59,1.1083333e+10,6.6458007e+08,-1.6301021,ok,1e+10,own,-1.6301021,ok,0,0,1996-11-04/1996-11-10,True,False,2.3991588,0.29132245,-18,-2,-2.1078363,-16,True,False
1996-11-19_9128272B7,1996-11-19,1996-11-13,9128272B7,2-Year,2-Year,False,DGS2,2,1.825e+10,1996-11-12,1996-11-26,199,1.8583333e+10,2.5819889e+08,-1.2909944,ok,1.825e+10,previous,-1.2909944,ok,0,0,1996-11-18/1996-11-24,True,False,0.10449293,0.047972451,-5,-2,-0.056520479,-3,True,False
1996-11-20_9128272C5,1996-11-20,1996-11-13,9128272C5,5-Year,5-Year,False,DGS5,5,1.25e+10,1996-11-13,1996-11-27,162,1.25e+10,0,0,sd0,1.25e+10,own,0,sd0,1,1,1996-11-18/1996-11-24,True,False,0.3153154,0.058138726,-7,-1,-0.25717668,-6,True,False
1996-12-18_9128272D3,1996-12-18,1996-12-11,9128272D3,2-Year,2-Year,False,DGS2,2,1.825e+10,1996-12-11,1996-12-26,200,1.85e+10,2.7386128e+08,-0.91287093,ok,1.825e+10,own,-0.91287093,ok,0.087129071,0.087129071,1996-12-16/1996-12-22,True,False,-0.11269236,0.092989341,7,-4,0.2056817,11,True,False
1996-12-19_9128272E1,1996-12-19,1996-12-11,9128272E1,5-Year,5-Year,False,DGS5,5,1.25e+10,1996-12-12,1996-12-27,163,1.25e+10,0,0,sd0,1.25e+10,own,0,sd0,1,1,1996-12-16/1996-12-22,True,False,0.064849004,0.19444832,-1,-4,0.12959932,3,True,False
1997-01-22_9128272F8,1997-01-22,1997-01-15,9128272F8,2-Year,2-Year,False,DGS2,2,1.75e+10,1997-01-14,1997-01-29,201,1.8416667e+10,2.5819889e+08,-3,clipped,1.825e+10,previous,-0.64549722,ok,0.35450278,0,1997-01-20/1997-01-26,True,False,-0.017789714,-0.056201558,2,4,-0.038411844,-2,True,False
1997-01-23_9128272G6,1997-01-23,1997-01-15,9128272G6,5-Year,5-Year,False,DGS5,5,1.25e+10,1997-01-15,1997-01-30,164,1.25e+10,0,0,sd0,1.25e+10,own,0,sd0,1,1,1997-01-20/1997-01-26,True,False,-0.18526853,0.02389042,5,0,0.20915895,5,True,False
1997-02-11_9128272H4,1997-02-11,1997-02-05,9128272H4,3-Year,3-Year,False,DGS3,3,1.775e+10,1997-02-04,1997-02-19,70,1.85e+10,4.472136e+08,-1.677051,ok,1.85e+10,previous,0,ok,1,0,1997-02-10/1997-02-16,True,False,0.044763764,0.2360166,-1,-8,0.19125284,7,True,False
1997-02-12_9128272J0,1997-02-12,1997-02-05,9128272J0,10-Year,10-Year,False,DGS10,10,1.2e+10,1997-02-05,1997-02-20,72,1.1333333e+10,2.0655911e+09,0.32274861,ok,1.2e+10,own,0.32274861,ok,1.3227486,1.3227486,1997-02-10/1997-02-16,True,False,0.61021521,0.098582758,-8,-1,-0.51163245,-7,True,False
1997-02-13_912810EZ7,1997-02-13,1997-02-05,912810EZ7,30-Year,30-Year,False,DGS30,30,1e+10,1997-02-06,1997-02-21,60,1.0916667e+10,8.0104099e+08,-1.1443443,ok,1e+10,own,-1.1443443,ok,0,0,1997-02-10/1997-02-16,True,False,2.3764622,-0.61630852,-18,5,-2.9927707,-23,True,False
1997-02-25_9128272K7,1997-02-25,1997-02-19,9128272K7,2-Year,2-Year,False,DGS2,2,1.75e+10,1997-02-18,1997-03-04,202,1.8208333e+10,4.0052049e+08,-1.7685321,ok,1.75e+10,previous,-1.7685321,ok,0,0,1997-02-24/1997-03-02,True,False,-0.1704782,-0.37194876,10,21,-0.20147056,-11,True,False
1997-02-26_9128272L5,1997-02-26,1997-02-19,9128272L5,5-Year,5-Year,False,DGS5,5,1.25e+10,1997-02-19,1997-03-05,165,1.25e+10,0,0,sd0,1.25e+10,own,0,sd0,1,1,1997-02-24/1997-03-02,True,False,-1.1179517,-0.22976192,27,6,0.88818978,21,True,False
1997-03-25_9128272N1,1997-03-25,1997-03-19,9128272N1,2-Year,2-Year,False,DGS2,2,1.725e+10,1997-03-18,1997-04-02,203,1.8e+10,3.8729833e+08,-1.9364917,ok,1.75e+10,previous,-1.2909944,ok,0,0,1997-03-24/1997-03-30,True,False,-0.18490887,-0.14221972,11,9,0.04268915,2,True,False
1997-03-26_9128272P6,1997-03-26,1997-03-19,9128272P6,5-Year,5-Year,False,DGS5,5,1.25e+10,1997-03-19,1997-04-03,166,1.25e+10,0,0,sd0,1.25e+10,own,0,sd0,1,1,1997-03-24/1997-03-30,True,False,-0.31136163,-0.22023556,8,6,0.091126074,2,True,False
1997-04-22_9128272R2,1997-04-22,1997-04-16,9128272R2,2-Year,2-Year,False,DGS2,2,1.7e+10,1997-04-15,1997-04-29,204,1.7833333e+10,4.6547467e+08,-1.7902872,ok,1.725e+10,previous,-1.253201,ok,0,0,1997-04-21/1997-04-27,True,False,0.059906649,0.18940809,-2,-9,0.12950144,7,True,False
1997-04-23_9128272S0,1997-04-23,1997-04-16,9128272S0,5-Year,5-Year,False,DGS5,5,1.25e+10,1997-04-16,1997-04-30,167,1.25e+10,0,0,sd0,1.25e+10,own,0,sd0,1,1,1997-04-21/1997-04-27,True,False,0.070016771,0.91143614,-1,-21,0.84141937,20,True,False
1997-05-06_9128272T8,1997-05-06,1997-04-30,9128272T8,3-Year,3-Year,False,DGS3,3,1.7e+10,1997-04-29,1997-05-13,71,1.8458333e+10,5.1031036e+08,-2.857738,ok,1.775e+10,previous,-1.3880442,ok,0,0,1997-05-05/1997-05-11,True,False,0.29218896,-0.11064344,-10,5,-0.4028324,-15,True,False
1997-05-07_9128272U5,1997-05-07,1997-04-30,9128272U5,10-Year,10-Year,False,DGS10,10,1.2e+10,1997-04-30,1997-05-14,73,1.1e+10,1.6733201e+09,0.5976143,ok,1.2e+10,own,0.5976143,ok,1.5976143,1.5976143,1997-05-05/1997-05-11,True,False,-0.25970929,0.60571611,4,-8,0.86542541,12,True,False
1997-05-28_9128272V3,1997-05-28,1997-05-21,9128272V3,2-Year,2-Year,False,DGS2,2,1.65e+10,1997-05-20,1997-06-04,205,1.7625e+10,5.1841103e+08,-2.1700927,ok,1.7e+10,previous,-1.2056071,ok,0,0,1997-05-26/1997-06-01,True,False,-0.14177929,0.28398728,9,-14,0.42576657,23,True,False
1997-05-29_9128272W1,1997-05-29,1997-05-21,9128272W1,5-Year,5-Year,False,DGS5,5,1.2e+10,1997-05-21,1997-06-05,168,1.25e+10,0,-3,sd0,1.2e+10,own,-3,sd0,0,0,1997-05-26/1997-06-01,True,False,-0.13563624,0.53539777,4,-12,0.67103401,16,True,False
1997-06-24_9128272X9,1997-06-24,1997-06-18,9128272X9,2-Year,2-Year,False,DGS2,2,1.55e+10,1997-06-17,1997-07-01,206,1.7333333e+10,5.845226e+08,-3,clipped,1.65e+10,previous,-1.4256649,ok,0,0,1997-06-23/1997-06-29,True,False,0.056279665,0.036980344,-2,-1,-0.019299321,-1,True,False
1997-06-25_9128272Y7,1997-06-25,1997-06-18,9128272Y7,5-Year,5-Year,False,DGS5,5,1.15e+10,1997-06-18,1997-07-02,169,1.2416667e+10,2.0412415e+08,-3,clipped,1.15e+10,own,-3,clipped,0,0,1997-06-23/1997-06-29,True,False,-0.1874486,0.1929571,5,-4,0.3804057,9,True,False
1997-07-22_9128273B6,1997-07-22,1997-07-16,9128273B6,2-Year,2-Year,False,DGS2,2,1.55e+10,1997-07-15,1997-07-29,207,1.6875e+10,7.7055175e+08,-1.7844356,ok,1.55e+10,previous,-1.7844356,ok,0,0,1997-07-21/1997-07-27,True,False,0.051411168,0.21816165,-2,-11,0.16675048,9,True,False
1997-07-23_9128273C4,1997-07-23,1997-07-16,9128273C4,5-Year,5-Year,False,DGS5,5,1.15e+10,1997-07-16,1997-07-30,170,1.225e+10,4.1833001e+08,-1.7928429,ok,1.15e+10,own,-1.7928429,ok,0,0,1997-07-21/1997-07-27,True,False,0.23104453,0.48656033,-5,-11,0.2555158,6,True,False
1997-08-05_9128273D2,1997-08-05,1997-07-30,9128273D2,3-Year,3-Year,False,DGS3,3,1.6e+10,1997-07-29,1997-08-12,72,1.8291667e+10,7.8129167e+08,-2.9331769,ok,1.7e+10,previous,-1.6532452,ok,0,0,1997-08-04/1997-08-10,True,False,-0.41893129,-0.25374652,16,10,0.16518477,6,True,False
1997-08-06_9128273E0,1997-08-06,1997-07-30,9128273E0,10-Year,10-Year,False,DGS10,10,1.2e+10,1997-07-30,1997-08-13,74,1.0666667e+10,1.0327956e+09,1.2909944,ok,1.2e+10,own,1.2909944,ok,2,2,1997-08-04/1997-08-10,True,False,-1.161526,-1.0768153,16,15,0.08471069,1,True,False
1997-08-07_912810FA1,1997-08-07,1997-07-30,912810FA1,30-Year,30-Year,False,DGS30,30,1e+10,1997-07-31,1997-08-14,61,1.075e+10,8.8034084e+08,-0.85194275,ok,1e+10,own,-0.85194275,ok,0.14805725,0.14805725,1997-08-04/1997-08-10,True,False,-2.7279834,-0.63012469,21,5,2.0978587,16,True,False
1997-08-26_9128273F7,1997-08-26,1997-08-20,9128273F7,2-Year,2-Year,False,DGS2,2,1.55e+10,1997-08-19,1997-09-03,208,1.6541667e+10,8.7201873e+08,-1.1945462,ok,1.55e+10,previous,-1.1945462,ok,0,0,1997-08-25/1997-08-31,True,False,-0.24546867,0.072508593,14,-3,0.31797727,17,True,False
1997-08-27_9128273G5,1997-08-27,1997-08-20,9128273G5,5-Year,5-Year,False,DGS5,5,1.15e+10,1997-08-20,1997-09-04,171,1.2083333e+10,4.9159604e+08,-1.1866111,ok,1.15e+10,own,-1.1866111,ok,0,0,1997-08-25/1997-08-31,True,False,-0.53177895,0.064674022,13,-1,0.59645298,14,True,False
1997-09-23_9128273H3,1997-09-23,1997-09-17,9128273H3,2-Year,2-Year,False,DGS2,2,1.55e+10,1997-09-16,1997-09-30,209,1.6208333e+10,8.1266024e+08,-0.87162297,ok,1.55e+10,previous,-0.87162297,ok,0.12837703,0.12837703,1997-09-22/1997-09-28,True,False,0.033458529,0.016686419,-1,0,-0.016772111,-1,True,False
1997-09-24_9128273J9,1997-09-24,1997-09-17,9128273J9,5-Year,5-Year,False,DGS5,5,1.15e+10,1997-09-17,1997-10-01,172,1.1916667e+10,4.9159604e+08,-0.84757938,ok,1.15e+10,own,-0.84757938,ok,0.15242062,0.15242062,1997-09-22/1997-09-28,True,False,0.10402317,0.19065767,-2,-4,0.086634503,2,True,False
1997-10-28_9128273K6,1997-10-28,1997-10-22,9128273K6,2-Year,2-Year,False,DGS2,2,1.5e+10,1997-10-21,1997-11-04,210,1.5916667e+10,6.6458007e+08,-1.3793171,ok,1.55e+10,previous,-0.62696233,ok,0.37303767,0,1997-10-27/1997-11-02,True,False,0.34818183,0.028540717,-18,-1,-0.31964111,-17,True,False
1997-10-29_9128273L4,1997-10-29,1997-10-22,9128273L4,5-Year,5-Year,False,DGS5,5,1.1e+10,1997-10-22,1997-11-05,173,1.175e+10,4.1833001e+08,-1.7928429,ok,1.1e+10,own,-1.7928429,ok,0,0,1997-10-27/1997-11-02,True,False,1.2166211,-0.24522566,-28,6,-1.4618468,-34,True,False
1997-11-04_9128273M2,1997-11-04,1997-10-29,9128273M2,3-Year,3-Year,False,DGS3,3,1.4e+10,1997-10-28,1997-11-12,73,1.7875e+10,1.2015615e+09,-3,clipped,1.6e+10,previous,-1.5604695,ok,0,0,1997-11-03/1997-11-09,True,False,0.092771436,0.038650033,-3,-1,-0.054121403,-2,True,False
1997-11-05_9128273E0,1997-11-05,1997-10-29,9128273E0,9-Year 9-Month,10-Year,True,DGS10,10,1.1e+10,1997-10-29,1997-11-13,75,1.1e+10,1.0954451e+09,0,ok,1.1e+10,own,0,ok,1,1,1997-11-03/1997-11-09,True,False,-0.28523895,0.61319524,4,-8,0.89843419,12,True,False
1997-11-06_912810FB9,1997-11-06,1997-10-29,912810FB9,30-Year,30-Year,False,DGS30,30,1e+10,1997-10-30,1997-11-14,62,1.0583333e+10,9.1742393e+08,-0.63583837,ok,1e+10,own,-0.63583837,ok,0.36416163,0.36416163,1997-11-03/1997-11-09,True,False,0.28919123,0.84204619,-2,-6,0.55285496,4,True,False
1997-11-24_9128273P5,1997-11-24,1997-11-19,9128273P5,2-Year,2-Year,False,DGS2,2,1.5e+10,1997-11-17,1997-12-02,211,1.5583333e+10,4.9159604e+08,-1.1866111,ok,1.5e+10,previous,-1.1866111,ok,0,0,1997-11-24/1997-11-30,True,False,-0.009281877,-0.11801611,1,7,-0.10873423,-6,True,False
1997-11-25_9128273Q3,1997-11-25,1997-11-19,9128273Q3,5-Year,5-Year,False,DGS5,5,1.1e+10,1997-11-18,1997-12-03,174,1.15e+10,3.1622777e+08,-1.5811388,ok,1.1e+10,previous,-1.5811388,ok,0,0,1997-11-24/1997-11-30,True,False,0.010911091,0.013865923,0,0,0.0029548322,0,True,False
1997-12-22_9128273R1,1997-12-22,1997-12-17,9128273R1,2-Year,2-Year,False,DGS2,2,1.5e+10,1997-12-15,1997-12-30,212,1.5333333e+10,2.5819889e+08,-1.2909944,ok,1.5e+10,previous,-1.2909944,ok,0,0,1997-12-22/1997-12-28,True,False,-0.0097254834,-0.029341077,1,2,-0.019615593,-1,True,False
1997-12-23_9128273S9,1997-12-23,1997-12-17,9128273S9,5-Year,5-Year,False,DGS5,5,1.1e+10,1997-12-16,1997-12-31,175,1.1333333e+10,2.5819889e+08,-1.2909944,ok,1.1e+10,previous,-1.2909944,ok,0,0,1997-12-22/1997-12-28,True,False,0.13793249,0.0086311676,-3,0,-0.12930132,-3,True,False
1998-01-27_9128273U4,1998-01-27,1998-01-21,9128273U4,2-Year,2-Year,False,DGS2,2,1.5e+10,1998-01-20,1998-02-03,213,1.525e+10,2.7386128e+08,-0.91287093,ok,1.5e+10,previous,-0.91287093,ok,0.087129071,0.087129071,1998-01-26/1998-02-01,True,False,-0.1628824,0.22904223,9,-12,0.39192463,21,True,False
1998-01-28_9128273V2,1998-01-28,1998-01-21,9128273V2,5-Year,5-Year,False,DGS5,5,1.1e+10,1998-01-21,1998-02-04,176,1.125e+10,2.7386128e+08,-0.91287093,ok,1.1e+10,own,-0.91287093,ok,0.087129071,0.087129071,1998-01-26/1998-02-01,True,False,-0.55400299,0.56816189,13,-13,1.1221649,26,True,False
1998-02-10_9128273W0,1998-02-10,1998-02-04,9128273W0,3-Year,3-Year,False,DGS3,3,1.3e+10,1998-02-03,1998-02-18,74,1.7041667e+10,1.8331439e+09,-2.2047732,ok,1.4e+10,previous,-1.6592623,ok,0,0,1998-02-09/1998-02-15,True,False,-0.1853339,0.14154476,7,-5,0.32687866,12,True,False
1998-02-11_9128273X8,1998-02-11,1998-02-04,9128273X8,10-Year,10-Year,False,DGS10,10,1.2e+10,1998-02-04,1998-02-19,76,1.1166667e+10,9.8319208e+08,0.84757938,ok,1.2e+10,own,0.84757938,ok,1.8475794,1.8475794,1998-02-09/1998-02-15,True,False,0.31253219,0.15875981,-4,-2,-0.15377237,-2,True,False
1998-02-12_912810FB9,1998-02-12,1998-02-04,912810FB9,29-Year 9-Month,30-Year,True,DGS30,30,1e+10,1998-02-05,1998-02-20,63,1.0333333e+10,8.1649658e+08,-0.40824829,ok,1e+10,own,-0.40824829,ok,0.59175171,0.59175171,1998-02-09/1998-02-15,True,False,0.71619325,0.013782576,-5,0,-0.70241067,-5,True,False
1998-02-24_9128273Y6,1998-02-24,1998-02-18,9128273Y6,2-Year,2-Year,False,DGS2,2,1.5e+10,1998-02-17,1998-03-03,214,1.5166667e+10,2.5819889e+08,-0.64549722,ok,1.5e+10,previous,-0.64549722,ok,0.35450278,0.35450278,1998-02-23/1998-03-01,True,False,-0.42384067,-0.12423189,23,7,0.29960877,16,True,False
1998-02-25_9128273Z3,1998-02-25,1998-02-18,9128273Z3,5-Year,5-Year,False,DGS5,5,1.1e+10,1998-02-18,1998-03-04,177,1.1166667e+10,2.5819889e+08,-0.64549722,ok,1.1e+10,own,-0.64549722,ok,0.35450278,0.35450278,1998-02-23/1998-03-01,True,False,-0.68223311,-0.46477434,16,11,0.21745877,5,True,False
1998-03-24_9128274A7,1998-03-24,1998-03-18,9128274A7,2-Year,2-Year,False,DGS2,2,1.4e+10,1998-03-17,1998-03-31,215,1.5083333e+10,2.0412415e+08,-3,clipped,1.5e+10,previous,-0.40824829,ok,0.59175171,0,1998-03-23/1998-03-29,True,False,0.0078104205,-0.17759514,0,10,-0.18540556,-10,True,False
1998-03-25_9128274B5,1998-03-25,1998-03-18,9128274B5,5-Year,5-Year,False,DGS5,5,1.1e+10,1998-03-18,1998-04-01,178,1.1083333e+10,2.0412415e+08,-0.40824829,ok,1.1e+10,own,-0.40824829,ok,0.59175171,0.59175171,1998-03-23/1998-03-29,True,False,-0.292711,0.13899,7,-3,0.431701,10,True,False
1998-04-28_9128274C3,1998-04-28,1998-04-22,9128274C3,2-Year,2-Year,False,DGS2,2,1.3e+10,1998-04-21,1998-05-05,216,1.4833333e+10,4.0824829e+08,-3,clipped,1.4e+10,previous,-2.0412415,ok,0,0,1998-04-27/1998-05-03,True,False,-0.1558216,0.16146014,9,-8,0.31728174,17,True,False
1998-04-29_9128274D1,1998-04-29,1998-04-22,9128274D1,5-Year,5-Year,False,DGS5,5,1.1e+10,1998-04-22,1998-05-06,179,1.1e+10,0,0,sd0,1.1e+10,own,0,sd0,1,1,1998-04-27/1998-05-03,True,False,-0.50134008,0.78859932,12,-18,1.2899394,30,True,False
1998-05-12_9128274E9,1998-05-12,1998-05-06,9128274E9,3-Year,3-Year,False,DGS3,3,1e+10,1998-05-05,1998-05-19,75,1.6041667e+10,2.1587998e+09,-2.7986229,ok,1.3e+10,previous,-1.4089619,ok,0,0,1998-05-11/1998-05-17,True,False,0.11990426,0.0096367167,-4,0,-0.11026754,-4,True,False
1998-05-13_9128274F6,1998-05-13,1998-05-06,9128274F6,10-Year,10-Year,False,DGS10,10,1.2e+10,1998-05-06,1998-05-20,77,1.15e+10,8.3666003e+08,0.5976143,ok,1.2e+10,own,0.5976143,ok,1.5976143,1.5976143,1998-05-11/1998-05-17,True,False,0.23732582,0.23713624,-3,-3,-0.00018957323,-8.8817842e-14,True,False
1998-05-27_9128274G4,1998-05-27,1998-05-20,9128274G4,2-Year,2-Year,False,DGS2,2,1.3e+10,1998-05-19,1998-06-03,217,1.45e+10,8.3666003e+08,-1.7928429,ok,1.3e+10,previous,-1.7928429,ok,0,0,1998-05-25/1998-05-31,True,False,0.12203874,-0.026823236,-6,2,-0.14886197,-8,True,False
1998-05-28_9128274H2,1998-05-28,1998-05-20,9128274H2,5-Year,5-Year,False,DGS5,5,1.1e+10,1998-05-20,1998-06-04,180,1.1e+10,0,0,sd0,1.1e+10,own,0,sd0,1,1,1998-05-25/1998-05-31,True,False,0.18281867,-0.16157375,-4,4,-0.34439241,-8,True,False
1998-06-23_9128274J8,1998-06-23,1998-06-17,9128274J8,2-Year,2-Year,False,DGS2,2,1.2e+10,1998-06-16,1998-06-30,218,1.4166667e+10,9.8319208e+08,-2.2037064,ok,1.3e+10,previous,-1.1866111,ok,0,0,1998-06-22/1998-06-28,True,False,0.026492789,0.010298739,-1,0,-0.01619405,-1,True,False
1998-06-24_9128274K5,1998-06-24,1998-06-17,9128274K5,5-Year,5-Year,False,DGS5,5,1.1e+10,1998-06-17,1998-07-01,181,1.1e+10,0,0,sd0,1.1e+10,own,0,sd0,1,1,1998-06-22/1998-06-28,True,False,0.39728738,0.22629414,-9,-5,-0.17099324,-4,True,False
1998-07-29_9128274M1,1998-07-29,1998-07-22,9128274M1,2-Year,2-Year,False,DGS2,2,1.5e+10,1998-07-22,1998-08-05,219,1.3666667e+10,1.2110601e+09,1.1009638,ok,1.5e+10,own,1.1009638,ok,2,2,1998-07-27/1998-08-02,True,False,-0.010030285,0.19535507,1,-10,0.20538536,11,True,False
1998-08-11_9128274N9,1998-08-11,1998-08-05,9128274N9,5-Year,5-Year,False,DGS5,5,1.6e+10,1998-08-04,1998-08-18,182,1.1e+10,0,3,sd0,1.1e+10,previous,0,sd0,1,2,1998-08-10/1998-08-16,True,False,0.48585521,-0.079789743,-11,2,-0.56564495,-13,True,False
1998-08-12_9128274F6,1998-08-12,1998-08-05,9128274F6,9-Year 9-Month,10-Year,True,DGS10,10,1.1e+10,1998-08-05,1998-08-19,78,1.1833333e+10,4.0824829e+08,-2.0412415,ok,1.1e+10,own,-2.0412415,ok,0,0,1998-08-10/1998-08-16,True,False,0.2377616,-0.14496249,-3,2,-0.38272409,-5,True,False
1998-08-13_912810FE3,1998-08-13,1998-08-05,912810FE3,30-Year,30-Year,False,DGS30,30,1e+10,1998-08-06,1998-08-20,64,1e+10,0,0,sd0,1e+10,own,0,sd0,1,1,1998-08-10/1998-08-16,True,False,1.0250567,1.1779205,-7,-8,0.15286384,1,True,False
1998-08-26_9128274Q2,1998-08-26,1998-08-19,9128274Q2,2-Year,2-Year,False,DGS2,2,1.5e+10,1998-08-19,1998-09-02,220,1.3666667e+10,1.2110601e+09,1.1009638,ok,1.5e+10,own,1.1009638,ok,2,2,1998-08-24/1998-08-30,True,False,0.41813773,0.30207501,-22,-16,-0.11606271,-6,True,False
1998-09-23_9128274R0,1998-09-23,1998-09-16,9128274R0,2-Year,2-Year,False,DGS2,2,1.5e+10,1998-09-16,1998-09-30,221,1.3666667e+10,1.2110601e+09,1.1009638,ok,1.5e+10,own,1.1009638,ok,2,2,1998-09-21/1998-09-27,True,False,0.43542115,0.41643925,-23,-22,-0.018981897,-1,True,False
1998-10-28_9128274T6,1998-10-28,1998-10-21,9128274T6,2-Year,2-Year,False,DGS2,2,1.6e+10,1998-10-21,1998-11-04,222,1.3833333e+10,1.3291601e+09,1.6301021,ok,1.6e+10,own,1.6301021,ok,2,2,1998-10-26/1998-11-01,True,False,0.21348696,-0.79631007,-11,42,-1.009797,-53,True,False
1998-11-03_9128274U3,1998-11-03,1998-10-28,9128274U3,5-Year,5-Year,False,DGS5,5,1.6e+10,1998-10-27,1998-11-10,183,1.1833333e+10,2.0412415e+09,2.0412415,ok,1.6e+10,previous,2.0412415,ok,2,2,1998-11-02/1998-11-08,True,False,-0.44583003,-0.75410081,10,17,-0.30827078,-7,True,False
1998-11-04_9128274V1,1998-11-04,1998-10-28,9128274V1,10-Year,10-Year,False,DGS10,10,1.2e+10,1998-10-28,1998-11-12,79,1.1666667e+10,5.1639778e+08,0.64549722,ok,1.2e+10,own,0.64549722,ok,1.6454972,1.6454972,1998-11-02/1998-11-08,True,False,-1.7973762,0.47750557,23,-6,2.2748818,29,True,False
1998-11-05_912810FF0,1998-11-05,1998-10-28,912810FF0,30-Year,30-Year,False,DGS30,30,1e+10,1998-10-29,1998-11-13,65,1e+10,0,0,sd0,1e+10,own,0,sd0,1,1,1998-11-02/1998-11-08,True,False,-2.9716502,0.46295684,20,-3,3.434607,23,True,False
1998-11-24_9128274W9,1998-11-24,1998-11-18,9128274W9,2-Year,2-Year,False,DGS2,2,1.6e+10,1998-11-17,1998-12-02,223,1.4333333e+10,1.5055453e+09,1.1070186,ok,1.6e+10,previous,1.1070186,ok,2,2,1998-11-23/1998-11-29,True,False,-0.10899604,0.53223537,6,-28,0.64123141,34,True,False
1998-12-29_9128274X7,1998-12-29,1998-12-23,9128274X7,2-Year,2-Year,False,DGS2,2,1.5e+10,1998-12-21,1999-01-06,224,1.4833333e+10,1.4719601e+09,0.1132277,ok,1.6e+10,previous,0.79259392,ok,1.7925939,1.1132277,1998-12-28/1999-01-03,True,False,-0.071402719,-0.034798499,4,2,0.03660422,2,True,False
1999-01-27_9128274Z2,1999-01-27,1999-01-20,9128274Z2,2-Year,2-Year,False,DGS2,2,1.5e+10,1999-01-20,1999-02-03,225,1.5333333e+10,5.1639778e+08,-0.64549722,ok,1.5e+10,own,-0.64549722,ok,0.35450278,0.35450278,1999-01-25/1999-01-31,True,False,0.17543223,-0.27905354,-9,15,-0.45448577,-24,True,False
1999-02-09_9128275A6,1999-02-09,1999-02-03,9128275A6,5-Year,5-Year,False,DGS5,5,1.5e+10,1999-02-02,1999-02-17,184,1.2666667e+10,2.5819889e+09,0.90369611,ok,1.6e+10,previous,1.2909944,ok,2,1.9036961,1999-02-08/1999-02-14,True,False,-0.34530673,-0.56076663,8,13,-0.2154599,-5,True,False
1999-02-10_9128274V1,1999-02-10,1999-02-03,9128274V1,9-Year 9-Month,10-Year,True,DGS10,10,1e+10,1999-02-03,1999-02-18,80,1.1666667e+10,5.1639778e+08,-3,clipped,1e+10,own,-3,clipped,0,0,1999-02-08/1999-02-14,True,False,-0.53952461,-1.0780686,7,14,-0.538544,-7,True,False
1999-02-11_912810FG8,1999-02-11,1999-02-03,912810FG8,30-Year,30-Year,False,DGS30,30,1e+10,1999-02-04,1999-02-19,66,1e+10,0,0,sd0,1e+10,own,0,sd0,1,1,1999-02-08/1999-02-14,True,False,0.16507283,-1.3181987,-1,9,-1.4832716,-10,True,False
1999-02-24_9128275C2,1999-02-24,1999-02-17,9128275C2,2-Year,2-Year,False,DGS2,2,1.5e+10,1999-02-17,1999-03-03,226,1.5333333e+10,5.1639778e+08,-0.64549722,ok,1.5e+10,own,-0.64549722,ok,0.35450278,0.35450278,1999-02-22/1999-02-28,True,False,-0.29246725,-0.25192005,16,14,0.040547198,2,True,False
1999-03-24_9128275D0,1999-03-24,1999-03-17,9128275D0,2-Year,2-Year,False,DGS2,2,1.5e+10,1999-03-17,1999-03-31,227,1.5333333e+10,5.1639778e+08,-0.64549722,ok,1.5e+10,own,-0.64549722,ok,0.35450278,0.35450278,1999-03-22/1999-03-28,True,False,0.06760996,-0.0081469887,-3,1,-0.075756949,-4,True,False
1999-04-28_9128275E8,1999-04-28,1999-04-21,9128275E8,2-Year,2-Year,False,DGS2,2,1.5e+10,1999-04-21,1999-05-05,228,1.5333333e+10,5.1639778e+08,-0.64549722,ok,1.5e+10,own,-0.64549722,ok,0.35450278,0.35450278,1999-04-26/1999-05-02,True,False,-0.043688457,-0.12071377,3,7,-0.077025313,-4,True,False
1999-05-11_9128275F5,1999-05-11,1999-05-05,9128275F5,5-Year,5-Year,False,DGS5,5,1.5e+10,1999-05-04,1999-05-18,185,1.3333333e+10,2.5819889e+09,0.64549722,ok,1.5e+10,previous,0.64549722,ok,1.6454972,1.6454972,1999-05-10/1999-05-16,True,False,-0.417837,-0.75969973,10,18,-0.34186273,-8,True,False
1999-05-12_9128275G3,1999-05-12,1999-05-05,9128275G3,10-Year,10-Year,False,DGS10,10,1.2e+10,1999-05-05,1999-05-19,81,1.1333333e+10,8.1649658e+08,0.81649658,ok,1.2e+10,own,0.81649658,ok,1.8164966,1.8164966,1999-05-10/1999-05-16,True,False,-0.81985839,-0.6686209,11,9,0.15123748,2,True,False
1999-05-26_9128275H1,1999-05-26,1999-05-19,9128275H1,2-Year,2-Year,False,DGS2,2,1.5e+10,1999-05-19,1999-06-03,229,1.5166667e+10,4.0824829e+08,-0.40824829,ok,1.5e+10,own,-0.40824829,ok,0.59175171,0.59175171,1999-05-24/1999-05-30,True,False,0.089203325,-0.37289027,-4,21,-0.4620936,-25,True,False
1999-06-23_9128275J7,1999-06-23,1999-06-16,9128275J7,2-Year,2-Year,False,DGS2,2,1.5e+10,1999-06-16,1999-06-30,230,1.5e+10,0,0,sd0,1.5e+10,own,0,sd0,1,1,1999-06-21/1999-06-27,True,False,-0.14928253,0.33601147,9,-17,0.48529399,26,True,False
1999-07-28_9128275L2,1999-07-28,1999-07-21,9128275L2,2-Year,2-Year,False,DGS2,2,1.5e+10,1999-07-21,1999-08-04,231,1.5e+10,0,0,sd0,1.5e+10,own,0,sd0,1,1,1999-07-26/1999-08-01,True,False,-0.14951283,-0.16870669,9,10,-0.019193851,-1,True,False
1999-08-10_9128275M0,1999-08-10,1999-08-04,9128275M0,5-Year,5-Year,False,DGS5,5,1.5e+10,1999-08-03,1999-08-17,186,1.4e+10,2.3664319e+09,0.42257713,ok,1.5e+10,previous,0.42257713,ok,1.4225771,1.4225771,1999-08-09/1999-08-15,True,False,-0.5755201,0.88048813,14,-20,1.4560082,34,True,False
1999-08-11_9128275N8,1999-08-11,1999-08-04,9128275N8,10-Year,10-Year,False,DGS10,10,1.2e+10,1999-08-04,1999-08-18,82,1.15e+10,8.3666003e+08,0.5976143,ok,1.2e+10,own,0.5976143,ok,1.5976143,1.5976143,1999-08-09/1999-08-15,True,False,-0.64803172,1.2967669,9,-17,1.9447986,26,True,False
1999-08-12_912810FJ2,1999-08-12,1999-08-04,912810FJ2,30-Year,30-Year,False,DGS30,30,1e+10,1999-08-05,1999-08-19,67,1e+10,0,0,sd0,1e+10,own,0,sd0,1,1,1999-08-09/1999-08-15,True,False,-1.7390836,2.0971553,13,-15,3.8362389,28,True,False
1999-08-25_9128275P3,1999-08-25,1999-08-18,9128275P3,2-Year,2-Year,False,DGS2,2,1.5e+10,1999-08-18,1999-09-01,232,1.5e+10,0,0,sd0,1.5e+10,own,0,sd0,1,1,1999-08-23/1999-08-29,True,False,0.25935781,-0.37633645,-13,21,-0.63569426,-34,True,False
1999-09-29_9128275Q1,1999-09-29,1999-09-22,9128275Q1,2-Year,2-Year,False,DGS2,2,1.5e+10,1999-09-22,1999-10-06,233,1.5e+10,0,0,sd0,1.5e+10,own,0,sd0,1,1,1999-09-27/1999-10-03,True,False,-0.002039589,-0.2246166,1,13,-0.22257702,-12,True,False
1999-10-27_9128275R9,1999-10-27,1999-10-20,9128275R9,2-Year,2-Year,False,DGS2,2,1.5e+10,1999-10-20,1999-11-03,234,1.5e+10,0,0,sd0,1.5e+10,own,0,sd0,1,1,1999-10-25/1999-10-31,True,False,0.017864917,0.29424021,0,-15,0.2763753,15,True,False
1999-11-09_9128275S7,1999-11-09,1999-11-03,9128275S7,5-Year,5-Year,False,DGS5,5,1.5e+10,1999-11-02,1999-11-17,187,1.4666667e+10,1.8618987e+09,0.17902872,ok,1.5e+10,previous,0.17902872,ok,1.1790287,1.1790287,1999-11-08/1999-11-14,True,False,0.48700638,-0.45361149,-11,11,-0.94061786,-22,True,False
1999-11-10_9128275N8,1999-11-10,1999-11-03,9128275N8,9-Year 9-Month,10-Year,True,DGS10,10,1e+10,1999-11-03,1999-11-18,83,1.15e+10,8.3666003e+08,-1.7928429,ok,1e+10,own,-1.7928429,ok,0,0,1999-11-08/1999-11-14,True,False,0.090415093,-0.42852419,-1,6,-0.51893928,-7,True,False
1999-11-23_9128272C5,1999-11-23,1999-11-17,9128272C5,2-Year,5-Year,True,DGS5,5,1.5e+10,1999-11-16,1999-12-01,188,1.5333333e+10,5.1639778e+08,-0.64549722,ok,1.5e+10,previous,-0.64549722,ok,0.35450278,0.35450278,1999-11-22/1999-11-28,True,False,-0.45293292,-0.49109839,11,12,-0.038165469,-1,True,False
1999-12-22_9128272E1,1999-12-22,1999-12-15,9128272E1,2-Year,5-Year,True,DGS5,5,1.5e+10,1999-12-15,1999-12-30,189,1.5166667e+10,4.0824829e+08,-0.40824829,ok,1.5e+10,own,-0.40824829,ok,0.59175171,0.59175171,1999-12-20/1999-12-26,True,False,-0.70213811,0.062947225,17,-1,0.76508533,18,True,False
2000-01-26_9128275X6,2000-01-26,2000-01-19,9128275X6,2-Year,2-Year,False,DGS2,2,1.4e+10,2000-01-19,2000-02-02,235,1.5e+10,0,-3,sd0,1.4e+10,own,-3,sd0,0,0,2000-01-24/2000-01-30,True,False,0.038018896,-0.31265064,-1,18,-0.35066954,-19,True,False
2000-02-08_9128275S7,2000-02-08,2000-02-02,9128275S7,4-Year 9-Month,5-Year,True,DGS5,5,1.2e+10,2000-02-01,2000-02-15,190,1.5e+10,0,-3,sd0,1.5e+10,previous,0,sd0,1,0,2000-02-07/2000-02-13,True,False,-0.23152115,0.021842325,6,0,0.25336347,6,True,False
2000-02-09_9128275Z1,2000-02-09,2000-02-02,9128275Z1,10-Year,10-Year,False,DGS10,10,1e+10,2000-02-02,2000-02-16,84,1.1166667e+10,9.8319208e+08,-1.1866111,ok,1e+10,own,-1.1866111,ok,0,0,2000-02-07/2000-02-13,True,False,0.30610362,0.017135066,-4,0,-0.28896855,-4,True,False
2000-02-10_912810FM5,2000-02-10,2000-02-02,912810FM5,30-Year 3-Month,30-Year 3-Month,False,DGS30,30,1e+10,2000-02-03,2000-02-17,68,1e+10,0,0,sd0,1e+10,own,0,sd0,1,1,2000-02-07/2000-02-13,True,False,-2.389052,1.633868,18,-12,4.02292,30,True,False
2000-02-23_9128276A5,2000-02-23,2000-02-16,9128276A5,2-Year,2-Year,False,DGS2,2,1.2e+10,2000-02-15,2000-03-01,236,1.4833333e+10,4.0824829e+08,-3,clipped,1.4e+10,previous,-2.0412415,ok,0,0,2000-02-21/2000-02-27,True,False,0.11255499,0.18083907,-5,-9,0.068284085,4,True,False
2000-03-29_9128276B3,2000-03-29,2000-03-22,9128276B3,2-Year,2-Year,False,DGS2,2,1.2e+10,2000-03-22,2000-04-05,237,1.4333333e+10,1.2110601e+09,-1.9266866,ok,1.2e+10,own,-1.9266866,ok,0,0,2000-03-27/2000-04-02,True,False,-0.15118795,0.45666174,9,-24,0.60784969,33,True,False
2000-04-26_9128276C1,2000-04-26,2000-04-19,9128276C1,2-Year,2-Year,False,DGS2,2,1.2e+10,2000-04-18,2000-05-03,238,1.3833333e+10,1.4719601e+09,-1.2455047,ok,1.2e+10,previous,-1.2455047,ok,0,0,2000-04-24/2000-04-30,True,False,-0.29961246,-0.40564071,17,23,-0.10602826,-6,True,False
2000-05-09_9128276D9,2000-05-09,2000-05-03,9128276D9,5-Year,5-Year,False,DGS5,5,1.2e+10,2000-05-02,2000-05-16,191,1.45e+10,1.2247449e+09,-2.0412415,ok,1.2e+10,previous,-2.0412415,ok,0,0,2000-05-08/2000-05-14,True,False,-0.6110804,0.1377955,15,-3,0.74887589,18,True,False
2000-05-10_9128275Z1,2000-05-10,2000-05-03,9128275Z1,9-Year 9-Month,10-Year,True,DGS10,10,8e+09,2000-05-03,2000-05-17,85,1.1e+10,1.0954451e+09,-2.7386128,ok,8e+09,own,-2.7386128,ok,0,0,2000-05-08/2000-05-14,True,False,-0.49907362,-0.066378793,7,1,0.43269483,6,True,False
2000-05-24_9128276E7,2000-05-24,2000-05-17,9128276E7,2-Year,2-Year,False,DGS2,2,1e+10,2000-05-17,2000-06-01,239,1.3333333e+10,1.5055453e+09,-2.2140372,ok,1e+10,own,-2.2140372,ok,0,0,2000-05-22/2000-05-28,True,False,0.22109823,0.35332595,-11,-18,0.13222772,7,True,False
2000-06-28_9128276F4,2000-06-28,2000-06-21,9128276F4,2-Year,2-Year,False,DGS2,2,1e+10,2000-06-21,2000-07-06,240,1.25e+10,1.7606817e+09,-1.4199046,ok,1e+10,own,-1.4199046,ok,0,0,2000-06-26/2000-07-02,True,False,0.14329078,0.17774539,-7,-9,0.034454618,2,True,False
2000-07-26_9128276H0,2000-07-26,2000-07-19,9128276H0,2-Year,2-Year,False,DGS2,2,1e+10,2000-07-19,2000-08-02,241,1.1666667e+10,1.5055453e+09,-1.1070186,ok,1e+10,own,-1.1070186,ok,0,0,2000-07-24/2000-07-30,True,False,0.31987123,0.11424384,-17,-6,-0.20562739,-11,True,False
2000-08-08_9128276D9,2000-08-08,2000-08-02,9128276D9,4-Year 9-Month,5-Year,True,DGS5,5,1e+10,2000-08-01,2000-08-15,192,1.4e+10,1.5491933e+09,-2.5819889,ok,1.2e+10,previous,-1.2909944,ok,0,0,2000-08-07/2000-08-13,True,False,0.38190576,-0.34264811,-9,8,-0.72455387,-17,True,False
2000-08-09_9128276J6,2000-08-09,2000-08-02,9128276J6,10-Year,10-Year,False,DGS10,10,1e+10,2000-08-02,2000-08-16,86,1.0333333e+10,1.5055453e+09,-0.22140372,ok,1e+10,own,-0.22140372,ok,0.77859628,0.77859628,2000-08-07/2000-08-13,True,False,1.2723948,-0.15780861,-17,2,-1.4302034,-19,True,False
2000-08-10_912810FM5,2000-08-10,2000-08-02,912810FM5,29-Year 9-Month,30-Year 3-Month,True,DGS30,30,5e+09,2000-08-03,2000-08-17,69,1e+10,0,-3,sd0,5e+09,own,-3,sd0,0,0,2000-08-07/2000-08-13,True,False,0.85121795,-0.57959069,-6,4,-1.4308086,-10,True,False
2000-08-23_9128276K3,2000-08-23,2000-08-16,9128276K3,2-Year,2-Year,False,DGS2,2,1e+10,2000-08-16,2000-08-30,242,1.1e+10,1.0954451e+09,-0.91287093,ok,1e+10,own,-0.91287093,ok,0.087129071,0.087129071,2000-08-21/2000-08-27,True,False,0.18703518,-0.074085199,-10,4,-0.26112038,-14,True,False
2000-09-27_9128276L1,2000-09-27,2000-09-20,9128276L1,2-Year,2-Year,False,DGS2,2,1e+10,2000-09-20,2000-10-04,243,1.0666667e+10,1.0327956e+09,-0.64549722,ok,1e+10,own,-0.64549722,ok,0.35450278,0.35450278,2000-09-25/2000-10-01,True,False,0.20463298,-0.05841704,-11,3,-0.26305001,-14,True,False
2000-10-25_9128273L4,2000-10-25,2000-10-18,9128273L4,2-Year,5-Year,True,DGS5,5,1e+10,2000-10-18,2000-11-01,193,1.3166667e+10,2.1369761e+09,-1.4818447,ok,1e+10,own,-1.4818447,ok,0,0,2000-10-23/2000-10-29,True,False,-0.26782566,-0.22331347,6,5,0.044512189,1,True,False
2000-11-07_9128276N7,2000-11-07,2000-11-01,9128276N7,5-Year,5-Year,False,DGS5,5,1.2e+10,2000-10-31,2000-11-14,194,1.2333333e+10,2.2509257e+09,-0.14808722,ok,1e+10,previous,-1.0366105,ok,0,0.85191278,2000-11-06/2000-11-12,True,False,-0.051642126,0.50559559,1,-12,0.55723771,13,True,False
2000-11-08_9128276J6,2000-11-08,2000-11-01,9128276J6,9-Year 9-Month,10-Year,True,DGS10,10,8e+09,2000-11-01,2000-11-15,87,1.0333333e+10,1.5055453e+09,-1.549826,ok,8e+09,own,-1.549826,ok,0,0,2000-11-06/2000-11-12,True,False,-0.9807807,1.1227085,13,-15,2.1034892,28,True,False
2000-11-29_9128276P2,2000-11-29,2000-11-22,9128276P2,2-Year,2-Year,False,DGS2,2,1e+10,2000-11-21,2000-12-06,244,1.0333333e+10,8.1649658e+08,-0.40824829,ok,1e+10,previous,-0.40824829,ok,0.59175171,0.59175171,2000-11-27/2000-12-03,True,False,0.30806012,0.49535979,-17,-27,0.18729966,10,True,False
2000-12-27_9128276Q0,2000-12-27,2000-12-20,9128276Q0,2-Year,2-Year,False,DGS2,2,1e+10,2000-12-19,2001-01-04,245,1e+10,0,0,sd0,1e+10,previous,0,sd0,1,1,2000-12-25/2000-12-31,True,False,0.46361735,0.60507045,-25,-33,0.1414531,8,True,False
2001-01-24_9128276S6,2001-01-24,2001-01-17,9128276S6,2-Year,2-Year,False,DGS2,2,1e+10,2001-01-17,2001-01-31,246,1e+10,0,0,sd0,1e+10,own,0,sd0,1,1,2001-01-22/2001-01-28,True,False,0.048474964,0.35243703,-3,-19,0.30396207,16,True,False
2001-02-06_9128276N7,2001-02-06,2001-01-31,9128276N7,4-Year 9-Month,5-Year,True,DGS5,5,1.1e+10,2001-01-30,2001-02-13,195,1.1833333e+10,1.8348479e+09,-0.45417026,ok,1.2e+10,previous,0.090834052,ok,1.0908341,0.54582974,2001-02-05/2001-02-11,True,False,-0.046527721,0.085267928,1,-2,0.13179565,3,True,False
2001-02-07_9128276T4,2001-02-07,2001-01-31,9128276T4,10-Year,10-Year,False,DGS10,10,1.1e+10,2001-01-31,2001-02-14,88,9.6666667e+09,1.5055453e+09,0.88561489,ok,1.1e+10,own,0.88561489,ok,1.8856149,1.8856149,2001-02-05/2001-02-11,True,False,0.69927474,-0.23207336,-9,3,-0.9313481,-12,True,False
2001-02-08_912810FP8,2001-02-08,2001-01-31,912810FP8,30-Year,30-Year,False,DGS30,30,1e+10,2001-02-01,2001-02-15,70,9.1666667e+09,2.0412415e+09,0.40824829,ok,1e+10,own,0.40824829,ok,1.4082483,1.4082483,2001-02-05/2001-02-11,True,False,0.3009677,-0.8703099,-2,6,-1.1712776,-8,True,False
2001-02-21_9128276U1,2001-02-21,2001-02-14,9128276U1,2-Year,2-Year,False,DGS2,2,1.1e+10,2001-02-13,2001-02-28,247,1e+10,0,3,sd0,1e+10,previous,0,sd0,1,2,2001-02-19/2001-02-25,True,False,0.12750477,0.50522302,-7,-27,0.37771825,20,True,False
2001-03-28_9128276V9,2001-03-28,2001-03-21,9128276V9,2-Year,2-Year,False,DGS2,2,1.1e+10,2001-03-21,2001-04-04,248,1.0166667e+10,4.0824829e+08,2.0412415,ok,1.1e+10,own,2.0412415,ok,2,2,2001-03-26/2001-04-01,True,False,-0.17028175,0.34193641,9,-18,0.51221816,27,True,False
2001-04-25_9128276W7,2001-04-25,2001-04-18,9128276W7,2-Year,2-Year,False,DGS2,2,1e+10,2001-04-18,2001-05-02,249,1.0333333e+10,5.1639778e+08,-0.64549722,ok,1e+10,own,-0.64549722,ok,0.35450278,0.35450278,2001-04-23/2001-04-29,True,False,0.1222955,-0.12467496,-6,7,-0.24697047,-13,True,False
2001-05-08_9128276X5,2001-05-08,2001-05-02,9128276X5,5-Year,5-Year,False,DGS5,5,1.3e+10,2001-05-01,2001-05-15,196,1.1166667e+10,9.8319208e+08,1.8646746,ok,1.1e+10,previous,-0.16951588,ok,0.83048412,2,2001-05-07/2001-05-13,True,False,1.1694924,-1.1608983,-26,27,-2.3303907,-53,True,False
2001-05-09_9128276T4,2001-05-09,2001-05-02,9128276T4,9-Year 9-Month,10-Year,True,DGS10,10,9e+09,2001-05-02,2001-05-16,89,9.5e+09,1.2247449e+09,-0.40824829,ok,9e+09,own,-0.40824829,ok,0.59175171,0.59175171,2001-05-07/2001-05-13,True,False,0.87798092,-2.0989157,-11,28,-2.9768966,-39,True,False
2001-05-30_9128276Y3,2001-05-30,2001-05-23,9128276Y3,2-Year,2-Year,False,DGS2,2,1e+10,2001-05-22,2001-06-06,250,1.0333333e+10,5.1639778e+08,-0.64549722,ok,1e+10,previous,-0.64549722,ok,0.35450278,0.35450278,2001-05-28/2001-06-03,True,False,0.01510559,0.42915863,0,-22,0.41405304,22,True,False
2001-06-27_9128276Z0,2001-06-27,2001-06-20,9128276Z0,2-Year,2-Year,False,DGS2,2,1.1e+10,2001-06-20,2001-07-05,251,1.0333333e+10,5.1639778e+08,1.2909944,ok,1.1e+10,own,1.2909944,ok,2,2,2001-06-25/2001-07-01,True,False,-0.14155637,-0.32801128,8,18,-0.18645492,-10,True,False
2001-07-25_9128277A4,2001-07-25,2001-07-18,9128277A4,2-Year,2-Year,False,DGS2,2,1.2e+10,2001-07-18,2001-08-01,252,1.05e+10,5.4772256e+08,2.7386128,ok,1.2e+10,own,2.7386128,ok,2,2,2001-07-23/2001-07-29,True,False,-0.028945192,0.2929548,2,-15,0.32189999,17,True,False
2001-08-07_9128276X5,2001-08-07,2001-08-01,9128276X5,4-Year 9-Month,5-Year,True,DGS5,5,1.1e+10,2001-07-31,2001-08-14,197,1.1333333e+10,1.2110601e+09,-0.27524094,ok,1.3e+10,previous,1.3762047,ok,2,0.72475906,2001-08-06/2001-08-12,True,False,-0.6378521,0.59738529,15,-13,1.2352374,28,True,False
2001-08-08_9128277B2,2001-08-08,2001-08-01,9128277B2,10-Year,10-Year,False,DGS10,10,1.1e+10,2001-08-01,2001-08-15,90,9.3333333e+09,1.2110601e+09,1.3762047,ok,1.1e+10,own,1.3762047,ok,2,2,2001-08-06/2001-08-12,True,False,0.963845,-0.048832537,-12,1,-1.0126775,-13,True,False
2001-08-09_912810FP8,2001-08-09,2001-08-01,912810FP8,29-Year 6-Month,30-Year,True,DGS30,30,5e+09,2001-08-02,2001-08-16,71,9.1666667e+09,2.0412415e+09,-2.0412415,ok,5e+09,own,-2.0412415,ok,0,0,2001-08-06/2001-08-12,True,False,0.47453489,0.9192666,-3,-6,0.4447317,3,True,False
2001-08-29_9128277C0,2001-08-29,2001-08-22,9128277C0,2-Year,2-Year,False,DGS2,2,1.4e+10,2001-08-22,2001-09-06,253,1.0833333e+10,7.5277265e+08,3,clipped,1.4e+10,own,3,clipped,2,2,2001-08-27/2001-09-02,True,False,0.17908634,0.046550443,-9,-2,-0.13253589,-7,True,False
2001-09-26_9128277D8,2001-09-26,2001-09-19,9128277D8,2-Year,2-Year,False,DGS2,2,1.7e+10,2001-09-19,2001-10-03,254,1.1333333e+10,1.5055453e+09,3,clipped,1.7e+10,own,3,clipped,2,2,2001-09-24/2001-09-30,True,False,-0.0069661606,0.10550847,1,-5,0.11247463,6,True,False
2001-10-04_9128277B2,2001-10-04,2001-10-04,9128277B2,9-Year 10-Month,10-Year,True,DGS10,10,6e+09,2001-09-27,2001-10-12,91,9.5e+09,1.3784049e+09,-2.5391669,ok,1.1e+10,previous,1.0882144,ok,2,0,2001-10-01/2001-10-07,True,False,0.44048989,-1.1345328,-5,15,-1.5750227,-20,True,False
2001-10-24_9128277E6,2001-10-24,2001-10-17,9128277E6,2-Year,2-Year,False,DGS2,2,1.9e+10,2001-10-17,2001-10-31,255,1.2333333e+10,2.7325202e+09,2.4397502,ok,1.9e+10,own,2.4397502,ok,2,2,2001-10-22/2001-10-28,True,False,0.16617731,0.55239255,-8,-28,0.38621524,20,True,False
2001-11-06_9128277F3,2001-11-06,2001-10-31,9128277F3,5-Year,5-Year,False,DGS5,5,1.6e+10,2001-10-30,2001-11-14,198,1.1166667e+10,1.1690452e+09,3,clipped,1.1e+10,previous,-0.14256649,ok,0.85743351,2,2001-11-05/2001-11-11,True,False,1.0320184,-1.26719,-22,29,-2.2992084,-51,True,False
2001-11-07_9128277B2,2001-11-07,2001-10-31,9128277B2,9-Year 9-Month,10-Year,True,DGS10,10,7e+09,2001-10-31,2001-11-15,92,9.1666667e+09,1.9407902e+09,-1.1163838,ok,7e+09,own,-1.1163838,ok,0,0,2001-11-05/2001-11-11,True,False,0.68820872,-4.4042194,-8,57,-5.0924281,-65,True,False
2001-11-28_9128277G1,2001-11-28,2001-11-21,9128277G1,2-Year,2-Year,False,DGS2,2,2.1e+10,2001-11-20,2001-12-05,256,1.3833333e+10,3.5449495e+09,2.0216555,ok,1.9e+10,previous,1.4574726,ok,2,2,2001-11-26/2001-12-02,True,False,-0.28099695,0.11622285,16,-5,0.39721981,21,True,False
2001-12-27_9128277H9,2001-12-27,2001-12-19,9128277H9,2-Year,2-Year,False,DGS2,2,2.3e+10,2001-12-19,2002-01-04,257,1.5666667e+10,3.9832985e+09,1.8410203,ok,2.3e+10,own,1.8410203,ok,2,2,2001-12-24/2001-12-30,True,False,-0.12096099,0.030981157,8,0,0.15194214,8,True,False
2002-01-23_9128277K2,2002-01-23,2002-01-16,9128277K2,2-Year,2-Year,False,DGS2,2,2.5e+10,2002-01-15,2002-01-30,258,1.7666667e+10,4.1793141e+09,1.7546739,ok,2.3e+10,previous,1.2761265,ok,2,2,2002-01-21/2002-01-27,True,False,-0.5096985,0.046481186,28,-1,0.55617969,29,True,False
2002-02-05_9128277F3,2002-02-05,2002-01-30,9128277F3,4-Year 9-Month,5-Year,True,DGS5,5,1.6e+10,2002-01-29,2002-02-12,199,1.2166667e+10,2.1369761e+09,1.793812,ok,1.6e+10,previous,1.793812,ok,2,2,2002-02-04/2002-02-10,True,False,0.31641735,-0.26276454,-6,7,-0.5791819,-13,True,False
2002-02-06_9128277L0,2002-02-06,2002-01-30,9128277L0,10-Year,10-Year,False,DGS10,10,1.3e+10,2002-01-30,2002-02-13,93,8.6666667e+09,2.0655911e+09,2.097866,ok,1.3e+10,own,2.097866,ok,2,2,2002-02-04/2002-02-10,True,False,0.84366265,-0.64061009,-10,9,-1.4842727,-19,True,False
2002-02-27_9128277M8,2002-02-27,2002-02-20,9128277M8,2-Year,2-Year,False,DGS2,2,2.5e+10,2002-02-20,2002-03-06,259,1.9833333e+10,4.0207794e+09,1.2849913,ok,2.5e+10,own,1.2849913,ok,2,2,2002-02-25/2002-03-03,True,False,-0.14897089,-0.29911615,9,17,-0.15014526,-8,True,False
2002-03-27_912828AA8,2002-03-27,2002-03-20,912828AA8,2-Year,2-Year,False,DGS2,2,2.5e+10,2002-03-20,2002-04-04,260,2.1666667e+10,3.2659863e+09,1.0206207,ok,2.5e+10,own,1.0206207,ok,2,2,2002-03-25/2002-03-31,True,False,0.13216856,0.21350444,-5,-9,0.081335884,4,True,False
2002-04-24_912828AB6,2002-04-24,2002-04-17,912828AB6,2-Year,2-Year,False,DGS2,2,2.5e+10,2002-04-17,2002-05-01,261,2.3e+10,2.5298221e+09,0.79056942,ok,2.5e+10,own,0.79056942,ok,1.7905694,1.7905694,2002-04-22/2002-04-28,True,False,0.28115283,0.16331198,-13,-7,-0.11784085,-6,True,False
2002-05-07_912828AC4,2002-05-07,2002-05-01,912828AC4,5-Year,5-Year,False,DGS5,5,2.2e+10,2002-04-30,2002-05-14,200,1.3166667e+10,2.3166067e+09,3,clipped,1.6e+10,previous,1.2230532,ok,2,2,2002-05-06/2002-05-12,True,False,0.49618344,-0.87529452,-10,21,-1.371478,-31,True,False
2002-05-08_9128277L0,2002-05-08,2002-05-01,9128277L0,9-Year 9-Month,10-Year,True,DGS10,10,1.1e+10,2002-05-01,2002-05-15,94,9.5e+09,2.6645825e+09,0.56293997,ok,1.1e+10,own,0.56293997,ok,1.56294,1.56294,2002-05-06/2002-05-12,True,False,-1.1704987,-0.24438029,16,4,0.92611845,12,True,False
2002-05-29_912828AD2,2002-05-29,2002-05-22,912828AD2,2-Year,2-Year,False,DGS2,2,2.7e+10,2002-05-21,2002-06-05,262,2.4e+10,1.6733201e+09,1.7928429,ok,2.5e+10,previous,0.5976143,ok,1.5976143,2,2002-05-27/2002-06-02,True,False,0.11056727,0.18144229,-4,-8,0.070875018,4,True,False
2002-06-28_912828AE0,2002-06-28,2002-06-28,912828AE0,2-Year,2-Year,False,DGS2,2,2.7e+10,2002-06-21,2002-07-08,263,2.5e+10,1.2649111e+09,1.5811388,ok,2.7e+10,previous,1.5811388,ok,2,2,2002-06-24/2002-06-30,True,False,-0.016161788,0.14722063,2,-6,0.16338241,8,True,False
2002-07-24_912828AG5,2002-07-24,2002-07-17,912828AG5,2-Year,2-Year,False,DGS2,2,2.7e+10,2002-07-17,2002-07-31,264,2.5666667e+10,1.0327956e+09,1.2909944,ok,2.7e+10,own,1.2909944,ok,2,2,2002-07-22/2002-07-28,True,False,0.49976723,0.30384639,-25,-15,-0.19592084,-10,True,False
2002-08-06_912828AH3,2002-08-06,2002-07-31,912828AH3,5-Year,5-Year,False,DGS5,5,2.2e+10,2002-07-30,2002-08-13,201,1.4833333e+10,4.1673333e+09,1.7197249,ok,2.2e+10,previous,1.7197249,ok,2,2,2002-08-05/2002-08-11,True,False,1.6320356,0.9961646,-35,-21,-0.63587095,-14,True,False
2002-08-07_912828AJ9,2002-08-07,2002-07-31,912828AJ9,10-Year,10-Year,False,DGS10,10,1.8e+10,2002-07-31,2002-08-14,95,9.5e+09,2.6645825e+09,3,clipped,1.8e+10,own,3,clipped,2,2,2002-08-05/2002-08-11,True,False,1.3358978,2.4214484,-16,-29,1.0855506,13,True,False
2002-08-28_912828AK6,2002-08-28,2002-08-26,912828AK6,2-Year,2-Year,False,DGS2,2,2.7e+10,2002-08-21,2002-09-05,265,2.6e+10,1.0954451e+09,0.91287093,ok,2.7e+10,previous,0.91287093,ok,1.9128709,1.9128709,2002-08-26/2002-09-01,True,False,-0.20306344,0.5554655,11,-28,0.75852894,39,True,False
2002-09-25_912828AL4,2002-09-25,2002-09-23,912828AL4,2-Year,2-Year,False,DGS2,2,2.7e+10,2002-09-18,2002-10-02,266,2.6333333e+10,1.0327956e+09,0.64549722,ok,2.7e+10,previous,0.64549722,ok,1.6454972,1.6454972,2002-09-23/2002-09-29,True,False,0.083844428,0.4929983,-4,-25,0.40915387,21,True,False
2002-10-23_912828AM2,2002-10-23,2002-10-21,912828AM2,2-Year,2-Year,False,DGS2,2,2.7e+10,2002-10-16,2002-10-30,267,2.6666667e+10,8.1649658e+08,0.40824829,ok,2.7e+10,previous,0.40824829,ok,1.4082483,1.4082483,2002-10-21/2002-10-27,True,False,-0.3402722,0.90720359,18,-46,1.2474758,64,True,False
2002-11-05_912828AN0,2002-11-05,2002-10-30,912828AN0,5-Year,5-Year,False,DGS5,5,2.2e+10,2002-10-29,2002-11-13,202,1.6666667e+10,4.5460606e+09,1.1731769,ok,2.2e+10,previous,1.1731769,ok,2,2,2002-11-04/2002-11-10,True,False,-0.47930531,0.87005078,11,-18,1.3493561,29,True,False
2002-11-06_912828AP5,2002-11-06,2002-10-30,912828AP5,10-Year,10-Year,False,DGS10,10,1.8e+10,2002-10-30,2002-11-14,96,1.1e+10,4.3358967e+09,1.6144296,ok,1.8e+10,own,1.6144296,ok,2,2,2002-11-04/2002-11-10,True,False,-0.76548503,0.53713325,10,-6,1.3026183,16,True,False
2002-11-27_912828AQ3,2002-11-27,2002-11-25,912828AQ3,2-Year,2-Year,False,DGS2,2,2.7e+10,2002-11-20,2002-12-05,268,2.7e+10,0,0,sd0,2.7e+10,previous,0,sd0,1,1,2002-11-25/2002-12-01,True,False,-0.27598238,0.33083996,15,-16,0.60682233,31,True,False
2002-12-23_912828AR1,2002-12-23,2002-12-19,912828AR1,2-Year,2-Year,False,DGS2,2,2.7e+10,2002-12-16,2002-12-31,269,2.7e+10,0,0,sd0,2.7e+10,previous,0,sd0,1,1,2002-12-23/2002-12-29,True,False,0.30487987,0.36353006,-15,-18,0.058650192,3,True,False
2003-01-29_912828AS9,2003-01-29,2003-01-27,912828AS9,2-Year,2-Year,False,DGS2,2,2.7e+10,2003-01-22,2003-02-05,270,2.7e+10,0,0,sd0,2.7e+10,previous,0,sd0,1,1,2003-01-27/2003-02-02,True,False,-0.20470395,0.088774602,11,-4,0.29347855,15,True,False
2003-02-11_912828AT7,2003-02-11,2003-02-05,912828AT7,5-Year,5-Year,False,DGS5,5,2.4e+10,2003-02-04,2003-02-19,203,1.8166667e+10,4.5789373e+09,1.2739492,ok,2.2e+10,previous,0.83716659,ok,1.8371666,2,2003-02-10/2003-02-16,True,False,-0.011394073,0.6394967,1,-13,0.65089077,14,True,False
2003-02-12_912828AU4,2003-02-12,2003-02-05,912828AU4,10-Year,10-Year,False,DGS10,10,1.8e+10,2003-02-05,2003-02-20,97,1.2166667e+10,5.1929439e+09,1.1233191,ok,1.8e+10,own,1.1233191,ok,2,2,2003-02-10/2003-02-16,True,False,0.79233633,0.71836901,-9,-8,-0.073967325,-1,True,False
2003-02-26_912828AV2,2003-02-26,2003-02-24,912828AV2,2-Year,2-Year,False,DGS2,2,2.7e+10,2003-02-19,2003-03-05,271,2.7e+10,0,0,sd0,2.7e+10,previous,0,sd0,1,1,2003-02-24/2003-03-02,True,False,0.086443945,0.22244917,-4,-11,0.13600523,7,True,False
2003-03-26_912828AW0,2003-03-26,2003-03-24,912828AW0,2-Year,2-Year,False,DGS2,2,2.7e+10,2003-03-19,2003-04-02,272,2.7e+10,0,0,sd0,2.7e+10,previous,0,sd0,1,1,2003-03-24/2003-03-30,True,False,0.089034066,0.16469366,-4,-8,0.07565959,4,True,False
2003-04-23_912828AX8,2003-04-23,2003-04-21,912828AX8,2-Year,2-Year,False,DGS2,2,2.7e+10,2003-04-15,2003-04-30,273,2.7e+10,0,0,sd0,2.7e+10,previous,0,sd0,1,1,2003-04-21/2003-04-27,True,False,-0.0078366087,0.3817233,1,-19,0.38955991,20,True,False
2003-05-06_912828AY6,2003-05-06,2003-04-30,912828AY6,3-Year,3-Year,False,DGS3,3,2.2e+10,2003-04-29,2003-05-13,0,,,,none,,,,none,1,1,2003-05-05/2003-05-11,True,False,0.56816764,0.15924367,-19,-5,-0.40892397,-14,True,False
2003-05-07_912828AZ3,2003-05-07,2003-04-30,912828AZ3,5-Year,5-Year,False,DGS5,5,1.8e+10,2003-04-30,2003-05-14,204,2.0333333e+10,3.4448028e+09,-0.67734887,ok,1.8e+10,own,-0.67734887,ok,0.32265113,0.32265113,2003-05-05/2003-05-11,True,False,1.0110656,0.82427764,-21,-17,-0.18678794,-4,True,False
2003-05-08_912828BA7,2003-05-08,2003-04-30,912828BA7,10-Year,10-Year,False,DGS10,10,1.8e+10,2003-05-01,2003-05-15,98,1.4166667e+10,4.6224092e+09,0.82929338,ok,1.8e+10,own,0.82929338,ok,1.8292934,1.8292934,2003-05-05/2003-05-11,True,False,1.5472119,1.4730959,-18,-17,-0.074115969,-1,True,False
2003-05-29_912828BB5,2003-05-29,2003-05-27,912828BB5,2-Year,2-Year,False,DGS2,2,2.5e+10,2003-05-21,2003-06-05,274,2.7e+10,0,-3,sd0,2.7e+10,previous,0,sd0,1,0,2003-05-26/2003-06-01,True,False,0.16338894,0.10212129,-8,-5,-0.061267654,-3,True,False
2003-06-11_912828AZ3,2003-06-11,2003-06-09,912828AZ3,4-Year 11-Month,5-Year,True,DGS5,5,1.5e+10,2003-06-04,2003-06-18,205,2.0666667e+10,3.0110906e+09,-1.8819316,ok,1.8e+10,previous,-0.88561489,ok,0.11438511,0,2003-06-09/2003-06-15,True,False,0.16311219,-0.81995626,-3,18,-0.98306844,-21,True,False
2003-06-25_912828BC3,2003-06-25,2003-06-23,912828BC3,2-Year,2-Year,False,DGS2,2,2.5e+10,2003-06-18,2003-07-02,275,2.6666667e+10,8.1649658e+08,-2.0412415,ok,2.5e+10,previous,-2.0412415,ok,0,0,2003-06-23/2003-06-29,True,False,-0.052274342,0.0087036241,3,0,0.060977966,3,True,False
2003-07-23_912828BE9,2003-07-23,2003-07-21,912828BE9,2-Year,2-Year,False,DGS2,2,2.5e+10,2003-07-16,2003-07-30,276,2.6333333e+10,1.0327956e+09,-1.2909944,ok,2.5e+10,previous,-1.2909944,ok,0,0,2003-07-21/2003-07-27,True,False,-0.085561635,-0.18318834,5,10,-0.097626706,-5,True,False
2003-08-05_912828BF6,2003-08-05,2003-07-30,912828BF6,3-Year,3-Year,False,DGS3,3,2.4e+10,2003-07-29,2003-08-12,1,,,,none,,,,none,1,1,2003-08-04/2003-08-10,True,False,-0.4928813,0.45899315,18,-15,0.95187445,33,True,False
2003-08-06_912828BG4,2003-08-06,2003-07-30,912828BG4,5-Year,5-Year,False,DGS5,5,1.8e+10,2003-07-30,2003-08-13,206,2.05e+10,3.3316662e+09,-0.75037528,ok,1.8e+10,own,-0.75037528,ok,0.24962472,0.24962472,2003-08-04/2003-08-10,True,False,0.13375903,-0.77790681,-2,18,-0.91166583,-20,True,False
2003-08-07_912828BH2,2003-08-07,2003-07-30,912828BH2,10-Year,10-Year,False,DGS10,10,1.8e+10,2003-07-31,2003-08-14,99,1.6e+10,3.1622777e+09,0.63245553,ok,1.8e+10,own,0.63245553,ok,1.6324555,1.6324555,2003-08-04/2003-08-10,True,False,1.5955948,-1.9257042,-19,25,-3.5212989,-44,True,False
2003-08-27_912828BJ8,2003-08-27,2003-08-25,912828BJ8,2-Year,2-Year,False,DGS2,2,2.5e+10,2003-08-20,2003-09-04,277,2.6e+10,1.0954451e+09,-0.91287093,ok,2.5e+10,previous,-0.91287093,ok,0.087129071,0.087129071,2003-08-25/2003-08-31,True,False,-0.38977664,0.29582909,21,-14,0.68560573,35,True,False
2003-09-10_912828BK5,2003-09-10,2003-09-08,912828BK5,5-Year,5-Year,False,DGS5,5,1.6e+10,2003-09-03,2003-09-17,207,1.9833333e+10,3.3714487e+09,-1.1369988,ok,1.8e+10,previous,-0.54378206,ok,0.45621794,0,2003-09-08/2003-09-14,True,False,2.0241559,0.59430761,-43,-12,-1.4298483,-31,True,False
2003-09-11_912828BH2,2003-09-11,2003-09-08,912828BH2,9-Year 11-Month,10-Year,True,DGS10,10,1.3e+10,2003-09-04,2003-09-18,100,1.6833333e+10,2.857738e+09,-1.3413872,ok,1.8e+10,previous,0.40824829,ok,1.4082483,0,2003-09-08/2003-09-14,True,False,1.4299864,1.3613455,-17,-16,-0.068640841,-1,True,False
2003-09-24_912828BL3,2003-09-24,2003-09-22,912828BL3,2-Year,2-Year,False,DGS2,2,2.5e+10,2003-09-17,2003-10-01,278,2.5666667e+10,1.0327956e+09,-0.64549722,ok,2.5e+10,previous,-0.64549722,ok,0.35450278,0.35450278,2003-09-22/2003-09-28,True,False,-0.044418422,0.38569545,3,-19,0.43011387,22,True,False
2003-10-08_912828BM1,2003-10-08,2003-10-06,912828BM1,5-Year,5-Year,False,DGS5,5,1.6e+10,2003-10-01,2003-10-16,208,1.8833333e+10,3.4880749e+09,-0.81229142,ok,1.6e+10,previous,-0.81229142,ok,0.18770858,0.18770858,2003-10-06/2003-10-12,True,False,-1.3367826,-1.1341626,30,26,0.20262003,4,True,False
2003-10-29_912828BN9,2003-10-29,2003-10-27,912828BN9,2-Year,2-Year,False,DGS2,2,2.6e+10,2003-10-22,2003-11-05,279,2.5333333e+10,8.1649658e+08,0.81649658,ok,2.5e+10,previous,-0.40824829,ok,0.59175171,1.8164966,2003-10-27/2003-11-02,True,False,0.035660968,-0.27485508,-1,15,-0.31051604,-16,True,False
2003-11-10_912828BP4,2003-11-10,2003-11-05,912828BP4,3-Year,3-Year,False,DGS3,3,2.4e+10,2003-11-03,2003-11-18,2,,,,none,,,,none,1,1,2003-11-10/2003-11-16,True,False,-0.51378623,0.92668919,19,-31,1.4404754,50,True,False
2003-11-12_912828BQ2,2003-11-12,2003-11-05,912828BQ2,5-Year,5-Year,False,DGS5,5,1.6e+10,2003-11-04,2003-11-19,209,1.7833333e+10,3.250641e+09,-0.56399133,ok,1.6e+10,previous,-0.56399133,ok,0.43600867,0.43600867,2003-11-10/2003-11-16,True,False,-0.72003414,1.0979054,17,-23,1.8179395,40,True,False
2003-11-13_912828BR0,2003-11-13,2003-11-05,912828BR0,10-Year,10-Year,False,DGS10,10,1.7e+10,2003-11-05,2003-11-20,101,1.7166667e+10,2.0412415e+09,-0.081649658,ok,1.7e+10,own,-0.081649658,ok,0.91835034,0.91835034,2003-11-10/2003-11-16,True,False,0.7182006,1.1982601,-8,-14,0.48005951,6,True,False
2003-11-26_912828BS8,2003-11-26,2003-11-24,912828BS8,2-Year,2-Year,False,DGS2,2,2.6e+10,2003-11-19,2003-12-04,280,2.5166667e+10,4.0824829e+08,2.0412415,ok,2.6e+10,previous,2.0412415,ok,2,2,2003-11-24/2003-11-30,True,False,-0.11816791,-0.1501584,7,9,-0.031990487,-2,True,False
2003-12-10_912828BT6,2003-12-10,2003-12-08,912828BT6,5-Year,5-Year,False,DGS5,5,1.6e+10,2003-12-03,2003-12-17,210,1.65e+10,1.2247449e+09,-0.40824829,ok,1.6e+10,previous,-0.40824829,ok,0.59175171,0.59175171,2003-12-08/2003-12-14,True,False,0.86906952,0.5035113,-18,-10,-0.36555822,-8,True,False
2003-12-11_912828BR0,2003-12-11,2003-12-08,912828BR0,9-Year 11-Month,10-Year,True,DGS10,10,1.2e+10,2003-12-04,2003-12-18,102,1.7e+10,2e+09,-2.5,ok,1.7e+10,previous,0,ok,1,0,2003-12-08/2003-12-14,True,False,0.95008898,0.95738997,-11,-11,0.0073009826,-8.8817842e-14,True,False
2003-12-23_912828BU3,2003-12-23,2003-12-18,912828BU3,2-Year,2-Year,False,DGS2,2,2.6e+10,2003-12-16,2003-12-31,281,2.5333333e+10,5.1639778e+08,1.2909944,ok,2.6e+10,previous,1.2909944,ok,2,2,2003-12-22/2003-12-28,True,False,-0.23514175,0.25565104,13,-12,0.49079279,25,True,False
2004-01-07_912828BV1,2004-01-07,2004-01-05,912828BV1,5-Year,5-Year,False,DGS5,5,1.6e+10,2003-12-30,2004-01-14,211,1.6166667e+10,9.8319208e+08,-0.16951588,ok,1.6e+10,previous,-0.16951588,ok,0.83048412,0.83048412,2004-01-05/2004-01-11,True,False,0.096886505,1.3826943,-1,-29,1.2858078,28,True,False
2004-01-29_912828BX7,2004-01-29,2004-01-26,912828BX7,2-Year,2-Year,False,DGS2,2,2.6e+10,2004-01-22,2004-02-05,282,2.55e+10,5.4772256e+08,0.91287093,ok,2.6e+10,previous,0.91287093,ok,1.9128709,1.9128709,2004-01-26/2004-02-01,True,False,-0.41298164,0.075903125,22,-3,0.48888476,25,True,False
2004-02-10_912828BY5,2004-02-10,2004-02-04,912828BY5,3-Year,3-Year,False,DGS3,3,2.4e+10,2004-02-03,2004-02-18,3,,,,none,,,,none,1,1,2004-02-09/2004-02-15,True,False,-0.06053397,0.34586247,3,-11,0.40639644,14,True,False
2004-02-11_912828BZ2,2004-02-11,2004-02-04,912828BZ2,5-Year,5-Year,False,DGS5,5,1.6e+10,2004-02-04,2004-02-19,212,1.6333333e+10,8.1649658e+08,-0.40824829,ok,1.6e+10,own,-0.40824829,ok,0.59175171,0.59175171,2004-02-09/2004-02-15,True,False,0.59410315,0.091790163,-12,-1,-0.50231298,-11,True,False
2004-02-12_912828CA6,2004-02-12,2004-02-04,912828CA6,10-Year,10-Year,False,DGS10,10,1.6e+10,2004-02-05,2004-02-20,103,1.6e+10,2.7568098e+09,0,ok,1.6e+10,own,0,ok,1,1,2004-02-09/2004-02-15,True,False,0.87328257,0.067419396,-10,0,-0.80586317,-10,True,False
2004-02-25_912828CB4,2004-02-25,2004-02-23,912828CB4,2-Year,2-Year,False,DGS2,2,2.6e+10,2004-02-18,2004-03-03,283,2.5666667e+10,5.1639778e+08,0.64549722,ok,2.6e+10,previous,0.64549722,ok,1.6454972,1.6454972,2004-02-23/2004-02-29,True,False,0.11254334,-0.1228194,-5,7,-0.23536275,-12,True,False
2004-03-10_912828CC2,2004-03-10,2004-03-08,912828CC2,5-Year,5-Year,False,DGS5,5,1.6e+10,2004-03-03,2004-03-17,213,1.6e+10,0,0,sd0,1.6e+10,previous,0,sd0,1,1,2004-03-08/2004-03-14,True,False,1.6649771,0.26602546,-35,-5,-1.3989516,-30,True,False
2004-03-11_912828CA6,2004-03-11,2004-03-08,912828CA6,9-Year 11-Month,10-Year,True,DGS10,10,1.1e+10,2004-03-04,2004-03-18,104,1.5666667e+10,2.5819889e+09,-1.8073922,ok,1.6e+10,previous,0.12909944,ok,1.1290994,0,2004-03-08/2004-03-14,True,False,2.5454445,-0.11361022,-30,2,-2.6590547,-32,True,False
2004-03-24_912828CD0,2004-03-24,2004-03-22,912828CD0,2-Year,2-Year,False,DGS2,2,2.6e+10,2004-03-17,2004-03-31,284,2.5833333e+10,4.0824829e+08,0.40824829,ok,2.6e+10,previous,0.40824829,ok,1.4082483,1.4082483,2004-03-22/2004-03-28,True,False,0.070344704,-0.18333416,-3,10,-0.25367886,-13,True,False
2004-04-06_912828CE8,2004-04-06,2004-04-01,912828CE8,5-Year,5-Year,False,DGS5,5,1.6e+10,2004-03-30,2004-04-14,214,1.6e+10,0,0,sd0,1.6e+10,previous,0,sd0,1,1,2004-04-05/2004-04-11,True,False,-1.4729483,-1.0870529,33,25,0.38589542,8,True,False
2004-04-28_912828CF5,2004-04-28,2004-04-26,912828CF5,2-Year,2-Year,False,DGS2,2,2.6e+10,2004-04-21,2004-05-05,285,2.6e+10,0,0,sd0,2.6e+10,previous,0,sd0,1,1,2004-04-26/2004-05-02,True,False,-0.13125978,-0.051819039,8,4,0.079440743,4,True,False
2004-05-11_912828CG3,2004-05-11,2004-05-05,912828CG3,3-Year,3-Year,False,DGS3,3,2.4e+10,2004-05-04,2004-05-18,4,,,,none,,,,none,1,1,2004-05-10/2004-05-16,True,False,-0.84049207,0.2107981,31,-6,1.0512902,37,True,False
2004-05-12_912828CH1,2004-05-12,2004-05-05,912828CH1,5-Year,5-Year,False,DGS5,5,1.5e+10,2004-05-05,2004-05-19,215,1.6e+10,0,-3,sd0,1.5e+10,own,-3,sd0,0,0,2004-05-10/2004-05-16,True,False,-1.069773,0.18880861,25,-3,1.2585816,28,True,False
2004-05-13_912828CJ7,2004-05-13,2004-05-05,912828CJ7,10-Year,10-Year,False,DGS10,10,1.5e+10,2004-05-06,2004-05-20,105,1.45e+10,2.8809721e+09,0.17355253,ok,1.5e+10,own,0.17355253,ok,1.1735525,1.1735525,2004-05-10/2004-05-16,True,False,-1.6545064,1.0977178,22,-13,2.7522242,35,True,False
2004-05-26_912828CK4,2004-05-26,2004-05-24,912828CK4,2-Year,2-Year,False,DGS2,2,2.5e+10,2004-05-19,2004-06-03,286,2.6e+10,0,-3,sd0,2.6e+10,previous,0,sd0,1,0,2004-05-24/2004-05-30,True,False,0.20390509,-0.18043821,-9,11,-0.38434329,-20,True,False
2004-06-09_912828CL2,2004-06-09,2004-06-07,912828CL2,5-Year,5-Year,False,DGS5,5,1.5e+10,2004-06-02,2004-06-17,216,1.5833333e+10,4.0824829e+08,-2.0412415,ok,1.5e+10,previous,-2.0412415,ok,0,0,2004-06-07/2004-06-13,True,False,-0.39692845,0.41714925,10,-8,0.81407769,18,True,False
2004-06-10_912828CJ7,2004-06-10,2004-06-07,912828CJ7,9-Year 11-Month,10-Year,True,DGS10,10,1e+10,2004-06-03,2004-06-18,106,1.4e+10,2.3664319e+09,-1.6903085,ok,1.5e+10,previous,0.42257713,ok,1.4225771,0,2004-06-07/2004-06-13,True,False,-0.71889737,0.78197566,10,-9,1.500873,19,True,False
2004-06-23_912828CM0,2004-06-23,2004-06-21,912828CM0,2-Year,2-Year,False,DGS2,2,2.5e+10,2004-06-16,2004-06-30,287,2.5833333e+10,4.0824829e+08,-2.0412415,ok,2.5e+10,previous,-2.0412415,ok,0,0,2004-06-21/2004-06-27,True,False,0.14486477,0.18299002,-6,-8,0.038125252,2,True,False
2004-07-07_912828CN8,2004-07-07,2004-07-01,912828CN8,5-Year,5-Year,False,DGS5,5,1.5e+10,2004-06-29,2004-07-14,217,1.5666667e+10,5.1639778e+08,-1.2909944,ok,1.5e+10,previous,-1.2909944,ok,0,0,2004-07-05/2004-07-11,True,False,1.1862736,-0.00064507216,-25,1,-1.1869187,-26,True,False
2004-07-28_912828CQ1,2004-07-28,2004-07-26,912828CQ1,2-Year,2-Year,False,DGS2,2,2.4e+10,2004-07-21,2004-08-04,288,2.5666667e+10,5.1639778e+08,-3,clipped,2.5e+10,previous,-1.2909944,ok,0,0,2004-07-26/2004-08-01,True,False,-0.10929593,0.25579675,7,-12,0.36509268,19,True,False
2004-08-09_912828CR9,2004-08-09,2004-08-04,912828CR9,3-Year,3-Year,False,DGS3,3,2.2e+10,2004-08-02,2004-08-16,5,,,,none,,,,none,1,1,2004-08-09/2004-08-15,True,False,0.59896689,-0.0012458496,-20,1,-0.60021274,-21,True,False
2004-08-11_912828CS7,2004-08-11,2004-08-04,912828CS7,5-Year,5-Year,False,DGS5,5,1.5e+10,2004-08-04,2004-08-18,218,1.55e+10,5.4772256e+08,-0.91287093,ok,1.5e+10,own,-0.91287093,ok,0.087129071,0.087129071,2004-08-09/2004-08-15,True,False,0.71943972,0.49430993,-15,-10,-0.22512979,-5,True,False
2004-08-12_912828CT5,2004-08-12,2004-08-04,912828CT5,10-Year,10-Year,False,DGS10,10,1.4e+10,2004-08-05,2004-08-19,107,1.35e+10,2.8809721e+09,0.17355253,ok,1.4e+10,own,0.17355253,ok,1.1735525,1.1735525,2004-08-09/2004-08-15,True,False,1.3436342,0.45702308,-16,-5,-0.88661113,-11,True,False
2004-08-25_912828CU2,2004-08-25,2004-08-23,912828CU2,2-Year,2-Year,False,DGS2,2,2.4e+10,2004-08-18,2004-09-01,289,2.5333333e+10,8.1649658e+08,-1.6329932,ok,2.4e+10,previous,-1.6329932,ok,0,0,2004-08-23/2004-08-29,True,False,-0.11665746,0.21144983,7,-10,0.32810729,17,True,False
2004-09-08_912828CV0,2004-09-08,2004-09-02,912828CV0,5-Year,5-Year,False,DGS5,5,1.5e+10,2004-08-31,2004-09-15,219,1.5333333e+10,5.1639778e+08,-0.64549722,ok,1.5e+10,previous,-0.64549722,ok,0.35450278,0.35450278,2004-09-06/2004-09-12,True,False,-0.28076544,0.078696809,7,-1,0.35946224,8,True,False
2004-09-09_912828CT5,2004-09-09,2004-09-02,912828CT5,9-Year 11-Month,10-Year,True,DGS10,10,9e+09,2004-09-01,2004-09-16,108,1.3e+10,2.3664319e+09,-1.6903085,ok,1.4e+10,previous,0.42257713,ok,1.4225771,0,2004-09-06/2004-09-12,True,False,-0.6738163,1.1893366,9,-14,1.8631529,23,True,False
2004-09-29_912828CW8,2004-09-29,2004-09-27,912828CW8,2-Year,2-Year,False,DGS2,2,2.4e+10,2004-09-22,2004-10-06,290,2.5e+10,8.9442719e+08,-1.118034,ok,2.4e+10,previous,-1.118034,ok,0,0,2004-09-27/2004-10-03,True,False,-0.19627356,-0.15576772,11,9,0.040505842,2,True,False
2004-10-06_912828CX6,2004-10-06,2004-10-04,912828CX6,5-Year,5-Year,False,DGS5,5,1.5e+10,2004-09-29,2004-10-14,220,1.5166667e+10,4.0824829e+08,-0.40824829,ok,1.5e+10,previous,-0.40824829,ok,0.59175171,0.59175171,2004-10-04/2004-10-10,True,False,-0.60342117,1.1833422,14,-25,1.7867633,39,True,False
2004-10-27_912828CY4,2004-10-27,2004-10-25,912828CY4,2-Year,2-Year,False,DGS2,2,2.4e+10,2004-10-20,2004-11-03,291,2.4666667e+10,8.1649658e+08,-0.81649658,ok,2.4e+10,previous,-0.81649658,ok,0.18350342,0.18350342,2004-10-25/2004-10-31,True,False,-0.17988255,0.071234175,10,-3,0.25111673,13,True,False
2004-11-08_912828AN0,2004-11-08,2004-11-03,912828AN0,3-Year,5-Year,True,DGS5,5,2.2e+10,2004-11-01,2004-11-16,221,1.5e+10,0,3,sd0,1.5e+10,previous,0,sd0,1,2,2004-11-08/2004-11-14,True,False,-0.65469306,-0.19525674,15,5,0.45943632,10,True,False
2004-11-09_912828DB3,2004-11-09,2004-11-03,912828DB3,5-Year,5-Year,False,DGS5,5,1.5e+10,2004-11-02,2004-11-17,222,1.6166667e+10,2.857738e+09,-0.40824829,ok,1.5e+10,previous,0,sd0,1,0.59175171,2004-11-08/2004-11-14,True,False,-0.83539085,0.30474129,19,-6,1.1401321,25,True,False
2004-11-10_912828DC1,2004-11-10,2004-11-03,912828DC1,10-Year,10-Year,False,DGS10,10,1.4e+10,2004-11-03,2004-11-18,109,1.25e+10,2.8809721e+09,0.5206576,ok,1.4e+10,own,0.5206576,ok,1.5206576,1.5206576,2004-11-08/2004-11-14,True,False,-1.2497136,1.1041097,16,-13,2.3538232,29,True,False
2004-11-23_912828DD9,2004-11-23,2004-11-19,912828DD9,2-Year,2-Year,False,DGS2,2,2.4e+10,2004-11-16,2004-12-01,292,2.4333333e+10,5.1639778e+08,-0.64549722,ok,2.4e+10,previous,-0.64549722,ok,0.35450278,0.35450278,2004-11-22/2004-11-28,True,False,-0.11966648,-0.039153906,7,3,0.080512578,4,True,False
2004-12-08_912828DE7,2004-12-08,2004-12-06,912828DE7,5-Year,5-Year,False,DGS5,5,1.5e+10,2004-12-01,2004-12-15,223,1.6166667e+10,2.857738e+09,-0.40824829,ok,1.5e+10,previous,-0.40824829,ok,0.59175171,0.59175171,2004-12-06/2004-12-12,True,False,0.89135204,0.25248212,-19,-5,-0.63886991,-14,True,False
2004-12-09_912828DC1,2004-12-09,2004-12-06,912828DC1,9-Year 11-Month,10-Year,True,DGS10,10,9e+09,2004-12-02,2004-12-16,110,1.2166667e+10,2.4832774e+09,-1.2751965,ok,1.4e+10,previous,0.73827166,ok,1.7382717,0,2004-12-06/2004-12-12,True,False,1.7422548,0.034791359,-21,0,-1.7074634,-21,True,False
2004-12-29_912828DF4,2004-12-29,2004-12-27,912828DF4,2-Year,2-Year,False,DGS2,2,2.4e+10,2004-12-21,2005-01-05,293,2.4166667e+10,4.0824829e+08,-0.40824829,ok,2.4e+10,previous,-0.40824829,ok,0.59175171,0.59175171,2004-12-27/2005-01-02,True,False,-0.11564118,-0.17518706,7,10,-0.059545876,-3,True,False
2005-01-12_912828DG2,2005-01-12,2005-01-10,912828DG2,5-Year,5-Year,False,DGS5,5,1.5e+10,2005-01-05,2005-01-20,224,1.6166667e+10,2.857738e+09,-0.40824829,ok,1.5e+10,previous,-0.40824829,ok,0.59175171,0.59175171,2005-01-10/2005-01-16,True,False,0.072199495,0.21074607,-1,-4,0.13854657,3,True,False
2005-01-26_912828DJ6,2005-01-26,2005-01-24,912828DJ6,2-Year,2-Year,False,DGS2,2,2.4e+10,2005-01-19,2005-02-02,294,2.4e+10,0,0,sd0,2.4e+10,previous,0,sd0,1,1,2005-01-24/2005-01-30,True,False,-0.0027798743,-0.079926115,1,5,-0.077146241,-4,True,False
2005-02-08_912828DK3,2005-02-08,2005-02-02,912828DK3,3-Year,3-Year,False,DGS3,3,2.2e+10,2005-02-01,2005-02-15,6,2.3333333e+10,1.0327956e+09,-1.2909944,ok,2.2e+10,previous,-1.2909944,ok,0,0,2005-02-07/2005-02-13,True,False,-0.094241402,-0.09496979,4,4,-0.00072838825,4.4408921e-14,True,False
2005-02-09_912828DL1,2005-02-09,2005-02-02,912828DL1,5-Year,5-Year,False,DGS5,5,1.5e+10,2005-02-02,2005-02-16,225,1.6166667e+10,2.857738e+09,-0.40824829,ok,1.5e+10,own,-0.40824829,ok,0.59175171,0.59175171,2005-02-07/2005-02-13,True,False,0.70437497,-0.88015798,-15,20,-1.5845329,-35,True,False
2005-02-10_912828DM9,2005-02-10,2005-02-02,912828DM9,10-Year,10-Year,False,DGS10,10,1.4e+10,2005-02-03,2005-02-17,111,1.1833333e+10,2.786874e+09,0.77745412,ok,1.4e+10,own,0.77745412,ok,1.7774541,1.7774541,2005-02-07/2005-02-13,True,False,0.92614502,-0.9415184,-11,12,-1.8676634,-23,True,False
2005-02-24_912828DN7,2005-02-24,2005-02-22,912828DN7,2-Year,2-Year,False,DGS2,2,2.4e+10,2005-02-16,2005-03-03,295,2.4e+10,0,0,sd0,2.4e+10,previous,0,sd0,1,1,2005-02-21/2005-02-27,True,False,-0.19190402,-0.11745087,11,7,0.074453143,4,True,False
2005-03-09_912828DP2,2005-03-09,2005-03-07,912828DP2,5-Year,5-Year,False,DGS5,5,1.5e+10,2005-03-02,2005-03-16,226,1.6166667e+10,2.857738e+09,-0.40824829,ok,1.5e+10,previous,-0.40824829,ok,0.59175171,0.59175171,2005-03-07/2005-03-13,True,False,-0.69090657,-0.062315791,16,2,0.62859077,14,True,False
2005-03-10_912828DM9,2005-03-10,2005-03-07,912828DM9,9-Year 11-Month,10-Year,True,DGS10,10,9e+09,2005-03-03,2005-03-17,112,1.1666667e+10,2.5819889e+09,-1.0327956,ok,1.4e+10,previous,0.90369611,ok,1.9036961,0,2005-03-07/2005-03-13,True,False,-0.69106823,0.11220418,9,-1,0.80327241,10,True,False
2005-03-30_912828DQ0,2005-03-30,2005-03-28,912828DQ0,2-Year,2-Year,False,DGS2,2,2.4e+10,2005-03-22,2005-04-06,296,2.4e+10,0,0,sd0,2.4e+10,previous,0,sd0,1,1,2005-03-28/2005-04-03,True,False,0.023167408,0.32447421,0,-16,0.3013068,16,True,False
2005-04-13_912828DR8,2005-04-13,2005-04-11,912828DR8,5-Year,5-Year,False,DGS5,5,1.5e+10,2005-04-06,2005-04-20,227,1.6166667e+10,2.857738e+09,-0.40824829,ok,1.5e+10,previous,-0.40824829,ok,0.59175171,0.59175171,2005-04-11/2005-04-17,True,False,0.29494531,0.7883728,-6,-17,0.49342749,11,True,False
2005-04-27_912828DS6,2005-04-27,2005-04-25,912828DS6,2-Year,2-Year,False,DGS2,2,2.4e+10,2005-04-20,2005-05-04,297,2.4e+10,0,0,sd0,2.4e+10,previous,0,sd0,1,1,2005-04-25/2005-05-01,True,False,-0.2150575,0.033723745,12,-1,0.24878124,13,True,False
2005-05-10_912828DT4,2005-05-10,2005-05-04,912828DT4,3-Year,3-Year,False,DGS3,3,2.2e+10,2005-05-03,2005-05-17,7,2.3333333e+10,1.0327956e+09,-1.2909944,ok,2.2e+10,previous,-1.2909944,ok,0,0,2005-05-09/2005-05-15,True,False,-0.15123303,0.24240542,6,-8,0.39363845,14,True,False
2005-05-11_912828DU1,2005-05-11,2005-05-04,912828DU1,5-Year,5-Year,False,DGS5,5,1.5e+10,2005-05-04,2005-05-18,228,1.5e+10,0,0,sd0,1.5e+10,own,0,sd0,1,1,2005-05-09/2005-05-15,True,False,-0.16017262,0.65240994,4,-14,0.81258256,18,True,False
2005-05-12_912828DV9,2005-05-12,2005-05-04,912828DV9,10-Year,10-Year,False,DGS10,10,1.4e+10,2005-05-05,2005-05-19,113,1.15e+10,2.7386128e+09,0.91287093,ok,1.4e+10,own,0.91287093,ok,1.9128709,1.9128709,2005-05-09/2005-05-15,True,False,0.1061963,0.59358876,-1,-7,0.48739246,6,True,False
2005-05-25_912828DW7,2005-05-25,2005-05-23,912828DW7,2-Year,2-Year,False,DGS2,2,2.2e+10,2005-05-18,2005-06-02,298,2.4e+10,0,-3,sd0,2.4e+10,previous,0,sd0,1,0,2005-05-23/2005-05-29,True,False,-0.080969739,0.18673037,5,-9,0.26770011,14,True,False
2005-06-08_912828DX5,2005-06-08,2005-06-06,912828DX5,5-Year,5-Year,False,DGS5,5,1.4e+10,2005-06-01,2005-06-15,229,1.5e+10,0,-3,sd0,1.5e+10,previous,0,sd0,1,0,2005-06-06/2005-06-12,True,False,-0.43809962,-0.74811782,10,17,-0.3100182,-7,True,False
2005-06-09_912828DV9,2005-06-09,2005-06-06,912828DV9,9-Year 11-Month,10-Year,True,DGS10,10,8e+09,2005-06-02,2005-06-16,114,1.15e+10,2.7386128e+09,-1.2780193,ok,1.4e+10,previous,0.91287093,ok,1.9128709,0,2005-06-06/2005-06-12,True,False,-0.71849636,-0.87406656,9,11,-0.1555702,-2,True,False
2005-06-29_912828DY3,2005-06-29,2005-06-27,912828DY3,2-Year,2-Year,False,DGS2,2,2e+10,2005-06-22,2005-07-07,299,2.3666667e+10,8.1649658e+08,-3,clipped,2.2e+10,previous,-2.0412415,ok,0,0,2005-06-27/2005-07-03,True,False,-0.046721384,-0.10106462,3,6,-0.054343235,-3,True,False
2005-07-13_912828DZ0,2005-07-13,2005-07-11,912828DZ0,5-Year,5-Year,False,DGS5,5,1.3e+10,2005-07-06,2005-07-20,230,1.4833333e+10,4.0824829e+08,-3,clipped,1.4e+10,previous,-2.0412415,ok,0,0,2005-07-11/2005-07-17,True,False,-0.43498475,-0.12012972,10,3,0.31485503,7,True,False
2005-07-27_912828EB2,2005-07-27,2005-07-25,912828EB2,2-Year,2-Year,False,DGS2,2,2e+10,2005-07-20,2005-08-03,300,2.3e+10,1.6733201e+09,-1.7928429,ok,2e+10,previous,-1.7928429,ok,0,0,2005-07-25/2005-07-31,True,False,-0.15970466,-0.04509667,9,3,0.11460799,6,True,False
2005-08-08_912828EC0,2005-08-08,2005-08-03,912828EC0,3-Year,3-Year,False,DGS3,3,1.8e+10,2005-08-01,2005-08-15,8,2.3e+10,1.0954451e+09,-3,clipped,2.2e+10,previous,-0.91287093,ok,0.087129071,0,2005-08-08/2005-08-14,True,False,-0.34939367,0.32007119,13,-11,0.66946486,24,True,False
2005-08-10_912828ED8,2005-08-10,2005-08-03,912828ED8,5-Year,5-Year,False,DGS5,5,1.3e+10,2005-08-03,2005-08-17,231,1.45e+10,8.3666003e+08,-1.7928429,ok,1.3e+10,own,-1.7928429,ok,0,0,2005-08-08/2005-08-14,True,False,-0.47623519,0.41496319,11,-9,0.89119838,20,True,False
2005-08-11_912828EE6,2005-08-11,2005-08-03,912828EE6,10-Year,10-Year,False,DGS10,10,1.3e+10,2005-08-04,2005-08-18,115,1.1333333e+10,2.9439203e+09,0.56613852,ok,1.3e+10,own,0.56613852,ok,1.5661385,1.5661385,2005-08-08/2005-08-14,True,False,0.015784325,0.90452101,0,-11,0.88873668,11,True,False
2005-08-24_912828EF3,2005-08-24,2005-08-22,912828EF3,2-Year,2-Year,False,DGS2,2,2e+10,2005-08-17,2005-08-31,301,2.2333333e+10,1.9663842e+09,-1.1866111,ok,2e+10,previous,-1.1866111,ok,0,0,2005-08-22/2005-08-28,True,False,0.16265406,0.29580878,-8,-15,0.13315472,7,True,False
2005-09-07_912828EG1,2005-09-07,2005-09-06,912828EG1,5-Year,5-Year,False,DGS5,5,1.3e+10,2005-08-30,2005-09-14,232,1.4166667e+10,9.8319208e+08,-1.1866111,ok,1.3e+10,previous,-1.1866111,ok,0,0,2005-09-05/2005-09-11,True,False,0.45875391,-0.12535644,-10,3,-0.58411035,-13,True,False
2005-09-08_912828EE6,2005-09-08,2005-09-06,912828EE6,9-Year 11-Month,10-Year,True,DGS10,10,8e+09,2005-08-31,2005-09-15,116,1.1166667e+10,2.786874e+09,-1.1362791,ok,1.3e+10,previous,0.65784579,ok,1.6578458,0,2005-09-05/2005-09-11,True,False,-1.0401283,-0.55274948,13,7,0.48737878,6,True,False
2005-09-28_912828EH9,2005-09-28,2005-09-26,912828EH9,2-Year,2-Year,False,DGS2,2,2e+10,2005-09-21,2005-10-05,302,2.1666667e+10,1.9663842e+09,-0.84757938,ok,2e+10,previous,-0.84757938,ok,0.15242062,0.15242062,2005-09-26/2005-10-02,True,False,-0.23557079,-0.21495411,13,12,0.020616682,1,True,False
2005-10-12_912828EJ5,2005-10-12,2005-10-11,912828EJ5,5-Year,5-Year,False,DGS5,5,1.3e+10,2005-10-04,2005-10-19,233,1.3833333e+10,9.8319208e+08,-0.84757938,ok,1.3e+10,previous,-0.84757938,ok,0.15242062,0.15242062,2005-10-10/2005-10-16,True,False,-0.34168546,0.011364104,8,0,0.35304956,8,True,False
2005-10-26_912828EK2,2005-10-26,2005-10-24,912828EK2,2-Year,2-Year,False,DGS2,2,2e+10,2005-10-19,2005-11-02,303,2.1e+10,1.6733201e+09,-0.5976143,ok,2e+10,previous,-0.5976143,ok,0.4023857,0.4023857,2005-10-24/2005-10-30,True,False,-0.23783433,-0.084773995,13,5,0.15306034,8,True,False
2005-11-08_912828EL0,2005-11-08,2005-11-02,912828EL0,3-Year,3-Year,False,DGS3,3,1.8e+10,2005-11-01,2005-11-16,9,2.2e+10,2.1908902e+09,-1.8257419,ok,1.8e+10,previous,-1.8257419,ok,0,0,2005-11-07/2005-11-13,True,False,-0.072431455,0.12332808,3,-4,0.19575954,7,True,False
2005-11-09_912828EM8,2005-11-09,2005-11-02,912828EM8,5-Year,5-Year,False,DGS5,5,1.3e+10,2005-11-02,2005-11-17,234,1.35e+10,8.3666003e+08,-0.5976143,ok,1.3e+10,own,-0.5976143,ok,0.4023857,0.4023857,2005-11-07/2005-11-13,True,False,-0.20973998,0.72392909,5,-16,0.93366907,21,True,False
2005-11-10_912828EN6,2005-11-10,2005-11-02,912828EN6,10-Year,10-Year,False,DGS10,10,1.3e+10,2005-11-03,2005-11-18,117,1.1e+10,2.9664794e+09,0.67419986,ok,1.3e+10,own,0.67419986,ok,1.6741999,1.6741999,2005-11-07/2005-11-13,True,False,0.8086279,0.41090987,-10,-5,-0.39771804,-5,True,False
2005-11-23_912828EP1,2005-11-23,2005-11-21,912828EP1,2-Year,2-Year,False,DGS2,2,2e+10,2005-11-16,2005-12-01,304,2.0333333e+10,8.1649658e+08,-0.40824829,ok,2e+10,previous,-0.40824829,ok,0.59175171,0.59175171,2005-11-21/2005-11-27,True,False,0.12189304,-0.16055187,-6,9,-0.28244491,-15,True,False
2005-12-07_912828EQ9,2005-12-07,2005-12-05,912828EQ9,5-Year,5-Year,False,DGS5,5,1.3e+10,2005-11-30,2005-12-14,235,1.3166667e+10,4.0824829e+08,-0.40824829,ok,1.3e+10,previous,-0.40824829,ok,0.59175171,0.59175171,2005-12-05/2005-12-11,True,False,-0.035085802,0.32092629,1,-7,0.35601209,8,True,False
2005-12-08_912828EN6,2005-12-08,2005-12-05,912828EN6,9-Year 11-Month,10-Year,True,DGS10,10,8e+09,2005-12-01,2005-12-15,118,1.0833333e+10,2.786874e+09,-1.0166708,ok,1.3e+10,previous,0.77745412,ok,1.7774541,0,2005-12-05/2005-12-11,True,False,0.40920754,0.010370336,-5,0,-0.39883721,-5,True,False
2005-12-29_912828ER7,2005-12-29,2005-12-27,912828ER7,2-Year,2-Year,False,DGS2,2,2e+10,2005-12-21,2006-01-06,305,2e+10,0,0,sd0,2e+10,previous,0,sd0,1,1,2005-12-26/2006-01-01,True,False,0.10407311,0.044082836,-5,-2,-0.059990271,-3,True,False
2006-01-11_912828ES5,2006-01-11,2006-01-09,912828ES5,5-Year,5-Year,False,DGS5,5,1.3e+10,2006-01-04,2006-01-19,236,1.3e+10,0,0,sd0,1.3e+10,previous,0,sd0,1,1,2006-01-09/2006-01-15,True,False,-0.48568908,0.35661314,11,-8,0.84230221,19,True,False
2006-01-25_912828EU0,2006-01-25,2006-01-23,912828EU0,2-Year,2-Year,False,DGS2,2,2.2e+10,2006-01-18,2006-02-01,306,2e+10,0,3,sd0,2e+10,previous,0,sd0,1,2,2006-01-23/2006-01-29,True,False,-0.24483921,-0.24320512,13,13,0.0016340885,0,True,False
2006-02-07_912828EV8,2006-02-07,2006-02-01,912828EV8,3-Year,3-Year,False,DGS3,3,2.1e+10,2006-01-31,2006-02-14,10,2.1e+10,2.4494897e+09,0,ok,1.8e+10,previous,-1.2247449,ok,0,1,2006-02-06/2006-02-12,True,False,-0.21933347,-0.30099351,8,11,-0.081660038,-3,True,False
2006-02-08_912828EW6,2006-02-08,2006-02-01,912828EW6,10-Year,10-Year,False,DGS10,10,1.3e+10,2006-02-01,2006-02-15,119,1.0666667e+10,2.9439203e+09,0.79259392,ok,1.3e+10,own,0.79259392,ok,1.7925939,1.7925939,2006-02-06/2006-02-12,True,False,0.08191457,-0.39520734,-1,5,-0.47712191,-6,True,False
2006-02-09_912810FT0,2006-02-09,2006-02-01,912810FT0,30-Year,30-Year,False,DGS30,30,1.4e+10,2006-02-02,2006-02-16,0,,,,none,,,,none,1,1,2006-02-06/2006-02-12,True,True,,-0.97299524,,6,,,True,False
2006-02-22_912828EY2,2006-02-22,2006-02-16,912828EY2,2-Year,2-Year,False,DGS2,2,2.2e+10,2006-02-14,2006-03-01,307,2.0333333e+10,8.1649658e+08,2.0412415,ok,2.2e+10,previous,2.0412415,ok,2,2,2006-02-20/2006-02-26,True,False,0.023316773,-0.053184041,-1,3,-0.076500814,-4,True,False
2006-02-23_912828EX4,2006-02-23,2006-02-16,912828EX4,5-Year,5-Year,False,DGS5,5,1.4e+10,2006-02-15,2006-03-02,237,1.3e+10,0,3,sd0,1.3e+10,previous,0,sd0,1,2,2006-02-20/2006-02-26,True,False,-0.13077374,-0.2188618,3,5,-0.088088068,-2,True,False
2006-03-09_912828EW6,2006-03-09,2006-03-06,912828EW6,9-Year 11-Month,10-Year,True,DGS10,10,8e+09,2006-03-02,2006-03-16,120,1.05e+10,2.7386128e+09,-0.91287093,ok,1.3e+10,previous,0.91287093,ok,1.9128709,0.087129071,2006-03-06/2006-03-12,True,False,-0.78528105,0.71657712,10,-9,1.5018582,19,True,False
2006-03-27_912828EZ9,2006-03-27,2006-03-23,912828EZ9,2-Year,2-Year,False,DGS2,2,2.2e+10,2006-03-20,2006-04-03,308,2.0666667e+10,1.0327956e+09,1.2909944,ok,2.2e+10,previous,1.2909944,ok,2,2,2006-03-27/2006-04-02,True,False,-0.12977854,-0.25869124,7,14,-0.12891271,-7,True,False
2006-03-29_912828FA3,2006-03-29,2006-03-23,912828FA3,5-Year,5-Year,False,DGS5,5,1.4e+10,2006-03-22,2006-04-05,238,1.3166667e+10,4.0824829e+08,2.0412415,ok,1.4e+10,previous,2.0412415,ok,2,2,2006-03-27/2006-04-02,True,False,-0.43796876,0.004539364,10,0,0.44250812,10,True,False
2006-04-26_912828FC9,2006-04-26,2006-04-24,912828FC9,2-Year,2-Year,False,DGS2,2,2.2e+10,2006-04-19,2006-05-03,309,2.1e+10,1.0954451e+09,0.91287093,ok,2.2e+10,previous,0.91287093,ok,1.9128709,1.9128709,2006-04-24/2006-04-30,True,False,-0.24022962,0.097800928,13,-5,0.33803055,18,True,False
2006-04-27_912828FD7,2006-04-27,2006-04-24,912828FD7,5-Year,5-Year,False,DGS5,5,1.4e+10,2006-04-20,2006-05-04,239,1.3333333e+10,5.1639778e+08,1.2909944,ok,1.4e+10,previous,1.2909944,ok,2,2,2006-04-24/2006-04-30,True,False,-0.12735052,-0.34508889,3,8,-0.21773837,-5,True,False
2006-05-09_912828FE5,2006-05-09,2006-05-03,912828FE5,3-Year,3-Year,False,DGS3,3,2.1e+10,2006-05-02,2006-05-16,11,2.05e+10,1.9748418e+09,0.25318484,ok,2.1e+10,previous,0.25318484,ok,1.2531848,1.2531848,2006-05-08/2006-05-14,True,False,-0.10610534,0.031623077,4,-1,0.13772842,5,True,False
2006-05-11_912828FF2,2006-05-11,2006-05-03,912828FF2,10-Year,10-Year,False,DGS10,10,1.3e+10,2006-05-04,2006-05-18,121,1.05e+10,2.7386128e+09,0.91287093,ok,1.3e+10,own,0.91287093,ok,1.9128709,1.9128709,2006-05-08/2006-05-14,True,False,0.16125905,0.47142899,-2,-6,0.31016994,4,True,False
2006-05-24_912828FG0,2006-05-24,2006-05-22,912828FG0,2-Year,2-Year,False,DGS2,2,2.2e+10,2006-05-17,2006-06-01,310,2.1333333e+10,1.0327956e+09,0.64549722,ok,2.2e+10,previous,0.64549722,ok,1.6454972,1.6454972,2006-05-22/2006-05-28,True,False,0.059933661,-0.1832243,-3,10,-0.24315796,-13,True,False
2006-05-25_912828FH8,2006-05-25,2006-05-22,912828FH8,5-Year,5-Year,False,DGS5,5,1.4e+10,2006-05-18,2006-06-02,240,1.35e+10,5.4772256e+08,0.91287093,ok,1.4e+10,previous,0.91287093,ok,1.9128709,1.9128709,2006-05-22/2006-05-28,True,False,-0.040446492,0.31096252,1,-7,0.35140901,8,True,False
2006-06-08_912828FF2,2006-06-08,2006-06-05,912828FF2,9-Year 11-Month,10-Year,True,DGS10,10,8e+09,2006-06-01,2006-06-15,122,1.05e+10,2.7386128e+09,-0.91287093,ok,1.3e+10,previous,0.91287093,ok,1.9128709,0.087129071,2006-06-05/2006-06-11,True,False,0.8619743,-0.77234896,-11,10,-1.6343233,-21,True,False
2006-06-27_912828FJ4,2006-06-27,2006-06-22,912828FJ4,2-Year,2-Year,False,DGS2,2,2.2e+10,2006-06-20,2006-07-05,311,2.1666667e+10,8.1649658e+08,0.40824829,ok,2.2e+10,previous,0.40824829,ok,1.4082483,1.4082483,2006-06-26/2006-07-02,True,False,-0.087032832,0.0051147535,5,0,0.092147585,5,True,False
2006-06-28_912828FK1,2006-06-28,2006-06-22,912828FK1,5-Year,5-Year,False,DGS5,5,1.4e+10,2006-06-21,2006-07-06,241,1.3666667e+10,5.1639778e+08,0.64549722,ok,1.4e+10,previous,0.64549722,ok,1.6454972,1.6454972,2006-06-26/2006-07-02,True,False,-0.38578861,0.35229428,9,-8,0.73808289,17,True,False
2006-07-26_912828FM7,2006-07-26,2006-07-24,912828FM7,2-Year,2-Year,False,DGS2,2,2.2e+10,2006-07-19,2006-08-02,312,2.2e+10,0,0,sd0,2.2e+10,previous,0,sd0,1,1,2006-07-24/2006-07-30,True,False,0.11382961,0.16868186,-6,-9,0.054852255,3,True,False
2006-07-27_912828FN5,2006-07-27,2006-07-24,912828FN5,5-Year,5-Year,False,DGS5,5,1.4e+10,2006-07-20,2006-08-03,242,1.3833333e+10,4.0824829e+08,0.40824829,ok,1.4e+10,previous,0.40824829,ok,1.4082483,1.4082483,2006-07-24/2006-07-30,True,False,-0.00077559371,0.34892098,0,-8,0.34969657,8,True,False
2006-08-07_912828FP0,2006-08-07,2006-08-02,912828FP0,3-Year,3-Year,False,DGS3,3,2.1e+10,2006-07-31,2006-08-14,12,2.0333333e+10,1.8618987e+09,0.35805744,ok,2.1e+10,previous,0.35805744,ok,1.3580574,1.3580574,2006-08-07/2006-08-13,True,False,0.10772818,-0.24949403,-4,9,-0.35722221,-13,True,False
2006-08-09_912828FQ8,2006-08-09,2006-08-02,912828FQ8,10-Year,10-Year,False,DGS10,10,1.3e+10,2006-08-02,2006-08-16,123,1.05e+10,2.7386128e+09,0.91287093,ok,1.3e+10,own,0.91287093,ok,1.9128709,1.9128709,2006-08-07/2006-08-13,True,False,0.31088766,0.39009859,-4,-5,0.079210923,1,True,False
2006-08-10_912810FT0,2006-08-10,2006-08-02,912810FT0,29-Year 6-Month,30-Year,True,DGS30,30,1e+10,2006-08-03,2006-08-17,1,,,,none,,,,none,1,1,2006-08-07/2006-08-13,True,False,-0.30799529,0.9267183,2,-6,1.2347136,8,True,False
2006-08-29_912828FR6,2006-08-29,2006-08-24,912828FR6,2-Year,2-Year,False,DGS2,2,2.2e+10,2006-08-22,2006-09-06,313,2.2e+10,0,0,sd0,2.2e+10,previous,0,sd0,1,1,2006-08-28/2006-09-03,True,False,-0.0029886015,0.090807701,0,-5,0.093796303,5,True,False
2006-08-30_912828FS4,2006-08-30,2006-08-24,912828FS4,5-Year,5-Year,False,DGS5,5,1.4e+10,2006-08-23,2006-09-07,243,1.4e+10,0,0,sd0,1.4e+10,previous,0,sd0,1,1,2006-08-28/2006-09-03,True,False,0.21539899,-0.093146974,-5,2,-0.30854596,-7,True,False
2006-09-12_912828FQ8,2006-09-12,2006-09-07,912828FQ8,9-Year 11-Month,10-Year,True,DGS10,10,8e+09,2006-09-05,2006-09-19,124,1.05e+10,2.7386128e+09,-0.91287093,ok,1.3e+10,previous,0.91287093,ok,1.9128709,0.087129071,2006-09-11/2006-09-17,True,False,-0.0018596586,0.31363169,0,-4,0.31549135,4,True,False
2006-09-27_912828FT2,2006-09-27,2006-09-25,912828FT2,2-Year,2-Year,False,DGS2,2,2e+10,2006-09-20,2006-10-04,314,2.2e+10,0,-3,sd0,2.2e+10,previous,0,sd0,1,0,2006-09-25/2006-10-01,True,False,0.27988931,0.11042,-15,-6,-0.16946931,-9,True,False
2006-09-28_912828FU9,2006-09-28,2006-09-25,912828FU9,5-Year,5-Year,False,DGS5,5,1.4e+10,2006-09-21,2006-10-05,244,1.4e+10,0,0,sd0,1.4e+10,previous,0,sd0,1,1,2006-09-25/2006-10-01,True,False,0.12695894,0.083171398,-3,-2,-0.043787542,-1,True,False
2006-10-24_912828FV7,2006-10-24,2006-10-19,912828FV7,2-Year,2-Year,False,DGS2,2,2e+10,2006-10-17,2006-10-31,315,2.1666667e+10,8.1649658e+08,-2.0412415,ok,2e+10,previous,-2.0412415,ok,0,0,2006-10-23/2006-10-29,True,False,-0.1533466,0.37283012,8,-20,0.52617672,28,True,False
2006-10-26_912828FW5,2006-10-26,2006-10-19,912828FW5,5-Year,5-Year,False,DGS5,5,1.4e+10,2006-10-19,2006-11-02,245,1.4e+10,0,0,sd0,1.4e+10,own,0,sd0,1,1,2006-10-23/2006-10-29,True,False,0.25948311,0.61213432,-6,-14,0.35265121,8,True,False
2006-11-08_912828FX3,2006-11-08,2006-11-01,912828FX3,3-Year,3-Year,False,DGS3,3,1.9e+10,2006-11-01,2006-11-15,13,2.0166667e+10,1.7224014e+09,-0.67734887,ok,1.9e+10,own,-0.67734887,ok,0.32265113,0.32265113,2006-11-06/2006-11-12,True,False,-0.25548234,-0.11779605,9,4,0.13768629,5,True,False
2006-11-09_912828FY1,2006-11-09,2006-11-01,912828FY1,10-Year,10-Year,False,DGS10,10,1.3e+10,2006-11-02,2006-11-16,125,1.05e+10,2.7386128e+09,0.91287093,ok,1.3e+10,own,0.91287093,ok,1.9128709,1.9128709,2006-11-06/2006-11-12,True,False,-0.16720949,-0.32540488,2,4,-0.15819539,-2,True,False
2006-11-28_912828FZ8,2006-11-28,2006-11-22,912828FZ8,2-Year,2-Year,False,DGS2,2,2e+10,2006-11-20,2006-12-05,316,2.1333333e+10,1.0327956e+09,-1.2909944,ok,2e+10,previous,-1.2909944,ok,0,0,2006-11-27/2006-12-03,True,False,0.1643744,0.27633155,-9,-15,0.11195715,6,True,False
2006-11-29_912828GA2,2006-11-29,2006-11-22,912828GA2,5-Year,5-Year,False,DGS5,5,1.4e+10,2006-11-21,2006-12-06,246,1.4e+10,0,0,sd0,1.4e+10,previous,0,sd0,1,1,2006-11-27/2006-12-03,True,False,0.30095198,0.30036596,-7,-7,-0.00058601509,-8.8817842e-14,True,False
2006-12-13_912828FY1,2006-12-13,2006-12-07,912828FY1,9-Year 11-Month,10-Year,True,DGS10,10,8e+09,2006-12-06,2006-12-20,126,1.05e+10,2.7386128e+09,-0.91287093,ok,1.3e+10,previous,0.91287093,ok,1.9128709,0.087129071,2006-12-11/2006-12-17,True,False,-0.80272302,-0.16398852,10,2,0.6387345,8,True,False
2006-12-27_912828GB0,2006-12-27,2006-12-21,912828GB0,2-Year,2-Year,False,DGS2,2,2e+10,2006-12-19,2007-01-04,317,2.1e+10,1.0954451e+09,-0.91287093,ok,2e+10,previous,-0.91287093,ok,0.087129071,0.087129071,2006-12-25/2006-12-31,True,False,-0.11751866,0.10976645,6,-6,0.22728511,12,True,False
2006-12-28_912828GC8,2006-12-28,2006-12-21,912828GC8,5-Year,5-Year,False,DGS5,5,1.3e+10,2006-12-20,2007-01-05,247,1.4e+10,0,-3,sd0,1.4e+10,previous,0,sd0,1,0,2006-12-25/2006-12-31,True,False,-0.53616236,0.17029166,12,-4,0.70645402,16,True,False
2007-01-24_912828GE4,2007-01-24,2007-01-22,912828GE4,2-Year,2-Year,False,DGS2,2,2e+10,2007-01-17,2007-01-31,318,2.0666667e+10,1.0327956e+09,-0.64549722,ok,2e+10,previous,-0.64549722,ok,0.35450278,0.35450278,2007-01-22/2007-01-28,True,False,-0.040436484,-0.020447968,2,1,0.019988516,1,True,False
2007-01-25_912828GF1,2007-01-25,2007-01-22,912828GF1,5-Year,5-Year,False,DGS5,5,1.3e+10,2007-01-18,2007-02-01,248,1.3833333e+10,4.0824829e+08,-2.0412415,ok,1.3e+10,previous,-2.0412415,ok,0,0,2007-01-22/2007-01-28,True,False,-0.44419988,0.040071677,10,-1,0.48427155,11,True,False
2007-02-06_912828GG9,2007-02-06,2007-01-31,912828GG9,3-Year,3-Year,False,DGS3,3,1.6e+10,2007-01-30,2007-02-13,14,1.9666667e+10,1.5055453e+09,-2.4354409,ok,1.9e+10,previous,-0.44280744,ok,0.55719256,0,2007-02-05/2007-02-11,True,False,0.27227481,-0.14309933,-10,5,-0.41537415,-15,True,False
2007-02-07_912828GH7,2007-02-07,2007-01-31,912828GH7,10-Year,10-Year,False,DGS10,10,1.3e+10,2007-01-31,2007-02-14,127,1.05e+10,2.7386128e+09,0.91287093,ok,1.3e+10,own,0.91287093,ok,1.9128709,1.9128709,2007-02-05/2007-02-11,True,False,0.70590688,-0.0070545847,-9,0,-0.71296146,-9,True,False
2007-02-08_912810PT9,2007-02-08,2007-01-31,912810PT9,30-Year,30-Year,False,DGS30,30,9e+09,2007-02-01,2007-02-15,2,,,,none,,,,none,1,1,2007-02-05/2007-02-11,True,False,1.8953583,-0.0073608071,-12,0,-1.9027191,-12,True,False
2007-02-21_912828GJ3,2007-02-21,2007-02-15,912828GJ3,2-Year,2-Year,False,DGS2,2,1.8e+10,2007-02-13,2007-02-28,319,2.0333333e+10,8.1649658e+08,-2.857738,ok,2e+10,previous,-0.40824829,ok,0.59175171,0,2007-02-19/2007-02-25,True,False,0.23925396,0.31443398,-13,-17,0.075180022,4,True,False
2007-02-22_912828GK0,2007-02-22,2007-02-15,912828GK0,5-Year,5-Year,False,DGS5,5,1.3e+10,2007-02-14,2007-03-01,249,1.3666667e+10,5.1639778e+08,-1.2909944,ok,1.3e+10,previous,-1.2909944,ok,0,0,2007-02-19/2007-02-25,True,False,-0.0091183429,0.96608335,0,-22,0.97520169,22,True,False
2007-03-13_912828GH7,2007-03-13,2007-03-08,912828GH7,9-Year 11-Month,10-Year,True,DGS10,10,8e+09,2007-03-06,2007-03-20,128,1.05e+10,2.7386128e+09,-0.91287093,ok,1.3e+10,previous,0.91287093,ok,1.9128709,0.087129071,2007-03-12/2007-03-18,True,False,0.22902733,-0.48524583,-3,6,-0.71427317,-9,True,False
2007-03-28_912828GL8,2007-03-28,2007-03-26,912828GL8,2-Year,2-Year,False,DGS2,2,1.8e+10,2007-03-21,2007-04-04,320,1.9666667e+10,8.1649658e+08,-2.0412415,ok,1.8e+10,previous,-2.0412415,ok,0,0,2007-03-26/2007-04-01,True,False,-0.045809026,-0.15807331,2,8,-0.11226429,-6,True,False
2007-03-29_912828GM6,2007-03-29,2007-03-26,912828GM6,5-Year,5-Year,False,DGS5,5,1.3e+10,2007-03-22,2007-04-05,250,1.35e+10,5.4772256e+08,-0.91287093,ok,1.3e+10,previous,-0.91287093,ok,0.087129071,0.087129071,2007-03-26/2007-04-01,True,False,-0.18648163,-0.18483092,4,4,0.0016507129,0,True,False
2007-04-25_912828GP9,2007-04-25,2007-04-23,912828GP9,2-Year,2-Year,False,DGS2,2,1.8e+10,2007-04-18,2007-05-02,321,1.9333333e+10,1.0327956e+09,-1.2909944,ok,1.8e+10,previous,-1.2909944,ok,0,0,2007-04-23/2007-04-29,True,False,0.013496166,-0.042111823,-1,2,-0.055607988,-3,True,False
2007-04-26_912828GQ7,2007-04-26,2007-04-23,912828GQ7,5-Year,5-Year,False,DGS5,5,1.3e+10,2007-04-19,2007-05-03,251,1.3333333e+10,5.1639778e+08,-0.64549722,ok,1.3e+10,previous,-0.64549722,ok,0.35450278,0.35450278,2007-04-23/2007-04-29,True,False,-0.095216513,-0.0060841153,2,0,0.089132398,2,True,False
2007-05-07_912828GR5,2007-05-07,2007-05-02,912828GR5,3-Year,3-Year,False,DGS3,3,1.4e+10,2007-04-30,2007-05-14,15,1.9333333e+10,2.0655911e+09,-2.5819889,ok,1.6e+10,previous,-1.6137431,ok,0,0,2007-05-07/2007-05-13,True,False,-0.11546712,-0.19717457,4,7,-0.081707447,-3,True,False
2007-05-08_912828GS3,2007-05-08,2007-05-02,912828GS3,10-Year,10-Year,False,DGS10,10,1.3e+10,2007-05-01,2007-05-15,129,1.05e+10,2.7386128e+09,0.91287093,ok,8e+09,previous,-0.91287093,ok,0.087129071,1.9128709,2007-05-07/2007-05-13,True,False,0.075875233,-0.63396845,-1,8,-0.70984368,-9,True,False
2007-05-10_912810PT9,2007-05-10,2007-05-02,912810PT9,29-Year 9-Month,30-Year,True,DGS30,30,5e+09,2007-05-03,2007-05-17,3,,,,none,,,,none,1,1,2007-05-07/2007-05-13,True,False,0.15656547,-1.245853,-1,8,-1.4024185,-9,True,False
2007-05-29_912828GT1,2007-05-29,2007-05-24,912828GT1,2-Year,2-Year,False,DGS2,2,1.8e+10,2007-05-21,2007-06-05,322,1.9e+10,1.0954451e+09,-0.91287093,ok,1.8e+10,previous,-0.91287093,ok,0.087129071,0.087129071,2007-05-28/2007-06-03,True,False,-0.13091749,-0.20271929,7,11,-0.071801807,-4,True,False
2007-05-30_912828GU8,2007-05-30,2007-05-24,912828GU8,5-Year,5-Year,False,DGS5,5,1.3e+10,2007-05-22,2007-06-06,252,1.3166667e+10,4.0824829e+08,-0.40824829,ok,1.3e+10,previous,-0.40824829,ok,0.59175171,0.59175171,2007-05-28/2007-06-03,True,False,-0.30774588,-0.47835683,7,11,-0.17061095,-4,True,False
2007-06-12_912828GS3,2007-06-12,2007-06-07,912828GS3,9-Year 11-Month,10-Year,True,DGS10,10,8e+09,2007-06-05,2007-06-19,130,1.05e+10,2.7386128e+09,-0.91287093,ok,1.3e+10,previous,0.91287093,ok,1.9128709,0.087129071,2007-06-11/2007-06-17,True,False,-2.1434271,1.3332681,28,-17,3.4766952,45,True,False
2007-06-26_912828GV6,2007-06-26,2007-06-21,912828GV6,2-Year,2-Year,False,DGS2,2,1.8e+10,2007-06-19,2007-07-03,323,1.8666667e+10,1.0327956e+09,-0.64549722,ok,1.8e+10,previous,-0.64549722,ok,0.35450278,0.35450278,2007-06-25/2007-07-01,True,False,0.080282762,0.021461754,-4,-1,-0.058821008,-3,True,False
2007-06-27_912828GW4,2007-06-27,2007-06-21,912828GW4,5-Year,5-Year,False,DGS5,5,1.3e+10,2007-06-20,2007-07-05,253,1.3e+10,0,0,sd0,1.3e+10,previous,0,sd0,1,1,2007-06-25/2007-07-01,True,False,0.35654442,-0.34646861,-8,8,-0.70301303,-16,True,False
2007-07-25_912828GY0,2007-07-25,2007-07-23,912828GY0,2-Year,2-Year,False,DGS2,2,1.8e+10,2007-07-18,2007-08-01,324,1.8333333e+10,8.1649658e+08,-0.40824829,ok,1.8e+10,previous,-0.40824829,ok,0.59175171,0.59175171,2007-07-23/2007-07-29,True,False,0.18670573,0.33551512,-10,-18,0.14880939,8,True,False
2007-07-26_912828GZ7,2007-07-26,2007-07-23,912828GZ7,5-Year,5-Year,False,DGS5,5,1.3e+10,2007-07-19,2007-08-02,254,1.3e+10,0,0,sd0,1.3e+10,previous,0,sd0,1,1,2007-07-23/2007-07-29,True,False,1.459568,-0.048096904,-33,1,-1.5076649,-34,True,False
2007-08-08_912828HA1,2007-08-08,2007-08-01,912828HA1,10-Year,10-Year,False,DGS10,10,1.3e+10,2007-08-01,2007-08-15,131,1.05e+10,2.7386128e+09,0.91287093,ok,1.3e+10,own,0.91287093,ok,1.9128709,1.9128709,2007-08-06/2007-08-12,True,False,-0.62990982,1.1914322,8,-15,1.821342,23,True,False
2007-08-09_912810PU6,2007-08-09,2007-08-01,912810PU6,29-Year 9-Month,29-Year 9-Month,False,DGS30,30,9e+09,2007-08-02,2007-08-16,4,,,,none,,,,none,1,1,2007-08-06/2007-08-12,True,False,-1.6939166,1.5699796,11,-10,3.2638961,21,True,False
2007-08-29_912828HB9,2007-08-29,2007-08-27,912828HB9,2-Year,2-Year,False,DGS2,2,1.8e+10,2007-08-22,2007-09-06,325,1.8e+10,0,0,sd0,1.8e+10,previous,0,sd0,1,1,2007-08-27/2007-09-02,True,False,0.020887013,0.11590112,-1,-6,0.095014106,5,True,False
2007-08-30_912828HC7,2007-08-30,2007-08-27,912828HC7,5-Year,5-Year,False,DGS5,5,1.3e+10,2007-08-23,2007-09-07,255,1.3e+10,0,0,sd0,1.3e+10,previous,0,sd0,1,1,2007-08-27/2007-09-02,True,False,0.67279665,0.81074534,-15,-18,0.13794869,3,True,False
2007-09-13_912828HA1,2007-09-13,2007-09-11,912828HA1,9-Year 11-Month,10-Year,True,DGS10,10,8e+09,2007-09-06,2007-09-20,132,1.05e+10,2.7386128e+09,-0.91287093,ok,1.3e+10,previous,0.91287093,ok,1.9128709,0.087129071,2007-09-10/2007-09-16,True,False,0.16315893,-1.5702751,-2,20,-1.733434,-22,True,False
2007-09-26_912828HD5,2007-09-26,2007-09-24,912828HD5,2-Year,2-Year,False,DGS2,2,1.8e+10,2007-09-19,2007-10-03,326,1.8e+10,0,0,sd0,1.8e+10,previous,0,sd0,1,1,2007-09-24/2007-09-30,True,False,0.062812562,-0.090854436,-3,5,-0.153667,-8,True,False
2007-09-27_912828HE3,2007-09-27,2007-09-24,912828HE3,5-Year,5-Year,False,DGS5,5,1.3e+10,2007-09-20,2007-10-04,256,1.3e+10,0,0,sd0,1.3e+10,previous,0,sd0,1,1,2007-09-24/2007-09-30,True,False,0.59193418,0.007983296,-13,0,-0.58395088,-13,True,False
2007-10-24_912828HF0,2007-10-24,2007-10-22,912828HF0,2-Year,2-Year,False,DGS2,2,2e+10,2007-10-17,2007-10-31,327,1.8e+10,0,3,sd0,1.8e+10,previous,0,sd0,1,2,2007-10-22/2007-10-28,True,False,0.49678787,-0.38243928,-26,20,-0.87922715,-46,True,False
2007-10-25_912828HG8,2007-10-25,2007-10-22,912828HG8,5-Year,5-Year,False,DGS5,5,1.3e+10,2007-10-18,2007-11-01,257,1.3e+10,0,0,sd0,1.3e+10,previous,0,sd0,1,1,2007-10-22/2007-10-28,True,False,0.72279516,-0.043199841,-16,1,-0.765995,-17,True,False
2007-11-07_912828HH6,2007-11-07,2007-10-31,912828HH6,10-Year,10-Year,False,DGS10,10,1.3e+10,2007-10-31,2007-11-15,133,1.05e+10,2.7386128e+09,0.91287093,ok,1.3e+10,own,0.91287093,ok,1.9128709,1.9128709,2007-11-05/2007-11-11,True,False,1.1390051,1.4005363,-14,-17,0.26153121,3,True,False
2007-11-08_912810PU6,2007-11-08,2007-10-31,912810PU6,29-Year 6-Month,29-Year 9-Month,True,DGS30,30,5e+09,2007-11-01,2007-11-16,5,,,,none,,,,none,1,1,2007-11-05/2007-11-11,True,False,-0.46260171,2.4845803,3,-15,2.947182,18,True,False
2007-11-28_912828HJ2,2007-11-28,2007-11-26,912828HJ2,2-Year,2-Year,False,DGS2,2,2e+10,2007-11-20,2007-12-05,328,1.8333333e+10,8.1649658e+08,2.0412415,ok,2e+10,previous,2.0412415,ok,2,2,2007-11-26/2007-12-02,True,False,-0.06059293,0.51947718,3,-27,0.58007011,30,True,False
2007-11-29_912828HK9,2007-11-29,2007-11-26,912828HK9,5-Year,5-Year,False,DGS5,5,1.3e+10,2007-11-21,2007-12-06,258,1.3e+10,0,0,sd0,1.3e+10,previous,0,sd0,1,1,2007-11-26/2007-12-02,True,False,-0.089093434,0.14088892,2,-3,0.22998235,5,True,False
2007-12-13_912828HH6,2007-12-13,2007-12-10,912828HH6,9-Year 11-Month,10-Year,True,DGS10,10,8e+09,2007-12-06,2007-12-20,134,1.05e+10,2.7386128e+09,-0.91287093,ok,1.3e+10,previous,0.91287093,ok,1.9128709,0.087129071,2007-12-10/2007-12-16,True,False,-1.2809716,1.1672402,16,-14,2.4482118,30,True,False
2007-12-26_912828HL7,2007-12-26,2007-12-21,912828HL7,2-Year,2-Year,False,DGS2,2,2.2e+10,2007-12-18,2008-01-03,329,1.8666667e+10,1.0327956e+09,3,clipped,2e+10,previous,1.2909944,ok,2,2,2007-12-24/2007-12-30,True,False,-0.22618412,0.92424455,12,-48,1.1504287,60,True,False
2007-12-27_912828HM5,2007-12-27,2007-12-21,912828HM5,5-Year,5-Year,False,DGS5,5,1.3e+10,2007-12-19,2008-01-04,259,1.3e+10,0,0,sd0,1.3e+10,previous,0,sd0,1,1,2007-12-24/2007-12-30,True,False,-0.8038189,2.1220367,18,-46,2.9258556,64,True,False
2008-01-28_912828HP8,2008-01-28,2008-01-24,912828HP8,2-Year,2-Year,False,DGS2,2,2.4e+10,2008-01-18,2008-02-04,330,1.9333333e+10,1.6329932e+09,2.857738,ok,2.2e+10,previous,1.6329932,ok,2,2,2008-01-28/2008-02-03,True,False,0.30188944,0.2344136,-16,-12,-0.06747584,-4,True,False
2008-01-29_912828HQ6,2008-01-29,2008-01-24,912828HQ6,5-Year,5-Year,False,DGS5,5,1.4e+10,2008-01-22,2008-02-05,260,1.3e+10,0,3,sd0,1.3e+10,previous,0,sd0,1,2,2008-01-28/2008-02-03,True,False,-1.0543663,0.98994354,23,-21,2.0443098,44,True,False
2008-02-06_912828HR4,2008-02-06,2008-01-30,912828HR4,10-Year,10-Year,False,DGS10,10,1.3e+10,2008-01-30,2008-02-13,135,1.05e+10,2.7386128e+09,0.91287093,ok,1.3e+10,own,0.91287093,ok,1.9128709,1.9128709,2008-02-04/2008-02-10,True,False,1.4469718,-0.72214939,-17,9,-2.1691212,-26,True,False
2008-02-07_912810PW2,2008-02-07,2008-01-30,912810PW2,30-Year,30-Year,False,DGS30,30,9e+09,2008-01-31,2008-02-14,6,8.6666667e+09,3.3862467e+09,0.098437404,ok,9e+09,own,0.098437404,ok,1.0984374,1.0984374,2008-02-04/2008-02-10,True,False,-2.5751696,-2.5305875,16,16,0.044582053,0,True,False
2008-02-27_912828HS2,2008-02-27,2008-02-25,912828HS2,2-Year,2-Year,False,DGS2,2,2.6e+10,2008-02-20,2008-03-05,331,2.0333333e+10,2.3380904e+09,2.4236303,ok,2.4e+10,previous,1.5682314,ok,2,2,2008-02-25/2008-03-02,True,False,0.2513366,0.68358696,-13,-35,0.43225037,22,True,False
2008-02-28_912828HT0,2008-02-28,2008-02-25,912828HT0,5-Year,5-Year,False,DGS5,5,1.6e+10,2008-02-21,2008-03-06,261,1.3166667e+10,4.0824829e+08,3,clipped,1.4e+10,previous,2.0412415,ok,2,2,2008-02-25/2008-03-02,True,False,0.33728279,1.0889578,-7,-23,0.751675,16,True,False
2008-03-13_912828HR4,2008-03-13,2008-03-10,912828HR4,9-Year 11-Month,10-Year,True,DGS10,10,1e+10,2008-03-06,2008-03-20,136,1.05e+10,2.7386128e+09,-0.18257419,ok,1.3e+10,previous,0.91287093,ok,1.9128709,0.81742581,2008-03-10/2008-03-16,True,False,0.53434435,1.9010444,-6,-22,1.3667,16,True,False
2008-03-26_912828HU7,2008-03-26,2008-03-24,912828HU7,2-Year,2-Year,False,DGS2,2,2.8e+10,2008-03-18,2008-04-02,332,2.1666667e+10,2.9439203e+09,2.1513264,ok,2.6e+10,previous,1.4719601,ok,2,2,2008-03-24/2008-03-30,True,False,-0.23464421,-0.32498972,13,17,-0.090345514,-4,True,False
2008-03-27_912828HV5,2008-03-27,2008-03-24,912828HV5,5-Year,5-Year,False,DGS5,5,1.8e+10,2008-03-19,2008-04-03,262,1.3666667e+10,1.2110601e+09,3,clipped,1.6e+10,previous,1.9266866,ok,2,2,2008-03-24/2008-03-30,True,False,-1.1288458,-0.62819156,25,14,0.50065423,11,True,False
2008-04-23_912828HX1,2008-04-23,2008-04-21,912828HX1,2-Year,2-Year,False,DGS2,2,3e+10,2008-04-16,2008-04-30,333,2.3333333e+10,3.2659863e+09,2.0412415,ok,2.8e+10,previous,1.428869,ok,2,2,2008-04-21/2008-04-27,True,False,-0.44925448,-0.1166569,24,7,0.33259758,17,True,False
2008-04-24_912828HY9,2008-04-24,2008-04-21,912828HY9,5-Year,5-Year,False,DGS5,5,1.9e+10,2008-04-17,2008-05-01,263,1.45e+10,2.0736441e+09,2.1700927,ok,1.8e+10,previous,1.6878499,ok,2,2,2008-04-21/2008-04-27,True,False,-1.1150757,0.44770138,25,-9,1.5627771,34,True,False
2008-05-07_912828HZ6,2008-05-07,2008-04-30,912828HZ6,10-Year,10-Year,False,DGS10,10,1.5e+10,2008-04-30,2008-05-14,137,1.0833333e+10,2.4832774e+09,1.6778901,ok,1.5e+10,own,1.6778901,ok,2,2,2008-05-05/2008-05-11,True,False,-0.77905461,-0.37302197,10,5,0.40603264,5,True,False
2008-05-08_912810PW2,2008-05-08,2008-04-30,912810PW2,29-Year 9-Month,30-Year,True,DGS30,30,6e+09,2008-05-01,2008-05-15,7,7.8333333e+09,2.228602e+09,-0.8226383,ok,6e+09,own,-0.8226383,ok,0.1773617,0.1773617,2008-05-05/2008-05-11,True,False,-0.11447385,-0.92611767,1,6,-0.81164381,-5,True,False
2008-05-28_912828JA9,2008-05-28,2008-05-22,912828JA9,2-Year,2-Year,False,DGS2,2,3e+10,2008-05-20,2008-06-04,334,2.5e+10,3.7416574e+09,1.3363062,ok,3e+10,previous,1.3363062,ok,2,2,2008-05-26/2008-06-01,True,False,-0.52701732,0.30401075,28,-15,0.83102807,43,True,False
2008-05-29_912828JB7,2008-05-29,2008-05-22,912828JB7,5-Year,5-Year,False,DGS5,5,1.9e+10,2008-05-21,2008-06-05,264,1.55e+10,2.5884358e+09,1.352168,ok,1.9e+10,previous,1.352168,ok,2,2,2008-05-26/2008-06-01,True,False,-1.4272227,0.34631951,32,-7,1.7735422,39,True,False
2008-06-12_912828HZ6,2008-06-12,2008-06-09,912828HZ6,9-Year 11-Month,10-Year,True,DGS10,10,1.1e+10,2008-06-05,2008-06-19,138,1.1166667e+10,2.9268869e+09,-0.056943324,ok,1.5e+10,previous,1.3096965,ok,2,0.94305668,2008-06-09/2008-06-15,True,False,-1.3360717,0.12232548,17,-1,1.4583972,18,True,False
2008-06-24_912828JC5,2008-06-24,2008-06-19,912828JC5,2-Year,2-Year,False,DGS2,2,3e+10,2008-06-17,2008-07-01,335,2.6666667e+10,3.2659863e+09,1.0206207,ok,3e+10,previous,1.0206207,ok,2,2,2008-06-23/2008-06-29,True,False,0.15501906,0.48271807,-7,-24,0.32769901,17,True,False
2008-06-26_912828JD3,2008-06-26,2008-06-19,912828JD3,5-Year,5-Year,False,DGS5,5,2e+10,2008-06-19,2008-07-03,265,1.65e+10,2.5884358e+09,1.352168,ok,2e+10,own,1.352168,ok,2,2,2008-06-23/2008-06-29,True,False,1.0819688,0.7634809,-23,-16,-0.31848791,-7,True,False
2008-07-23_912828JF8,2008-07-23,2008-07-21,912828JF8,2-Year,2-Year,False,DGS2,2,3.1e+10,2008-07-16,2008-07-30,336,2.8e+10,2.5298221e+09,1.1858541,ok,3e+10,previous,0.79056942,ok,1.7905694,2,2008-07-21/2008-07-27,True,False,-0.69076212,0.34687369,37,-17,1.0376358,54,True,False
2008-07-24_912828JG6,2008-07-24,2008-07-21,912828JG6,5-Year,5-Year,False,DGS5,5,2.1e+10,2008-07-17,2008-07-31,266,1.7666667e+10,2.2509257e+09,1.4808722,ok,2e+10,previous,1.0366105,ok,2,2,2008-07-21/2008-07-27,True,False,-0.05562737,0.58048614,2,-12,0.63611351,14,True,False
2008-08-06_912828JH4,2008-08-06,2008-07-30,912828JH4,10-Year,10-Year,False,DGS10,10,1.7e+10,2008-07-30,2008-08-13,139,1.1666667e+10,2.5033311e+09,2.1304946,ok,1.7e+10,own,2.1304946,ok,2,2,2008-08-04/2008-08-10,True,False,0.12412926,1.0246717,-1,-12,0.90054242,11,True,False
2008-08-07_912810PX0,2008-08-07,2008-07-30,912810PX0,29-Year 9-Month,29-Year 9-Month,False,DGS30,30,1e+10,2008-07-31,2008-08-14,8,7.1666667e+09,2.0412415e+09,1.3880442,ok,1e+10,own,1.3880442,ok,2,2,2008-08-04/2008-08-10,True,False,0.5366098,0.70407512,-3,-4,0.16746532,1,True,False
2008-08-27_912828JJ0,2008-08-27,2008-08-25,912828JJ0,2-Year,2-Year,False,DGS2,2,3.2e+10,2008-08-20,2008-09-04,337,2.9166667e+10,1.8348479e+09,1.5441789,ok,3.1e+10,previous,0.99917458,ok,1.9991746,2,2008-08-25/2008-08-31,True,False,-0.10433568,0.22687269,6,-11,0.33120838,17,True,False
2008-08-28_912828JK7,2008-08-28,2008-08-25,912828JK7,5-Year,5-Year,False,DGS5,5,2.2e+10,2008-08-21,2008-09-05,267,1.8833333e+10,1.7224014e+09,1.8385184,ok,2.1e+10,previous,1.2579336,ok,2,2,2008-08-25/2008-08-31,True,False,-0.020752378,0.86070466,1,-18,0.88145703,19,True,False
2008-09-11_912828JH4,2008-09-11,2008-09-08,912828JH4,9-Year 11-Month,10-Year,True,DGS10,10,1.2e+10,2008-09-04,2008-09-18,140,1.2333333e+10,3.32666e+09,-0.1002006,ok,1.7e+10,previous,1.4028084,ok,2,0.8997994,2008-09-08/2008-09-14,True,False,0.037305978,0.86808684,0,-10,0.83078087,10,True,False
2008-09-24_912828JL5,2008-09-24,2008-09-22,912828JL5,2-Year,2-Year,False,DGS2,2,3.4e+10,2008-09-17,2008-10-01,338,3.0166667e+10,1.3291601e+09,2.8840267,ok,3.2e+10,previous,1.3793171,ok,2,2,2008-09-22/2008-09-28,True,False,-0.73591542,0.42925227,39,-21,1.1651677,60,True,False
2008-09-25_912828JM3,2008-09-25,2008-09-22,912828JM3,5-Year,5-Year,False,DGS5,5,2.4e+10,2008-09-18,2008-10-02,268,1.9833333e+10,1.4719601e+09,2.8306926,ok,2.2e+10,previous,1.4719601,ok,2,2,2008-09-22/2008-09-28,True,False,-1.8904427,1.940626,42,-41,3.8310687,83,True,False
2008-10-08_912828DV9,2008-10-08,2008-10-08,912828DV9,6-Year 7-Month,10-Year,True,DGS10,10,1e+10,2008-10-01,2008-10-16,141,1.3e+10,2.607681e+09,-1.1504475,ok,1.2e+10,previous,-0.38348249,ok,0.61651751,0,2008-10-06/2008-10-12,True,False,0.45868835,-2.1285687,-5,27,-2.587257,-32,True,False
2008-10-08_912828EE6,2008-10-08,2008-10-08,912828EE6,6-Year 10-Month,10-Year,True,DGS10,10,1e+10,2008-10-01,2008-10-16,141,1.3e+10,2.607681e+09,-1.1504475,ok,1.2e+10,previous,-0.38348249,ok,0.61651751,0,2008-10-06/2008-10-12,True,False,0.45868835,-2.1285687,-5,27,-2.587257,-32,True,False
2008-10-09_912828DM9,2008-10-09,2008-10-08,912828DM9,6-Year 4-Month,10-Year,True,DGS10,10,1e+10,2008-10-02,2008-10-17,143,1.25e+10,2.8809721e+09,-0.86776267,ok,1.2e+10,previous,-0.38348249,ok,0.61651751,0.13223733,2008-10-06/2008-10-12,True,False,-1.4347851,-1.0693669,18,14,0.36541821,4,True,False
2008-10-09_912828HR4,2008-10-09,2008-10-08,912828HR4,9-Year 4-Month,10-Year,True,DGS10,10,1e+10,2008-10-02,2008-10-17,143,1.25e+10,2.8809721e+09,-0.86776267,ok,1.2e+10,previous,-0.38348249,ok,0.61651751,0.13223733,2008-10-06/2008-10-12,True,False,-1.4347851,-1.0693669,18,14,0.36541821,4,True,False
2008-10-28_912828JP6,2008-10-28,2008-10-23,912828JP6,2-Year,2-Year,False,DGS2,2,3.4e+10,2008-10-21,2008-11-04,339,3.1166667e+10,1.602082e+09,1.7685321,ok,3.4e+10,previous,1.7685321,ok,2,2,2008-10-27/2008-11-02,True,False,-0.12482393,0.53029956,7,-26,0.65512349,33,True,False
2008-10-30_912828JQ4,2008-10-30,2008-10-23,912828JQ4,5-Year,5-Year,False,DGS5,5,2.4e+10,2008-10-23,2008-11-06,269,2.0833333e+10,1.9407902e+09,1.6316378,ok,2.4e+10,own,1.6316378,ok,2,2,2008-10-27/2008-11-02,True,False,-1.2122406,1.8251198,27,-38,3.0373605,65,True,False
2008-11-10_912828JU5,2008-11-10,2008-11-05,912828JU5,3-Year,3-Year,False,DGS3,3,2.5e+10,2008-11-03,2008-11-18,0,,,,none,,,,none,1,1,2008-11-10/2008-11-16,True,False,-0.23667616,1.0259081,9,-34,1.2625843,43,True,False
2008-11-12_912828JR2,2008-11-12,2008-11-05,912828JR2,10-Year,10-Year,False,DGS10,10,2e+10,2008-11-04,2008-11-19,145,1.15e+10,2.8106939e+09,3,clipped,1e+10,previous,-0.53367605,ok,0.46632395,2,2008-11-10/2008-11-16,True,False,0.56972454,3.1960171,-6,-37,2.6262925,31,True,False
2008-11-13_912810PX0,2008-11-13,2008-11-05,912810PX0,29-Year 6-Month,29-Year 9-Month,True,DGS30,30,1e+10,2008-11-05,2008-11-20,9,7.3333333e+09,2.2509257e+09,1.1846978,ok,1e+10,own,1.1846978,ok,2,2,2008-11-10/2008-11-16,True,False,-3.4200449,12.963652,21,-70,16.383697,91,True,False
2008-11-24_912828JS0,2008-11-24,2008-11-20,912828JS0,2-Year,2-Year,False,DGS2,2,3.6e+10,2008-11-17,2008-12-02,340,3.1833333e+10,1.8348479e+09,2.2708513,ok,3.4e+10,previous,1.1808427,ok,2,2,2008-11-24/2008-11-30,True,False,-0.15612892,0.83215298,9,-41,0.9882819,50,True,False
2008-11-25_912828JT8,2008-11-25,2008-11-20,912828JT8,5-Year,5-Year,False,DGS5,5,2.6e+10,2008-11-18,2008-12-03,270,2.1666667e+10,2.0655911e+09,2.097866,ok,2.4e+10,previous,1.1296201,ok,2,2,2008-11-24/2008-11-30,True,False,0.79115422,2.2480588,-16,-46,1.4569046,30,True,False
2008-12-10_912828KA7,2008-12-10,2008-12-08,912828KA7,3-Year,3-Year,False,DGS3,3,2.8e+10,2008-12-03,2008-12-17,1,,,,none,,,,none,1,1,2008-12-08/2008-12-14,True,False,-0.38952804,0.69754047,14,-23,1.0870685,37,True,False
2008-12-11_912828JR2,2008-12-11,2008-12-08,912828JR2,9-Year 11-Month,10-Year,True,DGS10,10,1.6e+10,2008-12-04,2008-12-18,146,1.2e+10,4e+09,1,ok,2e+10,previous,2,ok,2,2,2008-12-08/2008-12-14,True,False,-0.74034435,5.1218664,9,-56,5.8622108,65,True,False
2008-12-22_912828JV3,2008-12-22,2008-12-18,912828JV3,2-Year,2-Year,False,DGS2,2,3.8e+10,2008-12-15,2008-12-30,341,3.2833333e+10,2.228602e+09,2.3183443,ok,3.6e+10,previous,1.4209207,ok,2,2,2008-12-22/2008-12-28,True,False,-0.22335662,0.25555746,12,-12,0.47891407,24,True,False
2008-12-23_912828JW1,2008-12-23,2008-12-18,912828JW1,5-Year,5-Year,False,DGS5,5,2.8e+10,2008-12-16,2008-12-31,271,2.2833333e+10,2.228602e+09,2.3183443,ok,2.6e+10,previous,1.4209207,ok,2,2,2008-12-22/2008-12-28,True,False,-0.8854202,-0.064622697,19,2,0.8207975,17,True,False
2009-01-07_912828KB5,2009-01-07,2009-01-05,912828KB5,3-Year,3-Year,False,DGS3,3,3e+10,2008-12-30,2009-01-14,2,,,,none,,,,none,1,1,2009-01-05/2009-01-11,True,False,-0.59572957,0.37295911,21,-12,0.96868869,33,True,False
2009-01-08_912828JR2,2009-01-08,2009-01-05,912828JR2,9-Year 10-Month,10-Year,True,DGS10,10,1.6e+10,2008-12-31,2009-01-15,147,1.2666667e+10,4.3204938e+09,0.77151675,ok,1.6e+10,previous,0.77151675,ok,1.7715167,1.7715167,2009-01-05/2009-01-11,True,False,-1.8879141,2.1908685,22,-24,4.0787826,46,True,False
2009-01-27_912828JY7,2009-01-27,2009-01-22,912828JY7,2-Year,2-Year,False,DGS2,2,4e+10,2009-01-20,2009-02-03,342,3.4166667e+10,2.5625508e+09,2.2763776,ok,3.8e+10,previous,1.4959053,ok,2,2,2009-01-26/2009-02-01,True,False,-0.26339728,-0.16460515,14,9,0.098792123,5,True,True
2009-01-29_912828JZ4,2009-01-29,2009-01-22,912828JZ4,5-Year,5-Year,False,DGS5,5,3e+10,2009-01-22,2009-02-05,272,2.4166667e+10,2.5625508e+09,2.2763776,ok,3e+10,own,2.2763776,ok,2,2,2009-01-26/2009-02-01,True,False,-1.2052795,-0.066587838,26,2,1.1386917,24,True,True
2009-02-10_912828KC3,2009-02-10,2009-02-04,912828KC3,3-Year,3-Year,False,DGS3,3,3.2e+10,2009-02-03,2009-02-18,3,,,,none,,,,none,1,1,2009-02-09/2009-02-15,True,False,0.1970907,-0.038121969,-6,2,-0.23521267,-8,True,True
2009-02-11_912828KD1,2009-02-11,2009-02-04,912828KD1,10-Year,10-Year,False,DGS10,10,2.1e+10,2009-02-04,2009-02-19,148,1.3666667e+10,4.2739521e+09,1.7158202,ok,2.1e+10,own,1.7158202,ok,2,2,2009-02-09/2009-02-15,True,False,1.5233073,-0.56892542,-17,7,-2.0922328,-24,True,True
2009-02-12_912810QA9,2009-02-12,2009-02-04,912810QA9,30-Year,30-Year,False,DGS30,30,1.4e+10,2009-02-05,2009-02-20,10,8.1666667e+09,2.1369761e+09,2.7297139,ok,1.4e+10,own,2.7297139,ok,2,2,2009-02-09/2009-02-15,True,False,3.0274779,-1.6444946,-16,9,-4.6719725,-25,True,True
2009-02-24_912828KE9,2009-02-24,2009-02-19,912828KE9,2-Year,2-Year,False,DGS2,2,4e+10,2009-02-17,2009-03-03,343,3.5666667e+10,2.9439203e+09,1.4719601,ok,4e+10,previous,1.4719601,ok,2,2,2009-02-23/2009-03-01,True,False,-0.30278517,0.25037842,16,-12,0.5531636,28,True,True
2009-02-25_912828KF6,2009-02-25,2009-02-19,912828KF6,5-Year,5-Year,False,DGS5,5,3.2e+10,2009-02-18,2009-03-04,273,2.5666667e+10,2.9439203e+09,2.1513264,ok,3e+10,previous,1.4719601,ok,2,2,2009-02-23/2009-03-01,True,False,-1.1512023,0.45700649,25,-9,1.6082088,34,True,True
2009-02-26_912828KS8,2009-02-26,2009-02-19,912828KS8,7-Year,7-Year,False,DGS7,7,2.2e+10,2009-02-19,2009-03-05,0,,,,none,,,,none,1,1,2009-02-23/2009-03-01,True,False,-2.7434181,1.5127291,44,-23,4.2561473,67,True,True
2009-03-10_912828KG4,2009-03-10,2009-03-05,912828KG4,3-Year,3-Year,False,DGS3,3,3.4e+10,2009-03-03,2009-03-17,4,,,,none,,,,none,1,1,2009-03-09/2009-03-15,True,False,-0.41686545,0.051913366,15,-1,0.46877882,16,True,True
2009-03-11_912828KD1,2009-03-11,2009-03-05,912828KD1,9-Year 11-Month,10-Year,True,DGS10,10,1.8e+10,2009-03-04,2009-03-18,149,1.55e+10,4.7222876e+09,0.52940444,ok,2.1e+10,previous,1.1646898,ok,2,1.5294044,2009-03-09/2009-03-15,True,False,0.56055338,3.9100138,-6,-44,3.3494604,38,True,True
2009-03-12_912810QA9,2009-03-12,2009-03-05,912810QA9,29-Year 11-Month,30-Year,True,DGS30,30,1.1e+10,2009-03-05,2009-03-19,11,9e+09,3.2249031e+09,0.62017367,ok,1.1e+10,own,0.62017367,ok,1.6201737,1.6201737,2009-03-09/2009-03-15,True,False,-2.1234711,0.2049504,12,-1,2.3284215,13,True,True
2009-03-24_912828KH2,2009-03-24,2009-03-19,912828KH2,2-Year,2-Year,False,DGS2,2,4e+10,2009-03-17,2009-03-31,344,3.7e+10,2.7568098e+09,1.0882144,ok,4e+10,previous,1.0882144,ok,2,2,2009-03-23/2009-03-29,True,False,0.25006759,0.25124473,-12,-12,0.0011771378,0,True,True
2009-03-25_912828KJ8,2009-03-25,2009-03-19,912828KJ8,5-Year,5-Year,False,DGS5,5,3.4e+10,2009-03-18,2009-04-01,274,2.7333333e+10,3.2659863e+09,2.0412415,ok,3.2e+10,previous,1.428869,ok,2,2,2009-03-23/2009-03-29,True,False,-1.3958417,0.93974398,30,-19,2.3355857,49,True,True
2009-03-26_912828KT6,2009-03-26,2009-03-19,912828KT6,7-Year,7-Year,False,DGS7,7,2.4e+10,2009-03-19,2009-04-02,1,,,,none,,,,none,1,1,2009-03-23/2009-03-29,True,False,-1.0526737,-0.024641969,17,1,1.0280318,16,True,True
2009-04-08_912828KK5,2009-04-08,2009-04-06,912828KK5,3-Year,3-Year,False,DGS3,3,3.5e+10,2009-04-01,2009-04-16,5,,,,none,,,,none,1,1,2009-04-06/2009-04-12,True,False,-0.50587826,0.22915253,18,-7,0.73503079,25,True,True
2009-04-09_912828KD1,2009-04-09,2009-04-06,912828KD1,9-Year 10-Month,10-Year,True,DGS10,10,1.8e+10,2009-04-02,2009-04-17,150,1.6833333e+10,3.920034e+09,0.29761647,ok,1.8e+10,previous,0.29761647,ok,1.2976165,1.2976165,2009-04-06/2009-04-12,True,False,-1.5832606,-0.11769747,19,2,1.4655632,17,True,True
2009-04-27_912828KL3,2009-04-27,2009-04-23,912828KL3,2-Year,2-Year,False,DGS2,2,4e+10,2009-04-20,2009-05-04,345,3.8e+10,2.5298221e+09,0.79056942,ok,4e+10,previous,0.79056942,ok,1.7905694,1.7905694,2009-04-27/2009-05-03,True,False,0.075083447,-0.063851824,-3,4,-0.13893527,-7,True,True
2009-04-28_912828KN9,2009-04-28,2009-04-23,912828KN9,5-Year,5-Year,False,DGS5,5,3.5e+10,2009-04-21,2009-05-05,275,2.9e+10,3.7416574e+09,1.6035675,ok,3.4e+10,previous,1.3363062,ok,2,2,2009-04-27/2009-05-03,True,False,-0.44074485,-0.34235795,10,8,0.0983869,2,True,True
2009-04-29_912828KR0,2009-04-29,2009-04-23,912828KR0,7-Year,7-Year,False,DGS7,7,2.6e+10,2009-04-22,2009-05-06,2,,,,none,,,,none,1,1,2009-04-27/2009-05-03,True,False,-1.1590948,-0.014952335,19,1,1.1441425,18,True,True
2009-05-05_912828KP4,2009-05-05,2009-04-29,912828KP4,3-Year,3-Year,False,DGS3,3,3.5e+10,2009-04-28,2009-05-12,6,3.0666667e+10,3.7771241e+09,1.1472573,ok,3.5e+10,previous,1.1472573,ok,2,2,2009-05-04/2009-05-10,True,False,-0.18073144,0.3747561,7,-12,0.55548754,19,True,True
2009-05-06_912828KQ2,2009-05-06,2009-04-29,912828KQ2,10-Year,10-Year,False,DGS10,10,2.2e+10,2009-04-29,2009-05-13,151,1.8166667e+10,2.0412415e+09,1.8779421,ok,2.2e+10,own,1.8779421,ok,2,2,2009-05-04/2009-05-10,True,False,-0.45329807,0.6514463,6,-7,1.1047444,13,True,True
2009-05-07_912810QB7,2009-05-07,2009-04-29,912810QB7,30-Year,30-Year,False,DGS30,30,1.4e+10,2009-04-30,2009-05-14,12,1e+10,2.607681e+09,1.53393,ok,1.4e+10,own,1.53393,ok,2,2,2009-05-04/2009-05-10,True,False,-3.296426,3.3649477,20,-19,6.6613737,39,True,True
2009-05-26_912828KU3,2009-05-26,2009-05-21,912828KU3,2-Year,2-Year,False,DGS2,2,4e+10,2009-05-18,2009-06-02,346,3.9e+10,1.6733201e+09,0.5976143,ok,4e+10,previous,0.5976143,ok,1.5976143,1.5976143,2009-05-25/2009-05-31,True,False,-0.043016792,0.015452806,3,0,0.058469599,3,True,True
2009-05-27_912828KV1,2009-05-27,2009-05-21,912828KV1,5-Year,5-Year,False,DGS5,5,3.5e+10,2009-05-19,2009-06-03,276,3.0833333e+10,3.4880749e+09,1.1945462,ok,3.5e+10,previous,1.1945462,ok,2,2,2009-05-25/2009-05-31,True,False,-1.4041858,0.041382892,31,0,1.4455687,31,True,True
2009-05-28_912828KW9,2009-05-28,2009-05-21,912828KW9,7-Year,7-Year,False,DGS7,7,2.6e+10,2009-05-20,2009-06-04,3,,,,none,,,,none,1,1,2009-05-25/2009-05-31,True,False,-3.0353749,-0.50793916,50,9,2.5274358,41,True,True
2009-06-09_912828KX7,2009-06-09,2009-06-04,912828KX7,3-Year,3-Year,False,DGS3,3,3.5e+10,2009-06-02,2009-06-16,7,3.2333333e+10,2.8751812e+09,0.92747779,ok,3.5e+10,previous,0.92747779,ok,1.9274778,1.9274778,2009-06-08/2009-06-14,True,False,-1.1577084,0.43983047,41,-14,1.5975389,55,True,True
2009-06-10_912828KQ2,2009-06-10,2009-06-04,912828KQ2,9-Year 11-Month,10-Year,True,DGS10,10,1.9e+10,2009-06-03,2009-06-17,152,1.85e+10,2.5099801e+09,0.19920477,ok,2.2e+10,previous,1.3944334,ok,2,1.1992048,2009-06-08/2009-06-14,True,False,-3.3533352,2.5699068,42,-30,5.923242,72,True,True
2009-06-11_912810QB7,2009-06-11,2009-06-04,912810QB7,29-Year 11-Month,30-Year,True,DGS30,30,1.1e+10,2009-06-04,2009-06-18,13,1.0833333e+10,2.9944393e+09,0.055658723,ok,1.1e+10,own,0.055658723,ok,1.0556587,1.0556587,2009-06-08/2009-06-14,True,False,-1.6815888,1.039328,11,-6,2.7209168,17,True,True
2009-06-23_912828LF5,2009-06-23,2009-06-18,912828LF5,2-Year,2-Year,False,DGS2,2,4e+10,2009-06-16,2009-06-30,347,3.9666667e+10,8.1649658e+08,0.40824829,ok,4e+10,previous,0.40824829,ok,1.4082483,1.4082483,2009-06-22/2009-06-28,True,False,0.19684385,0.076914026,-9,-3,-0.11992983,-6,True,True
2009-06-24_912828KY5,2009-06-24,2009-06-18,912828KY5,5-Year,5-Year,False,DGS5,5,3.7e+10,2009-06-17,2009-07-01,277,3.2333333e+10,2.8751812e+09,1.6230861,ok,3.5e+10,previous,0.92747779,ok,1.9274778,2,2009-06-22/2009-06-28,True,False,-0.18467998,1.12074,5,-23,1.30542,28,True,True
2009-06-25_912828KZ2,2009-06-25,2009-06-18,912828KZ2,7-Year,7-Year,False,DGS7,7,2.7e+10,2009-06-18,2009-07-02,4,,,,none,,,,none,1,1,2009-06-22/2009-06-28,True,False,1.8687678,0.55650994,-29,-8,-1.3122579,-21,True,True
2009-07-07_912828LB4,2009-07-07,2009-07-02,912828LB4,3-Year,3-Year,False,DGS3,3,3.5e+10,2009-06-29,2009-07-14,8,3.35e+10,2.0736441e+09,0.72336423,ok,3.5e+10,previous,0.72336423,ok,1.7233642,1.7233642,2009-07-06/2009-07-12,True,False,0.35082191,0.14042315,-11,-4,-0.21039876,-7,True,True
2009-07-08_912828KQ2,2009-07-08,2009-07-02,912828KQ2,9-Year 10-Month,10-Year,True,DGS10,10,1.9e+10,2009-06-30,2009-07-15,153,1.9e+10,2.1908902e+09,0,ok,1.9e+10,previous,0,ok,1,1,2009-07-06/2009-07-12,True,False,1.7648583,-2.4326463,-20,30,-4.1975045,-50,True,True
2009-07-09_912810QB7,2009-07-09,2009-07-02,912810QB7,29-Year 10-Month,30-Year,True,DGS30,30,1.1e+10,2009-07-01,2009-07-16,14,1.1666667e+10,1.8618987e+09,-0.35805744,ok,1.1e+10,previous,-0.35805744,ok,0.64194256,0.64194256,2009-07-06/2009-07-12,True,False,0.57524292,-2.2384014,-3,14,-2.8136443,-17,True,True
2009-07-28_912828LG3,2009-07-28,2009-07-23,912828LG3,2-Year,2-Year,False,DGS2,2,4.2e+10,2009-07-21,2009-08-04,348,4e+10,0,3,sd0,4e+10,previous,0,sd0,1,2,2009-07-27/2009-08-02,True,False,-0.29868881,-0.1387324,16,8,0.15995641,8,True,True
2009-07-29_912828LC2,2009-07-29,2009-07-23,912828LC2,5-Year,5-Year,False,DGS5,5,3.9e+10,2009-07-22,2009-08-05,278,3.3833333e+10,2.4832774e+09,2.0805838,ok,3.7e+10,previous,1.2751965,ok,2,2,2009-07-27/2009-08-02,True,False,-1.1614609,-0.14046451,26,4,1.0209964,22,True,True
2009-07-30_912828LD0,2009-07-30,2009-07-23,912828LD0,7-Year,7-Year,False,DGS7,7,2.8e+10,2009-07-23,2009-08-06,5,,,,none,,,,none,1,1,2009-07-27/2009-08-02,True,False,-0.12728157,-0.44019883,3,8,-0.31291726,-5,True,True
2009-08-11_912828LH1,2009-08-11,2009-08-05,912828LH1,3-Year,3-Year,False,DGS3,3,3.7e+10,2009-08-04,2009-08-18,9,3.4333333e+10,1.2110601e+09,2.2019275,ok,3.5e+10,previous,0.55048188,ok,1.5504819,2,2009-08-10/2009-08-16,True,False,-0.056734667,0.64088455,3,-21,0.69761921,24,True,True
2009-08-12_912828LJ7,2009-08-12,2009-08-05,912828LJ7,10-Year,10-Year,False,DGS10,10,2.3e+10,2009-08-05,2009-08-19,154,1.95e+10,1.6431677e+09,2.1300322,ok,2.3e+10,own,2.1300322,ok,2,2,2009-08-10/2009-08-16,True,False,0.72914669,2.3384872,-8,-27,1.6093405,19,True,True
2009-08-13_912810QC5,2009-08-13,2009-08-05,912810QC5,30-Year,30-Year,False,DGS30,30,1.5e+10,2009-08-06,2009-08-20,15,1.1833333e+10,1.7224014e+09,1.8385184,ok,1.5e+10,own,1.8385184,ok,2,2,2009-08-10/2009-08-16,True,False,1.5564918,3.4692421,-9,-20,1.9127503,11,True,True
2009-08-25_912828LV0,2009-08-25,2009-08-20,912828LV0,2-Year,2-Year,False,DGS2,2,4.2e+10,2009-08-18,2009-09-01,349,4.0333333e+10,8.1649658e+08,2.0412415,ok,4.2e+10,previous,2.0412415,ok,2,2,2009-08-24/2009-08-30,True,False,0.036459151,0.27320003,-1,-13,0.23674087,12,True,True
2009-08-26_912828LK4,2009-08-26,2009-08-20,912828LK4,5-Year,5-Year,False,DGS5,5,3.9e+10,2009-08-19,2009-09-02,279,3.5333333e+10,2.4221203e+09,1.5138252,ok,3.9e+10,previous,1.5138252,ok,2,2,2009-08-24/2009-08-30,True,False,-0.097479377,0.9848382,3,-20,1.0823176,23,True,True
2009-08-27_912828LL2,2009-08-27,2009-08-20,912828LL2,7-Year,7-Year,False,DGS7,7,2.8e+10,2009-08-20,2009-09-03,6,2.55e+10,2.1679483e+09,1.153164,ok,2.8e+10,own,1.153164,ok,2,2,2009-08-24/2009-08-30,True,False,-0.32079156,1.1243132,6,-17,1.4451048,23,True,True
2009-09-08_912828LM0,2009-09-08,2009-09-03,912828LM0,3-Year,3-Year,False,DGS3,3,3.8e+10,2009-08-31,2009-09-15,10,3.5166667e+10,9.8319208e+08,2.8817699,ok,3.7e+10,previous,1.8646746,ok,2,2,2009-09-07/2009-09-13,True,False,0.028589224,0.02502544,0,0,-0.0035637847,0,True,True
2009-09-09_912828LJ7,2009-09-09,2009-09-03,912828LJ7,9-Year 11-Month,10-Year,True,DGS10,10,2e+10,2009-09-01,2009-09-16,155,1.9833333e+10,2.1369761e+09,0.077991827,ok,2.3e+10,previous,1.4818447,ok,2,1.0779918,2009-09-07/2009-09-13,True,False,-0.7697968,0.058783209,10,0,0.82858001,10,True,True
2009-09-10_912810QC5,2009-09-10,2009-09-03,912810QC5,29-Year 11-Month,30-Year,True,DGS30,30,1.2e+10,2009-09-02,2009-09-17,16,1.2666667e+10,1.8618987e+09,-0.35805744,ok,1.5e+10,previous,1.253201,ok,2,0.64194256,2009-09-07/2009-09-13,True,False,-1.6227302,0.073750586,10,0,1.6964808,10,True,True
2009-09-22_912828LW8,2009-09-22,2009-09-17,912828LW8,2-Year,2-Year,False,DGS2,2,4.3e+10,2009-09-15,2009-09-29,350,4.0666667e+10,1.0327956e+09,2.2592403,ok,4.2e+10,previous,1.2909944,ok,2,2,2009-09-21/2009-09-27,True,False,-0.10098252,0.056074632,6,-2,0.15705715,8,True,True
2009-09-23_912828LQ1,2009-09-23,2009-09-17,912828LQ1,5-Year,5-Year,False,DGS5,5,4e+10,2009-09-16,2009-09-30,280,3.65e+10,2.1679483e+09,1.6144296,ok,3.9e+10,previous,1.153164,ok,2,2,2009-09-21/2009-09-27,True,False,0.32576579,0.4656593,-6,-9,0.13989351,3,True,True
2009-09-24_912828LP3,2009-09-24,2009-09-17,912828LP3,7-Year,7-Year,False,DGS7,7,2.9e+10,2009-09-17,2009-10-01,7,2.65e+10,1.5165751e+09,1.6484512,ok,2.9e+10,own,1.6484512,ok,2,2,2009-09-21/2009-09-27,True,False,0.11890708,1.3824099,-1,-21,1.2635028,20,True,True
2009-10-06_912828LR9,2009-10-06,2009-10-01,912828LR9,3-Year,3-Year,False,DGS3,3,3.9e+10,2009-09-29,2009-10-14,11,3.5833333e+10,1.3291601e+09,2.3824568,ok,3.8e+10,previous,1.6301021,ok,2,2,2009-10-05/2009-10-11,True,False,0.17078358,-0.087927244,-5,4,-0.25871082,-9,True,True
2009-10-07_912828LJ7,2009-10-07,2009-10-01,912828LJ7,9-Year 10-Month,10-Year,True,DGS10,10,2e+10,2009-09-30,2009-10-15,156,2.0166667e+10,1.9407902e+09,-0.085875673,ok,2e+10,previous,-0.085875673,ok,0.91412433,0.91412433,2009-10-05/2009-10-11,True,False,0.90895425,-2.2704636,-10,28,-3.1794178,-38,True,True
2009-10-08_912810QC5,2009-10-08,2009-10-01,912810QC5,29-Year 10-Month,30-Year,True,DGS30,30,1.2e+10,2009-10-01,2009-10-16,17,1.2333333e+10,1.7511901e+09,-0.19034675,ok,1.2e+10,own,-0.19034675,ok,0.80965325,0.80965325,2009-10-05/2009-10-11,True,False,-1.9931104,-2.4527672,12,15,-0.45965684,-3,True,True
2009-10-27_912828LT5,2009-10-27,2009-10-22,912828LT5,2-Year,2-Year,False,DGS2,2,4.4e+10,2009-10-20,2009-11-03,351,4.1166667e+10,1.3291601e+09,2.1316719,ok,4.3e+10,previous,1.3793171,ok,2,2,2009-10-26/2009-11-01,True,False,-0.060868707,0.15504094,4,-7,0.21590965,11,True,True
2009-10-28_912828LS7,2009-10-28,2009-10-22,912828LS7,5-Year,5-Year,False,DGS5,5,4.1e+10,2009-10-21,2009-11-04,281,3.75e+10,2.1679483e+09,1.6144296,ok,4e+10,previous,1.153164,ok,2,2,2009-10-26/2009-11-01,True,False,0.091227668,-0.051057821,-1,2,-0.14228549,-3,True,True
2009-10-29_912828LU2,2009-10-29,2009-10-22,912828LU2,7-Year,7-Year,False,DGS7,7,3.1e+10,2009-10-22,2009-11-05,8,2.7333333e+10,1.2110601e+09,3,clipped,3.1e+10,own,3,clipped,2,2,2009-10-26/2009-11-01,True,False,-0.50696279,0.43047152,9,-6,0.93743431,15,True,True
2009-11-09_912828LX6,2009-11-09,2009-11-04,912828LX6,3-Year,3-Year,False,DGS3,3,4e+10,2009-11-02,2009-11-17,12,3.65e+10,1.7606817e+09,1.9878664,ok,3.9e+10,previous,1.4199046,ok,2,2,2009-11-09/2009-11-15,True,False,0.14325686,0.37975136,-4,-12,0.2364945,8,True,True
2009-11-10_912828LY4,2009-11-10,2009-11-04,912828LY4,10-Year,10-Year,False,DGS10,10,2.5e+10,2009-11-03,2009-11-18,157,2.05e+10,1.6431677e+09,2.7386128,ok,2e+10,previous,-0.30429031,ok,0.69570969,2,2009-11-09/2009-11-15,True,False,0.065151162,1.2544396,0,-14,1.1892884,14,True,True
2009-11-12_912810QD3,2009-11-12,2009-11-04,912810QD3,30-Year,30-Year,False,DGS30,30,1.6e+10,2009-11-04,2009-11-19,18,1.25e+10,1.6431677e+09,2.1300322,ok,1.6e+10,own,2.1300322,ok,2,2,2009-11-09/2009-11-15,True,False,0.094151582,2.0964333,0,-12,2.0022817,12,True,True
2009-11-23_912828MM9,2009-11-23,2009-11-19,912828MM9,2-Year,2-Year,False,DGS2,2,4.4e+10,2009-11-16,2009-12-01,352,4.1833333e+10,1.602082e+09,1.3524069,ok,4.4e+10,previous,1.3524069,ok,2,2,2009-11-23/2009-11-29,True,False,0.033712517,0.21249211,-1,-10,0.17877959,9,True,True
2009-11-24_912828LZ1,2009-11-24,2009-11-19,912828LZ1,5-Year,5-Year,False,DGS5,5,4.2e+10,2009-11-17,2009-12-02,282,3.85e+10,2.1679483e+09,1.6144296,ok,4.1e+10,previous,1.153164,ok,2,2,2009-11-23/2009-11-29,True,False,0.2297967,0.32666062,-4,-6,0.096863925,2,True,True
2009-11-25_912828MA5,2009-11-25,2009-11-19,912828MA5,7-Year,7-Year,False,DGS7,7,3.2e+10,2009-11-18,2009-12-03,9,2.8166667e+10,1.7224014e+09,2.2255749,ok,3.1e+10,previous,1.6449901,ok,2,2,2009-11-23/2009-11-29,True,False,0.81348609,-0.50950124,-12,9,-1.3229873,-21,True,True
2009-12-08_912828MB3,2009-12-08,2009-12-03,912828MB3,3-Year,3-Year,False,DGS3,3,4e+10,2009-12-01,2009-12-15,13,3.7333333e+10,2.0655911e+09,1.2909944,ok,4e+10,previous,1.2909944,ok,2,2,2009-12-07/2009-12-13,True,False,-0.18319447,-0.47302707,7,17,-0.2898326,-10,True,True
2009-12-09_912828LY4,2009-12-09,2009-12-03,912828LY4,9-Year 11-Month,10-Year,True,DGS10,10,2.1e+10,2009-12-02,2009-12-16,158,2.1e+10,2.4494897e+09,0,ok,2.5e+10,previous,1.6329932,ok,2,1,2009-12-07/2009-12-13,True,False,-1.0282101,-1.2641731,13,16,-0.23596301,-3,True,True
2009-12-10_912810QD3,2009-12-10,2009-12-03,912810QD3,29-Year 11-Month,30-Year,True,DGS30,30,1.3e+10,2009-12-03,2009-12-17,19,1.2833333e+10,2.1369761e+09,0.077991827,ok,1.3e+10,own,0.077991827,ok,1.0779918,1.0779918,2009-12-07/2009-12-13,True,False,-2.6971835,1.4062162,17,-8,4.1033996,25,True,True
2009-12-28_912828ML1,2009-12-28,2009-12-23,912828ML1,2-Year,2-Year,False,DGS2,2,4.4e+10,2009-12-18,2010-01-05,353,4.25e+10,1.5165751e+09,0.98907071,ok,4.4e+10,previous,0.98907071,ok,1.9890707,1.9890707,2009-12-28/2010-01-03,True,False,-0.50688638,0.18012164,27,-8,0.68700802,35,True,True
2009-12-29_912828ME7,2009-12-29,2009-12-23,912828ME7,5-Year,5-Year,False,DGS5,5,4.2e+10,2009-12-21,2010-01-06,283,3.9666667e+10,1.7511901e+09,1.3324272,ok,4.2e+10,previous,1.3324272,ok,2,2,2009-12-28/2010-01-03,True,False,-0.82946409,0.14830938,19,-2,0.97777347,21,True,True
2009-12-30_912828MD9,2009-12-30,2009-12-23,912828MD9,7-Year,7-Year,False,DGS7,7,3.2e+10,2009-12-22,2010-01-07,10,2.9166667e+10,1.9407902e+09,1.4598864,ok,3.2e+10,previous,1.4598864,ok,2,2,2009-12-28/2010-01-03,True,False,-0.54881288,0.13242128,10,-1,0.68123415,11,True,True
2010-01-12_912828MG2,2010-01-12,2010-01-07,912828MG2,3-Year,3-Year,False,DGS3,3,4e+10,2010-01-05,2010-01-20,14,3.8166667e+10,1.9407902e+09,0.94463241,ok,4e+10,previous,0.94463241,ok,1.9446324,1.9446324,2010-01-11/2010-01-17,True,False,0.23342946,0.14799677,-7,-4,-0.085432687,-3,True,True
2010-01-13_912828LY4,2010-01-13,2010-01-07,912828LY4,9-Year 10-Month,10-Year,True,DGS10,10,2.1e+10,2010-01-06,2010-01-21,159,2.1333333e+10,2.2509257e+09,-0.14808722,ok,2.1e+10,previous,-0.14808722,ok,0.85191278,0.85191278,2010-01-11/2010-01-17,True,False,0.48279266,1.5824027,-5,-18,1.09961,13,True,True
2010-01-14_912810QD3,2010-01-14,2010-01-07,912810QD3,29-Year 10-Month,30-Year,True,DGS30,30,1.3e+10,2010-01-07,2010-01-22,20,1.3166667e+10,1.9407902e+09,-0.085875673,ok,1.3e+10,own,-0.085875673,ok,0.91412433,0.91412433,2010-01-11/2010-01-17,True,False,1.0469635,2.2317871,-6,-13,1.1848237,7,True,True
2010-01-26_912828MJ6,2010-01-26,2010-01-21,912828MJ6,2-Year,2-Year,False,DGS2,2,4.4e+10,2010-01-19,2010-02-02,354,4.3166667e+10,9.8319208e+08,0.84757938,ok,4.4e+10,previous,0.84757938,ok,1.8475794,1.8475794,2010-01-25/2010-01-31,True,False,0.13422123,0.034671687,-6,-1,-0.099549545,-5,True,True
2010-01-27_912828MH0,2010-01-27,2010-01-21,912828MH0,5-Year,5-Year,False,DGS5,5,4.2e+10,2010-01-20,2010-02-03,284,4.05e+10,1.3784049e+09,1.0882144,ok,4.2e+10,previous,1.0882144,ok,2,2,2010-01-25/2010-01-31,True,False,0.13773539,0.18402679,-2,-3,0.0462914,1,True,True
2010-01-28_912828MK3,2010-01-28,2010-01-21,912828MK3,7-Year,7-Year,False,DGS7,7,3.2e+10,2010-01-21,2010-02-04,11,3e+10,1.8973666e+09,1.0540926,ok,3.2e+10,own,1.0540926,ok,2,2,2010-01-25/2010-01-31,True,False,-0.31619157,0.62014665,6,-9,0.93633822,15,True,True
2010-02-09_912828MN7,2010-02-09,2010-02-03,912828MN7,3-Year,3-Year,False,DGS3,3,4e+10,2010-02-02,2010-02-17,15,3.9e+10,1.2649111e+09,0.79056942,ok,4e+10,previous,0.79056942,ok,1.7905694,1.7905694,2010-02-08/2010-02-14,True,False,0.14041597,-0.11850501,-4,5,-0.25892099,-9,True,True
2010-02-10_912828MP2,2010-02-10,2010-02-03,912828MP2,10-Year,10-Year,False,DGS10,10,2.5e+10,2010-02-03,2010-02-18,160,2.1666667e+10,1.9663842e+09,1.6951588,ok,2.5e+10,own,1.6951588,ok,2,2,2010-02-08/2010-02-14,True,False,0.14738357,-0.50141988,-1,7,-0.64880344,-8,True,True
2010-02-11_912810QE1,2010-02-11,2010-02-03,912810QE1,30-Year,30-Year,False,DGS30,30,1.6e+10,2010-02-04,2010-02-19,21,1.35e+10,1.6431677e+09,1.5214515,ok,1.6e+10,own,1.5214515,ok,2,2,2010-02-08/2010-02-14,True,False,-2.4745878,-0.22406107,16,2,2.2505268,14,True,True
2010-02-23_912828MQ0,2010-02-23,2010-02-18,912828MQ0,2-Year,2-Year,False,DGS2,2,4.4e+10,2010-02-16,2010-03-02,355,4.35e+10,8.3666003e+08,0.5976143,ok,4.4e+10,previous,0.5976143,ok,1.5976143,1.5976143,2010-02-22/2010-02-28,True,False,-0.083734702,0.15179351,5,-7,0.23552822,12,True,True
2010-02-24_912828MR8,2010-02-24,2010-02-18,912828MR8,5-Year,5-Year,False,DGS5,5,4.2e+10,2010-02-17,2010-03-03,285,4.1e+10,1.2649111e+09,0.79056942,ok,4.2e+10,previous,0.79056942,ok,1.7905694,1.7905694,2010-02-22/2010-02-28,True,False,0.043841029,0.6530894,0,-13,0.60924837,13,True,True
2010-02-25_912828MS6,2010-02-25,2010-02-18,912828MS6,7-Year,7-Year,False,DGS7,7,3.2e+10,2010-02-18,2010-03-04,12,3.0666667e+10,1.7511901e+09,0.76138699,ok,3.2e+10,own,0.76138699,ok,1.761387,1.761387,2010-02-22/2010-02-28,True,False,0.93456584,0.43159051,-14,-6,-0.50297533,-8,True,True
2010-03-09_912828MT4,2010-03-09,2010-03-04,912828MT4,3-Year,3-Year,False,DGS3,3,4e+10,2010-03-02,2010-03-16,16,3.95e+10,8.3666003e+08,0.5976143,ok,4e+10,previous,0.5976143,ok,1.5976143,1.5976143,2010-03-08/2010-03-14,True,False,-0.26847595,-0.091656109,10,4,0.17681984,6,True,True
2010-03-10_912828MP2,2010-03-10,2010-03-04,912828MP2,9-Year 11-Month,10-Year,True,DGS10,10,2.1e+10,2010-03-03,2010-03-17,161,2.2e+10,2.3664319e+09,-0.42257713,ok,2.5e+10,previous,1.2677314,ok,2,0.57742287,2010-03-08/2010-03-14,True,False,-0.76117626,0.73347102,10,-8,1.4946473,18,True,True
2010-03-11_912810QE1,2010-03-11,2010-03-04,912810QE1,29-Year 11-Month,30-Year,True,DGS30,30,1.3e+10,2010-03-04,2010-03-18,22,1.3666667e+10,1.8618987e+09,-0.35805744,ok,1.3e+10,own,-0.35805744,ok,0.64194256,0.64194256,2010-03-08/2010-03-14,True,False,-1.5224062,1.2194712,10,-7,2.7418774,17,True,True
2010-03-23_912828MU1,2010-03-23,2010-03-18,912828MU1,2-Year,2-Year,False,DGS2,2,4.4e+10,2010-03-16,2010-03-30,356,4.3833333e+10,4.0824829e+08,0.40824829,ok,4.4e+10,previous,0.40824829,ok,1.4082483,1.4082483,2010-03-22/2010-03-28,True,False,-0.16160323,-0.061501713,9,4,0.10010152,5,True,True
2010-03-24_912828MW7,2010-03-24,2010-03-18,912828MW7,5-Year,5-Year,False,DGS5,5,4.2e+10,2010-03-17,2010-03-31,286,4.15e+10,8.3666003e+08,0.5976143,ok,4.2e+10,previous,0.5976143,ok,1.5976143,1.5976143,2010-03-22/2010-03-28,True,False,-1.0734871,0.37346827,24,-7,1.4469554,31,True,True
2010-03-25_912828MV9,2010-03-25,2010-03-18,912828MV9,7-Year,7-Year,False,DGS7,7,3.2e+10,2010-03-18,2010-04-01,13,3.1333333e+10,1.2110601e+09,0.55048188,ok,3.2e+10,own,0.55048188,ok,1.5504819,1.5504819,2010-03-22/2010-03-28,True,False,-1.3650583,0.37006216,23,-5,1.7351204,28,True,True
2010-04-06_912828MX5,2010-04-06,2010-04-01,912828MX5,3-Year,3-Year,False,DGS3,3,4e+10,2010-03-30,2010-04-13,17,3.9833333e+10,4.0824829e+08,0.40824829,ok,4e+10,previous,0.40824829,ok,1.4082483,1.4082483,2010-04-05/2010-04-11,True,False,-0.23258662,0.29101415,9,-9,0.52360077,18,True,True
2010-04-07_912828MP2,2010-04-07,2010-04-01,912828MP2,9-Year 10-Month,10-Year,True,DGS10,10,2.1e+10,2010-03-31,2010-04-14,162,2.2166667e+10,2.228602e+09,-0.5234971,ok,2.1e+10,previous,-0.5234971,ok,0.4765029,0.4765029,2010-04-05/2010-04-11,True,False,-0.34136036,0.15230974,5,-1,0.4936701,6,True,True
2010-04-08_912810QE1,2010-04-08,2010-04-01,912810QE1,29-Year 10-Month,30-Year,True,DGS30,30,1.3e+10,2010-04-01,2010-04-15,23,1.3833333e+10,1.7224014e+09,-0.48382062,ok,1.3e+10,own,-0.48382062,ok,0.51617938,0.51617938,2010-04-05/2010-04-11,True,False,-0.076746421,0.56441523,1,-3,0.64116165,4,True,True
2010-04-27_912828NB2,2010-04-27,2010-04-22,912828NB2,2-Year,2-Year,False,DGS2,2,4.4e+10,2010-04-20,2010-05-04,357,4.4e+10,0,0,sd0,4.4e+10,previous,0,sd0,1,1,2010-04-26/2010-05-02,True,False,0.056906368,0.15428771,-2,-7,0.097381337,5,True,True
2010-04-28_912828MZ0,2010-04-28,2010-04-22,912828MZ0,5-Year,5-Year,False,DGS5,5,4.2e+10,2010-04-21,2010-05-05,287,4.1833333e+10,4.0824829e+08,0.40824829,ok,4.2e+10,previous,0.40824829,ok,1.4082483,1.4082483,2010-04-26/2010-05-02,True,False,-0.0021584681,1.078274,1,-22,1.0804325,23,True,True
2010-04-29_912828NA4,2010-04-29,2010-04-22,912828NA4,7-Year,7-Year,False,DGS7,7,3.2e+10,2010-04-22,2010-05-06,14,3.1833333e+10,4.0824829e+08,0.40824829,ok,3.2e+10,own,0.40824829,ok,1.4082483,1.4082483,2010-04-26/2010-05-02,True,False,0.49275656,2.3351586,-7,-36,1.8424021,29,True,True
2010-05-11_912828NC0,2010-05-11,2010-05-05,912828NC0,3-Year,3-Year,False,DGS3,3,3.8e+10,2010-05-04,2010-05-18,18,4e+10,0,-3,sd0,4e+10,previous,0,sd0,1,0,2010-05-10/2010-05-16,True,False,0.3747017,0.43327808,-12,-14,0.058576384,2,True,True
2010-05-12_912828ND8,2010-05-12,2010-05-05,912828ND8,10-Year,10-Year,False,DGS10,10,2.4e+10,2010-05-05,2010-05-19,163,2.2333333e+10,2.0655911e+09,0.80687153,ok,2.4e+10,own,0.80687153,ok,1.8068715,1.8068715,2010-05-10/2010-05-16,True,False,0.22501966,1.7530717,-2,-20,1.528052,18,True,True
2010-05-13_912810QH4,2010-05-13,2010-05-05,912810QH4,30-Year,30-Year,False,DGS30,30,1.6e+10,2010-05-06,2010-05-20,24,1.4e+10,1.5491933e+09,1.2909944,ok,1.6e+10,own,1.2909944,ok,2,2,2010-05-10/2010-05-16,True,False,-4.5038615,5.9306942,28,-34,10.434556,62,True,True
2010-05-25_912828NE6,2010-05-25,2010-05-20,912828NE6,2-Year,2-Year,False,DGS2,2,4.2e+10,2010-05-18,2010-06-02,358,4.4e+10,0,-3,sd0,4.4e+10,previous,0,sd0,1,0,2010-05-24/2010-05-30,True,False,-0.087409692,-0.0060371822,5,1,0.081372509,4,True,True
2010-05-26_912828NF3,2010-05-26,2010-05-20,912828NF3,5-Year,5-Year,False,DGS5,5,4e+10,2010-05-19,2010-06-03,288,4.2e+10,0,-3,sd0,4.2e+10,previous,0,sd0,1,0,2010-05-24/2010-05-30,True,False,0.36631195,-0.4767199,-7,11,-0.84303185,-18,True,True
2010-05-27_912828NG1,2010-05-27,2010-05-20,912828NG1,7-Year,7-Year,False,DGS7,7,3.1e+10,2010-05-20,2010-06-04,15,3.2e+10,0,-3,sd0,3.1e+10,own,-3,sd0,0,0,2010-05-24/2010-05-30,True,False,-0.58498233,1.0714083,10,-16,1.6563907,26,True,True
2010-06-08_912828NH9,2010-06-08,2010-06-03,912828NH9,3-Year,3-Year,False,DGS3,3,3.6e+10,2010-06-01,2010-06-15,19,3.9666667e+10,8.1649658e+08,-3,clipped,3.8e+10,previous,-2.0412415,ok,0,0,2010-06-07/2010-06-13,True,False,0.16702354,-0.12512223,-5,5,-0.29214576,-10,True,True
2010-06-09_912828ND8,2010-06-09,2010-06-03,912828ND8,9-Year 11-Month,10-Year,True,DGS10,10,2.1e+10,2010-06-02,2010-06-16,164,2.2166667e+10,1.8348479e+09,-0.63583837,ok,2.4e+10,previous,0.99917458,ok,1.9991746,0.36416163,2010-06-07/2010-06-13,True,False,1.3317744,-0.5363486,-15,7,-1.868123,-22,True,True
2010-06-10_912810QH4,2010-06-10,2010-06-03,912810QH4,29-Year 11-Month,30-Year,True,DGS30,30,1.3e+10,2010-06-03,2010-06-17,25,1.4e+10,1.5491933e+09,-0.64549722,ok,1.3e+10,own,-0.64549722,ok,0.35450278,0.35450278,2010-06-07/2010-06-13,True,False,0.73330083,2.1308695,-4,-12,1.3975687,8,True,True
2010-06-22_912828NS5,2010-06-22,2010-06-17,912828NS5,2-Year,2-Year,False,DGS2,2,4e+10,2010-06-15,2010-06-29,359,4.3666667e+10,8.1649658e+08,-3,clipped,4.2e+10,previous,-2.0412415,ok,0,0,2010-06-21/2010-06-27,True,False,0.17068598,0.208119,-8,-10,0.037433018,2,True,True
2010-06-23_912828NL0,2010-06-23,2010-06-17,912828NL0,5-Year,5-Year,False,DGS5,5,3.8e+10,2010-06-16,2010-06-30,289,4.1666667e+10,8.1649658e+08,-3,clipped,4e+10,previous,-2.0412415,ok,0,0,2010-06-21/2010-06-27,True,False,0.65367247,0.70001626,-13,-14,0.046343784,1,True,True
2010-06-24_912828NK2,2010-06-24,2010-06-17,912828NK2,7-Year,7-Year,False,DGS7,7,3e+10,2010-06-17,2010-07-01,16,3.1833333e+10,4.0824829e+08,-3,clipped,3e+10,own,-3,clipped,0,0,2010-06-21/2010-06-27,True,False,0.55761334,1.0704024,-8,-16,0.51278903,8,True,True
2010-07-12_912828NN6,2010-07-12,2010-07-08,912828NN6,3-Year,3-Year,False,DGS3,3,3.5e+10,2010-07-02,2010-07-19,20,3.9e+10,1.6733201e+09,-2.3904572,ok,3.6e+10,previous,-1.7928429,ok,0,0,2010-07-12/2010-07-18,True,False,-0.035496211,0.34058955,2,-11,0.37608576,13,True,True
2010-07-13_912828ND8,2010-07-13,2010-07-08,912828ND8,9-Year 10-Month,10-Year,True,DGS10,10,2.1e+10,2010-07-06,2010-07-20,165,2.2166667e+10,1.8348479e+09,-0.63583837,ok,2.1e+10,previous,-0.63583837,ok,0.36416163,0.36416163,2010-07-12/2010-07-18,True,False,-1.6451468,1.5180502,20,-17,3.163197,37,True,True
2010-07-14_912810QH4,2010-07-14,2010-07-08,912810QH4,29-Year 10-Month,30-Year,True,DGS30,30,1.3e+10,2010-07-07,2010-07-21,26,1.4e+10,1.5491933e+09,-0.64549722,ok,1.3e+10,previous,-0.64549722,ok,0.35450278,0.35450278,2010-07-12/2010-07-18,True,False,-1.1418242,2.5420492,7,-14,3.6838734,21,True,True
2010-07-27_912828NQ9,2010-07-27,2010-07-22,912828NQ9,2-Year,2-Year,False,DGS2,2,3.8e+10,2010-07-20,2010-08-03,360,4.3e+10,1.6733201e+09,-2.9880715,ok,4e+10,previous,-1.7928429,ok,0,0,2010-07-26/2010-08-01,True,False,-0.070701861,0.24644073,4,-12,0.31714259,16,True,True
2010-07-28_912828NP1,2010-07-28,2010-07-22,912828NP1,5-Year,5-Year,False,DGS5,5,3.7e+10,2010-07-21,2010-08-04,290,4.1e+10,1.6733201e+09,-2.3904572,ok,3.8e+10,previous,-1.7928429,ok,0,0,2010-07-26/2010-08-01,True,False,-0.3989701,0.64976748,9,-13,1.0487376,22,True,True
2010-07-29_912828NR7,2010-07-29,2010-07-22,912828NR7,7-Year,7-Year,False,DGS7,7,2.9e+10,2010-07-22,2010-08-05,17,3.15e+10,8.3666003e+08,-2.9880715,ok,2.9e+10,own,-2.9880715,ok,0,0,2010-07-26/2010-08-01,True,False,-0.085802158,0.81295467,2,-12,0.89875682,14,True,True
2010-08-10_912828NU0,2010-08-10,2010-08-04,912828NU0,3-Year,3-Year,False,DGS3,3,3.4e+10,2010-08-03,2010-08-17,21,3.8166667e+10,2.228602e+09,-1.8696325,ok,3.5e+10,previous,-1.4209207,ok,0,0,2010-08-09/2010-08-15,True,False,0.071589555,0.011931826,-2,0,-0.059657729,-2,True,True
2010-08-11_912828NT3,2010-08-11,2010-08-04,912828NT3,10-Year,10-Year,False,DGS10,10,2.4e+10,2010-08-04,2010-08-18,166,2.2166667e+10,1.8348479e+09,0.99917458,ok,2.4e+10,own,0.99917458,ok,1.9991746,1.9991746,2010-08-09/2010-08-15,True,False,2.3234863,0.74478318,-26,-8,-1.5787031,-18,True,True
2010-08-12_912810QK7,2010-08-12,2010-08-04,912810QK7,30-Year,30-Year,False,DGS30,30,1.6e+10,2010-08-05,2010-08-19,27,1.4e+10,1.5491933e+09,1.2909944,ok,1.6e+10,own,1.2909944,ok,2,2,2010-08-09/2010-08-15,True,False,2.0020848,5.1660548,-11,-28,3.1639699,17,True,True
2010-08-24_912828PH7,2010-08-24,2010-08-19,912828PH7,2-Year,2-Year,False,DGS2,2,3.7e+10,2010-08-17,2010-08-31,361,4.2e+10,2.5298221e+09,-1.9764235,ok,3.8e+10,previous,-1.5811388,ok,0,0,2010-08-23/2010-08-29,True,False,0.046206885,0.066437257,-2,-3,0.020230372,1,True,True
2010-08-25_912828NV8,2010-08-25,2010-08-19,912828NV8,5-Year,5-Year,False,DGS5,5,3.6e+10,2010-08-18,2010-09-01,291,4.0166667e+10,2.228602e+09,-1.8696325,ok,3.7e+10,previous,-1.4209207,ok,0,0,2010-08-23/2010-08-29,True,False,0.31242573,-0.025938458,-6,1,-0.33836419,-7,True,True
2010-08-26_912828NW6,2010-08-26,2010-08-19,912828NW6,7-Year,7-Year,False,DGS7,7,2.9e+10,2010-08-19,2010-09-02,18,3.1e+10,1.2649111e+09,-1.5811388,ok,2.9e+10,own,-1.5811388,ok,0,0,2010-08-23/2010-08-29,True,False,0.35989099,-0.5517526,-5,9,-0.91164359,-14,True,True
2010-09-07_912828NY2,2010-09-07,2010-09-02,912828NY2,3-Year,3-Year,False,DGS3,3,3.3e+10,2010-08-30,2010-09-14,22,3.7166667e+10,2.5625508e+09,-1.625984,ok,3.4e+10,previous,-1.2357479,ok,0,0,2010-09-06/2010-09-12,True,False,-0.045612658,0.012876696,2,0,0.058489354,2,True,True
2010-09-08_912828NT3,2010-09-08,2010-09-02,912828NT3,9-Year 11-Month,10-Year,True,DGS10,10,2.1e+10,2010-08-31,2010-09-15,167,2.2e+10,1.5491933e+09,-0.64549722,ok,2.4e+10,previous,1.2909944,ok,2,0.35450278,2010-09-06/2010-09-12,True,False,-1.6054838,-0.64953475,19,8,0.95594903,11,True,True
2010-09-09_912810QK7,2010-09-09,2010-09-02,912810QK7,29-Year 11-Month,30-Year,True,DGS30,30,1.3e+10,2010-09-01,2010-09-16,28,1.4e+10,1.5491933e+09,-0.64549722,ok,1.6e+10,previous,1.2909944,ok,2,0.35450278,2010-09-06/2010-09-12,True,False,-3.294337,-1.3385667,19,8,1.9557703,11,True,True
2010-09-27_912828NX4,2010-09-27,2010-09-23,912828NX4,2-Year,2-Year,False,DGS2,2,3.6e+10,2010-09-20,2010-10-04,362,4.0833333e+10,2.9944393e+09,-1.614103,ok,3.7e+10,previous,-1.2801506,ok,0,0,2010-09-27/2010-10-03,True,False,0.065083348,0.064441522,-3,-3,-0.00064182609,5.3290705e-15,True,True
2010-09-28_912828NZ9,2010-09-28,2010-09-23,912828NZ9,5-Year,5-Year,False,DGS5,5,3.5e+10,2010-09-21,2010-10-05,292,3.9166667e+10,2.5625508e+09,-1.625984,ok,3.6e+10,previous,-1.2357479,ok,0,0,2010-09-27/2010-10-03,True,False,0.45716767,0.21430947,-9,-4,-0.2428582,-5,True,True
2010-09-29_912828PA2,2010-09-29,2010-09-23,912828PA2,7-Year,7-Year,False,DGS7,7,2.9e+10,2010-09-22,2010-10-06,19,3.05e+10,1.3784049e+09,-1.0882144,ok,2.9e+10,previous,-1.0882144,ok,0,0,2010-09-27/2010-10-03,True,False,0.35851336,0.95204441,-5,-14,0.59353105,9,True,True
2010-10-12_912828PB0,2010-10-12,2010-10-07,912828PB0,3-Year,3-Year,False,DGS3,3,3.2e+10,2010-10-04,2010-10-19,23,3.6e+10,2.607681e+09,-1.53393,ok,3.3e+10,previous,-1.1504475,ok,0,0,2010-10-11/2010-10-17,True,False,0.098916197,0.15674506,-3,-5,0.057828864,2,True,True
2010-10-13_912828NT3,2010-10-13,2010-10-07,912828NT3,9-Year 10-Month,10-Year,True,DGS10,10,2.1e+10,2010-10-05,2010-10-20,168,2.2e+10,1.5491933e+09,-0.64549722,ok,2.1e+10,previous,-0.64549722,ok,0.35450278,0.35450278,2010-10-11/2010-10-17,True,False,0.40181011,-0.39639515,-4,5,-0.79820526,-9,True,True
2010-10-14_912810QK7,2010-10-14,2010-10-07,912810QK7,29-Year 10-Month,30-Year,True,DGS30,30,1.3e+10,2010-10-06,2010-10-21,29,1.4e+10,1.5491933e+09,-0.64549722,ok,1.3e+10,previous,-0.64549722,ok,0.35450278,0.35450278,2010-10-11/2010-10-17,True,False,-4.1187645,-0.63284992,24,4,3.4859146,20,True,True
2010-10-26_912828PD6,2010-10-26,2010-10-21,912828PD6,2-Year,2-Year,False,DGS2,2,3.5e+10,2010-10-19,2010-11-02,363,3.95e+10,3.082207e+09,-1.4599928,ok,3.6e+10,previous,-1.1355499,ok,0,0,2010-10-25/2010-10-31,True,False,-0.05522959,0.12380627,3,-6,0.17903586,9,True,True
2010-10-27_912828PE4,2010-10-27,2010-10-21,912828PE4,5-Year,5-Year,False,DGS5,5,3.5e+10,2010-10-20,2010-11-03,293,3.8e+10,2.607681e+09,-1.1504475,ok,3.5e+10,previous,-1.1504475,ok,0,0,2010-10-25/2010-10-31,True,False,-1.0861858,1.1375922,23,-23,2.2237781,46,True,True
2010-10-28_912828PF1,2010-10-28,2010-10-21,912828PF1,7-Year,7-Year,False,DGS7,7,2.9e+10,2010-10-21,2010-11-04,20,3e+10,1.2649111e+09,-0.79056942,ok,2.9e+10,own,-0.79056942,ok,0.20943058,0.20943058,2010-10-25/2010-10-31,True,False,-0.7477834,1.6129144,12,-24,2.3606978,36,True,True
2010-11-08_912828PU8,2010-11-08,2010-11-03,912828PU8,3-Year,3-Year,False,DGS3,3,3.2e+10,2010-11-01,2010-11-16,24,3.4666667e+10,2.1602469e+09,-1.2344268,ok,3.2e+10,previous,-1.2344268,ok,0,0,2010-11-08/2010-11-14,True,False,-0.25961828,-0.57811152,9,20,-0.31849324,-11,True,True
2010-11-09_912828PC8,2010-11-09,2010-11-03,912828PC8,10-Year,10-Year,False,DGS10,10,2.4e+10,2010-11-02,2010-11-17,169,2.2e+10,1.5491933e+09,1.2909944,ok,2.1e+10,previous,-0.64549722,ok,0.35450278,2,2010-11-08/2010-11-14,True,False,-0.74138829,-1.4126166,9,17,-0.67122829,-8,True,True
2010-11-10_912810QL5,2010-11-10,2010-11-03,912810QL5,30-Year,30-Year,False,DGS30,30,1.6e+10,2010-11-03,2010-11-18,30,1.4e+10,1.5491933e+09,1.2909944,ok,1.6e+10,own,1.2909944,ok,2,2,2010-11-08/2010-11-14,True,False,-2.6245668,-0.5936031,16,4,2.0309637,12,True,True
2010-11-22_912828PV6,2010-11-22,2010-11-18,912828PV6,2-Year,2-Year,False,DGS2,2,3.5e+10,2010-11-15,2010-11-30,364,3.8e+10,2.607681e+09,-1.1504475,ok,3.5e+10,previous,-1.1504475,ok,0,0,2010-11-22/2010-11-28,True,False,0.086409649,0.086937349,-4,-4,0.00052769947,-5.3290705e-15,True,True
2010-11-23_912828PJ3,2010-11-23,2010-11-18,912828PJ3,5-Year,5-Year,False,DGS5,5,3.5e+10,2010-11-16,2010-12-01,294,3.6833333e+10,1.9407902e+09,-0.94463241,ok,3.5e+10,previous,-0.94463241,ok,0.055367593,0.055367593,2010-11-22/2010-11-28,True,False,0.45826586,-1.1180371,-9,24,-1.5763029,-33,True,True
2010-11-24_912828PK0,2010-11-24,2010-11-18,912828PK0,7-Year,7-Year,False,DGS7,7,2.9e+10,2010-11-17,2010-12-02,21,2.95e+10,8.3666003e+08,-0.5976143,ok,2.9e+10,previous,-0.5976143,ok,0.4023857,0.4023857,2010-11-22/2010-11-28,True,False,-0.48031583,-0.79075346,8,13,-0.31043763,-5,True,True
2010-12-07_912828PL8,2010-12-07,2010-12-02,912828PL8,3-Year,3-Year,False,DGS3,3,3.2e+10,2010-11-30,2010-12-14,25,3.3666667e+10,1.6329932e+09,-1.0206207,ok,3.2e+10,previous,-1.0206207,ok,0,0,2010-12-06/2010-12-12,True,False,-0.43135037,-0.54294841,15,19,-0.11159804,-4,True,True
2010-12-08_912828PC8,2010-12-08,2010-12-02,912828PC8,9-Year 11-Month,10-Year,True,DGS10,10,2.1e+10,2010-12-01,2010-12-15,170,2.2e+10,1.5491933e+09,-0.64549722,ok,2.4e+10,previous,1.2909944,ok,2,0.35450278,2010-12-06/2010-12-12,True,False,-2.4005042,-2.195556,29,27,0.20494823,2,True,True
2010-12-09_912810QL5,2010-12-09,2010-12-02,912810QL5,29-Year 11-Month,30-Year,True,DGS30,30,1.3e+10,2010-12-02,2010-12-16,31,1.4e+10,1.5491933e+09,-0.64549722,ok,1.3e+10,own,-0.64549722,ok,0.35450278,0.35450278,2010-12-06/2010-12-12,True,False,-2.2442878,-2.5191955,14,16,-0.27490769,-2,True,True
2010-12-27_912828PW4,2010-12-27,2010-12-23,912828PW4,2-Year,2-Year,False,DGS2,2,3.5e+10,2010-12-17,2011-01-03,365,3.6833333e+10,1.9407902e+09,-0.94463241,ok,3.5e+10,previous,-0.94463241,ok,0.055367593,0.055367593,2010-12-27/2011-01-02,True,False,-0.18361337,0.20819027,10,-10,0.39180364,20,True,True
2010-12-28_912828PM6,2010-12-28,2010-12-23,912828PM6,5-Year,5-Year,False,DGS5,5,3.5e+10,2010-12-20,2011-01-04,295,3.6e+10,1.2649111e+09,-0.79056942,ok,3.5e+10,previous,-0.79056942,ok,0.20943058,0.20943058,2010-12-27/2011-01-02,True,False,-0.85274828,0.84141459,19,-17,1.6941629,36,True,True
2010-12-29_912828PN4,2010-12-29,2010-12-23,912828PN4,7-Year,7-Year,False,DGS7,7,2.9e+10,2010-12-21,2011-01-05,22,2.9166667e+10,4.0824829e+08,-0.40824829,ok,2.9e+10,previous,-0.40824829,ok,0.59175171,0.59175171,2010-12-27/2011-01-02,True,False,-0.19949224,-0.64470479,4,11,-0.44521254,-7,True,True
2011-01-11_912828PQ7,2011-01-11,2011-01-06,912828PQ7,3-Year,3-Year,False,DGS3,3,3.2e+10,2011-01-04,2011-01-19,26,3.3e+10,1.2649111e+09,-0.79056942,ok,3.2e+10,previous,-0.79056942,ok,0.20943058,0.20943058,2011-01-10/2011-01-16,True,False,0.046166228,0.1660877,-1,-5,0.11992147,4,True,True
2011-01-12_912828PC8,2011-01-12,2011-01-06,912828PC8,9-Year 10-Month,10-Year,True,DGS10,10,2.1e+10,2011-01-05,2011-01-20,171,2.2e+10,1.5491933e+09,-0.64549722,ok,2.1e+10,previous,-0.64549722,ok,0.35450278,0.35450278,2011-01-10/2011-01-16,True,False,0.90227138,-0.51894978,-10,7,-1.4212212,-17,True,True
2011-01-13_912810QL5,2011-01-13,2011-01-06,912810QL5,29-Year 10-Month,30-Year,True,DGS30,30,1.3e+10,2011-01-06,2011-01-21,32,1.4e+10,1.5491933e+09,-0.64549722,ok,1.3e+10,own,-0.64549722,ok,0.35450278,0.35450278,2011-01-10/2011-01-16,True,False,0.57266384,-1.0437776,-3,7,-1.6164414,-10,True,True
2011-01-25_912828PR5,2011-01-25,2011-01-20,912828PR5,2-Year,2-Year,False,DGS2,2,3.5e+10,2011-01-18,2011-02-01,366,3.6e+10,1.2649111e+09,-0.79056942,ok,3.5e+10,previous,-0.79056942,ok,0.20943058,0.20943058,2011-01-24/2011-01-30,True,False,-0.030619611,0.028092053,2,-1,0.058711664,3,True,True
2011-01-26_912828PS3,2011-01-26,2011-01-20,912828PS3,5-Year,5-Year,False,DGS5,5,3.5e+10,2011-01-19,2011-02-02,296,3.55e+10,8.3666003e+08,-0.5976143,ok,3.5e+10,previous,-0.5976143,ok,0.4023857,0.4023857,2011-01-24/2011-01-30,True,False,-0.34386722,-0.29646181,8,7,0.047405406,1,True,True
2011-01-27_912828PT1,2011-01-27,2011-01-20,912828PT1,7-Year,7-Year,False,DGS7,7,2.9e+10,2011-01-20,2011-02-03,23,2.9e+10,0,0,sd0,2.9e+10,own,0,sd0,1,1,2011-01-24/2011-01-30,True,False,0.42821298,-1.0198003,-6,17,-1.4480133,-23,True,True
2011-02-08_912828QH6,2011-02-08,2011-02-02,912828QH6,3-Year,3-Year,False,DGS3,3,3.2e+10,2011-02-01,2011-02-15,27,3.25e+10,8.3666003e+08,-0.5976143,ok,3.2e+10,previous,-0.5976143,ok,0.4023857,0.4023857,2011-02-07/2011-02-13,True,False,-1.0313703,0.053341147,36,-1,1.0847114,37,True,True
2011-02-09_912828PX2,2011-02-09,2011-02-02,912828PX2,10-Year,10-Year,False,DGS10,10,2.4e+10,2011-02-02,2011-02-16,172,2.2e+10,1.5491933e+09,1.2909944,ok,2.4e+10,own,1.2909944,ok,2,2,2011-02-07/2011-02-13,True,False,-1.0164645,0.31582247,13,-3,1.332287,16,True,True
2011-02-10_912810QN1,2011-02-10,2011-02-02,912810QN1,30-Year,30-Year,False,DGS30,30,1.6e+10,2011-02-03,2011-02-17,33,1.4e+10,1.5491933e+09,1.2909944,ok,1.6e+10,own,1.2909944,ok,2,2,2011-02-07/2011-02-13,True,False,-1.1881135,1.5355561,8,-9,2.7236696,17,True,True
2011-02-22_912828QK9,2011-02-22,2011-02-17,912828QK9,2-Year,2-Year,False,DGS2,2,3.5e+10,2011-02-14,2011-03-01,367,3.55e+10,8.3666003e+08,-0.5976143,ok,3.5e+10,previous,-0.5976143,ok,0.4023857,0.4023857,2011-02-21/2011-02-27,True,False,0.2724057,0.16970294,-13,-8,-0.10270276,-5,True,True
2011-02-23_912828QJ2,2011-02-23,2011-02-17,912828QJ2,5-Year,5-Year,False,DGS5,5,3.5e+10,2011-02-15,2011-03-02,297,3.5166667e+10,4.0824829e+08,-0.40824829,ok,3.5e+10,previous,-0.40824829,ok,0.59175171,0.59175171,2011-02-21/2011-02-27,True,False,0.70541462,0.27410039,-14,-5,-0.43131422,-9,True,True
2011-02-24_912828PY0,2011-02-24,2011-02-17,912828PY0,7-Year,7-Year,False,DGS7,7,2.9e+10,2011-02-16,2011-03-03,24,2.9e+10,0,0,sd0,2.9e+10,previous,0,sd0,1,1,2011-02-21/2011-02-27,True,False,1.1328557,-0.7645424,-17,13,-1.8973981,-30,True,True
2011-03-08_912828PZ7,2011-03-08,2011-03-03,912828PZ7,3-Year,3-Year,False,DGS3,3,3.2e+10,2011-03-01,2011-03-15,28,3.2166667e+10,4.0824829e+08,-0.40824829,ok,3.2e+10,previous,-0.40824829,ok,0.59175171,0.59175171,2011-03-07/2011-03-13,True,False,-0.331431,0.57938604,12,-19,0.91081704,31,True,True
2011-03-09_912828PX2,2011-03-09,2011-03-03,912828PX2,9-Year 11-Month,10-Year,True,DGS10,10,2.1e+10,2011-03-02,2011-03-16,173,2.2e+10,1.5491933e+09,-0.64549722,ok,2.4e+10,previous,1.2909944,ok,2,0.35450278,2011-03-07/2011-03-13,True,False,-0.10774743,2.2772569,2,-26,2.3850043,28,True,True
2011-03-10_912810QN1,2011-03-10,2011-03-03,912810QN1,29-Year 11-Month,30-Year,True,DGS30,30,1.3e+10,2011-03-03,2011-03-17,34,1.4e+10,1.5491933e+09,-0.64549722,ok,1.3e+10,own,-0.64549722,ok,0.35450278,0.35450278,2011-03-07/2011-03-13,True,False,1.8812828,1.9028093,-11,-11,0.021526544,8.8817842e-14,True,True
2011-03-28_912828QL7,2011-03-28,2011-03-24,912828QL7,2-Year,2-Year,False,DGS2,2,3.5e+10,2011-03-21,2011-04-04,368,3.5166667e+10,4.0824829e+08,-0.40824829,ok,3.5e+10,previous,-0.40824829,ok,0.59175171,0.59175171,2011-03-28/2011-04-03,True,False,-0.2643875,0.092674775,14,-4,0.35706227,18,True,True
2011-03-29_912828QA1,2011-03-29,2011-03-24,912828QA1,5-Year,5-Year,False,DGS5,5,3.5e+10,2011-03-22,2011-04-05,298,3.5e+10,0,0,sd0,3.5e+10,previous,0,sd0,1,1,2011-03-28/2011-04-03,True,False,-0.80596404,-0.10062794,18,3,0.7053361,15,True,True
2011-03-30_912828QB9,2011-03-30,2011-03-24,912828QB9,7-Year,7-Year,False,DGS7,7,2.9e+10,2011-03-23,2011-04-06,25,2.9e+10,0,0,sd0,2.9e+10,previous,0,sd0,1,1,2011-03-28/2011-04-03,True,False,-0.70321911,-0.63681163,12,11,0.066407483,1,True,True
2011-04-12_912828QC7,2011-04-12,2011-04-07,912828QC7,3-Year,3-Year,False,DGS3,3,3.2e+10,2011-04-05,2011-04-19,29,3.2e+10,0,0,sd0,3.2e+10,previous,0,sd0,1,1,2011-04-11/2011-04-17,True,False,0.17118846,0.46292807,-5,-15,0.29173961,10,True,True
2011-04-13_912828PX2,2011-04-13,2011-04-07,912828PX2,9-Year 10-Month,10-Year,True,DGS10,10,2.1e+10,2011-04-06,2011-04-20,174,2.2e+10,1.5491933e+09,-0.64549722,ok,2.1e+10,previous,-0.64549722,ok,0.35450278,0.35450278,2011-04-11/2011-04-17,True,False,0.65372786,0.56759278,-7,-6,-0.086135082,-1,True,True
2011-04-14_912810QN1,2011-04-14,2011-04-07,912810QN1,29-Year 10-Month,30-Year,True,DGS30,30,1.3e+10,2011-04-07,2011-04-21,35,1.4e+10,1.5491933e+09,-0.64549722,ok,1.3e+10,own,-0.64549722,ok,0.35450278,0.35450278,2011-04-11/2011-04-17,True,False,1.7213838,1.0690876,-10,-6,-0.65229616,-4,True,True
2011-04-26_912828QE3,2011-04-26,2011-04-21,912828QE3,2-Year,2-Year,False,DGS2,2,3.5e+10,2011-04-18,2011-05-03,369,3.5e+10,0,0,sd0,3.5e+10,previous,0,sd0,1,1,2011-04-25/2011-05-01,True,False,0.092717133,0.090293455,-4,-4,-0.0024236774,1.110223e-14,True,True
2011-04-27_912828QF0,2011-04-27,2011-04-21,912828QF0,5-Year,5-Year,False,DGS5,5,3.5e+10,2011-04-19,2011-05-04,299,3.5e+10,0,0,sd0,3.5e+10,previous,0,sd0,1,1,2011-04-25/2011-05-01,True,False,0.18599505,0.55887397,-3,-11,0.37287892,8,True,True
2011-04-28_912828QG8,2011-04-28,2011-04-21,912828QG8,7-Year,7-Year,False,DGS7,7,2.9e+10,2011-04-20,2011-05-05,26,2.9e+10,0,0,sd0,2.9e+10,previous,0,sd0,1,1,2011-04-25/2011-05-01,True,False,0.82051391,1.0076803,-12,-15,0.18716643,3,True,True
2011-05-10_912828QM5,2011-05-10,2011-05-04,912828QM5,3-Year,3-Year,False,DGS3,3,3.2e+10,2011-05-03,2011-05-17,30,3.2e+10,0,0,sd0,3.2e+10,previous,0,sd0,1,1,2011-05-09/2011-05-15,True,False,-0.041042288,0.37199732,2,-12,0.41303961,14,True,True
2011-05-11_912828QN3,2011-05-11,2011-05-04,912828QN3,10-Year,10-Year,False,DGS10,10,2.4e+10,2011-05-04,2011-05-18,175,2.2e+10,1.5491933e+09,1.2909944,ok,2.4e+10,own,1.2909944,ok,2,2,2011-05-09/2011-05-15,True,False,0.5696679,0.14356404,-6,-1,-0.42610386,-5,True,True
2011-05-12_912810QQ4,2011-05-12,2011-05-04,912810QQ4,30-Year,30-Year,False,DGS30,30,1.6e+10,2011-05-05,2011-05-19,36,1.4e+10,1.5491933e+09,1.2909944,ok,1.6e+10,own,1.2909944,ok,2,2,2011-05-09/2011-05-15,True,False,-1.7470218,1.2529261,11,-7,2.9999478,18,True,True
2011-05-24_912828QZ6,2011-05-24,2011-05-19,912828QZ6,2-Year,2-Year,False,DGS2,2,3.5e+10,2011-05-17,2011-06-01,370,3.5e+10,0,0,sd0,3.5e+10,previous,0,sd0,1,1,2011-05-23/2011-05-29,True,False,-0.010191635,0.24783478,1,-12,0.25802642,13,True,True
2011-05-25_912828QP8,2011-05-25,2011-05-19,912828QP8,5-Year,5-Year,False,DGS5,5,3.5e+10,2011-05-18,2011-06-02,300,3.5e+10,0,0,sd0,3.5e+10,previous,0,sd0,1,1,2011-05-23/2011-05-29,True,False,0.31938057,0.8009297,-6,-16,0.48154913,10,True,True
2011-05-26_912828QQ6,2011-05-26,2011-05-19,912828QQ6,7-Year,7-Year,False,DGS7,7,2.9e+10,2011-05-19,2011-06-03,27,2.9e+10,0,0,sd0,2.9e+10,own,0,sd0,1,1,2011-05-23/2011-05-29,True,False,0.8803233,0.82264166,-13,-12,-0.057681643,-1,True,True
2011-06-07_912828QS2,2011-06-07,2011-06-02,912828QS2,3-Year,3-Year,False,DGS3,3,3.2e+10,2011-05-31,2011-06-14,31,3.2e+10,0,0,sd0,3.2e+10,previous,0,sd0,1,1,2011-06-06/2011-06-12,True,False,0.16147595,-0.13519576,-5,5,-0.29667171,-10,True,True
2011-06-08_912828QN3,2011-06-08,2011-06-02,912828QN3,9-Year 11-Month,10-Year,True,DGS10,10,2.1e+10,2011-06-01,2011-06-15,176,2.2e+10,1.5491933e+09,-0.64549722,ok,2.4e+10,previous,1.2909944,ok,2,0.35450278,2011-06-06/2011-06-12,True,False,-0.11708131,0.051697011,2,0,0.16877832,2,True,True
2011-06-09_912810QQ4,2011-06-09,2011-06-02,912810QQ4,29-Year 11-Month,30-Year,True,DGS30,30,1.3e+10,2011-06-02,2011-06-16,37,1.4e+10,1.5491933e+09,-0.64549722,ok,1.3e+10,own,-0.64549722,ok,0.35450278,0.35450278,2011-06-06/2011-06-12,True,False,0.5850488,1.0935759,-3,-6,0.50852715,3,True,True
2011-06-27_912828RA0,2011-06-27,2011-06-23,912828RA0,2-Year,2-Year,False,DGS2,2,3.5e+10,2011-06-20,2011-07-05,371,3.5e+10,0,0,sd0,3.5e+10,previous,0,sd0,1,1,2011-06-27/2011-07-03,True,False,-0.05269985,-0.050231722,3,3,0.0024681279,-5.3290705e-15,True,True
2011-06-28_912828QR4,2011-06-28,2011-06-23,912828QR4,5-Year,5-Year,False,DGS5,5,3.5e+10,2011-06-21,2011-07-06,301,3.5e+10,0,0,sd0,3.5e+10,previous,0,sd0,1,1,2011-06-27/2011-07-03,True,False,-0.21311332,-0.15536166,5,4,0.057751652,1,True,True
2011-06-29_912828QT0,2011-06-29,2011-06-23,912828QT0,7-Year,7-Year,False,DGS7,7,2.9e+10,2011-06-22,2011-07-07,28,2.9e+10,0,0,sd0,2.9e+10,previous,0,sd0,1,1,2011-06-27/2011-07-03,True,False,-0.92037551,-0.20386768,15,4,0.71650783,11,True,True
2011-07-12_912828QU7,2011-07-12,2011-07-07,912828QU7,3-Year,3-Year,False,DGS3,3,3.2e+10,2011-07-05,2011-07-19,32,3.2e+10,0,0,sd0,3.2e+10,previous,0,sd0,1,1,2011-07-11/2011-07-17,True,False,0.42803873,0.011591229,-14,0,-0.4164475,-14,True,True
2011-07-13_912828QN3,2011-07-13,2011-07-07,912828QN3,9-Year 10-Month,10-Year,True,DGS10,10,2.1e+10,2011-07-06,2011-07-20,177,2.2e+10,1.5491933e+09,-0.64549722,ok,2.1e+10,previous,-0.64549722,ok,0.35450278,0.35450278,2011-07-11/2011-07-17,True,False,1.7823551,-0.28963311,-20,4,-2.0719882,-24,True,True
2011-07-14_912810QQ4,2011-07-14,2011-07-07,912810QQ4,29-Year 10-Month,30-Year,True,DGS30,30,1.3e+10,2011-07-07,2011-07-21,38,1.4e+10,1.5491933e+09,-0.64549722,ok,1.3e+10,own,-0.64549722,ok,0.35450278,0.35450278,2011-07-11/2011-07-17,True,False,2.1017377,-0.93097093,-12,6,-3.0327086,-18,True,True
2011-07-26_912828QW3,2011-07-26,2011-07-21,912828QW3,2-Year,2-Year,False,DGS2,2,3.5e+10,2011-07-19,2011-08-02,372,3.5e+10,0,0,sd0,3.5e+10,previous,0,sd0,1,1,2011-07-25/2011-07-31,True,False,-0.032767066,0.16500535,2,-8,0.19777241,10,True,True
2011-07-27_912828QX1,2011-07-27,2011-07-21,912828QX1,5-Year,5-Year,False,DGS5,5,3.5e+10,2011-07-20,2011-08-03,302,3.5e+10,0,0,sd0,3.5e+10,previous,0,sd0,1,1,2011-07-25/2011-07-31,True,False,-0.30723384,1.5250104,7,-31,1.8322443,38,True,True
2011-07-28_912828QY9,2011-07-28,2011-07-21,912828QY9,7-Year,7-Year,False,DGS7,7,2.9e+10,2011-07-21,2011-08-04,29,2.9e+10,0,0,sd0,2.9e+10,own,0,sd0,1,1,2011-07-25/2011-07-31,True,False,0.29968038,3.19885,-4,-48,2.8991697,44,True,True
2011-08-09_912828RB8,2011-08-09,2011-08-03,912828RB8,3-Year,3-Year,False,DGS3,3,3.2e+10,2011-08-02,2011-08-16,33,3.2e+10,0,0,sd0,3.2e+10,previous,0,sd0,1,1,2011-08-08/2011-08-14,True,False,0.51524862,0.0059488495,-17,0,-0.50929977,-17,True,True
2011-08-10_912828RC6,2011-08-10,2011-08-03,912828RC6,10-Year,10-Year,False,DGS10,10,2.4e+10,2011-08-03,2011-08-17,178,2.2e+10,1.5491933e+09,1.2909944,ok,2.4e+10,own,1.2909944,ok,2,2,2011-08-08/2011-08-14,True,False,4.2698635,0.034285785,-47,0,-4.2355778,-47,True,True
2011-08-11_912810QS0,2011-08-11,2011-08-03,912810QS0,30-Year,30-Year,False,DGS30,30,1.6e+10,2011-08-04,2011-08-18,39,1.4e+10,1.5491933e+09,1.2909944,ok,1.6e+10,own,1.2909944,ok,2,2,2011-08-08/2011-08-14,True,False,-2.1213881,7.0074652,12,-37,9.1288533,49,True,True
2011-08-23_912828RD4,2011-08-23,2011-08-18,912828RD4,2-Year,2-Year,False,DGS2,2,3.5e+10,2011-08-16,2011-08-30,373,3.5e+10,0,0,sd0,3.5e+10,previous,0,sd0,1,1,2011-08-22/2011-08-28,True,False,-0.036196789,0.043624288,2,-2,0.079821077,4,True,True
2011-08-24_912828RF9,2011-08-24,2011-08-18,912828RF9,5-Year,5-Year,False,DGS5,5,3.5e+10,2011-08-17,2011-08-31,303,3.5e+10,0,0,sd0,3.5e+10,previous,0,sd0,1,1,2011-08-22/2011-08-28,True,False,-0.61365939,0.45653707,13,-9,1.0701965,22,True,True
2011-08-25_912828RE2,2011-08-25,2011-08-18,912828RE2,7-Year,7-Year,False,DGS7,7,2.9e+10,2011-08-18,2011-09-01,30,2.9e+10,0,0,sd0,2.9e+10,own,0,sd0,1,1,2011-08-22/2011-08-28,True,False,-0.89642774,0.55803983,14,-8,1.4544676,22,True,True
2011-09-12_912828RG7,2011-09-12,2011-09-08,912828RG7,3-Year,3-Year,False,DGS3,3,3.2e+10,2011-09-02,2011-09-19,34,3.2e+10,0,0,sd0,3.2e+10,previous,0,sd0,1,1,2011-09-12/2011-09-18,True,False,-0.050967849,0.18509846,2,-6,0.23606631,8,True,True
2011-09-13_912828RC6,2011-09-13,2011-09-08,912828RC6,9-Year 11-Month,10-Year,True,DGS10,10,2.1e+10,2011-09-06,2011-09-20,179,2.2e+10,1.5491933e+09,-0.64549722,ok,2.4e+10,previous,1.2909944,ok,2,0.35450278,2011-09-12/2011-09-18,True,False,-0.14597394,0.48797508,2,-5,0.63394902,7,True,True
2011-09-14_912810QS0,2011-09-14,2011-09-08,912810QS0,29-Year 11-Month,30-Year,True,DGS30,30,1.3e+10,2011-09-07,2011-09-21,40,1.4e+10,1.5491933e+09,-0.64549722,ok,1.6e+10,previous,1.2909944,ok,2,0.35450278,2011-09-12/2011-09-18,True,False,0.81240568,5.7777329,-4,-29,4.9653272,25,True,True
2011-09-27_912828RK8,2011-09-27,2011-09-22,912828RK8,2-Year,2-Year,False,DGS2,2,3.5e+10,2011-09-20,2011-10-04,374,3.5e+10,0,0,sd0,3.5e+10,previous,0,sd0,1,1,2011-09-26/2011-10-02,True,False,-0.13525167,0.0044554573,7,0,0.13970713,7,True,True
2011-09-28_912828RJ1,2011-09-28,2011-09-22,912828RJ1,5-Year,5-Year,False,DGS5,5,3.5e+10,2011-09-21,2011-10-05,304,3.5e+10,0,0,sd0,3.5e+10,previous,0,sd0,1,1,2011-09-26/2011-10-02,True,False,-0.51862512,0.16266539,11,-3,0.68129052,14,True,True
2011-09-29_912828RH5,2011-09-29,2011-09-22,912828RH5,7-Year,7-Year,False,DGS7,7,2.9e+10,2011-09-22,2011-10-06,31,2.9e+10,0,0,sd0,2.9e+10,own,0,sd0,1,1,2011-09-26/2011-10-02,True,False,-1.5600861,-0.24102581,24,4,1.3190603,20,True,True
2011-10-11_912828RL6,2011-10-11,2011-10-06,912828RL6,3-Year,3-Year,False,DGS3,3,3.2e+10,2011-10-03,2011-10-18,35,3.2e+10,0,0,sd0,3.2e+10,previous,0,sd0,1,1,2011-10-10/2011-10-16,True,False,-0.4349174,0.21739487,15,-7,0.65231227,22,True,True
2011-10-12_912828RC6,2011-10-12,2011-10-06,912828RC6,9-Year 10-Month,10-Year,True,DGS10,10,2.1e+10,2011-10-04,2011-10-19,180,2.2e+10,1.5491933e+09,-0.64549722,ok,2.1e+10,previous,-0.64549722,ok,0.35450278,0.35450278,2011-10-10/2011-10-16,True,False,-3.7632166,0.57625957,43,-6,4.3394762,49,True,True
2011-10-13_912810QS0,2011-10-13,2011-10-06,912810QS0,29-Year 10-Month,30-Year,True,DGS30,30,1.3e+10,2011-10-05,2011-10-20,41,1.4e+10,1.5491933e+09,-0.64549722,ok,1.3e+10,previous,-0.64549722,ok,0.35450278,0.35450278,2011-10-10/2011-10-16,True,False,-5.311797,-0.7178359,28,4,4.5939611,24,True,True
2011-10-25_912828RN2,2011-10-25,2011-10-20,912828RN2,2-Year,2-Year,False,DGS2,2,3.5e+10,2011-10-18,2011-11-01,375,3.5e+10,0,0,sd0,3.5e+10,previous,0,sd0,1,1,2011-10-24/2011-10-30,True,False,0.044897737,0.064630334,-2,-3,0.019732596,1,True,True
2011-10-26_912828RM4,2011-10-26,2011-10-20,912828RM4,5-Year,5-Year,False,DGS5,5,3.5e+10,2011-10-19,2011-11-02,305,3.5e+10,0,0,sd0,3.5e+10,previous,0,sd0,1,1,2011-10-24/2011-10-30,True,False,-0.17466977,0.99502773,4,-20,1.1696975,24,True,True
2011-10-27_912828RP7,2011-10-27,2011-10-20,912828RP7,7-Year,7-Year,False,DGS7,7,2.9e+10,2011-10-20,2011-11-03,32,2.9e+10,0,0,sd0,2.9e+10,own,0,sd0,1,1,2011-10-24/2011-10-30,True,False,-1.2118637,2.3561304,19,-35,3.5679941,54,True,True
2011-11-08_912828RQ5,2011-11-08,2011-11-02,912828RQ5,3-Year,3-Year,False,DGS3,3,3.2e+10,2011-11-01,2011-11-16,36,3.2e+10,0,0,sd0,3.2e+10,previous,0,sd0,1,1,2011-11-07/2011-11-13,True,False,-0.022727687,-0.021511291,1,1,0.0012163962,0,True,True
2011-11-09_912828RR3,2011-11-09,2011-11-02,912828RR3,10-Year,10-Year,False,DGS10,10,2.4e+10,2011-11-02,2011-11-17,181,2.2e+10,1.5491933e+09,1.2909944,ok,2.4e+10,own,1.2909944,ok,2,2,2011-11-07/2011-11-13,True,False,0.30662716,0.40485917,-3,-4,0.098232003,1,True,True
2011-11-10_912810QT8,2011-11-10,2011-11-02,912810QT8,30-Year,30-Year,False,DGS30,30,1.6e+10,2011-11-03,2011-11-18,42,1.4e+10,1.5491933e+09,1.2909944,ok,1.6e+10,own,1.2909944,ok,2,2,2011-11-07/2011-11-13,True,False,-0.34647414,2.636627,2,-13,2.9831011,15,True,True
2011-11-21_912828RS1,2011-11-21,2011-11-17,912828RS1,2-Year,2-Year,False,DGS2,2,3.5e+10,2011-11-14,2011-11-29,376,3.5e+10,0,0,sd0,3.5e+10,previous,0,sd0,1,1,2011-11-21/2011-11-27,True,False,-0.054848427,0.0053587511,3,0,0.060207178,3,True,True
2011-11-22_912828RU6,2011-11-22,2011-11-17,912828RU6,5-Year,5-Year,False,DGS5,5,3.5e+10,2011-11-15,2011-11-30,306,3.5e+10,0,0,sd0,3.5e+10,previous,0,sd0,1,1,2011-11-21/2011-11-27,True,False,0.11451761,-0.22405529,-2,5,-0.3385729,-7,True,True
2011-11-23_912828RT9,2011-11-23,2011-11-17,912828RT9,7-Year,7-Year,False,DGS7,7,2.9e+10,2011-11-16,2011-12-01,33,2.9e+10,0,0,sd0,2.9e+10,previous,0,sd0,1,1,2011-11-21/2011-11-27,True,False,0.42573434,-1.0903364,-6,17,-1.5160708,-23,True,True
2011-12-12_912828RV4,2011-12-12,2011-12-08,912828RV4,3-Year,3-Year,False,DGS3,3,3.2e+10,2011-12-05,2011-12-19,37,3.2e+10,0,0,sd0,3.2e+10,previous,0,sd0,1,1,2011-12-12/2011-12-18,True,False,0.1260421,0.0067738006,-4,0,-0.1192683,-4,True,True
2011-12-13_912828RR3,2011-12-13,2011-12-08,912828RR3,9-Year 11-Month,10-Year,True,DGS10,10,2.1e+10,2011-12-06,2011-12-20,182,2.2e+10,1.5491933e+09,-0.64549722,ok,2.4e+10,previous,1.2909944,ok,2,0.35450278,2011-12-12/2011-12-18,True,False,1.1230867,0.21289214,-12,-2,-0.91019455,-10,True,True
2011-12-14_912810QT8,2011-12-14,2011-12-08,912810QT8,29-Year 11-Month,30-Year,True,DGS30,30,1.3e+10,2011-12-07,2011-12-21,43,1.4e+10,1.5491933e+09,-0.64549722,ok,1.6e+10,previous,1.2909944,ok,2,0.35450278,2011-12-12/2011-12-18,True,False,2.6433288,-1.7361565,-13,9,-4.3794853,-22,True,True
2011-12-19_912828RW2,2011-12-19,2011-12-15,912828RW2,2-Year,2-Year,False,DGS2,2,3.5e+10,2011-12-12,2011-12-27,377,3.5e+10,0,0,sd0,3.5e+10,previous,0,sd0,1,1,2011-12-19/2011-12-25,True,False,0.0045955131,-0.11346322,0,6,-0.11805874,-6,True,True
2011-12-20_912828RX0,2011-12-20,2011-12-15,912828RX0,5-Year,5-Year,False,DGS5,5,3.5e+10,2011-12-13,2011-12-28,307,3.5e+10,0,0,sd0,3.5e+10,previous,0,sd0,1,1,2011-12-19/2011-12-25,True,False,-0.13077425,-0.12630409,3,3,0.0044701626,0,True,True
2011-12-21_912828RY8,2011-12-21,2011-12-15,912828RY8,7-Year,7-Year,False,DGS7,7,2.9e+10,2011-12-14,2011-12-29,34,2.9e+10,0,0,sd0,2.9e+10,previous,0,sd0,1,1,2011-12-19/2011-12-25,True,False,-0.37368954,0.43005318,6,-6,0.80374272,12,True,True
2012-01-10_912828RZ5,2012-01-10,2012-01-05,912828RZ5,3-Year,3-Year,False,DGS3,3,3.2e+10,2012-01-03,2012-01-18,38,3.2e+10,0,0,sd0,3.2e+10,previous,0,sd0,1,1,2012-01-09/2012-01-15,True,False,0.096495605,0.066404833,-3,-2,-0.030090772,-1,True,True
2012-01-11_912828RR3,2012-01-11,2012-01-05,912828RR3,9-Year 10-Month,10-Year,True,DGS10,10,2.1e+10,2012-01-04,2012-01-19,183,2.2e+10,1.5491933e+09,-0.64549722,ok,2.1e+10,previous,-0.64549722,ok,0.35450278,0.35450278,2012-01-09/2012-01-15,True,False,0.67109322,-0.68212367,-7,8,-1.3532169,-15,True,True
2012-01-12_912810QT8,2012-01-12,2012-01-05,912810QT8,29-Year 10-Month,30-Year,True,DGS30,30,1.3e+10,2012-01-05,2012-01-20,44,1.4e+10,1.5491933e+09,-0.64549722,ok,1.3e+10,own,-0.64549722,ok,0.35450278,0.35450278,2012-01-09/2012-01-15,True,False,1.8365863,-2.4671952,-9,13,-4.3037815,-22,True,True
2012-01-24_912828SB7,2012-01-24,2012-01-19,912828SB7,2-Year,2-Year,False,DGS2,2,3.5e+10,2012-01-17,2012-01-31,378,3.5e+10,0,0,sd0,3.5e+10,previous,0,sd0,1,1,2012-01-23/2012-01-29,True,False,-0.055777108,0.043122233,3,-2,0.098899342,5,True,True
2012-01-25_912828SC5,2012-01-25,2012-01-19,912828SC5,5-Year,5-Year,False,DGS5,5,3.5e+10,2012-01-18,2012-02-01,308,3.5e+10,0,0,sd0,3.5e+10,previous,0,sd0,1,1,2012-01-23/2012-01-29,True,False,0.064409563,0.45456872,-1,-9,0.39015916,8,True,True
2012-01-26_912828SD3,2012-01-26,2012-01-19,912828SD3,7-Year,7-Year,False,DGS7,7,2.9e+10,2012-01-19,2012-02-02,35,2.9e+10,0,0,sd0,2.9e+10,own,0,sd0,1,1,2012-01-23/2012-01-29,True,False,0.6259462,0.62506739,-9,-9,-0.00087880739,2.1316282e-14,True,True
2012-02-07_912828SE1,2012-02-07,2012-02-01,912828SE1,3-Year,3-Year,False,DGS3,3,3.2e+10,2012-01-31,2012-02-14,39,3.2e+10,0,0,sd0,3.2e+10,previous,0,sd0,1,1,2012-02-06/2012-02-12,True,False,-0.14431213,-0.14336294,5,5,0.00094919084,-5.3290705e-15,True,True
2012-02-08_912828SF8,2012-02-08,2012-02-01,912828SF8,10-Year,10-Year,False,DGS10,10,2.4e+10,2012-02-01,2012-02-15,184,2.2e+10,1.5491933e+09,1.2909944,ok,2.4e+10,own,1.2909944,ok,2,2,2012-02-06/2012-02-12,True,False,-1.2271691,0.75922159,14,-8,1.9863907,22,True,True
2012-02-09_912810QU5,2012-02-09,2012-02-01,912810QU5,30-Year,30-Year,False,DGS30,30,1.6e+10,2012-02-02,2012-02-16,45,1.4e+10,1.5491933e+09,1.2909944,ok,1.6e+10,own,1.2909944,ok,2,2,2012-02-06/2012-02-12,True,False,-3.5833746,1.2086415,19,-6,4.7920161,25,True,True
2012-02-21_912828SG6,2012-02-21,2012-02-16,912828SG6,2-Year,2-Year,False,DGS2,2,3.5e+10,2012-02-13,2012-02-28,379,3.5e+10,0,0,sd0,3.5e+10,previous,0,sd0,1,1,2012-02-20/2012-02-26,True,False,-0.035469001,0.023833829,2,-1,0.05930283,3,True,True
2012-02-22_912828SJ0,2012-02-22,2012-02-16,912828SJ0,5-Year,5-Year,False,DGS5,5,3.5e+10,2012-02-14,2012-02-29,309,3.5e+10,0,0,sd0,3.5e+10,previous,0,sd0,1,1,2012-02-20/2012-02-26,True,False,-0.32448821,0.063140011,7,-1,0.38762822,8,True,True
2012-02-23_912828SH4,2012-02-23,2012-02-16,912828SH4,7-Year,7-Year,False,DGS7,7,2.9e+10,2012-02-15,2012-03-01,36,2.9e+10,0,0,sd0,2.9e+10,previous,0,sd0,1,1,2012-02-20/2012-02-26,True,False,-0.37010549,-0.24159952,6,4,0.12850597,2,True,True
2012-03-12_912828SK7,2012-03-12,2012-03-08,912828SK7,3-Year,3-Year,False,DGS3,3,3.2e+10,2012-03-05,2012-03-19,40,3.2e+10,0,0,sd0,3.2e+10,previous,0,sd0,1,1,2012-03-12/2012-03-18,True,False,-0.1120894,-0.37650933,4,13,-0.26441993,-9,True,True
2012-03-13_912828SF8,2012-03-13,2012-03-08,912828SF8,9-Year 11-Month,10-Year,True,DGS10,10,2.1e+10,2012-03-06,2012-03-20,185,2.2e+10,1.5491933e+09,-0.64549722,ok,2.4e+10,previous,1.2909944,ok,2,0.35450278,2012-03-12/2012-03-18,True,False,-1.5724975,-2.0775841,18,24,-0.50508652,-6,True,True
2012-03-14_912810QU5,2012-03-14,2012-03-08,912810QU5,29-Year 11-Month,30-Year,True,DGS30,30,1.3e+10,2012-03-07,2012-03-21,46,1.4e+10,1.5491933e+09,-0.64549722,ok,1.6e+10,previous,1.2909944,ok,2,0.35450278,2012-03-12/2012-03-18,True,False,-5.6910183,0.99690845,31,-5,6.6879267,36,True,True
2012-03-27_912828SL5,2012-03-27,2012-03-22,912828SL5,2-Year,2-Year,False,DGS2,2,3.5e+10,2012-03-20,2012-04-03,380,3.5e+10,0,0,sd0,3.5e+10,previous,0,sd0,1,1,2012-03-26/2012-04-01,True,False,0.16469433,-0.054781948,-8,3,-0.21947628,-11,True,True
2012-03-28_912828SM3,2012-03-28,2012-03-22,912828SM3,5-Year,5-Year,False,DGS5,5,3.5e+10,2012-03-21,2012-04-04,310,3.5e+10,0,0,sd0,3.5e+10,previous,0,sd0,1,1,2012-03-26/2012-04-01,True,False,0.50539079,0.017949868,-10,0,-0.48744092,-10,True,True
2012-03-29_912828SN1,2012-03-29,2012-03-22,912828SN1,7-Year,7-Year,False,DGS7,7,2.9e+10,2012-03-22,2012-04-05,37,2.9e+10,0,0,sd0,2.9e+10,own,0,sd0,1,1,2012-03-26/2012-04-01,True,False,0.82305083,0.093949781,-12,-1,-0.72910105,-11,True,True
2012-04-10_912828SP6,2012-04-10,2012-04-05,912828SP6,3-Year,3-Year,False,DGS3,3,3.2e+10,2012-04-03,2012-04-17,41,3.2e+10,0,0,sd0,3.2e+10,previous,0,sd0,1,1,2012-04-09/2012-04-15,True,False,0.42470884,0.0063640827,-14,0,-0.41834475,-14,True,True
2012-04-11_912828SF8,2012-04-11,2012-04-05,912828SF8,9-Year 10-Month,10-Year,True,DGS10,10,2.1e+10,2012-04-04,2012-04-18,186,2.2e+10,1.5491933e+09,-0.64549722,ok,2.1e+10,previous,-0.64549722,ok,0.35450278,0.35450278,2012-04-09/2012-04-15,True,False,1.8418754,0.48740751,-20,-5,-1.3544679,-15,True,True
2012-04-12_912810QU5,2012-04-12,2012-04-05,912810QU5,29-Year 10-Month,30-Year,True,DGS30,30,1.3e+10,2012-04-05,2012-04-19,47,1.4e+10,1.5491933e+09,-0.64549722,ok,1.3e+10,own,-0.64549722,ok,0.35450278,0.35450278,2012-04-09/2012-04-15,True,False,1.9685235,1.9991852,-10,-10,0.030661702,4.4408921e-14,True,True
2012-04-24_912828SR2,2012-04-24,2012-04-19,912828SR2,2-Year,2-Year,False,DGS2,2,3.5e+10,2012-04-17,2012-05-01,381,3.5e+10,0,0,sd0,3.5e+10,previous,0,sd0,1,1,2012-04-23/2012-04-29,True,False,0.003744262,0.0033375376,0,0,-0.00040672442,0,True,True
2012-04-25_912828SS0,2012-04-25,2012-04-19,912828SS0,5-Year,5-Year,False,DGS5,5,3.5e+10,2012-04-18,2012-05-02,311,3.5e+10,0,0,sd0,3.5e+10,previous,0,sd0,1,1,2012-04-23/2012-04-29,True,False,0.014515257,0.20960366,0,-4,0.1950884,4,True,True
2012-04-26_912828ST8,2012-04-26,2012-04-19,912828ST8,7-Year,7-Year,False,DGS7,7,2.9e+10,2012-04-19,2012-05-03,38,2.9e+10,0,0,sd0,2.9e+10,own,0,sd0,1,1,2012-04-23/2012-04-29,True,False,0.090683548,0.15695035,-1,-2,0.066266801,1,True,True
2012-05-08_912828SU5,2012-05-08,2012-05-02,912828SU5,3-Year,3-Year,False,DGS3,3,3.2e+10,2012-05-01,2012-05-15,42,3.2e+10,0,0,sd0,3.2e+10,previous,0,sd0,1,1,2012-05-07/2012-05-13,True,False,0.095074621,-0.054407361,-3,2,-0.14948198,-5,True,True
2012-05-09_912828SV3,2012-05-09,2012-05-02,912828SV3,10-Year,10-Year,False,DGS10,10,2.4e+10,2012-05-02,2012-05-16,187,2.2e+10,1.5491933e+09,1.2909944,ok,2.4e+10,own,1.2909944,ok,2,2,2012-05-07/2012-05-13,True,False,0.85329936,1.0383805,-9,-11,0.18508112,2,True,True
2012-05-10_912810QW1,2012-05-10,2012-05-02,912810QW1,30-Year,30-Year,False,DGS30,30,1.6e+10,2012-05-03,2012-05-17,48,1.4e+10,1.5491933e+09,1.2909944,ok,1.6e+10,own,1.2909944,ok,2,2,2012-05-07/2012-05-13,True,False,1.0307685,5.5506233,-5,-27,4.5198548,22,True,True
2012-05-22_912828SW1,2012-05-22,2012-05-17,912828SW1,2-Year,2-Year,False,DGS2,2,3.5e+10,2012-05-15,2012-05-30,382,3.5e+10,0,0,sd0,3.5e+10,previous,0,sd0,1,1,2012-05-21/2012-05-27,True,False,-0.015771817,0.064202822,1,-3,0.079974639,4,True,True
2012-05-23_912828SY7,2012-05-23,2012-05-17,912828SY7,5-Year,5-Year,False,DGS5,5,3.5e+10,2012-05-16,2012-05-31,312,3.5e+10,0,0,sd0,3.5e+10,previous,0,sd0,1,1,2012-05-21/2012-05-27,True,False,0.061551556,0.35788457,-1,-7,0.29633302,6,True,True
2012-05-24_912828SX9,2012-05-24,2012-05-17,912828SX9,7-Year,7-Year,False,DGS7,7,2.9e+10,2012-05-17,2012-06-01,39,2.9e+10,0,0,sd0,2.9e+10,own,0,sd0,1,1,2012-05-21/2012-05-27,True,False,-0.24740676,1.8535013,4,-27,2.1009081,31,True,True
2012-06-12_912828SZ4,2012-06-12,2012-06-07,912828SZ4,3-Year,3-Year,False,DGS3,3,3.2e+10,2012-06-05,2012-06-19,43,3.2e+10,0,0,sd0,3.2e+10,previous,0,sd0,1,1,2012-06-11/2012-06-17,True,False,-0.20292884,0.065121167,7,-2,0.26805001,9,True,True
2012-06-13_912828SV3,2012-06-13,2012-06-07,912828SV3,9-Year 11-Month,10-Year,True,DGS10,10,2.1e+10,2012-06-06,2012-06-20,188,2.2e+10,1.5491933e+09,-0.64549722,ok,2.4e+10,previous,1.2909944,ok,2,0.35450278,2012-06-11/2012-06-17,True,False,0.48795398,-0.33913539,-5,4,-0.82708937,-9,True,True
2012-06-14_912810QW1,2012-06-14,2012-06-07,912810QW1,29-Year 11-Month,30-Year,True,DGS30,30,1.3e+10,2012-06-07,2012-06-21,49,1.4e+10,1.5491933e+09,-0.64549722,ok,1.3e+10,own,-0.64549722,ok,0.35450278,0.35450278,2012-06-11/2012-06-17,True,False,0.4485246,1.0727071,-2,-5,0.62418255,3,True,True
2012-06-26_912828TA8,2012-06-26,2012-06-21,912828TA8,2-Year,2-Year,False,DGS2,2,3.5e+10,2012-06-19,2012-07-03,383,3.5e+10,0,0,sd0,3.5e+10,previous,0,sd0,1,1,2012-06-25/2012-07-01,True,False,-0.015684618,0.024022786,1,-1,0.039707404,2,True,True
2012-06-27_912828TB6,2012-06-27,2012-06-21,912828TB6,5-Year,5-Year,False,DGS5,5,3.5e+10,2012-06-20,2012-07-05,313,3.5e+10,0,0,sd0,3.5e+10,previous,0,sd0,1,1,2012-06-25/2012-07-01,True,False,0.061064482,0.25822278,-1,-5,0.1971583,4,True,True
2012-06-28_912828TC4,2012-06-28,2012-06-21,912828TC4,7-Year,7-Year,False,DGS7,7,2.9e+10,2012-06-21,2012-07-06,40,2.9e+10,0,0,sd0,2.9e+10,own,0,sd0,1,1,2012-06-25/2012-07-01,True,False,0.2879816,0.35728323,-4,-5,0.069301629,1,True,True
2012-07-10_912828TD2,2012-07-10,2012-07-05,912828TD2,3-Year,3-Year,False,DGS3,3,3.2e+10,2012-07-02,2012-07-17,44,3.2e+10,0,0,sd0,3.2e+10,previous,0,sd0,1,1,2012-07-09/2012-07-15,True,False,0.065907751,0.15359927,-2,-5,0.087691523,3,True,True
2012-07-11_912828SV3,2012-07-11,2012-07-05,912828SV3,9-Year 10-Month,10-Year,True,DGS10,10,2.1e+10,2012-07-03,2012-07-18,189,2.2e+10,1.5491933e+09,-0.64549722,ok,2.1e+10,previous,-0.64549722,ok,0.35450278,0.35450278,2012-07-09/2012-07-15,True,False,1.0497151,0.21130142,-11,-2,-0.83841365,-9,True,True
2012-07-12_912810QW1,2012-07-12,2012-07-05,912810QW1,29-Year 10-Month,30-Year,True,DGS30,30,1.3e+10,2012-07-05,2012-07-19,50,1.4e+10,1.5491933e+09,-0.64549722,ok,1.3e+10,own,-0.64549722,ok,0.35450278,0.35450278,2012-07-09/2012-07-15,True,False,3.1858478,-0.78187148,-15,4,-3.9677192,-19,True,True
2012-07-24_912828TF7,2012-07-24,2012-07-19,912828TF7,2-Year,2-Year,False,DGS2,2,3.5e+10,2012-07-17,2012-07-31,384,3.5e+10,0,0,sd0,3.5e+10,previous,0,sd0,1,1,2012-07-23/2012-07-29,True,False,0.062273124,-0.017567775,-3,1,-0.079840899,-4,True,True
2012-07-25_912828TG5,2012-07-25,2012-07-19,912828TG5,5-Year,5-Year,False,DGS5,5,3.5e+10,2012-07-18,2012-08-01,314,3.5e+10,0,0,sd0,3.5e+10,previous,0,sd0,1,1,2012-07-23/2012-07-29,True,False,0.20626244,-0.33455147,-4,7,-0.54081391,-11,True,True
2012-07-26_912828TH3,2012-07-26,2012-07-19,912828TH3,7-Year,7-Year,False,DGS7,7,2.9e+10,2012-07-19,2012-08-02,41,2.9e+10,0,0,sd0,2.9e+10,own,0,sd0,1,1,2012-07-23/2012-07-29,True,False,0.35389768,-0.25461394,-5,4,-0.60851162,-9,True,True
2012-08-07_912828TK6,2012-08-07,2012-08-01,912828TK6,3-Year,3-Year,False,DGS3,3,3.2e+10,2012-07-31,2012-08-14,45,3.2e+10,0,0,sd0,3.2e+10,previous,0,sd0,1,1,2012-08-06/2012-08-12,True,False,-0.20409737,-0.05455218,7,2,0.14954519,5,True,True
2012-08-08_912828TJ9,2012-08-08,2012-08-01,912828TJ9,10-Year,10-Year,False,DGS10,10,2.4e+10,2012-08-01,2012-08-15,190,2.2e+10,1.5491933e+09,1.2909944,ok,2.4e+10,own,1.2909944,ok,2,2,2012-08-06/2012-08-12,True,False,-1.0722233,-1.0635655,12,12,0.0086578136,-2.1316282e-14,True,True
2012-08-09_912810QX9,2012-08-09,2012-08-01,912810QX9,30-Year,30-Year,False,DGS30,30,1.6e+10,2012-08-02,2012-08-16,51,1.4e+10,1.5491933e+09,1.2909944,ok,1.6e+10,own,1.2909944,ok,2,2,2012-08-06/2012-08-12,True,False,-4.585411,-3.5029885,23,18,1.0824226,5,True,True
2012-08-28_912828TL4,2012-08-28,2012-08-23,912828TL4,2-Year,2-Year,False,DGS2,2,3.5e+10,2012-08-21,2012-09-05,385,3.5e+10,0,0,sd0,3.5e+10,previous,0,sd0,1,1,2012-08-27/2012-09-02,True,False,0.082925171,0.043004727,-4,-2,-0.039920444,-2,True,True
2012-08-29_912828TM2,2012-08-29,2012-08-23,912828TM2,5-Year,5-Year,False,DGS5,5,3.5e+10,2012-08-22,2012-09-06,315,3.5e+10,0,0,sd0,3.5e+10,previous,0,sd0,1,1,2012-08-27/2012-09-02,True,False,0.10955909,0.060129894,-2,-1,-0.0494292,-1,True,True
2012-08-30_912828TN0,2012-08-30,2012-08-23,912828TN0,7-Year,7-Year,False,DGS7,7,2.9e+10,2012-08-23,2012-09-07,42,2.9e+10,0,0,sd0,2.9e+10,own,0,sd0,1,1,2012-08-27/2012-09-02,True,False,0.35550781,-0.047759809,-5,1,-0.40326762,-6,True,True
2012-09-11_912828TP5,2012-09-11,2012-09-06,912828TP5,3-Year,3-Year,False,DGS3,3,3.2e+10,2012-09-04,2012-09-18,46,3.2e+10,0,0,sd0,3.2e+10,previous,0,sd0,1,1,2012-09-10/2012-09-16,True,False,-0.055392583,-0.055027648,2,2,0.00036493452,5.5511151e-15,True,True
2012-09-12_912828TJ9,2012-09-12,2012-09-06,912828TJ9,9-Year 11-Month,10-Year,True,DGS10,10,2.1e+10,2012-09-05,2012-09-19,191,2.2e+10,1.5491933e+09,-0.64549722,ok,2.4e+10,previous,1.2909944,ok,2,0.35450278,2012-09-10/2012-09-16,True,False,-1.5187751,-0.15320191,17,2,1.3655732,15,True,True
2012-09-13_912810QX9,2012-09-13,2012-09-06,912810QX9,29-Year 11-Month,30-Year,True,DGS30,30,1.3e+10,2012-09-06,2012-09-20,52,1.4e+10,1.5491933e+09,-0.64549722,ok,1.3e+10,own,-0.64549722,ok,0.35450278,0.35450278,2012-09-10/2012-09-16,True,False,-2.9115761,-0.15941095,15,1,2.7521652,14,True,True
2012-09-25_912828TQ3,2012-09-25,2012-09-20,912828TQ3,2-Year,2-Year,False,DGS2,2,3.5e+10,2012-09-18,2012-10-02,386,3.5e+10,0,0,sd0,3.5e+10,previous,0,sd0,1,1,2012-09-24/2012-09-30,True,False,-0.036774272,0.08256591,2,-4,0.11934018,6,True,True
2012-09-26_912828TS9,2012-09-26,2012-09-20,912828TS9,5-Year,5-Year,False,DGS5,5,3.5e+10,2012-09-19,2012-10-03,316,3.5e+10,0,0,sd0,3.5e+10,previous,0,sd0,1,1,2012-09-24/2012-09-30,True,False,0.35499531,0.10835169,-7,-2,-0.24664363,-5,True,True
2012-09-27_912828TR1,2012-09-27,2012-09-20,912828TR1,7-Year,7-Year,False,DGS7,7,2.9e+10,2012-09-20,2012-10-04,43,2.9e+10,0,0,sd0,2.9e+10,own,0,sd0,1,1,2012-09-24/2012-09-30,True,False,0.89520114,-0.116723,-13,2,-1.0119241,-15,True,True
2012-10-09_912828TT7,2012-10-09,2012-10-04,912828TT7,3-Year,3-Year,False,DGS3,3,3.2e+10,2012-10-01,2012-10-16,47,3.2e+10,0,0,sd0,3.2e+10,previous,0,sd0,1,1,2012-10-08/2012-10-14,True,False,-0.11413948,-0.02525096,4,1,0.088888521,3,True,True
2012-10-10_912828TJ9,2012-10-10,2012-10-04,912828TJ9,9-Year 10-Month,10-Year,True,DGS10,10,2.1e+10,2012-10-02,2012-10-17,192,2.2e+10,1.5491933e+09,-0.64549722,ok,2.1e+10,previous,-0.64549722,ok,0.35450278,0.35450278,2012-10-08/2012-10-14,True,False,-0.69706815,-0.96995189,8,11,-0.27288374,-3,True,True
2012-10-11_912810QX9,2012-10-11,2012-10-04,912810QX9,29-Year 10-Month,30-Year,True,DGS30,30,1.3e+10,2012-10-03,2012-10-18,53,1.4e+10,1.5491933e+09,-0.64549722,ok,1.3e+10,previous,-0.64549722,ok,0.35450278,0.35450278,2012-10-08/2012-10-14,True,False,-0.74935072,-3.0812601,4,16,-2.3319094,-12,True,True
2012-10-23_912828TU4,2012-10-23,2012-10-18,912828TU4,2-Year,2-Year,False,DGS2,2,3.5e+10,2012-10-16,2012-10-31,387,3.5e+10,0,0,sd0,3.5e+10,previous,0,sd0,1,1,2012-10-22/2012-10-28,True,False,-0.035931426,-0.016016057,2,1,0.019915368,1,True,True
2012-10-24_912828TW0,2012-10-24,2012-10-18,912828TW0,5-Year,5-Year,False,DGS5,5,3.5e+10,2012-10-17,2012-11-01,317,3.5e+10,0,0,sd0,3.5e+10,previous,0,sd0,1,1,2012-10-22/2012-10-28,True,False,0.11085872,0.16034031,-2,-3,0.04948159,1,True,True
2012-10-25_912828TV2,2012-10-25,2012-10-18,912828TV2,7-Year,7-Year,False,DGS7,7,2.9e+10,2012-10-18,2012-11-02,44,2.9e+10,0,0,sd0,2.9e+10,own,0,sd0,1,1,2012-10-22/2012-10-28,True,False,-0.11287683,0.82806823,2,-12,0.94094506,14,True,True
2012-11-06_912828TX8,2012-11-06,2012-10-31,912828TX8,3-Year,3-Year,False,DGS3,3,3.2e+10,2012-10-29,2012-11-14,48,3.2e+10,0,0,sd0,3.2e+10,previous,0,sd0,1,1,2012-11-05/2012-11-11,True,False,-0.023762648,0.2440058,1,-8,0.26776845,9,True,True
2012-11-07_912828TY6,2012-11-07,2012-10-31,912828TY6,10-Year,10-Year,False,DGS10,10,2.4e+10,2012-10-31,2012-11-15,193,2.2e+10,1.5491933e+09,1.2909944,ok,2.4e+10,own,1.2909944,ok,2,2,2012-11-05/2012-11-11,True,False,0.39553467,0.95577172,-4,-10,0.56023705,6,True,True
2012-11-08_912810QY7,2012-11-08,2012-10-31,912810QY7,30-Year,30-Year,False,DGS30,30,1.6e+10,2012-11-01,2012-11-16,54,1.4e+10,1.5491933e+09,1.2909944,ok,1.6e+10,own,1.2909944,ok,2,2,2012-11-05/2012-11-11,True,False,2.4882119,0.87342635,-12,-4,-1.6147856,-8,True,True
2012-11-27_912828TZ3,2012-11-27,2012-11-21,912828TZ3,2-Year,2-Year,False,DGS2,2,3.5e+10,2012-11-19,2012-12-04,388,3.5e+10,0,0,sd0,3.5e+10,previous,0,sd0,1,1,2012-11-26/2012-12-02,True,False,-0.035959085,0.042996993,2,-2,0.078956079,4,True,True
2012-11-28_912828UA6,2012-11-28,2012-11-21,912828UA6,5-Year,5-Year,False,DGS5,5,3.5e+10,2012-11-20,2012-12-05,318,3.5e+10,0,0,sd0,3.5e+10,previous,0,sd0,1,1,2012-11-26/2012-12-02,True,False,0.16008572,0.15773616,-3,-3,-0.0023495671,0,True,True
2012-11-29_912828UB4,2012-11-29,2012-11-21,912828UB4,7-Year,7-Year,False,DGS7,7,2.9e+10,2012-11-21,2012-12-06,45,2.9e+10,0,0,sd0,2.9e+10,own,0,sd0,1,1,2012-11-26/2012-12-02,True,False,0.49331971,0.28797268,-7,-4,-0.20534703,-3,True,True
2012-12-11_912828UC2,2012-12-11,2012-12-06,912828UC2,3-Year,3-Year,False,DGS3,3,3.2e+10,2012-12-04,2012-12-18,49,3.2e+10,0,0,sd0,3.2e+10,previous,0,sd0,1,1,2012-12-10/2012-12-16,True,False,0.064097971,-0.20272577,-2,7,-0.26682374,-9,True,True
2012-12-12_912828TY6,2012-12-12,2012-12-06,912828TY6,9-Year 11-Month,10-Year,True,DGS10,10,2.1e+10,2012-12-05,2012-12-19,194,2.2e+10,1.5491933e+09,-0.64549722,ok,2.4e+10,previous,1.2909944,ok,2,0.35450278,2012-12-10/2012-12-16,True,False,-1.0674957,-0.87750448,12,10,0.18999118,2,True,True
2012-12-13_912810QY7,2012-12-13,2012-12-06,912810QY7,29-Year 11-Month,30-Year,True,DGS30,30,1.3e+10,2012-12-06,2012-12-20,55,1.4e+10,1.5491933e+09,-0.64549722,ok,1.3e+10,own,-0.64549722,ok,0.35450278,0.35450278,2012-12-10/2012-12-16,True,False,-2.7335819,-1.5270717,14,8,1.2065102,6,True,True
2012-12-17_912828UD0,2012-12-17,2012-12-13,912828UD0,2-Year,2-Year,False,DGS2,2,3.5e+10,2012-12-10,2012-12-24,389,3.5e+10,0,0,sd0,3.5e+10,previous,0,sd0,1,1,2012-12-17/2012-12-23,True,False,-0.016308017,-0.015893499,1,1,0.00041451802,0,True,True
2012-12-18_912828UE8,2012-12-18,2012-12-13,912828UE8,5-Year,5-Year,False,DGS5,5,3.5e+10,2012-12-11,2012-12-26,319,3.5e+10,0,0,sd0,3.5e+10,previous,0,sd0,1,1,2012-12-17/2012-12-23,True,False,-0.67174144,0.11337317,14,-2,0.78511461,16,True,True
2012-12-19_912828UF5,2012-12-19,2012-12-13,912828UF5,7-Year,7-Year,False,DGS7,7,2.9e+10,2012-12-12,2012-12-27,46,2.9e+10,0,0,sd0,2.9e+10,previous,0,sd0,1,1,2012-12-17/2012-12-23,True,False,-0.84627791,0.62911251,13,-9,1.4753904,22,True,True
2013-01-08_912828UG3,2013-01-08,2013-01-03,912828UG3,3-Year,3-Year,False,DGS3,3,3.2e+10,2012-12-31,2013-01-15,50,3.2e+10,0,0,sd0,3.2e+10,previous,0,sd0,1,1,2013-01-07/2013-01-13,True,False,-0.052467131,0.065378191,2,-2,0.11784532,4,True,True
2013-01-09_912828TY6,2013-01-09,2013-01-03,912828TY6,9-Year 10-Month,10-Year,True,DGS10,10,2.1e+10,2013-01-02,2013-01-16,195,2.2e+10,1.5491933e+09,-0.64549722,ok,2.1e+10,previous,-0.64549722,ok,0.35450278,0.35450278,2013-01-07/2013-01-13,True,False,-0.14732482,0.39832833,2,-4,0.54565316,6,True,True
2013-01-10_912810QY7,2013-01-10,2013-01-03,912810QY7,29-Year 10-Month,30-Year,True,DGS30,30,1.3e+10,2013-01-03,2013-01-17,56,1.4e+10,1.5491933e+09,-0.64549722,ok,1.3e+10,own,-0.64549722,ok,0.35450278,0.35450278,2013-01-07/2013-01-13,True,False,0.83688444,0.44481691,-4,-2,-0.39206753,-2,True,True
2013-01-28_912828UK4,2013-01-28,2013-01-24,912828UK4,2-Year,2-Year,False,DGS2,2,3.5e+10,2013-01-18,2013-02-04,390,3.5e+10,0,0,sd0,3.5e+10,previous,0,sd0,1,1,2013-01-28/2013-02-03,True,False,-0.054659931,0.083587902,3,-4,0.13824783,7,True,True
2013-01-29_912828UJ7,2013-01-29,2013-01-24,912828UJ7,5-Year,5-Year,False,DGS5,5,3.5e+10,2013-01-22,2013-02-05,320,3.5e+10,0,0,sd0,3.5e+10,previous,0,sd0,1,1,2013-01-28/2013-02-03,True,False,-0.66768368,0.11287774,14,-2,0.78056142,16,True,True
2013-01-30_912828UL2,2013-01-30,2013-01-24,912828UL2,7-Year,7-Year,False,DGS7,7,2.9e+10,2013-01-23,2013-02-06,47,2.9e+10,0,0,sd0,2.9e+10,previous,0,sd0,1,1,2013-01-28/2013-02-03,True,False,-0.97177493,0.2910453,15,-4,1.2628202,19,True,True
2013-02-12_912828UM0,2013-02-12,2013-02-06,912828UM0,3-Year,3-Year,False,DGS3,3,3.2e+10,2013-02-05,2013-02-20,51,3.2e+10,0,0,sd0,3.2e+10,previous,0,sd0,1,1,2013-02-11/2013-02-17,True,False,0.0062006377,-0.022597315,0,1,-0.028797953,-1,True,True
2013-02-13_912828UN8,2013-02-13,2013-02-06,912828UN8,10-Year,10-Year,False,DGS10,10,2.4e+10,2013-02-06,2013-02-21,196,2.2e+10,1.5491933e+09,1.2909944,ok,2.4e+10,own,1.2909944,ok,2,2,2013-02-11/2013-02-17,True,False,-0.4132898,0.5834704,5,-6,0.9967602,11,True,True
2013-02-14_912810QZ4,2013-02-14,2013-02-06,912810QZ4,30-Year,30-Year,False,DGS30,30,1.6e+10,2013-02-07,2013-02-22,57,1.4e+10,1.5491933e+09,1.2909944,ok,1.6e+10,own,1.2909944,ok,2,2,2013-02-11/2013-02-17,True,False,0.055074934,0.45234754,0,-2,0.3972726,2,True,True
2013-02-25_912828UP3,2013-02-25,2013-02-21,912828UP3,2-Year,2-Year,False,DGS2,2,3.5e+10,2013-02-15,2013-03-04,391,3.5e+10,0,0,sd0,3.5e+10,previous,0,sd0,1,1,2013-02-25/2013-03-03,True,False,0.084000842,0.022479941,-4,-1,-0.061520901,-3,True,True
2013-02-26_912828UR9,2013-02-26,2013-02-21,912828UR9,5-Year,5-Year,False,DGS5,5,3.5e+10,2013-02-19,2013-03-05,321,3.5e+10,0,0,sd0,3.5e+10,previous,0,sd0,1,1,2013-02-25/2013-03-03,True,False,0.55203719,0.061370022,-11,-1,-0.49066717,-10,True,True
2013-02-27_912828UQ1,2013-02-27,2013-02-21,912828UQ1,7-Year,7-Year,False,DGS7,7,2.9e+10,2013-02-20,2013-03-06,48,2.9e+10,0,0,sd0,2.9e+10,previous,0,sd0,1,1,2013-02-25/2013-03-03,True,False,0.68974779,-0.17829653,-10,3,-0.86804432,-13,True,True
2013-03-12_912828US7,2013-03-12,2013-03-07,912828US7,3-Year,3-Year,False,DGS3,3,3.2e+10,2013-03-05,2013-03-19,52,3.2e+10,0,0,sd0,3.2e+10,previous,0,sd0,1,1,2013-03-11/2013-03-17,True,False,-0.14285038,0.12504654,5,-4,0.26789691,9,True,True
2013-03-13_912828UN8,2013-03-13,2013-03-07,912828UN8,9-Year 11-Month,10-Year,True,DGS10,10,2.1e+10,2013-03-06,2013-03-20,197,2.2e+10,1.5491933e+09,-0.64549722,ok,2.4e+10,previous,1.2909944,ok,2,0.35450278,2013-03-11/2013-03-17,True,False,-0.77350088,0.75951184,9,-8,1.5330127,17,True,True
2013-03-14_912810QZ4,2013-03-14,2013-03-07,912810QZ4,29-Year 11-Month,30-Year,True,DGS30,30,1.3e+10,2013-03-07,2013-03-21,58,1.4e+10,1.5491933e+09,-0.64549722,ok,1.3e+10,own,-0.64549722,ok,0.35450278,0.35450278,2013-03-11/2013-03-17,True,False,-0.89587944,1.9913466,5,-10,2.8872261,15,True,True
2013-03-26_912828UT5,2013-03-26,2013-03-21,912828UT5,2-Year,2-Year,False,DGS2,2,3.5e+10,2013-03-19,2013-04-03,392,3.5e+10,0,0,sd0,3.5e+10,previous,0,sd0,1,1,2013-03-25/2013-03-31,True,False,-0.016496518,0.023548699,1,-1,0.040045217,2,True,True
2013-03-27_912828UU2,2013-03-27,2013-03-21,912828UU2,5-Year,5-Year,False,DGS5,5,3.5e+10,2013-03-20,2013-04-04,322,3.5e+10,0,0,sd0,3.5e+10,previous,0,sd0,1,1,2013-03-25/2013-03-31,True,False,0.25879618,0.35835924,-5,-7,0.099563063,2,True,True
2013-03-28_912828UV0,2013-03-28,2013-03-21,912828UV0,7-Year,7-Year,False,DGS7,7,2.9e+10,2013-03-21,2013-04-05,49,2.9e+10,0,0,sd0,2.9e+10,own,0,sd0,1,1,2013-03-25/2013-03-31,True,False,0.4240064,0.83142972,-6,-12,0.40742332,6,True,True
2013-04-09_912828UW8,2013-04-09,2013-04-04,912828UW8,3-Year,3-Year,False,DGS3,3,3.2e+10,2013-04-02,2013-04-16,53,3.2e+10,0,0,sd0,3.2e+10,previous,0,sd0,1,1,2013-04-08/2013-04-14,True,False,0.064789375,0.034983741,-2,-1,-0.029805634,-1,True,True
2013-04-10_912828UN8,2013-04-10,2013-04-04,912828UN8,9-Year 10-Month,10-Year,True,DGS10,10,2.1e+10,2013-04-03,2013-04-17,198,2.2e+10,1.5491933e+09,-0.64549722,ok,2.1e+10,previous,-0.64549722,ok,0.35450278,0.35450278,2013-04-08/2013-04-14,True,False,-0.060599292,1.0394126,1,-11,1.1000119,12,True,True
2013-04-11_912810QZ4,2013-04-11,2013-04-04,912810QZ4,29-Year 10-Month,30-Year,True,DGS30,30,1.3e+10,2013-04-04,2013-04-18,59,1.4e+10,1.5491933e+09,-0.64549722,ok,1.3e+10,own,-0.64549722,ok,0.35450278,0.35450278,2013-04-08/2013-04-14,True,False,-0.35355175,2.8643653,2,-14,3.2179171,16,True,True
2013-04-23_912828UY4,2013-04-23,2013-04-18,912828UY4,2-Year,2-Year,False,DGS2,2,3.5e+10,2013-04-16,2013-04-30,393,3.5e+10,0,0,sd0,3.5e+10,previous,0,sd0,1,1,2013-04-22/2013-04-28,True,False,0.02350238,0.023061153,-1,-1,-0.00044122759,2.7755576e-15,True,True
2013-04-24_912828UZ1,2013-04-24,2013-04-18,912828UZ1,5-Year,5-Year,False,DGS5,5,3.5e+10,2013-04-17,2013-05-01,323,3.5e+10,0,0,sd0,3.5e+10,previous,0,sd0,1,1,2013-04-22/2013-04-28,True,False,0.061550292,0.25768431,-1,-5,0.19613402,4,True,True
2013-04-25_912828VA5,2013-04-25,2013-04-18,912828VA5,7-Year,7-Year,False,DGS7,7,2.9e+10,2013-04-18,2013-05-02,50,2.9e+10,0,0,sd0,2.9e+10,own,0,sd0,1,1,2013-04-22/2013-04-28,True,False,-0.11347651,0.55840695,2,-8,0.67188345,10,True,True
2013-05-07_912828VC1,2013-05-07,2013-05-01,912828VC1,3-Year,3-Year,False,DGS3,3,3.2e+10,2013-04-30,2013-05-14,54,3.2e+10,0,0,sd0,3.2e+10,previous,0,sd0,1,1,2013-05-06/2013-05-12,True,False,-0.084113657,-0.17211882,3,6,-0.088005158,-3,True,True
2013-05-08_912828VB3,2013-05-08,2013-05-01,912828VB3,10-Year,10-Year,False,DGS10,10,2.4e+10,2013-05-01,2013-05-15,199,2.2e+10,1.5491933e+09,1.2909944,ok,2.4e+10,own,1.2909944,ok,2,2,2013-05-06/2013-05-12,True,False,-1.3324849,-1.1401246,15,13,0.19236028,2,True,True
2013-05-09_912810RB6,2013-05-09,2013-05-01,912810RB6,30-Year,30-Year,False,DGS30,30,1.6e+10,2013-05-02,2013-05-16,60,1.4e+10,1.5491933e+09,1.2909944,ok,1.6e+10,own,1.2909944,ok,2,2,2013-05-06/2013-05-12,True,False,-3.6721717,-1.5051245,19,8,2.1670472,11,True,True
2013-05-28_912828VD9,2013-05-28,2013-05-23,912828VD9,2-Year,2-Year,False,DGS2,2,3.5e+10,2013-05-20,2013-06-04,394,3.5e+10,0,0,sd0,3.5e+10,previous,0,sd0,1,1,2013-05-27/2013-06-02,True,False,-0.054694772,-0.054780398,3,3,-8.5625853e-05,-5.3290705e-15,True,True
2013-05-29_912828VE7,2013-05-29,2013-05-23,912828VE7,5-Year,5-Year,False,DGS5,5,3.5e+10,2013-05-21,2013-06-05,324,3.5e+10,0,0,sd0,3.5e+10,previous,0,sd0,1,1,2013-05-27/2013-06-02,True,False,-0.85431938,0.018732784,18,0,0.87305216,18,True,True
2013-05-30_912828VF4,2013-05-30,2013-05-23,912828VF4,7-Year,7-Year,False,DGS7,7,2.9e+10,2013-05-22,2013-06-06,51,2.9e+10,0,0,sd0,2.9e+10,previous,0,sd0,1,1,2013-05-27/2013-06-02,True,False,-0.69750925,0.16053085,11,-2,0.8580401,13,True,True
2013-06-11_912828VG2,2013-06-11,2013-06-06,912828VG2,3-Year,3-Year,False,DGS3,3,3.2e+10,2013-06-04,2013-06-18,55,3.2e+10,0,0,sd0,3.2e+10,previous,0,sd0,1,1,2013-06-10/2013-06-16,True,False,-0.25798297,0.27662626,9,-9,0.53460923,18,True,True
2013-06-12_912828VB3,2013-06-12,2013-06-06,912828VB3,9-Year 11-Month,10-Year,True,DGS10,10,2.1e+10,2013-06-05,2013-06-19,200,2.2e+10,1.5491933e+09,-0.64549722,ok,2.4e+10,previous,1.2909944,ok,2,0.35450278,2013-06-10/2013-06-16,True,False,-1.2945991,-0.67251004,15,8,0.62208906,7,True,True
2013-06-13_912810RB6,2013-06-13,2013-06-06,912810RB6,29-Year 11-Month,30-Year,True,DGS30,30,1.3e+10,2013-06-06,2013-06-20,61,1.4e+10,1.5491933e+09,-0.64549722,ok,1.3e+10,own,-0.64549722,ok,0.35450278,0.35450278,2013-06-10/2013-06-16,True,False,-1.8292682,-2.8958336,10,16,-1.0665654,-6,True,True
2013-06-25_912828VH0,2013-06-25,2013-06-20,912828VH0,2-Year,2-Year,False,DGS2,2,3.5e+10,2013-06-18,2013-07-02,395,3.5e+10,0,0,sd0,3.5e+10,previous,0,sd0,1,1,2013-06-24/2013-06-30,True,False,-0.31173405,0.18511702,16,-9,0.49685106,25,True,True
2013-06-26_912828VK3,2013-06-26,2013-06-20,912828VK3,5-Year,5-Year,False,DGS5,5,3.5e+10,2013-06-19,2013-07-03,325,3.5e+10,0,0,sd0,3.5e+10,previous,0,sd0,1,1,2013-06-24/2013-06-30,True,False,-0.98188956,0.16978831,21,-3,1.1516779,24,True,True
2013-06-27_912828VJ6,2013-06-27,2013-06-20,912828VJ6,7-Year,7-Year,False,DGS7,7,2.9e+10,2013-06-20,2013-07-05,52,2.9e+10,0,0,sd0,2.9e+10,own,0,sd0,1,1,2013-06-24/2013-06-30,True,False,-0.42168191,-1.7638468,7,28,-1.3421649,-21,True,True
2013-07-09_912828VL1,2013-07-09,2013-07-03,912828VL1,3-Year,3-Year,False,DGS3,3,3.2e+10,2013-07-01,2013-07-16,56,3.2e+10,0,0,sd0,3.2e+10,previous,0,sd0,1,1,2013-07-08/2013-07-14,True,False,-0.16337908,0.2196291,6,-7,0.38300818,13,True,True
2013-07-10_912828VB3,2013-07-10,2013-07-03,912828VB3,9-Year 10-Month,10-Year,True,DGS10,10,2.1e+10,2013-07-02,2013-07-17,201,2.2e+10,1.5491933e+09,-0.64549722,ok,2.1e+10,previous,-0.64549722,ok,0.35450278,0.35450278,2013-07-08/2013-07-14,True,False,-1.8618175,1.6346148,22,-18,3.4964323,40,True,True
2013-07-11_912810RB6,2013-07-11,2013-07-03,912810RB6,29-Year 10-Month,30-Year,True,DGS30,30,1.3e+10,2013-07-03,2013-07-18,62,1.4e+10,1.5491933e+09,-0.64549722,ok,1.3e+10,own,-0.64549722,ok,0.35450278,0.35450278,2013-07-08/2013-07-14,True,False,-2.6583367,0.24696196,15,-1,2.9052987,16,True,True
2013-07-23_912828VN7,2013-07-23,2013-07-18,912828VN7,2-Year,2-Year,False,DGS2,2,3.5e+10,2013-07-16,2013-07-30,396,3.5e+10,0,0,sd0,3.5e+10,previous,0,sd0,1,1,2013-07-22/2013-07-28,True,False,0.025472802,0.0057409129,-1,0,-0.019731889,-1,True,True
2013-07-24_912828VQ0,2013-07-24,2013-07-18,912828VQ0,5-Year,5-Year,False,DGS5,5,3.5e+10,2013-07-17,2013-07-31,326,3.5e+10,0,0,sd0,3.5e+10,previous,0,sd0,1,1,2013-07-22/2013-07-28,True,False,-0.31213118,0.12197531,7,-2,0.43410649,9,True,True
2013-07-25_912828VP2,2013-07-25,2013-07-18,912828VP2,7-Year,7-Year,False,DGS7,7,2.9e+10,2013-07-18,2013-08-01,53,2.9e+10,0,0,sd0,2.9e+10,own,0,sd0,1,1,2013-07-22/2013-07-28,True,False,-0.28955301,-0.93252467,5,15,-0.64297166,-10,True,True
2013-08-06_912828VR8,2013-08-06,2013-07-31,912828VR8,3-Year,3-Year,False,DGS3,3,3.2e+10,2013-07-30,2013-08-13,57,3.2e+10,0,0,sd0,3.2e+10,previous,0,sd0,1,1,2013-08-05/2013-08-11,True,False,0.010863029,-0.16690533,0,6,-0.17776836,-6,True,True
2013-08-07_912828VS6,2013-08-07,2013-07-31,912828VS6,10-Year,10-Year,False,DGS10,10,2.4e+10,2013-07-31,2013-08-14,202,2.2e+10,1.5491933e+09,1.2909944,ok,2.4e+10,own,1.2909944,ok,2,2,2013-08-05/2013-08-11,True,False,-0.043601237,-0.82260568,1,10,-0.77900444,-9,True,True
2013-08-08_912810RC4,2013-08-08,2013-07-31,912810RC4,30-Year,30-Year,False,DGS30,30,1.6e+10,2013-08-01,2013-08-15,63,1.4e+10,1.5491933e+09,1.2909944,ok,1.6e+10,own,1.2909944,ok,2,2,2013-08-05/2013-08-11,True,False,2.2495939,-2.7716891,-12,16,-5.0212829,-28,True,True
2013-08-27_912828VU1,2013-08-27,2013-08-22,912828VU1,2-Year,2-Year,False,DGS2,2,3.4e+10,2013-08-20,2013-09-04,397,3.5e+10,0,-3,sd0,3.5e+10,previous,0,sd0,1,0,2013-08-26/2013-09-01,True,False,-0.032802238,-0.15053472,2,8,-0.11773248,-6,True,True
2013-08-28_912828RE2,2013-08-28,2013-08-22,912828RE2,5-Year,7-Year,True,DGS7,7,3.5e+10,2013-08-21,2013-09-05,54,2.9e+10,0,3,sd0,2.9e+10,previous,0,sd0,1,2,2013-08-26/2013-09-01,True,False,0.55705636,-1.4190193,-8,23,-1.9760756,-31,True,True
2013-08-29_912828VV9,2013-08-29,2013-08-22,912828VV9,7-Year,7-Year,False,DGS7,7,2.9e+10,2013-08-22,2013-09-06,55,3e+10,2.4494897e+09,-0.40824829,ok,2.9e+10,own,-0.40824829,ok,0.59175171,0.59175171,2013-08-26/2013-09-01,True,False,0.94583864,-1.1036431,-14,18,-2.0494817,-32,True,True
2013-09-10_912828VW7,2013-09-10,2013-09-05,912828VW7,3-Year,3-Year,False,DGS3,3,3.1e+10,2013-09-03,2013-09-17,58,3.2e+10,0,-3,sd0,3.2e+10,previous,0,sd0,1,0,2013-09-09/2013-09-15,True,False,-0.24908301,0.4302038,9,-14,0.67928681,23,True,True
2013-09-11_912828VS6,2013-09-11,2013-09-05,912828VS6,9-Year 11-Month,10-Year,True,DGS10,10,2.1e+10,2013-09-04,2013-09-18,203,2.2e+10,1.5491933e+09,-0.64549722,ok,2.4e+10,previous,1.2909944,ok,2,0.35450278,2013-09-09/2013-09-15,True,False,-0.20523399,2.1518366,3,-24,2.3570706,27,True,True
2013-09-12_912810RC4,2013-09-12,2013-09-05,912810RC4,29-Year 11-Month,30-Year,True,DGS30,30,1.3e+10,2013-09-05,2013-09-19,64,1.4e+10,1.5491933e+09,-0.64549722,ok,1.3e+10,own,-0.64549722,ok,0.35450278,0.35450278,2013-09-09/2013-09-15,True,False,0.60296448,0.95874915,-3,-5,0.35578467,2,True,True
2013-09-24_912828VY3,2013-09-24,2013-09-19,912828VY3,2-Year,2-Year,False,DGS2,2,3.3e+10,2013-09-17,2013-10-01,398,3.4833333e+10,4.0824829e+08,-3,clipped,3.4e+10,previous,-2.0412415,ok,0,0,2013-09-23/2013-09-29,True,False,0.086054403,0.045968356,-4,-2,-0.040086047,-2,True,True
2013-09-25_912828RH5,2013-09-25,2013-09-19,912828RH5,5-Year,7-Year,True,DGS7,7,3.5e+10,2013-09-18,2013-10-02,56,3e+10,2.4494897e+09,2.0412415,ok,2.9e+10,previous,-0.40824829,ok,0.59175171,2,2013-09-23/2013-09-29,True,False,0.29878181,0.037978962,-4,0,-0.26080285,-4,True,True
2013-09-26_912828VZ0,2013-09-26,2013-09-19,912828VZ0,7-Year,7-Year,False,DGS7,7,2.9e+10,2013-09-19,2013-10-03,57,3.1e+10,3.0983867e+09,-0.64549722,ok,2.9e+10,own,-0.64549722,ok,0.35450278,0.35450278,2013-09-23/2013-09-29,True,False,0.55875215,0.42866504,-8,-6,-0.1300871,-2,True,True
2013-10-08_912828WA4,2013-10-08,2013-10-03,912828WA4,3-Year,3-Year,False,DGS3,3,3e+10,2013-10-01,2013-10-16,59,3.1833333e+10,4.0824829e+08,-3,clipped,3.1e+10,previous,-2.0412415,ok,0,0,2013-10-07/2013-10-13,True,False,-0.10665409,0.19108362,4,-6,0.29773771,10,True,True
2013-10-09_912828VS6,2013-10-09,2013-10-03,912828VS6,9-Year 10-Month,10-Year,True,DGS10,10,2.1e+10,2013-10-02,2013-10-17,204,2.2e+10,1.5491933e+09,-0.64549722,ok,2.1e+10,previous,-0.64549722,ok,0.35450278,0.35450278,2013-10-07/2013-10-13,True,False,-0.38629617,0.66884078,5,-7,1.055137,12,True,True
2013-10-10_912810RC4,2013-10-10,2013-10-03,912810RC4,29-Year 10-Month,30-Year,True,DGS30,30,1.3e+10,2013-10-03,2013-10-18,65,1.4e+10,1.5491933e+09,-0.64549722,ok,1.3e+10,own,-0.64549722,ok,0.35450278,0.35450278,2013-10-07/2013-10-13,True,False,-0.64780835,1.895439,4,-10,2.5432473,14,True,True
2013-10-28_912828WB2,2013-10-28,2013-10-24,912828WB2,2-Year,2-Year,False,DGS2,2,3.2e+10,2013-10-21,2013-11-04,399,3.45e+10,8.3666003e+08,-2.9880715,ok,3.3e+10,previous,-1.7928429,ok,0,0,2013-10-28/2013-11-03,True,False,0.02528058,0.0053548061,-1,0,-0.019925774,-1,True,True
2013-10-29_912828WD8,2013-10-29,2013-10-24,912828WD8,5-Year,5-Year,False,DGS5,5,3.5e+10,2013-10-22,2013-11-05,327,3.5e+10,0,0,sd0,3.5e+10,previous,0,sd0,1,1,2013-10-28/2013-11-03,True,False,0.072444289,-0.45625107,-1,10,-0.52869536,-11,True,True
2013-10-30_912828WC0,2013-10-30,2013-10-24,912828WC0,7-Year,7-Year,False,DGS7,7,2.9e+10,2013-10-23,2013-11-06,58,3.1e+10,3.0983867e+09,-0.64549722,ok,2.9e+10,previous,-0.64549722,ok,0.35450278,0.35450278,2013-10-28/2013-11-03,True,False,-0.15996651,-0.54766082,3,9,-0.38769432,-6,True,True
2013-11-12_912828WF3,2013-11-12,2013-11-06,912828WF3,3-Year,3-Year,False,DGS3,3,3e+10,2013-11-04,2013-11-19,60,3.15e+10,8.3666003e+08,-1.7928429,ok,3e+10,previous,-1.7928429,ok,0,0,2013-11-11/2013-11-17,True,False,-0.13607559,0.21730735,5,-7,0.35338293,12,True,True
2013-11-13_912828WE6,2013-11-13,2013-11-06,912828WE6,10-Year,10-Year,False,DGS10,10,2.4e+10,2013-11-05,2013-11-20,205,2.2e+10,1.5491933e+09,1.2909944,ok,2.1e+10,previous,-0.64549722,ok,0.35450278,2,2013-11-11/2013-11-17,True,False,-0.46661588,-0.3858333,6,5,0.080782582,1,True,True
2013-11-14_912810RD2,2013-11-14,2013-11-06,912810RD2,30-Year,30-Year,False,DGS30,30,1.6e+10,2013-11-06,2013-11-21,66,1.4e+10,1.5491933e+09,1.2909944,ok,1.6e+10,own,1.2909944,ok,2,2,2013-11-11/2013-11-17,True,False,-0.28668034,-1.6934711,2,10,-1.4067908,-8,True,True
2013-11-25_912828A26,2013-11-25,2013-11-21,912828A26,2-Year,2-Year,False,DGS2,2,3.2e+10,2013-11-18,2013-12-03,400,3.4e+10,1.2649111e+09,-1.5811388,ok,3.2e+10,previous,-1.5811388,ok,0,0,2013-11-25/2013-12-01,True,False,0.024133924,0.044757471,-1,-2,0.020623547,1,True,True
2013-11-26_912828A34,2013-11-26,2013-11-21,912828A34,5-Year,5-Year,False,DGS5,5,3.5e+10,2013-11-19,2013-12-04,328,3.5e+10,0,0,sd0,3.5e+10,previous,0,sd0,1,1,2013-11-25/2013-12-01,True,False,0.16938601,-0.4992922,-3,11,-0.66867821,-14,True,True
2013-11-27_912828A42,2013-11-27,2013-11-21,912828A42,7-Year,7-Year,False,DGS7,7,2.9e+10,2013-11-20,2013-12-05,59,3.1e+10,3.0983867e+09,-0.64549722,ok,2.9e+10,previous,-0.64549722,ok,0.35450278,0.35450278,2013-11-25/2013-12-01,True,False,0.36263211,-0.92086561,-5,15,-1.2834977,-20,True,True
2013-12-10_912828A59,2013-12-10,2013-12-05,912828A59,3-Year,3-Year,False,DGS3,3,3e+10,2013-12-03,2013-12-17,61,3.1166667e+10,9.8319208e+08,-1.1866111,ok,3e+10,previous,-1.1866111,ok,0,0,2013-12-09/2013-12-15,True,False,-0.10789429,-0.077596696,4,3,0.030297591,1,True,True
2013-12-11_912828WE6,2013-12-11,2013-12-05,912828WE6,9-Year 11-Month,10-Year,True,DGS10,10,2.1e+10,2013-12-04,2013-12-18,206,2.2e+10,1.5491933e+09,-0.64549722,ok,2.4e+10,previous,1.2909944,ok,2,0.35450278,2013-12-09/2013-12-15,True,False,-0.12078284,-0.20604738,2,3,-0.085264541,-1,True,True
2013-12-12_912810RD2,2013-12-12,2013-12-05,912810RD2,29-Year 11-Month,30-Year,True,DGS30,30,1.3e+10,2013-12-05,2013-12-19,67,1.4e+10,1.5491933e+09,-0.64549722,ok,1.3e+10,own,-0.64549722,ok,0.35450278,0.35450278,2013-12-09/2013-12-15,True,False,0.24521439,0.071626443,-1,0,-0.17358794,-1,True,True
2013-12-17_912828A67,2013-12-17,2013-12-12,912828A67,2-Year,2-Year,False,DGS2,2,3.2e+10,2013-12-10,2013-12-24,401,3.35e+10,1.3784049e+09,-1.0882144,ok,3.2e+10,previous,-1.0882144,ok,0,0,2013-12-16/2013-12-22,True,False,-0.074570342,-0.073935396,4,4,0.00063494632,5.3290705e-15,True,True
2013-12-18_912828A75,2013-12-18,2013-12-12,912828A75,5-Year,5-Year,False,DGS5,5,3.5e+10,2013-12-11,2013-12-26,329,3.5e+10,0,0,sd0,3.5e+10,previous,0,sd0,1,1,2013-12-16/2013-12-22,True,False,-0.21163284,-0.86968362,5,19,-0.65805078,-14,True,True
2013-12-19_912828A83,2013-12-19,2013-12-12,912828A83,7-Year,7-Year,False,DGS7,7,2.9e+10,2013-12-12,2013-12-27,60,3.1e+10,3.0983867e+09,-0.64549722,ok,2.9e+10,own,-0.64549722,ok,0.35450278,0.35450278,2013-12-16/2013-12-22,True,False,-0.53647095,-0.52528461,9,9,0.011186335,4.4408921e-14,True,True
2014-01-07_912828A91,2014-01-07,2014-01-02,912828A91,3-Year,3-Year,False,DGS3,3,3e+10,2013-12-30,2014-01-14,62,3.0833333e+10,9.8319208e+08,-0.84757938,ok,3e+10,previous,-0.84757938,ok,0.15242062,0.15242062,2014-01-06/2014-01-12,True,False,-0.073218564,0.073114407,3,-2,0.14633297,5,True,True
2014-01-08_912828WE6,2014-01-08,2014-01-02,912828WE6,9-Year 10-Month,10-Year,True,DGS10,10,2.1e+10,2013-12-31,2014-01-15,207,2.2e+10,1.5491933e+09,-0.64549722,ok,2.1e+10,previous,-0.64549722,ok,0.35450278,0.35450278,2014-01-06/2014-01-12,True,False,0.32051664,1.0032325,-3,-11,0.68271587,8,True,True
2014-01-09_912810RD2,2014-01-09,2014-01-02,912810RD2,29-Year 10-Month,30-Year,True,DGS30,30,1.3e+10,2014-01-02,2014-01-16,68,1.4e+10,1.5491933e+09,-0.64549722,ok,1.3e+10,own,-0.64549722,ok,0.35450278,0.35450278,2014-01-06/2014-01-12,True,False,0.77858232,2.0397877,-4,-11,1.2612054,7,True,True
2014-01-28_912828B41,2014-01-28,2014-01-23,912828B41,2-Year,2-Year,False,DGS2,2,3.2e+10,2014-01-21,2014-02-04,402,3.3e+10,1.2649111e+09,-0.79056942,ok,3.2e+10,previous,-0.79056942,ok,0.20943058,0.20943058,2014-01-27/2014-02-02,True,False,0.04635081,0.1450968,-2,-7,0.098745988,5,True,True
2014-01-30_912828B33,2014-01-30,2014-01-23,912828B33,5-Year,5-Year,False,DGS5,5,3.5e+10,2014-01-23,2014-02-06,330,3.5e+10,0,0,sd0,3.5e+10,own,0,sd0,1,1,2014-01-27/2014-02-02,True,False,0.36483147,0.17095177,-7,-3,-0.19387971,-4,True,True
2014-01-30_912828B58,2014-01-30,2014-01-23,912828B58,7-Year,7-Year,False,DGS7,7,2.9e+10,2014-01-23,2014-02-06,61,3e+10,2.4494897e+09,-0.40824829,ok,2.9e+10,own,-0.40824829,ok,0.59175171,0.59175171,2014-01-27/2014-02-02,True,False,0.36366031,0.16777896,-5,-2,-0.19588135,-3,True,True
2014-02-11_912828B74,2014-02-11,2014-02-05,912828B74,3-Year,3-Year,False,DGS3,3,3e+10,2014-02-04,2014-02-19,63,3.05e+10,8.3666003e+08,-0.5976143,ok,3e+10,previous,-0.5976143,ok,0.4023857,0.4023857,2014-02-10/2014-02-16,True,False,-0.16636122,0.073600835,6,-2,0.23996206,8,True,True
2014-02-12_912828B66,2014-02-12,2014-02-05,912828B66,10-Year,10-Year,False,DGS10,10,2.4e+10,2014-02-05,2014-02-20,208,2.2e+10,1.5491933e+09,1.2909944,ok,2.4e+10,own,1.2909944,ok,2,2,2014-02-10/2014-02-16,True,False,-0.81621987,0.4052269,10,-4,1.2214468,14,True,True
2014-02-13_912810RE0,2014-02-13,2014-02-05,912810RE0,30-Year,30-Year,False,DGS30,30,1.6e+10,2014-02-06,2014-02-21,69,1.4e+10,1.5491933e+09,1.2909944,ok,1.6e+10,own,1.2909944,ok,2,2,2014-02-10/2014-02-16,True,False,-0.47332276,0.25860264,3,-1,0.73192541,4,True,True
2014-02-25_912828B82,2014-02-25,2014-02-20,912828B82,2-Year,2-Year,False,DGS2,2,3.2e+10,2014-02-18,2014-03-04,403,3.25e+10,8.3666003e+08,-0.5976143,ok,3.2e+10,previous,-0.5976143,ok,0.4023857,0.4023857,2014-02-24/2014-03-02,True,False,-0.05419476,0.025227628,3,-1,0.079422387,4,True,True
2014-02-26_912828C24,2014-02-26,2014-02-20,912828C24,5-Year,5-Year,False,DGS5,5,3.5e+10,2014-02-19,2014-03-05,331,3.5e+10,0,0,sd0,3.5e+10,previous,0,sd0,1,1,2014-02-24/2014-03-02,True,False,0.17254768,-0.16460674,-3,4,-0.33715442,-7,True,True
2014-02-27_912828B90,2014-02-27,2014-02-20,912828B90,7-Year,7-Year,False,DGS7,7,2.9e+10,2014-02-20,2014-03-06,62,3e+10,2.4494897e+09,-0.40824829,ok,2.9e+10,own,-0.40824829,ok,0.59175171,0.59175171,2014-02-24/2014-03-02,True,False,0.62390974,-0.54229214,-9,9,-1.1662019,-18,True,True
2014-03-11_912828C32,2014-03-11,2014-03-06,912828C32,3-Year,3-Year,False,DGS3,3,3e+10,2014-03-04,2014-03-18,64,3.0166667e+10,4.0824829e+08,-0.40824829,ok,3e+10,previous,-0.40824829,ok,0.59175171,0.59175171,2014-03-10/2014-03-16,True,False,-0.22303483,0.13199357,8,-4,0.3550284,12,True,True
2014-03-12_912828B66,2014-03-12,2014-03-06,912828B66,9-Year 11-Month,10-Year,True,DGS10,10,2.1e+10,2014-03-05,2014-03-19,209,2.2e+10,1.5491933e+09,-0.64549722,ok,2.4e+10,previous,1.2909944,ok,2,0.35450278,2014-03-10/2014-03-16,True,False,-0.2104031,-0.38625694,3,5,-0.17585384,-2,True,True
2014-03-13_912810RE0,2014-03-13,2014-03-06,912810RE0,29-Year 11-Month,30-Year,True,DGS30,30,1.3e+10,2014-03-06,2014-03-20,70,1.4e+10,1.5491933e+09,-0.64549722,ok,1.3e+10,own,-0.64549722,ok,0.35450278,0.35450278,2014-03-10/2014-03-16,True,False,1.529792,-1.1988072,-8,7,-2.7285993,-15,True,True
2014-03-25_912828C40,2014-03-25,2014-03-20,912828C40,2-Year,2-Year,False,DGS2,2,3.2e+10,2014-03-18,2014-04-01,404,3.2166667e+10,4.0824829e+08,-0.40824829,ok,3.2e+10,previous,-0.40824829,ok,0.59175171,0.59175171,2014-03-24/2014-03-30,True,False,-0.21096632,0.067341287,11,-3,0.2783076,14,True,True
2014-03-26_912828C65,2014-03-26,2014-03-20,912828C65,5-Year,5-Year,False,DGS5,5,3.5e+10,2014-03-19,2014-04-02,332,3.5e+10,0,0,sd0,3.5e+10,previous,0,sd0,1,1,2014-03-24/2014-03-30,True,False,0.27081852,-0.44366097,-5,10,-0.71447949,-15,True,True
2014-03-27_912828C57,2014-03-27,2014-03-20,912828C57,7-Year,7-Year,False,DGS7,7,2.9e+10,2014-03-20,2014-04-03,63,2.9e+10,0,0,sd0,2.9e+10,own,0,sd0,1,1,2014-03-24/2014-03-30,True,False,0.36486159,-0.72564685,-5,12,-1.0905084,-17,True,True
2014-04-08_912828C73,2014-04-08,2014-04-03,912828C73,3-Year,3-Year,False,DGS3,3,3e+10,2014-04-01,2014-04-15,65,3e+10,0,0,sd0,3e+10,previous,0,sd0,1,1,2014-04-07/2014-04-13,True,False,0.10516272,0.13325065,-3,-4,0.02808793,1,True,True
2014-04-09_912828B66,2014-04-09,2014-04-03,912828B66,9-Year 10-Month,10-Year,True,DGS10,10,2.1e+10,2014-04-02,2014-04-16,210,2.2e+10,1.5491933e+09,-0.64549722,ok,2.1e+10,previous,-0.64549722,ok,0.35450278,0.35450278,2014-04-07/2014-04-13,True,False,1.010832,0.57380253,-11,-6,-0.43702942,-5,True,True
2014-04-10_912810RE0,2014-04-10,2014-04-03,912810RE0,29-Year 10-Month,30-Year,True,DGS30,30,1.3e+10,2014-04-03,2014-04-17,71,1.4e+10,1.5491933e+09,-0.64549722,ok,1.3e+10,own,-0.64549722,ok,0.35450278,0.35450278,2014-04-07/2014-04-13,True,False,1.9142886,0.061477559,-10,0,-1.852811,-10,True,True
2014-04-22_912828C81,2014-04-22,2014-04-17,912828C81,2-Year,2-Year,False,DGS2,2,3.2e+10,2014-04-14,2014-04-29,405,3.2e+10,0,0,sd0,3.2e+10,previous,0,sd0,1,1,2014-04-21/2014-04-27,True,False,-0.15071806,0.027743302,8,-1,0.17846136,9,True,True
2014-04-23_912828D23,2014-04-23,2014-04-17,912828D23,5-Year,5-Year,False,DGS5,5,3.5e+10,2014-04-15,2014-04-30,333,3.5e+10,0,0,sd0,3.5e+10,previous,0,sd0,1,1,2014-04-21/2014-04-27,True,False,-0.44005596,0.22348693,10,-4,0.66354289,14,True,True
2014-04-24_912828WG1,2014-04-24,2014-04-17,912828WG1,7-Year,7-Year,False,DGS7,7,2.9e+10,2014-04-16,2014-05-01,64,2.9e+10,0,0,sd0,2.9e+10,previous,0,sd0,1,1,2014-04-21/2014-04-27,True,False,-0.52985641,0.62420949,9,-9,1.1540659,18,True,True
2014-05-06_912828WH9,2014-05-06,2014-04-30,912828WH9,3-Year,3-Year,False,DGS3,3,2.9e+10,2014-04-29,2014-05-13,66,3e+10,0,-3,sd0,3e+10,previous,0,sd0,1,0,2014-05-05/2014-05-11,True,False,-0.012988306,0.25260697,1,-8,0.26559527,9,True,True
2014-05-07_912828WJ5,2014-05-07,2014-04-30,912828WJ5,10-Year,10-Year,False,DGS10,10,2.4e+10,2014-04-30,2014-05-14,211,2.2e+10,1.5491933e+09,1.2909944,ok,2.4e+10,own,1.2909944,ok,2,2,2014-05-05/2014-05-11,True,False,0.48681381,0.75186606,-5,-8,0.26505226,3,True,True
2014-05-08_912810RG5,2014-05-08,2014-04-30,912810RG5,30-Year,30-Year,False,DGS30,30,1.6e+10,2014-05-01,2014-05-15,72,1.4e+10,1.5491933e+09,1.2909944,ok,1.6e+10,own,1.2909944,ok,2,2,2014-05-05/2014-05-11,True,False,-0.6832265,2.3343693,4,-12,3.0175958,16,True,True
2014-05-27_912828WM8,2014-05-27,2014-05-22,912828WM8,2-Year,2-Year,False,DGS2,2,3.1e+10,2014-05-19,2014-06-03,406,3.2e+10,0,-3,sd0,3.2e+10,previous,0,sd0,1,0,2014-05-26/2014-06-01,True,False,-0.052241509,-0.033208732,3,2,0.019032777,1,True,True
2014-05-28_912828WL0,2014-05-28,2014-05-22,912828WL0,5-Year,5-Year,False,DGS5,5,3.5e+10,2014-05-20,2014-06-04,334,3.5e+10,0,0,sd0,3.5e+10,previous,0,sd0,1,1,2014-05-26/2014-06-01,True,False,0.17689256,-0.68680558,-3,15,-0.86369814,-18,True,True
2014-05-29_912828WN6,2014-05-29,2014-05-22,912828WN6,7-Year,7-Year,False,DGS7,7,2.9e+10,2014-05-21,2014-06-05,65,2.9e+10,0,0,sd0,2.9e+10,previous,0,sd0,1,1,2014-05-26/2014-06-01,True,False,0.36883683,-0.8640485,-5,14,-1.2328853,-19,True,True
2014-06-10_912828WP1,2014-06-10,2014-06-05,912828WP1,3-Year,3-Year,False,DGS3,3,2.8e+10,2014-06-03,2014-06-17,67,2.9833333e+10,4.0824829e+08,-3,clipped,2.9e+10,previous,-2.0412415,ok,0,0,2014-06-09/2014-06-15,True,False,-0.22025199,-0.15982764,8,6,0.060424355,2,True,True
2014-06-11_912828WJ5,2014-06-11,2014-06-05,912828WJ5,9-Year 11-Month,10-Year,True,DGS10,10,2.1e+10,2014-06-04,2014-06-18,212,2.2e+10,1.5491933e+09,-0.64549722,ok,2.4e+10,previous,1.2909944,ok,2,0.35450278,2014-06-09/2014-06-15,True,False,-0.30034453,0.39778207,4,-4,0.6981266,8,True,True
2014-06-12_912810RG5,2014-06-12,2014-06-05,912810RG5,29-Year 11-Month,30-Year,True,DGS30,30,1.3e+10,2014-06-05,2014-06-19,73,1.4e+10,1.5491933e+09,-0.64549722,ok,1.3e+10,own,-0.64549722,ok,0.35450278,0.35450278,2014-06-09/2014-06-15,True,False,0.62411097,-1.0493443,-3,6,-1.6734553,-9,True,True
2014-06-24_912828WQ9,2014-06-24,2014-06-19,912828WQ9,2-Year,2-Year,False,DGS2,2,3e+10,2014-06-17,2014-07-01,407,3.1833333e+10,4.0824829e+08,-3,clipped,3.1e+10,previous,-2.0412415,ok,0,0,2014-06-23/2014-06-29,True,False,0.048533253,0.048083593,-2,-2,-0.00044965983,0,True,True
2014-06-25_912828WS5,2014-06-25,2014-06-19,912828WS5,5-Year,5-Year,False,DGS5,5,3.5e+10,2014-06-18,2014-07-02,335,3.5e+10,0,0,sd0,3.5e+10,previous,0,sd0,1,1,2014-06-23/2014-06-29,True,False,0.17551033,-0.11267655,-3,3,-0.28818689,-6,True,True
2014-06-26_912828WR7,2014-06-26,2014-06-19,912828WR7,7-Year,7-Year,False,DGS7,7,2.9e+10,2014-06-19,2014-07-03,66,2.9e+10,0,0,sd0,2.9e+10,own,0,sd0,1,1,2014-06-23/2014-06-29,True,False,0.55957177,-0.66763011,-8,11,-1.2272019,-19,True,True
2014-07-08_912828WT3,2014-07-08,2014-07-03,912828WT3,3-Year,3-Year,False,DGS3,3,2.7e+10,2014-06-30,2014-07-15,68,2.95e+10,8.3666003e+08,-2.9880715,ok,2.8e+10,previous,-1.7928429,ok,0,0,2014-07-07/2014-07-13,True,False,-0.30334967,0.076635617,11,-2,0.37998529,13,True,True
2014-07-09_912828WJ5,2014-07-09,2014-07-03,912828WJ5,9-Year 10-Month,10-Year,True,DGS10,10,2.1e+10,2014-07-01,2014-07-16,213,2.2e+10,1.5491933e+09,-0.64549722,ok,2.1e+10,previous,-0.64549722,ok,0.35450278,0.35450278,2014-07-07/2014-07-13,True,False,0.14330361,0.22361402,-1,-2,0.08031041,1,True,True
2014-07-10_912810RG5,2014-07-10,2014-07-03,912810RG5,29-Year 10-Month,30-Year,True,DGS30,30,1.3e+10,2014-07-02,2014-07-17,74,1.4e+10,1.5491933e+09,-0.64549722,ok,1.3e+10,previous,-0.64549722,ok,0.35450278,0.35450278,2014-07-07/2014-07-13,True,False,1.5768872,2.1590658,-8,-11,0.58217863,3,True,True
2014-07-28_912828WX4,2014-07-28,2014-07-24,912828WX4,2-Year,2-Year,False,DGS2,2,2.9e+10,2014-07-21,2014-08-04,408,3.15e+10,8.3666003e+08,-2.9880715,ok,3e+10,previous,-1.7928429,ok,0,0,2014-07-28/2014-08-03,True,False,-0.050140667,0.14819618,3,-7,0.19833685,10,True,True
2014-07-29_912828WW6,2014-07-29,2014-07-24,912828WW6,5-Year,5-Year,False,DGS5,5,3.5e+10,2014-07-22,2014-08-05,336,3.5e+10,0,0,sd0,3.5e+10,previous,0,sd0,1,1,2014-07-28/2014-08-03,True,False,-0.063731298,0.22235425,2,-4,0.28608554,6,True,True
2014-07-30_912828WY2,2014-07-30,2014-07-24,912828WY2,7-Year,7-Year,False,DGS7,7,2.9e+10,2014-07-23,2014-08-06,67,2.9e+10,0,0,sd0,2.9e+10,previous,0,sd0,1,1,2014-07-28/2014-08-03,True,False,-0.73313535,0.75320506,12,-11,1.4863404,23,True,True
2014-08-12_912828D49,2014-08-12,2014-08-06,912828D49,3-Year,3-Year,False,DGS3,3,2.7e+10,2014-08-05,2014-08-19,69,2.9e+10,1.2649111e+09,-1.5811388,ok,2.7e+10,previous,-1.5811388,ok,0,0,2014-08-11/2014-08-17,True,False,0.046486749,0.075297947,-1,-2,0.028811198,1,True,True
2014-08-13_912828D56,2014-08-13,2014-08-06,912828D56,10-Year,10-Year,False,DGS10,10,2.4e+10,2014-08-06,2014-08-20,214,2.2e+10,1.5491933e+09,1.2909944,ok,2.4e+10,own,1.2909944,ok,2,2,2014-08-11/2014-08-17,True,False,0.57575012,0.043603988,-6,0,-0.53214614,-6,True,True
2014-08-14_912810RH3,2014-08-14,2014-08-06,912810RH3,30-Year,30-Year,False,DGS30,30,1.6e+10,2014-08-07,2014-08-21,75,1.4e+10,1.5491933e+09,1.2909944,ok,1.6e+10,own,1.2909944,ok,2,2,2014-08-11/2014-08-17,True,False,0.63552537,0.24560288,-3,-1,-0.38992248,-2,True,True
2014-08-26_912828D64,2014-08-26,2014-08-21,912828D64,2-Year,2-Year,False,DGS2,2,2.9e+10,2014-08-19,2014-09-03,409,3.1e+10,1.2649111e+09,-1.5811388,ok,2.9e+10,previous,-1.5811388,ok,0,0,2014-08-25/2014-08-31,True,False,-0.10992522,0.010592011,6,0,0.12051723,6,True,True
2014-08-27_912828D80,2014-08-27,2014-08-21,912828D80,5-Year,5-Year,False,DGS5,5,3.5e+10,2014-08-20,2014-09-04,337,3.5e+10,0,0,sd0,3.5e+10,previous,0,sd0,1,1,2014-08-25/2014-08-31,True,False,0.031238611,-0.25057067,0,6,-0.28180928,-6,True,True
2014-08-28_912828D72,2014-08-28,2014-08-21,912828D72,7-Year,7-Year,False,DGS7,7,2.9e+10,2014-08-21,2014-09-05,68,2.9e+10,0,0,sd0,2.9e+10,own,0,sd0,1,1,2014-08-25/2014-08-31,True,False,0.29883371,-0.60133043,-4,10,-0.90016415,-14,True,True
2014-09-09_912828D98,2014-09-09,2014-09-04,912828D98,3-Year,3-Year,False,DGS3,3,2.7e+10,2014-09-02,2014-09-16,70,2.85e+10,1.3784049e+09,-1.0882144,ok,2.7e+10,previous,-1.0882144,ok,0,0,2014-09-08/2014-09-14,True,False,-0.18728573,0.078852083,7,-2,0.26613782,9,True,True
2014-09-10_912828D56,2014-09-10,2014-09-04,912828D56,9-Year 11-Month,10-Year,True,DGS10,10,2.1e+10,2014-09-03,2014-09-17,215,2.2e+10,1.5491933e+09,-0.64549722,ok,2.4e+10,previous,1.2909944,ok,2,0.35450278,2014-09-08/2014-09-14,True,False,-1.0932279,-0.65114152,13,8,0.44208641,5,True,True
2014-09-11_912810RH3,2014-09-11,2014-09-04,912810RH3,29-Year 11-Month,30-Year,True,DGS30,30,1.3e+10,2014-09-04,2014-09-18,76,1.4e+10,1.5491933e+09,-0.64549722,ok,1.3e+10,own,-0.64549722,ok,0.35450278,0.35450278,2014-09-08/2014-09-14,True,False,-1.0796192,-1.6299145,6,9,-0.55029528,-3,True,True
2014-09-23_912828F47,2014-09-23,2014-09-18,912828F47,2-Year,2-Year,False,DGS2,2,2.9e+10,2014-09-16,2014-09-30,410,3.05e+10,1.3784049e+09,-1.0882144,ok,2.9e+10,previous,-1.0882144,ok,0,0,2014-09-22/2014-09-28,True,False,-0.028924951,-0.0090129209,2,1,0.01991203,1,True,True
2014-09-24_912828F39,2014-09-24,2014-09-18,912828F39,5-Year,5-Year,False,DGS5,5,3.5e+10,2014-09-17,2014-10-01,338,3.5e+10,0,0,sd0,3.5e+10,previous,0,sd0,1,1,2014-09-22/2014-09-28,True,False,0.034053736,0.65437637,0,-13,0.62032263,13,True,True
2014-09-25_912828F21,2014-09-25,2014-09-18,912828F21,7-Year,7-Year,False,DGS7,7,2.9e+10,2014-09-18,2014-10-02,69,2.9e+10,0,0,sd0,2.9e+10,own,0,sd0,1,1,2014-09-22/2014-09-28,True,False,0.75327112,0.49389276,-11,-7,-0.25937836,-4,True,True
2014-10-07_912828F54,2014-10-07,2014-10-02,912828F54,3-Year,3-Year,False,DGS3,3,2.7e+10,2014-09-30,2014-10-15,71,2.8e+10,1.2649111e+09,-0.79056942,ok,2.7e+10,previous,-0.79056942,ok,0.20943058,0.20943058,2014-10-06/2014-10-12,True,False,0.28459339,0.75926969,-9,-25,0.4746763,16,True,True
2014-10-08_912828D56,2014-10-08,2014-10-02,912828D56,9-Year 10-Month,10-Year,True,DGS10,10,2.1e+10,2014-10-01,2014-10-16,216,2.2e+10,1.5491933e+09,-0.64549722,ok,2.1e+10,previous,-0.64549722,ok,0.35450278,0.35450278,2014-10-06/2014-10-12,True,False,0.66645178,1.6623614,-7,-18,0.99590963,11,True,True
2014-10-09_912810RH3,2014-10-09,2014-10-02,912810RH3,29-Year 10-Month,30-Year,True,DGS30,30,1.3e+10,2014-10-02,2014-10-17,77,1.4e+10,1.5491933e+09,-0.64549722,ok,1.3e+10,own,-0.64549722,ok,0.35450278,0.35450278,2014-10-06/2014-10-12,True,False,1.6222023,1.8398651,-8,-9,0.2176628,1,True,True
2014-10-28_912828F88,2014-10-28,2014-10-23,912828F88,2-Year,2-Year,False,DGS2,2,2.9e+10,2014-10-21,2014-11-04,411,3e+10,1.2649111e+09,-0.79056942,ok,2.9e+10,previous,-0.79056942,ok,0.20943058,0.20943058,2014-10-27/2014-11-02,True,False,-0.071974859,-0.18929899,4,10,-0.11732413,-6,True,True
2014-10-29_912828F62,2014-10-29,2014-10-23,912828F62,5-Year,5-Year,False,DGS5,5,3.5e+10,2014-10-22,2014-11-05,339,3.5e+10,0,0,sd0,3.5e+10,previous,0,sd0,1,1,2014-10-27/2014-11-02,True,False,-0.68848092,-0.06515278,15,2,0.62332814,13,True,True
2014-10-30_912828F96,2014-10-30,2014-10-23,912828F96,7-Year,7-Year,False,DGS7,7,2.9e+10,2014-10-23,2014-11-06,70,2.9e+10,0,0,sd0,2.9e+10,own,0,sd0,1,1,2014-10-27/2014-11-02,True,False,-0.41765852,-0.41469711,7,7,0.002961405,2.220446e-14,True,True
2014-11-10_912828G20,2014-11-10,2014-11-05,912828G20,3-Year,3-Year,False,DGS3,3,2.6e+10,2014-11-03,2014-11-18,72,2.75e+10,8.3666003e+08,-1.7928429,ok,2.7e+10,previous,-0.5976143,ok,0.4023857,0,2014-11-10/2014-11-16,True,False,-0.099749358,0.13881753,4,-4,0.23856689,8,True,True
2014-11-12_912828G38,2014-11-12,2014-11-05,912828G38,10-Year,10-Year,False,DGS10,10,2.4e+10,2014-11-04,2014-11-19,217,2.2e+10,1.5491933e+09,1.2909944,ok,2.1e+10,previous,-0.64549722,ok,0.35450278,2,2014-11-10/2014-11-16,True,False,-0.12778036,0.13222112,2,-1,0.26000148,3,True,True
2014-11-13_912810RJ9,2014-11-13,2014-11-05,912810RJ9,30-Year,30-Year,False,DGS30,30,1.6e+10,2014-11-05,2014-11-20,78,1.4e+10,1.5491933e+09,1.2909944,ok,1.6e+10,own,1.2909944,ok,2,2,2014-11-10/2014-11-16,True,False,-0.32721339,0.64310038,2,-3,0.97031377,5,True,True
2014-11-24_912828G46,2014-11-24,2014-11-20,912828G46,2-Year,2-Year,False,DGS2,2,2.8e+10,2014-11-17,2014-12-02,412,2.95e+10,8.3666003e+08,-1.7928429,ok,2.9e+10,previous,-0.5976143,ok,0.4023857,0,2014-11-24/2014-11-30,True,False,0.029746114,-0.029309671,-1,2,-0.059055786,-3,True,True
2014-11-25_912828G61,2014-11-25,2014-11-20,912828G61,5-Year,5-Year,False,DGS5,5,3.5e+10,2014-11-18,2014-12-03,340,3.5e+10,0,0,sd0,3.5e+10,previous,0,sd0,1,1,2014-11-24/2014-11-30,True,False,0.27027174,-0.11106518,-5,3,-0.38133691,-8,True,True
2014-11-26_912828G53,2014-11-26,2014-11-20,912828G53,7-Year,7-Year,False,DGS7,7,2.9e+10,2014-11-19,2014-12-04,71,2.9e+10,0,0,sd0,2.9e+10,previous,0,sd0,1,1,2014-11-24/2014-11-30,True,False,0.75549373,-0.089343747,-11,2,-0.84483748,-13,True,True
2014-12-09_912828G79,2014-12-09,2014-12-04,912828G79,3-Year,3-Year,False,DGS3,3,2.5e+10,2014-12-02,2014-12-16,73,2.7e+10,6.3245553e+08,-3,clipped,2.6e+10,previous,-1.5811388,ok,0,0,2014-12-08/2014-12-14,True,False,-0.30420142,0.25471241,11,-8,0.55891383,19,True,True
2014-12-10_912828G38,2014-12-10,2014-12-04,912828G38,9-Year 11-Month,10-Year,True,DGS10,10,2.1e+10,2014-12-03,2014-12-17,218,2.2e+10,1.5491933e+09,-0.64549722,ok,2.4e+10,previous,1.2909944,ok,2,0.35450278,2014-12-08/2014-12-14,True,False,1.0266521,0.39595309,-11,-4,-0.63069898,-7,True,True
2014-12-11_912810RJ9,2014-12-11,2014-12-04,912810RJ9,29-Year 11-Month,30-Year,True,DGS30,30,1.3e+10,2014-12-04,2014-12-18,79,1.4e+10,1.5491933e+09,-0.64549722,ok,1.3e+10,own,-0.64549722,ok,0.35450278,0.35450278,2014-12-08/2014-12-14,True,False,2.0668927,0.44087893,-10,-2,-1.6260138,-8,True,True
2014-12-22_912828H29,2014-12-22,2014-12-18,912828H29,2-Year,2-Year,False,DGS2,2,2.7e+10,2014-12-15,2014-12-30,413,2.9e+10,6.3245553e+08,-3,clipped,2.8e+10,previous,-1.5811388,ok,0,0,2014-12-22/2014-12-28,True,False,-0.20598275,0.054998835,11,-2,0.26098159,13,True,True
2014-12-23_912828G95,2014-12-23,2014-12-18,912828G95,5-Year,5-Year,False,DGS5,5,3.5e+10,2014-12-16,2014-12-31,341,3.5e+10,0,0,sd0,3.5e+10,previous,0,sd0,1,1,2014-12-22/2014-12-28,True,False,-1.0637079,0.56360378,23,-11,1.6273117,34,True,True
2014-12-24_912828G87,2014-12-24,2014-12-18,912828G87,7-Year,7-Year,False,DGS7,7,2.9e+10,2014-12-17,2015-01-02,72,2.9e+10,0,0,sd0,2.9e+10,previous,0,sd0,1,1,2014-12-22/2014-12-28,True,False,-0.99862346,1.1597444,16,-17,2.1583679,33,True,True
2015-01-12_912828H37,2015-01-12,2015-01-08,912828H37,3-Year,3-Year,False,DGS3,3,2.4e+10,2015-01-05,2015-01-20,74,2.65e+10,8.3666003e+08,-2.9880715,ok,2.5e+10,previous,-1.7928429,ok,0,0,2015-01-12/2015-01-18,True,False,0.46114224,0.19470583,-15,-6,-0.26643641,-9,True,True
2015-01-13_912828G38,2015-01-13,2015-01-08,912828G38,9-Year 10-Month,10-Year,True,DGS10,10,2.1e+10,2015-01-06,2015-01-21,219,2.2e+10,1.5491933e+09,-0.64549722,ok,2.1e+10,previous,-0.64549722,ok,0.35450278,0.35450278,2015-01-12/2015-01-18,True,False,0.57935421,0.39978414,-6,-4,-0.17957007,-2,True,True
2015-01-14_912810RJ9,2015-01-14,2015-01-08,912810RJ9,29-Year 10-Month,30-Year,True,DGS30,30,1.3e+10,2015-01-07,2015-01-22,80,1.4e+10,1.5491933e+09,-0.64549722,ok,1.3e+10,previous,-0.64549722,ok,0.35450278,0.35450278,2015-01-12/2015-01-18,True,False,1.0964314,0.2533502,-5,-1,-0.84308125,-4,True,True
2015-01-28_912828H78,2015-01-28,2015-01-22,912828H78,2-Year,2-Year,False,DGS2,2,2.6e+10,2015-01-21,2015-02-04,414,2.85e+10,8.3666003e+08,-2.9880715,ok,2.7e+10,previous,-1.7928429,ok,0,0,2015-01-26/2015-02-01,True,False,0.069309436,-0.030625101,-3,2,-0.099934537,-5,True,True
2015-01-29_912828H52,2015-01-29,2015-01-22,912828H52,5-Year,5-Year,False,DGS5,5,3.5e+10,2015-01-22,2015-02-05,342,3.5e+10,0,0,sd0,3.5e+10,own,0,sd0,1,1,2015-01-26/2015-02-01,True,False,0.55606976,-0.074299769,-11,2,-0.63036952,-13,True,True
2015-01-29_912828H86,2015-01-29,2015-01-22,912828H86,7-Year,7-Year,False,DGS7,7,2.9e+10,2015-01-22,2015-02-05,73,2.9e+10,0,0,sd0,2.9e+10,own,0,sd0,1,1,2015-01-26/2015-02-01,True,False,0.68979369,-0.17084954,-10,3,-0.86064324,-13,True,True
2015-02-10_912828H94,2015-02-10,2015-02-04,912828H94,3-Year,3-Year,False,DGS3,3,2.4e+10,2015-02-03,2015-02-18,75,2.6e+10,1.2649111e+09,-1.5811388,ok,2.4e+10,previous,-1.5811388,ok,0,0,2015-02-09/2015-02-15,True,False,-0.5703752,0.1701713,20,-5,0.7405465,25,True,True
2015-02-11_912828J27,2015-02-11,2015-02-04,912828J27,10-Year,10-Year,False,DGS10,10,2.4e+10,2015-02-04,2015-02-19,220,2.2e+10,1.5491933e+09,1.2909944,ok,2.4e+10,own,1.2909944,ok,2,2,2015-02-09/2015-02-15,True,False,-1.6746197,-0.94383917,19,11,0.73078054,8,True,True
2015-02-12_912810RK6,2015-02-12,2015-02-04,912810RK6,30-Year,30-Year,False,DGS30,30,1.6e+10,2015-02-05,2015-02-20,81,1.4e+10,1.5491933e+09,1.2909944,ok,1.6e+10,own,1.2909944,ok,2,2,2015-02-09/2015-02-15,True,False,-3.2699415,-2.9953944,16,15,0.2745471,1,True,True
2015-02-24_912828J35,2015-02-24,2015-02-19,912828J35,2-Year,2-Year,False,DGS2,2,2.6e+10,2015-02-17,2015-03-03,415,2.8e+10,1.2649111e+09,-1.5811388,ok,2.6e+10,previous,-1.5811388,ok,0,0,2015-02-23/2015-03-01,True,False,0.21039418,-0.14659435,-10,8,-0.35698853,-18,True,True
2015-02-25_912828J50,2015-02-25,2015-02-19,912828J50,5-Year,5-Year,False,DGS5,5,3.5e+10,2015-02-18,2015-03-04,343,3.5e+10,0,0,sd0,3.5e+10,previous,0,sd0,1,1,2015-02-23/2015-03-01,True,False,0.26874362,-0.59278153,-5,13,-0.86152515,-18,True,True
2015-02-26_912828J43,2015-02-26,2015-02-19,912828J43,7-Year,7-Year,False,DGS7,7,2.9e+10,2015-02-19,2015-03-05,74,2.9e+10,0,0,sd0,2.9e+10,own,0,sd0,1,1,2015-02-23/2015-03-01,True,False,0.42591546,-0.22612731,-6,4,-0.65204276,-10,True,True
2015-03-10_912828J68,2015-03-10,2015-03-05,912828J68,3-Year,3-Year,False,DGS3,3,2.4e+10,2015-03-03,2015-03-17,76,2.55e+10,1.3784049e+09,-1.0882144,ok,2.4e+10,previous,-1.0882144,ok,0,0,2015-03-09/2015-03-15,True,False,-0.0087401868,0.10815968,1,-3,0.11689986,4,True,True
2015-03-11_912828J27,2015-03-11,2015-03-05,912828J27,9-Year 11-Month,10-Year,True,DGS10,10,2.1e+10,2015-03-04,2015-03-18,221,2.2e+10,1.5491933e+09,-0.64549722,ok,2.4e+10,previous,1.2909944,ok,2,0.35450278,2015-03-09/2015-03-15,True,False,0.12686379,1.6715347,-1,-18,1.544671,17,True,True
2015-03-12_912810RK6,2015-03-12,2015-03-05,912810RK6,29-Year 11-Month,30-Year,True,DGS30,30,1.3e+10,2015-03-05,2015-03-19,82,1.4e+10,1.5491933e+09,-0.64549722,ok,1.3e+10,own,-0.64549722,ok,0.35450278,0.35450278,2015-03-09/2015-03-15,True,False,0.44658208,3.1922174,-2,-15,2.7456354,13,True,True
2015-03-24_912828J92,2015-03-24,2015-03-19,912828J92,2-Year,2-Year,False,DGS2,2,2.6e+10,2015-03-17,2015-03-31,416,2.75e+10,1.3784049e+09,-1.0882144,ok,2.6e+10,previous,-1.0882144,ok,0,0,2015-03-23/2015-03-29,True,False,0.24921207,0.050192965,-12,-2,-0.19901911,-10,True,True
2015-03-25_912828J84,2015-03-25,2015-03-19,912828J84,5-Year,5-Year,False,DGS5,5,3.5e+10,2015-03-18,2015-04-01,344,3.5e+10,0,0,sd0,3.5e+10,previous,0,sd0,1,1,2015-03-23/2015-03-29,True,False,0.02607697,0.46016362,0,-9,0.43408665,9,True,True
2015-03-26_912828J76,2015-03-26,2015-03-19,912828J76,7-Year,7-Year,False,DGS7,7,2.9e+10,2015-03-19,2015-04-02,75,2.9e+10,0,0,sd0,2.9e+10,own,0,sd0,1,1,2015-03-23/2015-03-29,True,False,-0.099714518,0.82174056,2,-12,0.92145507,14,True,True
2015-04-07_912828K25,2015-04-07,2015-04-02,912828K25,3-Year,3-Year,False,DGS3,3,2.4e+10,2015-03-31,2015-04-14,77,2.5e+10,1.2649111e+09,-0.79056942,ok,2.4e+10,previous,-0.79056942,ok,0.20943058,0.20943058,2015-04-06/2015-04-12,True,False,0.13373634,0.016368799,-4,0,-0.11736754,-4,True,True
2015-04-08_912828J27,2015-04-08,2015-04-02,912828J27,9-Year 10-Month,10-Year,True,DGS10,10,2.1e+10,2015-04-01,2015-04-15,222,2.2e+10,1.5491933e+09,-0.64549722,ok,2.1e+10,previous,-0.64549722,ok,0.35450278,0.35450278,2015-04-06/2015-04-12,True,False,-0.41929272,0.12634795,5,-1,0.54564067,6,True,True
2015-04-09_912810RK6,2015-04-09,2015-04-02,912810RK6,29-Year 10-Month,30-Year,True,DGS30,30,1.3e+10,2015-04-02,2015-04-16,83,1.4e+10,1.5491933e+09,-0.64549722,ok,1.3e+10,own,-0.64549722,ok,0.35450278,0.35450278,2015-04-06/2015-04-12,True,False,-1.6182038,1.0913912,8,-5,2.709595,13,True,True
2015-04-27_912828K66,2015-04-27,2015-04-23,912828K66,2-Year,2-Year,False,DGS2,2,2.6e+10,2015-04-20,2015-05-04,417,2.7e+10,1.2649111e+09,-0.79056942,ok,2.6e+10,previous,-0.79056942,ok,0.20943058,0.20943058,2015-04-27/2015-05-03,True,False,0.029765829,-0.10813045,-1,6,-0.13789628,-7,True,True
2015-04-28_912828K58,2015-04-28,2015-04-23,912828K58,5-Year,5-Year,False,DGS5,5,3.5e+10,2015-04-21,2015-05-05,345,3.5e+10,0,0,sd0,3.5e+10,previous,0,sd0,1,1,2015-04-27/2015-05-03,True,False,-0.16726742,-0.69041278,4,15,-0.52314537,-11,True,True
2015-04-29_912828WZ9,2015-04-29,2015-04-23,912828WZ9,7-Year,7-Year,False,DGS7,7,2.9e+10,2015-04-22,2015-05-06,76,2.9e+10,0,0,sd0,2.9e+10,previous,0,sd0,1,1,2015-04-27/2015-05-03,True,False,-0.29598268,-1.0692559,5,17,-0.77327323,-12,True,True
2015-05-12_912828XA3,2015-05-12,2015-05-06,912828XA3,3-Year,3-Year,False,DGS3,3,2.4e+10,2015-05-05,2015-05-19,78,2.45e+10,8.3666003e+08,-0.5976143,ok,2.4e+10,previous,-0.5976143,ok,0.4023857,0.4023857,2015-05-11/2015-05-17,True,False,0.018922096,-0.011905753,0,1,-0.030827849,-1,True,True
2015-05-13_912828XB1,2015-05-13,2015-05-06,912828XB1,10-Year,10-Year,False,DGS10,10,2.4e+10,2015-05-06,2015-05-20,223,2.2e+10,1.5491933e+09,1.2909944,ok,2.4e+10,own,1.2909944,ok,2,2,2015-05-11/2015-05-17,True,False,-0.13893158,0.12782042,2,-1,0.266752,3,True,True
2015-05-14_912810RM2,2015-05-14,2015-05-06,912810RM2,30-Year,30-Year,False,DGS30,30,1.6e+10,2015-05-07,2015-05-21,84,1.4e+10,1.5491933e+09,1.2909944,ok,1.6e+10,own,1.2909944,ok,2,2,2015-05-11/2015-05-17,True,False,-2.4969246,1.0289059,13,-5,3.5258305,18,True,True
2015-05-26_912828SY7,2015-05-26,2015-05-21,912828SY7,2-Year,5-Year,True,DGS5,5,2.6e+10,2015-05-18,2015-06-02,346,3.5e+10,0,-3,sd0,3.5e+10,previous,0,sd0,1,0,2015-05-25/2015-05-31,True,False,0.033059005,-0.30604332,0,7,-0.33910232,-7,True,True
2015-05-27_912828XE5,2015-05-27,2015-05-21,912828XE5,5-Year,5-Year,False,DGS5,5,3.5e+10,2015-05-19,2015-06-03,347,3.35e+10,3.6742346e+09,0.40824829,ok,3.5e+10,previous,0,sd0,1,1.4082483,2015-05-25/2015-05-31,True,False,0.36911558,-0.73404387,-7,16,-1.1031595,-23,True,True
2015-05-28_912828XD7,2015-05-28,2015-05-21,912828XD7,7-Year,7-Year,False,DGS7,7,2.9e+10,2015-05-20,2015-06-04,77,2.9e+10,0,0,sd0,2.9e+10,previous,0,sd0,1,1,2015-05-25/2015-05-31,True,False,0.62891427,-1.0016506,-9,16,-1.6305649,-25,True,True
2015-06-09_912828XF2,2015-06-09,2015-06-04,912828XF2,3-Year,3-Year,False,DGS3,3,2.4e+10,2015-06-02,2015-06-16,79,2.4166667e+10,4.0824829e+08,-0.40824829,ok,2.4e+10,previous,-0.40824829,ok,0.59175171,0.59175171,2015-06-08/2015-06-14,True,False,-0.27392659,0.1386462,10,-4,0.41257279,14,True,True
2015-06-10_912828XB1,2015-06-10,2015-06-04,912828XB1,9-Year 11-Month,10-Year,True,DGS10,10,2.1e+10,2015-06-03,2015-06-17,224,2.2e+10,1.5491933e+09,-0.64549722,ok,2.4e+10,previous,1.2909944,ok,2,0.35450278,2015-06-08/2015-06-14,True,False,-1.0125119,1.6466259,12,-18,2.6591379,30,True,True
2015-06-11_912810RM2,2015-06-11,2015-06-04,912810RM2,29-Year 11-Month,30-Year,True,DGS30,30,1.3e+10,2015-06-04,2015-06-18,85,1.4e+10,1.5491933e+09,-0.64549722,ok,1.3e+10,own,-0.64549722,ok,0.35450278,0.35450278,2015-06-08/2015-06-14,True,False,-1.5064679,-0.52427858,8,3,0.98218932,5,True,True
2015-06-23_912828XJ4,2015-06-23,2015-06-18,912828XJ4,2-Year,2-Year,False,DGS2,2,2.6e+10,2015-06-16,2015-06-30,418,2.65e+10,8.3666003e+08,-0.5976143,ok,2.6e+10,previous,-0.5976143,ok,0.4023857,0.4023857,2015-06-22/2015-06-28,True,False,0.032525412,0.13149916,-1,-6,0.098973752,5,True,True
2015-06-24_912828XH8,2015-06-24,2015-06-18,912828XH8,5-Year,5-Year,False,DGS5,5,3.5e+10,2015-06-17,2015-07-01,348,3.35e+10,3.6742346e+09,0.40824829,ok,3.5e+10,previous,0.40824829,ok,1.4082483,1.4082483,2015-06-22/2015-06-28,True,False,-0.25541566,-0.017421717,6,1,0.23799394,5,True,True
2015-06-25_912828XG0,2015-06-25,2015-06-18,912828XG0,7-Year,7-Year,False,DGS7,7,2.9e+10,2015-06-18,2015-07-02,78,2.9e+10,0,0,sd0,2.9e+10,own,0,sd0,1,1,2015-06-22/2015-06-28,True,False,-0.35019717,0.3609831,6,-5,0.71118027,11,True,True
2015-07-07_912828XK1,2015-07-07,2015-07-02,912828XK1,3-Year,3-Year,False,DGS3,3,2.4e+10,2015-06-29,2015-07-14,80,2.4e+10,0,0,sd0,2.4e+10,previous,0,sd0,1,1,2015-07-06/2015-07-12,True,False,0.13903016,-0.18735672,-4,7,-0.32638688,-11,True,True
2015-07-08_912828XB1,2015-07-08,2015-07-02,912828XB1,9-Year 10-Month,10-Year,True,DGS10,10,2.1e+10,2015-06-30,2015-07-15,225,2.2e+10,1.5491933e+09,-0.64549722,ok,2.1e+10,previous,-0.64549722,ok,0.35450278,0.35450278,2015-07-06/2015-07-12,True,False,1.2101991,-1.1962975,-13,14,-2.4064965,-27,True,True
2015-07-09_912810RM2,2015-07-09,2015-07-02,912810RM2,29-Year 10-Month,30-Year,True,DGS30,30,1.3e+10,2015-07-01,2015-07-16,86,1.4e+10,1.5491933e+09,-0.64549722,ok,1.3e+10,previous,-0.64549722,ok,0.35450278,0.35450278,2015-07-06/2015-07-12,True,False,1.8000198,0.051618731,-9,0,-1.7484011,-9,True,True
2015-07-28_912828XP0,2015-07-28,2015-07-23,912828XP0,2-Year,2-Year,False,DGS2,2,2.6e+10,2015-07-21,2015-08-04,419,2.6166667e+10,4.0824829e+08,-0.40824829,ok,2.6e+10,previous,-0.40824829,ok,0.59175171,0.59175171,2015-07-27/2015-08-02,True,False,0.052272729,-0.087174614,-2,5,-0.13944734,-7,True,True
2015-07-29_912828XM7,2015-07-29,2015-07-23,912828XM7,5-Year,5-Year,False,DGS5,5,3.5e+10,2015-07-22,2015-08-05,349,3.35e+10,3.6742346e+09,0.40824829,ok,3.5e+10,previous,0.40824829,ok,1.4082483,1.4082483,2015-07-27/2015-08-02,True,False,0.36486634,-0.115705,-7,3,-0.48057134,-10,True,True
2015-07-30_912828XQ8,2015-07-30,2015-07-23,912828XQ8,7-Year,7-Year,False,DGS7,7,2.9e+10,2015-07-23,2015-08-06,79,2.9e+10,0,0,sd0,2.9e+10,own,0,sd0,1,1,2015-07-27/2015-08-02,True,False,0.10162569,0.2941089,-1,-4,0.19248321,3,True,True
2015-08-11_912828K82,2015-08-11,2015-08-05,912828K82,3-Year,3-Year,False,DGS3,3,2.4e+10,2015-08-04,2015-08-18,81,2.4e+10,0,0,sd0,2.4e+10,previous,0,sd0,1,1,2015-08-10/2015-08-16,True,False,0.16661485,-0.099370272,-5,4,-0.26598512,-9,True,True
2015-08-12_912828K74,2015-08-12,2015-08-05,912828K74,10-Year,10-Year,False,DGS10,10,2.4e+10,2015-08-05,2015-08-19,226,2.2e+10,1.5491933e+09,1.2909944,ok,2.4e+10,own,1.2909944,ok,2,2,2015-08-10/2015-08-16,True,False,1.2959228,0.21701297,-14,-2,-1.0789098,-12,True,True
2015-08-13_912810RN0,2015-08-13,2015-08-05,912810RN0,30-Year,30-Year,False,DGS30,30,1.6e+10,2015-08-06,2015-08-20,87,1.4e+10,1.5491933e+09,1.2909944,ok,1.6e+10,own,1.2909944,ok,2,2,2015-08-10/2015-08-16,True,False,0.8448921,2.0835027,-4,-10,1.2386106,6,True,True
2015-08-25_912828TM2,2015-08-25,2015-08-20,912828TM2,2-Year,5-Year,True,DGS5,5,2.6e+10,2015-08-18,2015-09-01,350,3.35e+10,3.6742346e+09,-2.0412415,ok,3.5e+10,previous,0.40824829,ok,1.4082483,0,2015-08-24/2015-08-30,True,False,0.60269347,-0.020485792,-12,1,-0.62317926,-13,True,True
2015-08-26_912828L32,2015-08-26,2015-08-20,912828L32,5-Year,5-Year,False,DGS5,5,3.5e+10,2015-08-19,2015-09-02,351,3.2e+10,4.64758e+09,0.64549722,ok,3.5e+10,previous,0.40824829,ok,1.4082483,1.6454972,2015-08-24/2015-08-30,True,False,0.074030396,-0.11622647,-1,3,-0.19025686,-4,True,True
2015-08-27_912828L24,2015-08-27,2015-08-20,912828L24,7-Year,7-Year,False,DGS7,7,2.9e+10,2015-08-20,2015-09-03,80,2.9e+10,0,0,sd0,2.9e+10,own,0,sd0,1,1,2015-08-24/2015-08-30,True,False,-0.42416345,0.10052213,7,-1,0.52468558,8,True,True
2015-09-08_912828L40,2015-09-08,2015-09-03,912828L40,3-Year,3-Year,False,DGS3,3,2.4e+10,2015-08-31,2015-09-15,82,2.4e+10,0,0,sd0,2.4e+10,previous,0,sd0,1,1,2015-09-07/2015-09-13,True,False,0.08077296,-0.18676844,-2,7,-0.2675414,-9,True,True
2015-09-09_912828K74,2015-09-09,2015-09-03,912828K74,9-Year 11-Month,10-Year,True,DGS10,10,2.1e+10,2015-09-01,2015-09-16,227,2.2e+10,1.5491933e+09,-0.64549722,ok,2.4e+10,previous,1.2909944,ok,2,0.35450278,2015-09-07/2015-09-13,True,False,-0.31141079,-0.75942091,4,9,-0.44801012,-5,True,True
2015-09-10_912810RN0,2015-09-10,2015-09-03,912810RN0,29-Year 11-Month,30-Year,True,DGS30,30,1.3e+10,2015-09-02,2015-09-17,88,1.4e+10,1.5491933e+09,-0.64549722,ok,1.6e+10,previous,1.2909944,ok,2,0.35450278,2015-09-07/2015-09-13,True,False,-0.14124687,-0.74021946,1,4,-0.59897259,-3,True,True
2015-09-22_912828TS9,2015-09-22,2015-09-17,912828TS9,2-Year,5-Year,True,DGS5,5,2.6e+10,2015-09-15,2015-09-29,352,3.2e+10,4.64758e+09,-1.2909944,ok,3.5e+10,previous,0.64549722,ok,1.6454972,0,2015-09-21/2015-09-27,True,False,0.84613429,0.36441183,-17,-7,-0.48172246,-10,True,True
2015-09-23_912828L65,2015-09-23,2015-09-17,912828L65,5-Year,5-Year,False,DGS5,5,3.5e+10,2015-09-16,2015-09-30,353,3.2e+10,4.64758e+09,0.64549722,ok,3.5e+10,previous,0.64549722,ok,1.6454972,1.6454972,2015-09-21/2015-09-27,True,False,0.74881577,0.50892759,-15,-10,-0.23988818,-5,True,True
2015-09-24_912828L57,2015-09-24,2015-09-17,912828L57,7-Year,7-Year,False,DGS7,7,2.9e+10,2015-09-17,2015-10-01,81,2.9e+10,0,0,sd0,2.9e+10,own,0,sd0,1,1,2015-09-21/2015-09-27,True,False,0.427049,0.62473966,-6,-9,0.19769066,3,True,True
2015-10-06_912828L81,2015-10-06,2015-10-01,912828L81,3-Year,3-Year,False,DGS3,3,2.4e+10,2015-09-29,2015-10-14,83,2.4e+10,0,0,sd0,2.4e+10,previous,0,sd0,1,1,2015-10-05/2015-10-11,True,False,0.07610583,0.19724362,-2,-6,0.12113779,4,True,True
2015-10-07_912828K74,2015-10-07,2015-10-01,912828K74,9-Year 10-Month,10-Year,True,DGS10,10,2.1e+10,2015-09-30,2015-10-15,228,2.2e+10,1.5491933e+09,-0.64549722,ok,2.1e+10,previous,-0.64549722,ok,0.35450278,0.35450278,2015-10-05/2015-10-11,True,False,-0.14251356,0.40327812,2,-4,0.54579168,6,True,True
2015-10-08_912810RN0,2015-10-08,2015-10-01,912810RN0,29-Year 10-Month,30-Year,True,DGS30,30,1.3e+10,2015-10-01,2015-10-16,89,1.4e+10,1.5491933e+09,-0.64549722,ok,1.3e+10,own,-0.64549722,ok,0.35450278,0.35450278,2015-10-05/2015-10-11,True,False,-2.1236249,1.8670896,11,-9,3.9907145,20,True,True
2015-10-28_912828L99,2015-10-28,2015-10-22,912828L99,5-Year,5-Year,False,DGS5,5,3.5e+10,2015-10-21,2015-11-04,354,3.2e+10,4.64758e+09,0.64549722,ok,3.5e+10,previous,0.64549722,ok,1.6454972,1.6454972,2015-10-26/2015-11-01,True,False,-0.45401572,-0.78348094,10,17,-0.32946522,-7,True,True
2015-10-29_912828M49,2015-10-29,2015-10-22,912828M49,7-Year,7-Year,False,DGS7,7,2.9e+10,2015-10-22,2015-11-05,82,2.9e+10,0,0,sd0,2.9e+10,own,0,sd0,1,1,2015-10-26/2015-11-01,True,False,-1.0095984,-0.61416389,16,10,0.39543454,6,True,True
2015-11-04_912828TW0,2015-11-04,2015-10-30,912828TW0,2-Year,5-Year,True,DGS5,5,2.6e+10,2015-10-28,2015-11-12,355,3.2e+10,4.64758e+09,-1.2909944,ok,3.5e+10,previous,0.64549722,ok,1.6454972,0,2015-11-02/2015-11-08,True,False,-0.78348094,-0.39380301,17,9,0.38967793,8,True,True
2015-11-09_912828M64,2015-11-09,2015-11-04,912828M64,3-Year,3-Year,False,DGS3,3,2.4e+10,2015-11-02,2015-11-17,84,2.4e+10,0,0,sd0,2.4e+10,previous,0,sd0,1,1,2015-11-09/2015-11-15,True,False,-0.53541776,0.28795219,19,-9,0.82336996,28,True,True
2015-11-10_912828M56,2015-11-10,2015-11-04,912828M56,10-Year,10-Year,False,DGS10,10,2.4e+10,2015-11-03,2015-11-18,229,2.2e+10,1.5491933e+09,1.2909944,ok,2.1e+10,previous,-0.64549722,ok,0.35450278,2,2015-11-09/2015-11-15,True,False,-0.75679466,0.49204458,9,-5,1.2488392,14,True,True
2015-11-12_912810RP5,2015-11-12,2015-11-04,912810RP5,30-Year,30-Year,False,DGS30,30,1.6e+10,2015-11-04,2015-11-19,90,1.4e+10,1.5491933e+09,1.2909944,ok,1.6e+10,own,1.2909944,ok,2,2,2015-11-09/2015-11-15,True,False,-1.687507,1.8316639,9,-9,3.5191709,18,True,True
2015-11-23_912828M72,2015-11-23,2015-11-19,912828M72,2-Year,2-Year,False,DGS2,2,2.6e+10,2015-11-16,2015-12-01,420,2.6e+10,0,0,sd0,2.6e+10,previous,0,sd0,1,1,2015-11-23/2015-11-29,True,False,-0.10339327,0.075776726,6,-3,0.17917,9,True,True
2015-11-24_912828M98,2015-11-24,2015-11-19,912828M98,5-Year,5-Year,False,DGS5,5,3.5e+10,2015-11-17,2015-12-02,356,3.05e+10,4.929503e+09,0.91287093,ok,2.6e+10,previous,-0.91287093,ok,0.087129071,1.9128709,2015-11-23/2015-11-29,True,False,0.02982892,0.17501811,0,-3,0.14518919,3,True,True
2015-11-25_912828M80,2015-11-25,2015-11-19,912828M80,7-Year,7-Year,False,DGS7,7,2.9e+10,2015-11-18,2015-12-03,83,2.9e+10,0,0,sd0,2.9e+10,previous,0,sd0,1,1,2015-11-23/2015-11-29,True,False,0.23129685,-0.54531937,-3,9,-0.77661622,-12,True,True
2015-12-08_912828N22,2015-12-08,2015-12-03,912828N22,3-Year,3-Year,False,DGS3,3,2.4e+10,2015-12-01,2015-12-15,85,2.4e+10,0,0,sd0,2.4e+10,previous,0,sd0,1,1,2015-12-07/2015-12-13,True,False,-0.15667607,-0.098630203,6,4,0.058045863,2,True,True
2015-12-09_912828M56,2015-12-09,2015-12-03,912828M56,9-Year 11-Month,10-Year,True,DGS10,10,2.1e+10,2015-12-02,2015-12-16,230,2.2e+10,1.5491933e+09,-0.64549722,ok,2.4e+10,previous,1.2909944,ok,2,0.35450278,2015-12-07/2015-12-13,True,False,-0.32321372,-0.67659153,4,8,-0.35337781,-4,True,True
2015-12-10_912810RP5,2015-12-10,2015-12-03,912810RP5,29-Year 11-Month,30-Year,True,DGS30,30,1.3e+10,2015-12-03,2015-12-17,91,1.4e+10,1.5491933e+09,-0.64549722,ok,1.3e+10,own,-0.64549722,ok,0.35450278,0.35450278,2015-12-07/2015-12-13,True,False,1.8297408,0.8271137,-9,-4,-1.0026271,-5,True,True
2015-12-28_912828N55,2015-12-28,2015-12-24,912828N55,2-Year,2-Year,False,DGS2,2,2.6e+10,2015-12-18,2016-01-05,421,2.6e+10,0,0,sd0,2.6e+10,previous,0,sd0,1,1,2015-12-28/2016-01-03,True,False,-0.13583054,0.03834604,8,-1,0.17417658,9,True,True
2015-12-29_912828N48,2015-12-29,2015-12-24,912828N48,5-Year,5-Year,False,DGS5,5,3.5e+10,2015-12-21,2016-01-06,357,3.2e+10,4.64758e+09,0.64549722,ok,3.5e+10,previous,0.64549722,ok,1.6454972,1.6454972,2015-12-28/2016-01-03,True,False,-0.6327367,0.79966208,14,-16,1.4323988,30,True,True
2015-12-30_912828N30,2015-12-30,2015-12-24,912828N30,7-Year,7-Year,False,DGS7,7,2.9e+10,2015-12-22,2016-01-07,84,2.9e+10,0,0,sd0,2.9e+10,previous,0,sd0,1,1,2015-12-28/2016-01-03,True,False,-0.60617291,1.3468328,10,-20,1.9530057,30,True,True
2016-01-12_912828N63,2016-01-12,2016-01-07,912828N63,3-Year,3-Year,False,DGS3,3,2.4e+10,2016-01-05,2016-01-20,86,2.4e+10,0,0,sd0,2.4e+10,previous,0,sd0,1,1,2016-01-11/2016-01-17,True,False,0.43100451,0.37273818,-14,-12,-0.058266326,-2,True,True
2016-01-13_912828M56,2016-01-13,2016-01-07,912828M56,9-Year 10-Month,10-Year,True,DGS10,10,2.1e+10,2016-01-06,2016-01-21,231,2.2e+10,1.5491933e+09,-0.64549722,ok,2.1e+10,previous,-0.64549722,ok,0.35450278,0.35450278,2016-01-11/2016-01-17,True,False,0.93648535,0.57958067,-10,-6,-0.35690469,-4,True,True
2016-01-14_912810RP5,2016-01-14,2016-01-07,912810RP5,29-Year 10-Month,30-Year,True,DGS30,30,1.3e+10,2016-01-07,2016-01-22,92,1.4e+10,1.5491933e+09,-0.64549722,ok,1.3e+10,own,-0.64549722,ok,0.35450278,0.35450278,2016-01-11/2016-01-17,True,False,0.44290812,1.4597863,-2,-7,1.0168782,5,True,True
2016-01-26_912828P20,2016-01-26,2016-01-21,912828P20,2-Year,2-Year,False,DGS2,2,2.6e+10,2016-01-19,2016-02-02,422,2.6e+10,0,0,sd0,2.6e+10,previous,0,sd0,1,1,2016-01-25/2016-01-31,True,False,0.070416886,0.20724147,-3,-10,0.13682459,7,True,True
2016-01-27_912828N89,2016-01-27,2016-01-21,912828N89,5-Year,5-Year,False,DGS5,5,3.5e+10,2016-01-20,2016-02-03,358,3.2e+10,4.64758e+09,0.64549722,ok,3.5e+10,previous,0.64549722,ok,1.6454972,1.6454972,2016-01-25/2016-01-31,True,False,0.070176804,0.79267037,-1,-16,0.72249356,15,True,True
2016-01-28_912828P38,2016-01-28,2016-01-21,912828P38,7-Year,7-Year,False,DGS7,7,2.9e+10,2016-01-21,2016-02-04,85,2.9e+10,0,0,sd0,2.9e+10,own,0,sd0,1,1,2016-01-25/2016-01-31,True,False,0.15917335,1.0154212,-2,-15,0.85624781,13,True,True
2016-02-09_912828P53,2016-02-09,2016-02-03,912828P53,3-Year,3-Year,False,DGS3,3,2.4e+10,2016-02-02,2016-02-17,87,2.4e+10,0,0,sd0,2.4e+10,previous,0,sd0,1,1,2016-02-08/2016-02-14,True,False,0.24716056,-0.22319312,-8,8,-0.47035367,-16,True,True
2016-02-10_912828P46,2016-02-10,2016-02-03,912828P46,10-Year,10-Year,False,DGS10,10,2.3e+10,2016-02-03,2016-02-18,232,2.2e+10,1.5491933e+09,0.64549722,ok,2.3e+10,own,0.64549722,ok,1.6454972,1.6454972,2016-02-08/2016-02-14,True,False,1.588005,-0.3380316,-17,4,-1.9260366,-21,True,True
2016-02-11_912810RQ3,2016-02-11,2016-02-03,912810RQ3,30-Year,30-Year,False,DGS30,30,1.5e+10,2016-02-04,2016-02-19,93,1.4e+10,1.5491933e+09,0.64549722,ok,1.5e+10,own,0.64549722,ok,1.6454972,1.6454972,2016-02-08/2016-02-14,True,False,4.2676817,-2.2323921,-20,11,-6.5000738,-31,True,True
2016-02-23_912828UR9,2016-02-23,2016-02-18,912828UR9,2-Year,5-Year,True,DGS5,5,2.6e+10,2016-02-16,2016-03-01,359,3.35e+10,3.6742346e+09,-2.0412415,ok,3.5e+10,previous,0.40824829,ok,1.4082483,0,2016-02-22/2016-02-28,True,False,0.017653555,-0.36930413,0,8,-0.38695769,-8,True,True
2016-02-24_912828P87,2016-02-24,2016-02-18,912828P87,5-Year,5-Year,False,DGS5,5,3.4e+10,2016-02-17,2016-03-02,360,3.2e+10,4.64758e+09,0.43033148,ok,3.5e+10,previous,0.40824829,ok,1.4082483,1.4303315,2016-02-22/2016-02-28,True,False,0.25954007,-0.60922695,-5,13,-0.86876702,-18,True,True
2016-02-26_912828P79,2016-02-26,2016-02-18,912828P79,7-Year,7-Year,False,DGS7,7,2.8e+10,2016-02-19,2016-03-04,86,2.9e+10,0,-3,sd0,2.8e+10,own,-3,sd0,0,0,2016-02-22/2016-02-28,True,False,-0.110063,-0.8961639,2,14,-0.78610089,-12,True,True
2016-03-08_912828P95,2016-03-08,2016-03-03,912828P95,3-Year,3-Year,False,DGS3,3,2.4e+10,2016-03-01,2016-03-15,88,2.4e+10,0,0,sd0,2.4e+10,previous,0,sd0,1,1,2016-03-07/2016-03-13,True,False,-0.16264784,-0.33700449,6,12,-0.17435665,-6,True,True
2016-03-09_912828P46,2016-03-09,2016-03-03,912828P46,9-Year 11-Month,10-Year,True,DGS10,10,2e+10,2016-03-02,2016-03-16,233,2.1833333e+10,1.3291601e+09,-1.3793171,ok,2.3e+10,previous,0.87774726,ok,1.8777473,0,2016-03-07/2016-03-13,True,False,-0.51606718,-0.33134877,6,4,0.18471841,2,True,True
2016-03-10_912810RQ3,2016-03-10,2016-03-03,912810RQ3,29-Year 11-Month,30-Year,True,DGS30,30,1.2e+10,2016-03-03,2016-03-17,94,1.3833333e+10,1.3291601e+09,-1.3793171,ok,1.2e+10,own,-1.3793171,ok,0,0,2016-03-07/2016-03-13,True,False,-0.98540121,0.24776779,5,-1,1.233169,6,True,True
2016-03-28_912828Q45,2016-03-28,2016-03-24,912828Q45,2-Year,2-Year,False,DGS2,2,2.6e+10,2016-03-18,2016-04-04,423,2.6e+10,0,0,sd0,2.6e+10,previous,0,sd0,1,1,2016-03-28/2016-04-03,True,False,-0.082816974,0.28746376,5,-14,0.37028074,19,True,True
2016-03-29_912828Q37,2016-03-29,2016-03-24,912828Q37,5-Year,5-Year,False,DGS5,5,3.4e+10,2016-03-21,2016-04-05,361,3.1833333e+10,4.5350487e+09,0.4777604,ok,3.4e+10,previous,0.4777604,ok,1.4777604,1.4777604,2016-03-28/2016-04-03,True,False,0.45781951,0.60067913,-9,-12,0.14285962,3,True,True
2016-03-30_912828Q29,2016-03-30,2016-03-24,912828Q29,7-Year,7-Year,False,DGS7,7,2.8e+10,2016-03-22,2016-04-06,87,2.8833333e+10,4.0824829e+08,-2.0412415,ok,2.8e+10,previous,-2.0412415,ok,0,0,2016-03-28/2016-04-03,True,False,0.95440635,0.5543044,-14,-8,-0.40010195,-6,True,True
2016-04-12_912828Q52,2016-04-12,2016-04-07,912828Q52,3-Year,3-Year,False,DGS3,3,2.4e+10,2016-04-05,2016-04-19,89,2.4e+10,0,0,sd0,2.4e+10,previous,0,sd0,1,1,2016-04-11/2016-04-17,True,False,-0.1357563,-0.046120005,5,2,0.089636298,3,True,True
2016-04-13_912828P46,2016-04-13,2016-04-07,912828P46,9-Year 10-Month,10-Year,True,DGS10,10,2e+10,2016-04-06,2016-04-20,234,2.1666667e+10,1.5055453e+09,-1.1070186,ok,2e+10,previous,-1.1070186,ok,0,0,2016-04-11/2016-04-17,True,False,-0.063980021,-0.69757391,1,8,-0.63359389,-7,True,True
2016-04-14_912810RQ3,2016-04-14,2016-04-07,912810RQ3,29-Year 10-Month,30-Year,True,DGS30,30,1.2e+10,2016-04-07,2016-04-21,95,1.3666667e+10,1.5055453e+09,-1.1070186,ok,1.2e+10,own,-1.1070186,ok,0,0,2016-04-11/2016-04-17,True,False,-1.8181891,-1.5962609,9,8,0.22192827,1,True,True
2016-04-25_912828Q94,2016-04-25,2016-04-21,912828Q94,2-Year,2-Year,False,DGS2,2,2.6e+10,2016-04-18,2016-05-02,424,2.6e+10,0,0,sd0,2.6e+10,previous,0,sd0,1,1,2016-04-25/2016-05-01,True,False,-0.18638535,0.11001495,10,-5,0.2964003,15,True,True
2016-04-26_912828Q78,2016-04-26,2016-04-21,912828Q78,5-Year,5-Year,False,DGS5,5,3.4e+10,2016-04-19,2016-05-03,362,3.3166667e+10,3.5449495e+09,0.23507622,ok,3.4e+10,previous,0.23507622,ok,1.2350762,1.2350762,2016-04-25/2016-05-01,True,False,-0.65146813,0.74596549,14,-15,1.3974336,29,True,True
2016-04-28_912828R28,2016-04-28,2016-04-21,912828R28,7-Year,7-Year,False,DGS7,7,2.8e+10,2016-04-21,2016-05-05,88,2.8666667e+10,5.1639778e+08,-1.2909944,ok,2.8e+10,own,-1.2909944,ok,0,0,2016-04-25/2016-05-01,True,False,0.35666856,0.55568588,-5,-8,0.19901733,3,True,True
2016-05-10_912828R44,2016-05-10,2016-05-04,912828R44,3-Year,3-Year,False,DGS3,3,2.4e+10,2016-05-03,2016-05-17,90,2.4e+10,0,0,sd0,2.4e+10,previous,0,sd0,1,1,2016-05-09/2016-05-15,True,False,0.13101238,-0.25288515,-4,9,-0.38389753,-13,True,True
2016-05-11_912828R36,2016-05-11,2016-05-04,912828R36,10-Year,10-Year,False,DGS10,10,2.3e+10,2016-05-04,2016-05-18,235,2.15e+10,1.6431677e+09,0.91287093,ok,2.3e+10,own,0.91287093,ok,1.9128709,1.9128709,2016-05-09/2016-05-15,True,False,0.57870161,-1.2427918,-6,14,-1.8214934,-20,True,True
2016-05-12_912810RS9,2016-05-12,2016-05-04,912810RS9,30-Year,30-Year,False,DGS30,30,1.5e+10,2016-05-05,2016-05-19,96,1.35e+10,1.6431677e+09,0.91287093,ok,1.5e+10,own,0.91287093,ok,1.9128709,1.9128709,2016-05-09/2016-05-15,True,False,0.044110046,-0.78912668,0,4,-0.83323673,-4,True,True
2016-05-24_912828R51,2016-05-24,2016-05-19,912828R51,2-Year,2-Year,False,DGS2,2,2.6e+10,2016-05-17,2016-06-01,425,2.6e+10,0,0,sd0,2.6e+10,previous,0,sd0,1,1,2016-05-23/2016-05-29,True,False,-0.18641978,0.032078499,10,-1,0.21849828,11,True,True
2016-05-25_912828R77,2016-05-25,2016-05-19,912828R77,5-Year,5-Year,False,DGS5,5,3.4e+10,2016-05-18,2016-06-02,363,3.3e+10,3.4641016e+09,0.28867513,ok,3.4e+10,previous,0.28867513,ok,1.2886751,1.2886751,2016-05-23/2016-05-29,True,False,0.068367877,0.21563249,-1,-4,0.14726461,3,True,True
2016-05-26_912828R69,2016-05-26,2016-05-19,912828R69,7-Year,7-Year,False,DGS7,7,2.8e+10,2016-05-19,2016-06-03,89,2.85e+10,5.4772256e+08,-0.91287093,ok,2.8e+10,own,-0.91287093,ok,0.087129071,0.087129071,2016-05-23/2016-05-29,True,False,0.15692332,1.0228924,-2,-15,0.86596908,13,True,True
2016-06-07_912828R85,2016-06-07,2016-06-02,912828R85,3-Year,3-Year,False,DGS3,3,2.4e+10,2016-05-31,2016-06-14,91,2.4e+10,0,0,sd0,2.4e+10,previous,0,sd0,1,1,2016-06-06/2016-06-12,True,False,0.2783727,0.27787152,-9,-9,-0.00050117617,-1.0658141e-14,True,True
2016-06-08_912828R36,2016-06-08,2016-06-02,912828R36,9-Year 11-Month,10-Year,True,DGS10,10,2e+10,2016-06-01,2016-06-15,236,2.1333333e+10,1.3662601e+09,-0.97590007,ok,2.3e+10,previous,1.2198751,ok,2,0.024099927,2016-06-06/2016-06-12,True,False,1.3111735,1.0409591,-14,-11,-0.27021439,-3,True,True
2016-06-09_912810RS9,2016-06-09,2016-06-02,912810RS9,29-Year 11-Month,30-Year,True,DGS30,30,1.2e+10,2016-06-02,2016-06-16,97,1.3333333e+10,1.3662601e+09,-0.97590007,ok,1.2e+10,own,-0.97590007,ok,0.024099927,0.024099927,2016-06-06/2016-06-12,True,False,2.1540086,1.9655873,-10,-9,-0.18842131,-1,True,True
2016-06-20_912828R93,2016-06-20,2016-06-16,912828R93,2-Year,2-Year,False,DGS2,2,2.6e+10,2016-06-13,2016-06-27,426,2.6e+10,0,0,sd0,2.6e+10,previous,0,sd0,1,1,2016-06-20/2016-06-26,True,False,-0.011107502,0.26583015,1,-13,0.27693765,14,True,True
2016-06-21_912828S27,2016-06-21,2016-06-16,912828S27,5-Year,5-Year,False,DGS5,5,3.4e+10,2016-06-14,2016-06-28,364,3.2833333e+10,3.3714487e+09,0.34604313,ok,3.4e+10,previous,0.34604313,ok,1.3460431,1.3460431,2016-06-20/2016-06-26,True,False,-0.32181098,1.0864574,7,-22,1.4082684,29,True,True
2016-06-22_912828S35,2016-06-22,2016-06-16,912828S35,7-Year,7-Year,False,DGS7,7,2.8e+10,2016-06-15,2016-06-29,90,2.8333333e+10,5.1639778e+08,-0.64549722,ok,2.8e+10,previous,-0.64549722,ok,0.35450278,0.35450278,2016-06-20/2016-06-26,True,False,-0.70559254,1.2864688,11,-19,1.9920614,30,True,True
2016-07-11_912828S43,2016-07-11,2016-07-07,912828S43,3-Year,3-Year,False,DGS3,3,2.4e+10,2016-07-01,2016-07-18,92,2.4e+10,0,0,sd0,2.4e+10,previous,0,sd0,1,1,2016-07-11/2016-07-17,True,False,-0.16591451,-0.22636541,6,8,-0.060450893,-2,True,True
2016-07-12_912828R36,2016-07-12,2016-07-07,912828R36,9-Year 10-Month,10-Year,True,DGS10,10,2e+10,2016-07-05,2016-07-19,237,2.1166667e+10,1.4719601e+09,-0.79259392,ok,2e+10,previous,-0.79259392,ok,0.20740608,0.20740608,2016-07-11/2016-07-17,True,False,-1.4548263,-0.25481533,16,3,1.200011,13,True,True
2016-07-13_912810RS9,2016-07-13,2016-07-07,912810RS9,29-Year 10-Month,30-Year,True,DGS30,30,1.2e+10,2016-07-06,2016-07-20,98,1.3166667e+10,1.4719601e+09,-0.79259392,ok,1.2e+10,previous,-0.79259392,ok,0.20740608,0.20740608,2016-07-11/2016-07-17,True,False,-0.85470338,-2.548779,4,12,-1.6940756,-8,True,True
2016-07-25_912828S68,2016-07-25,2016-07-21,912828S68,2-Year,2-Year,False,DGS2,2,2.6e+10,2016-07-18,2016-08-01,427,2.6e+10,0,0,sd0,2.6e+10,previous,0,sd0,1,1,2016-07-25/2016-07-31,True,False,-0.071705645,0.10703396,4,-5,0.17873961,9,True,True
2016-07-26_912828S76,2016-07-26,2016-07-21,912828S76,5-Year,5-Year,False,DGS5,5,3.4e+10,2016-07-19,2016-08-02,365,3.2666667e+10,3.2659863e+09,0.40824829,ok,3.4e+10,previous,0.40824829,ok,1.4082483,1.4082483,2016-07-25/2016-07-31,True,False,-0.1297658,0.40350959,3,-8,0.53327539,11,True,True
2016-07-28_912828S92,2016-07-28,2016-07-21,912828S92,7-Year,7-Year,False,DGS7,7,2.8e+10,2016-07-21,2016-08-04,91,2.8166667e+10,4.0824829e+08,-0.40824829,ok,2.8e+10,own,-0.40824829,ok,0.59175171,0.59175171,2016-07-25/2016-07-31,True,False,0.22007704,0.28628139,-3,-4,0.066204353,1,True,True
2016-08-09_9128282B5,2016-08-09,2016-08-03,9128282B5,3-Year,3-Year,False,DGS3,3,2.4e+10,2016-08-02,2016-08-16,93,2.4e+10,0,0,sd0,2.4e+10,previous,0,sd0,1,1,2016-08-08/2016-08-14,True,False,-0.13741738,-0.078167178,5,3,0.059250201,2,True,True
2016-08-10_9128282A7,2016-08-10,2016-08-03,9128282A7,10-Year,10-Year,False,DGS10,10,2.3e+10,2016-08-03,2016-08-17,238,2.1e+10,1.5491933e+09,1.2909944,ok,2.3e+10,own,1.2909944,ok,2,2,2016-08-08/2016-08-14,True,False,0.48543103,-0.53081098,-5,6,-1.016242,-11,True,True
2016-08-11_912810RT7,2016-08-11,2016-08-03,912810RT7,30-Year,30-Year,False,DGS30,30,1.5e+10,2016-08-04,2016-08-18,99,1.3e+10,1.5491933e+09,1.2909944,ok,1.5e+10,own,1.2909944,ok,2,2,2016-08-08/2016-08-14,True,False,-0.62003422,0.4677512,3,-2,1.0877854,5,True,True
2016-08-23_9128282C3,2016-08-23,2016-08-18,9128282C3,2-Year,2-Year,False,DGS2,2,2.6e+10,2016-08-16,2016-08-30,428,2.6e+10,0,0,sd0,2.6e+10,previous,0,sd0,1,1,2016-08-22/2016-08-28,True,False,0.048377092,-0.10968546,-2,6,-0.15806255,-8,True,True
2016-08-24_9128282F6,2016-08-24,2016-08-18,9128282F6,5-Year,5-Year,False,DGS5,5,3.4e+10,2016-08-17,2016-08-31,366,3.4e+10,0,0,sd0,3.4e+10,previous,0,sd0,1,1,2016-08-22/2016-08-28,True,False,0.11307792,-0.27430355,-2,6,-0.38738148,-8,True,True
2016-08-25_9128282D1,2016-08-25,2016-08-18,9128282D1,7-Year,7-Year,False,DGS7,7,2.8e+10,2016-08-18,2016-09-01,92,2.8e+10,0,0,sd0,2.8e+10,own,0,sd0,1,1,2016-08-22/2016-08-28,True,False,-0.31089543,-0.045822841,5,1,0.26507259,4,True,True
2016-09-12_9128282A7,2016-09-12,2016-09-08,9128282A7,9-Year 11-Month,10-Year,True,DGS10,10,2e+10,2016-09-02,2016-09-19,239,2.1e+10,1.5491933e+09,-0.64549722,ok,2.3e+10,previous,1.2909944,ok,2,0.35450278,2016-09-12/2016-09-18,True,False,-0.69996006,-0.15736454,8,2,0.54259552,6,True,True
2016-09-12_9128282G4,2016-09-12,2016-09-08,9128282G4,3-Year,3-Year,False,DGS3,3,2.4e+10,2016-09-02,2016-09-19,94,2.4e+10,0,0,sd0,2.4e+10,previous,0,sd0,1,1,2016-09-12/2016-09-18,True,False,0.015176754,0.01127755,0,0,-0.0038992038,0,True,True
2016-09-13_912810RT7,2016-09-13,2016-09-08,912810RT7,29-Year 11-Month,30-Year,True,DGS30,30,1.2e+10,2016-09-06,2016-09-20,100,1.3e+10,1.5491933e+09,-0.64549722,ok,1.5e+10,previous,1.2909944,ok,2,0.35450278,2016-09-12/2016-09-18,True,False,-4.7871812,0.88716303,23,-4,5.6743442,27,True,True
2016-09-26_912828T42,2016-09-26,2016-09-22,912828T42,2-Year,2-Year,False,DGS2,2,2.6e+10,2016-09-19,2016-10-03,429,2.6e+10,0,0,sd0,2.6e+10,previous,0,sd0,1,1,2016-09-26/2016-10-02,True,False,0.07004628,-0.069609903,-3,4,-0.13965618,-7,True,True
2016-09-27_912828T34,2016-09-27,2016-09-22,912828T34,5-Year,5-Year,False,DGS5,5,3.4e+10,2016-09-20,2016-10-04,367,3.4e+10,0,0,sd0,3.4e+10,previous,0,sd0,1,1,2016-09-26/2016-10-02,True,False,0.40617376,-0.46647243,-8,10,-0.87264619,-18,True,True
2016-09-28_912828T26,2016-09-28,2016-09-22,912828T26,7-Year,7-Year,False,DGS7,7,2.8e+10,2016-09-21,2016-10-05,93,2.8e+10,0,0,sd0,2.8e+10,previous,0,sd0,1,1,2016-09-26/2016-10-02,True,False,0.48852535,-0.83628281,-7,13,-1.3248082,-20,True,True
2016-10-12_9128282A7,2016-10-12,2016-10-06,9128282A7,9-Year 10-Month,10-Year,True,DGS10,10,2e+10,2016-10-04,2016-10-19,240,2.1e+10,1.5491933e+09,-0.64549722,ok,2e+10,previous,-0.64549722,ok,0.35450278,0.35450278,2016-10-10/2016-10-16,True,False,-0.87985161,0.30076273,10,-3,1.1806143,13,True,True
2016-10-12_912828T59,2016-10-12,2016-10-06,912828T59,3-Year,3-Year,False,DGS3,3,2.4e+10,2016-10-04,2016-10-19,95,2.4e+10,0,0,sd0,2.4e+10,previous,0,sd0,1,1,2016-10-10/2016-10-16,True,False,-0.1030642,0.10107806,4,-3,0.20414225,7,True,True
2016-10-13_912810RT7,2016-10-13,2016-10-06,912810RT7,29-Year 10-Month,30-Year,True,DGS30,30,1.2e+10,2016-10-05,2016-10-20,101,1.3e+10,1.5491933e+09,-0.64549722,ok,1.2e+10,previous,-0.64549722,ok,0.35450278,0.35450278,2016-10-10/2016-10-16,True,False,-0.79746084,-0.3831852,4,2,0.41427565,2,True,True
2016-10-25_912828T83,2016-10-25,2016-10-20,912828T83,2-Year,2-Year,False,DGS2,2,2.6e+10,2016-10-18,2016-11-01,430,2.6e+10,0,0,sd0,2.6e+10,previous,0,sd0,1,1,2016-10-24/2016-10-30,True,False,-0.069516005,0.069846766,4,-3,0.13936277,7,True,True
2016-10-26_912828T67,2016-10-26,2016-10-20,912828T67,5-Year,5-Year,False,DGS5,5,3.4e+10,2016-10-19,2016-11-02,368,3.4e+10,0,0,sd0,3.4e+10,previous,0,sd0,1,1,2016-10-24/2016-10-30,True,False,-0.27156722,0.2122261,6,-4,0.48379332,10,True,True
2016-10-27_912828T91,2016-10-27,2016-10-20,912828T91,7-Year,7-Year,False,DGS7,7,2.8e+10,2016-10-20,2016-11-03,94,2.8e+10,0,0,sd0,2.8e+10,own,0,sd0,1,1,2016-10-24/2016-10-30,True,False,-0.5690732,0.42103415,9,-6,0.99010735,15,True,True
2016-11-08_912828U32,2016-11-08,2016-11-02,912828U32,3-Year,3-Year,False,DGS3,3,2.4e+10,2016-11-01,2016-11-16,96,2.4e+10,0,0,sd0,2.4e+10,previous,0,sd0,1,1,2016-11-07/2016-11-13,True,False,-0.13558573,-0.6868587,5,24,-0.55127297,-19,True,True
2016-11-09_912828U24,2016-11-09,2016-11-02,912828U24,10-Year,10-Year,False,DGS10,10,2.3e+10,2016-11-02,2016-11-17,241,2.1e+10,1.5491933e+09,1.2909944,ok,2.3e+10,own,1.2909944,ok,2,2,2016-11-07/2016-11-13,True,False,-2.3053529,-1.9137296,26,22,0.39162334,4,True,True
2016-11-10_912810RU4,2016-11-10,2016-11-02,912810RU4,30-Year,30-Year,False,DGS30,30,1.5e+10,2016-11-03,2016-11-18,102,1.3e+10,1.5491933e+09,1.2909944,ok,1.5e+10,own,1.2909944,ok,2,2,2016-11-07/2016-11-13,True,False,-6.6739301,-1.328682,34,7,5.3452481,27,True,True
2016-11-21_912828U40,2016-11-21,2016-11-17,912828U40,2-Year,2-Year,False,DGS2,2,2.6e+10,2016-11-14,2016-11-29,431,2.6e+10,0,0,sd0,2.6e+10,previous,0,sd0,1,1,2016-11-21/2016-11-27,True,False,-0.14654398,-0.0061486814,8,1,0.1403953,7,True,True
2016-11-22_912828U65,2016-11-22,2016-11-17,912828U65,5-Year,5-Year,False,DGS5,5,3.4e+10,2016-11-15,2016-11-30,369,3.4e+10,0,0,sd0,3.4e+10,previous,0,sd0,1,1,2016-11-21/2016-11-27,True,False,-0.40386253,-0.25678646,9,6,0.14707607,3,True,True
2016-11-23_912828U57,2016-11-23,2016-11-17,912828U57,7-Year,7-Year,False,DGS7,7,2.8e+10,2016-11-16,2016-12-01,95,2.8e+10,0,0,sd0,2.8e+10,previous,0,sd0,1,1,2016-11-21/2016-11-27,True,False,-0.87190342,-0.47956099,14,8,0.39234243,6,True,True
2016-12-12_912828U24,2016-12-12,2016-12-08,912828U24,9-Year 11-Month,10-Year,True,DGS10,10,2e+10,2016-12-05,2016-12-19,242,2.1e+10,1.5491933e+09,-0.64549722,ok,2.3e+10,previous,1.2909944,ok,2,0.35450278,2016-12-12/2016-12-18,True,False,-0.8443032,-0.40192394,10,5,0.44237926,5,True,True
2016-12-12_912828U73,2016-12-12,2016-12-08,912828U73,3-Year,3-Year,False,DGS3,3,2.4e+10,2016-12-05,2016-12-19,97,2.4e+10,0,0,sd0,2.4e+10,previous,0,sd0,1,1,2016-12-12/2016-12-18,True,False,-0.041191792,-0.30150548,2,11,-0.26031369,-9,True,True
2016-12-13_912810RU4,2016-12-13,2016-12-08,912810RU4,29-Year 11-Month,30-Year,True,DGS30,30,1.2e+10,2016-12-06,2016-12-20,103,1.3e+10,1.5491933e+09,-0.64549722,ok,1.5e+10,previous,1.2909944,ok,2,0.35450278,2016-12-12/2016-12-18,True,False,-1.1180901,-0.14768463,6,1,0.97040544,5,True,True
2016-12-27_912828U99,2016-12-27,2016-12-22,912828U99,2-Year,2-Year,False,DGS2,2,2.6e+10,2016-12-19,2017-01-04,432,2.6e+10,0,0,sd0,2.6e+10,previous,0,sd0,1,1,2016-12-26/2017-01-01,True,False,-0.062619647,0.094531217,4,-4,0.15715086,8,True,True
2016-12-28_912828U81,2016-12-28,2016-12-22,912828U81,5-Year,5-Year,False,DGS5,5,3.4e+10,2016-12-20,2017-01-05,370,3.4e+10,0,0,sd0,3.4e+10,previous,0,sd0,1,1,2016-12-26/2017-01-01,True,False,0.22286407,0.79260875,-4,-16,0.56974468,12,True,True
2016-12-29_912828V23,2016-12-29,2016-12-22,912828V23,7-Year,7-Year,False,DGS7,7,2.8e+10,2016-12-21,2017-01-06,96,2.8e+10,0,0,sd0,2.8e+10,previous,0,sd0,1,1,2016-12-26/2017-01-01,True,False,0.36168035,0.48884458,-5,-7,0.12716423,2,True,True
2017-01-10_912828V31,2017-01-10,2017-01-05,912828V31,3-Year,3-Year,False,DGS3,3,2.4e+10,2017-01-03,2017-01-18,98,2.4e+10,0,0,sd0,2.4e+10,previous,0,sd0,1,1,2017-01-09/2017-01-15,True,False,0.10580509,-0.096837122,-3,4,-0.20264221,-7,True,True
2017-01-11_912828U24,2017-01-11,2017-01-05,912828U24,9-Year 10-Month,10-Year,True,DGS10,10,2e+10,2017-01-04,2017-01-19,243,2.1e+10,1.5491933e+09,-0.64549722,ok,2e+10,previous,-0.64549722,ok,0.35450278,0.35450278,2017-01-09/2017-01-15,True,False,0.74307693,-0.75477919,-8,9,-1.4978561,-17,True,True
2017-01-12_912810RU4,2017-01-12,2017-01-05,912810RU4,29-Year 10-Month,30-Year,True,DGS30,30,1.2e+10,2017-01-05,2017-01-20,104,1.3e+10,1.5491933e+09,-0.64549722,ok,1.2e+10,own,-0.64549722,ok,0.35450278,0.35450278,2017-01-09/2017-01-15,True,False,-0.93856921,-0.7357064,5,4,0.20286281,1,True,True
2017-01-24_912828V56,2017-01-24,2017-01-19,912828V56,2-Year,2-Year,False,DGS2,2,2.6e+10,2017-01-17,2017-01-31,433,2.6e+10,0,0,sd0,2.6e+10,previous,0,sd0,1,1,2017-01-23/2017-01-29,True,False,-0.065740221,0.052982548,4,-2,0.11872277,6,True,True
2017-01-25_912828V72,2017-01-25,2017-01-19,912828V72,5-Year,5-Year,False,DGS5,5,3.4e+10,2017-01-18,2017-02-01,371,3.4e+10,0,0,sd0,3.4e+10,previous,0,sd0,1,1,2017-01-23/2017-01-29,True,False,-0.25757615,0.31192117,6,-6,0.56949732,12,True,True
2017-01-26_912828V80,2017-01-26,2017-01-19,912828V80,7-Year,7-Year,False,DGS7,7,2.8e+10,2017-01-19,2017-02-02,97,2.8e+10,0,0,sd0,2.8e+10,own,0,sd0,1,1,2017-01-23/2017-01-29,True,False,-0.09696935,0.22661038,2,-3,0.32357973,5,True,True
2017-02-07_912828W22,2017-02-07,2017-02-01,912828W22,3-Year,3-Year,False,DGS3,3,2.4e+10,2017-01-31,2017-02-14,99,2.4e+10,0,0,sd0,2.4e+10,previous,0,sd0,1,1,2017-02-06/2017-02-12,True,False,0.10578379,-0.27423835,-3,10,-0.38002214,-13,True,True
2017-02-08_912828V98,2017-02-08,2017-02-01,912828V98,10-Year,10-Year,False,DGS10,10,2.3e+10,2017-02-01,2017-02-15,244,2.1e+10,1.5491933e+09,1.2909944,ok,2.3e+10,own,1.2909944,ok,2,2,2017-02-06/2017-02-12,True,False,1.2805698,-1.4558546,-14,17,-2.7364244,-31,True,True
2017-02-09_912810RV2,2017-02-09,2017-02-01,912810RV2,30-Year,30-Year,False,DGS30,30,1.5e+10,2017-02-02,2017-02-16,105,1.3e+10,1.5491933e+09,1.2909944,ok,1.5e+10,own,1.2909944,ok,2,2,2017-02-06/2017-02-12,True,False,1.4185264,-0.54160557,-7,3,-1.960132,-10,True,True
2017-02-21_912828W30,2017-02-21,2017-02-16,912828W30,2-Year,2-Year,False,DGS2,2,2.6e+10,2017-02-13,2017-02-28,434,2.6e+10,0,0,sd0,2.6e+10,previous,0,sd0,1,1,2017-02-20/2017-02-26,True,False,-0.024070701,0.012855924,2,0,0.036926625,2,True,True
2017-02-22_912828W55,2017-02-22,2017-02-16,912828W55,5-Year,5-Year,False,DGS5,5,3.4e+10,2017-02-14,2017-03-01,372,3.4e+10,0,0,sd0,3.4e+10,previous,0,sd0,1,1,2017-02-20/2017-02-26,True,False,0.3155571,-0.30650203,-6,7,-0.62205913,-13,True,True
2017-02-23_912828W48,2017-02-23,2017-02-16,912828W48,7-Year,7-Year,False,DGS7,7,2.8e+10,2017-02-15,2017-03-02,98,2.8e+10,0,0,sd0,2.8e+10,previous,0,sd0,1,1,2017-02-20/2017-02-26,True,False,0.87763785,-0.74008059,-13,12,-1.6177184,-25,True,True
2017-03-07_912828W63,2017-03-07,2017-03-02,912828W63,3-Year,3-Year,False,DGS3,3,2.4e+10,2017-02-28,2017-03-14,100,2.4e+10,0,0,sd0,2.4e+10,previous,0,sd0,1,1,2017-03-06/2017-03-12,True,False,-0.36129766,-0.1569732,13,6,0.20432446,7,True,True
2017-03-08_912828V98,2017-03-08,2017-03-02,912828V98,9-Year 11-Month,10-Year,True,DGS10,10,2e+10,2017-03-01,2017-03-15,245,2.1e+10,1.5491933e+09,-0.64549722,ok,2.3e+10,previous,1.2909944,ok,2,0.35450278,2017-03-06/2017-03-12,True,False,-0.92919476,0.5618216,11,-6,1.4910164,17,True,True
2017-03-09_912810RV2,2017-03-09,2017-03-02,912810RV2,29-Year 11-Month,30-Year,True,DGS30,30,1.2e+10,2017-03-02,2017-03-16,106,1.3e+10,1.5491933e+09,-0.64549722,ok,1.2e+10,own,-0.64549722,ok,0.35450278,0.35450278,2017-03-06/2017-03-12,True,False,-1.8730203,1.0101079,10,-5,2.8831282,15,True,True
2017-03-27_912828W97,2017-03-27,2017-03-23,912828W97,2-Year,2-Year,False,DGS2,2,2.6e+10,2017-03-20,2017-04-03,435,2.6e+10,0,0,sd0,2.6e+10,previous,0,sd0,1,1,2017-03-27/2017-04-02,True,False,0.068687245,0.068583451,-3,-3,-0.00010379462,0,True,True
2017-03-28_912828W89,2017-03-28,2017-03-23,912828W89,5-Year,5-Year,False,DGS5,5,3.4e+10,2017-03-21,2017-04-04,373,3.4e+10,0,0,sd0,3.4e+10,previous,0,sd0,1,1,2017-03-27/2017-04-02,True,False,-0.025104435,0.44955167,1,-9,0.4746561,10,True,True
2017-03-29_912828W71,2017-03-29,2017-03-23,912828W71,7-Year,7-Year,False,DGS7,7,2.8e+10,2017-03-22,2017-04-05,99,2.8e+10,0,0,sd0,2.8e+10,previous,0,sd0,1,1,2017-03-27/2017-04-02,True,False,0.091709567,0.47972701,-1,-7,0.38801744,6,True,True
2017-04-10_912828X21,2017-04-10,2017-04-06,912828X21,3-Year,3-Year,False,DGS3,3,2.4e+10,2017-04-03,2017-04-18,101,2.4e+10,0,0,sd0,2.4e+10,previous,0,sd0,1,1,2017-04-10/2017-04-16,True,False,-0.13290611,0.51180001,5,-17,0.64470612,22,True,True
2017-04-11_912828V98,2017-04-11,2017-04-06,912828V98,9-Year 10-Month,10-Year,True,DGS10,10,2e+10,2017-04-04,2017-04-19,246,2.1e+10,1.5491933e+09,-0.64549722,ok,2e+10,previous,-0.64549722,ok,0.35450278,0.35450278,2017-04-10/2017-04-16,True,False,0.38436906,1.013874,-4,-11,0.62950491,7,True,True
2017-04-12_912810RV2,2017-04-12,2017-04-06,912810RV2,29-Year 10-Month,30-Year,True,DGS30,30,1.2e+10,2017-04-05,2017-04-20,107,1.3e+10,1.5491933e+09,-0.64549722,ok,1.2e+10,previous,-0.64549722,ok,0.35450278,0.35450278,2017-04-10/2017-04-16,True,False,1.2351178,0.63872897,-6,-3,-0.5963888,-3,True,True
2017-04-25_912828ST8,2017-04-25,2017-04-20,912828ST8,2-Year,7-Year,True,DGS7,7,2.6e+10,2017-04-18,2017-05-02,100,2.8e+10,0,-3,sd0,2.8e+10,previous,0,sd0,1,0,2017-04-24/2017-04-30,True,False,-1.073227,0.41385943,17,-6,1.4870864,23,True,True
2017-04-26_912828X47,2017-04-26,2017-04-20,912828X47,5-Year,5-Year,False,DGS5,5,3.4e+10,2017-04-19,2017-05-03,374,3.4e+10,0,0,sd0,3.4e+10,previous,0,sd0,1,1,2017-04-24/2017-04-30,True,False,-0.45614289,-0.075790615,10,2,0.38035228,8,True,True
2017-04-27_912828X70,2017-04-27,2017-04-20,912828X70,7-Year,7-Year,False,DGS7,7,2.8e+10,2017-04-20,2017-05-04,101,2.7666667e+10,8.1649658e+08,0.40824829,ok,2.8e+10,own,0.40824829,ok,1.4082483,1.4082483,2017-04-24/2017-04-30,True,False,-0.23483728,-0.42742376,4,7,-0.19258648,-3,True,True
2017-05-09_912828X96,2017-05-09,2017-05-03,912828X96,3-Year,3-Year,False,DGS3,3,2.4e+10,2017-05-02,2017-05-16,102,2.4e+10,0,0,sd0,2.4e+10,previous,0,sd0,1,1,2017-05-08/2017-05-14,True,False,-0.33753444,0.27525713,12,-9,0.61279158,21,True,True
2017-05-10_912828X88,2017-05-10,2017-05-03,912828X88,10-Year,10-Year,False,DGS10,10,2.3e+10,2017-05-03,2017-05-17,247,2.1e+10,1.5491933e+09,1.2909944,ok,2.3e+10,own,1.2909944,ok,2,2,2017-05-08/2017-05-14,True,False,-0.67798186,1.7270355,8,-19,2.4050174,27,True,True
2017-05-11_912810RX8,2017-05-11,2017-05-03,912810RX8,30-Year,30-Year,False,DGS30,30,1.5e+10,2017-05-04,2017-05-18,108,1.3e+10,1.5491933e+09,1.2909944,ok,1.5e+10,own,1.2909944,ok,2,2,2017-05-08/2017-05-14,True,False,-0.54849653,2.6388743,3,-13,3.1873708,16,True,True
2017-05-23_912828XS4,2017-05-23,2017-05-18,912828XS4,2-Year,2-Year,False,DGS2,2,2.6e+10,2017-05-16,2017-05-31,436,2.6e+10,0,0,sd0,2.6e+10,previous,0,sd0,1,1,2017-05-22/2017-05-28,True,False,-0.032102257,0.067027506,2,-3,0.099129763,5,True,True
2017-05-24_912828XR6,2017-05-24,2017-05-18,912828XR6,5-Year,5-Year,False,DGS5,5,3.4e+10,2017-05-17,2017-06-01,375,3.4e+10,0,0,sd0,3.4e+10,previous,0,sd0,1,1,2017-05-22/2017-05-28,True,False,-0.1260639,0.16125409,3,-3,0.28731799,6,True,True
2017-05-25_912828XT2,2017-05-25,2017-05-18,912828XT2,7-Year,7-Year,False,DGS7,7,2.8e+10,2017-05-18,2017-06-02,102,2.7666667e+10,8.1649658e+08,0.40824829,ok,2.8e+10,own,0.40824829,ok,1.4082483,1.4082483,2017-05-22/2017-05-28,True,False,-0.10801842,0.67538907,2,-10,0.78340749,12,True,True
2017-06-12_912828X88,2017-06-12,2017-06-08,912828X88,9-Year 11-Month,10-Year,True,DGS10,10,2e+10,2017-06-05,2017-06-19,248,2.1e+10,1.5491933e+09,-0.64549722,ok,2.3e+10,previous,1.2909944,ok,2,0.35450278,2017-06-12/2017-06-18,True,False,-0.24534078,0.20046882,3,-2,0.4458096,5,True,True
2017-06-12_912828XU9,2017-06-12,2017-06-08,912828XU9,3-Year,3-Year,False,DGS3,3,2.4e+10,2017-06-05,2017-06-19,103,2.4e+10,0,0,sd0,2.4e+10,previous,0,sd0,1,1,2017-06-12/2017-06-18,True,False,-0.13670939,-0.04889927,5,2,0.087810116,3,True,True
2017-06-13_912810RX8,2017-06-13,2017-06-08,912810RX8,29-Year 11-Month,30-Year,True,DGS30,30,1.2e+10,2017-06-06,2017-06-20,109,1.3e+10,1.5491933e+09,-0.64549722,ok,1.5e+10,previous,1.2909944,ok,2,0.35450278,2017-06-12/2017-06-18,True,False,-1.1645529,2.6878199,6,-13,3.8523728,19,True,True
2017-06-26_912828XV7,2017-06-26,2017-06-22,912828XV7,2-Year,2-Year,False,DGS2,2,2.6e+10,2017-06-19,2017-07-03,437,2.6e+10,0,0,sd0,2.6e+10,previous,0,sd0,1,1,2017-06-26/2017-07-02,True,False,0.0073304199,-0.091010492,0,5,-0.098340912,-5,True,True
2017-06-27_912828XW5,2017-06-27,2017-06-22,912828XW5,5-Year,5-Year,False,DGS5,5,3.4e+10,2017-06-20,2017-07-05,376,3.4e+10,0,0,sd0,3.4e+10,previous,0,sd0,1,1,2017-06-26/2017-07-02,True,False,-0.27002508,-0.40794049,6,9,-0.13791541,-3,True,True
2017-06-28_912828XX3,2017-06-28,2017-06-22,912828XX3,7-Year,7-Year,False,DGS7,7,2.8e+10,2017-06-21,2017-07-06,103,2.7666667e+10,8.1649658e+08,0.40824829,ok,2.8e+10,previous,0.40824829,ok,1.4082483,1.4082483,2017-06-26/2017-07-02,True,False,-0.30522969,-1.00619,5,16,-0.70096026,-11,True,True
2017-07-11_9128282J8,2017-07-11,2017-07-06,9128282J8,3-Year,3-Year,False,DGS3,3,2.4e+10,2017-07-03,2017-07-18,104,2.4e+10,0,0,sd0,2.4e+10,previous,0,sd0,1,1,2017-07-10/2017-07-16,True,False,0.099708195,0.15567354,-3,-5,0.055965342,2,True,True
2017-07-12_912828X88,2017-07-12,2017-07-06,912828X88,9-Year 10-Month,10-Year,True,DGS10,10,2e+10,2017-07-05,2017-07-19,249,2.1e+10,1.5491933e+09,-0.64549722,ok,2e+10,previous,-0.64549722,ok,0.35450278,0.35450278,2017-07-10/2017-07-16,True,False,0.024844758,0.55858899,0,-6,0.53374423,6,True,True
2017-07-13_912810RX8,2017-07-13,2017-07-06,912810RX8,29-Year 10-Month,30-Year,True,DGS30,30,1.2e+10,2017-07-06,2017-07-20,110,1.3e+10,1.5491933e+09,-0.64549722,ok,1.2e+10,own,-0.64549722,ok,0.35450278,0.35450278,2017-07-10/2017-07-16,True,False,-0.36379991,1.8509291,2,-9,2.214729,11,True,True
2017-07-25_9128282K5,2017-07-25,2017-07-20,9128282K5,2-Year,2-Year,False,DGS2,2,2.6e+10,2017-07-18,2017-08-01,438,2.6e+10,0,0,sd0,2.6e+10,previous,0,sd0,1,1,2017-07-24/2017-07-30,True,False,-0.073863592,0.12296597,4,-6,0.19682957,10,True,True
2017-07-26_9128282P4,2017-07-26,2017-07-20,9128282P4,5-Year,5-Year,False,DGS5,5,3.4e+10,2017-07-19,2017-08-02,377,3.4e+10,0,0,sd0,3.4e+10,previous,0,sd0,1,1,2017-07-24/2017-07-30,True,False,0.012749538,0.061901179,0,-1,0.049151641,1,True,True
2017-07-27_9128282N9,2017-07-27,2017-07-20,9128282N9,7-Year,7-Year,False,DGS7,7,2.8e+10,2017-07-20,2017-08-03,104,2.7666667e+10,8.1649658e+08,0.40824829,ok,2.8e+10,own,0.40824829,ok,1.4082483,1.4082483,2017-07-24/2017-07-30,True,False,-0.24196821,0.47406304,4,-7,0.71603125,11,True,True
2017-08-08_9128282Q2,2017-08-08,2017-08-02,9128282Q2,3-Year,3-Year,False,DGS3,3,2.4e+10,2017-08-01,2017-08-15,105,2.4e+10,0,0,sd0,2.4e+10,previous,0,sd0,1,1,2017-08-07/2017-08-13,True,False,-0.078899438,0.067029938,3,-2,0.14592938,5,True,True
2017-08-09_9128282R0,2017-08-09,2017-08-02,9128282R0,10-Year,10-Year,False,DGS10,10,2.3e+10,2017-08-02,2017-08-16,250,2.1e+10,1.5491933e+09,1.2909944,ok,2.3e+10,own,1.2909944,ok,2,2,2017-08-07/2017-08-13,True,False,0.28971696,0.11088643,-3,-1,-0.17883053,-2,True,True
2017-08-10_912810RY6,2017-08-10,2017-08-02,912810RY6,30-Year,30-Year,False,DGS30,30,1.5e+10,2017-08-03,2017-08-17,111,1.3e+10,1.5491933e+09,1.2909944,ok,1.5e+10,own,1.2909944,ok,2,2,2017-08-07/2017-08-13,True,False,0.43621748,0.2345087,-2,-1,-0.20170878,-1,True,True
2017-08-28_9128282T6,2017-08-28,2017-08-24,9128282T6,2-Year,2-Year,False,DGS2,2,2.6e+10,2017-08-21,2017-09-05,439,2.6e+10,0,0,sd0,2.6e+10,previous,0,sd0,1,1,2017-08-28/2017-09-03,True,False,-0.013378567,0.065957793,1,-3,0.07933636,4,True,True
2017-08-28_9128282S8,2017-08-28,2017-08-24,9128282S8,5-Year,5-Year,False,DGS5,5,3.4e+10,2017-08-21,2017-09-05,378,3.4e+10,0,0,sd0,3.4e+10,previous,0,sd0,1,1,2017-08-28/2017-09-03,True,False,0.1096783,0.44510015,-2,-9,0.33542186,7,True,True
2017-08-29_9128282U3,2017-08-29,2017-08-24,9128282U3,7-Year,7-Year,False,DGS7,7,2.8e+10,2017-08-22,2017-09-06,105,2.7666667e+10,8.1649658e+08,0.40824829,ok,2.8e+10,previous,0.40824829,ok,1.4082483,1.4082483,2017-08-28/2017-09-03,True,False,0.54012853,0.21481908,-8,-3,-0.32530945,-5,True,True
2017-09-11_9128282V1,2017-09-11,2017-09-07,9128282V1,3-Year,3-Year,False,DGS3,3,2.4e+10,2017-09-01,2017-09-18,106,2.4e+10,0,0,sd0,2.4e+10,previous,0,sd0,1,1,2017-09-11/2017-09-17,True,False,0.069110015,-0.28279884,-2,10,-0.35190885,-12,True,True
2017-09-12_9128282R0,2017-09-12,2017-09-07,9128282R0,9-Year 11-Month,10-Year,True,DGS10,10,2e+10,2017-09-05,2017-09-19,251,2.1e+10,1.5491933e+09,-0.64549722,ok,2.3e+10,previous,1.2909944,ok,2,0.35450278,2017-09-11/2017-09-17,True,False,-0.87435449,-0.60108649,10,7,0.273268,3,True,True
2017-09-13_912810RY6,2017-09-13,2017-09-07,912810RY6,29-Year 11-Month,30-Year,True,DGS30,30,1.2e+10,2017-09-06,2017-09-20,112,1.3e+10,1.5491933e+09,-0.64549722,ok,1.5e+10,previous,1.2909944,ok,2,0.35450278,2017-09-11/2017-09-17,True,False,-1.3891309,-0.57179978,7,3,0.81733113,4,True,True
2017-09-26_9128282X7,2017-09-26,2017-09-21,9128282X7,2-Year,2-Year,False,DGS2,2,2.6e+10,2017-09-19,2017-10-03,440,2.6e+10,0,0,sd0,2.6e+10,previous,0,sd0,1,1,2017-09-25/2017-10-01,True,False,-0.090133156,-0.030985432,5,2,0.059147724,3,True,True
2017-09-27_9128282W9,2017-09-27,2017-09-21,9128282W9,5-Year,5-Year,False,DGS5,5,3.4e+10,2017-09-20,2017-10-04,379,3.4e+10,0,0,sd0,3.4e+10,previous,0,sd0,1,1,2017-09-25/2017-10-01,True,False,-0.07897003,-0.030730829,2,1,0.048239201,1,True,True
2017-09-28_9128282Y5,2017-09-28,2017-09-21,9128282Y5,7-Year,7-Year,False,DGS7,7,2.8e+10,2017-09-21,2017-10-05,106,2.7666667e+10,8.1649658e+08,0.40824829,ok,2.8e+10,own,0.40824829,ok,1.4082483,1.4082483,2017-09-25/2017-10-01,True,False,-0.10959,-0.23721667,2,4,-0.12762666,-2,True,True
2017-10-11_9128282R0,2017-10-11,2017-10-05,9128282R0,9-Year 10-Month,10-Year,True,DGS10,10,2e+10,2017-10-03,2017-10-18,252,2.1e+10,1.5491933e+09,-0.64549722,ok,2e+10,previous,-0.64549722,ok,0.35450278,0.35450278,2017-10-09/2017-10-15,True,False,-0.14934668,0.11128194,2,-1,0.26062862,3,True,True
2017-10-11_9128282Z2,2017-10-11,2017-10-05,9128282Z2,3-Year,3-Year,False,DGS3,3,2.4e+10,2017-10-03,2017-10-18,107,2.4e+10,0,0,sd0,2.4e+10,previous,0,sd0,1,1,2017-10-09/2017-10-15,True,False,-0.10384643,-0.10514132,4,4,-0.0012948902,-2.220446e-14,True,True
2017-10-12_912810RY6,2017-10-12,2017-10-05,912810RY6,29-Year 10-Month,30-Year,True,DGS30,30,1.2e+10,2017-10-04,2017-10-19,113,1.3e+10,1.5491933e+09,-0.64549722,ok,1.2e+10,previous,-0.64549722,ok,0.35450278,0.35450278,2017-10-09/2017-10-15,True,False,0.23880931,0.63356712,-1,-3,0.39475781,2,True,True
2017-10-24_912828F62,2017-10-24,2017-10-19,912828F62,2-Year,5-Year,True,DGS5,5,2.6e+10,2017-10-17,2017-10-31,380,3.4e+10,0,-3,sd0,3.4e+10,previous,0,sd0,1,0,2017-10-23/2017-10-29,True,False,-0.36070271,0.20709064,8,-4,0.56779336,12,True,True
2017-10-25_9128283C2,2017-10-25,2017-10-19,9128283C2,5-Year,5-Year,False,DGS5,5,3.4e+10,2017-10-18,2017-11-01,381,3.2666667e+10,3.2659863e+09,0.40824829,ok,3.4e+10,previous,0,sd0,1,1.4082483,2017-10-23/2017-10-29,True,False,-0.3132623,0.25427446,7,-5,0.56753676,12,True,True
2017-10-26_9128283D0,2017-10-26,2017-10-19,9128283D0,7-Year,7-Year,False,DGS7,7,2.8e+10,2017-10-19,2017-11-02,107,2.8e+10,0,0,sd0,2.8e+10,own,0,sd0,1,1,2017-10-23/2017-10-29,True,False,-0.7492612,0.60260578,12,-9,1.351867,21,True,True
2017-11-07_9128283G3,2017-11-07,2017-11-01,9128283G3,3-Year,3-Year,False,DGS3,3,2.4e+10,2017-10-31,2017-11-14,108,2.4e+10,0,0,sd0,2.4e+10,previous,0,sd0,1,1,2017-11-06/2017-11-12,True,False,-0.047236174,-0.16337994,2,6,-0.11614377,-4,True,True
2017-11-08_9128283F5,2017-11-08,2017-11-01,9128283F5,10-Year,10-Year,False,DGS10,10,2.3e+10,2017-11-01,2017-11-15,253,2.1e+10,1.5491933e+09,1.2909944,ok,2.3e+10,own,1.2909944,ok,2,2,2017-11-06/2017-11-12,True,False,0.46637274,-0.068121848,-5,1,-0.53449459,-6,True,True
2017-11-09_912810RZ3,2017-11-09,2017-11-01,912810RZ3,30-Year,30-Year,False,DGS30,30,1.5e+10,2017-11-02,2017-11-16,114,1.3e+10,1.5491933e+09,1.2909944,ok,1.5e+10,own,1.2909944,ok,2,2,2017-11-06/2017-11-12,True,False,0.43324885,0.021843624,-2,0,-0.41140522,-2,True,True
2017-11-27_9128283H1,2017-11-27,2017-11-22,9128283H1,2-Year,2-Year,False,DGS2,2,2.6e+10,2017-11-17,2017-12-04,441,2.6e+10,0,0,sd0,2.6e+10,previous,0,sd0,1,1,2017-11-27/2017-12-03,True,False,-0.0064350672,-0.10739106,1,6,-0.10095599,-5,True,True
2017-11-27_912828M80,2017-11-27,2017-11-22,912828M80,5-Year,7-Year,True,DGS7,7,3.4e+10,2017-11-17,2017-12-04,108,2.8e+10,0,3,sd0,2.8e+10,previous,0,sd0,1,2,2017-11-27/2017-12-03,True,False,0.1549967,-0.49524866,-2,8,-0.65024536,-10,True,True
2017-11-28_9128283J7,2017-11-28,2017-11-22,9128283J7,7-Year,7-Year,False,DGS7,7,2.8e+10,2017-11-20,2017-12-05,109,2.9e+10,2.4494897e+09,-0.40824829,ok,2.8e+10,previous,0,sd0,1,0.59175171,2017-11-27/2017-12-03,True,False,0.14942352,-0.2382657,-2,4,-0.38768922,-6,True,True
2017-12-11_9128283F5,2017-12-11,2017-12-07,9128283F5,9-Year 11-Month,10-Year,True,DGS10,10,2e+10,2017-12-04,2017-12-18,254,2.1e+10,1.5491933e+09,-0.64549722,ok,2.3e+10,previous,1.2909944,ok,2,0.35450278,2017-12-11/2017-12-17,True,False,-0.1565346,0.019814617,2,0,0.17634922,2,True,True
2017-12-11_9128283L2,2017-12-11,2017-12-07,9128283L2,3-Year,3-Year,False,DGS3,3,2.4e+10,2017-12-04,2017-12-18,109,2.4e+10,0,0,sd0,2.4e+10,previous,0,sd0,1,1,2017-12-11/2017-12-17,True,False,-0.045446038,0.040992229,2,-1,0.086438266,3,True,True
2017-12-12_912810RZ3,2017-12-12,2017-12-07,912810RZ3,29-Year 11-Month,30-Year,True,DGS30,30,1.2e+10,2017-12-05,2017-12-19,115,1.3e+10,1.5491933e+09,-0.64549722,ok,1.5e+10,previous,1.2909944,ok,2,0.35450278,2017-12-11/2017-12-17,True,False,-1.1859989,-0.5876424,6,3,0.59835653,3,True,True
2017-12-26_9128283N8,2017-12-26,2017-12-21,9128283N8,2-Year,2-Year,False,DGS2,2,2.6e+10,2017-12-18,2018-01-03,442,2.6e+10,0,0,sd0,2.6e+10,previous,0,sd0,1,1,2017-12-25/2017-12-31,True,False,-0.14387328,-0.027850915,8,2,0.11602236,6,True,True
2017-12-27_912828N30,2017-12-27,2017-12-21,912828N30,5-Year,7-Year,True,DGS7,7,3.4e+10,2017-12-19,2018-01-04,110,2.9e+10,2.4494897e+09,2.0412415,ok,2.8e+10,previous,-0.40824829,ok,0.59175171,2,2017-12-25/2017-12-31,True,False,0.21502687,-0.23554625,-3,4,-0.45057313,-7,True,True
2017-12-28_9128283P3,2017-12-28,2017-12-21,9128283P3,7-Year,7-Year,False,DGS7,7,2.8e+10,2017-12-20,2018-01-05,111,3e+10,3.0983867e+09,-0.64549722,ok,2.8e+10,previous,-0.40824829,ok,0.59175171,0.35450278,2017-12-25/2017-12-31,True,False,0.27888708,-0.23517104,-4,4,-0.51405812,-8,True,True
2018-01-09_9128283Q1,2018-01-09,2018-01-04,9128283Q1,3-Year,3-Year,False,DGS3,3,2.4e+10,2018-01-02,2018-01-17,110,2.4e+10,0,0,sd0,2.4e+10,previous,0,sd0,1,1,2018-01-08/2018-01-14,True,False,-0.21877002,-0.15826487,8,6,0.060505145,2,True,True
2018-01-10_9128283F5,2018-01-10,2018-01-04,9128283F5,9-Year 10-Month,10-Year,True,DGS10,10,2e+10,2018-01-03,2018-01-18,255,2.1e+10,1.5491933e+09,-0.64549722,ok,2e+10,previous,-0.64549722,ok,0.35450278,0.35450278,2018-01-08/2018-01-14,True,False,-0.94356717,-0.58758221,11,7,0.35598496,4,True,True
2018-01-11_912810RZ3,2018-01-11,2018-01-04,912810RZ3,29-Year 10-Month,30-Year,True,DGS30,30,1.2e+10,2018-01-04,2018-01-19,116,1.3e+10,1.5491933e+09,-0.64549722,ok,1.2e+10,own,-0.64549722,ok,0.35450278,0.35450278,2018-01-08/2018-01-14,True,False,-2.3578964,0.025576441,12,0,2.3834729,12,True,True
2018-01-23_9128283S7,2018-01-23,2018-01-18,9128283S7,2-Year,2-Year,False,DGS2,2,2.6e+10,2018-01-16,2018-01-30,443,2.6e+10,0,0,sd0,2.6e+10,previous,0,sd0,1,1,2018-01-22/2018-01-28,True,False,-0.046400665,-0.12309155,3,7,-0.076690882,-4,True,True
2018-01-24_9128283U2,2018-01-24,2018-01-18,9128283U2,5-Year,5-Year,False,DGS5,5,3.4e+10,2018-01-17,2018-01-31,382,3.2666667e+10,3.2659863e+09,0.40824829,ok,3.4e+10,previous,0.40824829,ok,1.4082483,1.4082483,2018-01-22/2018-01-28,True,False,-0.16803634,-0.39988758,4,9,-0.23185124,-5,True,True
2018-01-25_9128283V0,2018-01-25,2018-01-18,9128283V0,7-Year,7-Year,False,DGS7,7,2.8e+10,2018-01-18,2018-02-01,112,3e+10,3.0983867e+09,-0.64549722,ok,2.8e+10,own,-0.64549722,ok,0.35450278,0.35450278,2018-01-22/2018-01-28,True,False,0.021480415,-1.0519825,0,17,-1.0734629,-17,True,True
2018-02-06_9128283X6,2018-02-06,2018-01-31,9128283X6,3-Year,3-Year,False,DGS3,3,2.6e+10,2018-01-30,2018-02-13,111,2.4e+10,0,3,sd0,2.4e+10,previous,0,sd0,1,2,2018-02-05/2018-02-11,True,False,-0.070979882,0.014294696,3,0,0.085274578,3,True,True
2018-02-07_9128283W8,2018-02-07,2018-01-31,9128283W8,10-Year,10-Year,False,DGS10,10,2.4e+10,2018-01-31,2018-02-14,256,2.1e+10,1.5491933e+09,1.9364917,ok,2.4e+10,own,1.9364917,ok,2,2,2018-02-05/2018-02-11,True,False,-1.0135382,-0.57963733,12,7,0.43390086,5,True,True
2018-02-08_912810SA7,2018-02-08,2018-01-31,912810SA7,30-Year,30-Year,False,DGS30,30,1.6e+10,2018-02-01,2018-02-15,117,1.3e+10,1.5491933e+09,1.9364917,ok,1.6e+10,own,1.9364917,ok,2,2,2018-02-05/2018-02-11,True,False,-2.4810482,-0.16736927,13,1,2.3136789,12,True,True
2018-02-20_9128283Y4,2018-02-20,2018-02-15,9128283Y4,2-Year,2-Year,False,DGS2,2,2.8e+10,2018-02-12,2018-02-27,444,2.6e+10,0,3,sd0,2.6e+10,previous,0,sd0,1,2,2018-02-19/2018-02-25,True,False,-0.29767271,-0.02725933,16,2,0.27041338,14,True,True
2018-02-21_9128284A5,2018-02-21,2018-02-15,9128284A5,5-Year,5-Year,False,DGS5,5,3.5e+10,2018-02-13,2018-02-28,383,3.2666667e+10,3.2659863e+09,0.71443451,ok,3.4e+10,previous,0.40824829,ok,1.4082483,1.7144345,2018-02-19/2018-02-25,True,False,-0.67421523,0.20490106,15,-4,0.87911629,19,True,True
2018-02-22_9128283Z1,2018-02-22,2018-02-15,9128283Z1,7-Year,7-Year,False,DGS7,7,2.9e+10,2018-02-14,2018-03-01,113,3e+10,3.0983867e+09,-0.32274861,ok,2.8e+10,previous,-0.64549722,ok,0.35450278,0.67725139,2018-02-19/2018-02-25,True,False,0.026242025,0.65498542,0,-10,0.6287434,10,True,True
2018-03-12_9128283W8,2018-03-12,2018-03-08,9128283W8,9-Year 11-Month,10-Year,True,DGS10,10,2.1e+10,2018-03-05,2018-03-19,257,2.1166667e+10,1.8348479e+09,-0.090834052,ok,2.4e+10,previous,1.5441789,ok,2,0.90916595,2018-03-12/2018-03-18,True,False,0.10910225,0.19353104,-1,-2,0.084428792,1,True,True
2018-03-12_9128284B3,2018-03-12,2018-03-08,9128284B3,3-Year,3-Year,False,DGS3,3,2.8e+10,2018-03-05,2018-03-19,112,2.4333333e+10,8.1649658e+08,3,clipped,2.6e+10,previous,2.0412415,ok,2,2,2018-03-12/2018-03-18,True,False,-0.042841966,-0.044303557,2,2,-0.0014615906,0,True,True
2018-03-13_912810SA7,2018-03-13,2018-03-08,912810SA7,29-Year 11-Month,30-Year,True,DGS30,30,1.3e+10,2018-03-06,2018-03-20,118,1.3166667e+10,1.8348479e+09,-0.090834052,ok,1.6e+10,previous,1.5441789,ok,2,0.90916595,2018-03-12/2018-03-18,True,False,0.80486483,-0.36527952,-4,2,-1.1701443,-6,True,True
2018-03-26_9128284C1,2018-03-26,2018-03-22,9128284C1,2-Year,2-Year,False,DGS2,2,3e+10,2018-03-19,2018-04-03,445,2.6333333e+10,8.1649658e+08,3,clipped,2.8e+10,previous,2.0412415,ok,2,2,2018-03-26/2018-04-01,True,False,-0.02784449,0.10885021,2,-5,0.1366947,7,True,True
2018-03-27_9128284D9,2018-03-27,2018-03-22,9128284D9,5-Year,5-Year,False,DGS5,5,3.5e+10,2018-03-20,2018-04-04,384,3.2833333e+10,3.3714487e+09,0.64265152,ok,3.5e+10,previous,0.64265152,ok,1.6426515,1.6426515,2018-03-26/2018-04-01,True,False,0.53027561,-0.12148754,-11,3,-0.65176315,-14,True,True
2018-03-28_9128284F4,2018-03-28,2018-03-22,9128284F4,7-Year,7-Year,False,DGS7,7,2.9e+10,2018-03-21,2018-04-05,114,3.0166667e+10,2.9944393e+09,-0.38961106,ok,2.9e+10,previous,-0.38961106,ok,0.61038894,0.61038894,2018-03-26/2018-04-01,True,False,0.65286585,-0.23212588,-10,4,-0.88499173,-14,True,True
2018-04-10_9128284G2,2018-04-10,2018-04-05,9128284G2,3-Year,3-Year,False,DGS3,3,3e+10,2018-04-03,2018-04-17,113,2.5e+10,1.6733201e+09,2.9880715,ok,2.8e+10,previous,1.7928429,ok,2,2,2018-04-09/2018-04-15,True,False,-0.10143337,-0.18639923,4,7,-0.084965859,-3,True,True
2018-04-11_9128283W8,2018-04-11,2018-04-05,9128283W8,9-Year 10-Month,10-Year,True,DGS10,10,2.1e+10,2018-04-04,2018-04-18,258,2.1333333e+10,1.7511901e+09,-0.19034675,ok,2.1e+10,previous,-0.19034675,ok,0.80965325,0.80965325,2018-04-09/2018-04-15,True,False,0.019569747,-0.67033644,0,8,-0.68990619,-8,True,True
2018-04-12_912810SA7,2018-04-12,2018-04-05,912810SA7,29-Year 10-Month,30-Year,True,DGS30,30,1.3e+10,2018-04-05,2018-04-19,119,1.3333333e+10,1.7511901e+09,-0.19034675,ok,1.3e+10,own,-0.19034675,ok,0.80965325,0.80965325,2018-04-09/2018-04-15,True,False,0.41093969,-1.143317,-2,6,-1.5542567,-8,True,True
2018-04-24_9128284J6,2018-04-24,2018-04-19,9128284J6,2-Year,2-Year,False,DGS2,2,3.2e+10,2018-04-17,2018-05-01,446,2.7e+10,1.6733201e+09,2.9880715,ok,3e+10,previous,1.7928429,ok,2,2,2018-04-23/2018-04-29,True,False,-0.12304642,-0.025899472,7,2,0.097146947,5,True,True
2018-04-25_9128284L1,2018-04-25,2018-04-19,9128284L1,5-Year,5-Year,False,DGS5,5,3.5e+10,2018-04-18,2018-05-02,385,3.3e+10,3.4641016e+09,0.57735027,ok,3.5e+10,previous,0.57735027,ok,1.5773503,1.5773503,2018-04-23/2018-04-29,True,False,-0.48992913,0.2042561,11,-4,0.69418523,15,True,True
2018-04-26_9128284M9,2018-04-26,2018-04-19,9128284M9,7-Year,7-Year,False,DGS7,7,2.9e+10,2018-04-19,2018-05-03,115,2.9333333e+10,2.3380904e+09,-0.14256649,ok,2.9e+10,own,-0.14256649,ok,0.85743351,0.85743351,2018-04-23/2018-04-29,True,False,-0.48109807,0.33581989,8,-5,0.81691796,13,True,True
2018-05-08_9128284P2,2018-05-08,2018-05-02,9128284P2,3-Year,3-Year,False,DGS3,3,3.1e+10,2018-05-01,2018-05-15,114,2.6e+10,2.5298221e+09,1.9764235,ok,3e+10,previous,1.5811388,ok,2,2,2018-05-07/2018-05-13,True,False,0.015565281,-0.24183918,0,9,-0.25740446,-9,True,True
2018-05-09_9128284N7,2018-05-09,2018-05-02,9128284N7,10-Year,10-Year,False,DGS10,10,2.5e+10,2018-05-02,2018-05-16,259,2.15e+10,1.6431677e+09,2.1300322,ok,2.5e+10,own,2.1300322,ok,2,2,2018-05-07/2018-05-13,True,False,-0.23622809,-0.74802643,3,9,-0.51179834,-6,True,True
2018-05-10_912810SC3,2018-05-10,2018-05-02,912810SC3,30-Year,30-Year,False,DGS30,30,1.7e+10,2018-05-03,2018-05-17,120,1.35e+10,1.6431677e+09,2.1300322,ok,1.7e+10,own,2.1300322,ok,2,2,2018-05-07/2018-05-13,True,False,0.023010507,-2.4504666,0,13,-2.4734771,-13,True,True
2018-05-22_9128284Q0,2018-05-22,2018-05-17,9128284Q0,2-Year,2-Year,False,DGS2,2,3.3e+10,2018-05-15,2018-05-30,447,2.8e+10,2.5298221e+09,1.9764235,ok,3.2e+10,previous,1.5811388,ok,2,2,2018-05-21/2018-05-27,True,False,-0.0063570315,0.34123261,1,-17,0.34758964,18,True,True
2018-05-23_9128284S6,2018-05-23,2018-05-17,9128284S6,5-Year,5-Year,False,DGS5,5,3.6e+10,2018-05-16,2018-05-31,386,3.3166667e+10,3.5449495e+09,0.79925916,ok,3.5e+10,previous,0.51716769,ok,1.5171677,1.7992592,2018-05-21/2018-05-27,True,False,0.52895087,0.71359646,-11,-15,0.18464559,4,True,True
2018-05-24_9128284R8,2018-05-24,2018-05-17,9128284R8,7-Year,7-Year,False,DGS7,7,3e+10,2018-05-17,2018-06-01,116,2.95e+10,2.258318e+09,0.22140372,ok,3e+10,own,0.22140372,ok,1.2214037,1.2214037,2018-05-21/2018-05-27,True,False,0.90244779,0.52072238,-14,-8,-0.3817254,-6,True,True
2018-06-11_9128284N7,2018-06-11,2018-06-07,9128284N7,9-Year 11-Month,10-Year,True,DGS10,10,2.2e+10,2018-06-04,2018-06-18,260,2.1833333e+10,2.1369761e+09,0.077991827,ok,2.5e+10,previous,1.4818447,ok,2,1.0779918,2018-06-11/2018-06-17,True,False,-0.15320897,0.3642441,2,-4,0.51745308,6,True,True
2018-06-11_9128284T4,2018-06-11,2018-06-07,9128284T4,3-Year,3-Year,False,DGS3,3,3.2e+10,2018-06-04,2018-06-18,115,2.7166667e+10,2.9944393e+09,1.614103,ok,3.1e+10,previous,1.2801506,ok,2,2,2018-06-11/2018-06-17,True,False,-0.043413707,-0.014063737,2,1,0.02934997,1,True,True
2018-06-12_912810SC3,2018-06-12,2018-06-07,912810SC3,29-Year 11-Month,30-Year,True,DGS30,30,1.4e+10,2018-06-05,2018-06-19,121,1.3833333e+10,2.1369761e+09,0.077991827,ok,1.7e+10,previous,1.4818447,ok,2,1.0779918,2018-06-11/2018-06-17,True,False,-0.37092349,1.3977526,2,-7,1.7686761,9,True,True
2018-06-26_912828XY1,2018-06-26,2018-06-21,912828XY1,2-Year,2-Year,False,DGS2,2,3.4e+10,2018-06-19,2018-07-03,448,2.9166667e+10,2.9944393e+09,1.614103,ok,3.3e+10,previous,1.2801506,ok,2,2,2018-06-25/2018-07-01,True,False,0.031546251,0.011986143,-1,0,-0.019560108,-1,True,True
2018-06-27_9128284U1,2018-06-27,2018-06-21,9128284U1,5-Year,5-Year,False,DGS5,5,3.6e+10,2018-06-20,2018-07-05,387,3.4833333e+10,7.5277265e+08,1.549826,ok,3.6e+10,previous,1.549826,ok,2,2,2018-06-25/2018-07-01,True,False,0.43457195,-0.12162911,-9,3,-0.55620106,-12,True,True
2018-06-28_912828XZ8,2018-06-28,2018-06-21,912828XZ8,7-Year,7-Year,False,DGS7,7,3e+10,2018-06-21,2018-07-06,117,2.8833333e+10,7.5277265e+08,1.549826,ok,3e+10,own,1.549826,ok,2,2,2018-06-25/2018-07-01,True,False,0.33321171,0.20872584,-5,-3,-0.12448587,-2,True,True
2018-07-10_912828Y20,2018-07-10,2018-07-05,912828Y20,3-Year,3-Year,False,DGS3,3,3.3e+10,2018-07-02,2018-07-17,116,2.85e+10,3.082207e+09,1.4599928,ok,3.2e+10,previous,1.1355499,ok,2,2,2018-07-09/2018-07-15,True,False,-0.099214707,0.013583721,4,0,0.11279843,4,True,True
2018-07-11_9128284N7,2018-07-11,2018-07-05,9128284N7,9-Year 10-Month,10-Year,True,DGS10,10,2.2e+10,2018-07-03,2018-07-18,261,2.2166667e+10,1.9407902e+09,-0.085875673,ok,2.2e+10,previous,-0.085875673,ok,0.91412433,0.91412433,2018-07-09/2018-07-15,True,False,-0.15380628,-0.24226601,2,3,-0.088459728,-1,True,True
2018-07-12_912810SC3,2018-07-12,2018-07-05,912810SC3,29-Year 10-Month,30-Year,True,DGS30,30,1.4e+10,2018-07-05,2018-07-19,122,1.4166667e+10,1.9407902e+09,-0.085875673,ok,1.4e+10,own,-0.085875673,ok,0.91412433,0.91412433,2018-07-09/2018-07-15,True,False,0.01845292,-0.1803,0,1,-0.19875292,-1,True,True
2018-07-24_912828Y46,2018-07-24,2018-07-19,912828Y46,2-Year,2-Year,False,DGS2,2,3.5e+10,2018-07-17,2018-07-31,449,3.05e+10,3.082207e+09,1.4599928,ok,3.4e+10,previous,1.1355499,ok,2,2,2018-07-23/2018-07-29,True,False,-0.0069952013,-0.064381373,1,4,-0.057386171,-3,True,True
2018-07-25_912828Y61,2018-07-25,2018-07-19,912828Y61,5-Year,5-Year,False,DGS5,5,3.6e+10,2018-07-18,2018-08-01,388,3.5166667e+10,7.5277265e+08,1.1070186,ok,3.6e+10,previous,1.1070186,ok,2,2,2018-07-23/2018-07-29,True,False,-0.21597005,-0.21488365,5,5,0.001086398,-4.4408921e-14,True,True
2018-07-26_912828Y79,2018-07-26,2018-07-19,912828Y79,7-Year,7-Year,False,DGS7,7,3e+10,2018-07-19,2018-08-02,118,2.9166667e+10,7.5277265e+08,1.1070186,ok,3e+10,own,1.1070186,ok,2,2,2018-07-23/2018-07-29,True,False,-0.86114954,0.1434752,14,-2,1.0046247,16,True,True
2018-08-07_9128284W7,2018-08-07,2018-08-01,9128284W7,3-Year,3-Year,False,DGS3,3,3.4e+10,2018-07-31,2018-08-14,117,3e+10,2.607681e+09,1.53393,ok,3.3e+10,previous,1.1504475,ok,2,2,2018-08-06/2018-08-12,True,False,0.04285783,0.15597425,-1,-5,0.11311642,4,True,True
2018-08-08_9128284V9,2018-08-08,2018-08-01,9128284V9,10-Year,10-Year,False,DGS10,10,2.6e+10,2018-08-01,2018-08-15,262,2.25e+10,1.6431677e+09,2.1300322,ok,2.6e+10,own,2.1300322,ok,2,2,2018-08-06/2018-08-12,True,False,0.36199406,0.88144895,-4,-10,0.51945489,6,True,True
2018-08-09_912810SD1,2018-08-09,2018-08-01,912810SD1,30-Year,30-Year,False,DGS30,30,1.8e+10,2018-08-02,2018-08-16,123,1.45e+10,1.6431677e+09,2.1300322,ok,1.8e+10,own,2.1300322,ok,2,2,2018-08-06/2018-08-12,True,False,0.7987416,0.9991406,-4,-5,0.200399,1,True,True
2018-08-27_9128284Y3,2018-08-27,2018-08-23,9128284Y3,2-Year,2-Year,False,DGS2,2,3.6e+10,2018-08-20,2018-09-04,450,3.2e+10,2.607681e+09,1.53393,ok,3.5e+10,previous,1.1504475,ok,2,2,2018-08-27/2018-09-02,True,False,-0.1244197,0.031631223,7,-1,0.15605092,8,True,True
2018-08-28_9128284X5,2018-08-28,2018-08-23,9128284X5,5-Year,5-Year,False,DGS5,5,3.7e+10,2018-08-21,2018-09-05,389,3.55e+10,5.4772256e+08,2.7386128,ok,3.6e+10,previous,0.91287093,ok,1.9128709,2,2018-08-27/2018-09-02,True,False,-0.17294524,0.014607523,4,0,0.18755277,4,True,True
2018-08-29_9128284Z0,2018-08-29,2018-08-23,9128284Z0,7-Year,7-Year,False,DGS7,7,3.1e+10,2018-08-22,2018-09-06,119,2.95e+10,5.4772256e+08,2.7386128,ok,3e+10,previous,0.91287093,ok,1.9128709,2,2018-08-27/2018-09-02,True,False,-0.49011172,0.14218756,8,-2,0.63229928,10,True,True
2018-09-11_9128285A4,2018-09-11,2018-09-06,9128285A4,3-Year,3-Year,False,DGS3,3,3.5e+10,2018-09-04,2018-09-18,118,3.1333333e+10,2.1602469e+09,1.6973368,ok,3.4e+10,previous,1.2344268,ok,2,2,2018-09-10/2018-09-16,True,False,-0.27320895,-0.1291401,10,5,0.14406885,5,True,True
2018-09-12_9128284V9,2018-09-12,2018-09-06,9128284V9,9-Year 11-Month,10-Year,True,DGS10,10,2.3e+10,2018-09-05,2018-09-19,263,2.2833333e+10,2.1369761e+09,0.077991827,ok,2.6e+10,previous,1.4818447,ok,2,1.0779918,2018-09-10/2018-09-16,True,False,-0.58634382,-0.92306219,7,11,-0.33671837,-4,True,True
2018-09-13_912810SD1,2018-09-13,2018-09-06,912810SD1,29-Year 11-Month,30-Year,True,DGS30,30,1.5e+10,2018-09-06,2018-09-20,124,1.4833333e+10,2.1369761e+09,0.077991827,ok,1.5e+10,own,0.077991827,ok,1.0779918,1.0779918,2018-09-10/2018-09-16,True,False,-0.95373141,-1.8956695,5,10,-0.94193814,-5,True,True
2018-09-24_9128285B2,2018-09-24,2018-09-20,9128285B2,2-Year,2-Year,False,DGS2,2,3.7e+10,2018-09-17,2018-10-01,451,3.3333333e+10,2.1602469e+09,1.6973368,ok,3.6e+10,previous,1.2344268,ok,2,2,2018-09-24/2018-09-30,True,False,-0.08379664,0.031706167,5,-1,0.11550281,6,True,True
2018-09-25_9128285D8,2018-09-25,2018-09-20,9128285D8,5-Year,5-Year,False,DGS5,5,3.8e+10,2018-09-18,2018-10-02,390,3.5833333e+10,7.5277265e+08,2.8782484,ok,3.7e+10,previous,1.549826,ok,2,2,2018-09-24/2018-09-30,True,False,-0.21525557,0.24582788,5,-5,0.46108345,10,True,True
2018-09-27_9128285C0,2018-09-27,2018-09-20,9128285C0,7-Year,7-Year,False,DGS7,7,3.1e+10,2018-09-20,2018-10-04,120,2.9833333e+10,7.5277265e+08,1.549826,ok,3.1e+10,own,1.549826,ok,2,2,2018-09-24/2018-09-30,True,False,0.079037568,-0.7322034,-1,12,-0.81124097,-13,True,True
2018-10-10_9128284V9,2018-10-10,2018-10-04,9128284V9,9-Year 10-Month,10-Year,True,DGS10,10,2.3e+10,2018-10-02,2018-10-17,264,2.3166667e+10,1.9407902e+09,-0.085875673,ok,2.3e+10,previous,-0.085875673,ok,0.91412433,0.91412433,2018-10-08/2018-10-14,True,False,-1.4199227,0.27137473,17,-3,1.6912974,20,True,True
2018-10-10_9128285F3,2018-10-10,2018-10-04,9128285F3,3-Year,3-Year,False,DGS3,3,3.6e+10,2018-10-02,2018-10-17,119,3.25e+10,1.8708287e+09,1.8708287,ok,3.5e+10,previous,1.3363062,ok,2,2,2018-10-08/2018-10-14,True,False,-0.23972047,0.013097937,9,0,0.25281841,9,True,True
2018-10-11_912810SD1,2018-10-11,2018-10-04,912810SD1,29-Year 10-Month,30-Year,True,DGS30,30,1.5e+10,2018-10-03,2018-10-18,125,1.5166667e+10,1.9407902e+09,-0.085875673,ok,1.5e+10,previous,-0.085875673,ok,0.91412433,0.91412433,2018-10-08/2018-10-14,True,False,-0.35922601,-0.73226042,2,4,-0.37303441,-2,True,True
2018-10-23_9128285G1,2018-10-23,2018-10-18,9128285G1,2-Year,2-Year,False,DGS2,2,3.8e+10,2018-10-16,2018-10-30,452,3.45e+10,1.8708287e+09,1.8708287,ok,3.7e+10,previous,1.3363062,ok,2,2,2018-10-22/2018-10-28,True,False,-0.026832485,0.10649207,2,-5,0.13332455,7,True,True
2018-10-24_9128285K2,2018-10-24,2018-10-18,9128285K2,5-Year,5-Year,False,DGS5,5,3.9e+10,2018-10-17,2018-10-31,391,3.6333333e+10,1.0327956e+09,2.5819889,ok,3.8e+10,previous,1.6137431,ok,2,2,2018-10-22/2018-10-28,True,False,0.47608205,-0.17290362,-10,4,-0.64898567,-14,True,True
2018-10-25_9128285J5,2018-10-25,2018-10-18,9128285J5,7-Year,7-Year,False,DGS7,7,3.1e+10,2018-10-18,2018-11-01,121,3.0166667e+10,7.5277265e+08,1.1070186,ok,3.1e+10,own,1.1070186,ok,2,2,2018-10-22/2018-10-28,True,False,0.26494039,0.075652636,-4,-1,-0.18928776,-3,True,True
2018-11-05_9128285L0,2018-11-05,2018-10-31,9128285L0,3-Year,3-Year,False,DGS3,3,3.7e+10,2018-10-29,2018-11-13,120,3.35e+10,1.8708287e+09,1.8708287,ok,3.6e+10,previous,1.3363062,ok,2,2,2018-11-05/2018-11-11,True,False,-0.35783918,0.12836394,13,-4,0.48620312,17,True,True
2018-11-06_9128285M8,2018-11-06,2018-10-31,9128285M8,10-Year,10-Year,False,DGS10,10,2.7e+10,2018-10-30,2018-11-14,265,2.35e+10,1.6431677e+09,2.1300322,ok,2.3e+10,previous,-0.30429031,ok,0.69570969,2,2018-11-05/2018-11-11,True,False,-0.83225444,0.87246455,10,-10,1.704719,20,True,True
2018-11-07_912810SE9,2018-11-07,2018-10-31,912810SE9,30-Year,30-Year,False,DGS30,30,1.9e+10,2018-10-31,2018-11-15,126,1.55e+10,1.6431677e+09,2.1300322,ok,1.9e+10,own,2.1300322,ok,2,2,2018-11-05/2018-11-11,True,False,-0.72795783,1.3409769,4,-7,2.0689347,11,True,True
2018-11-26_9128285Q9,2018-11-26,2018-11-21,9128285Q9,2-Year,2-Year,False,DGS2,2,3.9e+10,2018-11-16,2018-12-03,453,3.55e+10,1.8708287e+09,1.8708287,ok,3.8e+10,previous,1.3363062,ok,2,2,2018-11-26/2018-12-02,True,False,-0.045599663,0.028184929,3,-1,0.073784592,4,True,True
2018-11-27_9128285P1,2018-11-27,2018-11-21,9128285P1,5-Year,5-Year,False,DGS5,5,4e+10,2018-11-19,2018-12-04,392,3.7e+10,1.2649111e+09,2.3717082,ok,3.9e+10,previous,1.5811388,ok,2,2,2018-11-26/2018-12-02,True,False,-0.081283664,0.47334219,2,-10,0.55462585,12,True,True
2018-11-28_9128285N6,2018-11-28,2018-11-21,9128285N6,7-Year,7-Year,False,DGS7,7,3.2e+10,2018-11-20,2018-12-06,122,3.05e+10,5.4772256e+08,2.7386128,ok,3.1e+10,previous,0.91287093,ok,1.9128709,2,2018-11-26/2018-12-02,True,False,0.01302188,1.0872212,0,-17,1.0741993,17,True,True
2018-12-11_9128285R7,2018-12-11,2018-12-06,9128285R7,3-Year,3-Year,False,DGS3,3,3.8e+10,2018-12-03,2018-12-18,121,3.45e+10,1.8708287e+09,1.8708287,ok,3.7e+10,previous,1.3363062,ok,2,2,2018-12-10/2018-12-16,True,False,0.17971874,0.40760303,-6,-14,0.22788428,8,True,True
2018-12-12_9128285M8,2018-12-12,2018-12-06,9128285M8,9-Year 11-Month,10-Year,True,DGS10,10,2.4e+10,2018-12-04,2018-12-19,266,2.3833333e+10,2.1369761e+09,0.077991827,ok,2.7e+10,previous,1.4818447,ok,2,1.0779918,2018-12-10/2018-12-16,True,False,0.009984756,1.2269568,0,-14,1.2169721,14,True,True
2018-12-13_912810SE9,2018-12-13,2018-12-06,912810SE9,29-Year 11-Month,30-Year,True,DGS30,30,1.6e+10,2018-12-06,2018-12-20,127,1.5833333e+10,2.1369761e+09,0.077991827,ok,1.6e+10,own,0.077991827,ok,1.0779918,1.0779918,2018-12-10/2018-12-16,True,False,-0.37159291,2.7709294,2,-14,3.1425223,16,True,True
2018-12-24_9128285S5,2018-12-24,2018-12-20,9128285S5,2-Year,2-Year,False,DGS2,2,4e+10,2018-12-17,2019-01-02,454,3.65e+10,1.8708287e+09,1.8708287,ok,3.9e+10,previous,1.3363062,ok,2,2,2018-12-24/2018-12-30,True,False,0.29546485,0.10014168,-15,-5,-0.19532317,-10,True,True
2018-12-26_9128285U0,2018-12-26,2018-12-20,9128285U0,5-Year,5-Year,False,DGS5,5,4.1e+10,2018-12-18,2019-01-03,393,3.7666667e+10,1.6329932e+09,2.0412415,ok,4e+10,previous,1.428869,ok,2,2,2018-12-24/2018-12-30,True,False,-0.088212128,1.4125786,2,-30,1.5007907,32,True,True
2018-12-27_9128285T3,2018-12-27,2018-12-20,9128285T3,7-Year,7-Year,False,DGS7,7,3.2e+10,2018-12-19,2019-01-04,123,3.0833333e+10,7.5277265e+08,1.549826,ok,3.2e+10,previous,1.549826,ok,2,2,2018-12-24/2018-12-30,True,False,0.06910557,0.76693105,-1,-12,0.69782548,11,True,True
2019-01-08_9128285V8,2019-01-08,2019-01-03,9128285V8,3-Year,3-Year,False,DGS3,3,3.8e+10,2018-12-31,2019-01-15,122,3.55e+10,1.8708287e+09,1.3363062,ok,3.8e+10,previous,1.3363062,ok,2,2,2019-01-07/2019-01-13,True,False,-0.31417635,0.17456341,11,-6,0.48873976,17,True,True
2019-01-09_9128285M8,2019-01-09,2019-01-03,9128285M8,9-Year 10-Month,10-Year,True,DGS10,10,2.4e+10,2019-01-02,2019-01-16,267,2.4166667e+10,1.9407902e+09,-0.085875673,ok,2.4e+10,previous,-0.085875673,ok,0.91412433,0.91412433,2019-01-07/2019-01-13,True,False,-0.69312134,0.092825867,8,-1,0.7859472,9,True,True
2019-01-10_912810SE9,2019-01-10,2019-01-03,912810SE9,29-Year 10-Month,30-Year,True,DGS30,30,1.6e+10,2019-01-03,2019-01-17,128,1.6166667e+10,1.9407902e+09,-0.085875673,ok,1.6e+10,own,-0.085875673,ok,0.91412433,0.91412433,2019-01-07/2019-01-13,True,False,-2.7152063,-0.1834722,14,1,2.5317341,13,True,True
2019-01-28_9128285X4,2019-01-28,2019-01-24,9128285X4,2-Year,2-Year,False,DGS2,2,4e+10,2019-01-18,2019-02-04,455,3.75e+10,1.8708287e+09,1.3363062,ok,4e+10,previous,1.3363062,ok,2,2,2019-01-28/2019-02-03,True,False,0.044695361,0.13840532,-2,-7,0.093709961,5,True,True
2019-01-28_9128285Z9,2019-01-28,2019-01-24,9128285Z9,5-Year,5-Year,False,DGS5,5,4.1e+10,2019-01-18,2019-02-04,394,3.85e+10,1.8708287e+09,1.3363062,ok,4.1e+10,previous,1.3363062,ok,2,2,2019-01-28/2019-02-03,True,False,0.19203847,0.23545675,-4,-5,0.043418276,1,True,True
2019-01-29_9128286A3,2019-01-29,2019-01-24,9128286A3,7-Year,7-Year,False,DGS7,7,3.2e+10,2019-01-22,2019-02-05,124,3.1166667e+10,7.5277265e+08,1.1070186,ok,3.2e+10,previous,1.1070186,ok,2,2,2019-01-28/2019-02-03,True,False,0.25942937,0.066543423,-4,-1,-0.19288595,-3,True,True
2019-02-05_9128286C9,2019-02-05,2019-01-30,9128286C9,3-Year,3-Year,False,DGS3,3,3.8e+10,2019-01-29,2019-02-12,123,3.6333333e+10,1.6329932e+09,1.0206207,ok,3.8e+10,previous,1.0206207,ok,2,2,2019-02-04/2019-02-10,True,False,0.11708904,0.058844873,-4,-2,-0.058244169,-2,True,True
2019-02-06_9128286B1,2019-02-06,2019-01-30,9128286B1,10-Year,10-Year,False,DGS10,10,2.7e+10,2019-01-30,2019-02-13,268,2.45e+10,1.6431677e+09,1.5214515,ok,2.7e+10,own,1.5214515,ok,2,2,2019-02-04/2019-02-10,True,False,0.0043870892,-0.082898508,0,1,-0.087285597,-1,True,True
2019-02-07_912810SF6,2019-02-07,2019-01-30,912810SF6,30-Year,30-Year,False,DGS30,30,1.9e+10,2019-01-31,2019-02-14,129,1.65e+10,1.6431677e+09,1.5214515,ok,1.9e+10,own,1.5214515,ok,2,2,2019-02-04/2019-02-10,True,False,-0.18722868,-0.18752154,1,1,-0.00029285955,0,True,True
2019-02-25_9128286D7,2019-02-25,2019-02-21,9128286D7,2-Year,2-Year,False,DGS2,2,4e+10,2019-02-15,2019-03-04,456,3.8333333e+10,1.6329932e+09,1.0206207,ok,4e+10,previous,1.0206207,ok,2,2,2019-02-25/2019-03-03,True,False,0.021897595,-0.075334887,-1,4,-0.097232483,-5,True,True
2019-02-25_9128286G0,2019-02-25,2019-02-21,9128286G0,5-Year,5-Year,False,DGS5,5,4.1e+10,2019-02-15,2019-03-04,395,3.9333333e+10,1.6329932e+09,1.0206207,ok,4.1e+10,previous,1.0206207,ok,2,2,2019-02-25/2019-03-03,True,False,0.048408519,-0.23166316,-1,5,-0.28007167,-6,True,True
2019-02-26_9128286F2,2019-02-26,2019-02-21,9128286F2,7-Year,7-Year,False,DGS7,7,3.2e+10,2019-02-19,2019-03-05,125,3.15e+10,5.4772256e+08,0.91287093,ok,3.2e+10,previous,0.91287093,ok,1.9128709,1.9128709,2019-02-25/2019-03-03,True,False,0.066011458,-0.5678062,-1,9,-0.63381766,-10,True,True
2019-03-11_9128286H8,2019-03-11,2019-03-07,9128286H8,3-Year,3-Year,False,DGS3,3,3.8e+10,2019-03-04,2019-03-18,124,3.7e+10,1.2649111e+09,0.79056942,ok,3.8e+10,previous,0.79056942,ok,1.7905694,1.7905694,2019-03-11/2019-03-17,True,False,0.20203496,0.11491028,-7,-4,-0.087124673,-3,True,True
2019-03-12_9128286B1,2019-03-12,2019-03-07,9128286B1,9-Year 11-Month,10-Year,True,DGS10,10,2.4e+10,2019-03-05,2019-03-19,269,2.4666667e+10,1.8618987e+09,-0.35805744,ok,2.7e+10,previous,1.253201,ok,2,0.64194256,2019-03-11/2019-03-17,True,False,0.96802331,0.0032506669,-11,0,-0.96477265,-11,True,True
2019-03-13_912810SF6,2019-03-13,2019-03-07,912810SF6,29-Year 11-Month,30-Year,True,DGS30,30,1.6e+10,2019-03-06,2019-03-20,130,1.6666667e+10,1.8618987e+09,-0.35805744,ok,1.9e+10,previous,1.253201,ok,2,0.64194256,2019-03-11/2019-03-17,True,False,0.79532049,0.80045769,-4,-4,0.0051371999,0,True,True
2019-03-26_912828C57,2019-03-26,2019-03-21,912828C57,2-Year,7-Year,True,DGS7,7,4e+10,2019-03-19,2019-04-02,126,3.1666667e+10,5.1639778e+08,3,clipped,3.2e+10,previous,0.64549722,ok,1.6454972,2,2019-03-25/2019-03-31,True,False,1.4170116,-0.57803554,-22,9,-1.9950471,-31,True,True
2019-03-27_912828W71,2019-03-27,2019-03-21,912828W71,5-Year,7-Year,True,DGS7,7,4.1e+10,2019-03-20,2019-04-03,127,3.3166667e+10,3.3714487e+09,2.3234324,ok,3.2e+10,previous,0.64549722,ok,1.6454972,2,2019-03-25/2019-03-31,True,False,1.0292723,-0.89602534,-16,14,-1.9252976,-30,True,True
2019-03-28_9128286L9,2019-03-28,2019-03-21,9128286L9,7-Year,7-Year,False,DGS7,7,3.2e+10,2019-03-21,2019-04-04,128,3.4833333e+10,4.4007575e+09,-0.64382855,ok,3.2e+10,own,-0.64382855,ok,0.35617145,0.35617145,2019-03-25/2019-03-31,True,False,0.96393998,-0.76836401,-15,12,-1.732304,-27,True,True
2019-04-09_9128286M7,2019-04-09,2019-04-04,9128286M7,3-Year,3-Year,False,DGS3,3,3.8e+10,2019-04-02,2019-04-16,125,3.75e+10,8.3666003e+08,0.5976143,ok,3.8e+10,previous,0.5976143,ok,1.5976143,1.5976143,2019-04-08/2019-04-14,True,False,-0.14594393,-0.2026145,5,7,-0.056670575,-2,True,True
2019-04-10_9128286B1,2019-04-10,2019-04-04,9128286B1,9-Year 10-Month,10-Year,True,DGS10,10,2.4e+10,2019-04-03,2019-04-17,270,2.4833333e+10,1.7224014e+09,-0.48382062,ok,2.4e+10,previous,-0.48382062,ok,0.51617938,0.51617938,2019-04-08/2019-04-14,True,False,0.35440428,-0.95968111,-4,11,-1.3140854,-15,True,True
2019-04-11_912810SF6,2019-04-11,2019-04-04,912810SF6,29-Year 10-Month,30-Year,True,DGS30,30,1.6e+10,2019-04-04,2019-04-18,131,1.6833333e+10,1.7224014e+09,-0.48382062,ok,1.6e+10,own,-0.48382062,ok,0.51617938,0.51617938,2019-04-08/2019-04-14,True,False,-0.38857313,-0.38671433,2,2,0.001858805,0,True,True
2019-04-23_912828WG1,2019-04-23,2019-04-18,912828WG1,2-Year,7-Year,True,DGS7,7,4e+10,2019-04-15,2019-04-30,129,3.4833333e+10,4.4007575e+09,1.1740403,ok,3.2e+10,previous,-0.64382855,ok,0.35617145,2,2019-04-22/2019-04-28,True,False,0.0015691983,0.4489901,0,-7,0.4474209,7,True,True
2019-04-24_9128286R6,2019-04-24,2019-04-18,9128286R6,5-Year,5-Year,False,DGS5,5,4.1e+10,2019-04-16,2019-05-01,396,4e+10,1.2649111e+09,0.79056942,ok,4.1e+10,previous,0.79056942,ok,1.7905694,1.7905694,2019-04-22/2019-04-28,True,False,0.42247018,0.045145009,-9,-1,-0.37732517,-8,True,True
2019-04-25_9128286S4,2019-04-25,2019-04-18,9128286S4,7-Year,7-Year,False,DGS7,7,3.2e+10,2019-04-17,2019-05-02,130,3.6166667e+10,4.5789373e+09,-0.90996369,ok,3.2e+10,previous,-0.64382855,ok,0.35617145,0.09003631,2019-04-22/2019-04-28,True,False,0.44970611,-0.12792722,-7,2,-0.57763332,-9,True,True
2019-05-07_9128286U9,2019-05-07,2019-05-01,9128286U9,3-Year,3-Year,False,DGS3,3,3.8e+10,2019-04-30,2019-05-14,126,3.7833333e+10,4.0824829e+08,0.40824829,ok,3.8e+10,previous,0.40824829,ok,1.4082483,1.4082483,2019-05-06/2019-05-12,True,False,-0.0023788707,0.19840375,0,-7,0.20078262,7,True,True
2019-05-08_9128286T2,2019-05-08,2019-05-01,9128286T2,10-Year,10-Year,False,DGS10,10,2.7e+10,2019-05-01,2019-05-15,271,2.5e+10,1.5491933e+09,1.2909944,ok,2.7e+10,own,1.2909944,ok,2,2,2019-05-06/2019-05-12,True,False,0.26519353,1.0642863,-3,-12,0.79909277,9,True,True
2019-05-09_912810SH2,2019-05-09,2019-05-01,912810SH2,30-Year,30-Year,False,DGS30,30,1.9e+10,2019-05-02,2019-05-16,132,1.7e+10,1.5491933e+09,1.2909944,ok,1.9e+10,own,1.2909944,ok,2,2,2019-05-06/2019-05-12,True,False,1.4117079,0.60762662,-7,-3,-0.80408123,-4,True,True
2019-05-28_9128286V7,2019-05-28,2019-05-23,9128286V7,2-Year,2-Year,False,DGS2,2,4e+10,2019-05-20,2019-06-04,457,3.9e+10,1.2649111e+09,0.79056942,ok,4e+10,previous,0.79056942,ok,1.7905694,1.7905694,2019-05-27/2019-06-02,True,False,0.17151856,0.46146448,-9,-24,0.28994592,15,True,True
2019-05-28_912828XT2,2019-05-28,2019-05-23,912828XT2,5-Year,7-Year,True,DGS7,7,4.1e+10,2019-05-20,2019-06-04,131,3.6166667e+10,4.5789373e+09,1.0555579,ok,3.2e+10,previous,-0.90996369,ok,0.09003631,2,2019-05-27/2019-06-02,True,False,0.90301098,0.96957081,-14,-15,0.066559829,1,True,True
2019-05-29_9128286X3,2019-05-29,2019-05-23,9128286X3,7-Year,7-Year,False,DGS7,7,3.2e+10,2019-05-21,2019-06-05,132,3.7666667e+10,4.4121046e+09,-1.2843455,ok,3.2e+10,previous,-0.90996369,ok,0.09003631,0,2019-05-27/2019-06-02,True,False,1.0974664,1.0348409,-17,-16,-0.06262554,-1,True,True
2019-06-11_9128286Y1,2019-06-11,2019-06-06,9128286Y1,3-Year,3-Year,False,DGS3,3,3.8e+10,2019-06-04,2019-06-18,127,3.8e+10,0,0,sd0,3.8e+10,previous,0,sd0,1,1,2019-06-10/2019-06-16,True,False,-0.095198592,0.19632416,3,-7,0.29152275,10,True,True
2019-06-12_9128286T2,2019-06-12,2019-06-06,9128286T2,9-Year 11-Month,10-Year,True,DGS10,10,2.4e+10,2019-06-05,2019-06-19,272,2.5e+10,1.5491933e+09,-0.64549722,ok,2.7e+10,previous,1.2909944,ok,2,0.35450278,2019-06-10/2019-06-16,True,False,-0.092938296,0.90044855,1,-10,0.99338685,11,True,True
2019-06-13_912810SH2,2019-06-13,2019-06-06,912810SH2,29-Year 11-Month,30-Year,True,DGS30,30,1.6e+10,2019-06-06,2019-06-20,133,1.7e+10,1.5491933e+09,-0.64549722,ok,1.6e+10,own,-0.64549722,ok,0.35450278,0.35450278,2019-06-10/2019-06-16,True,False,0.21006376,1.6864134,-1,-8,1.4763496,7,True,True
2019-06-21_9128286T2,2019-06-21,2019-06-21,9128286T2,9-Year 11-Month,10-Year,True,DGS10,10,25000000,2019-06-14,2019-06-28,273,2.5e+10,1.5491933e+09,-3,clipped,2.4e+10,previous,-0.64549722,ok,0.35450278,0,2019-06-17/2019-06-23,True,False,0.17707126,0.62990478,-2,-7,0.45283352,5,True,True
2019-06-25_9128287A2,2019-06-25,2019-06-20,9128287A2,2-Year,2-Year,False,DGS2,2,4e+10,2019-06-18,2019-07-02,458,3.95e+10,8.3666003e+08,0.5976143,ok,4e+10,previous,0.5976143,ok,1.5976143,1.5976143,2019-06-24/2019-06-30,True,False,0.28651238,-0.12383242,-15,6,-0.4103448,-21,True,True
2019-06-26_9128286Z8,2019-06-26,2019-06-20,9128286Z8,5-Year,5-Year,False,DGS5,5,4.1e+10,2019-06-19,2019-07-03,397,4.05e+10,8.3666003e+08,0.5976143,ok,4.1e+10,previous,0.5976143,ok,1.5976143,1.5976143,2019-06-24/2019-06-30,True,False,-0.14970772,0.27946955,3,-6,0.42917727,9,True,True
2019-06-27_9128287B0,2019-06-27,2019-06-20,9128287B0,7-Year,7-Year,False,DGS7,7,3.2e+10,2019-06-20,2019-07-05,133,3.6333333e+10,4.7609523e+09,-0.91018205,ok,3.2e+10,own,-0.91018205,ok,0.089817945,0.089817945,2019-06-24/2019-06-30,True,False,-0.070144768,-0.33231975,1,5,-0.26217499,-4,True,True
2019-07-09_9128287C8,2019-07-09,2019-07-03,9128287C8,3-Year,3-Year,False,DGS3,3,3.8e+10,2019-07-01,2019-07-16,128,3.8e+10,0,0,sd0,3.8e+10,previous,0,sd0,1,1,2019-07-08/2019-07-14,True,False,-0.41463547,0.10982304,14,-4,0.52445851,18,True,True
2019-07-10_9128286T2,2019-07-10,2019-07-03,9128286T2,9-Year 10-Month,10-Year,True,DGS10,10,2.4e+10,2019-07-02,2019-07-17,274,2.1004167e+10,1.0382201e+10,0.28855473,ok,25000000,previous,-2.0206858,ok,0,1.2885547,2019-07-08/2019-07-14,True,False,-0.8123691,0.087637381,9,-1,0.90000648,10,True,True
2019-07-11_912810SH2,2019-07-11,2019-07-03,912810SH2,29-Year 10-Month,30-Year,True,DGS30,30,1.6e+10,2019-07-03,2019-07-18,134,1.7e+10,1.5491933e+09,-0.64549722,ok,1.6e+10,own,-0.64549722,ok,0.35450278,0.35450278,2019-07-08/2019-07-14,True,False,-3.6860721,1.8886424,18,-9,5.5747145,27,True,True
2019-07-23_9128287F1,2019-07-23,2019-07-18,9128287F1,2-Year,2-Year,False,DGS2,2,4e+10,2019-07-16,2019-07-30,459,3.9833333e+10,4.0824829e+08,0.40824829,ok,4e+10,previous,0.40824829,ok,1.4082483,1.4082483,2019-07-22/2019-07-28,True,False,0.073437111,-0.043337821,-4,2,-0.11677493,-6,True,True
2019-07-24_912828Y87,2019-07-24,2019-07-18,912828Y87,5-Year,5-Year,False,DGS5,5,4.1e+10,2019-07-17,2019-07-31,398,4.0833333e+10,4.0824829e+08,0.40824829,ok,4.1e+10,previous,0.40824829,ok,1.4082483,1.4082483,2019-07-22/2019-07-28,True,False,0.042889882,-0.099579951,-1,2,-0.14246983,-3,True,True
2019-07-25_912828Y95,2019-07-25,2019-07-18,912828Y95,7-Year,7-Year,False,DGS7,7,3.2e+10,2019-07-18,2019-08-01,134,3.4833333e+10,4.4007575e+09,-0.64382855,ok,3.2e+10,own,-0.64382855,ok,0.35617145,0.35617145,2019-07-22/2019-07-28,True,False,-0.3927005,1.1779477,6,-18,1.5706482,24,True,True
2019-08-06_912828YA2,2019-08-06,2019-07-31,912828YA2,3-Year,3-Year,False,DGS3,3,3.8e+10,2019-07-30,2019-08-13,129,3.8e+10,0,0,sd0,3.8e+10,previous,0,sd0,1,1,2019-08-05/2019-08-11,True,False,0.81064738,-0.1837287,-28,6,-0.99437608,-34,True,True
2019-08-07_912828YB0,2019-08-07,2019-07-31,912828YB0,10-Year,10-Year,False,DGS10,10,2.7e+10,2019-07-31,2019-08-14,275,2.0504167e+10,1.0104212e+10,0.6428837,ok,2.7e+10,own,0.6428837,ok,1.6428837,1.6428837,2019-08-05/2019-08-11,True,False,2.8461789,1.0990616,-31,-12,-1.7471172,-19,True,True
2019-08-08_912810SJ8,2019-08-08,2019-07-31,912810SJ8,30-Year,30-Year,False,DGS30,30,1.9e+10,2019-08-01,2019-08-15,135,1.7e+10,1.5491933e+09,1.2909944,ok,1.9e+10,own,1.2909944,ok,2,2,2019-08-05/2019-08-11,True,False,4.1530681,6.1299186,-19,-27,1.9768505,8,True,True
2019-08-27_912828YC8,2019-08-27,2019-08-22,912828YC8,2-Year,2-Year,False,DGS2,2,4e+10,2019-08-20,2019-09-04,460,4e+10,0,0,sd0,4e+10,previous,0,sd0,1,1,2019-08-26/2019-09-01,True,False,-0.066527338,0.18614571,3,-10,0.25267305,13,True,True
2019-08-28_912828YE4,2019-08-28,2019-08-22,912828YE4,5-Year,5-Year,False,DGS5,5,4.1e+10,2019-08-21,2019-09-05,399,4.1e+10,0,0,sd0,4.1e+10,previous,0,sd0,1,1,2019-08-26/2019-09-01,True,False,0.47143454,-0.30187497,-10,6,-0.77330951,-16,True,True
2019-08-29_912828YD6,2019-08-29,2019-08-22,912828YD6,7-Year,7-Year,False,DGS7,7,3.2e+10,2019-08-22,2019-09-06,135,3.4833333e+10,4.4007575e+09,-0.64382855,ok,3.2e+10,own,-0.64382855,ok,0.35617145,0.35617145,2019-08-26/2019-09-01,True,False,0.6532613,-0.27709294,-10,4,-0.93035424,-14,True,True
2019-09-10_912828YF1,2019-09-10,2019-09-05,912828YF1,3-Year,3-Year,False,DGS3,3,3.8e+10,2019-09-03,2019-09-17,130,3.8e+10,0,0,sd0,3.8e+10,previous,0,sd0,1,1,2019-09-09/2019-09-15,True,False,-0.67884792,-0.20859827,23,7,0.47024965,16,True,True
2019-09-11_912828YB0,2019-09-11,2019-09-05,912828YB0,9-Year 11-Month,10-Year,True,DGS10,10,2.4e+10,2019-09-04,2019-09-18,276,2.1004167e+10,1.0382201e+10,0.28855473,ok,2.7e+10,previous,0.57751079,ok,1.5775108,1.2885547,2019-09-09/2019-09-15,True,False,-2.5541896,-0.46056043,28,5,2.0936292,23,True,True
2019-09-12_912810SJ8,2019-09-12,2019-09-05,912810SJ8,29-Year 11-Month,30-Year,True,DGS30,30,1.6e+10,2019-09-05,2019-09-19,136,1.7e+10,1.5491933e+09,-0.64549722,ok,1.6e+10,own,-0.64549722,ok,0.35450278,0.35450278,2019-09-09/2019-09-15,True,False,-3.4795549,-0.018973341,16,0,3.4605815,16,True,True
2019-09-24_912828YJ3,2019-09-24,2019-09-19,912828YJ3,2-Year,2-Year,False,DGS2,2,4e+10,2019-09-17,2019-10-01,461,4e+10,0,0,sd0,4e+10,previous,0,sd0,1,1,2019-09-23/2019-09-29,True,False,0.23126946,0.074918812,-12,-4,-0.15635065,-8,True,True
2019-09-25_912828YH7,2019-09-25,2019-09-19,912828YH7,5-Year,5-Year,False,DGS5,5,4.1e+10,2019-09-18,2019-10-02,400,4.1e+10,0,0,sd0,4.1e+10,previous,0,sd0,1,1,2019-09-23/2019-09-29,True,False,0.37686084,0.81346984,-8,-17,0.436609,9,True,True
2019-09-26_912828YG9,2019-09-26,2019-09-19,912828YG9,7-Year,7-Year,False,DGS7,7,3.2e+10,2019-09-19,2019-10-03,136,3.35e+10,3.6742346e+09,-0.40824829,ok,3.2e+10,own,-0.40824829,ok,0.59175171,0.59175171,2019-09-23/2019-09-29,True,False,0.52148678,1.3255819,-8,-20,0.80409517,12,True,True
2019-10-08_912828YK0,2019-10-08,2019-10-03,912828YK0,3-Year,3-Year,False,DGS3,3,3.8e+10,2019-10-01,2019-10-16,131,3.8e+10,0,0,sd0,3.8e+10,previous,0,sd0,1,1,2019-10-07/2019-10-13,True,False,0.3745184,-0.55653583,-13,19,-0.93105423,-32,True,True
2019-10-09_912828YB0,2019-10-09,2019-10-03,912828YB0,9-Year 10-Month,10-Year,True,DGS10,10,2.4e+10,2019-10-02,2019-10-17,277,2.1004167e+10,1.0382201e+10,0.28855473,ok,2.4e+10,previous,0.28855473,ok,1.2885547,1.2885547,2019-10-07/2019-10-13,True,False,0.087680219,-1.5479591,-1,17,-1.6356393,-18,True,True
2019-10-10_912810SJ8,2019-10-10,2019-10-03,912810SJ8,29-Year 10-Month,30-Year,True,DGS30,30,1.6e+10,2019-10-03,2019-10-18,137,1.7e+10,1.5491933e+09,-0.64549722,ok,1.6e+10,own,-0.64549722,ok,0.35450278,0.35450278,2019-10-07/2019-10-13,True,False,-2.6290492,-1.9396113,12,9,0.6894379,3,True,True
2019-10-22_912828YP9,2019-10-22,2019-10-17,912828YP9,2-Year,2-Year,False,DGS2,2,4e+10,2019-10-15,2019-10-29,462,4e+10,0,0,sd0,4e+10,previous,0,sd0,1,1,2019-10-21/2019-10-27,True,False,0.018877784,-0.078635311,-1,4,-0.097513095,-5,True,True
2019-10-23_912828YM6,2019-10-23,2019-10-17,912828YM6,5-Year,5-Year,False,DGS5,5,4.1e+10,2019-10-16,2019-10-30,401,4.1e+10,0,0,sd0,4.1e+10,previous,0,sd0,1,1,2019-10-21/2019-10-27,True,False,-0.048927354,-0.1437376,1,3,-0.094810249,-2,True,True
2019-10-24_912828YQ7,2019-10-24,2019-10-17,912828YQ7,7-Year,7-Year,False,DGS7,7,3.2e+10,2019-10-17,2019-10-31,137,3.35e+10,3.6742346e+09,-0.40824829,ok,3.2e+10,own,-0.40824829,ok,0.59175171,0.59175171,2019-10-21/2019-10-27,True,False,-0.065116928,0.46259065,1,-7,0.52770758,8,True,True
2019-11-05_912828TY6,2019-11-05,2019-10-30,912828TY6,3-Year,10-Year,True,DGS10,10,3.8e+10,2019-10-29,2019-11-13,278,2.0504167e+10,1.0104212e+10,1.7315386,ok,2.4e+10,previous,0.34597782,ok,1.3459778,2,2019-11-04/2019-11-10,True,False,-0.18108456,-0.17657,2,2,0.0045145672,2.220446e-14,True,True
2019-11-06_912828YS3,2019-11-06,2019-10-30,912828YS3,10-Year,10-Year,False,DGS10,10,2.7e+10,2019-10-30,2019-11-14,279,2.28375e+10,1.2423302e+10,0.33505584,ok,2.7e+10,own,0.33505584,ok,1.3350558,1.3350558,2019-11-04/2019-11-10,True,False,-0.27207731,-0.086317212,3,1,0.18576009,2,True,True
2019-11-07_912810SK5,2019-11-07,2019-10-30,912810SK5,30-Year,30-Year,False,DGS30,30,1.9e+10,2019-10-31,2019-11-15,138,1.7e+10,1.5491933e+09,1.2909944,ok,1.9e+10,own,1.2909944,ok,2,2,2019-11-04/2019-11-10,True,False,-4.8574607,1.9606054,23,-9,6.8180661,32,True,True
2019-11-25_912828YT1,2019-11-25,2019-11-21,912828YT1,2-Year,2-Year,False,DGS2,2,4e+10,2019-11-18,2019-12-03,463,4e+10,0,0,sd0,4e+10,previous,0,sd0,1,1,2019-11-25/2019-12-01,True,False,-0.01870737,0.15740611,1,-8,0.17611348,9,True,True
2019-11-26_912828YV6,2019-11-26,2019-11-21,912828YV6,5-Year,5-Year,False,DGS5,5,4.1e+10,2019-11-19,2019-12-04,402,4.1e+10,0,0,sd0,4.1e+10,previous,0,sd0,1,1,2019-11-25/2019-12-01,True,False,0.24029811,-0.095682749,-5,2,-0.33598086,-7,True,True
2019-11-27_912828YU8,2019-11-27,2019-11-21,912828YU8,7-Year,7-Year,False,DGS7,7,3.2e+10,2019-11-20,2019-12-05,138,3.2e+10,0,0,sd0,3.2e+10,previous,0,sd0,1,1,2019-11-25/2019-12-01,True,False,-0.32599944,-0.12968194,5,2,0.1963175,3,True,True
2019-12-09_912828YW4,2019-12-09,2019-12-05,912828YW4,3-Year,3-Year,False,DGS3,3,3.8e+10,2019-12-02,2019-12-16,132,3.8e+10,0,0,sd0,3.8e+10,previous,0,sd0,1,1,2019-12-09/2019-12-15,True,False,0.0013466611,-0.11456532,0,4,-0.11591198,-4,True,True
2019-12-10_912828YS3,2019-12-10,2019-12-05,912828YS3,9-Year 11-Month,10-Year,True,DGS10,10,2.4e+10,2019-12-03,2019-12-17,280,2.7333333e+10,5.4283208e+09,-0.61406344,ok,2.7e+10,previous,-0.061406344,ok,0.93859366,0.38593656,2019-12-09/2019-12-15,True,False,-1.1740862,-0.36150368,13,4,0.81258254,9,True,True
2019-12-12_912810SK5,2019-12-12,2019-12-05,912810SK5,29-Year 11-Month,30-Year,True,DGS30,30,1.6e+10,2019-12-05,2019-12-19,139,1.7e+10,1.5491933e+09,-0.64549722,ok,1.6e+10,own,-0.64549722,ok,0.35450278,0.35450278,2019-12-09/2019-12-15,True,False,-1.7130645,-0.63409705,8,3,1.0789674,5,True,True
2019-12-23_912828YZ7,2019-12-23,2019-12-19,912828YZ7,2-Year,2-Year,False,DGS2,2,4e+10,2019-12-16,2019-12-31,464,4e+10,0,0,sd0,4e+10,previous,0,sd0,1,1,2019-12-23/2019-12-29,True,False,0.021219489,0.11874203,-1,-6,0.097522543,5,True,True
2019-12-24_912828YY0,2019-12-24,2019-12-19,912828YY0,5-Year,5-Year,False,DGS5,5,4.1e+10,2019-12-17,2020-01-02,403,4.1e+10,0,0,sd0,4.1e+10,previous,0,sd0,1,1,2019-12-23/2019-12-29,True,False,-0.044251455,0.24243326,1,-5,0.28668471,6,True,True
2019-12-26_912828YX2,2019-12-26,2019-12-19,912828YX2,7-Year,7-Year,False,DGS7,7,3.2e+10,2019-12-18,2020-01-03,139,3.2e+10,0,0,sd0,3.2e+10,previous,0,sd0,1,1,2019-12-23/2019-12-29,True,False,0.071593801,0.926392,-1,-14,0.8547982,13,True,True
2020-01-07_912828Z29,2020-01-07,2020-01-02,912828Z29,3-Year,3-Year,False,DGS3,3,3.8e+10,2019-12-30,2020-01-14,133,3.8e+10,0,0,sd0,3.8e+10,previous,0,sd0,1,1,2020-01-06/2020-01-12,True,False,0.11794247,-0.11531613,-4,4,-0.2332586,-8,True,True
2020-01-08_912828YS3,2020-01-08,2020-01-02,912828YS3,9-Year 10-Month,10-Year,True,DGS10,10,2.4e+10,2019-12-31,2020-01-15,281,2.7333333e+10,5.4283208e+09,-0.61406344,ok,2.4e+10,previous,-0.61406344,ok,0.38593656,0.38593656,2020-01-06/2020-01-12,True,False,0.45978482,0.73609361,-5,-8,0.27630878,3,True,True
2020-01-09_912810SK5,2020-01-09,2020-01-02,912810SK5,29-Year 10-Month,30-Year,True,DGS30,30,1.6e+10,2020-01-02,2020-01-16,140,1.7e+10,1.5491933e+09,-0.64549722,ok,1.6e+10,own,-0.64549722,ok,0.35450278,0.35450278,2020-01-06/2020-01-12,True,False,-1.0582973,2.6191933,5,-12,3.6774906,17,True,True
2020-01-27_912828Z60,2020-01-27,2020-01-23,912828Z60,2-Year,2-Year,False,DGS2,2,4e+10,2020-01-17,2020-02-03,465,4e+10,0,0,sd0,4e+10,previous,0,sd0,1,1,2020-01-27/2020-02-02,True,False,0.27432531,0.15446925,-14,-8,-0.11985606,-6,True,True
2020-01-27_912828Z52,2020-01-27,2020-01-23,912828Z52,5-Year,5-Year,False,DGS5,5,4.1e+10,2020-01-17,2020-02-03,404,4.1e+10,0,0,sd0,4.1e+10,previous,0,sd0,1,1,2020-01-27/2020-02-02,True,False,0.91470528,0.43062926,-19,-9,-0.48407602,-10,True,True
2020-01-28_912828Z78,2020-01-28,2020-01-23,912828Z78,7-Year,7-Year,False,DGS7,7,3.2e+10,2020-01-21,2020-02-04,140,3.2e+10,0,0,sd0,3.2e+10,previous,0,sd0,1,1,2020-01-27/2020-02-02,True,False,0.86053028,0.26222288,-13,-4,-0.5983074,-9,True,True
2020-02-11_912828Z86,2020-02-11,2020-02-05,912828Z86,3-Year,3-Year,False,DGS3,3,3.8e+10,2020-02-04,2020-02-19,134,3.8e+10,0,0,sd0,3.8e+10,previous,0,sd0,1,1,2020-02-10/2020-02-16,True,False,0.026277194,-0.0036722411,-1,0,-0.029949435,-1,True,True
2020-02-12_912828Z94,2020-02-12,2020-02-05,912828Z94,10-Year,10-Year,False,DGS10,10,2.7e+10,2020-02-05,2020-02-20,282,2.6833333e+10,5.6005952e+09,0.029758742,ok,2.7e+10,own,0.029758742,ok,1.0297587,1.0297587,2020-02-10/2020-02-16,True,False,0.3679307,0.92579612,-4,-10,0.55786542,6,True,True
2020-02-13_912810SL3,2020-02-13,2020-02-05,912810SL3,30-Year,30-Year,False,DGS30,30,1.9e+10,2020-02-06,2020-02-21,141,1.7e+10,1.5491933e+09,1.2909944,ok,1.9e+10,own,1.2909944,ok,2,2,2020-02-10/2020-02-16,True,False,0.89566748,3.903975,-4,-17,3.0083075,13,True,True
2020-02-25_912828ZA1,2020-02-25,2020-02-20,912828ZA1,2-Year,2-Year,False,DGS2,2,4e+10,2020-02-18,2020-03-03,466,4e+10,0,0,sd0,4e+10,previous,0,sd0,1,1,2020-02-24/2020-03-01,True,False,0.40951619,0.96445331,-21,-49,0.55493712,28,True,True
2020-02-26_912828ZC7,2020-02-26,2020-02-20,912828ZC7,5-Year,5-Year,False,DGS5,5,4.1e+10,2020-02-19,2020-03-04,405,4.1e+10,0,0,sd0,4.1e+10,previous,0,sd0,1,1,2020-02-24/2020-03-01,True,False,1.3057017,1.9081002,-27,-39,0.60239844,12,True,True
2020-02-27_912828ZB9,2020-02-27,2020-02-20,912828ZB9,7-Year,7-Year,False,DGS7,7,3.2e+10,2020-02-20,2020-03-05,141,3.2e+10,0,0,sd0,3.2e+10,own,0,sd0,1,1,2020-02-24/2020-03-01,True,False,1.5379736,2.7930944,-23,-41,1.2551208,18,True,True
2020-03-10_912828ZD5,2020-03-10,2020-03-05,912828ZD5,3-Year,3-Year,False,DGS3,3,3.8e+10,2020-03-03,2020-03-17,135,3.8e+10,0,0,sd0,3.8e+10,previous,0,sd0,1,1,2020-03-09/2020-03-15,True,False,0.41411082,0.12196801,-14,-4,-0.2921428,-10,True,True
2020-03-11_912828Z94,2020-03-11,2020-03-05,912828Z94,9-Year 11-Month,10-Year,True,DGS10,10,2.4e+10,2020-03-04,2020-03-18,283,2.7333333e+10,5.4283208e+09,-0.61406344,ok,2.7e+10,previous,-0.061406344,ok,0.93859366,0.38593656,2020-03-09/2020-03-15,True,False,1.8995672,-3.3816475,-20,36,-5.2812147,-56,True,True
2020-03-12_912810SL3,2020-03-12,2020-03-05,912810SL3,29-Year 11-Month,30-Year,True,DGS30,30,1.6e+10,2020-03-05,2020-03-19,142,1.7e+10,1.5491933e+09,-0.64549722,ok,1.6e+10,own,-0.64549722,ok,0.35450278,0.35450278,2020-03-09/2020-03-15,True,False,1.3245024,-6.7815773,-7,29,-8.1060797,-36,True,True
2020-03-24_912828ZG8,2020-03-24,2020-03-19,912828ZG8,2-Year,2-Year,False,DGS2,2,4e+10,2020-03-17,2020-03-31,467,4e+10,0,0,sd0,4e+10,previous,0,sd0,1,1,2020-03-23/2020-03-29,True,False,0.18482223,0.30387501,-9,-15,0.11905278,6,True,True
2020-03-25_912828ZF0,2020-03-25,2020-03-19,912828ZF0,5-Year,5-Year,False,DGS5,5,4.1e+10,2020-03-18,2020-04-01,406,4.1e+10,0,0,sd0,4.1e+10,previous,0,sd0,1,1,2020-03-23/2020-03-29,True,False,1.1398665,0.94883257,-23,-19,-0.1910339,-4,True,True
2020-03-26_912828ZE3,2020-03-26,2020-03-19,912828ZE3,7-Year,7-Year,False,DGS7,7,3.2e+10,2020-03-19,2020-04-02,142,3.2e+10,0,0,sd0,3.2e+10,own,0,sd0,1,1,2020-03-23/2020-03-29,True,False,1.9204975,1.3157263,-28,-19,-0.60477125,-9,True,True
2020-04-06_912828ZH6,2020-04-06,2020-04-02,912828ZH6,3-Year,3-Year,False,DGS3,3,4e+10,2020-03-30,2020-04-14,136,3.8e+10,0,3,sd0,3.8e+10,previous,0,sd0,1,2,2020-04-06/2020-04-12,True,False,-0.17479189,0.18113918,6,-6,0.35593107,12,True,True
2020-04-07_912828Z94,2020-04-07,2020-04-02,912828Z94,9-Year 10-Month,10-Year,True,DGS10,10,2.5e+10,2020-03-31,2020-04-15,284,2.7333333e+10,5.4283208e+09,-0.42984441,ok,2.4e+10,previous,-0.61406344,ok,0.38593656,0.57015559,2020-04-06/2020-04-12,True,False,-0.47306063,1.1714062,5,-12,1.6444669,17,True,True
2020-04-08_912810SL3,2020-04-08,2020-04-02,912810SL3,29-Year 10-Month,30-Year,True,DGS30,30,1.7e+10,2020-04-01,2020-04-16,143,1.7e+10,1.5491933e+09,0,ok,1.6e+10,previous,-0.64549722,ok,0.35450278,1,2020-04-06/2020-04-12,True,False,-2.4266411,4.0410948,10,-16,6.4677359,26,True,True
2020-04-27_912828ZM5,2020-04-27,2020-04-23,912828ZM5,2-Year,2-Year,False,DGS2,2,4.2e+10,2020-04-20,2020-05-04,468,4e+10,0,3,sd0,4e+10,previous,0,sd0,1,2,2020-04-27/2020-05-03,True,False,-0.077677157,0.10138574,4,-5,0.1790629,9,True,True
2020-04-27_912828ZL7,2020-04-27,2020-04-23,912828ZL7,5-Year,5-Year,False,DGS5,5,4.3e+10,2020-04-20,2020-05-04,407,4.1e+10,0,3,sd0,4.1e+10,previous,0,sd0,1,2,2020-04-27/2020-05-03,True,False,-0.29160125,0.25238769,6,-5,0.54398895,11,True,True
2020-04-28_912828ZN3,2020-04-28,2020-04-23,912828ZN3,7-Year,7-Year,False,DGS7,7,3.5e+10,2020-04-21,2020-05-05,143,3.2e+10,0,3,sd0,3.2e+10,previous,0,sd0,1,2,2020-04-27/2020-05-03,True,False,-0.26710529,-0.060777288,4,1,0.206328,3,True,True
2020-05-11_912828ZP8,2020-05-11,2020-05-06,912828ZP8,3-Year,3-Year,False,DGS3,3,4.2e+10,2020-05-04,2020-05-18,137,3.8333333e+10,8.1649658e+08,3,clipped,4e+10,previous,2.0412415,ok,2,2,2020-05-11/2020-05-17,True,False,0.0019811139,0.0017690537,0,0,-0.00021206016,0,True,True
2020-05-12_912828ZQ6,2020-05-12,2020-05-06,912828ZQ6,10-Year,10-Year,False,DGS10,10,3.2e+10,2020-05-05,2020-05-19,285,2.5166667e+10,1.4719601e+09,3,clipped,2.5e+10,previous,-0.1132277,ok,0.8867723,2,2020-05-11/2020-05-17,True,False,-0.28207028,-0.08819657,3,1,0.19387371,2,True,True
2020-05-13_912810SN9,2020-05-13,2020-05-06,912810SN9,30-Year,30-Year,False,DGS30,30,2.2e+10,2020-05-06,2020-05-20,144,1.7166667e+10,1.4719601e+09,3,clipped,2.2e+10,own,3,clipped,2,2,2020-05-11/2020-05-17,True,False,1.4776015,-1.2174951,-6,5,-2.6950965,-11,True,True
2020-05-20_912810SR0,2020-05-20,2020-05-14,912810SR0,20-Year,20-Year,False,DGS20,20,2e+10,2020-05-13,2020-05-28,0,,,,none,,,,none,1,1,2020-05-18/2020-05-24,True,False,-2.1141947,-0.68963352,12,4,1.4245612,8,True,True
2020-05-26_912828ZR4,2020-05-26,2020-05-21,912828ZR4,2-Year,2-Year,False,DGS2,2,4.4e+10,2020-05-18,2020-06-02,469,4.0333333e+10,8.1649658e+08,3,clipped,4.2e+10,previous,2.0412415,ok,2,2,2020-05-25/2020-05-31,True,False,0.0011184353,0.020244855,0,-1,0.019126419,1,True,True
2020-05-27_912828ZT0,2020-05-27,2020-05-21,912828ZT0,5-Year,5-Year,False,DGS5,5,4.5e+10,2020-05-19,2020-06-03,408,4.1333333e+10,8.1649658e+08,3,clipped,4.3e+10,previous,2.0412415,ok,2,2,2020-05-25/2020-05-31,True,False,0.054386126,-0.19469513,-1,4,-0.24908126,-5,True,True
2020-05-28_912828ZS2,2020-05-28,2020-05-21,912828ZS2,7-Year,7-Year,False,DGS7,7,3.8e+10,2020-05-20,2020-06-04,144,3.25e+10,1.2247449e+09,3,clipped,3.5e+10,previous,2.0412415,ok,2,2,2020-05-25/2020-05-31,True,False,-0.059960214,-0.60801692,1,9,-0.5480567,-8,True,True
2020-06-08_912828ZU7,2020-06-08,2020-06-04,912828ZU7,3-Year,3-Year,False,DGS3,3,4.4e+10,2020-06-01,2020-06-15,138,3.9e+10,1.6733201e+09,2.9880715,ok,4.2e+10,previous,1.7928429,ok,2,2,2020-06-08/2020-06-14,True,False,-0.26630523,0.21030787,9,-7,0.4766131,16,True,True
2020-06-09_912828ZQ6,2020-06-09,2020-06-04,912828ZQ6,9-Year 11-Month,10-Year,True,DGS10,10,2.9e+10,2020-06-02,2020-06-16,286,2.6e+10,3.1622777e+09,0.9486833,ok,3.2e+10,previous,1.8973666,ok,2,1.9486833,2020-06-08/2020-06-14,True,False,-1.5174048,0.87338115,16,-9,2.390786,25,True,True
2020-06-11_912810SN9,2020-06-11,2020-06-04,912810SN9,29-Year 11-Month,30-Year,True,DGS30,30,1.9e+10,2020-06-04,2020-06-18,145,1.7666667e+10,2.4221203e+09,0.55048188,ok,1.9e+10,own,0.55048188,ok,1.5504819,1.5504819,2020-06-08/2020-06-14,True,False,4.9230569,-1.4374432,-20,6,-6.3605001,-26,True,True
2020-06-17_912810SR0,2020-06-17,2020-06-11,912810SR0,19-Year 11-Month,20-Year,True,DGS20,20,1.7e+10,2020-06-10,2020-06-24,1,,,,none,,,,none,1,1,2020-06-15/2020-06-21,True,False,0.18126939,1.6170341,-1,-9,1.4357647,8,True,True
2020-06-23_912828ZX1,2020-06-23,2020-06-18,912828ZX1,2-Year,2-Year,False,DGS2,2,4.6e+10,2020-06-16,2020-06-30,470,4.1e+10,1.6733201e+09,2.9880715,ok,4.4e+10,previous,1.7928429,ok,2,2,2020-06-22/2020-06-28,True,False,0.060442555,0.040301403,-3,-2,-0.020141152,-1,True,True
2020-06-24_912828ZW3,2020-06-24,2020-06-18,912828ZW3,5-Year,5-Year,False,DGS5,5,4.7e+10,2020-06-17,2020-07-01,409,4.2e+10,1.6733201e+09,2.9880715,ok,4.5e+10,previous,1.7928429,ok,2,2,2020-06-22/2020-06-28,True,False,0.052959104,0.10191954,-1,-2,0.048960434,1,True,True
2020-06-25_912828ZV5,2020-06-25,2020-06-18,912828ZV5,7-Year,7-Year,False,DGS7,7,4.1e+10,2020-06-18,2020-07-02,145,3.35e+10,2.5099801e+09,2.9880715,ok,4.1e+10,own,2.9880715,ok,2,2,2020-06-22/2020-06-28,True,False,0.075842525,0.21236314,-1,-3,0.13652062,2,True,True
2020-07-07_912828ZY9,2020-07-07,2020-07-02,912828ZY9,3-Year,3-Year,False,DGS3,3,4.6e+10,2020-06-29,2020-07-14,139,4e+10,2.5298221e+09,2.3717082,ok,4.4e+10,previous,1.5811388,ok,2,2,2020-07-06/2020-07-12,True,False,-0.028916565,0.00098091739,1,0,0.029897482,1,True,True
2020-07-08_912828ZQ6,2020-07-08,2020-07-02,912828ZQ6,9-Year 10-Month,10-Year,True,DGS10,10,2.9e+10,2020-06-30,2020-07-15,287,2.6833333e+10,3.1885211e+09,0.67952089,ok,2.9e+10,previous,0.67952089,ok,1.6795209,1.6795209,2020-07-06/2020-07-12,True,False,-0.085499335,0.29914271,1,-3,0.38464205,4,True,True
2020-07-09_912810SN9,2020-07-09,2020-07-02,912810SN9,29-Year 10-Month,30-Year,True,DGS30,30,1.9e+10,2020-07-01,2020-07-16,146,1.8166667e+10,2.3166067e+09,0.35972154,ok,1.9e+10,previous,0.35972154,ok,1.3597215,1.3597215,2020-07-06/2020-07-12,True,False,2.7484968,0.26722384,-11,-1,-2.481273,-10,True,True
2020-07-22_912810SR0,2020-07-22,2020-07-16,912810SR0,19-Year 10-Month,20-Year,True,DGS20,20,1.7e+10,2020-07-15,2020-07-29,2,,,,none,,,,none,1,1,2020-07-20/2020-07-26,True,False,0.55688266,0.9176328,-3,-5,0.36075014,2,True,True
2020-07-27_91282CAC5,2020-07-27,2020-07-23,91282CAC5,2-Year,2-Year,False,DGS2,2,4.8e+10,2020-07-20,2020-08-03,471,4.2e+10,2.5298221e+09,2.3717082,ok,4.6e+10,previous,1.5811388,ok,2,2,2020-07-27/2020-08-02,True,False,0.020473155,0.080226296,-1,-4,0.059753141,3,True,True
2020-07-27_91282CAB7,2020-07-27,2020-07-23,91282CAB7,5-Year,5-Year,False,DGS5,5,4.9e+10,2020-07-20,2020-08-03,410,4.3e+10,2.5298221e+09,2.3717082,ok,4.7e+10,previous,1.5811388,ok,2,2,2020-07-27/2020-08-02,True,False,-0.046539218,0.40032978,1,-8,0.446869,9,True,True
2020-07-28_91282CAD3,2020-07-28,2020-07-23,91282CAD3,7-Year,7-Year,False,DGS7,7,4.4e+10,2020-07-21,2020-08-04,146,3.5e+10,3.7947332e+09,2.3717082,ok,4.1e+10,previous,1.5811388,ok,2,2,2020-07-27/2020-08-02,True,False,0.075149223,0.55868533,-1,-8,0.48353611,7,True,True
2020-08-11_91282CAF8,2020-08-11,2020-08-05,91282CAF8,3-Year,3-Year,False,DGS3,3,4.8e+10,2020-08-04,2020-08-18,140,4.1333333e+10,3.2659863e+09,2.0412415,ok,4.6e+10,previous,1.428869,ok,2,2,2020-08-10/2020-08-16,True,False,-0.23826403,0.031413071,8,-1,0.2696771,9,True,True
2020-08-12_91282CAE1,2020-08-12,2020-08-05,91282CAE1,10-Year,10-Year,False,DGS10,10,3.8e+10,2020-08-05,2020-08-19,288,2.7666667e+10,2.9439203e+09,3,clipped,3.8e+10,own,3,clipped,2,2,2020-08-10/2020-08-16,True,False,-1.3381161,0.10759094,14,-1,1.445707,15,True,True
2020-08-13_912810SP4,2020-08-13,2020-08-05,912810SP4,30-Year,30-Year,False,DGS30,30,2.6e+10,2020-08-06,2020-08-20,147,1.8666667e+10,2.0655911e+09,3,clipped,2.6e+10,own,3,clipped,2,2,2020-08-10/2020-08-16,True,False,-5.2901176,1.0020778,22,-4,6.2921954,26,True,True
2020-08-19_912810SQ2,2020-08-19,2020-08-13,912810SQ2,20-Year,20-Year,False,DGS20,20,2.5e+10,2020-08-12,2020-08-26,3,,,,none,,,,none,1,1,2020-08-17/2020-08-23,True,False,-0.86812461,0.016470635,5,0,0.88459525,5,True,True
2020-08-25_91282CAG6,2020-08-25,2020-08-20,91282CAG6,2-Year,2-Year,False,DGS2,2,5e+10,2020-08-18,2020-09-01,472,4.3333333e+10,3.2659863e+09,2.0412415,ok,4.8e+10,previous,1.428869,ok,2,2,2020-08-24/2020-08-30,True,False,-0.019234197,0.04067278,1,-2,0.059906978,3,True,True
2020-08-26_91282CAJ0,2020-08-26,2020-08-20,91282CAJ0,5-Year,5-Year,False,DGS5,5,5.1e+10,2020-08-19,2020-09-02,411,4.4333333e+10,3.2659863e+09,2.0412415,ok,4.9e+10,previous,1.428869,ok,2,2,2020-08-24/2020-08-30,True,False,0.052803432,0.10247713,-1,-2,0.049673701,1,True,True
2020-08-27_91282CAH4,2020-08-27,2020-08-20,91282CAH4,7-Year,7-Year,False,DGS7,7,4.7e+10,2020-08-20,2020-09-03,147,3.7e+10,4.8989795e+09,2.0412415,ok,4.7e+10,own,2.0412415,ok,2,2,2020-08-24/2020-08-30,True,False,-0.47284469,0.69678251,7,-10,1.1696272,17,True,True
2020-09-08_91282CAK7,2020-09-08,2020-09-03,91282CAK7,3-Year,3-Year,False,DGS3,3,5e+10,2020-08-31,2020-09-15,141,4.3e+10,3.7416574e+09,1.8708287,ok,4.8e+10,previous,1.3363062,ok,2,2,2020-09-07/2020-09-13,True,False,-0.058722963,0.03081942,2,-1,0.089542383,3,True,True
2020-09-09_91282CAE1,2020-09-09,2020-09-03,91282CAE1,9-Year 11-Month,10-Year,True,DGS10,10,3.5e+10,2020-09-01,2020-09-16,289,2.95e+10,5.0892043e+09,1.0807191,ok,3.8e+10,previous,1.6702022,ok,2,2,2020-09-07/2020-09-13,True,False,-0.27878704,0.20363819,3,-2,0.48242523,5,True,True
2020-09-10_912810SP4,2020-09-10,2020-09-03,912810SP4,29-Year 11-Month,30-Year,True,DGS30,30,2.3e+10,2020-09-02,2020-09-17,148,1.9833333e+10,3.6560452e+09,0.86614538,ok,2.6e+10,previous,1.6867042,ok,2,1.8661454,2020-09-07/2020-09-13,True,False,-1.2070994,0.023869462,5,0,1.2309689,5,True,True
2020-09-15_912810SQ2,2020-09-15,2020-09-10,912810SQ2,19-Year 11-Month,20-Year,True,DGS20,20,2.2e+10,2020-09-08,2020-09-22,4,,,,none,,,,none,1,1,2020-09-14/2020-09-20,True,False,0.19700094,0.020433091,-1,0,-0.17656785,-1,True,True
2020-09-22_91282CAN1,2020-09-22,2020-09-17,91282CAN1,2-Year,2-Year,False,DGS2,2,5.2e+10,2020-09-15,2020-09-29,473,4.5e+10,3.7416574e+09,1.8708287,ok,5e+10,previous,1.3363062,ok,2,2,2020-09-21/2020-09-27,True,False,0.020622913,0.040509202,-1,-2,0.019886289,1,True,True
2020-09-23_91282CAM3,2020-09-23,2020-09-17,91282CAM3,5-Year,5-Year,False,DGS5,5,5.3e+10,2020-09-16,2020-09-30,412,4.6e+10,3.7416574e+09,1.8708287,ok,5.1e+10,previous,1.3363062,ok,2,2,2020-09-21/2020-09-27,True,False,0.0033064736,0.0029438881,0,0,-0.00036258547,0,True,True
2020-09-24_91282CAL5,2020-09-24,2020-09-17,91282CAL5,7-Year,7-Year,False,DGS7,7,5e+10,2020-09-17,2020-10-01,148,3.95e+10,5.6124861e+09,1.8708287,ok,5e+10,own,1.8708287,ok,2,2,2020-09-21/2020-09-27,True,False,0.075718518,0.0066652685,-1,0,-0.069053249,-1,True,True
2020-10-06_91282CAP6,2020-10-06,2020-10-01,91282CAP6,3-Year,3-Year,False,DGS3,3,5.2e+10,2020-09-29,2020-10-14,142,4.5e+10,3.7416574e+09,1.8708287,ok,5e+10,previous,1.3363062,ok,2,2,2020-10-05/2020-10-11,True,False,-0.11809751,-0.028076686,4,1,0.09002082,3,True,True
2020-10-07_91282CAE1,2020-10-07,2020-10-01,91282CAE1,9-Year 10-Month,10-Year,True,DGS10,10,3.5e+10,2020-09-30,2020-10-15,290,3.1333333e+10,4.6761808e+09,0.78411568,ok,3.5e+10,previous,0.78411568,ok,1.7841157,1.7841157,2020-10-05/2020-10-11,True,False,-1.136963,0.68804664,12,-7,1.8250097,19,True,True
2020-10-08_912810SP4,2020-10-08,2020-10-01,912810SP4,29-Year 10-Month,30-Year,True,DGS30,30,2.3e+10,2020-10-01,2020-10-16,149,2.1e+10,3.2863353e+09,0.60858062,ok,2.3e+10,own,0.60858062,ok,1.6085806,1.6085806,2020-10-05/2020-10-11,True,False,-2.831525,1.2299763,12,-5,4.0615013,17,True,True
2020-10-21_912810SQ2,2020-10-21,2020-10-15,912810SQ2,19-Year 10-Month,20-Year,True,DGS20,20,2.2e+10,2020-10-14,2020-10-28,5,,,,none,,,,none,1,1,2020-10-19/2020-10-25,True,False,-2.0571245,1.0741019,12,-6,3.1312264,18,True,True
2020-10-27_91282CAR2,2020-10-27,2020-10-22,91282CAR2,2-Year,2-Year,False,DGS2,2,5.4e+10,2020-10-20,2020-11-03,474,4.7e+10,3.7416574e+09,1.8708287,ok,5.2e+10,previous,1.3363062,ok,2,2,2020-10-26/2020-11-01,True,False,-0.038776922,-0.018705047,2,1,0.020071875,1,True,True
2020-10-28_91282CAT8,2020-10-28,2020-10-22,91282CAT8,5-Year,5-Year,False,DGS5,5,5.5e+10,2020-10-21,2020-11-04,413,4.8e+10,3.7416574e+09,1.8708287,ok,5.3e+10,previous,1.3363062,ok,2,2,2020-10-26/2020-11-01,True,False,0.10391504,0.054657926,-2,-1,-0.04925711,-1,True,True
2020-10-29_91282CAU5,2020-10-29,2020-10-22,91282CAU5,7-Year,7-Year,False,DGS7,7,5.3e+10,2020-10-22,2020-11-05,149,4.25e+10,5.6124861e+09,1.8708287,ok,5.3e+10,own,1.8708287,ok,2,2,2020-10-26/2020-11-01,True,False,0.077268425,0.35178494,-1,-5,0.27451651,4,True,True
2020-11-09_91282CAW1,2020-11-09,2020-11-04,91282CAW1,3-Year,3-Year,False,DGS3,3,5.4e+10,2020-11-02,2020-11-17,143,4.7e+10,3.7416574e+09,1.8708287,ok,5.2e+10,previous,1.3363062,ok,2,2,2020-11-09/2020-11-15,True,False,-0.14707013,0.092712036,5,-3,0.23978217,8,True,True
2020-11-10_91282CAV3,2020-11-10,2020-11-04,91282CAV3,10-Year,10-Year,False,DGS10,10,4.1e+10,2020-11-03,2020-11-18,291,3.3e+10,3.6331804e+09,2.2019275,ok,3.5e+10,previous,0.55048188,ok,1.5504819,2,2020-11-09/2020-11-15,True,False,-0.75088781,0.9723971,8,-10,1.7232849,18,True,True
2020-11-12_912810SS8,2020-11-12,2020-11-04,912810SS8,30-Year,30-Year,False,DGS30,30,2.7e+10,2020-11-04,2020-11-19,150,2.2e+10,2.6832816e+09,1.86339,ok,2.7e+10,own,1.86339,ok,2,2,2020-11-09/2020-11-15,True,False,-2.1198653,1.4592711,9,-6,3.5791364,15,True,True
2020-11-18_912810ST6,2020-11-18,2020-11-12,912810ST6,20-Year,20-Year,False,DGS20,20,2.7e+10,2020-11-10,2020-11-25,6,2.05e+10,3.1464265e+09,2.0658356,ok,2.2e+10,previous,0.47673129,ok,1.4767313,2,2020-11-16/2020-11-22,True,False,1.9375118,0.19407783,-11,-1,-1.743434,-10,True,True
2020-11-23_91282CAX9,2020-11-23,2020-11-19,91282CAX9,2-Year,2-Year,False,DGS2,2,5.6e+10,2020-11-16,2020-12-01,475,4.9e+10,3.7416574e+09,1.8708287,ok,5.4e+10,previous,1.3363062,ok,2,2,2020-11-23/2020-11-29,True,False,0.061548324,-0.018316971,-3,1,-0.079865295,-4,True,True
2020-11-23_91282CAZ4,2020-11-23,2020-11-19,91282CAZ4,5-Year,5-Year,False,DGS5,5,5.7e+10,2020-11-16,2020-12-01,414,5e+10,3.7416574e+09,1.8708287,ok,5.5e+10,previous,1.3363062,ok,2,2,2020-11-23/2020-11-29,True,False,0.10488541,-0.14211753,-2,3,-0.24700294,-5,True,True
2020-11-24_91282CAY7,2020-11-24,2020-11-19,91282CAY7,7-Year,7-Year,False,DGS7,7,5.6e+10,2020-11-17,2020-12-02,150,4.55e+10,5.6124861e+09,1.8708287,ok,5.3e+10,previous,1.3363062,ok,2,2,2020-11-23/2020-11-29,True,False,-0.12598317,-0.26131849,2,4,-0.13533532,-2,True,True
2020-12-08_91282CBA8,2020-12-08,2020-12-03,91282CBA8,3-Year,3-Year,False,DGS3,3,5.6e+10,2020-12-01,2020-12-15,144,4.9e+10,3.7416574e+09,1.8708287,ok,5.4e+10,previous,1.3363062,ok,2,2,2020-12-07/2020-12-13,True,False,0.062067984,0.061721707,-2,-2,-0.00034627784,2.6645353e-15,True,True
2020-12-09_91282CAV3,2020-12-09,2020-12-03,91282CAV3,9-Year 11-Month,10-Year,True,DGS10,10,3.8e+10,2020-12-02,2020-12-16,292,3.45e+10,4.8062459e+09,0.72821908,ok,4.1e+10,previous,1.3524069,ok,2,1.7282191,2020-12-07/2020-12-13,True,False,0.015149737,0.30168906,0,-3,0.28653933,3,True,True
2020-12-10_912810SS8,2020-12-10,2020-12-03,912810SS8,29-Year 11-Month,30-Year,True,DGS30,30,2.4e+10,2020-12-03,2020-12-17,151,2.2833333e+10,3.3714487e+09,0.34604313,ok,2.4e+10,own,0.34604313,ok,1.3460431,1.3460431,2020-12-07/2020-12-13,True,False,0.49435449,-0.67552287,-2,3,-1.1698774,-5,True,True
2020-12-21_912810ST6,2020-12-21,2020-12-17,912810ST6,19-Year 11-Month,20-Year,True,DGS20,20,2.4e+10,2020-12-14,2020-12-29,7,2.1666667e+10,4.0824829e+09,0.57154761,ok,2.7e+10,previous,1.3063945,ok,2,1.5715476,2020-12-21/2020-12-27,True,False,-0.83559657,0.20049894,5,-1,1.0360955,6,True,True
2020-12-28_91282CBD2,2020-12-28,2020-12-24,91282CBD2,2-Year,2-Year,False,DGS2,2,5.8e+10,2020-12-18,2021-01-05,476,5.1e+10,3.7416574e+09,1.8708287,ok,5.6e+10,previous,1.3363062,ok,2,2,2020-12-28/2021-01-03,True,False,0.0011769486,0.00054015049,0,0,-0.00063679813,0,True,True
2020-12-28_91282CBC4,2020-12-28,2020-12-24,91282CBC4,5-Year,5-Year,False,DGS5,5,5.9e+10,2020-12-18,2021-01-05,415,5.2e+10,3.7416574e+09,1.8708287,ok,5.7e+10,previous,1.3363062,ok,2,2,2020-12-28/2021-01-03,True,False,0.057497555,0.0059326917,-1,0,-0.051564864,-1,True,True
2020-12-29_91282CBB6,2020-12-29,2020-12-24,91282CBB6,7-Year,7-Year,False,DGS7,7,5.9e+10,2020-12-21,2021-01-06,151,4.85e+10,5.6124861e+09,1.8708287,ok,5.6e+10,previous,1.3363062,ok,2,2,2020-12-28/2021-01-03,True,False,0.012108795,-0.53245143,0,8,-0.54456022,-8,True,True
2021-01-11_91282CBE0,2021-01-11,2021-01-07,91282CBE0,3-Year,3-Year,False,DGS3,3,5.8e+10,2021-01-04,2021-01-19,145,5.1e+10,3.7416574e+09,1.8708287,ok,5.6e+10,previous,1.3363062,ok,2,2,2021-01-11/2021-01-17,True,False,-0.17685138,0.032633081,6,-1,0.20948446,7,True,True
2021-01-12_91282CAV3,2021-01-12,2021-01-07,91282CAV3,9-Year 10-Month,10-Year,True,DGS10,10,3.8e+10,2021-01-05,2021-01-20,293,3.6e+10,4.0987803e+09,0.48795004,ok,3.8e+10,previous,0.48795004,ok,1.48795,1.48795,2021-01-11/2021-01-17,True,False,-1.7653769,0.49374047,19,-5,2.2591173,24,True,True
2021-01-13_912810SS8,2021-01-13,2021-01-07,912810SS8,29-Year 10-Month,30-Year,True,DGS30,30,2.4e+10,2021-01-06,2021-01-21,152,2.3666667e+10,2.8047579e+09,0.11884567,ok,2.4e+10,previous,0.11884567,ok,1.1188457,1.1188457,2021-01-11/2021-01-17,True,False,-0.20235454,-1.1091862,1,5,-0.90683168,-4,True,True
2021-01-20_912810ST6,2021-01-20,2021-01-14,912810ST6,19-Year 10-Month,20-Year,True,DGS20,20,2.4e+10,2021-01-12,2021-01-27,8,2.2833333e+10,3.4302575e+09,0.34011052,ok,2.4e+10,previous,0.34011052,ok,1.3401105,1.3401105,2021-01-18/2021-01-24,True,False,0.53970037,0.88177052,-3,-5,0.34207016,2,True,True
2021-01-25_91282CBG5,2021-01-25,2021-01-21,91282CBG5,2-Year,2-Year,False,DGS2,2,6e+10,2021-01-15,2021-02-01,477,5.3e+10,3.7416574e+09,1.8708287,ok,5.8e+10,previous,1.3363062,ok,2,2,2021-01-25/2021-01-31,True,False,0.0013121667,0.040765345,0,-2,0.039453178,2,True,True
2021-01-26_91282CBH3,2021-01-26,2021-01-21,91282CBH3,5-Year,5-Year,False,DGS5,5,6.1e+10,2021-01-19,2021-02-02,416,5.4e+10,3.7416574e+09,1.8708287,ok,5.9e+10,previous,1.3363062,ok,2,2,2021-01-25/2021-01-31,True,False,0.15496339,-0.14138355,-3,3,-0.29634694,-6,True,True
2021-01-28_91282CBJ9,2021-01-28,2021-01-21,91282CBJ9,7-Year,7-Year,False,DGS7,7,6.2e+10,2021-01-21,2021-02-04,152,5.15e+10,5.6124861e+09,1.8708287,ok,6.2e+10,own,1.8708287,ok,2,2,2021-01-25/2021-01-31,True,False,0.28470273,-0.39378323,-4,6,-0.67848596,-10,True,True
2021-02-09_91282CBM2,2021-02-09,2021-02-03,91282CBM2,3-Year,3-Year,False,DGS3,3,5.8e+10,2021-02-02,2021-02-17,146,5.3e+10,3.7416574e+09,1.3363062,ok,5.8e+10,previous,1.3363062,ok,2,2,2021-02-08/2021-02-14,True,False,-0.027006573,-0.056050491,1,2,-0.029043918,-1,True,True
2021-02-10_91282CBL4,2021-02-10,2021-02-03,91282CBL4,10-Year,10-Year,False,DGS10,10,4.1e+10,2021-02-03,2021-02-18,294,3.75e+10,2.258318e+09,1.549826,ok,4.1e+10,own,1.549826,ok,2,2,2021-02-08/2021-02-14,True,False,0.021274179,-1.2815363,0,14,-1.3028104,-14,True,True
2021-02-11_912810SU3,2021-02-11,2021-02-03,912810SU3,30-Year,30-Year,False,DGS30,30,2.7e+10,2021-02-04,2021-02-19,153,2.45e+10,1.6431677e+09,1.5214515,ok,2.7e+10,own,1.5214515,ok,2,2,2021-02-08/2021-02-14,True,False,-0.19324382,-4.3437201,1,20,-4.1504763,-19,True,True
2021-02-17_912810SW9,2021-02-17,2021-02-11,912810SW9,20-Year,20-Year,False,DGS20,20,2.7e+10,2021-02-09,2021-02-24,9,2.4e+10,1.8973666e+09,1.5811388,ok,2.4e+10,previous,0,ok,1,2,2021-02-15/2021-02-21,True,False,-2.2731926,-2.4016698,14,15,-0.12847726,-1,True,True
2021-02-23_91282CBN0,2021-02-23,2021-02-18,91282CBN0,2-Year,2-Year,False,DGS2,2,6e+10,2021-02-16,2021-03-02,478,5.5e+10,3.7416574e+09,1.3363062,ok,6e+10,previous,1.3363062,ok,2,2,2021-02-22/2021-02-28,True,False,0.041342393,-0.038124922,-2,2,-0.079467315,-4,True,True
2021-02-24_91282CBQ3,2021-02-24,2021-02-18,91282CBQ3,5-Year,5-Year,False,DGS5,5,6.1e+10,2021-02-17,2021-03-03,417,5.6e+10,3.7416574e+09,1.3363062,ok,6.1e+10,previous,1.3363062,ok,2,2,2021-02-22/2021-02-28,True,False,-0.23507701,-0.52786538,5,11,-0.29278837,-6,True,True
2021-02-25_91282CBP5,2021-02-25,2021-02-18,91282CBP5,7-Year,7-Year,False,DGS7,7,6.2e+10,2021-02-18,2021-03-04,153,5.45e+10,5.6124861e+09,1.3363062,ok,6.2e+10,own,1.3363062,ok,2,2,2021-02-22/2021-02-28,True,False,-1.916834,0.1530222,29,-2,2.0698562,31,True,True
2021-03-09_91282CBR1,2021-03-09,2021-03-04,91282CBR1,3-Year,3-Year,False,DGS3,3,5.8e+10,2021-03-02,2021-03-16,147,5.4666667e+10,3.2659863e+09,1.0206207,ok,5.8e+10,previous,1.0206207,ok,2,2,2021-03-08/2021-03-14,True,False,-0.26278782,0.065103436,9,-2,0.32789126,11,True,True
2021-03-10_91282CBL4,2021-03-10,2021-03-04,91282CBL4,9-Year 11-Month,10-Year,True,DGS10,10,3.8e+10,2021-03-03,2021-03-17,295,3.8e+10,2.6832816e+09,0,ok,4.1e+10,previous,1.118034,ok,2,1,2021-03-08/2021-03-14,True,False,-0.52639461,-0.88959673,6,10,-0.36320211,-4,True,True
2021-03-11_912810SU3,2021-03-11,2021-03-04,912810SU3,29-Year 11-Month,30-Year,True,DGS30,30,2.4e+10,2021-03-04,2021-03-18,154,2.4666667e+10,1.8618987e+09,-0.35805744,ok,2.4e+10,own,-0.35805744,ok,0.64194256,0.64194256,2021-03-08/2021-03-14,True,False,0.25309813,-3.3332302,-1,16,-3.5863283,-17,True,True
2021-03-16_912810SW9,2021-03-16,2021-03-11,912810SW9,19-Year 11-Month,20-Year,True,DGS20,20,2.4e+10,2021-03-09,2021-03-23,10,2.4333333e+10,2.2509257e+09,-0.14808722,ok,2.7e+10,previous,1.1846978,ok,2,0.85191278,2021-03-15/2021-03-21,True,False,-2.1934321,1.0040376,14,-6,3.1974697,20,True,True
2021-03-23_91282CBU4,2021-03-23,2021-03-18,91282CBU4,2-Year,2-Year,False,DGS2,2,6e+10,2021-03-16,2021-03-30,479,5.6666667e+10,3.2659863e+09,1.0206207,ok,6e+10,previous,1.0206207,ok,2,2,2021-03-22/2021-03-28,True,False,0.0025638877,-0.01760835,0,1,-0.020172238,-1,True,True
2021-03-24_91282CBT7,2021-03-24,2021-03-18,91282CBT7,5-Year,5-Year,False,DGS5,5,6.1e+10,2021-03-17,2021-03-31,418,5.7666667e+10,3.2659863e+09,1.0206207,ok,6.1e+10,previous,1.0206207,ok,2,2,2021-03-22/2021-03-28,True,False,-0.13080256,-0.42220093,3,9,-0.29139836,-6,True,True
2021-03-25_91282CBS9,2021-03-25,2021-03-18,91282CBS9,7-Year,7-Year,False,DGS7,7,6.2e+10,2021-03-18,2021-04-01,154,5.7e+10,4.8989795e+09,1.0206207,ok,6.2e+10,own,1.0206207,ok,2,2,2021-03-22/2021-03-28,True,False,0.42523172,-0.50647921,-6,8,-0.93171093,-14,True,True
2021-04-12_91282CBL4,2021-04-12,2021-04-08,91282CBL4,9-Year 10-Month,10-Year,True,DGS10,10,3.8e+10,2021-04-05,2021-04-19,296,3.85e+10,2.258318e+09,-0.22140372,ok,3.8e+10,previous,-0.22140372,ok,0.77859628,0.77859628,2021-04-12/2021-04-18,True,False,0.39740385,0.76600497,-4,-8,0.36860112,4,True,True
2021-04-12_91282CBV2,2021-04-12,2021-04-08,91282CBV2,3-Year,3-Year,False,DGS3,3,5.8e+10,2021-04-05,2021-04-19,148,5.6e+10,2.5298221e+09,0.79056942,ok,5.8e+10,previous,0.79056942,ok,1.7905694,1.7905694,2021-04-12/2021-04-18,True,False,-0.023349648,0.12538978,1,-4,0.14873943,5,True,True
2021-04-13_912810SU3,2021-04-13,2021-04-08,912810SU3,29-Year 10-Month,30-Year,True,DGS30,30,2.4e+10,2021-04-06,2021-04-20,155,2.4833333e+10,1.7224014e+09,-0.48382062,ok,2.4e+10,previous,-0.48382062,ok,0.51617938,0.51617938,2021-04-12/2021-04-18,True,False,0.04191969,1.1200667,0,-5,1.0781471,5,True,True
2021-04-21_912810SW9,2021-04-21,2021-04-15,912810SW9,19-Year 10-Month,20-Year,True,DGS20,20,2.4e+10,2021-04-14,2021-04-28,11,2.4666667e+10,1.9663842e+09,-0.33903175,ok,2.4e+10,previous,-0.33903175,ok,0.66096825,0.66096825,2021-04-19/2021-04-25,True,False,1.0080954,-0.44502409,-6,3,-1.4531195,-9,True,True
2021-04-26_91282CBX8,2021-04-26,2021-04-22,91282CBX8,2-Year,2-Year,False,DGS2,2,6e+10,2021-04-19,2021-05-03,480,5.8e+10,2.5298221e+09,0.79056942,ok,6e+10,previous,0.79056942,ok,1.7905694,1.7905694,2021-04-26/2021-05-02,True,False,-0.037284066,0.042798311,2,-2,0.080082377,4,True,True
2021-04-26_91282CBW0,2021-04-26,2021-04-22,91282CBW0,5-Year,5-Year,False,DGS5,5,6.1e+10,2021-04-19,2021-05-03,419,5.9e+10,2.5298221e+09,0.79056942,ok,6.1e+10,previous,0.79056942,ok,1.7905694,1.7905694,2021-04-26/2021-05-02,True,False,0.015210826,0.064890943,0,-1,0.049680117,1,True,True
2021-04-27_91282CBZ3,2021-04-27,2021-04-22,91282CBZ3,7-Year,7-Year,False,DGS7,7,6.2e+10,2021-04-20,2021-05-04,155,5.9e+10,3.7947332e+09,0.79056942,ok,6.2e+10,previous,0.79056942,ok,1.7905694,1.7905694,2021-04-26/2021-05-02,True,False,-0.44285415,0.29169258,7,-4,0.73454674,11,True,True
2021-05-11_91282CCC3,2021-05-11,2021-05-05,91282CCC3,3-Year,3-Year,False,DGS3,3,5.8e+10,2021-05-04,2021-05-18,149,5.7e+10,1.6733201e+09,0.5976143,ok,5.8e+10,previous,0.5976143,ok,1.5976143,1.5976143,2021-05-10/2021-05-16,True,False,0.065288734,-0.083280845,-2,3,-0.14856958,-5,True,True
2021-05-12_91282CCB5,2021-05-12,2021-05-05,91282CCB5,10-Year,10-Year,False,DGS10,10,4.1e+10,2021-05-05,2021-05-19,297,3.9e+10,1.5491933e+09,1.2909944,ok,4.1e+10,own,1.2909944,ok,2,2,2021-05-10/2021-05-16,True,False,-0.88491321,0.1222478,10,-1,1.007161,11,True,True
2021-05-13_912810SX7,2021-05-13,2021-05-05,912810SX7,30-Year,30-Year,False,DGS30,30,2.7e+10,2021-05-06,2021-05-20,156,2.5e+10,1.5491933e+09,1.2909944,ok,2.7e+10,own,1.2909944,ok,2,2,2021-05-10/2021-05-16,True,False,-3.1424614,1.1178092,15,-5,4.2602706,20,True,True
2021-05-19_912810SY5,2021-05-19,2021-05-13,912810SY5,20-Year,20-Year,False,DGS20,20,2.7e+10,2021-05-12,2021-05-26,12,2.5e+10,1.5491933e+09,1.2909944,ok,2.4e+10,previous,-0.64549722,ok,0.35450278,2,2021-05-17/2021-05-23,True,False,-0.11776963,2.1485099,1,-13,2.2662795,14,True,True
2021-05-25_91282CCD1,2021-05-25,2021-05-20,91282CCD1,2-Year,2-Year,False,DGS2,2,6e+10,2021-05-18,2021-06-02,481,5.9e+10,1.6733201e+09,0.5976143,ok,6e+10,previous,0.5976143,ok,1.5976143,1.5976143,2021-05-24/2021-05-30,True,False,0.022668473,0.042859048,-1,-2,0.020190575,1,True,True
2021-05-26_91282CCF6,2021-05-26,2021-05-20,91282CCF6,5-Year,5-Year,False,DGS5,5,6.1e+10,2021-05-19,2021-06-03,420,6e+10,1.6733201e+09,0.5976143,ok,6.1e+10,previous,0.5976143,ok,1.5976143,1.5976143,2021-05-24/2021-05-30,True,False,0.35796393,-0.17815351,-7,4,-0.53611744,-11,True,True
2021-05-27_91282CCE9,2021-05-27,2021-05-20,91282CCE9,7-Year,7-Year,False,DGS7,7,6.2e+10,2021-05-20,2021-06-04,156,6.05e+10,2.5099801e+09,0.5976143,ok,6.2e+10,own,0.5976143,ok,1.5976143,1.5976143,2021-05-24/2021-05-30,True,False,0.09032683,0.36109499,-1,-5,0.27076816,4,True,True
2021-06-08_91282CCG4,2021-06-08,2021-06-03,91282CCG4,3-Year,3-Year,False,DGS3,3,5.8e+10,2021-06-01,2021-06-15,150,5.7666667e+10,8.1649658e+08,0.40824829,ok,5.8e+10,previous,0.40824829,ok,1.4082483,1.4082483,2021-06-07/2021-06-13,True,False,-0.024044444,-0.054043965,1,2,-0.029999521,-1,True,True
2021-06-09_91282CCB5,2021-06-09,2021-06-03,91282CCB5,9-Year 11-Month,10-Year,True,DGS10,10,3.8e+10,2021-06-02,2021-06-16,298,3.9e+10,1.5491933e+09,-0.64549722,ok,4.1e+10,previous,1.2909944,ok,2,0.35450278,2021-06-07/2021-06-13,True,False,0.86236927,-0.61810764,-9,7,-1.4804769,-16,True,True
2021-06-10_912810SX7,2021-06-10,2021-06-03,912810SX7,29-Year 11-Month,30-Year,True,DGS30,30,2.4e+10,2021-06-03,2021-06-17,157,2.5e+10,1.5491933e+09,-0.64549722,ok,2.4e+10,own,-0.64549722,ok,0.35450278,0.35450278,2021-06-07/2021-06-13,True,False,3.3610653,0.91935966,-15,-4,-2.4417056,-11,True,True
2021-06-15_912810SY5,2021-06-15,2021-06-10,912810SY5,19-Year 11-Month,20-Year,True,DGS20,20,2.4e+10,2021-06-08,2021-06-22,13,2.5e+10,1.5491933e+09,-0.64549722,ok,2.7e+10,previous,1.2909944,ok,2,0.35450278,2021-06-14/2021-06-20,True,False,0.20010005,1.5054595,-1,-9,1.3053595,8,True,True
2021-06-22_91282CCK5,2021-06-22,2021-06-17,91282CCK5,2-Year,2-Year,False,DGS2,2,6e+10,2021-06-15,2021-06-29,482,5.9666667e+10,8.1649658e+08,0.40824829,ok,6e+10,previous,0.40824829,ok,1.4082483,1.4082483,2021-06-21/2021-06-27,True,False,-0.17544851,-0.035907658,9,2,0.13954085,7,True,True
2021-06-23_91282CCJ8,2021-06-23,2021-06-17,91282CCJ8,5-Year,5-Year,False,DGS5,5,6.1e+10,2021-06-16,2021-06-30,421,6.0666667e+10,8.1649658e+08,0.40824829,ok,6.1e+10,previous,0.40824829,ok,1.4082483,1.4082483,2021-06-21/2021-06-27,True,False,-0.032660876,0.16263074,1,-3,0.19529161,4,True,True
2021-06-24_91282CCH2,2021-06-24,2021-06-17,91282CCH2,7-Year,7-Year,False,DGS7,7,6.2e+10,2021-06-17,2021-07-01,157,6.15e+10,1.2247449e+09,0.40824829,ok,6.2e+10,own,0.40824829,ok,1.4082483,1.4082483,2021-06-21/2021-06-27,True,False,0.089280792,0.15616181,-1,-2,0.06688102,1,True,True
2021-07-12_91282CCB5,2021-07-12,2021-07-08,91282CCB5,9-Year 10-Month,10-Year,True,DGS10,10,3.8e+10,2021-07-02,2021-07-19,299,3.9e+10,1.5491933e+09,-0.64549722,ok,3.8e+10,previous,-0.64549722,ok,0.35450278,0.35450278,2021-07-12/2021-07-18,True,False,0.59281904,1.8130688,-6,-19,1.2202497,13,True,True
2021-07-12_91282CCL3,2021-07-12,2021-07-08,91282CCL3,3-Year,3-Year,False,DGS3,3,5.8e+10,2021-07-02,2021-07-19,151,5.8e+10,0,0,sd0,5.8e+10,previous,0,sd0,1,1,2021-07-12/2021-07-18,True,False,0.069386451,0.15594925,-2,-5,0.086562802,3,True,True
2021-07-13_912810SX7,2021-07-13,2021-07-08,912810SX7,29-Year 10-Month,30-Year,True,DGS30,30,2.4e+10,2021-07-06,2021-07-20,158,2.5e+10,1.5491933e+09,-0.64549722,ok,2.4e+10,previous,-0.64549722,ok,0.35450278,0.35450278,2021-07-12/2021-07-18,True,False,-0.86883197,3.6900941,4,-16,4.5589261,20,True,True
2021-07-21_912810SY5,2021-07-21,2021-07-15,912810SY5,19-Year 10-Month,20-Year,True,DGS20,20,2.4e+10,2021-07-14,2021-07-28,14,2.5e+10,1.5491933e+09,-0.64549722,ok,2.4e+10,previous,-0.64549722,ok,0.35450278,0.35450278,2021-07-19/2021-07-25,True,False,0.68321452,0.69949096,-4,-4,0.016276439,2.220446e-14,True,True
2021-07-26_91282CCN9,2021-07-26,2021-07-22,91282CCN9,2-Year,2-Year,False,DGS2,2,6e+10,2021-07-19,2021-08-02,483,6e+10,0,0,sd0,6e+10,previous,0,sd0,1,1,2021-07-26/2021-08-01,True,False,-0.01680619,0.10229426,1,-5,0.11910045,6,True,True
2021-07-27_91282CCP4,2021-07-27,2021-07-22,91282CCP4,5-Year,5-Year,False,DGS5,5,6.1e+10,2021-07-20,2021-08-03,422,6.1e+10,0,0,sd0,6.1e+10,previous,0,sd0,1,1,2021-07-26/2021-08-01,True,False,-0.085372653,0.3067645,2,-6,0.39213715,8,True,True
2021-07-29_91282CCR0,2021-07-29,2021-07-22,91282CCR0,7-Year,7-Year,False,DGS7,7,6.2e+10,2021-07-22,2021-08-05,158,6.2e+10,0,0,sd0,6.2e+10,own,0,sd0,1,1,2021-07-26/2021-08-01,True,False,-0.11612538,0.2192943,2,-3,0.33541968,5,True,True
2021-08-10_91282CCT6,2021-08-10,2021-08-04,91282CCT6,3-Year,3-Year,False,DGS3,3,5.8e+10,2021-08-03,2021-08-17,152,5.8e+10,0,0,sd0,5.8e+10,previous,0,sd0,1,1,2021-08-09/2021-08-15,True,False,-0.40945979,0.12633908,14,-4,0.53579887,18,True,True
2021-08-11_91282CCS8,2021-08-11,2021-08-04,91282CCS8,10-Year,10-Year,False,DGS10,10,4.1e+10,2021-08-04,2021-08-18,300,3.9e+10,1.5491933e+09,1.2909944,ok,4.1e+10,own,1.2909944,ok,2,2,2021-08-09/2021-08-15,True,False,-1.4649958,0.77263458,16,-8,2.2376304,24,True,True
2021-08-12_912810SZ2,2021-08-12,2021-08-04,912810SZ2,30-Year,30-Year,False,DGS30,30,2.7e+10,2021-08-05,2021-08-19,159,2.5e+10,1.5491933e+09,1.2909944,ok,2.7e+10,own,1.2909944,ok,2,2,2021-08-09/2021-08-15,True,False,-3.7508846,3.4774665,17,-15,7.228351,32,True,True
2021-08-18_912810TA6,2021-08-18,2021-08-12,912810TA6,20-Year,20-Year,False,DGS20,20,2.7e+10,2021-08-11,2021-08-25,15,2.5e+10,1.5491933e+09,1.2909944,ok,2.4e+10,previous,-0.64549722,ok,0.35450278,2,2021-08-16/2021-08-22,True,False,1.0327462,-0.63342826,-6,4,-1.6661744,-10,True,True
2021-08-24_91282CCU3,2021-08-24,2021-08-19,91282CCU3,2-Year,2-Year,False,DGS2,2,6e+10,2021-08-17,2021-08-31,484,6e+10,0,0,sd0,6e+10,previous,0,sd0,1,1,2021-08-23/2021-08-29,True,False,-0.016629733,0.08292289,1,-4,0.099552624,5,True,True
2021-08-25_91282CCW9,2021-08-25,2021-08-19,91282CCW9,5-Year,5-Year,False,DGS5,5,6.1e+10,2021-08-18,2021-09-01,423,6.1e+10,0,0,sd0,6.1e+10,previous,0,sd0,1,1,2021-08-23/2021-08-29,True,False,-0.23021393,0.30779186,5,-6,0.53800579,11,True,True
2021-08-26_91282CCV1,2021-08-26,2021-08-19,91282CCV1,7-Year,7-Year,False,DGS7,7,6.2e+10,2021-08-19,2021-09-02,159,6.2e+10,0,0,sd0,6.2e+10,own,0,sd0,1,1,2021-08-23/2021-08-29,True,False,-0.58416285,0.42348633,9,-6,1.0076492,15,True,True
2021-09-07_91282CCX7,2021-09-07,2021-09-02,91282CCX7,3-Year,3-Year,False,DGS3,3,5.8e+10,2021-08-30,2021-09-14,153,5.8e+10,0,0,sd0,5.8e+10,previous,0,sd0,1,1,2021-09-06/2021-09-12,True,False,-0.14041597,0.066960531,5,-2,0.2073765,7,True,True
2021-09-08_91282CCS8,2021-09-08,2021-09-02,91282CCS8,9-Year 11-Month,10-Year,True,DGS10,10,3.8e+10,2021-08-31,2021-09-15,301,3.9e+10,1.5491933e+09,-0.64549722,ok,4.1e+10,previous,1.2909944,ok,2,0.35450278,2021-09-06/2021-09-12,True,False,-0.43854893,0.39670209,5,-4,0.83525102,9,True,True
2021-09-09_912810SZ2,2021-09-09,2021-09-02,912810SZ2,29-Year 11-Month,30-Year,True,DGS30,30,2.4e+10,2021-09-01,2021-09-16,160,2.5e+10,1.5491933e+09,-0.64549722,ok,2.7e+10,previous,1.2909944,ok,2,0.35450278,2021-09-06/2021-09-12,True,False,0.48913115,0.48599929,-2,-2,-0.0031318678,0,True,True
2021-09-21_912810TA6,2021-09-21,2021-09-16,912810TA6,19-Year 11-Month,20-Year,True,DGS20,20,2.4e+10,2021-09-14,2021-09-28,16,2.5e+10,1.5491933e+09,-0.64549722,ok,2.7e+10,previous,1.2909944,ok,2,0.35450278,2021-09-20/2021-09-26,True,False,-0.47075884,-3.3918795,3,21,-2.9211207,-18,True,True
2021-09-27_91282CDA6,2021-09-27,2021-09-23,91282CDA6,2-Year,2-Year,False,DGS2,2,6e+10,2021-09-20,2021-10-04,485,6e+10,0,0,sd0,6e+10,previous,0,sd0,1,1,2021-09-27/2021-10-03,True,False,-0.15459529,0.08436846,8,-4,0.23896375,12,True,True
2021-09-27_91282CCZ2,2021-09-27,2021-09-23,91282CCZ2,5-Year,5-Year,False,DGS5,5,6.1e+10,2021-09-20,2021-10-04,424,6.1e+10,0,0,sd0,6.1e+10,previous,0,sd0,1,1,2021-09-27/2021-10-03,True,False,-0.71223657,0.16373149,15,-3,0.87596806,18,True,True
2021-09-28_91282CCY5,2021-09-28,2021-09-23,91282CCY5,7-Year,7-Year,False,DGS7,7,6.2e+10,2021-09-21,2021-10-05,160,6.2e+10,0,0,sd0,6.2e+10,previous,0,sd0,1,1,2021-09-27/2021-10-03,True,False,-1.3723372,0.1566688,21,-2,1.529006,23,True,True
2021-10-12_91282CCS8,2021-10-12,2021-10-07,91282CCS8,9-Year 10-Month,10-Year,True,DGS10,10,3.8e+10,2021-10-04,2021-10-19,302,3.9e+10,1.5491933e+09,-0.64549722,ok,3.8e+10,previous,-0.64549722,ok,0.35450278,0.35450278,2021-10-11/2021-10-17,True,False,-0.88736321,-0.523344,10,6,0.36401921,4,True,True
2021-10-12_91282CDB4,2021-10-12,2021-10-07,91282CDB4,3-Year,3-Year,False,DGS3,3,5.8e+10,2021-10-04,2021-10-19,154,5.8e+10,0,0,sd0,5.8e+10,previous,0,sd0,1,1,2021-10-11/2021-10-17,True,False,-0.34370845,-0.19526226,12,7,0.14844619,5,True,True
2021-10-13_912810SZ2,2021-10-13,2021-10-07,912810SZ2,29-Year 10-Month,30-Year,True,DGS30,30,2.4e+10,2021-10-05,2021-10-20,161,2.5e+10,1.5491933e+09,-0.64549722,ok,2.4e+10,previous,-0.64549722,ok,0.35450278,0.35450278,2021-10-11/2021-10-17,True,False,1.1544529,-1.5161979,-5,7,-2.6706507,-12,True,True
2021-10-20_912810TA6,2021-10-20,2021-10-14,912810TA6,19-Year 10-Month,20-Year,True,DGS20,20,2.4e+10,2021-10-13,2021-10-27,17,2.5e+10,1.5491933e+09,-0.64549722,ok,2.4e+10,previous,-0.64549722,ok,0.35450278,0.35450278,2021-10-18/2021-10-24,True,False,-1.4297501,2.6902397,9,-16,4.1199897,25,True,True
2021-10-26_91282CDD0,2021-10-26,2021-10-21,91282CDD0,2-Year,2-Year,False,DGS2,2,6e+10,2021-10-19,2021-11-02,486,6e+10,0,0,sd0,6e+10,previous,0,sd0,1,1,2021-10-25/2021-10-31,True,False,-0.1116188,0.028235802,6,-1,0.1398546,7,True,True
2021-10-27_91282CDG3,2021-10-27,2021-10-21,91282CDG3,5-Year,5-Year,False,DGS5,5,6.1e+10,2021-10-20,2021-11-03,425,6.1e+10,0,0,sd0,6.1e+10,previous,0,sd0,1,1,2021-10-25/2021-10-31,True,False,0.021378151,-0.12378278,0,3,-0.14516093,-3,True,True
2021-10-28_91282CDF5,2021-10-28,2021-10-21,91282CDF5,7-Year,7-Year,False,DGS7,7,6.2e+10,2021-10-21,2021-11-04,161,6.2e+10,0,0,sd0,6.2e+10,own,0,sd0,1,1,2021-10-25/2021-10-31,True,False,0.55790964,0.49167836,-8,-7,-0.066231275,-1,True,True
2021-11-08_91282CDH1,2021-11-08,2021-11-03,91282CDH1,3-Year,3-Year,False,DGS3,3,5.6e+10,2021-11-01,2021-11-16,155,5.8e+10,0,-3,sd0,5.8e+10,previous,0,sd0,1,0,2021-11-08/2021-11-14,True,False,0.13112676,-0.33740996,-4,12,-0.46853671,-16,True,True
2021-11-09_91282CDJ7,2021-11-09,2021-11-03,91282CDJ7,10-Year,10-Year,False,DGS10,10,3.9e+10,2021-11-02,2021-11-17,303,3.9e+10,1.5491933e+09,0,ok,3.8e+10,previous,-0.64549722,ok,0.35450278,1,2021-11-08/2021-11-14,True,False,0.95369117,-1.2543463,-10,14,-2.2080374,-24,True,True
2021-11-10_912810TB4,2021-11-10,2021-11-03,912810TB4,30-Year,30-Year,False,DGS30,30,2.5e+10,2021-11-03,2021-11-18,162,2.5e+10,1.5491933e+09,0,ok,2.5e+10,own,0,ok,1,1,2021-11-08/2021-11-14,True,False,1.8373629,-1.0900059,-8,5,-2.9273687,-13,True,True
2021-11-17_912810TC2,2021-11-17,2021-11-10,912810TC2,20-Year,20-Year,False,DGS20,20,2.3e+10,2021-11-09,2021-11-24,18,2.5e+10,1.5491933e+09,-1.2909944,ok,2.4e+10,previous,-0.64549722,ok,0.35450278,0,2021-11-15/2021-11-21,True,False,-2.8922398,0.19240162,18,-1,3.0846414,19,True,True
2021-11-22_91282CDM0,2021-11-22,2021-11-18,91282CDM0,2-Year,2-Year,False,DGS2,2,5.8e+10,2021-11-15,2021-11-30,487,6e+10,0,-3,sd0,6e+10,previous,0,sd0,1,0,2021-11-22/2021-11-28,True,False,-0.18851776,0.22897674,10,-11,0.4174945,21,True,True
2021-11-22_91282CDK4,2021-11-22,2021-11-18,91282CDK4,5-Year,5-Year,False,DGS5,5,5.9e+10,2021-11-15,2021-11-30,426,6.1e+10,0,-3,sd0,6.1e+10,previous,0,sd0,1,0,2021-11-22/2021-11-28,True,False,-0.31459536,0.94633083,7,-19,1.2609262,26,True,True
2021-11-23_91282CDL2,2021-11-23,2021-11-18,91282CDL2,7-Year,7-Year,False,DGS7,7,5.9e+10,2021-11-16,2021-12-01,162,6.2e+10,0,-3,sd0,6.2e+10,previous,0,sd0,1,0,2021-11-22/2021-11-28,True,False,-0.36903984,1.563134,6,-23,1.9321739,29,True,True
2021-12-02_912810TC2,2021-12-02,2021-12-02,912810TC2,19-Year 11-Month,20-Year,True,DGS20,20,25000000,2021-11-24,2021-12-09,19,2.4333333e+10,1.3662601e+09,-3,clipped,2.3e+10,previous,-0.97590007,ok,0.024099927,0,2021-11-29/2021-12-05,True,False,2.6986608,-0.63874265,-16,4,-3.3374034,-20,True,True
2021-12-07_91282CDN8,2021-12-07,2021-12-02,91282CDN8,3-Year,3-Year,False,DGS3,3,5.4e+10,2021-11-30,2021-12-14,156,5.7666667e+10,8.1649658e+08,-3,clipped,5.6e+10,previous,-2.0412415,ok,0,0,2021-12-06/2021-12-12,True,False,-0.51432617,0.046874165,18,-1,0.56120034,19,True,True
2021-12-08_91282CDJ7,2021-12-08,2021-12-02,91282CDJ7,9-Year 11-Month,10-Year,True,DGS10,10,3.6e+10,2021-12-01,2021-12-15,304,3.8666667e+10,1.2110601e+09,-2.2019275,ok,3.9e+10,previous,0.27524094,ok,1.2752409,0,2021-12-06/2021-12-12,True,False,-0.80790091,0.4894304,9,-5,1.2973313,14,True,True
2021-12-09_912810TB4,2021-12-09,2021-12-02,912810TB4,29-Year 11-Month,30-Year,True,DGS30,30,2.2e+10,2021-12-02,2021-12-16,163,2.4666667e+10,1.2110601e+09,-2.2019275,ok,2.2e+10,own,-2.2019275,ok,0,0,2021-12-06/2021-12-12,True,False,-2.4890399,0.026821212,11,0,2.5158611,11,True,True
2021-12-21_912810TC2,2021-12-21,2021-12-16,912810TC2,19-Year 11-Month,20-Year,True,DGS20,20,2e+10,2021-12-14,2021-12-29,20,2.03375e+10,1.0043079e+10,-0.033605232,ok,25000000,previous,-2.0225371,ok,0,0.96639477,2021-12-20/2021-12-26,True,False,-0.79333007,-1.2742114,5,8,-0.48088135,-3,True,True
2021-12-27_91282CDR9,2021-12-27,2021-12-23,91282CDR9,2-Year,2-Year,False,DGS2,2,5.6e+10,2021-12-17,2022-01-03,488,5.9666667e+10,8.1649658e+08,-3,clipped,5.8e+10,previous,-2.0412415,ok,0,0,2021-12-27/2022-01-02,True,False,-0.18064997,-0.026270009,10,2,0.15437996,8,True,True
2021-12-28_91282CDQ1,2021-12-28,2021-12-23,91282CDQ1,5-Year,5-Year,False,DGS5,5,5.7e+10,2021-12-20,2022-01-04,427,6.0666667e+10,8.1649658e+08,-3,clipped,5.9e+10,previous,-2.0412415,ok,0,0,2021-12-27/2022-01-02,True,False,-0.45711875,-0.45772034,10,10,-0.00060158965,0,True,True
2021-12-29_91282CDP3,2021-12-29,2021-12-23,91282CDP3,7-Year,7-Year,False,DGS7,7,5.6e+10,2021-12-21,2022-01-05,163,6.15e+10,1.2247449e+09,-3,clipped,5.9e+10,previous,-2.0412415,ok,0,0,2021-12-27/2022-01-02,True,False,-0.43481233,-0.96049155,7,15,-0.52567923,-8,True,True
2022-01-11_91282CDS7,2022-01-11,2022-01-06,91282CDS7,3-Year,3-Year,False,DGS3,3,5.2e+10,2022-01-04,2022-01-19,157,5.7e+10,1.6733201e+09,-2.9880715,ok,5.4e+10,previous,-1.7928429,ok,0,0,2022-01-10/2022-01-16,True,False,-0.56632975,-0.29713408,20,11,0.26919567,9,True,True
2022-01-12_91282CDJ7,2022-01-12,2022-01-06,91282CDJ7,9-Year 10-Month,10-Year,True,DGS10,10,3.6e+10,2022-01-05,2022-01-20,305,3.8333333e+10,1.6329932e+09,-1.428869,ok,3.6e+10,previous,-1.428869,ok,0,0,2022-01-10/2022-01-16,True,False,-0.24309768,-0.7842567,3,9,-0.54115902,-6,True,True
2022-01-13_912810TB4,2022-01-13,2022-01-06,912810TB4,29-Year 10-Month,30-Year,True,DGS30,30,2.2e+10,2022-01-06,2022-01-21,164,2.4333333e+10,1.6329932e+09,-1.428869,ok,2.2e+10,own,-1.428869,ok,0,0,2022-01-10/2022-01-16,True,False,0.93059457,-0.4156433,-4,2,-1.3462379,-6,True,True
2022-01-19_912810TC2,2022-01-19,2022-01-13,912810TC2,19-Year 10-Month,20-Year,True,DGS20,20,2e+10,2022-01-11,2022-01-26,21,1.9670833e+10,9.8828186e+09,0.033306962,ok,2e+10,previous,0.033306962,ok,1.033307,1.033307,2022-01-17/2022-01-23,True,False,-1.0872882,-0.2871787,7,2,0.80010952,5,True,True
2022-01-24_91282CDV0,2022-01-24,2022-01-20,91282CDV0,2-Year,2-Year,False,DGS2,2,5.4e+10,2022-01-14,2022-01-31,489,5.9e+10,1.6733201e+09,-2.9880715,ok,5.6e+10,previous,-1.7928429,ok,0,0,2022-01-24/2022-01-30,True,False,0.023922707,-0.35621016,0,19,-0.38013286,-19,True,True
2022-01-25_912828Z78,2022-01-25,2022-01-20,912828Z78,5-Year,7-Year,True,DGS7,7,5.5e+10,2022-01-18,2022-02-01,164,6.05e+10,2.5099801e+09,-2.1912525,ok,5.6e+10,previous,-1.7928429,ok,0,0,2022-01-24/2022-01-30,True,False,0.62060939,-0.1677801,-9,3,-0.78838949,-12,True,True
2022-01-27_91282CDW8,2022-01-27,2022-01-20,91282CDW8,7-Year,7-Year,False,DGS7,7,5.3e+10,2022-01-20,2022-02-03,165,5.9333333e+10,3.204164e+09,-1.9765946,ok,5.3e+10,own,-1.9765946,ok,0,0,2022-01-24/2022-01-30,True,False,-0.037400815,0.029247921,1,0,0.066648736,1,True,True
2022-02-08_91282CDZ1,2022-02-08,2022-02-02,91282CDZ1,3-Year,3-Year,False,DGS3,3,5e+10,2022-02-01,2022-02-15,158,5.6e+10,2.5298221e+09,-2.3717082,ok,5.2e+10,previous,-1.5811388,ok,0,0,2022-02-07/2022-02-13,True,False,-0.55897371,-0.58436106,20,21,-0.025387349,-1,True,True
2022-02-09_91282CDY4,2022-02-09,2022-02-02,91282CDY4,10-Year,10-Year,False,DGS10,10,3.7e+10,2022-02-02,2022-02-16,306,3.8e+10,1.8973666e+09,-0.52704628,ok,3.7e+10,own,-0.52704628,ok,0.47295372,0.47295372,2022-02-07/2022-02-13,True,False,-1.4146393,-0.78401638,16,9,0.63062292,7,True,True
2022-02-10_912810TD0,2022-02-10,2022-02-02,912810TD0,30-Year,30-Year,False,DGS30,30,2.3e+10,2022-02-03,2022-02-17,165,2.4e+10,1.8973666e+09,-0.52704628,ok,2.3e+10,own,-0.52704628,ok,0.47295372,0.47295372,2022-02-07/2022-02-13,True,False,-3.4043045,-0.1918347,16,1,3.2124698,15,True,True
2022-02-16_912810TF5,2022-02-16,2022-02-10,912810TF5,20-Year,20-Year,False,DGS20,20,1.9e+10,2022-02-09,2022-02-24,22,1.8504167e+10,9.2366176e+09,0.053681267,ok,2e+10,previous,0.16194601,ok,1.161946,1.0536813,2022-02-14/2022-02-20,True,False,-1.234045,0.515988,8,-3,1.750033,11,True,True
2022-02-22_91282CEA5,2022-02-22,2022-02-17,91282CEA5,2-Year,2-Year,False,DGS2,2,5.2e+10,2022-02-14,2022-03-01,490,5.8e+10,2.5298221e+09,-2.3717082,ok,5.4e+10,previous,-1.5811388,ok,0,0,2022-02-21/2022-02-27,True,False,0.064446845,0.51369191,-2,-25,0.44924507,23,True,True
2022-02-23_91282CEC1,2022-02-23,2022-02-17,91282CEC1,5-Year,5-Year,False,DGS5,5,5.3e+10,2022-02-15,2022-03-02,428,6e+10,1.6733201e+09,-3,clipped,5.7e+10,previous,-1.7928429,ok,0,0,2022-02-21/2022-02-27,True,False,0.26973295,0.73923108,-5,-15,0.46949813,10,True,True
2022-02-24_91282CEB3,2022-02-24,2022-02-17,91282CEB3,7-Year,7-Year,False,DGS7,7,5e+10,2022-02-16,2022-03-03,166,5.7833333e+10,3.7638633e+09,-2.081195,ok,5.3e+10,previous,-1.2841416,ok,0,0,2022-02-21/2022-02-27,True,False,0.42471456,0.80868066,-6,-12,0.3839661,6,True,True
2022-03-08_91282CED9,2022-03-08,2022-03-03,91282CED9,3-Year,3-Year,False,DGS3,3,4.8e+10,2022-03-01,2022-03-15,159,5.4666667e+10,3.2659863e+09,-2.0412415,ok,5e+10,previous,-1.428869,ok,0,0,2022-03-07/2022-03-13,True,False,-0.87565406,-0.7223038,31,26,0.15335026,5,True,True
2022-03-09_91282CDY4,2022-03-09,2022-03-03,91282CDY4,9-Year 11-Month,10-Year,True,DGS10,10,3.4e+10,2022-03-02,2022-03-16,307,3.7333333e+10,1.2110601e+09,-2.7524094,ok,3.7e+10,previous,-0.27524094,ok,0.72475906,0,2022-03-07/2022-03-13,True,False,-0.70023595,-2.1957192,8,25,-1.4954833,-17,True,True
2022-03-10_912810TD0,2022-03-10,2022-03-03,912810TD0,29-Year 11-Month,30-Year,True,DGS30,30,2e+10,2022-03-03,2022-03-17,166,2.3333333e+10,1.2110601e+09,-2.7524094,ok,2e+10,own,-2.7524094,ok,0,0,2022-03-07/2022-03-13,True,False,-2.9558575,-2.48502,14,12,0.47083752,2,True,True
2022-03-23_912810TF5,2022-03-23,2022-03-17,912810TF5,19-Year 11-Month,20-Year,True,DGS20,20,1.6e+10,2022-03-16,2022-03-30,23,1.7670833e+10,8.8594641e+09,-0.18859305,ok,1.9e+10,previous,0.15002789,ok,1.1500279,0.81140695,2022-03-21/2022-03-27,True,False,-1.3601674,0.34273184,9,-2,1.7028993,11,True,True
2022-03-28_91282CEG2,2022-03-28,2022-03-24,91282CEG2,2-Year,2-Year,False,DGS2,2,5e+10,2022-03-21,2022-04-04,491,5.6666667e+10,3.2659863e+09,-2.0412415,ok,5.2e+10,previous,-1.428869,ok,0,0,2022-03-28/2022-04-03,True,False,-0.37500643,-0.12041034,21,8,0.25459609,13,True,True
2022-03-28_91282CEF4,2022-03-28,2022-03-24,91282CEF4,5-Year,5-Year,False,DGS5,5,5.1e+10,2022-03-21,2022-04-04,429,5.8666667e+10,3.204164e+09,-2.3927198,ok,5.3e+10,previous,-1.7685321,ok,0,0,2022-03-28/2022-04-03,True,False,-0.94335835,-0.056860266,21,2,0.88649808,19,True,True
2022-03-29_91282CEE7,2022-03-29,2022-03-24,91282CEE7,7-Year,7-Year,False,DGS7,7,4.7e+10,2022-03-22,2022-04-05,167,5.5833333e+10,4.2622373e+09,-2.072464,ok,5e+10,previous,-1.3686083,ok,0,0,2022-03-28/2022-04-03,True,False,-0.47607009,-0.91673192,8,15,-0.44066183,-7,True,True
2022-04-11_91282CEH0,2022-04-11,2022-04-07,91282CEH0,3-Year,3-Year,False,DGS3,3,4.6e+10,2022-04-04,2022-04-19,160,5.3e+10,3.7416574e+09,-1.8708287,ok,4.8e+10,previous,-1.3363062,ok,0,0,2022-04-11/2022-04-17,True,False,-0.30493881,-0.18833849,12,8,0.11660032,4,True,True
2022-04-12_91282CDY4,2022-04-12,2022-04-07,91282CDY4,9-Year 10-Month,10-Year,True,DGS10,10,3.4e+10,2022-04-05,2022-04-20,308,3.6666667e+10,1.7511901e+09,-1.522774,ok,3.4e+10,previous,-1.522774,ok,0,0,2022-04-11/2022-04-17,True,False,-1.5267866,-1.0822737,18,13,0.44451292,5,True,True
2022-04-13_912810TD0,2022-04-13,2022-04-07,912810TD0,29-Year 10-Month,30-Year,True,DGS30,30,2e+10,2022-04-06,2022-04-21,167,2.2666667e+10,1.7511901e+09,-1.522774,ok,2e+10,previous,-1.522774,ok,0,0,2022-04-11/2022-04-17,True,False,-3.5814645,-2.5428777,18,13,1.0385868,5,True,True
2022-04-20_912810TF5,2022-04-20,2022-04-14,912810TF5,19-Year 10-Month,20-Year,True,DGS20,20,1.6e+10,2022-04-12,2022-04-27,24,1.63375e+10,8.3008094e+09,-0.040658685,ok,1.6e+10,previous,-0.040658685,ok,0.95934131,0.95934131,2022-04-18/2022-04-24,True,False,-1.2971193,0.037550684,9,0,1.33467,9,True,True
2022-04-26_91282CEK3,2022-04-26,2022-04-21,91282CEK3,2-Year,2-Year,False,DGS2,2,4.8e+10,2022-04-19,2022-05-03,492,5.5e+10,3.7416574e+09,-1.8708287,ok,5e+10,previous,-1.3363062,ok,0,0,2022-04-25/2022-05-01,True,False,0.16973412,-0.42830686,-7,24,-0.59804097,-31,True,True
2022-04-27_91282CEN7,2022-04-27,2022-04-21,91282CEN7,5-Year,5-Year,False,DGS5,5,4.9e+10,2022-04-20,2022-05-04,430,5.7e+10,4.1952354e+09,-1.9069252,ok,5.1e+10,previous,-1.4301939,ok,0,0,2022-04-25/2022-05-01,True,False,0.31577249,-0.51466535,-6,12,-0.83043784,-18,True,True
2022-04-28_91282CEM9,2022-04-28,2022-04-21,91282CEM9,7-Year,7-Year,False,DGS7,7,4.4e+10,2022-04-21,2022-05-05,168,5.3333333e+10,4.3204938e+09,-2.1602469,ok,4.4e+10,own,-2.1602469,ok,0,0,2022-04-25/2022-05-01,True,False,0.541707,-1.1473516,-8,19,-1.6890586,-27,True,True
2022-05-10_91282CEQ0,2022-05-10,2022-05-04,91282CEQ0,3-Year,3-Year,False,DGS3,3,4.5e+10,2022-05-03,2022-05-17,161,5.1e+10,3.7416574e+09,-1.6035675,ok,4.6e+10,previous,-1.3363062,ok,0,0,2022-05-09/2022-05-15,True,False,0.43773133,-0.19455911,-14,8,-0.63229044,-22,True,True
2022-05-11_91282CEP2,2022-05-11,2022-05-04,91282CEP2,10-Year,10-Year,False,DGS10,10,3.6e+10,2022-05-04,2022-05-18,309,3.6e+10,1.8973666e+09,0,ok,3.6e+10,own,0,ok,1,1,2022-05-09/2022-05-15,True,False,0.2083799,0.20339004,-2,-2,-0.0049898622,0,True,True
2022-05-12_912810TG3,2022-05-12,2022-05-04,912810TG3,30-Year,30-Year,False,DGS30,30,2.2e+10,2022-05-05,2022-05-19,168,2.2e+10,1.8973666e+09,0,ok,2.2e+10,own,0,ok,1,1,2022-05-09/2022-05-15,True,False,2.9996841,-0.95489802,-15,5,-3.9545821,-20,True,True
2022-05-18_912810TH1,2022-05-18,2022-05-12,912810TH1,20-Year,20-Year,False,DGS20,20,1.7e+10,2022-05-11,2022-05-25,25,1.5170833e+10,7.6429774e+09,0.23932645,ok,1.6e+10,previous,0.10848739,ok,1.1084874,1.2393265,2022-05-16/2022-05-22,True,False,0.17804925,1.513217,-1,-10,1.3351678,9,True,True
2022-05-24_91282CER8,2022-05-24,2022-05-19,91282CER8,2-Year,2-Year,False,DGS2,2,4.7e+10,2022-05-17,2022-06-01,493,5.3e+10,3.7416574e+09,-1.6035675,ok,4.8e+10,previous,-1.3363062,ok,0,0,2022-05-23/2022-05-29,True,False,0.43762798,-0.27811845,-21,16,-0.71574643,-37,True,True
2022-05-25_91282CET4,2022-05-25,2022-05-19,91282CET4,5-Year,5-Year,False,DGS5,5,4.8e+10,2022-05-18,2022-06-02,431,5.5e+10,4.7328638e+09,-1.4790199,ok,4.9e+10,previous,-1.2677314,ok,0,0,2022-05-23/2022-05-29,True,False,0.87091259,-0.93236919,-18,21,-1.8032818,-39,True,True
2022-05-26_91282CES6,2022-05-26,2022-05-19,91282CES6,7-Year,7-Year,False,DGS7,7,4.2e+10,2022-05-19,2022-06-03,169,5.0833333e+10,4.708149e+09,-1.8761797,ok,4.2e+10,own,-1.8761797,ok,0,0,2022-05-23/2022-05-29,True,False,0.79321328,-1.4645876,-12,24,-2.2578009,-36,True,True
2022-06-07_91282CEU1,2022-06-07,2022-06-02,91282CEU1,3-Year,3-Year,False,DGS3,3,4.4e+10,2022-05-31,2022-06-14,162,4.9166667e+10,3.4880749e+09,-1.4812373,ok,4.5e+10,previous,-1.1945462,ok,0,0,2022-06-06/2022-06-12,True,False,-0.53765732,-1.9039541,20,69,-1.3662967,-49,True,True
2022-06-08_91282CEP2,2022-06-08,2022-06-02,91282CEP2,9-Year 11-Month,10-Year,True,DGS10,10,3.3e+10,2022-06-01,2022-06-15,310,3.55e+10,1.2247449e+09,-2.0412415,ok,3.6e+10,previous,0.40824829,ok,1.4082483,0,2022-06-06/2022-06-12,True,False,-0.73818278,-2.5032497,9,30,-1.7650669,-21,True,True
2022-06-09_912810TG3,2022-06-09,2022-06-02,912810TG3,29-Year 11-Month,30-Year,True,DGS30,30,1.9e+10,2022-06-02,2022-06-16,169,2.15e+10,1.2247449e+09,-2.0412415,ok,1.9e+10,own,-2.0412415,ok,0,0,2022-06-06/2022-06-12,True,False,-1.6981753,-3.1822685,9,17,-1.4840932,-8,True,True
2022-06-22_912810TH1,2022-06-22,2022-06-16,912810TH1,19-Year 11-Month,20-Year,True,DGS20,20,1.4e+10,2022-06-14,2022-06-29,26,1.8e+10,1.8973666e+09,-2.1081851,ok,1.7e+10,previous,-0.52704628,ok,0.47295372,0,2022-06-20/2022-06-26,True,False,3.3413637,0.45987536,-23,-3,-2.8814883,-20,True,True
2022-06-27_91282CEX5,2022-06-27,2022-06-23,91282CEX5,2-Year,2-Year,False,DGS2,2,4.6e+10,2022-06-17,2022-07-05,494,5.1166667e+10,3.4880749e+09,-1.4812373,ok,4.7e+10,previous,-1.1945462,ok,0,0,2022-06-27/2022-07-03,True,False,0.21384104,0.52864689,-9,-26,0.31480585,17,True,True
2022-06-27_91282CEW7,2022-06-27,2022-06-23,91282CEW7,5-Year,5-Year,False,DGS5,5,4.7e+10,2022-06-17,2022-07-05,432,5.2833333e+10,4.4007575e+09,-1.3255294,ok,4.8e+10,previous,-1.0982958,ok,0,0,2022-06-27/2022-07-03,True,False,0.50202035,1.9793798,-10,-42,1.4773595,32,True,True
2022-06-28_91282CEV9,2022-06-28,2022-06-23,91282CEV9,7-Year,7-Year,False,DGS7,7,4e+10,2022-06-21,2022-07-06,170,4.85e+10,5.0892043e+09,-1.6702022,ok,4.2e+10,previous,-1.2772134,ok,0,0,2022-06-27/2022-07-03,True,False,0.7737641,1.7857534,-12,-28,1.0119893,16,True,True
2022-07-11_91282CEY3,2022-07-11,2022-07-07,91282CEY3,3-Year,3-Year,False,DGS3,3,4.3e+10,2022-07-01,2022-07-18,163,4.75e+10,3.082207e+09,-1.4599928,ok,4.4e+10,previous,-1.1355499,ok,0,0,2022-07-11/2022-07-17,True,False,-0.65098731,-0.15420302,24,6,0.49678429,18,True,True
2022-07-12_91282CEP2,2022-07-12,2022-07-07,91282CEP2,9-Year 10-Month,10-Year,True,DGS10,10,3.3e+10,2022-07-05,2022-07-19,311,3.5e+10,1.5491933e+09,-1.2909944,ok,3.3e+10,previous,-1.2909944,ok,0,0,2022-07-11/2022-07-17,True,False,-1.1867421,-0.4181076,14,5,0.76863454,9,True,True
2022-07-13_912810TG3,2022-07-13,2022-07-07,912810TG3,29-Year 10-Month,30-Year,True,DGS30,30,1.9e+10,2022-07-06,2022-07-20,170,2.1e+10,1.5491933e+09,-1.2909944,ok,1.9e+10,previous,-1.2909944,ok,0,0,2022-07-11/2022-07-17,True,False,1.1812957,-1.7168238,-6,9,-2.8981195,-15,True,True
2022-07-20_912810TH1,2022-07-20,2022-07-14,912810TH1,19-Year 10-Month,20-Year,True,DGS20,20,1.4e+10,2022-07-13,2022-07-27,27,1.7e+10,2.1908902e+09,-1.3693064,ok,1.4e+10,previous,-1.3693064,ok,0,0,2022-07-18/2022-07-24,True,False,-1.1309829,2.5018482,8,-17,3.6328311,25,True,True
2022-07-25_91282CFA4,2022-07-25,2022-07-21,91282CFA4,2-Year,2-Year,False,DGS2,2,4.5e+10,2022-07-18,2022-08-01,495,4.95e+10,3.082207e+09,-1.4599928,ok,4.6e+10,previous,-1.1355499,ok,0,0,2022-07-25/2022-07-31,True,False,0.30111179,0.20253117,-15,-10,-0.098580622,-5,True,True
2022-07-26_91282CFB2,2022-07-26,2022-07-21,91282CFB2,5-Year,5-Year,False,DGS5,5,4.6e+10,2022-07-19,2022-08-02,433,5.0833333e+10,3.7103459e+09,-1.3026638,ok,4.7e+10,previous,-1.0331472,ok,0,0,2022-07-25/2022-07-31,True,False,1.1660844,0.18860774,-25,-4,-0.97747666,-21,True,True
2022-07-28_91282CFC0,2022-07-28,2022-07-21,91282CFC0,7-Year,7-Year,False,DGS7,7,3.8e+10,2022-07-21,2022-08-04,171,4.6e+10,4.9396356e+09,-1.6195527,ok,3.8e+10,own,-1.6195527,ok,0,0,2022-07-25/2022-07-31,True,False,1.914335,-0.25114422,-30,4,-2.1654792,-34,True,True
2022-08-09_91282CFE6,2022-08-09,2022-08-03,91282CFE6,3-Year,3-Year,False,DGS3,3,4.2e+10,2022-08-02,2022-08-16,164,4.6e+10,2.607681e+09,-1.53393,ok,4.3e+10,previous,-1.1504475,ok,0,0,2022-08-08/2022-08-14,True,False,-0.49990307,0.039289818,18,-1,0.53919289,19,True,True
2022-08-10_91282CFF3,2022-08-10,2022-08-03,91282CFF3,10-Year,10-Year,False,DGS10,10,3.5e+10,2022-08-03,2022-08-17,312,3.45e+10,1.6431677e+09,0.30429031,ok,3.5e+10,own,0.30429031,ok,1.3042903,1.3042903,2022-08-08/2022-08-14,True,False,-0.4333189,-0.94551973,5,11,-0.51220083,-6,True,True
2022-08-11_912810TJ7,2022-08-11,2022-08-03,912810TJ7,30-Year,30-Year,False,DGS30,30,2.1e+10,2022-08-04,2022-08-18,171,2.05e+10,1.6431677e+09,0.30429031,ok,2.1e+10,own,0.30429031,ok,1.3042903,1.3042903,2022-08-08/2022-08-14,True,False,-3.4625882,0.20173607,18,-1,3.6643243,19,True,True
2022-08-17_912810TK4,2022-08-17,2022-08-11,912810TK4,20-Year,20-Year,False,DGS20,20,1.5e+10,2022-08-10,2022-08-24,28,1.6e+10,1.8973666e+09,-0.52704628,ok,1.4e+10,previous,-1.0540926,ok,0,0.47295372,2022-08-15/2022-08-21,True,False,-1.4356339,-2.5405369,10,18,-1.104903,-8,True,True
2022-08-23_91282CFG1,2022-08-23,2022-08-18,91282CFG1,2-Year,2-Year,False,DGS2,2,4.4e+10,2022-08-16,2022-08-30,496,4.8e+10,2.607681e+09,-1.53393,ok,4.5e+10,previous,-1.1504475,ok,0,0,2022-08-22/2022-08-28,True,False,-0.065009213,-0.31435964,4,17,-0.24935043,-13,True,True
2022-08-24_91282CFH9,2022-08-24,2022-08-18,91282CFH9,5-Year,5-Year,False,DGS5,5,4.5e+10,2022-08-17,2022-08-31,434,4.9e+10,2.607681e+09,-1.53393,ok,4.6e+10,previous,-1.1504475,ok,0,0,2022-08-22/2022-08-28,True,False,-0.72447246,-0.4495979,16,10,0.27487456,6,True,True
2022-08-25_91282CFJ5,2022-08-25,2022-08-18,91282CFJ5,7-Year,7-Year,False,DGS7,7,3.7e+10,2022-08-18,2022-09-01,172,4.35e+10,4.4609416e+09,-1.4570915,ok,3.7e+10,own,-1.4570915,ok,0,0,2022-08-22/2022-08-28,True,False,-0.86691654,-1.5373543,14,25,-0.67043779,-11,True,True
2022-09-12_91282CFF3,2022-09-12,2022-09-08,91282CFF3,9-Year 11-Month,10-Year,True,DGS10,10,3.2e+10,2022-09-02,2022-09-19,313,3.4166667e+10,1.1690452e+09,-1.8533643,ok,3.5e+10,previous,0.71283244,ok,1.7128324,0,2022-09-12/2022-09-18,True,False,-1.4225018,-0.99869248,17,12,0.42380929,5,True,True
2022-09-12_91282CFK2,2022-09-12,2022-09-08,91282CFK2,3-Year,3-Year,False,DGS3,3,4.1e+10,2022-09-02,2022-09-19,165,4.4666667e+10,2.1602469e+09,-1.6973368,ok,4.2e+10,previous,-1.2344268,ok,0,0,2022-09-12/2022-09-18,True,False,-0.43457583,-0.82786176,16,30,-0.39328593,-14,True,True
2022-09-13_912810TJ7,2022-09-13,2022-09-08,912810TJ7,29-Year 11-Month,30-Year,True,DGS30,30,1.8e+10,2022-09-06,2022-09-20,172,2.0166667e+10,1.1690452e+09,-1.8533643,ok,2.1e+10,previous,0.71283244,ok,1.7128324,0,2022-09-12/2022-09-18,True,False,-0.36588532,-1.4568246,2,8,-1.0909393,-6,True,True
2022-09-20_912810TK4,2022-09-20,2022-09-15,912810TK4,19-Year 11-Month,20-Year,True,DGS20,20,1.2e+10,2022-09-13,2022-09-27,29,1.5333333e+10,1.2110601e+09,-2.7524094,ok,1.5e+10,previous,-0.27524094,ok,0.72475906,0,2022-09-19/2022-09-25,True,False,-1.0995804,-4.2998522,8,32,-3.2002718,-24,True,True
2022-09-26_91282CFN6,2022-09-26,2022-09-22,91282CFN6,2-Year,2-Year,False,DGS2,2,4.3e+10,2022-09-19,2022-10-03,497,4.6666667e+10,2.1602469e+09,-1.6973368,ok,4.4e+10,previous,-1.2344268,ok,0,0,2022-09-26/2022-10-02,True,False,-0.58912877,0.30148514,32,-15,0.89061391,47,True,True
2022-09-27_91282CFM8,2022-09-27,2022-09-22,91282CFM8,5-Year,5-Year,False,DGS5,5,4.4e+10,2022-09-20,2022-10-04,435,4.7666667e+10,2.1602469e+09,-1.6973368,ok,4.5e+10,previous,-1.2344268,ok,0,0,2022-09-26/2022-10-02,True,False,-2.0339329,1.6819312,46,-37,3.7158641,83,True,True
2022-09-28_91282CFL0,2022-09-28,2022-09-22,91282CFL0,7-Year,7-Year,False,DGS7,7,3.6e+10,2022-09-21,2022-10-05,173,4.1333333e+10,3.7771241e+09,-1.412009,ok,3.7e+10,previous,-1.1472573,ok,0,0,2022-09-26/2022-10-02,True,False,-1.0935994,-0.23789606,18,4,0.8557033,14,True,True
2022-10-11_91282CFP1,2022-10-11,2022-10-06,91282CFP1,3-Year,3-Year,False,DGS3,3,4e+10,2022-10-03,2022-10-18,166,4.35e+10,1.8708287e+09,-1.8708287,ok,4.1e+10,previous,-1.3363062,ok,0,0,2022-10-10/2022-10-16,True,False,-0.50968923,-0.31978655,19,12,0.18990268,7,True,True
2022-10-12_91282CFF3,2022-10-12,2022-10-06,91282CFF3,9-Year 10-Month,10-Year,True,DGS10,10,3.2e+10,2022-10-04,2022-10-19,314,3.3833333e+10,1.4719601e+09,-1.2455047,ok,3.2e+10,previous,-1.2455047,ok,0,0,2022-10-10/2022-10-16,True,False,-2.3631496,-1.8582998,29,23,0.50484978,6,True,True
2022-10-13_912810TJ7,2022-10-13,2022-10-06,912810TJ7,29-Year 10-Month,30-Year,True,DGS30,30,1.8e+10,2022-10-05,2022-10-20,173,1.9833333e+10,1.4719601e+09,-1.2455047,ok,1.8e+10,previous,-1.2455047,ok,0,0,2022-10-10/2022-10-16,True,False,-3.2931902,-4.5332057,19,27,-1.2400155,-8,True,True
2022-10-19_912810TK4,2022-10-19,2022-10-13,912810TK4,19-Year 10-Month,20-Year,True,DGS20,20,1.2e+10,2022-10-12,2022-10-26,30,1.4666667e+10,1.7511901e+09,-1.522774,ok,1.2e+10,previous,-1.522774,ok,0,0,2022-10-17/2022-10-23,True,False,-2.6299591,-0.0016111694,20,0,2.628348,20,True,True
2022-10-25_91282CFQ9,2022-10-25,2022-10-20,91282CFQ9,2-Year,2-Year,False,DGS2,2,4.2e+10,2022-10-18,2022-11-01,498,4.55e+10,1.8708287e+09,-1.8708287,ok,4.3e+10,previous,-1.3363062,ok,0,0,2022-10-24/2022-10-30,True,False,0.029140863,-0.21911443,-1,12,-0.24825529,-13,True,True
2022-10-26_91282CFU0,2022-10-26,2022-10-20,91282CFU0,5-Year,5-Year,False,DGS5,5,4.3e+10,2022-10-19,2022-11-02,436,4.65e+10,1.8708287e+09,-1.8708287,ok,4.4e+10,previous,-1.3363062,ok,0,0,2022-10-24/2022-10-30,True,False,0.6765597,-0.44281198,-15,10,-1.1193717,-25,True,True
2022-10-27_91282CFT3,2022-10-27,2022-10-20,91282CFT3,7-Year,7-Year,False,DGS7,7,3.5e+10,2022-10-20,2022-11-03,174,3.95e+10,3.082207e+09,-1.4599928,ok,3.5e+10,own,-1.4599928,ok,0,0,2022-10-24/2022-10-30,True,False,2.128926,-1.4940579,-35,25,-3.6229839,-60,True,True
2022-11-08_91282CFW6,2022-11-08,2022-11-02,91282CFW6,3-Year,3-Year,False,DGS3,3,4e+10,2022-11-01,2022-11-16,167,4.25e+10,1.8708287e+09,-1.3363062,ok,4e+10,previous,-1.3363062,ok,0,0,2022-11-07/2022-11-13,True,False,-0.18502918,1.1766405,7,-42,1.3616696,49,True,True
2022-11-09_91282CFV8,2022-11-09,2022-11-02,91282CFV8,10-Year,10-Year,False,DGS10,10,3.5e+10,2022-11-02,2022-11-17,315,3.35e+10,1.6431677e+09,0.91287093,ok,3.5e+10,own,0.91287093,ok,1.9128709,1.9128709,2022-11-07/2022-11-13,True,False,-0.16268856,2.8855199,2,-35,3.0482084,37,True,True
2022-11-10_912810TL2,2022-11-10,2022-11-02,912810TL2,30-Year,30-Year,False,DGS30,30,2.1e+10,2022-11-03,2022-11-18,174,1.95e+10,1.6431677e+09,0.91287093,ok,2.1e+10,own,0.91287093,ok,1.9128709,1.9128709,2022-11-07/2022-11-13,True,False,2.5694196,1.9186782,-15,-11,-0.6507414,-4,True,True
2022-11-16_912810TM0,2022-11-16,2022-11-10,912810TM0,20-Year,20-Year,False,DGS20,20,1.5e+10,2022-11-08,2022-11-23,31,1.4e+10,1.8973666e+09,0.52704628,ok,1.2e+10,previous,-1.0540926,ok,0,1.5270463,2022-11-14/2022-11-20,True,False,6.0342805,0.81518203,-44,-6,-5.2190985,-38,True,True
2022-11-21_91282CFX4,2022-11-21,2022-11-17,91282CFX4,2-Year,2-Year,False,DGS2,2,4.2e+10,2022-11-14,2022-11-29,499,4.45e+10,1.8708287e+09,-1.3363062,ok,4.2e+10,previous,-1.3363062,ok,0,0,2022-11-21/2022-11-27,True,False,-0.14671733,0.0038666757,8,0,0.15058401,8,True,True
2022-11-21_91282CFZ9,2022-11-21,2022-11-17,91282CFZ9,5-Year,5-Year,False,DGS5,5,4.3e+10,2022-11-14,2022-11-29,437,4.55e+10,1.8708287e+09,-1.3363062,ok,4.3e+10,previous,-1.3363062,ok,0,0,2022-11-21/2022-11-27,True,False,0.12904017,0.21647298,-3,-5,0.087432812,2,True,True
2022-11-22_91282CFY2,2022-11-22,2022-11-17,91282CFY2,7-Year,7-Year,False,DGS7,7,3.5e+10,2022-11-15,2022-11-30,175,3.8e+10,2.607681e+09,-1.1504475,ok,3.5e+10,previous,-1.1504475,ok,0,0,2022-11-21/2022-11-27,True,False,0.11344783,0.59980529,-2,-10,0.48635746,8,True,True
2022-12-12_91282CFV8,2022-12-12,2022-12-08,91282CFV8,9-Year 11-Month,10-Year,True,DGS10,10,3.2e+10,2022-12-05,2022-12-19,316,3.3333333e+10,1.3662601e+09,-0.97590007,ok,3.5e+10,previous,1.2198751,ok,2,0.024099927,2022-12-12/2022-12-18,True,False,-0.10106952,0.31646141,1,-4,0.41753093,5,True,True
2022-12-12_91282CGA3,2022-12-12,2022-12-08,91282CGA3,3-Year,3-Year,False,DGS3,3,4e+10,2022-12-05,2022-12-19,168,4.1666667e+10,1.6329932e+09,-1.0206207,ok,4e+10,previous,-1.0206207,ok,0,0,2022-12-12/2022-12-18,True,False,0.079970982,0.30199721,-3,-11,0.22202623,8,True,True
2022-12-13_912810TL2,2022-12-13,2022-12-08,912810TL2,29-Year 11-Month,30-Year,True,DGS30,30,1.8e+10,2022-12-06,2022-12-20,175,1.9333333e+10,1.3662601e+09,-0.97590007,ok,2.1e+10,previous,1.2198751,ok,2,0.024099927,2022-12-12/2022-12-18,True,False,-0.21270689,-3.7717345,1,21,-3.5590276,-20,True,True
2022-12-21_912810TM0,2022-12-21,2022-12-15,912810TM0,19-Year 11-Month,20-Year,True,DGS20,20,1.2e+10,2022-12-14,2022-12-29,32,1.3666667e+10,1.3662601e+09,-1.2198751,ok,1.5e+10,previous,0.97590007,ok,1.9759001,0,2022-12-19/2022-12-25,True,False,-2.6203437,-2.1756416,19,16,0.44470217,3,True,True
2022-12-27_91282CGD7,2022-12-27,2022-12-22,91282CGD7,2-Year,2-Year,False,DGS2,2,4.2e+10,2022-12-19,2023-01-04,500,4.3666667e+10,1.6329932e+09,-1.0206207,ok,4.2e+10,previous,-1.0206207,ok,0,0,2022-12-26/2023-01-01,True,False,-0.13273106,-0.075843352,7,4,0.056887705,3,True,True
2022-12-28_91282CGC9,2022-12-28,2022-12-22,91282CGC9,5-Year,5-Year,False,DGS5,5,4.3e+10,2022-12-20,2023-01-05,438,4.4666667e+10,1.6329932e+09,-1.0206207,ok,4.3e+10,previous,-1.0206207,ok,0,0,2022-12-26/2023-01-01,True,False,-0.81690628,0.30505336,18,-7,1.1219596,25,True,True
2022-12-29_91282CGB1,2022-12-29,2022-12-22,91282CGB1,7-Year,7-Year,False,DGS7,7,3.5e+10,2022-12-21,2023-01-06,176,3.6833333e+10,1.9407902e+09,-0.94463241,ok,3.5e+10,previous,-0.94463241,ok,0.055367593,0.055367593,2022-12-26/2023-01-01,True,False,-0.8589931,1.7071784,14,-28,2.5661715,42,True,True
2023-01-10_91282CGE5,2023-01-10,2023-01-05,91282CGE5,3-Year,3-Year,False,DGS3,3,4e+10,2023-01-03,2023-01-18,169,4.1e+10,1.2649111e+09,-0.79056942,ok,4e+10,previous,-0.79056942,ok,0.20943058,0.20943058,2023-01-09/2023-01-15,True,False,0.66274653,0.60330082,-24,-22,-0.059445703,-2,True,True
2023-01-11_91282CFV8,2023-01-11,2023-01-05,91282CFV8,9-Year 10-Month,10-Year,True,DGS10,10,3.2e+10,2023-01-04,2023-01-19,317,3.3166667e+10,1.4719601e+09,-0.79259392,ok,3.2e+10,previous,-0.79259392,ok,0.20740608,0.20740608,2023-01-09/2023-01-15,True,False,1.2331653,1.2361866,-15,-15,0.0030212914,0,True,True
2023-01-12_912810TL2,2023-01-12,2023-01-05,912810TL2,29-Year 10-Month,30-Year,True,DGS30,30,1.8e+10,2023-01-05,2023-01-20,176,1.9166667e+10,1.4719601e+09,-0.79259392,ok,1.8e+10,own,-0.79259392,ok,0.20740608,0.20740608,2023-01-09/2023-01-15,True,False,4.0250076,-1.8389547,-22,10,-5.8639623,-32,True,True
2023-01-18_912810TM0,2023-01-18,2023-01-12,912810TM0,19-Year 10-Month,20-Year,True,DGS20,20,1.2e+10,2023-01-10,2023-01-25,33,1.3333333e+10,1.5055453e+09,-0.88561489,ok,1.2e+10,previous,-0.88561489,ok,0.11438511,0.11438511,2023-01-16/2023-01-22,True,False,3.6578455,-1.2776692,-26,9,-4.9355147,-35,True,True
2023-01-24_91282CGG0,2023-01-24,2023-01-19,91282CGG0,2-Year,2-Year,False,DGS2,2,4.2e+10,2023-01-17,2023-01-31,501,4.3e+10,1.2649111e+09,-0.79056942,ok,4.2e+10,previous,-0.79056942,ok,0.20943058,0.20943058,2023-01-23/2023-01-29,True,False,0.10510831,-0.17876954,-6,9,-0.28387786,-15,True,True
2023-01-25_91282CGH8,2023-01-25,2023-01-19,91282CGH8,5-Year,5-Year,False,DGS5,5,4.3e+10,2023-01-18,2023-02-01,439,4.4e+10,1.2649111e+09,-0.79056942,ok,4.3e+10,previous,-0.79056942,ok,0.20943058,0.20943058,2023-01-23/2023-01-29,True,False,-0.51980169,0.25306546,11,-6,0.77286714,17,True,True
2023-01-26_91282CGJ4,2023-01-26,2023-01-19,91282CGJ4,7-Year,7-Year,False,DGS7,7,3.5e+10,2023-01-19,2023-02-02,177,3.6e+10,1.2649111e+09,-0.79056942,ok,3.5e+10,own,-0.79056942,ok,0.20943058,0.20943058,2023-01-23/2023-01-29,True,False,-0.69706105,0.59575152,11,-10,1.2928126,21,True,True
2023-02-07_91282CGL9,2023-02-07,2023-02-01,91282CGL9,3-Year,3-Year,False,DGS3,3,4e+10,2023-01-31,2023-02-14,170,4.05e+10,8.3666003e+08,-0.5976143,ok,4e+10,previous,-0.5976143,ok,0.4023857,0.4023857,2023-02-06/2023-02-12,True,False,-0.59974318,-0.59389562,21,21,0.0058475598,4.6185278e-14,True,True
2023-02-08_91282CGM7,2023-02-08,2023-02-01,91282CGM7,10-Year,10-Year,False,DGS10,10,3.5e+10,2023-02-01,2023-02-15,318,3.3e+10,1.5491933e+09,1.2909944,ok,3.5e+10,own,1.2909944,ok,2,2,2023-02-06/2023-02-12,True,False,-2.0130795,-1.5002774,24,18,0.51280208,6,True,True
2023-02-09_912810TN8,2023-02-09,2023-02-01,912810TN8,30-Year,30-Year,False,DGS30,30,2.1e+10,2023-02-02,2023-02-16,177,1.9e+10,1.5491933e+09,1.2909944,ok,2.1e+10,own,1.2909944,ok,2,2,2023-02-06/2023-02-12,True,False,-3.587694,-2.9931978,20,17,0.59449622,3,True,True
2023-02-15_912810TQ1,2023-02-15,2023-02-09,912810TQ1,20-Year,20-Year,False,DGS20,20,1.5e+10,2023-02-08,2023-02-23,34,1.3e+10,1.5491933e+09,1.2909944,ok,1.2e+10,previous,-0.64549722,ok,0.35450278,2,2023-02-13/2023-02-19,True,False,-1.5214784,-0.97513195,11,7,0.54634646,4,True,True
2023-02-21_91282CGN5,2023-02-21,2023-02-16,91282CGN5,2-Year,2-Year,False,DGS2,2,4.2e+10,2023-02-13,2023-02-28,502,4.25e+10,8.3666003e+08,-0.5976143,ok,4.2e+10,previous,-0.5976143,ok,0.4023857,0.4023857,2023-02-20/2023-02-26,True,False,-0.28550142,-0.26442635,15,14,0.021075063,1,True,True
2023-02-22_91282CGP0,2023-02-22,2023-02-16,91282CGP0,5-Year,5-Year,False,DGS5,5,4.3e+10,2023-02-14,2023-03-01,440,4.35e+10,8.3666003e+08,-0.5976143,ok,4.3e+10,previous,-0.5976143,ok,0.4023857,0.4023857,2023-02-20/2023-02-26,True,False,-0.59590515,-0.63560292,13,14,-0.039697766,-1,True,True
2023-02-23_91282CGQ8,2023-02-23,2023-02-16,91282CGQ8,7-Year,7-Year,False,DGS7,7,3.5e+10,2023-02-15,2023-03-02,178,3.55e+10,8.3666003e+08,-0.5976143,ok,3.5e+10,previous,-0.5976143,ok,0.4023857,0.4023857,2023-02-20/2023-02-26,True,False,-0.50064679,-1.3308918,8,22,-0.83024498,-14,True,True
2023-03-07_91282CGR6,2023-03-07,2023-03-02,91282CGR6,3-Year,3-Year,False,DGS3,3,4e+10,2023-02-28,2023-03-14,171,4.0166667e+10,4.0824829e+08,-0.40824829,ok,4e+10,previous,-0.40824829,ok,0.59175171,0.59175171,2023-03-06/2023-03-12,True,False,-0.41868343,1.6950818,15,-61,2.1137652,76,True,True
2023-03-08_91282CGM7,2023-03-08,2023-03-02,91282CGM7,9-Year 11-Month,10-Year,True,DGS10,10,3.2e+10,2023-03-01,2023-03-15,319,3.3e+10,1.5491933e+09,-0.64549722,ok,3.5e+10,previous,1.2909944,ok,2,0.35450278,2023-03-06/2023-03-12,True,False,0.22775759,3.9287297,-3,-47,3.7009721,44,True,True
2023-03-09_912810TN8,2023-03-09,2023-03-02,912810TN8,29-Year 11-Month,30-Year,True,DGS30,30,1.8e+10,2023-03-02,2023-03-16,178,1.9e+10,1.5491933e+09,-0.64549722,ok,1.8e+10,own,-0.64549722,ok,0.35450278,0.35450278,2023-03-06/2023-03-12,True,False,2.6292036,3.0331307,-15,-17,0.40392712,2,True,True
2023-03-21_912810TQ1,2023-03-21,2023-03-16,912810TQ1,19-Year 11-Month,20-Year,True,DGS20,20,1.2e+10,2023-03-14,2023-03-28,35,1.3e+10,1.5491933e+09,-0.64549722,ok,1.5e+10,previous,1.2909944,ok,2,0.35450278,2023-03-20/2023-03-26,True,False,0.11267181,-0.024247987,-1,0,-0.1369198,-1,True,True
2023-03-27_91282CGU9,2023-03-27,2023-03-23,91282CGU9,2-Year,2-Year,False,DGS2,2,4.2e+10,2023-03-20,2023-04-03,503,4.2166667e+10,4.0824829e+08,-0.40824829,ok,4.2e+10,previous,-0.40824829,ok,0.59175171,0.59175171,2023-03-27/2023-04-02,True,False,-0.052991542,-0.070852324,2,3,-0.017860783,-1,True,True
2023-03-28_91282CGT2,2023-03-28,2023-03-23,91282CGT2,5-Year,5-Year,False,DGS5,5,4.3e+10,2023-03-21,2023-04-04,441,4.3166667e+10,4.0824829e+08,-0.40824829,ok,4.3e+10,previous,-0.40824829,ok,0.59175171,0.59175171,2023-03-27/2023-04-02,True,False,0.4283908,1.0740411,-10,-24,0.64565025,14,True,True
2023-03-29_91282CGS4,2023-03-29,2023-03-23,91282CGS4,7-Year,7-Year,False,DGS7,7,3.5e+10,2023-03-22,2023-04-05,179,3.5166667e+10,4.0824829e+08,-0.40824829,ok,3.5e+10,previous,-0.40824829,ok,0.59175171,0.59175171,2023-03-27/2023-04-02,True,False,-0.57706637,1.7152463,9,-28,2.2923126,37,True,True
2023-04-11_91282CGV7,2023-04-11,2023-04-06,91282CGV7,3-Year,3-Year,False,DGS3,3,4e+10,2023-04-04,2023-04-18,172,4e+10,0,0,sd0,4e+10,previous,0,sd0,1,1,2023-04-10/2023-04-16,True,False,-0.47167818,-0.47096355,16,16,0.00071462934,-4.4408921e-14,True,True
2023-04-12_91282CGM7,2023-04-12,2023-04-06,91282CGM7,9-Year 10-Month,10-Year,True,DGS10,10,3.2e+10,2023-04-05,2023-04-19,320,3.3e+10,1.5491933e+09,-0.64549722,ok,3.2e+10,previous,-0.64549722,ok,0.35450278,0.35450278,2023-04-10/2023-04-16,True,False,-0.95286255,-1.6082261,11,19,-0.65536357,-8,True,True
2023-04-13_912810TN8,2023-04-13,2023-04-06,912810TN8,29-Year 10-Month,30-Year,True,DGS30,30,1.8e+10,2023-04-06,2023-04-20,179,1.9e+10,1.5491933e+09,-0.64549722,ok,1.8e+10,own,-0.64549722,ok,0.35450278,0.35450278,2023-04-10/2023-04-16,True,False,-2.7237079,-1.1021632,15,6,1.6215447,9,True,True
2023-04-19_912810TQ1,2023-04-19,2023-04-13,912810TQ1,19-Year 10-Month,20-Year,True,DGS20,20,1.2e+10,2023-04-12,2023-04-26,36,1.3e+10,1.5491933e+09,-0.64549722,ok,1.2e+10,previous,-0.64549722,ok,0.35450278,0.35450278,2023-04-17/2023-04-23,True,False,-2.0871646,1.2276353,15,-9,3.3147999,24,True,True
2023-04-25_91282CGX3,2023-04-25,2023-04-20,91282CGX3,2-Year,2-Year,False,DGS2,2,4.2e+10,2023-04-18,2023-05-02,504,4.2e+10,0,0,sd0,4.2e+10,previous,0,sd0,1,1,2023-04-24/2023-04-30,True,False,0.611654,-0.22863724,-33,11,-0.84029124,-44,True,True
2023-04-26_91282CHA2,2023-04-26,2023-04-20,91282CHA2,5-Year,5-Year,False,DGS5,5,4.3e+10,2023-04-19,2023-05-03,442,4.3e+10,0,0,sd0,4.3e+10,previous,0,sd0,1,1,2023-04-24/2023-04-30,True,False,1.1118567,0.3788466,-25,-9,-0.73301013,-16,True,True
2023-04-27_91282CGZ8,2023-04-27,2023-04-20,91282CGZ8,7-Year,7-Year,False,DGS7,7,3.5e+10,2023-04-20,2023-05-04,180,3.5e+10,0,0,sd0,3.5e+10,own,0,sd0,1,1,2023-04-24/2023-04-30,True,False,0.091384788,1.5198283,-2,-25,1.4284435,23,True,True
2023-05-09_91282CHB0,2023-05-09,2023-05-03,91282CHB0,3-Year,3-Year,False,DGS3,3,4e+10,2023-05-02,2023-05-16,173,4e+10,0,0,sd0,4e+10,previous,0,sd0,1,1,2023-05-08/2023-05-14,True,False,-0.029630078,-0.22539073,0,7,-0.19576065,-7,True,True
2023-05-10_91282CHC8,2023-05-10,2023-05-03,91282CHC8,10-Year,10-Year,False,DGS10,10,3.5e+10,2023-05-03,2023-05-17,321,3.3e+10,1.5491933e+09,1.2909944,ok,3.5e+10,own,1.2909944,ok,2,2,2023-05-08/2023-05-14,True,False,-0.45505592,-1.1980851,5,14,-0.74302917,-9,True,True
2023-05-11_912810TR9,2023-05-11,2023-05-03,912810TR9,30-Year,30-Year,False,DGS30,30,2.1e+10,2023-05-04,2023-05-18,180,1.9e+10,1.5491933e+09,1.2909944,ok,2.1e+10,own,1.2909944,ok,2,2,2023-05-08/2023-05-14,True,False,-0.033366479,-3.1751966,0,18,-3.1418301,-18,True,True
2023-05-17_912810TS7,2023-05-17,2023-05-11,912810TS7,20-Year,20-Year,False,DGS20,20,1.5e+10,2023-05-10,2023-05-24,37,1.3e+10,1.5491933e+09,1.2909944,ok,1.2e+10,previous,-0.64549722,ok,0.35450278,2,2023-05-15/2023-05-21,True,False,-1.1224418,-1.9152543,8,14,-0.79281249,-6,True,True
2023-05-23_91282CHD6,2023-05-23,2023-05-18,91282CHD6,2-Year,2-Year,False,DGS2,2,4.2e+10,2023-05-16,2023-05-31,505,4.2e+10,0,0,sd0,4.2e+10,previous,0,sd0,1,1,2023-05-22/2023-05-28,True,False,-0.39710603,-0.28267702,20,14,0.11442901,6,True,True
2023-05-24_91282CHE4,2023-05-24,2023-05-18,91282CHE4,5-Year,5-Year,False,DGS5,5,4.3e+10,2023-05-17,2023-06-01,443,4.3e+10,0,0,sd0,4.3e+10,previous,0,sd0,1,1,2023-05-22/2023-05-28,True,False,-0.79531771,0.19365934,17,-5,0.98897705,22,True,True
2023-05-25_91282CHF1,2023-05-25,2023-05-18,91282CHF1,7-Year,7-Year,False,DGS7,7,3.5e+10,2023-05-18,2023-06-02,181,3.5e+10,0,0,sd0,3.5e+10,own,0,sd0,1,1,2023-05-22/2023-05-28,True,False,-1.1816101,0.45363096,19,-8,1.635241,27,True,True
2023-06-12_91282CHC8,2023-06-12,2023-06-08,91282CHC8,9-Year 11-Month,10-Year,True,DGS10,10,3.2e+10,2023-06-05,2023-06-20,322,3.3e+10,1.5491933e+09,-0.64549722,ok,3.5e+10,previous,1.2909944,ok,2,0.35450278,2023-06-12/2023-06-18,True,False,-0.36037717,-0.11652914,4,1,0.24384803,3,True,True
2023-06-12_91282CHH7,2023-06-12,2023-06-08,91282CHH7,3-Year,3-Year,False,DGS3,3,4e+10,2023-06-05,2023-06-20,174,4e+10,0,0,sd0,4e+10,previous,0,sd0,1,1,2023-06-12/2023-06-18,True,False,-0.18702963,-0.38133851,6,13,-0.19430887,-7,True,True
2023-06-13_912810TR9,2023-06-13,2023-06-08,912810TR9,29-Year 11-Month,30-Year,True,DGS30,30,1.8e+10,2023-06-06,2023-06-21,181,1.9e+10,1.5491933e+09,-0.64549722,ok,2.1e+10,previous,1.2909944,ok,2,0.35450278,2023-06-12/2023-06-18,True,False,-1.2545793,2.2895027,7,-13,3.544082,20,True,True
2023-06-21_912810TS7,2023-06-21,2023-06-15,912810TS7,19-Year 11-Month,20-Year,True,DGS20,20,1.2e+10,2023-06-13,2023-06-28,38,1.3e+10,1.5491933e+09,-0.64549722,ok,1.5e+10,previous,1.2909944,ok,2,0.35450278,2023-06-19/2023-06-25,True,False,1.7580495,-0.1624415,-13,1,-1.920491,-14,True,True
2023-06-26_91282CHL8,2023-06-26,2023-06-22,91282CHL8,2-Year,2-Year,False,DGS2,2,4.2e+10,2023-06-16,2023-07-03,506,4.2e+10,0,0,sd0,4.2e+10,previous,0,sd0,1,1,2023-06-26/2023-07-02,True,False,0.080846307,-0.55310123,-5,29,-0.63394754,-34,True,True
2023-06-27_91282CHK0,2023-06-27,2023-06-22,91282CHK0,5-Year,5-Year,False,DGS5,5,4.3e+10,2023-06-20,2023-07-05,444,4.3e+10,0,0,sd0,4.3e+10,previous,0,sd0,1,1,2023-06-26/2023-07-02,True,False,-0.29302326,-1.0490716,6,23,-0.75604834,-17,True,True
2023-06-28_91282CHJ3,2023-06-28,2023-06-22,91282CHJ3,7-Year,7-Year,False,DGS7,7,3.5e+10,2023-06-21,2023-07-06,182,3.5e+10,0,0,sd0,3.5e+10,previous,0,sd0,1,1,2023-06-26/2023-07-02,True,False,0.034050238,-2.3602037,-1,39,-2.3942539,-40,True,True
2023-07-11_91282CHM6,2023-07-11,2023-07-06,91282CHM6,3-Year,3-Year,False,DGS3,3,4e+10,2023-07-03,2023-07-18,175,4e+10,0,0,sd0,4e+10,previous,0,sd0,1,1,2023-07-10/2023-07-16,True,False,0.095651413,0.454162,-4,-17,0.35851058,13,True,True
2023-07-12_91282CHC8,2023-07-12,2023-07-06,91282CHC8,9-Year 10-Month,10-Year,True,DGS10,10,3.2e+10,2023-07-05,2023-07-19,323,3.3e+10,1.5491933e+09,-0.64549722,ok,3.2e+10,previous,-0.64549722,ok,0.35450278,0.35450278,2023-07-10/2023-07-16,True,False,0.71350472,0.88082957,-9,-11,0.16732485,2,True,True
2023-07-13_912810TR9,2023-07-13,2023-07-06,912810TR9,29-Year 10-Month,30-Year,True,DGS30,30,1.8e+10,2023-07-06,2023-07-20,182,1.9e+10,1.5491933e+09,-0.64549722,ok,1.8e+10,own,-0.64549722,ok,0.35450278,0.35450278,2023-07-10/2023-07-16,True,False,1.911654,-0.20762852,-11,1,-2.1192825,-12,True,True
2023-07-19_912810TS7,2023-07-19,2023-07-13,912810TS7,19-Year 10-Month,20-Year,True,DGS20,20,1.2e+10,2023-07-12,2023-07-26,39,1.3e+10,1.5491933e+09,-0.64549722,ok,1.2e+10,previous,-0.64549722,ok,0.35450278,0.35450278,2023-07-17/2023-07-23,True,False,1.7549248,-1.5108779,-13,11,-3.2658027,-24,True,True
2023-07-24_91282CHN4,2023-07-24,2023-07-20,91282CHN4,2-Year,2-Year,False,DGS2,2,4.2e+10,2023-07-17,2023-07-31,507,4.2e+10,0,0,sd0,4.2e+10,previous,0,sd0,1,1,2023-07-24/2023-07-30,True,False,-0.14210539,-0.14088939,7,7,0.001216003,-8.8817842e-14,True,True
2023-07-25_91282CHQ7,2023-07-25,2023-07-20,91282CHQ7,5-Year,5-Year,False,DGS5,5,4.3e+10,2023-07-18,2023-08-01,445,4.3e+10,0,0,sd0,4.3e+10,previous,0,sd0,1,1,2023-07-24/2023-07-30,True,False,-0.69380197,-0.42453866,15,9,0.26926331,6,True,True
2023-07-27_91282CHR5,2023-07-27,2023-07-20,91282CHR5,7-Year,7-Year,False,DGS7,7,3.5e+10,2023-07-20,2023-08-03,183,3.5e+10,0,0,sd0,3.5e+10,own,0,sd0,1,1,2023-07-24/2023-07-30,True,False,-0.92888714,-0.80243876,15,13,0.12644838,2,True,True
2023-08-08_91282CHU8,2023-08-08,2023-08-02,91282CHU8,3-Year,3-Year,False,DGS3,3,4.2e+10,2023-08-01,2023-08-15,176,4e+10,0,3,sd0,4e+10,previous,0,sd0,1,2,2023-08-07/2023-08-13,True,False,0.56834967,-0.78963353,-21,28,-1.3579832,-49,True,True
2023-08-09_91282CHT1,2023-08-09,2023-08-02,91282CHT1,10-Year,10-Year,False,DGS10,10,3.8e+10,2023-08-02,2023-08-16,324,3.3e+10,1.5491933e+09,3,clipped,3.8e+10,own,3,clipped,2,2,2023-08-07/2023-08-13,True,False,0.62496936,-2.2724462,-8,28,-2.8974156,-36,True,True
2023-08-10_912810TT5,2023-08-10,2023-08-02,912810TT5,30-Year,30-Year,False,DGS30,30,2.3e+10,2023-08-03,2023-08-17,183,1.9e+10,1.5491933e+09,2.5819889,ok,2.3e+10,own,2.5819889,ok,2,2,2023-08-07/2023-08-13,True,False,1.3218468,-2.8237759,-8,17,-4.1456227,-25,True,True
2023-08-23_912810TU2,2023-08-23,2023-08-17,912810TU2,20-Year,20-Year,False,DGS20,20,1.6e+10,2023-08-16,2023-08-30,40,1.3e+10,1.5491933e+09,1.9364917,ok,1.2e+10,previous,-0.64549722,ok,0.35450278,2,2023-08-21/2023-08-27,True,False,1.1606559,0.50908572,-9,-4,-0.65157022,-5,True,True
2023-08-28_91282CHV6,2023-08-28,2023-08-24,91282CHV6,2-Year,2-Year,False,DGS2,2,4.5e+10,2023-08-21,2023-09-05,508,4.2e+10,0,3,sd0,4.2e+10,previous,0,sd0,1,2,2023-08-28/2023-09-03,True,False,-0.026361684,0.064906561,1,-4,0.091268246,5,True,True
2023-08-28_91282CHX2,2023-08-28,2023-08-24,91282CHX2,5-Year,5-Year,False,DGS5,5,4.6e+10,2023-08-21,2023-09-05,446,4.3e+10,0,3,sd0,4.3e+10,previous,0,sd0,1,2,2023-08-28/2023-09-03,True,False,0.33660207,0.020398005,-8,-1,-0.31620406,-7,True,True
2023-08-29_91282CHW4,2023-08-29,2023-08-24,91282CHW4,7-Year,7-Year,False,DGS7,7,3.6e+10,2023-08-22,2023-09-06,184,3.5e+10,0,3,sd0,3.5e+10,previous,0,sd0,1,2,2023-08-28/2023-09-03,True,False,1.3629116,-1.0965751,-23,18,-2.4594866,-41,True,True
2023-09-11_91282CHY0,2023-09-11,2023-09-07,91282CHY0,3-Year,3-Year,False,DGS3,3,4.4e+10,2023-09-01,2023-09-18,177,4.0333333e+10,8.1649658e+08,3,clipped,4.2e+10,previous,2.0412415,ok,2,2,2023-09-11/2023-09-17,True,False,-0.21339513,-0.28935731,7,10,-0.075962173,-3,True,True
2023-09-12_91282CHT1,2023-09-12,2023-09-07,91282CHT1,9-Year 11-Month,10-Year,True,DGS10,10,3.5e+10,2023-09-05,2023-09-19,325,3.35e+10,2.5099801e+09,0.5976143,ok,3.8e+10,previous,1.7928429,ok,2,1.5976143,2023-09-11/2023-09-17,True,False,-0.021101862,-0.82267156,0,10,-0.8015697,-10,True,True
2023-09-13_912810TT5,2023-09-13,2023-09-07,912810TT5,29-Year 11-Month,30-Year,True,DGS30,30,2e+10,2023-09-06,2023-09-20,184,1.9333333e+10,2.1602469e+09,0.3086067,ok,2.3e+10,previous,1.6973368,ok,2,1.3086067,2023-09-11/2023-09-17,True,False,0.48027537,-1.0130786,-3,6,-1.493354,-9,True,True
2023-09-19_912810TU2,2023-09-19,2023-09-14,912810TU2,19-Year 11-Month,20-Year,True,DGS20,20,1.3e+10,2023-09-12,2023-09-26,41,1.3166667e+10,1.8348479e+09,-0.090834052,ok,1.6e+10,previous,1.5441789,ok,2,0.90916595,2023-09-18/2023-09-24,True,False,-0.79458155,-3.310129,6,26,-2.5155475,-20,True,True
2023-09-26_91282CJB8,2023-09-26,2023-09-21,91282CJB8,2-Year,2-Year,False,DGS2,2,4.8e+10,2023-09-19,2023-10-03,509,4.25e+10,1.2247449e+09,3,clipped,4.5e+10,previous,2.0412415,ok,2,2,2023-09-25/2023-10-01,True,False,0.069521222,-0.21230748,-4,11,-0.2818287,-15,True,True
2023-09-27_91282CJA0,2023-09-27,2023-09-21,91282CJA0,5-Year,5-Year,False,DGS5,5,4.9e+10,2023-09-20,2023-10-04,447,4.35e+10,1.2247449e+09,3,clipped,4.6e+10,previous,2.0412415,ok,2,2,2023-09-25/2023-10-01,True,False,-0.67642636,-0.23479642,15,5,0.44162995,10,True,True
2023-09-28_91282CHZ7,2023-09-28,2023-09-21,91282CHZ7,7-Year,7-Year,False,DGS7,7,3.7e+10,2023-09-21,2023-10-05,185,3.5166667e+10,4.0824829e+08,3,clipped,3.7e+10,own,3,clipped,2,2,2023-09-25/2023-10-01,True,False,-0.37108613,-0.60462182,6,10,-0.23353569,-4,True,True
2023-10-10_91282CJC6,2023-10-10,2023-10-05,91282CJC6,3-Year,3-Year,False,DGS3,3,4.6e+10,2023-10-02,2023-10-17,178,4.1e+10,1.6733201e+09,2.9880715,ok,4.4e+10,previous,1.7928429,ok,2,2,2023-10-09/2023-10-15,True,False,0.3739807,-0.75351622,-14,27,-1.1274969,-41,True,True
2023-10-11_91282CHT1,2023-10-11,2023-10-05,91282CHT1,9-Year 10-Month,10-Year,True,DGS10,10,3.5e+10,2023-10-03,2023-10-18,326,3.4e+10,2.4494897e+09,0.40824829,ok,3.5e+10,previous,0.40824829,ok,1.4082483,1.4082483,2023-10-09/2023-10-15,True,False,1.8161544,-2.5884215,-23,33,-4.4045758,-56,True,True
2023-10-12_912810TT5,2023-10-12,2023-10-05,912810TT5,29-Year 10-Month,30-Year,True,DGS30,30,2e+10,2023-10-04,2023-10-19,185,1.9666667e+10,2.0655911e+09,0.16137431,ok,2e+10,previous,0.16137431,ok,1.1613743,1.1613743,2023-10-09/2023-10-15,True,False,0.13042163,-3.817295,-1,25,-3.9477167,-26,True,True
2023-10-18_912810TU2,2023-10-18,2023-10-12,912810TU2,19-Year 10-Month,20-Year,True,DGS20,20,1.3e+10,2023-10-11,2023-10-25,42,1.3333333e+10,1.7511901e+09,-0.19034675,ok,1.3e+10,previous,-0.19034675,ok,0.80965325,0.80965325,2023-10-16/2023-10-22,True,False,-3.4536903,-0.86879044,28,7,2.5848999,21,True,True
2023-10-24_91282CJE2,2023-10-24,2023-10-19,91282CJE2,2-Year,2-Year,False,DGS2,2,5.1e+10,2023-10-17,2023-10-31,510,4.35e+10,2.5099801e+09,2.9880715,ok,4.8e+10,previous,1.7928429,ok,2,2,2023-10-23/2023-10-29,True,False,0.3139965,-0.10069045,-17,5,-0.41468695,-22,True,True
2023-10-25_91282CJF9,2023-10-25,2023-10-19,91282CJF9,5-Year,5-Year,False,DGS5,5,5.2e+10,2023-10-18,2023-11-01,448,4.45e+10,2.5099801e+09,2.9880715,ok,4.9e+10,previous,1.7928429,ok,2,2,2023-10-23/2023-10-29,True,False,0.12102305,0.95995287,-3,-22,0.83892981,19,True,True
2023-10-26_91282CJG7,2023-10-26,2023-10-19,91282CJG7,7-Year,7-Year,False,DGS7,7,3.8e+10,2023-10-19,2023-11-02,186,3.55e+10,8.3666003e+08,2.9880715,ok,3.8e+10,own,2.9880715,ok,2,2,2023-10-23/2023-10-29,True,False,0.81197597,1.0536458,-14,-18,0.24166981,4,True,True
2023-11-07_91282CJK8,2023-11-07,2023-11-01,91282CJK8,3-Year,3-Year,False,DGS3,3,4.8e+10,2023-10-31,2023-11-14,179,4.2e+10,2.5298221e+09,2.3717082,ok,4.6e+10,previous,1.5811388,ok,2,2,2023-11-06/2023-11-12,True,False,0.70824701,0.20974276,-26,-8,-0.49850426,-18,True,True
2023-11-08_91282CJJ1,2023-11-08,2023-11-01,91282CJJ1,10-Year,10-Year,False,DGS10,10,4e+10,2023-11-01,2023-11-15,327,3.45e+10,2.258318e+09,2.4354409,ok,4e+10,own,2.4354409,ok,2,2,2023-11-06/2023-11-12,True,False,2.2260998,-0.3405492,-28,4,-2.566649,-32,True,True
2023-11-09_912810TV0,2023-11-09,2023-11-01,912810TV0,30-Year,30-Year,False,DGS30,30,2.4e+10,2023-11-02,2023-11-16,186,2e+10,1.8973666e+09,2.1081851,ok,2.4e+10,own,2.1081851,ok,2,2,2023-11-06/2023-11-12,True,False,0.76773059,2.2424656,-5,-14,1.474735,9,True,True
2023-11-20_912810TW8,2023-11-20,2023-11-16,912810TW8,20-Year,20-Year,False,DGS20,20,1.6e+10,2023-11-13,2023-11-28,43,1.35e+10,1.6431677e+09,1.5214515,ok,1.3e+10,previous,-0.30429031,ok,0.69570969,2,2023-11-20/2023-11-26,True,False,2.6874912,0.50007758,-21,-4,-2.1874137,-17,True,True
2023-11-27_91282CJL6,2023-11-27,2023-11-22,91282CJL6,2-Year,2-Year,False,DGS2,2,5.4e+10,2023-11-17,2023-12-04,511,4.5e+10,3.7947332e+09,2.3717082,ok,5.1e+10,previous,1.5811388,ok,2,2,2023-11-27/2023-12-03,True,False,0.063156704,0.36523705,-4,-20,0.30208035,16,True,True
2023-11-27_91282CJN2,2023-11-27,2023-11-22,91282CJN2,5-Year,5-Year,False,DGS5,5,5.5e+10,2023-11-17,2023-12-04,449,4.6e+10,3.7947332e+09,2.3717082,ok,5.2e+10,previous,1.5811388,ok,2,2,2023-11-27/2023-12-03,True,False,0.28667046,0.64775383,-7,-15,0.36108337,8,True,True
2023-11-28_91282CJM4,2023-11-28,2023-11-22,91282CJM4,7-Year,7-Year,False,DGS7,7,3.9e+10,2023-11-20,2023-12-05,187,3.6e+10,1.2649111e+09,2.3717082,ok,3.8e+10,previous,1.5811388,ok,2,2,2023-11-27/2023-12-03,True,False,0.57825262,0.93974361,-10,-16,0.361491,6,True,True
2023-12-11_91282CJJ1,2023-12-11,2023-12-07,91282CJJ1,9-Year 11-Month,10-Year,True,DGS10,10,3.7e+10,2023-12-04,2023-12-18,328,3.5333333e+10,3.204164e+09,0.52015649,ok,4e+10,previous,1.4564382,ok,2,1.5201565,2023-12-11/2023-12-17,True,False,0.38064756,2.2744404,-5,-28,1.8937929,23,True,True
2023-12-11_91282CJP7,2023-12-11,2023-12-07,91282CJP7,3-Year,3-Year,False,DGS3,3,5e+10,2023-12-04,2023-12-18,180,4.3333333e+10,3.2659863e+09,2.0412415,ok,4.8e+10,previous,1.428869,ok,2,2,2023-12-11/2023-12-17,True,False,-0.073428069,0.73309483,2,-27,0.8065229,29,True,True
2023-12-12_912810TV0,2023-12-12,2023-12-07,912810TV0,29-Year 11-Month,30-Year,True,DGS30,30,2.1e+10,2023-12-05,2023-12-19,187,2.05e+10,2.5099801e+09,0.19920477,ok,2.4e+10,previous,1.3944334,ok,2,1.1992048,2023-12-11/2023-12-17,True,False,-0.023926836,4.6651672,0,-27,4.689094,27,True,True
2023-12-20_912810TW8,2023-12-20,2023-12-14,912810TW8,19-Year 11-Month,20-Year,True,DGS20,20,1.3e+10,2023-12-13,2023-12-28,44,1.3666667e+10,1.8618987e+09,-0.35805744,ok,1.6e+10,previous,1.253201,ok,2,0.64194256,2023-12-18/2023-12-24,True,False,2.5421361,0.37747474,-19,-3,-2.1646613,-16,True,True
2023-12-26_91282CJS1,2023-12-26,2023-12-21,91282CJS1,2-Year,2-Year,False,DGS2,2,5.7e+10,2023-12-18,2024-01-03,512,4.7e+10,4.8989795e+09,2.0412415,ok,5.4e+10,previous,1.428869,ok,2,2,2023-12-25/2023-12-31,True,False,0.30131291,-0.1542052,-17,7,-0.45551811,-24,True,True
2023-12-27_91282CJR3,2023-12-27,2023-12-21,91282CJR3,5-Year,5-Year,False,DGS5,5,5.8e+10,2023-12-19,2024-01-04,450,4.8e+10,4.8989795e+09,2.0412415,ok,5.5e+10,previous,1.428869,ok,2,2,2023-12-25/2023-12-31,True,False,0.69206151,-0.88277842,-16,19,-1.5748399,-35,True,True
2023-12-28_91282CJQ5,2023-12-28,2023-12-21,91282CJQ5,7-Year,7-Year,False,DGS7,7,4e+10,2023-12-20,2024-01-05,188,3.6666667e+10,1.6329932e+09,2.0412415,ok,3.9e+10,previous,1.428869,ok,2,2,2023-12-25/2023-12-31,True,False,0.21230703,-1.2355534,-4,20,-1.4478604,-24,True,True
2024-01-09_91282CJT9,2024-01-09,2024-01-04,91282CJT9,3-Year,3-Year,False,DGS3,3,5.2e+10,2024-01-02,2024-01-17,181,4.5e+10,3.7416574e+09,1.8708287,ok,5e+10,previous,1.3363062,ok,2,2,2024-01-08/2024-01-14,True,False,-0.022461819,-0.11157123,0,3,-0.089109415,-3,True,True
2024-01-10_91282CJJ1,2024-01-10,2024-01-04,91282CJJ1,9-Year 10-Month,10-Year,True,DGS10,10,3.7e+10,2024-01-03,2024-01-18,329,3.6166667e+10,2.786874e+09,0.29902081,ok,3.7e+10,previous,0.29902081,ok,1.2990208,1.2990208,2024-01-08/2024-01-14,True,False,-1.0841418,-0.84000359,13,10,0.24413822,3,True,True
2024-01-11_912810TV0,2024-01-11,2024-01-04,912810TV0,29-Year 10-Month,30-Year,True,DGS30,30,2.1e+10,2024-01-04,2024-01-19,188,2.1e+10,2.1908902e+09,0,ok,2.1e+10,own,0,ok,1,1,2024-01-08/2024-01-14,True,False,-0.87395253,-3.0107034,5,18,-2.1367509,-13,True,True
2024-01-17_912810TW8,2024-01-17,2024-01-11,912810TW8,19-Year 10-Month,20-Year,True,DGS20,20,1.3e+10,2024-01-09,2024-01-24,45,1.3833333e+10,1.7224014e+09,-0.48382062,ok,1.3e+10,previous,-0.48382062,ok,0.51617938,0.51617938,2024-01-15/2024-01-21,True,False,-1.2083539,-1.32205,9,10,-0.1136961,-1,True,True
2024-01-23_91282CJV4,2024-01-23,2024-01-18,91282CJV4,2-Year,2-Year,False,DGS2,2,6e+10,2024-01-16,2024-01-30,513,4.95e+10,5.6124861e+09,1.8708287,ok,5.7e+10,previous,1.3363062,ok,2,2,2024-01-22/2024-01-28,True,False,-0.18828816,-0.11293419,9,5,0.075353971,4,True,True
2024-01-24_91282CJW2,2024-01-24,2024-01-18,91282CJW2,5-Year,5-Year,False,DGS5,5,6.1e+10,2024-01-17,2024-01-31,451,5.05e+10,5.6124861e+09,1.8708287,ok,5.8e+10,previous,1.3363062,ok,2,2,2024-01-22/2024-01-28,True,False,-0.20273414,0.65119558,4,-15,0.85392972,19,True,True
2024-01-25_91282CJX0,2024-01-25,2024-01-18,91282CJX0,7-Year,7-Year,False,DGS7,7,4.1e+10,2024-01-18,2024-02-01,189,3.75e+10,1.8708287e+09,1.8708287,ok,4.1e+10,own,1.8708287,ok,2,2,2024-01-22/2024-01-28,True,False,0.15816069,1.4396677,-3,-24,1.2815071,21,True,True
2024-02-06_91282CKA8,2024-02-06,2024-01-31,91282CKA8,3-Year,3-Year,False,DGS3,3,5.4e+10,2024-01-30,2024-02-13,182,4.7e+10,3.7416574e+09,1.8708287,ok,5.2e+10,previous,1.3363062,ok,2,2,2024-02-05/2024-02-11,True,False,-0.022629494,-0.85274922,0,30,-0.83011972,-30,True,True
2024-02-07_91282CJZ5,2024-02-07,2024-01-31,91282CJZ5,10-Year,10-Year,False,DGS10,10,4.2e+10,2024-01-31,2024-02-14,330,3.7e+10,1.8973666e+09,2.6352314,ok,4.2e+10,own,2.6352314,ok,2,2,2024-02-05/2024-02-11,True,False,-0.84458459,-1.4722494,10,18,-0.62766482,-8,True,True
2024-02-08_912810TX6,2024-02-08,2024-01-31,912810TX6,30-Year,30-Year,False,DGS30,30,2.5e+10,2024-02-01,2024-02-15,189,2.15e+10,1.6431677e+09,2.1300322,ok,2.5e+10,own,2.1300322,ok,2,2,2024-02-05/2024-02-11,True,False,-4.3346375,-1.0108364,26,6,3.3238011,20,True,True
2024-02-21_912810TZ1,2024-02-21,2024-02-15,912810TZ1,20-Year,20-Year,False,DGS20,20,1.6e+10,2024-02-13,2024-02-28,46,1.4e+10,1.5491933e+09,1.2909944,ok,1.3e+10,previous,-0.64549722,ok,0.35450278,2,2024-02-19/2024-02-25,True,False,-0.016981991,0.76757299,0,-6,0.78455498,6,True,True
2024-02-26_91282CKB6,2024-02-26,2024-02-22,91282CKB6,2-Year,2-Year,False,DGS2,2,6.3e+10,2024-02-16,2024-03-04,514,5.25e+10,5.6124861e+09,1.8708287,ok,6e+10,previous,1.3363062,ok,2,2,2024-02-26/2024-03-03,True,False,-0.11238367,0.13818634,5,-8,0.25057001,13,True,True
2024-02-26_91282CKD2,2024-02-26,2024-02-22,91282CKD2,5-Year,5-Year,False,DGS5,5,6.4e+10,2024-02-16,2024-03-04,452,5.35e+10,5.6124861e+09,1.8708287,ok,6.1e+10,previous,1.3363062,ok,2,2,2024-02-26/2024-03-03,True,False,-0.028011085,0.33678897,0,-8,0.36480006,8,True,True
2024-02-27_91282CKC4,2024-02-27,2024-02-22,91282CKC4,7-Year,7-Year,False,DGS7,7,4.2e+10,2024-02-20,2024-03-05,190,3.85e+10,1.8708287e+09,1.8708287,ok,4.1e+10,previous,1.3363062,ok,2,2,2024-02-26/2024-03-03,True,False,-0.37810053,1.1251359,6,-19,1.5032364,25,True,True
2024-03-11_91282CKE0,2024-03-11,2024-03-07,91282CKE0,3-Year,3-Year,False,DGS3,3,5.6e+10,2024-03-04,2024-03-18,183,4.9e+10,3.7416574e+09,1.8708287,ok,5.4e+10,previous,1.3363062,ok,2,2,2024-03-11/2024-03-17,True,False,0.34335435,-0.73709191,-13,26,-1.0804463,-39,True,True
2024-03-12_91282CJZ5,2024-03-12,2024-03-07,91282CJZ5,9-Year 11-Month,10-Year,True,DGS10,10,3.9e+10,2024-03-05,2024-03-19,331,3.7666667e+10,2.8047579e+09,0.47538269,ok,4.2e+10,previous,1.5449937,ok,2,1.4753827,2024-03-11/2024-03-17,True,False,-0.26636294,-1.1465009,3,14,-0.88013793,-11,True,True
2024-03-13_912810TX6,2024-03-13,2024-03-07,912810TX6,29-Year 11-Month,30-Year,True,DGS30,30,2.2e+10,2024-03-06,2024-03-20,190,2.1833333e+10,2.1369761e+09,0.077991827,ok,2.5e+10,previous,1.4818447,ok,2,1.0779918,2024-03-11/2024-03-17,True,False,-1.8494169,-1.663318,11,10,0.18609888,1,True,True
2024-03-19_912810TZ1,2024-03-19,2024-03-14,912810TZ1,19-Year 11-Month,20-Year,True,DGS20,20,1.3e+10,2024-03-12,2024-03-26,47,1.4e+10,1.5491933e+09,-0.64549722,ok,1.6e+10,previous,1.2909944,ok,2,0.35450278,2024-03-18/2024-03-24,True,False,-1.5796514,0.63928812,12,-5,2.2189395,17,True,True
2024-03-25_91282CKH3,2024-03-25,2024-03-21,91282CKH3,2-Year,2-Year,False,DGS2,2,6.6e+10,2024-03-18,2024-04-02,515,5.55e+10,5.6124861e+09,1.8708287,ok,6.3e+10,previous,1.3363062,ok,2,2,2024-03-25/2024-03-31,True,False,0.34595916,-0.31574428,-19,16,-0.66170344,-35,True,True
2024-03-26_91282CKG5,2024-03-26,2024-03-21,91282CKG5,5-Year,5-Year,False,DGS5,5,6.7e+10,2024-03-19,2024-04-03,453,5.65e+10,5.6124861e+09,1.8708287,ok,6.4e+10,previous,1.3363062,ok,2,2,2024-03-25/2024-03-31,True,False,0.38165052,-0.55579756,-9,12,-0.93744808,-21,True,True
2024-03-27_91282CKF7,2024-03-27,2024-03-21,91282CKF7,7-Year,7-Year,False,DGS7,7,4.3e+10,2024-03-20,2024-04-04,191,3.95e+10,1.8708287e+09,1.8708287,ok,4.2e+10,previous,1.3363062,ok,2,2,2024-03-25/2024-03-31,True,False,0.58158861,-0.79986596,-10,13,-1.3814546,-23,True,True
2024-04-09_91282CKJ9,2024-04-09,2024-04-04,91282CKJ9,3-Year,3-Year,False,DGS3,3,5.8e+10,2024-04-02,2024-04-16,184,5.1e+10,3.7416574e+09,1.8708287,ok,5.6e+10,previous,1.3363062,ok,2,2,2024-04-08/2024-04-14,True,False,-0.042110866,-0.86615201,1,31,-0.82404114,-30,True,True
2024-04-10_91282CJZ5,2024-04-10,2024-04-04,91282CJZ5,9-Year 10-Month,10-Year,True,DGS10,10,3.9e+10,2024-04-03,2024-04-17,332,3.8333333e+10,2.5033311e+09,0.26631182,ok,3.9e+10,previous,0.26631182,ok,1.2663118,1.2663118,2024-04-08/2024-04-14,True,False,-1.5312483,-0.33505138,19,4,1.1961969,15,True,True
2024-04-11_912810TX6,2024-04-11,2024-04-04,912810TX6,29-Year 10-Month,30-Year,True,DGS30,30,2.2e+10,2024-04-04,2024-04-18,191,2.2166667e+10,1.9407902e+09,-0.085875673,ok,2.2e+10,own,-0.085875673,ok,0.91412433,0.91412433,2024-04-08/2024-04-14,True,False,-2.907995,-1.4503956,18,9,1.4575994,9,True,True
2024-04-17_912810TZ1,2024-04-17,2024-04-11,912810TZ1,19-Year 10-Month,20-Year,True,DGS20,20,1.3e+10,2024-04-10,2024-04-24,48,1.4e+10,1.5491933e+09,-0.64549722,ok,1.3e+10,previous,-0.64549722,ok,0.35450278,0.35450278,2024-04-15/2024-04-21,True,False,-0.65280788,-0.89607185,5,7,-0.24326397,-2,True,True
2024-04-23_91282CKK6,2024-04-23,2024-04-18,91282CKK6,2-Year,2-Year,False,DGS2,2,6.9e+10,2024-04-16,2024-04-30,516,5.85e+10,5.6124861e+09,1.8708287,ok,6.6e+10,previous,1.3363062,ok,2,2,2024-04-22/2024-04-28,True,False,0.20043243,-0.3449663,-11,18,-0.54539872,-29,True,True
2024-04-24_91282CKP5,2024-04-24,2024-04-18,91282CKP5,5-Year,5-Year,False,DGS5,5,7e+10,2024-04-17,2024-05-01,454,5.95e+10,5.6124861e+09,1.8708287,ok,6.7e+10,previous,1.3363062,ok,2,2,2024-04-22/2024-04-28,True,False,-0.1008541,-0.012808306,2,0,0.088045798,2,True,True
2024-04-25_91282CKN0,2024-04-25,2024-04-18,91282CKN0,7-Year,7-Year,False,DGS7,7,4.4e+10,2024-04-18,2024-05-02,192,4.05e+10,1.8708287e+09,1.8708287,ok,4.4e+10,own,1.8708287,ok,2,2,2024-04-22/2024-04-28,True,False,-0.24881656,0.81828882,4,-14,1.0671054,18,True,True
2024-05-07_91282CKR1,2024-05-07,2024-05-01,91282CKR1,3-Year,3-Year,False,DGS3,3,5.8e+10,2024-04-30,2024-05-14,185,5.3e+10,3.7416574e+09,1.3363062,ok,5.8e+10,previous,1.3363062,ok,2,2,2024-05-06/2024-05-12,True,False,0.73711592,-0.068312559,-27,2,-0.80542848,-29,True,True
2024-05-08_91282CKQ3,2024-05-08,2024-05-01,91282CKQ3,10-Year,10-Year,False,DGS10,10,4.2e+10,2024-05-01,2024-05-15,333,3.9e+10,1.8973666e+09,1.5811388,ok,4.2e+10,own,1.5811388,ok,2,2,2024-05-06/2024-05-12,True,False,1.1847393,0.94830369,-15,-12,-0.23643562,-3,True,True
2024-05-09_912810UA4,2024-05-09,2024-05-01,912810UA4,30-Year,30-Year,False,DGS30,30,2.5e+10,2024-05-02,2024-05-16,192,2.25e+10,1.6431677e+09,1.5214515,ok,2.5e+10,own,1.5214515,ok,2,2,2024-05-06/2024-05-12,True,False,1.9318732,1.2926713,-12,-8,-0.63920183,-4,True,True
2024-05-22_912810UB2,2024-05-22,2024-05-16,912810UB2,20-Year,20-Year,False,DGS20,20,1.6e+10,2024-05-15,2024-05-30,49,1.4e+10,1.5491933e+09,1.2909944,ok,1.3e+10,previous,-0.64549722,ok,0.35450278,2,2024-05-20/2024-05-26,True,False,-0.27234349,-1.6792185,2,13,-1.4068751,-11,True,True
2024-05-28_91282CKS9,2024-05-28,2024-05-23,91282CKS9,2-Year,2-Year,False,DGS2,2,6.9e+10,2024-05-20,2024-06-04,517,6.15e+10,5.6124861e+09,1.3363062,ok,6.9e+10,previous,1.3363062,ok,2,2,2024-05-27/2024-06-02,True,False,-0.23470992,0.31208651,12,-17,0.54679643,29,True,True
2024-05-28_91282CKT7,2024-05-28,2024-05-23,91282CKT7,5-Year,5-Year,False,DGS5,5,7e+10,2024-05-20,2024-06-04,455,6.25e+10,5.6124861e+09,1.3363062,ok,7e+10,previous,1.3363062,ok,2,2,2024-05-27/2024-06-02,True,False,-0.45964623,0.91956104,10,-21,1.3792073,31,True,True
2024-05-29_91282CKU4,2024-05-29,2024-05-23,91282CKU4,7-Year,7-Year,False,DGS7,7,4.4e+10,2024-05-21,2024-06-05,193,4.15e+10,1.8708287e+09,1.3363062,ok,4.4e+10,previous,1.3363062,ok,2,2,2024-05-27/2024-06-02,True,False,-1.2582573,2.0270722,21,-34,3.2853295,55,True,True
2024-06-10_91282CKV2,2024-06-10,2024-06-06,91282CKV2,3-Year,3-Year,False,DGS3,3,5.8e+10,2024-06-03,2024-06-17,186,5.4666667e+10,3.2659863e+09,1.0206207,ok,5.8e+10,previous,1.0206207,ok,2,2,2024-06-10/2024-06-16,True,False,-0.014458168,0.31741806,0,-12,0.33187622,12,True,True
2024-06-11_91282CKQ3,2024-06-11,2024-06-06,91282CKQ3,9-Year 11-Month,10-Year,True,DGS10,10,3.9e+10,2024-06-04,2024-06-18,334,3.9333333e+10,2.2509257e+09,-0.14808722,ok,4.2e+10,previous,1.1846978,ok,2,0.85191278,2024-06-10/2024-06-16,True,False,-0.50252022,1.355876,6,-17,1.8583962,23,True,True
2024-06-13_912810UA4,2024-06-13,2024-06-06,912810UA4,29-Year 11-Month,30-Year,True,DGS30,30,2.2e+10,2024-06-06,2024-06-21,193,2.2666667e+10,1.8618987e+09,-0.35805744,ok,2.2e+10,own,-0.35805744,ok,0.64194256,0.64194256,2024-06-10/2024-06-16,True,False,0.47164659,0.14175464,-3,-1,-0.32989195,-2,True,True
2024-06-18_912810UB2,2024-06-18,2024-06-13,912810UB2,19-Year 11-Month,20-Year,True,DGS20,20,1.3e+10,2024-06-11,2024-06-26,50,1.4e+10,1.5491933e+09,-0.64549722,ok,1.6e+10,previous,1.2909944,ok,2,0.35450278,2024-06-17/2024-06-23,True,False,1.9563422,-1.0613902,-15,8,-3.0177323,-23,True,True
2024-06-25_91282CKY6,2024-06-25,2024-06-20,91282CKY6,2-Year,2-Year,False,DGS2,2,6.9e+10,2024-06-17,2024-07-02,518,6.4e+10,4.8989795e+09,1.0206207,ok,6.9e+10,previous,1.0206207,ok,2,2,2024-06-24/2024-06-30,True,False,0.17586707,-0.18030608,-10,9,-0.35617315,-19,True,True
2024-06-26_91282CKX8,2024-06-26,2024-06-20,91282CKX8,5-Year,5-Year,False,DGS5,5,7e+10,2024-06-18,2024-07-03,456,6.5e+10,4.8989795e+09,1.0206207,ok,7e+10,previous,1.0206207,ok,2,2,2024-06-24/2024-06-30,True,False,-0.3784097,-0.062709064,8,1,0.31570064,7,True,True
2024-06-27_91282CKW0,2024-06-27,2024-06-20,91282CKW0,7-Year,7-Year,False,DGS7,7,4.4e+10,2024-06-20,2024-07-05,194,4.2333333e+10,1.6329932e+09,1.0206207,ok,4.4e+10,own,1.0206207,ok,2,2,2024-06-24/2024-06-30,True,False,-0.14023773,0.21739358,2,-4,0.35763131,6,True,True
2024-07-09_91282CKZ3,2024-07-09,2024-07-03,91282CKZ3,3-Year,3-Year,False,DGS3,3,5.8e+10,2024-07-01,2024-07-16,187,5.6e+10,2.5298221e+09,0.79056942,ok,5.8e+10,previous,0.79056942,ok,1.7905694,1.7905694,2024-07-08/2024-07-14,True,False,0.56607593,0.42732989,-21,-16,-0.13874604,-5,True,True
2024-07-10_91282CKQ3,2024-07-10,2024-07-03,91282CKQ3,9-Year 10-Month,10-Year,True,DGS10,10,3.9e+10,2024-07-02,2024-07-17,335,3.9666667e+10,1.9663842e+09,-0.33903175,ok,3.9e+10,previous,-0.33903175,ok,0.66096825,0.66096825,2024-07-08/2024-07-14,True,False,1.1897052,0.95336923,-15,-12,-0.23633598,-3,True,True
2024-07-11_912810UA4,2024-07-11,2024-07-03,912810UA4,29-Year 10-Month,30-Year,True,DGS30,30,2.2e+10,2024-07-03,2024-07-18,194,2.2833333e+10,1.7224014e+09,-0.48382062,ok,2.2e+10,own,-0.48382062,ok,0.51617938,0.51617938,2024-07-08/2024-07-14,True,False,1.9702744,-0.0215822,-12,0,-1.9918566,-12,True,True
2024-07-17_912810UB2,2024-07-17,2024-07-11,912810UB2,19-Year 10-Month,20-Year,True,DGS20,20,1.3e+10,2024-07-10,2024-07-24,51,1.4e+10,1.5491933e+09,-0.64549722,ok,1.3e+10,previous,-0.64549722,ok,0.35450278,0.35450278,2024-07-15/2024-07-21,True,False,1.5622846,-2.082217,-12,16,-3.6445015,-28,True,True
2024-07-23_91282CLB5,2024-07-23,2024-07-18,91282CLB5,2-Year,2-Year,False,DGS2,2,6.9e+10,2024-07-16,2024-07-30,519,6.6e+10,3.7947332e+09,0.79056942,ok,6.9e+10,previous,0.79056942,ok,1.7905694,1.7905694,2024-07-22/2024-07-28,True,False,0.041770916,0.078565838,-3,-5,0.036794922,2,True,True
2024-07-24_91282CLC3,2024-07-24,2024-07-18,91282CLC3,5-Year,5-Year,False,DGS5,5,7e+10,2024-07-17,2024-07-31,457,6.7e+10,3.7947332e+09,0.79056942,ok,7e+10,previous,0.79056942,ok,1.7905694,1.7905694,2024-07-22/2024-07-28,True,False,-0.24487046,0.65266639,5,-15,0.89753685,20,True,True
2024-07-25_91282CLD1,2024-07-25,2024-07-18,91282CLD1,7-Year,7-Year,False,DGS7,7,4.4e+10,2024-07-18,2024-08-01,195,4.3e+10,1.2649111e+09,0.79056942,ok,4.4e+10,own,0.79056942,ok,1.7905694,1.7905694,2024-07-22/2024-07-28,True,False,-0.26079219,1.7446988,4,-29,2.005491,33,True,True
2024-08-06_91282CLG4,2024-08-06,2024-07-31,91282CLG4,3-Year,3-Year,False,DGS3,3,5.8e+10,2024-07-30,2024-08-13,188,5.7e+10,1.6733201e+09,0.5976143,ok,5.8e+10,previous,0.5976143,ok,1.5976143,1.5976143,2024-08-05/2024-08-11,True,False,1.1004074,0.0029920014,-40,-1,-1.0974154,-39,True,True
2024-08-07_91282CLF6,2024-08-07,2024-07-31,91282CLF6,10-Year,10-Year,False,DGS10,10,4.2e+10,2024-07-31,2024-08-14,336,4e+10,1.5491933e+09,1.2909944,ok,4.2e+10,own,1.2909944,ok,2,2,2024-08-05/2024-08-11,True,False,1.0338568,1.0494957,-13,-13,0.015638896,0,True,True
2024-08-08_912810UC0,2024-08-08,2024-07-31,912810UC0,30-Year,30-Year,False,DGS30,30,2.5e+10,2024-08-01,2024-08-15,195,2.3e+10,1.5491933e+09,1.2909944,ok,2.5e+10,own,1.2909944,ok,2,2,2024-08-05/2024-08-11,True,False,-0.20759298,1.6826467,1,-10,1.8902397,11,True,True
2024-08-21_912810UD8,2024-08-21,2024-08-15,912810UD8,20-Year,20-Year,False,DGS20,20,1.6e+10,2024-08-14,2024-08-28,52,1.4e+10,1.5491933e+09,1.2909944,ok,1.3e+10,previous,-0.64549722,ok,0.35450278,2,2024-08-19/2024-08-25,True,False,0.92695848,-0.95563196,-7,7,-1.8825904,-14,True,True
2024-08-27_91282CLH2,2024-08-27,2024-08-22,91282CLH2,2-Year,2-Year,False,DGS2,2,6.9e+10,2024-08-20,2024-09-04,520,6.75e+10,2.5099801e+09,0.5976143,ok,6.9e+10,previous,0.5976143,ok,1.5976143,1.5976143,2024-08-26/2024-09-01,True,False,0.28330607,0.10834652,-16,-7,-0.17495955,-9,True,True
2024-08-28_91282CLK5,2024-08-28,2024-08-22,91282CLK5,5-Year,5-Year,False,DGS5,5,7e+10,2024-08-21,2024-09-05,458,6.85e+10,2.5099801e+09,0.5976143,ok,7e+10,previous,0.5976143,ok,1.5976143,1.5976143,2024-08-26/2024-09-01,True,False,0.018399534,0.37877735,-1,-9,0.36037781,8,True,True
2024-08-29_91282CLJ8,2024-08-29,2024-08-22,91282CLJ8,7-Year,7-Year,False,DGS7,7,4.4e+10,2024-08-22,2024-09-06,196,4.35e+10,8.3666003e+08,0.5976143,ok,4.4e+10,own,0.5976143,ok,1.5976143,1.5976143,2024-08-26/2024-09-01,True,False,0.035687016,0.95462045,-1,-16,0.91893344,15,True,True
2024-09-10_91282CLL3,2024-09-10,2024-09-05,91282CLL3,3-Year,3-Year,False,DGS3,3,5.8e+10,2024-09-03,2024-09-17,189,5.7666667e+10,8.1649658e+08,0.40824829,ok,5.8e+10,previous,0.40824829,ok,1.4082483,1.4082483,2024-09-09/2024-09-15,True,False,0.85047897,-0.11179028,-31,3,-0.96226926,-34,True,True
2024-09-11_91282CLF6,2024-09-11,2024-09-05,91282CLF6,9-Year 11-Month,10-Year,True,DGS10,10,3.9e+10,2024-09-04,2024-09-18,337,4e+10,1.5491933e+09,-0.64549722,ok,4.2e+10,previous,1.2909944,ok,2,0.35450278,2024-09-09/2024-09-15,True,False,0.97505639,-0.43757468,-12,5,-1.4126311,-17,True,True
2024-09-12_912810UC0,2024-09-12,2024-09-05,912810UC0,29-Year 11-Month,30-Year,True,DGS30,30,2.2e+10,2024-09-05,2024-09-19,196,2.3e+10,1.5491933e+09,-0.64549722,ok,2.2e+10,own,-0.64549722,ok,0.35450278,0.35450278,2024-09-09/2024-09-15,True,False,0.32797344,-1.0529834,-2,6,-1.3809569,-8,True,True
2024-09-17_912810UD8,2024-09-17,2024-09-12,912810UD8,19-Year 11-Month,20-Year,True,DGS20,20,1.3e+10,2024-09-10,2024-09-24,53,1.4e+10,1.5491933e+09,-0.64549722,ok,1.6e+10,previous,1.2909944,ok,2,0.35450278,2024-09-16/2024-09-22,True,False,0.25630576,-1.4955791,-2,11,-1.7518849,-13,True,True
2024-09-24_91282CLP4,2024-09-24,2024-09-19,91282CLP4,2-Year,2-Year,False,DGS2,2,6.9e+10,2024-09-17,,521,6.85e+10,1.2247449e+09,0.40824829,ok,6.9e+10,previous,0.40824829,ok,1.4082483,1.4082483,2024-09-23/2024-09-29,False,True,,,,,,,False,False
2024-09-25_91282CLN9,2024-09-25,2024-09-19,91282CLN9,5-Year,5-Year,False,DGS5,5,7e+10,2024-09-18,,459,6.95e+10,1.2247449e+09,0.40824829,ok,7e+10,previous,0.40824829,ok,1.4082483,1.4082483,2024-09-23/2024-09-29,False,True,,,,,,,False,False
2024-09-26_91282CLM1,2024-09-26,2024-09-19,91282CLM1,7-Year,7-Year,False,DGS7,7,4.4e+10,2024-09-19,,197,4.3833333e+10,4.0824829e+08,0.40824829,ok,4.4e+10,own,0.40824829,ok,1.4082483,1.4082483,2024-09-23/2024-09-29,False,True,,,,,,,False,False
