date,nav_total_month_end_zn,nav_excess_month_end_zn,nav_total_supply_calendar,nav_excess_supply_calendar,nav_total_month_end_zn_cost_2x,nav_excess_month_end_zn_cost_2x,nav_total_supply_calendar_cost_2x,nav_excess_supply_calendar_cost_2x
2010-07-01,1.0000049,1,1.0000049,1,1.0000049,1,1.0000049,1
2010-07-02,1.0000096,1,1.0000096,1,1.0000096,1,1.0000096,1
2010-07-06,1.0000282,1,1.0000282,1,1.0000282,1,1.0000282,1
2010-07-07,1.0000329,1,1.0000329,1,1.0000329,1,1.0000329,1
2010-07-08,1.0000373,1,1.0000373,1,1.0000373,1,1.0000373,1
2010-07-09,1.0000414,1,1.0000414,1,1.0000414,1,1.0000414,1
2010-07-12,1.0000545,1,1.0000545,1,1.0000545,1,1.0000545,1
2010-07-13,1.0000589,1,1.0000589,1,1.0000589,1,1.0000589,1
2010-07-14,1.000063,1,1.000063,1,1.000063,1,1.000063,1
2010-07-15,1.0000671,1,1.0000671,1,1.0000671,1,1.0000671,1
2010-07-16,1.0000712,1,1.0000712,1,1.0000712,1,1.0000712,1
2010-07-19,1.0000836,1,1.0000836,1,1.0000836,1,1.0000836,1
2010-07-20,1.0000882,1,1.0000882,1,1.0000882,1,1.0000882,1
2010-07-21,1.0000926,1,1.0000926,1,1.0000926,1,1.0000926,1
2010-07-22,1.000097,1,1.000097,1,1.000097,1,1.000097,1
2010-07-23,1.0001014,1,1.0001014,1,1.0001014,1,1.0001014,1
2010-07-26,1.0001145,1,1.0001145,1,1.0001145,1,1.0001145,1
2010-07-27,1.0001189,1,1.0001189,1,1.0001189,1,1.0001189,1
2010-07-28,1.000123,1,1.000123,1,1.000123,1,1.000123,1
2010-07-29,1.0001271,1,1.0001271,1,1.0001271,1,1.0001271,1
2010-07-30,1.0001312,1,1.0001312,1,1.0001312,1,1.0001312,1
2010-08-02,1.0001436,1,1.0001436,1,1.0001436,1,1.0001436,1
2010-08-03,1.000148,1,1.000148,1,1.000148,1,1.000148,1
2010-08-04,1.0001523,1,1.0001523,1,1.0001523,1,1.0001523,1
2010-08-05,1.0001567,1,1.0001567,1,1.0001567,1,1.0001567,1
2010-08-06,1.0001608,1,1.0001608,1,1.0001608,1,1.0001608,1
2010-08-09,1.0001732,1,1.0001732,1,1.0001732,1,1.0001732,1
2010-08-10,1.0001773,1,1.0001773,1,1.0001773,1,1.0001773,1
2010-08-11,1.0001814,1,1.0001814,1,1.0001814,1,1.0001814,1
2010-08-12,1.0001855,1,1.0001855,1,1.0001855,1,1.0001855,1
2010-08-13,1.0001899,1,1.0001899,1,1.0001899,1,1.0001899,1
2010-08-16,1.0002022,1,1.0002022,1,1.0002022,1,1.0002022,1
2010-08-17,1.0002066,1,1.0001334,0.99992686,1.0002066,1,1.0000603,0.99985371
2010-08-18,1.0002113,1,0.99946896,0.99925786,1.0002113,1,0.99937524,0.99916416
2010-08-19,1.0002156,1,0.99782026,0.99760513,1.0002156,1,0.99770556,0.99749045
2010-08-20,1.00022,1,1.0001773,0.99995729,1.00022,1,1.0000623,0.99984235
2010-08-23,1.0002324,1,0.99916289,0.99893077,1.0002324,1,0.99904804,0.99881595
2010-08-24,1.0002367,1,0.99477895,0.99454347,1.0002367,1,0.99451493,0.99427951
2010-08-25,1.0001415,0.99990042,0.99623399,0.99599381,1.0000419,0.99980084,0.99592811,0.995688
2010-08-26,1.0036777,1.0034313,0.99571367,0.99546924,1.0035777,1.0033314,0.99536582,0.99512148
2010-08-27,0.99163165,0.99138387,0.98830074,0.98805378,0.99153289,0.99128514,0.98795549,0.9877086
2010-08-30,1.002149,1.0018863,0.99597493,0.99571387,1.0020492,1.0017866,0.99561655,0.99535557
2010-08-31,1.0059457,1.0056783,0.9979899,0.99772448,1.0057458,1.0054784,0.99753252,0.99726722
2010-09-01,1.0059496,1.0056783,0.99655987,0.99629101,1.0057496,1.0054784,0.99606883,0.9958001
2010-09-02,1.0059532,1.0056783,0.9978005,0.99752776,1.0057532,1.0054784,0.99728779,0.99701518
2010-09-03,1.005957,1.0056783,1.0000962,0.99981895,1.0057571,1.0054784,0.99958226,0.9993052
2010-09-07,1.0059725,1.0056783,0.99582428,0.99553293,1.0057725,1.0054784,0.99520864,0.99491746
2010-09-08,1.0059763,1.0056783,0.99604251,0.99574728,1.0057764,1.0054784,0.99538289,0.99508784
2010-09-09,1.0059802,1.0056783,0.99335854,0.99306028,1.0057802,1.0054784,0.99267421,0.99237615
2010-09-10,1.0059841,1.0056783,0.99223396,0.99193223,1.0057841,1.0054784,0.9915504,0.99124887
2010-09-13,1.0059956,1.0056783,0.99590269,0.99558843,1.0057956,1.0054784,0.9952166,0.99490256
2010-09-14,1.0059998,1.0056783,0.99985649,0.99953689,1.0057998,1.0054784,0.99907472,0.99875537
2010-09-15,1.0060039,1.0056783,0.99766388,0.99734088,1.0058039,1.0054784,0.99686182,0.99653907
2010-09-16,1.006008,1.0056783,0.99688153,0.99655467,1.005808,1.0054784,0.99606683,0.99574024
2010-09-17,1.0060124,1.0056783,0.9968859,0.99655467,1.0058125,1.0054784,0.9960712,0.99574024
2010-09-20,1.0060257,1.0056783,0.99685332,0.99650901,1.0058257,1.0054784,0.995993,0.99564898
2010-09-21,1.0060304,1.0056783,0.99586598,0.99551737,1.0058304,1.0054784,0.99498648,0.99463817
2010-09-22,1.006035,1.0056783,0.99617088,0.99581752,1.0058351,1.0054784,0.99527007,0.99491702
2010-09-23,1.0060395,1.0056783,0.99607174,0.99571405,1.0058395,1.0054784,0.99517101,0.99481364
2010-09-24,1.0059481,1.0055826,0.99762469,0.99726207,1.0056524,1.005287,0.99672256,0.99636027
2010-09-27,1.0139389,1.0135581,0.99398283,0.99360924,1.0136409,1.0132601,0.99295048,0.99257728
2010-09-28,1.0192476,1.0188603,0.99229907,0.99192176,1.0189479,1.0185608,0.99122901,0.9908521
2010-09-29,1.0161561,1.0157655,0.99193982,0.99155831,1.0158574,1.0154669,0.9908291,0.990448
2010-09-30,1.0148635,1.0144689,0.99250059,0.99211451,1.0144685,1.0140741,0.99138923,0.99100358
2010-10-01,1.0148679,1.0144689,0.99304151,0.99265087,1.0144729,1.0140741,0.99192955,0.99153934
2010-10-04,1.0148813,1.0144689,0.99482596,0.99442157,1.0144862,1.0140741,0.9935363,0.99313242
2010-10-05,1.0148849,1.0144689,0.99555527,0.99514703,1.0144899,1.0140741,0.99422415,0.99381645
2010-10-06,1.0148882,1.0144689,0.99438023,0.99396921,1.0144932,1.0140741,0.99301731,0.99260684
2010-10-07,1.0148918,1.0144689,0.99404351,0.99362909,1.0144968,1.0140741,0.99268105,0.99226718
2010-10-08,1.0148954,1.0144689,0.99353139,0.99311364,1.0145004,1.0140741,0.99216963,0.99175244
2010-10-12,1.0149088,1.0144689,0.99559846,0.99516678,1.0145138,1.0140741,0.99405113,0.99362011
2010-10-13,1.0149124,1.0144689,0.99639371,0.99595814,1.0145174,1.0140741,0.9948031,0.99436821
2010-10-14,1.014916,1.0144689,0.99529963,0.99486099,1.014521,1.0140741,0.9936843,0.99324636
2010-10-15,1.0149199,1.0144689,0.99348081,0.99303915,1.0145249,1.0140741,0.99186843,0.99142748
2010-10-18,1.0149316,1.0144689,0.99627399,0.99581966,1.0145366,1.0140741,0.99465707,0.99420348
2010-10-19,1.0149358,1.0144689,0.99700832,0.99654957,1.0145407,1.0140741,0.99519299,0.99473507
2010-10-20,1.0149396,1.0144689,0.99661848,0.99615609,1.0145446,1.0140741,0.99477012,0.99430857
2010-10-21,1.0149435,1.0144689,0.99621116,0.99574514,1.0145485,1.0140741,0.99434331,0.99387815
2010-10-22,1.0149472,1.0144689,0.99657116,0.99610143,1.0145521,1.0140741,0.99470264,0.99423377
2010-10-25,1.0148614,1.0143724,0.99696643,0.99648586,1.0143698,1.013881,0.99509716,0.99461748
2010-10-26,1.0071587,1.0066695,1.0000998,0.99961393,1.0066709,1.0061819,0.99801949,0.99753459
2010-10-27,1.0017239,1.0012335,1.0007244,1.0002344,1.0012387,1.0007485,0.99861976,0.99813074
2010-10-28,1.0086584,1.0081608,1.0035611,1.0030659,1.0081699,1.0076724,1.0014329,1.0009387
2010-10-29,1.0131617,1.0126582,1.0061167,1.0056166,1.012575,1.0120718,1.0039831,1.003484
2010-11-01,1.0131717,1.0126582,1.0061611,1.0056511,1.012585,1.0120718,1.0040265,1.0035175
2010-11-02,1.0131753,1.0126582,1.0062311,1.0057175,1.0125886,1.0120718,1.0039822,1.0034697
2010-11-03,1.0131789,1.0126582,1.0065364,1.006019,1.0125922,1.0120718,1.0042631,1.0037469
2010-11-04,1.0131825,1.0126582,1.0058248,1.0053042,1.0125958,1.0120718,1.0035425,1.003023
2010-11-05,1.0131861,1.0126582,1.0075697,1.0070446,1.0125994,1.0120718,1.0052834,1.0047595
2010-11-08,1.013197,1.0126582,1.0078113,1.0072753,1.0126103,1.0120718,1.0054155,1.0048808
2010-11-09,1.0132006,1.0126582,1.0089522,1.008412,1.0126139,1.0120718,1.0065289,1.00599
2010-11-10,1.0132042,1.0126582,1.0097945,1.0092503,1.0126175,1.0120718,1.0073441,1.0068012
2010-11-12,1.0132114,1.0126582,1.0040143,1.003466,1.0126247,1.0120718,1.0015779,1.0010309
2010-11-15,1.0132222,1.0126582,0.99988259,0.99932583,1.0126355,1.0120718,0.99745535,0.99689992
2010-11-16,1.0132261,1.0126582,1.0023953,1.0018333,1.0126394,1.0120718,0.99983713,0.99927656
2010-11-17,1.0132303,1.0126582,1.0015304,1.0009648,1.0126435,1.0120718,0.9989418,0.99837762
2010-11-18,1.0132342,1.0126582,1.0028105,1.0022403,1.0126474,1.0120718,1.000207,0.99963824
2010-11-19,1.0132383,1.0126582,1.0030857,1.0025112,1.0126516,1.0120718,1.0004814,0.99990845
2010-11-22,1.01325,1.0126582,1.000198,0.99961367,1.0126632,1.0120718,0.99750781,0.99692502
2010-11-23,1.0131684,1.0125726,1.000345,0.99975642,1.0124961,1.0119006,0.99761912,0.99703217
2010-11-24,1.0016225,1.0010292,0.99579173,0.99520177,1.0009578,1.0003649,0.99304138,0.99245302
2010-11-26,1.0046361,1.0040323,0.99767224,0.99707243,1.0039694,1.003366,0.99491669,0.99431853
2010-11-29,1.0072112,1.0065926,0.99931749,0.99870358,1.0065427,1.0059246,0.9965574,0.99594517
2010-11-30,1.0089439,1.0083193,1.0029707,1.0023496,1.0081892,1.0075651,1.0000223,0.99940299
2010-12-01,1.0089486,1.0083193,1.0005875,0.99996325,1.0081939,1.0075651,0.99760901,0.99698658
2010-12-02,1.008953,1.0083193,1.001212,1.000583,1.0081983,1.0075651,0.99819993,0.99757276
2010-12-03,1.0089574,1.0083193,0.99905129,0.99841922,1.0082027,1.0075651,0.9960457,0.99541551
2010-12-06,1.008969,1.0083193,0.99445466,0.99381401,1.0082143,1.0075651,0.9914629,0.99082416
2010-12-07,1.0089732,1.0083193,1.0064831,1.0058306,1.0082185,1.0075651,1.0033319,1.0026815
2010-12-08,1.0089771,1.0083193,1.0065875,1.0059311,1.0082223,1.0075651,1.0034077,1.0027534
2010-12-09,1.0089812,1.0083193,1.005793,1.005133,1.0082265,1.0075651,1.0025957,1.0019378
2010-12-10,1.0089851,1.0083193,1.0051934,1.0045299,1.0082303,1.0075651,1.001998,1.0013366
2010-12-13,1.0089959,1.0083193,1.006035,1.0053602,1.0082411,1.0075651,1.002837,1.0021643
2010-12-14,1.009,1.0083193,1.002722,1.0020453,1.0082452,1.0075651,0.99949645,0.99882193
2010-12-15,1.0090042,1.0083193,1.0020028,1.0013225,1.0082494,1.0075651,0.9987708,0.99809266
2010-12-16,1.009008,1.0083193,1.0021378,1.0014535,1.0082533,1.0075651,0.99889868,0.99821662
2010-12-17,1.0090116,1.0083193,1.0020716,1.0013838,1.0082568,1.0075651,0.99876315,0.99807763
2010-12-20,1.0090207,1.0083193,1.0019412,1.0012445,1.008266,1.0075651,0.99861754,0.99792309
2010-12-21,1.0090246,1.0083193,1.0027204,1.0020193,1.0082698,1.0075651,0.99937746,0.99867866
2010-12-22,1.0090285,1.0083193,1.0039448,1.003239,1.0082737,1.0075651,1.0005977,0.99989424
2010-12-23,1.0090324,1.0083193,1.006493,1.0057815,1.0082776,1.0075651,1.0031375,1.0024283
2010-12-27,1.0089714,1.0082429,1.0056835,1.0049572,1.0081402,1.0074123,1.0021919,1.0014681
2010-12-28,1.0011124,1.0003849,1.0078408,1.0071083,1.0002877,0.99956082,1.0043102,1.0035802
2010-12-29,1.0116094,1.0108702,1.01183,1.0110904,1.0107761,1.0100375,1.0082518,1.0075148
2010-12-30,1.0093021,1.008561,1.0097767,1.009035,1.0084707,1.0077302,1.0062058,1.0054667
2010-12-31,1.0131621,1.0124148,1.0137513,1.0130034,1.012251,1.0115044,1.0101663,1.009421
2011-01-03,1.0131721,1.0124148,1.0126066,1.0118495,1.012261,1.0115044,1.0089562,1.0082018
2011-01-04,1.0131762,1.0124148,1.0129042,1.0121428,1.0122652,1.0115044,1.0091747,1.008416
2011-01-05,1.0131801,1.0124148,1.0141238,1.0133575,1.0122691,1.0115044,1.0103569,1.0095934
2011-01-06,1.013184,1.0124148,1.0116169,1.0108487,1.0122729,1.0115044,1.0078459,1.0070804
2011-01-07,1.0131882,1.0124148,1.0069993,1.0062304,1.0122771,1.0115044,1.0032454,1.0024794
2011-01-10,1.0131998,1.0124148,1.0057961,1.0050166,1.0122888,1.0115044,1.0020468,1.0012701
2011-01-11,1.013204,1.0124148,1.0063959,1.0056117,1.0122929,1.0115044,1.0025268,1.0017457
2011-01-12,1.0132081,1.0124148,1.0067691,1.0059805,1.0122971,1.0115044,1.0028668,1.0020812
2011-01-13,1.0132123,1.0124148,1.0078303,1.0070367,1.0123012,1.0115044,1.0038972,1.0031067
2011-01-14,1.0132165,1.0124148,1.0067274,1.0059306,1.0123054,1.0115044,1.0027986,1.0020049
2011-01-18,1.0132331,1.0124148,1.0057069,1.0048943,1.012322,1.0115044,1.00173,1.0009206
2011-01-19,1.0132376,1.0124148,1.0066161,1.0057984,1.0123265,1.0115044,1.0025725,1.0017581
2011-01-20,1.013242,1.0124148,1.0058353,1.0050138,1.0123309,1.0115044,1.001771,1.0009529
2011-01-21,1.0132465,1.0124148,1.0055623,1.0047366,1.0123353,1.0115044,1.0014858,1.0006635
2011-01-24,1.0132598,1.0124148,1.0055621,1.0047233,1.0123487,1.0115044,1.0014857,1.0006502
2011-01-25,1.0132294,1.01238,1.0032793,1.0024379,1.0122835,1.0114349,0.99913263,0.99829474
2011-01-26,1.0105789,1.0097272,1.0039886,1.0031423,1.0096354,1.0087846,0.99981747,0.99897462
2011-01-27,1.012246,1.0113886,1.0052022,1.0043505,1.011301,1.0104444,1.0010032,1.0001549
2011-01-28,1.0141624,1.0132991,1.0072466,1.006389,1.0132156,1.0123532,1.003039,1.0021849
2011-01-31,1.0127186,1.0118441,1.0059402,1.0050712,1.0117384,1.0108647,1.001738,1.0008727
2011-02-01,1.0127228,1.0118441,1.0034202,1.0025493,1.0117425,1.0108647,0.99914734,0.99828016
2011-02-02,1.0127269,1.0118441,1.0028314,1.0019569,1.0117467,1.0108647,0.99853184,0.99766109
2011-02-03,1.0127314,1.0118441,1.0037632,1.0028835,1.0117511,1.0108647,0.99943146,0.99855555
2011-02-04,1.0127353,1.0118441,1.0078684,1.0069813,1.011755,1.0108647,1.0035189,1.0026356
2011-02-07,1.0127477,1.0118441,1.0076666,1.0067673,1.0117675,1.0108647,1.003318,1.0024225
2011-02-08,1.0127522,1.0118441,1.0112148,1.0103079,1.0117719,1.0108647,1.0067439,1.005841
2011-02-09,1.0127563,1.0118441,1.0105273,1.0096169,1.0117761,1.0108647,1.0060284,1.005122
2011-02-10,1.0127602,1.0118441,1.0096549,1.0087413,1.0117799,1.0108647,1.0051331,1.0042236
2011-02-11,1.0127636,1.0118441,1.0112421,1.0103238,1.0117833,1.0108647,1.0067132,1.0057989
2011-02-14,1.0127735,1.0118441,1.0119669,1.011038,1.0117933,1.0108647,1.0073851,1.0064603
2011-02-15,1.0127771,1.0118441,1.012095,1.0111623,1.0117969,1.0108647,1.0074445,1.0065161
2011-02-16,1.0127808,1.0118441,1.0123844,1.0114478,1.0118005,1.0108647,1.0077006,1.0067684
2011-02-17,1.0127841,1.0118441,1.0086854,1.0077489,1.0118038,1.0108647,1.0040053,1.0030732
2011-02-18,1.0127866,1.0118441,1.007955,1.0070167,1.0118063,1.0108647,1.0032783,1.0023444
2011-02-22,1.0127245,1.011771,1.0023709,1.0014268,1.0116711,1.0107186,0.99762199,0.99668236
2011-02-23,1.0106517,1.0096968,1.002992,1.0020441,1.0096005,1.0086466,0.99821129,0.99726783
2011-02-24,1.0129859,1.0120255,1.0035818,1.00263,1.0119322,1.0109728,0.99876654,0.99781928
2011-02-25,1.0142874,1.0133221,1.0041992,1.0032433,1.0132324,1.0122681,0.99938106,0.99842966
2011-02-28,1.0151346,1.0141577,1.0060756,1.0051071,1.0140055,1.0130297,1.0012484,1.0002846
2011-03-01,1.0151388,1.0141577,1.0069133,1.0059399,1.0140097,1.0130297,1.0019824,1.0010137
2011-03-02,1.0151427,1.0141577,1.0061269,1.0051504,1.0140136,1.0130297,1.0011688,1.000197
2011-03-03,1.0151463,1.0141577,1.0086509,1.0076684,1.0140172,1.0130297,1.0036495,1.0026718
2011-03-04,1.0151499,1.0141577,1.0037673,1.0027859,1.0140208,1.0130297,0.99879009,0.99781357
2011-03-07,1.0151599,1.0141577,1.004312,1.0033202,1.0140308,1.0130297,0.99933211,0.99834521
2011-03-08,1.015163,1.0141577,1.0062913,1.0052945,1.0140339,1.0130297,1.0012241,1.0002323
2011-03-09,1.015166,1.0141577,1.0046915,1.0036933,1.0140369,1.0130297,0.99960681,0.99861362
2011-03-10,1.0151688,1.0141577,1.004831,1.0038299,1.0140397,1.0130297,0.99972233,0.99872629
2011-03-11,1.015171,1.0141577,1.0050844,1.0040809,1.0140419,1.0130297,0.99997445,0.99897597
2011-03-14,1.0151777,1.0141577,1.0063631,1.0053517,1.0140486,1.0130297,1.0012466,1.0002403
2011-03-15,1.0151802,1.0141577,1.0069051,1.0058906,1.0140511,1.0130297,1.0017593,1.00075
2011-03-16,1.015183,1.0141577,1.0086296,1.0076106,1.0140539,1.0130297,1.0034662,1.0024524
2011-03-17,1.0151858,1.0141577,1.0082457,1.0072244,1.0140566,1.0130297,1.003076,1.0020599
2011-03-18,1.015188,1.0141577,1.0082479,1.0072244,1.0140589,1.0130297,1.0030782,1.0020599
2011-03-21,1.0151938,1.0141577,1.0082013,1.007172,1.0140647,1.0130297,1.0029796,1.0019557
2011-03-22,1.0151966,1.0141577,1.0086529,1.0076204,1.0140675,1.0130297,1.0034132,1.002386
2011-03-23,1.0151994,1.0141577,1.0088057,1.0077703,1.0140703,1.0130297,1.0035466,1.0025165
2011-03-24,1.0152019,1.0141577,1.0115114,1.0104708,1.0140728,1.0130297,1.0062382,1.005203
2011-03-25,1.0151185,1.0140719,1.0149357,1.013889,1.0139037,1.0128583,1.0096446,1.0086034
2011-03-28,1.0140602,1.0130071,1.016011,1.0149557,1.0128466,1.0117948,1.0106075,1.0095578
2011-03-29,1.011021,1.0099681,1.0165495,1.0154906,1.0098111,1.0087594,1.0111104,1.0100572
2011-03-30,1.0145118,1.0134525,1.0170831,1.0160208,1.0132977,1.0122396,1.011602,1.0105454
2011-03-31,1.0135157,1.0124547,1.0170922,1.0160272,1.0122171,1.0111574,1.0116111,1.0105517
2011-04-01,1.0135182,1.0124547,1.0158806,1.0148143,1.0122196,1.0111574,1.010406,1.0093454
2011-04-04,1.0135241,1.0124547,1.018108,1.0170335,1.0122254,1.0111574,1.0125671,1.0114984
2011-04-05,1.0135257,1.0124547,1.0157275,1.0146539,1.012227,1.0111574,1.0101229,1.0090551
2011-04-06,1.0135277,1.0124547,1.0150938,1.0140189,1.012229,1.0111574,1.0094508,1.0083819
2011-04-07,1.0135293,1.0124547,1.0135716,1.0124967,1.0122306,1.0111574,1.007917,1.006848
2011-04-08,1.0135304,1.0124547,1.0143773,1.0133004,1.0122318,1.0111574,1.0087181,1.0076472
2011-04-11,1.0135338,1.0124547,1.0145169,1.0134365,1.0122351,1.0111574,1.008857,1.0077826
2011-04-12,1.0135352,1.0124547,1.0093069,1.0082307,1.0122365,1.0111574,1.0035569,1.0024868
2011-04-13,1.0135365,1.0124547,1.0085748,1.007498,1.0122379,1.0111574,1.0027866,1.0017159
2011-04-14,1.0135382,1.0124547,1.006973,1.0058962,1.0122395,1.0111574,1.0011539,1.0000833
2011-04-15,1.0135402,1.0124547,1.012293,1.0112086,1.0122415,1.0111574,1.0064431,1.005365
2011-04-18,1.013546,1.0124547,1.0145666,1.013474,1.0122473,1.0111574,1.0086593,1.007573
2011-04-19,1.0135479,1.0124547,1.0153906,1.0142952,1.0122492,1.0111574,1.0094101,1.008321
2011-04-20,1.0135496,1.0124547,1.0146255,1.0135292,1.0122509,1.0111574,1.0086174,1.0075276
2011-04-21,1.0135513,1.0124547,1.0139823,1.012885,1.0122526,1.0111574,1.0079579,1.0068671
2011-04-25,1.0135061,1.0124029,1.0124664,1.0113641,1.0121557,1.011054,1.006451,1.0053552
2011-04-26,1.0155287,1.0144214,1.0110101,1.0099074,1.0141757,1.0130698,1.0049297,1.0038336
2011-04-27,1.0140582,1.0129505,1.0112933,1.0101884,1.0127071,1.0116008,1.0051846,1.0040863
2011-04-28,1.0171844,1.0160716,1.0125078,1.0113999,1.0158291,1.0147178,1.0063581,1.0052569
2011-04-29,1.0182397,1.0171247,1.0135341,1.012424,1.0168311,1.0157176,1.0073782,1.0062747
2011-05-02,1.0182431,1.0171247,1.0140268,1.0129128,1.0168344,1.0157176,1.0078678,1.0067606
2011-05-03,1.0182445,1.0171247,1.0149993,1.0138828,1.0168358,1.0157176,1.0087429,1.0076333
2011-05-04,1.0182453,1.0171247,1.0155525,1.0144346,1.0168367,1.0157176,1.0092492,1.0081382
2011-05-05,1.0182461,1.0171247,1.0151558,1.0140375,1.0168375,1.0157176,1.0088083,1.007697
2011-05-06,1.0182467,1.0171247,1.0140238,1.0129062,1.0168381,1.0157176,1.0076834,1.0065728
2011-05-09,1.0182484,1.0171247,1.0131192,1.0120009,1.0168397,1.0157176,1.0067845,1.0056731
2011-05-10,1.0182492,1.0171247,1.0161277,1.0150052,1.0168406,1.0157176,1.0096419,1.0085266
2011-05-11,1.01825,1.0171247,1.0150809,1.0139588,1.0168414,1.0157176,1.0085484,1.0074335
2011-05-12,1.0182509,1.0171247,1.0154166,1.0142933,1.0168423,1.0157176,1.0088334,1.0077173
2011-05-13,1.0182514,1.0171247,1.0182667,1.0171396,1.0168428,1.0157176,1.0116649,1.0105452
2011-05-16,1.018254,1.0171247,1.020993,1.0198605,1.0168453,1.0157176,1.0143736,1.0132484
2011-05-17,1.0182551,1.0171247,1.0228084,1.0216728,1.0168464,1.0157176,1.0160414,1.0149132
2011-05-18,1.0182562,1.0171247,1.0206323,1.019498,1.0168475,1.0157176,1.0138315,1.0127046
2011-05-19,1.0182576,1.0171247,1.0190056,1.0178716,1.0168489,1.0157176,1.0121626,1.0110362
2011-05-20,1.018259,1.0171247,1.0167166,1.0155838,1.0168503,1.0157176,1.009889,1.0087638
2011-05-23,1.0182632,1.0171247,1.0163165,1.0151799,1.0168545,1.0157176,1.0094916,1.0083626
2011-05-24,1.0181383,1.0169983,1.0154633,1.014326,1.0166035,1.0154652,1.0085142,1.0073847
2011-05-25,1.0190372,1.0178945,1.0149878,1.0138495,1.017501,1.0163601,1.008,1.0068694
2011-05-26,1.0280192,1.0268647,1.0167039,1.015562,1.0264694,1.0253167,1.0096492,1.0085151
2011-05-27,1.029153,1.0279959,1.0171263,1.0159825,1.0276016,1.0264462,1.0100686,1.0089327
2011-05-31,1.0310714,1.0299065,1.01873,1.0175788,1.0293894,1.0282264,1.0116416,1.0104984
2011-06-01,1.0310731,1.0299065,1.0231044,1.0219466,1.0293911,1.0282264,1.0158893,1.0147396
2011-06-02,1.0310745,1.0299065,1.0224587,1.0213002,1.0293925,1.0282264,1.0151991,1.0140488
2011-06-03,1.0310756,1.0299065,1.0212177,1.0200595,1.0293936,1.0282264,1.0139392,1.0127892
2011-06-06,1.031079,1.0299065,1.0222024,1.0210397,1.029397,1.0282264,1.0149169,1.0137625
2011-06-07,1.0310804,1.0299065,1.0221893,1.0210252,1.0293984,1.0282264,1.0148056,1.0136499
2011-06-08,1.0310818,1.0299065,1.0192671,1.018105,1.0293998,1.0282264,1.0118419,1.0106882
2011-06-09,1.0310829,1.0299065,1.0165545,1.0153943,1.0294009,1.0282264,1.0090968,1.0079452
2011-06-10,1.0310844,1.0299065,1.0195229,1.018358,1.0294023,1.0282264,1.0120435,1.0108871
2011-06-13,1.0310886,1.0299065,1.0184327,1.0172648,1.0294066,1.0282264,1.0109613,1.009802
2011-06-14,1.03109,1.0299065,1.0107233,1.0095628,1.029408,1.0282264,1.00323,1.0020781
2011-06-15,1.0310914,1.0299065,1.0180528,1.0168826,1.0294094,1.0282264,1.0104743,1.0093127
2011-06-16,1.0310928,1.0299065,1.0194604,1.0182872,1.0294108,1.0282264,1.0118462,1.0106817
2011-06-17,1.0310942,1.0299065,1.0194618,1.0182872,1.0294122,1.0282264,1.0118476,1.0106817
2011-06-20,1.0310976,1.0299065,1.0194257,1.0182477,1.0294156,1.0282264,1.0117725,1.0106033
2011-06-21,1.0310985,1.0299065,1.019414,1.0182352,1.0294164,1.0282264,1.0117485,1.0105785
2011-06-22,1.0310993,1.0299065,1.0192856,1.0181062,1.0294173,1.0282264,1.0115917,1.0104211
2011-06-23,1.0310999,1.0299065,1.0152489,1.0140735,1.0294178,1.0282264,1.0075854,1.0064189
2011-06-24,1.0309648,1.0297712,1.012918,1.0117451,1.0291478,1.0279563,1.0052721,1.004108
2011-06-27,1.025926,1.0247366,1.0155598,1.0143821,1.0241179,1.0229306,1.0077708,1.0066022
2011-06-28,1.0094461,1.0082752,1.0177675,1.0165868,1.007667,1.0064982,1.0099285,1.0087568
2011-06-29,1.0021615,1.0009983,1.0196131,1.0184294,1.0003953,0.99923408,1.0117047,1.0105301
2011-06-30,0.99433106,0.99317636,1.0166329,1.0154521,0.99244727,0.99129474,1.0087476,1.0075759
2011-07-01,0.99433188,0.99317636,1.0137808,1.0126025,0.99244808,0.99129474,1.0059176,1.0047484
2011-07-05,0.99433406,0.99317636,1.019889,1.0187014,0.99245026,0.99129474,1.0118083,1.01063
2011-07-06,0.99433461,0.99317636,1.0211987,1.0200089,0.9924508,0.99129474,1.0130608,1.0118805
2011-07-07,0.99433488,0.99317636,1.0236272,1.0224343,0.99245107,0.99129474,1.0154222,1.0142388
2011-07-08,0.9943357,0.99317636,1.0132222,1.0120406,0.99245189,0.99129474,1.0051006,1.0039284
2011-07-11,0.99433815,0.99317636,1.0077106,1.0065329,0.99245434,0.99129474,0.99963313,0.99846488
2011-07-12,0.99433896,0.99317636,1.0073649,1.0061869,0.99245515,0.99129474,0.99912467,0.99795619
2011-07-13,0.99433978,0.99317636,1.0069776,1.0057992,0.99245597,0.99129474,0.99869123,0.99752244
2011-07-14,0.99434005,0.99317636,1.0073482,1.006169,0.99245624,0.99129474,0.99901557,0.99784612
2011-07-15,0.99434033,0.99317636,1.008721,1.0075399,0.99245651,0.99129474,1.000377,0.99920569
2011-07-18,0.99434196,0.99317636,1.0079094,1.0067276,0.99245814,0.99129474,0.99957209,0.99840008
2011-07-19,0.99434251,0.99317636,1.0096674,1.008483,0.99245869,0.99129474,1.00115,0.99997558
2011-07-20,0.99434332,0.99317636,1.0072422,1.0060599,0.9924595,0.99129474,0.99870178,0.99752943
2011-07-21,0.99434387,0.99317636,1.0084947,1.0073104,0.99246005,0.99129474,0.99989923,0.99872491
2011-07-22,0.99434523,0.99317636,1.0061466,1.0049636,0.99246141,0.99129474,0.99757114,0.9963982
2011-07-25,0.99424592,0.99307308,1.008064,1.0068746,0.99225908,0.99108857,0.99947219,0.99829291
2011-07-26,0.99901345,0.99783362,1.0047183,1.0035315,0.99701708,0.9958396,0.99598327,0.99480675
2011-07-27,0.99551569,0.99433809,1.0047342,1.0035455,0.99352632,0.99235105,0.99595991,0.9947815
2011-07-28,0.99863819,0.99745472,1.0060122,1.0048198,0.99664258,0.99546145,0.99718112,0.99599909
2011-07-29,1.0125297,1.0113278,1.0144804,1.013276,1.0104027,1.0092033,1.0055749,1.004381
2011-08-01,1.012538,1.0113278,1.016635,1.0154197,1.010411,1.0092033,1.0077106,1.0065059
2011-08-02,1.0125408,1.0113278,1.0217372,1.020513,1.0104137,1.0092033,1.0126393,1.0114259
2011-08-03,1.0125424,1.0113278,1.0218197,1.0205938,1.0104154,1.0092033,1.0126905,1.0114755
2011-08-04,1.012543,1.0113278,1.0222514,1.0210244,1.010416,1.0092033,1.0130867,1.0118706
2011-08-05,1.0125436,1.0113278,1.0247214,1.0234908,1.0104165,1.0092033,1.0155345,1.0143149
2011-08-08,1.0125444,1.0113278,1.0202294,1.0190034,1.0104173,1.0092033,1.0110829,1.0098678
2011-08-09,1.0125458,1.0113278,1.0160502,1.0148278,1.0104187,1.0092033,1.0068155,1.0056042
2011-08-10,1.0125466,1.0113278,1.0148816,1.0136598,1.0104196,1.0092033,1.0056282,1.0044175
2011-08-11,1.0125472,1.0113278,1.0161177,1.0148938,1.0104201,1.0092033,1.0068296,1.0056169
2011-08-12,1.012548,1.0113278,1.0195352,1.0183064,1.0104209,1.0092033,1.0102159,1.0089983
2011-08-15,1.0125497,1.0113278,1.0175647,1.0163366,1.0104226,1.0092033,1.0082634,1.0070465
2011-08-16,1.0125502,1.0113278,1.0206585,1.0194261,1.0104232,1.0092033,1.011169,1.009948
2011-08-17,1.012551,1.0113278,1.0232175,1.0219812,1.010424,1.0092033,1.0136696,1.0124448
2011-08-18,1.0125513,1.0113278,1.0257658,1.0245261,1.0104243,1.0092033,1.016162,1.0149338
2011-08-19,1.0125516,1.0113278,1.0258686,1.0246285,1.0104245,1.0092033,1.0162639,1.0150353
2011-08-22,1.0125533,1.0113278,1.0266253,1.0253826,1.0104262,1.0092033,1.0170134,1.0157823
2011-08-23,1.0125535,1.0113278,1.027753,1.0265087,1.0104265,1.0092033,1.0179747,1.0167421
2011-08-24,1.0125538,1.0113278,1.0296609,1.028414,1.0104267,1.0092033,1.0198324,1.0185974
2011-08-25,1.0124776,1.0112512,1.0306599,1.0294112,1.0102741,1.0090504,1.0207877,1.0195509
2011-08-26,1.0151989,1.0139689,1.0322641,1.0310132,1.0129895,1.0117622,1.0223766,1.0211376
2011-08-29,1.0098795,1.0086551,1.029844,1.0285952,1.0076817,1.0064599,1.0199797,1.0187427
2011-08-30,1.0157153,1.0144832,1.0323924,1.0311399,1.0135047,1.0122754,1.0224246,1.0211841
2011-08-31,1.0122264,1.0109983,1.0311715,1.0299202,1.0099466,1.0087213,1.0211994,1.0199601
2011-09-01,1.0122269,1.0109983,1.0322569,1.0310037,1.0099472,1.0087213,1.0222571,1.0210161
2011-09-02,1.0122275,1.0109983,1.0321792,1.0309255,1.0099478,1.0087213,1.0221027,1.0208613
2011-09-06,1.0122297,1.0109983,1.0317481,1.0304927,1.00995,1.0087213,1.0216587,1.0204156
2011-09-07,1.0122303,1.0109983,1.0325509,1.0312939,1.0099505,1.0087213,1.0224435,1.0211988
2011-09-08,1.0122308,1.0109983,1.03088,1.0296245,1.0099511,1.0087213,1.0207889,1.0195457
2011-09-09,1.0122314,1.0109983,1.0281197,1.0268671,1.0099516,1.0087213,1.0180557,1.0168153
2011-09-12,1.0122322,1.0109983,1.02988,1.0286243,1.0099525,1.0087213,1.0196336,1.0183904
2011-09-13,1.0122325,1.0109983,1.031895,1.0306366,1.0099527,1.0087213,1.0215935,1.0203477
2011-09-14,1.0122328,1.0109983,1.0320636,1.0308047,1.009953,1.0087213,1.0217452,1.0204989
2011-09-15,1.0122331,1.0109983,1.0305803,1.029323,1.0099533,1.0087213,1.0202767,1.0190319
2011-09-16,1.0122333,1.0109983,1.0314501,1.0301914,1.0099536,1.0087213,1.0211379,1.0198917
2011-09-19,1.0122342,1.0109983,1.0355909,1.0343263,1.0099544,1.0087213,1.025149,1.0238971
2011-09-20,1.0122344,1.0109983,1.0352401,1.0339757,1.0099547,1.0087213,1.0247395,1.0234878
2011-09-21,1.0122347,1.0109983,1.0375177,1.0362501,1.0099549,1.0087213,1.0269712,1.0257165
2011-09-22,1.012235,1.0109983,1.0362977,1.0350314,1.0099552,1.0087213,1.0257465,1.024493
2011-09-23,1.012235,1.0109983,1.0394058,1.0381357,1.0099552,1.0087213,1.0288229,1.0275657
2011-09-26,1.0121582,1.0109208,1.0419256,1.0406515,1.0098012,1.0085666,1.031317,1.0300559
2011-09-27,1.0052793,1.0040497,1.0445735,1.0432957,1.0029383,1.0017115,1.0337981,1.0325333
2011-09-28,1.0062361,1.0050051,1.0433497,1.0420731,1.0038929,1.0026647,1.0325514,1.0312879
2011-09-29,1.0089724,1.0077375,1.0427244,1.041448,1.0066228,1.0053907,1.0318979,1.0306347
2011-09-30,1.0098557,1.0086191,1.0428561,1.041579,1.0074268,1.0061933,1.0320283,1.0307644
2011-10-03,1.0098573,1.0086191,1.0471034,1.0458193,1.0074285,1.0061933,1.0362315,1.0349607
2011-10-04,1.0098579,1.0086191,1.0462393,1.0449557,1.007429,1.0061933,1.0352622,1.033992
2011-10-05,1.0098582,1.0086191,1.0451569,1.0438743,1.0074293,1.0061933,1.0341648,1.0328956
2011-10-06,1.0098582,1.0086191,1.0460833,1.0447996,1.0074293,1.0061933,1.0350641,1.0337939
2011-10-07,1.0098584,1.0086191,1.0482738,1.0469871,1.0074296,1.0061933,1.0372316,1.0359584
2011-10-11,1.0098595,1.0086191,1.050752,1.0494612,1.0074307,1.0061933,1.039574,1.0382968
2011-10-12,1.0098601,1.0086191,1.0538031,1.0525079,1.0074312,1.0061933,1.0425568,1.0412754
2011-10-13,1.0098607,1.0086191,1.0544234,1.0531268,1.0074318,1.0061933,1.0431532,1.0418705
2011-10-14,1.0098612,1.0086191,1.054078,1.0527813,1.0074324,1.0061933,1.0428115,1.0415286
2011-10-17,1.0098629,1.0086191,1.0556806,1.0543802,1.007434,1.0061933,1.0443969,1.0431104
2011-10-18,1.009864,1.0086191,1.0556934,1.0543918,1.0074351,1.0061933,1.0441878,1.0429004
2011-10-19,1.0098651,1.0086191,1.0552998,1.0539976,1.0074362,1.0061933,1.0437703,1.0424822
2011-10-20,1.0098659,1.0086191,1.0549788,1.0536761,1.007437,1.0061933,1.0434386,1.0421501
2011-10-21,1.0098667,1.0086191,1.0551396,1.0538358,1.0074379,1.0061933,1.0435976,1.0423081
2011-10-24,1.0098684,1.0086191,1.056067,1.0547604,1.0074395,1.0061933,1.0445149,1.0432225
2011-10-25,1.0097924,1.0085427,1.0529968,1.0516934,1.0072874,1.0060407,1.0412555,1.0399666
2011-10-26,1.0050435,1.0037994,1.0523847,1.0510818,1.0025503,1.0013092,1.0406288,1.0393403
2011-10-27,0.99410479,0.99287366,1.0506237,1.0493224,0.99163867,0.99041058,1.0388765,1.0375897
2011-10-28,1.0007845,0.99954453,1.0533346,1.0520293,0.99830179,0.9970649,1.041557,1.0402663
2011-10-31,1.0090472,1.0077962,1.0569497,1.0556391,1.0064684,1.0052206,1.0451317,1.0438357
2011-11-01,1.0090475,1.0077962,1.0596887,1.0583744,1.0064687,1.0052206,1.0476577,1.0463583
2011-11-02,1.0090478,1.0077962,1.0594393,1.058125,1.0064689,1.0052206,1.0473828,1.0460834
2011-11-03,1.0090481,1.0077962,1.0600477,1.0587324,1.0064692,1.0052206,1.0479718,1.0466714
2011-11-04,1.0090483,1.0077962,1.0590575,1.0577431,1.0064695,1.0052206,1.0469929,1.0456934
2011-11-07,1.0090492,1.0077962,1.0580274,1.0567135,1.0064703,1.0052206,1.0459746,1.0446755
2011-11-08,1.0090495,1.0077962,1.0599004,1.0585838,1.0064706,1.0052206,1.0476427,1.0463413
2011-11-09,1.0090497,1.0077962,1.0577636,1.0564494,1.0064709,1.0052206,1.0454956,1.0441965
2011-11-10,1.00905,1.0077962,1.0577068,1.0563924,1.0064711,1.0052206,1.0454256,1.0441263
2011-11-14,1.0090511,1.0077962,1.0583906,1.0570741,1.0064723,1.0052206,1.0461013,1.0448001
2011-11-15,1.0090514,1.0077962,1.0574813,1.0561657,1.0064725,1.0052206,1.0452026,1.0439023
2011-11-16,1.0090517,1.0077962,1.0575128,1.0561969,1.0064728,1.0052206,1.045103,1.0438025
2011-11-17,1.0090519,1.0077962,1.0582406,1.0569235,1.0064731,1.0052206,1.0458048,1.0445031
2011-11-18,1.0090525,1.0077962,1.0591932,1.0578743,1.0064736,1.0052206,1.0467392,1.0454358
2011-11-21,1.0090533,1.0077962,1.0584494,1.0571306,1.0064745,1.0052206,1.0458898,1.0445866
2011-11-22,1.0090539,1.0077962,1.0589792,1.0576592,1.006475,1.0052206,1.0464133,1.0451088
2011-11-23,1.0089735,1.0077154,1.0580159,1.0566964,1.0063141,1.0050593,1.0454245,1.0441207
2011-11-25,1.0038099,1.0025572,1.0564168,1.0550982,1.0011642,0.9999147,1.0438444,1.0425415
2011-11-28,1.0039543,1.0026997,1.0576796,1.0563577,1.0013082,1.0000569,1.0450922,1.043786
2011-11-29,1.0013856,1.0001334,1.056765,1.0554434,0.99874627,0.99749735,1.0440743,1.0427685
2011-11-30,0.99774627,0.99649807,1.05594,1.0546188,0.9950364,0.99379157,1.0432592,1.0419539
2011-12-01,0.99774655,0.99649807,1.0554927,1.0541718,0.99503667,0.99379157,1.0427989,1.0414938
2011-12-02,0.99774682,0.99649807,1.055493,1.0541718,0.99503694,0.99379157,1.0427992,1.0414938
2011-12-05,0.99774846,0.99649807,1.0553683,1.0540455,0.99503858,0.99379157,1.042551,1.0412442
2011-12-06,0.99774873,0.99649807,1.05492,1.0535975,0.99503885,0.99379157,1.0421082,1.0408017
2011-12-07,0.99774901,0.99649807,1.0535753,1.0522541,0.99503912,0.99379157,1.0407798,1.0394746
2011-12-08,0.99774955,0.99649807,1.0526803,1.0513597,0.99503967,0.99379157,1.0398957,1.0385911
2011-12-09,0.99774983,0.99649807,1.0529043,1.0515831,0.99503994,0.99379157,1.0401169,1.0388118
2011-12-12,0.99775065,0.99649807,1.0523361,1.0510148,0.99504076,0.99379157,1.0394356,1.0381304
2011-12-13,0.99775092,0.99649807,1.0523606,1.0510389,0.99504103,0.99379157,1.0394592,1.0381538
2011-12-14,0.99775119,0.99649807,1.0523872,1.0510652,0.9950413,0.99379157,1.0394855,1.0381797
2011-12-15,0.99775147,0.99649807,1.0523801,1.0510578,0.99504158,0.99379157,1.0394785,1.0381724
2011-12-16,0.99775147,0.99649807,1.0523348,1.0510127,0.99504158,0.99379157,1.0394338,1.0381278
2011-12-19,0.99775147,0.99649807,1.0522009,1.0508789,0.99504158,0.99379157,1.0391733,1.0378676
2011-12-20,0.99775174,0.99649807,1.0511167,1.0497958,0.99504185,0.99379157,1.0381015,1.0367969
2011-12-21,0.99775201,0.99649807,1.0499928,1.048673,0.99504212,0.99379157,1.0369915,1.035688
2011-12-22,0.99775229,0.99649807,1.0493262,1.0480069,0.99504239,0.99379157,1.0363331,1.0350302
2011-12-23,0.99766463,0.99641025,1.048182,1.0468639,0.99486729,0.99361642,1.0352031,1.0339013
2011-12-27,0.99860104,0.99734439,1.0480675,1.0467484,0.99580107,0.99454793,1.0349669,1.0336642
2011-12-28,1.0060911,1.0048245,1.0480995,1.0467798,1.0032701,1.002007,1.034998,1.0336947
2011-12-29,1.0075062,1.0062375,1.0480998,1.0467798,1.0046812,1.0034161,1.0349982,1.0336947
2011-12-30,1.0102516,1.0089789,1.0481004,1.0467798,1.0073304,1.0060614,1.0349988,1.0336947
2012-01-03,1.0102538,1.0089789,1.047977,1.0466543,1.0073326,1.0060614,1.034753,1.0334469
2012-01-04,1.0102543,1.0089789,1.0479776,1.0466543,1.0073331,1.0060614,1.0347535,1.0334469
2012-01-05,1.0102549,1.0089789,1.0477555,1.0464319,1.0073337,1.0060614,1.0345342,1.0332273
2012-01-06,1.0102554,1.0089789,1.0475334,1.0462095,1.0073343,1.0060614,1.034315,1.0330077
2012-01-09,1.0102571,1.0089789,1.0468673,1.0455426,1.0073359,1.0060614,1.0336573,1.0323492
2012-01-10,1.0102574,1.0089789,1.0466167,1.045292,1.0073362,1.0060614,1.033162,1.0318543
2012-01-11,1.0102579,1.0089789,1.0477293,1.0464026,1.0073367,1.0060614,1.0342603,1.0329506
2012-01-12,1.0102585,1.0089789,1.0479525,1.0466249,1.0073373,1.0060614,1.0344807,1.0331701
2012-01-13,1.0102593,1.0089789,1.0483987,1.0470698,1.0073381,1.0060614,1.0349212,1.0336092
2012-01-17,1.0102626,1.0089789,1.048625,1.0472923,1.0073414,1.0060614,1.0351445,1.0338289
2012-01-18,1.0102635,1.0089789,1.0478173,1.0464847,1.0073423,1.0060614,1.0342089,1.0328936
2012-01-19,1.0102643,1.0089789,1.0484259,1.0470917,1.0073431,1.0060614,1.0347987,1.0334818
2012-01-20,1.0102657,1.0089789,1.0494823,1.0481454,1.0073445,1.0060614,1.0358414,1.0345217
2012-01-23,1.0102698,1.0089789,1.0500475,1.0487055,1.0073486,1.0060614,1.0363992,1.0350746
2012-01-24,1.0102709,1.0089789,1.0496454,1.0483028,1.0073497,1.0060614,1.0358992,1.0345741
2012-01-25,1.010175,1.008882,1.0485993,1.0472568,1.0071573,1.0058681,1.0348382,1.0335134
2012-01-26,1.0175741,1.0162704,1.0489764,1.0476323,1.0145342,1.0132345,1.0351885,1.0338621
2012-01-27,1.020695,1.0193859,1.0496547,1.0483083,1.0176458,1.0163407,1.0358579,1.0345292
2012-01-30,1.0241767,1.0228582,1.0502831,1.0489308,1.0211172,1.0198026,1.0364781,1.0351435
2012-01-31,1.0265218,1.0251989,1.0500245,1.0486711,1.0233571,1.0220383,1.0360165,1.034681
2012-02-01,1.0265235,1.0251989,1.0497006,1.0483459,1.0233588,1.0220383,1.0356589,1.0343222
2012-02-02,1.0265251,1.0251989,1.0494035,1.0480474,1.0233605,1.0220383,1.0353428,1.0340048
2012-02-03,1.0265274,1.0251989,1.0551595,1.0537937,1.0233628,1.0220383,1.0410216,1.039674
2012-02-06,1.0265341,1.0251989,1.0524873,1.051118,1.0233695,1.0220383,1.0383852,1.0370342
2012-02-07,1.0265364,1.0251989,1.0555622,1.0541866,1.0233717,1.0220383,1.0412103,1.0398534
2012-02-08,1.0265386,1.0251989,1.0555442,1.0541663,1.023374,1.0220383,1.0411448,1.0397857
2012-02-09,1.0265412,1.0251989,1.0548296,1.05345,1.0233765,1.0220383,1.0404157,1.0390549
2012-02-10,1.0265437,1.0251989,1.0578879,1.0565017,1.023379,1.0220383,1.0434322,1.042065
2012-02-13,1.0265513,1.0251989,1.0556543,1.0542632,1.0233866,1.0220383,1.0412292,1.0398571
2012-02-14,1.0265544,1.0251989,1.057897,1.0564998,1.0233897,1.0220383,1.0433025,1.0419245
2012-02-15,1.0265578,1.0251989,1.0568864,1.0554871,1.023393,1.0220383,1.0422562,1.0408762
2012-02-16,1.0265609,1.0251989,1.0603007,1.0588936,1.0233961,1.0220383,1.0456111,1.0442235
2012-02-17,1.0265637,1.0251989,1.0606432,1.0592328,1.0233989,1.0220383,1.0459488,1.044558
2012-02-21,1.0265738,1.0251989,1.0627355,1.0613119,1.023409,1.0220383,1.0479356,1.0465318
2012-02-22,1.0265761,1.0251989,1.060426,1.0590032,1.0234113,1.0220383,1.0455926,1.0441896
2012-02-23,1.0264619,1.0250823,1.0595329,1.0581087,1.0231811,1.0218059,1.0446604,1.043256
2012-02-24,1.0264644,1.0250823,1.0587583,1.0573325,1.0231836,1.0218059,1.0438966,1.0424907
2012-02-27,1.0320591,1.030661,1.0623717,1.0609324,1.0287604,1.0273668,1.0474593,1.0460401
2012-02-28,1.0326865,1.0312842,1.062993,1.0615493,1.0293858,1.027988,1.0479953,1.0465719
2012-02-29,1.0267437,1.0253467,1.060196,1.0587532,1.023345,1.0219526,1.0452053,1.0437828
2012-03-01,1.026746,1.0253467,1.0589198,1.0574764,1.0233473,1.0219526,1.0439214,1.0424984
2012-03-02,1.0267482,1.0253467,1.0589221,1.0574764,1.0233495,1.0219526,1.0439236,1.0424984
2012-03-05,1.0267541,1.0253467,1.0588013,1.0573497,1.0233554,1.0219526,1.0436794,1.0422485
2012-03-06,1.0267564,1.0253467,1.0572287,1.0557769,1.0233576,1.0219526,1.0421292,1.0406981
2012-03-07,1.0267586,1.0253467,1.0590283,1.0575717,1.0233599,1.0219526,1.0439031,1.0424673
2012-03-08,1.0267609,1.0253467,1.0594807,1.0580211,1.0233621,1.0219526,1.0443491,1.0429104
2012-03-09,1.0267631,1.0253467,1.0603836,1.0589205,1.0233644,1.0219526,1.0452391,1.0437968
2012-03-12,1.0267707,1.0253467,1.0601643,1.0586937,1.0233719,1.0219526,1.0447991,1.0433498
2012-03-13,1.0267733,1.0253467,1.0594299,1.0579577,1.0233745,1.0219526,1.0440478,1.0425969
2012-03-14,1.0267755,1.0253467,1.0520866,1.0506222,1.0233767,1.0219526,1.0367971,1.035354
2012-03-15,1.0267781,1.0253467,1.0534355,1.0519667,1.0233792,1.0219526,1.0381265,1.036679
2012-03-16,1.0267803,1.0253467,1.0530494,1.0515788,1.0233815,1.0219526,1.0377459,1.0362967
2012-03-19,1.0267879,1.0253467,1.0484594,1.0469874,1.023389,1.0219526,1.0331248,1.0316743
2012-03-20,1.0267907,1.0253467,1.048687,1.0472119,1.0233918,1.0219526,1.0332025,1.0317491
2012-03-21,1.0267935,1.0253467,1.048768,1.0472899,1.0233947,1.0219526,1.033264,1.0318077
2012-03-22,1.0267961,1.0253467,1.0484379,1.0469577,1.0233972,1.0219526,1.0329388,1.0314804
2012-03-23,1.0267983,1.0253467,1.0474491,1.045968,1.0233994,1.0219526,1.0319646,1.0305053
2012-03-26,1.0266992,1.025241,1.0467539,1.0452668,1.0231951,1.0217418,1.0312797,1.0298146
2012-03-27,1.0330833,1.0316135,1.0447353,1.0432486,1.0295574,1.0280926,1.0290528,1.0275883
2012-03-28,1.032897,1.0314249,1.044758,1.0432687,1.0293718,1.0279047,1.0290661,1.0275991
2012-03-29,1.0368649,1.0353846,1.0451728,1.0436803,1.0333261,1.0318508,1.0294746,1.0280045
2012-03-30,1.0316421,1.0301672,1.0446293,1.0431356,1.0280146,1.0265449,1.0289394,1.027468
2012-04-02,1.031648,1.0301672,1.045387,1.0438862,1.0280205,1.0265449,1.0296856,1.0282073
2012-04-03,1.0316503,1.0301672,1.0423825,1.0408838,1.0280227,1.0265449,1.0264886,1.0250126
2012-04-04,1.0316525,1.0301672,1.0417897,1.0402895,1.028025,1.0265449,1.0258921,1.0244147
2012-04-05,1.0316548,1.0301672,1.041022,1.0395206,1.0280273,1.0265449,1.0251361,1.0236576
2012-04-06,1.0316571,1.0301672,1.0383095,1.0368098,1.0280295,1.0265449,1.022465,1.0209881
2012-04-09,1.031663,1.0301672,1.0380153,1.0365101,1.0280354,1.0265449,1.0221753,1.020693
2012-04-10,1.0316655,1.0301672,1.0354436,1.0339395,1.028038,1.0265449,1.0194077,1.0179269
2012-04-11,1.0316681,1.0301672,1.035466,1.0339593,1.0280405,1.0265449,1.0194128,1.0179294
2012-04-12,1.0316706,1.0301672,1.0356951,1.0341855,1.028043,1.0265449,1.0196383,1.018152
2012-04-13,1.0316732,1.0301672,1.0367334,1.0352197,1.0280456,1.0265449,1.0206604,1.0191702
2012-04-16,1.0316808,1.0301672,1.0371136,1.0355917,1.0280532,1.0265449,1.0210348,1.0195365
2012-04-17,1.0316831,1.0301672,1.0363921,1.034869,1.0280554,1.0265449,1.0200905,1.0185914
2012-04-18,1.0316853,1.0301672,1.0361049,1.0345799,1.0280577,1.0265449,1.0197938,1.0182928
2012-04-19,1.0316873,1.0301672,1.0360421,1.0345153,1.0280596,1.0265449,1.019732,1.0182292
2012-04-20,1.0316893,1.0301672,1.0360764,1.0345476,1.0280616,1.0265449,1.0197658,1.018261
2012-04-23,1.0316961,1.0301672,1.0350877,1.0335535,1.0280684,1.0265449,1.0187926,1.0172825
2012-04-24,1.0316456,1.0301146,1.0354193,1.0338824,1.0279655,1.02644,1.0189179,1.0174054
2012-04-25,1.0310872,1.0295545,1.0353661,1.0338267,1.0274091,1.0258818,1.0188346,1.0173197
2012-04-26,1.0324914,1.030954,1.0364366,1.0348931,1.0288083,1.0272764,1.0198692,1.0183502
2012-04-27,1.0338974,1.0323555,1.0371339,1.0355868,1.0302094,1.0286729,1.0205553,1.0190328
2012-04-30,1.0346018,1.0330511,1.0377347,1.036179,1.0308586,1.0293135,1.0211465,1.0196156
2012-05-01,1.0346047,1.0330511,1.0359896,1.0344336,1.0308614,1.0293135,1.0192601,1.0177292
2012-05-02,1.0346072,1.0330511,1.0367957,1.0352361,1.0308639,1.0293135,1.020003,1.0184685
2012-05-03,1.0346095,1.0330511,1.036611,1.0350494,1.0308662,1.0293135,1.0197871,1.0182507
2012-05-04,1.034612,1.0330511,1.033933,1.0323728,1.0308687,1.0293135,1.0171525,1.0156176
2012-05-07,1.034618,1.0330511,1.0339745,1.0324083,1.0308747,1.0293135,1.0171933,1.0156525
2012-05-08,1.0346208,1.0330511,1.0317466,1.0301809,1.0308775,1.0293135,1.014816,1.013276
2012-05-09,1.0346234,1.0330511,1.0320337,1.0304651,1.03088,1.0293135,1.0150502,1.0135073
2012-05-10,1.0346259,1.0330511,1.0317361,1.0301654,1.0308826,1.0293135,1.0147271,1.0131822
2012-05-11,1.0346287,1.0330511,1.0337266,1.0321501,1.0308854,1.0293135,1.0166848,1.0151342
2012-05-14,1.0346372,1.0330511,1.0361692,1.0345805,1.0308939,1.0293135,1.0190871,1.0175245
2012-05-15,1.0346401,1.0330511,1.035752,1.034161,1.0308967,1.0293135,1.0184738,1.0169093
2012-05-16,1.0346426,1.0330511,1.0367946,1.0351995,1.0308992,1.0293135,1.0194603,1.0178918
2012-05-17,1.0346455,1.0330511,1.0401285,1.0385254,1.0309021,1.0293135,1.0227133,1.021137
2012-05-18,1.0346483,1.0330511,1.0399412,1.0383356,1.0309049,1.0293135,1.0225292,1.0209504
2012-05-21,1.0346551,1.0330511,1.0402218,1.0386089,1.0309117,1.0293135,1.0228051,1.0212192
2012-05-22,1.0346577,1.0330511,1.0410241,1.0394074,1.0309142,1.0293135,1.0233903,1.0218009
2012-05-23,1.0346602,1.0330511,1.0404871,1.0388687,1.0309167,1.0293135,1.0228332,1.0212422
2012-05-24,1.0345442,1.0329328,1.0399932,1.038373,1.0306831,1.0290776,1.0223278,1.0207351
2012-05-25,1.037489,1.0358702,1.040915,1.0392905,1.0336169,1.0320041,1.023234,1.021637
2012-05-29,1.0383422,1.0367118,1.040926,1.0392913,1.0344669,1.0328426,1.0232448,1.0216378
2012-05-30,1.049945,1.0482939,1.0441144,1.0424721,1.0460264,1.0443814,1.0262772,1.0246629
2012-05-31,1.0530258,1.0513678,1.04456,1.042915,1.0489758,1.0473242,1.0267006,1.0250836
2012-06-01,1.0530278,1.0513678,1.0454675,1.043819,1.0489779,1.0473242,1.0275826,1.0259623
2012-06-04,1.0530339,1.0513678,1.0454735,1.043819,1.0489839,1.0473242,1.0275885,1.0259623
2012-06-05,1.0530362,1.0513678,1.0453505,1.0436939,1.0489862,1.0473242,1.0273444,1.0257163
2012-06-06,1.0530385,1.0513678,1.0464635,1.0448029,1.0489885,1.0473242,1.0284382,1.0268062
2012-06-07,1.0530411,1.0513678,1.0466885,1.0450249,1.0489911,1.0473242,1.0286593,1.0270244
2012-06-08,1.0530437,1.0513678,1.0469135,1.045247,1.0489937,1.0473242,1.0288805,1.0272426
2012-06-11,1.0530515,1.0513678,1.0471437,1.0454691,1.0490014,1.0473242,1.0291067,1.0274609
2012-06-12,1.0530541,1.0513678,1.0480078,1.0463293,1.049004,1.0473242,1.0297093,1.02806
2012-06-13,1.053057,1.0513678,1.047788,1.0461069,1.0490069,1.0473242,1.0294933,1.0278415
2012-06-14,1.0530599,1.0513678,1.0477909,1.0461069,1.0490098,1.0473242,1.0294961,1.0278415
2012-06-15,1.053063,1.0513678,1.048462,1.0467738,1.0490129,1.0473242,1.0301555,1.0284968
2012-06-18,1.0530708,1.0513678,1.0480242,1.046329,1.0490207,1.0473242,1.0297253,1.0280597
2012-06-19,1.0530737,1.0513678,1.0477758,1.0460781,1.0490236,1.0473242,1.0292345,1.0275668
2012-06-20,1.0530763,1.0513678,1.0488917,1.0471896,1.0490261,1.0473242,1.0303306,1.0286586
2012-06-21,1.0530789,1.0513678,1.0488943,1.0471896,1.0490287,1.0473242,1.0303332,1.0286586
2012-06-22,1.0530815,1.0513678,1.0491197,1.0474121,1.0490313,1.0473242,1.0305546,1.0288772
2012-06-25,1.0529603,1.051239,1.0486816,1.046967,1.0487821,1.0470676,1.0301243,1.0284399
2012-06-26,1.0511337,1.0494125,1.0488788,1.047161,1.0469627,1.0452483,1.0300711,1.028384
2012-06-27,1.0527346,1.0510079,1.0491046,1.0473835,1.0485573,1.0468374,1.0302928,1.0286025
2012-06-28,1.0582246,1.0564863,1.0491072,1.0473835,1.0540255,1.0522941,1.0302953,1.0286025
2012-06-29,1.0500534,1.0483259,1.0486639,1.0469384,1.0457576,1.0440372,1.02986,1.0281654
2012-07-02,1.0500612,1.0483259,1.0497858,1.0480507,1.0457653,1.0440372,1.0309618,1.0292578
2012-07-03,1.050064,1.0483259,1.0487382,1.047002,1.0457682,1.0440372,1.0297776,1.0280727
2012-07-05,1.0500692,1.0483259,1.0475824,1.0458429,1.0457734,1.0440372,1.028629,1.0269209
2012-07-06,1.0500715,1.0483259,1.0447071,1.0429701,1.0457756,1.0440372,1.0258057,1.0241001
2012-07-09,1.0500784,1.0483259,1.0429575,1.0412166,1.0457825,1.0440372,1.0240878,1.0223783
2012-07-10,1.050081,1.0483259,1.0419499,1.0402081,1.0457851,1.0440372,1.0230009,1.0212907
2012-07-11,1.0500836,1.0483259,1.0419956,1.0402512,1.0457877,1.0440372,1.0229828,1.02127
2012-07-12,1.0500865,1.0483259,1.0420489,1.0403015,1.0457905,1.0440372,1.0230079,1.0212923
2012-07-13,1.0500893,1.0483259,1.0414835,1.0397342,1.0457934,1.0440372,1.0224528,1.0207354
2012-07-16,1.050098,1.0483259,1.0445238,1.0427608,1.045802,1.0440372,1.0254375,1.0237067
2012-07-17,1.0501009,1.0483259,1.0415288,1.0397681,1.0458049,1.0440372,1.0223021,1.0205737
2012-07-18,1.0501037,1.0483259,1.0418561,1.0400919,1.0458077,1.0440372,1.0225727,1.0208411
2012-07-19,1.0501063,1.0483259,1.0409598,1.0391946,1.0458103,1.0440372,1.0216704,1.0199378
2012-07-20,1.0501089,1.0483259,1.0394757,1.0377105,1.0458129,1.0440372,1.0202138,1.0184812
2012-07-23,1.0501167,1.0483259,1.0391261,1.0373538,1.0458206,1.0440372,1.0198707,1.0181311
2012-07-24,1.0501196,1.0483259,1.0383905,1.0366165,1.0458235,1.0440372,1.0189545,1.0172138
2012-07-25,1.049979,1.0481827,1.0380058,1.0362297,1.0455407,1.043752,1.018539,1.0167962
2012-07-26,1.0466761,1.0448826,1.0375735,1.0357953,1.0422517,1.0404658,1.0180969,1.016352
2012-07-27,1.0319767,1.0302053,1.0341072,1.0323318,1.0276145,1.0258505,1.0146957,1.0129536
2012-07-30,1.0389841,1.0371913,1.0365063,1.0347175,1.0345923,1.032807,1.0170498,1.0152945
2012-07-31,1.0403551,1.0385568,1.036892,1.0350993,1.0358161,1.0340257,1.0172346,1.0154759
2012-08-01,1.0403582,1.0385568,1.0361036,1.0343092,1.0358193,1.0340257,1.0164126,1.0146522
2012-08-02,1.0403611,1.0385568,1.0347933,1.0329984,1.0358221,1.0340257,1.0151065,1.0133456
2012-08-03,1.0403637,1.0385568,1.0401509,1.0383441,1.0358246,1.0340257,1.0203622,1.0185897
2012-08-06,1.0403714,1.0385568,1.0389218,1.0371095,1.0358323,1.0340257,1.0191564,1.0173785
2012-08-07,1.0403742,1.0385568,1.0431665,1.0413439,1.0358351,1.0340257,1.0231245,1.0213369
2012-08-08,1.0403773,1.0385568,1.0431508,1.0413251,1.0358383,1.0340257,1.0230524,1.0212618
2012-08-09,1.0403805,1.0385568,1.0431916,1.0413627,1.0358414,1.0340257,1.0230686,1.0212749
2012-08-10,1.0403836,1.0385568,1.0452746,1.0434389,1.0358445,1.0340257,1.0251114,1.0233111
2012-08-13,1.0403922,1.0385568,1.0448488,1.0430053,1.035853,1.0340257,1.0246938,1.0228857
2012-08-14,1.0403953,1.0385568,1.0411361,1.039296,1.0358561,1.0340257,1.0209534,1.0191489
2012-08-15,1.0403984,1.0385568,1.0376012,1.0357642,1.0358593,1.0340257,1.01746,1.0156586
2012-08-16,1.040401,1.0385568,1.0367745,1.0349364,1.0358618,1.0340257,1.0166375,1.0148351
2012-08-17,1.0404036,1.0385568,1.0367771,1.0349364,1.0358644,1.0340257,1.01664,1.0148351
2012-08-20,1.0404113,1.0385568,1.0367848,1.0349364,1.035872,1.0340257,1.0166476,1.0148351
2012-08-21,1.0404144,1.0385568,1.0366636,1.0348124,1.0358752,1.0340257,1.0164069,1.0145918
2012-08-22,1.0404175,1.0385568,1.0349044,1.0330532,1.0358783,1.0340257,1.0146821,1.012867
2012-08-23,1.0404207,1.0385568,1.0340279,1.0321751,1.0358814,1.0340257,1.0138227,1.0120061
2012-08-24,1.0404238,1.0385568,1.0344704,1.0326138,1.0358845,1.0340257,1.0142566,1.0124362
2012-08-27,1.0403086,1.0384333,1.0338195,1.0319555,1.0356466,1.0337797,1.0136184,1.0117908
2012-08-28,1.0425061,1.0406237,1.0337945,1.0319274,1.0378343,1.0359603,1.0133509,1.0115207
2012-08-29,1.0407497,1.0388677,1.0333579,1.0314889,1.0360857,1.0342121,1.012923,1.0110908
2012-08-30,1.0462415,1.0443461,1.0342397,1.0323656,1.0415529,1.039666,1.0137873,1.0119502
2012-08-31,1.0542855,1.0523726,1.0360007,1.0341207,1.0494369,1.0475328,1.0155135,1.0136706
2012-09-04,1.0542959,1.0523726,1.0351304,1.0332416,1.0494473,1.0475328,1.0146603,1.0128089
2012-09-05,1.0542988,1.0523726,1.03476,1.0328691,1.0494501,1.0475328,1.0141471,1.0122938
2012-09-06,1.0543019,1.0523726,1.0368257,1.034928,1.0494533,1.0475328,1.0161649,1.0143049
2012-09-07,1.0543051,1.0523726,1.0361808,1.0342812,1.0494565,1.0475328,1.0155329,1.013671
2012-09-10,1.0543146,1.0523726,1.0368637,1.0349534,1.049466,1.0475328,1.0162022,1.0143299
2012-09-11,1.0543175,1.0523726,1.0370614,1.0351479,1.0494688,1.0475328,1.0162947,1.0144195
2012-09-12,1.0543204,1.0523726,1.0397589,1.0378376,1.0494717,1.0475328,1.0188952,1.0170124
2012-09-13,1.0543233,1.0523726,1.0413315,1.0394044,1.0494746,1.0475328,1.0204159,1.0185275
2012-09-14,1.0543262,1.0523726,1.0361456,1.0342253,1.0494775,1.0475328,1.0153342,1.0134524
2012-09-17,1.0543357,1.0523726,1.0375019,1.0355698,1.0494869,1.0475328,1.0166633,1.0147699
2012-09-18,1.0543389,1.0523726,1.0378092,1.0358733,1.0494901,1.0475328,1.0167556,1.0148589
2012-09-19,1.0543418,1.0523726,1.0394617,1.0375199,1.049493,1.0475328,1.0183513,1.0164489
2012-09-20,1.054345,1.0523726,1.0397156,1.0377702,1.0494961,1.0475328,1.0185784,1.0166725
2012-09-21,1.0543482,1.0523726,1.0392362,1.0372886,1.0494993,1.0475328,1.0181088,1.0162007
2012-09-24,1.0542295,1.0522446,1.0391044,1.0371476,1.0492535,1.0472781,1.0179796,1.0160626
2012-09-25,1.0578697,1.0558749,1.0385516,1.0365928,1.0528766,1.0508912,1.0172228,1.0153041
2012-09-26,1.064716,1.0627051,1.0381518,1.0361906,1.0596906,1.0576891,1.0168132,1.0148923
2012-09-27,1.062653,1.0606428,1.0387954,1.0368299,1.0576373,1.0556365,1.0174275,1.0155023
2012-09-28,1.0622973,1.0602851,1.0396209,1.0376513,1.0571546,1.0551522,1.018236,1.0163068
2012-10-01,1.062306,1.0602851,1.0397757,1.0377972,1.0571633,1.0551522,1.0183876,1.0164497
2012-10-02,1.0623086,1.0602851,1.0397696,1.0377886,1.0571659,1.0551522,1.0182443,1.0163043
2012-10-03,1.0623112,1.0602851,1.0396176,1.0376343,1.0571685,1.0551522,1.0180729,1.0161307
2012-10-04,1.0623139,1.0602851,1.0417171,1.0397273,1.0571711,1.0551522,1.0201209,1.0181722
2012-10-05,1.0623168,1.0602851,1.0452618,1.0432624,1.057174,1.0551522,1.0235921,1.021634
2012-10-09,1.0623296,1.0602851,1.0440364,1.0420267,1.0571868,1.0551522,1.0222928,1.0203249
2012-10-10,1.0623325,1.0602851,1.0421899,1.0401809,1.0571897,1.0551522,1.0204262,1.0184591
2012-10-11,1.0623354,1.0602851,1.0413085,1.0392983,1.0571926,1.0551522,1.0195361,1.0175679
2012-10-12,1.0623383,1.0602851,1.042268,1.0402532,1.0571955,1.0551522,1.0204756,1.0185028
2012-10-15,1.0623479,1.0602851,1.0422481,1.0402239,1.057205,1.0551522,1.0204561,1.0184741
2012-10-16,1.0623511,1.0602851,1.038258,1.0362384,1.0572082,1.0551522,1.0163516,1.0143745
2012-10-17,1.0623537,1.0602851,1.035076,1.03306,1.0572108,1.0551522,1.0131906,1.0112171
2012-10-18,1.0623569,1.0602851,1.0347837,1.0327652,1.057214,1.0551522,1.0128821,1.0109062
2012-10-19,1.0623598,1.0602851,1.0341479,1.0321278,1.0572169,1.0551522,1.0122597,1.0102823
2012-10-22,1.0623686,1.0602851,1.0352552,1.0332244,1.0572256,1.0551522,1.0133435,1.0113557
2012-10-23,1.0623715,1.0602851,1.0337026,1.031672,1.0572285,1.0551522,1.0116273,1.0096401
2012-10-24,1.0622389,1.0601496,1.0335935,1.03156,1.0569615,1.0548825,1.0114858,1.0094958
2012-10-25,1.0550222,1.0529439,1.0320078,1.0299744,1.0497806,1.0477126,1.0099162,1.0079263
2012-10-26,1.0650646,1.0629633,1.0344136,1.0323723,1.0597731,1.0576822,1.0122705,1.0102728
2012-10-29,1.0684534,1.0663349,1.0352602,1.0332071,1.063145,1.0610371,1.013099,1.0110897
2012-10-31,1.0721982,1.0700641,1.0360282,1.0339657,1.0667354,1.0646122,1.0137238,1.0117056
2012-11-01,1.0722014,1.0700641,1.0364327,1.0343662,1.0667386,1.0646122,1.014087,1.012065
2012-11-02,1.072204,1.0700641,1.0370286,1.0349583,1.0667412,1.0646122,1.0146611,1.0126354
2012-11-05,1.072212,1.0700641,1.0346478,1.0325747,1.0667491,1.0646122,1.0123317,1.0103032
2012-11-06,1.0722152,1.0700641,1.0371922,1.0351109,1.0667523,1.0646122,1.0147231,1.0126868
2012-11-07,1.0722181,1.0700641,1.0329424,1.0308668,1.0667553,1.0646122,1.0105081,1.0084775
2012-11-08,1.0722211,1.0700641,1.0328354,1.0307571,1.0667582,1.0646122,1.0103748,1.0083417
2012-11-09,1.072224,1.0700641,1.0333579,1.0312757,1.0667611,1.0646122,1.0108859,1.008849
2012-11-13,1.0722346,1.0700641,1.0350892,1.0329934,1.0667716,1.0646122,1.0125797,1.0105294
2012-11-14,1.0722378,1.0700641,1.0348626,1.0327642,1.0667749,1.0646122,1.0122598,1.0102071
2012-11-15,1.0722408,1.0700641,1.034888,1.0327867,1.0667778,1.0646122,1.0122561,1.0102007
2012-11-16,1.0722431,1.0700641,1.0349541,1.0328504,1.0667801,1.0646122,1.0123073,1.0102496
2012-11-19,1.0722484,1.0700641,1.0348352,1.0327266,1.0667854,1.0646122,1.0120697,1.0100074
2012-11-20,1.072251,1.0700641,1.0357174,1.0336044,1.066788,1.0646122,1.0129324,1.0108659
2012-11-21,1.0722534,1.0700641,1.0366,1.034483,1.0667903,1.0646122,1.0137957,1.0117252
2012-11-23,1.0722593,1.0700641,1.0366057,1.034483,1.0667962,1.0646122,1.0138012,1.0117252
2012-11-26,1.0721245,1.0699208,1.0361736,1.0340434,1.0665192,1.064327,1.0133787,1.0112952
2012-11-27,1.0746737,1.0724618,1.0357079,1.0335758,1.0690551,1.0668547,1.0126803,1.0105955
2012-11-28,1.0790156,1.0767919,1.0361509,1.034015,1.0733743,1.0711622,1.0131135,1.011025
2012-11-29,1.0797874,1.0775591,1.0361538,1.034015,1.074142,1.0719254,1.0131162,1.011025
2012-11-30,1.0814406,1.0792062,1.0365967,1.0344545,1.0756427,1.0734203,1.0135493,1.0114547
2012-12-03,1.0814477,1.0792062,1.0363832,1.0342347,1.0756497,1.0734203,1.0133406,1.0112397
2012-12-04,1.0814506,1.0792062,1.0367983,1.0346461,1.0756527,1.0734203,1.0135036,1.0113996
2012-12-05,1.0814536,1.0792062,1.0365809,1.0344262,1.0756556,1.0734203,1.013291,1.0111847
2012-12-06,1.0814566,1.0792062,1.0365837,1.0344262,1.0756586,1.0734203,1.0132938,1.0111847
2012-12-07,1.0814595,1.0792062,1.0368068,1.034646,1.0756615,1.0734203,1.0135119,1.0113996
2012-12-10,1.0814675,1.0792062,1.0365942,1.0344262,1.0756695,1.0734203,1.013304,1.0111846
2012-12-11,1.0814702,1.0792062,1.0363488,1.0341788,1.0756721,1.0734203,1.0128218,1.010701
2012-12-12,1.0814726,1.0792062,1.0363487,1.0341764,1.0756745,1.0734203,1.0128217,1.0106986
2012-12-13,1.0814746,1.0792062,1.0370721,1.0348963,1.0756766,1.0734203,1.0135286,1.0114022
2012-12-14,1.0814764,1.0792062,1.0378054,1.0356263,1.0756783,1.0734203,1.0142453,1.0121157
2012-12-17,1.08148,1.0792062,1.037855,1.0356725,1.0756819,1.0734203,1.0142938,1.0121607
2012-12-18,1.0814814,1.0792062,1.0368682,1.0346863,1.0756833,1.0734203,1.0131671,1.011035
2012-12-19,1.0814832,1.0792062,1.0375756,1.0353906,1.0756851,1.0734203,1.0138253,1.0116902
2012-12-20,1.0814847,1.0792062,1.0375098,1.0353234,1.0756866,1.0734203,1.013761,1.0116246
2012-12-21,1.0814865,1.0792062,1.0398475,1.0376545,1.0756883,1.0734203,1.0160452,1.0139023
2012-12-24,1.0813298,1.0790445,1.0385772,1.0363818,1.0753714,1.0730987,1.014804,1.0126587
2012-12-26,1.0844929,1.0821974,1.0396029,1.0374019,1.078517,1.0762341,1.0157648,1.0136142
2012-12-27,1.0922734,1.0899587,1.0411943,1.0389874,1.0862546,1.0839527,1.0172866,1.0151303
2012-12-28,1.092856,1.0905378,1.0411966,1.0389874,1.0868341,1.0845286,1.0172889,1.0151303
2012-12-31,1.0895,1.087188,1.0410726,1.0388628,1.0833337,1.0810348,1.0170459,1.014887
2013-01-02,1.089503,1.087188,1.0415179,1.0393044,1.0833367,1.0810348,1.0174809,1.0153183
2013-01-03,1.0895054,1.087188,1.0421842,1.0399669,1.0833391,1.0810348,1.0181318,1.0159656
2013-01-04,1.0895078,1.087188,1.0426294,1.0404089,1.0833415,1.0810348,1.0185667,1.0163974
2013-01-07,1.0895141,1.087188,1.0426354,1.0404089,1.0833477,1.0810348,1.0185726,1.0163974
2013-01-08,1.0895162,1.087188,1.0415012,1.0392752,1.0833498,1.0810348,1.0172204,1.0150462
2013-01-09,1.0895182,1.087188,1.0423885,1.0401585,1.0833519,1.0810348,1.018087,1.015909
2013-01-10,1.08952,1.087188,1.0419472,1.0397165,1.0833536,1.0810348,1.017656,1.0154772
2013-01-11,1.0895218,1.087188,1.0421703,1.0399374,1.0833554,1.0810348,1.0178739,1.015693
2013-01-14,1.0895281,1.087188,1.0423978,1.0401584,1.0833616,1.0810348,1.0180961,1.0159088
2013-01-15,1.0895305,1.087188,1.0422752,1.0400337,1.083364,1.0810348,1.0178543,1.0156653
2013-01-16,1.0895332,1.087188,1.0422777,1.0400337,1.0833667,1.0810348,1.0178568,1.0156653
2013-01-17,1.0895356,1.087188,1.04228,1.0400337,1.0833691,1.0810348,1.017859,1.0156653
2013-01-18,1.0895376,1.087188,1.0421571,1.0399091,1.0833711,1.0810348,1.017617,1.0154219
2013-01-22,1.0895472,1.087188,1.0417233,1.0394671,1.0833806,1.0810348,1.0171934,1.0149903
2013-01-23,1.0895496,1.087188,1.0417256,1.0394671,1.083383,1.0810348,1.0171957,1.0149903
2013-01-24,1.089552,1.087188,1.0417279,1.0394671,1.0833854,1.0810348,1.0171979,1.0149903
2013-01-25,1.0894699,1.0871037,1.0439438,1.041676,1.0832197,1.0808671,1.0193617,1.0171472
2013-01-28,1.0876794,1.08531,1.0441441,1.041869,1.0814395,1.0790837,1.0193129,1.0170918
2013-01-29,1.0876815,1.08531,1.0452555,1.042976,1.0814416,1.0790837,1.0203979,1.0181725
2013-01-30,1.0873845,1.0850115,1.0454797,1.0431976,1.0811463,1.0787869,1.0206167,1.0183888
2013-01-31,1.0881993,1.0858225,1.0461482,1.0438627,1.0818726,1.0795096,1.0212693,1.0190381
2013-02-01,1.0882014,1.0858225,1.0461502,1.0438627,1.0818747,1.0795096,1.0212712,1.0190381
2013-02-04,1.0882068,1.0858225,1.0462523,1.0439594,1.08188,1.0795096,1.0212485,1.0190103
2013-02-05,1.0882089,1.0858225,1.0461289,1.0438343,1.0818821,1.0795096,1.0210057,1.0187661
2013-02-06,1.0882109,1.0858225,1.0452417,1.042947,1.0818842,1.0795096,1.0201398,1.0179001
2013-02-07,1.088213,1.0858225,1.0454658,1.0431686,1.0818863,1.0795096,1.0203585,1.0181164
2013-02-08,1.0882151,1.0858225,1.0454678,1.0431686,1.0818883,1.0795096,1.0203605,1.0181164
2013-02-11,1.0882214,1.0858225,1.045696,1.0433903,1.0818946,1.0795096,1.0205832,1.0183328
2013-02-12,1.0882241,1.0858225,1.0461145,1.0438054,1.0818972,1.0795096,1.020747,1.0184938
2013-02-13,1.0882267,1.0858225,1.0454502,1.0431399,1.0818999,1.0795096,1.0200988,1.0178445
2013-02-14,1.0882297,1.0858225,1.0461195,1.0438049,1.0819029,1.0795096,1.0207519,1.0184934
2013-02-15,1.088233,1.0858225,1.0461227,1.0438049,1.0819061,1.0795096,1.020755,1.0184934
2013-02-19,1.0882449,1.0858225,1.0456896,1.0433613,1.081918,1.0795096,1.0203324,1.0180605
2013-02-20,1.0882485,1.0858225,1.0461965,1.0438637,1.0819215,1.0795096,1.0206679,1.0183919
2013-02-21,1.0882521,1.0858225,1.0448595,1.0425263,1.0819251,1.0795096,1.0193635,1.0170871
2013-02-22,1.0880776,1.0856445,1.0443947,1.0420588,1.0815743,1.0791557,1.01891,1.016631
2013-02-25,1.1004219,1.0979496,1.0416943,1.0393533,1.0938448,1.0913873,1.0161759,1.0138921
2013-02-26,1.1042632,1.1017787,1.0412578,1.0389143,1.0976632,1.0951935,1.0157495,1.0134634
2013-02-27,1.1023419,1.0998575,1.0415877,1.0392395,1.0957533,1.0932837,1.0159988,1.0137083
2013-02-28,1.1044071,1.1019147,1.0422337,1.0398809,1.0976266,1.0951495,1.016629,1.0143339
2013-03-01,1.1044104,1.1019147,1.0434044,1.0410459,1.0976299,1.0951495,1.017771,1.0154703
2013-03-04,1.1044204,1.1019147,1.0426523,1.0402861,1.0976398,1.0951495,1.0169378,1.0146298
2013-03-05,1.1044238,1.1019147,1.0421529,1.0397847,1.0976431,1.0951495,1.0163498,1.0140401
2013-03-06,1.1044262,1.1019147,1.041261,1.0388925,1.0976455,1.0951495,1.0154084,1.0130986
2013-03-07,1.1044292,1.1019147,1.0436458,1.041269,1.0976485,1.0951495,1.0177339,1.0154161
2013-03-08,1.1044322,1.1019147,1.0457359,1.0433515,1.0976515,1.0951495,1.0197721,1.0174469
2013-03-11,1.1044413,1.1019147,1.0459275,1.0435341,1.0976606,1.0951495,1.019959,1.0176249
2013-03-12,1.1044443,1.1019147,1.0446126,1.0422194,1.0976636,1.0951495,1.0184754,1.016142
2013-03-13,1.1044474,1.1019147,1.0442609,1.0418656,1.0976666,1.0951495,1.0180795,1.0157441
2013-03-14,1.1044501,1.1019147,1.0441013,1.0417038,1.0976693,1.0951495,1.0179137,1.0155763
2013-03-15,1.1044531,1.1019147,1.0460129,1.0436081,1.0976723,1.0951495,1.0197774,1.0174329
2013-03-18,1.1044613,1.1019147,1.0473477,1.0449322,1.0976804,1.0951495,1.0210788,1.0187237
2013-03-19,1.1044634,1.1019147,1.0492647,1.0468427,1.0976825,1.0951495,1.0227389,1.0203781
2013-03-20,1.1044655,1.1019147,1.0486399,1.0462174,1.0976846,1.0951495,1.0221022,1.0197409
2013-03-21,1.1044676,1.1019147,1.0492394,1.0468135,1.0976867,1.0951495,1.0226701,1.0203055
2013-03-22,1.1042975,1.1017429,1.0492546,1.0468266,1.0973464,1.0948078,1.0226848,1.0203183
2013-03-25,1.1055255,1.1029617,1.0485901,1.0461576,1.0985667,1.096019,1.0220372,1.0196662
2013-03-26,1.1079739,1.105402,1.0483034,1.0458693,1.1009996,1.0984439,1.0215416,1.0191696
2013-03-27,1.1162494,1.1136562,1.0479374,1.0455021,1.1092231,1.1066462,1.0211639,1.0187908
2013-03-28,1.1132997,1.1107105,1.0480032,1.0455652,1.1061189,1.1035465,1.0212154,1.0188397
2013-04-01,1.1133082,1.1107105,1.0483379,1.0458911,1.1061274,1.1035465,1.0215415,1.0191572
2013-04-02,1.1133106,1.1107105,1.0481166,1.0456681,1.1061298,1.1035465,1.0213259,1.0189399
2013-04-03,1.1133128,1.1107105,1.0495279,1.0470741,1.1061319,1.1035465,1.0225545,1.0201636
2013-04-04,1.1133146,1.1107105,1.0481858,1.0457334,1.1061337,1.1035465,1.0212125,1.0188231
2013-04-05,1.1133167,1.1107105,1.0421412,1.0397009,1.1061359,1.1035465,1.0153171,1.0129396
2013-04-08,1.1133231,1.1107105,1.0451189,1.0426657,1.1061422,1.1035465,1.0182182,1.015828
2013-04-09,1.1133253,1.1107105,1.046292,1.043834,1.1061444,1.1035465,1.0192723,1.0168777
2013-04-10,1.1133271,1.1107105,1.0509482,1.0484776,1.1061462,1.1035465,1.0237319,1.0213251
2013-04-11,1.1133292,1.1107105,1.0510445,1.0485716,1.1061483,1.1035465,1.0237831,1.0213743
2013-04-12,1.1133314,1.1107105,1.0557056,1.0532197,1.1061504,1.1035465,1.0283233,1.0259019
2013-04-15,1.1133369,1.1107105,1.0573125,1.0548177,1.1061559,1.1035465,1.0298885,1.0274583
2013-04-16,1.1133387,1.1107105,1.0560564,1.0535628,1.1061577,1.1035465,1.0284826,1.026054
2013-04-17,1.1133405,1.1107105,1.0570249,1.0545273,1.1061595,1.1035465,1.0293645,1.0269322
2013-04-18,1.1133424,1.1107105,1.0578325,1.0553313,1.1061613,1.1035465,1.0301204,1.0276846
2013-04-19,1.1133439,1.1107105,1.0583861,1.055882,1.1061628,1.1035465,1.0306594,1.0282209
2013-04-22,1.1133485,1.1107105,1.0576198,1.0551132,1.1061674,1.1035465,1.0299132,1.0274723
2013-04-23,1.11335,1.1107105,1.0575666,1.0550587,1.1061689,1.1035465,1.0296763,1.0272345
2013-04-24,1.1131445,1.110504,1.0570427,1.0545347,1.105759,1.1031361,1.0291198,1.0266779
2013-04-25,1.1120453,1.1094056,1.0573456,1.0548351,1.1046672,1.102045,1.0293911,1.0269469
2013-04-26,1.1208459,1.1181838,1.0590521,1.056536,1.1134094,1.1107649,1.0310524,1.0286028
2013-04-29,1.1212201,1.1185525,1.0593989,1.0568778,1.113781,1.1111311,1.0313901,1.0289355
2013-04-30,1.1187952,1.1161318,1.0590428,1.056521,1.1111652,1.10852,1.0308579,1.0284032
2013-05-01,1.1187967,1.1161318,1.0595196,1.0569953,1.1111667,1.10852,1.0312598,1.0288027
2013-05-02,1.1187986,1.1161318,1.0593923,1.0568665,1.1111685,1.10852,1.0311069,1.0286484
2013-05-03,1.1188001,1.1161318,1.0674683,1.0649218,1.11117,1.10852,1.0389673,1.0364887
2013-05-06,1.1188047,1.1161318,1.0692006,1.0666456,1.1111746,1.10852,1.0406534,1.0381665
2013-05-07,1.1188059,1.1161318,1.0700337,1.0674755,1.1111758,1.10852,1.0412771,1.0387876
2013-05-08,1.1188072,1.1161318,1.0684648,1.0659092,1.111177,1.10852,1.0396705,1.0371837
2013-05-09,1.1188084,1.1161318,1.0687042,1.0661469,1.1111783,1.10852,1.0398689,1.0373805
2013-05-10,1.1188096,1.1161318,1.0626773,1.0601332,1.1111795,1.10852,1.0340046,1.031529
2013-05-13,1.1188133,1.1161318,1.0612694,1.0587252,1.1111831,1.10852,1.0326347,1.0301591
2013-05-14,1.1188148,1.1161318,1.0590463,1.056506,1.1111847,1.10852,1.0303787,1.0279071
2013-05-15,1.1188164,1.1161318,1.0597215,1.0571781,1.1111862,1.10852,1.0309957,1.0285212
2013-05-16,1.1188176,1.1161318,1.0617583,1.0592088,1.1111874,1.10852,1.0329601,1.0304798
2013-05-17,1.1188185,1.1161318,1.0617591,1.0592088,1.1111883,1.10852,1.032961,1.0304798
2013-05-20,1.1188222,1.1161318,1.0616354,1.0590819,1.111192,1.10852,1.0327168,1.0302328
2013-05-21,1.1188237,1.1161318,1.0614112,1.0588568,1.1111935,1.10852,1.0324988,1.0300139
2013-05-22,1.1188249,1.1161318,1.062089,1.0595319,1.1111947,1.10852,1.0331581,1.0306705
2013-05-23,1.1188262,1.1161318,1.0620902,1.0595319,1.1111959,1.10852,1.0331592,1.0306705
2013-05-24,1.118668,1.1159725,1.0623174,1.059757,1.1108802,1.1082034,1.0333802,1.0308895
2013-05-28,1.1008336,1.0981762,1.0640991,1.0615298,1.09317,1.0905311,1.0348657,1.0323669
2013-05-29,1.1019497,1.0992881,1.0634222,1.060853,1.0942783,1.0916352,1.0342074,1.0317087
2013-05-30,1.1019512,1.0992881,1.0631976,1.0606276,1.0942798,1.0916352,1.033989,1.0314895
2013-05-31,1.0970533,1.0944008,1.0627469,1.0601768,1.0892597,1.0866261,1.0335507,1.0310511
2013-06-03,1.0970569,1.0944008,1.0634279,1.0608527,1.0892633,1.0866261,1.034213,1.0317084
2013-06-04,1.0970584,1.0944008,1.0631745,1.0605984,1.0892648,1.0866261,1.0337186,1.0312138
2013-06-05,1.0970596,1.0944008,1.0629497,1.060373,1.089266,1.0866261,1.0335001,1.0309947
2013-06-06,1.0970611,1.0944008,1.0624994,1.0599224,1.0892675,1.0866261,1.0330622,1.0305565
2013-06-07,1.0970626,1.0944008,1.0631782,1.0605981,1.089269,1.0866261,1.0337222,1.0312135
2013-06-10,1.0970662,1.0944008,1.0643114,1.061725,1.0892726,1.0866261,1.034824,1.0323091
2013-06-11,1.0970677,1.0944008,1.06451,1.0619217,1.0892741,1.0866261,1.0347691,1.032253
2013-06-12,1.0970692,1.0944008,1.0642853,1.0616961,1.0892755,1.0866261,1.0345506,1.0320336
2013-06-13,1.0970707,1.0944008,1.0651914,1.0625985,1.089277,1.0866261,1.0354314,1.0329109
2013-06-14,1.0970722,1.0944008,1.0681354,1.0655339,1.0892785,1.0866261,1.0382932,1.0357643
2013-06-17,1.0970767,1.0944008,1.0685938,1.0659868,1.089283,1.0866261,1.0387387,1.0362045
2013-06-18,1.0970782,1.0944008,1.0683391,1.0657313,1.0892845,1.0866261,1.0382422,1.0357077
2013-06-19,1.0970797,1.0944008,1.0710648,1.0684489,1.089286,1.0866261,1.0408911,1.0383488
2013-06-20,1.0970812,1.0944008,1.0728871,1.0702652,1.0892875,1.0866261,1.0426621,1.040114
2013-06-21,1.0970827,1.0944008,1.0756244,1.0729944,1.089289,1.0866261,1.0453223,1.0427663
2013-06-24,1.0969616,1.0942754,1.0774574,1.0748185,1.0890439,1.0863771,1.0471036,1.044539
2013-06-25,1.0933982,1.0907191,1.0774299,1.0747893,1.0855063,1.0828464,1.0468259,1.0442602
2013-06-26,1.0998408,1.0971441,1.0797212,1.0770732,1.0919024,1.089225,1.0490521,1.0464792
2013-06-27,1.1067682,1.1040526,1.0820174,1.079362,1.0987797,1.0960837,1.0512831,1.048703
2013-06-28,1.1055192,1.1028049,1.0815593,1.0789032,1.0974138,1.0947194,1.050838,1.0482573
2013-07-01,1.1055228,1.1028049,1.0815629,1.0789032,1.0974174,1.0947194,1.0508414,1.0482573
2013-07-02,1.105524,1.1028049,1.0816366,1.0789756,1.0974186,1.0947194,1.0507603,1.0481752
2013-07-03,1.1055249,1.1028049,1.0824055,1.0797417,1.0974195,1.0947194,1.0514915,1.0489038
2013-07-05,1.1055279,1.1028049,1.0919861,1.0892958,1.0974225,1.0947194,1.0607985,1.0581849
2013-07-08,1.1055316,1.1028049,1.0891505,1.0864636,1.0974262,1.0947194,1.0580439,1.0554336
2013-07-09,1.1055331,1.1028049,1.0885976,1.0859106,1.0974277,1.0947194,1.0574015,1.0547914
2013-07-10,1.1055343,1.1028049,1.0901637,1.0874716,1.0974289,1.0947194,1.0588714,1.0562565
2013-07-11,1.1055355,1.1028049,1.0935083,1.0908068,1.0974301,1.0947194,1.0620883,1.0594644
2013-07-12,1.1055367,1.1028049,1.0917155,1.0890172,1.0974313,1.0947194,1.060347,1.0577262
2013-07-15,1.1055404,1.1028049,1.0946957,1.0919865,1.0974349,1.0947194,1.0632416,1.0606101
2013-07-16,1.1055416,1.1028049,1.0959086,1.0931952,1.0974361,1.0947194,1.064206,1.061571
2013-07-17,1.1055425,1.1028049,1.0963956,1.0936801,1.097437,1.0947194,1.0646404,1.0620035
2013-07-18,1.1055434,1.1028049,1.0955917,1.0928773,1.0974379,1.0947194,1.0638336,1.0611977
2013-07-19,1.1055443,1.1028049,1.0941024,1.0913908,1.0974388,1.0947194,1.0623875,1.0597543
2013-07-22,1.105547,1.1028049,1.0943752,1.0916602,1.0974415,1.0947194,1.0626524,1.060016
2013-07-23,1.1055482,1.1028049,1.0946557,1.0919388,1.0974427,1.0947194,1.0627103,1.0600726
2013-07-24,1.1055488,1.1028049,1.0950573,1.0923388,1.0974433,1.0947194,1.0630751,1.0604359
2013-07-25,1.1054981,1.1027534,1.0954689,1.0927485,1.0973417,1.0946171,1.0634531,1.0608121
2013-07-26,1.1077875,1.1050364,1.098227,1.0954991,1.0996141,1.0968833,1.0661306,1.0634824
2013-07-29,1.1068728,1.1041213,1.097648,1.0949189,1.0987062,1.095975,1.0655685,1.0629191
2013-07-30,1.1062321,1.1034812,1.0969615,1.0942332,1.0980702,1.0953397,1.0647218,1.0620736
2013-07-31,1.1062732,1.1035211,1.0967174,1.0939885,1.0980598,1.095328,1.0644514,1.0618027
2013-08-01,1.1062744,1.1035211,1.0988909,1.0961554,1.098061,1.095328,1.0665337,1.0638787
2013-08-02,1.1062756,1.1035211,1.0926387,1.0899175,1.0980622,1.095328,1.0604657,1.0578246
2013-08-05,1.1062793,1.1035211,1.0944451,1.0917159,1.0980658,1.095328,1.0622189,1.05957
2013-08-06,1.1062808,1.1035211,1.0940851,1.0913553,1.0980673,1.095328,1.0616879,1.0590388
2013-08-07,1.106282,1.1035211,1.0923325,1.0896058,1.0980685,1.095328,1.0599441,1.0572982
2013-08-08,1.1062835,1.1035211,1.0925436,1.0898149,1.09807,1.095328,1.0601173,1.0574695
2013-08-09,1.106285,1.1035211,1.09247,1.08974,1.0980715,1.095328,1.0600459,1.0573968
2013-08-12,1.1062896,1.1035211,1.0913786,1.0886469,1.098076,1.095328,1.0589868,1.0563361
2013-08-13,1.1062914,1.1035211,1.0856448,1.0829257,1.0980778,1.095328,1.053315,1.0506767
2013-08-14,1.1062932,1.1035211,1.0858122,1.0830908,1.0980796,1.095328,1.0534569,1.0508165
2013-08-15,1.1062947,1.1035211,1.0848507,1.0821303,1.0980811,1.095328,1.0525084,1.0498689
2013-08-16,1.1062963,1.1035211,1.0848522,1.0821303,1.0980826,1.095328,1.0525098,1.0498689
2013-08-19,1.1063008,1.1035211,1.0848567,1.0821303,1.0980872,1.095328,1.0525141,1.0498689
2013-08-20,1.1063026,1.1035211,1.0847284,1.0820006,1.098089,1.095328,1.0522636,1.0496173
2013-08-21,1.1063038,1.1035211,1.0858821,1.0831502,1.0980902,1.095328,1.0533827,1.0507325
2013-08-22,1.106305,1.1035211,1.0881908,1.0854519,1.0980914,1.095328,1.0556223,1.0529653
2013-08-23,1.106306,1.1035211,1.0877292,1.0849906,1.0980923,1.095328,1.0551746,1.0525178
2013-08-26,1.1062141,1.1034268,1.0865762,1.0838378,1.0979072,1.0951408,1.054056,1.0513995
2013-08-27,1.1145984,1.1117887,1.0853933,1.0826567,1.1062285,1.1034399,1.0526559,1.0500017
2013-08-28,1.1090252,1.106228,1.0842416,1.0815064,1.1006972,1.097921,1.0515389,1.0488861
2013-08-29,1.1120516,1.1092459,1.0842425,1.0815064,1.1037009,1.1009162,1.0515398,1.0488861
2013-08-30,1.1109459,1.1081424,1.0853951,1.0826555,1.1025091,1.0997269,1.0526576,1.0500006
2013-09-03,1.1109496,1.1081424,1.0828616,1.0801248,1.1025128,1.0997269,1.0502005,1.0475462
2013-09-04,1.1109502,1.1081424,1.0794908,1.076762,1.1025134,1.0997269,1.0467861,1.0441399
2013-09-05,1.1109508,1.1081424,1.0810338,1.0783004,1.102514,1.0997269,1.0482667,1.0456161
2013-09-06,1.1109514,1.1081424,1.0796459,1.0769155,1.1025146,1.0997269,1.0469209,1.0442731
2013-09-09,1.1109532,1.1081424,1.0779017,1.0751739,1.1025164,1.0997269,1.0452295,1.0425843
2013-09-10,1.1109538,1.1081424,1.0798991,1.0771656,1.102517,1.0997269,1.0470595,1.0444091
2013-09-11,1.1109544,1.1081424,1.0797402,1.0770066,1.1025176,1.0997269,1.0468769,1.0442264
2013-09-12,1.110955,1.1081424,1.0798068,1.0770724,1.1025182,1.0997269,1.0469171,1.0442659
2013-09-13,1.1109553,1.1081424,1.0801546,1.0774191,1.1025185,1.0997269,1.0472543,1.044602
2013-09-16,1.1109562,1.1081424,1.0829032,1.0801598,1.1025194,1.0997269,1.0499192,1.0472592
2013-09-17,1.1109569,1.1081424,1.0847179,1.0819693,1.10252,1.0997269,1.0515149,1.0488503
2013-09-18,1.1109572,1.1081424,1.0854707,1.0827199,1.1025203,1.0997269,1.0522149,1.0495483
2013-09-19,1.1109575,1.1081424,1.0858811,1.083129,1.1025206,1.0997269,1.0525846,1.0499167
2013-09-20,1.1109578,1.1081424,1.0855472,1.0827956,1.1025209,1.0997269,1.0522609,1.0495936
2013-09-23,1.1109587,1.1081424,1.0847152,1.0819649,1.1025218,1.0997269,1.0514544,1.0487883
2013-09-24,1.1108663,1.1080496,1.0821888,1.0794442,1.1023378,1.0995427,1.0488461,1.046186
2013-09-25,1.1144946,1.1116681,1.0812995,1.0785566,1.1059383,1.1031334,1.0479445,1.0452861
2013-09-26,1.11251,1.1096879,1.0812601,1.0785167,1.1039689,1.1011685,1.0478675,1.0452087
2013-09-27,1.1151522,1.1123234,1.082958,1.0802103,1.1065908,1.1037838,1.0495129,1.04685
2013-09-30,1.1155573,1.1127256,1.0839243,1.0811724,1.1069002,1.1040905,1.0504494,1.0477824
2013-10-01,1.1155579,1.1127256,1.0817507,1.0790037,1.1069008,1.1040905,1.0481364,1.0454747
2013-10-02,1.1155585,1.1127256,1.0821608,1.0794122,1.1069014,1.1040905,1.0484951,1.0458319
2013-10-03,1.1155591,1.1127256,1.0817446,1.0789965,1.106902,1.1040905,1.048055,1.0453923
2013-10-04,1.11556,1.1127256,1.0837417,1.0809876,1.1069029,1.1040905,1.0499898,1.0473214
2013-10-07,1.1155628,1.1127256,1.0836986,1.080942,1.1069056,1.1040905,1.0499481,1.0472772
2013-10-08,1.1155637,1.1127256,1.0850556,1.0822946,1.1069065,1.1040905,1.0510509,1.0483764
2013-10-09,1.1155652,1.1127256,1.087281,1.0845129,1.106908,1.1040905,1.0531668,1.0504854
2013-10-10,1.1155667,1.1127256,1.087248,1.0844785,1.1069096,1.1040905,1.0530998,1.0504172
2013-10-11,1.1155683,1.1127256,1.0884506,1.0856765,1.1069111,1.1040905,1.0542646,1.0515776
2013-10-15,1.115578,1.1127256,1.0862101,1.0834322,1.1069208,1.1040905,1.0520945,1.0494038
2013-10-16,1.1155823,1.1127256,1.0891572,1.0863676,1.106925,1.1040905,1.0548406,1.0521388
2013-10-17,1.1155854,1.1127256,1.0925223,1.0897211,1.1069281,1.1040905,1.0580792,1.0553662
2013-10-18,1.1155869,1.1127256,1.0926422,1.0898392,1.1069296,1.1040905,1.0581777,1.055463
2013-10-21,1.1155906,1.1127256,1.0925216,1.0897153,1.1069332,1.1040905,1.0579406,1.0552231
2013-10-22,1.1155918,1.1127256,1.0911945,1.0883905,1.1069344,1.1040905,1.0566488,1.0539335
2013-10-23,1.115593,1.1127256,1.0920423,1.0892348,1.1069356,1.1040905,1.0574697,1.0547511
2013-10-24,1.1155942,1.1127256,1.092441,1.0896314,1.1069369,1.1040905,1.0578559,1.0551351
2013-10-25,1.1155421,1.1126727,1.0915927,1.0887844,1.1068324,1.1039854,1.0570344,1.0543149
2013-10-28,1.1152634,1.112391,1.0913885,1.0885771,1.1065559,1.1037059,1.0566568,1.0539348
2013-10-29,1.1162056,1.1133296,1.09149,1.0886771,1.1074907,1.1046372,1.0567375,1.0540141
2013-10-30,1.1149825,1.1121084,1.0913774,1.0885636,1.1062772,1.1034255,1.0566033,1.0538791
2013-10-31,1.1139899,1.1111172,1.0911543,1.08834,1.1052397,1.1023895,1.0563874,1.0536626
2013-11-01,1.1139911,1.1111172,1.0886612,1.0858521,1.1052409,1.1023895,1.0539737,1.051254
2013-11-04,1.1139948,1.1111172,1.0896735,1.0868582,1.1052445,1.1023895,1.054794,1.0520687
2013-11-05,1.1139963,1.1111172,1.0881342,1.0853214,1.105246,1.1023895,1.0532736,1.0505508
2013-11-06,1.1139978,1.1111172,1.0875901,1.0847772,1.1052476,1.1023895,1.0527026,1.0499798
2013-11-07,1.1139993,1.1111172,1.0856747,1.0828652,1.1052491,1.1023895,1.0508486,1.0481292
2013-11-08,1.1140009,1.1111172,1.0922615,1.0894335,1.1052506,1.1023895,1.0572241,1.0544867
2013-11-12,1.1140082,1.1111172,1.0937775,1.0909384,1.1052579,1.1023895,1.0584819,1.0557343
2013-11-13,1.1140106,1.1111172,1.0925841,1.0897458,1.1052603,1.1023895,1.0572878,1.0545411
2013-11-14,1.1140131,1.1111172,1.0941923,1.0913473,1.1052627,1.1023895,1.0588053,1.0560523
2013-11-15,1.1140155,1.1111172,1.0938527,1.0910063,1.1052651,1.1023895,1.0584768,1.0557223
2013-11-18,1.1140228,1.1111172,1.0961194,1.0932599,1.1052724,1.1023895,1.0606702,1.057903
2013-11-19,1.1140256,1.1111172,1.0934456,1.0905904,1.1052751,1.1023895,1.057949,1.0551864
2013-11-20,1.114028,1.1111172,1.0899514,1.0871029,1.1052775,1.1023895,1.0545235,1.0517675
2013-11-21,1.1140305,1.1111172,1.0902898,1.0874381,1.10528,1.1023895,1.0548316,1.0520725
2013-11-22,1.1139109,1.1109957,1.0893958,1.0865443,1.1050405,1.1021486,1.0539667,1.0512078
2013-11-25,1.115428,1.1125025,1.0886292,1.0857734,1.1065456,1.1036434,1.0531367,1.050374
2013-11-26,1.1210494,1.1181068,1.0869943,1.0841405,1.1121222,1.109203,1.0515066,1.0487459
2013-11-27,1.1167075,1.1137741,1.0876258,1.0847682,1.1078149,1.1049048,1.0520674,1.0493031
2013-11-29,1.1150752,1.1121418,1.0870292,1.084169,1.1060746,1.1031648,1.0514903,1.0487236
2013-12-02,1.1150807,1.1121418,1.0834788,1.0806226,1.10608,1.1031648,1.048056,1.0452931
2013-12-03,1.1150823,1.1121418,1.0849419,1.0820804,1.1060815,1.1031648,1.0492968,1.0465292
2013-12-04,1.1150841,1.1121418,1.0825549,1.0796979,1.1060833,1.1031648,1.0469362,1.0441731
2013-12-05,1.1150859,1.1121418,1.0830675,1.0802073,1.1060852,1.1031648,1.0473861,1.0446201
2013-12-06,1.1150878,1.1121418,1.0837259,1.0808622,1.106087,1.1031648,1.0480228,1.0452534
2013-12-09,1.1150933,1.1121418,1.0825933,1.0797273,1.1060924,1.1031648,1.0469276,1.0441559
2013-12-10,1.1150954,1.1121418,1.0787214,1.0758636,1.1060946,1.1031648,1.0431011,1.0403376
2013-12-11,1.1150975,1.1121418,1.081278,1.0784114,1.1060967,1.1031648,1.0455254,1.0427534
2013-12-12,1.1150997,1.1121418,1.0819474,1.0790769,1.1060988,1.1031648,1.0461382,1.0433627
2013-12-13,1.1151018,1.1121418,1.0821624,1.0792893,1.1061009,1.1031648,1.0463462,1.0435681
2013-12-16,1.1151082,1.1121418,1.0819945,1.0791156,1.1061073,1.1031648,1.0461838,1.0434001
2013-12-17,1.1151104,1.1121418,1.0816957,1.0788155,1.1061094,1.1031648,1.045787,1.0430024
2013-12-18,1.1151125,1.1121418,1.0823633,1.0794793,1.1061115,1.1031648,1.0463962,1.0436079
2013-12-19,1.1151146,1.1121418,1.0792086,1.0763309,1.1061137,1.1031648,1.0433208,1.0405387
2013-12-20,1.1151165,1.1121418,1.0783091,1.075432,1.1061155,1.1031648,1.0424512,1.0396697
2013-12-23,1.1151229,1.1121418,1.0769935,1.0741138,1.1061218,1.1031648,1.0411794,1.0383953
2013-12-24,1.1149776,1.1119948,1.0745392,1.071664,1.1058315,1.1028732,1.0387039,1.0359245
2013-12-26,1.1139366,1.1109523,1.0744397,1.0715606,1.104799,1.1018392,1.0385919,1.0358088
2013-12-27,1.1139387,1.1109523,1.0744295,1.0715484,1.1048012,1.1018392,1.0385701,1.0357851
2013-12-30,1.1178613,1.114858,1.0743069,1.0714199,1.1086916,1.1057129,1.0383272,1.0355368
2013-12-31,1.1148337,1.1118364,1.0743089,1.0714199,1.1055423,1.1025699,1.0383292,1.0355368
2014-01-02,1.114838,1.1118364,1.074313,1.0714199,1.1055465,1.1025699,1.0383331,1.0355368
2014-01-03,1.1148402,1.1118364,1.0752283,1.0723306,1.1055486,1.1025699,1.0392177,1.036417
2014-01-06,1.1148466,1.1118364,1.074549,1.071647,1.105555,1.1025699,1.0385612,1.0357563
2014-01-07,1.1148481,1.1118364,1.0740646,1.0711624,1.1055565,1.1025699,1.037844,1.0350397
2014-01-08,1.1148493,1.1118364,1.0717834,1.0688862,1.1055577,1.1025699,1.0356397,1.0328402
2014-01-09,1.1148508,1.1118364,1.0717848,1.0688862,1.1055592,1.1025699,1.0356412,1.0328402
2014-01-10,1.1148521,1.1118364,1.0754301,1.0725204,1.1055604,1.1025699,1.0391635,1.0363519
2014-01-13,1.1148566,1.1118364,1.0765771,1.07366,1.105565,1.1025699,1.0402719,1.037453
2014-01-14,1.1148576,1.1118364,1.0746188,1.0717061,1.1055659,1.1025699,1.0382549,1.0354406
2014-01-15,1.1148588,1.1118364,1.07462,1.0717061,1.1055671,1.1025699,1.038256,1.0354406
2014-01-16,1.11486,1.1118364,1.0746212,1.0717061,1.1055683,1.1025699,1.0382572,1.0354406
2014-01-17,1.1148612,1.1118364,1.0746223,1.0717061,1.1055695,1.1025699,1.0382583,1.0354406
2014-01-21,1.1148673,1.1118364,1.0744994,1.0715776,1.1055756,1.1025699,1.0380151,1.0351925
2014-01-22,1.1148686,1.1118364,1.0760989,1.0731716,1.1055768,1.1025699,1.0395603,1.0367323
2014-01-23,1.1148698,1.1118364,1.0735847,1.0706631,1.105578,1.1025699,1.0371315,1.0343089
2014-01-24,1.114871,1.1118364,1.0726734,1.069753,1.1055792,1.1025699,1.0362511,1.0334298
2014-01-27,1.1148049,1.1117668,1.0729048,1.0699803,1.1054445,1.1024319,1.0364747,1.0336494
2014-01-28,1.1169089,1.1138636,1.0720077,1.0690842,1.1075308,1.104511,1.0354007,1.0325769
2014-01-29,1.1212472,1.1181885,1.0730761,1.0701482,1.1118327,1.1087996,1.0364326,1.0336046
2014-01-30,1.1198801,1.116824,1.0731751,1.0702458,1.1104771,1.1074466,1.0364753,1.033646
2014-01-31,1.1221712,1.1191081,1.0753857,1.0724498,1.1126794,1.1096423,1.0386103,1.0357747
2014-02-03,1.122173,1.1191081,1.0804754,1.0775238,1.1126813,1.1096423,1.043526,1.0406752
2014-02-04,1.1221745,1.1191081,1.0785884,1.0756404,1.1126828,1.1096423,1.0415361,1.0386893
2014-02-05,1.1221764,1.1191081,1.0774087,1.0744623,1.1126846,1.1096423,1.040397,1.0375516
2014-02-06,1.1221785,1.1191081,1.076198,1.0732527,1.1126867,1.1096423,1.0391539,1.0363099
2014-02-07,1.1221807,1.1191081,1.0750717,1.0721275,1.1126889,1.1096423,1.0380664,1.0352234
2014-02-10,1.1221881,1.1191081,1.075151,1.0721995,1.1126962,1.1096423,1.038143,1.035293
2014-02-11,1.1221902,1.1191081,1.0763147,1.073358,1.1126983,1.1096423,1.0390663,1.0362118
2014-02-12,1.1221918,1.1191081,1.0765853,1.0736263,1.1126998,1.1096423,1.0393274,1.0364708
2014-02-13,1.1221933,1.1191081,1.0769206,1.0739593,1.1127014,1.1096423,1.0396097,1.0367509
2014-02-14,1.1221942,1.1191081,1.0768003,1.0738384,1.1127023,1.1096423,1.0394936,1.0366342
2014-02-18,1.1221967,1.1191081,1.0783506,1.0753821,1.1127047,1.1096423,1.0409901,1.0381244
2014-02-19,1.1221982,1.1191081,1.0766097,1.0736445,1.1127062,1.1096423,1.039163,1.0363009
2014-02-20,1.1222001,1.1191081,1.0769353,1.0739675,1.1127081,1.1096423,1.0394489,1.0365843
2014-02-21,1.1222016,1.1191081,1.0769145,1.0739452,1.1127096,1.1096423,1.0394081,1.0365421
2014-02-24,1.1220658,1.1189681,1.0777198,1.074744,1.1124357,1.1093645,1.0401854,1.0373131
2014-02-25,1.1277934,1.1246783,1.0751902,1.0722199,1.1181141,1.1150258,1.0376642,1.0347974
2014-02-26,1.1315483,1.1284214,1.0739276,1.0709592,1.1218369,1.1187367,1.036388,1.0335233
2014-02-27,1.1353158,1.1321769,1.0737479,1.0707785,1.125572,1.12246,1.036158,1.0332925
2014-02-28,1.1316484,1.1285184,1.0720243,1.0690586,1.1217952,1.1186925,1.0344948,1.0316328
2014-03-03,1.1316531,1.1285184,1.0755765,1.0725965,1.1217999,1.1186925,1.0379226,1.0350468
2014-03-04,1.1316546,1.1285184,1.0703182,1.0673513,1.1218014,1.1186925,1.0326883,1.0298257
2014-03-05,1.1316562,1.1285184,1.0700728,1.0671051,1.1218029,1.1186925,1.032394,1.0295308
2014-03-06,1.131658,1.1285184,1.0707895,1.0678181,1.1218048,1.1186925,1.0330333,1.0301666
2014-03-07,1.1316596,1.1285184,1.0749403,1.0719559,1.1218063,1.1186925,1.0370377,1.0341585
2014-03-10,1.1316652,1.1285184,1.0746097,1.0716209,1.1218118,1.1186925,1.0367187,1.0338353
2014-03-11,1.1316667,1.1285184,1.0732425,1.0702561,1.1218134,1.1186925,1.0352198,1.0323391
2014-03-12,1.1316683,1.1285184,1.0713254,1.0683429,1.1218149,1.1186925,1.0333269,1.03045
2014-03-13,1.1316698,1.1285184,1.071323,1.068339,1.1218164,1.1186925,1.0332884,1.0304103
2014-03-14,1.1316714,1.1285184,1.0714533,1.0684675,1.121818,1.1186925,1.0334142,1.0305343
2014-03-17,1.131676,1.1285184,1.0691759,1.066192,1.1218226,1.1186925,1.0312176,1.0283395
2014-03-18,1.1316779,1.1285184,1.0701255,1.0671372,1.1218244,1.1186925,1.031968,1.0290862
2014-03-19,1.1316794,1.1285184,1.0701387,1.0671489,1.121826,1.1186925,1.0319389,1.0290557
2014-03-20,1.1316813,1.1285184,1.071317,1.0683222,1.1218278,1.1186925,1.0330358,1.0301479
2014-03-21,1.1316832,1.1285184,1.0712986,1.0683021,1.1218297,1.1186925,1.0330181,1.0301286
2014-03-24,1.1316887,1.1285184,1.0724355,1.0694305,1.1218352,1.1186925,1.0341144,1.0312167
2014-03-25,1.131547,1.1283752,1.0711454,1.0681423,1.1215523,1.1184085,1.0327218,1.0298264
2014-03-26,1.1368951,1.1337068,1.0697812,1.0667805,1.1268532,1.123693,1.0313534,1.0284603
2014-03-27,1.1379199,1.1347271,1.0693315,1.0663306,1.1278689,1.1247043,1.0308644,1.0279713
2014-03-28,1.1330565,1.1298762,1.0673887,1.064392,1.1230485,1.1198962,1.0289915,1.0261025
2014-03-31,1.1318967,1.1287159,1.0684262,1.0654232,1.1217564,1.1186041,1.0299917,1.0270965
2014-04-01,1.1318982,1.1287159,1.0673433,1.0643418,1.121758,1.1186041,1.0287834,1.0258902
2014-04-02,1.1318995,1.1287159,1.0652622,1.0622654,1.1217592,1.1186041,1.0267227,1.0238342
2014-04-03,1.1319001,1.1287159,1.0652039,1.0622067,1.1217598,1.1186041,1.0266146,1.0237258
2014-04-04,1.1319007,1.1287159,1.0595922,1.0566102,1.1217604,1.1186041,1.0212062,1.0183321
2014-04-07,1.1319035,1.1287159,1.0571859,1.054208,1.1217632,1.1186041,1.018887,1.016017
2014-04-08,1.1319044,1.1287159,1.055522,1.052548,1.1217641,1.1186041,1.0171039,1.014238
2014-04-09,1.1319054,1.1287159,1.0569328,1.0539539,1.121765,1.1186041,1.018406,1.0155356
2014-04-10,1.1319066,1.1287159,1.0577964,1.0548139,1.1217663,1.1186041,1.0191906,1.0163169
2014-04-11,1.1319078,1.1287159,1.0588603,1.0558737,1.1217675,1.1186041,1.0202157,1.017338
2014-04-14,1.1319116,1.1287159,1.0574906,1.0545043,1.1217712,1.1186041,1.018896,1.0160187
2014-04-15,1.1319128,1.1287159,1.057882,1.0548935,1.1217724,1.1186041,1.0191493,1.0162701
2014-04-16,1.1319141,1.1287159,1.0582126,1.0552221,1.1217736,1.1186041,1.0194094,1.0165284
2014-04-17,1.1319153,1.1287159,1.0602725,1.057275,1.1217749,1.1186041,1.0213701,1.0184824
2014-04-21,1.131919,1.1287159,1.0600292,1.0570288,1.1217785,1.1186041,1.0211356,1.0182453
2014-04-22,1.1319203,1.1287159,1.0609327,1.0579286,1.1217798,1.1186041,1.0219259,1.0190322
2014-04-23,1.1319212,1.1287159,1.0592994,1.0562991,1.1217807,1.1186041,1.0203131,1.0174231
2014-04-24,1.131844,1.1286383,1.0591705,1.05617,1.1216271,1.1184503,1.020144,1.0172539
2014-04-25,1.1330858,1.1298763,1.0600223,1.0570191,1.1228577,1.1196771,1.0209644,1.0180717
2014-04-28,1.1333648,1.1301517,1.0602154,1.057209,1.1231342,1.11995,1.0211503,1.0182547
2014-04-29,1.1325369,1.1293253,1.0592328,1.0562283,1.1223138,1.1191311,1.0200609,1.0171674
2014-04-30,1.1361865,1.1329638,1.0601217,1.0571141,1.1258532,1.1226599,1.020871,1.0179747
2014-05-01,1.1361874,1.1329638,1.0593762,1.0563699,1.1258541,1.1226599,1.0201124,1.0172174
2014-05-02,1.1361883,1.1329638,1.0582515,1.0552475,1.1258551,1.1226599,1.0190294,1.0161366
2014-05-05,1.1361902,1.1329638,1.0601217,1.0571107,1.1258569,1.1226599,1.0208303,1.0179308
2014-05-06,1.1361911,1.1329638,1.0586936,1.0556857,1.1258578,1.1226599,1.0192976,1.0164016
2014-05-07,1.1361921,1.1329638,1.0598422,1.0568302,1.1258588,1.1226599,1.0203379,1.0174381
2014-05-08,1.136193,1.1329638,1.061529,1.0585114,1.1258597,1.1226599,1.021911,1.0190059
2014-05-09,1.1361939,1.1329638,1.0601549,1.0571403,1.1258606,1.1226599,1.0205881,1.0176859
2014-05-12,1.1361967,1.1329638,1.0576495,1.0546395,1.1258634,1.1226599,1.0181763,1.0152785
2014-05-13,1.1361977,1.1329638,1.0608941,1.0578739,1.1258643,1.1226599,1.0212055,1.0182982
2014-05-14,1.1361986,1.1329638,1.0660521,1.0630164,1.1258653,1.1226599,1.0261373,1.0232151
2014-05-15,1.1361995,1.1329638,1.0675255,1.0644847,1.1258662,1.1226599,1.02753,1.024603
2014-05-16,1.1362005,1.1329638,1.0675264,1.0644847,1.1258671,1.1226599,1.0275308,1.024603
2014-05-19,1.1362033,1.1329638,1.0674011,1.0643571,1.1258699,1.1226599,1.027287,1.0243574
2014-05-20,1.1362042,1.1329638,1.0667215,1.0636786,1.1258708,1.1226599,1.026633,1.0237044
2014-05-21,1.1362051,1.1329638,1.0676291,1.0645827,1.1258717,1.1226599,1.0275065,1.0245745
2014-05-22,1.1362064,1.1329638,1.0683109,1.0652614,1.125873,1.1226599,1.0281626,1.0252277
2014-05-23,1.1360281,1.1327851,1.0676307,1.0645823,1.1255187,1.1223057,1.027508,1.0245741
2014-05-27,1.1385749,1.1353197,1.0673795,1.0643271,1.128042,1.1248168,1.0270199,1.0240829
2014-05-28,1.1506771,1.147386,1.0689678,1.0659098,1.1400322,1.1367715,1.0285477,1.0256052
2014-05-29,1.1490692,1.1457815,1.0687318,1.0656733,1.1384392,1.1351818,1.0283207,1.0253777
2014-05-30,1.1466396,1.1433575,1.0682729,1.0652146,1.1358524,1.1326012,1.0278791,1.0249363
2014-06-02,1.1466433,1.1433575,1.0664212,1.0633646,1.1358561,1.1326012,1.0260974,1.0231563
2014-06-03,1.1466446,1.1433575,1.0659201,1.0628638,1.1358574,1.1326012,1.0253693,1.0224292
2014-06-04,1.1466458,1.1433575,1.0656908,1.062634,1.1358586,1.1326012,1.0251473,1.0222067
2014-06-05,1.1466471,1.1433575,1.0647645,1.0617092,1.1358599,1.1326012,1.0242562,1.021317
2014-06-06,1.1466484,1.1433575,1.0663661,1.063305,1.1358611,1.1326012,1.025797,1.0228522
2014-06-09,1.1466521,1.1433575,1.0677476,1.064679,1.1358648,1.1326012,1.0271258,1.0241739
2014-06-10,1.1466534,1.1433575,1.0684188,1.0653471,1.1358661,1.1326012,1.0275253,1.0245711
2014-06-11,1.1466546,1.1433575,1.0688654,1.0657913,1.1358673,1.1326012,1.0279531,1.0249965
2014-06-12,1.1466559,1.1433575,1.0698252,1.0667472,1.1358686,1.1326012,1.0288761,1.0259158
2014-06-13,1.1466571,1.1433575,1.0677536,1.0646804,1.1358698,1.1326012,1.0268838,1.0239281
2014-06-16,1.1466609,1.1433575,1.0666243,1.0635508,1.1358736,1.1326012,1.0257977,1.0228418
2014-06-17,1.1466622,1.1433575,1.065002,1.061932,1.1358748,1.1326012,1.0240305,1.0210785
2014-06-18,1.1466634,1.1433575,1.0646965,1.0616262,1.135876,1.1326012,1.0237026,1.0207505
2014-06-19,1.1466644,1.1433575,1.062658,1.0595927,1.135877,1.1326012,1.02173,1.0187827
2014-06-20,1.146665,1.1433575,1.0631583,1.060091,1.1358776,1.1326012,1.0222111,1.0192618
2014-06-23,1.1466669,1.1433575,1.0632797,1.0602103,1.1358795,1.1326012,1.0223278,1.0193765
2014-06-24,1.1464718,1.143162,1.0617323,1.0586665,1.135492,1.1322139,1.0206724,1.0177251
2014-06-25,1.1516856,1.1483599,1.0612469,1.0581816,1.1406559,1.137362,1.0201402,1.0171935
2014-06-26,1.1579704,1.1546256,1.062922,1.0598511,1.1468805,1.1435677,1.0217253,1.0187732
2014-06-27,1.1583227,1.1549756,1.0633708,1.0602974,1.1472294,1.1439144,1.0221566,1.0192022
2014-06-30,1.1598831,1.1565286,1.0642848,1.0612061,1.1485788,1.145257,1.0230352,1.0200757
2014-07-01,1.1598844,1.1565286,1.0621702,1.0590965,1.14858,1.145257,1.0208791,1.0179247
2014-07-02,1.159885,1.1565286,1.06166,1.0585871,1.1485807,1.145257,1.0203323,1.017379
2014-07-03,1.1598857,1.1565286,1.0627058,1.0596294,1.1485813,1.145257,1.0213249,1.0183681
2014-07-07,1.1598869,1.1565286,1.060276,1.0572055,1.1485825,1.145257,1.0189897,1.0160386
2014-07-08,1.1598882,1.1565286,1.0563251,1.0532648,1.1485838,1.145257,1.015101,1.0121601
2014-07-09,1.1598892,1.1565286,1.054752,1.0516954,1.1485848,1.145257,1.0135106,1.0105734
2014-07-10,1.1598901,1.1565286,1.0575632,1.0544977,1.1485857,1.145257,1.0161664,1.0132207
2014-07-11,1.1598907,1.1565286,1.059018,1.0559476,1.1485863,1.145257,1.0175642,1.0146139
2014-07-14,1.1598926,1.1565286,1.0563622,1.0532978,1.1485882,1.145257,1.0150124,1.0120679
2014-07-15,1.1598936,1.1565286,1.0552217,1.0521597,1.1485892,1.145257,1.0138253,1.0108833
2014-07-16,1.1598942,1.1565286,1.0556661,1.0526023,1.1485898,1.145257,1.014213,1.0112693
2014-07-17,1.1598949,1.1565286,1.0577024,1.0546321,1.1485904,1.145257,1.0161474,1.0131976
2014-07-18,1.1598955,1.1565286,1.057703,1.0546321,1.148591,1.145257,1.016148,1.0131976
2014-07-21,1.1598974,1.1565286,1.057578,1.0545057,1.1485929,1.145257,1.0159061,1.0129547
2014-07-22,1.1598984,1.1565286,1.0566794,1.0536088,1.1485939,1.145257,1.0150424,1.0120927
2014-07-23,1.1598993,1.1565286,1.0560017,1.0529322,1.1485948,1.145257,1.0143914,1.0114428
2014-07-24,1.1599003,1.1565286,1.0571501,1.0540765,1.1485958,1.145257,1.0154946,1.0125419
2014-07-25,1.159797,1.1564247,1.0569139,1.0538401,1.1483902,1.1450511,1.0152677,1.0123149
2014-07-28,1.1575817,1.154213,1.0569308,1.0538543,1.1461968,1.1428612,1.0150692,1.0121145
2014-07-29,1.1605348,1.1571563,1.0570719,1.0539939,1.1491208,1.1457755,1.0151853,1.0122291
2014-07-30,1.1520273,1.1486729,1.0544697,1.0513987,1.140697,1.1373755,1.0126674,1.009718
2014-07-31,1.1513742,1.1480204,1.0556918,1.052616,1.1399477,1.1366272,1.013841,1.0108871
2014-08-01,1.1513751,1.1480204,1.0617381,1.0586439,1.1399487,1.1366272,1.0196477,1.016676
2014-08-04,1.151378,1.1480204,1.0621743,1.0590762,1.1399515,1.1366272,1.0199731,1.016998
2014-08-05,1.1513792,1.1480204,1.0619168,1.0588183,1.1399527,1.1366272,1.0195953,1.0166202
2014-08-06,1.1513802,1.1480204,1.0617098,1.058611,1.1399537,1.1366272,1.019358,1.0163827
2014-08-07,1.1513811,1.1480204,1.0596968,1.056603,1.1399546,1.1366272,1.0174252,1.0144548
2014-08-08,1.1513821,1.1480204,1.0597937,1.0566987,1.1399555,1.1366272,1.0175183,1.0145467
2014-08-11,1.1513849,1.1480204,1.0601109,1.0570125,1.1399584,1.1366272,1.0178229,1.0148479
2014-08-12,1.1513862,1.1480204,1.0598946,1.0567956,1.1399596,1.1366272,1.0173936,1.0144188
2014-08-13,1.1513871,1.1480204,1.0599395,1.0568395,1.1399605,1.1366272,1.0173964,1.0144207
2014-08-14,1.1513884,1.1480204,1.0605253,1.0574225,1.1399618,1.1366272,1.0179587,1.0149803
2014-08-15,1.1513896,1.1480204,1.0617726,1.0586649,1.139963,1.1366272,1.0191559,1.0161729
2014-08-18,1.1513925,1.1480204,1.0608843,1.0577766,1.1399659,1.1366272,1.0183033,1.0153202
2014-08-19,1.1513934,1.1480204,1.0599043,1.0567986,1.1399668,1.1366272,1.0171418,1.0141614
2014-08-20,1.1513944,1.1480204,1.0615914,1.0584799,1.1399677,1.1366272,1.0187277,1.0157418
2014-08-21,1.1513956,1.1480204,1.0613056,1.0581938,1.139969,1.1366272,1.0184535,1.0154672
2014-08-22,1.1513963,1.1480204,1.062782,1.0596653,1.1399696,1.1366272,1.0198703,1.0168794
2014-08-25,1.1512134,1.1478353,1.0632969,1.0601761,1.1396047,1.1362606,1.0203645,1.0173695
2014-08-26,1.1535189,1.1501327,1.0624305,1.059311,1.141887,1.1385349,1.0193118,1.0163188
2014-08-27,1.1578077,1.154408,1.0622982,1.0591783,1.1461325,1.1427671,1.0191599,1.0161665
2014-08-28,1.1621128,1.1586991,1.0636314,1.0605064,1.1503942,1.1470149,1.0204389,1.0174407
2014-08-29,1.1605971,1.157187,1.064533,1.0614045,1.1487083,1.1453331,1.0213039,1.0183023
2014-09-02,1.1606009,1.157187,1.0614752,1.0583521,1.1487121,1.1453331,1.0183702,1.0153739
2014-09-03,1.1606019,1.157187,1.061709,1.0585844,1.148713,1.1453331,1.0184465,1.0154491
2014-09-04,1.1606029,1.157187,1.0624776,1.0593499,1.148714,1.1453331,1.0191493,1.016149
2014-09-05,1.1606038,1.157187,1.0631226,1.0599921,1.1487149,1.1453331,1.019768,1.016765
2014-09-08,1.1606067,1.157187,1.0631817,1.0600484,1.1487177,1.1453331,1.0198247,1.0168191
2014-09-09,1.1606073,1.157187,1.0646696,1.0615314,1.1487184,1.1453331,1.0211585,1.0181484
2014-09-10,1.1606079,1.157187,1.0661573,1.0630141,1.148719,1.1453331,1.0225277,1.019513
2014-09-11,1.1606086,1.157187,1.0656411,1.0624988,1.1487196,1.1453331,1.0220003,1.0189866
2014-09-12,1.1606092,1.157187,1.0629143,1.0597795,1.1487203,1.1453331,1.0193852,1.0163787
2014-09-15,1.1606111,1.157187,1.0642081,1.0610678,1.1487221,1.1453331,1.0206261,1.0176142
2014-09-16,1.1606118,1.157187,1.0648894,1.0617464,1.1487228,1.1453331,1.0211158,1.0181019
2014-09-17,1.1606124,1.157187,1.0649382,1.0617945,1.1487234,1.1453331,1.0211067,1.0180923
2014-09-18,1.160613,1.157187,1.066942,1.0637918,1.148724,1.1453331,1.0229863,1.0199658
2014-09-19,1.1606137,1.157187,1.0652905,1.0621446,1.1487247,1.1453331,1.0214029,1.0183865
2014-09-22,1.1606156,1.157187,1.061647,1.0585101,1.1487265,1.1453331,1.0179094,1.0149017
2014-09-23,1.1606159,1.157187,1.0590993,1.0559697,1.1487269,1.1453331,1.0153268,1.0123264
2014-09-24,1.1604209,1.1569922,1.0606868,1.0575522,1.1483405,1.1449475,1.0167774,1.0137724
2014-09-25,1.1708109,1.1673509,1.0617745,1.0586361,1.1586223,1.1551984,1.0177565,1.0147481
2014-09-26,1.1638229,1.1603833,1.0582137,1.0550855,1.1517071,1.1483033,1.0143433,1.0113447
2014-09-29,1.1711178,1.1676557,1.0607791,1.0576424,1.158926,1.1554999,1.0168023,1.0137956
2014-09-30,1.1681253,1.1646713,1.0595449,1.0564113,1.1557696,1.1523522,1.0154795,1.0124762
2014-10-01,1.1681259,1.1646713,1.0643133,1.0611651,1.1557702,1.1523522,1.0199758,1.0169586
2014-10-02,1.1681265,1.1646713,1.0646697,1.0615198,1.1557709,1.1523522,1.0202646,1.017246
2014-10-03,1.1681269,1.1646713,1.0658161,1.0626626,1.1557712,1.1523522,1.0213632,1.0183411
2014-10-06,1.1681278,1.1646713,1.0631808,1.0600341,1.1557721,1.1523522,1.0188378,1.0158223
2014-10-07,1.1681285,1.1646713,1.0570879,1.0539587,1.1557728,1.1523522,1.0128365,1.0098382
2014-10-08,1.1681291,1.1646713,1.0580576,1.054925,1.1557734,1.1523522,1.0136924,1.0106911
2014-10-09,1.1681294,1.1646713,1.0585365,1.0554022,1.1557737,1.1523522,1.0141125,1.0111096
2014-10-10,1.1681297,1.1646713,1.0605431,1.0574025,1.155774,1.1523522,1.0160349,1.013026
2014-10-14,1.168131,1.1646713,1.0697793,1.0666102,1.1557753,1.1523522,1.0248834,1.0218472
2014-10-15,1.1681317,1.1646713,1.0804307,1.0772295,1.1557759,1.1523522,1.0349948,1.0319281
2014-10-16,1.1681323,1.1646713,1.0762902,1.0731006,1.1557766,1.1523522,1.0309929,1.0279375
2014-10-17,1.1681333,1.1646713,1.0753835,1.0721957,1.1557775,1.1523522,1.0301054,1.0270518
2014-10-20,1.1681352,1.1646713,1.0753852,1.0721957,1.1557794,1.1523522,1.0301071,1.0270518
2014-10-21,1.1681358,1.1646713,1.0752825,1.0720927,1.15578,1.1523522,1.0299098,1.0268545
2014-10-22,1.1681365,1.1646713,1.0760014,1.0728089,1.1557807,1.1523522,1.0305847,1.0275268
2014-10-23,1.1681371,1.1646713,1.077584,1.0743862,1.1557813,1.1523522,1.032086,1.0290231
2014-10-24,1.1681374,1.1646713,1.0771221,1.0739254,1.1557816,1.1523522,1.0316436,1.0285817
2014-10-27,1.1680571,1.1645903,1.0759508,1.0727567,1.1556217,1.1521917,1.0305217,1.0274624
2014-10-28,1.1663275,1.1628652,1.0765733,1.0733767,1.1539105,1.150485,1.0309681,1.0279069
2014-10-29,1.1617212,1.1582719,1.077291,1.0740917,1.1493532,1.1459406,1.0316124,1.0285487
2014-10-30,1.1632995,1.1598446,1.0779699,1.0747677,1.1509148,1.1474966,1.0322171,1.0291507
2014-10-31,1.1607777,1.15733,1.0755936,1.0723982,1.1483397,1.1449289,1.0299417,1.0268818
2014-11-03,1.1607787,1.15733,1.0741654,1.0709733,1.1483406,1.1449289,1.0285477,1.0254911
2014-11-04,1.1607793,1.15733,1.074136,1.0709434,1.1483413,1.1449289,1.0284362,1.0253793
2014-11-05,1.1607803,1.15733,1.07433,1.071136,1.1483422,1.1449289,1.0285739,1.0255158
2014-11-06,1.1607812,1.15733,1.0753898,1.0721918,1.1483432,1.1449289,1.0295577,1.0264959
2014-11-07,1.1607822,1.15733,1.0711143,1.0679281,1.1483441,1.1449289,1.0254645,1.0224139
2014-11-10,1.160785,1.15733,1.0741477,1.0709498,1.1483469,1.1449289,1.0282465,1.0251852
2014-11-12,1.1607863,1.15733,1.0735455,1.0703483,1.1483482,1.1449289,1.0276066,1.0245461
2014-11-13,1.160787,1.15733,1.0750147,1.0718125,1.1483488,1.1449289,1.0289737,1.0259085
2014-11-14,1.1607876,1.15733,1.0773971,1.0741872,1.1483495,1.1449289,1.0312541,1.0281816
2014-11-17,1.1607895,1.15733,1.0761681,1.0729601,1.1483513,1.1449289,1.0300759,1.0270052
2014-11-18,1.1607905,1.15733,1.0774501,1.0742374,1.1483523,1.1449289,1.0311805,1.0281056
2014-11-19,1.1607911,1.15733,1.0762793,1.0730695,1.1483529,1.1449289,1.0299991,1.0269272
2014-11-20,1.1607914,1.15733,1.0755401,1.0723322,1.1483532,1.1449289,1.0292711,1.0262011
2014-11-21,1.1606376,1.157176,1.0745659,1.0713604,1.1480482,1.1446242,1.0283388,1.0252711
2014-11-24,1.1625554,1.1590871,1.0736966,1.0704927,1.1499453,1.1465146,1.0274244,1.0243585
2014-11-25,1.1694133,1.1659239,1.0721509,1.0689511,1.1567288,1.1532772,1.025893,1.0228311
2014-11-26,1.1738285,1.1703253,1.0724369,1.0692356,1.1610961,1.1576309,1.0261078,1.0230447
2014-11-28,1.1792126,1.175692,1.0755381,1.0723264,1.1662672,1.1627853,1.029075,1.026002
2014-12-01,1.1792145,1.175692,1.0748038,1.0715925,1.1662692,1.1627853,1.0283724,1.0252998
2014-12-02,1.1792155,1.175692,1.0691251,1.0659299,1.1662701,1.1627853,1.0227768,1.0197201
2014-12-03,1.1792164,1.175692,1.0694284,1.0662314,1.1662711,1.1627853,1.0230112,1.0199529
2014-12-04,1.1792168,1.175692,1.0687522,1.065557,1.1662714,1.1627853,1.0223151,1.0192586
2014-12-05,1.1792174,1.175692,1.075486,1.07227,1.166272,1.1627853,1.0287563,1.0256799
2014-12-08,1.1792193,1.175692,1.0720495,1.0688421,1.1662739,1.1627853,1.0254692,1.022401
2014-12-09,1.1792203,1.175692,1.068881,1.0656821,1.1662749,1.1627853,1.022281,1.0192215
2014-12-10,1.1792216,1.175692,1.0676736,1.0644772,1.1662762,1.1627853,1.0210821,1.0180251
2014-12-11,1.1792226,1.175692,1.0659075,1.0627155,1.1662771,1.1627853,1.0193626,1.0163099
2014-12-12,1.1792235,1.175692,1.0705318,1.0673251,1.1662781,1.1627853,1.0237849,1.0207181
2014-12-15,1.1792255,1.175692,1.0688842,1.0656807,1.16628,1.1627853,1.0221741,1.0191105
2014-12-16,1.1792268,1.175692,1.0709599,1.067749,1.1662813,1.1627853,1.0240713,1.0210009
2014-12-17,1.1792277,1.175692,1.0709281,1.0677164,1.1662823,1.1627853,1.0239985,1.0209275
2014-12-18,1.1792287,1.175692,1.0723088,1.0690921,1.1662832,1.1627853,1.0253086,1.0222327
2014-12-19,1.17923,1.175692,1.0719263,1.0687096,1.1662845,1.1627853,1.0249428,1.021867
2014-12-22,1.1792339,1.175692,1.0719062,1.068686,1.1662883,1.1627853,1.0248161,1.0217373
2014-12-23,1.1792355,1.175692,1.0741336,1.0709052,1.1662899,1.1627853,1.0269104,1.0238239
2014-12-24,1.1790983,1.1755542,1.073888,1.0706595,1.1660175,1.1625128,1.0266214,1.0235349
2014-12-26,1.180079,1.1765314,1.074199,1.070969,1.1669874,1.1634791,1.0269187,1.0238307
2014-12-29,1.1859656,1.1823994,1.0775618,1.0743208,1.1728087,1.169282,1.0301335,1.027035
2014-12-30,1.1889241,1.185348,1.079231,1.0759841,1.1757343,1.1721978,1.0316566,1.0285527
2014-12-31,1.1922448,1.1886577,1.0806679,1.0774158,1.1788804,1.1753334,1.0330068,1.029898
2015-01-02,1.1922474,1.1886577,1.0817689,1.0785111,1.1788829,1.1753334,1.0340329,1.0309187
2015-01-05,1.1922493,1.1886577,1.0816944,1.0784351,1.1788849,1.1753334,1.0338888,1.0307734
2015-01-06,1.1922503,1.1886577,1.0804489,1.0771924,1.1788858,1.1753334,1.03267,1.0295574
2015-01-07,1.1922513,1.1886577,1.0792533,1.0759996,1.1788868,1.1753334,1.0315085,1.0283985
2015-01-08,1.1922523,1.1886577,1.0828579,1.0795924,1.1788878,1.1753334,1.0349536,1.0318324
2015-01-09,1.1922533,1.1886577,1.0787642,1.0755102,1.1788888,1.1753334,1.031041,1.0279308
2015-01-12,1.1922552,1.1886577,1.0739336,1.0706924,1.1788907,1.1753334,1.026276,1.0231785
2015-01-13,1.1922562,1.1886577,1.0737222,1.0704807,1.1788917,1.1753334,1.0260169,1.0229194
2015-01-14,1.1922572,1.1886577,1.0757305,1.0724821,1.1788926,1.1753334,1.0278986,1.0247945
2015-01-15,1.1922585,1.1886577,1.0806902,1.0774256,1.1788939,1.1753334,1.0326377,1.0295181
2015-01-16,1.1922595,1.1886577,1.0768631,1.0736092,1.1788949,1.1753334,1.0289807,1.0258714
2015-01-20,1.1922634,1.1886577,1.0778041,1.0745438,1.1788988,1.1753334,1.0298047,1.0266895
2015-01-21,1.1922644,1.1886577,1.0747531,1.0715011,1.1788997,1.1753334,1.0268151,1.0237081
2015-01-22,1.1922653,1.1886577,1.07399,1.0707395,1.1789007,1.1753334,1.0260397,1.0229342
2015-01-23,1.1922663,1.1886577,1.0716382,1.0683939,1.1789017,1.1753334,1.0237929,1.0206934
2015-01-26,1.1921926,1.1885823,1.0729343,1.0696844,1.178754,1.1751843,1.0250311,1.0219262
2015-01-27,1.1935348,1.1899194,1.0720701,1.0688219,1.1800811,1.1765064,1.0242055,1.0211023
2015-01-28,1.2005177,1.1968804,1.0684139,1.0651762,1.1869852,1.1833889,1.0205781,1.0174852
2015-01-29,1.1980873,1.1944568,1.068739,1.0654997,1.1845822,1.1809926,1.0208191,1.017725
2015-01-30,1.2039428,1.2002935,1.0748376,1.0715789,1.1902965,1.1866886,1.0266442,1.0235316
2015-02-02,1.2039448,1.2002935,1.0751609,1.0718996,1.1902985,1.1866886,1.0269531,1.0238378
2015-02-03,1.2039454,1.2002935,1.0694497,1.0662051,1.1902991,1.1866886,1.0214979,1.0183987
2015-02-04,1.2039461,1.2002935,1.0684674,1.0652252,1.1902998,1.1866886,1.0204445,1.0173478
2015-02-05,1.2039464,1.2002935,1.0683459,1.0651037,1.1903001,1.1866886,1.020271,1.0171746
2015-02-06,1.2039471,1.2002935,1.0745245,1.071263,1.1903008,1.1866886,1.0261716,1.0230568
2015-02-09,1.203949,1.2002935,1.074988,1.0717233,1.1903027,1.1866886,1.0266142,1.0234963
2015-02-10,1.2039494,1.2002935,1.0770495,1.0737783,1.1903031,1.1866886,1.0285079,1.025384
2015-02-11,1.2039497,1.2002935,1.0769849,1.0737136,1.1903034,1.1866886,1.0283954,1.0252716
2015-02-12,1.20395,1.2002935,1.0781696,1.0748944,1.1903037,1.1866886,1.0294959,1.0263685
2015-02-13,1.2039507,1.2002935,1.0762262,1.0729562,1.1903044,1.1866886,1.0276402,1.0245178
2015-02-17,1.203952,1.2002935,1.0688762,1.0656275,1.1903057,1.1866886,1.020594,1.0174919
2015-02-18,1.2039527,1.2002935,1.0738187,1.0705543,1.1903063,1.1866886,1.0252175,1.0221008
2015-02-19,1.2039533,1.2002935,1.0728657,1.0696037,1.190307,1.1866886,1.0242607,1.0211463
2015-02-20,1.203954,1.2002935,1.0739952,1.0707291,1.1903076,1.1866886,1.0253237,1.0222055
2015-02-23,1.2038382,1.2001761,1.0702934,1.0670368,1.1900767,1.1864565,1.0217896,1.0186805
2015-02-24,1.2132344,1.2095431,1.0653425,1.0621004,1.1993655,1.1957164,1.0169677,1.0138727
2015-02-25,1.2138664,1.2101725,1.065101,1.0618591,1.1999902,1.1963385,1.0166968,1.013602
2015-02-26,1.2077617,1.2040857,1.063656,1.0604179,1.1939553,1.1903213,1.0152735,1.0121826
2015-02-27,1.2097392,1.2060562,1.0654468,1.0622024,1.1957935,1.1921529,1.0169829,1.0138859
2015-03-02,1.2097412,1.2060562,1.0608314,1.0575992,1.1957955,1.1921529,1.0125773,1.0094921
2015-03-03,1.2097419,1.2060562,1.0583819,1.0551567,1.1957961,1.1921529,1.0101126,1.0070344
2015-03-04,1.2097425,1.2060562,1.0585863,1.0553598,1.1957968,1.1921529,1.010267,1.0071877
2015-03-05,1.2097429,1.2060562,1.0577744,1.0545501,1.1957971,1.1921529,1.0094573,1.0063802
2015-03-06,1.2097435,1.2060562,1.065938,1.0626883,1.1957977,1.1921529,1.017248,1.0141466
2015-03-09,1.2097445,1.2060562,1.0629176,1.0596762,1.1957987,1.1921529,1.0143656,1.0112721
2015-03-10,1.2097452,1.2060562,1.0590997,1.0558694,1.1957994,1.1921529,1.0106014,1.0075189
2015-03-11,1.2097459,1.2060562,1.0580341,1.0548064,1.1958,1.1921529,1.0095525,1.0064727
2015-03-12,1.2097468,1.2060562,1.0590322,1.0558006,1.195801,1.1921529,1.0104848,1.0074012
2015-03-13,1.2097478,1.2060562,1.0590927,1.05586,1.195802,1.1921529,1.0105425,1.0074579
2015-03-16,1.2097508,1.2060562,1.0594064,1.0561702,1.195805,1.1921529,1.0108418,1.0077539
2015-03-17,1.2097525,1.2060562,1.0598187,1.0565798,1.1958066,1.1921529,1.0111408,1.0080506
2015-03-18,1.2097541,1.2060562,1.0599902,1.0567493,1.1958082,1.1921529,1.0112739,1.0081818
2015-03-19,1.2097551,1.2060562,1.0620726,1.0588245,1.1958092,1.1921529,1.0132333,1.0101345
2015-03-20,1.2097561,1.2060562,1.0588374,1.0555984,1.1958102,1.1921529,1.010147,1.0070567
2015-03-23,1.2097571,1.2060562,1.0579945,1.0547572,1.1958112,1.1921529,1.0093428,1.0062542
2015-03-24,1.2097581,1.2060562,1.0561193,1.0528868,1.1958122,1.1921529,1.0074577,1.0043741
2015-03-25,1.2096447,1.2059425,1.0574392,1.0542021,1.1955873,1.1919281,1.0086783,1.0055903
2015-03-26,1.2021632,1.1984826,1.0573354,1.0540975,1.1881928,1.1845549,1.0085375,1.0054489
2015-03-27,1.2079928,1.2042934,1.0611196,1.0578692,1.1939546,1.1902981,1.012147,1.0090465
2015-03-30,1.2067851,1.2030853,1.0602095,1.0569584,1.1927609,1.1891041,1.0112789,1.0081778
2015-03-31,1.2107078,1.2069947,1.0627407,1.0594807,1.1965255,1.1928559,1.0135722,1.0104629
2015-04-01,1.2107088,1.2069947,1.0642313,1.0609658,1.1965265,1.1928559,1.0149543,1.0118399
2015-04-02,1.2107098,1.2069947,1.0642854,1.0610189,1.1965275,1.1928559,1.0149726,1.0118574
2015-04-03,1.2107104,1.2069947,1.0597228,1.0564698,1.1965282,1.1928559,1.0106215,1.007519
2015-04-06,1.2107124,1.2069947,1.0633144,1.0600486,1.1965301,1.1928559,1.0140466,1.010932
2015-04-07,1.2107134,1.2069947,1.0630795,1.0598136,1.1965311,1.1928559,1.0137056,1.0105912
2015-04-08,1.2107141,1.2069947,1.0626956,1.0594302,1.1965318,1.1928559,1.0132975,1.0101838
2015-04-09,1.2107151,1.2069947,1.0623512,1.059086,1.1965327,1.1928559,1.0129455,1.0098321
2015-04-10,1.2107161,1.2069947,1.0621662,1.0589007,1.1965337,1.1928559,1.0127691,1.0096554
2015-04-13,1.2107181,1.2069947,1.0632533,1.0599828,1.1965357,1.1928559,1.0138057,1.0106871
2015-04-14,1.210719,1.2069947,1.0654461,1.0621679,1.1965367,1.1928559,1.0158384,1.0127127
2015-04-15,1.2107197,1.2069947,1.0655806,1.0623014,1.1965373,1.1928559,1.0159452,1.0128186
2015-04-16,1.2107204,1.2069947,1.0655688,1.0622891,1.196538,1.1928559,1.0159221,1.0127951
2015-04-17,1.210721,1.2069947,1.0655694,1.0622891,1.1965387,1.1928559,1.0159226,1.0127951
2015-04-20,1.210722,1.2069947,1.0655045,1.0622235,1.1965396,1.1928559,1.0157981,1.0126701
2015-04-21,1.210723,1.2069947,1.0653685,1.062087,1.1965406,1.1928559,1.015649,1.0125206
2015-04-22,1.210724,1.2069947,1.0668821,1.0635951,1.1965416,1.1928559,1.0170812,1.0139475
2015-04-23,1.210725,1.2069947,1.065341,1.0620579,1.1965426,1.1928559,1.015612,1.0124821
2015-04-24,1.2106663,1.2069351,1.0632786,1.060001,1.1964255,1.1927382,1.0136459,1.0105212
2015-04-27,1.2101396,1.2064071,1.0638391,1.0605571,1.195905,1.1922164,1.0140864,1.0109579
2015-04-28,1.2077048,1.2039792,1.0648062,1.0615207,1.1934989,1.189817,1.014979,1.0118471
2015-04-29,1.2047466,1.2010295,1.0648819,1.0615955,1.1905755,1.186902,1.015018,1.0118855
2015-04-30,1.2037388,1.2000244,1.0640003,1.0607164,1.1895207,1.1858501,1.0141778,1.0110475
2015-05-01,1.2037391,1.2000244,1.0614403,1.058164,1.189521,1.1858501,1.0117377,1.0086147
2015-05-04,1.2037401,1.2000244,1.061566,1.0582885,1.189522,1.1858501,1.0118263,1.0087022
2015-05-05,1.2037407,1.2000244,1.0601028,1.0568291,1.1895227,1.1858501,1.0103485,1.0072284
2015-05-06,1.2037411,1.2000244,1.0597272,1.0564545,1.189523,1.1858501,1.0099434,1.0068243
2015-05-07,1.2037417,1.2000244,1.0585613,1.0552915,1.1895236,1.1858501,1.0088188,1.0057026
2015-05-08,1.2037421,1.2000244,1.0548831,1.0516244,1.189524,1.1858501,1.0053134,1.0022078
2015-05-11,1.203743,1.2000244,1.0618494,1.0585684,1.1895249,1.1858501,1.0119525,1.0088255
2015-05-12,1.2037437,1.2000244,1.0602659,1.0569891,1.1895256,1.1858501,1.0102997,1.0071773
2015-05-13,1.2037447,1.2000244,1.0626911,1.059406,1.1895266,1.1858501,1.0125608,1.0094306
2015-05-14,1.2037454,1.2000244,1.0648337,1.0615414,1.1895272,1.1858501,1.0145754,1.0114383
2015-05-15,1.2037457,1.2000244,1.0699435,1.0666351,1.1895275,1.1858501,1.019444,1.0162917
2015-05-18,1.2037477,1.2000244,1.0645374,1.061244,1.1895295,1.1858501,1.0142696,1.0111316
2015-05-19,1.2037483,1.2000244,1.063028,1.0597387,1.1895301,1.1858501,1.0127375,1.0096036
2015-05-20,1.203749,1.2000244,1.0614763,1.0581911,1.1895308,1.1858501,1.0112091,1.0080795
2015-05-21,1.2037496,1.2000244,1.0594078,1.0561285,1.1895315,1.1858501,1.0092252,1.0061011
2015-05-22,1.2036166,1.1998911,1.0642071,1.0609124,1.1892679,1.1855868,1.0137972,1.0106584
2015-05-26,1.2140456,1.2102852,1.0589857,1.0557048,1.1995726,1.1958569,1.0087763,1.0056509
2015-05-27,1.2138073,1.2100469,1.0589832,1.0557018,1.1993371,1.1956215,1.008727,1.0056011
2015-05-28,1.2157193,1.2119527,1.0602897,1.0570039,1.2012264,1.1975046,1.0099217,1.0067919
2015-05-29,1.2201322,1.2163516,1.0632174,1.0599223,1.2054533,1.2017181,1.0127103,1.0095715
2015-06-01,1.2201332,1.2163516,1.0563157,1.0530411,1.2054543,1.2017181,1.0061364,1.0030172
2015-06-02,1.2201339,1.2163516,1.0519423,1.0486807,1.2054549,1.2017181,1.0018669,0.99876041
2015-06-03,1.2201342,1.2163516,1.0486447,1.045393,1.2054552,1.2017181,0.99870358,0.99560661
2015-06-04,1.2201349,1.2163516,1.0479633,1.0447131,1.2054559,1.2017181,0.9987071,0.99560957
2015-06-05,1.2201356,1.2163516,1.0542402,1.05097,1.2054566,1.2017181,1.0028866,0.99977558
2015-06-08,1.2201386,1.2163516,1.0517159,1.0484509,1.2054595,1.2017181,1.0009037,0.99779633
2015-06-09,1.2201393,1.2163516,1.0542716,1.0509981,1.2054602,1.2017181,1.0025762,0.99946313
2015-06-10,1.2201399,1.2163516,1.0559266,1.0526474,1.2054609,1.2017181,1.0033934,1.0002772
2015-06-11,1.2201406,1.2163516,1.0553205,1.0520426,1.2054615,1.2017181,1.0029945,0.99987905
2015-06-12,1.2201409,1.2163516,1.0553224,1.0520442,1.2054618,1.2017181,1.0029932,0.99987749
2015-06-15,1.2201429,1.2163516,1.0567736,1.0534891,1.2054638,1.2017181,1.0036923,1.0005727
2015-06-16,1.2201436,1.2163516,1.0581602,1.0548709,1.2054645,1.2017181,1.0043053,1.0011833
2015-06-17,1.2201439,1.2163516,1.0573751,1.0540879,1.2054648,1.2017181,1.0039359,1.0008148
2015-06-18,1.2201443,1.2163516,1.0568723,1.0535865,1.2054651,1.2017181,1.0036853,1.0005647
2015-06-19,1.2201446,1.2163516,1.0520374,1.0487663,1.2054655,1.2017181,1.0014344,0.99832044
2015-06-22,1.2201456,1.2163516,1.0568136,1.0535267,1.2054665,1.2017181,1.0036634,1.0005417
2015-06-23,1.2201459,1.2163516,1.0590335,1.0557395,1.2054668,1.2017181,1.004628,1.001503
2015-06-24,1.2200215,1.2162273,1.0582013,1.0549096,1.2052207,1.2014724,1.0042509,1.0011268
2015-06-25,1.2178106,1.2140229,1.0580796,1.0547879,1.2030365,1.1992947,1.0041541,1.0010301
2015-06-26,1.2098647,1.2061014,1.0541269,1.0508473,1.1951871,1.1914693,1.0022041,0.99908591
2015-06-29,1.2265316,1.2227154,1.063856,1.0605452,1.2116517,1.2078818,1.0069362,1.0038025
2015-06-30,1.2259623,1.2221472,1.0629995,1.0596908,1.2109655,1.207197,1.0066781,1.0035446
2015-07-01,1.2259626,1.2221472,1.0609837,1.057681,1.2109658,1.207197,1.0068699,1.0037355
2015-07-02,1.2259629,1.2221472,1.0607451,1.0574428,1.2109661,1.207197,1.0055917,1.002461
2015-07-06,1.2259643,1.2221472,1.0559713,1.0526827,1.2109675,1.207197,1.0021801,0.99905889
2015-07-07,1.2259649,1.2221472,1.0538579,1.0505754,1.2109681,1.207197,1.0005604,0.99744377
2015-07-08,1.2259656,1.2221472,1.0540337,1.05075,1.2109688,1.207197,1.0005906,0.99747327
2015-07-09,1.2259663,1.2221472,1.0525868,1.049307,1.2109694,1.207197,1.0000425,0.99692638
2015-07-10,1.2259673,1.2221472,1.0453544,1.0420963,1.2109704,1.207197,0.99675884,0.9936521
2015-07-13,1.2259683,1.2221472,1.0447868,1.0415296,1.2109714,1.207197,0.99648555,0.99337885
2015-07-14,1.225969,1.2221472,1.0471674,1.0439023,1.2109721,1.207197,0.99755498,0.9944444
2015-07-15,1.2259693,1.2221472,1.049289,1.0460169,1.2109724,1.207197,0.99847871,0.99536498
2015-07-16,1.22597,1.2221472,1.0497135,1.0464395,1.2109731,1.207197,0.99864715,0.99553235
2015-07-17,1.2259707,1.2221472,1.049714,1.0464395,1.2109738,1.207197,0.9986477,0.99553235
2015-07-20,1.2259737,1.2221472,1.0497166,1.0464395,1.2109767,1.207197,0.99865016,0.99553235
2015-07-21,1.225975,1.2221472,1.049641,1.046363,1.2109781,1.207197,0.99857733,0.99545866
2015-07-22,1.225976,1.2221472,1.0504478,1.0471664,1.2109791,1.207197,0.99896057,0.99583987
2015-07-23,1.2259774,1.2221472,1.0493957,1.0461164,1.2109804,1.207197,0.99844303,0.99532286
2015-07-24,1.2259784,1.2221472,1.0485021,1.0452248,1.2109814,1.207197,0.99800469,0.99488508
2015-07-27,1.2259273,1.2220923,1.0460219,1.0427489,1.2108765,1.2070885,0.9967823,0.99366323
2015-07-28,1.2249521,1.2211184,1.0465137,1.0432377,1.2099133,1.2061266,0.99697436,0.99385333
2015-07-29,1.2237824,1.2199507,1.0465441,1.0432666,1.2087579,1.2049732,0.99698725,0.99386483
2015-07-30,1.2239795,1.2201451,1.0456543,1.0423779,1.2089526,1.2051653,0.99654776,0.99342508
2015-07-31,1.2276332,1.2237851,1.0498292,1.0465376,1.2125071,1.2087064,0.99850851,0.99537778
2015-08-03,1.2276412,1.2237851,1.0516404,1.0483364,1.212515,1.2087064,0.99935367,0.99621374
2015-08-04,1.2276439,1.2237851,1.0470644,1.0437724,1.2125177,1.2087064,0.99715622,0.99402101
2015-08-05,1.2276466,1.2237851,1.0451049,1.0418167,1.2125204,1.2087064,0.9962281,0.99309363
2015-08-06,1.2276493,1.2237851,1.0444288,1.0411405,1.212523,1.2087064,0.99589418,0.99275858
2015-08-07,1.2276506,1.2237851,1.042439,1.0391558,1.2125243,1.2087064,0.99484647,0.99171308
2015-08-10,1.2276567,1.2237851,1.0448922,1.0415962,1.2125303,1.2087064,0.99610271,0.99296047
2015-08-11,1.2276607,1.2237851,1.0387817,1.0355016,1.2125343,1.2087064,0.99304882,0.98991295
2015-08-12,1.2276641,1.2237851,1.03964,1.0363543,1.2125376,1.2087064,0.99346126,0.99032138
2015-08-13,1.2276675,1.2237851,1.0371447,1.033864,1.212541,1.2087064,0.992278,0.98913915
2015-08-14,1.2276708,1.2237851,1.0366127,1.0333309,1.2125443,1.2087064,0.99203885,0.98889804
2015-08-17,1.2276799,1.2237851,1.0390467,1.0357495,1.2125533,1.2087064,0.99328158,0.99012953
2015-08-18,1.2276833,1.2237851,1.0366444,1.0333521,1.2125566,1.2087064,0.9919846,0.98883395
2015-08-19,1.2276856,1.2237851,1.0371332,1.0338373,1.2125589,1.2087064,0.99229228,0.98913875
2015-08-20,1.2276873,1.2237851,1.0379588,1.0346588,1.2125606,1.2087064,0.99276045,0.98960408
2015-08-21,1.227688,1.2237851,1.0344133,1.031124,1.2125612,1.2087064,0.99109812,0.9879465
2015-08-24,1.227691,1.2237851,1.0295799,1.0263035,1.2125642,1.2087064,0.98883033,0.98568348
2015-08-25,1.2275837,1.2236761,1.036826,1.0335249,1.2123504,1.2084912,0.99220421,0.98904501
2015-08-26,1.2260363,1.2221312,1.0369871,1.0336835,1.2108221,1.2069655,0.99230263,0.98914121
2015-08-27,1.2256513,1.2217455,1.0366005,1.0332964,1.2104419,1.2065845,0.99188669,0.98872497
2015-08-28,1.2237191,1.2198174,1.0353947,1.0320927,1.2085337,1.2046804,0.99073293,0.98757326
2015-08-31,1.2218782,1.2179763,1.0346771,1.0313723,1.206608,1.2027549,0.99001569,0.98685344
2015-09-01,1.2218808,1.2179763,1.0353085,1.0319994,1.2066106,1.2027549,0.99059915,0.98743288
2015-09-02,1.2218818,1.2179763,1.035171,1.0318615,1.2066116,1.2027549,0.99045126,0.98728465
2015-09-03,1.2218829,1.2179763,1.0346167,1.0313081,1.2066126,1.2027549,0.98991134,0.98674564
2015-09-04,1.2218835,1.2179763,1.033442,1.0301366,1.2066133,1.2027549,0.98878741,0.98562476
2015-09-08,1.2218862,1.2179763,1.0353351,1.0320214,1.2066159,1.2027549,0.99053681,0.98736641
2015-09-09,1.2218882,1.2179763,1.0348684,1.0315545,1.2066179,1.2027549,0.99006937,0.98689884
2015-09-10,1.2218892,1.2179763,1.0350206,1.0317054,1.2066189,1.2027549,0.99020513,0.98703336
2015-09-11,1.2218899,1.2179763,1.0361532,1.0328338,1.2066196,1.2027549,0.99128871,0.98811292
2015-09-14,1.2218939,1.2179763,1.0359559,1.0326337,1.2066235,1.2027549,0.99109991,0.98792148
2015-09-15,1.2218962,1.2179763,1.0331871,1.0298718,1.2066259,1.2027549,0.9884142,0.98524249
2015-09-16,1.2218986,1.2179763,1.0328384,1.0295223,1.2066282,1.2027549,0.98806483,0.98489235
2015-09-17,1.2219006,1.2179763,1.031738,1.0284237,1.2066302,1.2027549,0.98699843,0.98382775
2015-09-18,1.2219009,1.2179763,1.0302326,1.0269229,1.2066305,1.2027549,0.9855583,0.98239198
2015-09-21,1.2218999,1.2179763,1.0316564,1.0283429,1.2066295,1.2027549,0.98692033,0.98375045
2015-09-22,1.2219003,1.2179763,1.0298807,1.0265727,1.2066298,1.2027549,0.98520665,0.982042
2015-09-23,1.2218999,1.2179763,1.0299806,1.0266726,1.2066295,1.2027549,0.98528724,0.9821226
2015-09-24,1.2217807,1.2178572,1.0301523,1.0268433,1.2063938,1.2025196,0.98543058,0.98226521
2015-09-25,1.2179668,1.2140552,1.029161,1.025855,1.2026279,1.1987655,0.98448237,0.98131978
2015-09-28,1.225993,1.2220566,1.0310512,1.02774,1.210553,1.2066661,0.98629055,0.98312295
2015-09-29,1.2310965,1.2271434,1.0323435,1.0290279,1.2155922,1.2116888,0.98748663,0.98431493
2015-09-30,1.2299088,1.2259592,1.0323864,1.0290703,1.2143006,1.210401,0.98750662,0.98433458
2015-10-01,1.2299085,1.2259592,1.0324796,1.0291635,1.2143003,1.210401,0.98757879,0.98440679
2015-10-02,1.2299078,1.2259592,1.0301915,1.0268833,1.2142996,1.210401,0.98539015,0.98222571
2015-10-05,1.2299078,1.2259592,1.0321746,1.02886,1.2142996,1.210401,0.98728702,0.9841165
2015-10-06,1.2299082,1.2259592,1.0313836,1.0280713,1.2142999,1.210401,0.98646782,0.98329966
2015-10-07,1.2299082,1.2259592,1.0313978,1.0280854,1.2142999,1.210401,0.98645787,0.98328974
2015-10-08,1.2299082,1.2259592,1.0314388,1.0281264,1.2142999,1.210401,0.98648404,0.98331582
2015-10-09,1.2299078,1.2259592,1.0315868,1.0282742,1.2142996,1.210401,0.98662557,0.98345717
2015-10-13,1.2299092,1.2259592,1.0328823,1.0295643,1.2143009,1.210401,0.98786456,0.9846911
2015-10-14,1.2299095,1.2259592,1.0355812,1.0322543,1.2143013,1.210401,0.99041362,0.9872317
2015-10-15,1.2299095,1.2259592,1.0346461,1.0313222,1.2143013,1.210401,0.9895071,0.98632809
2015-10-16,1.2299098,1.2259592,1.0347688,1.0314442,1.2143016,1.210401,0.98961789,0.98643826
2015-10-19,1.2299109,1.2259592,1.0347697,1.0314442,1.2143026,1.210401,0.98961871,0.98643826
2015-10-20,1.2299115,1.2259592,1.0347702,1.0314442,1.2143033,1.210401,0.98961925,0.98643826
2015-10-21,1.2299122,1.2259592,1.0347652,1.0314387,1.2143039,1.210401,0.98960911,0.98642762
2015-10-22,1.2299125,1.2259592,1.034688,1.0313614,1.2143042,1.210401,0.98952914,0.98634763
2015-10-23,1.2299125,1.2259592,1.0354438,1.0321148,1.2143042,1.210401,0.99025196,0.98706813
2015-10-26,1.2298496,1.2258955,1.0352311,1.0319019,1.214179,1.2102752,0.99004853,0.98686454
2015-10-27,1.2322312,1.2282687,1.0347537,1.0314255,1.2165302,1.2126182,0.98959195,0.98640889
2015-10-28,1.2270068,1.2230601,1.0359009,1.0325682,1.2113724,1.2074759,0.99068378,0.98749639
2015-10-29,1.2227098,1.2187756,1.0363143,1.0329791,1.2071301,1.203246,0.99106169,0.98787201
2015-10-30,1.2232121,1.219274,1.0364216,1.033084,1.2075633,1.2036755,0.99116425,0.98797234
2015-11-02,1.2232202,1.219274,1.0359735,1.0326306,1.2075712,1.2036755,0.99070347,0.98750655
2015-11-03,1.2232228,1.219274,1.0359057,1.0325607,1.2075739,1.2036755,0.99062721,0.98742838
2015-11-04,1.2232249,1.219274,1.0364882,1.0331397,1.2075759,1.2036755,0.99116699,0.98796479
2015-11-05,1.2232265,1.219274,1.0365862,1.033236,1.2075775,1.2036755,0.9912494,0.98804558
2015-11-06,1.2232282,1.219274,1.0383061,1.0349489,1.2075792,1.2036755,0.99289406,0.98968357
2015-11-09,1.2232363,1.219274,1.0382679,1.0349041,1.2075871,1.2036755,0.99279281,0.98957614
2015-11-10,1.2232409,1.219274,1.0385441,1.0351753,1.2075918,1.2036755,0.99303325,0.98981201
2015-11-12,1.2232497,1.219274,1.0378855,1.0345115,1.2076004,1.2036755,0.99237959,0.98915341
2015-11-13,1.2232544,1.219274,1.0389987,1.0356171,1.207605,1.2036755,0.993444,0.99021057
2015-11-16,1.2232674,1.219274,1.0392058,1.0358124,1.2076179,1.2036755,0.99361045,0.99036589
2015-11-17,1.2232724,1.219274,1.0396099,1.0362109,1.2076229,1.2036755,0.99395367,0.99070393
2015-11-18,1.2232771,1.219274,1.0401405,1.0367359,1.2076275,1.2036755,0.99443647,0.99118135
2015-11-19,1.2232812,1.219274,1.040605,1.0371955,1.2076315,1.2036755,0.99487401,0.9916142
2015-11-20,1.2232848,1.219274,1.0412212,1.0378065,1.2076351,1.2036755,0.99546305,0.99219832
2015-11-23,1.2231504,1.2191289,1.0406084,1.0371863,1.2073587,1.2033891,0.99480967,0.99153811
2015-11-24,1.2247031,1.2206719,1.040558,1.0371321,1.2088914,1.2049121,0.99473905,0.99146392
2015-11-25,1.2252252,1.2211868,1.0405961,1.0371656,1.2094067,1.2054204,0.99475008,0.99147056
2015-11-27,1.227047,1.22299,1.0408753,1.037433,1.211205,1.2072003,0.99501689,0.99172618
2015-11-30,1.2258829,1.2218126,1.0404084,1.0369532,1.2099118,1.2058945,0.9945706,0.99126751
2015-12-01,1.2258903,1.2218126,1.0424763,1.0390079,1.2099191,1.2058945,0.99647463,0.99315924
2015-12-02,1.2258973,1.2218126,1.0423145,1.0388407,1.2099261,1.2058945,0.9962951,0.99297459
2015-12-03,1.2259044,1.2218126,1.0426418,1.039161,1.209933,1.2058945,0.99658815,0.99326095
2015-12-04,1.2259114,1.2218126,1.04125,1.0377678,1.20994,1.2058945,0.99525783,0.99192936
2015-12-07,1.2259336,1.2218126,1.0397574,1.0362615,1.2099619,1.2058945,0.99383115,0.99048951
2015-12-08,1.2259433,1.2218126,1.0400705,1.0365652,1.2099715,1.2058945,0.99405683,0.99070656
2015-12-09,1.2259524,1.2218126,1.0401035,1.0365905,1.2099804,1.2058945,0.99406913,0.99071149
2015-12-10,1.2259611,1.2218126,1.039626,1.0361072,1.209989,1.2058945,0.99360283,0.99023972
2015-12-11,1.2259692,1.2218126,1.04224,1.0387056,1.209997,1.2058945,0.99610114,0.99272305
2015-12-14,1.2259914,1.2218126,1.0402542,1.0367077,1.2100189,1.2058945,0.99420321,0.99081361
2015-12-15,1.2260001,1.2218126,1.0396835,1.0361315,1.2100275,1.2058945,0.99362095,0.99022628
2015-12-16,1.2260085,1.2218126,1.0393511,1.0357933,1.2100358,1.2058945,0.99329723,0.98989688
2015-12-17,1.2260176,1.2218126,1.0397321,1.0361653,1.2100447,1.2058945,0.99365804,0.99024914
2015-12-18,1.2260253,1.2218126,1.0396984,1.0361251,1.2100524,1.2058945,0.99358725,0.99017234
2015-12-21,1.2260444,1.2218126,1.0397024,1.0361129,1.2100713,1.2058945,0.99357937,0.99014902
2015-12-22,1.2260525,1.2218126,1.0408141,1.0372139,1.2100792,1.2058945,0.99462948,0.991189
2015-12-23,1.2260596,1.2218126,1.0412982,1.0376904,1.2100862,1.2058945,0.99509211,0.99164433
2015-12-24,1.2259258,1.2216726,1.0409166,1.0373045,1.2098155,1.2056182,0.99472751,0.99127556
2015-12-28,1.2274468,1.2231615,1.0407528,1.0371185,1.2113165,1.2070876,0.99449205,0.99101919
2015-12-29,1.2177308,1.2134718,1.041658,1.038014,1.2017283,1.1975252,0.99533312,0.99185107
2015-12-30,1.2169964,1.2127323,1.0419522,1.0383006,1.2010035,1.1967954,0.99558965,0.99210046
2015-12-31,1.2215609,1.2172738,1.0429822,1.0393211,1.2053704,1.2011401,0.99657385,0.99307551
2016-01-04,1.2215823,1.2172738,1.0442024,1.0405187,1.2053915,1.2011401,0.99773972,0.99421987
2016-01-05,1.2215897,1.2172738,1.0444623,1.0407714,1.2053988,1.2011401,0.9979045,0.99437807
2016-01-06,1.2215964,1.2172738,1.0452924,1.041593,1.2054054,1.2011401,0.99867224,0.99513766
2016-01-07,1.2216034,1.2172738,1.0446923,1.0409889,1.2054123,1.2011401,0.99807987,0.99454165
2016-01-08,1.2216101,1.2172738,1.0438084,1.0401025,1.2054189,1.2011401,0.99723541,0.99369474
2016-01-11,1.2216302,1.2172738,1.0437978,1.0400748,1.2054387,1.2011401,0.99722532,0.99366835
2016-01-12,1.2216372,1.2172738,1.0418807,1.0381586,1.2054457,1.2011401,0.99530939,0.99175353
2016-01-13,1.2216442,1.2172738,1.0413301,1.0376039,1.2054526,1.2011401,0.99475706,0.99119747
2016-01-14,1.2216516,1.2172738,1.041822,1.0380879,1.2054599,1.2011401,0.99521376,0.99164657
2016-01-15,1.2216599,1.2172738,1.0447625,1.0410107,1.2054681,1.2011401,0.99802273,0.99443867
2016-01-19,1.2216907,1.2172738,1.044508,1.0407309,1.2054985,1.2011401,0.99773734,0.99412924
2016-01-20,1.2216994,1.2172738,1.0457548,1.0419658,1.2055071,1.2011401,0.99888065,0.99526134
2016-01-21,1.2217081,1.2172738,1.0451031,1.041309,1.2055157,1.2011401,0.99823878,0.9946147
2016-01-22,1.2217175,1.2172738,1.0459239,1.0421188,1.2055249,1.2011401,0.99901615,0.99538163
2016-01-25,1.2216755,1.2172019,1.0456817,1.0418518,1.2054123,1.2009982,0.99878479,0.99512656
2016-01-26,1.2238601,1.2193682,1.0446781,1.040843,1.2075678,1.2031356,0.99776196,0.99409902
2016-01-27,1.2242548,1.2197511,1.0447021,1.0408581,1.2079573,1.2035135,0.99776577,0.99409438
2016-01-28,1.2256754,1.2211557,1.045068,1.0412136,1.2093589,1.2048994,0.99809596,0.99441464
2016-01-29,1.2301054,1.225558,1.0473361,1.0434636,1.2136586,1.209172,1.0002621,0.9965635
2016-02-01,1.2301377,1.225558,1.045593,1.0416995,1.2136905,1.209172,0.99859732,0.99487869
2016-02-02,1.2301495,1.225558,1.049011,1.0450948,1.2137021,1.209172,1.0017931,0.998053
2016-02-03,1.230161,1.225558,1.0485641,1.0446398,1.2137134,1.209172,1.0013402,0.99759257
2016-02-04,1.2301721,1.225558,1.0482054,1.044273,1.2137244,1.209172,1.0009778,0.99722248
2016-02-05,1.2301819,1.225558,1.048217,1.0442763,1.213734,1.209172,1.0009889,0.99722559
2016-02-08,1.2302112,1.225558,1.043638,1.0396896,1.213763,1.209172,0.99661623,0.99284559
2016-02-09,1.230222,1.225558,1.0437211,1.0397633,1.2137736,1.209172,0.99660423,0.99282494
2016-02-10,1.2302321,1.225558,1.0428508,1.0388877,1.2137836,1.209172,0.99574688,0.99196267
2016-02-11,1.2302426,1.225558,1.0445241,1.0405459,1.2137939,1.209172,0.99733138,0.99353273
2016-02-12,1.230252,1.225558,1.0405499,1.0365788,1.2138032,1.209172,0.9935367,0.98974488
2016-02-16,1.2302911,1.225558,1.0394305,1.0354307,1.2138418,1.209172,0.99245567,0.98863652
2016-02-17,1.2303012,1.225558,1.0379731,1.0339704,1.2138518,1.209172,0.99100736,0.98718566
2016-02-18,1.2303113,1.225558,1.0382063,1.0341942,1.2138617,1.209172,0.99121692,0.9873863
2016-02-19,1.2303214,1.225558,1.0389267,1.0349034,1.2138717,1.209172,0.99188593,0.9880446
2016-02-22,1.2303518,1.225558,1.0395984,1.0355469,1.2139017,1.209172,0.99252721,0.98865904
2016-02-23,1.2302284,1.2254241,1.0387463,1.0346888,1.2136473,1.2089077,0.99168979,0.98781595
2016-02-24,1.2311927,1.2263738,1.0386355,1.0345693,1.2145985,1.2098446,0.99156016,0.98767816
2016-02-25,1.2383601,1.2335021,1.0394823,1.0354034,1.2216694,1.2168768,0.99236857,0.98847447
2016-02-26,1.2273341,1.2225085,1.037978,1.033896,1.210792,1.2060314,0.99090797,0.98701094
2016-02-29,1.2293724,1.2245067,1.0387156,1.0346035,1.2126705,1.2078709,0.99161218,0.98768642
2016-03-01,1.2293835,1.2245067,1.0348418,1.0307356,1.2126815,1.2078709,0.98786647,0.98394661
2016-03-02,1.2293946,1.2245067,1.0342676,1.0301544,1.2126924,1.2078709,0.98729544,0.98336895
2016-03-03,1.2294064,1.2245067,1.0342222,1.0300993,1.2127041,1.2078709,0.98724549,0.98330977
2016-03-04,1.2294155,1.2245067,1.0355357,1.0314,1.212713,1.2078709,0.98848717,0.98453923
2016-03-07,1.2294438,1.2245067,1.0363103,1.0321477,1.2127409,1.2078709,0.98922657,0.98525302
2016-03-08,1.2294546,1.2245067,1.0340143,1.0298519,1.2127516,1.2078709,0.98696604,0.98299293
2016-03-09,1.2294643,1.2245067,1.0348574,1.0306834,1.2127612,1.2078709,0.98775333,0.98376924
2016-03-10,1.2294744,1.2245067,1.0342168,1.030037,1.2127712,1.2078709,0.98713212,0.98314245
2016-03-11,1.2294849,1.2245067,1.0331542,1.0289699,1.2127815,1.2078709,0.98611789,0.98212397
2016-03-14,1.2295172,1.2245067,1.0332928,1.0290809,1.2128134,1.2078709,0.98625015,0.98222986
2016-03-15,1.2295287,1.2245067,1.0331112,1.0288904,1.2128247,1.2078709,0.9860438,0.98201521
2016-03-16,1.2295401,1.2245067,1.0333534,1.029122,1.212836,1.2078709,0.98626884,0.98223018
2016-03-17,1.2295506,1.2245067,1.0336493,1.0294081,1.2128463,1.2078709,0.98654805,0.9824999
2016-03-18,1.2295603,1.2245067,1.0336229,1.0293736,1.2128559,1.2078709,0.98648981,0.9824341
2016-03-21,1.2295897,1.2245067,1.0341877,1.0299115,1.2128848,1.2078709,0.98701725,0.98293595
2016-03-22,1.2296001,1.2245067,1.0348366,1.030549,1.2128951,1.2078709,0.98762433,0.98353217
2016-03-23,1.2296102,1.2245067,1.032604,1.0283172,1.2129051,1.2078709,0.98549363,0.98140221
2016-03-24,1.2294816,1.2243686,1.0332063,1.0289085,1.2126414,1.2075984,0.98606839,0.98196652
2016-03-28,1.2324714,1.227307,1.0325057,1.0281781,1.2155903,1.2104966,0.9853346,0.98120457
2016-03-29,1.241848,1.2366346,1.0320782,1.0277442,1.2248384,1.2196964,0.98490342,0.98076741
2016-03-30,1.2421042,1.2368819,1.0329204,1.0285764,1.2250911,1.2199403,0.9856828,0.98153734
2016-03-31,1.247933,1.2426794,1.0343092,1.0299537,1.2307019,1.2255208,0.98700809,0.98285168
2016-04-01,1.2479402,1.2426794,1.0333713,1.0290139,1.230709,1.2255208,0.98611313,0.98195483
2016-04-04,1.2479638,1.2426794,1.0340579,1.0296781,1.2307323,1.2255208,0.98673617,0.98255668
2016-04-05,1.2479716,1.2426794,1.0350826,1.030692,1.23074,1.2255208,0.98767103,0.98348139
2016-04-06,1.2479795,1.2426794,1.0351546,1.0307571,1.2307478,1.2255208,0.98771881,0.98352277
2016-04-07,1.2479874,1.2426794,1.0337309,1.029333,1.2307555,1.2255208,0.98635378,0.98215734
2016-04-08,1.2479952,1.2426794,1.0347808,1.030372,1.2307633,1.2255208,0.9873556,0.98314871
2016-04-11,1.2480188,1.2426794,1.0349232,1.0304943,1.2307865,1.2255208,0.98749151,0.98326546
2016-04-12,1.2480267,1.2426794,1.0366655,1.0322226,1.2307943,1.2255208,0.98909128,0.98485218
2016-04-13,1.2480342,1.2426794,1.0358889,1.0314432,1.2308017,1.2255208,0.98833292,0.98409113
2016-04-14,1.2480421,1.2426794,1.0358785,1.0314262,1.2308095,1.2255208,0.98830977,0.98406188
2016-04-15,1.2480496,1.2426794,1.0370598,1.0325963,1.2308169,1.2255208,0.98943684,0.98517817
2016-04-18,1.2480722,1.2426794,1.0362646,1.0317858,1.2308391,1.2255208,0.98864678,0.9843737
2016-04-19,1.2480797,1.2426794,1.0359926,1.0315088,1.2308466,1.2255208,0.98834428,0.98406658
2016-04-20,1.2480869,1.2426794,1.0359473,1.0314578,1.2308536,1.2255208,0.9882924,0.98400926
2016-04-21,1.2480947,1.2426794,1.0358758,1.0313801,1.2308614,1.2255208,0.98821152,0.98392253
2016-04-22,1.2481026,1.2426794,1.0361397,1.0316364,1.2308692,1.2255208,0.98846325,0.98416697
2016-04-25,1.2480558,1.2426093,1.0364694,1.0319451,1.2307536,1.2253826,0.98873074,0.98441469
2016-04-26,1.2464419,1.2409939,1.0367416,1.0322091,1.229162,1.2237896,0.98897294,0.98464909
2016-04-27,1.2513112,1.2458338,1.0368602,1.0323203,1.2339638,1.2285624,0.98908606,0.98475524
2016-04-28,1.2526959,1.2472042,1.0373355,1.0327867,1.2353293,1.2299138,0.98952114,0.98518194
2016-04-29,1.2535096,1.2480069,1.037734,1.0331773,1.2360622,1.230636,0.98990127,0.98555446
2016-05-02,1.2535323,1.2480069,1.0368153,1.0322439,1.2360845,1.230636,0.98900922,0.98464851
2016-05-03,1.2535399,1.2480069,1.0380605,1.0334775,1.236092,1.230636,0.99015811,0.9857864
2016-05-04,1.2535471,1.2480069,1.0380768,1.0334877,1.2360991,1.230636,0.99016492,0.98578751
2016-05-05,1.2535536,1.2480069,1.0376845,1.0330918,1.2361055,1.230636,0.98977024,0.98538945
2016-05-06,1.2535605,1.2480069,1.0385852,1.0339828,1.2361123,1.230636,0.99062934,0.98623935
2016-05-09,1.2535801,1.2480069,1.0377316,1.0331168,1.2361316,1.230636,0.98981516,0.98541337
2016-05-10,1.2535883,1.2480069,1.0378195,1.0331976,1.2361397,1.230636,0.98983098,0.98542263
2016-05-11,1.2535965,1.2480069,1.0368981,1.0322735,1.2361478,1.230636,0.988933,0.98452218
2016-05-12,1.2536055,1.2480069,1.036305,1.0316757,1.2361566,1.230636,0.98835089,0.98393565
2016-05-13,1.2536147,1.2480069,1.0381327,1.0334876,1.2361658,1.230636,0.99009399,0.98566369
2016-05-16,1.2536436,1.2480069,1.0360706,1.0314109,1.2361942,1.230636,0.98812731,0.98368312
2016-05-17,1.2536532,1.2480069,1.0355013,1.0308363,1.2362037,1.230636,0.98751559,0.98306661
2016-05-18,1.2536628,1.2480069,1.0336924,1.0290276,1.2362132,1.230636,0.98576745,0.9813188
2016-05-19,1.2536731,1.2480069,1.0334001,1.0287282,1.2362234,1.230636,0.98546837,0.98101301
2016-05-20,1.2536834,1.2480069,1.0333828,1.0287025,1.2362335,1.230636,0.98545184,0.98098848
2016-05-23,1.2537164,1.2480069,1.0335294,1.0288214,1.236266,1.230636,0.9855917,0.98110191
2016-05-24,1.2535782,1.2478574,1.0341385,1.0294178,1.2359816,1.230341,0.98610475,0.98160322
2016-05-25,1.2519919,1.2462663,1.0344683,1.0297363,1.2344175,1.2287723,0.98639459,0.98188232
2016-05-26,1.2594526,1.2536816,1.0353207,1.0305755,1.2417735,1.2360835,0.98718131,0.98265656
2016-05-27,1.2575895,1.2518168,1.0345268,1.0297768,1.2399365,1.2342448,0.98642436,0.981895
2016-05-31,1.2572142,1.2514007,1.0345208,1.0297357,1.239418,1.2336867,0.98638467,0.98182214
2016-06-01,1.2572259,1.2514007,1.0338673,1.0290756,1.2394295,1.2336867,0.98571721,0.98114863
2016-06-02,1.2572363,1.2514007,1.0339877,1.0291871,1.2394397,1.2336867,0.98581181,0.98123473
2016-06-03,1.2572459,1.2514007,1.0307838,1.0259902,1.2394492,1.2336867,0.98274326,0.97817289
2016-06-06,1.2572759,1.2514007,1.0317425,1.02692,1.2394788,1.2336867,0.9836573,0.97905936
2016-06-07,1.2572855,1.2514007,1.0310494,1.0262222,1.2394883,1.2336867,0.98293059,0.97832854
2016-06-08,1.2572952,1.2514007,1.0306108,1.0257778,1.2394978,1.2336867,0.98249688,0.97788936
2016-06-09,1.2573034,1.2514007,1.0305203,1.0256809,1.2395059,1.2336867,0.98239911,0.97778562
2016-06-10,1.2573121,1.2514007,1.0317189,1.0268669,1.2395144,1.2336867,0.98354174,0.97891618
2016-06-13,1.2573379,1.2514007,1.0323473,1.0274713,1.2395399,1.2336867,0.98412355,0.97947514
2016-06-14,1.2573472,1.2514007,1.0324035,1.0275195,1.239549,1.2336867,0.98413867,0.97948295
2016-06-15,1.2573565,1.2514007,1.0319031,1.027014,1.2395582,1.2336867,0.98364263,0.97898201
2016-06-16,1.2573654,1.2514007,1.0317023,1.0268067,1.239567,1.2336867,0.98344791,0.97878123
2016-06-17,1.2573748,1.2514007,1.0328182,1.0279098,1.2395762,1.2336867,0.98451162,0.97983266
2016-06-20,1.2574016,1.2514007,1.0340097,1.0290736,1.2396027,1.2336867,0.98559535,0.9808903
2016-06-21,1.2574113,1.2514007,1.0343495,1.029404,1.2396122,1.2336867,0.98589994,0.98118591
2016-06-22,1.2574206,1.2514007,1.0346278,1.0296733,1.2396214,1.2336867,0.98613739,0.98141496
2016-06-23,1.2574299,1.2514007,1.0321726,1.0272222,1.2396306,1.2336867,0.98379721,0.97907874
2016-06-24,1.2572829,1.2512441,1.0395425,1.0345484,1.2393305,1.2333779,0.99082177,0.98606156
2016-06-27,1.2734894,1.2673461,1.0431088,1.0380755,1.2553056,1.24925,0.99418601,0.98938856
2016-06-28,1.2729337,1.2667837,1.0430066,1.037966,1.2547579,1.2486956,0.99407537,0.98927114
2016-06-29,1.2695536,1.2634109,1.0426864,1.03764,1.251426,1.245371,0.9937562,0.98894646
2016-06-30,1.2679953,1.2618512,1.0426938,1.03764,1.2497334,1.2436777,0.99376328,0.98894646
2016-07-01,1.2680044,1.2618512,1.0426673,1.0376061,1.2497423,1.2436777,0.99370555,0.98888197
2016-07-05,1.2680419,1.2618512,1.0420861,1.0369971,1.2497793,1.2436777,0.99314295,0.98829284
2016-07-06,1.2680516,1.2618512,1.0428297,1.0377291,1.2497889,1.2436777,0.99384498,0.98898385
2016-07-07,1.268061,1.2618512,1.042795,1.0376869,1.2497981,1.2436777,0.99381195,0.98894368
2016-07-08,1.2680711,1.2618512,1.0423683,1.037254,1.2498081,1.2436777,0.99340524,0.9885311
2016-07-11,1.2680992,1.2618512,1.0445596,1.0394116,1.2498358,1.2436777,0.99542889,0.99052288
2016-07-12,1.26811,1.2618512,1.0462207,1.0410557,1.2498464,1.2436777,0.99699514,0.992073
2016-07-13,1.2681201,1.2618512,1.0462151,1.0410418,1.2498563,1.2436777,0.99697654,0.99204661
2016-07-14,1.2681308,1.2618512,1.0440383,1.038867,1.249867,1.2436777,0.99490226,0.98997416
2016-07-15,1.2681416,1.2618512,1.0419657,1.0367958,1.2498776,1.2436777,0.99292712,0.9880004
2016-07-18,1.2681739,1.2618512,1.0421554,1.0369582,1.2499094,1.2436777,0.99304323,0.98809075
2016-07-19,1.268185,1.2618512,1.0428377,1.037628,1.2499204,1.2436777,0.99367379,0.98870951
2016-07-20,1.2681958,1.2618512,1.043247,1.0380264,1.249931,1.2436777,0.99405717,0.98908257
2016-07-21,1.2682069,1.2618512,1.0422586,1.0370339,1.2499419,1.2436777,0.99310926,0.98813074
2016-07-22,1.2682177,1.2618512,1.0428831,1.0376464,1.2499526,1.2436777,0.99370425,0.98871436
2016-07-25,1.268184,1.2617845,1.0435623,1.0382949,1.2498533,1.2435462,0.99430326,0.98928435
2016-07-26,1.2686707,1.2622576,1.0434486,1.0381727,1.2503329,1.2440125,0.99417742,0.98915048
2016-07-27,1.2718928,1.2654527,1.0437754,1.038489,1.2535084,1.2471614,0.99448878,0.98945186
2016-07-28,1.2720228,1.2655714,1.0438034,1.038508,1.2536366,1.2472783,0.99449791,0.98945254
2016-07-29,1.2756611,1.2691825,1.0452996,1.0399895,1.257156,1.2507713,0.99592343,0.99086405
2016-08-01,1.2756894,1.2691825,1.0447215,1.0393913,1.2571839,1.2507713,0.99535685,0.99027835
2016-08-02,1.2756995,1.2691825,1.0442325,1.0388966,1.2571939,1.2507713,0.99485266,0.98976887
2016-08-03,1.2757097,1.2691825,1.0443353,1.0389906,1.2572039,1.2507713,0.99494271,0.9898506
2016-08-04,1.2757194,1.2691825,1.0438822,1.0385318,1.2572135,1.2507713,0.99449302,0.98939561
2016-08-05,1.2757285,1.2691825,1.0468859,1.0415127,1.2572225,1.2507713,0.99735461,0.99223549
2016-08-08,1.2757568,1.2691825,1.0468503,1.0414541,1.2572504,1.2507713,0.99732064,0.99217968
2016-08-09,1.2757677,1.2691825,1.0454489,1.0400512,1.257261,1.2507713,0.99592142,0.99077924
2016-08-10,1.2757778,1.2691825,1.0449963,1.0395926,1.257271,1.2507713,0.99547447,0.99032673
2016-08-11,1.2757876,1.2691825,1.0440842,1.0386773,1.2572807,1.2507713,0.99459236,0.98944158
2016-08-12,1.2757974,1.2691825,1.0460874,1.0406621,1.2572903,1.2507713,0.99650059,0.99133234
2016-08-15,1.2758268,1.2691825,1.044732,1.0392898,1.2573193,1.2507713,0.99520939,0.99002503
2016-08-16,1.2758376,1.2691825,1.0436305,1.0381852,1.2573299,1.2507713,0.99409614,0.98890917
2016-08-17,1.275847,1.2691825,1.0440666,1.0386114,1.2573392,1.2507713,0.99449244,0.98929608
2016-08-18,1.2758575,1.2691825,1.0433206,1.0378607,1.2573496,1.2507713,0.9937638,0.98856312
2016-08-19,1.2758676,1.2691825,1.0451253,1.0396478,1.2573596,1.2507713,0.99548283,0.9902653
2016-08-22,1.2758981,1.2691825,1.0442268,1.0387291,1.2573895,1.2507713,0.99462696,0.98939031
2016-08-23,1.2759082,1.2691825,1.0444648,1.0389577,1.2573995,1.2507713,0.99478973,0.98954437
2016-08-24,1.2759187,1.2691825,1.0443911,1.0388758,1.2574099,1.2507713,0.99469705,0.98944404
2016-08-25,1.275798,1.2690517,1.0440129,1.0384908,1.2571612,1.2505134,0.99431411,0.98905471
2016-08-26,1.2655473,1.2588437,1.0407892,1.0352748,1.2470603,1.2404546,0.99124383,0.98599173
2016-08-29,1.2741419,1.2673586,1.0431064,1.0375515,1.2555293,1.2488451,0.99345068,0.98816014
2016-08-30,1.2732217,1.2664319,1.0430191,1.0374554,1.2546226,1.2479319,0.99333609,0.98803723
2016-08-31,1.2731019,1.2663013,1.0430543,1.037481,1.2543752,1.2476746,0.99335835,0.98805044
2016-09-01,1.2731134,1.2663013,1.0430941,1.0375112,1.2543865,1.2476746,0.99338492,0.98806794
2016-09-02,1.2731249,1.2663013,1.0430604,1.0374683,1.2543979,1.2476746,0.99331161,0.98798609
2016-09-06,1.2731696,1.2663013,1.0415922,1.0359716,1.2544419,1.2476746,0.9919069,0.98655426
2016-09-07,1.2731807,1.2663013,1.0416062,1.0359765,1.2544529,1.2476746,0.99192025,0.98655889
2016-09-08,1.2731926,1.2663013,1.0444771,1.0388222,1.2544646,1.2476746,0.99465417,0.98926884
2016-09-09,1.2732045,1.2663013,1.0464452,1.04077,1.2544762,1.2476746,0.99652841,0.99112372
2016-09-12,1.27324,1.2663013,1.0458393,1.0401383,1.2545113,1.2476746,0.99586974,0.99044092
2016-09-13,1.2732529,1.2663013,1.0455371,1.0398271,1.254524,1.2476746,0.99557034,0.99013312
2016-09-14,1.2732655,1.2663013,1.0472023,1.041473,1.2545364,1.2476746,0.99715596,0.99170031
2016-09-15,1.273277,1.2663013,1.0469925,1.0412549,1.2545477,1.2476746,0.9969562,0.99149268
2016-09-16,1.2732871,1.2663013,1.0465444,1.040801,1.2545577,1.2476746,0.99652951,0.99106045
2016-09-19,1.2733175,1.2663013,1.0466582,1.0408894,1.2545876,1.2476746,0.99658079,0.99108783
2016-09-20,1.2733279,1.2663013,1.046814,1.0410358,1.2545979,1.2476746,0.99671835,0.99121648
2016-09-21,1.2733384,1.2663013,1.0469429,1.0411554,1.2546082,1.2476746,0.9968279,0.99131728
2016-09-22,1.2733461,1.2663013,1.0462098,1.0404201,1.2546158,1.2476746,0.9961299,0.99061716
2016-09-23,1.2733524,1.2663013,1.0455611,1.0397699,1.254622,1.2476746,0.99551223,0.98999802
2016-09-26,1.2732062,1.2661372,1.0447031,1.0389012,1.2543155,1.2473513,0.99463827,0.98911426
2016-09-27,1.2773091,1.2702087,1.0445303,1.0387223,1.2583575,1.2513623,0.99445472,0.98892495
2016-09-28,1.2755579,1.2684582,1.0443207,1.0385064,1.2566323,1.2496378,0.994228,0.98869245
2016-09-29,1.2776182,1.2704976,1.0448376,1.0390127,1.258662,1.251647,0.99472004,0.98917444
2016-09-30,1.2695386,1.262454,1.0430941,1.0372715,1.2505392,1.2435605,0.99306019,0.9875168
2016-10-03,1.2695678,1.262454,1.0414802,1.0356428,1.250568,1.2435605,0.99148346,0.98592614
2016-10-04,1.2695789,1.262454,1.0400768,1.0342382,1.2505789,1.2435605,0.99008627,0.98452814
2016-10-05,1.2695904,1.262454,1.0404725,1.0346224,1.2505902,1.2435605,0.99044243,0.9848734
2016-10-06,1.2696015,1.262454,1.0414539,1.0355891,1.2506012,1.2435605,0.99137656,0.98579364
2016-10-07,1.2696127,1.262454,1.04145,1.0355761,1.2506122,1.2435605,0.99137286,0.98578132
2016-10-11,1.2696572,1.262454,1.0426012,1.0366845,1.250656,1.2435605,0.9924687,0.98683641
2016-10-12,1.2696694,1.262454,1.0431052,1.0371758,1.250668,1.2435605,0.99284968,0.98720576
2016-10-13,1.2696819,1.262454,1.0441316,1.0381861,1.2506804,1.2435605,0.99381175,0.98815262
2016-10-14,1.269692,1.262454,1.0418151,1.0358745,1.2506903,1.2435605,0.99160686,0.98595244
2016-10-17,1.2697243,1.262454,1.0432187,1.0372438,1.2507222,1.2435605,0.99294291,0.98725575
2016-10-18,1.2697362,1.262454,1.0439749,1.037986,1.2507338,1.2435605,0.99362062,0.98792038
2016-10-19,1.269748,1.262454,1.0437941,1.0377965,1.2507455,1.2435605,0.99338359,0.98767551
2016-10-20,1.2697598,1.262454,1.04436,1.0383495,1.2507571,1.2435605,0.99389815,0.98817792
2016-10-21,1.2697716,1.262454,1.0441812,1.0381621,1.2507688,1.2435605,0.99372804,0.98799958
2016-10-24,1.2698061,1.262454,1.0450751,1.0390226,1.2508027,1.2435605,0.99457871,0.98881854
2016-10-25,1.2696352,1.2622726,1.0451756,1.0391132,1.2504547,1.2432032,0.99458938,0.98882022
2016-10-26,1.2647966,1.2574503,1.0456952,1.0396201,1.2456892,1.2384538,0.99506232,0.9892812
2016-10-27,1.2561106,1.2488034,1.0458473,1.0397619,1.2371344,1.2299375,0.99518333,0.98939257
2016-10-28,1.2567604,1.2494395,1.0465125,1.040415,1.2377744,1.230564,0.99581634,0.99001403
2016-10-31,1.2582102,1.2508511,1.0469495,1.0408246,1.2390245,1.2317775,0.99623218,0.99040385
2016-11-01,1.2582219,1.2508511,1.0476745,1.0415357,1.239036,1.2317775,0.99685714,0.99101593
2016-11-02,1.258234,1.2508511,1.0479186,1.0417684,1.2390479,1.2317775,0.99707061,0.99121865
2016-11-03,1.2582464,1.2508511,1.0479807,1.0418198,1.2390601,1.2317775,0.99711349,0.99125149
2016-11-04,1.2582592,1.2508511,1.0467272,1.0405631,1.2390727,1.2317775,0.99592083,0.9900558
2016-11-07,1.2582974,1.2508511,1.0482997,1.0420947,1.2391104,1.2317775,0.99741699,0.99151303
2016-11-08,1.2583116,1.2508511,1.0496931,1.0434682,1.2391243,1.2317775,0.99866716,0.99274467
2016-11-09,1.2583264,1.2508511,1.0563624,1.0500856,1.2391389,1.2317775,1.0049885,0.99901687
2016-11-10,1.2583416,1.2508511,1.0558543,1.0495679,1.2391538,1.2317775,1.0044901,0.99850932
2016-11-14,1.2584064,1.2508511,1.0509613,1.0446499,1.2392177,1.2317775,0.99978197,0.99377782
2016-11-15,1.258425,1.2508511,1.0506869,1.0443618,1.239236,1.2317775,0.9995171,0.99349983
2016-11-16,1.2584422,1.2508511,1.0513672,1.0450236,1.239253,1.2317775,1.0000964,0.994062
2016-11-17,1.2584581,1.2508511,1.0511933,1.0448376,1.2392686,1.2317775,0.99991865,0.99387283
2016-11-18,1.2584729,1.2508511,1.0528675,1.0464894,1.2392832,1.2317775,1.0015045,0.99543739
2016-11-21,1.2585174,1.2508511,1.0532332,1.0468159,1.239327,1.2317775,1.0017518,0.995648
2016-11-22,1.2585333,1.2508511,1.0532838,1.046853,1.2393426,1.2317775,1.0017822,0.99566572
2016-11-23,1.2583901,1.2506924,1.0518099,1.0453743,1.2390444,1.2314649,1.0003521,0.99423119
2016-11-25,1.2558763,1.2481597,1.0513522,1.0448908,1.2365692,1.2289712,0.99991682,0.99377136
2016-11-28,1.2632728,1.2554615,1.0532763,1.0467618,1.243852,1.2361607,1.0017467,0.99555083
2016-11-29,1.2655633,1.2577213,1.0540826,1.0475494,1.2461073,1.2383858,1.002466,0.99625252
2016-11-30,1.2545987,1.2468082,1.0522505,1.0457149,1.2351532,1.2274833,1.0007098,0.99449416
2016-12-01,1.2546152,1.2468082,1.0513551,1.0448113,1.2351694,1.2274833,0.99984417,0.99362079
2016-12-02,1.2546314,1.2468082,1.0513686,1.0448113,1.2351853,1.2274833,0.99985704,0.99362079
2016-12-05,1.2546809,1.2468082,1.051349,1.0447505,1.235234,1.2274833,0.99978018,0.99350521
2016-12-06,1.2546977,1.2468082,1.0514711,1.0448578,1.2352506,1.2274833,0.99988966,0.99360066
2016-12-07,1.2547146,1.2468082,1.049839,1.043222,1.2352672,1.2274833,0.99833763,0.99204506
2016-12-08,1.2547321,1.2468082,1.0510446,1.0444054,1.2352845,1.2274833,0.99948407,0.99317041
2016-12-09,1.2547493,1.2468082,1.0532629,1.0465954,1.2353014,1.2274833,1.0015936,0.99525296
2016-12-12,1.254804,1.2468082,1.0532982,1.0465849,1.2353552,1.2274833,1.0015389,0.9951553
2016-12-13,1.2548215,1.2468082,1.0529173,1.0461918,1.2353725,1.2274833,1.0011667,0.99477159
2016-12-14,1.2548401,1.2468082,1.0515394,1.0448073,1.2353907,1.2274833,0.99985656,0.99345508
2016-12-15,1.2548586,1.2468082,1.0509339,1.0441902,1.235409,1.2274833,0.99928081,0.99286832
2016-12-16,1.2548758,1.2468082,1.050546,1.0437904,1.2354259,1.2274833,0.99891196,0.99248823
2016-12-19,1.2549274,1.2468082,1.0515728,1.0447677,1.2354767,1.2274833,0.99980908,0.9933388
2016-12-20,1.2549453,1.2468082,1.0514844,1.044665,1.2354943,1.2274833,0.99970797,0.99322419
2016-12-21,1.2549631,1.2468082,1.0509326,1.0441019,1.2355119,1.2274833,0.99916917,0.99267474
2016-12-22,1.2549807,1.2468082,1.0512297,1.0443825,1.2355292,1.2274833,0.99945166,0.99294152
2016-12-23,1.2548342,1.2466456,1.0508334,1.0439745,1.2352238,1.2271631,0.99907494,0.99255365
2016-12-27,1.2520025,1.2437627,1.05151,1.0445883,1.2324364,1.2243253,0.99961867,0.99303835
2016-12-28,1.2601267,1.2518161,1.0507033,1.0437724,1.2404336,1.2322528,0.99882389,0.99223493
2016-12-29,1.2656814,1.2573162,1.0519569,1.0450028,1.2459015,1.237667,0.99998739,0.99337663
2016-12-30,1.2719714,1.2635488,1.053424,1.046447,1.2519307,1.2436408,1.001382,0.9947495
2017-01-03,1.2720411,1.2635488,1.0518448,1.0448209,1.2519993,1.2436408,0.99983226,0.99315551
2017-01-04,1.2720595,1.2635488,1.0517437,1.0447053,1.2520175,1.2436408,0.99967716,0.99298702
2017-01-05,1.2720777,1.2635488,1.0518181,1.0447643,1.2520353,1.2436408,0.99972698,0.99302236
2017-01-06,1.2720954,1.2635488,1.0530571,1.0459805,1.2520528,1.2436408,1.0008906,0.99416426
2017-01-09,1.2721498,1.2635488,1.0513712,1.0442611,1.2521063,1.2436408,0.99928812,0.9925301
2017-01-10,1.2721672,1.2635488,1.0514014,1.0442769,1.2521235,1.2436408,0.99922265,0.99245148
2017-01-11,1.272185,1.2635488,1.0511512,1.0440137,1.252141,1.2436408,0.9989672,0.99218389
2017-01-12,1.2722028,1.2635488,1.0512307,1.0440781,1.2521585,1.2436408,0.99902951,0.99223192
2017-01-13,1.2722206,1.2635488,1.0508052,1.0436409,1.252176,1.2436408,0.99862512,0.99181642
2017-01-17,1.2722931,1.2635488,1.0530602,1.0458211,1.2522473,1.2436408,1.0007198,0.99384028
2017-01-18,1.2723119,1.2635488,1.0515283,1.0442843,1.2522658,1.2436408,0.99920539,0.99232159
2017-01-19,1.27233,1.2635488,1.0516664,1.0444065,1.2522837,1.2436408,0.99931455,0.99241586
2017-01-20,1.2723478,1.2635488,1.0503003,1.0430353,1.2523012,1.2436408,0.99800987,0.99110632
2017-01-23,1.272399,1.2635488,1.047364,1.0400773,1.2523516,1.2436408,0.99521977,0.98829561
2017-01-24,1.2724168,1.2635488,1.0503208,1.0429989,1.2523691,1.2436408,0.99793719,0.99098031
2017-01-25,1.2722885,1.2634041,1.0511214,1.0437796,1.2520993,1.2433558,0.99867925,0.99170363
2017-01-26,1.2748899,1.2659704,1.0514567,1.0440986,1.2546595,1.2458814,0.99897851,0.99198748
2017-01-27,1.2782739,1.2693133,1.052005,1.0446288,1.2579897,1.2491713,0.99949949,0.99249122
2017-01-30,1.2791064,1.2700868,1.0521132,1.0446925,1.2588091,1.2499325,0.99960229,0.9925517
2017-01-31,1.2831348,1.2740691,1.0525558,1.0451173,1.2626293,1.2537084,0.99995757,0.99289061
2017-02-01,1.2831531,1.2740691,1.052353,1.0449011,1.2626473,1.2537084,0.99975024,0.9926706
2017-02-02,1.2831707,1.2740691,1.0522997,1.0448338,1.2626646,1.2537084,0.99968675,0.99259396
2017-02-03,1.2831886,1.2740691,1.0529589,1.0454738,1.2626823,1.2537084,1.000313,0.99320193
2017-02-06,1.2832413,1.2740691,1.0506857,1.0431738,1.2627342,1.2537084,0.99815345,0.99101688
2017-02-07,1.28326,1.2740691,1.0500179,1.0424956,1.2627525,1.2537084,0.99745662,0.99031065
2017-02-08,1.2832786,1.2740691,1.0492035,1.0416719,1.2627708,1.2537084,0.99666623,0.98951154
2017-02-09,1.2832972,1.2740691,1.0485391,1.0409971,1.2627892,1.2537084,0.99602018,0.98885575
2017-02-10,1.2833159,1.2740691,1.047953,1.0404001,1.2628075,1.2537084,0.99546349,0.98828871
2017-02-13,1.2833728,1.2740691,1.0471569,1.0395636,1.2628636,1.2537084,0.99465815,0.98744531
2017-02-14,1.2833911,1.2740691,1.0465436,1.0389399,1.2628815,1.2537084,0.99402117,0.98679889
2017-02-15,1.2834101,1.2740691,1.0470036,1.0393812,1.2629002,1.2537084,0.99443531,0.98719542
2017-02-16,1.2834287,1.2740691,1.0446985,1.0370778,1.2629186,1.2537084,0.99223769,0.98499946
2017-02-17,1.283447,1.2740691,1.0429815,1.0353585,1.2629366,1.2537084,0.99060688,0.98336652
2017-02-21,1.2835202,1.2740691,1.0428925,1.0352112,1.2630085,1.2537084,0.99042639,0.98313131
2017-02-22,1.283368,1.2738995,1.0429017,1.0352053,1.2626907,1.2533747,0.99040938,0.98310015
2017-02-23,1.2885338,1.2790091,1.0436692,1.0359523,1.2677733,1.2584019,0.9911085,0.9837801
2017-02-24,1.3004083,1.290778,1.047061,1.0393046,1.2794565,1.2699812,0.99432951,0.98696355
2017-02-27,1.2906448,1.2810326,1.0439539,1.036177,1.2698502,1.2603928,0.99137888,0.9839934
2017-02-28,1.2901862,1.2805599,1.0435253,1.0357374,1.2692301,1.25976,0.99088274,0.98348748
2017-03-01,1.2902049,1.2805599,1.0420095,1.0342178,1.2692485,1.25976,0.98942031,0.98202168
2017-03-02,1.2902268,1.2805599,1.04269,1.0348757,1.2692701,1.25976,0.99004342,0.98262345
2017-03-03,1.2902502,1.2805599,1.0423211,1.0344908,1.269293,1.25976,0.98969315,0.98225804
2017-03-06,1.2903244,1.2805599,1.042671,1.0347786,1.269366,1.25976,0.99002535,0.98253123
2017-03-07,1.2903502,1.2805599,1.0433889,1.0354703,1.2693914,1.25976,0.99062325,0.98310496
2017-03-08,1.2903767,1.2805599,1.0438633,1.0359199,1.2694175,1.25976,0.99105796,0.98351616
2017-03-09,1.2904022,1.2805599,1.0439059,1.0359417,1.2694426,1.25976,0.99108521,0.98352381
2017-03-10,1.2904276,1.2805599,1.0444354,1.0364467,1.2694676,1.25976,0.99158792,0.98400328
2017-03-13,1.290505,1.2805599,1.0438518,1.0358054,1.2695438,1.25976,0.99103387,0.98339443
2017-03-14,1.2905326,1.2805599,1.0440452,1.0359752,1.2695709,1.25976,0.99117561,0.98351406
2017-03-15,1.2905599,1.2805599,1.0453244,1.0372227,1.2695977,1.25976,0.99238474,0.98469309
2017-03-16,1.2905853,1.2805599,1.0451438,1.037023,1.2696227,1.25976,0.99220834,0.98449864
2017-03-17,1.2906108,1.2805599,1.0451644,1.037023,1.2696478,1.25976,0.99222791,0.98449864
2017-03-20,1.2906871,1.2805599,1.0451793,1.0369764,1.2697229,1.25976,0.99219744,0.98441015
2017-03-21,1.2907137,1.2805599,1.0446877,1.0364674,1.269749,1.25976,0.99171812,0.98391436
2017-03-22,1.2907405,1.2805599,1.0435831,1.0353499,1.2697754,1.25976,0.99065556,0.98283967
2017-03-23,1.2907674,1.2805599,1.0438152,1.0355586,1.2698019,1.25976,0.99087586,0.98303777
2017-03-24,1.2907939,1.2805599,1.0431875,1.0349146,1.269828,1.25976,0.99028002,0.98242644
2017-03-27,1.2907096,1.2803951,1.0426929,1.0343584,1.2695816,1.2594359,0.98972233,0.981811
2017-03-28,1.2848479,1.2745533,1.0432324,1.0348718,1.2638159,1.2536897,0.99020922,0.98227329
2017-03-29,1.2889785,1.2786239,1.0438542,1.0354668,1.2678789,1.2576937,0.99077148,0.98281032
2017-03-30,1.284595,1.2742486,1.0429824,1.0345801,1.2635671,1.25339,0.98994404,0.98196879
2017-03-31,1.2885595,1.2781543,1.0442218,1.0357877,1.2673041,1.2570705,0.99112037,0.98311493
2017-04-03,1.2886389,1.2781543,1.0461474,1.0376339,1.2673822,1.2570705,0.99286243,0.98478232
2017-04-04,1.2886664,1.2781543,1.0463022,1.0377653,1.2674093,1.2570705,0.99298625,0.98488409
2017-04-05,1.288694,1.2781543,1.0464237,1.0378636,1.2674364,1.2570705,0.99307757,0.98495362
2017-04-06,1.2887219,1.2781543,1.0459166,1.0373381,1.2674638,1.2570705,0.99259632,0.98445499
2017-04-07,1.2887494,1.2781543,1.0472921,1.0386802,1.2674909,1.2570705,0.99390171,0.98572862
2017-04-10,1.2888352,1.2781543,1.0465841,1.0379089,1.2675753,1.2570705,0.99314396,0.98491148
2017-04-11,1.2888638,1.2781543,1.0456236,1.0369333,1.2676034,1.2570705,0.99221153,0.98396493
2017-04-12,1.2888924,1.2781543,1.0456456,1.0369321,1.2676316,1.2570705,0.99221257,0.98394412
2017-04-13,1.2889207,1.2781543,1.0481649,1.0394078,1.2676593,1.2570705,0.99460322,0.98629329
2017-04-17,1.2890337,1.2781543,1.047533,1.0386899,1.2677705,1.2570705,0.99400352,0.98561213
2017-04-18,1.2890626,1.2781543,1.0507485,1.041855,1.267799,1.2570705,0.9969961,0.9885573
2017-04-19,1.2890912,1.2781543,1.0503774,1.0414639,1.2678271,1.2570705,0.99662022,0.98816266
2017-04-20,1.2891195,1.2781543,1.0510463,1.0421043,1.2678549,1.2570705,0.99723,0.98874561
2017-04-21,1.289147,1.2781543,1.0504784,1.0415189,1.267882,1.2570705,0.99669115,0.98819021
2017-04-24,1.2890456,1.2779718,1.0520706,1.0430308,1.2676013,1.2567116,0.9982018,0.98962463
2017-04-25,1.2809166,1.2698847,1.054102,1.0450219,1.2596075,1.2487589,1.0000985,0.9914833
2017-04-26,1.2841874,1.2730991,1.0538983,1.0447968,1.2628238,1.2519198,0.99988509,0.99124976
2017-04-27,1.2858415,1.2747103,1.0540098,1.0448839,1.2644505,1.2535043,0.99996797,0.99130966
2017-04-28,1.2873136,1.2761417,1.0542783,1.0451271,1.2657175,1.2547329,1.0002227,0.99154045
2017-05-01,1.2873971,1.2761417,1.0534276,1.0442159,1.2657996,1.2547329,0.99941557,0.99067595
2017-05-02,1.2874261,1.2761417,1.0543314,1.0450884,1.2658281,1.2547329,1.0002352,0.99146616
2017-05-03,1.2874546,1.2761417,1.054263,1.0449974,1.2658562,1.2547329,1.000152,0.99136166
2017-05-04,1.2874843,1.2761417,1.0548466,1.0455518,1.2658853,1.2547329,1.0006877,0.99186986
2017-05-05,1.2875139,1.2761417,1.0546681,1.0453508,1.2659144,1.2547329,1.0005184,0.99167923
2017-05-08,1.287607,1.2761417,1.0556458,1.0462443,1.266006,1.2547329,1.0014459,0.99252681
2017-05-09,1.2876388,1.2761417,1.0566962,1.0472595,1.2660372,1.2547329,1.0023735,0.99342166
2017-05-10,1.2876705,1.2761417,1.0569061,1.0474417,1.2660684,1.2547329,1.0025496,0.99357171
2017-05-11,1.2877019,1.2761417,1.0572443,1.0477514,1.2660993,1.2547329,1.0028505,0.99384567
2017-05-12,1.2877326,1.2761417,1.0604082,1.0508619,1.2661295,1.2547329,1.0058516,0.99679615
2017-05-15,1.2878236,1.2761417,1.0600425,1.0504251,1.266219,1.2547329,1.0055046,0.99638185
2017-05-16,1.287855,1.2761417,1.060417,1.0507707,1.2662499,1.2547329,1.0057633,0.9966139
2017-05-17,1.2878864,1.2761417,1.0623852,1.0526953,1.2662807,1.2547329,1.0076037,0.99841325
2017-05-18,1.2879178,1.2761417,1.0631714,1.0534487,1.2663116,1.2547329,1.0083243,0.99910286
2017-05-19,1.2879499,1.2761417,1.0636597,1.0539063,1.2663432,1.2547329,1.0087874,0.99953685
2017-05-22,1.2880452,1.2761417,1.0638763,1.0540429,1.2664369,1.2547329,1.0089928,0.99966647
2017-05-23,1.2880777,1.2761417,1.0655459,1.0556706,1.2664688,1.2547329,1.0104758,1.0011106
2017-05-24,1.2879248,1.2759583,1.0651038,1.0552062,1.2661365,1.2543724,1.0100273,1.0006412
2017-05-25,1.2899253,1.2779082,1.0653091,1.055383,1.2681032,1.2562892,1.0101909,1.0007781
2017-05-26,1.2906149,1.2785591,1.065301,1.0553484,1.2687811,1.2569292,1.0101832,1.0007452
2017-05-30,1.296333,1.2840949,1.0668042,1.0567311,1.2744025,1.2623713,1.0116085,1.0020564
2017-05-31,1.2991509,1.2868538,1.0672875,1.0571832,1.2769897,1.2649022,1.0120161,1.0024348
2017-06-01,1.2991851,1.2868538,1.0668727,1.0567445,1.2770232,1.2649022,1.0116083,1.0020045
2017-06-02,1.2992192,1.2868538,1.067754,1.0575896,1.2770568,1.2649022,1.0124279,1.00279
2017-06-05,1.2993218,1.2868538,1.0677639,1.057516,1.2771576,1.2649022,1.0123668,1.0026504
2017-06-06,1.2993556,1.2868538,1.0667148,1.0564495,1.2771908,1.2649022,1.0113604,1.0016275
2017-06-07,1.2993897,1.2868538,1.0683813,1.0580721,1.2772244,1.2649022,1.0129404,1.0031659
2017-06-08,1.2994246,1.2868538,1.0693899,1.0590426,1.2772587,1.2649022,1.0138966,1.004086
2017-06-09,1.2994599,1.2868538,1.0696511,1.0592726,1.2772934,1.2649022,1.0141444,1.0043041
2017-06-12,1.2995656,1.2868538,1.0705725,1.0600988,1.2773973,1.2649022,1.0149089,1.0049795
2017-06-13,1.2996002,1.2868538,1.0705447,1.0600431,1.2774313,1.2649022,1.0148656,1.0049099
2017-06-14,1.2996354,1.2868538,1.0724555,1.0619065,1.2774659,1.2649022,1.0166771,1.0066764
2017-06-15,1.2996707,1.2868538,1.0718026,1.0612311,1.2775005,1.2649022,1.0160581,1.0060362
2017-06-16,1.2997063,1.2868538,1.0722841,1.0616789,1.2775355,1.2649022,1.0165146,1.0064606
2017-06-19,1.2998142,1.2868538,1.0713811,1.0606966,1.2776416,1.2649022,1.0155519,1.0054239
2017-06-20,1.2998501,1.2868538,1.0712536,1.060541,1.277677,1.2649022,1.0154091,1.0052547
2017-06-21,1.2998857,1.2868538,1.0716608,1.0609151,1.277712,1.2649022,1.0157771,1.0055915
2017-06-22,1.2999203,1.2868538,1.0711651,1.0603962,1.2777459,1.2649022,1.0153073,1.0050997
2017-06-23,1.2999538,1.2868538,1.0707191,1.0599273,1.2777788,1.2649022,1.0148845,1.0046553
2017-06-26,1.2998387,1.2866395,1.0702192,1.0593498,1.2774529,1.2644808,1.0142748,1.0039733
2017-06-27,1.2875902,1.2744807,1.0713305,1.0604213,1.2654153,1.2525315,1.0152936,1.0049548
2017-06-28,1.2857239,1.2725989,1.0722031,1.0612563,1.2635812,1.2506821,1.0160848,1.0057106
2017-06-29,1.2762668,1.2632035,1.0701132,1.0591586,1.254287,1.2414485,1.0141043,1.0037228
2017-06-30,1.2693058,1.2562784,1.068135,1.057171,1.2472369,1.2344359,1.0122296,1.0018392
2017-07-03,1.2694112,1.2562784,1.0650451,1.0540251,1.2473405,1.2344359,1.0091757,0.99873346
2017-07-05,1.2694835,1.2562784,1.0653947,1.054311,1.2474115,1.2344359,1.0094771,0.99897492
2017-07-06,1.2695193,1.2562784,1.0653088,1.0541963,1.2474467,1.2344359,1.0093679,0.99883861
2017-07-07,1.2695548,1.2562784,1.0664155,1.055262,1.2474816,1.2344359,1.0104165,0.99984837
2017-07-10,1.2696623,1.2562784,1.065351,1.0541193,1.2475872,1.2344359,1.009408,0.99876572
2017-07-11,1.2696981,1.2562784,1.0645387,1.0532858,1.2476224,1.2344359,1.0085262,0.99786507
2017-07-12,1.2697339,1.2562784,1.0641457,1.0528672,1.2476576,1.2344359,1.0081281,0.99744299
2017-07-13,1.2697698,1.2562784,1.0639749,1.0526685,1.2476928,1.2344359,1.0079462,0.99723487
2017-07-14,1.2698056,1.2562784,1.0648345,1.0534893,1.247728,1.2344359,1.0087605,0.9980124
2017-07-17,1.2699121,1.2562784,1.0656458,1.0542037,1.2478326,1.2344359,1.0095291,0.99868918
2017-07-18,1.2699486,1.2562784,1.0674653,1.0559733,1.2478685,1.2344359,1.0111318,1.0002459
2017-07-19,1.2699851,1.2562784,1.0676421,1.0561177,1.2479044,1.2344359,1.0112764,1.0003602
2017-07-20,1.270023,1.2562784,1.0678373,1.0562793,1.2479417,1.2344359,1.0114414,1.0004936
2017-07-21,1.2700624,1.2562784,1.0668384,1.0552585,1.2479803,1.2344359,1.0104953,0.99952668
2017-07-24,1.2701814,1.2562784,1.0678276,1.0561382,1.2480973,1.2344359,1.0114323,1.0003599
2017-07-25,1.2701083,1.2561666,1.0698927,1.0581473,1.2479144,1.2342161,1.013284,1.0021598
2017-07-26,1.275761,1.2617173,1.0695574,1.0577821,1.2534683,1.2396698,1.0129381,1.0017859
2017-07-27,1.2733838,1.2593279,1.0693291,1.0575242,1.2511327,1.2373222,1.0126934,1.0015133
2017-07-28,1.2750295,1.2609178,1.0700043,1.0581604,1.2527496,1.2388843,1.0133328,1.0021158
2017-07-31,1.2742222,1.2600096,1.0698551,1.0579206,1.2518449,1.2378817,1.0131915,1.0018888
2017-08-01,1.2742589,1.2600096,1.0712965,1.0593155,1.2518809,1.2378817,1.0144565,1.0031109
2017-08-02,1.2742959,1.2600096,1.0712165,1.0592056,1.2519173,1.2378817,1.0143484,1.0029748
2017-08-03,1.2743329,1.2600096,1.0704237,1.058391,1.2519537,1.2378817,1.0135689,1.0021749
2017-08-04,1.2743699,1.2600096,1.0725957,1.0605077,1.25199,1.2378817,1.0156254,1.0041792
2017-08-07,1.2744809,1.2600096,1.0720623,1.059888,1.2520991,1.2378817,1.0151204,1.0035924
2017-08-08,1.2745162,1.2600096,1.0733517,1.0611334,1.2521337,1.2378817,1.0162161,1.0046479
2017-08-09,1.2745525,1.2600096,1.0725154,1.0602764,1.2521694,1.2378817,1.0153974,1.0038099
2017-08-10,1.2745888,1.2600096,1.0724541,1.0601856,1.2522051,1.2378817,1.0153192,1.003704
2017-08-11,1.2746248,1.2600096,1.0743478,1.0620277,1.2522404,1.2378817,1.017112,1.0054479
2017-08-14,1.2747306,1.2600096,1.0727785,1.0603882,1.2523444,1.2378817,1.0156262,1.0038957
2017-08-15,1.2747659,1.2600096,1.0702343,1.0578441,1.252379,1.2378817,1.013155,1.0014253
2017-08-16,1.2748015,1.2600096,1.0715595,1.0591244,1.252414,1.2378817,1.0143961,1.002624
2017-08-17,1.2748364,1.2600096,1.0720603,1.0595904,1.2524483,1.2378817,1.0148601,1.0030552
2017-08-18,1.2748707,1.2600096,1.0720891,1.0595904,1.252482,1.2378817,1.0148873,1.0030552
2017-08-21,1.2749754,1.2600096,1.072074,1.0594884,1.2525849,1.2378817,1.0147753,1.002862
2017-08-22,1.27501,1.2600096,1.073548,1.0609163,1.2526189,1.2378817,1.0161509,1.0041942
2017-08-23,1.2750446,1.2600096,1.071269,1.0586354,1.2526529,1.2378817,1.0139937,1.0020352
2017-08-24,1.2750788,1.2600096,1.0731474,1.0604632,1.2526865,1.2378817,1.0157717,1.0037653
2017-08-25,1.2748969,1.2597953,1.0723619,1.0596579,1.2522947,1.2374607,1.0150281,1.003003
2017-08-28,1.2780784,1.2628346,1.0712917,1.0585124,1.2554198,1.240446,1.013822,1.0017279
2017-08-29,1.2831229,1.2677853,1.0723508,1.0595307,1.2603748,1.245309,1.0147849,1.0026527
2017-08-30,1.2800628,1.2647267,1.0711565,1.0583214,1.257369,1.2423047,1.0136547,1.0015083
2017-08-31,1.2841267,1.268707,1.0720271,1.0591523,1.2611471,1.246003,1.0144787,1.0022946
2017-09-01,1.2841616,1.268707,1.0698917,1.0570138,1.2611813,1.246003,1.0124409,1.0002541
2017-09-05,1.2843023,1.268707,1.0753146,1.0622556,1.2613195,1.246003,1.0174631,1.0051063
2017-09-06,1.2843378,1.268707,1.0754169,1.0623273,1.2613544,1.246003,1.01753,1.0051446
2017-09-07,1.2843748,1.268707,1.0732365,1.0601429,1.2613907,1.246003,1.015467,1.0030778
2017-09-08,1.284411,1.268707,1.0732232,1.0600998,1.2614263,1.246003,1.0154544,1.003037
2017-09-11,1.2845187,1.268707,1.0760308,1.0627842,1.261532,1.246003,1.0180357,1.0055027
2017-09-12,1.2845553,1.268707,1.0769998,1.063711,1.261568,1.246003,1.0189256,1.0063529
2017-09-13,1.2845912,1.268707,1.0764029,1.0630917,1.2616032,1.246003,1.0183456,1.005752
2017-09-14,1.2846271,1.268707,1.0759738,1.0626383,1.2616385,1.246003,1.0179397,1.005323
2017-09-15,1.2846634,1.268707,1.075325,1.0619675,1.2616741,1.246003,1.0173258,1.0046884
2017-09-18,1.2847721,1.268707,1.0741968,1.0607634,1.2617809,1.246003,1.0162002,1.0034917
2017-09-19,1.2848087,1.268707,1.0738981,1.0604382,1.2618168,1.246003,1.0158729,1.0031398
2017-09-20,1.284845,1.268707,1.0744679,1.0609709,1.2618524,1.246003,1.0163888,1.003621
2017-09-21,1.2848809,1.268707,1.0747207,1.0611909,1.2618877,1.246003,1.0166101,1.0038115
2017-09-22,1.2849168,1.268707,1.0740925,1.0605409,1.261923,1.246003,1.0160158,1.0031966
2017-09-25,1.2848174,1.2685035,1.0724497,1.0588308,1.2616229,1.2456034,1.0144619,1.001579
2017-09-26,1.2833925,1.2670606,1.0729383,1.059283,1.2602238,1.2441865,1.0148311,1.001915
2017-09-27,1.2702907,1.254089,1.0744501,1.0607452,1.2473585,1.2314491,1.0162252,1.0032625
2017-09-28,1.2728559,1.2565855,1.0754001,1.0616525,1.2498774,1.2339005,1.0170878,1.0040853
2017-09-29,1.2672585,1.2510238,1.0733774,1.0596254,1.2441806,1.2282413,1.0151748,1.0021681
2017-10-02,1.2673668,1.2510238,1.0728117,1.0589764,1.2442869,1.2282413,1.0146398,1.0015543
2017-10-03,1.2674015,1.2510238,1.0731968,1.0593275,1.244321,1.2282413,1.0148744,1.0017584
2017-10-04,1.267438,1.2510238,1.0732332,1.059333,1.2443568,1.2282413,1.0148808,1.0017359
2017-10-05,1.2674748,1.2510238,1.0739096,1.0599698,1.2443929,1.2282413,1.0155024,1.0023205
2017-10-06,1.2675113,1.2510238,1.0747845,1.0608029,1.2444287,1.2282413,1.0163298,1.0031082
2017-10-10,1.2676571,1.2510238,1.0737024,1.0596128,1.2445719,1.2282413,1.0153065,1.0019829
2017-10-11,1.2676939,1.2510238,1.0739272,1.0598039,1.2446081,1.2282413,1.0153787,1.002025
2017-10-12,1.2677314,1.2510238,1.0740467,1.0598904,1.2446449,1.2282413,1.0154714,1.0020868
2017-10-13,1.2677686,1.2510238,1.0760416,1.061828,1.2446814,1.2282413,1.0173575,1.0039187
2017-10-16,1.2678801,1.2510238,1.0742482,1.0599649,1.2447909,1.2282413,1.0156619,1.0021571
2017-10-17,1.267918,1.2510238,1.0748202,1.0604977,1.244828,1.2282413,1.0161848,1.0026432
2017-10-18,1.2679551,1.2510238,1.0731951,1.0588631,1.2448645,1.2282413,1.0145587,1.0010094
2017-10-19,1.2679923,1.2510238,1.0731558,1.0587933,1.244901,1.2282413,1.0144926,1.0009149
2017-10-20,1.2680298,1.2510238,1.0755619,1.0611358,1.2449379,1.2282413,1.0167672,1.0031294
2017-10-23,1.2681434,1.2510238,1.074781,1.0602704,1.2450494,1.2282413,1.016029,1.0023112
2017-10-24,1.2681809,1.2510238,1.0758614,1.0613049,1.2450862,1.2282413,1.017013,1.0032523
2017-10-25,1.2680012,1.2508088,1.0764574,1.0618608,1.2446958,1.2278192,1.017549,1.0037507
2017-10-26,1.2661077,1.2489033,1.0762459,1.0616201,1.2428371,1.2259487,1.0173203,1.0034949
2017-10-27,1.2715463,1.2542306,1.077366,1.0626933,1.2481757,1.2311781,1.0183791,1.0045094
2017-10-30,1.2821196,1.2645486,1.0793774,1.0645829,1.2585547,1.2413065,1.0202803,1.0062955
2017-10-31,1.2799847,1.2624049,1.078824,1.064005,1.2562428,1.2389888,1.0197071,1.0056999
2017-11-01,1.2800243,1.2624049,1.0790117,1.0641573,1.2562816,1.2389888,1.0198616,1.0058211
2017-11-02,1.280065,1.2624049,1.0785746,1.0636924,1.2563216,1.2389888,1.0194284,1.0053619
2017-11-03,1.2801053,1.2624049,1.0785581,1.0636425,1.2563612,1.2389888,1.0194128,1.0053148
2017-11-06,1.2802274,1.2624049,1.0776177,1.0626138,1.2564809,1.2389888,1.018524,1.0043425
2017-11-07,1.2802684,1.2624049,1.07686,1.0618326,1.2565212,1.2389888,1.0177163,1.0035138
2017-11-08,1.2803105,1.2624049,1.0772304,1.0621629,1.2565625,1.2389888,1.0180394,1.0037994
2017-11-09,1.280353,1.2624049,1.0778034,1.0626927,1.2566042,1.2389888,1.0185607,1.0042801
2017-11-10,1.2803957,1.2624049,1.0743804,1.0592821,1.2566462,1.2389888,1.0153258,1.001057
2017-11-13,1.2805231,1.2624049,1.0739181,1.058721,1.2567712,1.2389888,1.0148889,1.0005267
2017-11-14,1.2805659,1.2624049,1.0745776,1.0593358,1.2568132,1.2389888,1.0154514,1.0010478
2017-11-15,1.2806094,1.2624049,1.0765241,1.0612187,1.2568559,1.2389888,1.0172773,1.0028138
2017-11-16,1.2806525,1.2624049,1.076045,1.0607106,1.2568982,1.2389888,1.0168145,1.0023237
2017-11-17,1.2806964,1.2624049,1.0759861,1.0606162,1.2569413,1.2389888,1.0166683,1.0021453
2017-11-20,1.280829,1.2624049,1.0776191,1.0621161,1.2570714,1.2389888,1.0181906,1.0035421
2017-11-21,1.2808739,1.2624049,1.078588,1.0630338,1.2571155,1.2389888,1.0191061,1.0044093
2017-11-22,1.2809189,1.2624049,1.0746384,1.0591039,1.2571596,1.2389888,1.0153744,1.0006961
2017-11-24,1.2807834,1.2621835,1.0761892,1.0605585,1.2568062,1.2385542,1.0168396,1.0020705
2017-11-27,1.2852967,1.2665005,1.0748829,1.0591614,1.261235,1.2427905,1.0154288,1.0005764
2017-11-28,1.2813442,1.2625625,1.0746453,1.058891,1.2573565,1.2389262,1.0151641,1.0002813
2017-11-29,1.2746161,1.2558887,1.0733027,1.057531,1.2507543,1.2323773,1.0138958,0.99899658
2017-11-30,1.2637361,1.2451249,1.070355,1.0545897,1.2398587,1.2215989,1.0111112,0.99621812
2017-12-01,1.2637794,1.2451249,1.0724052,1.0565737,1.2399011,1.2215989,1.013048,0.99809225
2017-12-04,1.2639092,1.2451249,1.0705376,1.054625,1.2400285,1.2215989,1.0111186,0.99608877
2017-12-05,1.2639535,1.2451249,1.0709201,1.0549648,1.240072,1.2215989,1.0114501,0.99638046
2017-12-06,1.2639979,1.2451249,1.0694416,1.0534714,1.2401155,1.2215989,1.0100538,0.99496996
2017-12-07,1.2640422,1.2451249,1.0716614,1.0556211,1.240159,1.2215989,1.0121503,0.99700032
2017-12-08,1.2640862,1.2451249,1.0713655,1.0552929,1.2402021,1.2215989,1.0118708,0.99669032
2017-12-11,1.2642171,1.2451249,1.0719741,1.0557831,1.2403306,1.2215989,1.0123244,0.99703385
2017-12-12,1.2642625,1.2451249,1.0719044,1.0556766,1.2403751,1.2215989,1.0122434,0.99691833
2017-12-13,1.2643082,1.2451249,1.0738308,1.0575356,1.2404199,1.2215989,1.0140625,0.99867384
2017-12-14,1.2643525,1.2451249,1.0736604,1.0573307,1.2404634,1.2215989,1.0139016,0.99848035
2017-12-15,1.2643975,1.2451249,1.0734117,1.0570482,1.2405076,1.2215989,1.0136668,0.99821357
2017-12-18,1.2645316,1.2451249,1.072673,1.0562086,1.2406391,1.2215989,1.0128531,0.99730638
2017-12-19,1.2645787,1.2451249,1.0728834,1.0563765,1.2406854,1.2215989,1.0130244,0.99743792
2017-12-20,1.2646255,1.2451249,1.0738073,1.0572471,1.2407313,1.2215989,1.0138753,0.99823888
2017-12-21,1.2646726,1.2451249,1.0740755,1.0574718,1.2407775,1.2215989,1.0141286,0.99845101
2017-12-22,1.2644791,1.244889,1.0747792,1.0581261,1.2403525,1.221136,1.014793,0.9990688
2017-12-26,1.2689085,1.249071,1.0739525,1.0571602,1.2446974,1.2252382,1.0138631,0.99800982
2017-12-27,1.2787632,1.258722,1.0730434,1.0562233,1.2543641,1.2347051,1.0129601,0.99708136
2017-12-28,1.2749467,1.2549164,1.0724603,1.0556083,1.2506204,1.230972,1.012366,0.99645776
2017-12-29,1.2803209,1.2601591,1.0741529,1.0572346,1.2556551,1.2358815,1.0139637,0.99799293
2018-01-02,1.2805131,1.2601591,1.0710896,1.0540609,1.2558436,1.2358815,1.0110479,0.99497329
2018-01-03,1.2805629,1.2601591,1.0713482,1.0542743,1.2558925,1.2358815,1.0112029,0.99508709
2018-01-04,1.2806117,1.2601591,1.0712459,1.0541335,1.2559403,1.2358815,1.011074,0.99492233
2018-01-05,1.2806605,1.2601591,1.0717535,1.0545929,1.2559882,1.2358815,1.0115308,0.99533398
2018-01-08,1.2808047,1.2601591,1.0719964,1.0547132,1.2561296,1.2358815,1.0117601,0.99544751
2018-01-09,1.2808548,1.2601591,1.0744976,1.0571327,1.2561788,1.2358815,1.0140325,0.99764422
2018-01-10,1.2809047,1.2601591,1.0746233,1.0572152,1.2562277,1.2358815,1.0141225,0.99769396
2018-01-11,1.2809538,1.2601591,1.0743426,1.0568985,1.2562758,1.2358815,1.013839,0.99737686
2018-01-12,1.2810033,1.2601591,1.0734642,1.0559936,1.2563244,1.2358815,1.0130101,0.99652286
2018-01-16,1.2812012,1.2601591,1.0736024,1.0559664,1.2565185,1.2358815,1.0130924,0.99644981
2018-01-17,1.2812514,1.2601591,1.0724311,1.0547729,1.2565677,1.2358815,1.0118994,0.99523737
2018-01-18,1.2813013,1.2601591,1.0712737,1.0535936,1.2566166,1.2358815,1.0107717,0.99408955
2018-01-19,1.2813515,1.2601591,1.0722417,1.0545043,1.2566659,1.2358815,1.0116766,0.99494052
2018-01-22,1.281501,1.2601591,1.0735814,1.0556988,1.2568125,1.2358815,1.0129407,0.9960676
2018-01-23,1.2815512,1.2601591,1.0711532,1.0532696,1.2568618,1.2358815,1.0105219,0.9936501
2018-01-24,1.2816011,1.2601591,1.0714869,1.0535568,1.2569107,1.2358815,1.0108021,0.99388694
2018-01-25,1.2815252,1.2600358,1.0709544,1.0529925,1.2567133,1.2356397,1.0102676,0.99332305
2018-01-26,1.27624,1.2547909,1.0687256,1.0507607,1.2515304,1.2304963,1.0081651,0.99121767
2018-01-29,1.2728443,1.2513088,1.0682966,1.0502189,1.2482004,1.2270817,1.0077604,0.99070657
2018-01-30,1.2704658,1.2489216,1.0679007,1.0497885,1.245868,1.2247407,1.0072724,0.99018798
2018-01-31,1.2695096,1.247933,1.0679275,1.0497741,1.2448084,1.2236514,1.0072713,0.99014834
2018-02-01,1.2695596,1.247933,1.0688605,1.0506497,1.2448575,1.2236514,1.0081305,0.99095391
2018-02-02,1.2696104,1.247933,1.0721265,1.0538181,1.2449073,1.2236514,1.011211,0.99394226
2018-02-05,1.2697628,1.247933,1.069399,1.0510107,1.2450567,1.2236514,1.0086384,0.99129433
2018-02-06,1.2698146,1.247933,1.0685009,1.0500851,1.2451075,1.2236514,1.0076927,0.9903244
2018-02-07,1.2698668,1.247933,1.0701858,1.0516979,1.2451587,1.2236514,1.0092533,0.99181748
2018-02-08,1.26992,1.247933,1.0701158,1.051585,1.2452109,1.2236514,1.0091689,0.99169287
2018-02-09,1.2699733,1.247933,1.072428,1.053813,1.2452631,1.2236514,1.0113493,0.99379402
2018-02-12,1.270133,1.247933,1.0708594,1.0521391,1.2454197,1.2236514,1.0098202,0.99216642
2018-02-13,1.270189,1.247933,1.0712737,1.0524998,1.2454746,1.2236514,1.0101279,0.99242499
2018-02-14,1.2702436,1.247933,1.0731278,1.0542761,1.2455282,1.2236514,1.0118432,0.99406755
2018-02-15,1.2702979,1.247933,1.0733123,1.0544123,1.2455814,1.2236514,1.0120087,0.99418771
2018-02-16,1.2703522,1.247933,1.072305,1.0533777,1.2456347,1.2236514,1.011059,0.99321216
2018-02-20,1.2705736,1.247933,1.0736982,1.0545628,1.2458517,1.2236514,1.0122683,0.99422714
2018-02-21,1.2706307,1.247933,1.0747388,1.0555374,1.2459077,1.2236514,1.0132107,0.99510799
2018-02-22,1.2704653,1.2477152,1.0751428,1.0558874,1.2455282,1.2232244,1.0135523,0.99539932
2018-02-23,1.2787754,1.2558215,1.0770465,1.0577104,1.2536752,1.2311715,1.0153469,0.99711794
2018-02-26,1.2813184,1.2581526,1.0780456,1.0585516,1.2561682,1.2334569,1.0162888,0.99791096
2018-02-27,1.2694841,1.2464754,1.074649,1.0551686,1.2445662,1.2220088,1.0130321,0.99466805
2018-02-28,1.2756035,1.2524279,1.0756511,1.0561051,1.2503484,1.2276313,1.0139579,0.99553238
2018-03-01,1.2756605,1.2524279,1.0770094,1.0573916,1.2504042,1.2276313,1.0152187,0.99672575
2018-03-02,1.2757164,1.2524279,1.0770567,1.0573916,1.250459,1.2276313,1.0152632,0.99672575
2018-03-05,1.2758863,1.2524279,1.0771355,1.0573282,1.2506255,1.2276313,1.0152767,0.99660629
2018-03-06,1.2759447,1.2524279,1.0771707,1.0573144,1.2506828,1.2276313,1.0152997,0.99658329
2018-03-07,1.2760023,1.2524279,1.0777344,1.0578199,1.2507393,1.2276313,1.015831,0.99705978
2018-03-08,1.27606,1.2524279,1.0771095,1.0571588,1.2507958,1.2276313,1.0152421,0.99643662
2018-03-09,1.2761174,1.2524279,1.0780499,1.0580342,1.250852,1.2276313,1.0161284,0.99726179
2018-03-12,1.2762894,1.2524279,1.0769514,1.0568135,1.2510206,1.2276313,1.0149686,0.99598905
2018-03-13,1.2763481,1.2524279,1.0769274,1.0567413,1.2510782,1.2276313,1.0149256,0.99590107
2018-03-14,1.2764076,1.2524279,1.0786333,1.058366,1.2511365,1.2276313,1.0165333,0.99743227
2018-03-15,1.2764681,1.2524279,1.0779513,1.0576466,1.2511958,1.2276313,1.0158906,0.99675432
2018-03-16,1.2765289,1.2524279,1.077142,1.0568022,1.2512554,1.2276313,1.0151279,0.99595848
2018-03-19,1.2767125,1.2524279,1.0774105,1.0569136,1.2514354,1.2276313,1.0152897,0.99597395
2018-03-20,1.2767744,1.2524279,1.0772938,1.0567479,1.2514961,1.2276313,1.0151601,0.99579857
2018-03-21,1.2768367,1.2524279,1.0772296,1.0566334,1.2515571,1.2276313,1.0150809,0.99567224
2018-03-22,1.2768965,1.2524279,1.0750709,1.0544664,1.2516158,1.2276313,1.0130467,0.99363034
2018-03-23,1.2767463,1.2522226,1.0744253,1.0537843,1.2512634,1.2272289,1.0124383,0.99298758
2018-03-26,1.2735863,1.2489473,1.0753059,1.0544999,1.2481664,1.2240189,1.013186,0.9935814
2018-03-27,1.2840115,1.2591106,1.074893,1.0540442,1.2583836,1.2339794,1.0127692,0.99312471
2018-03-28,1.2840727,1.2591106,1.0741975,1.053312,1.2584436,1.2339794,1.0120773,0.99239888
2018-03-29,1.2895198,1.2643932,1.0753906,1.0544327,1.2635757,1.2389542,1.0132013,0.99345485
2018-04-02,1.2897601,1.2643932,1.0772174,1.0560276,1.2638111,1.2389542,1.0149226,0.99495745
2018-04-03,1.2898215,1.2643932,1.0740607,1.0528826,1.2638713,1.2389542,1.0118438,0.99189178
2018-04-04,1.2898823,1.2643932,1.074107,1.0528784,1.2639309,1.2389542,1.0118556,0.99185666
2018-04-05,1.2899417,1.2643932,1.0746622,1.0533741,1.263989,1.2389542,1.0123507,0.99229629
2018-04-06,1.2900014,1.2643932,1.0717768,1.0504971,1.2640476,1.2389542,1.0096326,0.98958608
2018-04-09,1.2901817,1.2643932,1.072367,1.0509288,1.2642242,1.2389542,1.0101885,0.98999274
2018-04-10,1.2902428,1.2643932,1.07299,1.0514896,1.2642841,1.2389542,1.0106785,0.99042594
2018-04-11,1.2903033,1.2643932,1.0727638,1.0512186,1.2643433,1.2389542,1.0104386,0.99014453
2018-04-12,1.2903634,1.2643932,1.0717028,1.05013,1.2644022,1.2389542,1.0094192,0.98909941
2018-04-13,1.2904242,1.2643932,1.0714502,1.049833,1.2644618,1.2389542,1.0091813,0.98881968
2018-04-16,1.2906077,1.2643932,1.0717231,1.0499511,1.2646416,1.2389542,1.0094383,0.98893092
2018-04-17,1.2906699,1.2643932,1.0724915,1.0506532,1.2647026,1.2389542,1.0100641,0.98949634
2018-04-18,1.2907325,1.2643932,1.0717121,1.0498387,1.2647639,1.2389542,1.0092999,0.98869969
2018-04-19,1.2907954,1.2643932,1.0712207,1.0493062,1.2648256,1.2389542,1.0088092,0.98817084
2018-04-20,1.2908587,1.2643932,1.072798,1.0507998,1.2648876,1.2389542,1.0102947,0.98957744
2018-04-23,1.2910476,1.2643932,1.0740144,1.0518374,1.2650727,1.2389542,1.0114402,0.99055465
2018-04-24,1.2909067,1.2641915,1.0733773,1.0511606,1.2647329,1.238559,1.0107377,0.98981681
2018-04-25,1.2851304,1.258471,1.0739916,1.0517091,1.2590737,1.2329545,1.0112909,0.99030858
2018-04-26,1.2906463,1.2638097,1.073656,1.051328,1.2644777,1.2381849,1.0109481,0.98992354
2018-04-27,1.2950897,1.2680987,1.0742329,1.0518413,1.2688311,1.242387,1.0114913,0.9904069
2018-04-30,1.2980028,1.2707655,1.0745411,1.0519893,1.2714826,1.2448016,1.0117815,0.99054618
2018-05-01,1.2980682,1.2707655,1.0733764,1.050796,1.2715467,1.2448016,1.0106091,0.98934842
2018-05-02,1.2981329,1.2707655,1.0734881,1.050853,1.2716101,1.2448016,1.0106925,0.98938074
2018-05-03,1.2981973,1.2707655,1.0731705,1.05049,1.2716732,1.2448016,1.0103728,0.98901872
2018-05-04,1.2982613,1.2707655,1.07321,1.0504768,1.2717359,1.2448016,1.01041,0.98900636
2018-05-07,1.2984534,1.2707655,1.0735432,1.0506475,1.2719241,1.2448016,1.0107237,0.98916707
2018-05-08,1.2985185,1.2707655,1.0741414,1.0511802,1.2719878,1.2448016,1.0112102,0.98959364
2018-05-09,1.2985839,1.2707655,1.0748862,1.0518561,1.272052,1.2448016,1.0118838,0.99020291
2018-05-10,1.2986498,1.2707655,1.0743916,1.0513189,1.2721164,1.2448016,1.0113947,0.98967409
2018-05-11,1.2987159,1.2707655,1.0746663,1.0515341,1.2721813,1.2448016,1.0116532,0.98987666
2018-05-14,1.2989166,1.2707655,1.0739474,1.0506682,1.2723778,1.2448016,1.0109765,0.98906156
2018-05-15,1.2989842,1.2707655,1.0698248,1.0465802,1.2724441,1.2448016,1.0069753,0.98509561
2018-05-16,1.2990515,1.2707655,1.0697181,1.0464217,1.27251,1.2448016,1.0068419,0.98491412
2018-05-17,1.2991184,1.2707655,1.0686786,1.0453509,1.2725755,1.2448016,1.0058323,0.98387578
2018-05-18,1.2991853,1.2707655,1.0663342,1.0430038,1.272641,1.2448016,1.0036257,0.98166668
2018-05-21,1.299385,1.2707655,1.0668513,1.0433493,1.2728366,1.2448016,1.0041124,0.98199185
2018-05-22,1.2994526,1.2707655,1.0665924,1.0430418,1.2729029,1.2448016,1.0037361,0.98157266
2018-05-23,1.2995203,1.2707655,1.0658482,1.0422598,1.2729692,1.2448016,1.0029983,0.98080009
2018-05-24,1.2993605,1.2705438,1.0667844,1.0431216,1.2725905,1.2443672,1.0038404,0.98157304
2018-05-25,1.3086728,1.2795845,1.0698061,1.0460228,1.281711,1.2532216,1.0066838,0.98430304
2018-05-29,1.3453779,1.3152129,1.0836725,1.0593677,1.3176599,1.288116,1.019732,0.99686059
2018-05-30,1.3283827,1.2985303,1.0770038,1.0527935,1.3010148,1.2717771,1.0133903,0.99060923
2018-05-31,1.3319187,1.3019193,1.077437,1.053162,1.304251,1.2748743,1.013779,0.99093758
2018-06-01,1.3319877,1.3019193,1.0760645,1.0517659,1.3043185,1.2748743,1.0124679,0.98960474
2018-06-04,1.3321935,1.3019193,1.0761824,1.0517187,1.3045201,1.2748743,1.0125334,0.98951579
2018-06-05,1.3322632,1.3019193,1.0756024,1.0510969,1.3045883,1.2748743,1.0119776,0.98892089
2018-06-06,1.332333,1.3019193,1.0778637,1.0532516,1.3046566,1.2748743,1.0141051,0.99094818
2018-06-07,1.3324027,1.3019193,1.0761804,1.0515516,1.3047249,1.2748743,1.0125214,0.98934873
2018-06-08,1.332472,1.3019193,1.0761271,1.0514448,1.3047928,1.2748743,1.0124712,0.98924825
2018-06-11,1.332679,1.3019193,1.0772589,1.0523873,1.3049955,1.2748743,1.0134692,0.99006963
2018-06-12,1.3327488,1.3019193,1.0771881,1.052263,1.3050638,1.2748743,1.0133874,0.9899379
2018-06-13,1.3328178,1.3019193,1.0766581,1.0516909,1.3051313,1.2748743,1.0128888,0.98939963
2018-06-14,1.3328872,1.3019193,1.0773501,1.052312,1.3051993,1.2748743,1.0135398,0.98998399
2018-06-15,1.3329565,1.3019193,1.0778607,1.052756,1.3052672,1.2748743,1.0140201,0.99040164
2018-06-18,1.3331647,1.3019193,1.077986,1.052714,1.3054711,1.2748743,1.0141166,0.99034117
2018-06-19,1.3332345,1.3019193,1.0782333,1.0529005,1.3055394,1.2748743,1.0143103,0.99047851
2018-06-20,1.3333042,1.3019193,1.0784675,1.0530741,1.3056077,1.2748743,1.0145172,0.9906287
2018-06-21,1.3333736,1.3019193,1.0777324,1.0523014,1.3056756,1.2748743,1.0138104,0.989887
2018-06-22,1.333443,1.3019193,1.0780647,1.052571,1.3057436,1.2748743,1.0141229,0.99014066
2018-06-25,1.3334657,1.3017392,1.0770437,1.0514107,1.3055851,1.2745216,1.0131626,0.98904918
2018-06-26,1.3328809,1.3011005,1.0771933,1.051502,1.3050125,1.2738963,1.0132345,0.98906795
2018-06-27,1.3411246,1.3090799,1.0764797,1.0507508,1.3130839,1.2817088,1.012536,0.98833459
2018-06-28,1.3369171,1.3049052,1.0761272,1.0503522,1.3089644,1.2776214,1.0121732,0.98792925
2018-06-29,1.3368013,1.3047246,1.0759811,1.0501553,1.3086699,1.2772678,1.0120358,0.98774401
2018-07-02,1.337009,1.3047246,1.0752421,1.0492709,1.3088732,1.2772678,1.0113059,0.9868782
2018-07-03,1.3370804,1.3047246,1.0760332,1.0499868,1.3089431,1.2772678,1.0120036,0.98750633
2018-07-05,1.3372226,1.3047246,1.0763356,1.0501702,1.3090823,1.2772678,1.012264,0.98765545
2018-07-06,1.3372929,1.3047246,1.0757882,1.0495809,1.3091512,1.2772678,1.0117331,0.98708554
2018-07-09,1.337505,1.3047246,1.077191,1.050783,1.3093588,1.2772678,1.0130524,0.98821606
2018-07-10,1.3375765,1.3047246,1.0779302,1.051448,1.3094288,1.2772678,1.0136779,0.9887735
2018-07-11,1.337648,1.3047246,1.077281,1.0507585,1.3094987,1.2772678,1.0130442,0.98810248
2018-07-12,1.3377187,1.3047246,1.0769613,1.0503911,1.309568,1.2772678,1.0127233,0.98773729
2018-07-13,1.3377898,1.3047246,1.0779995,1.051348,1.3096376,1.2772678,1.0136997,0.98863706
2018-07-16,1.3380031,1.3047246,1.0767768,1.0499878,1.3098464,1.2772678,1.0125499,0.98735801
2018-07-17,1.3380757,1.3047246,1.0763942,1.0495578,1.3099175,1.2772678,1.0121187,0.98688402
2018-07-18,1.3381483,1.3047246,1.075949,1.0490667,1.3099885,1.2772678,1.0116741,0.98639693
2018-07-19,1.3382201,1.3047246,1.0755493,1.0486207,1.3100589,1.2772678,1.0112712,0.98595121
2018-07-20,1.338292,1.3047246,1.0767246,1.0497103,1.3101292,1.2772678,1.0123763,0.98697567
2018-07-23,1.3385065,1.3047246,1.0793989,1.0521492,1.3103392,1.2772678,1.0148908,0.98926885
2018-07-24,1.3385783,1.3047246,1.0790963,1.0517978,1.3104096,1.2772678,1.014533,0.98886696
2018-07-25,1.3384575,1.3045361,1.0787038,1.0513582,1.3101019,1.2768986,1.0141426,0.98843278
2018-07-26,1.3316702,1.2978503,1.0786326,1.051232,1.3034583,1.2703545,1.0140506,0.98828979
2018-07-27,1.3337887,1.2998458,1.0789212,1.0514571,1.305532,1.2723077,1.0143218,0.98850135
2018-07-30,1.3326365,1.2985134,1.0790916,1.0514538,1.3044042,1.2710036,1.0144821,0.98849826
2018-07-31,1.3335417,1.299324,1.0792195,1.0515205,1.3051017,1.2716133,1.0145477,0.98850782
2018-08-01,1.3336144,1.299324,1.0789389,1.0511897,1.3051729,1.2716133,1.0142645,0.98817793
2018-08-02,1.3336871,1.299324,1.0786446,1.0508457,1.305244,1.2716133,1.0139697,0.98783683
2018-08-03,1.3337595,1.299324,1.0775267,1.0496996,1.3053148,1.2716133,1.0129188,0.98675947
2018-08-06,1.3339754,1.299324,1.0773072,1.0493158,1.3055262,1.2716133,1.0127125,0.98639868
2018-08-07,1.3340493,1.299324,1.0786372,1.0505532,1.3055984,1.2716133,1.0139101,0.98751061
2018-08-08,1.3341231,1.299324,1.0785145,1.0503756,1.3056707,1.2716133,1.0137706,0.98732012
2018-08-09,1.3341969,1.299324,1.0787836,1.0505795,1.3057429,1.2716133,1.0140033,0.98749208
2018-08-10,1.3342708,1.299324,1.0820998,1.0537509,1.3058152,1.2716133,1.0171204,0.99047307
2018-08-13,1.3344912,1.299324,1.0811965,1.0526972,1.3060309,1.2716133,1.0162714,0.9894826
2018-08-14,1.3345654,1.299324,1.0804272,1.0518896,1.3061036,1.2716133,1.0155133,0.98868948
2018-08-15,1.33464,1.299324,1.0817177,1.0530872,1.3061766,1.2716133,1.0167146,0.98980382
2018-08-16,1.3347142,1.299324,1.0816453,1.0529582,1.3062492,1.2716133,1.0166365,0.98967272
2018-08-17,1.3347885,1.299324,1.0817055,1.0529582,1.3063219,1.2716133,1.016693,0.98967272
2018-08-20,1.335009,1.299324,1.0818451,1.0529202,1.3065377,1.2716133,1.0167875,0.9896012
2018-08-21,1.3350832,1.299324,1.0821677,1.0531755,1.3066103,1.2716133,1.0170767,0.9898276
2018-08-22,1.3351579,1.299324,1.0816259,1.0525894,1.3066834,1.2716133,1.0165514,0.98926107
2018-08-23,1.3352328,1.299324,1.0820433,1.0529364,1.3067568,1.2716133,1.0169437,0.98958721
2018-08-24,1.3353075,1.299324,1.0827056,1.0535221,1.3068298,1.2716133,1.0175662,0.99013767
2018-08-27,1.3352771,1.2990755,1.0836691,1.0542822,1.3065502,1.271127,1.0183695,0.9907525
2018-08-28,1.3281093,1.292028,1.0840657,1.0546079,1.2995366,1.2642311,1.0187066,0.99102405
2018-08-29,1.3277351,1.29159,1.0830829,1.0535914,1.2991704,1.2638024,1.0177437,0.99003049
2018-08-30,1.3332133,1.2968451,1.0850835,1.0554772,1.3045308,1.2689445,1.0196235,0.99180249
2018-08-31,1.3361983,1.2996751,1.0866701,1.0569607,1.307202,1.271471,1.0211144,0.99319644
2018-09-04,1.3365014,1.2996751,1.0840282,1.0541512,1.3074986,1.271471,1.0185032,0.99043131
2018-09-05,1.3365779,1.2996751,1.0840458,1.054108,1.3075734,1.271471,1.0184813,0.99035326
2018-09-06,1.3366548,1.2996751,1.0835694,1.0535841,1.3076487,1.271471,1.0179984,0.98982679
2018-09-07,1.3367313,1.2996751,1.0881045,1.0579334,1.3077236,1.271471,1.0222591,0.99391292
2018-09-10,1.3369621,1.2996751,1.0880917,1.0577383,1.3079493,1.271471,1.0222471,0.99372967
2018-09-11,1.3370393,1.2996751,1.0907367,1.0602484,1.3080249,1.271471,1.0246086,0.99596783
2018-09-12,1.3371166,1.2996751,1.0901558,1.0596224,1.3081005,1.271471,1.0240295,0.99534732
2018-09-13,1.3371943,1.2996751,1.0898156,1.0592302,1.3081765,1.271471,1.0236861,0.99495572
2018-09-14,1.3372716,1.2996751,1.0878471,1.0572557,1.3082521,1.271471,1.021837,0.99310106
2018-09-17,1.3375046,1.2996751,1.0877387,1.0569661,1.3084801,1.271471,1.0216821,0.99277745
2018-09-18,1.3375827,1.2996751,1.0855469,1.0547746,1.3085564,1.271471,1.019542,0.99063995
2018-09-19,1.3376607,1.2996751,1.0849213,1.0541053,1.3086328,1.271471,1.0189383,0.98999556
2018-09-20,1.3377384,1.2996751,1.0854111,1.05452,1.3087088,1.271471,1.0193757,0.99036305
2018-09-21,1.3378165,1.2996751,1.0846587,1.0537274,1.3087852,1.271471,1.0186691,0.98961873
2018-09-24,1.337915,1.2995422,1.084888,1.0537648,1.3087478,1.271211,1.0187965,0.98956841
2018-09-25,1.3353275,1.2969513,1.0852747,1.0540775,1.3062166,1.2686765,1.0191276,0.98983097
2018-09-26,1.3397634,1.3011826,1.0855919,1.0543229,1.3105558,1.2728156,1.0194255,0.99006141
2018-09-27,1.3400855,1.3014184,1.0854121,1.0540859,1.3108709,1.2730463,1.0192234,0.98980657
2018-09-28,1.3405128,1.3017572,1.0858896,1.0544878,1.3111549,1.2732475,1.0196717,0.99018393
2018-10-01,1.3407497,1.3017572,1.0856064,1.0540265,1.3113866,1.2732475,1.0193708,0.9897167
2018-10-02,1.3408302,1.3017572,1.0861439,1.0544851,1.3114653,1.2732475,1.0197854,0.99005989
2018-10-03,1.3409106,1.3017572,1.0880768,1.0562984,1.311544,1.2732475,1.0215884,0.99175088
2018-10-04,1.3409911,1.3017572,1.0895275,1.0576433,1.3116227,1.2732475,1.0229279,0.99299181
2018-10-05,1.3410712,1.3017572,1.0911724,1.0591769,1.311701,1.2732475,1.0244723,0.99443165
2018-10-09,1.3413916,1.3017572,1.0903078,1.0580846,1.3120144,1.2732475,1.0236605,0.99340614
2018-10-10,1.3414728,1.3017572,1.0908696,1.0585657,1.3120939,1.2732475,1.0240328,0.99370724
2018-10-11,1.3415547,1.3017572,1.0919591,1.0595583,1.312174,1.2732475,1.0250317,0.99461588
2018-10-12,1.3416363,1.3017572,1.0917133,1.0592553,1.3122538,1.2732475,1.024801,0.99433148
2018-10-15,1.3418822,1.3017572,1.0904344,1.0578204,1.3124943,1.2732475,1.0236005,0.99298447
2018-10-16,1.3419657,1.3017572,1.0907905,1.0581,1.312576,1.2732475,1.0238806,0.99319443
2018-10-17,1.3420488,1.3017572,1.0899099,1.0571803,1.3126572,1.2732475,1.0229577,0.9922377
2018-10-18,1.3421323,1.3017572,1.0891739,1.0564007,1.3127389,1.2732475,1.0222334,0.99147342
2018-10-19,1.3422157,1.3017572,1.0911418,1.0582436,1.3128205,1.2732475,1.0240803,0.99320307
2018-10-22,1.342465,1.3017572,1.0909123,1.0578244,1.3130644,1.2732475,1.0238649,0.99280967
2018-10-23,1.3425496,1.3017572,1.0886342,1.0555488,1.3131471,1.2732475,1.0216032,0.99055408
2018-10-24,1.3426339,1.3017572,1.0880527,1.0549187,1.3132295,1.2732475,1.0210159,0.98992241
2018-10-25,1.3424673,1.3015139,1.0876414,1.0544538,1.3128212,1.2727718,1.0205867,0.98944424
2018-10-26,1.3567816,1.31531,1.0925122,1.0591098,1.3268195,1.2862631,1.0251573,0.99381325
2018-10-29,1.3547887,1.3131315,1.0921018,1.0585135,1.3248706,1.2841328,1.024746,0.99322828
2018-10-30,1.3499376,1.3083468,1.0905905,1.0569819,1.3201266,1.2794537,1.023243,0.9917089
2018-10-31,1.3399324,1.2985678,1.0899864,1.0563302,1.3100957,1.2696516,1.0226432,0.99106542
2018-11-01,1.3400165,1.2985678,1.089606,1.0558952,1.3101779,1.2696516,1.0222646,0.99063636
2018-11-02,1.3400998,1.2985678,1.0930617,1.0591784,1.3102594,1.2696516,1.0255068,0.99371662
2018-11-05,1.3403509,1.2985678,1.0924404,1.0583779,1.3105049,1.2696516,1.0248715,0.99291478
2018-11-06,1.3404361,1.2985678,1.0924039,1.0582752,1.3105882,1.2696516,1.0248146,0.99279656
2018-11-07,1.340521,1.2985678,1.092221,1.058031,1.3106712,1.2696516,1.024626,0.99255103
2018-11-08,1.3406062,1.2985678,1.091845,1.0575996,1.3107545,1.2696516,1.0242733,0.99214625
2018-11-09,1.3406907,1.2985678,1.0930381,1.0586886,1.3108371,1.2696516,1.0253925,0.99316785
2018-11-13,1.3410301,1.2985678,1.0943713,1.0597119,1.3111689,1.2696516,1.0266171,0.9941025
2018-11-14,1.341116,1.2985678,1.0947553,1.0600157,1.311253,1.2696516,1.02697,0.9943805
2018-11-15,1.3412016,1.2985678,1.094717,1.0599111,1.3113367,1.2696516,1.026929,0.99427736
2018-11-16,1.3412869,1.2985678,1.0947307,1.0598569,1.31142,1.2696516,1.0268893,0.99417572
2018-11-19,1.3415416,1.2985678,1.0938268,1.0587806,1.311669,1.2696516,1.0260223,0.99314758
2018-11-20,1.3416276,1.2985678,1.0944012,1.0592687,1.3117531,1.2696516,1.0265403,0.99358527
2018-11-21,1.3417136,1.2985678,1.0955931,1.0603544,1.3118372,1.2696516,1.0276583,0.9946037
2018-11-23,1.3418871,1.2985678,1.0953239,1.0599568,1.3120068,1.2696516,1.0274058,0.99423072
2018-11-26,1.3419061,1.2983343,1.0965356,1.0609237,1.3117896,1.2691951,1.0284409,0.99503956
2018-11-27,1.3454151,1.3016451,1.0960176,1.0603537,1.3152198,1.2724316,1.0279168,0.99446784
2018-11-28,1.3497906,1.3057941,1.0967856,1.0610281,1.3194971,1.2764874,1.0285954,0.99506003
2018-11-29,1.3511683,1.3070427,1.097007,1.061174,1.3208439,1.2777081,1.028803,0.99519685
2018-11-30,1.3548874,1.3105574,1.0976544,1.0617328,1.3242421,1.2809141,1.0294101,0.99572089
2018-12-03,1.3551458,1.3105574,1.097533,1.061413,1.3244946,1.2809141,1.0292002,0.99532794
2018-12-04,1.3552326,1.3105574,1.0986675,1.062442,1.3245795,1.2809141,1.0302294,0.99625944
2018-12-06,1.3554094,1.3105574,1.0974042,1.0610818,1.3247522,1.2809141,1.0290136,0.99495386
2018-12-07,1.355497,1.3105574,1.0958839,1.0595432,1.3248379,1.2809141,1.0275881,0.99351117
2018-12-10,1.3557588,1.3105574,1.0960938,1.0595416,1.3250938,1.2809141,1.027785,0.99350962
2018-12-11,1.3558469,1.3105574,1.0971822,1.0605248,1.3251798,1.2809141,1.0287122,0.9943414
2018-12-12,1.3559349,1.3105574,1.0977127,1.0609688,1.3252659,1.2809141,1.0291869,0.99473572
2018-12-13,1.3560237,1.3105574,1.0980614,1.0612364,1.3253527,1.2809141,1.0294985,0.99497173
2018-12-14,1.3561121,1.3105574,1.0990012,1.0620754,1.3254391,1.2809141,1.0303796,0.99575838
2018-12-17,1.3563763,1.3105574,1.1006522,1.063464,1.3256973,1.2809141,1.0319029,0.9970366
2018-12-18,1.356464,1.3105574,1.1017849,1.0644897,1.325783,1.2809141,1.0329089,0.99794412
2018-12-19,1.3565509,1.3105574,1.1025742,1.065184,1.325868,1.2809141,1.0336198,0.9985669
2018-12-20,1.3566383,1.3105574,1.1034046,1.0659177,1.3259533,1.2809141,1.0343931,0.9992497
2018-12-21,1.3567252,1.3105574,1.1031012,1.0655563,1.3260384,1.2809141,1.0341087,0.99891089
2018-12-24,1.3567351,1.3103148,1.1008176,1.0631455,1.3258026,1.28044,1.0318968,0.99658221
2018-12-26,1.34623,1.2999961,1.101822,1.0639751,1.315537,1.2703565,1.0328099,0.9973325
2018-12-27,1.3604535,1.313646,1.1030295,1.0650715,1.3294363,1.2836953,1.0338991,0.99831889
2018-12-28,1.3632199,1.3162323,1.1038014,1.065748,1.3321395,1.2862226,1.0346226,0.99895298
2018-12-31,1.3744136,1.3267859,1.1067733,1.0684115,1.3428315,1.2962975,1.0373653,1.0014082
2019-01-02,1.3745943,1.3267859,1.1072623,1.0687431,1.3430081,1.2962975,1.0377616,1.001659
2019-01-03,1.3746836,1.3267859,1.107482,1.0688858,1.3430953,1.2962975,1.0379366,1.0017629
2019-01-04,1.3747725,1.3267859,1.1114126,1.0726102,1.3431821,1.2962975,1.0415992,1.0052331
2019-01-07,1.3750403,1.3267859,1.1130479,1.0739795,1.3434438,1.2962975,1.0431318,1.0065164
2019-01-08,1.3751311,1.3267859,1.1153108,1.0760921,1.3435325,1.2962975,1.0451726,1.0084191
2019-01-09,1.3752218,1.3267859,1.1166461,1.0773093,1.3436212,1.2962975,1.0463944,1.0095314
2019-01-10,1.3753123,1.3267859,1.1171541,1.0777286,1.3437095,1.2962975,1.0468462,1.0099008
2019-01-11,1.375402,1.3267859,1.1183493,1.0788114,1.3437971,1.2962975,1.0479662,1.0109154
2019-01-14,1.375671,1.3267859,1.1180124,1.0782754,1.34406,1.2962975,1.0476505,1.0104132
2019-01-15,1.3757615,1.3267859,1.1179627,1.0781565,1.3441484,1.2962975,1.0475833,1.0102819
2019-01-16,1.3758519,1.3267859,1.1174817,1.0776217,1.3442368,1.2962975,1.0471187,1.0097674
2019-01-17,1.3759416,1.3267859,1.1175415,1.0776092,1.3443244,1.2962975,1.0471626,1.0097439
2019-01-18,1.376031,1.3267859,1.1175757,1.0775722,1.3444117,1.2962975,1.0471587,1.0096746
2019-01-22,1.3763869,1.3267859,1.116359,1.0761203,1.3447594,1.2962975,1.0460002,1.0082964
2019-01-23,1.3764766,1.3267859,1.1175011,1.077151,1.3448471,1.2962975,1.0470703,1.0092622
2019-01-24,1.3765656,1.3267859,1.1155286,1.0751802,1.3449341,1.2962975,1.0452222,1.0074156
2019-01-25,1.3765451,1.3266819,1.1177417,1.0772449,1.3448086,1.2960942,1.0472957,1.0093501
2019-01-28,1.3779584,1.3277888,1.1174255,1.0767329,1.3461893,1.2971756,1.046946,1.0088189
2019-01-29,1.3814971,1.3311124,1.1172934,1.0765358,1.3496464,1.3004226,1.0467843,1.0085976
2019-01-30,1.3842764,1.3337039,1.1179194,1.077069,1.3523616,1.3029544,1.047357,1.0090839
2019-01-31,1.3900328,1.3391634,1.1178078,1.0768916,1.3578792,1.3081858,1.0472403,1.0089059
2019-02-01,1.3901226,1.3391634,1.1184399,1.0774309,1.357967,1.3081858,1.0478324,1.0094112
2019-02-04,1.3903911,1.3391634,1.1194097,1.078157,1.3582293,1.3081858,1.0487235,1.0100746
2019-02-05,1.3904814,1.3391634,1.1185883,1.0772959,1.3583175,1.3081858,1.0479144,1.0092297
2019-02-06,1.3905717,1.3391634,1.118544,1.0771832,1.3584057,1.3081858,1.0478451,1.0090975
2019-02-07,1.390662,1.3391634,1.1193657,1.0779046,1.3584939,1.3081858,1.0485905,1.0097498
2019-02-08,1.3907523,1.3391634,1.1205044,1.0789311,1.3585821,1.3081858,1.0496572,1.0107114
2019-02-11,1.3910243,1.3391634,1.1191487,1.0774147,1.3588478,1.3081858,1.0483873,1.0092909
2019-02-12,1.3911158,1.3391634,1.1180171,1.0762544,1.3589372,1.3081858,1.0473071,1.0081846
2019-02-13,1.3912065,1.3391634,1.1174114,1.0756012,1.3590258,1.3081858,1.0467259,1.0075594
2019-02-14,1.3912976,1.3391634,1.1179848,1.0760828,1.3591148,1.3081858,1.0472509,1.0079988
2019-02-15,1.3913883,1.3391634,1.1180204,1.0760469,1.3592034,1.3081858,1.0472493,1.0079315
2019-02-19,1.3917512,1.3391634,1.1174426,1.07521,1.3595579,1.3081858,1.0466905,1.0071308
2019-02-20,1.3918431,1.3391634,1.1177346,1.07542,1.3596477,1.3081858,1.046964,1.0073275
2019-02-21,1.3919347,1.3391634,1.1194463,1.0769962,1.3597371,1.3081858,1.0485673,1.0088039
2019-02-22,1.3918115,1.3389569,1.1176081,1.0751569,1.3594071,1.3077823,1.0468455,1.007081
2019-02-25,1.3894232,1.336394,1.1184551,1.0757588,1.3570744,1.3052791,1.0475691,1.0075776
2019-02-26,1.3971137,1.3437024,1.1188693,1.0760859,1.3645859,1.3124173,1.0479219,1.0078502
2019-02-27,1.3861269,1.3330473,1.1167209,1.0739488,1.3538548,1.3020103,1.0459097,1.0058487
2019-02-28,1.380698,1.3277386,1.1155397,1.0727423,1.3483436,1.2966244,1.0448035,1.0047187
2019-03-01,1.3807888,1.3277386,1.1131136,1.0703387,1.3484322,1.2966244,1.0425312,1.0024675
2019-03-04,1.38106,1.3277386,1.1143868,1.0713527,1.3486971,1.2966244,1.0436705,1.0033661
2019-03-05,1.3811512,1.3277386,1.1146178,1.071504,1.3487861,1.2966244,1.0438565,1.0034786
2019-03-06,1.3812424,1.3277386,1.1136718,1.0705239,1.3488752,1.2966244,1.0429583,1.002549
2019-03-07,1.3813336,1.3277386,1.1108776,1.0677673,1.3489643,1.2966244,1.0403416,0.99996741
2019-03-08,1.3814245,1.3277386,1.1101869,1.0670332,1.349053,1.2966244,1.0396948,0.99927993
2019-03-11,1.3816981,1.3277386,1.1113558,1.0679453,1.3493202,1.2966244,1.0407522,1.0000983
2019-03-12,1.3817893,1.3277386,1.1102626,1.0668243,1.3494093,1.2966244,1.0397028,0.99902388
2019-03-13,1.3818806,1.3277386,1.1106167,1.0670941,1.3494984,1.2966244,1.0400171,0.99925993
2019-03-14,1.3819714,1.3277386,1.109757,1.0661979,1.3495871,1.2966244,1.039212,0.99842071
2019-03-15,1.3820623,1.3277386,1.1111296,1.0674465,1.3496759,1.2966244,1.0404974,0.99958995
2019-03-18,1.3823349,1.3277386,1.1109606,1.0670736,1.3499421,1.2966244,1.0403202,0.99922254
2019-03-19,1.3824254,1.3277386,1.1106983,1.0667518,1.3500305,1.2966244,1.0400536,0.99890101
2019-03-20,1.3825167,1.3277386,1.1106288,1.0666146,1.3501196,1.2966244,1.0399667,0.99875166
2019-03-21,1.3826084,1.3277386,1.1108263,1.0667336,1.3502091,1.2966244,1.0401361,0.99884814
2019-03-22,1.3827004,1.3277386,1.1076164,1.0635801,1.350299,1.2966244,1.0371305,0.99589529
2019-03-25,1.3827879,1.3275596,1.106389,1.0621907,1.3502024,1.2962748,1.0359812,0.99459441
2019-03-26,1.384532,1.3291464,1.1060564,1.0618013,1.3519054,1.2978242,1.035646,0.99420694
2019-03-27,1.3905813,1.3348659,1.1055353,1.061231,1.3578121,1.3034089,1.0351262,0.99364229
2019-03-28,1.3866831,1.3310365,1.1052222,1.0608609,1.3540058,1.2996698,1.034802,0.99326602
2019-03-29,1.3806195,1.3251295,1.103709,1.0593393,1.3479025,1.2937267,1.0333852,0.99184131
2019-04-01,1.3808861,1.3251295,1.100492,1.056047,1.3481629,1.2937267,1.0303732,0.98875885
2019-04-02,1.3809762,1.3251295,1.1014043,1.0568536,1.3482508,1.2937267,1.0311932,0.98948124
2019-04-03,1.3810659,1.3251295,1.1008321,1.0562359,1.3483383,1.2937267,1.0306284,0.98887504
2019-04-04,1.3811563,1.3251295,1.1010245,1.0563514,1.3484266,1.2937267,1.0307811,0.98895682
2019-04-05,1.3812467,1.3251295,1.1008042,1.0560708,1.3485149,1.2937267,1.0305748,0.98869412
2019-04-08,1.3815181,1.3251295,1.1019079,1.0569222,1.3487798,1.2937267,1.0316081,0.98949126
2019-04-09,1.3816081,1.3251295,1.1009898,1.0559727,1.3488677,1.2937267,1.0307091,0.98856441
2019-04-10,1.3816978,1.3251295,1.1007569,1.0556808,1.3489553,1.2937267,1.0304638,0.988265
2019-04-11,1.3817879,1.3251295,1.1004453,1.0553131,1.3490433,1.2937267,1.0301482,0.98789781
2019-04-12,1.381878,1.3251295,1.0979912,1.0528908,1.3491312,1.2937267,1.0278508,0.98563027
2019-04-15,1.3821495,1.3251295,1.0985608,1.0532302,1.3493963,1.2937267,1.0283668,0.98593146
2019-04-16,1.3822396,1.3251295,1.0973606,1.0520109,1.3494843,1.2937267,1.0272065,0.98475474
2019-04-17,1.3823297,1.3251295,1.097244,1.0518305,1.3495723,1.2937267,1.0270657,0.98455551
2019-04-18,1.3824203,1.3251295,1.0963019,1.0508584,1.3496606,1.2937267,1.0261718,0.98363419
2019-04-22,1.3827793,1.3251295,1.0977566,1.0519799,1.3500112,1.2937267,1.0275335,0.98468391
2019-04-23,1.3828699,1.3251295,1.0965214,1.0507274,1.3500996,1.2937267,1.026342,0.98347769
2019-04-24,1.3827378,1.3249158,1.0957996,1.0499666,1.3497529,1.2933094,1.0256417,0.98274197
2019-04-25,1.3792699,1.3215062,1.095726,1.0498273,1.3463678,1.2899811,1.0255457,0.98258559
2019-04-26,1.3864588,1.3283078,1.0970567,1.0510338,1.3533851,1.2966205,1.0267911,0.98371479
2019-04-29,1.3807823,1.3226106,1.096295,1.0500994,1.347844,1.2910592,1.0260783,0.98284021
2019-04-30,1.3865723,1.3280701,1.0973977,1.0510868,1.3532785,1.2961802,1.0270811,0.98373647
2019-05-01,1.3866627,1.3280701,1.0975159,1.0511315,1.3533668,1.2961802,1.0271696,0.98375708
2019-05-02,1.3867531,1.3280701,1.0983315,1.0518441,1.353455,1.2961802,1.027912,0.98440393
2019-05-03,1.3868446,1.3280701,1.0975528,1.0510289,1.3535444,1.2961802,1.0271832,0.98364102
2019-05-06,1.3871159,1.3280701,1.0964556,1.0497726,1.3538092,1.2961802,1.0261564,0.98246526
2019-05-07,1.3872068,1.3280701,1.0942522,1.0475943,1.3538978,1.2961802,1.0240605,0.98039429
2019-05-08,1.3872972,1.3280701,1.0952521,1.0484832,1.3539861,1.2961802,1.0249692,0.9812003
2019-05-09,1.3873877,1.3280701,1.0959767,1.0491085,1.3540744,1.2961802,1.0256251,0.98176424
2019-05-10,1.3874781,1.3280701,1.0963949,1.0494405,1.3541627,1.2961802,1.0260165,0.98207488
2019-05-13,1.3877496,1.3280701,1.0993512,1.0520649,1.3544276,1.2961802,1.028783,0.98453083
2019-05-14,1.3878393,1.3280701,1.0985606,1.0512403,1.3545151,1.2961802,1.0280205,0.98373742
2019-05-15,1.387929,1.3280701,1.0998685,1.0524238,1.3546027,1.2961802,1.0292308,0.98483195
2019-05-16,1.3880191,1.3280701,1.0995783,1.0520779,1.3546907,1.2961802,1.028949,0.98449839
2019-05-17,1.3881085,1.3280701,1.0996491,1.0520779,1.3547779,1.2961802,1.0290152,0.98449839
2019-05-20,1.3883755,1.3280701,1.0998191,1.0520381,1.3550384,1.2961802,1.0291355,0.98442408
2019-05-21,1.3884645,1.3280701,1.1009538,1.053056,1.3551253,1.2961802,1.030179,0.98535919
2019-05-22,1.3885535,1.3280701,1.0991192,1.0512337,1.3552122,1.2961802,1.0284624,0.98365406
2019-05-23,1.3886421,1.3280701,1.0935752,1.0458642,1.3552987,1.2961802,1.0232749,0.97862973
2019-05-24,1.3885236,1.3278723,1.0960241,1.0481398,1.3549812,1.2957942,1.0255663,0.98075902
2019-05-28,1.4013399,1.3397941,1.0929433,1.0449294,1.3674879,1.307428,1.0226085,0.97768326
2019-05-29,1.4069796,1.3451009,1.0935661,1.0454584,1.3729913,1.3126066,1.0231561,0.97814462
2019-05-30,1.4085552,1.3465217,1.0939278,1.0457377,1.3745288,1.313993,1.0234945,0.97840597
2019-05-31,1.4259168,1.3630327,1.0992912,1.0507981,1.3912663,1.3299095,1.0285126,0.98314053
2019-06-03,1.4261863,1.3630327,1.1033826,1.0545104,1.3915293,1.3299095,1.0323406,0.98661378
2019-06-04,1.4262762,1.3630327,1.1014942,1.0526392,1.391617,1.3299095,1.0305195,0.98481125
2019-06-05,1.4263661,1.3630327,1.1012356,1.0523257,1.3917047,1.3299095,1.0302476,0.9844893
2019-06-06,1.426456,1.3630327,1.1020588,1.0530461,1.3917924,1.3299095,1.0310075,0.98515342
2019-06-07,1.4265451,1.3630327,1.0999614,1.0509762,1.3918794,1.3299095,1.0290453,0.98321698
2019-06-10,1.4268065,1.3630327,1.1030883,1.0537711,1.3921345,1.3299095,1.0319705,0.98583172
2019-06-11,1.4268941,1.3630327,1.103095,1.0537129,1.3922199,1.3299095,1.0319424,0.98574437
2019-06-12,1.4269809,1.3630327,1.1034476,1.0539857,1.3923046,1.3299095,1.0322532,0.98598128
2019-06-13,1.4270665,1.3630327,1.1041913,1.0546328,1.3923881,1.3299095,1.0329334,0.98657186
2019-06-14,1.4271502,1.3630327,1.1039093,1.0543016,1.3924698,1.3299095,1.0326633,0.98625601
2019-06-17,1.4274024,1.3630327,1.104032,1.0542324,1.3927158,1.3299095,1.032778,0.98619129
2019-06-18,1.4274876,1.3630327,1.1043011,1.0544265,1.392799,1.3299095,1.0330045,0.98634862
2019-06-19,1.4275725,1.3630327,1.1037211,1.05381,1.3928818,1.3299095,1.0324399,0.98575085
2019-06-20,1.4276558,1.3630327,1.1030036,1.0530634,1.3929631,1.3299095,1.0317462,0.98503108
2019-06-21,1.4277375,1.3630327,1.1063001,1.0561504,1.3930429,1.3299095,1.0348098,0.98789949
2019-06-24,1.4277729,1.3628345,1.1052576,1.0549754,1.3928748,1.3295228,1.0338346,0.98680045
2019-06-25,1.4322714,1.3670508,1.1050508,1.0547179,1.3972633,1.333636,1.0336158,0.98653541
2019-06-26,1.4197979,1.3550678,1.1052056,1.0548058,1.3850947,1.3219458,1.0337297,0.98658811
2019-06-27,1.4279325,1.3627535,1.106523,1.0560025,1.3930305,1.3294437,1.0349273,0.98767434
2019-06-28,1.4285429,1.363258,1.1065467,1.0559646,1.3934234,1.3297426,1.0349357,0.98762585
2019-07-01,1.4287871,1.363258,1.104819,1.0541354,1.3936616,1.3297426,1.0333026,0.98589851
2019-07-02,1.4288717,1.363258,1.1065446,1.0557194,1.3937441,1.3297426,1.034887,0.98735191
2019-07-03,1.4289558,1.363258,1.106458,1.0555746,1.3938262,1.3297426,1.0347804,0.98719207
2019-07-05,1.4291249,1.363258,1.1100333,1.0588605,1.3939912,1.3297426,1.0381068,0.99024861
2019-07-08,1.429381,1.363258,1.109469,1.0581326,1.3942409,1.3297426,1.0375791,0.98956782
2019-07-09,1.4294676,1.363258,1.1105409,1.0590908,1.3943253,1.3297426,1.0385485,0.99043242
2019-07-10,1.4295541,1.363258,1.1124792,1.0608752,1.3944098,1.3297426,1.0403364,0.99207754
2019-07-11,1.4296383,1.363258,1.1124452,1.0607803,1.3944919,1.3297426,1.0402838,0.99196897
2019-07-12,1.4297214,1.363258,1.1130765,1.0613206,1.3945729,1.3297426,1.0408741,0.99247426
2019-07-15,1.4299681,1.363258,1.1140738,1.0620884,1.3948136,1.3297426,1.0418068,0.99319225
2019-07-16,1.4300508,1.363258,1.1127796,1.0607932,1.3948942,1.3297426,1.0405649,0.99195086
2019-07-17,1.4301331,1.363258,1.1146473,1.0625126,1.3949745,1.3297426,1.0422852,0.99353372
2019-07-18,1.430215,1.363258,1.1133222,1.0611886,1.3950544,1.3297426,1.0410191,0.99226996
2019-07-19,1.4302937,1.363258,1.1144585,1.0622133,1.3951312,1.3297426,1.0420816,0.99322812
2019-07-22,1.4305312,1.363258,1.1143693,1.0619519,1.3953628,1.3297426,1.0419982,0.99298369
2019-07-23,1.4306111,1.363258,1.1156331,1.0630969,1.3954408,1.3297426,1.0431482,0.9940241
2019-07-24,1.4306903,1.363258,1.1152901,1.0627112,1.395518,1.3297426,1.042806,0.99364299
2019-07-25,1.4306698,1.3631619,1.1150421,1.0624152,1.3953996,1.3295551,1.0425494,0.99334264
2019-07-26,1.4300352,1.3624804,1.1147261,1.0620542,1.3947807,1.3288904,1.0422539,0.99300505
2019-07-29,1.432961,1.365035,1.1156412,1.0627445,1.3976344,1.331382,1.0431095,0.99365051
2019-07-30,1.4317884,1.3638406,1.1154713,1.0625224,1.3964907,1.3302171,1.0429266,0.99341992
2019-07-31,1.4326624,1.3645968,1.1158148,1.0627901,1.3972447,1.3308609,1.0432286,0.99365205
2019-08-01,1.4327425,1.3645968,1.1136605,1.0606788,1.3973227,1.3308609,1.0411975,0.99166196
2019-08-02,1.4328221,1.3645968,1.1121946,1.0592237,1.3974005,1.3308609,1.0398271,0.99030153
2019-08-05,1.43306,1.3645968,1.1075395,1.0546145,1.3976325,1.3308609,1.0354748,0.98599217
2019-08-06,1.4331386,1.3645968,1.107274,1.0543038,1.397709,1.3308609,1.0352047,0.98568096
2019-08-07,1.4332175,1.3645968,1.1053764,1.052439,1.397786,1.3308609,1.0334088,0.98391663
2019-08-08,1.4332952,1.3645968,1.1051719,1.0521871,1.3978618,1.3308609,1.0332004,0.98366484
2019-08-09,1.433373,1.3645968,1.1046136,1.0515986,1.3979377,1.3308609,1.0326785,0.9831146
2019-08-12,1.4336039,1.3645968,1.1089399,1.0555478,1.3981629,1.3308609,1.036723,0.98680666
2019-08-13,1.4336809,1.3645968,1.1070103,1.0536545,1.398238,1.3308609,1.0349054,0.98502354
2019-08-14,1.4337579,1.3645968,1.110598,1.0570127,1.398313,1.3308609,1.0382494,0.98815344
2019-08-15,1.4338333,1.3645968,1.1114628,1.0577801,1.3983866,1.3308609,1.0390492,0.98886268
2019-08-16,1.4339067,1.3645968,1.1115198,1.0577801,1.3984582,1.3308609,1.0391024,0.98886268
2019-08-19,1.4341224,1.3645968,1.1116869,1.0577801,1.3986686,1.3308609,1.0392587,0.98886268
2019-08-20,1.4341971,1.3645968,1.1117306,1.0577666,1.3987414,1.3308609,1.0392863,0.98883746
2019-08-21,1.4342717,1.3645968,1.1123857,1.0583348,1.3988142,1.3308609,1.0398869,0.98935746
2019-08-22,1.4343476,1.3645968,1.1133093,1.0591576,1.3988882,1.3308609,1.0407366,0.99011351
2019-08-23,1.4344246,1.3645968,1.1103022,1.0562399,1.3989633,1.3308609,1.0379255,0.98738606
2019-08-26,1.4344891,1.3644417,1.1113822,1.0570998,1.3988671,1.3305583,1.0389351,0.98818985
2019-08-27,1.4412163,1.3707672,1.110174,1.0558938,1.4054273,1.3367267,1.0377786,0.98703678
2019-08-28,1.4453598,1.3746353,1.109798,1.0554801,1.4094679,1.3404988,1.0374033,0.98662729
2019-08-29,1.4381538,1.3677084,1.10956,1.0551974,1.4024408,1.3337439,1.0371534,0.98633694
2019-08-30,1.4398064,1.369207,1.1103059,1.0558503,1.403893,1.3350537,1.0378505,0.98694724
2019-09-03,1.4401141,1.369207,1.1124275,1.0576422,1.404193,1.3350537,1.0398195,0.98860873
2019-09-04,1.4401906,1.369207,1.1130834,1.0582096,1.4042676,1.3350537,1.0404087,0.98911637
2019-09-05,1.4402668,1.369207,1.1130035,1.0580777,1.4043419,1.3350537,1.0403148,0.98897483
2019-09-06,1.4403429,1.369207,1.1121938,1.0572519,1.4044161,1.3350537,1.0395442,0.98818996
2019-09-09,1.4405702,1.369207,1.1153861,1.0601197,1.4046378,1.3350537,1.042528,0.99087042
2019-09-10,1.440646,1.369207,1.1191181,1.0636111,1.4047117,1.3350537,1.0459881,0.99410694
2019-09-11,1.4407214,1.369207,1.1198953,1.0642941,1.4047852,1.3350537,1.0466998,0.99473129
2019-09-12,1.4407972,1.369207,1.1197576,1.0641072,1.4048591,1.3350537,1.0465606,0.9945467
2019-09-13,1.4408726,1.369207,1.1172337,1.0616531,1.4049326,1.3350537,1.0442018,0.99225302
2019-09-16,1.4410999,1.369207,1.1189811,1.063146,1.4051543,1.3350537,1.045835,0.99364838
2019-09-17,1.4411769,1.369207,1.1198057,1.0638727,1.4052294,1.3350537,1.0465851,0.99430804
2019-09-18,1.4412539,1.369207,1.120346,1.0643291,1.4053044,1.3350537,1.0470747,0.99472001
2019-09-19,1.4413294,1.369207,1.1202988,1.0642286,1.405378,1.3350537,1.0470151,0.99461134
2019-09-20,1.441404,1.369207,1.1201678,1.064049,1.4054507,1.3350537,1.0468926,0.9944435
2019-09-23,1.4416255,1.369207,1.1190447,1.0628187,1.4056668,1.3350537,1.045843,0.99329367
2019-09-24,1.4415481,1.3690622,1.1167284,1.0605634,1.4054426,1.3347713,1.0436577,0.99116644
2019-09-25,1.4283781,1.356484,1.1179477,1.0616668,1.3926025,1.3225081,1.0447757,0.99217716
2019-09-26,1.4340748,1.3618251,1.1182067,1.0618589,1.3981565,1.3277155,1.0449938,0.992334
2019-09-27,1.4360273,1.3636125,1.1189185,1.0624827,1.4000601,1.3294581,1.045659,0.992917
2019-09-30,1.4347369,1.3621899,1.1187621,1.0621806,1.398654,1.3279305,1.0455129,0.99263464
2019-10-01,1.4348093,1.3621899,1.1206681,1.0639366,1.3987245,1.3279305,1.0472664,0.99424936
2019-10-02,1.4348792,1.3621899,1.1214841,1.0646595,1.3987927,1.3279305,1.0480099,0.99490674
2019-10-03,1.434948,1.3621899,1.1205312,1.0637037,1.3988598,1.3279305,1.0471021,0.99399726
2019-10-04,1.4350137,1.3621899,1.120157,1.0632998,1.3989238,1.3279305,1.0467524,0.99361985
2019-10-07,1.4352118,1.3621899,1.1219551,1.0648599,1.3991169,1.3279305,1.0484327,0.99507768
2019-10-08,1.4352791,1.3621899,1.1212212,1.0641134,1.3991825,1.3279305,1.0477196,0.99435425
2019-10-09,1.4353451,1.3621899,1.1217823,1.064597,1.3992469,1.3279305,1.0482274,0.99479036
2019-10-10,1.4354104,1.3621899,1.1210474,1.0638512,1.3993105,1.3279305,1.0475302,0.99408349
2019-10-11,1.4354753,1.3621899,1.1181151,1.0610203,1.3993738,1.3279305,1.0447902,0.99143829
2019-10-15,1.4357349,1.3621899,1.1176868,1.0604221,1.3996268,1.3279305,1.0443772,0.99086713
2019-10-16,1.4357994,1.3621899,1.1180209,1.0606914,1.3996897,1.3279305,1.0446658,0.99109644
2019-10-17,1.4358635,1.3621899,1.1180973,1.0607165,1.3997522,1.3279305,1.0447179,0.99110157
2019-10-18,1.4359276,1.3621899,1.1173747,1.0599837,1.3998147,1.3279305,1.0440375,0.99041185
2019-10-21,1.43612,1.3621899,1.1189334,1.0613202,1.4000023,1.3279305,1.0454938,0.9916607
2019-10-22,1.4361845,1.3621899,1.1184072,1.0607735,1.4000652,1.3279305,1.0449766,0.99112551
2019-10-23,1.4362483,1.3621899,1.1182858,1.0606112,1.4001273,1.3279305,1.0448477,0.99095928
2019-10-24,1.436312,1.3621899,1.1182906,1.0605687,1.4001894,1.3279305,1.0448356,0.99090384
2019-10-25,1.4363057,1.3621227,1.1173798,1.0596573,1.4001142,1.3277995,1.0439846,0.99005229
2019-10-28,1.4334818,1.3592623,1.1167979,1.0589635,1.3973615,1.3250111,1.043441,0.98940411
2019-10-29,1.4344235,1.3600948,1.1169686,1.0590783,1.3982794,1.3258227,1.043584,0.98949577
2019-10-30,1.4362435,1.3617609,1.1170521,1.0591111,1.4000536,1.3274468,1.0436486,0.98951365
2019-10-31,1.4427701,1.3678897,1.1158413,1.057917,1.4063466,1.3333557,1.0425067,0.98838785
2019-11-01,1.4428298,1.3678897,1.1169196,1.0588955,1.4064048,1.3333557,1.0435141,0.9893021
2019-11-04,1.4430065,1.3678897,1.1188121,1.06056,1.406577,1.3333557,1.0452822,0.99085716
2019-11-05,1.4430658,1.3678897,1.1210811,1.0626673,1.4066348,1.3333557,1.0473901,0.99281463
2019-11-06,1.4431263,1.3678897,1.1205323,1.0621025,1.4066938,1.3333557,1.0468607,0.99227121
2019-11-07,1.4431868,1.3678897,1.1190448,1.0606481,1.4067528,1.3333557,1.0454607,0.99090255
2019-11-08,1.4432473,1.3678897,1.1186511,1.0602305,1.4068117,1.3333557,1.0450928,0.99051238
2019-11-12,1.4434877,1.3678897,1.1197184,1.0610654,1.4070461,1.3333557,1.0460899,0.99129241
2019-11-13,1.4435494,1.3678897,1.1211325,1.0623601,1.4071062,1.3333557,1.0474028,0.99249411
2019-11-14,1.4436103,1.3678897,1.1224532,1.0635668,1.4071656,1.3333557,1.0486283,0.99361353
2019-11-15,1.4436712,1.3678897,1.1223372,1.0634119,1.407225,1.3333557,1.0485146,0.9934639
2019-11-18,1.4438539,1.3678897,1.1224632,1.0633968,1.4074031,1.3333557,1.0486175,0.99343563
2019-11-19,1.4439148,1.3678897,1.1225499,1.063434,1.4074625,1.3333557,1.0486877,0.99346017
2019-11-20,1.4439758,1.3678897,1.1216294,1.0625171,1.4075218,1.3333557,1.0478157,0.99259219
2019-11-21,1.4440367,1.3678897,1.1228561,1.0636344,1.4075812,1.3333557,1.0489617,0.99363596
2019-11-22,1.4439491,1.3677487,1.1235126,1.0642111,1.4073507,1.3330807,1.049575,0.9941747
2019-11-25,1.4454529,1.3689989,1.1232344,1.0638119,1.4088164,1.3342992,1.0492847,0.99377307
2019-11-26,1.4484222,1.3717519,1.1229531,1.0634995,1.4117105,1.3369824,1.0489998,0.99346018
2019-11-27,1.4439831,1.3674887,1.1222159,1.0627556,1.4073839,1.3328273,1.0482871,0.99274251
2019-11-29,1.4418482,1.3653478,1.1224925,1.0629249,1.405158,1.3306032,1.0485455,0.99290073
2019-12-02,1.4420331,1.3653478,1.1211414,1.0615092,1.4053381,1.3306032,1.0472679,0.99156367
2019-12-03,1.4420951,1.3653478,1.1242876,1.0644425,1.4053986,1.3306032,1.0501832,0.99428118
2019-12-04,1.4421559,1.3653478,1.1241701,1.0642863,1.4054579,1.3306032,1.050062,0.99412456
2019-12-05,1.442216,1.3653478,1.1241986,1.0642689,1.4055164,1.3306032,1.0500731,0.99409362
2019-12-06,1.4422757,1.3653478,1.1256573,1.0656059,1.4055745,1.3306032,1.0514357,0.99534245
2019-12-09,1.4424535,1.3653478,1.1255285,1.0653526,1.4057478,1.3306032,1.0512922,0.99508388
2019-12-10,1.4425132,1.3653478,1.1252694,1.0650632,1.405806,1.3306032,1.0510381,0.9948022
2019-12-11,1.4425736,1.3653478,1.1255601,1.0652937,1.4058649,1.3306032,1.0513096,0.99501748
2019-12-12,1.4426345,1.3653478,1.1253633,1.0650625,1.4059242,1.3306032,1.0511153,0.99479163
2019-12-13,1.442695,1.3653478,1.1272489,1.0668024,1.4059832,1.3306032,1.0528765,0.99641672
2019-12-16,1.4428776,1.3653478,1.1257166,1.0652173,1.4061611,1.3306032,1.0514216,0.9949137
2019-12-17,1.4429384,1.3653478,1.1255053,1.0649724,1.4062205,1.3306032,1.0512091,0.99467068
2019-12-18,1.4429989,1.3653478,1.1254042,1.064832,1.4062794,1.3306032,1.0511026,0.99452822
2019-12-19,1.4430594,1.3653478,1.1249014,1.0643117,1.4063384,1.3306032,1.050626,0.9940356
2019-12-20,1.4431203,1.3653478,1.1253663,1.0647066,1.4063977,1.3306032,1.0510602,0.99440448
2019-12-23,1.4433042,1.3653478,1.1262939,1.0654486,1.4065769,1.3306032,1.0518947,0.99506726
2019-12-24,1.4432107,1.365201,1.1259019,1.0650322,1.4063345,1.3303171,1.0515053,0.99465639
2019-12-26,1.4444337,1.366242,1.1259127,1.064952,1.4075263,1.3313315,1.0514903,0.99455777
2019-12-27,1.4494512,1.3709299,1.1275359,1.0664421,1.4124156,1.3358996,1.0530063,0.99594937
2019-12-30,1.4474243,1.3688392,1.1275115,1.066284,1.4104405,1.3338624,1.0529664,0.99578562
2019-12-31,1.4453983,1.3668655,1.1272889,1.0660286,1.4083147,1.3317957,1.0527342,0.99552404
2020-01-02,1.4455187,1.3668655,1.1276506,1.0662818,1.408432,1.3317957,1.0530531,0.99574266
2020-01-03,1.4455785,1.3668655,1.1255946,1.0642935,1.4084902,1.3317957,1.0511201,0.99387363
2020-01-06,1.4457556,1.3668655,1.1267076,1.0652156,1.4086627,1.3317957,1.0521595,0.99473473
2020-01-07,1.4458162,1.3668655,1.1273314,1.0657608,1.4087218,1.3317957,1.0527059,0.99520962
2020-01-08,1.445876,1.3668655,1.1281449,1.0664857,1.40878,1.3317957,1.0534488,0.99587081
2020-01-09,1.4459358,1.3668655,1.1280576,1.0663591,1.4088383,1.3317957,1.0533533,0.99573929
2020-01-10,1.4459956,1.3668655,1.1292711,1.0674621,1.4088966,1.3317957,1.0544864,0.99676925
2020-01-13,1.4461751,1.3668655,1.128582,1.0666782,1.4090715,1.3317957,1.0538429,0.99603725
2020-01-14,1.4462361,1.3668655,1.1295684,1.0675655,1.4091309,1.3317957,1.0547449,0.99684772
2020-01-15,1.4462971,1.3668655,1.1304825,1.0683844,1.4091904,1.3317957,1.0555901,0.99760447
2020-01-16,1.4463581,1.3668655,1.1302401,1.0681102,1.4092498,1.3317957,1.0553567,0.9973418
2020-01-17,1.4464184,1.3668655,1.1302494,1.0680745,1.4093085,1.3317957,1.0553302,0.99727525
2020-01-21,1.4466609,1.3668655,1.1288328,1.0665568,1.4095448,1.3317957,1.0539936,0.99584491
2020-01-22,1.4467215,1.3668655,1.1288219,1.0665018,1.4096039,1.3317957,1.0539834,0.99579356
2020-01-23,1.4467818,1.3668655,1.1279888,1.0656702,1.4096626,1.3317957,1.0532055,0.99501715
2020-01-24,1.446842,1.3668655,1.1257304,1.0634923,1.4097213,1.3317957,1.0510969,0.99298358
2020-01-27,1.44694,1.3667884,1.1229977,1.0607787,1.4097372,1.3316454,1.0484927,0.99040019
2020-01-28,1.4443957,1.3643282,1.1230034,1.0607399,1.4072584,1.3292485,1.0484777,0.99034476
2020-01-29,1.4482121,1.3678754,1.1241036,1.0617343,1.4109767,1.3327045,1.0495049,0.99127321
2020-01-30,1.4510244,1.3704744,1.124827,1.062373,1.4137167,1.3352367,1.0501802,0.99186952
2020-01-31,1.4541961,1.3734121,1.1260757,1.0635076,1.416727,1.3380236,1.0513461,0.99292881
2020-02-03,1.4543777,1.3734121,1.1257146,1.0630337,1.416904,1.3380236,1.0509915,0.99246981
2020-02-04,1.4544391,1.3734121,1.125188,1.0624916,1.4169638,1.3380236,1.0504696,0.99193514
2020-02-05,1.4545005,1.3734121,1.1257108,1.0629404,1.4170236,1.3380236,1.0509484,0.99234543
2020-02-06,1.4545618,1.3734121,1.1258423,1.0630197,1.4170834,1.3380236,1.0510642,0.99241286
2020-02-07,1.4546232,1.3734121,1.122857,1.0601562,1.4171432,1.3380236,1.0482772,0.98973955
2020-02-10,1.4548061,1.3734121,1.1217964,1.0590215,1.4173214,1.3380236,1.0472871,0.98868022
2020-02-11,1.4548679,1.3734121,1.1235597,1.0606411,1.4173816,1.3380236,1.0488854,0.99014717
2020-02-12,1.4549293,1.3734121,1.1242729,1.0612696,1.4174414,1.3380236,1.0495327,0.99071641
2020-02-13,1.4549911,1.3734121,1.1240931,1.0610548,1.4175016,1.3380236,1.0493509,0.99050275
2020-02-14,1.4550533,1.3734121,1.1254655,1.0623049,1.4175621,1.3380236,1.050632,0.99166968
2020-02-18,1.4553004,1.3734121,1.1270075,1.06358,1.4178029,1.3380236,1.0520489,0.99283856
2020-02-19,1.4553622,1.3734121,1.1266359,1.063184,1.4178631,1.3380236,1.0516638,0.99243294
2020-02-20,1.455424,1.3734121,1.1267424,1.0632395,1.4179234,1.3380236,1.051754,0.99247593
2020-02-21,1.4554858,1.3734121,1.1259853,1.0624798,1.4179836,1.3380236,1.0510402,0.99176024
2020-02-24,1.4554931,1.3732463,1.1228175,1.0593571,1.4178195,1.3377005,1.0480833,0.98884539
2020-02-25,1.4645884,1.3817712,1.1204171,1.0570489,1.4266793,1.3460047,1.0457985,0.98664906
2020-02-26,1.4687242,1.3856164,1.1207072,1.057279,1.4307081,1.3497504,1.046042,0.98683825
2020-02-27,1.4687846,1.3856164,1.1207532,1.057279,1.4307669,1.3497504,1.046085,0.98683825
2020-02-28,1.4994768,1.4145167,1.1282236,1.0642852,1.4604919,1.3777397,1.0530576,0.99337759
2020-03-02,1.4996308,1.4145167,1.1298784,1.0657369,1.460642,1.3777397,1.0546022,0.99473262
2020-03-03,1.499676,1.4145167,1.1324532,1.0681334,1.460686,1.3777397,1.0569661,0.99693233
2020-03-04,1.4997142,1.4145167,1.1318737,1.0675596,1.4607232,1.3777397,1.0564025,0.99637529
2020-03-05,1.4997434,1.4145167,1.1300153,1.065786,1.4607516,1.3777397,1.0546609,0.99471334
2020-03-06,1.4997685,1.4145167,1.1187994,1.0551898,1.460776,1.3777397,1.0441929,0.98482372
2020-03-09,1.4998239,1.4145167,1.108609,1.0455397,1.4608301,1.3777397,1.0346821,0.9758172
2020-03-10,1.4998371,1.4145167,1.1205811,1.0568216,1.4608429,1.3777397,1.0458234,0.98631609
2020-03-11,1.4998548,1.4145167,1.1223347,1.0584629,1.4608601,1.3777397,1.0474452,0.98783402
2020-03-12,1.4998716,1.4145167,1.1237443,1.0597804,1.4608765,1.3777397,1.0487503,0.98905373
2020-03-13,1.4998852,1.4145167,1.1217826,1.0579208,1.4608897,1.3777397,1.0469195,0.98731825
2020-03-16,1.4999184,1.4145167,1.1232465,1.059278,1.4609221,1.3777397,1.0482858,0.9885848
2020-03-17,1.4999283,1.4145167,1.1187764,1.0550555,1.4609317,1.3777397,1.0440826,0.98461453
2020-03-18,1.4999361,1.4145167,1.1136743,1.0502384,1.4609393,1.3777397,1.0393064,0.9801052
2020-03-19,1.4999369,1.4145167,1.1120433,1.0486998,1.4609401,1.3777397,1.0377735,0.97865911
2020-03-20,1.4999386,1.4145167,1.108804,1.0456438,1.4609417,1.3777397,1.0347505,0.97580724
2020-03-23,1.4999447,1.4145167,1.1054345,1.0424619,1.4609477,1.3777397,1.0316061,0.97283789
2020-03-24,1.4999456,1.4145167,1.1080941,1.0449695,1.4609485,1.3777397,1.0340582,0.97514982
2020-03-25,1.4998535,1.4144295,1.1086906,1.0455317,1.4607687,1.3775697,1.0345976,0.97565819
2020-03-26,1.503953,1.4182971,1.1089855,1.045811,1.4647614,1.3813365,1.0348582,0.97590508
2020-03-27,1.5095437,1.4235714,1.1097049,1.0464908,1.4702064,1.3864733,1.0355295,0.97653942
2020-03-30,1.5154913,1.4291767,1.1107628,1.0474859,1.475999,1.3919326,1.0365015,0.97745364
2020-03-31,1.513911,1.4276817,1.110546,1.047278,1.4743688,1.3903907,1.0362812,0.97724273
2020-04-01,1.5139155,1.4276817,1.1106185,1.0473432,1.4743733,1.3903907,1.0363373,0.97729266
2020-04-02,1.5139193,1.4276817,1.1100702,1.0468236,1.4743769,1.3903907,1.0358184,0.97680092
2020-04-03,1.513923,1.4276817,1.1093133,1.0461072,1.4743805,1.3903907,1.0351121,0.97613242
2020-04-06,1.5139354,1.4276817,1.1111322,1.0478139,1.4743927,1.3903907,1.0367789,0.97769625
2020-04-07,1.5139417,1.4276817,1.1116029,1.0482535,1.4743987,1.3903907,1.0372108,0.97809951
2020-04-08,1.5139475,1.4276817,1.1121313,1.0487477,1.4744044,1.3903907,1.0376969,0.97855415
2020-04-09,1.5139566,1.4276817,1.1130398,1.0495981,1.4744133,1.3903907,1.0385447,0.9793477
2020-04-13,1.5139981,1.4276817,1.1122999,1.0488716,1.4744537,1.3903907,1.0378543,0.97866981
2020-04-14,1.5140089,1.4276817,1.1123036,1.0488677,1.4744642,1.3903907,1.0378424,0.9786517
2020-04-15,1.5140172,1.4276817,1.1143497,1.0507913,1.4744722,1.3903907,1.0397478,0.98044308
2020-04-16,1.514023,1.4276817,1.1149353,1.0513394,1.4744779,1.3903907,1.0402908,0.98095129
2020-04-17,1.5140288,1.4276817,1.1149395,1.0513394,1.4744835,1.3903907,1.0402948,0.98095129
2020-04-20,1.5140437,1.4276817,1.114927,1.0513173,1.4744981,1.3903907,1.0402611,0.9809099
2020-04-21,1.5140487,1.4276817,1.114807,1.0512006,1.4745029,1.3903907,1.0401418,0.98079415
2020-04-22,1.5140532,1.4276817,1.1154287,1.0517837,1.4745074,1.3903907,1.0407219,0.98133818
2020-04-23,1.5140582,1.4276817,1.1156241,1.0519645,1.4745122,1.3903907,1.0409042,0.98150685
2020-04-24,1.5140161,1.4276376,1.115413,1.0517623,1.4744257,1.3903049,1.0407073,0.98131821
2020-04-27,1.5116299,1.4253735,1.1163296,1.0526162,1.4721019,1.3881,1.0415293,0.98208361
2020-04-28,1.5135362,1.4271663,1.1162517,1.0525393,1.4739584,1.3898459,1.0414456,0.98200146
2020-04-29,1.5132924,1.4269322,1.1163231,1.0526034,1.473721,1.3896179,1.0415122,0.9820613
2020-04-30,1.5137465,1.4273564,1.1164674,1.0527366,1.4741177,1.3899882,1.0416468,0.98218559
2020-05-01,1.5137502,1.4273564,1.1161527,1.0524372,1.4741213,1.3899882,1.0413532,0.98190628
2020-05-04,1.5137651,1.4273564,1.1163608,1.0526231,1.4741359,1.3899882,1.0415198,0.9820537
2020-05-05,1.5137705,1.4273564,1.1164197,1.0526749,1.4741411,1.3899882,1.0415674,0.9820951
2020-05-06,1.5137759,1.4273564,1.1166223,1.0528622,1.4741464,1.3899882,1.041753,0.98226657
2020-05-07,1.5137809,1.4273564,1.1145254,1.0508815,1.4741512,1.3899882,1.0397966,0.98041868
2020-05-08,1.5137854,1.4273564,1.1157477,1.0520309,1.4741557,1.3899882,1.040937,0.98149102
2020-05-11,1.5138004,1.4273564,1.1169231,1.0531288,1.4741702,1.3899882,1.0420009,0.98248448
2020-05-12,1.5138054,1.4273564,1.1161022,1.0523513,1.474175,1.3899882,1.0412277,0.98175219
2020-05-13,1.5138107,1.4273564,1.116076,1.0523228,1.4741803,1.3899882,1.0411946,0.98171746
2020-05-14,1.5138161,1.4273564,1.1165543,1.0527701,1.4741855,1.3899882,1.0416408,0.98213469
2020-05-15,1.5138211,1.4273564,1.1164358,1.0526549,1.4741904,1.3899882,1.0415303,0.98202727
2020-05-18,1.513836,1.4273564,1.1153243,1.0515966,1.4742049,1.3899882,1.0404617,0.98101005
2020-05-19,1.5138414,1.4273564,1.1152843,1.051555,1.4742102,1.3899882,1.0404125,0.98096014
2020-05-20,1.5138468,1.4273564,1.1149086,1.0511971,1.4742154,1.3899882,1.0400461,0.98061118
2020-05-21,1.5138518,1.4273564,1.114968,1.0512497,1.4742203,1.3899882,1.0401015,0.98066021
2020-05-22,1.5137634,1.4272683,1.1148707,1.0511544,1.4740432,1.3898167,1.0400107,0.98057134
2020-05-26,1.5116309,1.4252389,1.1150319,1.0512926,1.4719667,1.3878405,1.0401305,0.98067142
2020-05-27,1.5132901,1.4267978,1.1148404,1.051108,1.4735823,1.3893585,1.039935,0.98048337
2020-05-28,1.5113101,1.4249251,1.1147159,1.0509863,1.4716543,1.3875349,1.0398007,0.98035269
2020-05-29,1.5155209,1.4288894,1.1157994,1.0520036,1.4756638,1.3913095,1.0408114,0.98130164
2020-06-01,1.5155383,1.4288894,1.115686,1.0518845,1.4756808,1.3913095,1.0406862,0.98117228
2020-06-02,1.5155441,1.4288894,1.1153718,1.0515843,1.4756865,1.3913095,1.0403742,0.98087433
2020-06-03,1.5155503,1.4288894,1.1153819,1.0515895,1.4756925,1.3913095,1.0403749,0.98087099
2020-06-04,1.515557,1.4288894,1.1152917,1.0514998,1.475699,1.3913095,1.0402817,0.9807788
2020-06-05,1.5155632,1.4288894,1.1165266,1.0526597,1.475705,1.3913095,1.0414335,0.98186072
2020-06-08,1.5155819,1.4288894,1.1163955,1.0525232,1.4757232,1.3913095,1.041277,0.98170105
2020-06-09,1.515589,1.4288894,1.1160877,1.052228,1.4757301,1.3913095,1.0409835,0.98141974
2020-06-10,1.5155968,1.4288894,1.1166486,1.0527514,1.4757378,1.3913095,1.0415015,0.98190296
2020-06-11,1.5156039,1.4288894,1.1156886,1.0518414,1.4757447,1.3913095,1.0406009,0.98104934
2020-06-12,1.515611,1.4288894,1.1153286,1.0514971,1.4757515,1.3913095,1.0402651,0.9807282
2020-06-15,1.5156309,1.4288894,1.1153213,1.0514764,1.475771,1.3913095,1.0402435,0.98069493
2020-06-16,1.5156384,1.4288894,1.1148011,1.0509809,1.4757782,1.3913095,1.0397184,0.98019504
2020-06-17,1.5156454,1.4288894,1.1146225,1.0508075,1.4757851,1.3913095,1.0395248,0.98000803
2020-06-18,1.5156525,1.4288894,1.1154948,1.051625,1.475792,1.3913095,1.0403212,0.98075425
2020-06-19,1.5156591,1.4288894,1.1152426,1.0513827,1.4757984,1.3913095,1.040086,0.98052821
2020-06-22,1.5156778,1.4288894,1.1156406,1.0517449,1.4758166,1.3913095,1.0404572,0.98086604
2020-06-23,1.5156845,1.4288894,1.1151584,1.0512857,1.4758231,1.3913095,1.0399702,0.98040266
2020-06-24,1.5156911,1.4288894,1.1152047,1.0513248,1.4758296,1.3913095,1.0399749,0.98040274
2020-06-25,1.5156973,1.4288894,1.1151553,1.0512739,1.4758356,1.3913095,1.0399004,0.9803285
2020-06-26,1.515704,1.4288894,1.1162353,1.0522874,1.4758421,1.3913095,1.0409075,0.98127359
2020-06-29,1.5157214,1.4288894,1.1167445,1.0527553,1.4758591,1.3913095,1.0413409,0.98167091
2020-06-30,1.5157272,1.4288894,1.1167487,1.0527553,1.4758648,1.3913095,1.0413449,0.98167091
2020-07-01,1.5157339,1.4288894,1.1159231,1.0519723,1.4758712,1.3913095,1.0405546,0.98092165
2020-07-02,1.5157397,1.4288894,1.1157887,1.0518416,1.4758769,1.3913095,1.0404147,0.98078593
2020-07-06,1.5157629,1.4288894,1.1161153,1.0521333,1.4758995,1.3913095,1.0407192,0.98105794
2020-07-07,1.5157692,1.4288894,1.115532,1.0515792,1.4759056,1.3913095,1.0400891,0.98045991
2020-07-08,1.5157754,1.4288894,1.1159182,1.0519389,1.4759117,1.3913095,1.0404409,0.98078752
2020-07-09,1.5157816,1.4288894,1.1159991,1.0520108,1.4759177,1.3913095,1.0405093,0.98084803
2020-07-10,1.515787,1.4288894,1.115187,1.0512415,1.475923,1.3913095,1.0397522,0.98013079
2020-07-13,1.5158032,1.4288894,1.1148504,1.050913,1.4759388,1.3913095,1.0394384,0.9798245
2020-07-14,1.515809,1.4288894,1.1157472,1.0517543,1.4759444,1.3913095,1.0402296,0.98056661
2020-07-15,1.5158153,1.4288894,1.1152438,1.0512755,1.4759505,1.3913095,1.0397434,0.98010423
2020-07-16,1.5158219,1.4288894,1.1152519,1.0512785,1.4759569,1.3913095,1.0397475,0.98010384
2020-07-17,1.5158265,1.4288894,1.1155341,1.0515413,1.4759614,1.3913095,1.0400106,0.98034886
2020-07-20,1.5158402,1.4288894,1.1153074,1.0513182,1.4759747,1.3913095,1.0397247,0.98007055
2020-07-21,1.5158456,1.4288894,1.1143596,1.050421,1.47598,1.3913095,1.0388394,0.97923251
2020-07-22,1.515851,1.4288894,1.1144655,1.050517,1.4759853,1.3913095,1.0389242,0.97930897
2020-07-23,1.5158564,1.4288894,1.1146766,1.0507124,1.4759905,1.3913095,1.0391211,0.97949106
2020-07-24,1.5158614,1.4288894,1.1146577,1.050691,1.4759954,1.3913095,1.0391034,0.97947117
2020-07-27,1.5157602,1.4287811,1.1149582,1.0509648,1.475785,1.3910987,1.0392663,0.97961588
2020-07-28,1.51882,1.431661,1.1158001,1.0517552,1.4787641,1.3939026,1.0400409,0.98034308
2020-07-29,1.5194368,1.4322381,1.1162869,1.0522109,1.4793646,1.3944645,1.0404895,0.98076297
2020-07-30,1.5229124,1.4355099,1.11696,1.0528422,1.4827485,1.39765,1.0411169,0.98135143
2020-07-31,1.5236193,1.4361727,1.1175937,1.0534369,1.4833244,1.3981894,1.0417076,0.98190574
2020-08-03,1.5236305,1.4361727,1.1170294,1.0528972,1.4833354,1.3981894,1.0411387,0.98136224
2020-08-04,1.5236347,1.4361727,1.1173527,1.0531991,1.4833395,1.3981894,1.0413725,0.98157998
2020-08-05,1.5236385,1.4361727,1.1176484,1.0534752,1.4833431,1.3981894,1.041638,0.98182781
2020-08-06,1.5236426,1.4361727,1.1174486,1.053284,1.4833472,1.3981894,1.0414466,0.98164466
2020-08-07,1.5236468,1.4361727,1.1189707,1.0547158,1.4833512,1.3981894,1.0428652,0.98297909
2020-08-10,1.5236593,1.4361727,1.1196583,1.0553552,1.4833634,1.3981894,1.043506,0.98357502
2020-08-11,1.5236639,1.4361727,1.1240452,1.059487,1.4833679,1.3981894,1.0474716,0.98730996
2020-08-12,1.5236685,1.4361727,1.1244799,1.0598936,1.4833724,1.3981894,1.0478532,0.9876666
2020-08-13,1.5236731,1.4361727,1.1251468,1.0605189,1.4833768,1.3981894,1.0484641,0.9882395
2020-08-14,1.5236773,1.4361727,1.1258706,1.0611983,1.4833809,1.3981894,1.0491387,0.98887259
2020-08-17,1.5236898,1.4361727,1.1260505,1.0613592,1.4833931,1.3981894,1.0493063,0.98902246
2020-08-18,1.523694,1.4361727,1.1266503,1.0619216,1.4833972,1.3981894,1.0497375,0.9894262
2020-08-19,1.5236977,1.4361727,1.1261349,1.0614332,1.4834008,1.3981894,1.0492354,0.9889505
2020-08-20,1.5237023,1.4361727,1.1265553,1.0618262,1.4834053,1.3981894,1.0496172,0.98930741
2020-08-21,1.5237069,1.4361727,1.1268509,1.0621016,1.4834098,1.3981894,1.0498927,0.98956401
2020-08-24,1.5237194,1.4361727,1.127472,1.0626783,1.483422,1.3981894,1.0504713,0.99010131
2020-08-25,1.5234559,1.4359195,1.1274284,1.0626337,1.4829039,1.3976965,1.0503029,0.98993927
2020-08-26,1.5234605,1.4359195,1.1272858,1.0624961,1.4829084,1.3976965,1.0501539,0.98979587
2020-08-27,1.5129913,1.4260476,1.1266725,1.0619148,1.4727179,1.3880874,1.0495733,0.98924563
2020-08-28,1.5210336,1.4336235,1.1290375,1.0641407,1.4805461,1.3954616,1.0517764,0.99131919
2020-08-31,1.5255313,1.4378509,1.1292011,1.0642862,1.4846631,1.3993305,1.0519289,0.99145472
2020-09-01,1.5255359,1.4378509,1.1291855,1.0642683,1.4846676,1.3993305,1.0518383,0.99136636
2020-09-02,1.5255409,1.4378509,1.1287518,1.063856,1.4846725,1.3993305,1.0514213,0.99097012
2020-09-03,1.5255459,1.4378509,1.1276536,1.0628174,1.4846773,1.3993305,1.0503937,0.98999828
2020-09-04,1.5255505,1.4378509,1.1317341,1.0666602,1.4846818,1.3993305,1.0541947,0.99357775
2020-09-08,1.5255689,1.4378509,1.1299907,1.0650041,1.4846997,1.3993305,1.0525022,0.99197057
2020-09-09,1.5255743,1.4378509,1.1309088,1.0658657,1.484705,1.3993305,1.0533388,0.99275553
2020-09-10,1.5255793,1.4378509,1.1307159,1.0656803,1.4847099,1.3993305,1.0531503,0.9925746
2020-09-11,1.5255844,1.4378509,1.131739,1.066641,1.4847148,1.3993305,1.0541032,0.99346946
2020-09-14,1.5255981,1.4378509,1.1313009,1.0662186,1.4847282,1.3993305,1.0536952,0.99307596
2020-09-15,1.5256027,1.4378509,1.1307735,1.0657183,1.4847327,1.3993305,1.0530685,0.99248228
2020-09-16,1.5256073,1.4378509,1.1304169,1.0653789,1.4847371,1.3993305,1.0527169,0.99214794
2020-09-17,1.5256124,1.4378509,1.1302416,1.0652102,1.484742,1.3993305,1.0525474,0.99198495
2020-09-18,1.5256161,1.4378509,1.130444,1.0653983,1.4847457,1.3993305,1.0527358,0.9921601
2020-09-21,1.5256287,1.4378509,1.1304276,1.0653742,1.4847579,1.3993305,1.0527206,0.99213762
2020-09-22,1.5256328,1.4378509,1.1298805,1.0648556,1.4847619,1.3993305,1.0520827,0.99153367
2020-09-23,1.525637,1.4378509,1.1297591,1.0647382,1.484766,1.3993305,1.0519433,0.99139961
2020-09-24,1.5253539,1.4375797,1.129986,1.0649489,1.4842105,1.3988027,1.0521491,0.99159051
2020-09-25,1.5273982,1.4395025,1.1303581,1.0652967,1.4861997,1.4006736,1.0524955,0.99191432
2020-09-28,1.5269001,1.4390211,1.1303391,1.06527,1.4857149,1.4002052,1.0524779,0.99188952
2020-09-29,1.5320102,1.4438329,1.1307854,1.0656874,1.4906873,1.4048872,1.0527705,0.99216235
2020-09-30,1.5235288,1.4358361,1.1304805,1.0653975,1.4821535,1.3968411,1.0524594,0.99186664
2020-10-01,1.523533,1.4358361,1.1307956,1.0656915,1.4821576,1.3968411,1.0527447,0.99213279
2020-10-02,1.5235368,1.4358361,1.1318824,1.0667131,1.4821612,1.3968411,1.0537564,0.99308384
2020-10-05,1.523548,1.4358361,1.1356454,1.0702515,1.4821722,1.3968411,1.0572597,0.99637809
2020-10-06,1.5235522,1.4358361,1.1345628,1.0692283,1.4821763,1.3968411,1.0561273,0.9953082
2020-10-07,1.5235564,1.4358361,1.1356378,1.0702385,1.4821803,1.3968411,1.057101,0.99622308
2020-10-08,1.5235606,1.4358361,1.1363083,1.0708675,1.4821844,1.3968411,1.0577146,0.99679861
2020-10-09,1.5235643,1.4358361,1.1355477,1.070148,1.482188,1.3968411,1.0570066,0.99612888
2020-10-13,1.523581,1.4358361,1.138477,1.0728969,1.4822043,1.3968411,1.0597333,0.99868769
2020-10-14,1.5235856,1.4358361,1.1385712,1.0729824,1.4822087,1.3968411,1.059744,0.99869469
2020-10-15,1.5235906,1.4358361,1.1383937,1.0728116,1.4822136,1.3968411,1.0595656,0.99852337
2020-10-16,1.5235952,1.4358361,1.138395,1.0728096,1.4822181,1.3968411,1.0595616,0.99851653
2020-10-19,1.523609,1.4358361,1.1387752,1.0731582,1.4822315,1.3968411,1.0599155,0.99884105
2020-10-20,1.5236136,1.4358361,1.1396176,1.0739488,1.482236,1.3968411,1.0606325,0.99951368
2020-10-21,1.5236178,1.4358361,1.1400833,1.0743848,1.48224,1.3968411,1.0610448,0.99989954
2020-10-22,1.5236219,1.4358361,1.1405763,1.0748464,1.4822441,1.3968411,1.0615037,1.0003292
2020-10-23,1.5236257,1.4358361,1.1404838,1.0747566,1.4822477,1.3968411,1.0614175,1.0002456
2020-10-26,1.5233482,1.4355627,1.1402615,1.0745383,1.4816956,1.3963094,1.0612107,1.0000424
2020-10-27,1.5300365,1.4418613,1.1399736,1.0742637,1.488201,1.4024357,1.0608084,0.9996603
2020-10-28,1.5284915,1.4404014,1.1401763,1.0744518,1.4866983,1.4010157,1.0609838,0.99982284
2020-10-29,1.515599,1.428248,1.1397893,1.0740841,1.4741584,1.3891946,1.0606236,0.99948071
2020-10-30,1.5091761,1.4221917,1.139728,1.0740237,1.4676304,1.3830395,1.0605666,0.99942449
2020-11-02,1.5091873,1.4221917,1.1392769,1.0735907,1.4676413,1.3830395,1.0601469,0.99902159
2020-11-03,1.509191,1.4221917,1.1384263,1.0727865,1.4676449,1.3830395,1.0592817,0.99820379
2020-11-04,1.5091951,1.4221917,1.1375117,1.0719217,1.4676489,1.3830395,1.0584209,0.99738995
2020-11-05,1.5091993,1.4221917,1.137625,1.0720255,1.467653,1.3830395,1.0585264,0.99748658
2020-11-06,1.5092034,1.4221917,1.1386218,1.0729619,1.467657,1.3830395,1.0594538,0.99835782
2020-11-09,1.5092158,1.4221917,1.1415663,1.0757278,1.467669,1.3830395,1.0621271,1.0008687
2020-11-10,1.5092203,1.4221917,1.1415191,1.0756801,1.4676735,1.3830395,1.0620676,1.0008096
2020-11-12,1.5092286,1.4221917,1.1408079,1.075004,1.4676815,1.3830395,1.0613988,1.0001739
2020-11-13,1.5092328,1.4221917,1.1407147,1.0749133,1.4676855,1.3830395,1.0613121,1.0000895
2020-11-16,1.5092439,1.4221917,1.1405057,1.0747084,1.4676964,1.3830395,1.0611177,0.99989889
2020-11-17,1.5092476,1.4221917,1.1410548,1.0752231,1.4677,1.3830395,1.0615432,1.0002974
2020-11-18,1.5092514,1.4221917,1.1412379,1.075393,1.4677036,1.3830395,1.0616921,1.0004352
2020-11-19,1.5092551,1.4221917,1.1418289,1.0759472,1.4677072,1.3830395,1.0622384,1.0009476
2020-11-20,1.509258,1.4221917,1.1422093,1.0763036,1.4677101,1.3830395,1.0625923,1.0012791
2020-11-23,1.5090339,1.4219724,1.1420739,1.0761698,1.4672658,1.3826129,1.0624006,1.0010928
2020-11-24,1.5073867,1.4204171,1.1416981,1.0758134,1.4656642,1.3811007,1.0620146,1.0007267
2020-11-25,1.5082148,1.4211939,1.1419249,1.0760244,1.4664693,1.381856,1.0622132,1.0009114
2020-11-27,1.5160579,1.4285775,1.1432009,1.0772215,1.4740953,1.3890352,1.0634001,1.0020249
2020-11-30,1.5154207,1.4279665,1.1436256,1.0776137,1.4732485,1.3882269,1.0637951,1.0023897
2020-12-01,1.515424,1.4279665,1.1394279,1.073656,1.4732517,1.3882269,1.05976,0.99858534
2020-12-02,1.5154278,1.4279665,1.1389263,1.0731806,1.4732554,1.3882269,1.0592663,0.99811771
2020-12-03,1.5154315,1.4279665,1.1378734,1.0721859,1.473259,1.3882269,1.0582819,0.99718761
2020-12-04,1.5154348,1.4279665,1.1392627,1.0734926,1.4732622,1.3882269,1.059574,0.99840293
2020-12-07,1.515446,1.4279665,1.1374056,1.0717348,1.4732731,1.3882269,1.0578468,0.99676805
2020-12-08,1.5154494,1.4279665,1.1370274,1.0713761,1.4732764,1.3882269,1.0573658,0.99631269
2020-12-09,1.5154531,1.4279665,1.137725,1.0720307,1.47328,1.3882269,1.0580005,0.99690827
2020-12-10,1.5154564,1.4279665,1.1381873,1.072464,1.4732832,1.3882269,1.0584217,0.99730292
2020-12-11,1.5154598,1.4279665,1.1396294,1.0738205,1.4732865,1.3882269,1.0597627,0.99856435
2020-12-14,1.5154697,1.4279665,1.1395217,1.073712,1.4732961,1.3882269,1.0596573,0.99845844
2020-12-15,1.5154735,1.4279665,1.1388938,1.0731177,1.4732998,1.3882269,1.0590084,0.99784454
2020-12-16,1.5154768,1.4279665,1.1389126,1.0731331,1.473303,1.3882269,1.0590212,0.99785446
2020-12-17,1.5154805,1.4279665,1.1388939,1.0731127,1.4733066,1.3882269,1.0590002,0.99783223
2020-12-18,1.5154838,1.4279665,1.1389985,1.073209,1.4733099,1.3882269,1.0590238,0.99785222
2020-12-21,1.5154938,1.4279665,1.1389296,1.073137,1.4733195,1.3882269,1.0589498,0.99777599
2020-12-22,1.5154975,1.4279665,1.1383967,1.0726323,1.4733232,1.3882269,1.0584544,0.99730672
2020-12-23,1.5155013,1.4279665,1.1385685,1.0727915,1.4733268,1.3882269,1.0586141,0.99745476
2020-12-24,1.5152753,1.4277501,1.1384077,1.0726373,1.4728838,1.3878061,1.0584646,0.99731137
2020-12-28,1.5165119,1.4289012,1.1383118,1.0725364,1.4740858,1.388925,1.058228,0.99707864
2020-12-29,1.5165165,1.4289012,1.1383143,1.0725355,1.4740903,1.388925,1.058221,0.99706906
2020-12-30,1.5177433,1.4300533,1.1384223,1.0726343,1.4752828,1.3900448,1.0583215,0.99716097
2020-12-31,1.5203719,1.4325268,1.1389246,1.0731053,1.4776142,1.3922385,1.0587884,0.99759879
2021-01-04,1.5203869,1.4325268,1.1391672,1.0733233,1.4776288,1.3922385,1.059014,0.99780143
2021-01-05,1.5203906,1.4325268,1.13818,1.0723904,1.4776324,1.3922385,1.0580131,0.99685592
2021-01-06,1.5203944,1.4325268,1.1392302,1.0733773,1.4776361,1.3922385,1.0589794,0.99776396
2021-01-07,1.5203981,1.4325268,1.1400341,1.0741321,1.4776397,1.3922385,1.0597266,0.99846551
2021-01-08,1.5204019,1.4325268,1.1408527,1.0749007,1.4776433,1.3922385,1.0604876,0.99918004
2021-01-11,1.5204119,1.4325268,1.1414284,1.0754361,1.4776531,1.3922385,1.0609577,0.9996164
2021-01-12,1.5204152,1.4325268,1.1413555,1.075365,1.4776563,1.3922385,1.0608679,0.99952962
2021-01-13,1.5204189,1.4325268,1.1403661,1.0744302,1.4776599,1.3922385,1.0599377,0.99865071
2021-01-14,1.5204227,1.4325268,1.1398744,1.0739643,1.4776636,1.3922385,1.0594807,0.9982177
2021-01-15,1.5204264,1.4325268,1.1407722,1.0748075,1.4776672,1.3922385,1.0603152,0.99900146
2021-01-19,1.5204414,1.4325268,1.1412074,1.0752069,1.4776818,1.3922385,1.0606307,0.99928884
2021-01-20,1.5204452,1.4325268,1.1410928,1.0750963,1.4776854,1.3922385,1.0605062,0.99916914
2021-01-21,1.5204485,1.4325268,1.1404298,1.0744693,1.4776887,1.3922385,1.0598764,0.99857349
2021-01-22,1.5204523,1.4325268,1.1401101,1.0741654,1.4776923,1.3922385,1.0595792,0.99829108
2021-01-25,1.5203484,1.4324195,1.1394678,1.0735533,1.4774807,1.3920299,1.0589299,0.99767272
2021-01-26,1.5203521,1.4324195,1.139441,1.0735253,1.4774843,1.3920299,1.058869,0.99761296
2021-01-27,1.5223743,1.4343219,1.1399235,1.0739779,1.4794494,1.3938787,1.0593122,0.99802856
2021-01-28,1.5187382,1.430893,1.1396708,1.0737374,1.4759159,1.3905464,1.0590512,0.99778048
2021-01-29,1.5158034,1.4281252,1.1392358,1.0733255,1.4729533,1.3877526,1.058647,0.99739773
2021-02-01,1.5158109,1.4281252,1.1400385,1.0740765,1.4729606,1.3877526,1.0593404,0.99804616
2021-02-02,1.5158138,1.4281252,1.1391717,1.0732578,1.4729634,1.3877526,1.0584591,0.9972139
2021-02-03,1.5158167,1.4281252,1.138978,1.0730732,1.4729662,1.3877526,1.0582782,0.99704152
2021-02-04,1.5158184,1.4281252,1.1389705,1.073065,1.4729678,1.3877526,1.0582482,0.99701221
2021-02-05,1.51582,1.4281252,1.1389815,1.0730742,1.4729694,1.3877526,1.0582585,0.99702078
2021-02-08,1.5158238,1.4281252,1.138955,1.0730466,1.4729731,1.3877526,1.0582338,0.99699507
2021-02-09,1.5158258,1.4281252,1.1390716,1.073155,1.4729751,1.3877526,1.0582061,0.99696759
2021-02-10,1.5158275,1.4281252,1.1389284,1.0730189,1.4729767,1.3877526,1.0580702,0.99683848
2021-02-11,1.5158296,1.4281252,1.1393715,1.0734348,1.4729787,1.3877526,1.0584713,0.99721499
2021-02-12,1.5158317,1.4281252,1.1388532,1.0729451,1.4729807,1.3877526,1.0579898,0.99676001
2021-02-16,1.5158383,1.4281252,1.1374079,1.0715788,1.4729872,1.3877526,1.0566472,0.9954907
2021-02-17,1.51584,1.4281252,1.138114,1.0722428,1.4729888,1.3877526,1.0571901,0.99600115
2021-02-18,1.5158416,1.4281252,1.1375991,1.0717565,1.4729904,1.3877526,1.0566867,0.99552579
2021-02-19,1.5158429,1.4281252,1.1378815,1.0720216,1.4729916,1.3877526,1.0569437,0.99576707
2021-02-22,1.5155553,1.4278496,1.138039,1.0721665,1.4724279,1.3872169,1.05709,0.99590165
2021-02-23,1.5186682,1.4307812,1.1370141,1.0712001,1.4754522,1.390065,1.0560945,0.99496294
2021-02-24,1.5103551,1.4229476,1.1378838,1.0720183,1.4673757,1.3824544,1.0568335,0.99565809
2021-02-25,1.4607412,1.3762038,1.1343943,1.0687299,1.4191736,1.3370408,1.053546,0.99256004
2021-02-26,1.4649595,1.3801765,1.1356771,1.0699372,1.422998,1.3406424,1.0547373,0.99368132
2021-03-01,1.4649643,1.3801765,1.1403814,1.0743657,1.4230027,1.3406424,1.0591064,0.99779423
2021-03-02,1.4649663,1.3801765,1.1427107,1.0765587,1.4230047,1.3406424,1.0611793,0.99974574
2021-03-03,1.4649679,1.3801765,1.1403574,1.0743405,1.4230062,1.3406424,1.0589546,0.9976487
2021-03-04,1.46497,1.3801765,1.1401552,1.0741485,1.4230082,1.3406424,1.0587364,0.99744182
2021-03-05,1.4649716,1.3801765,1.1395828,1.0736081,1.4230097,1.3406424,1.0582049,0.99693999
2021-03-08,1.4649764,1.3801765,1.1418782,1.075767,1.4230144,1.3406424,1.0603364,0.99894477
2021-03-09,1.4649784,1.3801765,1.1399509,1.0739499,1.4230163,1.3406424,1.0584256,0.99714332
2021-03-10,1.4649804,1.3801765,1.1393395,1.0733724,1.4230183,1.3406424,1.0578412,0.9965913
2021-03-11,1.464982,1.3801765,1.1411434,1.0750707,1.4230199,1.3406424,1.0595055,0.99815818
2021-03-12,1.4649836,1.3801765,1.1402879,1.0742635,1.4230214,1.3406424,1.0587112,0.99740878
2021-03-15,1.4649884,1.3801765,1.140126,1.0741074,1.4230261,1.3406424,1.0585608,0.99726384
2021-03-16,1.46499,1.3801765,1.1401163,1.0740971,1.4230277,1.3406424,1.0584276,0.99713722
2021-03-17,1.4649908,1.3801765,1.1383324,1.0724159,1.4230284,1.3406424,1.0567487,0.99555505
2021-03-18,1.4649916,1.3801765,1.1404875,1.0744456,1.4230292,1.3406424,1.05873,0.99742105
2021-03-19,1.464992,1.3801765,1.1403693,1.074334,1.4230296,1.3406424,1.0586203,0.99731741
2021-03-22,1.4649932,1.3801765,1.1397608,1.0737599,1.4230308,1.3406424,1.0580555,0.99678447
2021-03-23,1.4649944,1.3801765,1.1388056,1.0728591,1.4230319,1.3406424,1.057063,0.99584868
2021-03-24,1.4649948,1.3801765,1.138561,1.0726284,1.4230323,1.3406424,1.0568029,0.99560331
2021-03-25,1.4647994,1.3799916,1.1392998,1.0733238,1.4226519,1.3402832,1.0574578,0.99621977
2021-03-26,1.4564509,1.3721257,1.1376689,1.0717867,1.4145435,1.3326436,1.0559441,0.99479315
2021-03-29,1.4474597,1.3636528,1.1359447,1.0701606,1.4058111,1.3244145,1.0543437,0.99328387
2021-03-30,1.4436794,1.3600902,1.1349985,1.0692684,1.4021395,1.3209545,1.0534102,0.99240357
2021-03-31,1.4380008,1.3547397,1.1339506,1.0682806,1.3964365,1.315581,1.0524216,0.9914717
2021-04-01,1.438002,1.3547397,1.1348144,1.0690934,1.3964377,1.315581,1.0532084,0.99221213
2021-04-02,1.4380028,1.3547397,1.134815,1.0690934,1.3964385,1.315581,1.053209,0.99221213
2021-04-05,1.4380051,1.3547397,1.134736,1.0690173,1.3964408,1.315581,1.0530607,0.99207079
2021-04-06,1.4380063,1.3547397,1.1329266,1.0673118,1.3964419,1.315581,1.0513798,0.99048638
2021-04-07,1.4380071,1.3547397,1.1323369,1.0667556,1.3964427,1.315581,1.0508325,0.98997024
2021-04-08,1.4380079,1.3547397,1.1318571,1.0663031,1.3964434,1.315581,1.0503873,0.98955028
2021-04-09,1.4380083,1.3547397,1.1326312,1.067032,1.3964438,1.315581,1.0511056,0.99022673
2021-04-12,1.4380106,1.3547397,1.1334471,1.0677989,1.3964461,1.315581,1.0517157,0.99079989
2021-04-13,1.4380114,1.3547397,1.1348179,1.0690897,1.3964469,1.315581,1.0529789,0.9919894
2021-04-14,1.4380126,1.3547397,1.1341639,1.0684728,1.396448,1.315581,1.0523634,0.99140872
2021-04-15,1.4380134,1.3547397,1.1368901,1.0710404,1.3964488,1.315581,1.054893,0.9937912
2021-04-16,1.4380142,1.3547397,1.135594,1.0698188,1.3964496,1.315581,1.0536903,0.99265765
2021-04-19,1.4380166,1.3547397,1.1350075,1.0692645,1.3964518,1.315581,1.0530019,0.99200748
2021-04-20,1.4380173,1.3547397,1.1341619,1.0684673,1.3964526,1.315581,1.0522048,0.99125607
2021-04-21,1.4380185,1.3547397,1.1340449,1.0683562,1.3964538,1.315581,1.0520805,0.99113812
2021-04-22,1.4380197,1.3547397,1.1341556,1.0684597,1.3964549,1.315581,1.0521833,0.99123414
2021-04-23,1.4380209,1.3547397,1.1346785,1.0689513,1.3964561,1.315581,1.0526683,0.99169026
2021-04-26,1.4379345,1.354655,1.1354782,1.0697021,1.3962847,1.3154164,1.0532992,0.99228214
2021-04-27,1.4344262,1.3513487,1.1348814,1.069139,1.3928781,1.3122059,1.0527326,0.99174756
2021-04-28,1.4350631,1.3519484,1.135493,1.0697149,1.3934966,1.3127882,1.053293,0.99227519
2021-04-29,1.4339491,1.3508985,1.1353567,1.0695862,1.3924148,1.3117688,1.0531665,0.9921558
2021-04-30,1.434337,1.3512636,1.1354617,1.0696848,1.3927044,1.3120412,1.0532639,0.99224727
2021-05-03,1.4343382,1.3512636,1.1360359,1.0702249,1.3927055,1.3120412,1.0537573,0.99271125
2021-05-04,1.4343397,1.3512636,1.1360508,1.0702377,1.392707,1.3120412,1.0537047,0.99266066
2021-05-05,1.4343405,1.3512636,1.1357379,1.0699424,1.3927078,1.3120412,1.0534052,0.99237794
2021-05-06,1.4343413,1.3512636,1.1352572,1.0694889,1.3927086,1.3120412,1.0529523,0.99195073
2021-05-07,1.4343421,1.3512636,1.1355026,1.0697195,1.3927093,1.3120412,1.0531799,0.99216462
2021-05-10,1.4343444,1.3512636,1.1369132,1.0710466,1.3927116,1.3120412,1.0544883,0.99339553
2021-05-11,1.4343452,1.3512636,1.1380484,1.0721155,1.3927124,1.3120412,1.0554238,0.9942763
2021-05-12,1.4343456,1.3512636,1.1396673,1.0736403,1.3927128,1.3120412,1.0568925,0.99565962
2021-05-13,1.4343464,1.3512636,1.1396599,1.0736327,1.3927135,1.3120412,1.0568715,0.99563935
2021-05-14,1.4343472,1.3512636,1.1405402,1.0744614,1.3927143,1.3120412,1.0576879,0.99640786
2021-05-17,1.4343484,1.3512636,1.1403433,1.0742751,1.3927154,1.3120412,1.0575053,0.99623505
2021-05-18,1.4343492,1.3512636,1.1404015,1.0743293,1.3927162,1.3120412,1.0574384,0.9961715
2021-05-19,1.43435,1.3512636,1.1406294,1.0745434,1.3927169,1.3120412,1.0576092,0.99633184
2021-05-20,1.4343503,1.3512636,1.1407953,1.0746994,1.3927173,1.3120412,1.0577514,0.99646548
2021-05-21,1.4343507,1.3512636,1.1411467,1.0750302,1.3927177,1.3120412,1.0580772,0.99677221
2021-05-24,1.4341598,1.3510826,1.1407697,1.0746741,1.3923457,1.3116897,1.0577276,0.99644202
2021-05-25,1.4416541,1.358142,1.1399087,1.0738625,1.3996215,1.3185433,1.0568048,0.99557213
2021-05-26,1.4406277,1.3571743,1.140172,1.0741098,1.3986251,1.3176038,1.0570198,0.99577415
2021-05-27,1.4351541,1.3520171,1.1399728,1.0739216,1.393311,1.3125969,1.0568259,0.9955909
2021-05-28,1.4383711,1.355047,1.1403332,1.0742606,1.3962477,1.3153627,1.05716,0.99590513
2021-06-01,1.4383727,1.355047,1.1397901,1.0737478,1.3962492,1.3153627,1.0566566,0.99542974
2021-06-02,1.4383735,1.355047,1.1399361,1.0738847,1.3962499,1.3153627,1.0567194,0.99548843
2021-06-03,1.4383743,1.355047,1.1396545,1.0736188,1.3962507,1.3153627,1.0564394,0.99522407
2021-06-04,1.4383751,1.355047,1.1378872,1.0719533,1.3962515,1.3153627,1.0547965,0.99367581
2021-06-07,1.4383774,1.355047,1.1382589,1.0723017,1.3962538,1.3153627,1.055141,0.99399876
2021-06-08,1.4383782,1.355047,1.1368223,1.0709478,1.3962545,1.3153627,1.0537367,0.9926753
2021-06-09,1.438379,1.355047,1.1349408,1.0691748,1.3962553,1.3153627,1.051977,0.99101695
2021-06-10,1.4383802,1.355047,1.1347176,1.0689636,1.3962565,1.3153627,1.0517596,0.99081136
2021-06-11,1.4383814,1.355047,1.134754,1.068997,1.3962576,1.3153627,1.0517933,0.99084232
2021-06-14,1.4383849,1.355047,1.1339128,1.068202,1.396261,1.3153627,1.0510136,0.99010538
2021-06-15,1.4383861,1.355047,1.1334257,1.0677422,1.3962622,1.3153627,1.0504186,0.98954397
2021-06-16,1.4383873,1.355047,1.1349717,1.0691977,1.3962633,1.3153627,1.0518421,0.99088424
2021-06-17,1.4383888,1.355047,1.1370872,1.0711894,1.3962649,1.3153627,1.0537964,0.99272412
2021-06-18,1.4383904,1.355047,1.140314,1.0742281,1.3962664,1.3153627,1.0567868,0.9955402
2021-06-21,1.4383963,1.355047,1.139761,1.0737027,1.3962721,1.3153627,1.0562743,0.99505332
2021-06-22,1.4383983,1.355047,1.1381995,1.0722302,1.396274,1.3153627,1.0546882,0.99355778
2021-06-23,1.4383999,1.355047,1.1376452,1.0717068,1.3962756,1.3153627,1.0541673,0.99306598
2021-06-24,1.4381686,1.3548273,1.1370372,1.0711327,1.3958247,1.3149361,1.0535984,0.99252869
2021-06-25,1.4299011,1.347037,1.1367359,1.0708473,1.3878006,1.3073752,1.0533192,0.99226427
2021-06-28,1.4405967,1.3571061,1.1379155,1.0719533,1.3981813,1.3171479,1.0544123,0.99328909
2021-06-29,1.4405986,1.3571061,1.1379787,1.0720114,1.3981832,1.3171479,1.0544036,0.99327956
2021-06-30,1.4465792,1.3627386,1.1381059,1.07213,1.4037609,1.3224009,1.0545178,0.99338604
2021-07-01,1.4465812,1.3627386,1.1380244,1.0720517,1.4037629,1.3224009,1.0544395,0.99331094
2021-07-02,1.4465832,1.3627386,1.1379444,1.071975,1.4037648,1.3224009,1.0542899,0.99316867
2021-07-06,1.4465911,1.3627386,1.1357191,1.0698728,1.4037725,1.3224009,1.0522264,0.99121938
2021-07-07,1.4465931,1.3627386,1.1342442,1.068482,1.4037744,1.3224009,1.05086,0.98993079
2021-07-08,1.4465951,1.3627386,1.1323282,1.0666755,1.4037763,1.3224009,1.0490848,0.98825719
2021-07-09,1.4465974,1.3627386,1.1348991,1.0690956,1.4037786,1.3224009,1.0514666,0.9904993
2021-07-12,1.4466046,1.3627386,1.1359059,1.0700388,1.4037855,1.3224009,1.0522494,0.9912318
2021-07-13,1.4466066,1.3627386,1.1338261,1.0680781,1.4037875,1.3224009,1.0503175,0.9894106
2021-07-14,1.4466085,1.3627386,1.1368616,1.0709361,1.4037894,1.3224009,1.0531294,0.99205804
2021-07-15,1.4466109,1.3627386,1.1384755,1.0724546,1.4037917,1.3224009,1.0546244,0.99346475
2021-07-16,1.4466129,1.3627386,1.1384797,1.0724571,1.4037936,1.3224009,1.0546284,0.99346708
2021-07-19,1.4466188,1.3627386,1.1421247,1.0758863,1.4037994,1.3224009,1.0578605,0.99650773
2021-07-20,1.4466208,1.3627386,1.1403344,1.0741984,1.4038013,1.3224009,1.0561973,0.99493957
2021-07-21,1.4466228,1.3627386,1.1415066,1.0753012,1.4038032,1.3224009,1.057283,0.99596093
2021-07-22,1.4466248,1.3627386,1.1409927,1.0748156,1.4038052,1.3224009,1.056807,0.99551119
2021-07-23,1.4466268,1.3627386,1.1410049,1.0748257,1.4038071,1.3224009,1.0568184,0.99552053
2021-07-26,1.4465244,1.3626365,1.1406496,1.0744865,1.4036025,1.3222028,1.0563845,0.99510777
2021-07-27,1.4497923,1.3657131,1.1408476,1.0746716,1.4067735,1.3251881,1.0565575,0.99526938
2021-07-28,1.4472911,1.3633551,1.1403189,1.074172,1.4043466,1.3229001,1.0560678,0.99480673
2021-07-29,1.4467165,1.3628119,1.1406507,1.0744831,1.403789,1.322373,1.0563584,0.99507906
2021-07-30,1.4494926,1.3654248,1.1418003,1.0755643,1.4063776,1.3248093,1.0574231,0.99608035
2021-08-02,1.4494998,1.3654248,1.1438017,1.0774443,1.4063845,1.3248093,1.0592413,0.99778816
2021-08-03,1.4495018,1.3654248,1.1437618,1.0774052,1.4063864,1.3248093,1.0591378,0.99768934
2021-08-04,1.4495037,1.3654248,1.1437962,1.0774361,1.4063884,1.3248093,1.0591603,0.99770917
2021-08-05,1.4495057,1.3654248,1.1446066,1.0781981,1.4063903,1.3248093,1.0598869,0.99839226
2021-08-06,1.4495077,1.3654248,1.1474259,1.0808523,1.4063922,1.3248093,1.0624975,1.00085
2021-08-09,1.4495149,1.3654248,1.1490281,1.0823562,1.4063992,1.3248093,1.0639811,1.0022426
2021-08-10,1.4495172,1.3654248,1.1504439,1.0836881,1.4064015,1.3248093,1.0651784,1.0033687
2021-08-11,1.4495192,1.3654248,1.1514122,1.0845987,1.4064034,1.3248093,1.0660437,1.0041825
2021-08-12,1.4495212,1.3654248,1.1510998,1.0843029,1.4064053,1.3248093,1.0657403,1.0038953
2021-08-13,1.4495236,1.3654248,1.1529165,1.0860124,1.4064076,1.3248093,1.0674222,1.005478
2021-08-16,1.4495307,1.3654248,1.1540661,1.0870899,1.4064146,1.3248093,1.0684866,1.0064756
2021-08-17,1.4495331,1.3654248,1.1534679,1.0865247,1.4064169,1.3248093,1.0678138,1.0058402
2021-08-18,1.4495359,1.3654248,1.1535501,1.0866,1.4064196,1.3248093,1.0678538,1.005876
2021-08-19,1.4495387,1.3654248,1.1541242,1.0871387,1.4064223,1.3248093,1.0683716,1.0063618
2021-08-20,1.4495411,1.3654248,1.1545715,1.0875583,1.4064246,1.3248093,1.0687857,1.0067502
2021-08-23,1.449547,1.3654248,1.1543535,1.0873485,1.4064304,1.3248093,1.0685838,1.0065559
2021-08-24,1.449549,1.3654248,1.154422,1.0874116,1.4064323,1.3248093,1.0685215,1.0064958
2021-08-25,1.4493466,1.3652323,1.1549321,1.0878905,1.4060376,1.3244357,1.0689683,1.0069153
2021-08-26,1.448262,1.3642083,1.1545895,1.087566,1.4049854,1.3234424,1.068638,1.0066025
2021-08-27,1.4555053,1.3710294,1.1569084,1.0897488,1.4120122,1.3300596,1.0707843,1.0086228
2021-08-30,1.4606055,1.375828,1.1581396,1.0909041,1.4169601,1.3347148,1.0719239,1.0096921
2021-08-31,1.4585758,1.3739142,1.1578719,1.0906504,1.4147912,1.33267,1.0716035,1.009389
2021-09-01,1.4585774,1.3739142,1.1577224,1.0905084,1.4147928,1.33267,1.071447,1.0092404
2021-09-02,1.4585794,1.3739142,1.1574473,1.0902478,1.4147947,1.33267,1.0711858,1.008993
2021-09-03,1.4585814,1.3739142,1.1584399,1.0911813,1.4147967,1.33267,1.0721044,1.0098569
2021-09-07,1.4585894,1.3739142,1.1598383,1.0924925,1.4148044,1.33267,1.0733433,1.0110184
2021-09-08,1.4585914,1.3739142,1.158926,1.0916316,1.4148064,1.33267,1.0724802,1.0102039
2021-09-09,1.4585934,1.3739142,1.1585799,1.0913041,1.4148083,1.33267,1.0721456,1.0098874
2021-09-10,1.458595,1.3739142,1.1572008,1.0900039,1.4148098,1.33267,1.0708694,1.0086842
2021-09-13,1.458601,1.3739142,1.1582823,1.0910182,1.4148157,1.33267,1.0718702,1.0096228
2021-09-14,1.4586034,1.3739142,1.1602263,1.0928475,1.414818,1.33267,1.0736015,1.0112518
2021-09-15,1.458605,1.3739142,1.1598511,1.0924929,1.4148195,1.33267,1.0732449,1.0109148
2021-09-16,1.4586066,1.3739142,1.1599679,1.0926017,1.4148211,1.33267,1.0733458,1.0110088
2021-09-17,1.4586082,1.3739142,1.1606289,1.0932231,1.4148226,1.33267,1.0739575,1.0115838
2021-09-20,1.458613,1.3739142,1.1595366,1.0921906,1.4148273,1.33267,1.0728956,1.0105803
2021-09-21,1.4586146,1.3739142,1.1595492,1.0922013,1.4148288,1.33267,1.0728809,1.0105654
2021-09-22,1.4586158,1.3739142,1.1612922,1.0938422,1.41483,1.33267,1.0744936,1.0120836
2021-09-23,1.458617,1.3739142,1.1628555,1.0953138,1.4148312,1.33267,1.0759401,1.0134452
2021-09-24,1.4584112,1.3737193,1.1637585,1.0961635,1.4144309,1.3322918,1.0767756,1.0142314
2021-09-27,1.4532785,1.3688812,1.1644171,1.0967811,1.4094529,1.3275997,1.0772597,1.0146849
2021-09-28,1.4456027,1.3616497,1.1637431,1.096145,1.4020086,1.3205862,1.0766235,1.0140845
2021-09-29,1.4456043,1.3616497,1.1643808,1.0967445,1.4020101,1.3205862,1.0772092,1.0146351
2021-09-30,1.4486737,1.3645393,1.1654009,1.0977041,1.404788,1.3232014,1.0781328,1.0155039
2021-10-01,1.4486753,1.3645393,1.1688947,1.1009938,1.4047896,1.3232014,1.0812825,1.0184694
2021-10-04,1.44868,1.3645393,1.1676135,1.0997834,1.4047942,1.3232014,1.079962,1.0172223
2021-10-05,1.4486816,1.3645393,1.1682681,1.1003987,1.4047957,1.3232014,1.0805931,1.0178157
2021-10-06,1.4486832,1.3645393,1.1680814,1.1002216,1.4047973,1.3232014,1.0807716,1.0179827
2021-10-07,1.4486848,1.3645393,1.1713259,1.1032765,1.4047988,1.3232014,1.082909,1.0199948
2021-10-08,1.4486868,1.3645393,1.1736848,1.1054968,1.4048007,1.3232014,1.0846296,1.021614
2021-10-12,1.4486947,1.3645393,1.1733711,1.1051953,1.4048084,1.3232014,1.085014,1.0219705
2021-10-13,1.4486971,1.3645393,1.1698564,1.101883,1.4048107,1.3232014,1.0827152,1.0198036
2021-10-14,1.4486991,1.3645393,1.1712417,1.1031863,1.4048127,1.3232014,1.0840278,1.0210385
2021-10-15,1.4487011,1.3645393,1.167693,1.0998423,1.4048146,1.3232014,1.0806247,1.0178318
2021-10-18,1.448707,1.3645393,1.1662528,1.0984812,1.4048204,1.3232014,1.0790758,1.0163686
2021-10-19,1.4487094,1.3645393,1.1667878,1.0989833,1.4048227,1.3232014,1.079632,1.0168909
2021-10-20,1.4487114,1.3645393,1.1660206,1.0982593,1.4048246,1.3232014,1.0790574,1.0163483
2021-10-21,1.4487134,1.3645393,1.1699111,1.1019221,1.4048265,1.3232014,1.0829467,1.0200101
2021-10-22,1.4487158,1.3645393,1.1710985,1.1030387,1.4048288,1.3232014,1.0841794,1.0211696
2021-10-25,1.4484765,1.3643073,1.1689148,1.1009765,1.4043579,1.3227513,1.0820207,1.0191312
2021-10-26,1.4497893,1.3655415,1.1692647,1.1013042,1.4056307,1.3239479,1.0825386,1.0196174
2021-10-27,1.465531,1.3803662,1.1684451,1.1005304,1.4208929,1.338321,1.082587,1.0196613
2021-10-28,1.4536007,1.369127,1.1674319,1.0995744,1.4093261,1.3274242,1.0817389,1.0188608
2021-10-29,1.4520408,1.3676555,1.167587,1.0997187,1.407574,1.3257717,1.0818142,1.0189301
2021-11-01,1.4520468,1.3676555,1.1665675,1.0987538,1.4075798,1.3257717,1.0810152,1.0181733
2021-11-02,1.4520488,1.3676555,1.1707773,1.1027175,1.4075817,1.3257717,1.0834814,1.0204948
2021-11-03,1.4520508,1.3676555,1.1709535,1.1028819,1.4075836,1.3257717,1.0833958,1.0204127
2021-11-04,1.4520528,1.3676555,1.1691694,1.1012,1.4075855,1.3257717,1.0823066,1.0193855
2021-11-05,1.4520544,1.3676555,1.1650859,1.0973526,1.4075871,1.3257717,1.0801381,1.0173419
2021-11-08,1.4520603,1.3676555,1.1658953,1.0981105,1.4075929,1.3257717,1.0810724,1.0182177
2021-11-09,1.4520627,1.3676555,1.1645993,1.0968881,1.4075952,1.3257717,1.0806296,1.017799
2021-11-10,1.4520643,1.3676555,1.1619147,1.0943583,1.4075967,1.3257717,1.0784779,1.0157713
2021-11-12,1.4520683,1.3676555,1.1597393,1.0923064,1.4076006,1.3257717,1.0775102,1.0148571
2021-11-15,1.4520743,1.3676555,1.1577308,1.0904102,1.4076064,1.3257717,1.0766204,1.0140148
2021-11-16,1.4520763,1.3676555,1.1572146,1.0899225,1.4076083,1.3257717,1.0766134,1.0140069
2021-11-17,1.4520782,1.3676555,1.1568055,1.0895358,1.4076102,1.3257717,1.0757421,1.0131848
2021-11-18,1.4520802,1.3676555,1.1578708,1.0905376,1.4076122,1.3257717,1.0759083,1.01334
2021-11-19,1.4520822,1.3676555,1.1580244,1.0906808,1.4076141,1.3257717,1.0755693,1.0130193
2021-11-22,1.4520882,1.3676555,1.1591361,1.0917233,1.4076199,1.3257717,1.0786657,1.0159315
2021-11-23,1.4518905,1.3674675,1.159338,1.0919121,1.4072348,1.3254072,1.0788594,1.0161125
2021-11-24,1.4536624,1.3691341,1.1588423,1.0914433,1.4089521,1.3270226,1.0783533,1.0156342
2021-11-26,1.4852026,1.3988357,1.1694549,1.1014352,1.4395222,1.3558107,1.0846138,1.0215272
2021-11-29,1.4815897,1.3954261,1.1704566,1.1023731,1.4360205,1.3525059,1.0851589,1.0220356
2021-11-30,1.4936672,1.4067988,1.1697672,1.101722,1.447529,1.3633429,1.0846965,1.0215984
2021-12-01,1.4936692,1.4067988,1.171332,1.1031943,1.447531,1.3633429,1.0853898,1.02225
2021-12-02,1.4936717,1.4067988,1.1738925,1.1056041,1.4475334,1.3633429,1.086549,1.02334
2021-12-03,1.4936737,1.4067988,1.1696461,1.1016032,1.4475354,1.3633429,1.0845845,1.0214884
2021-12-06,1.4936811,1.4067988,1.1738973,1.1056016,1.4475425,1.3633429,1.0865582,1.0233423
2021-12-07,1.4936835,1.4067988,1.1773099,1.1088138,1.4475449,1.3633429,1.088096,1.024789
2021-12-08,1.493686,1.4067988,1.1790232,1.1104257,1.4475473,1.3633429,1.0888737,1.0255197
2021-12-09,1.4936889,1.4067988,1.1791529,1.1105457,1.4475501,1.3633429,1.0889203,1.0255617
2021-12-10,1.4936913,1.4067988,1.1801424,1.1114757,1.4475524,1.3633429,1.0893985,1.0260103
2021-12-13,1.4936987,1.4067988,1.1827961,1.1139696,1.4475596,1.3633429,1.0904729,1.0270171
2021-12-14,1.4937007,1.4067988,1.1817911,1.1130215,1.4475616,1.3633429,1.0900035,1.0265736
2021-12-15,1.4937028,1.4067988,1.1813671,1.1126207,1.4475635,1.3633429,1.0898747,1.0264509
2021-12-16,1.4937052,1.4067988,1.1810087,1.1122813,1.4475659,1.3633429,1.089723,1.0263063
2021-12-17,1.4937073,1.4067988,1.180658,1.1119495,1.4475679,1.3633429,1.0895429,1.0261354
2021-12-20,1.4937134,1.4067988,1.180452,1.1117509,1.4475739,1.3633429,1.0894422,1.0260363
2021-12-21,1.4937163,1.4067988,1.1846083,1.1156632,1.4475766,1.3633429,1.0913222,1.0278049
2021-12-22,1.4937191,1.4067988,1.184171,1.1152492,1.4475794,1.3633429,1.0911657,1.0276555
2021-12-23,1.4937224,1.4067988,1.1848508,1.1158869,1.4475826,1.3633429,1.0914153,1.0278884
2021-12-27,1.4935723,1.4066451,1.1862033,1.117151,1.4472789,1.3630449,1.0920162,1.0284453
2021-12-28,1.4944429,1.4074627,1.1858631,1.1168287,1.4481225,1.3638372,1.0918344,1.0282724
2021-12-29,1.4872066,1.4006453,1.1845658,1.1156051,1.4411106,1.3572311,1.091111,1.0275894
2021-12-30,1.4906664,1.4039018,1.185963,1.1169195,1.4444631,1.3603867,1.091745,1.028185
2021-12-31,1.4916608,1.4048364,1.1869319,1.1178305,1.4452689,1.3611437,1.0921883,1.0286011
2022-01-03,1.4916682,1.4048364,1.1789063,1.1102666,1.445276,1.3611437,1.0885355,1.025156
2022-01-04,1.4916719,1.4048364,1.1783043,1.1096968,1.4452796,1.3611437,1.0882364,1.0248718
2022-01-05,1.4916751,1.4048364,1.1791238,1.1104662,1.4452827,1.3611437,1.0886202,1.025231
2022-01-06,1.4916788,1.4048364,1.1817754,1.1129607,1.4452863,1.3611437,1.0898401,1.0263773
2022-01-07,1.4916829,1.4048364,1.182761,1.1138858,1.4452902,1.3611437,1.0902961,1.0268039
2022-01-10,1.4916952,1.4048364,1.1840052,1.1150484,1.4453021,1.3611437,1.0908741,1.0273398
2022-01-11,1.4917005,1.4048364,1.1819491,1.1131081,1.4453073,1.3611437,1.0898791,1.0263991
2022-01-12,1.4917054,1.4048364,1.1811902,1.1123897,1.445312,1.3611437,1.0895148,1.0260527
2022-01-13,1.4917103,1.4048364,1.180686,1.1119113,1.4453168,1.3611437,1.0892753,1.0258238
2022-01-14,1.4917152,1.4048364,1.1769639,1.1084024,1.4453215,1.3611437,1.087518,1.0241654
2022-01-18,1.4917364,1.4048364,1.1742994,1.1058773,1.4453421,1.3611437,1.0867134,1.0233931
2022-01-19,1.4917434,1.4048364,1.1754169,1.1069245,1.4453488,1.3611437,1.0866424,1.0233215
2022-01-20,1.4917503,1.4048364,1.1755632,1.1070571,1.4453556,1.3611437,1.086821,1.0234849
2022-01-21,1.4917577,1.4048364,1.1762626,1.1077103,1.4453627,1.3611437,1.0858934,1.0226063
2022-01-24,1.4917785,1.4048364,1.1750153,1.1065202,1.4453829,1.3611437,1.0847204,1.0214874
2022-01-25,1.4917118,1.4047659,1.1745072,1.1060357,1.4452456,1.3610069,1.084979,1.0217253
2022-01-26,1.4865386,1.3998865,1.1729356,1.1045496,1.4402336,1.3562795,1.0842036,1.0209896
2022-01-27,1.4877379,1.4010086,1.1712833,1.1029879,1.4413955,1.3573667,1.0834117,1.0202385
2022-01-28,1.4902636,1.4033794,1.1728782,1.1044838,1.4438425,1.3596636,1.0841405,1.0209192
2022-01-31,1.4903447,1.4034339,1.1730361,1.1046152,1.4438486,1.3596481,1.084213,1.0209715
2022-02-01,1.4903545,1.4034339,1.1725865,1.1041846,1.4438581,1.3596481,1.0839906,1.0207554
2022-02-02,1.4903627,1.4034339,1.1729465,1.1045175,1.443866,1.3596481,1.0841388,1.0208893
2022-02-03,1.4903708,1.4034339,1.1738702,1.1053813,1.4438739,1.3596481,1.0845785,1.0212978
2022-02-04,1.4903794,1.4034339,1.1823967,1.1134039,1.4438822,1.3596481,1.0885206,1.025004
2022-02-07,1.4904076,1.4034339,1.1809743,1.1120435,1.4439095,1.3596481,1.0878761,1.0243778
2022-02-08,1.490419,1.4034339,1.1838821,1.114773,1.4439206,1.3596481,1.0891841,1.0256015
2022-02-09,1.49043,1.4034339,1.1826046,1.1135619,1.4439313,1.3596481,1.0885738,1.0250193
2022-02-10,1.4904411,1.4034339,1.1778935,1.1091176,1.443942,1.3596481,1.0863533,1.0229208
2022-02-11,1.4904578,1.4034339,1.1808303,1.1118705,1.4439582,1.3596481,1.0877242,1.0242002
2022-02-14,1.4905031,1.4034339,1.1774571,1.1086605,1.4440021,1.3596481,1.0861547,1.0226912
2022-02-15,1.4905215,1.4034339,1.1763954,1.1076471,1.4440199,1.3596481,1.0856322,1.0221866
2022-02-16,1.4905383,1.4034339,1.1748781,1.106206,1.4440361,1.3596481,1.0848639,1.0214518
2022-02-17,1.4905542,1.4034339,1.1731754,1.104591,1.4440515,1.3596481,1.0840714,1.0206946
2022-02-18,1.4905693,1.4034339,1.1725915,1.1040301,1.4440662,1.3596481,1.0838012,1.0204299
2022-02-22,1.4904741,1.4032904,1.1761054,1.1072962,1.4438263,1.3593701,1.0854771,1.0219686
2022-02-23,1.4869781,1.3999839,1.1761821,1.1073565,1.4404397,1.3561671,1.0854859,1.0219661
2022-02-24,1.4902269,1.4030288,1.1779513,1.1090112,1.4435869,1.3591168,1.0862826,1.022706
2022-02-25,1.4861888,1.3992144,1.1749397,1.1061659,1.4396752,1.3554217,1.0848989,1.0213941
2022-02-28,1.5078963,1.4196135,1.1875618,1.1180192,1.4605561,1.3750438,1.090741,1.0268665
2022-03-01,1.5079116,1.4196135,1.1996364,1.1293753,1.4605709,1.3750438,1.0962632,1.032055
2022-03-02,1.5079248,1.4196135,1.1951603,1.1251515,1.4605837,1.3750438,1.0942044,1.0301076
2022-03-03,1.5079385,1.4196135,1.1958131,1.1257559,1.460597,1.3750438,1.0944892,1.0303665
2022-03-04,1.5079538,1.4196135,1.1893118,1.1196241,1.4606118,1.3750438,1.0915196,1.0275603
2022-03-07,1.5079947,1.4196135,1.1911726,1.1213455,1.4606514,1.3750438,1.0923883,1.0283503
2022-03-08,1.5080104,1.4196135,1.1984658,1.1281995,1.4606666,1.3750438,1.0957124,1.0314688
2022-03-09,1.5080252,1.4196135,1.2007566,1.1303449,1.460681,1.3750438,1.0967529,1.0324382
2022-03-10,1.5080409,1.4196135,1.2011752,1.1307271,1.4606962,1.3750438,1.0968969,1.032563
2022-03-11,1.5080566,1.4196135,1.2009981,1.1305487,1.4607114,1.3750438,1.0968878,1.0325436
2022-03-14,1.508105,1.4196135,1.1960168,1.1258233,1.4607582,1.3750438,1.0943367,1.0301091
2022-03-15,1.5081236,1.4196135,1.1952919,1.1251271,1.4607762,1.3750438,1.0939281,1.0297118
2022-03-16,1.5081426,1.4196135,1.1955655,1.1253704,1.4607946,1.3750438,1.0941143,1.0298741
2022-03-17,1.5081603,1.4196135,1.1955736,1.1253648,1.4608119,1.3750438,1.0940515,1.0298029
2022-03-18,1.5081769,1.4196135,1.1943538,1.1242042,1.4608279,1.3750438,1.0934994,1.0292719
2022-03-21,1.5082277,1.4196135,1.1977459,1.1273593,1.4608771,1.3750438,1.0950503,1.030697
2022-03-22,1.5082504,1.4196135,1.2002871,1.1297342,1.4608991,1.3750438,1.0962024,1.0317659
2022-03-23,1.5082715,1.4196135,1.196303,1.1259685,1.4609195,1.3750438,1.094376,1.0300324
2022-03-24,1.5082922,1.4196135,1.1977176,1.1272845,1.4609395,1.3750438,1.0950271,1.0306311
2022-03-25,1.5081905,1.4194984,1.2053863,1.1344867,1.4607227,1.3748209,1.0985188,1.0339034
2022-03-28,1.5104243,1.421539,1.2063993,1.1353907,1.4628861,1.3767972,1.0989772,1.0342897
2022-03-29,1.519134,1.4297128,1.2083513,1.1372091,1.4713217,1.3847138,1.0998752,1.0351179
2022-03-30,1.5233065,1.4336177,1.2106635,1.1393678,1.4753628,1.3884958,1.1009521,1.0361155
2022-03-31,1.5267095,1.4367988,1.212545,1.1411214,1.4785392,1.3914642,1.1018375,1.0369331
2022-04-01,1.5267309,1.4367988,1.2060607,1.135003,1.4785598,1.3914642,1.0988271,1.0340856
2022-04-04,1.5267961,1.4367988,1.2057741,1.1346848,1.478623,1.3914642,1.0986828,1.0339056
2022-04-05,1.5268241,1.4367988,1.2045838,1.1335439,1.4786502,1.3914642,1.0980512,1.0332922
2022-04-06,1.5268513,1.4367988,1.2054374,1.1343269,1.4786765,1.3914642,1.0984827,1.0336799
2022-04-07,1.5268794,1.4367988,1.2069051,1.1356872,1.4787036,1.3914642,1.0992057,1.0343413
2022-04-08,1.5269078,1.4367988,1.2108095,1.13934,1.4787312,1.3914642,1.1010236,1.0360326
2022-04-11,1.5269944,1.4367988,1.213114,1.141444,1.4788151,1.3914642,1.1021322,1.037017
2022-04-12,1.527027,1.4367988,1.2145023,1.1427259,1.4788467,1.3914642,1.1027089,1.0375375
2022-04-13,1.527058,1.4367988,1.2148576,1.143037,1.4788766,1.3914642,1.1027997,1.0376019
2022-04-14,1.5270894,1.4367988,1.2104578,1.1388738,1.478907,1.3914642,1.1010131,1.0358996
2022-04-18,1.5272199,1.4367988,1.2096383,1.1380054,1.4790334,1.3914642,1.10077,1.0355823
2022-04-19,1.5272542,1.4367988,1.206767,1.1352786,1.4790667,1.3914642,1.0995299,1.0343925
2022-04-20,1.5272885,1.4367988,1.208811,1.137176,1.4790999,1.3914642,1.1003023,1.0350958
2022-04-21,1.5273228,1.4367988,1.2101648,1.138424,1.4791331,1.3914642,1.1009407,1.0356731
2022-04-22,1.5273571,1.4367988,1.2094622,1.1377374,1.4791664,1.3914642,1.1006454,1.0353721
2022-04-25,1.5273443,1.4366899,1.2067099,1.1350717,1.4790418,1.3912533,1.0994479,1.0341758
2022-04-26,1.5331299,1.4420955,1.2041609,1.1326451,1.4846444,1.3964878,1.0982867,1.0330572
2022-04-27,1.5298689,1.438995,1.2038089,1.1322879,1.4814866,1.3934854,1.0981046,1.0328622
2022-04-28,1.5241472,1.4335808,1.2031883,1.1316788,1.4759458,1.3882424,1.0978097,1.0325615
2022-04-29,1.521403,1.4309678,1.201836,1.1303818,1.4731765,1.3856069,1.0972045,1.0319694
2022-05-02,1.5215068,1.4309678,1.1999604,1.1285405,1.473277,1.3856069,1.0963459,1.0310914
2022-05-03,1.5215443,1.4309678,1.1995235,1.1281018,1.4733134,1.3856069,1.0961631,1.0308941
2022-05-04,1.5215818,1.4309678,1.1999247,1.1284513,1.4733497,1.3856069,1.096386,1.0310783
2022-05-05,1.5216185,1.4309678,1.2024576,1.1308062,1.4733852,1.3856069,1.097388,1.0319958
2022-05-06,1.5216535,1.4309678,1.204567,1.1327639,1.4734191,1.3856069,1.0983289,1.0328568
2022-05-09,1.5217586,1.4309678,1.2028001,1.131024,1.4735208,1.3856069,1.0975887,1.0320895
2022-05-10,1.5217969,1.4309678,1.1993117,1.1277153,1.473558,1.3856069,1.0960566,1.0306228
2022-05-11,1.521834,1.4309678,1.1959376,1.1245151,1.4735939,1.3856069,1.0945608,1.0291911
2022-05-12,1.5218716,1.4309678,1.1966234,1.1251322,1.4736303,1.3856069,1.0949251,1.0295083
2022-05-13,1.5219112,1.4309678,1.1930787,1.12177,1.4736686,1.3856069,1.0932308,1.0278885
2022-05-16,1.5220375,1.4309678,1.1939411,1.1224878,1.4737909,1.3856069,1.0937093,1.028253
2022-05-17,1.5220821,1.4309678,1.1903991,1.1191248,1.4738342,1.3856069,1.09204,1.0266534
2022-05-18,1.5221263,1.4309678,1.191397,1.1200305,1.473877,1.3856069,1.0925785,1.0271299
2022-05-19,1.5221689,1.4309678,1.1901113,1.1187905,1.4739181,1.3856069,1.0919748,1.0265337
2022-05-20,1.5222122,1.4309678,1.1893065,1.1180021,1.4739601,1.3856069,1.0915563,1.026111
2022-05-23,1.5223386,1.4309678,1.1908696,1.1193786,1.4740825,1.3856069,1.0923991,1.0268181
2022-05-24,1.5222786,1.4308695,1.1864544,1.1151957,1.4739231,1.3854164,1.090282,1.024798
2022-05-25,1.5249198,1.4333109,1.1855464,1.1143101,1.4764803,1.3877803,1.0898656,1.0243771
2022-05-26,1.5249636,1.4333109,1.1858513,1.1145646,1.4765228,1.3877803,1.0900028,1.0244766
2022-05-27,1.5240786,1.4324375,1.1851269,1.1138515,1.4756659,1.3869346,1.0896913,1.0241541
2022-05-31,1.5159781,1.4246575,1.1818999,1.1106891,1.4677212,1.3793065,1.0882803,1.022709
2022-06-01,1.516025,1.4246575,1.1783545,1.1073229,1.4677667,1.3793065,1.0866829,1.0211762
2022-06-02,1.5160715,1.4246575,1.178424,1.1073543,1.4678117,1.3793065,1.0867001,1.021161
2022-06-03,1.5161184,1.4246575,1.1795926,1.1084182,1.4678572,1.3793065,1.0872717,1.0216665
2022-06-06,1.5162642,1.4246575,1.1837535,1.1122214,1.4679983,1.3793065,1.0892892,1.023464
2022-06-07,1.5163153,1.4246575,1.1812339,1.1098166,1.4680478,1.3793065,1.0880877,1.0223006
2022-06-08,1.5163668,1.4246575,1.182512,1.1109797,1.4680976,1.3793065,1.0887277,1.0228672
2022-06-09,1.5164188,1.4246575,1.1812285,1.1097358,1.4681479,1.3793065,1.0881704,1.0223086
2022-06-10,1.5164711,1.4246575,1.1756427,1.1044498,1.4681986,1.3793065,1.0857758,1.0200236
2022-06-13,1.5166381,1.4246575,1.1677126,1.0968782,1.4683603,1.3793065,1.0826083,1.0169357
2022-06-14,1.5167084,1.4246575,1.1643985,1.0937143,1.4684283,1.3793065,1.0812601,1.0156221
2022-06-15,1.5167823,1.4246575,1.1648884,1.0941211,1.4684999,1.3793065,1.0814794,1.0157786
2022-06-16,1.5168526,1.4246575,1.1647363,1.0939276,1.4685679,1.3793065,1.0814279,1.0156831
2022-06-17,1.5169166,1.4246575,1.164022,1.0932107,1.4686299,1.3793065,1.0811702,1.0153983
2022-06-21,1.5171792,1.4246575,1.1653936,1.0943095,1.4688842,1.3793065,1.0818215,1.0158342
2022-06-22,1.5172482,1.4246575,1.1563002,1.085721,1.468951,1.3793065,1.0776907,1.0119091
2022-06-23,1.5173135,1.4246575,1.1537302,1.0832612,1.4690141,1.3793065,1.076539,1.0107841
2022-06-24,1.5172673,1.4245521,1.1540112,1.0834778,1.4688607,1.3791023,1.0766531,1.0108473
2022-06-27,1.5107035,1.418195,1.1564132,1.0855851,1.4625063,1.372948,1.0778045,1.0117904
2022-06-28,1.5093879,1.4168921,1.1561832,1.0853172,1.4612327,1.3716866,1.0777038,1.0116474
2022-06-29,1.5197619,1.4265623,1.1625759,1.091266,1.4712757,1.3810484,1.080724,1.0144339
2022-06-30,1.5326869,1.4386271,1.1694684,1.097684,1.4836794,1.392626,1.0838604,1.0173298
2022-07-01,1.5327566,1.4386271,1.1745499,1.1024038,1.4837469,1.392626,1.0861592,1.0194413
2022-07-05,1.5330354,1.4386271,1.1774557,1.1049305,1.4840168,1.392626,1.087524,1.0205368
2022-07-06,1.5331135,1.4386271,1.1793277,1.1066309,1.4840924,1.392626,1.0883908,1.0212982
2022-07-07,1.5331912,1.4386271,1.1836865,1.1106649,1.4841677,1.392626,1.090371,1.0231046
2022-07-08,1.5332706,1.4386271,1.1879979,1.1146529,1.4842445,1.392626,1.0923322,1.0248918
2022-07-11,1.5335113,1.4386271,1.1833507,1.1101175,1.4844775,1.392626,1.0903306,1.0228529
2022-07-12,1.5336008,1.4386271,1.1824415,1.1091998,1.4845641,1.392626,1.0899453,1.0224317
2022-07-13,1.5336916,1.4386271,1.1807325,1.1075311,1.484652,1.392626,1.0891901,1.0216629
2022-07-14,1.5337895,1.4386271,1.1798919,1.1066719,1.4847468,1.392626,1.0887968,1.0212286
2022-07-15,1.5338874,1.4386271,1.1804124,1.1070895,1.4848416,1.392626,1.0890942,1.0214425
2022-07-18,1.5341761,1.4386271,1.179871,1.1063732,1.485121,1.392626,1.0888896,1.0210583
2022-07-19,1.5342787,1.4386271,1.1801479,1.106559,1.4852203,1.392626,1.0890031,1.0210965
2022-07-20,1.5343821,1.4386271,1.1808668,1.1071584,1.4853204,1.392626,1.0893536,1.0213563
2022-07-21,1.5344846,1.4386271,1.176772,1.1032452,1.4854197,1.392626,1.0873956,1.0194522
2022-07-22,1.5345855,1.4386271,1.1728686,1.0995131,1.4855174,1.392626,1.0854809,1.0175901
2022-07-25,1.5348368,1.4385777,1.1738601,1.1002249,1.4857095,1.3925303,1.0860822,1.0179523
2022-07-26,1.5361599,1.4397173,1.1739057,1.1001907,1.4869903,1.3936334,1.0860797,1.0178788
2022-07-27,1.5396342,1.4428757,1.1748139,1.1009672,1.4903534,1.3966907,1.0864908,1.0181949
2022-07-28,1.5431118,1.446041,1.1755873,1.1016205,1.4937196,1.3997547,1.0868622,1.0184768
2022-07-29,1.5440984,1.4468725,1.1758146,1.1017625,1.4946234,1.4005115,1.0870026,1.0185429
2022-08-01,1.5443954,1.4468725,1.1765229,1.1022144,1.4949108,1.4005115,1.087435,1.0187521
2022-08-02,1.5445003,1.4468725,1.1725278,1.0983966,1.4950124,1.4005115,1.0855616,1.0169278
2022-08-03,1.5446053,1.4468725,1.1729952,1.0987599,1.495114,1.4005115,1.0858096,1.017091
2022-08-04,1.5447085,1.4468725,1.1719491,1.0977066,1.4952139,1.4005115,1.0853926,1.0166325
2022-08-05,1.5448105,1.4468725,1.1801661,1.1053305,1.4953126,1.4005115,1.0891351,1.0200708
2022-08-08,1.5451254,1.4468725,1.1770174,1.1021561,1.4956174,1.4005115,1.0878383,1.0186483
2022-08-09,1.5452342,1.4468725,1.178686,1.1036411,1.4957227,1.4005115,1.0886106,1.0192997
2022-08-10,1.5453434,1.4468725,1.180559,1.1053168,1.4958285,1.4005115,1.0895003,1.0200607
2022-08-11,1.5454518,1.4468725,1.1833262,1.1078301,1.4959334,1.4005115,1.0909713,1.0213664
2022-08-12,1.5455585,1.4468725,1.1838905,1.1082819,1.4960367,1.4005115,1.0912171,1.021526
2022-08-15,1.5458799,1.4468725,1.1852132,1.1092897,1.4963478,1.4005115,1.0918532,1.0219091
2022-08-16,1.5459913,1.4468725,1.1840633,1.1081335,1.4964556,1.4005115,1.0913824,1.0213948
2022-08-17,1.5461018,1.4468725,1.183993,1.1079885,1.4965626,1.4005115,1.0914498,1.0213849
2022-08-18,1.5462115,1.4468725,1.1832843,1.1072466,1.4966688,1.4005115,1.0911478,1.0210297
2022-08-19,1.5463221,1.4468725,1.1842342,1.1080563,1.4967758,1.4005115,1.0916248,1.021403
2022-08-22,1.5466576,1.4468725,1.1866376,1.1100646,1.4971006,1.4005115,1.0928509,1.0223287
2022-08-23,1.5467737,1.4468725,1.1855448,1.1089591,1.497213,1.4005115,1.0923718,1.0218038
2022-08-24,1.5468886,1.4468725,1.1849623,1.1083319,1.4973241,1.4005115,1.0921338,1.0215053
2022-08-25,1.5468925,1.4467679,1.1846801,1.107985,1.4972197,1.4003091,1.0920247,1.0213268
2022-08-26,1.5442356,1.4441728,1.1834579,1.1067575,1.4946481,1.3977973,1.0915064,1.0207643
2022-08-29,1.5374656,1.4375115,1.1807882,1.1040079,1.4880956,1.3913499,1.0904102,1.0195059
2022-08-30,1.5371934,1.4371431,1.179941,1.1031284,1.4878321,1.3909934,1.0900629,1.0191004
2022-08-31,1.5350371,1.4350138,1.179654,1.1027731,1.4856375,1.3888319,1.0899663,1.0189298
2022-09-01,1.5351578,1.4350138,1.1777705,1.1009257,1.4857543,1.3888319,1.0891304,1.0180682
2022-09-02,1.5352789,1.4350138,1.1778309,1.1008952,1.4858716,1.3888319,1.0891867,1.0180405
2022-09-06,1.5357585,1.4350138,1.182384,1.1048071,1.4863357,1.3888319,1.0913991,1.0197904
2022-09-07,1.535883,1.4350138,1.1789983,1.1015539,1.4864562,1.3888319,1.089911,1.0183173
2022-09-08,1.5360084,1.4350138,1.1808262,1.1031718,1.4865775,1.3888319,1.090797,1.0190619
2022-09-09,1.5361334,1.4350138,1.1827258,1.1048567,1.4866985,1.3888319,1.0917184,1.0198397
2022-09-12,1.5365096,1.4350138,1.1843383,1.1060924,1.4870626,1.3888319,1.0925425,1.0203598
2022-09-13,1.5366397,1.4350138,1.1801436,1.1020813,1.4871885,1.3888319,1.0906728,1.0185273
2022-09-14,1.536774,1.4350138,1.1803851,1.1022104,1.4873185,1.3888319,1.090838,1.0185925
2022-09-15,1.5369062,1.4350138,1.1785261,1.1003797,1.4874465,1.3888319,1.0900472,1.0177665
2022-09-16,1.5370376,1.4350138,1.1789574,1.1006884,1.4875736,1.3888319,1.0902869,1.0179033
2022-09-19,1.5374292,1.4350138,1.1775943,1.0991354,1.4879526,1.3888319,1.0897932,1.017183
2022-09-20,1.5375678,1.4350138,1.1779172,1.0993376,1.4880868,1.3888319,1.0899625,1.0172493
2022-09-21,1.5377051,1.4350138,1.1785096,1.0997923,1.4882197,1.3888319,1.0903114,1.0174841
2022-09-22,1.5378404,1.4350138,1.1837876,1.1046211,1.4883505,1.3888319,1.0926339,1.019562
2022-09-23,1.5379748,1.4350138,1.1857676,1.1063721,1.4884806,1.3888319,1.0936078,1.0203816
2022-09-26,1.5382512,1.4349038,1.18966,1.1097202,1.4886341,1.388619,1.095386,1.0217791
2022-09-27,1.5321171,1.4290521,1.1902387,1.1101597,1.4826978,1.382956,1.0955919,1.0218788
2022-09-28,1.5584963,1.4535291,1.1939418,1.1135145,1.5082261,1.4066434,1.0973253,1.0234043
2022-09-29,1.5531284,1.4483918,1.1909862,1.1106576,1.5030314,1.4016718,1.0959943,1.0220707
2022-09-30,1.5478699,1.4433584,1.1886864,1.1084137,1.4978272,1.3966934,1.0949636,1.0210183
2022-10-03,1.5482795,1.4433584,1.1955432,1.1145141,1.4982236,1.3966934,1.0983097,1.0238682
2022-10-04,1.5484212,1.4433584,1.1967489,1.1155361,1.4983607,1.3966934,1.0989172,1.0243408
2022-10-05,1.548562,1.4433584,1.1977419,1.1163603,1.498497,1.3966934,1.0992734,1.0245797
2022-10-06,1.5487033,1.4433584,1.2009784,1.1192751,1.4986337,1.3966934,1.1008027,1.0259116
2022-10-07,1.5488442,1.4433584,1.2039644,1.1219561,1.4987701,1.3966934,1.1022617,1.027178
2022-10-11,1.549406,1.4433584,1.2064524,1.1238676,1.4993137,1.3966934,1.1036301,1.0280806
2022-10-12,1.5495559,1.4433584,1.2060557,1.1233894,1.4994587,1.3966934,1.1034759,1.0278375
2022-10-13,1.549707,1.4433584,1.2042853,1.1216308,1.499605,1.3966934,1.1027456,1.027057
2022-10-14,1.5498615,1.4433584,1.2031089,1.1204233,1.4997545,1.3966934,1.1021853,1.0264327
2022-10-17,1.5503265,1.4433584,1.204329,1.1212233,1.5002044,1.3966934,1.1028707,1.0267631
2022-10-18,1.5504888,1.4433584,1.204659,1.1214132,1.5003614,1.3966934,1.1030695,1.0268408
2022-10-19,1.550654,1.4433584,1.2049226,1.1215391,1.5005214,1.3966934,1.1030234,1.0266884
2022-10-20,1.5508201,1.4433584,1.2040424,1.1205997,1.5006821,1.3966934,1.1026664,1.0262462
2022-10-21,1.5509862,1.4433584,1.1975397,1.1144276,1.5008429,1.3966934,1.0997936,1.0234625
2022-10-24,1.5514834,1.4433584,1.1969038,1.1134786,1.5013239,1.3966934,1.0997217,1.0230675
2022-10-25,1.5515399,1.4432529,1.1955012,1.1120518,1.5012688,1.3964891,1.0989992,1.0222832
2022-10-26,1.55855,1.4496167,1.1962668,1.112643,1.5080518,1.4026467,1.0992976,1.0224496
2022-10-27,1.566399,1.4567606,1.1972432,1.113431,1.5156464,1.4095592,1.0998196,1.0228248
2022-10-28,1.5576302,1.448448,1.1940841,1.1103725,1.5071618,1.4015159,1.0984401,1.0214312
2022-10-31,1.552775,1.443458,1.1923263,1.1083738,1.5023536,1.3965851,1.0978186,1.0205183
2022-11-01,1.5529477,1.443458,1.1915089,1.1074907,1.5025207,1.3965851,1.0974863,1.0200958
2022-11-02,1.5531205,1.443458,1.191957,1.107784,1.5026879,1.3965851,1.0977416,1.0202197
2022-11-03,1.5532924,1.443458,1.1935332,1.1091263,1.5028542,1.3965851,1.0985491,1.0208572
2022-11-04,1.5534651,1.443458,1.1956652,1.1109841,1.5030214,1.3965851,1.0997132,1.0218255
2022-11-07,1.5539784,1.443458,1.1986421,1.1133831,1.503518,1.3965851,1.1013327,1.0229926
2022-11-08,1.5541538,1.443458,1.1957272,1.1105499,1.5036877,1.3965851,1.0999603,1.0216024
2022-11-09,1.5543284,1.443458,1.197961,1.1124998,1.5038566,1.3965851,1.1010562,1.0225054
2022-11-10,1.5545034,1.443458,1.1981147,1.1125173,1.5040259,1.3965851,1.1010752,1.0224079
2022-11-14,1.5552002,1.443458,1.1967602,1.1107609,1.5047001,1.3965851,1.1006728,1.0215761
2022-11-15,1.5553774,1.443458,1.1972816,1.1111183,1.5048716,1.3965851,1.1009883,1.0217524
2022-11-16,1.5555539,1.443458,1.1970984,1.1108222,1.5050423,1.3965851,1.1010595,1.0217026
2022-11-17,1.5557303,1.443458,1.1984539,1.111954,1.505213,1.3965851,1.1016972,1.0221785
2022-11-18,1.5559063,1.443458,1.1997552,1.1130356,1.5053833,1.3965851,1.1023254,1.0226456
2022-11-21,1.556437,1.443458,1.2007169,1.1135481,1.5058968,1.3965851,1.1029306,1.0228583
2022-11-22,1.5566174,1.443458,1.2020855,1.1146883,1.5060713,1.3965851,1.1036985,1.0234519
2022-11-23,1.5566927,1.4433614,1.2050348,1.1172946,1.5060433,1.396398,1.1051526,1.0246822
2022-11-25,1.5577912,1.4440469,1.2055246,1.117491,1.5071061,1.3970613,1.1055017,1.0247695
2022-11-28,1.5575916,1.443361,1.2057742,1.1173347,1.5069129,1.3963977,1.10581,1.0246999
2022-11-29,1.5546307,1.4404472,1.2049414,1.1164315,1.5040484,1.3935787,1.1054863,1.0242792
2022-11-30,1.5608007,1.4459955,1.2061206,1.1173933,1.5099168,1.3988531,1.1060561,1.0246873
2022-12-01,1.5609833,1.4459955,1.2062617,1.1173933,1.5100935,1.3988531,1.1061855,1.0246873
2022-12-02,1.5611637,1.4459955,1.2064011,1.1173933,1.5102681,1.3988531,1.1063134,1.0246873
2022-12-05,1.5617052,1.4459955,1.2067868,1.117363,1.5107919,1.3988531,1.106668,1.0246604
2022-12-06,1.5618879,1.4459955,1.2050227,1.1155989,1.5109686,1.3988531,1.1059668,1.0238913
2022-12-07,1.5620706,1.4459955,1.1992797,1.1101516,1.5111454,1.3988531,1.1036216,1.0216003
2022-12-08,1.5622504,1.4459955,1.2026708,1.1131629,1.5113193,1.3988531,1.1051385,1.0228869
2022-12-09,1.5624289,1.4459955,1.2062715,1.1163685,1.511492,1.3988531,1.1066772,1.0241943
2022-12-12,1.5629669,1.4459955,1.2085608,1.1181027,1.5120125,1.3988531,1.1078551,1.0249316
2022-12-13,1.5631507,1.4459955,1.2096118,1.1189437,1.5121902,1.3988531,1.1084793,1.0253886
2022-12-14,1.5633331,1.4459955,1.2094476,1.1186612,1.5123667,1.3988531,1.1084467,1.0252388
2022-12-15,1.5635143,1.4459955,1.2093535,1.1184444,1.512542,1.3988531,1.1085873,1.02525
2022-12-16,1.563695,1.4459955,1.2103361,1.1192238,1.5127168,1.3988531,1.1089926,1.0255063
2022-12-19,1.5642348,1.4459955,1.21011,1.1186285,1.513239,1.3988531,1.1088652,1.0250345
2022-12-20,1.5644183,1.4459955,1.2112521,1.119553,1.5134165,1.3988531,1.1091966,1.0252206
2022-12-21,1.5646004,1.4459955,1.210348,1.118587,1.5135927,1.3988531,1.1088315,1.0247638
2022-12-22,1.5647813,1.4459955,1.211772,1.1197737,1.5137677,1.3988531,1.1095297,1.0252906
2022-12-23,1.5648514,1.4458923,1.2132258,1.1209871,1.5137274,1.3986534,1.1103382,1.0259186
2022-12-27,1.5560703,1.4371085,1.2161747,1.1231921,1.5052332,1.3901566,1.1120463,1.0270213
2022-12-28,1.5544833,1.4354716,1.216422,1.1232866,1.5036981,1.3885731,1.1122391,1.0270769
2022-12-29,1.5578164,1.4383784,1.2167534,1.1234589,1.5069223,1.391385,1.1123839,1.0270883
2022-12-30,1.556116,1.4366373,1.2156719,1.1223266,1.5051698,1.3896015,1.1119478,1.0265635
2023-01-03,1.5568493,1.4366373,1.2174319,1.1234227,1.5058791,1.3896015,1.1130249,1.0270741
2023-01-04,1.5570369,1.4366373,1.2197862,1.1254597,1.5060607,1.3896015,1.1141887,1.0280242
2023-01-05,1.5572251,1.4366373,1.2201895,1.1256958,1.5062426,1.3896015,1.1143987,1.0280938
2023-01-06,1.5574175,1.4366373,1.2153666,1.1211074,1.5064287,1.3896015,1.1125718,1.0262813
2023-01-09,1.5579948,1.4366373,1.2128547,1.1183747,1.5069871,1.3896015,1.1117326,1.0251268
2023-01-10,1.558189,1.4366373,1.2177957,1.1227914,1.507175,1.3896015,1.1138349,1.0269376
2023-01-11,1.5583841,1.4366373,1.2146328,1.1197347,1.5073637,1.3896015,1.112586,1.0256574
2023-01-12,1.5585792,1.4366373,1.2137993,1.118826,1.5075524,1.3896015,1.112424,1.0253798
2023-01-13,1.5587714,1.4366373,1.2114312,1.1165053,1.5077383,1.3896015,1.1113871,1.0242975
2023-01-17,1.5595418,1.4366373,1.2122994,1.1167536,1.5084835,1.3896015,1.1120602,1.0244117
2023-01-18,1.5597366,1.4366373,1.2144356,1.118582,1.508672,1.3896015,1.1130979,1.0252396
2023-01-19,1.5599306,1.4366373,1.2148313,1.1188073,1.5088596,1.3896015,1.1132995,1.0252978
2023-01-20,1.5601251,1.4366373,1.2156672,1.1194377,1.5090477,1.3896015,1.1136873,1.0255271
2023-01-23,1.5607111,1.4366373,1.218294,1.121436,1.5096145,1.3896015,1.1150696,1.0264148
2023-01-24,1.5609069,1.4366373,1.2175861,1.1206437,1.509804,1.3896015,1.1148439,1.0260782
2023-01-25,1.5609813,1.4365259,1.2173874,1.1203205,1.5097588,1.389386,1.1147948,1.0259046
2023-01-26,1.5573129,1.4329705,1.2170804,1.119898,1.5062108,1.3859472,1.1147339,1.0257203
2023-01-27,1.5540809,1.429818,1.2161757,1.118926,1.5030849,1.3828982,1.1143956,1.0252812
2023-01-30,1.5501773,1.4256894,1.2148567,1.1172922,1.4993093,1.378905,1.1140124,1.0245435
2023-01-31,1.5534492,1.4285193,1.2164187,1.1185882,1.5023576,1.3815352,1.1147742,1.0251153
2023-02-01,1.5536442,1.4285193,1.2179819,1.1198853,1.5025461,1.3815352,1.1155502,1.0257002
2023-02-02,1.5538374,1.4285193,1.217884,1.119656,1.502733,1.3815352,1.1155678,1.0255888
2023-02-03,1.5540303,1.4285193,1.2237212,1.1248834,1.5029195,1.3815352,1.1182328,1.0279116
2023-02-06,1.554614,1.4285193,1.2280872,1.1284743,1.5034841,1.3815352,1.1203843,1.0295033
2023-02-07,1.5548095,1.4285193,1.2297933,1.1299002,1.5036731,1.3815352,1.1211951,1.0301188
2023-02-08,1.555005,1.4285193,1.2299903,1.129939,1.5038622,1.3815352,1.1213433,1.0301254
2023-02-09,1.5552005,1.4285193,1.229488,1.1293355,1.5040513,1.3815352,1.1211746,1.0298409
2023-02-10,1.5553982,1.4285193,1.2283053,1.1281056,1.5042425,1.3815352,1.1207994,1.0293654
2023-02-13,1.555994,1.4285193,1.2291182,1.1284201,1.5048187,1.3815352,1.1213162,1.0294457
2023-02-14,1.5561935,1.4285193,1.2293883,1.1285234,1.5050116,1.3815352,1.1215202,1.029501
2023-02-15,1.5563926,1.4285193,1.2291555,1.1281653,1.5052042,1.3815352,1.1215155,1.029365
2023-02-16,1.5565913,1.4285193,1.2273382,1.1263533,1.5053964,1.3815352,1.1208931,1.0286623
2023-02-17,1.5567917,1.4285193,1.227199,1.1260805,1.5055902,1.3815352,1.120885,1.0285224
2023-02-21,1.5575936,1.4285193,1.232408,1.1302802,1.5063657,1.3815352,1.1236426,1.0305231
2023-02-22,1.5576633,1.4283984,1.2326315,1.1303391,1.5063056,1.3813014,1.1237698,1.0305064
2023-02-23,1.5616026,1.4318266,1.2333946,1.130893,1.5101151,1.3846165,1.1241098,1.0306852
2023-02-24,1.5536057,1.4243095,1.2276277,1.1254594,1.5023819,1.3773473,1.1215236,1.028181
2023-02-27,1.557238,1.4270869,1.2297497,1.1269682,1.5058944,1.3800331,1.1227219,1.0288806
2023-02-28,1.5580092,1.4276084,1.2298393,1.1269039,1.5065128,1.3804206,1.1228168,1.028834
2023-03-01,1.5582107,1.4276084,1.2286389,1.1256583,1.5067076,1.3804206,1.1222884,1.0282168
2023-03-02,1.5584126,1.4276084,1.2291143,1.125948,1.5069028,1.3804206,1.1225304,1.0283053
2023-03-03,1.558615,1.4276084,1.223887,1.1210132,1.5070985,1.3804206,1.1200479,1.0258976
2023-03-06,1.5592222,1.4276084,1.2259376,1.1224547,1.5076857,1.3804206,1.1212429,1.0265925
2023-03-07,1.5594256,1.4276084,1.2275294,1.1237657,1.5078823,1.3804206,1.1219979,1.0271499
2023-03-08,1.5596336,1.4276084,1.2261998,1.1223986,1.5080835,1.3804206,1.1214288,1.0264918
2023-03-09,1.5598426,1.4276084,1.2304355,1.1261254,1.5082855,1.3804206,1.123382,1.0281422
2023-03-10,1.5600507,1.4276084,1.2459013,1.1401298,1.5084868,1.3804206,1.1303951,1.0344235
2023-03-13,1.56067,1.4276084,1.2626588,1.155012,1.5090856,1.3804206,1.1381208,1.0410826
2023-03-14,1.560871,1.4276084,1.2539468,1.1468941,1.5092799,1.3804206,1.1343138,1.0374661
2023-03-15,1.5610724,1.4276084,1.2572149,1.1497352,1.5094747,1.3804206,1.135777,1.0386705
2023-03-16,1.5612687,1.4276084,1.2574113,1.1497702,1.5096645,1.3804206,1.1359295,1.0386794
2023-03-17,1.5614642,1.4276084,1.2548968,1.1473269,1.5098535,1.3804206,1.1348648,1.0375758
2023-03-20,1.5620238,1.4276084,1.2569475,1.1487908,1.5103946,1.3804206,1.1359918,1.0382344
2023-03-21,1.5622228,1.4276084,1.2603016,1.1517099,1.510587,1.3804206,1.1376228,1.0395928
2023-03-22,1.5624205,1.4276084,1.2586975,1.1500983,1.5107782,1.3804206,1.13686,1.0387641
2023-03-23,1.5626187,1.4276084,1.2553899,1.1469301,1.5109699,1.3804206,1.1353025,1.0372092
2023-03-24,1.5628143,1.4276084,1.2554686,1.1468584,1.5111591,1.3804206,1.1353648,1.0371363
2023-03-27,1.5632953,1.4275115,1.2595682,1.1501726,1.5115216,1.3802333,1.1376492,1.0388335
2023-03-28,1.5593609,1.423733,1.2596613,1.1501079,1.5077175,1.37658,1.1377743,1.0388125
2023-03-29,1.5582459,1.422534,1.2595751,1.149883,1.5066394,1.3754206,1.1377915,1.0386962
2023-03-30,1.5590064,1.4230474,1.2596073,1.1497663,1.5073747,1.3759171,1.1378713,1.0386369
2023-03-31,1.5632321,1.4267175,1.2614656,1.1513113,1.5113582,1.3793722,1.1387934,1.0393421
2023-04-03,1.5638334,1.4267175,1.2649427,1.1540419,1.5119396,1.3793722,1.1405937,1.0405854
2023-04-04,1.5640378,1.4267175,1.2684986,1.1571352,1.5121371,1.3793722,1.14226,1.0419695
2023-04-05,1.5642409,1.4267175,1.2685674,1.1570477,1.5123335,1.3793722,1.1423656,1.0419306
2023-04-06,1.5644432,1.4267175,1.2694937,1.1577429,1.5125291,1.3793722,1.1428337,1.0422228
2023-04-07,1.5646476,1.4267175,1.2742277,1.161909,1.5127267,1.3793722,1.1450884,1.0441428
2023-04-10,1.5652662,1.4267175,1.2762924,1.1633323,1.5133248,1.3793722,1.1462782,1.0448149
2023-04-11,1.565478,1.4267175,1.2771997,1.1640018,1.5135296,1.3793722,1.1467386,1.0450932
2023-04-12,1.5656878,1.4267175,1.2784565,1.1649913,1.5137324,1.3793722,1.1473735,1.0455317
2023-04-13,1.5658967,1.4267175,1.2789997,1.1653309,1.5139343,1.3793722,1.1477166,1.0457049
2023-04-14,1.566109,1.4267175,1.2766701,1.1630503,1.5141397,1.3793722,1.1467783,1.0447082
2023-04-17,1.5667501,1.4267175,1.2748698,1.1609341,1.5147594,1.3793722,1.1462228,1.0437745
2023-04-18,1.5669673,1.4267175,1.2751902,1.1610649,1.5149694,1.3793722,1.146438,1.0438257
2023-04-19,1.5671836,1.4267175,1.2755951,1.1612733,1.5151786,1.3793722,1.1466678,1.0438908
2023-04-20,1.5673987,1.4267175,1.2754929,1.1610209,1.5153866,1.3793722,1.1466493,1.0437307
2023-04-21,1.5676122,1.4267175,1.2759038,1.1612368,1.5155929,1.3793722,1.1469461,1.0438587
2023-04-24,1.5681447,1.4266182,1.2755668,1.1604547,1.5160022,1.3791802,1.1469576,1.043442
2023-04-25,1.5797817,1.437008,1.2719171,1.1569742,1.5272523,1.3892245,1.1452387,1.0417341
2023-04-26,1.5768768,1.4341699,1.2717463,1.1566613,1.524444,1.3864808,1.1452744,1.0416247
2023-04-27,1.5669712,1.4249643,1.2711056,1.1559201,1.5148678,1.3775813,1.145133,1.0413535
2023-04-28,1.5728807,1.4301419,1.2723871,1.1569262,1.5204754,1.3824908,1.1457739,1.0417928
2023-05-01,1.5735207,1.4301419,1.2708938,1.1550977,1.521094,1.3824908,1.1453584,1.0409911
2023-05-02,1.5737405,1.4301419,1.2747214,1.1584151,1.5213065,1.3824908,1.1471113,1.0424389
2023-05-03,1.5739595,1.4301419,1.2753781,1.1588507,1.5215182,1.3824908,1.1474627,1.0426131
2023-05-04,1.574179,1.4301419,1.2742327,1.1576483,1.5217304,1.3824908,1.1470158,1.0420616
2023-05-05,1.574399,1.4301419,1.2781956,1.1610869,1.521943,1.3824908,1.1488795,1.0436092
2023-05-08,1.5750589,1.4301419,1.2820886,1.1641366,1.522581,1.3824908,1.1508699,1.0449798
2023-05-09,1.5752812,1.4301419,1.2828376,1.1646524,1.5227958,1.3824908,1.1512788,1.0452036
2023-05-10,1.5755026,1.4301419,1.2815097,1.1632831,1.5230099,1.3824908,1.1507401,1.0445676
2023-05-11,1.5757219,1.4301419,1.2797558,1.1615291,1.5232218,1.3824908,1.1500173,1.0437662
2023-05-12,1.5759394,1.4301419,1.2778889,1.1596743,1.5234322,1.3824908,1.1492579,1.0429328
2023-05-15,1.5765974,1.4301419,1.2773043,1.1586596,1.5240682,1.3824908,1.149235,1.0424765
2023-05-16,1.576816,1.4301419,1.2759601,1.1572796,1.5242795,1.3824908,1.1486984,1.0418452
2023-05-17,1.577035,1.4301419,1.2765359,1.1576411,1.5244912,1.3824908,1.1490265,1.0419981
2023-05-18,1.5772554,1.4301419,1.2775468,1.1583961,1.5247043,1.3824908,1.1495757,1.0423506
2023-05-19,1.5774775,1.4301419,1.278593,1.1591816,1.524919,1.3824908,1.150113,1.042691
2023-05-22,1.5781413,1.4301419,1.2792989,1.1593338,1.5255607,1.3824908,1.1506724,1.0427594
2023-05-23,1.5783679,1.4301419,1.2793068,1.1591745,1.5257797,1.3824908,1.1507595,1.0426886
2023-05-24,1.5784862,1.4300461,1.2792186,1.15893,1.5257919,1.3823057,1.1507827,1.0425616
2023-05-25,1.5689643,1.4212156,1.2776729,1.1573643,1.5165879,1.3737699,1.1501431,1.0418334
2023-05-26,1.5665799,1.4188528,1.2757421,1.1554501,1.514283,1.371486,1.1493899,1.0410023
2023-05-30,1.5775115,1.4279512,1.2809485,1.1595122,1.5248497,1.3802807,1.1519857,1.0427647
2023-05-31,1.5828792,1.4326035,1.2838229,1.1619464,1.5299361,1.3846852,1.1533131,1.0438154
2023-06-01,1.5831073,1.4326035,1.2851695,1.1629977,1.5301566,1.3846852,1.1539795,1.0442681
2023-06-02,1.5833346,1.4326035,1.283389,1.1612194,1.5303763,1.3846852,1.1533067,1.0435094
2023-06-05,1.5840152,1.4326035,1.2839129,1.1611943,1.5310341,1.3846852,1.153778,1.0434873
2023-06-06,1.5842409,1.4326035,1.2847225,1.1617611,1.5312522,1.3846852,1.1542047,1.0437245
2023-06-07,1.5844657,1.4326035,1.2886406,1.1651393,1.5314696,1.3846852,1.1559429,1.0451482
2023-06-08,1.5846897,1.4326035,1.2857572,1.1623676,1.5316861,1.3846852,1.154814,1.0439798
2023-06-09,1.584912,1.4326035,1.2873951,1.1636852,1.5319009,1.3846852,1.1556084,1.0445515
2023-06-12,1.5855777,1.4326035,1.2885645,1.1642535,1.5325443,1.3846852,1.1563342,1.0447688
2023-06-13,1.585801,1.4326035,1.2881595,1.1637236,1.5327601,1.3846852,1.1561951,1.044496
2023-06-14,1.586023,1.4326035,1.2889396,1.1642655,1.5329747,1.3846852,1.1565521,1.0446722
2023-06-15,1.5862446,1.4326035,1.2900723,1.165126,1.5331889,1.3846852,1.1570823,1.0450052
2023-06-16,1.5864649,1.4326035,1.289441,1.1643939,1.5334019,1.3846852,1.1569042,1.0446992
2023-06-20,1.5873499,1.4326035,1.2903617,1.1645758,1.5342572,1.3846852,1.15756,1.0447087
2023-06-21,1.5875734,1.4326035,1.2905002,1.1645368,1.5344733,1.3846852,1.1576643,1.0446557
2023-06-22,1.5877974,1.4326035,1.2933308,1.1669268,1.5346898,1.3846852,1.15897,1.0456865
2023-06-23,1.5880214,1.4326035,1.2925079,1.1660197,1.5349063,1.3846852,1.1587242,1.0453172
2023-06-26,1.5885481,1.4324722,1.2921688,1.1652202,1.5352747,1.3844314,1.1588065,1.044949
2023-06-27,1.5820645,1.42642,1.2924105,1.1652709,1.5290086,1.3785822,1.1589297,1.0449101
2023-06-28,1.5892308,1.4326784,1.2942235,1.1667399,1.5359345,1.3846307,1.159822,1.045566
2023-06-29,1.5708623,1.4159161,1.2855104,1.1587194,1.518182,1.3684305,1.1560722,1.0420373
2023-06-30,1.5732395,1.4178571,1.2859848,1.158982,1.5203404,1.370181,1.156358,1.0421463
2023-07-03,1.5739081,1.4178571,1.2836834,1.1564154,1.5209864,1.370181,1.1555718,1.0409949
2023-07-05,1.5743574,1.4178571,1.2815659,1.1541776,1.5214206,1.370181,1.1548155,1.0400164
2023-07-06,1.5745821,1.4178571,1.2828049,1.1551287,1.5216378,1.370181,1.1554241,1.0404161
2023-07-07,1.5748077,1.4178571,1.283133,1.1552587,1.5218558,1.370181,1.155651,1.0404714
2023-07-10,1.5754834,1.4178571,1.2817147,1.1534861,1.5225088,1.370181,1.1552837,1.0396943
2023-07-11,1.57571,1.4178571,1.2810571,1.1527284,1.5227278,1.370181,1.155067,1.0393497
2023-07-12,1.5759366,1.4178571,1.278866,1.1505909,1.5229468,1.370181,1.1541664,1.0383899
2023-07-13,1.5761629,1.4178571,1.2798174,1.1512817,1.5231654,1.370181,1.1546995,1.0387204
2023-07-14,1.5763891,1.4178571,1.2765246,1.1481543,1.5233841,1.370181,1.1532956,1.0373084
2023-07-17,1.5770694,1.4178571,1.2776584,1.1486787,1.5240414,1.370181,1.154052,1.0375411
2023-07-18,1.5772966,1.4178571,1.2780791,1.1488914,1.5242611,1.370181,1.1543202,1.0376327
2023-07-19,1.5775235,1.4178571,1.2790191,1.1495711,1.5244803,1.370181,1.1548482,1.0379581
2023-07-20,1.5777508,1.4178571,1.2791368,1.1495112,1.5247,1.370181,1.1549844,1.0379309
2023-07-21,1.5779782,1.4178571,1.2793391,1.1495274,1.5249197,1.370181,1.1551617,1.0379406
2023-07-24,1.5786617,1.4178571,1.281197,1.1506989,1.5255803,1.370181,1.156228,1.0384492
2023-07-25,1.5788205,1.4177946,1.2820964,1.1513402,1.5256665,1.3700603,1.1566934,1.038717
2023-07-26,1.5832427,1.4215607,1.2832868,1.1522426,1.5299397,1.3736995,1.1573625,1.0391675
2023-07-27,1.5745659,1.4135644,1.2827543,1.1515979,1.5215552,1.3659725,1.157085,1.038768
2023-07-28,1.577377,1.4158835,1.2845744,1.1530652,1.5242716,1.3682135,1.1580026,1.0394416
2023-07-31,1.5784849,1.4162636,1.2855473,1.1534381,1.5252751,1.3685205,1.1586915,1.0396089
2023-08-01,1.5787133,1.4162636,1.2836412,1.1515611,1.5254957,1.3685205,1.1578845,1.0387344
2023-08-02,1.5789412,1.4162636,1.2830801,1.1508915,1.525716,1.3685205,1.1577058,1.0384242
2023-08-03,1.5791692,1.4162636,1.2841213,1.1516592,1.5259362,1.3685205,1.1582383,1.0387518
2023-08-04,1.5793972,1.4162636,1.2774848,1.145541,1.5261566,1.3685205,1.155329,1.0359927
2023-08-07,1.5800826,1.4162636,1.2789734,1.1463787,1.5268189,1.3685205,1.1562528,1.0363714
2023-08-08,1.5803116,1.4162636,1.2765245,1.1440176,1.5270402,1.3685205,1.1552072,1.0352841
2023-08-09,1.5805411,1.4162636,1.2749999,1.1424851,1.5272619,1.3685205,1.1545748,1.034567
2023-08-10,1.5807697,1.4162636,1.274873,1.1422061,1.5274828,1.3685205,1.1545771,1.0344194
2023-08-11,1.5809984,1.4162636,1.2707328,1.1383316,1.5277038,1.3685205,1.1527705,1.0326512
2023-08-14,1.5816845,1.4162636,1.269263,1.1365209,1.5283668,1.3685205,1.1523378,1.0318154
2023-08-15,1.5819138,1.4162636,1.2679311,1.1351635,1.5285883,1.3685205,1.1518068,1.0311904
2023-08-16,1.582143,1.4162636,1.2660188,1.133287,1.5288098,1.3685205,1.151002,1.0303204
2023-08-17,1.5823723,1.4162636,1.2660586,1.1331584,1.5290314,1.3685205,1.1510526,1.0302164
2023-08-18,1.5826017,1.4162636,1.2653163,1.1323297,1.529253,1.3685205,1.1508309,1.0298687
2023-08-21,1.5832885,1.4162636,1.26808,1.1343116,1.5299166,1.3685205,1.1522369,1.0306799
2023-08-22,1.5835184,1.4162636,1.2689438,1.1349195,1.5301388,1.3685205,1.1527293,1.0309707
2023-08-23,1.5837483,1.4162636,1.2593104,1.1261388,1.530361,1.3685205,1.148573,1.0271037
2023-08-24,1.5839783,1.4162636,1.2620335,1.1284104,1.5305832,1.3685205,1.1498812,1.0281244
2023-08-25,1.5840635,1.4161338,1.263767,1.1297963,1.5305253,1.3682696,1.1507473,1.0287493
2023-08-28,1.5881051,1.4191254,1.2631948,1.1287888,1.5344303,1.3711601,1.1507067,1.0282615
2023-08-29,1.5996924,1.4292721,1.2676924,1.1326427,1.545626,1.3809639,1.1528835,1.0300562
2023-08-30,1.6004459,1.4297366,1.2683821,1.1330935,1.546354,1.3814127,1.1532739,1.0302546
2023-08-31,1.6036534,1.4323936,1.2699394,1.1343196,1.5493113,1.3838533,1.1540835,1.0308276
2023-09-01,1.6038871,1.4323936,1.2676422,1.1321024,1.5495371,1.3838533,1.1530734,1.0297752
2023-09-05,1.6048187,1.4323936,1.2647955,1.1289025,1.5504372,1.3838533,1.152022,1.0282381
2023-09-06,1.6050526,1.4323936,1.2660697,1.1298752,1.5506631,1.3838533,1.1526477,1.0286467
2023-09-07,1.6052861,1.4323936,1.2639196,1.127792,1.5508887,1.3838533,1.1517528,1.0276984
2023-09-08,1.6055192,1.4323936,1.26419,1.1278696,1.5511139,1.3838533,1.1519308,1.0277081
2023-09-11,1.6062199,1.4323936,1.2665842,1.1295133,1.5517909,1.3838533,1.1532998,1.0284808
2023-09-12,1.606454,1.4323936,1.2651715,1.128089,1.5520171,1.3838533,1.1526766,1.0277752
2023-09-13,1.6066882,1.4323936,1.265536,1.1282495,1.5522433,1.3838533,1.1529007,1.0278252
2023-09-14,1.6069219,1.4323936,1.2643676,1.1270437,1.5524691,1.3838533,1.1525172,1.0273338
2023-09-15,1.6071557,1.4323936,1.2636507,1.1262407,1.552695,1.3838533,1.1523048,1.0269951
2023-09-18,1.6078584,1.4323936,1.2635718,1.1256779,1.5533739,1.3838533,1.1524886,1.0267097
2023-09-19,1.6080923,1.4323936,1.2630872,1.1250825,1.5535999,1.3838533,1.1523594,1.0264453
2023-09-20,1.6083263,1.4323936,1.2639698,1.1257049,1.5538259,1.3838533,1.152804,1.026692
2023-09-21,1.6085611,1.4323936,1.2646974,1.1261886,1.5540528,1.3838533,1.1532388,1.0269293
2023-09-22,1.608796,1.4323936,1.2633496,1.1248239,1.5542797,1.3838533,1.1526919,1.0262923
2023-09-25,1.609345,1.432256,1.2647143,1.1255472,1.5546607,1.3835874,1.1535768,1.0266315
2023-09-26,1.6084845,1.4312803,1.2648675,1.1255185,1.5538295,1.3826448,1.1537069,1.0265968
2023-09-27,1.5994057,1.4229923,1.2666586,1.1269476,1.5450592,1.3746385,1.1546049,1.0272456
2023-09-28,1.6045428,1.4273546,1.2691434,1.1289935,1.5500218,1.3788526,1.1558147,1.0281717
2023-09-29,1.6081751,1.4303778,1.2713907,1.1308281,1.5533818,1.3816406,1.1569195,1.0290046
2023-10-02,1.6088783,1.4303778,1.2656847,1.1252584,1.554061,1.3816406,1.1545788,1.0264728
2023-10-03,1.6091142,1.4303778,1.2619083,1.1217361,1.5542888,1.3816406,1.1529371,1.0248628
2023-10-04,1.60935,1.4303778,1.2615307,1.121236,1.5545166,1.3816406,1.152824,1.024612
2023-10-05,1.6095855,1.4303778,1.2615593,1.1210974,1.5547441,1.3816406,1.1528872,1.0245183
2023-10-06,1.6098209,1.4303778,1.2656922,1.1246061,1.5549715,1.3816406,1.1548005,1.0260687
2023-10-10,1.6107666,1.4303778,1.2589273,1.1179347,1.5558849,1.3816406,1.1521454,1.0231069
2023-10-11,1.6110022,1.4303778,1.2553276,1.1145746,1.5561125,1.3816406,1.1506451,1.0216249
2023-10-12,1.6112379,1.4303778,1.2571929,1.1160677,1.5563402,1.3816406,1.1514633,1.0222019
2023-10-13,1.6114741,1.4303778,1.2595065,1.117958,1.5565683,1.3816406,1.1524705,1.0229462
2023-10-16,1.6121827,1.4303778,1.2572225,1.1154391,1.5572528,1.3816406,1.151814,1.0219136
2023-10-17,1.6124185,1.4303778,1.2514191,1.110127,1.5574806,1.3816406,1.1493431,1.0195719
2023-10-18,1.6126549,1.4303778,1.2505334,1.1091786,1.5577089,1.3816406,1.1490586,1.0191701
2023-10-19,1.6128908,1.4303778,1.2455888,1.1046306,1.5579368,1.3816406,1.1468764,1.0170855
2023-10-20,1.6131263,1.4303778,1.240332,1.0998074,1.5581643,1.3816406,1.1445907,1.0149099
2023-10-23,1.6138304,1.4303778,1.239414,1.0985134,1.5588443,1.3816406,1.1445251,1.0144088
2023-10-24,1.6140656,1.4303778,1.2419462,1.1005976,1.5590715,1.3816406,1.1457487,1.0153454
2023-10-25,1.6141326,1.430229,1.2425327,1.1009572,1.5589741,1.3813532,1.1459418,1.0153688
2023-10-26,1.6271649,1.4415681,1.2438506,1.1019646,1.5715611,1.3923048,1.1466804,1.0158753
2023-10-27,1.6289021,1.442897,1.2451407,1.1029469,1.5732389,1.3935883,1.1473608,1.01633
2023-10-30,1.6257101,1.4394386,1.2442192,1.1016483,1.570156,1.390248,1.1471911,1.0157353
2023-10-31,1.6248792,1.4384927,1.24311,1.1005053,1.5691902,1.3891899,1.1467375,1.0151854
2023-11-01,1.6251165,1.4384927,1.2442534,1.1013568,1.5694194,1.3891899,1.1473195,1.0155523
2023-11-02,1.6253529,1.4384927,1.2430834,1.100161,1.5696477,1.3891899,1.1467562,1.014906
2023-11-03,1.625588,1.4384927,1.2375159,1.0950745,1.5698747,1.3891899,1.1442953,1.0125812
2023-11-06,1.6262921,1.4384927,1.2436072,1.0999903,1.5705547,1.3891899,1.1473174,1.0148168
2023-11-07,1.6265278,1.4384927,1.2393575,1.0960719,1.5707824,1.3891899,1.1454774,1.0130423
2023-11-08,1.6267631,1.4384927,1.2364444,1.0933371,1.5710096,1.3891899,1.1442517,1.0118117
2023-11-09,1.6269984,1.4384927,1.2347569,1.0916867,1.5712368,1.3891899,1.1433891,1.0109026
2023-11-10,1.6272334,1.4384927,1.2346072,1.0913967,1.5714637,1.3891899,1.1433934,1.0107605
2023-11-13,1.6279369,1.4384927,1.2351878,1.0914382,1.5721431,1.3891899,1.1439045,1.0107753
2023-11-14,1.6281723,1.4384927,1.2438448,1.0989299,1.5723705,1.3891899,1.1481517,1.0143819
2023-11-15,1.628407,1.4384927,1.2423096,1.0974151,1.5725971,1.3891899,1.1474486,1.0136146
2023-11-16,1.6286416,1.4384927,1.2423867,1.0973251,1.5728237,1.3891899,1.1476202,1.0136201
2023-11-17,1.6288759,1.4384927,1.242391,1.097171,1.57305,1.3891899,1.1476887,1.0135348
2023-11-20,1.6295788,1.4384927,1.2421879,1.0965183,1.5737287,1.3891899,1.1478366,1.0132281
2023-11-21,1.6298141,1.4384927,1.2407563,1.0950962,1.573956,1.3891899,1.147258,1.012571
2023-11-22,1.6300489,1.4384927,1.2426489,1.0966088,1.5741828,1.3891899,1.1482156,1.0132703
2023-11-24,1.6303746,1.4383646,1.245029,1.0983925,1.5743571,1.3889426,1.149481,1.0140944
2023-11-27,1.6408592,1.4469903,1.242351,1.0955533,1.5844816,1.3972719,1.1484508,1.0127454
2023-11-28,1.6496419,1.454526,1.246252,1.0988349,1.5929625,1.4045487,1.1503056,1.0142345
2023-11-29,1.6569091,1.4607236,1.2507072,1.1026044,1.59998,1.4105334,1.1524496,1.0159786
2023-11-30,1.6483711,1.4529865,1.2463328,1.0985893,1.5915929,1.4029365,1.1505203,1.0141315
2023-12-01,1.6486082,1.4529865,1.2548196,1.1059121,1.5918218,1.4029365,1.1545185,1.0175099
2023-12-04,1.6493168,1.4529865,1.2503383,1.1014872,1.5925061,1.4029365,1.1526632,1.0154374
2023-12-05,1.6495545,1.4529865,1.2487857,1.0999607,1.5927356,1.4029365,1.1519937,1.0147013
2023-12-06,1.6497918,1.4529865,1.2468268,1.098077,1.5929647,1.4029365,1.1511802,1.0138388
2023-12-07,1.6500291,1.4529865,1.2471113,1.0981697,1.5931938,1.4029365,1.151389,1.0138768
2023-12-08,1.650266,1.4529865,1.2542966,1.1043392,1.5934225,1.4029365,1.154825,1.0167569
2023-12-11,1.6509767,1.4529865,1.2546354,1.1041619,1.5941088,1.4029365,1.1552001,1.0166492
2023-12-12,1.6512146,1.4529865,1.2543158,1.1037215,1.5943385,1.4029365,1.1551278,1.0164391
2023-12-13,1.6514526,1.4529865,1.2598252,1.1084103,1.5945683,1.4029365,1.1576801,1.0185385
2023-12-14,1.6516897,1.4529865,1.2608466,1.1091498,1.5947972,1.4029365,1.1582135,1.0188616
2023-12-15,1.6519263,1.4529865,1.2602412,1.1084583,1.5950257,1.4029365,1.1580338,1.0185575
2023-12-18,1.6526378,1.4529865,1.2607308,1.1084116,1.5957127,1.4029365,1.1584903,1.0185203
2023-12-19,1.652876,1.4529865,1.2604099,1.1079697,1.5959426,1.4029365,1.158418,1.01831
2023-12-20,1.6531128,1.4529865,1.2575378,1.1052862,1.5961713,1.4029365,1.1571666,1.0170641
2023-12-21,1.6533501,1.4529865,1.2571976,1.1048286,1.5964005,1.4029365,1.1570977,1.0168575
2023-12-22,1.6534525,1.4528687,1.2573872,1.1048372,1.5963699,1.402709,1.1572686,1.0168622
2023-12-26,1.6563035,1.4545394,1.2581742,1.1048942,1.5991224,1.4043221,1.1579434,1.0168712
2023-12-27,1.6658274,1.462694,1.2583869,1.1049221,1.6083175,1.4121951,1.1580966,1.0168595
2023-12-28,1.6593616,1.4568066,1.2569932,1.1035398,1.602075,1.406511,1.1575179,1.0162054
2023-12-29,1.6594657,1.4566885,1.258048,1.1043071,1.6020456,1.4062829,1.1580796,1.0165524
2024-01-02,1.6604114,1.4566885,1.2542173,1.1003152,1.6029586,1.4062829,1.1566556,1.0147231
2024-01-03,1.6606488,1.4566885,1.2553765,1.1011748,1.6031878,1.4062829,1.1572553,1.0151041
2024-01-04,1.6608872,1.4566885,1.2556363,1.1012446,1.603418,1.4062829,1.1574261,1.0151081
2024-01-05,1.6611257,1.4566885,1.2575651,1.1027781,1.6036481,1.4062829,1.1583847,1.0158032
2024-01-08,1.6618411,1.4566885,1.2559924,1.100924,1.6043388,1.4062829,1.1579207,1.0149588
2024-01-09,1.6620801,1.4566885,1.2572522,1.1018699,1.6045696,1.4062829,1.1585484,1.015363
2024-01-10,1.6623188,1.4566885,1.2583745,1.1026954,1.6047999,1.4062829,1.1591328,1.0157294
2024-01-11,1.6625569,1.4566885,1.2603037,1.1042279,1.6050299,1.4062829,1.1601139,1.0164436
2024-01-12,1.6627952,1.4566885,1.2623718,1.1058817,1.6052599,1.4062829,1.1611738,1.0172266
2024-01-16,1.6637464,1.4566885,1.2592333,1.1024996,1.6061782,1.4062829,1.1600322,1.0156446
2024-01-17,1.6639843,1.4566885,1.2588666,1.1020209,1.6064079,1.4062829,1.1598741,1.0153609
2024-01-18,1.6642232,1.4566885,1.256157,1.0994907,1.6066385,1.4062829,1.1586389,1.0141339
2024-01-19,1.6644612,1.4566885,1.2585025,1.1013864,1.6068683,1.4062829,1.1598012,1.0150062
2024-01-22,1.6651753,1.4566885,1.2575873,1.1001129,1.6075577,1.4062829,1.15967,1.0144558
2024-01-23,1.6654135,1.4566885,1.2579906,1.1003084,1.6077876,1.4062829,1.1598667,1.0144828
2024-01-24,1.6656512,1.4566885,1.2581352,1.1002778,1.6080171,1.4062829,1.1599618,1.0144213
2024-01-25,1.6658141,1.456623,1.2589152,1.1008028,1.6081021,1.4061565,1.1603718,1.014635
2024-01-26,1.6636625,1.4545337,1.2573481,1.0992755,1.606025,1.4041396,1.1597288,1.0139279
2024-01-29,1.6684846,1.4581268,1.2598944,1.1010309,1.6106801,1.4076082,1.1611695,1.0147533
2024-01-30,1.669654,1.4589402,1.2594292,1.1004669,1.6118089,1.4083934,1.1610383,1.0144935
2024-01-31,1.6758045,1.4641063,1.2605394,1.1012799,1.6176739,1.4133172,1.1616318,1.0148673
2024-02-01,1.6760442,1.4641063,1.2590716,1.09984,1.6179053,1.4133172,1.1610515,1.0142152
2024-02-02,1.6762839,1.4641063,1.2674326,1.1069864,1.6181367,1.4133172,1.1648721,1.0174076
2024-02-05,1.6770044,1.4641063,1.2745246,1.1127047,1.6188322,1.4133172,1.1682541,1.0199241
2024-02-06,1.6772443,1.4641063,1.2714591,1.1098693,1.6190637,1.4133172,1.1669666,1.0186542
2024-02-07,1.6774846,1.4641063,1.2720382,1.1102157,1.6192957,1.4133172,1.1672876,1.0187884
2024-02-08,1.677725,1.4641063,1.2716765,1.109741,1.6195278,1.4133172,1.1671584,1.0185297
2024-02-09,1.6779654,1.4641063,1.2707927,1.1088108,1.6197598,1.4133172,1.1668561,1.0181199
2024-02-12,1.678688,1.4641063,1.272032,1.1094145,1.6204574,1.4133172,1.1676549,1.0183784
2024-02-13,1.6789286,1.4641063,1.2635938,1.1018961,1.6206896,1.4133172,1.1640876,1.0151213
2024-02-14,1.6791701,1.4641063,1.2643272,1.1023771,1.6209227,1.4133172,1.1644497,1.015291
2024-02-15,1.6794107,1.4641063,1.2646435,1.102495,1.621155,1.4133172,1.1646374,1.0153092
2024-02-16,1.6796513,1.4641063,1.2657778,1.1033259,1.6213873,1.4133172,1.165224,1.0156751
2024-02-20,1.6806158,1.4641063,1.2647317,1.1017804,1.6223184,1.4133172,1.1650767,1.0149635
2024-02-21,1.6808571,1.4641063,1.2684821,1.1048894,1.6225513,1.4133172,1.1668323,1.0163471
2024-02-22,1.6810984,1.4641063,1.2713805,1.1072555,1.6227842,1.4133172,1.1682322,1.0174206
2024-02-23,1.6811876,1.4639734,1.270736,1.1065349,1.622723,1.4130607,1.1680553,1.0171202
2024-02-26,1.6770443,1.4597325,1.2729155,1.1079543,1.6187237,1.4089672,1.1692434,1.017715
2024-02-27,1.6756666,1.4583229,1.2726087,1.1075277,1.6173939,1.4076067,1.1691601,1.0174959
2024-02-28,1.6810315,1.4627822,1.2763009,1.1105816,1.6225723,1.4119109,1.1709125,1.0188746
2024-02-29,1.6827434,1.4640619,1.2767902,1.1108479,1.6240774,1.4130179,1.1712142,1.0189908
2024-03-01,1.6829855,1.4640619,1.2825798,1.1157253,1.624311,1.4130179,1.1739172,1.021196
2024-03-04,1.6837089,1.4640619,1.2797718,1.112803,1.6250093,1.4130179,1.1728659,1.0198424
2024-03-05,1.6839507,1.4640619,1.280454,1.1132365,1.6252426,1.4130179,1.173211,1.0199961
2024-03-06,1.6841919,1.4640619,1.2801242,1.1127902,1.6254754,1.4130179,1.1731497,1.0197967
2024-03-07,1.6844337,1.4640619,1.2793819,1.1119851,1.6257088,1.4130179,1.172914,1.0194453
2024-03-08,1.6846755,1.4640619,1.2793196,1.1117714,1.6259422,1.4130179,1.172988,1.0193633
2024-03-11,1.6854011,1.4640619,1.2815134,1.113199,1.6266425,1.4130179,1.1742299,1.0200036
2024-03-12,1.6856431,1.4640619,1.2822615,1.1136891,1.626876,1.4130179,1.1746312,1.0202057
2024-03-13,1.6858855,1.4640619,1.2828038,1.1139999,1.62711,1.4130179,1.1749416,1.0203286
2024-03-14,1.686128,1.4640619,1.2803906,1.111744,1.627344,1.4130179,1.1738806,1.0192604
2024-03-15,1.6863705,1.4640619,1.2797855,1.1110587,1.6275781,1.4130179,1.1736533,1.0189164
2024-03-18,1.6870982,1.4640619,1.2795936,1.1104127,1.6282804,1.4130179,1.1737902,1.0185957
2024-03-19,1.6873409,1.4640619,1.2797077,1.110352,1.6285146,1.4130179,1.1739138,1.0185564
2024-03-20,1.6875831,1.4640619,1.2780029,1.1087134,1.6287484,1.4130179,1.1731992,1.0177902
2024-03-21,1.6878254,1.4640619,1.2789472,1.1093734,1.6289822,1.4130179,1.1737096,1.0180868
2024-03-22,1.6878927,1.4639097,1.2778123,1.1082294,1.6288777,1.412724,1.1732154,1.0175117
2024-03-25,1.6839515,1.459861,1.2793301,1.1090685,1.6250744,1.408817,1.1741813,1.0179112
2024-03-26,1.6866766,1.4620143,1.279041,1.1086589,1.6277042,1.410895,1.174088,1.0176844
2024-03-27,1.6915826,1.4660577,1.2796659,1.1090421,1.6324386,1.414797,1.1744378,1.0178421
2024-03-28,1.6900892,1.4645537,1.2779014,1.1073542,1.6308277,1.4131985,1.1737002,1.0170573
2024-04-01,1.6910578,1.4645537,1.2709295,1.1006781,1.6317624,1.4131985,1.1708123,1.0139719
2024-04-02,1.6913001,1.4645537,1.2705397,1.1001828,1.6319962,1.4131985,1.1706945,1.0137246
2024-04-03,1.691542,1.4645537,1.2707645,1.1002201,1.6322296,1.4131985,1.170856,1.0137195
2024-04-04,1.6917839,1.4645537,1.2701693,1.0995475,1.632463,1.4131985,1.170657,1.0134022
2024-04-05,1.6920254,1.4645537,1.2755662,1.1040625,1.6326961,1.4131985,1.173213,1.0154702
2024-04-08,1.6927528,1.4645537,1.2789637,1.1065285,1.6333979,1.4131985,1.175017,1.0165951
2024-04-09,1.6929953,1.4645537,1.2753676,1.1032587,1.6336319,1.4131985,1.1734449,1.0150893
2024-04-10,1.6932379,1.4645537,1.2789699,1.1062168,1.633866,1.4131985,1.1750515,1.0163336
2024-04-11,1.6934814,1.4645537,1.2800787,1.1070167,1.634101,1.4131985,1.1756248,1.0166833
2024-04-12,1.693725,1.4645537,1.283129,1.1094954,1.6343361,1.4131985,1.1771799,1.0178819
2024-04-15,1.6944559,1.4645537,1.2799375,1.1062571,1.6350413,1.4131985,1.1758025,1.0162517
2024-04-16,1.6946996,1.4645537,1.2789709,1.1052625,1.6352765,1.4131985,1.1753968,1.0157549
2024-04-17,1.6949434,1.4645537,1.2798263,1.1058428,1.6355117,1.4131985,1.1758969,1.016041
2024-04-18,1.6951872,1.4645537,1.2802362,1.1060378,1.6357469,1.4131985,1.1761512,1.0161145
2024-04-19,1.695431,1.4645537,1.2796412,1.1053647,1.6359822,1.4131985,1.1759262,1.015774
2024-04-22,1.6961626,1.4645537,1.2802513,1.1054148,1.6366881,1.4131985,1.1764666,1.0158025
2024-04-23,1.6964052,1.4645537,1.2784813,1.1037284,1.6369222,1.4131985,1.175693,1.0149893
2024-04-24,1.6964892,1.4644156,1.2784555,1.1035473,1.636849,1.412932,1.1757965,1.0149326
2024-04-25,1.6899265,1.4585397,1.277874,1.1028864,1.630517,1.4072626,1.1755952,1.0146126
2024-04-26,1.6941255,1.4619536,1.2785494,1.1033103,1.6345684,1.4105565,1.1759906,1.0148076
2024-04-29,1.7016542,1.4678197,1.2806833,1.1046757,1.6418324,1.4162163,1.1772256,1.0154355
2024-04-30,1.6923502,1.459583,1.2777116,1.1019535,1.6327007,1.4081357,1.175926,1.0141685
2024-05-01,1.6925936,1.459583,1.2789186,1.102836,1.6329355,1.4081357,1.176551,1.0145616
2024-05-02,1.6928375,1.459583,1.2782688,1.1021167,1.6331708,1.4081357,1.1763328,1.0142272
2024-05-03,1.693081,1.459583,1.274514,1.0987208,1.6334057,1.4081357,1.1747246,1.0126948
2024-05-06,1.6938116,1.459583,1.2745103,1.0982435,1.6341106,1.4081357,1.1749819,1.0124796
2024-05-07,1.6940552,1.459583,1.2730944,1.0968655,1.6343456,1.4081357,1.1744076,1.0118391
2024-05-08,1.6942989,1.459583,1.2742618,1.0977135,1.6345807,1.4081357,1.1749909,1.0121961
2024-05-09,1.6945426,1.459583,1.2752818,1.0984343,1.6348158,1.4081357,1.1755514,1.0125333
2024-05-10,1.6947863,1.459583,1.271749,1.0952334,1.6350509,1.4081357,1.1739663,1.0110224
2024-05-13,1.695519,1.459583,1.273659,1.0964048,1.6357578,1.4081357,1.175115,1.0115746
2024-05-14,1.6957629,1.459583,1.2761255,1.0983704,1.6359931,1.4081357,1.176349,1.0124914
2024-05-15,1.6960064,1.459583,1.2805024,1.1019799,1.636228,1.4081357,1.178473,1.0141742
2024-05-16,1.6962503,1.459583,1.2808053,1.1020821,1.6364633,1.4081357,1.1786782,1.0142049
2024-05-17,1.6964943,1.459583,1.2821303,1.1030636,1.6366987,1.4081357,1.1793376,1.0146264
2024-05-20,1.6972263,1.459583,1.2831077,1.1034286,1.6374049,1.4081357,1.1799997,1.0147581
2024-05-21,1.6974705,1.459583,1.2819314,1.1022583,1.6376404,1.4081357,1.1795374,1.0142146
2024-05-22,1.6977146,1.459583,1.2849823,1.104723,1.637876,1.4081357,1.1810178,1.0153417
2024-05-23,1.6979588,1.459583,1.2880944,1.1072397,1.6381116,1.4081357,1.1825864,1.0165442
2024-05-24,1.6980165,1.4594222,1.2890851,1.1079317,1.6379868,1.4078255,1.1831338,1.0168683
2024-05-28,1.6903725,1.4520111,1.2905828,1.1085803,1.6306131,1.4006764,1.1841887,1.0171888
2024-05-29,1.6790608,1.4420853,1.2877832,1.1060157,1.6197013,1.3911014,1.1830168,1.0160356
2024-05-30,1.689469,1.4508166,1.2942176,1.1113825,1.6297415,1.3995241,1.1860083,1.0184583
2024-05-31,1.6948059,1.4551906,1.297031,1.1136383,1.6347102,1.4035893,1.187393,1.0195007
2024-06-03,1.6955373,1.4551906,1.3048067,1.1198341,1.6354156,1.4035893,1.1912211,1.0223476
2024-06-04,1.6957816,1.4551906,1.3080244,1.1224342,1.6356513,1.4035893,1.1927537,1.0235156
2024-06-05,1.6960255,1.4551906,1.306721,1.1211543,1.6358866,1.4035893,1.1922305,1.0229194
2024-06-06,1.6962695,1.4551906,1.3063999,1.1207176,1.6361219,1.4035893,1.1921629,1.0227142
2024-06-07,1.6965135,1.4551906,1.3161695,1.1289373,1.6363572,1.4035893,1.1968552,1.0265925
2024-06-10,1.6972469,1.4551906,1.3186883,1.1306098,1.6370646,1.4035893,1.1982949,1.0273836
2024-06-11,1.697491,1.4551906,1.3168516,1.1288724,1.6373001,1.4035893,1.1974479,1.0265096
2024-06-12,1.6977352,1.4551906,1.3170163,1.1288512,1.6375356,1.4035893,1.1975883,1.0264823
2024-06-13,1.6979794,1.4551906,1.3173375,1.1289642,1.6377711,1.4035893,1.1977792,1.0264983
2024-06-14,1.6982236,1.4551906,1.3187126,1.1299802,1.6380067,1.4035893,1.1985261,1.0269907
2024-06-17,1.6989564,1.4551906,1.3166471,1.1277227,1.6387135,1.4035893,1.1977724,1.0259018
2024-06-18,1.6992008,1.4551906,1.3167894,1.1276825,1.6389492,1.4035893,1.1979394,1.0258972
2024-06-20,1.6996887,1.4551906,1.3163505,1.1269828,1.6394198,1.4035893,1.1978621,1.0255365
2024-06-21,1.6999327,1.4551906,1.3165896,1.1270257,1.6396552,1.4035893,1.1980422,1.0255435
2024-06-24,1.7004941,1.4550457,1.3177027,1.1274941,1.6400334,1.4033097,1.1988212,1.0257694
2024-06-25,1.7019392,1.4560733,1.3177749,1.127394,1.6414271,1.4043008,1.1989246,1.0257107
2024-06-26,1.6919661,1.4473323,1.3176133,1.1270942,1.6318087,1.3958706,1.1987803,1.0254402
2024-06-27,1.6957939,1.4503989,1.3186522,1.127821,1.6355003,1.3988281,1.1993322,1.0257651
2024-06-28,1.690778,1.445901,1.3172371,1.1264491,1.6304999,1.3943509,1.1987732,1.0251401
2024-07-01,1.6915034,1.445901,1.311327,1.1209118,1.6311994,1.3943509,1.1963139,1.0225971
2024-07-02,1.6917462,1.445901,1.3133542,1.1224836,1.6314336,1.3943509,1.1973065,1.0232988
2024-07-03,1.6919891,1.445901,1.3139931,1.1228686,1.6316678,1.3943509,1.1976616,1.0234554
2024-07-05,1.6924749,1.445901,1.3109691,1.119962,1.6321363,1.3943509,1.1963799,1.0220663
2024-07-08,1.6932024,1.445901,1.31159,1.120011,1.6328379,1.3943509,1.1969054,1.0220758
2024-07-09,1.6934451,1.445901,1.313789,1.1217284,1.6330719,1.3943509,1.1980145,1.0228765
2024-07-10,1.6936877,1.445901,1.3126862,1.120626,1.6333059,1.3943509,1.1975299,1.0223162
2024-07-11,1.6939304,1.445901,1.3150192,1.1224572,1.6335399,1.3943509,1.1985561,1.0230457
2024-07-12,1.6941722,1.445901,1.31645,1.1235182,1.6337731,1.3943509,1.1992909,1.0235269
2024-07-15,1.6948977,1.445901,1.315687,1.1223859,1.6344727,1.3943509,1.1992217,1.0230295
2024-07-16,1.6951391,1.445901,1.3181622,1.1243375,1.6347055,1.3943509,1.2003722,1.0238652
2024-07-17,1.6953806,1.445901,1.3182682,1.1242678,1.6349384,1.3943509,1.2004475,1.0237836
2024-07-18,1.6956222,1.445901,1.3174879,1.1234422,1.6351713,1.3943509,1.2001429,1.023378
2024-07-19,1.6958642,1.445901,1.3207659,1.126077,1.6354047,1.3943509,1.20173,1.0245853
2024-07-22,1.696589,1.445901,1.3221445,1.1267711,1.6361037,1.3943509,1.2026154,1.0249023
2024-07-23,1.6968302,1.445901,1.3203386,1.1250719,1.6363364,1.3943509,1.2018447,1.0240997
2024-07-24,1.6970711,1.445901,1.3202714,1.1248549,1.6365686,1.3943509,1.201877,1.0239819
2024-07-25,1.6972132,1.4458169,1.3190625,1.1236653,1.6366105,1.3941887,1.2013813,1.0234142
2024-07-26,1.7020042,1.4496935,1.3222894,1.126255,1.6412304,1.3979269,1.2029114,1.0245727
2024-07-29,1.7043058,1.451039,1.3232076,1.1265594,1.6434498,1.3992243,1.2035757,1.024704
2024-07-30,1.7070068,1.4531339,1.3249697,1.1279008,1.6460544,1.4012444,1.2044235,1.0252812
2024-07-31,1.7099645,1.4554471,1.3257436,1.1284007,1.6488107,1.4033935,1.2048268,1.0254801
2024-08-01,1.7102057,1.4554471,1.3215721,1.1246909,1.6490433,1.4033935,1.2029438,1.0237327
2024-08-02,1.7104456,1.4554471,1.3076125,1.1126532,1.6492747,1.4033935,1.1966749,1.0182542
2024-08-05,1.7111556,1.4554471,1.3073319,1.1119526,1.6499592,1.4033935,1.1967949,1.0179336
2024-08-06,1.7113942,1.4554471,1.3147518,1.1181085,1.6501893,1.4033935,1.2002523,1.0207323
2024-08-07,1.7116329,1.4554471,1.3190012,1.1215665,1.6504194,1.4033935,1.2022534,1.0222918
2024-08-08,1.7118716,1.4554471,1.3181419,1.1206793,1.6506496,1.4033935,1.2019286,1.0218731
2024-08-09,1.7121103,1.4554471,1.3207334,1.1227263,1.6508798,1.4033935,1.2031151,1.0227393
2024-08-12,1.7128266,1.4554471,1.32356,1.1246595,1.6515704,1.4033935,1.2046241,1.0235942
2024-08-13,1.7130645,1.4554471,1.3273207,1.1276988,1.6517998,1.4033935,1.2063698,1.0249354
2024-08-14,1.713302,1.4554471,1.3296574,1.1295277,1.6520288,1.4033935,1.2074191,1.0256848
2024-08-15,1.7135399,1.4554471,1.329897,1.1295744,1.6522583,1.4033935,1.2077066,1.0257865
2024-08-16,1.7137789,1.4554471,1.3294341,1.1290237,1.6524887,1.4033935,1.2075806,1.0255365
2024-08-19,1.7144945,1.4554471,1.3291915,1.1283463,1.6531787,1.4033935,1.2077226,1.0252288
2024-08-20,1.7147321,1.4554471,1.3282518,1.1273922,1.6534079,1.4033935,1.2073669,1.0247848
2024-08-21,1.7149689,1.4554471,1.3258601,1.1252065,1.6536362,1.4033935,1.2063282,1.0237617
2024-08-22,1.7152048,1.4554471,1.3280692,1.1269265,1.6538636,1.4033935,1.2073788,1.0245124
2024-08-23,1.7154416,1.4554471,1.3240319,1.123345,1.654092,1.4033935,1.2056467,1.0229012
2024-08-26,1.7159757,1.4553008,1.3256022,1.1242147,1.6544407,1.4031115,1.2066047,1.0232928
2024-08-27,1.7143759,1.4537455,1.3247317,1.1233231,1.6528983,1.4016119,1.2062681,1.0228677
2024-08-28,1.7143044,1.4534865,1.3246238,1.1230784,1.6528294,1.4013623,1.2062628,1.0227237
2024-08-29,1.7105677,1.4501208,1.3243437,1.1226882,1.6492267,1.3981172,1.2061839,1.0225178
2024-08-30,1.7045353,1.4448091,1.3214929,1.1201183,1.6432449,1.3928555,1.2049576,1.0213387
2024-09-03,1.7054656,1.4448091,1.3256688,1.1230466,1.6441417,1.3928555,1.207186,1.0226701
2024-09-04,1.7056978,1.4448091,1.3298239,1.1264137,1.6443656,1.3928555,1.2091367,1.0241834
2024-09-05,1.7059296,1.4448091,1.3299506,1.126368,1.6445891,1.3928555,1.2092508,1.0241409
2024-09-06,1.7061604,1.4448091,1.3279878,1.1245532,1.6448117,1.3928555,1.2083938,1.0232765
2024-09-09,1.7068518,1.4448091,1.328142,1.1242281,1.6454781,1.3928555,1.2086852,1.0231086
2024-09-10,1.7070805,1.4448091,1.3245173,1.1210093,1.6456986,1.3928555,1.2070043,1.0215487
2024-09-11,1.7073073,1.4448091,1.3244357,1.1207912,1.6459173,1.3928555,1.2070508,1.0214523
2024-09-12,1.707536,1.4448091,1.3255963,1.1216233,1.6461378,1.3928555,1.2077285,1.021889
2024-09-13,1.7077629,1.4448091,1.327067,1.1227186,1.6463565,1.3928555,1.2084174,1.0223361
2024-09-16,1.7084339,1.4448091,1.3281151,1.1231642,1.6470033,1.3928555,1.2090375,1.0224591
2024-09-17,1.7086562,1.4448091,1.3272307,1.1222701,1.6472177,1.3928555,1.208734,1.0220693
2024-09-18,1.7088786,1.4448091,1.3251446,1.1203601,1.647432,1.3928555,1.2080099,1.0213241
2024-09-19,1.7090963,1.4448091,1.3234389,1.1187753,1.6476419,1.3928555,1.2074536,1.0207236
2024-09-20,1.7093121,1.4448091,1.3237219,1.1188732,1.64785,1.3928555,1.2076514,1.0207619
2024-09-23,1.7099528,1.4448091,1.3241022,1.1187753,1.6484676,1.3928555,1.2080588,1.0207236
2024-09-24,1.7099721,1.4446461,1.3241642,1.1186889,1.6483003,1.3925413,1.2081627,1.0206848
2024-09-25,1.703685,1.4391565,1.3243274,1.1186889,1.64224,1.3872496,1.2083116,1.0206848
2024-09-26,1.7008289,1.436566,1.3244911,1.1186889,1.6394869,1.3847526,1.2084609,1.0206848
2024-09-27,1.7081821,1.4425995,1.3246544,1.1186889,1.6465748,1.3905686,1.2086099,1.0206848
2024-09-30,1.6987137,1.4340697,1.3251443,1.1186889,1.6372622,1.3821895,1.2090569,1.0206848
