date,nav_total_forecast_sized,nav_excess_forecast_sized,nav_total_calendar_only,nav_excess_calendar_only
1993-01-04,1.0003375,1,1.0003375,1
1993-01-05,1.0004219,1,1.0004219,1
1993-01-06,1.0005072,1,1.0005072,1
1993-01-07,1.0005922,1,1.0005922,1
1993-01-08,1.0006777,1,1.0006777,1
1993-01-11,1.0009294,1,1.0009294,1
1993-01-12,1.001013,1,1.001013,1
1993-01-13,1.0010958,1,1.0010958,1
1993-01-14,1.0011781,1,1.0011781,1
1993-01-15,1.0012599,1,1.0012599,1
1993-01-19,1.0015825,1,1.0015825,1
1993-01-20,1.0016645,1,1.0016645,1
1993-01-21,1.0017471,1,1.0017471,1
1993-01-22,1.0018292,1,1.0018292,1
1993-01-25,1.0019834,0.99990983,1.0018215,0.99974826
1993-01-26,1.001389,0.99923586,1.0000174,0.99786704
1993-01-27,1.0022391,1.0000033,1.0022424,1.0000067
1993-01-28,1.0038145,1.0014956,1.0064975,1.0041726
1993-01-29,1.0056681,1.0032653,1.0115428,1.0091263
1993-02-01,1.0059078,1.0032653,1.0117839,1.0091263
1993-02-02,1.0059877,1.0032653,1.0118642,1.0091263
1993-02-03,1.0060693,1.0032653,1.0119463,1.0091263
1993-02-04,1.0061501,1.0032653,1.0120275,1.0091263
1993-02-05,1.00623,1.0032653,1.0121079,1.0091263
1993-02-08,1.0064699,1.0032653,1.0123492,1.0091263
1993-02-09,1.0065504,1.0032653,1.0124302,1.0091263
1993-02-10,1.0066312,1.0032653,1.0125114,1.0091263
1993-02-11,1.0067123,1.0032653,1.012593,1.0091263
1993-02-12,1.0067928,1.0032653,1.012674,1.0091263
1993-02-16,1.0071161,1.0032653,1.0129992,1.0091263
1993-02-17,1.0071969,1.0032653,1.0130805,1.0091263
1993-02-18,1.0072772,1.0032653,1.0131613,1.0091263
1993-02-19,1.007357,1.0032653,1.0132415,1.0091263
1993-02-22,1.0070634,1.0027313,1.0132013,1.0088433
1993-02-23,1.0441128,1.0395403,1.032886,1.0283618
1993-02-24,1.02436,1.0197903,1.0226265,1.0180644
1993-02-25,1.0203094,1.015675,1.0205344,1.0158991
1993-02-26,1.0200891,1.0153736,1.0204573,1.0157403
1993-03-01,1.0203364,1.0153736,1.0207048,1.0157403
1993-03-02,1.0204189,1.0153736,1.0207873,1.0157403
1993-03-03,1.0205019,1.0153736,1.0208703,1.0157403
1993-03-04,1.0205841,1.0153736,1.0209526,1.0157403
1993-03-05,1.0206655,1.0153736,1.021034,1.0157403
1993-03-08,1.0209172,1.0153736,1.0212857,1.0157403
1993-03-09,1.0210011,1.0153736,1.0213697,1.0157403
1993-03-10,1.0210847,1.0153736,1.0214533,1.0157403
1993-03-11,1.0211681,1.0153736,1.0215367,1.0157403
1993-03-12,1.0212509,1.0153736,1.0216196,1.0157403
1993-03-15,1.0215002,1.0153736,1.0218689,1.0157403
1993-03-16,1.0215839,1.0153736,1.0219527,1.0157403
1993-03-17,1.0216673,1.0153736,1.0220361,1.0157403
1993-03-18,1.0217507,1.0153736,1.0221195,1.0157403
1993-03-19,1.0218333,1.0153736,1.0222021,1.0157403
1993-03-22,1.0220819,1.0153736,1.0224508,1.0157403
1993-03-23,1.0221642,1.0153736,1.0225332,1.0157403
1993-03-24,1.022246,1.0153736,1.022615,1.0157403
1993-03-25,1.0222737,1.01532,1.0224792,1.0155242
1993-03-26,1.0200138,1.0129945,1.0131352,1.0061627
1993-03-29,1.0209768,1.0137069,1.0162469,1.0090107
1993-03-30,1.0219449,1.0145864,1.0198775,1.0125341
1993-03-31,1.0217808,1.0143426,1.0189726,1.011555
1993-04-01,1.0218617,1.0143426,1.0190532,1.011555
1993-04-02,1.0219429,1.0143426,1.0191342,1.011555
1993-04-05,1.0221873,1.0143426,1.019378,1.011555
1993-04-06,1.0222685,1.0143426,1.0194589,1.011555
1993-04-07,1.02235,1.0143426,1.0195402,1.011555
1993-04-08,1.0224318,1.0143426,1.0196218,1.011555
1993-04-12,1.0227568,1.0143426,1.0199458,1.011555
1993-04-13,1.0228377,1.0143426,1.0200266,1.011555
1993-04-14,1.0229176,1.0143426,1.0201062,1.011555
1993-04-15,1.0229966,1.0143426,1.020185,1.011555
1993-04-16,1.0230762,1.0143426,1.0202644,1.011555
1993-04-19,1.023315,1.0143426,1.0205026,1.011555
1993-04-20,1.0233938,1.0143426,1.0205811,1.011555
1993-04-21,1.023472,1.0143426,1.0206592,1.011555
1993-04-22,1.0235506,1.0143426,1.0207375,1.011555
1993-04-23,1.0236296,1.0143426,1.0208163,1.011555
1993-04-26,1.0237824,1.0142572,1.0208382,1.0113405
1993-04-27,1.0211523,1.0115713,1.0141145,1.0045994
1993-04-28,1.0209294,1.0112698,1.0134345,1.0038457
1993-04-29,1.0224216,1.012667,1.0170401,1.0073368
1993-04-30,1.0203988,1.0105831,1.0118527,1.0021189
1993-05-03,1.0206429,1.0105831,1.0120947,1.0021189
1993-05-04,1.0207231,1.0105831,1.0121743,1.0021189
1993-05-05,1.0208034,1.0105831,1.0122539,1.0021189
1993-05-06,1.0208842,1.0105831,1.012334,1.0021189
1993-05-07,1.0209642,1.0105831,1.0124134,1.0021189
1993-05-10,1.0212051,1.0105831,1.0126522,1.0021189
1993-05-11,1.0212853,1.0105831,1.0127318,1.0021189
1993-05-12,1.0213662,1.0105831,1.012812,1.0021189
1993-05-13,1.0214474,1.0105831,1.0128925,1.0021189
1993-05-14,1.0215294,1.0105831,1.0129738,1.0021189
1993-05-17,1.0217779,1.0105831,1.0132202,1.0021189
1993-05-18,1.0218619,1.0105831,1.0133035,1.0021189
1993-05-19,1.0219461,1.0105831,1.0133871,1.0021189
1993-05-20,1.0220293,1.0105831,1.0134695,1.0021189
1993-05-21,1.0221122,1.0105831,1.0135517,1.0021189
1993-05-24,1.0219011,1.0101252,1.013572,1.0018919
1993-05-25,1.0203434,1.0085013,1.0128417,1.0010865
1993-05-26,1.0298971,1.0178593,1.017626,1.0057311
1993-05-27,1.03206,1.0199119,1.0187371,1.0067452
1993-05-28,1.0225336,1.0104121,1.0140781,1.0020566
1993-06-01,1.0228765,1.0104121,1.0144182,1.0020566
1993-06-02,1.0229617,1.0104121,1.0145027,1.0020566
1993-06-03,1.0230477,1.0104121,1.014588,1.0020566
1993-06-04,1.0231326,1.0104121,1.0146722,1.0020566
1993-06-07,1.0233942,1.0104121,1.0149316,1.0020566
1993-06-08,1.0234811,1.0104121,1.0150178,1.0020566
1993-06-09,1.0235689,1.0104121,1.0151048,1.0020566
1993-06-10,1.0236561,1.0104121,1.0151913,1.0020566
1993-06-11,1.0237433,1.0104121,1.0152778,1.0020566
1993-06-14,1.0239999,1.0104121,1.0155323,1.0020566
1993-06-15,1.0240855,1.0104121,1.0156172,1.0020566
1993-06-16,1.0241711,1.0104121,1.0157021,1.0020566
1993-06-17,1.0242564,1.0104121,1.0157867,1.0020566
1993-06-18,1.0243414,1.0104121,1.015871,1.0020566
1993-06-21,1.024599,1.0104121,1.0161265,1.0020566
1993-06-22,1.0246849,1.0104121,1.0162117,1.0020566
1993-06-23,1.0247717,1.0104121,1.0162977,1.0020566
1993-06-24,1.0247955,1.0103492,1.0161058,1.0017818
1993-06-25,1.0259298,1.0113818,1.020769,1.0062942
1993-06-28,1.0272894,1.012466,1.0258509,1.0110492
1993-06-29,1.0276574,1.0127435,1.0271764,1.0122706
1993-06-30,1.0274471,1.0124522,1.0259595,1.0109873
1993-07-01,1.0275324,1.0124522,1.0260446,1.0109873
1993-07-02,1.0276166,1.0124522,1.0261287,1.0109873
1993-07-06,1.0279488,1.0124522,1.0264604,1.0109873
1993-07-07,1.0280336,1.0124522,1.0265451,1.0109873
1993-07-08,1.0281192,1.0124522,1.0266306,1.0109873
1993-07-09,1.0282042,1.0124522,1.0267155,1.0109873
1993-07-12,1.0284595,1.0124522,1.0269704,1.0109873
1993-07-13,1.0285443,1.0124522,1.0270551,1.0109873
1993-07-14,1.0286299,1.0124522,1.0271406,1.0109873
1993-07-15,1.0287148,1.0124522,1.0272253,1.0109873
1993-07-16,1.0287996,1.0124522,1.02731,1.0109873
1993-07-19,1.0290541,1.0124522,1.0275642,1.0109873
1993-07-20,1.0291395,1.0124522,1.0276495,1.0109873
1993-07-21,1.0292258,1.0124522,1.0277356,1.0109873
1993-07-22,1.0293124,1.0124522,1.0278221,1.0109873
1993-07-23,1.0293995,1.0124522,1.0279091,1.0109873
1993-07-26,1.0295681,1.0123609,1.0278724,1.0106945
1993-07-27,1.0300642,1.0127633,1.0292712,1.0119845
1993-07-28,1.0309331,1.0135315,1.031866,1.0144499
1993-07-29,1.0344226,1.0168766,1.0428901,1.0252023
1993-07-30,1.0337023,1.0160844,1.0403673,1.0226374
1993-08-02,1.0339597,1.0160844,1.0406264,1.0226374
1993-08-03,1.0340467,1.0160844,1.0407139,1.0226374
1993-08-04,1.034134,1.0160844,1.0408017,1.0226374
1993-08-05,1.0342212,1.0160844,1.0408895,1.0226374
1993-08-06,1.0343076,1.0160844,1.0409765,1.0226374
1993-08-09,1.0345661,1.0160844,1.0412366,1.0226374
1993-08-10,1.0346517,1.0160844,1.0413228,1.0226374
1993-08-11,1.0347376,1.0160844,1.0414092,1.0226374
1993-08-12,1.0348232,1.0160844,1.0414954,1.0226374
1993-08-13,1.0349085,1.0160844,1.0415813,1.0226374
1993-08-16,1.0351654,1.0160844,1.0418398,1.0226374
1993-08-17,1.0352511,1.0160844,1.041926,1.0226374
1993-08-18,1.0353364,1.0160844,1.0420119,1.0226374
1993-08-19,1.0354212,1.0160844,1.0420973,1.0226374
1993-08-20,1.0355058,1.0160844,1.0421824,1.0226374
1993-08-23,1.0357603,1.0160844,1.0424385,1.0226374
1993-08-24,1.0358451,1.0160844,1.0425239,1.0226374
1993-08-25,1.0353387,1.0155045,1.0422699,1.0223045
1993-08-26,1.056991,1.036659,1.0547385,1.0344508
1993-08-27,1.0427857,1.0226417,1.046691,1.0264731
1993-08-30,1.0532066,1.0326076,1.0527685,1.0321784
1993-08-31,1.0504851,1.0298538,1.0512544,1.0306084
1993-09-01,1.0505717,1.0298538,1.0513411,1.0306084
1993-09-02,1.0506584,1.0298538,1.0514278,1.0306084
1993-09-03,1.0507444,1.0298538,1.0515139,1.0306084
1993-09-07,1.051083,1.0298538,1.0518527,1.0306084
1993-09-08,1.0511674,1.0298538,1.0519371,1.0306084
1993-09-09,1.0512526,1.0298538,1.0520224,1.0306084
1993-09-10,1.0513384,1.0298538,1.0521083,1.0306084
1993-09-13,1.0515942,1.0298538,1.0523643,1.0306084
1993-09-14,1.0516798,1.0298538,1.0524499,1.0306084
1993-09-15,1.0517659,1.0298538,1.0525361,1.0306084
1993-09-16,1.0518512,1.0298538,1.0526215,1.0306084
1993-09-17,1.0519362,1.0298538,1.0527066,1.0306084
1993-09-20,1.0521913,1.0298538,1.0529618,1.0306084
1993-09-21,1.0522763,1.0298538,1.0530469,1.0306084
1993-09-22,1.0523605,1.0298538,1.0531312,1.0306084
1993-09-23,1.0524447,1.0298538,1.0532154,1.0306084
1993-09-24,1.0524766,1.0298023,1.0530116,1.0303263
1993-09-27,1.0553244,1.0323409,1.0674712,1.0442263
1993-09-28,1.0558511,1.0327738,1.0700063,1.0466229
1993-09-29,1.0544692,1.03134,1.0619616,1.0386708
1993-09-30,1.0534632,1.0302733,1.0560356,1.0327915
1993-10-01,1.0535475,1.0302733,1.0561201,1.0327915
1993-10-04,1.0538004,1.0302733,1.0563736,1.0327915
1993-10-05,1.0538849,1.0302733,1.0564584,1.0327915
1993-10-06,1.0539716,1.0302733,1.0565452,1.0327915
1993-10-07,1.0540576,1.0302733,1.0566315,1.0327915
1993-10-08,1.0541437,1.0302733,1.0567177,1.0327915
1993-10-12,1.0544879,1.0302733,1.0570628,1.0327915
1993-10-13,1.0545749,1.0302733,1.05715,1.0327915
1993-10-14,1.0546624,1.0302733,1.0572378,1.0327915
1993-10-15,1.0547494,1.0302733,1.0573249,1.0327915
1993-10-18,1.0550103,1.0302733,1.0575865,1.0327915
1993-10-19,1.0550976,1.0302733,1.057674,1.0327915
1993-10-20,1.0551861,1.0302733,1.0577627,1.0327915
1993-10-21,1.055274,1.0302733,1.0578508,1.0327915
1993-10-22,1.0553622,1.0302733,1.0579392,1.0327915
1993-10-25,1.0555512,1.0302004,1.0579416,1.0325357
1993-10-26,1.0568614,1.0313934,1.0623168,1.0367198
1993-10-27,1.0566758,1.0311249,1.061439,1.0357755
1993-10-28,1.0576893,1.0320266,1.064777,1.0389451
1993-10-29,1.0571275,1.0313925,1.0625764,1.0367114
1993-11-01,1.0573908,1.0313925,1.0628411,1.0367114
1993-11-02,1.0574794,1.0313925,1.0629302,1.0367114
1993-11-03,1.0575698,1.0313925,1.063021,1.0367114
1993-11-04,1.0576594,1.0313925,1.063111,1.0367114
1993-11-05,1.0577486,1.0313925,1.0632007,1.0367114
1993-11-08,1.0580146,1.0313925,1.0634681,1.0367114
1993-11-09,1.0581033,1.0313925,1.0635573,1.0367114
1993-11-10,1.0581935,1.0313925,1.0636479,1.0367114
1993-11-12,1.0583744,1.0313925,1.0638298,1.0367114
1993-11-15,1.058645,1.0313925,1.0641017,1.0367114
1993-11-16,1.0587352,1.0313925,1.0641924,1.0367114
1993-11-17,1.0588248,1.0313925,1.0642825,1.0367114
1993-11-18,1.0589144,1.0313925,1.0643726,1.0367114
1993-11-19,1.0590046,1.0313925,1.0644632,1.0367114
1993-11-22,1.0592771,1.0313925,1.0647371,1.0367114
1993-11-23,1.0590171,1.0310509,1.0645977,1.0364868
1993-11-24,1.0564387,1.0284525,1.0629338,1.0347782
1993-11-26,1.0652992,1.0369025,1.068828,1.0403394
1993-11-29,1.068801,1.0400458,1.0712207,1.0424023
1993-11-30,1.058765,1.0301909,1.0646728,1.0359415
1993-12-01,1.0588561,1.0301909,1.0647644,1.0359415
1993-12-02,1.0589466,1.0301909,1.0648554,1.0359415
1993-12-03,1.0590368,1.0301909,1.0649461,1.0359415
1993-12-06,1.0593075,1.0301909,1.0652183,1.0359415
1993-12-07,1.0593972,1.0301909,1.0653085,1.0359415
1993-12-08,1.0594869,1.0301909,1.0653987,1.0359415
1993-12-09,1.0595763,1.0301909,1.0654886,1.0359415
1993-12-10,1.0596651,1.0301909,1.0655779,1.0359415
1993-12-13,1.0599308,1.0301909,1.0658451,1.0359415
1993-12-14,1.0600193,1.0301909,1.0659341,1.0359415
1993-12-15,1.0601076,1.0301909,1.0660229,1.0359415
1993-12-16,1.0601956,1.0301909,1.0661114,1.0359415
1993-12-17,1.0602836,1.0301909,1.0661999,1.0359415
1993-12-20,1.0605477,1.0301909,1.0664654,1.0359415
1993-12-21,1.0606363,1.0301909,1.0665545,1.0359415
1993-12-22,1.0607255,1.0301909,1.0666442,1.0359415
1993-12-23,1.0608144,1.0301909,1.0667337,1.0359415
1993-12-27,1.0611161,1.0301384,1.066831,1.0356886
1993-12-28,1.0612254,1.0301581,1.0670181,1.0357835
1993-12-29,1.0609026,1.0297585,1.0651236,1.0338576
1993-12-30,1.0592899,1.0281082,1.0570305,1.0259167
1993-12-31,1.0591294,1.0278685,1.0559354,1.0247701
1994-01-03,1.0593914,1.0278685,1.0561966,1.0247701
1994-01-04,1.0594794,1.0278685,1.0562843,1.0247701
1994-01-05,1.0595688,1.0278685,1.0563734,1.0247701
1994-01-06,1.0596579,1.0278685,1.0564623,1.0247701
1994-01-07,1.0597465,1.0278685,1.0565505,1.0247701
1994-01-10,1.0600086,1.0278685,1.0568119,1.0247701
1994-01-11,1.0600955,1.0278685,1.0568985,1.0247701
1994-01-12,1.060182,1.0278685,1.0569848,1.0247701
1994-01-13,1.060268,1.0278685,1.0570705,1.0247701
1994-01-14,1.0603537,1.0278685,1.0571559,1.0247701
1994-01-18,1.0606988,1.0278685,1.0575,1.0247701
1994-01-19,1.0607848,1.0278685,1.0575858,1.0247701
1994-01-20,1.0608711,1.0278685,1.0576718,1.0247701
1994-01-21,1.0609569,1.0278685,1.0577573,1.0247701
1994-01-24,1.0612141,1.0278685,1.0580138,1.0247701
1994-01-25,1.0612344,1.0278056,1.0578595,1.0245384
1994-01-26,1.0616054,1.0280824,1.058998,1.0255588
1994-01-27,1.0627573,1.0291157,1.063019,1.0293708
1994-01-28,1.0641736,1.0304048,1.0680286,1.0341394
1994-01-31,1.0639187,1.0299099,1.0663885,1.0323024
1994-02-01,1.064005,1.0299099,1.066475,1.0323024
1994-02-02,1.0640933,1.0299099,1.0665635,1.0323024
1994-02-03,1.0641825,1.0299099,1.066653,1.0323024
1994-02-04,1.0642738,1.0299099,1.0667444,1.0323024
1994-02-07,1.0645563,1.0299099,1.0670276,1.0323024
1994-02-08,1.0646502,1.0299099,1.0671218,1.0323024
1994-02-09,1.064745,1.0299099,1.0672168,1.0323024
1994-02-10,1.0648399,1.0299099,1.0673118,1.0323024
1994-02-11,1.064935,1.0299099,1.0674071,1.0323024
1994-02-14,1.0652203,1.0299099,1.0676931,1.0323024
1994-02-15,1.0653154,1.0299099,1.0677885,1.0323024
1994-02-16,1.0654109,1.0299099,1.0678842,1.0323024
1994-02-17,1.0655063,1.0299099,1.0679798,1.0323024
1994-02-18,1.0656021,1.0299099,1.0680758,1.0323024
1994-02-22,1.0654863,1.0294266,1.0682103,1.0320602
1994-02-23,1.0498432,1.0142201,1.0604169,1.0244375
1994-02-24,1.0325416,0.99741175,1.0517281,1.0159486
1994-02-25,1.0347579,0.99946081,1.0529052,1.0169922
1994-02-28,1.0467422,1.0107595,1.0591483,1.0227406
1994-03-01,1.0468386,1.0107595,1.0592458,1.0227406
1994-03-02,1.046939,1.0107595,1.0593474,1.0227406
1994-03-03,1.0470385,1.0107595,1.0594481,1.0227406
1994-03-04,1.0471383,1.0107595,1.0595491,1.0227406
1994-03-07,1.0474421,1.0107595,1.0598565,1.0227406
1994-03-08,1.0475431,1.0107595,1.0599587,1.0227406
1994-03-09,1.047645,1.0107595,1.0600618,1.0227406
1994-03-10,1.0477464,1.0107595,1.0601643,1.0227406
1994-03-11,1.0478465,1.0107595,1.0602657,1.0227406
1994-03-14,1.0481471,1.0107595,1.0605698,1.0227406
1994-03-15,1.0482488,1.0107595,1.0606727,1.0227406
1994-03-16,1.0483516,1.0107595,1.0607767,1.0227406
1994-03-17,1.048453,1.0107595,1.0608793,1.0227406
1994-03-18,1.0485526,1.0107595,1.0609802,1.0227406
1994-03-21,1.0488526,1.0107595,1.0612837,1.0227406
1994-03-22,1.0489537,1.0107595,1.061386,1.0227406
1994-03-23,1.0490549,1.0107595,1.0614884,1.0227406
1994-03-24,1.0491543,1.0107595,1.061589,1.0227406
1994-03-25,1.0492535,1.0107595,1.0614755,1.0225347
1994-03-28,1.0495536,1.0107595,1.0603653,1.0211727
1994-03-29,1.0496542,1.0107595,1.0537633,1.0147168
1994-03-30,1.0497552,1.0107595,1.0480685,1.0091355
1994-03-31,1.0498555,1.0107595,1.0488973,1.009837
1994-04-04,1.0502559,1.0107595,1.0492974,1.009837
1994-04-05,1.050361,1.0107595,1.0494023,1.009837
1994-04-06,1.0504663,1.0107595,1.0495075,1.009837
1994-04-07,1.0505696,1.0107595,1.0496107,1.009837
1994-04-08,1.0506712,1.0107595,1.0497122,1.009837
1994-04-11,1.0509786,1.0107595,1.0500194,1.009837
1994-04-12,1.0510806,1.0107595,1.0501212,1.009837
1994-04-13,1.0511831,1.0107595,1.0502237,1.009837
1994-04-14,1.0512856,1.0107595,1.0503261,1.009837
1994-04-15,1.0513887,1.0107595,1.0504291,1.009837
1994-04-18,1.0516989,1.0107595,1.0507391,1.009837
1994-04-19,1.0518056,1.0107595,1.0508456,1.009837
1994-04-20,1.0519133,1.0107595,1.0509532,1.009837
1994-04-21,1.0520211,1.0107595,1.0510609,1.009837
1994-04-22,1.0520892,1.0107213,1.0510135,1.009688
1994-04-25,1.053586,1.0118477,1.0559114,1.014082
1994-04-26,1.0537128,1.0118653,1.0560917,1.0141507
1994-04-28,1.0511197,1.00916,1.0452909,1.0035633
1994-04-29,1.0508945,1.0088363,1.0440932,1.0023064
1994-05-02,1.0512288,1.0088363,1.0444253,1.0023064
1994-05-03,1.0513417,1.0088363,1.0445375,1.0023064
1994-05-04,1.0514575,1.0088363,1.0446525,1.0023064
1994-05-05,1.0515742,1.0088363,1.0447684,1.0023064
1994-05-06,1.0516903,1.0088363,1.0448838,1.0023064
1994-05-09,1.0520516,1.0088363,1.0452428,1.0023064
1994-05-10,1.0521741,1.0088363,1.0453645,1.0023064
1994-05-11,1.0522963,1.0088363,1.0454859,1.0023064
1994-05-12,1.052418,1.0088363,1.0456068,1.0023064
1994-05-13,1.0525371,1.0088363,1.0457251,1.0023064
1994-05-16,1.0528935,1.0088363,1.0460792,1.0023064
1994-05-17,1.0530132,1.0088363,1.0461981,1.0023064
1994-05-18,1.0531344,1.0088363,1.0463185,1.0023064
1994-05-19,1.0532553,1.0088363,1.0464386,1.0023064
1994-05-20,1.0533744,1.0088363,1.046557,1.0023064
1994-05-23,1.0537337,1.0088363,1.046914,1.0023064
1994-05-24,1.0536326,1.0086245,1.0469026,1.0021813
1994-05-25,1.0565095,1.0112619,1.0486514,1.0037394
1994-05-26,1.0611804,1.0156169,1.0514566,1.0063096
1994-05-27,1.0587191,1.0131456,1.0500552,1.0048537
1994-05-31,1.0549284,1.009054,1.0480147,1.0024408
1994-06-01,1.0550487,1.009054,1.0481342,1.0024408
1994-06-02,1.0551695,1.009054,1.0482542,1.0024408
1994-06-03,1.0552889,1.009054,1.0483728,1.0024408
1994-06-06,1.0556462,1.009054,1.0487278,1.0024408
1994-06-07,1.0557645,1.009054,1.0488454,1.0024408
1994-06-08,1.0558837,1.009054,1.0489638,1.0024408
1994-06-09,1.0560026,1.009054,1.0490819,1.0024408
1994-06-10,1.0561218,1.009054,1.0492003,1.0024408
1994-06-13,1.0564786,1.009054,1.0495547,1.0024408
1994-06-14,1.0565978,1.009054,1.0496732,1.0024408
1994-06-15,1.0567168,1.009054,1.0497914,1.0024408
1994-06-16,1.0568364,1.009054,1.0499102,1.0024408
1994-06-17,1.0569554,1.009054,1.0500284,1.0024408
1994-06-20,1.0573133,1.009054,1.050384,1.0024408
1994-06-21,1.0574326,1.009054,1.0505025,1.0024408
1994-06-22,1.0575543,1.009054,1.0506234,1.0024408
1994-06-23,1.0576754,1.009054,1.0507437,1.0024408
1994-06-24,1.0577957,1.009054,1.0507301,1.0023138
1994-06-27,1.0581582,1.009054,1.0534046,1.0045215
1994-06-28,1.0582782,1.009054,1.0493227,1.0005151
1994-06-29,1.0583994,1.009054,1.0505663,1.0015863
1994-06-30,1.0585198,1.009054,1.0453201,0.99647078
1994-07-01,1.0586401,1.009054,1.0454389,0.99647078
1994-07-05,1.0591274,1.009054,1.0459201,0.99647078
1994-07-06,1.0592496,1.009054,1.0460408,0.99647078
1994-07-07,1.0593738,1.009054,1.0461634,0.99647078
1994-07-08,1.0594971,1.009054,1.0462852,0.99647078
1994-07-11,1.0598777,1.009054,1.046661,0.99647078
1994-07-12,1.0600063,1.009054,1.0467881,0.99647078
1994-07-13,1.0601355,1.009054,1.0469157,0.99647078
1994-07-14,1.0602636,1.009054,1.0470422,0.99647078
1994-07-15,1.0603885,1.009054,1.0471655,0.99647078
1994-07-18,1.0607598,1.009054,1.0475322,0.99647078
1994-07-19,1.060883,1.009054,1.0476539,0.99647078
1994-07-20,1.0610069,1.009054,1.0477762,0.99647078
1994-07-21,1.0611318,1.009054,1.0478996,0.99647078
1994-07-22,1.0612577,1.009054,1.0480239,0.99647078
1994-07-25,1.0615916,1.0090082,1.0482403,0.99631778
1994-07-26,1.0615471,1.0088448,1.047792,0.9957722
1994-07-27,1.0605428,1.0077685,1.0441391,0.9921803
1994-07-28,1.0616553,1.0087024,1.0475385,0.99528929
1994-07-29,1.0650563,1.0118116,1.0585829,1.0056623
1994-08-01,1.06543,1.0118116,1.0589545,1.0056623
1994-08-02,1.065555,1.0118116,1.0590786,1.0056623
1994-08-03,1.0656814,1.0118116,1.0592043,1.0056623
1994-08-04,1.0658078,1.0118116,1.0593299,1.0056623
1994-08-05,1.065934,1.0118116,1.0594553,1.0056623
1994-08-08,1.0663247,1.0118116,1.0598437,1.0056623
1994-08-09,1.0664553,1.0118116,1.0599735,1.0056623
1994-08-10,1.0665853,1.0118116,1.0601027,1.0056623
1994-08-11,1.0667133,1.0118116,1.0602299,1.0056623
1994-08-12,1.0668401,1.0118116,1.060356,1.0056623
1994-08-15,1.0672242,1.0118116,1.0607377,1.0056623
1994-08-16,1.0673543,1.0118116,1.060867,1.0056623
1994-08-17,1.0674894,1.0118116,1.0610013,1.0056623
1994-08-18,1.0676231,1.0118116,1.0611342,1.0056623
1994-08-19,1.0677573,1.0118116,1.0612676,1.0056623
1994-08-22,1.0681575,1.0118116,1.0616653,1.0056623
1994-08-23,1.0682904,1.0118116,1.0617974,1.0056623
1994-08-24,1.0684241,1.0118116,1.0619303,1.0056623
1994-08-25,1.0681607,1.0114364,1.0618655,1.0054758
1994-08-26,1.0763951,1.0191071,1.0660248,1.0092886
1994-08-29,1.0772765,1.0195596,1.066661,1.0095127
1994-08-30,1.0839878,1.0257837,1.0700503,1.0125941
1994-08-31,1.0854933,1.0270794,1.0708607,1.0132336
1994-09-01,1.0856289,1.0270794,1.0709945,1.0132336
1994-09-02,1.0857643,1.0270794,1.071128,1.0132336
1994-09-06,1.0863057,1.0270794,1.0716621,1.0132336
1994-09-07,1.0864411,1.0270794,1.0717957,1.0132336
1994-09-08,1.0865762,1.0270794,1.071929,1.0132336
1994-09-09,1.0867117,1.0270794,1.0720626,1.0132336
1994-09-12,1.0871207,1.0270794,1.0724662,1.0132336
1994-09-13,1.0872574,1.0270794,1.072601,1.0132336
1994-09-14,1.0873945,1.0270794,1.0727362,1.0132336
1994-09-15,1.0875309,1.0270794,1.0728708,1.0132336
1994-09-16,1.0876674,1.0270794,1.0730054,1.0132336
1994-09-19,1.0880795,1.0270794,1.073412,1.0132336
1994-09-20,1.088216,1.0270794,1.0735467,1.0132336
1994-09-21,1.0883538,1.0270794,1.0736826,1.0132336
1994-09-22,1.0884966,1.0270794,1.0738235,1.0132336
1994-09-23,1.0886394,1.0270794,1.0739644,1.0132336
1994-09-26,1.0890671,1.0270794,1.0742845,1.0131375
1994-09-27,1.0892098,1.0270794,1.0728418,1.0116442
1994-09-28,1.0893503,1.0270794,1.0746515,1.0132201
1994-09-29,1.0894858,1.0270794,1.0719888,1.0105837
1994-09-30,1.0896225,1.0270794,1.0728796,1.0112966
1994-10-03,1.0900408,1.0270794,1.0732914,1.0112966
1994-10-04,1.090182,1.0270794,1.0734305,1.0112966
1994-10-05,1.0903302,1.0270794,1.0735764,1.0112966
1994-10-06,1.0904783,1.0270794,1.0737223,1.0112966
1994-10-07,1.0906268,1.0270794,1.0738685,1.0112966
1994-10-11,1.0912101,1.0270794,1.0744428,1.0112966
1994-10-12,1.0913563,1.0270794,1.0745867,1.0112966
1994-10-13,1.0915055,1.0270794,1.0747336,1.0112966
1994-10-14,1.0916523,1.0270794,1.0748782,1.0112966
1994-10-17,1.0920884,1.0270794,1.0753076,1.0112966
1994-10-18,1.0922335,1.0270794,1.0754505,1.0112966
1994-10-19,1.0923804,1.0270794,1.0755951,1.0112966
1994-10-20,1.0925277,1.0270794,1.0757401,1.0112966
1994-10-21,1.0926773,1.0270794,1.0758875,1.0112966
1994-10-24,1.0931264,1.0270794,1.0763296,1.0112966
1994-10-25,1.0932067,1.0270136,1.0762594,1.0110916
1994-10-26,1.0933883,1.0270418,1.0765021,1.0111794
1994-10-27,1.0935687,1.0270706,1.0767451,1.0112692
1994-10-28,1.0954325,1.0286809,1.0822405,1.0162924
1994-10-31,1.0961845,1.0289635,1.0836279,1.0171768
1994-11-01,1.0963355,1.0289635,1.0837773,1.0171768
1994-11-02,1.0964881,1.0289635,1.0839281,1.0171768
1994-11-03,1.096641,1.0289635,1.0840793,1.0171768
1994-11-04,1.0967943,1.0289635,1.0842307,1.0171768
1994-11-07,1.0972612,1.0289635,1.0846924,1.0171768
1994-11-08,1.0974182,1.0289635,1.0848475,1.0171768
1994-11-09,1.0975754,1.0289635,1.0850029,1.0171768
1994-11-10,1.0977318,1.0289635,1.0851575,1.0171768
1994-11-14,1.0983609,1.0289635,1.0857795,1.0171768
1994-11-15,1.0985198,1.0289635,1.0859365,1.0171768
1994-11-16,1.0986817,1.0289635,1.0860966,1.0171768
1994-11-17,1.0988434,1.0289635,1.0862564,1.0171768
1994-11-18,1.0990044,1.0289635,1.0864156,1.0171768
1994-11-21,1.0994868,1.0289635,1.0868924,1.0171768
1994-11-22,1.0996474,1.0289635,1.0870511,1.0171768
1994-11-23,1.0993516,1.0285363,1.0869392,1.0169232
1994-11-25,1.1018428,1.0305688,1.088544,1.0181299
1994-11-28,1.088254,1.0174109,1.0806718,1.0103242
1994-11-29,1.0760124,1.005816,1.0734359,1.0034101
1994-11-30,1.0830061,1.012201,1.0776904,1.0072351
1994-12-01,1.083171,1.012201,1.0778545,1.0072351
1994-12-02,1.0833357,1.012201,1.0780184,1.0072351
1994-12-05,1.083837,1.012201,1.0785173,1.0072351
1994-12-06,1.0840081,1.012201,1.0786875,1.0072351
1994-12-07,1.0841794,1.012201,1.078858,1.0072351
1994-12-08,1.0843476,1.012201,1.0790253,1.0072351
1994-12-09,1.084516,1.012201,1.0791929,1.0072351
1994-12-12,1.0850205,1.012201,1.079695,1.0072351
1994-12-13,1.0851906,1.012201,1.0798642,1.0072351
1994-12-14,1.0853624,1.012201,1.0800352,1.0072351
1994-12-15,1.0855313,1.012201,1.0802032,1.0072351
1994-12-16,1.0856961,1.012201,1.0803672,1.0072351
1994-12-19,1.0861922,1.012201,1.0808609,1.0072351
1994-12-20,1.0863577,1.012201,1.0810255,1.0072351
1994-12-21,1.0865208,1.012201,1.0811878,1.0072351
1994-12-22,1.0866818,1.012201,1.0813481,1.0072351
1994-12-23,1.0868444,1.012201,1.0812617,1.0070039
1994-12-27,1.087503,1.012201,1.091224,1.0156717
1994-12-28,1.0876678,1.012201,1.0874584,1.012013
1994-12-29,1.0878323,1.012201,1.0857095,1.0102324
1994-12-30,1.0879965,1.012201,1.083717,1.0082259
1995-01-03,1.0886559,1.012201,1.0843738,1.0082259
1995-01-04,1.0888208,1.012201,1.0845381,1.0082259
1995-01-05,1.0889905,1.012201,1.0847071,1.0082259
1995-01-06,1.0891612,1.012201,1.0848771,1.0082259
1995-01-09,1.0896751,1.012201,1.0853889,1.0082259
1995-01-10,1.0898467,1.012201,1.0855599,1.0082259
1995-01-11,1.0900181,1.012201,1.0857306,1.0082259
1995-01-12,1.0901862,1.012201,1.0858981,1.0082259
1995-01-13,1.0903541,1.012201,1.0860653,1.0082259
1995-01-17,1.0910197,1.012201,1.0867283,1.0082259
1995-01-18,1.0911876,1.012201,1.0868956,1.0082259
1995-01-19,1.0913583,1.012201,1.0870656,1.0082259
1995-01-20,1.0915291,1.012201,1.0872357,1.0082259
1995-01-23,1.0920449,1.012201,1.0877495,1.0082259
1995-01-24,1.0922173,1.012201,1.0879212,1.0082259
1995-01-25,1.0922343,1.0120557,1.0878423,1.0079923
1995-01-26,1.0949669,1.0144277,1.0921286,1.0118046
1995-01-27,1.1015119,1.0203309,1.102557,1.0213061
1995-01-30,1.1028032,1.021044,1.1043224,1.0224579
1995-01-31,1.106057,1.0238963,1.1094739,1.027067
1995-02-01,1.1062337,1.0238963,1.1096511,1.027067
1995-02-02,1.1064125,1.0238963,1.1098304,1.027067
1995-02-03,1.1065898,1.0238963,1.1100083,1.027067
1995-02-06,1.1071174,1.0238963,1.1105375,1.027067
1995-02-07,1.1072933,1.0238963,1.1107139,1.027067
1995-02-08,1.1074695,1.0238963,1.1108907,1.027067
1995-02-09,1.1076446,1.0238963,1.1110664,1.027067
1995-02-10,1.10782,1.0238963,1.1112423,1.027067
1995-02-13,1.108349,1.0238963,1.111773,1.027067
1995-02-14,1.1085252,1.0238963,1.1119496,1.027067
1995-02-15,1.108701,1.0238963,1.112126,1.027067
1995-02-16,1.1088763,1.0238963,1.1123018,1.027067
1995-02-17,1.1090491,1.0238963,1.1124752,1.027067
1995-02-21,1.1097419,1.0238963,1.1131701,1.027067
1995-02-22,1.109448,1.0234641,1.1131103,1.0268502
1995-02-23,1.1097324,1.0235669,1.1133397,1.0269018
1995-02-24,1.1118897,1.0253963,1.1145091,1.0278195
1995-02-27,1.1297015,1.0413404,1.1236979,1.0358104
1995-02-28,1.1333403,1.0445315,1.1255957,1.0373974
1995-03-01,1.1335192,1.0445315,1.1257734,1.0373974
1995-03-02,1.133698,1.0445315,1.125951,1.0373974
1995-03-03,1.1338766,1.0445315,1.1261284,1.0373974
1995-03-06,1.1344097,1.0445315,1.1266578,1.0373974
1995-03-07,1.1345881,1.0445315,1.126835,1.0373974
1995-03-08,1.1347678,1.0445315,1.1270134,1.0373974
1995-03-09,1.1349472,1.0445315,1.1271916,1.0373974
1995-03-10,1.1351253,1.0445315,1.1273686,1.0373974
1995-03-13,1.1356637,1.0445315,1.1279032,1.0373974
1995-03-14,1.1358429,1.0445315,1.1280812,1.0373974
1995-03-15,1.1360218,1.0445315,1.1282589,1.0373974
1995-03-16,1.1362005,1.0445315,1.1284363,1.0373974
1995-03-17,1.1363792,1.0445315,1.1286138,1.0373974
1995-03-20,1.1369153,1.0445315,1.1291463,1.0373974
1995-03-21,1.1370938,1.0445315,1.1293235,1.0373974
1995-03-22,1.1372726,1.0445315,1.1295011,1.0373974
1995-03-23,1.1374511,1.0445315,1.1296784,1.0373974
1995-03-24,1.1376291,1.0445315,1.1298552,1.0373974
1995-03-27,1.1381239,1.044499,1.1302582,1.0372841
1995-03-28,1.13676,1.0430854,1.1250514,1.0323447
1995-03-29,1.1369451,1.043092,1.1252526,1.0323678
1995-03-30,1.1368481,1.0428413,1.1244755,1.0314948
1995-03-31,1.1367173,1.0425584,1.1235778,1.0305102
1995-04-03,1.1372498,1.0425584,1.1241042,1.0305102
1995-04-04,1.1374274,1.0425584,1.1242797,1.0305102
1995-04-05,1.137606,1.0425584,1.1244562,1.0305102
1995-04-06,1.1377836,1.0425584,1.1246318,1.0305102
1995-04-07,1.1379604,1.0425584,1.1248065,1.0305102
1995-04-10,1.1384916,1.0425584,1.1253316,1.0305102
1995-04-11,1.1386678,1.0425584,1.1255058,1.0305102
1995-04-12,1.1388444,1.0425584,1.1256804,1.0305102
1995-04-13,1.1390204,1.0425584,1.1258543,1.0305102
1995-04-17,1.1397169,1.0425584,1.1265428,1.0305102
1995-04-18,1.1398924,1.0425584,1.1267162,1.0305102
1995-04-19,1.1400676,1.0425584,1.1268894,1.0305102
1995-04-20,1.1402431,1.0425584,1.1270629,1.0305102
1995-04-21,1.1404181,1.0425584,1.1272358,1.0305102
1995-04-24,1.1407796,1.0424073,1.127497,1.0302729
1995-04-25,1.1409876,1.0424369,1.1277215,1.0303194
1995-04-26,1.141196,1.0424654,1.1279456,1.0303641
1995-04-27,1.1394227,1.0406835,1.1250581,1.0275664
1995-04-28,1.1374905,1.0387566,1.1219241,1.0245438
1995-05-01,1.1380225,1.0387566,1.1224488,1.0245438
1995-05-02,1.1382005,1.0387566,1.1226244,1.0245438
1995-05-03,1.1383786,1.0387566,1.1228,1.0245438
1995-05-04,1.1385551,1.0387566,1.1229741,1.0245438
1995-05-05,1.1387298,1.0387566,1.1231464,1.0245438
1995-05-08,1.1392511,1.0387566,1.1236606,1.0245438
1995-05-09,1.1394253,1.0387566,1.1238324,1.0245438
1995-05-10,1.139601,1.0387566,1.1240057,1.0245438
1995-05-11,1.1397771,1.0387566,1.1241794,1.0245438
1995-05-12,1.1399539,1.0387566,1.1243537,1.0245438
1995-05-15,1.140487,1.0387566,1.1248796,1.0245438
1995-05-16,1.1406651,1.0387566,1.1250552,1.0245438
1995-05-17,1.1408429,1.0387566,1.1252306,1.0245438
1995-05-18,1.1410204,1.0387566,1.1254057,1.0245438
1995-05-19,1.1411983,1.0387566,1.1255811,1.0245438
1995-05-22,1.141732,1.0387566,1.1261076,1.0245438
1995-05-23,1.1419106,1.0387566,1.1262837,1.0245438
1995-05-24,1.1415386,1.0382551,1.1261887,1.0242965
1995-05-25,1.1528155,1.0483498,1.131839,1.0292759
1995-05-26,1.1508172,1.04637,1.1309458,1.0283041
1995-05-30,1.1740945,1.0668857,1.1427343,1.0383848
1995-05-31,1.1737566,1.0664135,1.1426583,1.038155
1995-06-01,1.1739376,1.0664135,1.1428345,1.038155
1995-06-02,1.1741145,1.0664135,1.1430067,1.038155
1995-06-05,1.1746376,1.0664135,1.1435159,1.038155
1995-06-06,1.1748149,1.0664135,1.1436886,1.038155
1995-06-07,1.1749926,1.0664135,1.1438615,1.038155
1995-06-08,1.1751719,1.0664135,1.1440361,1.038155
1995-06-09,1.1753519,1.0664135,1.1442113,1.038155
1995-06-12,1.1758928,1.0664135,1.1447379,1.038155
1995-06-13,1.176072,1.0664135,1.1449123,1.038155
1995-06-14,1.1762472,1.0664135,1.1450829,1.038155
1995-06-15,1.1764226,1.0664135,1.1452536,1.038155
1995-06-16,1.1765992,1.0664135,1.1454256,1.038155
1995-06-19,1.1771301,1.0664135,1.1459424,1.038155
1995-06-20,1.1773062,1.0664135,1.1461138,1.038155
1995-06-21,1.1774829,1.0664135,1.1462859,1.038155
1995-06-22,1.1776581,1.0664135,1.1464564,1.038155
1995-06-23,1.1778314,1.0664135,1.1466251,1.038155
1995-06-26,1.17828,1.0663481,1.1469062,1.0379504
1995-06-27,1.1773081,1.065311,1.1434881,1.0347038
1995-06-28,1.1789327,1.0666229,1.1481868,1.0388018
1995-06-29,1.1739546,1.0619613,1.1322175,1.0242002
1995-06-30,1.1760711,1.0637158,1.1384045,1.0296426
1995-07-03,1.176597,1.0637158,1.1389135,1.0296426
1995-07-05,1.176949,1.0637158,1.1392542,1.0296426
1995-07-06,1.1771267,1.0637158,1.1394262,1.0296426
1995-07-07,1.1772998,1.0637158,1.1395938,1.0296426
1995-07-10,1.1778204,1.0637158,1.1400977,1.0296426
1995-07-11,1.1779934,1.0637158,1.1402652,1.0296426
1995-07-12,1.1781673,1.0637158,1.1404336,1.0296426
1995-07-13,1.178341,1.0637158,1.1406017,1.0296426
1995-07-14,1.178515,1.0637158,1.1407701,1.0296426
1995-07-17,1.179041,1.0637158,1.1412792,1.0296426
1995-07-18,1.179217,1.0637158,1.1414496,1.0296426
1995-07-19,1.1793928,1.0637158,1.1416197,1.0296426
1995-07-20,1.1795676,1.0637158,1.141789,1.0296426
1995-07-21,1.1797431,1.0637158,1.1419588,1.0296426
1995-07-24,1.1802706,1.0637158,1.1424694,1.0296426
1995-07-25,1.1803233,1.0636048,1.1424577,1.0294786
1995-07-26,1.1780589,1.0614056,1.1390221,1.026229
1995-07-27,1.1807099,1.0636353,1.1428451,1.0295199
1995-07-28,1.177954,1.060995,1.1386838,1.0256187
1995-07-31,1.1803731,1.0627012,1.1419864,1.0281365
1995-08-01,1.1805484,1.0627012,1.142156,1.0281365
1995-08-02,1.1807243,1.0627012,1.1423263,1.0281365
1995-08-03,1.1808996,1.0627012,1.1424959,1.0281365
1995-08-04,1.181075,1.0627012,1.1426655,1.0281365
1995-08-07,1.1816002,1.0627012,1.1431736,1.0281365
1995-08-08,1.181775,1.0627012,1.1433428,1.0281365
1995-08-09,1.1819492,1.0627012,1.1435113,1.0281365
1995-08-10,1.1821237,1.0627012,1.1436801,1.0281365
1995-08-11,1.1822986,1.0627012,1.1438493,1.0281365
1995-08-14,1.1828253,1.0627012,1.1443589,1.0281365
1995-08-15,1.1830013,1.0627012,1.1445292,1.0281365
1995-08-16,1.1831779,1.0627012,1.1447,1.0281365
1995-08-17,1.1833539,1.0627012,1.1448703,1.0281365
1995-08-18,1.1835303,1.0627012,1.145041,1.0281365
1995-08-21,1.1840595,1.0627012,1.1455529,1.0281365
1995-08-22,1.1842363,1.0627012,1.145724,1.0281365
1995-08-23,1.1844134,1.0627012,1.1458954,1.0281365
1995-08-24,1.1845896,1.0627012,1.1460659,1.0281365
1995-08-25,1.1843565,1.0623361,1.1460373,1.0279598
1995-08-28,1.1915682,1.0683384,1.1497779,1.0308639
1995-08-29,1.188521,1.0654509,1.1483914,1.0294708
1995-08-30,1.1936621,1.0699039,1.1509592,1.0316221
1995-08-31,1.2017217,1.0769725,1.1549284,1.0350299
1995-09-01,1.2018959,1.0769725,1.1550957,1.0350299
1995-09-05,1.2025926,1.0769725,1.1557654,1.0350299
1995-09-06,1.2027676,1.0769725,1.1559335,1.0350299
1995-09-07,1.2029429,1.0769725,1.156102,1.0350299
1995-09-08,1.2031189,1.0769725,1.1562711,1.0350299
1995-09-11,1.2036489,1.0769725,1.1567805,1.0350299
1995-09-12,1.2038254,1.0769725,1.1569501,1.0350299
1995-09-13,1.2040005,1.0769725,1.1571184,1.0350299
1995-09-14,1.2041756,1.0769725,1.1572867,1.0350299
1995-09-15,1.2043498,1.0769725,1.1574541,1.0350299
1995-09-18,1.2048745,1.0769725,1.1579584,1.0350299
1995-09-19,1.2050491,1.0769725,1.1581262,1.0350299
1995-09-20,1.2052208,1.0769725,1.1582912,1.0350299
1995-09-21,1.2053918,1.0769725,1.1584556,1.0350299
1995-09-22,1.2055649,1.0769725,1.1586219,1.0350299
1995-09-25,1.2060429,1.0769401,1.1590004,1.0349266
1995-09-26,1.2059312,1.0766857,1.1582579,1.034115
1995-09-27,1.2058212,1.0764315,1.1575178,1.0333043
1995-09-28,1.2062899,1.0766948,1.1586245,1.0341434
1995-09-29,1.2080355,1.0780971,1.1638028,1.0386158
1995-10-02,1.2085558,1.0780971,1.1643041,1.0386158
1995-10-03,1.20873,1.0780971,1.1644719,1.0386158
1995-10-04,1.2089072,1.0780971,1.1646426,1.0386158
1995-10-05,1.209083,1.0780971,1.164812,1.0386158
1995-10-06,1.2092579,1.0780971,1.1649805,1.0386158
1995-10-10,1.2099616,1.0780971,1.1656584,1.0386158
1995-10-11,1.210137,1.0780971,1.1658273,1.0386158
1995-10-12,1.210313,1.0780971,1.1659969,1.0386158
1995-10-13,1.2104888,1.0780971,1.1661663,1.0386158
1995-10-16,1.2110151,1.0780971,1.1666733,1.0386158
1995-10-17,1.2111916,1.0780971,1.1668433,1.0386158
1995-10-18,1.2113665,1.0780971,1.1670118,1.0386158
1995-10-19,1.2115407,1.0780971,1.1671797,1.0386158
1995-10-20,1.211715,1.0780971,1.1673476,1.0386158
1995-10-23,1.2122398,1.0780971,1.1678532,1.0386158
1995-10-24,1.2124149,1.0780971,1.1680218,1.0386158
1995-10-25,1.2123854,1.0779168,1.1678868,1.0383471
1995-10-26,1.2077264,1.07362,1.1608567,1.031948
1995-10-27,1.2087276,1.0743565,1.1622538,1.0330424
1995-10-30,1.2101196,1.0751302,1.1640494,1.0341926
1995-10-31,1.2109207,1.0756864,1.1651488,1.0350198
1995-11-01,1.2110972,1.0756864,1.1653186,1.0350198
1995-11-02,1.2112737,1.0756864,1.1654885,1.0350198
1995-11-03,1.2114499,1.0756864,1.165658,1.0350198
1995-11-06,1.2119786,1.0756864,1.1661668,1.0350198
1995-11-07,1.212156,1.0756864,1.1663374,1.0350198
1995-11-08,1.2123343,1.0756864,1.166509,1.0350198
1995-11-09,1.2125123,1.0756864,1.1666803,1.0350198
1995-11-10,1.2126914,1.0756864,1.1668526,1.0350198
1995-11-13,1.2132316,1.0756864,1.1673724,1.0350198
1995-11-14,1.2134118,1.0756864,1.1675457,1.0350198
1995-11-15,1.2135906,1.0756864,1.1677178,1.0350198
1995-11-16,1.2137698,1.0756864,1.1678903,1.0350198
1995-11-17,1.2139481,1.0756864,1.1680618,1.0350198
1995-11-20,1.2144819,1.0756864,1.1685754,1.0350198
1995-11-21,1.2146599,1.0756864,1.1687467,1.0350198
1995-11-22,1.2148383,1.0756864,1.1689183,1.0350198
1995-11-24,1.2145145,1.0750838,1.1689228,1.0347197
1995-11-27,1.2233685,1.0824512,1.1735789,1.0383889
1995-11-28,1.2235933,1.0824917,1.1737733,1.038409
1995-11-29,1.2320634,1.0898258,1.1780611,1.0420495
1995-11-30,1.2566139,1.1113826,1.190291,1.052715
1995-12-01,1.256797,1.1113826,1.1904645,1.052715
1995-12-04,1.2573435,1.1113826,1.1909821,1.052715
1995-12-05,1.2575264,1.1113826,1.1911554,1.052715
1995-12-06,1.2577094,1.1113826,1.1913287,1.052715
1995-12-07,1.2578927,1.1113826,1.1915023,1.052715
1995-12-08,1.2580767,1.1113826,1.1916766,1.052715
1995-12-11,1.2586289,1.1113826,1.1921997,1.052715
1995-12-12,1.2588127,1.1113826,1.1923738,1.052715
1995-12-13,1.2589937,1.1113826,1.1925453,1.052715
1995-12-14,1.2591752,1.1113826,1.1927171,1.052715
1995-12-15,1.2593566,1.1113826,1.192889,1.052715
1995-12-18,1.2598949,1.1113826,1.1933989,1.052715
1995-12-19,1.2600744,1.1113826,1.1935689,1.052715
1995-12-20,1.2602501,1.1113826,1.1937353,1.052715
1995-12-21,1.2604227,1.1113826,1.1938988,1.052715
1995-12-22,1.2604824,1.1112858,1.1936902,1.0523894
1995-12-26,1.262085,1.1121019,1.1974423,1.0551323
1995-12-27,1.2635878,1.1132781,1.202096,1.0590924
1995-12-28,1.2650945,1.1144561,1.2067717,1.0630697
1995-12-29,1.2673816,1.116323,1.214106,1.0693896
1996-01-02,1.2680705,1.116323,1.2147659,1.0693896
1996-01-03,1.2682431,1.116323,1.2149313,1.0693896
1996-01-04,1.2684186,1.116323,1.2150994,1.0693896
1996-01-05,1.2685938,1.116323,1.2152672,1.0693896
1996-01-08,1.2691182,1.116323,1.2157696,1.0693896
1996-01-09,1.2692931,1.116323,1.2159372,1.0693896
1996-01-10,1.2694673,1.116323,1.2161041,1.0693896
1996-01-11,1.2696426,1.116323,1.216272,1.0693896
1996-01-12,1.2698179,1.116323,1.2164399,1.0693896
1996-01-16,1.2705207,1.116323,1.2171131,1.0693896
1996-01-17,1.2706947,1.116323,1.2172799,1.0693896
1996-01-18,1.2708685,1.116323,1.2174463,1.0693896
1996-01-19,1.2710412,1.116323,1.2176117,1.0693896
1996-01-22,1.2715593,1.116323,1.2181081,1.0693896
1996-01-23,1.2717328,1.116323,1.2182743,1.0693896
1996-01-24,1.271906,1.116323,1.2184402,1.0693896
1996-01-25,1.2719627,1.1162208,1.2184307,1.0692357
1996-01-26,1.2744823,1.1182799,1.2221293,1.0723358
1996-01-29,1.2731658,1.1166679,1.2198597,1.0699063
1996-01-30,1.2761583,1.1191397,1.2242706,1.0736285
1996-01-31,1.2776346,1.1202813,1.2264008,1.0753498
1996-02-01,1.2778065,1.1202813,1.2265658,1.0753498
1996-02-02,1.2779777,1.1202813,1.2267301,1.0753498
1996-02-05,1.2784871,1.1202813,1.2272191,1.0753498
1996-02-06,1.2786574,1.1202813,1.2273825,1.0753498
1996-02-07,1.2788269,1.1202813,1.2275453,1.0753498
1996-02-08,1.2789951,1.1202813,1.2277067,1.0753498
1996-02-09,1.2791626,1.1202813,1.2278675,1.0753498
1996-02-12,1.2796662,1.1202813,1.2283509,1.0753498
1996-02-13,1.2798345,1.1202813,1.2285124,1.0753498
1996-02-14,1.2800024,1.1202813,1.2286737,1.0753498
1996-02-15,1.2801708,1.1202813,1.2288352,1.0753498
1996-02-16,1.2803384,1.1202813,1.2289962,1.0753498
1996-02-20,1.2810063,1.1202813,1.2296373,1.0753498
1996-02-21,1.2811758,1.1202813,1.2298,1.0753498
1996-02-22,1.281345,1.1202813,1.2299624,1.0753498
1996-02-23,1.2809524,1.1197905,1.229855,1.0751142
1996-02-26,1.2727643,1.112188,1.2261684,1.0714646
1996-02-27,1.2619171,1.1025615,1.2210248,1.0668276
1996-02-28,1.2511902,1.0930418,1.2159168,1.062222
1996-02-29,1.2465488,1.088841,1.2137428,1.0601808
1996-03-01,1.2467158,1.088841,1.2139054,1.0601808
1996-03-04,1.2472138,1.088841,1.2143903,1.0601808
1996-03-05,1.2473809,1.088841,1.214553,1.0601808
1996-03-06,1.247548,1.088841,1.2147157,1.0601808
1996-03-07,1.2477155,1.088841,1.2148788,1.0601808
1996-03-08,1.247883,1.088841,1.2150419,1.0601808
1996-03-11,1.2483835,1.088841,1.2155292,1.0601808
1996-03-12,1.2485532,1.088841,1.2156944,1.0601808
1996-03-13,1.2487228,1.088841,1.2158596,1.0601808
1996-03-14,1.2488925,1.088841,1.2160248,1.0601808
1996-03-15,1.2490629,1.088841,1.2161907,1.0601808
1996-03-18,1.2495773,1.088841,1.2166915,1.0601808
1996-03-19,1.2497495,1.088841,1.2168592,1.0601808
1996-03-20,1.2499224,1.088841,1.2170276,1.0601808
1996-03-21,1.2500943,1.088841,1.217195,1.0601808
1996-03-22,1.2502635,1.088841,1.2173597,1.0601808
1996-03-25,1.2506873,1.0887652,1.2177557,1.0600926
1996-03-26,1.2512202,1.0890821,1.2183443,1.0604619
1996-03-27,1.2482864,1.0863793,1.2148922,1.0573118
1996-03-28,1.2460608,1.0842927,1.2122666,1.054881
1996-03-29,1.2485796,1.0863345,1.2151666,1.0572586
1996-04-01,1.2490927,1.0863345,1.215666,1.0572586
1996-04-02,1.2492649,1.0863345,1.2158335,1.0572586
1996-04-03,1.2494367,1.0863345,1.2160007,1.0572586
1996-04-04,1.2496082,1.0863345,1.2161676,1.0572586
1996-04-05,1.2497787,1.0863345,1.2163336,1.0572586
1996-04-08,1.2502943,1.0863345,1.2168354,1.0572586
1996-04-09,1.2504663,1.0863345,1.2170028,1.0572586
1996-04-10,1.2506366,1.0863345,1.2171685,1.0572586
1996-04-11,1.2508062,1.0863345,1.2173336,1.0572586
1996-04-12,1.2509758,1.0863345,1.2174987,1.0572586
1996-04-15,1.2514837,1.0863345,1.217993,1.0572586
1996-04-16,1.2516507,1.0863345,1.2181555,1.0572586
1996-04-17,1.251816,1.0863345,1.2183164,1.0572586
1996-04-18,1.2519816,1.0863345,1.2184776,1.0572586
1996-04-19,1.252148,1.0863345,1.2186395,1.0572586
1996-04-22,1.2526502,1.0863345,1.2191283,1.0572586
1996-04-23,1.2528177,1.0863345,1.2192913,1.0572586
1996-04-24,1.2529628,1.0863124,1.2192748,1.0571004
1996-04-25,1.2532421,1.0864057,1.2202125,1.0577685
1996-04-26,1.2536224,1.0865878,1.2218826,1.0590725
1996-04-29,1.253643,1.0861608,1.218851,1.0560114
1996-04-30,1.2530837,1.0855275,1.2137897,1.0514817
1996-05-01,1.2532557,1.0855275,1.2139563,1.0514817
1996-05-02,1.2534267,1.0855275,1.214122,1.0514817
1996-05-03,1.2535981,1.0855275,1.2142879,1.0514817
1996-05-06,1.2541132,1.0855275,1.214787,1.0514817
1996-05-07,1.2542847,1.0855275,1.214953,1.0514817
1996-05-08,1.2544569,1.0855275,1.2151198,1.0514817
1996-05-09,1.2546287,1.0855275,1.2152863,1.0514817
1996-05-10,1.2548002,1.0855275,1.2154524,1.0514817
1996-05-13,1.2553149,1.0855275,1.2159509,1.0514817
1996-05-14,1.2554875,1.0855275,1.2161181,1.0514817
1996-05-15,1.2556598,1.0855275,1.2162851,1.0514817
1996-05-16,1.2558318,1.0855275,1.2164517,1.0514817
1996-05-17,1.2560042,1.0855275,1.2166187,1.0514817
1996-05-20,1.2565214,1.0855275,1.2171196,1.0514817
1996-05-21,1.2566942,1.0855275,1.217287,1.0514817
1996-05-22,1.2568678,1.0855275,1.2174551,1.0514817
1996-05-23,1.2570413,1.0855275,1.2176232,1.0514817
1996-05-24,1.2568716,1.085231,1.2176055,1.0513212
1996-05-28,1.2551379,1.0831347,1.2169634,1.050186
1996-05-29,1.2417571,1.071438,1.2097857,1.0438471
1996-05-30,1.2406637,1.0703466,1.209264,1.0432527
1996-05-31,1.2311808,1.0620178,1.2041714,1.0387152
1996-06-03,1.2316909,1.0620178,1.2046702,1.0387152
1996-06-04,1.2318623,1.0620178,1.2048379,1.0387152
1996-06-05,1.2320337,1.0620178,1.2050056,1.0387152
1996-06-06,1.2322052,1.0620178,1.2051733,1.0387152
1996-06-07,1.2323764,1.0620178,1.2053407,1.0387152
1996-06-10,1.232895,1.0620178,1.2058479,1.0387152
1996-06-11,1.2330689,1.0620178,1.206018,1.0387152
1996-06-12,1.2332422,1.0620178,1.2061876,1.0387152
1996-06-13,1.2334152,1.0620178,1.2063567,1.0387152
1996-06-14,1.2335876,1.0620178,1.2065253,1.0387152
1996-06-17,1.2341016,1.0620178,1.2070281,1.0387152
1996-06-18,1.2342724,1.0620178,1.2071951,1.0387152
1996-06-19,1.2344438,1.0620178,1.2073628,1.0387152
1996-06-20,1.234616,1.0620178,1.2075311,1.0387152
1996-06-21,1.2347891,1.0620178,1.2077005,1.0387152
1996-06-24,1.2352416,1.06196,1.2079828,1.0385209
1996-06-25,1.2362398,1.0626689,1.2109262,1.0409054
1996-06-26,1.2364301,1.062684,1.2111544,1.0409561
1996-06-27,1.2387825,1.0645574,1.2186675,1.0472679
1996-06-28,1.2416243,1.0668519,1.2278707,1.0550316
1996-07-01,1.2421386,1.0668519,1.2283793,1.0550316
1996-07-02,1.2423115,1.0668519,1.2285503,1.0550316
1996-07-03,1.2424878,1.0668519,1.2287246,1.0550316
1996-07-05,1.242835,1.0668519,1.229068,1.0550316
1996-07-08,1.2433621,1.0668519,1.2295893,1.0550316
1996-07-09,1.2435379,1.0668519,1.2297631,1.0550316
1996-07-10,1.243715,1.0668519,1.2299383,1.0550316
1996-07-11,1.2438905,1.0668519,1.2301118,1.0550316
1996-07-12,1.244065,1.0668519,1.2302844,1.0550316
1996-07-15,1.2445906,1.0668519,1.2308041,1.0550316
1996-07-16,1.2447662,1.0668519,1.2309778,1.0550316
1996-07-17,1.2449411,1.0668519,1.2311508,1.0550316
1996-07-18,1.2451158,1.0668519,1.2313235,1.0550316
1996-07-19,1.2452901,1.0668519,1.2314959,1.0550316
1996-07-22,1.2458162,1.0668519,1.2320162,1.0550316
1996-07-23,1.245992,1.0668519,1.23219,1.0550316
1996-07-24,1.2461681,1.0668519,1.2323642,1.0550316
1996-07-25,1.2461576,1.0666918,1.2323132,1.0548385
1996-07-26,1.2478767,1.0680128,1.2343486,1.0564319
1996-07-29,1.2425683,1.0630175,1.2278289,1.0504048
1996-07-30,1.245772,1.0656065,1.2316518,1.0535253
1996-07-31,1.2525584,1.0712596,1.2397973,1.0603428
1996-08-01,1.2527361,1.0712596,1.2399733,1.0603428
1996-08-02,1.2529115,1.0712596,1.2401469,1.0603428
1996-08-05,1.2534336,1.0712596,1.2406637,1.0603428
1996-08-06,1.2536071,1.0712596,1.2408353,1.0603428
1996-08-07,1.2537805,1.0712596,1.241007,1.0603428
1996-08-08,1.2539536,1.0712596,1.2411784,1.0603428
1996-08-09,1.2541257,1.0712596,1.2413487,1.0603428
1996-08-12,1.2546422,1.0712596,1.2418599,1.0603428
1996-08-13,1.2548144,1.0712596,1.2420304,1.0603428
1996-08-14,1.2549873,1.0712596,1.2422015,1.0603428
1996-08-15,1.2551599,1.0712596,1.2423724,1.0603428
1996-08-16,1.2553336,1.0712596,1.2425442,1.0603428
1996-08-19,1.2558536,1.0712596,1.243059,1.0603428
1996-08-20,1.2560273,1.0712596,1.243231,1.0603428
1996-08-21,1.2562008,1.0712596,1.2434026,1.0603428
1996-08-22,1.2563732,1.0712596,1.2435733,1.0603428
1996-08-23,1.2565453,1.0712596,1.2437436,1.0603428
1996-08-26,1.2566055,1.0708698,1.2440295,1.0601499
1996-08-27,1.2605538,1.0740861,1.2460701,1.0617419
1996-08-28,1.2590062,1.0726185,1.2453916,1.0610165
1996-08-29,1.2465048,1.0618191,1.2392948,1.0556753
1996-08-30,1.2283324,1.0461908,1.2303477,1.0479063
1996-09-03,1.2290256,1.0461908,1.2310421,1.0479063
1996-09-04,1.2291997,1.0461908,1.2312165,1.0479063
1996-09-05,1.2293741,1.0461908,1.2313912,1.0479063
1996-09-06,1.2295493,1.0461908,1.2315667,1.0479063
1996-09-09,1.2300738,1.0461908,1.232092,1.0479063
1996-09-10,1.2302467,1.0461908,1.2322652,1.0479063
1996-09-11,1.2304203,1.0461908,1.232439,1.0479063
1996-09-12,1.2305945,1.0461908,1.2326136,1.0479063
1996-09-13,1.2307678,1.0461908,1.2327872,1.0479063
1996-09-16,1.2312807,1.0461908,1.2333009,1.0479063
1996-09-17,1.2314511,1.0461908,1.2334715,1.0479063
1996-09-18,1.2316255,1.0461908,1.2336463,1.0479063
1996-09-19,1.2317989,1.0461908,1.23382,1.0479063
1996-09-20,1.2319714,1.0461908,1.2339927,1.0479063
1996-09-23,1.2324929,1.0461908,1.2345151,1.0479063
1996-09-24,1.2326025,1.0461363,1.2344658,1.0477166
1996-09-25,1.2343348,1.0474624,1.2400676,1.0523266
1996-09-26,1.2358117,1.0485739,1.244803,1.0562027
1996-09-27,1.2354756,1.0481488,1.2432174,1.0547164
1996-09-30,1.2349263,1.0472598,1.2400589,1.0516111
1996-10-01,1.2350924,1.0472598,1.2402257,1.0516111
1996-10-02,1.2352605,1.0472598,1.2403946,1.0516111
1996-10-03,1.2354264,1.0472598,1.2405611,1.0516111
1996-10-04,1.2355926,1.0472598,1.240728,1.0516111
1996-10-07,1.2360882,1.0472598,1.2412256,1.0516111
1996-10-08,1.2362551,1.0472598,1.2413933,1.0516111
1996-10-09,1.2364241,1.0472598,1.241563,1.0516111
1996-10-10,1.2365932,1.0472598,1.2417327,1.0516111
1996-10-11,1.2367629,1.0472598,1.2419032,1.0516111
1996-10-15,1.2374406,1.0472598,1.2425837,1.0516111
1996-10-16,1.2376111,1.0472598,1.2427549,1.0516111
1996-10-17,1.237781,1.0472598,1.2429255,1.0516111
1996-10-18,1.2379499,1.0472598,1.2430951,1.0516111
1996-10-21,1.2384566,1.0472598,1.2436039,1.0516111
1996-10-22,1.2386259,1.0472598,1.2437739,1.0516111
1996-10-23,1.2387962,1.0472598,1.243945,1.0516111
1996-10-24,1.2389659,1.0472598,1.2441154,1.0516111
1996-10-25,1.2389047,1.0470646,1.2440117,1.0513794
1996-10-28,1.2377196,1.0456326,1.2425118,1.0496798
1996-10-29,1.2527968,1.0582253,1.2603722,1.0646231
1996-10-30,1.2530143,1.0582638,1.2605993,1.0646688
1996-10-31,1.2558223,1.06049,1.2639072,1.0673164
1996-11-01,1.2559953,1.06049,1.2640813,1.0673164
1996-11-04,1.2565146,1.06049,1.2646039,1.0673164
1996-11-05,1.2566874,1.06049,1.2647779,1.0673164
1996-11-06,1.2568606,1.06049,1.2649522,1.0673164
1996-11-07,1.2570338,1.06049,1.2651265,1.0673164
1996-11-08,1.2572067,1.06049,1.2653005,1.0673164
1996-11-12,1.2579011,1.06049,1.2659993,1.0673164
1996-11-13,1.2580748,1.06049,1.2661742,1.0673164
1996-11-14,1.2582481,1.06049,1.2663486,1.0673164
1996-11-15,1.2584215,1.06049,1.2665232,1.0673164
1996-11-18,1.2589408,1.06049,1.2670457,1.0673164
1996-11-19,1.2591142,1.06049,1.2672203,1.0673164
1996-11-20,1.2592878,1.06049,1.267395,1.0673164
1996-11-21,1.2594613,1.06049,1.2675696,1.0673164
1996-11-22,1.2590194,1.0599715,1.2674348,1.0670554
1996-11-25,1.2647463,1.0643539,1.2705799,1.0692613
1996-11-26,1.2650131,1.0644318,1.2708014,1.0693004
1996-11-27,1.2628053,1.0624273,1.2697801,1.0682936
1996-11-29,1.2825555,1.0787514,1.2798843,1.0765007
1996-12-02,1.2830826,1.0787514,1.2804103,1.0765007
1996-12-03,1.2832566,1.0787514,1.2805839,1.0765007
1996-12-04,1.2834295,1.0787514,1.2807566,1.0765007
1996-12-05,1.2836018,1.0787514,1.2809285,1.0765007
1996-12-06,1.2837745,1.0787514,1.2811008,1.0765007
1996-12-09,1.2842915,1.0787514,1.2816168,1.0765007
1996-12-10,1.2844625,1.0787514,1.2817874,1.0765007
1996-12-11,1.2846325,1.0787514,1.281957,1.0765007
1996-12-12,1.2848025,1.0787514,1.2821267,1.0765007
1996-12-13,1.2849729,1.0787514,1.2822967,1.0765007
1996-12-16,1.2854798,1.0787514,1.2828026,1.0765007
1996-12-17,1.285651,1.0787514,1.2829734,1.0765007
1996-12-18,1.2858225,1.0787514,1.2831446,1.0765007
1996-12-19,1.2859951,1.0787514,1.2833168,1.0765007
1996-12-20,1.2861671,1.0787514,1.2834884,1.0765007
1996-12-23,1.286684,1.0787514,1.2840042,1.0765007
1996-12-24,1.2867626,1.0786704,1.2838769,1.0762473
1996-12-26,1.2875364,1.0790258,1.2855525,1.0773594
1996-12-27,1.2896678,1.0806652,1.2918525,1.0824925
1996-12-30,1.2898611,1.0803849,1.2913303,1.0816118
1996-12-31,1.2853285,1.0764391,1.276719,1.0692241
1997-01-02,1.2856855,1.0764391,1.2770737,1.0692241
1997-01-03,1.2858634,1.0764391,1.2772503,1.0692241
1997-01-06,1.2863961,1.0764391,1.2777794,1.0692241
1997-01-07,1.2865741,1.0764391,1.2779562,1.0692241
1997-01-08,1.286751,1.0764391,1.278132,1.0692241
1997-01-09,1.286928,1.0764391,1.2783078,1.0692241
1997-01-10,1.2871043,1.0764391,1.2784829,1.0692241
1997-01-13,1.2876375,1.0764391,1.2790125,1.0692241
1997-01-14,1.2878153,1.0764391,1.2791891,1.0692241
1997-01-15,1.2879934,1.0764391,1.2793661,1.0692241
1997-01-16,1.2881706,1.0764391,1.279542,1.0692241
1997-01-17,1.2883481,1.0764391,1.2797184,1.0692241
1997-01-21,1.2890555,1.0764391,1.280421,1.0692241
1997-01-22,1.2892331,1.0764391,1.2805974,1.0692241
1997-01-23,1.2894111,1.0764391,1.2807743,1.0692241
1997-01-24,1.2895892,1.0764391,1.2809511,1.0692241
1997-01-27,1.2899239,1.0762735,1.2812003,1.0689901
1997-01-28,1.2941263,1.0796306,1.287063,1.0737335
1997-01-29,1.2951486,1.0803345,1.2884344,1.0747293
1997-01-30,1.2969721,1.0817063,1.2909397,1.0766707
1997-01-31,1.3034273,1.0869407,1.3000046,1.0840823
1997-02-03,1.3039651,1.0869407,1.300541,1.0840823
1997-02-04,1.304143,1.0869407,1.3007184,1.0840823
1997-02-05,1.3043206,1.0869407,1.3008955,1.0840823
1997-02-06,1.3044992,1.0869407,1.3010737,1.0840823
1997-02-07,1.3046783,1.0869407,1.3012523,1.0840823
1997-02-10,1.3052155,1.0869407,1.3017882,1.0840823
1997-02-11,1.3053947,1.0869407,1.3019668,1.0840823
1997-02-12,1.3055739,1.0869407,1.3021455,1.0840823
1997-02-13,1.3057534,1.0869407,1.3023246,1.0840823
1997-02-14,1.3059323,1.0869407,1.302503,1.0840823
1997-02-18,1.3066436,1.0869407,1.3032125,1.0840823
1997-02-19,1.3068218,1.0869407,1.3033903,1.0840823
1997-02-20,1.3070001,1.0869407,1.3035681,1.0840823
1997-02-21,1.3071781,1.0869407,1.3037456,1.0840823
1997-02-24,1.3071102,1.0864411,1.3039775,1.0838332
1997-02-25,1.3050047,1.0845425,1.3030164,1.0828861
1997-02-26,1.2672185,1.0529912,1.2842413,1.0671346
1997-02-27,1.2628968,1.0492536,1.2821408,1.0652407
1997-02-28,1.2672202,1.0526995,1.2844247,1.0669899
1997-03-03,1.2677503,1.0526995,1.284962,1.0669899
1997-03-04,1.2679275,1.0526995,1.2851416,1.0669899
1997-03-05,1.268105,1.0526995,1.2853215,1.0669899
1997-03-06,1.2682811,1.0526995,1.2855,1.0669899
1997-03-07,1.268458,1.0526995,1.2856793,1.0669899
1997-03-10,1.2689876,1.0526995,1.2862161,1.0669899
1997-03-11,1.2691635,1.0526995,1.2863944,1.0669899
1997-03-12,1.2693388,1.0526995,1.286572,1.0669899
1997-03-13,1.2695151,1.0526995,1.2867507,1.0669899
1997-03-14,1.2696932,1.0526995,1.2869312,1.0669899
1997-03-17,1.2702254,1.0526995,1.2874707,1.0669899
1997-03-18,1.2704039,1.0526995,1.2876516,1.0669899
1997-03-19,1.2705818,1.0526995,1.2878319,1.0669899
1997-03-20,1.2707611,1.0526995,1.2880136,1.0669899
1997-03-21,1.2709421,1.0526995,1.2881971,1.0669899
1997-03-24,1.2714397,1.0526566,1.2885939,1.0668573
1997-03-25,1.2710116,1.0521507,1.2868931,1.0652957
1997-03-26,1.2701729,1.051304,1.2839252,1.0626844
1997-03-27,1.2683095,1.0496116,1.2778131,1.0574739
1997-03-31,1.2686237,1.04927,1.2772789,1.0564256
1997-04-01,1.2688048,1.04927,1.2774612,1.0564256
1997-04-02,1.2689849,1.04927,1.2776425,1.0564256
1997-04-03,1.2691643,1.04927,1.2778231,1.0564256
1997-04-04,1.2693426,1.04927,1.2780027,1.0564256
1997-04-07,1.2698799,1.04927,1.2785436,1.0564256
1997-04-08,1.2700591,1.04927,1.278724,1.0564256
1997-04-09,1.2702369,1.04927,1.2789031,1.0564256
1997-04-10,1.2704144,1.04927,1.2790818,1.0564256
1997-04-11,1.2705937,1.04927,1.2792622,1.0564256
1997-04-14,1.2711336,1.04927,1.2798058,1.0564256
1997-04-15,1.2713136,1.04927,1.2799871,1.0564256
1997-04-16,1.2714937,1.04927,1.2801684,1.0564256
1997-04-17,1.2716731,1.04927,1.280349,1.0564256
1997-04-18,1.2718525,1.04927,1.2805297,1.0564256
1997-04-21,1.2723909,1.04927,1.2810717,1.0564256
1997-04-22,1.2725704,1.04927,1.2812525,1.0564256
1997-04-23,1.2727524,1.04927,1.2814357,1.0564256
1997-04-24,1.2726899,1.0490681,1.2812707,1.0561382
1997-04-25,1.271953,1.0483118,1.2801465,1.0550617
1997-04-28,1.2746381,1.0500794,1.2837423,1.0575769
1997-04-29,1.2897016,1.0623398,1.305117,1.0750355
1997-04-30,1.2947031,1.0663082,1.312196,1.0807134
1997-05-01,1.2948854,1.0663082,1.3123808,1.0807134
1997-05-02,1.2950664,1.0663082,1.3125642,1.0807134
1997-05-05,1.2956092,1.0663082,1.3131144,1.0807134
1997-05-06,1.2957885,1.0663082,1.3132961,1.0807134
1997-05-07,1.2959685,1.0663082,1.3134785,1.0807134
1997-05-08,1.2961488,1.0663082,1.3136613,1.0807134
1997-05-09,1.2963289,1.0663082,1.3138438,1.0807134
1997-05-12,1.2968669,1.0663082,1.3143891,1.0807134
1997-05-13,1.297046,1.0663082,1.3145706,1.0807134
1997-05-14,1.2972272,1.0663082,1.3147543,1.0807134
1997-05-15,1.2974067,1.0663082,1.3149362,1.0807134
1997-05-16,1.2975841,1.0663082,1.315116,1.0807134
1997-05-19,1.2981237,1.0663082,1.3156629,1.0807134
1997-05-20,1.2983073,1.0663082,1.3158489,1.0807134
1997-05-21,1.298494,1.0663082,1.3160382,1.0807134
1997-05-22,1.2986715,1.0663082,1.3162181,1.0807134
1997-05-23,1.298171,1.06575,1.3160244,1.0804052
1997-05-27,1.285996,1.0551661,1.3096313,1.07456
1997-05-28,1.2836578,1.0531025,1.3084161,1.0734151
1997-05-29,1.2974356,1.0642603,1.3161491,1.0796109
1997-05-30,1.318912,1.0817343,1.3280981,1.0892678
1997-06-02,1.3194345,1.0817343,1.3286242,1.0892678
1997-06-03,1.3196076,1.0817343,1.3287986,1.0892678
1997-06-04,1.3197855,1.0817343,1.3289777,1.0892678
1997-06-05,1.3199649,1.0817343,1.3291583,1.0892678
1997-06-06,1.3201446,1.0817343,1.3293393,1.0892678
1997-06-09,1.3206795,1.0817343,1.329878,1.0892678
1997-06-10,1.3208575,1.0817343,1.3300572,1.0892678
1997-06-11,1.3210356,1.0817343,1.3302365,1.0892678
1997-06-12,1.3212111,1.0817343,1.3304133,1.0892678
1997-06-13,1.3213863,1.0817343,1.3305897,1.0892678
1997-06-16,1.3219141,1.0817343,1.3311212,1.0892678
1997-06-17,1.3220898,1.0817343,1.3312981,1.0892678
1997-06-18,1.322268,1.0817343,1.3314775,1.0892678
1997-06-19,1.3224455,1.0817343,1.3316563,1.0892678
1997-06-20,1.3226249,1.0817343,1.3318368,1.0892678
1997-06-23,1.3231619,1.0817343,1.3323776,1.0892678
1997-06-24,1.3231965,1.0816133,1.3321857,1.0889605
1997-06-25,1.3216321,1.0801881,1.3279411,1.0853435
1997-06-26,1.3188955,1.0778053,1.3207363,1.0793081
1997-06-27,1.3214644,1.0797561,1.3269443,1.0842325
1997-06-30,1.3190071,1.0773027,1.3198915,1.0780224
1997-07-01,1.31919,1.0773027,1.3200745,1.0780224
1997-07-02,1.3193722,1.0773027,1.3202568,1.0780224
1997-07-03,1.3195551,1.0773027,1.3204398,1.0780224
1997-07-07,1.3202796,1.0773027,1.3211648,1.0780224
1997-07-08,1.320459,1.0773027,1.3213443,1.0780224
1997-07-09,1.3206395,1.0773027,1.321525,1.0780224
1997-07-10,1.3208197,1.0773027,1.3217053,1.0780224
1997-07-11,1.321001,1.0773027,1.3218867,1.0780224
1997-07-14,1.3215438,1.0773027,1.32243,1.0780224
1997-07-15,1.3217256,1.0773027,1.3226118,1.0780224
1997-07-16,1.3219096,1.0773027,1.3227959,1.0780224
1997-07-17,1.3220917,1.0773027,1.3229782,1.0780224
1997-07-18,1.3222743,1.0773027,1.3231609,1.0780224
1997-07-21,1.3228286,1.0773027,1.3237155,1.0780224
1997-07-22,1.3230145,1.0773027,1.3239016,1.0780224
1997-07-23,1.3231972,1.0773027,1.3240844,1.0780224
1997-07-24,1.3233806,1.0773027,1.3242679,1.0780224
1997-07-25,1.3232651,1.0770585,1.3240669,1.0777085
1997-07-28,1.3263527,1.0791201,1.3278776,1.0803583
1997-07-29,1.3326135,1.0840632,1.3358763,1.0867152
1997-07-30,1.3401341,1.0900295,1.3455073,1.094398
1997-07-31,1.3437285,1.0928009,1.3500896,1.0979721
1997-08-01,1.3439166,1.0928009,1.3502786,1.0979721
1997-08-04,1.3444844,1.0928009,1.350849,1.0979721
1997-08-05,1.3446737,1.0928009,1.3510393,1.0979721
1997-08-06,1.3448635,1.0928009,1.3512299,1.0979721
1997-08-07,1.3450532,1.0928009,1.3514206,1.0979721
1997-08-08,1.3452434,1.0928009,1.3516116,1.0979721
1997-08-11,1.3458128,1.0928009,1.3521837,1.0979721
1997-08-12,1.3460034,1.0928009,1.3523753,1.0979721
1997-08-13,1.3461941,1.0928009,1.3525668,1.0979721
1997-08-14,1.3463851,1.0928009,1.3527588,1.0979721
1997-08-15,1.3465769,1.0928009,1.3529515,1.0979721
1997-08-18,1.3471469,1.0928009,1.3535242,1.0979721
1997-08-19,1.3473363,1.0928009,1.3537144,1.0979721
1997-08-20,1.3475249,1.0928009,1.3539039,1.0979721
1997-08-21,1.3477132,1.0928009,1.3540931,1.0979721
1997-08-22,1.3479026,1.0928009,1.3542834,1.0979721
1997-08-25,1.347841,1.0922919,1.3545369,1.0977165
1997-08-26,1.3506495,1.0944135,1.3560438,1.0987825
1997-08-27,1.3509473,1.0945007,1.3562888,1.0988263
1997-08-28,1.3714576,1.1109635,1.36668,1.1070902
1997-08-29,1.3608754,1.1022361,1.3615028,1.1027417
1997-09-02,1.361636,1.1022361,1.3622638,1.1027417
1997-09-03,1.3618252,1.1022361,1.362453,1.1027417
1997-09-04,1.3620121,1.1022361,1.36264,1.1027417
1997-09-05,1.362199,1.1022361,1.3628271,1.1027417
1997-09-08,1.3627622,1.1022361,1.3633905,1.1027417
1997-09-09,1.3629496,1.1022361,1.363578,1.1027417
1997-09-10,1.3631371,1.1022361,1.3637655,1.1027417
1997-09-11,1.3633231,1.1022361,1.3639516,1.1027417
1997-09-12,1.3635098,1.1022361,1.3641384,1.1027417
1997-09-15,1.3640668,1.1022361,1.3646957,1.1027417
1997-09-16,1.3642537,1.1022361,1.3648826,1.1027417
1997-09-17,1.3644391,1.1022361,1.3650681,1.1027417
1997-09-18,1.3646248,1.1022361,1.365254,1.1027417
1997-09-19,1.3648107,1.1022361,1.3654399,1.1027417
1997-09-22,1.3653637,1.1022361,1.3659932,1.1027417
1997-09-23,1.3655474,1.1022361,1.3661769,1.1027417
1997-09-24,1.3656726,1.1021895,1.3662078,1.1026189
1997-09-25,1.3637952,1.100529,1.3609601,1.0982383
1997-09-26,1.3651345,1.1014651,1.3641917,1.1007017
1997-09-29,1.3652491,1.1011175,1.3636015,1.0997858
1997-09-30,1.3649238,1.1007083,1.362447,1.0987079
1997-10-01,1.3651082,1.1007083,1.362631,1.0987079
1997-10-02,1.3652941,1.1007083,1.3628165,1.0987079
1997-10-03,1.3654788,1.1007083,1.363001,1.0987079
1997-10-06,1.3660288,1.1007083,1.3635499,1.0987079
1997-10-07,1.366211,1.1007083,1.3637319,1.0987079
1997-10-08,1.3663956,1.1007083,1.363916,1.0987079
1997-10-09,1.3665812,1.1007083,1.3641014,1.0987079
1997-10-10,1.3667684,1.1007083,1.3642883,1.0987079
1997-10-14,1.3675174,1.1007083,1.3650358,1.0987079
1997-10-15,1.3677028,1.1007083,1.3652209,1.0987079
1997-10-16,1.3678876,1.1007083,1.3654053,1.0987079
1997-10-17,1.3680727,1.1007083,1.3655901,1.0987079
1997-10-20,1.3686259,1.1007083,1.3661424,1.0987079
1997-10-21,1.36881,1.1007083,1.3663261,1.0987079
1997-10-22,1.3689953,1.1007083,1.366511,1.0987079
1997-10-23,1.3691836,1.1007083,1.366699,1.0987079
1997-10-24,1.3693707,1.1007083,1.3668858,1.0987079
1997-10-27,1.3697082,1.1005263,1.3671599,1.0984758
1997-10-28,1.3636038,1.095472,1.3593233,1.09203
1997-10-29,1.3701321,1.1005633,1.3675855,1.0985147
1997-10-30,1.3767098,1.1056946,1.3759215,1.1050586
1997-10-31,1.3766962,1.1055313,1.3758515,1.1048501
1997-11-03,1.3772699,1.1055313,1.3764248,1.1048501
1997-11-04,1.3774627,1.1055313,1.3766175,1.1048501
1997-11-05,1.3776556,1.1055313,1.3768102,1.1048501
1997-11-06,1.3778492,1.1055313,1.3770037,1.1048501
1997-11-07,1.3780443,1.1055313,1.3771988,1.1048501
1997-11-10,1.3786299,1.1055313,1.377784,1.1048501
1997-11-12,1.3790235,1.1055313,1.3781773,1.1048501
1997-11-13,1.3792184,1.1055313,1.3783721,1.1048501
1997-11-14,1.3794123,1.1055313,1.3785659,1.1048501
1997-11-17,1.3799939,1.1055313,1.3791471,1.1048501
1997-11-18,1.3801898,1.1055313,1.3793429,1.1048501
1997-11-19,1.3803852,1.1055313,1.3795382,1.1048501
1997-11-20,1.3805796,1.1055313,1.3797325,1.1048501
1997-11-21,1.3801064,1.1049966,1.3795932,1.1045829
1997-11-24,1.3702167,1.0966142,1.3749399,1.1003933
1997-11-25,1.3731165,1.09878,1.376492,1.1014799
1997-11-26,1.3707187,1.0967059,1.3753874,1.1004403
1997-11-28,1.3705675,1.0962773,1.3755045,1.1002253
1997-12-01,1.3711398,1.0962773,1.3760788,1.1002253
1997-12-02,1.3713314,1.0962773,1.3762711,1.1002253
1997-12-03,1.3715237,1.0962773,1.3764642,1.1002253
1997-12-04,1.3717161,1.0962773,1.3766572,1.1002253
1997-12-05,1.3719089,1.0962773,1.3768507,1.1002253
1997-12-08,1.3724908,1.0962773,1.3774347,1.1002253
1997-12-09,1.3726863,1.0962773,1.3776309,1.1002253
1997-12-10,1.3728792,1.0962773,1.3778245,1.1002253
1997-12-11,1.3730699,1.0962773,1.3780159,1.1002253
1997-12-12,1.3732603,1.0962773,1.3782069,1.1002253
1997-12-15,1.3738303,1.0962773,1.378779,1.1002253
1997-12-16,1.3740222,1.0962773,1.3789716,1.1002253
1997-12-17,1.3742138,1.0962773,1.3791639,1.1002253
1997-12-18,1.3744062,1.0962773,1.379357,1.1002253
1997-12-19,1.3745983,1.0962773,1.3795498,1.1002253
1997-12-22,1.3751846,1.0962773,1.3801382,1.1002253
1997-12-23,1.3753843,1.0962773,1.3803386,1.1002253
1997-12-24,1.3754391,1.0961615,1.3801666,1.099928
1997-12-26,1.3764338,1.0966395,1.382102,1.1011547
1997-12-29,1.3764713,1.0961997,1.3812765,1.1000254
1997-12-30,1.374357,1.094358,1.3755405,1.0952989
1997-12-31,1.3773244,1.0965619,1.3828248,1.1009401
1998-01-02,1.3777184,1.0965619,1.3832204,1.1009401
1998-01-05,1.3783049,1.0965619,1.3838093,1.1009401
1998-01-06,1.3784971,1.0965619,1.3840023,1.1009401
1998-01-07,1.378689,1.0965619,1.3841949,1.1009401
1998-01-08,1.3788813,1.0965619,1.3843879,1.1009401
1998-01-09,1.3790701,1.0965619,1.3845775,1.1009401
1998-01-12,1.3796278,1.0965619,1.3851374,1.1009401
1998-01-13,1.3798134,1.0965619,1.3853238,1.1009401
1998-01-14,1.3800036,1.0965619,1.3855147,1.1009401
1998-01-15,1.3801941,1.0965619,1.385706,1.1009401
1998-01-16,1.3803832,1.0965619,1.3858958,1.1009401
1998-01-20,1.3811426,1.0965619,1.3866583,1.1009401
1998-01-21,1.3813325,1.0965619,1.386849,1.1009401
1998-01-22,1.3815218,1.0965619,1.387039,1.1009401
1998-01-23,1.381711,1.0965619,1.387229,1.1009401
1998-01-26,1.3820092,1.0963443,1.3874566,1.1006647
1998-01-27,1.3745694,1.0902918,1.377989,1.093003
1998-01-28,1.3758696,1.0911708,1.3795823,1.0941141
1998-01-29,1.3881189,1.1007333,1.395019,1.106204
1998-01-30,1.3935866,1.1049164,1.4018969,1.1115046
1998-02-02,1.3941662,1.1049164,1.4024799,1.1115046
1998-02-03,1.394361,1.1049164,1.4026759,1.1115046
1998-02-04,1.3945565,1.1049164,1.4028726,1.1115046
1998-02-05,1.3947468,1.1049164,1.4030641,1.1115046
1998-02-06,1.3949383,1.1049164,1.4032566,1.1115046
1998-02-09,1.3955161,1.1049164,1.4038379,1.1115046
1998-02-10,1.3957077,1.1049164,1.4040306,1.1115046
1998-02-11,1.3959015,1.1049164,1.4042256,1.1115046
1998-02-12,1.3960958,1.1049164,1.4044211,1.1115046
1998-02-13,1.3962901,1.1049164,1.4046166,1.1115046
1998-02-17,1.397069,1.1049164,1.4054001,1.1115046
1998-02-18,1.3972619,1.1049164,1.4055941,1.1115046
1998-02-19,1.3974556,1.1049164,1.405789,1.1115046
1998-02-20,1.3976497,1.1049164,1.4059842,1.1115046
1998-02-23,1.3975629,1.1043864,1.4062341,1.111238
1998-02-24,1.3684589,1.0812328,1.3916904,1.0995894
1998-02-25,1.3844095,1.0936836,1.399899,1.1059205
1998-02-26,1.3793487,1.0895306,1.3974394,1.1038208
1998-02-27,1.3868417,1.0952941,1.4013346,1.1067403
1998-03-02,1.3874322,1.0952941,1.4019312,1.1067403
1998-03-03,1.3876291,1.0952941,1.4021302,1.1067403
1998-03-04,1.3878226,1.0952941,1.4023257,1.1067403
1998-03-05,1.3880146,1.0952941,1.4025197,1.1067403
1998-03-06,1.3882063,1.0952941,1.4027134,1.1067403
1998-03-09,1.3887791,1.0952941,1.4032921,1.1067403
1998-03-10,1.3889704,1.0952941,1.4034855,1.1067403
1998-03-11,1.3891592,1.0952941,1.4036762,1.1067403
1998-03-12,1.389348,1.0952941,1.403867,1.1067403
1998-03-13,1.3895364,1.0952941,1.4040574,1.1067403
1998-03-16,1.3901029,1.0952941,1.4046298,1.1067403
1998-03-17,1.3902921,1.0952941,1.404821,1.1067403
1998-03-18,1.390483,1.0952941,1.4050139,1.1067403
1998-03-19,1.3906746,1.0952941,1.4052075,1.1067403
1998-03-20,1.3908666,1.0952941,1.4054015,1.1067403
1998-03-23,1.3914439,1.0952941,1.4059849,1.1067403
1998-03-24,1.3916353,1.0952941,1.4061782,1.1067403
1998-03-25,1.391763,1.0952436,1.40621,1.1066128
1998-03-26,1.3909361,1.0944417,1.4038298,1.1045869
1998-03-27,1.3911345,1.0944455,1.4040374,1.1045965
1998-03-30,1.3907088,1.0936536,1.4020836,1.1025982
1998-03-31,1.3921233,1.0946134,1.4053557,1.1050176
1998-04-01,1.3923147,1.0946134,1.405549,1.1050176
1998-04-02,1.3925051,1.0946134,1.4057412,1.1050176
1998-04-03,1.3926947,1.0946134,1.4059326,1.1050176
1998-04-06,1.3932613,1.0946134,1.4065046,1.1050176
1998-04-07,1.393451,1.0946134,1.4066961,1.1050176
1998-04-08,1.3936396,1.0946134,1.4068865,1.1050176
1998-04-09,1.3938278,1.0946134,1.4070765,1.1050176
1998-04-13,1.3945824,1.0946134,1.4078383,1.1050176
1998-04-14,1.3947754,1.0946134,1.4080331,1.1050176
1998-04-15,1.3949672,1.0946134,1.4082267,1.1050176
1998-04-16,1.3951564,1.0946134,1.4084177,1.1050176
1998-04-17,1.3953441,1.0946134,1.4086072,1.1050176
1998-04-20,1.3959083,1.0946134,1.4091768,1.1050176
1998-04-21,1.3960961,1.0946134,1.4093663,1.1050176
1998-04-22,1.396285,1.0946134,1.4095571,1.1050176
1998-04-23,1.3964748,1.0946134,1.4097486,1.1050176
1998-04-24,1.3963513,1.0943679,1.409559,1.1047189
1998-04-27,1.3808287,1.0817571,1.3905518,1.0893728
1998-04-28,1.3810506,1.0817845,1.3907825,1.0894061
1998-04-29,1.3800418,1.0808482,1.3895192,1.0882694
1998-04-30,1.3960395,1.0932313,1.4088981,1.1032996
1998-05-01,1.3962258,1.0932313,1.4090861,1.1032996
1998-05-04,1.3967869,1.0932313,1.4096524,1.1032996
1998-05-05,1.3969748,1.0932313,1.409842,1.1032996
1998-05-06,1.3971654,1.0932313,1.4100344,1.1032996
1998-05-07,1.397356,1.0932313,1.4102268,1.1032996
1998-05-08,1.3975467,1.0932313,1.4104192,1.1032996
1998-05-11,1.398121,1.0932313,1.4109988,1.1032996
1998-05-12,1.3983126,1.0932313,1.4111921,1.1032996
1998-05-13,1.3985037,1.0932313,1.411385,1.1032996
1998-05-14,1.3986949,1.0932313,1.411578,1.1032996
1998-05-15,1.3988881,1.0932313,1.4117729,1.1032996
1998-05-18,1.3994675,1.0932313,1.4123577,1.1032996
1998-05-19,1.3996612,1.0932313,1.4125531,1.1032996
1998-05-20,1.3998563,1.0932313,1.4127501,1.1032996
1998-05-21,1.4000508,1.0932313,1.4129464,1.1032996
1998-05-22,1.3995042,1.0926517,1.4127692,1.1030072
1998-05-26,1.4153533,1.1044175,1.4211622,1.1089458
1998-05-27,1.4246393,1.1115122,1.4259216,1.1125077
1998-05-28,1.4188322,1.1068304,1.4231123,1.1101648
1998-05-29,1.4243732,1.1110035,1.4259873,1.1122576
1998-06-01,1.4249457,1.1110035,1.4265604,1.1122576
1998-06-02,1.425135,1.1110035,1.4267499,1.1122576
1998-06-03,1.4253283,1.1110035,1.4269434,1.1122576
1998-06-04,1.4255236,1.1110035,1.4271389,1.1122576
1998-06-05,1.4257181,1.1110035,1.4273336,1.1122576
1998-06-08,1.4263016,1.1110035,1.4279179,1.1122576
1998-06-09,1.426497,1.1110035,1.4281135,1.1122576
1998-06-10,1.4266936,1.1110035,1.4283103,1.1122576
1998-06-11,1.4268894,1.1110035,1.4285063,1.1122576
1998-06-12,1.4270837,1.1110035,1.4287008,1.1122576
1998-06-15,1.427669,1.1110035,1.4292868,1.1122576
1998-06-16,1.4278638,1.1110035,1.4294818,1.1122576
1998-06-17,1.4280617,1.1110035,1.42968,1.1122576
1998-06-18,1.4282609,1.1110035,1.4298793,1.1122576
1998-06-19,1.4284585,1.1110035,1.4300772,1.1122576
1998-06-22,1.4290491,1.1110035,1.4306684,1.1122576
1998-06-23,1.4292444,1.1110035,1.430864,1.1122576
1998-06-24,1.4292894,1.1108871,1.4306801,1.1119632
1998-06-25,1.4294919,1.1108951,1.4308986,1.1119834
1998-06-26,1.4296941,1.1109034,1.4311173,1.1120044
1998-06-29,1.4297016,1.1104646,1.4302613,1.1108942
1998-06-30,1.4315522,1.1117532,1.4346476,1.1141522
1998-07-01,1.4317471,1.1117532,1.434843,1.1141522
1998-07-02,1.4319417,1.1117532,1.435038,1.1141522
1998-07-06,1.4327169,1.1117532,1.4358148,1.1141522
1998-07-07,1.4329104,1.1117532,1.4360088,1.1141522
1998-07-08,1.4331047,1.1117532,1.4362035,1.1141522
1998-07-09,1.4332995,1.1117532,1.4363987,1.1141522
1998-07-10,1.4334935,1.1117532,1.4365931,1.1141522
1998-07-13,1.4340743,1.1117532,1.4371752,1.1141522
1998-07-14,1.4342692,1.1117532,1.4373705,1.1141522
1998-07-15,1.4344665,1.1117532,1.4375682,1.1141522
1998-07-16,1.4346633,1.1117532,1.4377655,1.1141522
1998-07-17,1.4348611,1.1117532,1.4379637,1.1141522
1998-07-20,1.4354519,1.1117532,1.4385558,1.1141522
1998-07-21,1.4356485,1.1117532,1.4387528,1.1141522
1998-07-22,1.4358436,1.1117532,1.4389484,1.1141522
1998-07-23,1.436038,1.1117532,1.4391431,1.1141522
1998-07-24,1.4362331,1.1117532,1.4393387,1.1141522
1998-07-27,1.4364362,1.111458,1.4394574,1.1137909
1998-07-28,1.4320867,1.1079415,1.4340891,1.1094857
1998-07-29,1.4292734,1.105615,1.4306042,1.1066394
1998-07-30,1.432525,1.1079807,1.4345375,1.1095322
1998-07-31,1.4323651,1.1077071,1.4342989,1.1091975
1998-08-03,1.4329502,1.1077071,1.4348848,1.1091975
1998-08-04,1.4331457,1.1077071,1.4350805,1.1091975
1998-08-05,1.4333409,1.1077071,1.4352759,1.1091975
1998-08-06,1.4335353,1.1077071,1.4354706,1.1091975
1998-08-07,1.4337277,1.1077071,1.4356633,1.1091975
1998-08-10,1.4343004,1.1077071,1.4362368,1.1091975
1998-08-11,1.4344914,1.1077071,1.436428,1.1091975
1998-08-12,1.434684,1.1077071,1.4366208,1.1091975
1998-08-13,1.4348762,1.1077071,1.4368133,1.1091975
1998-08-14,1.4350692,1.1077071,1.4370066,1.1091975
1998-08-17,1.4356472,1.1077071,1.4375853,1.1091975
1998-08-18,1.4358411,1.1077071,1.4377795,1.1091975
1998-08-19,1.436035,1.1077071,1.4379737,1.1091975
1998-08-20,1.4362294,1.1077071,1.4381683,1.1091975
1998-08-21,1.4364226,1.1077071,1.4383618,1.1091975
1998-08-24,1.4369987,1.1077071,1.4389387,1.1091975
1998-08-25,1.436363,1.1070671,1.4385592,1.1087548
1998-08-26,1.4332673,1.1045307,1.4364778,1.107
1998-08-27,1.4801385,1.1405023,1.4689893,1.131905
1998-08-28,1.4906967,1.1484859,1.4762885,1.1373785
1998-08-31,1.5044137,1.1586028,1.4858521,1.1442998
1998-09-01,1.5046103,1.1586028,1.4860463,1.1442998
1998-09-02,1.5048078,1.1586028,1.4862413,1.1442998
1998-09-03,1.5050049,1.1586028,1.4864359,1.1442998
1998-09-04,1.5051991,1.1586028,1.4866277,1.1442998
1998-09-08,1.5059809,1.1586028,1.4874,1.1442998
1998-09-09,1.5061765,1.1586028,1.4875931,1.1442998
1998-09-10,1.5063729,1.1586028,1.4877871,1.1442998
1998-09-11,1.5065653,1.1586028,1.4879771,1.1442998
1998-09-14,1.5071534,1.1586028,1.488558,1.1442998
1998-09-15,1.5073483,1.1586028,1.4887505,1.1442998
1998-09-16,1.5075412,1.1586028,1.488941,1.1442998
1998-09-17,1.507732,1.1586028,1.4891294,1.1442998
1998-09-18,1.5079212,1.1586028,1.4893163,1.1442998
1998-09-21,1.5084802,1.1586028,1.4898684,1.1442998
1998-09-22,1.5086686,1.1586028,1.4900545,1.1442998
1998-09-23,1.5088625,1.1586028,1.490246,1.1442998
1998-09-24,1.5089608,1.1585338,1.4902276,1.144143
1998-09-25,1.5105853,1.1596401,1.4936843,1.1466577
1998-09-28,1.5107781,1.1593679,1.4934185,1.1460381
1998-09-29,1.5116818,1.1599229,1.4952424,1.1473008
1998-09-30,1.5172245,1.164035,1.5076247,1.1566626
1998-10-01,1.5174016,1.164035,1.5078007,1.1566626
1998-10-02,1.5175733,1.164035,1.5079713,1.1566626
1998-10-05,1.5180872,1.164035,1.5084819,1.1566626
1998-10-06,1.5182561,1.164035,1.5086497,1.1566626
1998-10-07,1.5184258,1.164035,1.5088184,1.1566626
1998-10-08,1.5185943,1.164035,1.5089858,1.1566626
1998-10-09,1.5187524,1.164035,1.5091429,1.1566626
1998-10-13,1.5193832,1.164035,1.5097697,1.1566626
1998-10-14,1.5195413,1.164035,1.5099269,1.1566626
1998-10-15,1.5197049,1.164035,1.5100895,1.1566626
1998-10-16,1.5198736,1.164035,1.510257,1.1566626
1998-10-19,1.5203183,1.164035,1.5106989,1.1566626
1998-10-20,1.5204728,1.164035,1.5108525,1.1566626
1998-10-21,1.5206336,1.164035,1.5110123,1.1566626
1998-10-22,1.5207965,1.164035,1.5111741,1.1566626
1998-10-23,1.5209582,1.164035,1.5113348,1.1566626
1998-10-26,1.521241,1.1638812,1.5115683,1.1564734
1998-10-27,1.5295045,1.170076,1.5216916,1.1640918
1998-10-28,1.5321279,1.1719559,1.5248826,1.1664066
1998-10-29,1.5372161,1.1757138,1.531109,1.1710357
1998-10-30,1.5290394,1.169324,1.5209868,1.1631586
1998-11-02,1.529571,1.169324,1.5215156,1.1631586
1998-11-03,1.5297516,1.169324,1.5216953,1.1631586
1998-11-04,1.5299356,1.169324,1.5218783,1.1631586
1998-11-05,1.5301221,1.169324,1.5220639,1.1631586
1998-11-06,1.5303095,1.169324,1.5222503,1.1631586
1998-11-09,1.530878,1.169324,1.5228158,1.1631586
1998-11-10,1.5310676,1.169324,1.5230044,1.1631586
1998-11-12,1.5314392,1.169324,1.5233741,1.1631586
1998-11-13,1.5316226,1.169324,1.5235565,1.1631586
1998-11-16,1.5321714,1.169324,1.5241024,1.1631586
1998-11-17,1.5323566,1.169324,1.5242866,1.1631586
1998-11-18,1.5325375,1.169324,1.5244666,1.1631586
1998-11-19,1.5327193,1.169324,1.5246474,1.1631586
1998-11-20,1.532902,1.169324,1.5248291,1.1631586
1998-11-23,1.5329876,1.1689713,1.5251443,1.1629832
1998-11-24,1.5313468,1.1675766,1.5244217,1.1622894
1998-11-25,1.5352508,1.1704089,1.526459,1.1636992
1998-11-27,1.5393752,1.1732672,1.528696,1.1651201
1998-11-30,1.5525897,1.1829107,1.5355363,1.1699084
1998-12-01,1.5527777,1.1829107,1.5357222,1.1699084
1998-12-02,1.552964,1.1829107,1.5359065,1.1699084
1998-12-03,1.5531499,1.1829107,1.5360904,1.1699084
1998-12-04,1.5533346,1.1829107,1.536273,1.1699084
1998-12-07,1.5538925,1.1829107,1.5368248,1.1699084
1998-12-08,1.5540798,1.1829107,1.5370101,1.1699084
1998-12-09,1.5542638,1.1829107,1.537192,1.1699084
1998-12-10,1.5544477,1.1829107,1.537374,1.1699084
1998-12-11,1.5546338,1.1829107,1.537558,1.1699084
1998-12-14,1.5551948,1.1829107,1.5381128,1.1699084
1998-12-15,1.5553823,1.1829107,1.5382982,1.1699084
1998-12-16,1.5555689,1.1829107,1.5384828,1.1699084
1998-12-17,1.5557543,1.1829107,1.5386662,1.1699084
1998-12-18,1.5559397,1.1829107,1.5388495,1.1699084
1998-12-21,1.5564999,1.1829107,1.5394035,1.1699084
1998-12-22,1.5566883,1.1829107,1.5395899,1.1699084
1998-12-23,1.5568756,1.1829107,1.5397751,1.1699084
1998-12-24,1.5569611,1.1828308,1.5397187,1.1697222
1998-12-28,1.5611176,1.1854104,1.5483807,1.175731
1998-12-29,1.5642851,1.1876711,1.5555247,1.1810123
1998-12-30,1.5670406,1.1896173,1.5617198,1.1855709
1998-12-31,1.5671277,1.1895387,1.5616668,1.1853864
1999-01-04,1.5678782,1.1895387,1.5624147,1.1853864
1999-01-05,1.5680663,1.1895387,1.5626021,1.1853864
1999-01-06,1.568254,1.1895387,1.5627892,1.1853864
1999-01-07,1.5684414,1.1895387,1.5629759,1.1853864
1999-01-08,1.5686274,1.1895387,1.5631613,1.1853864
1999-01-11,1.5691909,1.1895387,1.5637228,1.1853864
1999-01-12,1.5693796,1.1895387,1.5639109,1.1853864
1999-01-13,1.5695675,1.1895387,1.5640981,1.1853864
1999-01-14,1.5697541,1.1895387,1.5642841,1.1853864
1999-01-15,1.5699403,1.1895387,1.5644696,1.1853864
1999-01-19,1.5706853,1.1895387,1.565212,1.1853864
1999-01-20,1.5708699,1.1895387,1.565396,1.1853864
1999-01-21,1.5710532,1.1895387,1.5655787,1.1853864
1999-01-22,1.5712349,1.1895387,1.5657597,1.1853864
1999-01-25,1.5715061,1.1893276,1.5659771,1.185136
1999-01-26,1.5694741,1.1876493,1.5635324,1.1831459
1999-01-27,1.570786,1.1885005,1.5650522,1.184155
1999-01-28,1.5720991,1.1893521,1.5665737,1.1851647
1999-01-29,1.5731345,1.1899927,1.5677658,1.1859243
1999-02-01,1.5736996,1.1899927,1.5683289,1.1859243
1999-02-02,1.5738901,1.1899927,1.5685188,1.1859243
1999-02-03,1.5740807,1.1899927,1.5687087,1.1859243
1999-02-04,1.5742692,1.1899927,1.5688965,1.1859243
1999-02-05,1.5744581,1.1899927,1.5690848,1.1859243
1999-02-08,1.5750262,1.1899927,1.569651,1.1859243
1999-02-09,1.5752161,1.1899927,1.5698402,1.1859243
1999-02-10,1.5754068,1.1899927,1.5700303,1.1859243
1999-02-11,1.5755954,1.1899927,1.5702183,1.1859243
1999-02-12,1.5757849,1.1899927,1.5704071,1.1859243
1999-02-16,1.5765499,1.1899927,1.5711695,1.1859243
1999-02-17,1.5767404,1.1899927,1.5713594,1.1859243
1999-02-18,1.5769309,1.1899927,1.5715492,1.1859243
1999-02-19,1.5771219,1.1899927,1.5717395,1.1859243
1999-02-22,1.576985,1.1894541,1.5719587,1.185656
1999-02-23,1.5573142,1.1744706,1.5622516,1.1781881
1999-02-24,1.5351686,1.1576231,1.5512408,1.1697377
1999-02-25,1.4970454,1.1287313,1.5320764,1.1551406
1999-02-26,1.5046528,1.1343276,1.5360637,1.1580042
1999-03-01,1.5052155,1.1343276,1.5366382,1.1580042
1999-03-02,1.5054044,1.1343276,1.536831,1.1580042
1999-03-03,1.5055912,1.1343276,1.5370217,1.1580042
1999-03-04,1.5057764,1.1343276,1.5372108,1.1580042
1999-03-05,1.5059616,1.1343276,1.5373999,1.1580042
1999-03-08,1.5065186,1.1343276,1.5379685,1.1580042
1999-03-09,1.5067048,1.1343276,1.5381586,1.1580042
1999-03-10,1.5068893,1.1343276,1.5383469,1.1580042
1999-03-11,1.5070738,1.1343276,1.5385353,1.1580042
1999-03-12,1.5072592,1.1343276,1.5387246,1.1580042
1999-03-15,1.507813,1.1343276,1.5392899,1.1580042
1999-03-16,1.5079972,1.1343276,1.539478,1.1580042
1999-03-17,1.5081803,1.1343276,1.5396648,1.1580042
1999-03-18,1.5083625,1.1343276,1.5398509,1.1580042
1999-03-19,1.5085439,1.1343276,1.5400361,1.1580042
1999-03-22,1.5090882,1.1343276,1.5405917,1.1580042
1999-03-23,1.5092701,1.1343276,1.5407775,1.1580042
1999-03-24,1.5094512,1.1343276,1.5409624,1.1580042
1999-03-25,1.5095699,1.1342806,1.5409796,1.1578782
1999-03-26,1.5097581,1.1342857,1.5411829,1.1578917
1999-03-29,1.5085801,1.1329913,1.5371161,1.1544186
1999-03-30,1.5105168,1.1343096,1.5420022,1.1579493
1999-03-31,1.5096434,1.1335182,1.5393586,1.1558258
1999-04-01,1.5098242,1.1335182,1.5395429,1.1558258
1999-04-02,1.5100029,1.1335182,1.5397251,1.1558258
1999-04-05,1.5105378,1.1335182,1.5402706,1.1558258
1999-04-06,1.5107153,1.1335182,1.5404516,1.1558258
1999-04-07,1.5108933,1.1335182,1.5406331,1.1558258
1999-04-08,1.5110713,1.1335182,1.5408146,1.1558258
1999-04-09,1.5112485,1.1335182,1.5409952,1.1558258
1999-04-12,1.5117826,1.1335182,1.5415399,1.1558258
1999-04-13,1.5119574,1.1335182,1.5417181,1.1558258
1999-04-14,1.5121314,1.1335182,1.5418955,1.1558258
1999-04-15,1.5123046,1.1335182,1.5420721,1.1558258
1999-04-16,1.5124786,1.1335182,1.5422495,1.1558258
1999-04-19,1.5130032,1.1335182,1.5427844,1.1558258
1999-04-20,1.5131781,1.1335182,1.5429628,1.1558258
1999-04-21,1.5133547,1.1335182,1.5431429,1.1558258
1999-04-22,1.5135305,1.1335182,1.5433222,1.1558258
1999-04-23,1.513708,1.1335182,1.5435031,1.1558258
1999-04-26,1.513972,1.1333144,1.5436953,1.1555603
1999-04-27,1.5152732,1.1341534,1.5453391,1.156653
1999-04-28,1.5100464,1.1301051,1.5384786,1.1513793
1999-04-29,1.515692,1.1341943,1.5457746,1.156701
1999-04-30,1.500463,1.122662,1.5258839,1.1416777
1999-05-03,1.5010093,1.122662,1.5264395,1.1416777
1999-05-04,1.5011932,1.122662,1.5266264,1.1416777
1999-05-05,1.5013782,1.122662,1.5268146,1.1416777
1999-05-06,1.5015625,1.122662,1.527002,1.1416777
1999-05-07,1.5017472,1.122662,1.5271899,1.1416777
1999-05-10,1.5023014,1.122662,1.5277535,1.1416777
1999-05-11,1.5024854,1.122662,1.5279406,1.1416777
1999-05-12,1.5026702,1.122662,1.5281285,1.1416777
1999-05-13,1.5028543,1.122662,1.5283157,1.1416777
1999-05-14,1.5030379,1.122662,1.5285024,1.1416777
1999-05-17,1.5035951,1.122662,1.529069,1.1416777
1999-05-18,1.5037825,1.122662,1.5292596,1.1416777
1999-05-19,1.5039691,1.122662,1.5294494,1.1416777
1999-05-20,1.5041545,1.122662,1.529638,1.1416777
1999-05-21,1.5043392,1.122662,1.5298257,1.1416777
1999-05-24,1.5042808,1.1222051,1.5300777,1.1414454
1999-05-25,1.506997,1.1240927,1.5315536,1.1424054
1999-05-26,1.4925805,1.1132003,1.5243225,1.1368705
1999-05-27,1.4759376,1.1006495,1.5159187,1.1304616
1999-05-28,1.4708348,1.0967079,1.5133921,1.1284375
1999-06-01,1.471565,1.0967079,1.5141434,1.1284375
1999-06-02,1.4717489,1.0967079,1.5143325,1.1284375
1999-06-03,1.4719347,1.0967079,1.5145238,1.1284375
1999-06-04,1.472117,1.0967079,1.5147113,1.1284375
1999-06-07,1.4726542,1.0967079,1.5152641,1.1284375
1999-06-08,1.4728318,1.0967079,1.5154468,1.1284375
1999-06-09,1.4730129,1.0967079,1.5156332,1.1284375
1999-06-10,1.4731933,1.0967079,1.5158188,1.1284375
1999-06-11,1.4733766,1.0967079,1.5160073,1.1284375
1999-06-14,1.4739336,1.0967079,1.5165805,1.1284375
1999-06-15,1.4741182,1.0967079,1.5167704,1.1284375
1999-06-16,1.4743044,1.0967079,1.516962,1.1284375
1999-06-17,1.4744877,1.0967079,1.5171507,1.1284375
1999-06-18,1.4746699,1.0967079,1.5173381,1.1284375
1999-06-21,1.4752214,1.0967079,1.5179056,1.1284375
1999-06-22,1.4754061,1.0967079,1.5180956,1.1284375
1999-06-23,1.4755921,1.0967079,1.5182869,1.1284375
1999-06-24,1.4757558,1.0966914,1.5183277,1.1283255
1999-06-25,1.4762134,1.0968932,1.5203585,1.1296925
1999-06-28,1.4773269,1.0973005,1.5246577,1.1324543
1999-06-29,1.4777888,1.0975029,1.5267042,1.1338291
1999-06-30,1.4790409,1.0982915,1.5341227,1.1391926
1999-07-01,1.4792293,1.0982915,1.5343182,1.1391926
1999-07-02,1.4794137,1.0982915,1.5345094,1.1391926
1999-07-06,1.4801514,1.0982915,1.5352746,1.1391926
1999-07-07,1.4803351,1.0982915,1.5354651,1.1391926
1999-07-08,1.4805192,1.0982915,1.5356561,1.1391926
1999-07-09,1.4807038,1.0982915,1.5358475,1.1391926
1999-07-12,1.4812587,1.0982915,1.5364232,1.1391926
1999-07-13,1.4814442,1.0982915,1.5366155,1.1391926
1999-07-14,1.4816301,1.0982915,1.5368083,1.1391926
1999-07-15,1.4818164,1.0982915,1.5370016,1.1391926
1999-07-16,1.482002,1.0982915,1.537194,1.1391926
1999-07-19,1.4825562,1.0982915,1.5377689,1.1391926
1999-07-20,1.4827398,1.0982915,1.5379593,1.1391926
1999-07-21,1.482923,1.0982915,1.5381494,1.1391926
1999-07-22,1.4831042,1.0982915,1.5383373,1.1391926
1999-07-23,1.4832862,1.0982915,1.5385261,1.1391926
1999-07-26,1.4837742,1.0982448,1.5388083,1.1389783
1999-07-27,1.4849823,1.0990011,1.5436915,1.1424498
1999-07-28,1.485432,1.0991964,1.5450985,1.1433481
1999-07-29,1.483863,1.0978974,1.5372116,1.1373684
1999-07-30,1.4829915,1.0971145,1.5325535,1.1337789
1999-08-02,1.4835546,1.0971145,1.5331355,1.1337789
1999-08-03,1.4837436,1.0971145,1.5333308,1.1337789
1999-08-04,1.4839347,1.0971145,1.5335282,1.1337789
1999-08-05,1.4841237,1.0971145,1.5337236,1.1337789
1999-08-06,1.4843112,1.0971145,1.5339173,1.1337789
1999-08-09,1.4848797,1.0971145,1.5345048,1.1337789
1999-08-10,1.4850733,1.0971145,1.5347049,1.1337789
1999-08-11,1.485269,1.0971145,1.5349072,1.1337789
1999-08-12,1.4854631,1.0971145,1.5351078,1.1337789
1999-08-13,1.4856528,1.0971145,1.5353038,1.1337789
1999-08-16,1.4862145,1.0971145,1.5358842,1.1337789
1999-08-17,1.4864026,1.0971145,1.5360786,1.1337789
1999-08-18,1.4865936,1.0971145,1.536276,1.1337789
1999-08-19,1.4867822,1.0971145,1.5364709,1.1337789
1999-08-20,1.4869703,1.0971145,1.5366654,1.1337789
1999-08-23,1.4875448,1.0971145,1.537259,1.1337789
1999-08-24,1.4877396,1.0971145,1.5374603,1.1337789
1999-08-25,1.4876334,1.0968904,1.5373506,1.1335473
1999-08-26,1.4854385,1.0951281,1.5350823,1.1317261
1999-08-27,1.4736057,1.0862607,1.5228541,1.1225624
1999-08-30,1.4624033,1.0775708,1.5112773,1.1135821
1999-08-31,1.4588006,1.074773,1.5075541,1.1106907
1999-09-01,1.458994,1.074773,1.5077541,1.1106907
1999-09-02,1.4591871,1.074773,1.5079536,1.1106907
1999-09-03,1.4593782,1.074773,1.5081511,1.1106907
1999-09-07,1.4601426,1.074773,1.5089411,1.1106907
1999-09-08,1.4603303,1.074773,1.509135,1.1106907
1999-09-09,1.4605179,1.074773,1.5093289,1.1106907
1999-09-10,1.4607052,1.074773,1.5095224,1.1106907
1999-09-13,1.4612598,1.074773,1.5100956,1.1106907
1999-09-14,1.4614456,1.074773,1.5102876,1.1106907
1999-09-15,1.4616334,1.074773,1.5104816,1.1106907
1999-09-16,1.4618184,1.074773,1.5106728,1.1106907
1999-09-17,1.4620014,1.074773,1.510862,1.1106907
1999-09-20,1.462547,1.074773,1.5114257,1.1106907
1999-09-21,1.4627297,1.074773,1.5116146,1.1106907
1999-09-22,1.4629164,1.074773,1.5118076,1.1106907
1999-09-23,1.4631044,1.074773,1.5120018,1.1106907
1999-09-24,1.4632286,1.0747261,1.5118877,1.1104642
1999-09-27,1.4617829,1.0732535,1.5027763,1.1033475
1999-09-28,1.4604603,1.0721448,1.4957084,1.0980168
1999-09-29,1.4586417,1.0706714,1.4862875,1.0909592
1999-09-30,1.4605451,1.071931,1.4946568,1.0969621
1999-10-01,1.4607348,1.071931,1.4948509,1.0969621
1999-10-04,1.4613039,1.071931,1.4954332,1.0969621
1999-10-05,1.4614917,1.071931,1.4956254,1.0969621
1999-10-06,1.4616806,1.071931,1.4958188,1.0969621
1999-10-07,1.4618681,1.071931,1.4960106,1.0969621
1999-10-08,1.4620563,1.071931,1.4962032,1.0969621
1999-10-12,1.4628062,1.071931,1.4969706,1.0969621
1999-10-13,1.4629957,1.071931,1.4971646,1.0969621
1999-10-14,1.4631897,1.071931,1.4973631,1.0969621
1999-10-15,1.4633853,1.071931,1.4975633,1.0969621
1999-10-18,1.4639747,1.071931,1.4981664,1.0969621
1999-10-19,1.4641728,1.071931,1.4983692,1.0969621
1999-10-20,1.4643734,1.071931,1.4985745,1.0969621
1999-10-21,1.464574,1.071931,1.4987797,1.0969621
1999-10-22,1.4647742,1.071931,1.4989846,1.0969621
1999-10-25,1.4652957,1.0718791,1.4994401,1.0968518
1999-10-26,1.4649384,1.0714742,1.4984644,1.0959911
1999-10-27,1.4665706,1.0725212,1.5017112,1.0982157
1999-10-28,1.4687786,1.0739893,1.5061863,1.1013383
1999-10-29,1.4717871,1.0760432,1.512374,1.1057132
1999-11-01,1.4723883,1.0760432,1.5129918,1.1057132
1999-11-02,1.4725892,1.0760432,1.5131983,1.1057132
1999-11-03,1.4727906,1.0760432,1.5134051,1.1057132
1999-11-04,1.4729911,1.0760432,1.5136112,1.1057132
1999-11-05,1.4731909,1.0760432,1.5138165,1.1057132
1999-11-08,1.4737951,1.0760432,1.5144374,1.1057132
1999-11-09,1.4739986,1.0760432,1.5146465,1.1057132
1999-11-10,1.4742021,1.0760432,1.5148556,1.1057132
1999-11-12,1.47461,1.0760432,1.5152748,1.1057132
1999-11-15,1.4752257,1.0760432,1.5159075,1.1057132
1999-11-16,1.4754327,1.0760432,1.5161201,1.1057132
1999-11-17,1.4756404,1.0760432,1.5163336,1.1057132
1999-11-18,1.4758462,1.0760432,1.5165451,1.1057132
1999-11-19,1.4760516,1.0760432,1.5167561,1.1057132
1999-11-22,1.4766679,1.0760432,1.5173894,1.1057132
1999-11-23,1.4765328,1.075795,1.5174256,1.1055856
1999-11-24,1.4754221,1.0748345,1.5169615,1.1050921
1999-11-26,1.4718491,1.0719289,1.5153383,1.1035984
1999-11-29,1.460462,1.063183,1.5097966,1.0990962
1999-11-30,1.4644025,1.065901,1.5119404,1.1005011
1999-12-01,1.4646091,1.065901,1.5121537,1.1005011
1999-12-02,1.4648146,1.065901,1.5123658,1.1005011
1999-12-03,1.4650193,1.065901,1.5125772,1.1005011
1999-12-06,1.4656334,1.065901,1.5132112,1.1005011
1999-12-07,1.4658378,1.065901,1.5134222,1.1005011
1999-12-08,1.4660414,1.065901,1.5136324,1.1005011
1999-12-09,1.466245,1.065901,1.5138427,1.1005011
1999-12-10,1.4664499,1.065901,1.5140542,1.1005011
1999-12-13,1.4670694,1.065901,1.5146938,1.1005011
1999-12-14,1.4672792,1.065901,1.5149105,1.1005011
1999-12-15,1.4674895,1.065901,1.5151275,1.1005011
1999-12-16,1.4676981,1.065901,1.515343,1.1005011
1999-12-17,1.4679084,1.065901,1.5155601,1.1005011
1999-12-20,1.4685455,1.065901,1.5162178,1.1005011
1999-12-21,1.4687623,1.065901,1.5164417,1.1005011
1999-12-22,1.4689804,1.065901,1.5166669,1.1005011
1999-12-23,1.4691973,1.065901,1.5168909,1.1005011
1999-12-27,1.4699651,1.0658377,1.5175719,1.1003548
1999-12-28,1.469146,1.0650891,1.5154053,1.0986241
1999-12-29,1.4704179,1.065858,1.518073,1.1004001
1999-12-30,1.4709878,1.0661227,1.5191288,1.1010122
1999-12-31,1.4690301,1.0645557,1.5143397,1.0973883
2000-01-03,1.4696543,1.0645557,1.5149832,1.0973883
2000-01-04,1.4698665,1.0645557,1.5152019,1.0973883
2000-01-05,1.4700787,1.0645557,1.5154207,1.0973883
2000-01-06,1.4702914,1.0645557,1.5156399,1.0973883
2000-01-07,1.4705029,1.0645557,1.5158579,1.0973883
2000-01-10,1.4711338,1.0645557,1.5165083,1.0973883
2000-01-11,1.471345,1.0645557,1.516726,1.0973883
2000-01-12,1.4715574,1.0645557,1.516945,1.0973883
2000-01-13,1.4717707,1.0645557,1.5171648,1.0973883
2000-01-14,1.4719824,1.0645557,1.5173831,1.0973883
2000-01-18,1.4728293,1.0645557,1.5182561,1.0973883
2000-01-19,1.4730407,1.0645557,1.518474,1.0973883
2000-01-20,1.4732566,1.0645557,1.5186966,1.0973883
2000-01-21,1.4734714,1.0645557,1.518918,1.0973883
2000-01-24,1.4741144,1.0645557,1.5195809,1.0973883
2000-01-25,1.4742469,1.0644962,1.5196299,1.0972638
2000-01-26,1.4748097,1.0647451,1.520576,1.0977846
2000-01-27,1.4753731,1.0649941,1.521523,1.0983055
2000-01-28,1.4762677,1.0654817,1.5231629,1.0993262
2000-01-31,1.4762299,1.0649745,1.5223773,1.0982641
2000-02-01,1.4764536,1.0649745,1.5226079,1.0982641
2000-02-02,1.4766777,1.0649745,1.522839,1.0982641
2000-02-03,1.4768998,1.0649745,1.5230681,1.0982641
2000-02-04,1.4771207,1.0649745,1.5232959,1.0982641
2000-02-07,1.4777884,1.0649745,1.5239845,1.0982641
2000-02-08,1.4780099,1.0649745,1.5242129,1.0982641
2000-02-09,1.4782334,1.0649745,1.5244434,1.0982641
2000-02-10,1.4784558,1.0649745,1.5246727,1.0982641
2000-02-11,1.4786786,1.0649745,1.5249025,1.0982641
2000-02-14,1.4793458,1.0649745,1.5255906,1.0982641
2000-02-15,1.4795675,1.0649745,1.5258192,1.0982641
2000-02-16,1.4797937,1.0649745,1.5260525,1.0982641
2000-02-17,1.4800191,1.0649745,1.5262849,1.0982641
2000-02-18,1.4802449,1.0649745,1.5265178,1.0982641
2000-02-22,1.4811501,1.0649745,1.5274513,1.0982641
2000-02-23,1.4810745,1.0647567,1.5275295,1.0981518
2000-02-24,1.49106,1.0717709,1.5327969,1.1017689
2000-02-25,1.491319,1.0717917,1.5330482,1.1017796
2000-02-28,1.4908732,1.0709763,1.5331732,1.1013605
2000-02-29,1.4847263,1.0663954,1.5301307,1.099005
2000-03-01,1.4849549,1.0663954,1.5303663,1.099005
2000-03-02,1.4851827,1.0663954,1.5306011,1.099005
2000-03-03,1.4854106,1.0663954,1.530836,1.099005
2000-03-06,1.486098,1.0663954,1.5315443,1.099005
2000-03-07,1.4863284,1.0663954,1.5317818,1.099005
2000-03-08,1.4865593,1.0663954,1.5320198,1.099005
2000-03-09,1.4867902,1.0663954,1.5322578,1.099005
2000-03-10,1.4870208,1.0663954,1.5324954,1.099005
2000-03-13,1.4877174,1.0663954,1.5332133,1.099005
2000-03-14,1.4879502,1.0663954,1.5334532,1.099005
2000-03-15,1.4881829,1.0663954,1.5336931,1.099005
2000-03-16,1.4884149,1.0663954,1.5339322,1.099005
2000-03-17,1.4886474,1.0663954,1.5341717,1.099005
2000-03-20,1.4893472,1.0663954,1.534893,1.099005
2000-03-21,1.4895815,1.0663954,1.5351344,1.099005
2000-03-22,1.4898157,1.0663954,1.5353758,1.099005
2000-03-23,1.49005,1.0663954,1.5356172,1.099005
2000-03-24,1.4902839,1.0663954,1.5358583,1.099005
2000-03-27,1.4908977,1.0663315,1.5364262,1.0988929
2000-03-28,1.4925669,1.0673591,1.5391872,1.1006963
2000-03-29,1.4924475,1.0671065,1.538808,1.1002527
2000-03-30,1.4970061,1.0701984,1.5466425,1.1056816
2000-03-31,1.4982388,1.0709122,1.5486412,1.1069376
2000-04-03,1.4989432,1.0709122,1.5493693,1.1069376
2000-04-04,1.4991769,1.0709122,1.5496109,1.1069376
2000-04-05,1.4994098,1.0709122,1.5498516,1.1069376
2000-04-06,1.4996439,1.0709122,1.5500936,1.1069376
2000-04-07,1.4998789,1.0709122,1.5503365,1.1069376
2000-04-10,1.5005853,1.0709122,1.5510667,1.1069376
2000-04-11,1.5008196,1.0709122,1.5513089,1.1069376
2000-04-12,1.5010528,1.0709122,1.5515499,1.1069376
2000-04-13,1.501286,1.0709122,1.5517909,1.1069376
2000-04-14,1.5015183,1.0709122,1.5520311,1.1069376
2000-04-17,1.5022156,1.0709122,1.5527518,1.1069376
2000-04-18,1.5024482,1.0709122,1.5529922,1.1069376
2000-04-19,1.5026807,1.0709122,1.5532326,1.1069376
2000-04-20,1.5029133,1.0709122,1.553473,1.1069376
2000-04-24,1.5037382,1.0708392,1.554269,1.1068218
2000-04-25,1.4982756,1.0667846,1.545471,1.1003865
2000-04-26,1.498513,1.0667891,1.5457194,1.1003936
2000-04-27,1.495114,1.064206,1.5402088,1.0963021
2000-04-28,1.4952494,1.0641393,1.5402965,1.0961966
2000-05-01,1.495945,1.0641393,1.5410131,1.0961966
2000-05-02,1.4961773,1.0641393,1.5412525,1.0961966
2000-05-03,1.496413,1.0641393,1.5414953,1.0961966
2000-05-04,1.4966484,1.0641393,1.5417377,1.0961966
2000-05-05,1.4968833,1.0641393,1.5419797,1.0961966
2000-05-08,1.4975957,1.0641393,1.5427135,1.0961966
2000-05-09,1.4978365,1.0641393,1.5429616,1.0961966
2000-05-10,1.4980811,1.0641393,1.5432136,1.0961966
2000-05-11,1.4983257,1.0641393,1.5434656,1.0961966
2000-05-12,1.4985704,1.0641393,1.5437176,1.0961966
2000-05-15,1.4993045,1.0641393,1.5444738,1.0961966
2000-05-16,1.4995485,1.0641393,1.5447252,1.0961966
2000-05-17,1.4997958,1.0641393,1.5449799,1.0961966
2000-05-18,1.5000374,1.0641393,1.5452288,1.0961966
2000-05-19,1.5002737,1.0641393,1.5454723,1.0961966
2000-05-22,1.5009778,1.0641393,1.5461976,1.0961966
2000-05-23,1.5012126,1.0641393,1.5464395,1.0961966
2000-05-24,1.5011374,1.0639158,1.5465244,1.0960815
2000-05-25,1.5115296,1.0711135,1.5519995,1.0997892
2000-05-26,1.5194624,1.0765683,1.5561928,1.1025895
2000-05-30,1.51411,1.0721094,1.5539337,1.1003062
2000-05-31,1.5256003,1.0800809,1.5599491,1.1043968
2000-06-01,1.5258293,1.0800809,1.5601833,1.1043968
2000-06-02,1.5260622,1.0800809,1.5604214,1.1043968
2000-06-05,1.5267771,1.0800809,1.5611525,1.1043968
2000-06-06,1.5270164,1.0800809,1.5613971,1.1043968
2000-06-07,1.5272599,1.0800809,1.5616461,1.1043968
2000-06-08,1.5275005,1.0800809,1.5618921,1.1043968
2000-06-09,1.5277407,1.0800809,1.5621377,1.1043968
2000-06-12,1.5284627,1.0800809,1.562876,1.1043968
2000-06-13,1.528701,1.0800809,1.5631196,1.1043968
2000-06-14,1.5289405,1.0800809,1.5633646,1.1043968
2000-06-15,1.5291776,1.0800809,1.563607,1.1043968
2000-06-16,1.5294152,1.0800809,1.5638499,1.1043968
2000-06-19,1.5301267,1.0800809,1.5645774,1.1043968
2000-06-20,1.5303631,1.0800809,1.5648192,1.1043968
2000-06-21,1.5305992,1.0800809,1.5650606,1.1043968
2000-06-22,1.5308361,1.0800809,1.5653028,1.1043968
2000-06-23,1.5310739,1.0800809,1.565546,1.1043968
2000-06-26,1.5317333,1.080041,1.5661989,1.1043409
2000-06-27,1.5322004,1.0802028,1.5667633,1.1045676
2000-06-28,1.5322148,1.0800452,1.5666934,1.1043467
2000-06-29,1.5340455,1.0811684,1.5691683,1.1059204
2000-06-30,1.5344573,1.0812905,1.5696552,1.1060914
2000-07-03,1.5351775,1.0812905,1.5703919,1.1060914
2000-07-05,1.5356612,1.0812905,1.5708866,1.1060914
2000-07-06,1.535906,1.0812905,1.5711371,1.1060914
2000-07-07,1.5361522,1.0812905,1.5713889,1.1060914
2000-07-10,1.5368933,1.0812905,1.5721471,1.1060914
2000-07-11,1.5371418,1.0812905,1.5724012,1.1060914
2000-07-12,1.5373915,1.0812905,1.5726567,1.1060914
2000-07-13,1.5376438,1.0812905,1.5729148,1.1060914
2000-07-14,1.5378966,1.0812905,1.5731733,1.1060914
2000-07-17,1.5386537,1.0812905,1.5739478,1.1060914
2000-07-18,1.5389058,1.0812905,1.5742057,1.1060914
2000-07-19,1.5391579,1.0812905,1.5744636,1.1060914
2000-07-20,1.5394109,1.0812905,1.5747224,1.1060914
2000-07-21,1.539664,1.0812905,1.5749813,1.1060914
2000-07-24,1.540417,1.0812905,1.5757515,1.1060914
2000-07-25,1.5405329,1.0811947,1.5758258,1.1059623
2000-07-26,1.5407856,1.0811937,1.5760839,1.105961
2000-07-27,1.5421303,1.0819596,1.5778138,1.1069932
2000-07-28,1.541291,1.0811917,1.5765995,1.105958
2000-07-31,1.541913,1.0810931,1.5771901,1.1058251
2000-08-01,1.5421677,1.0810931,1.5774507,1.1058251
2000-08-02,1.5424242,1.0810931,1.577713,1.1058251
2000-08-03,1.5426807,1.0810931,1.5779754,1.1058251
2000-08-04,1.5429364,1.0810931,1.578237,1.1058251
2000-08-07,1.5437036,1.0810931,1.5790217,1.1058251
2000-08-08,1.5439599,1.0810931,1.5792839,1.1058251
2000-08-09,1.5442171,1.0810931,1.579547,1.1058251
2000-08-10,1.5444739,1.0810931,1.5798097,1.1058251
2000-08-11,1.5447308,1.0810931,1.5800724,1.1058251
2000-08-14,1.5455065,1.0810931,1.5808659,1.1058251
2000-08-15,1.5457644,1.0810931,1.5811297,1.1058251
2000-08-16,1.5460227,1.0810931,1.5813939,1.1058251
2000-08-17,1.5462807,1.0810931,1.5816577,1.1058251
2000-08-18,1.5465387,1.0810931,1.5819216,1.1058251
2000-08-21,1.5473128,1.0810931,1.5827135,1.1058251
2000-08-22,1.547571,1.0810931,1.5829775,1.1058251
2000-08-23,1.5478296,1.0810931,1.5832421,1.1058251
2000-08-24,1.5480887,1.0810931,1.5835071,1.1058251
2000-08-25,1.5479257,1.0807982,1.5835563,1.1056743
2000-08-28,1.5401998,1.0748593,1.5800034,1.1026365
2000-08-29,1.5354116,1.0713369,1.5776803,1.1008298
2000-08-30,1.535645,1.0713198,1.5779327,1.100821
2000-08-31,1.548857,1.0803568,1.5848533,1.1054639
2000-09-01,1.5491171,1.0803568,1.5851195,1.1054639
2000-09-05,1.550151,1.0803568,1.5861774,1.1054639
2000-09-06,1.5504088,1.0803568,1.5864412,1.1054639
2000-09-07,1.5506649,1.0803568,1.5867032,1.1054639
2000-09-08,1.5509207,1.0803568,1.5869649,1.1054639
2000-09-11,1.5516817,1.0803568,1.5877436,1.1054639
2000-09-12,1.5519346,1.0803568,1.5880025,1.1054639
2000-09-13,1.5521863,1.0803568,1.58826,1.1054639
2000-09-14,1.5524381,1.0803568,1.5885176,1.1054639
2000-09-15,1.552692,1.0803568,1.5887775,1.1054639
2000-09-18,1.5534539,1.0803568,1.589557,1.1054639
2000-09-19,1.553708,1.0803568,1.589817,1.1054639
2000-09-20,1.553963,1.0803568,1.5900779,1.1054639
2000-09-21,1.5542176,1.0803568,1.5903384,1.1054639
2000-09-22,1.5544722,1.0803568,1.590599,1.1054639
2000-09-25,1.5550772,1.0802454,1.591161,1.1053103
2000-09-26,1.5572533,1.0815797,1.5940719,1.107151
2000-09-27,1.5562181,1.0806829,1.592552,1.1059133
2000-09-28,1.5571106,1.0811245,1.593692,1.1065226
2000-09-29,1.5584877,1.0819009,1.5954999,1.1075938
2000-10-02,1.5592627,1.0819009,1.5962933,1.1075938
2000-10-03,1.5595203,1.0819009,1.596557,1.1075938
2000-10-04,1.5597792,1.0819009,1.5968221,1.1075938
2000-10-05,1.5600381,1.0819009,1.5970872,1.1075938
2000-10-06,1.5602976,1.0819009,1.5973528,1.1075938
2000-10-10,1.5613338,1.0819009,1.5984136,1.1075938
2000-10-11,1.5615926,1.0819009,1.5986785,1.1075938
2000-10-12,1.5618514,1.0819009,1.5989435,1.1075938
2000-10-13,1.5621086,1.0819009,1.5992068,1.1075938
2000-10-16,1.5628815,1.0819009,1.5999981,1.1075938
2000-10-17,1.563141,1.0819009,1.6002637,1.1075938
2000-10-18,1.5634031,1.0819009,1.600532,1.1075938
2000-10-19,1.5636652,1.0819009,1.6008004,1.1075938
2000-10-20,1.5639283,1.0819009,1.6010697,1.1075938
2000-10-23,1.5647162,1.0819009,1.6018764,1.1075938
2000-10-24,1.5649803,1.0819009,1.6021467,1.1075938
2000-10-25,1.5650355,1.0817561,1.6021468,1.1074066
2000-10-26,1.5636102,1.0805872,1.6002314,1.1058946
2000-10-27,1.5613543,1.0788452,1.5972431,1.1036422
2000-10-30,1.5604337,1.077662,1.5958398,1.1021129
2000-10-31,1.5579812,1.0757855,1.5925994,1.0996881
2000-11-01,1.5582454,1.0757855,1.5928695,1.0996881
2000-11-02,1.5585092,1.0757855,1.5931392,1.0996881
2000-11-03,1.5587735,1.0757855,1.5934094,1.0996881
2000-11-06,1.5595678,1.0757855,1.5942214,1.0996881
2000-11-07,1.5598345,1.0757855,1.5944939,1.0996881
2000-11-08,1.5601007,1.0757855,1.5947661,1.0996881
2000-11-09,1.5603666,1.0757855,1.5950378,1.0996881
2000-11-10,1.560632,1.0757855,1.5953092,1.0996881
2000-11-13,1.561426,1.0757855,1.5961208,1.0996881
2000-11-14,1.5616908,1.0757855,1.5963915,1.0996881
2000-11-15,1.5619553,1.0757855,1.5966618,1.0996881
2000-11-16,1.5622201,1.0757855,1.5969326,1.0996881
2000-11-17,1.5624842,1.0757855,1.5972025,1.0996881
2000-11-20,1.5632766,1.0757855,1.5980125,1.0996881
2000-11-21,1.5635413,1.0757855,1.5982831,1.0996881
2000-11-22,1.563806,1.0757855,1.5985537,1.0996881
2000-11-24,1.5637879,1.0754088,1.5988151,1.0994956
2000-11-27,1.5622451,1.0738015,1.5984325,1.0986739
2000-11-28,1.573422,1.0813032,1.6042848,1.1025117
2000-11-29,1.5824853,1.0873511,1.6090394,1.1055949
2000-11-30,1.5977695,1.0976726,1.6169433,1.1108423
2000-12-01,1.5980335,1.0976726,1.6172105,1.1108423
2000-12-04,1.5988281,1.0976726,1.6180146,1.1108423
2000-12-05,1.599091,1.0976726,1.6182806,1.1108423
2000-12-06,1.5993499,1.0976726,1.6185427,1.1108423
2000-12-07,1.5996093,1.0976726,1.6188052,1.1108423
2000-12-08,1.5998696,1.0976726,1.6190686,1.1108423
2000-12-11,1.6006481,1.0976726,1.6198564,1.1108423
2000-12-12,1.6009072,1.0976726,1.6201187,1.1108423
2000-12-13,1.6011656,1.0976726,1.6203801,1.1108423
2000-12-14,1.601424,1.0976726,1.6206416,1.1108423
2000-12-15,1.6016824,1.0976726,1.6209031,1.1108423
2000-12-18,1.6024525,1.0976726,1.6216825,1.1108423
2000-12-19,1.6027063,1.0976726,1.6219393,1.1108423
2000-12-20,1.6029592,1.0976726,1.6221953,1.1108423
2000-12-21,1.6032077,1.0976726,1.6224468,1.1108423
2000-12-22,1.6032396,1.0975369,1.6224287,1.1106704
2000-12-26,1.6025383,1.0964397,1.6213119,1.1092815
2000-12-27,1.5972415,1.0926472,1.6145456,1.1044816
2000-12-28,1.595899,1.0915615,1.6127859,1.1031086
2000-12-29,1.5967191,1.0919516,1.6137593,1.1036019
2001-01-02,1.5977217,1.0919516,1.6147727,1.1036019
2001-01-03,1.5979708,1.0919516,1.6150244,1.1036019
2001-01-04,1.5982129,1.0919516,1.6152691,1.1036019
2001-01-05,1.5984419,1.0919516,1.6155006,1.1036019
2001-01-08,1.5990975,1.0919516,1.6161631,1.1036019
2001-01-09,1.5993192,1.0919516,1.6163872,1.1036019
2001-01-10,1.5995426,1.0919516,1.616613,1.1036019
2001-01-11,1.5997683,1.0919516,1.6168411,1.1036019
2001-01-12,1.5999949,1.0919516,1.6170702,1.1036019
2001-01-16,1.6009049,1.0919516,1.6179899,1.1036019
2001-01-17,1.6011339,1.0919516,1.6182213,1.1036019
2001-01-18,1.6013629,1.0919516,1.6184527,1.1036019
2001-01-19,1.6015884,1.0919516,1.6186806,1.1036019
2001-01-22,1.6022597,1.0919516,1.6193591,1.1036019
2001-01-23,1.6024841,1.0919516,1.6195858,1.1036019
2001-01-24,1.602708,1.0919516,1.6198121,1.1036019
2001-01-25,1.6028737,1.0919108,1.6199623,1.1035487
2001-01-26,1.6031001,1.0919112,1.6201913,1.1035494
2001-01-29,1.6030503,1.091425,1.6199345,1.1029173
2001-01-30,1.6051958,1.0927365,1.6226596,1.1046219
2001-01-31,1.6065602,1.0935189,1.6243713,1.1056392
2001-02-01,1.6067741,1.0935189,1.6245876,1.1056392
2001-02-02,1.6069885,1.0935189,1.6248044,1.1056392
2001-02-05,1.6076396,1.0935189,1.6254628,1.1056392
2001-02-06,1.6078581,1.0935189,1.6256836,1.1056392
2001-02-07,1.6080757,1.0935189,1.6259037,1.1056392
2001-02-08,1.6082933,1.0935189,1.6261237,1.1056392
2001-02-09,1.6085115,1.0935189,1.6263443,1.1056392
2001-02-12,1.6091632,1.0935189,1.6270033,1.1056392
2001-02-13,1.6093806,1.0935189,1.627223,1.1056392
2001-02-14,1.6095975,1.0935189,1.6274424,1.1056392
2001-02-15,1.6098154,1.0935189,1.6276626,1.1056392
2001-02-16,1.6100337,1.0935189,1.6278834,1.1056392
2001-02-20,1.6108965,1.0935189,1.6287557,1.1056392
2001-02-21,1.6111136,1.0935189,1.6289753,1.1056392
2001-02-22,1.6110383,1.0933213,1.6290463,1.1055392
2001-02-23,1.6170987,1.097288,1.6322193,1.1075447
2001-02-26,1.6236358,1.1012935,1.6358383,1.1095662
2001-02-27,1.634515,1.1085307,1.6414244,1.113212
2001-02-28,1.6392161,1.1115762,1.6438905,1.1147412
2001-03-01,1.6394285,1.1115762,1.6441036,1.1147412
2001-03-02,1.6396405,1.1115762,1.6443162,1.1147412
2001-03-05,1.6402766,1.1115762,1.6449541,1.1147412
2001-03-06,1.6404878,1.1115762,1.6451659,1.1147412
2001-03-07,1.6406977,1.1115762,1.6453764,1.1147412
2001-03-08,1.6409031,1.1115762,1.6455824,1.1147412
2001-03-09,1.6411081,1.1115762,1.645788,1.1147412
2001-03-12,1.6417299,1.1115762,1.6464116,1.1147412
2001-03-13,1.6419341,1.1115762,1.6466164,1.1147412
2001-03-14,1.6421384,1.1115762,1.6468212,1.1147412
2001-03-15,1.6423377,1.1115762,1.647021,1.1147412
2001-03-16,1.6425361,1.1115762,1.64722,1.1147412
2001-03-19,1.6431342,1.1115762,1.6478198,1.1147412
2001-03-20,1.6433331,1.1115762,1.6480194,1.1147412
2001-03-21,1.6435303,1.1115762,1.6482171,1.1147412
2001-03-22,1.6437199,1.1115762,1.6484072,1.1147412
2001-03-23,1.6439073,1.1115762,1.6485951,1.1147412
2001-03-26,1.6443828,1.111515,1.6490144,1.1146409
2001-03-27,1.6391827,1.1078724,1.640375,1.1086731
2001-03-28,1.6404593,1.1086065,1.6423414,1.1098734
2001-03-29,1.6402988,1.1083695,1.6419582,1.1094858
2001-03-30,1.6422072,1.1095309,1.6449588,1.1113851
2001-04-02,1.6427741,1.1095309,1.6455267,1.1113851
2001-04-03,1.6429595,1.1095309,1.6457124,1.1113851
2001-04-04,1.6431418,1.1095309,1.645895,1.1113851
2001-04-05,1.6433219,1.1095309,1.6460754,1.1113851
2001-04-06,1.6435024,1.1095309,1.6462563,1.1113851
2001-04-09,1.6440225,1.1095309,1.6467772,1.1113851
2001-04-10,1.6441954,1.1095309,1.6469504,1.1113851
2001-04-11,1.6443689,1.1095309,1.6471242,1.1113851
2001-04-12,1.6445482,1.1095309,1.6473038,1.1113851
2001-04-16,1.6452547,1.1095309,1.6480114,1.1113851
2001-04-17,1.6454372,1.1095309,1.6481943,1.1113851
2001-04-18,1.6456184,1.1095309,1.6483758,1.1113851
2001-04-19,1.6457907,1.1095309,1.6485483,1.1113851
2001-04-20,1.6459611,1.1095309,1.6487191,1.1113851
2001-04-23,1.646459,1.1095309,1.6492177,1.1113851
2001-04-24,1.6465124,1.1094557,1.6492211,1.1112759
2001-04-25,1.6440308,1.1076708,1.6455449,1.1086858
2001-04-26,1.6477934,1.110092,1.6509248,1.1121966
2001-04-27,1.6417627,1.1059155,1.6420958,1.1061348
2001-04-30,1.641788,1.1055908,1.6419049,1.1056643
2001-05-01,1.6419616,1.1055908,1.6420785,1.1056643
2001-05-02,1.6421339,1.1055908,1.6422508,1.1056643
2001-05-03,1.6423049,1.1055908,1.6424218,1.1056643
2001-05-04,1.6424736,1.1055908,1.6425905,1.1056643
2001-05-07,1.6429664,1.1055908,1.6430833,1.1056643
2001-05-08,1.6431307,1.1055908,1.6432476,1.1056643
2001-05-09,1.6432936,1.1055908,1.6434106,1.1056643
2001-05-10,1.6434575,1.1055908,1.6435745,1.1056643
2001-05-11,1.6436223,1.1055908,1.6437393,1.1056643
2001-05-14,1.6441208,1.1055908,1.6442378,1.1056643
2001-05-15,1.6442843,1.1055908,1.6444013,1.1056643
2001-05-16,1.6444442,1.1055908,1.6445613,1.1056643
2001-05-17,1.6446015,1.1055908,1.6447185,1.1056643
2001-05-18,1.6447587,1.1055908,1.6448758,1.1056643
2001-05-21,1.6452359,1.1055908,1.645353,1.1056643
2001-05-22,1.6453968,1.1055908,1.6455139,1.1056643
2001-05-23,1.6455573,1.1055908,1.6456744,1.1056643
2001-05-24,1.6454117,1.1053851,1.6456819,1.1055614
2001-05-25,1.6456554,1.1054392,1.6458853,1.1055885
2001-05-29,1.6441853,1.104018,1.6454731,1.1048778
2001-05-30,1.6444297,1.1040723,1.6456772,1.104905
2001-05-31,1.6578838,1.1129965,1.6524905,1.1093704
2001-06-01,1.658045,1.1129965,1.6526512,1.1093704
2001-06-04,1.6585343,1.1129965,1.6531389,1.1093704
2001-06-05,1.6586978,1.1129965,1.6533019,1.1093704
2001-06-06,1.6588592,1.1129965,1.6534627,1.1093704
2001-06-07,1.6590201,1.1129965,1.6536231,1.1093704
2001-06-08,1.6591814,1.1129965,1.6537839,1.1093704
2001-06-11,1.6596669,1.1129965,1.6542678,1.1093704
2001-06-12,1.659827,1.1129965,1.6544273,1.1093704
2001-06-13,1.6599852,1.1129965,1.6545851,1.1093704
2001-06-14,1.660143,1.1129965,1.6547424,1.1093704
2001-06-15,1.6603013,1.1129965,1.6549001,1.1093704
2001-06-18,1.6607707,1.1129965,1.6553681,1.1093704
2001-06-19,1.6609273,1.1129965,1.6555241,1.1093704
2001-06-20,1.6610833,1.1129965,1.6556796,1.1093704
2001-06-21,1.6612385,1.1129965,1.6558343,1.1093704
2001-06-22,1.6613946,1.1129965,1.6559899,1.1093704
2001-06-25,1.6618187,1.1129723,1.6563689,1.109317
2001-06-26,1.6608289,1.1122063,1.6540012,1.1076286
2001-06-27,1.6607042,1.1120198,1.6535409,1.1072178
2001-06-28,1.6595807,1.1111627,1.650878,1.1053304
2001-06-29,1.6587166,1.1104758,1.648782,1.1038192
2001-07-02,1.6592033,1.1104758,1.6492658,1.1038192
2001-07-03,1.6593665,1.1104758,1.649428,1.1038192
2001-07-05,1.659692,1.1104758,1.6497516,1.1038192
2001-07-06,1.6598544,1.1104758,1.6499129,1.1038192
2001-07-09,1.6603387,1.1104758,1.6503944,1.1038192
2001-07-10,1.6605011,1.1104758,1.6505558,1.1038192
2001-07-11,1.6606626,1.1104758,1.6507163,1.1038192
2001-07-12,1.6608218,1.1104758,1.6508746,1.1038192
2001-07-13,1.660982,1.1104758,1.6510338,1.1038192
2001-07-16,1.6614653,1.1104758,1.6515142,1.1038192
2001-07-17,1.6616273,1.1104758,1.6516753,1.1038192
2001-07-18,1.661788,1.1104758,1.651835,1.1038192
2001-07-19,1.6619456,1.1104758,1.6519916,1.1038192
2001-07-20,1.6621036,1.1104758,1.6521486,1.1038192
2001-07-23,1.6625749,1.1104758,1.6526171,1.1038192
2001-07-24,1.6627334,1.1104758,1.6527747,1.1038192
2001-07-25,1.6628087,1.1104203,1.6527403,1.1036909
2001-07-26,1.6633196,1.1106556,1.6537111,1.1042341
2001-07-27,1.6655008,1.1120061,1.6585387,1.1073523
2001-07-30,1.6667014,1.1124906,1.6606897,1.1084726
2001-07-31,1.6681378,1.113343,1.6638034,1.1104449
2001-08-01,1.6682959,1.113343,1.6639611,1.1104449
2001-08-02,1.6684536,1.113343,1.6641183,1.1104449
2001-08-03,1.6686113,1.113343,1.6642756,1.1104449
2001-08-06,1.6690831,1.113343,1.6647462,1.1104449
2001-08-07,1.6692404,1.113343,1.6649031,1.1104449
2001-08-08,1.6693977,1.113343,1.66506,1.1104449
2001-08-09,1.6695537,1.113343,1.6652156,1.1104449
2001-08-10,1.6697083,1.113343,1.6653698,1.1104449
2001-08-13,1.6701694,1.113343,1.6658297,1.1104449
2001-08-14,1.6703236,1.113343,1.6659835,1.1104449
2001-08-15,1.6704769,1.113343,1.6661364,1.1104449
2001-08-16,1.6706303,1.113343,1.6662893,1.1104449
2001-08-17,1.6707822,1.113343,1.6664409,1.1104449
2001-08-20,1.671234,1.113343,1.6668915,1.1104449
2001-08-21,1.6713869,1.113343,1.667044,1.1104449
2001-08-22,1.6715385,1.113343,1.6671952,1.1104449
2001-08-23,1.6716901,1.113343,1.6673464,1.1104449
2001-08-24,1.6718426,1.113343,1.6674985,1.1104449
2001-08-27,1.6719037,1.1130771,1.6677585,1.1103123
2001-08-28,1.6865752,1.1227419,1.6751531,1.1151327
2001-08-29,1.6981731,1.1303602,1.6809892,1.118916
2001-08-30,1.6967737,1.1293253,1.6803735,1.1184038
2001-08-31,1.6868386,1.122611,1.6755297,1.1150791
2001-09-04,1.6874487,1.122611,1.6761356,1.1150791
2001-09-05,1.687604,1.122611,1.6762899,1.1150791
2001-09-06,1.687758,1.122611,1.6764429,1.1150791
2001-09-07,1.6879092,1.122611,1.6765931,1.1150791
2001-09-10,1.6883531,1.122611,1.677034,1.1150791
2001-09-13,1.6887958,1.122611,1.6774737,1.1150791
2001-09-14,1.6889198,1.122611,1.6775969,1.1150791
2001-09-17,1.6892793,1.122611,1.677954,1.1150791
2001-09-18,1.6893969,1.122611,1.6780708,1.1150791
2001-09-19,1.6895094,1.122611,1.6781825,1.1150791
2001-09-20,1.6896089,1.122611,1.6782814,1.1150791
2001-09-21,1.6897098,1.122611,1.6783816,1.1150791
2001-09-24,1.6899864,1.1225908,1.678526,1.1149726
2001-09-25,1.6902255,1.122678,1.6793273,1.1154336
2001-09-26,1.6911967,1.1232508,1.6839975,1.1184638
2001-09-27,1.6921701,1.1238256,1.6886938,1.1215116
2001-09-28,1.6920126,1.1236493,1.6873905,1.1205744
2001-10-01,1.6923394,1.1236493,1.6877164,1.1205744
2001-10-02,1.692447,1.1236493,1.6878237,1.1205744
2001-10-03,1.6925499,1.1236493,1.6879263,1.1205744
2001-10-04,1.6926515,1.1236493,1.6880276,1.1205744
2001-10-05,1.6927521,1.1236493,1.688128,1.1205744
2001-10-09,1.6931509,1.1236493,1.6885257,1.1205744
2001-10-10,1.6932521,1.1236493,1.6886266,1.1205744
2001-10-11,1.6933532,1.1236493,1.6887274,1.1205744
2001-10-12,1.6934566,1.1236493,1.6888306,1.1205744
2001-10-15,1.6937643,1.1236493,1.6891374,1.1205744
2001-10-16,1.6938668,1.1236493,1.6892396,1.1205744
2001-10-17,1.693968,1.1236493,1.6893405,1.1205744
2001-10-18,1.6940691,1.1236493,1.6894414,1.1205744
2001-10-19,1.6941689,1.1236493,1.6895409,1.1205744
2001-10-22,1.6944683,1.1236493,1.6898395,1.1205744
2001-10-23,1.6945695,1.1236493,1.6899404,1.1205744
2001-10-24,1.6946698,1.1236493,1.6900404,1.1205744
2001-10-25,1.6947385,1.1236292,1.6899742,1.1204651
2001-10-26,1.6952092,1.1238767,1.6921068,1.1218146
2001-10-29,1.6958952,1.1241375,1.6945463,1.1232383
2001-10-30,1.6967306,1.1246281,1.6986853,1.1259187
2001-10-31,1.6985194,1.1257518,1.7080611,1.1320712
2001-11-01,1.698613,1.1257518,1.7081551,1.1320712
2001-11-02,1.698707,1.1257518,1.7082497,1.1320712
2001-11-05,1.698982,1.1257518,1.7085263,1.1320712
2001-11-06,1.6990737,1.1257518,1.7086185,1.1320712
2001-11-07,1.6991585,1.1257518,1.7087037,1.1320712
2001-11-08,1.6992409,1.1257518,1.7087865,1.1320712
2001-11-09,1.6993251,1.1257518,1.7088713,1.1320712
2001-11-13,1.6996603,1.1257518,1.7092084,1.1320712
2001-11-14,1.6997446,1.1257518,1.7092931,1.1320712
2001-11-15,1.6998303,1.1257518,1.7093793,1.1320712
2001-11-16,1.6999179,1.1257518,1.7094673,1.1320712
2001-11-19,1.7001847,1.1257518,1.7097357,1.1320712
2001-11-20,1.7002732,1.1257518,1.7098247,1.1320712
2001-11-21,1.7003622,1.1257518,1.7099142,1.1320712
2001-11-23,1.7005411,1.1257518,1.7100941,1.1320712
2001-11-26,1.7006704,1.1256607,1.7102259,1.1319807
2001-11-27,1.7046871,1.1282595,1.7142118,1.1345588
2001-11-28,1.704834,1.1282986,1.7143588,1.1345976
2001-11-29,1.7155972,1.1353651,1.7250369,1.1416074
2001-11-30,1.7161621,1.1356839,1.7255984,1.1419236
2001-12-03,1.7164089,1.1356839,1.7258466,1.1419236
2001-12-04,1.7164912,1.1356839,1.7259293,1.1419236
2001-12-05,1.7165716,1.1356839,1.7260102,1.1419236
2001-12-06,1.7166535,1.1356839,1.7260925,1.1419236
2001-12-07,1.7167344,1.1356839,1.7261738,1.1419236
2001-12-10,1.7169686,1.1356839,1.7264093,1.1419236
2001-12-11,1.7170476,1.1356839,1.7264888,1.1419236
2001-12-12,1.7171243,1.1356839,1.7265659,1.1419236
2001-12-13,1.7172014,1.1356839,1.7266435,1.1419236
2001-12-14,1.7172795,1.1356839,1.726722,1.1419236
2001-12-17,1.7175195,1.1356839,1.7269633,1.1419236
2001-12-18,1.7175999,1.1356839,1.7270442,1.1419236
2001-12-19,1.717679,1.1356839,1.7271237,1.1419236
2001-12-20,1.7177571,1.1356839,1.7272022,1.1419236
2001-12-21,1.7178352,1.1356839,1.7272808,1.1419236
2001-12-24,1.7180725,1.1356839,1.7273927,1.1418399
2001-12-26,1.7182315,1.1356839,1.7256543,1.1405851
2001-12-27,1.7183125,1.1356839,1.7303607,1.1436421
2001-12-28,1.718393,1.1356839,1.7294862,1.1430105
2001-12-31,1.7186317,1.1356839,1.7338581,1.1457411
2002-01-02,1.7187927,1.1356839,1.7340206,1.1457411
2002-01-03,1.7188733,1.1356839,1.7341018,1.1457411
2002-01-04,1.7189533,1.1356839,1.7341826,1.1457411
2002-01-07,1.7191921,1.1356839,1.7344235,1.1457411
2002-01-08,1.7192703,1.1356839,1.7345023,1.1457411
2002-01-09,1.719348,1.1356839,1.7345808,1.1457411
2002-01-10,1.7194257,1.1356839,1.7346592,1.1457411
2002-01-11,1.7195035,1.1356839,1.7347376,1.1457411
2002-01-14,1.7197225,1.1356839,1.7349586,1.1457411
2002-01-15,1.7197955,1.1356839,1.7350323,1.1457411
2002-01-16,1.7198695,1.1356839,1.7351069,1.1457411
2002-01-17,1.719944,1.1356839,1.735182,1.1457411
2002-01-18,1.7200198,1.1356839,1.7352585,1.1457411
2002-01-22,1.7203195,1.1356839,1.7355609,1.1457411
2002-01-23,1.7203978,1.1356839,1.7356398,1.1457411
2002-01-24,1.720477,1.1356839,1.7357197,1.1457411
2002-01-25,1.7205566,1.1356839,1.7357392,1.1457009
2002-01-28,1.7207956,1.1356839,1.7355801,1.1454368
2002-01-29,1.7208758,1.1356839,1.738135,1.1470696
2002-01-30,1.7209554,1.1356839,1.7382437,1.1470882
2002-01-31,1.7210365,1.1356839,1.7370709,1.1462602
2002-02-01,1.7211181,1.1356839,1.7371532,1.1462602
2002-02-04,1.7213628,1.1356839,1.7374002,1.1462602
2002-02-05,1.7214449,1.1356839,1.737483,1.1462602
2002-02-06,1.7215265,1.1356839,1.7375654,1.1462602
2002-02-07,1.7216071,1.1356839,1.7376468,1.1462602
2002-02-08,1.7216873,1.1356839,1.7377277,1.1462602
2002-02-11,1.7219279,1.1356839,1.7379705,1.1462602
2002-02-12,1.7220081,1.1356839,1.7380515,1.1462602
2002-02-13,1.7220892,1.1356839,1.7381334,1.1462602
2002-02-14,1.7221709,1.1356839,1.7382158,1.1462602
2002-02-15,1.722252,1.1356839,1.7382977,1.1462602
2002-02-19,1.7225748,1.1356839,1.7386234,1.1462602
2002-02-20,1.7226555,1.1356839,1.7387049,1.1462602
2002-02-21,1.7227371,1.1356839,1.7387873,1.1462602
2002-02-22,1.7225247,1.13549,1.7387213,1.1461624
2002-02-25,1.7207969,1.1341895,1.7379729,1.145506
2002-02-26,1.7128163,1.1288754,1.7339842,1.1428225
2002-02-27,1.7235491,1.1358954,1.7394583,1.1463758
2002-02-28,1.7187645,1.1326879,1.7370853,1.1447573
2002-03-01,1.7188474,1.1326879,1.7371691,1.1447573
2002-03-04,1.7190932,1.1326879,1.7374175,1.1447573
2002-03-05,1.7191761,1.1326879,1.7375013,1.1447573
2002-03-06,1.7192595,1.1326879,1.7375856,1.1447573
2002-03-07,1.7193419,1.1326879,1.7376689,1.1447573
2002-03-08,1.7194243,1.1326879,1.7377522,1.1447573
2002-03-11,1.7196745,1.1326879,1.738005,1.1447573
2002-03-12,1.7197593,1.1326879,1.7380907,1.1447573
2002-03-13,1.7198446,1.1326879,1.7381769,1.1447573
2002-03-14,1.7199289,1.1326879,1.7382621,1.1447573
2002-03-15,1.7200147,1.1326879,1.7383488,1.1447573
2002-03-18,1.720272,1.1326879,1.7386089,1.1447573
2002-03-19,1.7203582,1.1326879,1.738696,1.1447573
2002-03-20,1.720444,1.1326879,1.7387827,1.1447573
2002-03-21,1.7205293,1.1326879,1.7388689,1.1447573
2002-03-22,1.7206142,1.1326879,1.7387757,1.1446395
2002-03-25,1.7208687,1.1326879,1.7385893,1.1443474
2002-03-26,1.7209531,1.1326879,1.7430701,1.1472406
2002-03-27,1.721037,1.1326879,1.7432451,1.1472998
2002-03-28,1.721121,1.1326879,1.7382217,1.1439377
2002-04-01,1.7214529,1.1326879,1.7385569,1.1439377
2002-04-02,1.7215355,1.1326879,1.7386403,1.1439377
2002-04-03,1.721619,1.1326879,1.7387246,1.1439377
2002-04-04,1.721702,1.1326879,1.7388084,1.1439377
2002-04-05,1.7217845,1.1326879,1.7388918,1.1439377
2002-04-08,1.7220293,1.1326879,1.739139,1.1439377
2002-04-09,1.7221105,1.1326879,1.739221,1.1439377
2002-04-10,1.7221907,1.1326879,1.739302,1.1439377
2002-04-11,1.72227,1.1326879,1.7393821,1.1439377
2002-04-12,1.7223497,1.1326879,1.7394626,1.1439377
2002-04-15,1.7225875,1.1326879,1.7397028,1.1439377
2002-04-16,1.7226668,1.1326879,1.7397829,1.1439377
2002-04-17,1.7227475,1.1326879,1.7398644,1.1439377
2002-04-18,1.7228278,1.1326879,1.7399454,1.1439377
2002-04-19,1.7229075,1.1326879,1.740026,1.1439377
2002-04-22,1.7231483,1.1326879,1.7402691,1.1439377
2002-04-23,1.723228,1.1326879,1.7403497,1.1439377
2002-04-24,1.7233083,1.1326879,1.7402256,1.1438029
2002-04-25,1.7233881,1.1326879,1.7412241,1.1444063
2002-04-26,1.7234688,1.1326879,1.743046,1.1455501
2002-04-29,1.7237125,1.1326879,1.7394772,1.1430426
2002-04-30,1.7237947,1.1326879,1.7410913,1.1440488
2002-05-01,1.7238768,1.1326879,1.7411743,1.1440488
2002-05-02,1.723959,1.1326879,1.7412573,1.1440488
2002-05-03,1.7240412,1.1326879,1.7413403,1.1440488
2002-05-06,1.7242863,1.1326879,1.7415879,1.1440488
2002-05-07,1.7243681,1.1326879,1.7416705,1.1440488
2002-05-08,1.7244498,1.1326879,1.741753,1.1440488
2002-05-09,1.7245315,1.1326879,1.7418356,1.1440488
2002-05-10,1.7246137,1.1326879,1.7419186,1.1440488
2002-05-13,1.7248604,1.1326879,1.7421677,1.1440488
2002-05-14,1.7249426,1.1326879,1.7422508,1.1440488
2002-05-15,1.7250253,1.1326879,1.7423343,1.1440488
2002-05-16,1.7251071,1.1326879,1.7424169,1.1440488
2002-05-17,1.7251884,1.1326879,1.742499,1.1440488
2002-05-20,1.7254337,1.1326879,1.7427468,1.1440488
2002-05-21,1.725515,1.1326879,1.7428289,1.1440488
2002-05-22,1.7255963,1.1326879,1.742911,1.1440488
2002-05-23,1.7256771,1.1326879,1.7429927,1.1440488
2002-05-24,1.7256142,1.1325936,1.7428799,1.1439212
2002-05-28,1.7262134,1.1327746,1.7435795,1.144166
2002-05-29,1.7292466,1.1347113,1.7476523,1.1467844
2002-05-30,1.7322906,1.1366553,1.7517423,1.1494141
2002-05-31,1.7311361,1.1358442,1.7501516,1.1483163
2002-06-03,1.7313794,1.1358442,1.7503976,1.1483163
2002-06-04,1.731461,1.1358442,1.7504801,1.1483163
2002-06-05,1.7315431,1.1358442,1.7505631,1.1483163
2002-06-06,1.7316247,1.1358442,1.7506456,1.1483163
2002-06-07,1.7317058,1.1358442,1.7507276,1.1483163
2002-06-10,1.7319492,1.1358442,1.7509736,1.1483163
2002-06-11,1.7320308,1.1358442,1.7510562,1.1483163
2002-06-12,1.7321124,1.1358442,1.7511387,1.1483163
2002-06-13,1.7321936,1.1358442,1.7512207,1.1483163
2002-06-14,1.7322738,1.1358442,1.7513018,1.1483163
2002-06-17,1.7325129,1.1358442,1.7515436,1.1483163
2002-06-18,1.7325936,1.1358442,1.7516252,1.1483163
2002-06-19,1.7326743,1.1358442,1.7517068,1.1483163
2002-06-20,1.7327541,1.1358442,1.7517874,1.1483163
2002-06-21,1.7328348,1.1358442,1.751869,1.1483163
2002-06-24,1.7329878,1.1357867,1.752008,1.1482479
2002-06-25,1.7327559,1.1355819,1.7517178,1.1480042
2002-06-26,1.737462,1.1386132,1.7573008,1.1516096
2002-06-27,1.7344079,1.1365596,1.7536524,1.149166
2002-06-28,1.7337349,1.1360666,1.7528377,1.1485796
2002-07-01,1.7339729,1.1360666,1.7530783,1.1485796
2002-07-02,1.7340527,1.1360666,1.753159,1.1485796
2002-07-03,1.734133,1.1360666,1.7532401,1.1485796
2002-07-05,1.7342936,1.1360666,1.7534025,1.1485796
2002-07-08,1.7345345,1.1360666,1.753646,1.1485796
2002-07-09,1.7346153,1.1360666,1.7537277,1.1485796
2002-07-10,1.7346956,1.1360666,1.7538089,1.1485796
2002-07-11,1.7347759,1.1360666,1.7538901,1.1485796
2002-07-12,1.7348562,1.1360666,1.7539713,1.1485796
2002-07-15,1.7350958,1.1360666,1.7542135,1.1485796
2002-07-16,1.7351756,1.1360666,1.7542943,1.1485796
2002-07-17,1.735256,1.1360666,1.7543755,1.1485796
2002-07-18,1.7353363,1.1360666,1.7544567,1.1485796
2002-07-19,1.7354167,1.1360666,1.754538,1.1485796
2002-07-22,1.7356563,1.1360666,1.7547802,1.1485796
2002-07-23,1.7357362,1.1360666,1.754861,1.1485796
2002-07-24,1.7358156,1.1360666,1.7549413,1.1485796
2002-07-25,1.7358946,1.1360666,1.754844,1.1484637
2002-07-26,1.735974,1.1360666,1.75499,1.1485067
2002-07-29,1.7362108,1.1360666,1.7420993,1.139914
2002-07-30,1.7362912,1.1360666,1.7401623,1.1385937
2002-07-31,1.7363716,1.1360666,1.7499302,1.1449322
2002-08-01,1.7364515,1.1360666,1.7500107,1.1449322
2002-08-02,1.73653,1.1360666,1.7500898,1.1449322
2002-08-05,1.7367584,1.1360666,1.75032,1.1449322
2002-08-06,1.736835,1.1360666,1.7503972,1.1449322
2002-08-07,1.7369121,1.1360666,1.7504749,1.1449322
2002-08-08,1.7369863,1.1360666,1.7505497,1.1449322
2002-08-09,1.737062,1.1360666,1.750626,1.1449322
2002-08-12,1.737289,1.1360666,1.7508547,1.1449322
2002-08-13,1.7373671,1.1360666,1.7509334,1.1449322
2002-08-14,1.7374432,1.1360666,1.7510102,1.1449322
2002-08-15,1.7375199,1.1360666,1.7510874,1.1449322
2002-08-16,1.7375955,1.1360666,1.7511637,1.1449322
2002-08-19,1.7378226,1.1360666,1.7513925,1.1449322
2002-08-20,1.7379002,1.1360666,1.7514707,1.1449322
2002-08-21,1.7379759,1.1360666,1.751547,1.1449322
2002-08-22,1.7380521,1.1360666,1.7516238,1.1449322
2002-08-23,1.7381293,1.1360666,1.7517016,1.1449322
2002-08-26,1.7380795,1.1358828,1.7517931,1.1448396
2002-08-27,1.7304084,1.1308185,1.7479666,1.1422875
2002-08-28,1.7384225,1.1360046,1.7520539,1.1449068
2002-08-29,1.7453657,1.1404907,1.755592,1.1471674
2002-08-30,1.7475239,1.1418494,1.7567172,1.1478508
2002-09-03,1.7478418,1.1418494,1.7570367,1.1478508
2002-09-04,1.7479189,1.1418494,1.7571142,1.1478508
2002-09-05,1.7479955,1.1418494,1.7571913,1.1478508
2002-09-06,1.7480712,1.1418494,1.7572673,1.1478508
2002-09-09,1.7483054,1.1418494,1.7575028,1.1478508
2002-09-10,1.7483849,1.1418494,1.7575827,1.1478508
2002-09-11,1.7484639,1.1418494,1.7576621,1.1478508
2002-09-12,1.7485434,1.1418494,1.7577421,1.1478508
2002-09-13,1.748623,1.1418494,1.757822,1.1478508
2002-09-16,1.7488615,1.1418494,1.7580618,1.1478508
2002-09-17,1.748942,1.1418494,1.7581428,1.1478508
2002-09-18,1.7490221,1.1418494,1.7582232,1.1478508
2002-09-19,1.7491011,1.1418494,1.7583027,1.1478508
2002-09-20,1.7491788,1.1418494,1.7583807,1.1478508
2002-09-23,1.7494117,1.1418494,1.7586149,1.1478508
2002-09-24,1.7494893,1.1418494,1.7585502,1.1477576
2002-09-25,1.749567,1.1418494,1.7541172,1.1448134
2002-09-26,1.7496451,1.1418494,1.7531017,1.1440995
2002-09-27,1.7497227,1.1418494,1.7589108,1.1478398
2002-09-30,1.7499528,1.1418494,1.7625502,1.1500639
2002-10-01,1.7500267,1.1418494,1.7626246,1.1500639
2002-10-02,1.7501015,1.1418494,1.7626999,1.1500639
2002-10-03,1.7501758,1.1418494,1.7627747,1.1500639
2002-10-04,1.7502496,1.1418494,1.7628491,1.1500639
2002-10-07,1.7504769,1.1418494,1.763078,1.1500639
2002-10-08,1.7505537,1.1418494,1.7631553,1.1500639
2002-10-09,1.7506294,1.1418494,1.7632317,1.1500639
2002-10-10,1.7507033,1.1418494,1.763306,1.1500639
2002-10-11,1.7507776,1.1418494,1.7633809,1.1500639
2002-10-15,1.751075,1.1418494,1.7636805,1.1500639
2002-10-16,1.7511542,1.1418494,1.7637602,1.1500639
2002-10-17,1.7512324,1.1418494,1.763839,1.1500639
2002-10-18,1.7513111,1.1418494,1.7639182,1.1500639
2002-10-21,1.7515472,1.1418494,1.764156,1.1500639
2002-10-22,1.7516278,1.1418494,1.7642372,1.1500639
2002-10-23,1.7517074,1.1418494,1.7643174,1.1500639
2002-10-24,1.7517866,1.1418494,1.7643972,1.1500639
2002-10-25,1.7518644,1.1418494,1.7643424,1.1499771
2002-10-28,1.7520962,1.1418494,1.765774,1.150758
2002-10-29,1.7521711,1.1418494,1.7728705,1.1553337
2002-10-30,1.7522421,1.1418494,1.77191,1.1546609
2002-10-31,1.7523132,1.1418494,1.7751299,1.1567123
2002-11-01,1.7523813,1.1418494,1.775199,1.1567123
2002-11-04,1.7525844,1.1418494,1.7754047,1.1567123
2002-11-05,1.7526521,1.1418494,1.7754733,1.1567123
2002-11-06,1.7527194,1.1418494,1.7755414,1.1567123
2002-11-07,1.7527775,1.1418494,1.7756003,1.1567123
2002-11-08,1.7528351,1.1418494,1.7756586,1.1567123
2002-11-12,1.7530656,1.1418494,1.7758922,1.1567123
2002-11-13,1.7531232,1.1418494,1.7759505,1.1567123
2002-11-14,1.7531804,1.1418494,1.7760084,1.1567123
2002-11-15,1.753238,1.1418494,1.7760668,1.1567123
2002-11-18,1.753411,1.1418494,1.776242,1.1567123
2002-11-19,1.7534691,1.1418494,1.7763009,1.1567123
2002-11-20,1.7535262,1.1418494,1.7763588,1.1567123
2002-11-21,1.7535839,1.1418494,1.7764172,1.1567123
2002-11-22,1.7533662,1.1416701,1.7763361,1.1566215
2002-11-25,1.7527675,1.1411667,1.7761212,1.1563665
2002-11-26,1.7651006,1.1491583,1.7823996,1.1604155
2002-11-27,1.7453903,1.1362882,1.7724772,1.1539175
2002-11-29,1.7498295,1.1391029,1.7747899,1.1553466
2002-12-02,1.750002,1.1391029,1.774965,1.1553466
2002-12-03,1.7500605,1.1391029,1.7750243,1.1553466
2002-12-04,1.7501186,1.1391029,1.7750832,1.1553466
2002-12-05,1.7501761,1.1391029,1.7751415,1.1553466
2002-12-06,1.7502336,1.1391029,1.7751999,1.1553466
2002-12-09,1.7504048,1.1391029,1.7753735,1.1553466
2002-12-10,1.7504628,1.1391029,1.7754324,1.1553466
2002-12-11,1.7505199,1.1391029,1.7754902,1.1553466
2002-12-12,1.750577,1.1391029,1.7755481,1.1553466
2002-12-13,1.7506341,1.1391029,1.775606,1.1553466
2002-12-16,1.7508053,1.1391029,1.7757797,1.1553466
2002-12-17,1.7508633,1.1391029,1.7758386,1.1553466
2002-12-18,1.7509209,1.1391029,1.7758969,1.1553466
2002-12-19,1.750978,1.1391029,1.7759548,1.1553466
2002-12-20,1.7510351,1.1391029,1.7760127,1.1553466
2002-12-23,1.7512063,1.1391029,1.7761864,1.1553466
2002-12-24,1.7512625,1.1391029,1.7761005,1.1552537
2002-12-26,1.7513747,1.1391029,1.7774627,1.1560657
2002-12-27,1.7514304,1.1391029,1.7833227,1.1598403
2002-12-30,1.7515945,1.1391029,1.7842196,1.1603149
2002-12-31,1.7516521,1.1391029,1.783607,1.1598784
2003-01-02,1.7517673,1.1391029,1.7837243,1.1598784
2003-01-03,1.7518249,1.1391029,1.783783,1.1598784
2003-01-06,1.7519976,1.1391029,1.7839589,1.1598784
2003-01-07,1.7520548,1.1391029,1.7840171,1.1598784
2003-01-08,1.7521109,1.1391029,1.7840742,1.1598784
2003-01-09,1.7521671,1.1391029,1.7841314,1.1598784
2003-01-10,1.7522237,1.1391029,1.7841891,1.1598784
2003-01-13,1.7523937,1.1391029,1.7843621,1.1598784
2003-01-14,1.7524508,1.1391029,1.7844203,1.1598784
2003-01-15,1.752507,1.1391029,1.7844775,1.1598784
2003-01-16,1.7525636,1.1391029,1.7845352,1.1598784
2003-01-17,1.7526193,1.1391029,1.7845919,1.1598784
2003-01-21,1.7528421,1.1391029,1.7848188,1.1598784
2003-01-22,1.7528983,1.1391029,1.784876,1.1598784
2003-01-23,1.7529535,1.1391029,1.7849322,1.1598784
2003-01-24,1.7530088,1.1391029,1.7849885,1.1598784
2003-01-27,1.753173,1.1391029,1.7850819,1.1598304
2003-01-28,1.7532283,1.1391029,1.7845756,1.159465
2003-01-29,1.753284,1.1391029,1.7828954,1.1583364
2003-01-30,1.7533397,1.1391029,1.7847484,1.1595035
2003-01-31,1.7533954,1.1391029,1.784759,1.1594735
2003-02-03,1.7535626,1.1391029,1.7849291,1.1594735
2003-02-04,1.7536183,1.1391029,1.7849859,1.1594735
2003-02-05,1.7536731,1.1391029,1.7850416,1.1594735
2003-02-06,1.7537288,1.1391029,1.7850983,1.1594735
2003-02-07,1.7537841,1.1391029,1.7851546,1.1594735
2003-02-10,1.7539499,1.1391029,1.7853233,1.1594735
2003-02-11,1.7540051,1.1391029,1.7853796,1.1594735
2003-02-12,1.7540609,1.1391029,1.7854363,1.1594735
2003-02-13,1.7541166,1.1391029,1.7854931,1.1594735
2003-02-14,1.7541719,1.1391029,1.7855493,1.1594735
2003-02-18,1.7543949,1.1391029,1.7857763,1.1594735
2003-02-19,1.7544511,1.1391029,1.7858335,1.1594735
2003-02-20,1.7545069,1.1391029,1.7858903,1.1594735
2003-02-21,1.7545631,1.1391029,1.7859475,1.1594735
2003-02-24,1.7543885,1.1388799,1.7859445,1.1593601
2003-02-25,1.761448,1.1434256,1.7895669,1.1616738
2003-02-26,1.7657759,1.146198,1.7917943,1.1630821
2003-02-27,1.7687284,1.1480772,1.7933215,1.1640355
2003-02-28,1.7755287,1.1524538,1.7967982,1.1662543
2003-03-03,1.7757009,1.1524538,1.7969725,1.1662543
2003-03-04,1.7757583,1.1524538,1.7970306,1.1662543
2003-03-05,1.7758153,1.1524538,1.7970882,1.1662543
2003-03-06,1.7758717,1.1524538,1.7971453,1.1662543
2003-03-07,1.7759281,1.1524538,1.7972024,1.1662543
2003-03-10,1.7760887,1.1524538,1.7973649,1.1662543
2003-03-11,1.7761403,1.1524538,1.7974171,1.1662543
2003-03-12,1.7761928,1.1524538,1.7974703,1.1662543
2003-03-13,1.7762454,1.1524538,1.7975235,1.1662543
2003-03-14,1.7762989,1.1524538,1.7975776,1.1662543
2003-03-17,1.776461,1.1524538,1.7977416,1.1662543
2003-03-18,1.776516,1.1524538,1.7977973,1.1662543
2003-03-19,1.7765705,1.1524538,1.7978525,1.1662543
2003-03-20,1.776626,1.1524538,1.7979086,1.1662543
2003-03-21,1.776682,1.1524538,1.7979652,1.1662543
2003-03-24,1.7768514,1.1524538,1.7981367,1.1662543
2003-03-25,1.7769073,1.1524538,1.7980185,1.1661409
2003-03-26,1.7769638,1.1524538,1.7988401,1.1666367
2003-03-27,1.7770203,1.1524538,1.7996622,1.1671328
2003-03-28,1.7770758,1.1524538,1.8018881,1.1685399
2003-03-31,1.7772394,1.1524538,1.8084202,1.1726685
2003-04-01,1.7772939,1.1524538,1.8084757,1.1726685
2003-04-02,1.7773475,1.1524538,1.8085302,1.1726685
2003-04-03,1.7774015,1.1524538,1.8085852,1.1726685
2003-04-04,1.7774546,1.1524538,1.8086392,1.1726685
2003-04-07,1.7776138,1.1524538,1.8088013,1.1726685
2003-04-08,1.7776698,1.1524538,1.8088583,1.1726685
2003-04-09,1.7777249,1.1524538,1.8089143,1.1726685
2003-04-10,1.7777789,1.1524538,1.8089693,1.1726685
2003-04-11,1.7778335,1.1524538,1.8090248,1.1726685
2003-04-14,1.7780015,1.1524538,1.8091958,1.1726685
2003-04-15,1.778059,1.1524538,1.8092543,1.1726685
2003-04-16,1.7781155,1.1524538,1.8093118,1.1726685
2003-04-17,1.7781715,1.1524538,1.8093688,1.1726685
2003-04-21,1.7783976,1.1524538,1.8095988,1.1726685
2003-04-22,1.7784541,1.1524538,1.8096563,1.1726685
2003-04-23,1.7785106,1.1524538,1.8097138,1.1726685
2003-04-24,1.7785667,1.1524538,1.8095533,1.1725275
2003-04-25,1.7786217,1.1524538,1.8114307,1.1737077
2003-04-28,1.7787855,1.1524538,1.810967,1.1732992
2003-04-29,1.77884,1.1524538,1.8076264,1.1710989
2003-04-30,1.7788951,1.1524538,1.8136392,1.1749581
2003-05-01,1.7789492,1.1524538,1.8136944,1.1749581
2003-05-02,1.7790018,1.1524538,1.8137481,1.1749581
2003-05-05,1.7791627,1.1524538,1.813912,1.1749581
2003-05-06,1.7792168,1.1524538,1.8139672,1.1749581
2003-05-07,1.7792694,1.1524538,1.8140209,1.1749581
2003-05-08,1.7793226,1.1524538,1.8140751,1.1749581
2003-05-09,1.7793747,1.1524538,1.8141282,1.1749581
2003-05-12,1.7795341,1.1524538,1.8142908,1.1749581
2003-05-13,1.7795868,1.1524538,1.8143444,1.1749581
2003-05-14,1.779639,1.1524538,1.8143976,1.1749581
2003-05-15,1.7796897,1.1524538,1.8144493,1.1749581
2003-05-16,1.7797404,1.1524538,1.814501,1.1749581
2003-05-19,1.7798911,1.1524538,1.8146546,1.1749581
2003-05-20,1.7799413,1.1524538,1.8147058,1.1749581
2003-05-21,1.779991,1.1524538,1.8147566,1.1749581
2003-05-22,1.7800417,1.1524538,1.8148083,1.1749581
2003-05-23,1.7796973,1.1521974,1.8146591,1.1748274
2003-05-27,1.7693266,1.1453494,1.8094772,1.1713362
2003-05-28,1.7647961,1.1423831,1.8071871,1.1698194
2003-05-29,1.7806719,1.1526253,1.8153429,1.1750635
2003-05-30,1.7756963,1.1493705,1.8128335,1.1734044
2003-06-02,1.7758554,1.1493705,1.8129959,1.1734044
2003-06-03,1.7759099,1.1493705,1.8130516,1.1734044
2003-06-04,1.7759615,1.1493705,1.8131042,1.1734044
2003-06-05,1.7760116,1.1493705,1.8131554,1.1734044
2003-06-06,1.7760612,1.1493705,1.813206,1.1734044
2003-06-09,1.7762116,1.1493705,1.8133595,1.1734044
2003-06-10,1.7762607,1.1493705,1.8134097,1.1734044
2003-06-11,1.776307,1.1493705,1.8134569,1.1734044
2003-06-12,1.7763517,1.1493705,1.8135026,1.1734044
2003-06-13,1.7763955,1.1493705,1.8135473,1.1734044
2003-06-16,1.7765182,1.1493705,1.8136726,1.1734044
2003-06-17,1.7765595,1.1493705,1.8137148,1.1734044
2003-06-18,1.7766024,1.1493705,1.8137585,1.1734044
2003-06-19,1.7766447,1.1493705,1.8138018,1.1734044
2003-06-20,1.7766837,1.1493705,1.8138415,1.1734044
2003-06-23,1.7768019,1.1493705,1.8139623,1.1734044
2003-06-24,1.7768424,1.1493705,1.8139015,1.1733384
2003-06-25,1.7768818,1.1493705,1.8103178,1.1709942
2003-06-26,1.7769256,1.1493705,1.803559,1.1665935
2003-06-27,1.7769689,1.1493705,1.8024375,1.1658396
2003-06-30,1.7770931,1.1493705,1.8041698,1.1668786
2003-07-01,1.7771364,1.1493705,1.8042138,1.1668786
2003-07-02,1.7771788,1.1493705,1.8042568,1.1668786
2003-07-03,1.7772201,1.1493705,1.8042988,1.1668786
2003-07-07,1.7773857,1.1493705,1.8044669,1.1668786
2003-07-08,1.7774295,1.1493705,1.8045114,1.1668786
2003-07-09,1.7774733,1.1493705,1.8045559,1.1668786
2003-07-10,1.7775162,1.1493705,1.8045994,1.1668786
2003-07-11,1.7775586,1.1493705,1.8046424,1.1668786
2003-07-14,1.7776857,1.1493705,1.8047714,1.1668786
2003-07-15,1.777729,1.1493705,1.8048154,1.1668786
2003-07-16,1.7777729,1.1493705,1.8048599,1.1668786
2003-07-17,1.7778162,1.1493705,1.8049039,1.1668786
2003-07-18,1.7778591,1.1493705,1.8049475,1.1668786
2003-07-21,1.7779891,1.1493705,1.8050795,1.1668786
2003-07-22,1.7780335,1.1493705,1.8051245,1.1668786
2003-07-23,1.7780778,1.1493705,1.8051695,1.1668786
2003-07-24,1.7781221,1.1493705,1.8052145,1.1668786
2003-07-25,1.7781481,1.1493587,1.8050987,1.1667746
2003-07-28,1.7776481,1.1489495,1.7996852,1.1631882
2003-07-29,1.7769032,1.1484382,1.7928166,1.1587186
2003-07-30,1.7775422,1.1488207,1.7980197,1.1620506
2003-07-31,1.7764926,1.1481121,1.7884913,1.1558619
2003-08-01,1.7765384,1.1481121,1.7885374,1.1558619
2003-08-04,1.7766741,1.1481121,1.7886741,1.1558619
2003-08-05,1.7767204,1.1481121,1.7887207,1.1558619
2003-08-06,1.7767661,1.1481121,1.7887667,1.1558619
2003-08-07,1.7768114,1.1481121,1.7888123,1.1558619
2003-08-08,1.7768567,1.1481121,1.7888579,1.1558619
2003-08-11,1.776994,1.1481121,1.7889961,1.1558619
2003-08-12,1.7770397,1.1481121,1.7890422,1.1558619
2003-08-13,1.777085,1.1481121,1.7890877,1.1558619
2003-08-14,1.7771308,1.1481121,1.7891338,1.1558619
2003-08-15,1.7771765,1.1481121,1.7891799,1.1558619
2003-08-18,1.7773124,1.1481121,1.7893167,1.1558619
2003-08-19,1.7773582,1.1481121,1.7893627,1.1558619
2003-08-20,1.7774039,1.1481121,1.7894088,1.1558619
2003-08-21,1.7774497,1.1481121,1.7894549,1.1558619
2003-08-22,1.777496,1.1481121,1.7895015,1.1558619
2003-08-25,1.7773672,1.1479383,1.7895037,1.1557721
2003-08-26,1.7807766,1.1501089,1.7912893,1.1568938
2003-08-27,1.7766437,1.1474085,1.7891793,1.1554996
2003-08-28,1.7897936,1.1558703,1.7959993,1.1598731
2003-08-29,1.7864346,1.1536702,1.7942926,1.1587401
2003-09-02,1.7866225,1.1536702,1.7944814,1.1587401
2003-09-03,1.7866695,1.1536702,1.7945286,1.1587401
2003-09-04,1.786716,1.1536702,1.7945753,1.1587401
2003-09-05,1.7867625,1.1536702,1.794622,1.1587401
2003-09-08,1.7869006,1.1536702,1.7947606,1.1587401
2003-09-09,1.7869471,1.1536702,1.7948073,1.1587401
2003-09-10,1.7869931,1.1536702,1.7948536,1.1587401
2003-09-11,1.7870391,1.1536702,1.7948998,1.1587401
2003-09-12,1.7870852,1.1536702,1.794946,1.1587401
2003-09-15,1.7872232,1.1536702,1.7950847,1.1587401
2003-09-16,1.7872693,1.1536702,1.7951309,1.1587401
2003-09-17,1.7873138,1.1536702,1.7951757,1.1587401
2003-09-18,1.7873594,1.1536702,1.7952214,1.1587401
2003-09-19,1.7874054,1.1536702,1.7952676,1.1587401
2003-09-22,1.787542,1.1536702,1.7954049,1.1587401
2003-09-23,1.787588,1.1536702,1.7954511,1.1587401
2003-09-24,1.7876152,1.1536587,1.7953627,1.1586539
2003-09-25,1.7879557,1.153849,1.7976074,1.160073
2003-09-26,1.7885853,1.1542263,1.8020145,1.1628878
2003-09-29,1.7883833,1.1540086,1.7996288,1.1612603
2003-09-30,1.7893607,1.1546093,1.8066279,1.1657465
2003-10-01,1.7894063,1.1546093,1.8066739,1.1657465
2003-10-02,1.7894519,1.1546093,1.80672,1.1657465
2003-10-03,1.789497,1.1546093,1.8067655,1.1657465
2003-10-06,1.7896323,1.1546093,1.8069021,1.1657465
2003-10-07,1.7896774,1.1546093,1.8069477,1.1657465
2003-10-08,1.7897216,1.1546093,1.8069922,1.1657465
2003-10-09,1.7897652,1.1546093,1.8070363,1.1657465
2003-10-10,1.7898088,1.1546093,1.8070804,1.1657465
2003-10-14,1.7899854,1.1546093,1.8072586,1.1657465
2003-10-15,1.79003,1.1546093,1.8073036,1.1657465
2003-10-16,1.7900746,1.1546093,1.8073487,1.1657465
2003-10-17,1.7901193,1.1546093,1.8073938,1.1657465
2003-10-20,1.7902531,1.1546093,1.8075289,1.1657465
2003-10-21,1.7902988,1.1546093,1.807575,1.1657465
2003-10-22,1.7903434,1.1546093,1.8076201,1.1657465
2003-10-23,1.7903895,1.1546093,1.8076666,1.1657465
2003-10-24,1.7904356,1.1546093,1.8077132,1.1657465
2003-10-27,1.7905725,1.1546093,1.8077831,1.1657024
2003-10-28,1.7906196,1.1546093,1.8097792,1.1669589
2003-10-29,1.7906657,1.1546093,1.80767,1.1655688
2003-10-30,1.7907118,1.1546093,1.806386,1.1647109
2003-10-31,1.7907579,1.1546093,1.807213,1.1652142
2003-11-03,1.7908963,1.1546093,1.8073527,1.1652142
2003-11-04,1.7909424,1.1546093,1.8073992,1.1652142
2003-11-05,1.790988,1.1546093,1.8074453,1.1652142
2003-11-06,1.7910341,1.1546093,1.8074918,1.1652142
2003-11-07,1.7910803,1.1546093,1.8075384,1.1652142
2003-11-10,1.7912186,1.1546093,1.807678,1.1652142
2003-11-12,1.7913119,1.1546093,1.8077721,1.1652142
2003-11-13,1.7913575,1.1546093,1.8078182,1.1652142
2003-11-14,1.7914027,1.1546093,1.8078637,1.1652142
2003-11-17,1.7915396,1.1546093,1.8080019,1.1652142
2003-11-18,1.7915858,1.1546093,1.8080485,1.1652142
2003-11-19,1.7916319,1.1546093,1.8080951,1.1652142
2003-11-20,1.7916775,1.1546093,1.8081411,1.1652142
2003-11-21,1.7914187,1.1544131,1.8080336,1.1651152
2003-11-24,1.7822492,1.1484168,1.8034746,1.1620892
2003-11-25,1.7872635,1.1516183,1.8060348,1.163709
2003-11-26,1.780188,1.1470299,1.802483,1.1613907
2003-11-28,1.7694564,1.1400573,1.7970954,1.1578608
2003-12-01,1.7695887,1.1400573,1.7972298,1.1578608
2003-12-02,1.7696338,1.1400573,1.7972756,1.1578608
2003-12-03,1.7696784,1.1400573,1.7973209,1.1578608
2003-12-04,1.769723,1.1400573,1.7973662,1.1578608
2003-12-05,1.7697672,1.1400573,1.797411,1.1578608
2003-12-08,1.7698981,1.1400573,1.797544,1.1578608
2003-12-09,1.7699422,1.1400573,1.7975888,1.1578608
2003-12-10,1.7699863,1.1400573,1.7976336,1.1578608
2003-12-11,1.7700305,1.1400573,1.7976784,1.1578608
2003-12-12,1.7700731,1.1400573,1.7977218,1.1578608
2003-12-15,1.7702026,1.1400573,1.7978533,1.1578608
2003-12-16,1.7702458,1.1400573,1.7978971,1.1578608
2003-12-17,1.7702889,1.1400573,1.7979409,1.1578608
2003-12-18,1.7703316,1.1400573,1.7979843,1.1578608
2003-12-19,1.7703738,1.1400573,1.7980271,1.1578608
2003-12-22,1.770499,1.1400573,1.7981542,1.1578608
2003-12-23,1.7705421,1.1400573,1.7981981,1.1578608
2003-12-24,1.770576,1.1400516,1.798073,1.1577524
2003-12-26,1.7707755,1.1401251,1.8003318,1.159151
2003-12-29,1.7706638,1.1399736,1.7959732,1.1562637
2003-12-30,1.7705347,1.1398627,1.7927436,1.1541562
2003-12-31,1.770645,1.139905,1.7940348,1.1549584
2004-01-02,1.7707353,1.139905,1.7941262,1.1549584
2004-01-05,1.7708677,1.139905,1.7942604,1.1549584
2004-01-06,1.7709114,1.139905,1.7943046,1.1549584
2004-01-07,1.770955,1.139905,1.7943489,1.1549584
2004-01-08,1.7709982,1.139905,1.7943926,1.1549584
2004-01-09,1.77104,1.139905,1.7944349,1.1549584
2004-01-12,1.7711637,1.139905,1.7945603,1.1549584
2004-01-13,1.7712064,1.139905,1.7946035,1.1549584
2004-01-14,1.7712486,1.139905,1.7946463,1.1549584
2004-01-15,1.7712903,1.139905,1.7946886,1.1549584
2004-01-16,1.7713321,1.139905,1.7947309,1.1549584
2004-01-20,1.771501,1.139905,1.794902,1.1549584
2004-01-21,1.7715437,1.139905,1.7949453,1.1549584
2004-01-22,1.7715859,1.139905,1.7949881,1.1549584
2004-01-23,1.7716276,1.139905,1.7950304,1.1549584
2004-01-26,1.7717558,1.139905,1.7950724,1.1549019
2004-01-27,1.771799,1.139905,1.7969147,1.156059
2004-01-28,1.7718422,1.139905,1.7931401,1.1536024
2004-01-29,1.7718868,1.139905,1.7932239,1.1536273
2004-01-30,1.7719315,1.139905,1.7953251,1.1549499
2004-02-02,1.7720626,1.139905,1.7954579,1.1549499
2004-02-03,1.7721077,1.139905,1.7955036,1.1549499
2004-02-04,1.7721524,1.139905,1.7955489,1.1549499
2004-02-05,1.7721971,1.139905,1.7955941,1.1549499
2004-02-06,1.7722417,1.139905,1.7956394,1.1549499
2004-02-09,1.7723743,1.139905,1.7957737,1.1549499
2004-02-10,1.7724194,1.139905,1.7958194,1.1549499
2004-02-11,1.7724646,1.139905,1.7958652,1.1549499
2004-02-12,1.7725088,1.139905,1.79591,1.1549499
2004-02-13,1.772553,1.139905,1.7959547,1.1549499
2004-02-17,1.7727278,1.139905,1.7961319,1.1549499
2004-02-18,1.772773,1.139905,1.7961776,1.1549499
2004-02-19,1.7728177,1.139905,1.7962229,1.1549499
2004-02-20,1.7728623,1.139905,1.7962682,1.1549499
2004-02-23,1.7728147,1.1397881,1.7962179,1.1548302
2004-02-24,1.7736626,1.1403036,1.7970858,1.1553582
2004-02-25,1.7752394,1.1412877,1.7987004,1.1563661
2004-02-26,1.7731764,1.139932,1.7965869,1.1549776
2004-02-27,1.7774889,1.142675,1.8010035,1.1577872
2004-03-01,1.7776262,1.142675,1.8011426,1.1577872
2004-03-02,1.7776725,1.142675,1.8011895,1.1577872
2004-03-03,1.7777188,1.142675,1.8012364,1.1577872
2004-03-04,1.777765,1.142675,1.8012833,1.1577872
2004-03-05,1.7778108,1.142675,1.8013297,1.1577872
2004-03-08,1.7779467,1.142675,1.8014674,1.1577872
2004-03-09,1.777993,1.142675,1.8015142,1.1577872
2004-03-10,1.7780388,1.142675,1.8015606,1.1577872
2004-03-11,1.7780846,1.142675,1.801607,1.1577872
2004-03-12,1.7781308,1.142675,1.8016539,1.1577872
2004-03-15,1.7782682,1.142675,1.8017931,1.1577872
2004-03-16,1.7783145,1.142675,1.80184,1.1577872
2004-03-17,1.7783603,1.142675,1.8018864,1.1577872
2004-03-18,1.7784051,1.142675,1.8019318,1.1577872
2004-03-19,1.7784499,1.142675,1.8019773,1.1577872
2004-03-22,1.7785844,1.142675,1.8021135,1.1577872
2004-03-23,1.7786302,1.142675,1.8021599,1.1577872
2004-03-24,1.7786755,1.142675,1.8022058,1.1577872
2004-03-25,1.7787,1.142662,1.8020601,1.1576643
2004-03-26,1.7779422,1.1421463,1.7945678,1.152822
2004-03-29,1.7776172,1.1418502,1.7903922,1.1500515
2004-03-30,1.7776713,1.1418553,1.7905123,1.1500987
2004-03-31,1.7781093,1.1421072,1.7942203,1.1524509
2004-04-01,1.7781546,1.1421072,1.794266,1.1524509
2004-04-02,1.7781995,1.1421072,1.7943112,1.1524509
2004-04-05,1.7783354,1.1421072,1.7944484,1.1524509
2004-04-06,1.7783807,1.1421072,1.7944941,1.1524509
2004-04-07,1.7784255,1.1421072,1.7945393,1.1524509
2004-04-08,1.7784708,1.1421072,1.794585,1.1524509
2004-04-12,1.7786501,1.1421072,1.794766,1.1524509
2004-04-13,1.7786955,1.1421072,1.7948117,1.1524509
2004-04-14,1.7787408,1.1421072,1.7948574,1.1524509
2004-04-15,1.7787866,1.1421072,1.7949037,1.1524509
2004-04-16,1.7788319,1.1421072,1.7949494,1.1524509
2004-04-19,1.7789664,1.1421072,1.7950851,1.1524509
2004-04-20,1.7790127,1.1421072,1.7951318,1.1524509
2004-04-21,1.7790595,1.1421072,1.795179,1.1524509
2004-04-22,1.7791073,1.1421072,1.7952272,1.1524509
2004-04-23,1.7791536,1.1421072,1.795274,1.1524509
2004-04-26,1.779294,1.1421072,1.795231,1.1523323
2004-04-27,1.7793417,1.1421072,1.7975844,1.153812
2004-04-28,1.779389,1.1421072,1.7925529,1.1505518
2004-04-29,1.7794358,1.1421072,1.7890175,1.1482523
2004-04-30,1.7794821,1.1421072,1.7904364,1.1491331
2004-05-03,1.7796225,1.1421072,1.7905776,1.1491331
2004-05-04,1.7796708,1.1421072,1.7906262,1.1491331
2004-05-05,1.7797191,1.1421072,1.7906748,1.1491331
2004-05-06,1.7797664,1.1421072,1.7907224,1.1491331
2004-05-07,1.7798142,1.1421072,1.7907704,1.1491331
2004-05-10,1.7799678,1.1421072,1.790925,1.1491331
2004-05-11,1.7800199,1.1421072,1.7909775,1.1491331
2004-05-12,1.7800707,1.1421072,1.7910285,1.1491331
2004-05-13,1.7801204,1.1421072,1.7910786,1.1491331
2004-05-14,1.7801682,1.1421072,1.7911267,1.1491331
2004-05-17,1.7803101,1.1421072,1.7912695,1.1491331
2004-05-18,1.7803613,1.1421072,1.791321,1.1491331
2004-05-19,1.7804121,1.1421072,1.791372,1.1491331
2004-05-20,1.7804618,1.1421072,1.7914221,1.1491331
2004-05-21,1.7805111,1.1421072,1.7914717,1.1491331
2004-05-24,1.78035,1.1419091,1.7914441,1.1490201
2004-05-25,1.7830305,1.1435952,1.7929962,1.1499822
2004-05-26,1.7906886,1.1484737,1.7973858,1.1527642
2004-05-27,1.7996533,1.1541899,1.8025112,1.1560179
2004-05-28,1.7920206,1.1492619,1.7981981,1.1532188
2004-06-01,1.7922288,1.1492619,1.798407,1.1532188
2004-06-02,1.7922852,1.1492619,1.7984637,1.1532188
2004-06-03,1.7923417,1.1492619,1.7985204,1.1532188
2004-06-04,1.7923982,1.1492619,1.798577,1.1532188
2004-06-07,1.792572,1.1492619,1.7987515,1.1532188
2004-06-08,1.7926324,1.1492619,1.7988121,1.1532188
2004-06-09,1.7926938,1.1492619,1.7988737,1.1532188
2004-06-10,1.7927552,1.1492619,1.7989353,1.1532188
2004-06-14,1.7930047,1.1492619,1.7991857,1.1532188
2004-06-15,1.7930735,1.1492619,1.7992547,1.1532188
2004-06-16,1.7931383,1.1492619,1.7993197,1.1532188
2004-06-17,1.7932012,1.1492619,1.7993828,1.1532188
2004-06-18,1.7932626,1.1492619,1.7994445,1.1532188
2004-06-21,1.7934483,1.1492619,1.7996308,1.1532188
2004-06-22,1.7935132,1.1492619,1.7996959,1.1532188
2004-06-23,1.7935771,1.1492619,1.79976,1.1532188
2004-06-24,1.7936351,1.1492591,1.7997327,1.1531612
2004-06-25,1.7936991,1.1492604,1.7998365,1.1531879
2004-06-28,1.7937207,1.1491533,1.7965743,1.1509764
2004-06-29,1.7938937,1.1492214,1.7988313,1.1523795
2004-06-30,1.7940977,1.1493092,1.8017285,1.1541926
2004-07-01,1.7941621,1.1493092,1.8017932,1.1541926
2004-07-02,1.7942211,1.1493092,1.8018524,1.1541926
2004-07-06,1.7944708,1.1493092,1.8021032,1.1541926
2004-07-07,1.7945357,1.1493092,1.8021684,1.1541926
2004-07-08,1.7945986,1.1493092,1.8022316,1.1541926
2004-07-09,1.7946601,1.1493092,1.8022933,1.1541926
2004-07-12,1.7948445,1.1493092,1.8024785,1.1541926
2004-07-13,1.7949094,1.1493092,1.8025437,1.1541926
2004-07-14,1.7949743,1.1493092,1.8026088,1.1541926
2004-07-15,1.7950392,1.1493092,1.802674,1.1541926
2004-07-16,1.7951041,1.1493092,1.8027392,1.1541926
2004-07-19,1.7952989,1.1493092,1.8029348,1.1541926
2004-07-20,1.7953643,1.1493092,1.8030005,1.1541926
2004-07-21,1.7954302,1.1493092,1.8030667,1.1541926
2004-07-22,1.7954956,1.1493092,1.8031324,1.1541926
2004-07-23,1.7955615,1.1493092,1.8031986,1.1541926
2004-07-26,1.7957608,1.1493092,1.8032037,1.1540678
2004-07-27,1.7958311,1.1493092,1.7932827,1.1476731
2004-07-28,1.795902,1.1493092,1.7942076,1.1482197
2004-07-29,1.7959723,1.1493092,1.7951328,1.1487668
2004-07-30,1.7960422,1.1493092,1.8028493,1.1536602
2004-08-02,1.7962518,1.1493092,1.8030597,1.1536602
2004-08-03,1.7963247,1.1493092,1.8031328,1.1536602
2004-08-04,1.7963965,1.1493092,1.8032049,1.1536602
2004-08-05,1.7964684,1.1493092,1.8032771,1.1536602
2004-08-06,1.7965397,1.1493092,1.8033487,1.1536602
2004-08-09,1.7967479,1.1493092,1.8035577,1.1536602
2004-08-10,1.7968213,1.1493092,1.8036313,1.1536602
2004-08-11,1.7968941,1.1493092,1.8037045,1.1536602
2004-08-12,1.796964,1.1493092,1.8037746,1.1536602
2004-08-13,1.7970335,1.1493092,1.8038443,1.1536602
2004-08-16,1.7972417,1.1493092,1.8040534,1.1536602
2004-08-17,1.7973141,1.1493092,1.804126,1.1536602
2004-08-18,1.797386,1.1493092,1.8041982,1.1536602
2004-08-19,1.7974579,1.1493092,1.8042703,1.1536602
2004-08-20,1.7975293,1.1493092,1.804342,1.1536602
2004-08-23,1.797745,1.1493092,1.8045585,1.1536602
2004-08-24,1.7978199,1.1493092,1.8046337,1.1536602
2004-08-25,1.7976674,1.1491639,1.8045172,1.1535376
2004-08-26,1.8014693,1.1515464,1.8077343,1.1555461
2004-08-27,1.800714,1.1510156,1.8071098,1.1550988
2004-08-30,1.8048406,1.1535086,1.8106241,1.1571999
2004-08-31,1.8102816,1.1569358,1.8152208,1.1600873
2004-09-01,1.8103594,1.1569358,1.8152989,1.1600873
2004-09-02,1.8104363,1.1569358,1.8153759,1.1600873
2004-09-03,1.8105142,1.1569358,1.815454,1.1600873
2004-09-07,1.8108356,1.1569358,1.8157763,1.1600873
2004-09-08,1.810917,1.1569358,1.8158579,1.1600873
2004-09-09,1.8109974,1.1569358,1.8159385,1.1600873
2004-09-10,1.8110772,1.1569358,1.8160186,1.1600873
2004-09-13,1.8113199,1.1569358,1.8162619,1.1600873
2004-09-14,1.8114013,1.1569358,1.8163435,1.1600873
2004-09-15,1.8114822,1.1569358,1.8164246,1.1600873
2004-09-16,1.8115636,1.1569358,1.8165062,1.1600873
2004-09-17,1.8116449,1.1569358,1.8165879,1.1600873
2004-09-20,1.8118951,1.1569358,1.8168387,1.1600873
2004-09-21,1.8119795,1.1569358,1.8169233,1.1600873
2004-09-22,1.8120634,1.1569358,1.8170074,1.1600873
2004-09-23,1.8121468,1.1569358,1.8170911,1.1600873
2004-09-24,1.812083,1.1568415,1.8169657,1.1599535
2004-09-27,1.8142468,1.1580613,1.8199302,1.161684
2004-09-28,1.8137851,1.157712,1.8192392,1.1611882
2004-09-29,1.8091985,1.1547308,1.8126953,1.1569575
2004-09-30,1.8068342,1.1531683,1.8093087,1.1547425
2004-10-01,1.8069173,1.1531683,1.809392,1.1547425
2004-10-04,1.8071653,1.1531683,1.8096404,1.1547425
2004-10-05,1.807249,1.1531683,1.8097241,1.1547425
2004-10-06,1.8073322,1.1531683,1.8098074,1.1547425
2004-10-07,1.8074154,1.1531683,1.8098907,1.1547425
2004-10-08,1.8074981,1.1531683,1.8099735,1.1547425
2004-10-12,1.8078289,1.1531683,1.8103048,1.1547425
2004-10-13,1.8079126,1.1531683,1.8103886,1.1547425
2004-10-14,1.8079963,1.1531683,1.8104724,1.1547425
2004-10-15,1.808081,1.1531683,1.8105573,1.1547425
2004-10-18,1.8083366,1.1531683,1.8108132,1.1547425
2004-10-19,1.8084248,1.1531683,1.8109015,1.1547425
2004-10-20,1.8085135,1.1531683,1.8109903,1.1547425
2004-10-21,1.8086022,1.1531683,1.8110791,1.1547425
2004-10-22,1.8086919,1.1531683,1.811169,1.1547425
2004-10-25,1.8089609,1.1531683,1.8112159,1.1546006
2004-10-26,1.8090536,1.1531683,1.8095927,1.1535068
2004-10-27,1.8091468,1.1531683,1.8009088,1.1479119
2004-10-28,1.80924,1.1531683,1.8028275,1.1490757
2004-10-29,1.8093327,1.1531683,1.8062958,1.1512275
2004-11-01,1.8096108,1.1531683,1.8065734,1.1512275
2004-11-02,1.8097079,1.1531683,1.8066704,1.1512275
2004-11-03,1.8098041,1.1531683,1.8067664,1.1512275
2004-11-04,1.8098993,1.1531683,1.8068615,1.1512275
2004-11-05,1.8099955,1.1531683,1.8069575,1.1512275
2004-11-08,1.8102916,1.1531683,1.8072531,1.1512275
2004-11-09,1.8103927,1.1531683,1.8073541,1.1512275
2004-11-10,1.8104939,1.1531683,1.8074551,1.1512275
2004-11-12,1.8106963,1.1531683,1.8076571,1.1512275
2004-11-15,1.8109999,1.1531683,1.8079602,1.1512275
2004-11-16,1.8111036,1.1531683,1.8080637,1.1512275
2004-11-17,1.8112078,1.1531683,1.8081678,1.1512275
2004-11-18,1.8113115,1.1531683,1.8082713,1.1512275
2004-11-19,1.8114152,1.1531683,1.8083749,1.1512275
2004-11-22,1.8117279,1.1531683,1.808687,1.1512275
2004-11-23,1.811448,1.1529219,1.8085629,1.1510803
2004-11-24,1.810112,1.1520037,1.8078079,1.150532
2004-11-26,1.8043641,1.1482104,1.8044596,1.1482662
2004-11-29,1.7897008,1.1386756,1.7958178,1.1425631
2004-11-30,1.7865005,1.1365708,1.7939407,1.1413
2004-12-01,1.7866077,1.1365708,1.7940483,1.1413
2004-12-02,1.7867144,1.1365708,1.7941555,1.1413
2004-12-03,1.7868212,1.1365708,1.7942626,1.1413
2004-12-06,1.7871398,1.1365708,1.7945827,1.1413
2004-12-07,1.7872485,1.1365708,1.7946918,1.1413
2004-12-08,1.7873568,1.1365708,1.7948005,1.1413
2004-12-09,1.7874645,1.1365708,1.7949087,1.1413
2004-12-10,1.7875722,1.1365708,1.7950168,1.1413
2004-12-13,1.7878969,1.1365708,1.7953429,1.1413
2004-12-14,1.7880052,1.1365708,1.7954516,1.1413
2004-12-15,1.788112,1.1365708,1.7955588,1.1413
2004-12-16,1.7882183,1.1365708,1.7956656,1.1413
2004-12-17,1.7883241,1.1365708,1.7957719,1.1413
2004-12-20,1.7886416,1.1365708,1.7960907,1.1413
2004-12-21,1.7887489,1.1365708,1.7961984,1.1413
2004-12-22,1.7888552,1.1365708,1.7963052,1.1413
2004-12-23,1.7889606,1.1365708,1.796411,1.1413
2004-12-27,1.7893427,1.1365458,1.7966046,1.1411541
2004-12-28,1.7893055,1.1364524,1.7958596,1.1406108
2004-12-29,1.7891102,1.1362592,1.7941989,1.1394867
2004-12-30,1.7901769,1.1368686,1.799884,1.1430289
2004-12-31,1.7907304,1.1371522,1.8025942,1.1446817
2005-01-03,1.7910513,1.1371522,1.8029172,1.1446817
2005-01-04,1.7911636,1.1371522,1.8030303,1.1446817
2005-01-05,1.7912765,1.1371522,1.8031439,1.1446817
2005-01-06,1.7913889,1.1371522,1.803257,1.1446817
2005-01-07,1.7915003,1.1371522,1.8033692,1.1446817
2005-01-10,1.791836,1.1371522,1.8037071,1.1446817
2005-01-11,1.7919504,1.1371522,1.8038223,1.1446817
2005-01-12,1.7920638,1.1371522,1.8039364,1.1446817
2005-01-13,1.7921767,1.1371522,1.8040501,1.1446817
2005-01-14,1.7922902,1.1371522,1.8041643,1.1446817
2005-01-18,1.7927459,1.1371522,1.804623,1.1446817
2005-01-19,1.7928618,1.1371522,1.8047397,1.1446817
2005-01-20,1.7929762,1.1371522,1.8048549,1.1446817
2005-01-21,1.7930897,1.1371522,1.8049691,1.1446817
2005-01-24,1.7934301,1.1371522,1.8053118,1.1446817
2005-01-25,1.7935451,1.1371522,1.8051786,1.1445239
2005-01-26,1.7936611,1.1371522,1.8043609,1.1439315
2005-01-27,1.7937775,1.1371522,1.8035445,1.1433396
2005-01-28,1.7938955,1.1371522,1.8097015,1.1471676
2005-01-31,1.7942508,1.1371522,1.8119842,1.1483874
2005-02-01,1.7943727,1.1371522,1.8121074,1.1483874
2005-02-02,1.7944942,1.1371522,1.81223,1.1483874
2005-02-03,1.7946156,1.1371522,1.8123526,1.1483874
2005-02-04,1.7947356,1.1371522,1.8124738,1.1483874
2005-02-07,1.795094,1.1371522,1.8128358,1.1483874
2005-02-08,1.795216,1.1371522,1.8129589,1.1483874
2005-02-09,1.795338,1.1371522,1.8130821,1.1483874
2005-02-10,1.7954595,1.1371522,1.8132048,1.1483874
2005-02-11,1.795581,1.1371522,1.8133275,1.1483874
2005-02-14,1.7959499,1.1371522,1.8137001,1.1483874
2005-02-15,1.7960754,1.1371522,1.8138268,1.1483874
2005-02-16,1.7962009,1.1371522,1.8139536,1.1483874
2005-02-17,1.7963254,1.1371522,1.8140793,1.1483874
2005-02-18,1.7964499,1.1371522,1.814205,1.1483874
2005-02-22,1.7966666,1.1369703,1.8144575,1.148225
2005-02-23,1.7991591,1.1384657,1.8166984,1.1495603
2005-02-24,1.7970502,1.1370492,1.8148306,1.1482956
2005-02-25,1.7995433,1.1385444,1.8170721,1.1496308
2005-02-28,1.7895164,1.1319488,1.8081661,1.143742
2005-03-01,1.7896497,1.1319488,1.8083008,1.143742
2005-03-02,1.7897821,1.1319488,1.8084346,1.143742
2005-03-03,1.7899135,1.1319488,1.8085674,1.143742
2005-03-04,1.7900459,1.1319488,1.8087012,1.143742
2005-03-07,1.7904432,1.1319488,1.8091025,1.143742
2005-03-08,1.7905761,1.1319488,1.8092369,1.143742
2005-03-09,1.7907086,1.1319488,1.8093707,1.143742
2005-03-10,1.790841,1.1319488,1.8095045,1.143742
2005-03-11,1.790973,1.1319488,1.8096379,1.143742
2005-03-14,1.7913705,1.1319488,1.8100395,1.143742
2005-03-15,1.7915054,1.1319488,1.8101759,1.143742
2005-03-16,1.7916404,1.1319488,1.8103122,1.143742
2005-03-17,1.7917749,1.1319488,1.8104481,1.143742
2005-03-18,1.7919089,1.1319488,1.8105836,1.143742
2005-03-21,1.7923139,1.1319488,1.8109928,1.143742
2005-03-22,1.7924514,1.1319488,1.8111317,1.143742
2005-03-23,1.7925904,1.1319488,1.8112721,1.143742
2005-03-24,1.7925435,1.1318333,1.8111544,1.1435808
2005-03-28,1.7903493,1.130103,1.8078836,1.1411672
2005-03-29,1.7934542,1.1319765,1.8121596,1.1437791
2005-03-30,1.7965689,1.1338562,1.816452,1.1464012
2005-03-31,1.8009862,1.136558,1.8225656,1.1501726
2005-04-01,1.8011209,1.136558,1.822702,1.1501726
2005-04-04,1.8015266,1.136558,1.8231124,1.1501726
2005-04-05,1.8016623,1.136558,1.8232498,1.1501726
2005-04-06,1.8017975,1.136558,1.8233867,1.1501726
2005-04-07,1.8019313,1.136558,1.8235221,1.1501726
2005-04-08,1.8020651,1.136558,1.8236574,1.1501726
2005-04-11,1.8024695,1.136558,1.8240666,1.1501726
2005-04-12,1.8026033,1.136558,1.8242021,1.1501726
2005-04-13,1.8027371,1.136558,1.8243375,1.1501726
2005-04-14,1.8028715,1.136558,1.8244735,1.1501726
2005-04-15,1.8030058,1.136558,1.8246094,1.1501726
2005-04-18,1.8034104,1.136558,1.8250188,1.1501726
2005-04-19,1.8035512,1.136558,1.8251613,1.1501726
2005-04-20,1.803692,1.136558,1.8253039,1.1501726
2005-04-21,1.8038309,1.136558,1.8254444,1.1501726
2005-04-22,1.8039702,1.136558,1.8255854,1.1501726
2005-04-25,1.8043958,1.136558,1.8257884,1.1500292
2005-04-26,1.8045382,1.136558,1.8241548,1.1489095
2005-04-27,1.8046796,1.136558,1.8270701,1.1506556
2005-04-28,1.8048195,1.136558,1.8327387,1.1541364
2005-04-29,1.8049589,1.136558,1.8308609,1.1528647
2005-05-02,1.8053802,1.136558,1.8312883,1.1528647
2005-05-03,1.8055227,1.136558,1.8314328,1.1528647
2005-05-04,1.8056637,1.136558,1.8315758,1.1528647
2005-05-05,1.8058027,1.136558,1.8317168,1.1528647
2005-05-06,1.8059387,1.136558,1.8318548,1.1528647
2005-05-09,1.8063543,1.136558,1.8322764,1.1528647
2005-05-10,1.8064959,1.136558,1.8324199,1.1528647
2005-05-11,1.8066364,1.136558,1.8325625,1.1528647
2005-05-12,1.8067755,1.136558,1.8327036,1.1528647
2005-05-13,1.8069151,1.136558,1.8328452,1.1528647
2005-05-16,1.807325,1.136558,1.833261,1.1528647
2005-05-17,1.8074656,1.136558,1.8334036,1.1528647
2005-05-18,1.8076053,1.136558,1.8335453,1.1528647
2005-05-19,1.807744,1.136558,1.8336859,1.1528647
2005-05-20,1.8078831,1.136558,1.8338271,1.1528647
2005-05-23,1.8083036,1.136558,1.8342536,1.1528647
2005-05-24,1.8079879,1.136269,1.8341666,1.1527181
2005-05-25,1.8008587,1.1316988,1.8306227,1.1503999
2005-05-26,1.8010719,1.1317432,1.8308036,1.1504225
2005-05-27,1.8012853,1.131788,1.8309843,1.1504453
2005-05-31,1.8163548,1.1408968,1.8389342,1.1550748
2005-06-01,1.8165006,1.1408968,1.8390818,1.1550748
2005-06-02,1.8166454,1.1408968,1.8392285,1.1550748
2005-06-03,1.8167903,1.1408968,1.8393751,1.1550748
2005-06-06,1.8172293,1.1408968,1.8398196,1.1550748
2005-06-07,1.8173767,1.1408968,1.8399688,1.1550748
2005-06-08,1.817524,1.1408968,1.840118,1.1550748
2005-06-09,1.8176714,1.1408968,1.8402672,1.1550748
2005-06-10,1.8178173,1.1408968,1.8404149,1.1550748
2005-06-13,1.8182566,1.1408968,1.8408597,1.1550748
2005-06-14,1.8184046,1.1408968,1.8410095,1.1550748
2005-06-15,1.8185515,1.1408968,1.8411583,1.1550748
2005-06-16,1.818698,1.1408968,1.8413066,1.1550748
2005-06-17,1.818843,1.1408968,1.8414534,1.1550748
2005-06-20,1.8192795,1.1408968,1.8418953,1.1550748
2005-06-21,1.8194271,1.1408968,1.8420447,1.1550748
2005-06-22,1.8195746,1.1408968,1.8421941,1.1550748
2005-06-23,1.8197227,1.1408968,1.842344,1.1550748
2005-06-24,1.8197878,1.1408438,1.842369,1.1549955
2005-06-27,1.8209447,1.141286,1.8438815,1.155657
2005-06-28,1.8187469,1.1398118,1.8405178,1.153451
2005-06-29,1.8182369,1.139396,1.8396808,1.1528291
2005-06-30,1.8200011,1.1404061,1.8422453,1.1543395
2005-07-01,1.8201537,1.1404061,1.8423997,1.1543395
2005-07-05,1.8207721,1.1404061,1.8430256,1.1543395
2005-07-06,1.8209292,1.1404061,1.8431847,1.1543395
2005-07-07,1.8210849,1.1404061,1.8433422,1.1543395
2005-07-08,1.8212385,1.1404061,1.8434978,1.1543395
2005-07-11,1.8217026,1.1404061,1.8439675,1.1543395
2005-07-12,1.8218588,1.1404061,1.8441256,1.1543395
2005-07-13,1.8220155,1.1404061,1.8442843,1.1543395
2005-07-14,1.8221728,1.1404061,1.8444434,1.1543395
2005-07-15,1.8223305,1.1404061,1.8446031,1.1543395
2005-07-18,1.8228068,1.1404061,1.8450852,1.1543395
2005-07-19,1.8229681,1.1404061,1.8452485,1.1543395
2005-07-20,1.8231299,1.1404061,1.8454123,1.1543395
2005-07-21,1.8232913,1.1404061,1.8455756,1.1543395
2005-07-22,1.8234546,1.1404061,1.845741,1.1543395
2005-07-25,1.8238158,1.1403227,1.8460002,1.1541885
2005-07-26,1.8245332,1.1406659,1.8471638,1.1548095
2005-07-27,1.8231164,1.1396751,1.8444663,1.1530167
2005-07-28,1.8270417,1.142025,1.8514317,1.1572657
2005-07-29,1.8228194,1.1392816,1.8436515,1.1522971
2005-08-01,1.8233198,1.1392816,1.8441576,1.1522971
2005-08-02,1.8234902,1.1392816,1.8443299,1.1522971
2005-08-03,1.8236605,1.1392816,1.8445022,1.1522971
2005-08-04,1.8238294,1.1392816,1.844673,1.1522971
2005-08-05,1.8239988,1.1392816,1.8448444,1.1522971
2005-08-08,1.8245145,1.1392816,1.845366,1.1522971
2005-08-09,1.824688,1.1392816,1.8455414,1.1522971
2005-08-10,1.8248599,1.1392816,1.8457154,1.1522971
2005-08-11,1.8250314,1.1392816,1.8458888,1.1522971
2005-08-12,1.8252029,1.1392816,1.8460623,1.1522971
2005-08-15,1.825719,1.1392816,1.8465842,1.1522971
2005-08-16,1.8258925,1.1392816,1.8467598,1.1522971
2005-08-17,1.8260656,1.1392816,1.8469348,1.1522971
2005-08-18,1.8262377,1.1392816,1.8471089,1.1522971
2005-08-19,1.8264089,1.1392816,1.847282,1.1522971
2005-08-22,1.8269252,1.1392816,1.8478043,1.1522971
2005-08-23,1.8270984,1.1392816,1.8479794,1.1522971
2005-08-24,1.8272716,1.1392816,1.8481546,1.1522971
2005-08-25,1.8271126,1.1390747,1.8480948,1.1521508
2005-08-26,1.8246652,1.137441,1.8464173,1.1509959
2005-08-29,1.825278,1.1374986,1.8470093,1.1510366
2005-08-30,1.830789,1.1408248,1.8509598,1.1533891
2005-08-31,1.8494151,1.1523232,1.8641746,1.1615143
2005-09-01,1.8495894,1.1523232,1.8643502,1.1615143
2005-09-02,1.8497617,1.1523232,1.8645239,1.1615143
2005-09-06,1.8504468,1.1523232,1.8652146,1.1615143
2005-09-07,1.8506217,1.1523232,1.8653909,1.1615143
2005-09-08,1.8507946,1.1523232,1.8655651,1.1615143
2005-09-09,1.850967,1.1523232,1.8657389,1.1615143
2005-09-12,1.8514858,1.1523232,1.8662618,1.1615143
2005-09-13,1.8516603,1.1523232,1.8664377,1.1615143
2005-09-14,1.8518328,1.1523232,1.8666116,1.1615143
2005-09-15,1.8520028,1.1523232,1.8667829,1.1615143
2005-09-16,1.8521738,1.1523232,1.8669553,1.1615143
2005-09-19,1.8526944,1.1523232,1.86748,1.1615143
2005-09-20,1.8528726,1.1523232,1.8676596,1.1615143
2005-09-21,1.8530523,1.1523232,1.8678408,1.1615143
2005-09-22,1.8532218,1.1523232,1.8680117,1.1615143
2005-09-23,1.8533939,1.1523232,1.8681852,1.1615143
2005-09-26,1.8538668,1.1522952,1.8684647,1.1613634
2005-09-27,1.8540474,1.1522982,1.868668,1.1613797
2005-09-28,1.8549486,1.1527503,1.8727598,1.163814
2005-09-29,1.8545847,1.1524172,1.870042,1.1620169
2005-09-30,1.8538206,1.1518331,1.8651559,1.1588706
2005-10-03,1.8543493,1.1518331,1.8656879,1.1588706
2005-10-04,1.8545291,1.1518331,1.8658688,1.1588706
2005-10-05,1.8547095,1.1518331,1.8660503,1.1588706
2005-10-06,1.8548874,1.1518331,1.8662292,1.1588706
2005-10-07,1.8550662,1.1518331,1.8664092,1.1588706
2005-10-11,1.8557859,1.1518331,1.8671333,1.1588706
2005-10-12,1.8559715,1.1518331,1.86732,1.1588706
2005-10-13,1.8561556,1.1518331,1.8675052,1.1588706
2005-10-14,1.8563417,1.1518331,1.8676925,1.1588706
2005-10-17,1.8569047,1.1518331,1.8682589,1.1588706
2005-10-18,1.857097,1.1518331,1.8684524,1.1588706
2005-10-19,1.8572888,1.1518331,1.8686454,1.1588706
2005-10-20,1.8574806,1.1518331,1.8688384,1.1588706
2005-10-21,1.857672,1.1518331,1.8690309,1.1588706
2005-10-24,1.8582476,1.1518331,1.86961,1.1588706
2005-10-25,1.8582821,1.1517333,1.8695388,1.1587046
2005-10-26,1.8546407,1.1493552,1.8633502,1.1547471
2005-10-27,1.8567752,1.1505581,1.8667704,1.1567461
2005-10-28,1.8563422,1.1501703,1.8659234,1.1561012
2005-10-31,1.857454,1.1504971,1.8673878,1.1566445
2005-11-01,1.857652,1.1504971,1.8675868,1.1566445
2005-11-02,1.8578489,1.1504971,1.8677848,1.1566445
2005-11-03,1.8580449,1.1504971,1.8679819,1.1566445
2005-11-04,1.8582409,1.1504971,1.8681789,1.1566445
2005-11-07,1.8588335,1.1504971,1.8687747,1.1566445
2005-11-08,1.8590306,1.1504971,1.8689728,1.1566445
2005-11-09,1.8592277,1.1504971,1.869171,1.1566445
2005-11-10,1.8594263,1.1504971,1.8693707,1.1566445
2005-11-14,1.860217,1.1504971,1.8701655,1.1566445
2005-11-15,1.8604173,1.1504971,1.8703669,1.1566445
2005-11-16,1.8606171,1.1504971,1.8705678,1.1566445
2005-11-17,1.8608164,1.1504971,1.8707682,1.1566445
2005-11-18,1.8610162,1.1504971,1.8709691,1.1566445
2005-11-21,1.8616143,1.1504971,1.8715704,1.1566445
2005-11-22,1.8618137,1.1504971,1.8717708,1.1566445
2005-11-23,1.8614988,1.1501814,1.871711,1.1564859
2005-11-25,1.8701551,1.1552867,1.8762609,1.1590525
2005-11-28,1.8749728,1.1578963,1.8789752,1.1603616
2005-11-29,1.8608116,1.1490276,1.8719796,1.1559178
2005-11-30,1.8584973,1.1474761,1.8709153,1.1551374
2005-12-01,1.8586939,1.1474761,1.8711131,1.1551374
2005-12-02,1.8588915,1.1474761,1.871312,1.1551374
2005-12-05,1.8594873,1.1474761,1.8719119,1.1551374
2005-12-06,1.8596886,1.1474761,1.8721144,1.1551374
2005-12-07,1.8598898,1.1474761,1.872317,1.1551374
2005-12-08,1.8600906,1.1474761,1.8725192,1.1551374
2005-12-09,1.8602868,1.1474761,1.8727167,1.1551374
2005-12-12,1.8608754,1.1474761,1.8733093,1.1551374
2005-12-13,1.8610707,1.1474761,1.8735058,1.1551374
2005-12-14,1.861266,1.1474761,1.8737024,1.1551374
2005-12-15,1.8614603,1.1474761,1.873898,1.1551374
2005-12-16,1.8616561,1.1474761,1.8740952,1.1551374
2005-12-19,1.8622437,1.1474761,1.8746866,1.1551374
2005-12-20,1.8624421,1.1474761,1.8748864,1.1551374
2005-12-21,1.8626401,1.1474761,1.8750857,1.1551374
2005-12-22,1.8628392,1.1474761,1.8752861,1.1551374
2005-12-23,1.8628609,1.1473672,1.8752199,1.1549735
2005-12-27,1.8665301,1.1491367,1.8803461,1.1576371
2005-12-28,1.863906,1.1473984,1.8762934,1.1550184
2005-12-29,1.8648224,1.1478409,1.8775743,1.1556845
2005-12-30,1.8634409,1.1468673,1.8753944,1.1542186
2006-01-03,1.8642557,1.1468673,1.8762145,1.1542186
2006-01-04,1.8644636,1.1468673,1.8764237,1.1542186
2006-01-05,1.8646725,1.1468673,1.8766339,1.1542186
2006-01-06,1.8648819,1.1468673,1.8768447,1.1542186
2006-01-09,1.8655134,1.1468673,1.8774803,1.1542186
2006-01-10,1.865725,1.1468673,1.8776933,1.1542186
2006-01-11,1.8659392,1.1468673,1.8779088,1.1542186
2006-01-12,1.8661539,1.1468673,1.8781249,1.1542186
2006-01-13,1.8663697,1.1468673,1.878342,1.1542186
2006-01-17,1.8672349,1.1468673,1.8792128,1.1542186
2006-01-18,1.8674538,1.1468673,1.8794331,1.1542186
2006-01-19,1.8676713,1.1468673,1.879652,1.1542186
2006-01-20,1.8678887,1.1468673,1.8798708,1.1542186
2006-01-23,1.8685412,1.1468673,1.8805275,1.1542186
2006-01-24,1.8687603,1.1468673,1.880748,1.1542186
2006-01-25,1.8689805,1.1468673,1.8808288,1.1541322
2006-01-26,1.8692017,1.1468673,1.8788064,1.1527546
2006-01-27,1.8694239,1.1468673,1.879594,1.1531008
2006-01-30,1.8700908,1.1468673,1.8791501,1.1524171
2006-01-31,1.8703152,1.1468673,1.8797984,1.1526764
2006-02-01,1.8705391,1.1468673,1.8800235,1.1526764
2006-02-02,1.8707631,1.1468673,1.8802486,1.1526764
2006-02-03,1.870987,1.1468673,1.8804737,1.1526764
2006-02-06,1.8716591,1.1468673,1.8811491,1.1526764
2006-02-07,1.8718837,1.1468673,1.8813748,1.1526764
2006-02-08,1.8721088,1.1468673,1.8816011,1.1526764
2006-02-09,1.8723345,1.1468673,1.8818279,1.1526764
2006-02-10,1.8725607,1.1468673,1.8820553,1.1526764
2006-02-13,1.873241,1.1468673,1.882739,1.1526764
2006-02-14,1.8734694,1.1468673,1.8829686,1.1526764
2006-02-15,1.8736978,1.1468673,1.8831981,1.1526764
2006-02-16,1.8739257,1.1468673,1.8834272,1.1526764
2006-02-17,1.8741536,1.1468673,1.8836563,1.1526764
2006-02-21,1.8750635,1.1468673,1.8845708,1.1526764
2006-02-22,1.8746634,1.1464824,1.8844849,1.152483
2006-02-23,1.867358,1.1418745,1.8809282,1.150167
2006-02-24,1.8625898,1.1388187,1.8786422,1.148628
2006-02-27,1.860796,1.1373017,1.8780842,1.147863
2006-02-28,1.8703828,1.1430205,1.8830382,1.1507489
2006-03-01,1.8706139,1.1430205,1.8832708,1.1507489
2006-03-02,1.870844,1.1430205,1.8835025,1.1507489
2006-03-03,1.8710746,1.1430205,1.8837347,1.1507489
2006-03-06,1.8717667,1.1430205,1.8844314,1.1507489
2006-03-07,1.8719969,1.1430205,1.8846632,1.1507489
2006-03-08,1.8722272,1.1430205,1.8848951,1.1507489
2006-03-09,1.8724565,1.1430205,1.8851259,1.1507489
2006-03-10,1.8726863,1.1430205,1.8853573,1.1507489
2006-03-13,1.873379,1.1430205,1.8860546,1.1507489
2006-03-14,1.8736099,1.1430205,1.8862871,1.1507489
2006-03-15,1.8738399,1.1430205,1.8865187,1.1507489
2006-03-16,1.8740714,1.1430205,1.8867518,1.1507489
2006-03-17,1.8743025,1.1430205,1.8869844,1.1507489
2006-03-20,1.8749988,1.1430205,1.8876854,1.1507489
2006-03-21,1.8752325,1.1430205,1.8879207,1.1507489
2006-03-22,1.8754673,1.1430205,1.8881571,1.1507489
2006-03-23,1.8757021,1.1430205,1.8883935,1.1507489
2006-03-24,1.875936,1.1430205,1.8886289,1.1507489
2006-03-27,1.8766232,1.1430127,1.8891609,1.1506437
2006-03-28,1.8763981,1.1427344,1.8832055,1.1468742
2006-03-29,1.8765298,1.1426728,1.8820737,1.1460426
2006-03-30,1.876509,1.1425189,1.8788963,1.1439662
2006-03-31,1.8767281,1.1425115,1.8789633,1.1438659
2006-04-03,1.8774253,1.1425115,1.8796613,1.1438659
2006-04-04,1.8776594,1.1425115,1.8798957,1.1438659
2006-04-05,1.8778939,1.1425115,1.8801305,1.1438659
2006-04-06,1.878128,1.1425115,1.8803649,1.1438659
2006-04-07,1.8783627,1.1425115,1.8805998,1.1438659
2006-04-10,1.8790682,1.1425115,1.8813062,1.1438659
2006-04-11,1.879304,1.1425115,1.8815423,1.1438659
2006-04-12,1.8795398,1.1425115,1.8817784,1.1438659
2006-04-13,1.8797757,1.1425115,1.8820145,1.1438659
2006-04-17,1.8807191,1.1425115,1.8829591,1.1438659
2006-04-18,1.8809567,1.1425115,1.8831969,1.1438659
2006-04-19,1.8811942,1.1425115,1.8834348,1.1438659
2006-04-20,1.8814318,1.1425115,1.8836726,1.1438659
2006-04-21,1.8816695,1.1425115,1.8839106,1.1438659
2006-04-24,1.8823855,1.1425115,1.8843055,1.1436704
2006-04-25,1.8826248,1.1425115,1.8742931,1.1374481
2006-04-26,1.8828657,1.1425115,1.8681816,1.1335937
2006-04-27,1.8831066,1.1425115,1.8722508,1.1359178
2006-04-28,1.883347,1.1425115,1.8747361,1.1372806
2006-05-01,1.8840668,1.1425115,1.8754527,1.1372806
2006-05-02,1.8843094,1.1425115,1.8756942,1.1372806
2006-05-03,1.8845516,1.1425115,1.8759352,1.1372806
2006-05-04,1.8847942,1.1425115,1.8761767,1.1372806
2006-05-05,1.8850359,1.1425115,1.8764173,1.1372806
2006-05-08,1.8857641,1.1425115,1.8771422,1.1372806
2006-05-09,1.8860095,1.1425115,1.8773864,1.1372806
2006-05-10,1.8862554,1.1425115,1.8776313,1.1372806
2006-05-11,1.8865014,1.1425115,1.8778761,1.1372806
2006-05-12,1.8867444,1.1425115,1.8781179,1.1372806
2006-05-15,1.8874763,1.1425115,1.8788465,1.1372806
2006-05-16,1.8877214,1.1425115,1.8790905,1.1372806
2006-05-17,1.887965,1.1425115,1.879333,1.1372806
2006-05-18,1.8882086,1.1425115,1.8795755,1.1372806
2006-05-19,1.8884523,1.1425115,1.8798181,1.1372806
2006-05-22,1.8891818,1.1425115,1.8805443,1.1372806
2006-05-23,1.8894256,1.1425115,1.8807869,1.1372806
2006-05-24,1.8891018,1.1421679,1.8807445,1.137108
2006-05-25,1.8802979,1.1366979,1.8764378,1.1343577
2006-05-26,1.8828221,1.1380775,1.8778296,1.135053
2006-05-30,1.8771166,1.1340401,1.8754366,1.1330194
2006-05-31,1.8700769,1.1296405,1.8720045,1.1307994
2006-06-01,1.8703197,1.1296405,1.8722476,1.1307994
2006-06-02,1.8705611,1.1296405,1.8724892,1.1307994
2006-06-05,1.8712821,1.1296405,1.873211,1.1307994
2006-06-06,1.8715246,1.1296405,1.8734538,1.1307994
2006-06-07,1.8717677,1.1296405,1.8736971,1.1307994
2006-06-08,1.8720108,1.1296405,1.8739404,1.1307994
2006-06-09,1.8722539,1.1296405,1.8741838,1.1307994
2006-06-12,1.8729848,1.1296405,1.8749155,1.1307994
2006-06-13,1.8732316,1.1296405,1.8751625,1.1307994
2006-06-14,1.8734764,1.1296405,1.8754076,1.1307994
2006-06-15,1.8737213,1.1296405,1.8756527,1.1307994
2006-06-16,1.8739636,1.1296405,1.8758952,1.1307994
2006-06-19,1.8746952,1.1296405,1.8766276,1.1307994
2006-06-20,1.8749422,1.1296405,1.8768749,1.1307994
2006-06-21,1.8751888,1.1296405,1.8771217,1.1307994
2006-06-22,1.8754349,1.1296405,1.8773681,1.1307994
2006-06-23,1.875681,1.1296405,1.8776144,1.1307994
2006-06-26,1.8764219,1.1296373,1.8782135,1.1307104
2006-06-27,1.8767596,1.1296886,1.880843,1.1321413
2006-06-28,1.8769278,1.1296376,1.8787312,1.1307175
2006-06-29,1.8772427,1.1296762,1.8807668,1.1317915
2006-06-30,1.877638,1.129763,1.8850427,1.1342133
2006-07-03,1.8783895,1.129763,1.8857973,1.1342133
2006-07-05,1.8789,1.129763,1.8863098,1.1342133
2006-07-06,1.8791513,1.129763,1.886562,1.1342133
2006-07-07,1.879402,1.129763,1.8868137,1.1342133
2006-07-10,1.8801573,1.129763,1.887572,1.1342133
2006-07-11,1.8804113,1.129763,1.887827,1.1342133
2006-07-12,1.8806648,1.129763,1.8880814,1.1342133
2006-07-13,1.8809188,1.129763,1.8883365,1.1342133
2006-07-14,1.8811723,1.129763,1.888591,1.1342133
2006-07-17,1.8819346,1.129763,1.8893563,1.1342133
2006-07-18,1.8821913,1.129763,1.8896141,1.1342133
2006-07-19,1.8824492,1.129763,1.8898729,1.1342133
2006-07-20,1.882706,1.129763,1.8901308,1.1342133
2006-07-21,1.8829613,1.129763,1.8903871,1.1342133
2006-07-24,1.883729,1.129763,1.8911577,1.1342133
2006-07-25,1.8839855,1.129763,1.8911126,1.1340317
2006-07-26,1.8842436,1.129763,1.8950083,1.1362125
2006-07-27,1.8845006,1.129763,1.8916281,1.1340308
2006-07-28,1.8847572,1.129763,1.9003905,1.1391294
2006-07-31,1.8855225,1.129763,1.9020784,1.1396787
2006-08-01,1.8857792,1.129763,1.9023374,1.1396787
2006-08-02,1.886037,1.129763,1.9025975,1.1396787
2006-08-03,1.8862939,1.129763,1.9028565,1.1396787
2006-08-04,1.8865512,1.129763,1.9031161,1.1396787
2006-08-07,1.8873203,1.129763,1.903892,1.1396787
2006-08-08,1.8875783,1.129763,1.9041523,1.1396787
2006-08-09,1.8878354,1.129763,1.9044115,1.1396787
2006-08-10,1.8880909,1.129763,1.9046693,1.1396787
2006-08-11,1.8883454,1.129763,1.904926,1.1396787
2006-08-14,1.8891121,1.129763,1.9056995,1.1396787
2006-08-15,1.8893704,1.129763,1.90596,1.1396787
2006-08-16,1.8896276,1.129763,1.9062195,1.1396787
2006-08-17,1.8898834,1.129763,1.9064775,1.1396787
2006-08-18,1.8901402,1.129763,1.9067366,1.1396787
2006-08-21,1.8909123,1.129763,1.9075155,1.1396787
2006-08-22,1.8911703,1.129763,1.9077758,1.1396787
2006-08-23,1.8914278,1.129763,1.9080355,1.1396787
2006-08-24,1.8916848,1.129763,1.9082948,1.1396787
2006-08-25,1.8912993,1.1293792,1.90823,1.1394851
2006-08-28,1.8894407,1.1278071,1.9076829,1.138692
2006-08-29,1.8922444,1.129327,1.9092282,1.1394593
2006-08-30,1.9002045,1.1339249,1.9133732,1.1417789
2006-08-31,1.9049706,1.1366162,1.9159017,1.1431339
2006-09-01,1.9052274,1.1366162,1.91616,1.1431339
2006-09-05,1.9062484,1.1366162,1.9171868,1.1431339
2006-09-06,1.9065028,1.1366162,1.9174426,1.1431339
2006-09-07,1.9067556,1.1366162,1.9176969,1.1431339
2006-09-08,1.9070084,1.1366162,1.9179512,1.1431339
2006-09-11,1.9077608,1.1366162,1.9187078,1.1431339
2006-09-12,1.9080122,1.1366162,1.9189607,1.1431339
2006-09-13,1.908262,1.1366162,1.919212,1.1431339
2006-09-14,1.9085125,1.1366162,1.9194639,1.1431339
2006-09-15,1.9087645,1.1366162,1.9197173,1.1431339
2006-09-18,1.9095222,1.1366162,1.9204794,1.1431339
2006-09-19,1.9097744,1.1366162,1.920733,1.1431339
2006-09-20,1.9100266,1.1366162,1.9209867,1.1431339
2006-09-21,1.9102783,1.1366162,1.9212398,1.1431339
2006-09-22,1.910529,1.1366162,1.921492,1.1431339
2006-09-25,1.9112511,1.1365974,1.9218878,1.1429184
2006-09-26,1.9111206,1.1363716,1.9177856,1.1403298
2006-09-27,1.9112427,1.136296,1.9165817,1.1394652
2006-09-28,1.9111131,1.1360707,1.9125011,1.1368906
2006-09-29,1.9112035,1.1359766,1.9109446,1.1358174
2006-10-02,1.9119528,1.1359766,1.9116938,1.1358174
2006-10-03,1.9122021,1.1359766,1.9119431,1.1358174
2006-10-04,1.9124525,1.1359766,1.9121935,1.1358174
2006-10-05,1.912704,1.1359766,1.9124449,1.1358174
2006-10-06,1.9129561,1.1359766,1.912697,1.1358174
2006-10-10,1.9139666,1.1359766,1.9137073,1.1358174
2006-10-11,1.9142219,1.1359766,1.9139626,1.1358174
2006-10-12,1.9144784,1.1359766,1.914219,1.1358174
2006-10-13,1.914737,1.1359766,1.9144776,1.1358174
2006-10-16,1.9155113,1.1359766,1.9152518,1.1358174
2006-10-17,1.9157716,1.1359766,1.915512,1.1358174
2006-10-18,1.9160319,1.1359766,1.9157723,1.1358174
2006-10-19,1.9162923,1.1359766,1.9160327,1.1358174
2006-10-20,1.9165532,1.1359766,1.9162936,1.1358174
2006-10-23,1.9173345,1.1359766,1.9170748,1.1358174
2006-10-24,1.9175966,1.1359766,1.9173369,1.1358174
2006-10-25,1.9178593,1.1359766,1.9172219,1.1355937
2006-10-26,1.9181215,1.1359766,1.9250382,1.1400681
2006-10-27,1.9183837,1.1359766,1.9329018,1.1445693
2006-10-30,1.919169,1.1359766,1.9336369,1.1445361
2006-10-31,1.9194303,1.1359766,1.9442484,1.1506613
2006-11-01,1.9196906,1.1359766,1.944512,1.1506613
2006-11-02,1.9199504,1.1359766,1.9447752,1.1506613
2006-11-03,1.9202103,1.1359766,1.9450384,1.1506613
2006-11-06,1.9209931,1.1359766,1.9458314,1.1506613
2006-11-07,1.9212541,1.1359766,1.9460958,1.1506613
2006-11-08,1.9215147,1.1359766,1.9463597,1.1506613
2006-11-09,1.9217763,1.1359766,1.9466247,1.1506613
2006-11-10,1.9220375,1.1359766,1.9468892,1.1506613
2006-11-13,1.9228226,1.1359766,1.9476845,1.1506613
2006-11-14,1.9230839,1.1359766,1.9479492,1.1506613
2006-11-15,1.9233452,1.1359766,1.9482139,1.1506613
2006-11-16,1.9236066,1.1359766,1.9484787,1.1506613
2006-11-17,1.923868,1.1359766,1.9487434,1.1506613
2006-11-20,1.9246523,1.1359766,1.9495379,1.1506613
2006-11-21,1.9249133,1.1359766,1.9498023,1.1506613
2006-11-22,1.9251738,1.1359766,1.9500662,1.1506613
2006-11-24,1.9251757,1.1356714,1.9502704,1.1504716
2006-11-27,1.9279334,1.1368399,1.9522888,1.1511979
2006-11-28,1.934388,1.1404927,1.9564012,1.1534677
2006-11-29,1.9325349,1.1392468,1.9553529,1.1526945
2006-11-30,1.9447547,1.1462972,1.9630414,1.1570718
2006-12-01,1.9450158,1.1462972,1.9633049,1.1570718
2006-12-04,1.9457991,1.1462972,1.9640956,1.1570718
2006-12-05,1.9460593,1.1462972,1.9643582,1.1570718
2006-12-06,1.9463184,1.1462972,1.9646197,1.1570718
2006-12-07,1.9465775,1.1462972,1.9648813,1.1570718
2006-12-08,1.9468362,1.1462972,1.9651424,1.1570718
2006-12-11,1.9476107,1.1462972,1.9659242,1.1570718
2006-12-12,1.9478673,1.1462972,1.9661832,1.1570718
2006-12-13,1.948124,1.1462972,1.9664423,1.1570718
2006-12-14,1.9483813,1.1462972,1.966702,1.1570718
2006-12-15,1.9486391,1.1462972,1.9669623,1.1570718
2006-12-18,1.9494063,1.1462972,1.9677367,1.1570718
2006-12-19,1.9496648,1.1462972,1.9679976,1.1570718
2006-12-20,1.9499233,1.1462972,1.9682586,1.1570718
2006-12-21,1.9501819,1.1462972,1.9685196,1.1570718
2006-12-22,1.9504235,1.1462872,1.9684634,1.1568854
2006-12-26,1.9515956,1.1463656,1.9720001,1.1583478
2006-12-27,1.9515157,1.1461657,1.9659051,1.1546131
2006-12-28,1.9515033,1.1460061,1.9611055,1.1516407
2006-12-29,1.9516784,1.1459561,1.9597825,1.1507102
2007-01-02,1.9527243,1.1459561,1.9608327,1.1507102
2007-01-03,1.9529886,1.1459561,1.9610981,1.1507102
2007-01-04,1.9532519,1.1459561,1.9613625,1.1507102
2007-01-05,1.9535146,1.1459561,1.9616263,1.1507102
2007-01-08,1.9543046,1.1459561,1.9624196,1.1507102
2007-01-09,1.9545696,1.1459561,1.9626857,1.1507102
2007-01-10,1.9548347,1.1459561,1.9629519,1.1507102
2007-01-11,1.9551003,1.1459561,1.9632186,1.1507102
2007-01-12,1.9553671,1.1459561,1.9634865,1.1507102
2007-01-16,1.95643,1.1459561,1.9645537,1.1507102
2007-01-17,1.9566969,1.1459561,1.9648218,1.1507102
2007-01-18,1.9569644,1.1459561,1.9650904,1.1507102
2007-01-19,1.9572319,1.1459561,1.9653591,1.1507102
2007-01-22,1.9580379,1.1459561,1.9661684,1.1507102
2007-01-23,1.9583061,1.1459561,1.9664377,1.1507102
2007-01-24,1.9585749,1.1459561,1.9667076,1.1507102
2007-01-25,1.9588409,1.1459547,1.9668203,1.1506184
2007-01-26,1.9591003,1.1459492,1.9664592,1.1502493
2007-01-29,1.9598866,1.1459382,1.9660044,1.1495105
2007-01-30,1.9601743,1.1459491,1.9675233,1.1502409
2007-01-31,1.9604872,1.145975,1.9707738,1.1519836
2007-02-01,1.9607552,1.145975,1.9710433,1.1519836
2007-02-02,1.9610238,1.145975,1.9713133,1.1519836
2007-02-05,1.9618313,1.145975,1.972125,1.1519836
2007-02-06,1.9621011,1.145975,1.9723962,1.1519836
2007-02-07,1.9623705,1.145975,1.972667,1.1519836
2007-02-08,1.9626404,1.145975,1.9729383,1.1519836
2007-02-09,1.9629108,1.145975,1.9732102,1.1519836
2007-02-12,1.9637207,1.145975,1.9740243,1.1519836
2007-02-13,1.9639919,1.145975,1.9742969,1.1519836
2007-02-14,1.9642625,1.145975,1.974569,1.1519836
2007-02-15,1.9645327,1.145975,1.9748406,1.1519836
2007-02-16,1.9648034,1.145975,1.9751127,1.1519836
2007-02-20,1.9658886,1.145975,1.9762036,1.1519836
2007-02-21,1.9661606,1.145975,1.976477,1.1519836
2007-02-22,1.9657444,1.1455742,1.9764043,1.1517821
2007-02-23,1.9797611,1.1535842,1.9835874,1.1558088
2007-02-26,1.9943667,1.1616159,1.9913159,1.1598324
2007-02-27,2.0312607,1.182944,2.0098725,1.1704801
2007-02-28,2.0135892,1.172491,2.0012672,1.1653087
2007-03-01,2.0138656,1.172491,2.0015418,1.1653087
2007-03-02,2.0141415,1.172491,2.001816,1.1653087
2007-03-05,2.0149659,1.172491,2.0026354,1.1653087
2007-03-06,2.0152402,1.172491,2.0029081,1.1653087
2007-03-07,2.0155158,1.172491,2.0031819,1.1653087
2007-03-08,2.0157902,1.172491,2.0034547,1.1653087
2007-03-09,2.0160636,1.172491,2.0037264,1.1653087
2007-03-12,2.0168855,1.172491,2.0045432,1.1653087
2007-03-13,2.0171595,1.172491,2.0048156,1.1653087
2007-03-14,2.0174325,1.172491,2.005087,1.1653087
2007-03-15,2.0177045,1.172491,2.0053572,1.1653087
2007-03-16,2.0179759,1.172491,2.005627,1.1653087
2007-03-19,2.0187886,1.172491,2.0064348,1.1653087
2007-03-20,2.0190613,1.172491,2.0067058,1.1653087
2007-03-21,2.0193335,1.172491,2.0069763,1.1653087
2007-03-22,2.0196051,1.172491,2.0072462,1.1653087
2007-03-23,2.0198773,1.172491,2.0075168,1.1653087
2007-03-26,2.0206383,1.1724566,2.0080154,1.1651249
2007-03-27,2.0204355,1.1721806,2.0057399,1.1636472
2007-03-28,2.0207054,1.1721789,2.005995,1.1636381
2007-03-29,2.0205028,1.1719033,2.003725,1.1621644
2007-03-30,2.0204768,1.1717306,2.002404,1.1612419
2007-04-02,2.0212905,1.1717306,2.0032105,1.1612419
2007-04-03,2.0215624,1.1717306,2.0034799,1.1612419
2007-04-04,2.0218344,1.1717306,2.0037495,1.1612419
2007-04-05,2.0221069,1.1717306,2.0040196,1.1612419
2007-04-06,2.0223784,1.1717306,2.0042886,1.1612419
2007-04-09,2.0231945,1.1717306,2.0050974,1.1612419
2007-04-10,2.0234656,1.1717306,2.0053661,1.1612419
2007-04-11,2.0237367,1.1717306,2.0056347,1.1612419
2007-04-12,2.0240084,1.1717306,2.005904,1.1612419
2007-04-13,2.0242795,1.1717306,2.0061727,1.1612419
2007-04-16,2.0250915,1.1717306,2.0069774,1.1612419
2007-04-17,2.0253622,1.1717306,2.0072457,1.1612419
2007-04-18,2.0256324,1.1717306,2.0075135,1.1612419
2007-04-19,2.0259022,1.1717306,2.0077808,1.1612419
2007-04-20,2.0261713,1.1717306,2.0080476,1.1612419
2007-04-23,2.026979,1.1717306,2.0088481,1.1612419
2007-04-24,2.0272275,1.1717186,2.0087782,1.1610472
2007-04-25,2.0272459,1.1715738,2.0049976,1.1587081
2007-04-26,2.0272642,1.1714293,2.0012311,1.1563781
2007-04-27,2.0273653,1.1713331,1.9988135,1.1548284
2007-04-30,2.0288112,1.1717054,2.009964,1.1608142
2007-05-01,2.0290774,1.1717054,2.0102278,1.1608142
2007-05-02,2.029342,1.1717054,2.01049,1.1608142
2007-05-03,2.0296073,1.1717054,2.0107527,1.1608142
2007-05-04,2.0298719,1.1717054,2.0110149,1.1608142
2007-05-07,2.0306661,1.1717054,2.0118017,1.1608142
2007-05-08,2.0309315,1.1717054,2.0120646,1.1608142
2007-05-09,2.0311963,1.1717054,2.012327,1.1608142
2007-05-10,2.0314601,1.1717054,2.0125883,1.1608142
2007-05-11,2.0317234,1.1717054,2.0128491,1.1608142
2007-05-14,2.0325132,1.1717054,2.0136317,1.1608142
2007-05-15,2.0327766,1.1717054,2.0138926,1.1608142
2007-05-16,2.0330384,1.1717054,2.0141519,1.1608142
2007-05-17,2.0332957,1.1717054,2.0144069,1.1608142
2007-05-18,2.0335564,1.1717054,2.0146652,1.1608142
2007-05-21,2.034342,1.1717054,2.0154434,1.1608142
2007-05-22,2.0346073,1.1717054,2.0157063,1.1608142
2007-05-23,2.0348743,1.1717054,2.0159708,1.1608142
2007-05-24,2.0343296,1.1712386,2.0158327,1.160583
2007-05-25,2.0345992,1.1712407,2.016098,1.160584
2007-05-29,2.0292103,1.1675289,2.0139528,1.158745
2007-05-30,2.0294819,1.1675329,2.0142189,1.158747
2007-05-31,2.0224943,1.1633624,2.0108813,1.1566774
2007-06-01,2.0227492,1.1633624,2.0111347,1.1566774
2007-06-04,2.0235239,1.1633624,2.011905,1.1566774
2007-06-05,2.0237834,1.1633624,2.012163,1.1566774
2007-06-06,2.024044,1.1633624,2.0124221,1.1566774
2007-06-07,2.0243029,1.1633624,2.0126796,1.1566774
2007-06-08,2.0245619,1.1633624,2.0129371,1.1566774
2007-06-11,2.025334,1.1633624,2.0137048,1.1566774
2007-06-12,2.0255893,1.1633624,2.0139585,1.1566774
2007-06-13,2.025844,1.1633624,2.0142118,1.1566774
2007-06-14,2.0260954,1.1633624,2.0144618,1.1566774
2007-06-15,2.0263463,1.1633624,2.0147113,1.1566774
2007-06-18,2.0270841,1.1633624,2.0154448,1.1566774
2007-06-19,2.0273346,1.1633624,2.0156939,1.1566774
2007-06-20,2.0275857,1.1633624,2.0159435,1.1566774
2007-06-21,2.0278418,1.1633624,2.0161981,1.1566774
2007-06-22,2.0280957,1.1633624,2.0164505,1.1566774
2007-06-25,2.0288281,1.1633436,2.0170489,1.1565842
2007-06-26,2.0289597,1.1632696,2.0166664,1.1562163
2007-06-27,2.0293527,1.1633455,2.017583,1.1565933
2007-06-28,2.0292208,1.1631219,2.0159017,1.1554824
2007-06-29,2.0306281,1.1637807,2.0218651,1.1587537
2007-07-02,2.0314091,1.1637807,2.0226429,1.1587537
2007-07-03,2.0316768,1.1637807,2.0229094,1.1587537
2007-07-05,2.0322123,1.1637807,2.0234426,1.1587537
2007-07-06,2.0324801,1.1637807,2.0237092,1.1587537
2007-07-09,2.0332837,1.1637807,2.0245093,1.1587537
2007-07-10,2.0335527,1.1637807,2.0247772,1.1587537
2007-07-11,2.0338207,1.1637807,2.025044,1.1587537
2007-07-12,2.0340887,1.1637807,2.0253109,1.1587537
2007-07-13,2.0343579,1.1637807,2.0255789,1.1587537
2007-07-16,2.0351655,1.1637807,2.026383,1.1587537
2007-07-17,2.0354354,1.1637807,2.0266517,1.1587537
2007-07-18,2.0357042,1.1637807,2.0269193,1.1587537
2007-07-19,2.035973,1.1637807,2.027187,1.1587537
2007-07-20,2.036243,1.1637807,2.0274558,1.1587537
2007-07-23,2.0370513,1.1637807,2.0282607,1.1587537
2007-07-24,2.0373237,1.1637807,2.0285319,1.1587537
2007-07-25,2.0375888,1.1637766,2.0285459,1.1586068
2007-07-26,2.0382396,1.1639936,2.0422675,1.1662899
2007-07-27,2.0384772,1.1639769,2.0414921,1.1656944
2007-07-30,2.0392097,1.1639436,2.0402078,1.1645088
2007-07-31,2.0395888,1.1640063,2.0443813,1.1667372
2007-08-01,2.0398581,1.1640063,2.0446513,1.1667372
2007-08-02,2.0401236,1.1640063,2.0449173,1.1667372
2007-08-03,2.0403891,1.1640063,2.0451835,1.1667372
2007-08-06,2.0411806,1.1640063,2.0459769,1.1667372
2007-08-07,2.0414457,1.1640063,2.0462426,1.1667372
2007-08-08,2.0417142,1.1640063,2.0465117,1.1667372
2007-08-09,2.0419832,1.1640063,2.0467814,1.1667372
2007-08-10,2.0422445,1.1640063,2.0470432,1.1667372
2007-08-13,2.0429898,1.1640063,2.0477903,1.1667372
2007-08-14,2.0432478,1.1640063,2.0480489,1.1667372
2007-08-15,2.0435003,1.1640063,2.048302,1.1667372
2007-08-16,2.0437298,1.1640063,2.0485321,1.1667372
2007-08-17,2.0439364,1.1640063,2.0487392,1.1667372
2007-08-20,2.0445496,1.1640063,2.0493538,1.1667372
2007-08-21,2.0447221,1.1640063,2.0495267,1.1667372
2007-08-22,2.0449188,1.1640063,2.0497238,1.1667372
2007-08-23,2.0451193,1.1640063,2.0499248,1.1667372
2007-08-24,2.0453317,1.1640063,2.0501377,1.1667372
2007-08-27,2.0455635,1.163743,2.0506018,1.1666053
2007-08-28,2.058811,1.1711362,2.0573683,1.1703109
2007-08-29,2.0516072,1.1669011,2.0538896,1.1681949
2007-08-30,2.063046,1.1732831,2.0597245,1.1713894
2007-08-31,2.0572242,1.169852,2.0569238,1.1696766
2007-09-04,2.0581057,1.169852,2.0578052,1.1696766
2007-09-05,2.058351,1.169852,2.0580504,1.1696766
2007-09-06,2.0585901,1.169852,2.0582895,1.1696766
2007-09-07,2.0588258,1.169852,2.0585252,1.1696766
2007-09-10,2.059496,1.169852,2.0591952,1.1696766
2007-09-11,2.0597138,1.169852,2.059413,1.1696766
2007-09-12,2.0599395,1.169852,2.0596387,1.1696766
2007-09-13,2.0601613,1.169852,2.0598604,1.1696766
2007-09-14,2.0603853,1.169852,2.0600845,1.1696766
2007-09-17,2.0610458,1.169852,2.0607448,1.1696766
2007-09-18,2.0612745,1.169852,2.0609735,1.1696766
2007-09-19,2.0614953,1.169852,2.0611943,1.1696766
2007-09-20,2.0617116,1.169852,2.0614106,1.1696766
2007-09-21,2.06192,1.169852,2.061619,1.1696766
2007-09-24,2.062417,1.1697839,2.0620121,1.1695498
2007-09-25,2.062643,1.1697916,2.0622498,1.1695641
2007-09-26,2.0628667,1.1697999,2.062486,1.1695795
2007-09-27,2.065492,1.171172,2.0672042,1.1721384
2007-09-28,2.0651107,1.1708396,2.0663148,1.1715179
2007-10-01,2.0657421,1.1708396,2.0669466,1.1715179
2007-10-02,2.0659588,1.1708396,2.0671635,1.1715179
2007-10-03,2.0661773,1.1708396,2.0673821,1.1715179
2007-10-04,2.0663958,1.1708396,2.0676008,1.1715179
2007-10-05,2.0666138,1.1708396,2.0678188,1.1715179
2007-10-09,2.0674948,1.1708396,2.0687004,1.1715179
2007-10-10,2.0677191,1.1708396,2.0689248,1.1715179
2007-10-11,2.0679429,1.1708396,2.0691487,1.1715179
2007-10-12,2.06817,1.1708396,2.069376,1.1715179
2007-10-15,2.0688653,1.1708396,2.0700717,1.1715179
2007-10-16,2.0691028,1.1708396,2.0703093,1.1715179
2007-10-17,2.0693375,1.1708396,2.0705441,1.1715179
2007-10-18,2.0695591,1.1708396,2.0707659,1.1715179
2007-10-19,2.0697667,1.1708396,2.0709736,1.1715179
2007-10-22,2.0704046,1.1708396,2.0716119,1.1715179
2007-10-23,2.0706258,1.1708396,2.0718332,1.1715179
2007-10-24,2.0708459,1.1708396,2.0720535,1.1715179
2007-10-25,2.0710091,1.1708116,2.0721414,1.1714472
2007-10-26,2.070439,1.1703661,2.0703728,1.1703241
2007-10-29,2.0715018,1.1705955,2.0720524,1.1709023
2007-10-30,2.0715287,1.1704853,2.0717829,1.1706245
2007-10-31,2.0701238,1.1695678,2.0679097,1.1683123
2007-11-01,2.0703416,1.1695678,2.0681273,1.1683123
2007-11-02,2.0705521,1.1695678,2.0683375,1.1683123
2007-11-05,2.0711511,1.1695678,2.0689359,1.1683123
2007-11-06,2.0713565,1.1695678,2.0691411,1.1683123
2007-11-07,2.0715642,1.1695678,2.0693486,1.1683123
2007-11-08,2.0717572,1.1695678,2.0695413,1.1683123
2007-11-09,2.0719445,1.1695678,2.0697284,1.1683123
2007-11-13,2.0726688,1.1695678,2.070452,1.1683123
2007-11-14,2.0728625,1.1695678,2.0706454,1.1683123
2007-11-15,2.0730516,1.1695678,2.0708343,1.1683123
2007-11-16,2.0732345,1.1695678,2.071017,1.1683123
2007-11-19,2.0738002,1.1695678,2.0715821,1.1683123
2007-11-20,2.0739888,1.1695678,2.0717706,1.1683123
2007-11-21,2.074169,1.1695678,2.0719505,1.1683123
2007-11-23,2.0745122,1.1695678,2.0722934,1.1683123
2007-11-26,2.0745733,1.1692994,2.0725922,1.1681782
2007-11-27,2.052082,1.1565245,2.0614441,1.1617969
2007-11-28,2.037388,1.1481456,2.0541506,1.1575884
2007-11-29,2.0543536,1.1576126,2.062787,1.1623608
2007-11-30,2.048491,1.1542165,2.0599262,1.1606558
2007-12-03,2.0490096,1.1542165,2.0604477,1.1606558
2007-12-04,2.0491774,1.1542165,2.0606165,1.1606558
2007-12-05,2.0493458,1.1542165,2.0607858,1.1606558
2007-12-06,2.0495143,1.1542165,2.0609552,1.1606558
2007-12-07,2.0496838,1.1542165,2.0611257,1.1606558
2007-12-10,2.050196,1.1542165,2.0616407,1.1606558
2007-12-11,2.0503634,1.1542165,2.061809,1.1606558
2007-12-12,2.0505246,1.1542165,2.0619712,1.1606558
2007-12-13,2.0506825,1.1542165,2.0621299,1.1606558
2007-12-14,2.0508398,1.1542165,2.0622881,1.1606558
2007-12-17,2.0513134,1.1542165,2.0627644,1.1606558
2007-12-18,2.0514826,1.1542165,2.0629345,1.1606558
2007-12-19,2.0516501,1.1542165,2.0631029,1.1606558
2007-12-20,2.0518103,1.1542165,2.063264,1.1606558
2007-12-21,2.0519705,1.1542165,2.0634251,1.1606558
2007-12-24,2.0523699,1.1541641,2.0637324,1.16055
2007-12-26,2.0501625,1.1527166,2.0589042,1.1576276
2007-12-27,2.0537083,1.1546079,2.0658699,1.1614413
2007-12-28,2.0576435,1.1567226,2.0736418,1.1657124
2007-12-31,2.0607474,1.1581728,2.07939,1.1686467
2008-01-02,2.0611189,1.1581728,2.0797648,1.1686467
2008-01-03,2.0612985,1.1581728,2.079946,1.1686467
2008-01-04,2.061477,1.1581728,2.0801261,1.1686467
2008-01-07,2.0620056,1.1581728,2.0806595,1.1686467
2008-01-08,2.0621858,1.1581728,2.0808414,1.1686467
2008-01-09,2.0623649,1.1581728,2.0810221,1.1686467
2008-01-10,2.0625423,1.1581728,2.0812011,1.1686467
2008-01-11,2.0627209,1.1581728,2.0813813,1.1686467
2008-01-14,2.0632329,1.1581728,2.0818979,1.1686467
2008-01-15,2.0634087,1.1581728,2.0820753,1.1686467
2008-01-16,2.0635834,1.1581728,2.0822516,1.1686467
2008-01-17,2.0637564,1.1581728,2.0824261,1.1686467
2008-01-18,2.063926,1.1581728,2.0825973,1.1686467
2008-01-22,2.0645571,1.1581728,2.0832341,1.1686467
2008-01-23,2.0646872,1.1581728,2.0833653,1.1686467
2008-01-24,2.0648093,1.1581728,2.0834886,1.1686467
2008-01-25,2.0649144,1.1581581,2.0835375,1.1685998
2008-01-28,2.06531,1.1581658,2.0839666,1.1686244
2008-01-29,2.0646107,1.157701,2.081447,1.1671382
2008-01-30,2.0638086,1.1571805,2.078609,1.1654755
2008-01-31,2.0650562,1.1578115,2.0823238,1.1674894
2008-02-01,2.0651648,1.1578115,2.0824333,1.1674894
2008-02-04,2.0655145,1.1578115,2.0827859,1.1674894
2008-02-05,2.0656401,1.1578115,2.0829126,1.1674894
2008-02-06,2.0657612,1.1578115,2.0830347,1.1674894
2008-02-07,2.0658772,1.1578115,2.0831517,1.1674894
2008-02-08,2.0659972,1.1578115,2.0832727,1.1674894
2008-02-11,2.0663674,1.1578115,2.083646,1.1674894
2008-02-12,2.0664948,1.1578115,2.0837744,1.1674894
2008-02-13,2.0666222,1.1578115,2.0839029,1.1674894
2008-02-14,2.0667479,1.1578115,2.0840296,1.1674894
2008-02-15,2.0668758,1.1578115,2.0841587,1.1674894
2008-02-19,2.0673651,1.1578115,2.084652,1.1674894
2008-02-20,2.0674914,1.1578115,2.0847794,1.1674894
2008-02-21,2.067616,1.1578115,2.084905,1.1674894
2008-02-22,2.0677378,1.1578115,2.0850278,1.1674894
2008-02-25,2.0677976,1.1576404,2.0852422,1.1674031
2008-02-26,2.0716618,1.1597355,2.087252,1.1684596
2008-02-27,2.0755364,1.1618381,2.0892636,1.1695188
2008-02-28,2.0930663,1.1715893,2.0981421,1.1744266
2008-02-29,2.1156227,1.1841555,2.1095011,1.1807249
2008-03-03,2.1159375,1.1841555,2.1098149,1.1807249
2008-03-04,2.1160343,1.1841555,2.1099115,1.1807249
2008-03-05,2.1161288,1.1841555,2.1100057,1.1807249
2008-03-06,2.1162157,1.1841555,2.1100924,1.1807249
2008-03-07,2.1162952,1.1841555,2.1101716,1.1807249
2008-03-10,2.1165422,1.1841555,2.1104179,1.1807249
2008-03-11,2.1166193,1.1841555,2.1104948,1.1807249
2008-03-12,2.1167034,1.1841555,2.1105786,1.1807249
2008-03-13,2.1167874,1.1841555,2.1106625,1.1807249
2008-03-14,2.1168646,1.1841555,2.1107394,1.1807249
2008-03-17,2.1170664,1.1841555,2.1109406,1.1807249
2008-03-18,2.1171296,1.1841555,2.1110037,1.1807249
2008-03-19,2.1171824,1.1841555,2.1110563,1.1807249
2008-03-20,2.1172172,1.1841555,2.111091,1.1807249
2008-03-24,2.1173611,1.1841555,2.1112344,1.1807249
2008-03-25,2.1174013,1.184138,2.1111637,1.1806455
2008-03-26,2.1174839,1.1841431,2.1112782,1.1806685
2008-03-27,2.1169448,1.1838004,2.1085617,1.1791083
2008-03-28,2.1181521,1.184434,2.1137889,1.18199
2008-03-31,2.1186251,1.184571,2.1151326,1.1826141
2008-04-01,2.1187041,1.184571,2.1152114,1.1826141
2008-04-02,2.1187842,1.184571,2.1152914,1.1826141
2008-04-03,2.1188649,1.184571,2.115372,1.1826141
2008-04-04,2.118945,1.184571,2.1154519,1.1826141
2008-04-07,2.1191766,1.184571,2.1156832,1.1826141
2008-04-08,2.1192596,1.184571,2.1157661,1.1826141
2008-04-09,2.1193403,1.184571,2.1158466,1.1826141
2008-04-10,2.1194152,1.184571,2.1159214,1.1826141
2008-04-11,2.1194878,1.184571,2.1159939,1.1826141
2008-04-14,2.1196916,1.184571,2.1161974,1.1826141
2008-04-15,2.1197538,1.184571,2.1162594,1.1826141
2008-04-16,2.1198171,1.184571,2.1163226,1.1826141
2008-04-17,2.1198815,1.184571,2.116387,1.1826141
2008-04-18,2.1199518,1.184571,2.1164571,1.1826141
2008-04-21,2.1201818,1.184571,2.1166868,1.1826141
2008-04-22,2.1202591,1.184571,2.1167639,1.1826141
2008-04-23,2.1203323,1.184571,2.116837,1.1826141
2008-04-24,2.1204043,1.184571,2.1168347,1.1825727
2008-04-25,2.1204763,1.184571,2.1157484,1.1819256
2008-04-28,2.1207047,1.184571,2.1175341,1.1827959
2008-04-29,2.1207872,1.184571,2.1179371,1.182975
2008-04-30,2.1208708,1.184571,2.120355,1.1842788
2008-05-01,2.1209528,1.184571,2.1204369,1.1842788
2008-05-02,2.1210353,1.184571,2.1205194,1.1842788
2008-05-05,2.1212915,1.184571,2.1207756,1.1842788
2008-05-06,2.1213793,1.184571,2.1208633,1.1842788
2008-05-07,2.1214723,1.184571,2.1209563,1.1842788
2008-05-08,2.1215676,1.184571,2.1210516,1.1842788
2008-05-09,2.1216624,1.184571,2.1211463,1.1842788
2008-05-12,2.1219518,1.184571,2.1214357,1.1842788
2008-05-13,2.122053,1.184571,2.1215368,1.1842788
2008-05-14,2.1221576,1.184571,2.1216415,1.1842788
2008-05-15,2.1222617,1.184571,2.1217455,1.1842788
2008-05-16,2.1223664,1.184571,2.1218502,1.1842788
2008-05-19,2.1226821,1.184571,2.1221658,1.1842788
2008-05-20,2.1227862,1.184571,2.1222699,1.1842788
2008-05-21,2.1228926,1.184571,2.1223763,1.1842788
2008-05-22,2.1229991,1.184571,2.1224827,1.1842788
2008-05-23,2.1227814,1.1843901,2.1224271,1.1841885
2008-05-27,2.1132286,1.178824,2.1178632,1.1814058
2008-05-28,2.1006346,1.1717386,2.1116063,1.1778554
2008-05-29,2.0944916,1.1682523,2.1085726,1.1761031
2008-05-30,2.0969029,1.1695374,2.1098403,1.17675
2008-06-02,2.0972217,1.1695374,2.1101611,1.17675
2008-06-03,2.0973263,1.1695374,2.1102664,1.17675
2008-06-04,2.0974309,1.1695374,2.1103716,1.17675
2008-06-05,2.0975349,1.1695374,2.1104762,1.17675
2008-06-06,2.0976395,1.1695374,2.1105815,1.17675
2008-06-09,2.0979515,1.1695374,2.1108955,1.17675
2008-06-10,2.0980584,1.1695374,2.111003,1.17675
2008-06-11,2.0981722,1.1695374,2.1111175,1.17675
2008-06-12,2.0982826,1.1695374,2.1112286,1.17675
2008-06-13,2.0983953,1.1695374,2.111342,1.17675
2008-06-16,2.0987316,1.1695374,2.1116803,1.17675
2008-06-17,2.0988489,1.1695374,2.1117984,1.17675
2008-06-18,2.0989616,1.1695374,2.1119118,1.17675
2008-06-19,2.0990703,1.1695374,2.1120211,1.17675
2008-06-20,2.0991778,1.1695374,2.1121293,1.17675
2008-06-23,2.0994936,1.1695374,2.112447,1.17675
2008-06-24,2.0995686,1.1695199,2.1124534,1.1766939
2008-06-25,2.0994305,1.1693853,2.1117839,1.176263
2008-06-26,2.100172,1.1697413,2.1139331,1.1774027
2008-06-27,2.1012908,1.1703099,2.1173029,1.1792247
2008-06-30,2.1015719,1.1703088,2.1175816,1.179221
2008-07-01,2.1016796,1.1703088,2.1176901,1.179221
2008-07-02,2.1017856,1.1703088,2.1177969,1.179221
2008-07-03,2.1018886,1.1703088,2.1179007,1.179221
2008-07-07,2.1023056,1.1703088,2.1183208,1.179221
2008-07-08,2.1024115,1.1703088,2.1184276,1.179221
2008-07-09,2.1025169,1.1703088,2.1185338,1.179221
2008-07-10,2.1026201,1.1703088,2.1186377,1.179221
2008-07-11,2.1027145,1.1703088,2.1187329,1.179221
2008-07-14,2.1029876,1.1703088,2.119008,1.179221
2008-07-15,2.103074,1.1703088,2.1190951,1.179221
2008-07-16,2.103153,1.1703088,2.1191747,1.179221
2008-07-17,2.1032307,1.1703088,2.119253,1.179221
2008-07-18,2.1033114,1.1703088,2.1193343,1.179221
2008-07-21,2.1035621,1.1703088,2.1195869,1.179221
2008-07-22,2.1036462,1.1703088,2.1196717,1.179221
2008-07-23,2.1037338,1.1703088,2.11976,1.179221
2008-07-24,2.1038237,1.1703088,2.1198506,1.179221
2008-07-25,2.1039007,1.1702997,2.1197468,1.1791109
2008-07-28,2.1046722,1.1705643,2.125791,1.1823073
2008-07-29,2.1045784,1.1704576,2.1235666,1.1810151
2008-07-30,2.1048125,1.1705336,2.1253182,1.1819346
2008-07-31,2.1054256,1.170821,2.1316706,1.1854132
2008-08-01,2.1055208,1.170821,2.131767,1.1854132
2008-08-04,2.1058029,1.170821,2.1320526,1.1854132
2008-08-05,2.1059021,1.170821,2.1321531,1.1854132
2008-08-06,2.1060013,1.170821,2.1322535,1.1854132
2008-08-07,2.1060942,1.170821,2.1323476,1.1854132
2008-08-08,2.1061883,1.170821,2.1324428,1.1854132
2008-08-11,2.1064774,1.170821,2.1327355,1.1854132
2008-08-12,2.1065836,1.170821,2.132843,1.1854132
2008-08-13,2.1066892,1.170821,2.13295,1.1854132
2008-08-14,2.1067942,1.170821,2.1330563,1.1854132
2008-08-15,2.106901,1.170821,2.1331644,1.1854132
2008-08-18,2.1072145,1.170821,2.1334818,1.1854132
2008-08-19,2.1073178,1.170821,2.1335864,1.1854132
2008-08-20,2.10742,1.170821,2.1336899,1.1854132
2008-08-21,2.107517,1.170821,2.1337881,1.1854132
2008-08-22,2.1076146,1.170821,2.1338869,1.1854132
2008-08-25,2.1074882,1.1705901,2.1339693,1.1852963
2008-08-26,2.1076997,1.1706527,2.1341264,1.185328
2008-08-27,2.1112394,1.1725649,2.1359676,1.1862961
2008-08-28,2.1081194,1.1707794,2.1344373,1.1853929
2008-08-29,2.1012767,1.1669243,2.1310232,1.1834413
2008-09-02,2.1016658,1.1669243,2.1314179,1.1834413
2008-09-03,2.1017631,1.1669243,2.1315166,1.1834413
2008-09-04,2.1018593,1.1669243,2.1316141,1.1834413
2008-09-05,2.1019549,1.1669243,2.131711,1.1834413
2008-09-08,2.1022399,1.1669243,2.1320001,1.1834413
2008-09-09,2.1023373,1.1669243,2.1320989,1.1834413
2008-09-10,2.1024312,1.1669243,2.1321941,1.1834413
2008-09-11,2.1025245,1.1669243,2.1322887,1.1834413
2008-09-12,2.1026155,1.1669243,2.132381,1.1834413
2008-09-15,2.1028678,1.1669243,2.1326369,1.1834413
2008-09-16,2.1029271,1.1669243,2.1326971,1.1834413
2008-09-17,2.1029755,1.1669243,2.1327462,1.1834413
2008-09-18,2.1029773,1.1669243,2.1327479,1.1834413
2008-09-19,2.1029905,1.1669243,2.1327613,1.1834413
2008-09-22,2.1031582,1.1669243,2.1329314,1.1834413
2008-09-23,2.1032325,1.1669243,2.1330068,1.1834413
2008-09-24,2.1032328,1.1668986,2.1326972,1.1832433
2008-09-25,2.1018032,1.1660894,2.1215085,1.1770194
2008-09-26,2.1024203,1.1664078,2.1259463,1.1794574
2008-09-29,2.1071138,1.1689293,2.1609576,1.198798
2008-09-30,2.1026886,1.1664437,2.1261586,1.1794616
2008-10-01,2.1027405,1.1664437,2.126211,1.1794616
2008-10-02,2.1027888,1.1664437,2.1262599,1.1794616
2008-10-03,2.1028246,1.1664437,2.126296,1.1794616
2008-10-06,2.102911,1.1664437,2.1263834,1.1794616
2008-10-07,2.1029421,1.1664437,2.1264149,1.1794616
2008-10-08,2.1029888,1.1664437,2.1264621,1.1794616
2008-10-09,2.1030274,1.1664437,2.1265011,1.1794616
2008-10-10,2.1030608,1.1664437,2.1265349,1.1794616
2008-10-14,2.1031161,1.1664437,2.1265908,1.1794616
2008-10-15,2.1031357,1.1664437,2.1266106,1.1794616
2008-10-16,2.1031484,1.1664437,2.1266234,1.1794616
2008-10-17,2.1031743,1.1664437,2.1266497,1.1794616
2008-10-20,2.1033126,1.1664437,2.1267895,1.1794616
2008-10-21,2.103384,1.1664437,2.1268617,1.1794616
2008-10-22,2.1034469,1.1664437,2.1269253,1.1794616
2008-10-23,2.1035062,1.1664437,2.1269853,1.1794616
2008-10-24,2.1035615,1.1664437,2.1270412,1.1794616
2008-10-27,2.1036892,1.166432,2.1270564,1.1793866
2008-10-28,2.1029085,1.1659723,2.1217762,1.1764318
2008-10-29,2.1026269,1.1657918,2.1197327,1.1752742
2008-10-30,2.1020885,1.1654739,2.1160927,1.1732364
2008-10-31,2.1020173,1.1654216,2.1155126,1.1729019
2008-11-03,2.1020933,1.1654216,2.1155891,1.1729019
2008-11-04,2.1021215,1.1654216,2.1156175,1.1729019
2008-11-05,2.1021492,1.1654216,2.1156453,1.1729019
2008-11-06,2.1021716,1.1654216,2.115668,1.1729019
2008-11-07,2.1021895,1.1654216,2.1156859,1.1729019
2008-11-10,2.1022413,1.1654216,2.1157381,1.1729019
2008-11-12,2.1022747,1.1654216,2.1157717,1.1729019
2008-11-13,2.1022851,1.1654216,2.1157821,1.1729019
2008-11-14,2.1022972,1.1654216,2.1157943,1.1729019
2008-11-17,2.1023214,1.1654216,2.1158187,1.1729019
2008-11-18,2.1023283,1.1654216,2.1158256,1.1729019
2008-11-19,2.1023352,1.1654216,2.1158326,1.1729019
2008-11-20,2.1023392,1.1654216,2.1158366,1.1729019
2008-11-21,2.1021421,1.1653114,2.115598,1.1727687
2008-11-24,2.0905508,1.1588839,2.1015923,1.1650028
2008-11-25,2.1097068,1.1694988,2.1247101,1.1778138
2008-11-26,2.1194673,1.1749062,2.1365103,1.1843519
2008-11-28,2.1242981,1.1775809,2.1423554,1.1875889
2008-12-01,2.1242999,1.1775809,2.1423571,1.1875889
2008-12-02,2.1243039,1.1775809,2.1423612,1.1875889
2008-12-03,2.1243074,1.1775809,2.1423648,1.1875889
2008-12-04,2.1243086,1.1775809,2.1423659,1.1875889
2008-12-05,2.1243098,1.1775809,2.1423671,1.1875889
2008-12-08,2.1243133,1.1775809,2.1423706,1.1875889
2008-12-09,2.124315,1.1775809,2.1423724,1.1875889
2008-12-10,2.1243168,1.1775809,2.1423742,1.1875889
2008-12-11,2.1243168,1.1775809,2.1423742,1.1875889
2008-12-12,2.1243173,1.1775809,2.1423747,1.1875889
2008-12-15,2.1243208,1.1775809,2.1423783,1.1875889
2008-12-16,2.1243232,1.1775809,2.1423806,1.1875889
2008-12-17,2.1243255,1.1775809,2.142383,1.1875889
2008-12-18,2.1243284,1.1775809,2.1423859,1.1875889
2008-12-19,2.1243284,1.1775809,2.1423859,1.1875889
2008-12-22,2.1243319,1.1775809,2.1423894,1.1875889
2008-12-23,2.1243325,1.1775809,2.14239,1.1875889
2008-12-24,2.1243336,1.1775809,2.1421561,1.1874585
2008-12-26,2.1243336,1.1775809,2.146049,1.1896165
2008-12-29,2.1243389,1.1775809,2.1490716,1.1912891
2008-12-30,2.1243424,1.1775809,2.1510293,1.1923723
2008-12-31,2.1243482,1.1775809,2.1376755,1.1849667
2009-01-02,2.124361,1.1775809,2.1376884,1.1849667
2009-01-05,2.124375,1.1775809,2.1377024,1.1849667
2009-01-06,2.1243831,1.1775809,2.1377106,1.1849667
2009-01-07,2.1243912,1.1775809,2.1377188,1.1849667
2009-01-08,2.1243977,1.1775809,2.1377253,1.1849667
2009-01-09,2.1244029,1.1775809,2.1377305,1.1849667
2009-01-12,2.1244151,1.1775809,2.1377428,1.1849667
2009-01-13,2.1244221,1.1775809,2.1377499,1.1849667
2009-01-14,2.1244285,1.1775809,2.1377563,1.1849667
2009-01-15,2.1244355,1.1775809,2.1377633,1.1849667
2009-01-16,2.1244419,1.1775809,2.1377698,1.1849667
2009-01-20,2.1244698,1.1775809,2.1377979,1.1849667
2009-01-21,2.1244774,1.1775809,2.1378055,1.1849667
2009-01-22,2.1244838,1.1775809,2.1378119,1.1849667
2009-01-23,2.1244896,1.1775809,2.1378178,1.1849667
2009-01-26,2.1245088,1.1775809,2.1377057,1.1848938
2009-01-27,2.1245176,1.1775809,2.1435683,1.1881385
2009-01-28,2.1245251,1.1775809,2.1372965,1.1846579
2009-01-29,2.1245362,1.1775809,2.1290133,1.1800606
2009-01-30,2.1245496,1.1775809,2.128939,1.1800119
2009-02-02,2.1245915,1.1775809,2.128981,1.1800119
2009-02-03,2.1246072,1.1775809,2.1289967,1.1800119
2009-02-04,2.1246258,1.1775809,2.1290154,1.1800119
2009-02-05,2.1246433,1.1775809,2.1290329,1.1800119
2009-02-06,2.1246602,1.1775809,2.1290498,1.1800119
2009-02-09,2.1247091,1.1775809,2.1290988,1.1800119
2009-02-10,2.1247277,1.1775809,2.1291174,1.1800119
2009-02-11,2.1247457,1.1775809,2.1291355,1.1800119
2009-02-12,2.1247632,1.1775809,2.129153,1.1800119
2009-02-13,2.1247801,1.1775809,2.1291699,1.1800119
2009-02-17,2.1248476,1.1775809,2.1292376,1.1800119
2009-02-18,2.1248662,1.1775809,2.1292563,1.1800119
2009-02-19,2.1248843,1.1775809,2.1292744,1.1800119
2009-02-20,2.1249017,1.1775809,2.1292919,1.1800119
2009-02-23,2.1246978,1.1774418,2.1290875,1.1798725
2009-02-24,2.1227873,1.1763733,2.127173,1.1788018
2009-02-25,2.1079633,1.1681481,2.1123184,1.1705596
2009-02-26,2.1051044,1.1665542,2.1094536,1.1689624
2009-02-27,2.1010236,1.1642842,2.1053644,1.1666877
2009-03-02,2.1010685,1.1642842,2.1054094,1.1666877
2009-03-03,2.1010846,1.1642842,2.1054255,1.1666877
2009-03-04,2.1011001,1.1642842,2.1054411,1.1666877
2009-03-05,2.1011151,1.1642842,2.1054561,1.1666877
2009-03-06,2.1011266,1.1642842,2.1054676,1.1666877
2009-03-09,2.1011611,1.1642842,2.1055022,1.1666877
2009-03-10,2.1011744,1.1642842,2.1055155,1.1666877
2009-03-11,2.1011882,1.1642842,2.1055293,1.1666877
2009-03-12,2.1012014,1.1642842,2.1055426,1.1666877
2009-03-13,2.1012135,1.1642842,2.1055547,1.1666877
2009-03-16,2.1012463,1.1642842,2.1055876,1.1666877
2009-03-17,2.1012602,1.1642842,2.1056014,1.1666877
2009-03-18,2.101274,1.1642842,2.1056153,1.1666877
2009-03-19,2.1012861,1.1642842,2.1056274,1.1666877
2009-03-20,2.1012976,1.1642842,2.1056389,1.1666877
2009-03-23,2.1013339,1.1642842,2.1056753,1.1666877
2009-03-24,2.1013465,1.1642842,2.105688,1.1666877
2009-03-25,2.1012771,1.164239,2.1054684,1.1665593
2009-03-26,2.1029491,1.1651593,2.1102001,1.169175
2009-03-27,2.1023309,1.164812,2.1084247,1.1681865
2009-03-30,2.1040715,1.165764,2.1133348,1.1708944
2009-03-31,2.1046826,1.1660968,2.1150565,1.1718426
2009-04-01,2.1046947,1.1660968,2.1150686,1.1718426
2009-04-02,2.1047074,1.1660968,2.1150814,1.1718426
2009-04-03,2.1047201,1.1660968,2.1150941,1.1718426
2009-04-06,2.1047564,1.1660968,2.1151307,1.1718426
2009-04-07,2.104768,1.1660968,2.1151422,1.1718426
2009-04-08,2.1047795,1.1660968,2.1151538,1.1718426
2009-04-09,2.1047899,1.1660968,2.1151643,1.1718426
2009-04-13,2.1048314,1.1660968,2.115206,1.1718426
2009-04-14,2.1048418,1.1660968,2.1152164,1.1718426
2009-04-15,2.1048516,1.1660968,2.1152263,1.1718426
2009-04-16,2.1048602,1.1660968,2.115235,1.1718426
2009-04-17,2.1048677,1.1660968,2.1152425,1.1718426
2009-04-20,2.1048919,1.1660968,2.1152668,1.1718426
2009-04-21,2.1049,1.1660968,2.115275,1.1718426
2009-04-22,2.1049087,1.1660968,2.1152836,1.1718426
2009-04-23,2.1049167,1.1660968,2.1152918,1.1718426
2009-04-24,2.1049121,1.1660911,2.1151782,1.1717764
2009-04-27,2.1052741,1.166282,2.1191599,1.1739726
2009-04-28,2.1048707,1.1660544,2.1144335,1.1713501
2009-04-29,2.1045929,1.1658964,2.1111605,1.1695328
2009-04-30,2.104428,1.1658015,2.1092,1.1684432
2009-05-01,2.1044361,1.1658015,2.1092081,1.1684432
2009-05-04,2.104462,1.1658015,2.1092341,1.1684432
2009-05-05,2.104473,1.1658015,2.1092451,1.1684432
2009-05-06,2.1044839,1.1658015,2.1092561,1.1684432
2009-05-07,2.1044949,1.1658015,2.1092671,1.1684432
2009-05-08,2.1045053,1.1658015,2.1092775,1.1684432
2009-05-11,2.1045364,1.1658015,2.1093087,1.1684432
2009-05-12,2.1045474,1.1658015,2.1093197,1.1684432
2009-05-13,2.1045583,1.1658015,2.1093306,1.1684432
2009-05-14,2.1045681,1.1658015,2.1093405,1.1684432
2009-05-15,2.1045773,1.1658015,2.1093497,1.1684432
2009-05-18,2.1046067,1.1658015,2.1093792,1.1684432
2009-05-19,2.1046177,1.1658015,2.1093902,1.1684432
2009-05-20,2.1046281,1.1658015,2.1094006,1.1684432
2009-05-21,2.1046385,1.1658015,2.109411,1.1684432
2009-05-22,2.1044307,1.1656804,2.1091522,1.1682938
2009-05-26,2.100484,1.1634712,2.1042748,1.165569
2009-05-27,2.0824911,1.1534991,2.0820902,1.1532751
2009-05-28,2.086024,1.1554506,2.0864347,1.1556762
2009-05-29,2.103232,1.1649774,2.1076134,1.1674023
2009-06-01,2.1032562,1.1649774,2.1076376,1.1674023
2009-06-02,2.1032637,1.1649774,2.1076451,1.1674023
2009-06-03,2.1032718,1.1649774,2.1076532,1.1674023
2009-06-04,2.1032799,1.1649774,2.1076613,1.1674023
2009-06-05,2.1032879,1.1649774,2.1076694,1.1674023
2009-06-08,2.1033208,1.1649774,2.1077023,1.1674023
2009-06-09,2.1033317,1.1649774,2.1077133,1.1674023
2009-06-10,2.1033427,1.1649774,2.1077242,1.1674023
2009-06-11,2.103353,1.1649774,2.1077346,1.1674023
2009-06-12,2.103364,1.1649774,2.1077456,1.1674023
2009-06-15,2.1033951,1.1649774,2.1077768,1.1674023
2009-06-16,2.1034049,1.1649774,2.1077866,1.1674023
2009-06-17,2.1034147,1.1649774,2.1077964,1.1674023
2009-06-18,2.1034245,1.1649774,2.1078062,1.1674023
2009-06-19,2.1034349,1.1649774,2.1078166,1.1674023
2009-06-22,2.103466,1.1649774,2.1078478,1.1674023
2009-06-23,2.1034775,1.1649774,2.1078594,1.1674023
2009-06-24,2.1033692,1.164911,2.1075794,1.1672409
2009-06-25,2.1116539,1.1694932,2.1277035,1.1783801
2009-06-26,2.1131756,1.1703302,2.1314083,1.1804261
2009-06-29,2.1138527,1.170687,2.1330177,1.181299
2009-06-30,2.1128234,1.1701105,2.1304813,1.1798878
2009-07-01,2.1128344,1.1701105,2.1304924,1.1798878
2009-07-02,2.1128442,1.1701105,2.1305023,1.1798878
2009-07-06,2.1128836,1.1701105,2.130542,1.1798878
2009-07-07,2.1128946,1.1701105,2.1305531,1.1798878
2009-07-08,2.1129056,1.1701105,2.1305642,1.1798878
2009-07-09,2.112916,1.1701105,2.1305747,1.1798878
2009-07-10,2.112927,1.1701105,2.1305858,1.1798878
2009-07-13,2.1129583,1.1701105,2.1306173,1.1798878
2009-07-14,2.1129687,1.1701105,2.1306278,1.1798878
2009-07-15,2.1129791,1.1701105,2.1306383,1.1798878
2009-07-16,2.1129895,1.1701105,2.1306488,1.1798878
2009-07-17,2.1130005,1.1701105,2.1306599,1.1798878
2009-07-20,2.11303,1.1701105,2.1306897,1.1798878
2009-07-21,2.113041,1.1701105,2.1307008,1.1798878
2009-07-22,2.113052,1.1701105,2.1307119,1.1798878
2009-07-23,2.113063,1.1701105,2.130723,1.1798878
2009-07-24,2.113074,1.1701105,2.1307341,1.1798878
2009-07-27,2.1130291,1.1700683,2.1304873,1.1797338
2009-07-28,2.1139914,1.1705951,2.133971,1.1816567
2009-07-29,2.1149552,1.1711227,2.1374642,1.1835848
2009-07-30,2.1156138,1.1714813,2.1398446,1.1848968
2009-07-31,2.1202121,1.1740217,2.1566546,1.1941991
2009-08-03,2.1202434,1.1740217,2.1566865,1.1941991
2009-08-04,2.1202545,1.1740217,2.1566977,1.1941991
2009-08-05,2.1202649,1.1740217,2.1567084,1.1941991
2009-08-06,2.1202754,1.1740217,2.156719,1.1941991
2009-08-07,2.1202852,1.1740217,2.1567291,1.1941991
2009-08-10,2.1203166,1.1740217,2.156761,1.1941991
2009-08-11,2.1203277,1.1740217,2.1567722,1.1941991
2009-08-12,2.1203381,1.1740217,2.1567828,1.1941991
2009-08-13,2.120348,1.1740217,2.1567929,1.1941991
2009-08-14,2.1203579,1.1740217,2.1568029,1.1941991
2009-08-17,2.1203892,1.1740217,2.1568348,1.1941991
2009-08-18,2.1203997,1.1740217,2.1568455,1.1941991
2009-08-19,2.1204101,1.1740217,2.1568561,1.1941991
2009-08-20,2.12042,1.1740217,2.1568661,1.1941991
2009-08-21,2.1204299,1.1740217,2.1568762,1.1941991
2009-08-24,2.1204595,1.1740217,2.1569063,1.1941991
2009-08-25,2.1202189,1.173883,2.1566276,1.1940393
2009-08-26,2.1213372,1.1744967,2.1579154,1.1947467
2009-08-27,2.1184489,1.1728927,2.1545845,1.1928976
2009-08-28,2.1195654,1.1735061,2.1558702,1.1936046
2009-08-31,2.1256829,1.1768786,2.1629184,1.1974921
2009-09-01,2.1256917,1.1768786,2.1629273,1.1974921
2009-09-02,2.1256998,1.1768786,2.1629356,1.1974921
2009-09-03,2.125708,1.1768786,2.1629439,1.1974921
2009-09-04,2.1257167,1.1768786,2.1629528,1.1974921
2009-09-08,2.1257493,1.1768786,2.162986,1.1974921
2009-09-09,2.1257575,1.1768786,2.1629943,1.1974921
2009-09-10,2.1257656,1.1768786,2.1630026,1.1974921
2009-09-11,2.1257738,1.1768786,2.1630109,1.1974921
2009-09-14,2.1257982,1.1768786,2.1630358,1.1974921
2009-09-15,2.1258064,1.1768786,2.1630441,1.1974921
2009-09-16,2.125814,1.1768786,2.1630518,1.1974921
2009-09-17,2.1258198,1.1768786,2.1630577,1.1974921
2009-09-18,2.1258256,1.1768786,2.1630636,1.1974921
2009-09-21,2.1258396,1.1768786,2.1630778,1.1974921
2009-09-22,2.125846,1.1768786,2.1630844,1.1974921
2009-09-23,2.1258524,1.1768786,2.1630909,1.1974921
2009-09-24,2.1257514,1.1768191,2.1627411,1.1972949
2009-09-25,2.1283872,1.1782751,2.1714712,1.2021246
2009-09-28,2.1298347,1.1790667,2.1762457,1.2047579
2009-09-29,2.1298856,1.1790914,2.1764004,1.2048398
2009-09-30,2.1298297,1.1790562,2.1761968,1.2047228
2009-10-01,2.1298379,1.1790562,2.1762051,1.2047228
2009-10-02,2.1298437,1.1790562,2.1762111,1.2047228
2009-10-05,2.1298612,1.1790562,2.176229,1.2047228
2009-10-06,2.1298659,1.1790562,2.1762338,1.2047228
2009-10-07,2.1298706,1.1790562,2.1762385,1.2047228
2009-10-08,2.1298758,1.1790562,2.1762439,1.2047228
2009-10-09,2.1298793,1.1790562,2.1762475,1.2047228
2009-10-13,2.1298957,1.1790562,2.1762642,1.2047228
2009-10-14,2.1298998,1.1790562,2.1762683,1.2047228
2009-10-15,2.1299038,1.1790562,2.1762725,1.2047228
2009-10-16,2.1299079,1.1790562,2.1762767,1.2047228
2009-10-19,2.1299202,1.1790562,2.1762892,1.2047228
2009-10-20,2.1299249,1.1790562,2.176294,1.2047228
2009-10-21,2.1299295,1.1790562,2.1762988,1.2047228
2009-10-22,2.1299336,1.1790562,2.1763029,1.2047228
2009-10-23,2.1299371,1.1790562,2.1763065,1.2047228
2009-10-26,2.1298221,1.1789858,2.1759213,1.2045027
2009-10-27,2.1349996,1.1818493,2.1920871,1.2134487
2009-10-28,2.1376307,1.1833032,2.2003384,1.2180137
2009-10-29,2.1330798,1.1807817,2.1860048,1.2100769
2009-10-30,2.1391845,1.1841591,2.2051287,1.2206611
2009-11-02,2.1391933,1.1841591,2.2051378,1.2206611
2009-11-03,2.1391968,1.1841591,2.2051414,1.2206611
2009-11-04,2.1392003,1.1841591,2.2051451,1.2206611
2009-11-05,2.1392033,1.1841591,2.2051481,1.2206611
2009-11-06,2.1392056,1.1841591,2.2051505,1.2206611
2009-11-09,2.1392162,1.1841591,2.2051614,1.2206611
2009-11-10,2.1392203,1.1841591,2.2051656,1.2206611
2009-11-12,2.1392285,1.1841591,2.2051741,1.2206611
2009-11-13,2.1392326,1.1841591,2.2051783,1.2206611
2009-11-16,2.1392431,1.1841591,2.2051892,1.2206611
2009-11-17,2.1392472,1.1841591,2.2051934,1.2206611
2009-11-18,2.1392507,1.1841591,2.205197,1.2206611
2009-11-19,2.1392531,1.1841591,2.2051994,1.2206611
2009-11-20,2.1392542,1.1841591,2.2052006,1.2206611
2009-11-23,2.1389739,1.1840019,2.2047382,1.2204031
2009-11-24,2.1447867,1.1872179,2.2142811,1.2256838
2009-11-25,2.1494816,1.1898151,2.2220009,1.2299552
2009-11-27,2.1577693,1.1943994,2.2356453,1.2375046
2009-11-30,2.1578406,1.1944359,2.2357598,1.2375649
2009-12-01,2.1578442,1.1944359,2.2357634,1.2375649
2009-12-02,2.1578477,1.1944359,2.2357671,1.2375649
2009-12-03,2.1578507,1.1944359,2.2357702,1.2375649
2009-12-04,2.1578542,1.1944359,2.2357738,1.2375649
2009-12-07,2.1578648,1.1944359,2.2357849,1.2375649
2009-12-08,2.1578672,1.1944359,2.2357873,1.2375649
2009-12-09,2.157869,1.1944359,2.2357892,1.2375649
2009-12-10,2.1578708,1.1944359,2.235791,1.2375649
2009-12-11,2.1578719,1.1944359,2.2357922,1.2375649
2009-12-14,2.1578773,1.1944359,2.2357977,1.2375649
2009-12-15,2.1578796,1.1944359,2.2358002,1.2375649
2009-12-16,2.1578826,1.1944359,2.2358032,1.2375649
2009-12-17,2.1578849,1.1944359,2.2358057,1.2375649
2009-12-18,2.1578873,1.1944359,2.2358081,1.2375649
2009-12-21,2.1578962,1.1944359,2.2358173,1.2375649
2009-12-22,2.1579009,1.1944359,2.2358222,1.2375649
2009-12-23,2.1579056,1.1944359,2.2358271,1.2375649
2009-12-24,2.1576098,1.1942698,2.2353689,1.2373088
2009-12-28,2.1546264,1.1926119,2.230763,1.2347526
2009-12-29,2.1583735,1.1946824,2.2365333,1.2379428
2009-12-30,2.1609284,1.1960933,2.24047,1.2401185
2009-12-31,2.1547816,1.1926894,2.2309842,1.2348663
2010-01-04,2.1547958,1.1926894,2.2309989,1.2348663
2010-01-05,2.1548005,1.1926894,2.2310038,1.2348663
2010-01-06,2.1548046,1.1926894,2.2310081,1.2348663
2010-01-07,2.1548082,1.1926894,2.2310117,1.2348663
2010-01-08,2.1548111,1.1926894,2.2310148,1.2348663
2010-01-11,2.15482,1.1926894,2.2310239,1.2348663
2010-01-12,2.1548223,1.1926894,2.2310264,1.2348663
2010-01-13,2.1548253,1.1926894,2.2310294,1.2348663
2010-01-14,2.1548288,1.1926894,2.2310331,1.2348663
2010-01-15,2.1548318,1.1926894,2.2310362,1.2348663
2010-01-19,2.1548459,1.1926894,2.2310508,1.2348663
2010-01-20,2.1548495,1.1926894,2.2310545,1.2348663
2010-01-21,2.1548524,1.1926894,2.2310576,1.2348663
2010-01-22,2.154856,1.1926894,2.2310612,1.2348663
2010-01-25,2.1546985,1.1925963,2.2308297,1.2347321
2010-01-26,2.1554536,1.1930123,2.2319176,1.2353321
2010-01-27,2.154864,1.1926836,2.2310652,1.234858
2010-01-28,2.1536043,1.1919838,2.2292459,1.2338483
2010-01-29,2.1568838,1.1937964,2.2339742,1.2364627
2010-02-01,2.156898,1.1937964,2.2339889,1.2364627
2010-02-02,2.1569039,1.1937964,2.2339951,1.2364627
2010-02-03,2.1569098,1.1937964,2.2340012,1.2364627
2010-02-04,2.1569157,1.1937964,2.2340073,1.2364627
2010-02-05,2.156921,1.1937964,2.2340128,1.2364627
2010-02-08,2.1569388,1.1937964,2.2340312,1.2364627
2010-02-09,2.1569458,1.1937964,2.2340385,1.2364627
2010-02-10,2.1569529,1.1937964,2.2340459,1.2364627
2010-02-11,2.1569594,1.1937964,2.2340526,1.2364627
2010-02-12,2.1569659,1.1937964,2.2340593,1.2364627
2010-02-16,2.1569896,1.1937964,2.2340838,1.2364627
2010-02-17,2.1569955,1.1937964,2.2340899,1.2364627
2010-02-18,2.1570014,1.1937964,2.234096,1.2364627
2010-02-19,2.1570073,1.1937964,2.2341022,1.2364627
2010-02-22,2.156201,1.1933393,2.2335985,1.2361728
2010-02-23,2.1931142,1.2137651,2.2570226,1.249133
2010-02-24,2.1901417,1.212116,2.2551517,1.2480934
2010-02-25,2.2108187,1.2235556,2.2681955,1.2553083
2010-02-26,2.2206191,1.2289752,2.2743573,1.258714
2010-03-01,2.2206428,1.2289752,2.2743816,1.258714
2010-03-02,2.2206507,1.2289752,2.2743897,1.258714
2010-03-03,2.2206592,1.2289752,2.2743985,1.258714
2010-03-04,2.2206678,1.2289752,2.2744072,1.258714
2010-03-05,2.2206763,1.2289752,2.2744159,1.258714
2010-03-08,2.2207037,1.2289752,2.2744439,1.258714
2010-03-09,2.2207134,1.2289752,2.2744539,1.258714
2010-03-10,2.2207231,1.2289752,2.2744639,1.258714
2010-03-11,2.2207323,1.2289752,2.2744732,1.258714
2010-03-12,2.220742,1.2289752,2.2744832,1.258714
2010-03-15,2.2207694,1.2289752,2.2745112,1.258714
2010-03-16,2.2207797,1.2289752,2.2745218,1.258714
2010-03-17,2.2207894,1.2289752,2.2745318,1.258714
2010-03-18,2.2207986,1.2289752,2.2745412,1.258714
2010-03-19,2.2208083,1.2289752,2.2745511,1.258714
2010-03-22,2.2208375,1.2289752,2.274581,1.258714
2010-03-23,2.2208466,1.2289752,2.2745904,1.258714
2010-03-24,2.2208552,1.2289752,2.2745991,1.258714
2010-03-25,2.2204636,1.2287538,2.2740266,1.2583924
2010-03-26,2.2286889,1.2333008,2.2859716,1.2649977
2010-03-29,2.2260924,1.2318497,2.2821829,1.2628865
2010-03-30,2.2262992,1.2319591,2.2824797,1.2630456
2010-03-31,2.2325421,1.2354083,2.2915543,1.2680616
2010-04-01,2.2325519,1.2354083,2.2915644,1.2680616
2010-04-02,2.2325617,1.2354083,2.2915744,1.2680616
2010-04-05,2.2325911,1.2354083,2.2916045,1.2680616
2010-04-06,2.2326021,1.2354083,2.2916158,1.2680616
2010-04-07,2.2326125,1.2354083,2.2916265,1.2680616
2010-04-08,2.2326229,1.2354083,2.2916372,1.2680616
2010-04-09,2.2326333,1.2354083,2.2916479,1.2680616
2010-04-12,2.2326626,1.2354083,2.291678,1.2680616
2010-04-13,2.2326724,1.2354083,2.291688,1.2680616
2010-04-14,2.2326822,1.2354083,2.2916981,1.2680616
2010-04-15,2.232692,1.2354083,2.2917081,1.2680616
2010-04-16,2.2327018,1.2354083,2.2917182,1.2680616
2010-04-19,2.2327311,1.2354083,2.2917483,1.2680616
2010-04-20,2.2327409,1.2354083,2.2917584,1.2680616
2010-04-21,2.2327507,1.2354083,2.2917684,1.2680616
2010-04-22,2.2327599,1.2354083,2.2917778,1.2680616
2010-04-23,2.2327697,1.2354083,2.2917879,1.2680616
2010-04-26,2.2326118,1.2353047,2.2915203,1.2678969
2010-04-27,2.2417488,1.2403548,2.3060429,1.2759267
2010-04-28,2.2350708,1.2366545,2.2953954,1.2700299
2010-04-29,2.2381787,1.2383686,2.3003344,1.272757
2010-04-30,2.2433799,1.2412406,2.3086097,1.2773297
2010-05-03,2.2434094,1.2412406,2.3086401,1.2773297
2010-05-04,2.2434199,1.2412406,2.3086508,1.2773297
2010-05-05,2.2434297,1.2412406,2.3086609,1.2773297
2010-05-06,2.2434389,1.2412406,2.3086704,1.2773297
2010-05-07,2.2434457,1.2412406,2.3086774,1.2773297
2010-05-10,2.2434697,1.2412406,2.3087021,1.2773297
2010-05-11,2.2434795,1.2412406,2.3087122,1.2773297
2010-05-12,2.2434893,1.2412406,2.3087223,1.2773297
2010-05-13,2.2434992,1.2412406,2.3087324,1.2773297
2010-05-14,2.243509,1.2412406,2.3087425,1.2773297
2010-05-17,2.2435385,1.2412406,2.3087729,1.2773297
2010-05-18,2.2435483,1.2412406,2.308783,1.2773297
2010-05-19,2.2435588,1.2412406,2.3087938,1.2773297
2010-05-20,2.2435692,1.2412406,2.3088045,1.2773297
2010-05-21,2.2435797,1.2412406,2.3088153,1.2773297
2010-05-24,2.2430849,1.2409495,2.3083515,1.2770553
2010-05-25,2.253846,1.2468972,2.3184979,1.2826627
2010-05-26,2.2477125,1.2434981,2.3127185,1.2794594
2010-05-27,2.2206701,1.2285317,2.2872285,1.2653516
2010-05-28,2.2265947,1.2318037,2.2928198,1.268439
2010-06-01,2.2266338,1.2318037,2.29286,1.268439
2010-06-02,2.2266436,1.2318037,2.29287,1.268439
2010-06-03,2.2266533,1.2318037,2.2928801,1.268439
2010-06-04,2.2266619,1.2318037,2.2928889,1.268439
2010-06-07,2.2266875,1.2318037,2.2929153,1.268439
2010-06-08,2.2266948,1.2318037,2.2929228,1.268439
2010-06-09,2.2267021,1.2318037,2.2929303,1.268439
2010-06-10,2.2267082,1.2318037,2.2929366,1.268439
2010-06-11,2.2267143,1.2318037,2.2929429,1.268439
2010-06-14,2.226729,1.2318037,2.292958,1.268439
2010-06-15,2.2267332,1.2318037,2.2929624,1.268439
2010-06-16,2.2267387,1.2318037,2.292968,1.268439
2010-06-17,2.2267448,1.2318037,2.2929743,1.268439
2010-06-18,2.2267503,1.2318037,2.29298,1.268439
2010-06-21,2.2267704,1.2318037,2.2930007,1.268439
2010-06-22,2.2267778,1.2318037,2.2930082,1.268439
2010-06-23,2.2267857,1.2318037,2.2930164,1.268439
2010-06-24,2.2264779,1.231629,2.2925916,1.2681995
2010-06-25,2.2291342,1.233094,2.2962319,1.2702087
2010-06-28,2.2384015,1.2382073,2.3089389,1.2772243
2010-06-29,2.2487666,1.2439351,2.3231761,1.2850938
2010-06-30,2.2485717,1.2438222,2.3229048,1.2849385
2010-07-01,2.2485827,1.2438222,2.3229162,1.2849385
2010-07-02,2.2485932,1.2438222,2.3229271,1.2849385
2010-07-06,2.2486351,1.2438222,2.3229703,1.2849385
2010-07-07,2.2486456,1.2438222,2.3229812,1.2849385
2010-07-08,2.2486554,1.2438222,2.3229913,1.2849385
2010-07-09,2.2486647,1.2438222,2.3230009,1.2849385
2010-07-12,2.2486943,1.2438222,2.3230314,1.2849385
2010-07-13,2.2487041,1.2438222,2.3230416,1.2849385
2010-07-14,2.2487134,1.2438222,2.3230512,1.2849385
2010-07-15,2.2487226,1.2438222,2.3230607,1.2849385
2010-07-16,2.2487318,1.2438222,2.3230703,1.2849385
2010-07-19,2.2487596,1.2438222,2.3230989,1.2849385
2010-07-20,2.24877,1.2438222,2.3231097,1.2849385
2010-07-21,2.2487799,1.2438222,2.3231199,1.2849385
2010-07-22,2.2487897,1.2438222,2.3231301,1.2849385
2010-07-23,2.2487996,1.2438222,2.3231403,1.2849385
2010-07-26,2.2484977,1.2436388,2.3227267,1.2846928
2010-07-27,2.2420163,1.2400485,2.3140419,1.2798836
2010-07-28,2.2487574,1.2437719,2.3230611,1.2848668
2010-07-29,2.2488878,1.2438389,2.3232329,1.2849566
2010-07-30,2.2606724,1.2503517,2.3390164,1.293681
2010-08-02,2.2607003,1.2503517,2.3390452,1.293681
2010-08-03,2.2607102,1.2503517,2.3390554,1.293681
2010-08-04,2.2607201,1.2503517,2.3390657,1.293681
2010-08-05,2.26073,1.2503517,2.339076,1.293681
2010-08-06,2.2607393,1.2503517,2.3390856,1.293681
2010-08-09,2.2607672,1.2503517,2.3391144,1.293681
2010-08-10,2.2607764,1.2503517,2.339124,1.293681
2010-08-11,2.2607857,1.2503517,2.3391336,1.293681
2010-08-12,2.260795,1.2503517,2.3391432,1.293681
2010-08-13,2.2608049,1.2503517,2.3391535,1.293681
2010-08-16,2.2608328,1.2503517,2.3391823,1.293681
2010-08-17,2.2608427,1.2503517,2.3391926,1.293681
2010-08-18,2.2608533,1.2503517,2.3392035,1.293681
2010-08-19,2.2608632,1.2503517,2.3392137,1.293681
2010-08-20,2.2608731,1.2503517,2.339224,1.293681
2010-08-23,2.2609009,1.2503517,2.3392528,1.293681
2010-08-24,2.2609109,1.2503517,2.3392631,1.293681
2010-08-25,2.2601216,1.2499098,2.3387723,1.2934039
2010-08-26,2.2731723,1.2571217,2.346959,1.2979257
2010-08-27,2.2223072,1.2289865,2.3151433,1.2803251
2010-08-30,2.2607472,1.2502296,2.3394185,1.2937341
2010-08-31,2.2826432,1.2623336,2.3531506,1.3013232
2010-09-01,2.282652,1.2623336,2.3531596,1.3013232
2010-09-02,2.2826601,1.2623336,2.353168,1.3013232
2010-09-03,2.2826689,1.2623336,2.353177,1.3013232
2010-09-07,2.2827039,1.2623336,2.3532131,1.3013232
2010-09-08,2.2827126,1.2623336,2.3532222,1.3013232
2010-09-09,2.2827214,1.2623336,2.3532312,1.3013232
2010-09-10,2.2827302,1.2623336,2.3532402,1.3013232
2010-09-13,2.2827564,1.2623336,2.3532673,1.3013232
2010-09-14,2.2827658,1.2623336,2.353277,1.3013232
2010-09-15,2.2827752,1.2623336,2.3532866,1.3013232
2010-09-16,2.2827846,1.2623336,2.3532963,1.3013232
2010-09-17,2.2827946,1.2623336,2.3533066,1.3013232
2010-09-20,2.2828246,1.2623336,2.3533376,1.3013232
2010-09-21,2.2828352,1.2623336,2.3533485,1.3013232
2010-09-22,2.2828459,1.2623336,2.3533595,1.3013232
2010-09-23,2.2828559,1.2623336,2.3533698,1.3013232
2010-09-24,2.2825108,1.2621372,2.3529167,1.3010669
2010-09-27,2.2942652,1.2686214,2.3682493,1.3095292
2010-09-28,2.303004,1.273448,2.3796667,1.3158367
2010-09-29,2.2973584,1.2703207,2.3722787,1.3117457
2010-09-30,2.2956805,1.2693873,2.3700824,1.3105256
2010-10-01,2.2956906,1.2693873,2.3700928,1.3105256
2010-10-04,2.2957208,1.2693873,2.370124,1.3105256
2010-10-05,2.295729,1.2693873,2.3701324,1.3105256
2010-10-06,2.2957365,1.2693873,2.3701402,1.3105256
2010-10-07,2.2957447,1.2693873,2.3701487,1.3105256
2010-10-08,2.2957529,1.2693873,2.3701571,1.3105256
2010-10-12,2.2957831,1.2693873,2.3701883,1.3105256
2010-10-13,2.2957912,1.2693873,2.3701967,1.3105256
2010-10-14,2.2957994,1.2693873,2.3702052,1.3105256
2010-10-15,2.2958082,1.2693873,2.3702142,1.3105256
2010-10-18,2.2958346,1.2693873,2.3702415,1.3105256
2010-10-19,2.2958441,1.2693873,2.3702513,1.3105256
2010-10-20,2.2958529,1.2693873,2.3702604,1.3105256
2010-10-21,2.2958617,1.2693873,2.3702694,1.3105256
2010-10-22,2.2958699,1.2693873,2.3702779,1.3105256
2010-10-25,2.2955452,1.2691943,2.3698335,1.3102659
2010-10-26,2.2845332,1.2631009,2.3550215,1.3020714
2010-10-27,2.2736212,1.2570629,2.3403655,1.2939632
2010-10-28,2.2819995,1.2616904,2.3515973,1.3001682
2010-10-29,2.2900835,1.2661554,2.3624467,1.3061621
2010-11-01,2.2901061,1.2661554,2.36247,1.3061621
2010-11-02,2.2901142,1.2661554,2.3624785,1.3061621
2010-11-03,2.2901224,1.2661554,2.3624869,1.3061621
2010-11-04,2.2901305,1.2661554,2.3624953,1.3061621
2010-11-05,2.2901387,1.2661554,2.3625037,1.3061621
2010-11-08,2.2901632,1.2661554,2.3625289,1.3061621
2010-11-09,2.2901713,1.2661554,2.3625374,1.3061621
2010-11-10,2.2901795,1.2661554,2.3625458,1.3061621
2010-11-12,2.2901958,1.2661554,2.3625626,1.3061621
2010-11-15,2.2902203,1.2661554,2.3625878,1.3061621
2010-11-16,2.2902291,1.2661554,2.3625969,1.3061621
2010-11-17,2.2902385,1.2661554,2.3626066,1.3061621
2010-11-18,2.2902472,1.2661554,2.3626157,1.3061621
2010-11-19,2.2902567,1.2661554,2.3626254,1.3061621
2010-11-22,2.290283,1.2661554,2.3626526,1.3061621
2010-11-23,2.2896445,1.2657972,2.362238,1.3059275
2010-11-24,2.2487473,1.2431826,2.3354583,1.2911174
2010-11-26,2.2643941,1.2518218,2.3457809,1.2968127
2010-11-29,2.2727316,1.2564145,2.3512747,1.2998328
2010-11-30,2.2800126,1.2604334,2.3560604,1.302472
2010-12-01,2.2800232,1.2604334,2.3560713,1.302472
2010-12-02,2.2800332,1.2604334,2.3560817,1.302472
2010-12-03,2.2800432,1.2604334,2.356092,1.302472
2010-12-06,2.2800694,1.2604334,2.3561191,1.302472
2010-12-07,2.2800788,1.2604334,2.3561288,1.302472
2010-12-08,2.2800875,1.2604334,2.3561378,1.302472
2010-12-09,2.2800969,1.2604334,2.3561475,1.302472
2010-12-10,2.2801057,1.2604334,2.3561565,1.302472
2010-12-13,2.28013,1.2604334,2.3561817,1.302472
2010-12-14,2.2801394,1.2604334,2.3561914,1.302472
2010-12-15,2.2801488,1.2604334,2.3562011,1.302472
2010-12-16,2.2801575,1.2604334,2.3562101,1.302472
2010-12-17,2.2801656,1.2604334,2.3562185,1.302472
2010-12-20,2.2801862,1.2604334,2.3562398,1.302472
2010-12-21,2.280195,1.2604334,2.3562489,1.302472
2010-12-22,2.2802037,1.2604334,2.3562579,1.302472
2010-12-23,2.2802125,1.2604334,2.3562669,1.302472
2010-12-27,2.2798662,1.2602227,2.3559118,1.3022557
2010-12-28,2.2588384,1.2485934,2.3343286,1.2903193
2010-12-29,2.2816756,1.2612117,2.3577705,1.3032717
2010-12-30,2.2772698,1.258772,2.3532485,1.3007675
2010-12-31,2.2892729,1.2654026,2.3655688,1.3075733
2011-01-03,2.2892955,1.2654026,2.3655921,1.3075733
2011-01-04,2.2893049,1.2654026,2.3656018,1.3075733
2011-01-05,2.2893137,1.2654026,2.3656109,1.3075733
2011-01-06,2.2893225,1.2654026,2.36562,1.3075733
2011-01-07,2.2893319,1.2654026,2.3656297,1.3075733
2011-01-10,2.2893582,1.2654026,2.3656569,1.3075733
2011-01-11,2.2893676,1.2654026,2.3656667,1.3075733
2011-01-12,2.2893771,1.2654026,2.3656764,1.3075733
2011-01-13,2.2893865,1.2654026,2.3656861,1.3075733
2011-01-14,2.2893959,1.2654026,2.3656958,1.3075733
2011-01-18,2.2894335,1.2654026,2.3657347,1.3075733
2011-01-19,2.2894435,1.2654026,2.3657451,1.3075733
2011-01-20,2.2894536,1.2654026,2.3657554,1.3075733
2011-01-21,2.2894636,1.2654026,2.3657658,1.3075733
2011-01-24,2.2894937,1.2654026,2.3657969,1.3075733
2011-01-25,2.2893253,1.2653039,2.365629,1.3074748
2011-01-26,2.2823064,1.2614191,2.3586176,1.3035939
2011-01-27,2.284519,1.2626364,2.3608285,1.3048101
2011-01-28,2.2888745,1.2650385,2.3651802,1.3072099
2011-01-31,2.2846807,1.262705,2.3609917,1.3048788
2011-02-01,2.2846901,1.262705,2.3610014,1.3048788
2011-02-02,2.2846995,1.262705,2.3610111,1.3048788
2011-02-03,2.2847095,1.262705,2.3610214,1.3048788
2011-02-04,2.2847183,1.262705,2.3610305,1.3048788
2011-02-07,2.2847464,1.262705,2.3610596,1.3048788
2011-02-08,2.2847565,1.262705,2.3610699,1.3048788
2011-02-09,2.2847659,1.262705,2.3610797,1.3048788
2011-02-10,2.2847746,1.262705,2.3610887,1.3048788
2011-02-11,2.2847821,1.262705,2.3610965,1.3048788
2011-02-14,2.2848047,1.262705,2.3611198,1.3048788
2011-02-15,2.2848128,1.262705,2.3611282,1.3048788
2011-02-16,2.2848209,1.262705,2.3611366,1.3048788
2011-02-17,2.2848284,1.262705,2.3611443,1.3048788
2011-02-18,2.2848341,1.262705,2.3611502,1.3048788
2011-02-22,2.2841928,1.2623368,2.3607982,1.30467
2011-02-23,2.2765077,1.2580856,2.3564435,1.3022591
2011-02-24,2.2847701,1.2626475,2.3611397,1.3048502
2011-02-25,2.2957452,1.2687083,2.3673669,1.3082869
2011-02-28,2.2959557,1.268811,2.3674974,1.308345
2011-03-01,2.2959651,1.268811,2.3675071,1.308345
2011-03-02,2.2959739,1.268811,2.3675162,1.308345
2011-03-03,2.2959821,1.268811,2.3675246,1.308345
2011-03-04,2.2959903,1.268811,2.3675331,1.308345
2011-03-07,2.2960129,1.268811,2.3675564,1.308345
2011-03-08,2.2960198,1.268811,2.3675635,1.308345
2011-03-09,2.2960267,1.268811,2.3675707,1.308345
2011-03-10,2.296033,1.268811,2.3675772,1.308345
2011-03-11,2.2960381,1.268811,2.3675824,1.308345
2011-03-14,2.2960532,1.268811,2.3675979,1.308345
2011-03-15,2.2960588,1.268811,2.3676038,1.308345
2011-03-16,2.2960651,1.268811,2.3676103,1.308345
2011-03-17,2.2960714,1.268811,2.3676167,1.308345
2011-03-18,2.2960764,1.268811,2.3676219,1.308345
2011-03-21,2.2960897,1.268811,2.3676355,1.308345
2011-03-22,2.2960959,1.268811,2.367642,1.308345
2011-03-23,2.2961022,1.268811,2.3676485,1.308345
2011-03-24,2.2961079,1.268811,2.3676544,1.308345
2011-03-25,2.2957005,1.2685828,2.3672012,1.3080914
2011-03-28,2.2946078,1.2679696,2.3659858,1.3074101
2011-03-29,2.2898512,1.2653373,2.3607003,1.3044854
2011-03-30,2.2949788,1.2681673,2.366396,1.3076292
2011-03-31,2.2947523,1.2680387,2.3661438,1.3074863
2011-04-01,2.2947579,1.2680387,2.3661497,1.3074863
2011-04-04,2.2947711,1.2680387,2.3661633,1.3074863
2011-04-05,2.2947749,1.2680387,2.3661672,1.3074863
2011-04-06,2.2947793,1.2680387,2.3661717,1.3074863
2011-04-07,2.2947831,1.2680387,2.3661756,1.3074863
2011-04-08,2.2947856,1.2680387,2.3661782,1.3074863
2011-04-11,2.2947931,1.2680387,2.366186,1.3074863
2011-04-12,2.2947963,1.2680387,2.3661892,1.3074863
2011-04-13,2.2947994,1.2680387,2.3661924,1.3074863
2011-04-14,2.2948032,1.2680387,2.3661963,1.3074863
2011-04-15,2.2948076,1.2680387,2.3662009,1.3074863
2011-04-18,2.2948208,1.2680387,2.3662145,1.3074863
2011-04-19,2.2948252,1.2680387,2.366219,1.3074863
2011-04-20,2.294829,1.2680387,2.3662229,1.3074863
2011-04-21,2.2948328,1.2680387,2.3662268,1.3074863
2011-04-25,2.2945603,1.2678798,2.3659648,1.3073329
2011-04-26,2.3004503,1.2711319,2.3716513,1.3104726
2011-04-27,2.2948132,1.2680147,2.3662104,1.3074636
2011-04-28,2.3007036,1.2712673,2.3718972,1.3106038
2011-04-29,2.302854,1.2724542,2.3739731,1.3117494
2011-05-02,2.3028616,1.2724542,2.3739809,1.3117494
2011-05-03,2.3028647,1.2724542,2.3739842,1.3117494
2011-05-04,2.3028666,1.2724542,2.3739861,1.3117494
2011-05-05,2.3028685,1.2724542,2.3739881,1.3117494
2011-05-06,2.3028698,1.2724542,2.3739894,1.3117494
2011-05-09,2.3028735,1.2724542,2.3739933,1.3117494
2011-05-10,2.3028754,1.2724542,2.3739952,1.3117494
2011-05-11,2.3028773,1.2724542,2.3739972,1.3117494
2011-05-12,2.3028792,1.2724542,2.3739991,1.3117494
2011-05-13,2.3028805,1.2724542,2.3740004,1.3117494
2011-05-16,2.3028862,1.2724542,2.3740063,1.3117494
2011-05-17,2.3028887,1.2724542,2.3740089,1.3117494
2011-05-18,2.3028912,1.2724542,2.3740115,1.3117494
2011-05-19,2.3028944,1.2724542,2.3740147,1.3117494
2011-05-20,2.3028975,1.2724542,2.374018,1.3117494
2011-05-23,2.302907,1.2724542,2.3740278,1.3117494
2011-05-24,2.3019557,1.2719265,2.3733887,1.3113941
2011-05-25,2.2985158,1.2700237,2.3710741,1.3101131
2011-05-26,2.321821,1.2828987,2.3867744,1.318786
2011-05-27,2.3221948,1.2831034,2.3870264,1.3189234
2011-05-31,2.3304509,1.2876583,2.3925729,1.3219808
2011-06-01,2.3304548,1.2876583,2.3925768,1.3219808
2011-06-02,2.330458,1.2876583,2.3925801,1.3219808
2011-06-03,2.3304605,1.2876583,2.3925827,1.3219808
2011-06-06,2.3304682,1.2876583,2.3925906,1.3219808
2011-06-07,2.3304714,1.2876583,2.3925939,1.3219808
2011-06-08,2.3304746,1.2876583,2.3925971,1.3219808
2011-06-09,2.3304771,1.2876583,2.3925998,1.3219808
2011-06-10,2.3304803,1.2876583,2.392603,1.3219808
2011-06-13,2.3304899,1.2876583,2.3926129,1.3219808
2011-06-14,2.3304931,1.2876583,2.3926161,1.3219808
2011-06-15,2.3304963,1.2876583,2.3926194,1.3219808
2011-06-16,2.3304995,1.2876583,2.3926227,1.3219808
2011-06-17,2.3305027,1.2876583,2.392626,1.3219808
2011-06-20,2.3305103,1.2876583,2.3926338,1.3219808
2011-06-21,2.3305122,1.2876583,2.3926358,1.3219808
2011-06-22,2.3305142,1.2876583,2.3926378,1.3219808
2011-06-23,2.3305154,1.2876583,2.3926391,1.3219808
2011-06-24,2.3298563,1.2872937,2.3919511,1.3216003
2011-06-27,2.3121816,1.277526,2.3735028,1.3114051
2011-06-28,2.2864661,1.2633169,2.3466653,1.2965761
2011-06-29,2.2637135,1.2507446,2.3229244,1.2834578
2011-06-30,2.2532247,1.2449487,2.3119818,1.2774111
2011-07-01,2.2532265,1.2449487,2.3119837,1.2774111
2011-07-05,2.2532315,1.2449487,2.3119888,1.2774111
2011-07-06,2.2532327,1.2449487,2.3119901,1.2774111
2011-07-07,2.2532333,1.2449487,2.3119907,1.2774111
2011-07-08,2.2532352,1.2449487,2.3119926,1.2774111
2011-07-11,2.2532407,1.2449487,2.3119983,1.2774111
2011-07-12,2.2532426,1.2449487,2.3120002,1.2774111
2011-07-13,2.2532444,1.2449487,2.3120021,1.2774111
2011-07-14,2.2532451,1.2449487,2.3120027,1.2774111
2011-07-15,2.2532457,1.2449487,2.3120034,1.2774111
2011-07-18,2.2532494,1.2449487,2.3120072,1.2774111
2011-07-19,2.2532506,1.2449487,2.3120084,1.2774111
2011-07-20,2.2532525,1.2449487,2.3120103,1.2774111
2011-07-21,2.2532537,1.2449487,2.3120116,1.2774111
2011-07-22,2.2532568,1.2449487,2.3120148,1.2774111
2011-07-25,2.252759,1.2446686,2.3114773,1.2771089
2011-07-26,2.2610781,1.2492632,2.3204514,1.2820654
2011-07-27,2.2571978,1.2471169,2.3162645,1.2797497
2011-07-28,2.2634999,1.2505961,2.3230632,1.2835032
2011-07-29,2.2961105,1.2686113,2.3582504,1.3029418
2011-08-01,2.2961294,1.2686113,2.3582697,1.3029418
2011-08-02,2.2961357,1.2686113,2.3582762,1.3029418
2011-08-03,2.2961395,1.2686113,2.3582801,1.3029418
2011-08-04,2.2961407,1.2686113,2.3582814,1.3029418
2011-08-05,2.296142,1.2686113,2.3582827,1.3029418
2011-08-08,2.2961439,1.2686113,2.3582846,1.3029418
2011-08-09,2.296147,1.2686113,2.3582878,1.3029418
2011-08-10,2.2961489,1.2686113,2.3582898,1.3029418
2011-08-11,2.2961502,1.2686113,2.3582911,1.3029418
2011-08-12,2.296152,1.2686113,2.358293,1.3029418
2011-08-15,2.2961558,1.2686113,2.3582969,1.3029418
2011-08-16,2.2961571,1.2686113,2.3582982,1.3029418
2011-08-17,2.296159,1.2686113,2.3583001,1.3029418
2011-08-18,2.2961596,1.2686113,2.3583008,1.3029418
2011-08-19,2.2961602,1.2686113,2.3583014,1.3029418
2011-08-22,2.296164,1.2686113,2.3583053,1.3029418
2011-08-23,2.2961646,1.2686113,2.3583059,1.3029418
2011-08-24,2.2961653,1.2686113,2.3583066,1.3029418
2011-08-25,2.2955288,1.268259,2.3579349,1.3027357
2011-08-26,2.3059211,1.2740002,2.3640138,1.3060939
2011-08-29,2.2834537,1.2615862,2.3508986,1.2988468
2011-08-30,2.3065012,1.274319,2.3644109,1.3063115
2011-08-31,2.2957849,1.268398,2.3581557,1.3028552
2011-09-01,2.2957861,1.268398,2.358157,1.3028552
2011-09-02,2.2957874,1.268398,2.3581582,1.3028552
2011-09-06,2.2957924,1.268398,2.3581634,1.3028552
2011-09-07,2.2957937,1.268398,2.3581647,1.3028552
2011-09-08,2.2957949,1.268398,2.358166,1.3028552
2011-09-09,2.2957962,1.268398,2.3581673,1.3028552
2011-09-12,2.2957981,1.268398,2.3581692,1.3028552
2011-09-13,2.2957987,1.268398,2.3581699,1.3028552
2011-09-14,2.2957993,1.268398,2.3581705,1.3028552
2011-09-15,2.2958,1.268398,2.3581712,1.3028552
2011-09-16,2.2958006,1.268398,2.3581718,1.3028552
2011-09-19,2.2958025,1.268398,2.3581738,1.3028552
2011-09-20,2.2958031,1.268398,2.3581744,1.3028552
2011-09-21,2.2958037,1.268398,2.358175,1.3028552
2011-09-22,2.2958044,1.268398,2.3581757,1.3028552
2011-09-23,2.2958044,1.268398,2.3581757,1.3028552
2011-09-26,2.2954211,1.2681852,2.3578155,1.3026552
2011-09-27,2.2817112,1.26061,2.3449284,1.2955345
2011-09-28,2.2772383,1.2581385,2.3407218,1.2932101
2011-09-29,2.2834192,1.2615526,2.3465359,1.2964215
2011-09-30,2.2938474,1.2673133,2.3563429,1.301839
2011-10-03,2.2938512,1.2673133,2.3563468,1.301839
2011-10-04,2.2938524,1.2673133,2.356348,1.301839
2011-10-05,2.2938531,1.2673133,2.3563487,1.301839
2011-10-06,2.2938531,1.2673133,2.3563487,1.301839
2011-10-07,2.2938537,1.2673133,2.3563493,1.301839
2011-10-11,2.2938562,1.2673133,2.3563519,1.301839
2011-10-12,2.2938575,1.2673133,2.3563532,1.301839
2011-10-13,2.2938587,1.2673133,2.3563545,1.301839
2011-10-14,2.29386,1.2673133,2.3563558,1.301839
2011-10-17,2.2938638,1.2673133,2.3563597,1.301839
2011-10-18,2.2938663,1.2673133,2.3563622,1.301839
2011-10-19,2.2938688,1.2673133,2.3563648,1.301839
2011-10-20,2.2938707,1.2673133,2.3563668,1.301839
2011-10-21,2.2938726,1.2673133,2.3563687,1.301839
2011-10-24,2.2938763,1.2673133,2.3563726,1.301839
2011-10-25,2.2936864,1.2672077,2.356033,1.3016507
2011-10-26,2.2868879,1.2634514,2.3439118,1.2949537
2011-10-27,2.2726612,1.2555908,2.3186021,1.28097
2011-10-28,2.2787165,1.2589355,2.3293237,1.2868927
2011-10-31,2.2915743,1.2660381,2.3521349,1.2994943
2011-11-01,2.2915749,1.2660381,2.3521356,1.2994943
2011-11-02,2.2915756,1.2660381,2.3521362,1.2994943
2011-11-03,2.2915762,1.2660381,2.3521369,1.2994943
2011-11-04,2.2915768,1.2660381,2.3521375,1.2994943
2011-11-07,2.2915787,1.2660381,2.3521394,1.2994943
2011-11-08,2.2915793,1.2660381,2.3521401,1.2994943
2011-11-09,2.29158,1.2660381,2.3521407,1.2994943
2011-11-10,2.2915806,1.2660381,2.3521414,1.2994943
2011-11-14,2.2915831,1.2660381,2.3521439,1.2994943
2011-11-15,2.2915837,1.2660381,2.3521446,1.2994943
2011-11-16,2.2915843,1.2660381,2.3521452,1.2994943
2011-11-17,2.291585,1.2660381,2.3521459,1.2994943
2011-11-18,2.2915862,1.2660381,2.3521472,1.2994943
2011-11-21,2.2915881,1.2660381,2.3521491,1.2994943
2011-11-22,2.2915894,1.2660381,2.3521504,1.2994943
2011-11-23,2.2911513,1.2657953,2.3517742,1.2992857
2011-11-25,2.2773586,1.2581739,2.3399228,1.2927368
2011-11-28,2.2776693,1.2583435,2.3401907,1.2928827
2011-11-29,2.2725632,1.2555215,2.3357992,1.2904554
2011-11-30,2.2584264,1.2477106,2.3236358,1.2837348
2011-12-01,2.258427,1.2477106,2.3236365,1.2837348
2011-12-02,2.2584276,1.2477106,2.3236371,1.2837348
2011-12-05,2.2584314,1.2477106,2.3236409,1.2837348
2011-12-06,2.258432,1.2477106,2.3236416,1.2837348
2011-12-07,2.2584326,1.2477106,2.3236422,1.2837348
2011-12-08,2.2584338,1.2477106,2.3236435,1.2837348
2011-12-09,2.2584345,1.2477106,2.3236441,1.2837348
2011-12-12,2.2584363,1.2477106,2.323646,1.2837348
2011-12-13,2.2584369,1.2477106,2.3236467,1.2837348
2011-12-14,2.2584375,1.2477106,2.3236473,1.2837348
2011-12-15,2.2584382,1.2477106,2.3236479,1.2837348
2011-12-16,2.2584382,1.2477106,2.3236479,1.2837348
2011-12-19,2.2584382,1.2477106,2.3236479,1.2837348
2011-12-20,2.2584388,1.2477106,2.3236486,1.2837348
2011-12-21,2.2584394,1.2477106,2.3236492,1.2837348
2011-12-22,2.25844,1.2477106,2.3236499,1.2837348
2011-12-23,2.2583723,1.2476729,2.3232395,1.2835078
2011-12-27,2.2587147,1.2478607,2.3252866,1.2846373
2011-12-28,2.2612036,1.249235,2.3402631,1.2929106
2011-12-29,2.2617704,1.2495478,2.3436903,1.2948036
2011-12-30,2.2622699,1.2498231,2.3467105,1.2964715
2012-01-03,2.2622748,1.2498231,2.3467156,1.2964715
2012-01-04,2.2622761,1.2498231,2.3467169,1.2964715
2012-01-05,2.2622773,1.2498231,2.3467182,1.2964715
2012-01-06,2.2622786,1.2498231,2.3467195,1.2964715
2012-01-09,2.2622823,1.2498231,2.3467234,1.2964715
2012-01-10,2.2622829,1.2498231,2.346724,1.2964715
2012-01-11,2.2622841,1.2498231,2.3467253,1.2964715
2012-01-12,2.2622854,1.2498231,2.3467266,1.2964715
2012-01-13,2.2622872,1.2498231,2.3467285,1.2964715
2012-01-17,2.2622947,1.2498231,2.3467362,1.2964715
2012-01-18,2.2622965,1.2498231,2.3467381,1.2964715
2012-01-19,2.2622984,1.2498231,2.3467401,1.2964715
2012-01-20,2.2623015,1.2498231,2.3467433,1.2964715
2012-01-23,2.2623108,1.2498231,2.3467529,1.2964715
2012-01-24,2.2623133,1.2498231,2.3467555,1.2964715
2012-01-25,2.262061,1.2496824,2.3463007,1.2962188
2012-01-26,2.2672297,1.2525364,2.3555779,1.3013426
2012-01-27,2.2703667,1.2542678,2.3612167,1.304456
2012-01-30,2.2767254,1.2577744,2.3726541,1.3107681
2012-01-31,2.2806665,1.25995,2.3797604,1.3146922
2012-02-01,2.2806703,1.25995,2.3797643,1.3146922
2012-02-02,2.280674,1.25995,2.3797682,1.3146922
2012-02-03,2.280679,1.25995,2.3797735,1.3146922
2012-02-06,2.280694,1.25995,2.3797891,1.3146922
2012-02-07,2.280699,1.25995,2.3797943,1.3146922
2012-02-08,2.280704,1.25995,2.3797995,1.3146922
2012-02-09,2.2807096,1.25995,2.3798054,1.3146922
2012-02-10,2.2807152,1.25995,2.3798113,1.3146922
2012-02-13,2.2807321,1.25995,2.3798289,1.3146922
2012-02-14,2.280739,1.25995,2.3798361,1.3146922
2012-02-15,2.2807465,1.25995,2.3798439,1.3146922
2012-02-16,2.2807534,1.25995,2.3798511,1.3146922
2012-02-17,2.2807596,1.25995,2.3798576,1.3146922
2012-02-21,2.2807821,1.25995,2.379881,1.3146922
2012-02-22,2.2807871,1.25995,2.3798863,1.3146922
2012-02-23,2.2802519,1.2596513,2.3793179,1.314375
2012-02-24,2.2825448,1.2609148,2.3817524,1.3157166
2012-02-27,2.2959575,1.2683138,2.3959937,1.3235729
2012-02-28,2.2917184,1.2659679,2.391492,1.3210818
2012-02-29,2.2826057,1.2609305,2.3818153,1.3157327
2012-03-01,2.2826107,1.2609305,2.3818205,1.3157327
2012-03-02,2.2826157,1.2609305,2.3818257,1.3157327
2012-03-05,2.2826288,1.2609305,2.3818394,1.3157327
2012-03-06,2.2826338,1.2609305,2.3818446,1.3157327
2012-03-07,2.2826388,1.2609305,2.3818498,1.3157327
2012-03-08,2.2826438,1.2609305,2.3818551,1.3157327
2012-03-09,2.2826488,1.2609305,2.3818603,1.3157327
2012-03-12,2.2826657,1.2609305,2.3818779,1.3157327
2012-03-13,2.2826713,1.2609305,2.3818838,1.3157327
2012-03-14,2.2826764,1.2609305,2.381889,1.3157327
2012-03-15,2.282682,1.2609305,2.3818949,1.3157327
2012-03-16,2.282687,1.2609305,2.3819001,1.3157327
2012-03-19,2.2827039,1.2609305,2.3819177,1.3157327
2012-03-20,2.2827101,1.2609305,2.3819242,1.3157327
2012-03-21,2.2827164,1.2609305,2.3819308,1.3157327
2012-03-22,2.282722,1.2609305,2.3819366,1.3157327
2012-03-23,2.282727,1.2609305,2.3819419,1.3157327
2012-03-26,2.2826329,1.2608702,2.3813767,1.3154118
2012-03-27,2.2852924,1.2623361,2.3955127,1.323217
2012-03-28,2.2848885,1.2621099,2.3933275,1.3220066
2012-03-29,2.2862375,1.2628519,2.4005149,1.3259735
2012-03-30,2.2839733,1.2615988,2.3883626,1.3192584
2012-04-02,2.2839864,1.2615988,2.3883763,1.3192584
2012-04-03,2.2839914,1.2615988,2.3883816,1.3192584
2012-04-04,2.2839964,1.2615988,2.3883868,1.3192584
2012-04-05,2.2840014,1.2615988,2.388392,1.3192584
2012-04-06,2.2840064,1.2615988,2.3883973,1.3192584
2012-04-09,2.2840196,1.2615988,2.388411,1.3192584
2012-04-10,2.2840252,1.2615988,2.3884169,1.3192584
2012-04-11,2.2840308,1.2615988,2.3884228,1.3192584
2012-04-12,2.2840365,1.2615988,2.3884287,1.3192584
2012-04-13,2.2840421,1.2615988,2.3884346,1.3192584
2012-04-16,2.284059,1.2615988,2.3884522,1.3192584
2012-04-17,2.284064,1.2615988,2.3884575,1.3192584
2012-04-18,2.284069,1.2615988,2.3884627,1.3192584
2012-04-19,2.2840734,1.2615988,2.3884673,1.3192584
2012-04-20,2.2840778,1.2615988,2.3884719,1.3192584
2012-04-23,2.2840928,1.2615988,2.3884876,1.3192584
2012-04-24,2.2839698,1.2615282,2.3882003,1.3190968
2012-04-25,2.2834937,1.261262,2.3871047,1.3184884
2012-04-26,2.285065,1.2621268,2.390689,1.3204649
2012-04-27,2.2861256,1.2627095,2.393108,1.3217977
2012-04-30,2.2866144,1.2629702,2.3942056,1.3223942
2012-05-01,2.2866206,1.2629702,2.3942122,1.3223942
2012-05-02,2.2866263,1.2629702,2.3942181,1.3223942
2012-05-03,2.2866313,1.2629702,2.3942233,1.3223942
2012-05-04,2.2866369,1.2629702,2.3942292,1.3223942
2012-05-07,2.2866501,1.2629702,2.394243,1.3223942
2012-05-08,2.2866563,1.2629702,2.3942496,1.3223942
2012-05-09,2.286662,1.2629702,2.3942555,1.3223942
2012-05-10,2.2866676,1.2629702,2.3942614,1.3223942
2012-05-11,2.2866739,1.2629702,2.3942679,1.3223942
2012-05-14,2.2866927,1.2629702,2.3942876,1.3223942
2012-05-15,2.2866989,1.2629702,2.3942942,1.3223942
2012-05-16,2.2867046,1.2629702,2.3943001,1.3223942
2012-05-17,2.2867108,1.2629702,2.3943066,1.3223942
2012-05-18,2.2867171,1.2629702,2.3943132,1.3223942
2012-05-21,2.2867321,1.2629702,2.3943289,1.3223942
2012-05-22,2.2867378,1.2629702,2.3943348,1.3223942
2012-05-23,2.2867434,1.2629702,2.3943407,1.3223942
2012-05-24,2.2860803,1.2626008,2.3937007,1.3220375
2012-05-25,2.2915726,1.2656307,2.3990064,1.3249642
2012-05-29,2.2948091,1.2674057,2.4021339,1.3266784
2012-05-30,2.3246788,1.2838994,2.4309781,1.3426055
2012-05-31,2.3351047,1.2896551,2.4410362,1.348158
2012-06-01,2.3351091,1.2896551,2.4410409,1.348158
2012-06-04,2.3351226,1.2896551,2.4410549,1.348158
2012-06-05,2.3351277,1.2896551,2.4410603,1.348158
2012-06-06,2.3351328,1.2896551,2.4410656,1.348158
2012-06-07,2.3351386,1.2896551,2.4410716,1.348158
2012-06-08,2.3351443,1.2896551,2.4410777,1.348158
2012-06-11,2.3351616,1.2896551,2.4410957,1.348158
2012-06-12,2.3351674,1.2896551,2.4411017,1.348158
2012-06-13,2.3351738,1.2896551,2.4411084,1.348158
2012-06-14,2.3351802,1.2896551,2.4411151,1.348158
2012-06-15,2.3351872,1.2896551,2.4411225,1.348158
2012-06-18,2.3352045,1.2896551,2.4411405,1.348158
2012-06-19,2.3352109,1.2896551,2.4411472,1.348158
2012-06-20,2.3352166,1.2896551,2.4411532,1.348158
2012-06-21,2.3352224,1.2896551,2.4411593,1.348158
2012-06-22,2.3352281,1.2896551,2.4411653,1.348158
2012-06-25,2.3351029,1.2895764,2.4405274,1.3477957
2012-06-26,2.3334275,1.2886476,2.4327983,1.3435236
2012-06-27,2.3340294,1.2889765,2.4355373,1.3450326
2012-06-28,2.3369149,1.2905669,2.448769,1.3523365
2012-06-29,2.332818,1.2883011,2.4298545,1.3418875
2012-07-02,2.3328353,1.2883011,2.4298724,1.3418875
2012-07-03,2.3328417,1.2883011,2.4298791,1.3418875
2012-07-05,2.3328532,1.2883011,2.4298911,1.3418875
2012-07-06,2.3328583,1.2883011,2.4298964,1.3418875
2012-07-09,2.3328736,1.2883011,2.4299124,1.3418875
2012-07-10,2.3328794,1.2883011,2.4299184,1.3418875
2012-07-11,2.3328851,1.2883011,2.4299244,1.3418875
2012-07-12,2.3328915,1.2883011,2.429931,1.3418875
2012-07-13,2.3328979,1.2883011,2.4299377,1.3418875
2012-07-16,2.3329171,1.2883011,2.4299576,1.3418875
2012-07-17,2.3329235,1.2883011,2.4299643,1.3418875
2012-07-18,2.3329299,1.2883011,2.429971,1.3418875
2012-07-19,2.3329356,1.2883011,2.4299769,1.3418875
2012-07-20,2.3329414,1.2883011,2.4299829,1.3418875
2012-07-23,2.3329586,1.2883011,2.4300009,1.3418875
2012-07-24,2.332965,1.2883011,2.4300076,1.3418875
2012-07-25,2.3326375,1.2881167,2.429318,1.3415031
2012-07-26,2.3300283,1.2866724,2.4238721,1.3384921
2012-07-27,2.3128807,1.2771994,2.3881586,1.3187666
2012-07-30,2.319656,1.2809292,2.4021403,1.3264755
2012-07-31,2.3220312,1.282237,2.4070565,1.3291863
2012-08-01,2.3220382,1.282237,2.4070637,1.3291863
2012-08-02,2.3220446,1.282237,2.4070703,1.3291863
2012-08-03,2.3220503,1.282237,2.4070763,1.3291863
2012-08-06,2.3220675,1.282237,2.4070941,1.3291863
2012-08-07,2.3220738,1.282237,2.4071007,1.3291863
2012-08-08,2.3220808,1.282237,2.4071079,1.3291863
2012-08-09,2.3220878,1.282237,2.4071152,1.3291863
2012-08-10,2.3220948,1.282237,2.4071224,1.3291863
2012-08-13,2.3221139,1.282237,2.4071422,1.3291863
2012-08-14,2.3221209,1.282237,2.4071495,1.3291863
2012-08-15,2.3221279,1.282237,2.4071567,1.3291863
2012-08-16,2.3221336,1.282237,2.4071627,1.3291863
2012-08-17,2.3221394,1.282237,2.4071686,1.3291863
2012-08-20,2.3221566,1.282237,2.4071864,1.3291863
2012-08-21,2.3221635,1.282237,2.4071937,1.3291863
2012-08-22,2.3221705,1.282237,2.4072009,1.3291863
2012-08-23,2.3221775,1.282237,2.4072082,1.3291863
2012-08-24,2.3221845,1.282237,2.4072154,1.3291863
2012-08-27,2.3215306,1.2818653,2.4066183,1.3288457
2012-08-28,2.3243528,1.2834198,2.4092061,1.3302705
2012-08-29,2.3190972,1.2805143,2.40439,1.3276076
2012-08-30,2.3272996,1.2850392,2.4119105,1.3317558
2012-08-31,2.3430042,1.2937071,2.4263027,1.3396989
2012-09-04,2.3430273,1.2937071,2.4263266,1.3396989
2012-09-05,2.3430338,1.2937071,2.4263333,1.3396989
2012-09-06,2.3430408,1.2937071,2.4263406,1.3396989
2012-09-07,2.3430479,1.2937071,2.4263479,1.3396989
2012-09-10,2.3430691,1.2937071,2.4263698,1.3396989
2012-09-11,2.3430755,1.2937071,2.4263765,1.3396989
2012-09-12,2.3430819,1.2937071,2.4263831,1.3396989
2012-09-13,2.3430883,1.2937071,2.4263898,1.3396989
2012-09-14,2.3430947,1.2937071,2.4263964,1.3396989
2012-09-17,2.3431159,1.2937071,2.4264184,1.3396989
2012-09-18,2.343123,1.2937071,2.4264257,1.3396989
2012-09-19,2.3431294,1.2937071,2.4264323,1.3396989
2012-09-20,2.3431365,1.2937071,2.4264396,1.3396989
2012-09-21,2.3431435,1.2937071,2.426447,1.3396989
2012-09-24,2.3428367,1.293526,2.4258151,1.3393379
2012-09-25,2.3481643,1.2964636,2.4364269,1.3451928
2012-09-26,2.3561608,1.3008747,2.4523916,1.3540032
2012-09-27,2.3535795,1.2994456,2.4472129,1.3511399
2012-09-28,2.3546411,1.3000285,2.4493322,1.3523066
2012-10-01,2.3546604,1.3000285,2.4493523,1.3523066
2012-10-02,2.3546662,1.3000285,2.4493583,1.3523066
2012-10-03,2.3546721,1.3000285,2.4493644,1.3523066
2012-10-04,2.3546779,1.3000285,2.4493704,1.3523066
2012-10-05,2.3546843,1.3000285,2.4493771,1.3523066
2012-10-09,2.3547127,1.3000285,2.4494067,1.3523066
2012-10-10,2.3547191,1.3000285,2.4494134,1.3523066
2012-10-11,2.3547256,1.3000285,2.4494201,1.3523066
2012-10-12,2.354732,1.3000285,2.4494268,1.3523066
2012-10-15,2.3547533,1.3000285,2.4494489,1.3523066
2012-10-16,2.3547604,1.3000285,2.4494563,1.3523066
2012-10-17,2.3547662,1.3000285,2.4494624,1.3523066
2012-10-18,2.3547733,1.3000285,2.4494697,1.3523066
2012-10-19,2.3547798,1.3000285,2.4494765,1.3523066
2012-10-22,2.3547991,1.3000285,2.4494966,1.3523066
2012-10-23,2.3548056,1.3000285,2.4495033,1.3523066
2012-10-24,2.3545258,1.2998701,2.4488189,1.3519247
2012-10-25,2.3477295,1.2961142,2.4324211,1.3428679
2012-10-26,2.3569556,1.3012037,2.4545733,1.3550934
2012-10-29,2.3617545,1.3038402,2.4661283,1.3614592
2012-10-31,2.3639049,1.3050174,2.4713095,1.3643091
2012-11-01,2.3639121,1.3050174,2.471317,1.3643091
2012-11-02,2.3639179,1.3050174,2.471323,1.3643091
2012-11-05,2.3639354,1.3050174,2.4713413,1.3643091
2012-11-06,2.3639425,1.3050174,2.4713488,1.3643091
2012-11-07,2.363949,1.3050174,2.4713555,1.3643091
2012-11-08,2.3639555,1.3050174,2.4713623,1.3643091
2012-11-09,2.3639619,1.3050174,2.4713691,1.3643091
2012-11-13,2.3639853,1.3050174,2.4713935,1.3643091
2012-11-14,2.3639924,1.3050174,2.4714009,1.3643091
2012-11-15,2.3639989,1.3050174,2.4714077,1.3643091
2012-11-16,2.364004,1.3050174,2.4714131,1.3643091
2012-11-19,2.3640157,1.3050174,2.4714253,1.3643091
2012-11-20,2.3640215,1.3050174,2.4714314,1.3643091
2012-11-21,2.3640267,1.3050174,2.4714368,1.3643091
2012-11-23,2.3640397,1.3050174,2.4714503,1.3643091
2012-11-26,2.3633426,1.3046218,2.4707459,1.363909
2012-11-27,2.3692166,1.3078609,2.476688,1.3671855
2012-11-28,2.3722305,1.309521,2.4797367,1.3688647
2012-11-29,2.3752488,1.3111836,2.4827897,1.3705463
2012-11-30,2.3746657,1.3108585,2.4822002,1.3702174
2012-12-03,2.3746813,1.3108585,2.4822165,1.3702174
2012-12-04,2.3746878,1.3108585,2.4822233,1.3702174
2012-12-05,2.3746943,1.3108585,2.4822301,1.3702174
2012-12-06,2.3747008,1.3108585,2.4822369,1.3702174
2012-12-07,2.3747073,1.3108585,2.4822437,1.3702174
2012-12-10,2.3747249,1.3108585,2.4822621,1.3702174
2012-12-11,2.3747308,1.3108585,2.4822682,1.3702174
2012-12-12,2.374736,1.3108585,2.4822736,1.3702174
2012-12-13,2.3747405,1.3108585,2.4822784,1.3702174
2012-12-14,2.3747444,1.3108585,2.4822825,1.3702174
2012-12-17,2.3747522,1.3108585,2.4822907,1.3702174
2012-12-18,2.3747555,1.3108585,2.4822941,1.3702174
2012-12-19,2.3747594,1.3108585,2.4822981,1.3702174
2012-12-20,2.3747626,1.3108585,2.4823015,1.3702174
2012-12-21,2.3747665,1.3108585,2.4823056,1.3702174
2012-12-24,2.3745747,1.3107461,2.4815102,1.3697716
2012-12-26,2.3762959,1.3116919,2.488315,1.3735233
2012-12-27,2.3787925,1.3130668,2.4982212,1.378988
2012-12-28,2.3796561,1.3135406,2.5016484,1.3808768
2012-12-31,2.3755015,1.3112462,2.4850643,1.3717215
2013-01-02,2.375508,1.3112462,2.4850711,1.3717215
2013-01-03,2.3755132,1.3112462,2.4850766,1.3717215
2013-01-04,2.3755184,1.3112462,2.485082,1.3717215
2013-01-07,2.3755321,1.3112462,2.4850963,1.3717215
2013-01-08,2.3755367,1.3112462,2.4851011,1.3717215
2013-01-09,2.3755412,1.3112462,2.4851059,1.3717215
2013-01-10,2.3755451,1.3112462,2.4851099,1.3717215
2013-01-11,2.375549,1.3112462,2.485114,1.3717215
2013-01-14,2.3755627,1.3112462,2.4851283,1.3717215
2013-01-15,2.3755679,1.3112462,2.4851338,1.3717215
2013-01-16,2.3755738,1.3112462,2.4851399,1.3717215
2013-01-17,2.375579,1.3112462,2.4851453,1.3717215
2013-01-18,2.3755835,1.3112462,2.4851501,1.3717215
2013-01-22,2.3756044,1.3112462,2.4851719,1.3717215
2013-01-23,2.3756096,1.3112462,2.4851773,1.3717215
2013-01-24,2.3756148,1.3112462,2.4851828,1.3717215
2013-01-25,2.3752963,1.3110676,2.4847597,1.3714849
2013-01-28,2.3729503,1.3097641,2.4816488,1.3697588
2013-01-29,2.3691615,1.3076703,2.4766318,1.366987
2013-01-30,2.3692424,1.3077125,2.4767376,1.3670428
2013-01-31,2.3702888,1.3082875,2.4781209,1.3678037
2013-02-01,2.3702933,1.3082875,2.4781256,1.3678037
2013-02-04,2.370305,1.3082875,2.4781379,1.3678037
2013-02-05,2.3703095,1.3082875,2.4781426,1.3678037
2013-02-06,2.3703141,1.3082875,2.4781474,1.3678037
2013-02-07,2.3703186,1.3082875,2.4781521,1.3678037
2013-02-08,2.3703232,1.3082875,2.4781569,1.3678037
2013-02-11,2.3703368,1.3082875,2.4781711,1.3678037
2013-02-12,2.3703427,1.3082875,2.4781772,1.3678037
2013-02-13,2.3703485,1.3082875,2.4781833,1.3678037
2013-02-14,2.370355,1.3082875,2.4781901,1.3678037
2013-02-15,2.3703621,1.3082875,2.4781976,1.3678037
2013-02-19,2.3703881,1.3082875,2.4782248,1.3678037
2013-02-20,2.3703959,1.3082875,2.4782329,1.3678037
2013-02-21,2.3704037,1.3082875,2.4782411,1.3678037
2013-02-22,2.3691596,1.3075961,2.4772996,1.3672792
2013-02-25,2.4152591,1.3330256,2.5122858,1.3865743
2013-02-26,2.4155381,1.3331752,2.5124987,1.3866872
2013-02-27,2.4004556,1.3248458,2.5011175,1.3804004
2013-02-28,2.4096561,1.3299197,2.5080758,1.3842367
2013-03-01,2.4096633,1.3299197,2.5080833,1.3842367
2013-03-04,2.4096851,1.3299197,2.508106,1.3842367
2013-03-05,2.4096924,1.3299197,2.5081136,1.3842367
2013-03-06,2.4096976,1.3299197,2.5081191,1.3842367
2013-03-07,2.4097042,1.3299197,2.5081259,1.3842367
2013-03-08,2.4097108,1.3299197,2.5081328,1.3842367
2013-03-11,2.4097307,1.3299197,2.5081534,1.3842367
2013-03-12,2.4097373,1.3299197,2.5081603,1.3842367
2013-03-13,2.4097439,1.3299197,2.5081672,1.3842367
2013-03-14,2.4097498,1.3299197,2.5081733,1.3842367
2013-03-15,2.4097564,1.3299197,2.5081802,1.3842367
2013-03-18,2.4097742,1.3299197,2.5081988,1.3842367
2013-03-19,2.4097789,1.3299197,2.5082036,1.3842367
2013-03-20,2.4097835,1.3299197,2.5082084,1.3842367
2013-03-21,2.4097881,1.3299197,2.5082132,1.3842367
2013-03-22,2.4091919,1.3295881,2.5073209,1.3837415
2013-03-25,2.4096094,1.3298109,2.507938,1.3840742
2013-03-26,2.4121524,1.3312114,2.5117324,1.3861652
2013-03-27,2.4243534,1.3379423,2.5299551,1.3962192
2013-03-28,2.4238845,1.3376802,2.5292504,1.3958268
2013-04-01,2.4239031,1.3376802,2.5292698,1.3958268
2013-04-02,2.4239084,1.3376802,2.5292753,1.3958268
2013-04-03,2.423913,1.3376802,2.5292802,1.3958268
2013-04-04,2.423917,1.3376802,2.5292844,1.3958268
2013-04-05,2.4239216,1.3376802,2.5292892,1.3958268
2013-04-08,2.4239356,1.3376802,2.5293038,1.3958268
2013-04-09,2.4239402,1.3376802,2.5293086,1.3958268
2013-04-10,2.4239442,1.3376802,2.5293128,1.3958268
2013-04-11,2.4239489,1.3376802,2.5293176,1.3958268
2013-04-12,2.4239535,1.3376802,2.5293225,1.3958268
2013-04-15,2.4239655,1.3376802,2.5293349,1.3958268
2013-04-16,2.4239695,1.3376802,2.5293391,1.3958268
2013-04-17,2.4239734,1.3376802,2.5293433,1.3958268
2013-04-18,2.4239774,1.3376802,2.5293474,1.3958268
2013-04-19,2.4239808,1.3376802,2.5293509,1.3958268
2013-04-22,2.4239907,1.3376802,2.5293613,1.3958268
2013-04-23,2.423994,1.3376802,2.5293647,1.3958268
2013-04-24,2.4232816,1.3372852,2.5284232,1.3953053
2013-04-25,2.420568,1.3357855,2.5248397,1.3933255
2013-04-26,2.4321661,1.3421841,2.5401458,1.4017702
2013-04-29,2.4326002,1.3424181,2.5407167,1.4020795
2013-04-30,2.4320266,1.3420997,2.5399578,1.4016588
2013-05-01,2.43203,1.3420997,2.5399613,1.4016588
2013-05-02,2.432034,1.3420997,2.5399655,1.4016588
2013-05-03,2.4320373,1.3420997,2.5399689,1.4016588
2013-05-06,2.4320473,1.3420997,2.5399794,1.4016588
2013-05-07,2.43205,1.3420997,2.5399822,1.4016588
2013-05-08,2.4320526,1.3420997,2.5399849,1.4016588
2013-05-09,2.4320553,1.3420997,2.5399877,1.4016588
2013-05-10,2.432058,1.3420997,2.5399905,1.4016588
2013-05-13,2.432066,1.3420997,2.5399989,1.4016588
2013-05-14,2.4320693,1.3420997,2.5400023,1.4016588
2013-05-15,2.4320726,1.3420997,2.5400058,1.4016588
2013-05-16,2.4320753,1.3420997,2.5400086,1.4016588
2013-05-17,2.4320773,1.3420997,2.5400107,1.4016588
2013-05-20,2.4320853,1.3420997,2.540019,1.4016588
2013-05-21,2.4320886,1.3420997,2.5400225,1.4016588
2013-05-22,2.4320913,1.3420997,2.5400253,1.4016588
2013-05-23,2.4320939,1.3420997,2.5400281,1.4016588
2013-05-24,2.4310463,1.3415198,2.5392399,1.4012219
2013-05-28,2.373696,1.3098664,2.4960389,1.3773763
2013-05-29,2.3821144,1.3145101,2.5024246,1.3808982
2013-05-30,2.3823765,1.3146529,2.5026241,1.3810064
2013-05-31,2.3693511,1.3074637,2.4927562,1.3755596
2013-06-03,2.3693589,1.3074637,2.4927644,1.3755596
2013-06-04,2.3693621,1.3074637,2.4927678,1.3755596
2013-06-05,2.3693647,1.3074637,2.4927706,1.3755596
2013-06-06,2.3693679,1.3074637,2.492774,1.3755596
2013-06-07,2.3693712,1.3074637,2.4927774,1.3755596
2013-06-10,2.369379,1.3074637,2.4927856,1.3755596
2013-06-11,2.3693822,1.3074637,2.492789,1.3755596
2013-06-12,2.3693855,1.3074637,2.4927924,1.3755596
2013-06-13,2.3693887,1.3074637,2.4927958,1.3755596
2013-06-14,2.369392,1.3074637,2.4927993,1.3755596
2013-06-17,2.3694017,1.3074637,2.4928095,1.3755596
2013-06-18,2.369405,1.3074637,2.4928129,1.3755596
2013-06-19,2.3694082,1.3074637,2.4928163,1.3755596
2013-06-20,2.3694114,1.3074637,2.4928198,1.3755596
2013-06-21,2.3694147,1.3074637,2.4928232,1.3755596
2013-06-24,2.368942,1.3071975,2.4922101,1.3752156
2013-06-25,2.3633185,1.3040923,2.4849437,1.3712037
2013-06-26,2.3731047,1.3094902,2.4975795,1.378174
2013-06-27,2.3848972,1.3159952,2.5128205,1.3865817
2013-06-28,2.3787223,1.3125857,2.5048295,1.38217
2013-07-01,2.3787301,1.3125857,2.5048377,1.38217
2013-07-02,2.3787327,1.3125857,2.5048404,1.38217
2013-07-03,2.3787347,1.3125857,2.5048425,1.38217
2013-07-05,2.3787412,1.3125857,2.5048494,1.38217
2013-07-08,2.378749,1.3125857,2.5048576,1.38217
2013-07-09,2.3787523,1.3125857,2.504861,1.38217
2013-07-10,2.3787549,1.3125857,2.5048638,1.38217
2013-07-11,2.3787575,1.3125857,2.5048665,1.38217
2013-07-12,2.3787601,1.3125857,2.5048693,1.38217
2013-07-15,2.3787679,1.3125857,2.5048775,1.38217
2013-07-16,2.3787705,1.3125857,2.5048803,1.38217
2013-07-17,2.3787725,1.3125857,2.5048823,1.38217
2013-07-18,2.3787744,1.3125857,2.5048844,1.38217
2013-07-19,2.3787764,1.3125857,2.5048864,1.38217
2013-07-22,2.3787822,1.3125857,2.5048926,1.38217
2013-07-23,2.3787849,1.3125857,2.5048953,1.38217
2013-07-24,2.3787862,1.3125857,2.5048967,1.38217
2013-07-25,2.3785633,1.3124617,2.5046347,1.3820242
2013-07-26,2.3813377,1.3139919,2.5078942,1.383822
2013-07-29,2.3788593,1.3126211,2.5049811,1.3822112
2013-07-30,2.3771372,1.3116697,2.5029576,1.3810935
2013-07-31,2.3796839,1.3130735,2.5059492,1.3827428
2013-08-01,2.3796865,1.3130735,2.5059519,1.3827428
2013-08-02,2.3796891,1.3130735,2.5059547,1.3827428
2013-08-05,2.379697,1.3130735,2.5059629,1.3827428
2013-08-06,2.3797002,1.3130735,2.5059664,1.3827428
2013-08-07,2.3797028,1.3130735,2.5059691,1.3827428
2013-08-08,2.3797061,1.3130735,2.5059725,1.3827428
2013-08-09,2.3797093,1.3130735,2.505976,1.3827428
2013-08-12,2.3797191,1.3130735,2.5059863,1.3827428
2013-08-13,2.379723,1.3130735,2.5059904,1.3827428
2013-08-14,2.3797269,1.3130735,2.5059945,1.3827428
2013-08-15,2.3797302,1.3130735,2.5059979,1.3827428
2013-08-16,2.3797335,1.3130735,2.5060014,1.3827428
2013-08-19,2.3797432,1.3130735,2.5060117,1.3827428
2013-08-20,2.3797472,1.3130735,2.5060158,1.3827428
2013-08-21,2.3797498,1.3130735,2.5060185,1.3827428
2013-08-22,2.3797524,1.3130735,2.5060213,1.3827428
2013-08-23,2.3797543,1.3130735,2.5060233,1.3827428
2013-08-26,2.3790653,1.3126901,2.5055177,1.3824603
2013-08-27,2.3988224,1.32359,2.5200728,1.3904899
2013-08-28,2.3822445,1.3144411,2.5078918,1.3837669
2013-08-29,2.3908488,1.3191875,2.5142283,1.387262
2013-08-30,2.3820111,1.3143105,2.5077279,1.3836746
2013-09-03,2.3820189,1.3143105,2.5077362,1.3836746
2013-09-04,2.3820202,1.3143105,2.5077376,1.3836746
2013-09-05,2.3820215,1.3143105,2.5077389,1.3836746
2013-09-06,2.3820228,1.3143105,2.5077403,1.3836746
2013-09-09,2.3820268,1.3143105,2.5077444,1.3836746
2013-09-10,2.3820281,1.3143105,2.5077458,1.3836746
2013-09-11,2.3820294,1.3143105,2.5077472,1.3836746
2013-09-12,2.3820307,1.3143105,2.5077486,1.3836746
2013-09-13,2.3820313,1.3143105,2.5077492,1.3836746
2013-09-16,2.3820333,1.3143105,2.5077513,1.3836746
2013-09-17,2.3820346,1.3143105,2.5077527,1.3836746
2013-09-18,2.3820352,1.3143105,2.5077534,1.3836746
2013-09-19,2.3820359,1.3143105,2.5077541,1.3836746
2013-09-20,2.3820366,1.3143105,2.5077547,1.3836746
2013-09-23,2.3820385,1.3143105,2.5077568,1.3836746
2013-09-24,2.381596,1.3140656,2.5072522,1.3833954
2013-09-25,2.3888563,1.3180708,2.5155296,1.3879618
2013-09-26,2.38366,1.315203,2.5096037,1.3846913
2013-09-27,2.3873649,1.3172472,2.513828,1.3870221
2013-09-30,2.3873603,1.3172425,2.5138223,1.3870167
2013-10-01,2.3873616,1.3172425,2.5138237,1.3870167
2013-10-02,2.3873629,1.3172425,2.5138251,1.3870167
2013-10-03,2.3873642,1.3172425,2.5138265,1.3870167
2013-10-04,2.3873661,1.3172425,2.5138285,1.3870167
2013-10-07,2.387372,1.3172425,2.5138347,1.3870167
2013-10-08,2.387374,1.3172425,2.5138368,1.3870167
2013-10-09,2.3873773,1.3172425,2.5138402,1.3870167
2013-10-10,2.3873805,1.3172425,2.5138437,1.3870167
2013-10-11,2.3873838,1.3172425,2.5138471,1.3870167
2013-10-15,2.3874047,1.3172425,2.5138692,1.3870167
2013-10-16,2.3874139,1.3172425,2.5138788,1.3870167
2013-10-17,2.3874204,1.3172425,2.5138857,1.3870167
2013-10-18,2.3874237,1.3172425,2.5138891,1.3870167
2013-10-21,2.3874316,1.3172425,2.5138974,1.3870167
2013-10-22,2.3874342,1.3172425,2.5139002,1.3870167
2013-10-23,2.3874368,1.3172425,2.5139029,1.3870167
2013-10-24,2.3874394,1.3172425,2.5139057,1.3870167
2013-10-25,2.3872302,1.317126,2.5136201,1.386858
2013-10-28,2.3865899,1.3167684,2.5127456,1.386371
2013-10-29,2.3875022,1.3172702,2.5139872,1.3870545
2013-10-30,2.3858826,1.3163752,2.5117803,1.3858354
2013-10-31,2.3840553,1.3153656,2.509291,1.3844604
2013-11-01,2.3840579,1.3153656,2.5092937,1.3844604
2013-11-04,2.3840657,1.3153656,2.509302,1.3844604
2013-11-05,2.384069,1.3153656,2.5093054,1.3844604
2013-11-06,2.3840723,1.3153656,2.5093088,1.3844604
2013-11-07,2.3840755,1.3153656,2.5093123,1.3844604
2013-11-08,2.3840788,1.3153656,2.5093157,1.3844604
2013-11-12,2.3840945,1.3153656,2.5093322,1.3844604
2013-11-13,2.3840997,1.3153656,2.5093377,1.3844604
2013-11-14,2.3841049,1.3153656,2.5093432,1.3844604
2013-11-15,2.3841102,1.3153656,2.5093487,1.3844604
2013-11-18,2.3841258,1.3153656,2.5093652,1.3844604
2013-11-19,2.3841317,1.3153656,2.5093714,1.3844604
2013-11-20,2.3841369,1.3153656,2.5093769,1.3844604
2013-11-21,2.3841422,1.3153656,2.5093824,1.3844604
2013-11-22,2.3832843,1.3148898,2.5087717,1.3841208
2013-11-25,2.3876136,1.3172708,2.5118668,1.3858205
2013-11-26,2.3982885,1.3231573,2.5194846,1.3900202
2013-11-27,2.388167,1.3175707,2.5122753,1.3860401
2013-11-29,2.3844362,1.3155073,2.5096169,1.3845681
2013-12-02,2.384448,1.3155073,2.5096292,1.3845681
2013-12-03,2.3844512,1.3155073,2.5096327,1.3845681
2013-12-04,2.3844552,1.3155073,2.5096368,1.3845681
2013-12-05,2.3844591,1.3155073,2.5096409,1.3845681
2013-12-06,2.384463,1.3155073,2.5096451,1.3845681
2013-12-09,2.3844748,1.3155073,2.5096574,1.3845681
2013-12-10,2.3844793,1.3155073,2.5096622,1.3845681
2013-12-11,2.3844839,1.3155073,2.5096671,1.3845681
2013-12-12,2.3844885,1.3155073,2.5096719,1.3845681
2013-12-13,2.3844931,1.3155073,2.5096767,1.3845681
2013-12-16,2.3845068,1.3155073,2.5096911,1.3845681
2013-12-17,2.3845113,1.3155073,2.5096959,1.3845681
2013-12-18,2.3845159,1.3155073,2.5097007,1.3845681
2013-12-19,2.3845205,1.3155073,2.5097056,1.3845681
2013-12-20,2.3845244,1.3155073,2.5097097,1.3845681
2013-12-23,2.3845381,1.3155073,2.5097241,1.3845681
2013-12-24,2.3840219,1.31522,2.5089953,1.3841634
2013-12-26,2.3823355,1.3142846,2.5066167,1.3828458
2013-12-27,2.378378,1.3120988,2.5010419,1.3797677
2013-12-30,2.3852025,1.3158562,2.5106421,1.385056
2013-12-31,2.3744886,1.3099431,2.4955468,1.3767256
2014-01-02,2.3744977,1.3099431,2.4955563,1.3767256
2014-01-03,2.3745023,1.3099431,2.4955611,1.3767256
2014-01-06,2.3745159,1.3099431,2.4955755,1.3767256
2014-01-07,2.3745192,1.3099431,2.4955789,1.3767256
2014-01-08,2.3745218,1.3099431,2.4955816,1.3767256
2014-01-09,2.374525,1.3099431,2.495585,1.3767256
2014-01-10,2.3745276,1.3099431,2.4955878,1.3767256
2014-01-13,2.3745374,1.3099431,2.495598,1.3767256
2014-01-14,2.3745394,1.3099431,2.4956001,1.3767256
2014-01-15,2.374542,1.3099431,2.4956028,1.3767256
2014-01-16,2.3745446,1.3099431,2.4956056,1.3767256
2014-01-17,2.3745472,1.3099431,2.4956083,1.3767256
2014-01-21,2.3745602,1.3099431,2.495622,1.3767256
2014-01-22,2.3745628,1.3099431,2.4956247,1.3767256
2014-01-23,2.3745654,1.3099431,2.4956274,1.3767256
2014-01-24,2.374568,1.3099431,2.4956302,1.3767256
2014-01-27,2.3742314,1.309753,2.495286,1.3765312
2014-01-28,2.3757304,1.3105782,2.4968197,1.3773754
2014-01-29,2.3869252,1.316752,2.5082729,1.3836917
2014-01-30,2.3828768,1.3145173,2.5041317,1.3814057
2014-01-31,2.3895984,1.3182246,2.511008,1.3851982
2014-02-03,2.3896023,1.3182246,2.5110121,1.3851982
2014-02-04,2.3896056,1.3182246,2.5110155,1.3851982
2014-02-05,2.3896095,1.3182246,2.5110197,1.3851982
2014-02-06,2.3896141,1.3182246,2.5110245,1.3851982
2014-02-07,2.3896187,1.3182246,2.5110293,1.3851982
2014-02-10,2.3896344,1.3182246,2.5110458,1.3851982
2014-02-11,2.389639,1.3182246,2.5110506,1.3851982
2014-02-12,2.3896423,1.3182246,2.5110541,1.3851982
2014-02-13,2.3896455,1.3182246,2.5110575,1.3851982
2014-02-14,2.3896475,1.3182246,2.5110596,1.3851982
2014-02-18,2.3896527,1.3182246,2.5110651,1.3851982
2014-02-19,2.389656,1.3182246,2.5110685,1.3851982
2014-02-20,2.3896599,1.3182246,2.5110726,1.3851982
2014-02-21,2.3896632,1.3182246,2.5110761,1.3851982
2014-02-24,2.3882026,1.3174134,2.5103138,1.384772
2014-02-25,2.4181589,1.3339365,2.5260596,1.393456
2014-02-26,2.4365781,1.3440953,2.5356818,1.398762
2014-02-27,2.4491244,1.3510145,2.5422119,1.4023623
2014-02-28,2.4420593,1.3471156,2.5385464,1.4003388
2014-03-03,2.4420693,1.3471156,2.5385568,1.4003388
2014-03-04,2.4420727,1.3471156,2.5385603,1.4003388
2014-03-05,2.442076,1.3471156,2.5385638,1.4003388
2014-03-06,2.44208,1.3471156,2.538568,1.4003388
2014-03-07,2.4420834,1.3471156,2.5385715,1.4003388
2014-03-10,2.4420954,1.3471156,2.538584,1.4003388
2014-03-11,2.4420988,1.3471156,2.5385874,1.4003388
2014-03-12,2.4421021,1.3471156,2.5385909,1.4003388
2014-03-13,2.4421055,1.3471156,2.5385944,1.4003388
2014-03-14,2.4421088,1.3471156,2.5385979,1.4003388
2014-03-17,2.4421188,1.3471156,2.5386083,1.4003388
2014-03-18,2.4421228,1.3471156,2.5386125,1.4003388
2014-03-19,2.4421262,1.3471156,2.538616,1.4003388
2014-03-20,2.4421302,1.3471156,2.5386201,1.4003388
2014-03-21,2.4421342,1.3471156,2.5386243,1.4003388
2014-03-24,2.4421463,1.3471156,2.5386368,1.4003388
2014-03-25,2.4414343,1.3467207,2.5379109,1.3999361
2014-03-26,2.4531515,1.3531822,2.5498598,1.4065253
2014-03-27,2.4591637,1.3564967,2.5559902,1.409905
2014-03-28,2.4478619,1.350261,2.5444667,1.403547
2014-03-31,2.4478777,1.3502653,2.544483,1.4035513
2014-04-01,2.447881,1.3502653,2.5444864,1.4035513
2014-04-02,2.4478837,1.3502653,2.5444892,1.4035513
2014-04-03,2.447885,1.3502653,2.5444906,1.4035513
2014-04-04,2.4478864,1.3502653,2.544492,1.4035513
2014-04-07,2.4478924,1.3502653,2.5444983,1.4035513
2014-04-08,2.4478944,1.3502653,2.5445004,1.4035513
2014-04-09,2.4478964,1.3502653,2.5445025,1.4035513
2014-04-10,2.4478991,1.3502653,2.5445053,1.4035513
2014-04-11,2.4479018,1.3502653,2.544508,1.4035513
2014-04-14,2.4479098,1.3502653,2.5445164,1.4035513
2014-04-15,2.4479125,1.3502653,2.5445192,1.4035513
2014-04-16,2.4479152,1.3502653,2.544522,1.4035513
2014-04-17,2.4479179,1.3502653,2.5445248,1.4035513
2014-04-21,2.4479259,1.3502653,2.5445331,1.4035513
2014-04-22,2.4479286,1.3502653,2.5445359,1.4035513
2014-04-23,2.4479306,1.3502653,2.544538,1.4035513
2014-04-24,2.4475361,1.3500469,2.5441601,1.403342
2014-04-25,2.4508387,1.3518682,2.5473249,1.4050873
2014-04-28,2.4480699,1.3503377,2.5446724,1.4036208
2014-04-29,2.4466216,1.3495377,2.5432847,1.4028542
2014-04-30,2.4526987,1.352889,2.5491086,1.4060658
2014-05-01,2.4527007,1.352889,2.5491107,1.4060658
2014-05-02,2.4527028,1.352889,2.5491128,1.4060658
2014-05-05,2.4527068,1.352889,2.549117,1.4060658
2014-05-06,2.4527088,1.352889,2.5491191,1.4060658
2014-05-07,2.4527108,1.352889,2.5491212,1.4060658
2014-05-08,2.4527128,1.352889,2.5491232,1.4060658
2014-05-09,2.4527149,1.352889,2.5491253,1.4060658
2014-05-12,2.4527209,1.352889,2.5491316,1.4060658
2014-05-13,2.4527229,1.352889,2.5491337,1.4060658
2014-05-14,2.4527249,1.352889,2.5491358,1.4060658
2014-05-15,2.4527269,1.352889,2.5491379,1.4060658
2014-05-16,2.452729,1.352889,2.54914,1.4060658
2014-05-19,2.452735,1.352889,2.5491463,1.4060658
2014-05-20,2.452737,1.352889,2.5491484,1.4060658
2014-05-21,2.452739,1.352889,2.5491505,1.4060658
2014-05-22,2.4527417,1.352889,2.5491533,1.4060658
2014-05-23,2.4513176,1.3521024,2.5483183,1.4056041
2014-05-27,2.4644985,1.3593668,2.5560616,1.409869
2014-05-28,2.5110139,1.3850223,2.5833085,1.4248963
2014-05-29,2.5055864,1.3820271,2.5801563,1.423156
2014-05-30,2.4870377,1.3717945,2.5693704,1.4172052
2014-06-02,2.4870459,1.3717945,2.5693788,1.4172052
2014-06-03,2.4870486,1.3717945,2.5693816,1.4172052
2014-06-04,2.4870513,1.3717945,2.5693845,1.4172052
2014-06-05,2.4870541,1.3717945,2.5693873,1.4172052
2014-06-06,2.4870568,1.3717945,2.5693901,1.4172052
2014-06-09,2.487065,1.3717945,2.5693985,1.4172052
2014-06-10,2.4870677,1.3717945,2.5694013,1.4172052
2014-06-11,2.4870704,1.3717945,2.5694042,1.4172052
2014-06-12,2.4870731,1.3717945,2.569407,1.4172052
2014-06-13,2.4870759,1.3717945,2.5694098,1.4172052
2014-06-16,2.487084,1.3717945,2.5694182,1.4172052
2014-06-17,2.4870868,1.3717945,2.5694211,1.4172052
2014-06-18,2.4870895,1.3717945,2.5694239,1.4172052
2014-06-19,2.4870915,1.3717945,2.569426,1.4172052
2014-06-20,2.4870929,1.3717945,2.5694274,1.4172052
2014-06-23,2.487097,1.3717945,2.5694316,1.4172052
2014-06-24,2.4861356,1.3712631,2.5685062,1.4166936
2014-06-25,2.4941541,1.3756847,2.5762267,1.4209508
2014-06-26,2.5099618,1.3844025,2.5914435,1.4293426
2014-06-27,2.5063677,1.3824186,2.5879855,1.4274337
2014-06-30,2.5102041,1.3845312,2.5916776,1.4294667
2014-07-01,2.5102069,1.3845312,2.5916805,1.4294667
2014-07-02,2.5102083,1.3845312,2.5916819,1.4294667
2014-07-03,2.5102096,1.3845312,2.5916833,1.4294667
2014-07-07,2.5102124,1.3845312,2.5916862,1.4294667
2014-07-08,2.5102151,1.3845312,2.591689,1.4294667
2014-07-09,2.5102172,1.3845312,2.5916911,1.4294667
2014-07-10,2.5102193,1.3845312,2.5916933,1.4294667
2014-07-11,2.5102206,1.3845312,2.5916947,1.4294667
2014-07-14,2.5102248,1.3845312,2.5916989,1.4294667
2014-07-15,2.5102268,1.3845312,2.5917011,1.4294667
2014-07-16,2.5102282,1.3845312,2.5917025,1.4294667
2014-07-17,2.5102296,1.3845312,2.5917039,1.4294667
2014-07-18,2.5102309,1.3845312,2.5917053,1.4294667
2014-07-21,2.5102351,1.3845312,2.5917096,1.4294667
2014-07-22,2.5102371,1.3845312,2.5917117,1.4294667
2014-07-23,2.5102392,1.3845312,2.5917139,1.4294667
2014-07-24,2.5102413,1.3845312,2.591716,1.4294667
2014-07-25,2.5097649,1.3842674,2.5912462,1.4292064
2014-07-28,2.5063858,1.3824002,2.5879129,1.4273644
2014-07-29,2.5122674,1.3856427,2.5937157,1.4305634
2014-07-30,2.4933521,1.3752092,2.5750562,1.4202709
2014-07-31,2.4911374,1.3739861,2.5728708,1.419064
2014-08-01,2.4911394,1.3739861,2.5728729,1.419064
2014-08-04,2.4911456,1.3739861,2.5728792,1.419064
2014-08-05,2.4911483,1.3739861,2.572882,1.419064
2014-08-06,2.4911504,1.3739861,2.5728842,1.419064
2014-08-07,2.4911524,1.3739861,2.5728863,1.419064
2014-08-08,2.4911545,1.3739861,2.5728884,1.419064
2014-08-11,2.4911606,1.3739861,2.5728947,1.419064
2014-08-12,2.4911633,1.3739861,2.5728976,1.419064
2014-08-13,2.4911654,1.3739861,2.5728997,1.419064
2014-08-14,2.4911681,1.3739861,2.5729025,1.419064
2014-08-15,2.4911708,1.3739861,2.5729053,1.419064
2014-08-18,2.491177,1.3739861,2.5729117,1.419064
2014-08-19,2.491179,1.3739861,2.5729138,1.419064
2014-08-20,2.4911811,1.3739861,2.5729159,1.419064
2014-08-21,2.4911838,1.3739861,2.5729187,1.419064
2014-08-22,2.4911852,1.3739861,2.5729201,1.419064
2014-08-25,2.4895616,1.3730873,2.5720248,1.4185667
2014-08-26,2.4900355,1.3733472,2.5722884,1.4187105
2014-08-27,2.5035528,1.3808013,2.5797697,1.4228356
2014-08-28,2.5237239,1.3919249,2.5909056,1.4289759
2014-08-29,2.5159288,1.3876245,2.5866196,1.4266108
2014-09-02,2.5159371,1.3876245,2.5866281,1.4266108
2014-09-03,2.5159391,1.3876245,2.5866303,1.4266108
2014-09-04,2.5159412,1.3876245,2.5866324,1.4266108
2014-09-05,2.5159433,1.3876245,2.5866345,1.4266108
2014-09-08,2.5159495,1.3876245,2.5866409,1.4266108
2014-09-09,2.5159509,1.3876245,2.5866423,1.4266108
2014-09-10,2.5159522,1.3876245,2.5866437,1.4266108
2014-09-11,2.5159536,1.3876245,2.5866451,1.4266108
2014-09-12,2.515955,1.3876245,2.5866466,1.4266108
2014-09-15,2.5159591,1.3876245,2.5866508,1.4266108
2014-09-16,2.5159605,1.3876245,2.5866522,1.4266108
2014-09-17,2.5159619,1.3876245,2.5866536,1.4266108
2014-09-18,2.5159633,1.3876245,2.5866551,1.4266108
2014-09-19,2.5159646,1.3876245,2.5866565,1.4266108
2014-09-22,2.5159688,1.3876245,2.5866607,1.4266108
2014-09-23,2.5159695,1.3876245,2.5866614,1.4266108
2014-09-24,2.5150249,1.3871031,2.5857314,1.4260975
2014-09-25,2.5342667,1.3977148,2.6046777,1.4365461
2014-09-26,2.5269374,1.3936721,2.5974633,1.4325668
2014-09-29,2.5430671,1.4025669,2.6133422,1.4413232
2014-09-30,2.5347463,1.397977,2.6051531,1.4368059
2014-10-01,2.5347477,1.397977,2.6051545,1.4368059
2014-10-02,2.5347491,1.397977,2.605156,1.4368059
2014-10-03,2.5347498,1.397977,2.6051567,1.4368059
2014-10-06,2.5347519,1.397977,2.6051588,1.4368059
2014-10-07,2.5347533,1.397977,2.6051602,1.4368059
2014-10-08,2.5347546,1.397977,2.6051617,1.4368059
2014-10-09,2.5347553,1.397977,2.6051624,1.4368059
2014-10-10,2.534756,1.397977,2.6051631,1.4368059
2014-10-14,2.5347588,1.397977,2.605166,1.4368059
2014-10-15,2.5347602,1.397977,2.6051674,1.4368059
2014-10-16,2.5347616,1.397977,2.6051688,1.4368059
2014-10-17,2.5347637,1.397977,2.6051709,1.4368059
2014-10-20,2.5347678,1.397977,2.6051752,1.4368059
2014-10-21,2.5347692,1.397977,2.6051767,1.4368059
2014-10-22,2.5347706,1.397977,2.6051781,1.4368059
2014-10-23,2.534772,1.397977,2.6051795,1.4368059
2014-10-24,2.5347727,1.397977,2.6051802,1.4368059
2014-10-27,2.5343217,1.3977271,2.6047393,1.4365616
2014-10-28,2.529021,1.3948029,2.5995566,1.4337024
2014-10-29,2.5219424,1.3908981,2.5926346,1.4298841
2014-10-30,2.5256685,1.392952,2.5962789,1.4318928
2014-10-31,2.5199506,1.3897981,2.5906872,1.4288084
2014-11-03,2.5199527,1.3897981,2.5906893,1.4288084
2014-11-04,2.5199541,1.3897981,2.5906908,1.4288084
2014-11-05,2.5199561,1.3897981,2.5906929,1.4288084
2014-11-06,2.5199582,1.3897981,2.590695,1.4288084
2014-11-07,2.5199603,1.3897981,2.5906971,1.4288084
2014-11-10,2.5199665,1.3897981,2.5907035,1.4288084
2014-11-12,2.5199692,1.3897981,2.5907064,1.4288084
2014-11-13,2.5199706,1.3897981,2.5907078,1.4288084
2014-11-14,2.519972,1.3897981,2.5907092,1.4288084
2014-11-17,2.5199761,1.3897981,2.5907135,1.4288084
2014-11-18,2.5199782,1.3897981,2.5907156,1.4288084
2014-11-19,2.5199796,1.3897981,2.590717,1.4288084
2014-11-20,2.5199803,1.3897981,2.5907177,1.4288084
2014-11-21,2.5183327,1.3888887,2.5898465,1.4283272
2014-11-24,2.5263195,1.3932924,2.5940755,1.4306583
2014-11-25,2.5466553,1.404507,2.6048246,1.4365858
2014-11-26,2.5671788,1.4158251,2.615631,1.4425448
2014-11-28,2.6069763,1.4377724,2.6365046,1.4540552
2014-12-01,2.6069806,1.4377724,2.6365089,1.4540552
2014-12-02,2.6069828,1.4377724,2.6365111,1.4540552
2014-12-03,2.6069849,1.4377724,2.6365133,1.4540552
2014-12-04,2.6069856,1.4377724,2.636514,1.4540552
2014-12-05,2.6069871,1.4377724,2.6365154,1.4540552
2014-12-08,2.6069913,1.4377724,2.6365198,1.4540552
2014-12-09,2.6069935,1.4377724,2.6365219,1.4540552
2014-12-10,2.6069963,1.4377724,2.6365248,1.4540552
2014-12-11,2.6069985,1.4377724,2.636527,1.4540552
2014-12-12,2.6070006,1.4377724,2.6365292,1.4540552
2014-12-15,2.6070049,1.4377724,2.6365335,1.4540552
2014-12-16,2.6070078,1.4377724,2.6365364,1.4540552
2014-12-17,2.6070099,1.4377724,2.6365386,1.4540552
2014-12-18,2.6070121,1.4377724,2.6365407,1.4540552
2014-12-19,2.6070149,1.4377724,2.6365436,1.4540552
2014-12-22,2.6070235,1.4377724,2.6365523,1.4540552
2014-12-23,2.607027,1.4377724,2.6365559,1.4540552
2014-12-24,2.6061093,1.437265,2.6358005,1.4536375
2014-12-26,2.6139799,1.4416049,2.6422827,1.4572115
2014-12-29,2.6258287,1.4481383,2.6520357,1.4625891
2014-12-30,2.6335158,1.4523765,2.6583579,1.4660746
2014-12-31,2.6440397,1.4581792,2.6670086,1.4708442
2015-01-02,2.6440455,1.4581792,2.6670144,1.4708442
2015-01-05,2.6440498,1.4581792,2.6670188,1.4708442
2015-01-06,2.644052,1.4581792,2.667021,1.4708442
2015-01-07,2.6440542,1.4581792,2.6670232,1.4708442
2015-01-08,2.6440564,1.4581792,2.6670254,1.4708442
2015-01-09,2.6440585,1.4581792,2.6670276,1.4708442
2015-01-12,2.6440629,1.4581792,2.6670319,1.4708442
2015-01-13,2.6440651,1.4581792,2.6670341,1.4708442
2015-01-14,2.6440672,1.4581792,2.6670363,1.4708442
2015-01-15,2.6440701,1.4581792,2.6670392,1.4708442
2015-01-16,2.6440723,1.4581792,2.6670414,1.4708442
2015-01-20,2.644081,1.4581792,2.6670502,1.4708442
2015-01-21,2.6440832,1.4581792,2.6670524,1.4708442
2015-01-22,2.6440853,1.4581792,2.6670546,1.4708442
2015-01-23,2.6440875,1.4581792,2.6670568,1.4708442
2015-01-26,2.64365,1.4579355,2.6666966,1.4706431
2015-01-27,2.6437475,1.4579881,2.6667775,1.4706865
2015-01-28,2.6616032,1.4678345,2.6815085,1.4788097
2015-01-29,2.654559,1.4639489,2.6757045,1.475608
2015-01-30,2.6702986,1.4726279,2.6886804,1.4827628
2015-02-02,2.670303,1.4726279,2.6886848,1.4827628
2015-02-03,2.6703045,1.4726279,2.6886863,1.4827628
2015-02-04,2.670306,1.4726279,2.6886878,1.4827628
2015-02-05,2.6703067,1.4726279,2.6886885,1.4827628
2015-02-06,2.6703082,1.4726279,2.68869,1.4827628
2015-02-09,2.6703125,1.4726279,2.6886944,1.4827628
2015-02-10,2.6703133,1.4726279,2.6886952,1.4827628
2015-02-11,2.670314,1.4726279,2.6886959,1.4827628
2015-02-12,2.6703147,1.4726279,2.6886966,1.4827628
2015-02-13,2.6703162,1.4726279,2.6886981,1.4827628
2015-02-17,2.6703191,1.4726279,2.688701,1.4827628
2015-02-18,2.6703206,1.4726279,2.6887025,1.4827628
2015-02-19,2.6703221,1.4726279,2.688704,1.4827628
2015-02-20,2.6703235,1.4726279,2.6887055,1.4827628
2015-02-23,2.6692323,1.4720237,2.6881015,1.4824273
2015-02-24,2.7002699,1.4891394,2.7053399,1.4919331
2015-02-25,2.7138946,1.4966523,2.7128685,1.4960841
2015-02-26,2.6829407,1.4795811,2.695805,1.4866732
2015-02-27,2.6953552,1.4864262,2.7026852,1.4904662
2015-03-02,2.6953596,1.4864262,2.7026897,1.4904662
2015-03-03,2.6953611,1.4864262,2.7026912,1.4904662
2015-03-04,2.6953626,1.4864262,2.7026926,1.4904662
2015-03-05,2.6953633,1.4864262,2.7026934,1.4904662
2015-03-06,2.6953648,1.4864262,2.7026949,1.4904662
2015-03-09,2.695367,1.4864262,2.7026971,1.4904662
2015-03-10,2.6953685,1.4864262,2.7026986,1.4904662
2015-03-11,2.69537,1.4864262,2.7027,1.4904662
2015-03-12,2.6953722,1.4864262,2.7027023,1.4904662
2015-03-13,2.6953744,1.4864262,2.7027045,1.4904662
2015-03-16,2.695381,1.4864262,2.7027111,1.4904662
2015-03-17,2.6953847,1.4864262,2.7027148,1.4904662
2015-03-18,2.6953884,1.4864262,2.7027185,1.4904662
2015-03-19,2.6953906,1.4864262,2.7027208,1.4904662
2015-03-20,2.6953929,1.4864262,2.702723,1.4904662
2015-03-23,2.6953951,1.4864262,2.7027252,1.4904662
2015-03-24,2.6953973,1.4864262,2.7027274,1.4904662
2015-03-25,2.6946883,1.4860344,2.7021457,1.4901446
2015-03-26,2.6722208,1.4736427,2.6837015,1.4799716
2015-03-27,2.6892744,1.483046,2.6977234,1.487703
2015-03-30,2.6869434,1.4817556,2.6958107,1.4866433
2015-03-31,2.6920636,1.4845776,2.7000169,1.4889613
2015-04-01,2.6920658,1.4845776,2.7000191,1.4889613
2015-04-02,2.692068,1.4845776,2.7000213,1.4889613
2015-04-03,2.6920695,1.4845776,2.7000228,1.4889613
2015-04-06,2.6920739,1.4845776,2.7000272,1.4889613
2015-04-07,2.6920761,1.4845776,2.7000295,1.4889613
2015-04-08,2.6920776,1.4845776,2.7000309,1.4889613
2015-04-09,2.6920798,1.4845776,2.7000332,1.4889613
2015-04-10,2.692082,1.4845776,2.7000354,1.4889613
2015-04-13,2.6920865,1.4845776,2.7000398,1.4889613
2015-04-14,2.6920887,1.4845776,2.700042,1.4889613
2015-04-15,2.6920902,1.4845776,2.7000435,1.4889613
2015-04-16,2.6920916,1.4845776,2.700045,1.4889613
2015-04-17,2.6920931,1.4845776,2.7000465,1.4889613
2015-04-20,2.6920953,1.4845776,2.7000487,1.4889613
2015-04-21,2.6920975,1.4845776,2.7000509,1.4889613
2015-04-22,2.6920997,1.4845776,2.7000531,1.4889613
2015-04-23,2.692102,1.4845776,2.7000553,1.4889613
2015-04-24,2.691747,1.4843807,2.6997526,1.4887931
2015-04-27,2.6905722,1.4837291,2.6987503,1.4882367
2015-04-28,2.6821216,1.4790682,2.6915334,1.4842561
2015-04-29,2.6737258,1.4744375,2.6843599,1.4802994
2015-04-30,2.6748693,1.4750677,2.6853375,1.4808381
2015-05-01,2.6748701,1.4750677,2.6853382,1.4808381
2015-05-04,2.6748723,1.4750677,2.6853405,1.4808381
2015-05-05,2.6748737,1.4750677,2.6853419,1.4808381
2015-05-06,2.6748745,1.4750677,2.6853427,1.4808381
2015-05-07,2.6748759,1.4750677,2.6853441,1.4808381
2015-05-08,2.6748766,1.4750677,2.6853449,1.4808381
2015-05-11,2.6748788,1.4750677,2.6853471,1.4808381
2015-05-12,2.6748803,1.4750677,2.6853485,1.4808381
2015-05-13,2.6748825,1.4750677,2.6853508,1.4808381
2015-05-14,2.674884,1.4750677,2.6853522,1.4808381
2015-05-15,2.6748847,1.4750677,2.685353,1.4808381
2015-05-18,2.6748891,1.4750677,2.6853574,1.4808381
2015-05-19,2.6748906,1.4750677,2.6853588,1.4808381
2015-05-20,2.674892,1.4750677,2.6853603,1.4808381
2015-05-21,2.6748935,1.4750677,2.6853618,1.4808381
2015-05-22,2.6736906,1.4744035,2.6847323,1.4804902
2015-05-26,2.7087764,1.4937483,2.7031209,1.4906273
2015-05-27,2.7090935,1.4939224,2.7032868,1.490718
2015-05-28,2.714309,1.496798,2.7060031,1.4922154
2015-05-29,2.7183133,1.4990058,2.7080868,1.4933641
2015-06-01,2.7183155,1.4990058,2.708089,1.4933641
2015-06-02,2.718317,1.4990058,2.7080905,1.4933641
2015-06-03,2.7183178,1.4990058,2.7080912,1.4933641
2015-06-04,2.7183193,1.4990058,2.7080927,1.4933641
2015-06-05,2.7183207,1.4990058,2.7080942,1.4933641
2015-06-08,2.7183275,1.4990058,2.7081009,1.4933641
2015-06-09,2.7183289,1.4990058,2.7081024,1.4933641
2015-06-10,2.7183304,1.4990058,2.7081038,1.4933641
2015-06-11,2.7183319,1.4990058,2.7081053,1.4933641
2015-06-12,2.7183327,1.4990058,2.7081061,1.4933641
2015-06-15,2.7183371,1.4990058,2.7081105,1.4933641
2015-06-16,2.7183386,1.4990058,2.708112,1.4933641
2015-06-17,2.7183394,1.4990058,2.7081127,1.4933641
2015-06-18,2.7183401,1.4990058,2.7081135,1.4933641
2015-06-19,2.7183409,1.4990058,2.7081142,1.4933641
2015-06-22,2.7183431,1.4990058,2.7081165,1.4933641
2015-06-23,2.7183438,1.4990058,2.7081172,1.4933641
2015-06-24,2.7175612,1.4985738,2.7075082,1.4930279
2015-06-25,2.7115326,1.495249,2.7028163,1.4904401
2015-06-26,2.6837917,1.4799511,2.6812147,1.4785277
2015-06-29,2.7340908,1.5076869,2.7204715,1.5001743
2015-06-30,2.7272169,1.5038955,2.7151286,1.4972272
2015-07-01,2.7272176,1.5038955,2.7151293,1.4972272
2015-07-02,2.7272184,1.5038955,2.7151301,1.4972272
2015-07-06,2.7272214,1.5038955,2.715133,1.4972272
2015-07-07,2.7272229,1.5038955,2.7151345,1.4972272
2015-07-08,2.7272243,1.5038955,2.715136,1.4972272
2015-07-09,2.7272258,1.5038955,2.7151375,1.4972272
2015-07-10,2.7272281,1.5038955,2.7151397,1.4972272
2015-07-13,2.7272303,1.5038955,2.715142,1.4972272
2015-07-14,2.7272318,1.5038955,2.7151435,1.4972272
2015-07-15,2.7272326,1.5038955,2.7151442,1.4972272
2015-07-16,2.7272341,1.5038955,2.7151457,1.4972272
2015-07-17,2.7272356,1.5038955,2.7151472,1.4972272
2015-07-20,2.7272423,1.5038955,2.7151539,1.4972272
2015-07-21,2.7272453,1.5038955,2.7151569,1.4972272
2015-07-22,2.7272475,1.5038955,2.7151591,1.4972272
2015-07-23,2.7272505,1.5038955,2.7151621,1.4972272
2015-07-24,2.7272527,1.5038955,2.7151643,1.4972272
2015-07-27,2.7268928,1.503692,2.7149019,1.4970775
2015-07-28,2.7225757,1.5013094,2.7117277,1.4953252
2015-07-29,2.7182735,1.498935,2.7085632,1.4935781
2015-07-30,2.719845,1.4997991,2.7097211,1.4942142
2015-07-31,2.7313706,1.5061517,2.7182051,1.4988896
2015-08-03,2.7313886,1.5061517,2.718223,1.4988896
2015-08-04,2.7313945,1.5061517,2.7182289,1.4988896
2015-08-05,2.7314005,1.5061517,2.7182349,1.4988896
2015-08-06,2.7314065,1.5061517,2.7182409,1.4988896
2015-08-07,2.7314095,1.5061517,2.7182438,1.4988896
2015-08-10,2.731423,1.5061517,2.7182572,1.4988896
2015-08-11,2.731432,1.5061517,2.7182662,1.4988896
2015-08-12,2.7314394,1.5061517,2.7182736,1.4988896
2015-08-13,2.7314469,1.5061517,2.7182811,1.4988896
2015-08-14,2.7314544,1.5061517,2.7182885,1.4988896
2015-08-17,2.7314746,1.5061517,2.7183086,1.4988896
2015-08-18,2.7314821,1.5061517,2.7183161,1.4988896
2015-08-19,2.7314873,1.5061517,2.7183213,1.4988896
2015-08-20,2.7314911,1.5061517,2.718325,1.4988896
2015-08-21,2.7314926,1.5061517,2.7183265,1.4988896
2015-08-24,2.7314993,1.5061517,2.7183332,1.4988896
2015-08-25,2.7304128,1.5055502,2.7177843,1.4985845
2015-08-26,2.7046019,1.4913151,2.7046936,1.4913634
2015-08-27,2.7048846,1.4914686,2.7048398,1.4914416
2015-08-28,2.7008622,1.4892482,2.7027921,1.49031
2015-08-31,2.6920498,1.4843817,2.6983043,1.4878281
2015-09-01,2.6920557,1.4843817,2.6983102,1.4878281
2015-09-02,2.6920579,1.4843817,2.6983124,1.4878281
2015-09-03,2.6920601,1.4843817,2.6983146,1.4878281
2015-09-04,2.6920616,1.4843817,2.6983161,1.4878281
2015-09-08,2.6920675,1.4843817,2.698322,1.4878281
2015-09-09,2.6920719,1.4843817,2.6983264,1.4878281
2015-09-10,2.6920741,1.4843817,2.6983286,1.4878281
2015-09-11,2.6920756,1.4843817,2.6983301,1.4878281
2015-09-14,2.6920844,1.4843817,2.698339,1.4878281
2015-09-15,2.6920896,1.4843817,2.6983442,1.4878281
2015-09-16,2.6920947,1.4843817,2.6983493,1.4878281
2015-09-17,2.6920992,1.4843817,2.6983538,1.4878281
2015-09-18,2.6920999,1.4843817,2.6983545,1.4878281
2015-09-21,2.6920977,1.4843817,2.6983523,1.4878281
2015-09-22,2.6920984,1.4843817,2.698353,1.4878281
2015-09-23,2.6920977,1.4843817,2.6983523,1.4878281
2015-09-24,2.6912461,1.4839117,2.6977141,1.4874758
2015-09-25,2.6778649,1.4765331,2.6876819,1.4819438
2015-09-28,2.7022932,1.4900037,2.7060192,1.4920559
2015-09-29,2.7196864,1.4995937,2.7190463,1.4992384
2015-09-30,2.7155844,1.4973315,2.7159792,1.4975468
2015-10-01,2.7155837,1.4973315,2.7159785,1.4975468
2015-10-02,2.7155822,1.4973315,2.715977,1.4975468
2015-10-05,2.7155822,1.4973315,2.715977,1.4975468
2015-10-06,2.7155829,1.4973315,2.7159777,1.4975468
2015-10-07,2.7155829,1.4973315,2.7159777,1.4975468
2015-10-08,2.7155829,1.4973315,2.7159777,1.4975468
2015-10-09,2.7155822,1.4973315,2.715977,1.4975468
2015-10-13,2.7155852,1.4973315,2.71598,1.4975468
2015-10-14,2.7155859,1.4973315,2.7159807,1.4975468
2015-10-15,2.7155859,1.4973315,2.7159807,1.4975468
2015-10-16,2.7155866,1.4973315,2.7159814,1.4975468
2015-10-19,2.7155889,1.4973315,2.7159837,1.4975468
2015-10-20,2.7155904,1.4973315,2.7159852,1.4975468
2015-10-21,2.7155919,1.4973315,2.7159866,1.4975468
2015-10-22,2.7155926,1.4973315,2.7159874,1.4975468
2015-10-23,2.7155926,1.4973315,2.7159874,1.4975468
2015-10-26,2.7150622,1.4970378,2.7156527,1.4973611
2015-10-27,2.7194594,1.4994615,2.7184353,1.4988945
2015-10-28,2.7089436,1.493662,2.7117867,1.4952274
2015-10-29,2.6900717,1.4832548,2.6998377,1.4886373
2015-10-30,2.695986,1.486513,2.7035943,1.4907058
2015-11-02,2.6960038,1.486513,2.7036121,1.4907058
2015-11-03,2.6960097,1.486513,2.703618,1.4907058
2015-11-04,2.6960141,1.486513,2.7036225,1.4907058
2015-11-05,2.6960178,1.486513,2.7036262,1.4907058
2015-11-06,2.6960215,1.486513,2.7036299,1.4907058
2015-11-09,2.6960392,1.486513,2.7036477,1.4907058
2015-11-10,2.6960495,1.486513,2.703658,1.4907058
2015-11-12,2.6960688,1.486513,2.7036773,1.4907058
2015-11-13,2.6960791,1.486513,2.7036877,1.4907058
2015-11-16,2.6961079,1.486513,2.7037166,1.4907058
2015-11-17,2.696119,1.486513,2.7037277,1.4907058
2015-11-18,2.6961293,1.486513,2.703738,1.4907058
2015-11-19,2.6961382,1.486513,2.7037469,1.4907058
2015-11-20,2.6961463,1.486513,2.7037551,1.4907058
2015-11-23,2.6948054,1.4857603,2.7030202,1.4902871
2015-11-24,2.7006275,1.4889645,2.7062638,1.4920697
2015-11-25,2.7064613,1.4921744,2.7095115,1.4938538
2015-11-27,2.7126606,1.4955768,2.7129662,1.495743
2015-11-30,2.7178592,1.498422,2.7158668,1.4973212
2015-12-01,2.7178756,1.498422,2.7158832,1.4973212
2015-12-02,2.7178912,1.498422,2.7158988,1.4973212
2015-12-03,2.7179069,1.498422,2.7159144,1.4973212
2015-12-04,2.7179225,1.498422,2.7159301,1.4973212
2015-12-07,2.7179717,1.498422,2.7159792,1.4973212
2015-12-08,2.7179933,1.498422,2.7160008,1.4973212
2015-12-09,2.7180134,1.498422,2.7160208,1.4973212
2015-12-10,2.7180327,1.498422,2.7160402,1.4973212
2015-12-11,2.7180506,1.498422,2.7160581,1.4973212
2015-12-14,2.7180997,1.498422,2.7161072,1.4973212
2015-12-15,2.7181191,1.498422,2.7161265,1.4973212
2015-12-16,2.7181377,1.498422,2.7161451,1.4973212
2015-12-17,2.7181578,1.498422,2.7161652,1.4973212
2015-12-18,2.718175,1.498422,2.7161823,1.4973212
2015-12-21,2.7182174,1.498422,2.7162247,1.4973212
2015-12-22,2.7182353,1.498422,2.7162426,1.4973212
2015-12-23,2.7182509,1.498422,2.7162582,1.4973212
2015-12-24,2.717361,1.4979233,2.7155543,1.496925
2015-12-28,2.7219437,1.5004166,2.7192075,1.498906
2015-12-29,2.6932984,1.484617,2.69646,1.4863575
2015-12-30,2.6971188,1.4867136,2.6995044,1.4880262
2015-12-31,2.7108136,1.4942539,2.710405,1.4940263
2016-01-04,2.7108611,1.4942539,2.7104525,1.4940263
2016-01-05,2.7108775,1.4942539,2.7104688,1.4940263
2016-01-06,2.7108923,1.4942539,2.7104837,1.4940263
2016-01-07,2.7109079,1.4942539,2.7104993,1.4940263
2016-01-08,2.7109228,1.4942539,2.7105141,1.4940263
2016-01-11,2.7109673,1.4942539,2.7105587,1.4940263
2016-01-12,2.7109829,1.4942539,2.7105743,1.4940263
2016-01-13,2.7109985,1.4942539,2.7105899,1.4940263
2016-01-14,2.7110149,1.4942539,2.7106062,1.4940263
2016-01-15,2.7110334,1.4942539,2.7106248,1.4940263
2016-01-19,2.7111018,1.4942539,2.7106931,1.4940263
2016-01-20,2.7111211,1.4942539,2.7107124,1.4940263
2016-01-21,2.7111404,1.4942539,2.7107317,1.4940263
2016-01-22,2.7111612,1.4942539,2.7107525,1.4940263
2016-01-25,2.7107609,1.4939964,2.7104547,1.4938254
2016-01-26,2.7146204,1.4961108,2.7134723,1.4954758
2016-01-27,2.7128682,1.4951325,2.7121101,1.4947123
2016-01-28,2.7167321,1.4972489,2.7151309,1.496364
2016-01-29,2.7276656,1.5032606,2.7236666,1.5010543
2016-02-01,2.7277373,1.5032606,2.7237382,1.5010543
2016-02-02,2.7277635,1.5032606,2.7237644,1.5010543
2016-02-03,2.7277889,1.5032606,2.7237897,1.5010543
2016-02-04,2.7278135,1.5032606,2.7238144,1.5010543
2016-02-05,2.7278352,1.5032606,2.723836,1.5010543
2016-02-08,2.7279002,1.5032606,2.7239009,1.5010543
2016-02-09,2.7279241,1.5032606,2.7239248,1.5010543
2016-02-10,2.7279466,1.5032606,2.7239472,1.5010543
2016-02-11,2.7279697,1.5032606,2.7239703,1.5010543
2016-02-12,2.7279906,1.5032606,2.7239912,1.5010543
2016-02-16,2.7280773,1.5032606,2.7240778,1.5010543
2016-02-17,2.7280998,1.5032606,2.7241002,1.5010543
2016-02-18,2.7281222,1.5032606,2.7241226,1.5010543
2016-02-19,2.7281446,1.5032606,2.724145,1.5010543
2016-02-22,2.7282119,1.5032606,2.7242121,1.5010543
2016-02-23,2.7270384,1.5026004,2.723564,1.5006836
2016-02-24,2.7224783,1.5000746,2.7210134,1.4992651
2016-02-25,2.7418593,1.5107399,2.7319169,1.5052593
2016-02-26,2.718031,1.4975974,2.7185765,1.4978957
2016-02-29,2.7270658,1.5025361,2.7236894,1.5006734
2016-03-01,2.7270904,1.5025361,2.723714,1.5006734
2016-03-02,2.7271151,1.5025361,2.7237386,1.5006734
2016-03-03,2.7271413,1.5025361,2.7237648,1.5006734
2016-03-04,2.7271614,1.5025361,2.7237849,1.5006734
2016-03-07,2.7272242,1.5025361,2.7238476,1.5006734
2016-03-08,2.7272481,1.5025361,2.7238715,1.5006734
2016-03-09,2.7272698,1.5025361,2.7238931,1.5006734
2016-03-10,2.7272922,1.5025361,2.7239155,1.5006734
2016-03-11,2.7273153,1.5025361,2.7239386,1.5006734
2016-03-14,2.7273871,1.5025361,2.7240103,1.5006734
2016-03-15,2.7274125,1.5025361,2.7240357,1.5006734
2016-03-16,2.7274379,1.5025361,2.724061,1.5006734
2016-03-17,2.7274611,1.5025361,2.7240842,1.5006734
2016-03-18,2.7274827,1.5025361,2.7241058,1.5006734
2016-03-21,2.7275477,1.5025361,2.7241707,1.5006734
2016-03-22,2.7275709,1.5025361,2.7241939,1.5006734
2016-03-23,2.7275933,1.5025361,2.7242163,1.5006734
2016-03-24,2.7267651,1.5020675,2.7235007,1.5002669
2016-03-28,2.7343175,1.5061801,2.7300646,1.503835
2016-03-29,2.7619219,1.5213738,2.7540089,1.5170126
2016-03-30,2.7551861,1.5176539,2.7481769,1.5137905
2016-03-31,2.7718041,1.5267994,2.7625774,1.5217145
2016-04-01,2.77182,1.5267994,2.7625933,1.5217145
2016-04-04,2.7718724,1.5267994,2.7626455,1.5217145
2016-04-05,2.7718899,1.5267994,2.762663,1.5217145
2016-04-06,2.7719074,1.5267994,2.7626804,1.5217145
2016-04-07,2.7719248,1.5267994,2.7626978,1.5217145
2016-04-08,2.7719423,1.5267994,2.7627152,1.5217145
2016-04-11,2.7719947,1.5267994,2.7627674,1.5217145
2016-04-12,2.7720122,1.5267994,2.7627848,1.5217145
2016-04-13,2.7720289,1.5267994,2.7628015,1.5217145
2016-04-14,2.7720464,1.5267994,2.7628189,1.5217145
2016-04-15,2.7720631,1.5267994,2.7628355,1.5217145
2016-04-18,2.7721132,1.5267994,2.7628855,1.5217145
2016-04-19,2.7721299,1.5267994,2.7629021,1.5217145
2016-04-20,2.7721458,1.5267994,2.762918,1.5217145
2016-04-21,2.7721633,1.5267994,2.7629354,1.5217145
2016-04-22,2.7721808,1.5267994,2.7629529,1.5217145
2016-04-25,2.7718062,1.5265642,2.7626269,1.5215062
2016-04-26,2.7667963,1.5237946,2.7581917,1.5190532
2016-04-27,2.7788551,1.5304258,2.7688765,1.5249277
2016-04-28,2.7841103,1.53331,2.7735318,1.5274815
2016-04-29,2.7855036,1.5340681,2.7747671,1.5281527
2016-05-02,2.785554,1.5340681,2.7748173,1.5281527
2016-05-03,2.7855707,1.5340681,2.774834,1.5281527
2016-05-04,2.7855868,1.5340681,2.77485,1.5281527
2016-05-05,2.7856013,1.5340681,2.7748644,1.5281527
2016-05-06,2.7856165,1.5340681,2.7748796,1.5281527
2016-05-09,2.78566,1.5340681,2.7749229,1.5281527
2016-05-10,2.7856783,1.5340681,2.7749412,1.5281527
2016-05-11,2.7856967,1.5340681,2.7749594,1.5281527
2016-05-12,2.7857165,1.5340681,2.7749792,1.5281527
2016-05-13,2.7857371,1.5340681,2.7749997,1.5281527
2016-05-16,2.7858012,1.5340681,2.7750636,1.5281527
2016-05-17,2.7858226,1.5340681,2.7750849,1.5281527
2016-05-18,2.785844,1.5340681,2.7751062,1.5281527
2016-05-19,2.7858669,1.5340681,2.775129,1.5281527
2016-05-20,2.7858898,1.5340681,2.7751518,1.5281527
2016-05-23,2.785963,1.5340681,2.7752248,1.5281527
2016-05-24,2.7844486,1.5332195,2.7744092,1.5276889
2016-05-25,2.7785975,1.529983,2.7712228,1.5259198
2016-05-26,2.8035312,1.5436984,2.7848765,1.5334241
2016-05-27,2.7914286,1.5370217,2.7782915,1.5297856
2016-05-31,2.7972971,1.5402008,2.7815385,1.5315215
2016-06-01,2.7973232,1.5402008,2.7815644,1.5315215
2016-06-02,2.7973461,1.5402008,2.7815872,1.5315215
2016-06-03,2.7973676,1.5402008,2.7816086,1.5315215
2016-06-06,2.7974343,1.5402008,2.7816749,1.5315215
2016-06-07,2.7974557,1.5402008,2.7816962,1.5315215
2016-06-08,2.7974772,1.5402008,2.7817176,1.5315215
2016-06-09,2.7974956,1.5402008,2.7817359,1.5315215
2016-06-10,2.7975148,1.5402008,2.7817549,1.5315215
2016-06-13,2.7975722,1.5402008,2.7818121,1.5315215
2016-06-14,2.7975929,1.5402008,2.7818326,1.5315215
2016-06-15,2.7976136,1.5402008,2.7818532,1.5315215
2016-06-16,2.7976336,1.5402008,2.781873,1.5315215
2016-06-17,2.7976542,1.5402008,2.7818936,1.5315215
2016-06-20,2.797714,1.5402008,2.7819531,1.5315215
2016-06-21,2.7977355,1.5402008,2.7819744,1.5315215
2016-06-22,2.7977562,1.5402008,2.781995,1.5315215
2016-06-23,2.7977769,1.5402008,2.7820156,1.5315215
2016-06-24,2.7967958,1.5396481,2.7811242,1.5310182
2016-06-27,2.8416988,1.5643344,2.8220167,1.5534969
2016-06-28,2.8418634,1.5644135,2.8221681,1.5535688
2016-06-29,2.8256565,1.5554806,2.807432,1.5454457
2016-06-30,2.8288831,1.5572457,2.8103692,1.5470515
2016-07-01,2.8289032,1.5572457,2.8103892,1.5470515
2016-07-05,2.8289869,1.5572457,2.8104723,1.5470515
2016-07-06,2.8290086,1.5572457,2.8104939,1.5470515
2016-07-07,2.8290296,1.5572457,2.8105147,1.5470515
2016-07-08,2.829052,1.5572457,2.810537,1.5470515
2016-07-11,2.8291148,1.5572457,2.8105994,1.5470515
2016-07-12,2.8291388,1.5572457,2.8106233,1.5470515
2016-07-13,2.8291613,1.5572457,2.8106456,1.5470515
2016-07-14,2.8291854,1.5572457,2.8106695,1.5470515
2016-07-15,2.8292094,1.5572457,2.8106933,1.5470515
2016-07-18,2.8292815,1.5572457,2.8107649,1.5470515
2016-07-19,2.8293063,1.5572457,2.8107896,1.5470515
2016-07-20,2.8293303,1.5572457,2.8108135,1.5470515
2016-07-21,2.8293551,1.5572457,2.8108381,1.5470515
2016-07-22,2.8293791,1.5572457,2.810862,1.5470515
2016-07-25,2.829059,1.5570286,2.8105685,1.5468493
2016-07-26,2.8307211,1.5579297,2.8121177,1.5476884
2016-07-27,2.838721,1.5623193,2.8195683,1.5517758
2016-07-28,2.8388018,1.5623505,2.819645,1.5518048
2016-07-29,2.8480416,1.567425,2.8282482,1.556529
2016-08-01,2.8481048,1.567425,2.828311,1.556529
2016-08-02,2.8481274,1.567425,2.8283335,1.556529
2016-08-03,2.84815,1.567425,2.828356,1.556529
2016-08-04,2.8481719,1.567425,2.8283776,1.556529
2016-08-05,2.8481922,1.567425,2.8283978,1.556529
2016-08-08,2.8482554,1.567425,2.8284606,1.556529
2016-08-09,2.8482796,1.567425,2.8284846,1.556529
2016-08-10,2.8483022,1.567425,2.8285071,1.556529
2016-08-11,2.8483241,1.567425,2.8285288,1.556529
2016-08-12,2.8483459,1.567425,2.8285505,1.556529
2016-08-15,2.8484115,1.567425,2.8286156,1.556529
2016-08-16,2.8484357,1.567425,2.8286396,1.556529
2016-08-17,2.8484567,1.567425,2.8286605,1.556529
2016-08-18,2.8484801,1.567425,2.8286837,1.556529
2016-08-19,2.8485028,1.567425,2.8287062,1.556529
2016-08-22,2.8485707,1.567425,2.8287736,1.556529
2016-08-23,2.8485933,1.567425,2.8287961,1.556529
2016-08-24,2.8486167,1.567425,2.8288194,1.556529
2016-08-25,2.8472496,1.5666594,2.8281203,1.5561312
2016-08-26,2.8252815,1.5545576,2.8167127,1.5498402
2016-08-29,2.8535813,1.5700869,2.831515,1.5579428
2016-08-30,2.8538116,1.5701994,2.8316468,1.5580013
2016-08-31,2.8470741,1.5664782,2.8281603,1.5560689
2016-09-01,2.8470998,1.5664782,2.8281858,1.5560689
2016-09-02,2.8471256,1.5664782,2.8282114,1.5560689
2016-09-06,2.8472254,1.5664782,2.8283106,1.5560689
2016-09-07,2.8472504,1.5664782,2.8283354,1.5560689
2016-09-08,2.8472769,1.5664782,2.8283617,1.5560689
2016-09-09,2.8473034,1.5664782,2.8283881,1.5560689
2016-09-12,2.847383,1.5664782,2.8284671,1.5560689
2016-09-13,2.8474119,1.5664782,2.8284958,1.5560689
2016-09-14,2.8474399,1.5664782,2.8285237,1.5560689
2016-09-15,2.8474657,1.5664782,2.8285492,1.5560689
2016-09-16,2.8474883,1.5664782,2.8285717,1.5560689
2016-09-19,2.8475562,1.5664782,2.8286391,1.5560689
2016-09-20,2.8475796,1.5664782,2.8286624,1.5560689
2016-09-21,2.847603,1.5664782,2.8286856,1.5560689
2016-09-22,2.8476202,1.5664782,2.8287027,1.5560689
2016-09-23,2.8476342,1.5664782,2.8287166,1.5560689
2016-09-26,2.8467458,1.5659663,2.8278817,1.5555866
2016-09-27,2.8580899,1.5721958,2.8385716,1.5614563
2016-09-28,2.8545154,1.5702184,2.8352053,1.5595934
2016-09-29,2.858416,1.5723524,2.8388811,1.5616039
2016-09-30,2.8427126,1.5637031,2.824089,1.5534559
2016-10-03,2.8427781,1.5637031,2.824154,1.5534559
2016-10-04,2.842803,1.5637031,2.8241787,1.5534559
2016-10-05,2.8428287,1.5637031,2.8242043,1.5534559
2016-10-06,2.8428536,1.5637031,2.824229,1.5534559
2016-10-07,2.8428785,1.5637031,2.8242538,1.5534559
2016-10-11,2.8429782,1.5637031,2.8243528,1.5534559
2016-10-12,2.8430055,1.5637031,2.8243799,1.5534559
2016-10-13,2.8430335,1.5637031,2.8244078,1.5534559
2016-10-14,2.8430561,1.5637031,2.8244302,1.5534559
2016-10-17,2.8431286,1.5637031,2.8245022,1.5534559
2016-10-18,2.843155,1.5637031,2.8245285,1.5534559
2016-10-19,2.8431815,1.5637031,2.8245548,1.5534559
2016-10-20,2.843208,1.5637031,2.8245811,1.5534559
2016-10-21,2.8432345,1.5637031,2.8246074,1.5534559
2016-10-24,2.8433116,1.5637031,2.824684,1.5534559
2016-10-25,2.8422872,1.5631256,2.8237209,1.5529122
2016-10-26,2.8341052,1.5586113,2.8160197,1.5486625
2016-10-27,2.8092986,1.5449549,2.7926642,1.5358042
2016-10-28,2.8053837,1.5427896,2.7889775,1.5337645
2016-10-31,2.813251,1.5470794,2.7963925,1.5378057
2016-11-01,2.8132772,1.5470794,2.7964185,1.5378057
2016-11-02,2.8133042,1.5470794,2.7964453,1.5378057
2016-11-03,2.8133319,1.5470794,2.7964729,1.5378057
2016-11-04,2.8133604,1.5470794,2.7965013,1.5378057
2016-11-07,2.813446,1.5470794,2.7965863,1.5378057
2016-11-08,2.8134776,1.5470794,2.7966177,1.5378057
2016-11-09,2.8135107,1.5470794,2.7966507,1.5378057
2016-11-10,2.8135446,1.5470794,2.7966844,1.5378057
2016-11-14,2.8136896,1.5470794,2.7968284,1.5378057
2016-11-15,2.8137312,1.5470794,2.7968698,1.5378057
2016-11-16,2.8137697,1.5470794,2.7969081,1.5378057
2016-11-17,2.8138052,1.5470794,2.7969434,1.5378057
2016-11-18,2.8138383,1.5470794,2.7969763,1.5378057
2016-11-21,2.8139378,1.5470794,2.7970752,1.5378057
2016-11-22,2.8139733,1.5470794,2.7971104,1.5378057
2016-11-23,2.8125745,1.54629,2.7962946,1.537337
2016-11-25,2.8133069,1.5466503,2.7967605,1.537551
2016-11-28,2.8374078,1.559839,2.8111186,1.5453838
2016-11-29,2.8493858,1.5664033,2.8182231,1.5492691
2016-11-30,2.8076175,1.5434213,2.7935576,1.5356894
2016-12-01,2.8076544,1.5434213,2.7935944,1.5356894
2016-12-02,2.8076905,1.5434213,2.7936303,1.5356894
2016-12-05,2.8078013,1.5434213,2.7937406,1.5356894
2016-12-06,2.807839,1.5434213,2.7937781,1.5356894
2016-12-07,2.8078767,1.5434213,2.7938156,1.5356894
2016-12-08,2.8079159,1.5434213,2.7938546,1.5356894
2016-12-09,2.8079544,1.5434213,2.7938929,1.5356894
2016-12-12,2.8080767,1.5434213,2.7940146,1.5356894
2016-12-13,2.808116,1.5434213,2.7940536,1.5356894
2016-12-14,2.8081575,1.5434213,2.794095,1.5356894
2016-12-15,2.808199,1.5434213,2.7941363,1.5356894
2016-12-16,2.8082375,1.5434213,2.7941746,1.5356894
2016-12-19,2.8083529,1.5434213,2.7942894,1.5356894
2016-12-20,2.8083929,1.5434213,2.7943292,1.5356894
2016-12-21,2.8084329,1.5434213,2.794369,1.5356894
2016-12-22,2.8084722,1.5434213,2.7944081,1.5356894
2016-12-23,2.8077645,1.5430112,2.7936441,1.5352485
2016-12-27,2.8027192,1.5401523,2.788207,1.5321747
2016-12-28,2.8208514,1.5500948,2.8076959,1.5428629
2016-12-29,2.8270887,1.5535002,2.8144012,1.5465255
2016-12-30,2.8386373,1.5598267,2.8268217,1.5533311
2017-01-03,2.8387929,1.5598267,2.8269766,1.5533311
2017-01-04,2.8388341,1.5598267,2.8270176,1.5533311
2017-01-05,2.8388745,1.5598267,2.8270579,1.5533311
2017-01-06,2.8389142,1.5598267,2.8270974,1.5533311
2017-01-09,2.8390355,1.5598267,2.8272182,1.5533311
2017-01-10,2.8390744,1.5598267,2.827257,1.5533311
2017-01-11,2.8391141,1.5598267,2.8272965,1.5533311
2017-01-12,2.8391538,1.5598267,2.827336,1.5533311
2017-01-13,2.8391934,1.5598267,2.8273755,1.5533311
2017-01-17,2.8393552,1.5598267,2.8275366,1.5533311
2017-01-18,2.8393972,1.5598267,2.8275784,1.5533311
2017-01-19,2.8394377,1.5598267,2.8276187,1.5533311
2017-01-20,2.8394774,1.5598267,2.8276582,1.5533311
2017-01-23,2.8395917,1.5598267,2.8277721,1.5533311
2017-01-24,2.8396314,1.5598267,2.8278116,1.5533311
2017-01-25,2.839119,1.5595238,2.8271379,1.5529398
2017-01-26,2.8437091,1.5620243,2.8330582,1.5561709
2017-01-27,2.8483098,1.56453,2.8389948,1.5594105
2017-01-30,2.8488358,1.5647533,2.8396396,1.5596994
2017-01-31,2.8573405,1.5694027,2.850629,1.5657136
2017-02-01,2.8573812,1.5694027,2.8506696,1.5657136
2017-02-02,2.8574204,1.5694027,2.8507087,1.5657136
2017-02-03,2.8574603,1.5694027,2.8507485,1.5657136
2017-02-06,2.8575777,1.5694027,2.8508657,1.5657136
2017-02-07,2.8576192,1.5694027,2.8509071,1.5657136
2017-02-08,2.8576607,1.5694027,2.8509485,1.5657136
2017-02-09,2.8577022,1.5694027,2.8509898,1.5657136
2017-02-10,2.8577437,1.5694027,2.8510312,1.5657136
2017-02-13,2.8578705,1.5694027,2.8511578,1.5657136
2017-02-14,2.8579112,1.5694027,2.8511984,1.5657136
2017-02-15,2.8579535,1.5694027,2.8512406,1.5657136
2017-02-16,2.857995,1.5694027,2.851282,1.5657136
2017-02-17,2.8580357,1.5694027,2.8513226,1.5657136
2017-02-21,2.8581986,1.5694027,2.8514851,1.5657136
2017-02-22,2.8569926,1.5687178,2.8507155,1.5652683
2017-02-23,2.877311,1.5798518,2.8639413,1.572508
2017-02-24,2.9129879,1.599419,2.8870967,1.5852
2017-02-27,2.8884702,1.5858901,2.8713035,1.5764621
2017-02-28,2.8875378,1.5853565,2.8707132,1.5761164
2017-03-01,2.8875797,1.5853565,2.8707549,1.5761164
2017-03-02,2.8876288,1.5853565,2.8708037,1.5761164
2017-03-03,2.887681,1.5853565,2.8708556,1.5761164
2017-03-06,2.8878471,1.5853565,2.8710207,1.5761164
2017-03-07,2.8879049,1.5853565,2.8710782,1.5761164
2017-03-08,2.8879642,1.5853565,2.8711372,1.5761164
2017-03-09,2.8880212,1.5853565,2.8711938,1.5761164
2017-03-10,2.8880782,1.5853565,2.8712504,1.5761164
2017-03-13,2.8882515,1.5853565,2.8714227,1.5761164
2017-03-14,2.8883132,1.5853565,2.8714841,1.5761164
2017-03-15,2.8883741,1.5853565,2.8715446,1.5761164
2017-03-16,2.8884311,1.5853565,2.8716013,1.5761164
2017-03-17,2.8884881,1.5853565,2.8716579,1.5761164
2017-03-20,2.888659,1.5853565,2.8718279,1.5761164
2017-03-21,2.8887184,1.5853565,2.8718869,1.5761164
2017-03-22,2.8887785,1.5853565,2.8719467,1.5761164
2017-03-23,2.8888387,1.5853565,2.8720065,1.5761164
2017-03-24,2.888898,1.5853565,2.8720655,1.5761164
2017-03-27,2.8884196,1.5849936,2.8714196,1.5756622
2017-03-28,2.878057,1.5792738,2.8584343,1.5685034
2017-03-29,2.8861501,1.5836814,2.8685384,1.5740147
2017-03-30,2.8784329,1.5794134,2.8588661,1.5686741
2017-03-31,2.8832323,1.5820135,2.8648518,1.5719254
2017-04-03,2.8834101,1.5820135,2.8650284,1.5719254
2017-04-04,2.8834717,1.5820135,2.8650896,1.5719254
2017-04-05,2.8835333,1.5820135,2.8651509,1.5719254
2017-04-06,2.8835957,1.5820135,2.8652129,1.5719254
2017-04-07,2.8836573,1.5820135,2.8652741,1.5719254
2017-04-10,2.8838493,1.5820135,2.8654649,1.5719254
2017-04-11,2.8839133,1.5820135,2.8655285,1.5719254
2017-04-12,2.8839773,1.5820135,2.865592,1.5719254
2017-04-13,2.8840405,1.5820135,2.8656549,1.5719254
2017-04-17,2.8842934,1.5820135,2.8659061,1.5719254
2017-04-18,2.8843582,1.5820135,2.8659705,1.5719254
2017-04-19,2.8844222,1.5820135,2.8660341,1.5719254
2017-04-20,2.8844854,1.5820135,2.8660969,1.5719254
2017-04-21,2.884547,1.5820135,2.8661581,1.5719254
2017-04-24,2.8839727,1.5815971,2.8654018,1.5714099
2017-04-25,2.8629969,1.5700591,2.8394184,1.5571259
2017-04-26,2.8722251,1.575085,2.8508068,1.5633367
2017-04-27,2.8784689,1.5784736,2.8585129,1.5675275
2017-04-28,2.8809415,1.579795,2.8615571,1.5691625
2017-05-01,2.8811286,1.579795,2.8617429,1.5691625
2017-05-02,2.8811933,1.579795,2.8618072,1.5691625
2017-05-03,2.8812573,1.579795,2.8618707,1.5691625
2017-05-04,2.8813236,1.579795,2.8619365,1.5691625
2017-05-05,2.8813899,1.579795,2.8620024,1.5691625
2017-05-08,2.8815983,1.579795,2.8622094,1.5691625
2017-05-09,2.8816694,1.579795,2.86228,1.5691625
2017-05-10,2.8817404,1.579795,2.8623506,1.5691625
2017-05-11,2.8818107,1.579795,2.8624204,1.5691625
2017-05-12,2.8818794,1.579795,2.8624886,1.5691625
2017-05-15,2.8820831,1.579795,2.8626909,1.5691625
2017-05-16,2.8821533,1.579795,2.8627607,1.5691625
2017-05-17,2.8822236,1.579795,2.8628305,1.5691625
2017-05-18,2.8822939,1.579795,2.8629003,1.5691625
2017-05-19,2.8823658,1.579795,2.8629717,1.5691625
2017-05-22,2.882579,1.579795,2.8631835,1.5691625
2017-05-23,2.8826516,1.579795,2.8632557,1.5691625
2017-05-24,2.8813632,1.5790495,2.8623983,1.5686535
2017-05-25,2.887098,1.5821525,2.8663369,1.5707724
2017-05-26,2.8873917,1.5822735,2.8665599,1.570855
2017-05-30,2.9104001,1.5947225,2.882352,1.5793506
2017-05-31,2.9093161,1.5940883,2.8816367,1.5789188
2017-06-01,2.9093926,1.5940883,2.8817125,1.5789188
2017-06-02,2.9094691,1.5940883,2.8817883,1.5789188
2017-06-05,2.9096987,1.5940883,2.8820157,1.5789188
2017-06-06,2.9097744,1.5940883,2.8820907,1.5789188
2017-06-07,2.909851,1.5940883,2.8821665,1.5789188
2017-06-08,2.9099291,1.5940883,2.8822439,1.5789188
2017-06-09,2.910008,1.5940883,2.8823221,1.5789188
2017-06-12,2.9102448,1.5940883,2.8825566,1.5789188
2017-06-13,2.9103222,1.5940883,2.8826332,1.5789188
2017-06-14,2.9104011,1.5940883,2.8827114,1.5789188
2017-06-15,2.91048,1.5940883,2.8827896,1.5789188
2017-06-16,2.9105598,1.5940883,2.8828685,1.5789188
2017-06-19,2.9108014,1.5940883,2.8831079,1.5789188
2017-06-20,2.9108819,1.5940883,2.8831876,1.5789188
2017-06-21,2.9109617,1.5940883,2.8832666,1.5789188
2017-06-22,2.911039,1.5940883,2.8833433,1.5789188
2017-06-23,2.911114,1.5940883,2.8834175,1.5789188
2017-06-26,2.9105306,1.5936444,2.8825936,1.5783444
2017-06-27,2.8881115,1.5813261,2.8535621,1.562406
2017-06-28,2.885105,1.5796371,2.8496577,1.5602258
2017-06-29,2.869341,1.5709628,2.8292924,1.5490328
2017-06-30,2.8560689,1.5636524,2.8121711,1.5396156
2017-07-03,2.8563059,1.5636524,2.8124045,1.5396156
2017-07-05,2.8564687,1.5636524,2.8125648,1.5396156
2017-07-06,2.8565493,1.5636524,2.8126441,1.5396156
2017-07-07,2.8566291,1.5636524,2.8127227,1.5396156
2017-07-10,2.856871,1.5636524,2.8129609,1.5396156
2017-07-11,2.8569516,1.5636524,2.8130402,1.5396156
2017-07-12,2.8570322,1.5636524,2.8131196,1.5396156
2017-07-13,2.8571128,1.5636524,2.813199,1.5396156
2017-07-14,2.8571935,1.5636524,2.8132784,1.5396156
2017-07-17,2.857433,1.5636524,2.8135142,1.5396156
2017-07-18,2.8575152,1.5636524,2.8135952,1.5396156
2017-07-19,2.8575974,1.5636524,2.8136761,1.5396156
2017-07-20,2.8576827,1.5636524,2.8137601,1.5396156
2017-07-21,2.8577712,1.5636524,2.8138473,1.5396156
2017-07-24,2.858039,1.5636524,2.8141109,1.5396156
2017-07-25,2.8577206,1.563429,2.8136551,1.5393178
2017-07-26,2.8644155,1.567042,2.8225473,1.5441336
2017-07-27,2.8596482,1.5643863,2.8161572,1.5405909
2017-07-28,2.8630684,1.5662106,2.8206874,1.5430231
2017-07-31,2.8630947,1.5660885,2.8206355,1.5428603
2017-08-01,2.863177,1.5660885,2.8207166,1.5428603
2017-08-02,2.8632602,1.5660885,2.8207986,1.5428603
2017-08-03,2.8633433,1.5660885,2.8208805,1.5428603
2017-08-04,2.8634265,1.5660885,2.8209624,1.5428603
2017-08-07,2.863676,1.5660885,2.8212082,1.5428603
2017-08-08,2.8637552,1.5660885,2.8212862,1.5428603
2017-08-09,2.8638368,1.5660885,2.8213666,1.5428603
2017-08-10,2.8639184,1.5660885,2.821447,1.5428603
2017-08-11,2.8639992,1.5660885,2.8215266,1.5428603
2017-08-14,2.864237,1.5660885,2.8217609,1.5428603
2017-08-15,2.8643162,1.5660885,2.8218389,1.5428603
2017-08-16,2.8643963,1.5660885,2.8219178,1.5428603
2017-08-17,2.8644748,1.5660885,2.8219951,1.5428603
2017-08-18,2.8645517,1.5660885,2.8220709,1.5428603
2017-08-21,2.8647871,1.5660885,2.8223028,1.5428603
2017-08-22,2.8648648,1.5660885,2.8223794,1.5428603
2017-08-23,2.8649425,1.5660885,2.8224559,1.5428603
2017-08-24,2.8650194,1.5660885,2.8225317,1.5428603
2017-08-25,2.8635041,1.5652173,2.8215081,1.5422585
2017-08-28,2.8707848,1.5690671,2.826608,1.5449181
2017-08-29,2.8902904,1.5796864,2.8400959,1.552249
2017-08-30,2.8777156,1.5727699,2.831456,1.5474839
2017-08-31,2.8956704,1.5825393,2.8438656,1.5542234
2017-09-01,2.8957489,1.5825393,2.8439428,1.5542234
2017-09-05,2.8960663,1.5825393,2.8442544,1.5542234
2017-09-06,2.8961464,1.5825393,2.8443331,1.5542234
2017-09-07,2.8962297,1.5825393,2.844415,1.5542234
2017-09-08,2.8963115,1.5825393,2.8444952,1.5542234
2017-09-11,2.8965543,1.5825393,2.8447337,1.5542234
2017-09-12,2.8966368,1.5825393,2.8448148,1.5542234
2017-09-13,2.8967178,1.5825393,2.8448943,1.5542234
2017-09-14,2.8967987,1.5825393,2.8449738,1.5542234
2017-09-15,2.8968805,1.5825393,2.845054,1.5542234
2017-09-18,2.8971257,1.5825393,2.8452949,1.5542234
2017-09-19,2.8972082,1.5825393,2.845376,1.5542234
2017-09-20,2.89729,1.5825393,2.8454563,1.5542234
2017-09-21,2.897371,1.5825393,2.8455358,1.5542234
2017-09-22,2.8974519,1.5825393,2.8456153,1.5542234
2017-09-25,2.8968109,1.5820579,2.8448082,1.5536535
2017-09-26,2.8899779,1.578281,2.8367047,1.5491837
2017-09-27,2.8656853,1.5649689,2.807952,1.5334367
2017-09-28,2.8659012,1.5650418,2.8081904,1.5335228
2017-09-29,2.85831,1.5608517,2.7992098,1.5285749
2017-10-02,2.8585543,1.5608517,2.7994491,1.5285749
2017-10-03,2.8586326,1.5608517,2.7995258,1.5285749
2017-10-04,2.8587149,1.5608517,2.7996063,1.5285749
2017-10-05,2.8587979,1.5608517,2.7996876,1.5285749
2017-10-06,2.8588801,1.5608517,2.7997682,1.5285749
2017-10-10,2.8592091,1.5608517,2.8000903,1.5285749
2017-10-11,2.8592921,1.5608517,2.8001717,1.5285749
2017-10-12,2.8593767,1.5608517,2.8002545,1.5285749
2017-10-13,2.8594606,1.5608517,2.8003366,1.5285749
2017-10-16,2.859712,1.5608517,2.8005829,1.5285749
2017-10-17,2.8597974,1.5608517,2.8006665,1.5285749
2017-10-18,2.8598813,1.5608517,2.8007486,1.5285749
2017-10-19,2.8599651,1.5608517,2.8008307,1.5285749
2017-10-20,2.8600497,1.5608517,2.8009136,1.5285749
2017-10-23,2.860306,1.5608517,2.8011645,1.5285749
2017-10-24,2.8603906,1.5608517,2.8012474,1.5285749
2017-10-25,2.8596544,1.5604029,2.8002814,1.5280017
2017-10-26,2.8533065,1.5568921,2.7921484,1.5235178
2017-10-27,2.8666655,1.5641349,2.809173,1.5327616
2017-10-30,2.8838568,1.5733761,2.8310691,1.5445727
2017-10-31,2.8799182,1.5711798,2.8260002,1.5417606
2017-11-01,2.8800073,1.5711798,2.8260877,1.5417606
2017-11-02,2.8800989,1.5711798,2.8261775,1.5417606
2017-11-03,2.8801896,1.5711798,2.8262666,1.5417606
2017-11-06,2.8804642,1.5711798,2.826536,1.5417606
2017-11-07,2.8805565,1.5711798,2.8266266,1.5417606
2017-11-08,2.8806512,1.5711798,2.8267195,1.5417606
2017-11-09,2.8807467,1.5711798,2.8268133,1.5417606
2017-11-10,2.880843,1.5711798,2.8269077,1.5417606
2017-11-13,2.8811295,1.5711798,2.8271889,1.5417606
2017-11-14,2.8812258,1.5711798,2.8272834,1.5417606
2017-11-15,2.8813237,1.5711798,2.8273794,1.5417606
2017-11-16,2.8814208,1.5711798,2.8274747,1.5417606
2017-11-17,2.8815195,1.5711798,2.8275715,1.5417606
2017-11-20,2.8818179,1.5711798,2.8278644,1.5417606
2017-11-21,2.881919,1.5711798,2.8279635,1.5417606
2017-11-22,2.88202,1.5711798,2.8280627,1.5417606
2017-11-24,2.880485,1.5702336,2.8271775,1.5411707
2017-11-27,2.8953505,1.5781746,2.836554,1.5461225
2017-11-28,2.8817314,1.5706972,2.8281125,1.5414684
2017-11-29,2.8612676,1.5594883,2.8153894,1.5344795
2017-11-30,2.8255583,1.5399712,2.7931017,1.5222787
2017-12-01,2.8256551,1.5399712,2.7931974,1.5222787
2017-12-04,2.8259454,1.5399712,2.7934844,1.5222787
2017-12-05,2.8260445,1.5399712,2.7935823,1.5222787
2017-12-06,2.8261436,1.5399712,2.7936803,1.5222787
2017-12-07,2.8262427,1.5399712,2.7937783,1.5222787
2017-12-08,2.8263411,1.5399712,2.7938755,1.5222787
2017-12-11,2.8266338,1.5399712,2.7941648,1.5222787
2017-12-12,2.8267352,1.5399712,2.7942651,1.5222787
2017-12-13,2.8268374,1.5399712,2.7943661,1.5222787
2017-12-14,2.8269366,1.5399712,2.7944641,1.5222787
2017-12-15,2.8270372,1.5399712,2.7945637,1.5222787
2017-12-18,2.827337,1.5399712,2.79486,1.5222787
2017-12-19,2.8274423,1.5399712,2.7949641,1.5222787
2017-12-20,2.8275469,1.5399712,2.7950675,1.5222787
2017-12-21,2.8276523,1.5399712,2.7951716,1.5222787
2017-12-22,2.8267523,1.539425,2.7941104,1.5216452
2017-12-26,2.8317435,1.5419221,2.7998284,1.5245408
2017-12-27,2.8521264,1.5529596,2.8234507,1.5373428
2017-12-28,2.8483055,1.5508188,2.8189945,1.5348566
2017-12-29,2.8597032,1.5569663,2.8322091,1.541994
2018-01-02,2.8601325,1.5569663,2.8326343,1.541994
2018-01-03,2.8602438,1.5569663,2.8327445,1.541994
2018-01-04,2.8603527,1.5569663,2.8328524,1.541994
2018-01-05,2.8604617,1.5569663,2.8329603,1.541994
2018-01-08,2.8607838,1.5569663,2.8332793,1.541994
2018-01-09,2.8608958,1.5569663,2.8333903,1.541994
2018-01-10,2.8610071,1.5569663,2.8335005,1.541994
2018-01-11,2.8611169,1.5569663,2.8336092,1.541994
2018-01-12,2.8612274,1.5569663,2.8337187,1.541994
2018-01-16,2.8616695,1.5569663,2.8341565,1.541994
2018-01-17,2.8617816,1.5569663,2.8342676,1.541994
2018-01-18,2.861893,1.5569663,2.8343778,1.541994
2018-01-19,2.8620051,1.5569663,2.8344889,1.541994
2018-01-22,2.8623391,1.5569663,2.8348197,1.541994
2018-01-23,2.8624513,1.5569663,2.8349308,1.541994
2018-01-24,2.8625626,1.5569663,2.8350411,1.541994
2018-01-25,2.8621527,1.5566832,2.8345633,1.5416746
2018-01-26,2.8561073,1.5533355,2.8277266,1.5378971
2018-01-29,2.8484037,1.5489683,2.8189917,1.5329708
2018-01-30,2.8424137,1.5456502,2.812222,1.5292294
2018-01-31,2.8441488,1.5465336,2.8141626,1.5302251
2018-02-01,2.844261,1.5465336,2.8142737,1.5302251
2018-02-02,2.8443748,1.5465336,2.8143862,1.5302251
2018-02-05,2.8447161,1.5465336,2.8147239,1.5302251
2018-02-06,2.8448322,1.5465336,2.8148389,1.5302251
2018-02-07,2.8449491,1.5465336,2.8149545,1.5302251
2018-02-08,2.8450684,1.5465336,2.8150725,1.5302251
2018-02-09,2.8451876,1.5465336,2.8151905,1.5302251
2018-02-12,2.8455454,1.5465336,2.8155445,1.5302251
2018-02-13,2.8456709,1.5465336,2.8156687,1.5302251
2018-02-14,2.8457934,1.5465336,2.8157899,1.5302251
2018-02-15,2.845915,1.5465336,2.8159102,1.5302251
2018-02-16,2.8460366,1.5465336,2.8160306,1.5302251
2018-02-20,2.8465325,1.5465336,2.8165212,1.5302251
2018-02-21,2.8466604,1.5465336,2.8166478,1.5302251
2018-02-22,2.8449468,1.545534,2.8156953,1.5296397
2018-02-23,2.8748472,1.5617093,2.8332604,1.5391146
2018-02-26,2.8910129,1.5702844,2.8428426,1.5441163
2018-02-27,2.8615052,1.554186,2.8257221,1.5347473
2018-02-28,2.8823204,1.5654217,2.8379392,1.5413139
2018-03-01,2.8824491,1.5654217,2.838066,1.5413139
2018-03-02,2.8825754,1.5654217,2.8381904,1.5413139
2018-03-05,2.8829593,1.5654217,2.8385683,1.5413139
2018-03-06,2.8830912,1.5654217,2.8386981,1.5413139
2018-03-07,2.8832215,1.5654217,2.8388265,1.5413139
2018-03-08,2.8833518,1.5654217,2.8389548,1.5413139
2018-03-09,2.8834814,1.5654217,2.8390824,1.5413139
2018-03-12,2.8838701,1.5654217,2.8394651,1.5413139
2018-03-13,2.8840028,1.5654217,2.8395957,1.5413139
2018-03-14,2.8841371,1.5654217,2.839728,1.5413139
2018-03-15,2.8842738,1.5654217,2.8398626,1.5413139
2018-03-16,2.8844113,1.5654217,2.839998,1.5413139
2018-03-19,2.8848262,1.5654217,2.8404065,1.5413139
2018-03-20,2.8849661,1.5654217,2.8405442,1.5413139
2018-03-21,2.8851068,1.5654217,2.8406827,1.5413139
2018-03-22,2.885242,1.5654217,2.8408158,1.5413139
2018-03-23,2.8846221,1.5650129,2.8399241,1.5407587
2018-03-26,2.8763198,1.5602886,2.8284987,1.5343435
2018-03-27,2.897628,1.5717722,2.857349,1.5499196
2018-03-28,2.9008974,1.5734707,2.8617441,1.5522298
2018-03-29,2.9095,1.5780635,2.873399,1.5584792
2018-04-02,2.910042,1.5780635,2.8739344,1.5584792
2018-04-03,2.9101807,1.5780635,2.8740714,1.5584792
2018-04-04,2.9103179,1.5780635,2.8742068,1.5584792
2018-04-05,2.9104518,1.5780635,2.8743391,1.5584792
2018-04-06,2.9105866,1.5780635,2.8744722,1.5584792
2018-04-09,2.9109933,1.5780635,2.8748738,1.5584792
2018-04-10,2.9111312,1.5780635,2.8750101,1.5584792
2018-04-11,2.9112676,1.5780635,2.8751448,1.5584792
2018-04-12,2.9114032,1.5780635,2.8752787,1.5584792
2018-04-13,2.9115404,1.5780635,2.8754142,1.5584792
2018-04-16,2.9119544,1.5780635,2.875823,1.5584792
2018-04-17,2.9120948,1.5780635,2.8759617,1.5584792
2018-04-18,2.912236,1.5780635,2.8761012,1.5584792
2018-04-19,2.9123781,1.5780635,2.8762414,1.5584792
2018-04-20,2.9125209,1.5780635,2.8763825,1.5584792
2018-04-23,2.912947,1.5780635,2.8768033,1.5584792
2018-04-24,2.9124773,1.5777296,2.8759597,1.5579436
2018-04-25,2.9053293,1.5737779,2.8644083,1.5516076
2018-04-26,2.9129445,1.5778244,2.8765102,1.5580856
2018-04-27,2.9230623,1.5832274,2.8926452,1.5667489
2018-04-30,2.9256248,1.5843838,2.8964988,1.5686069
2018-05-01,2.9257723,1.5843838,2.8966448,1.5686069
2018-05-02,2.9259182,1.5843838,2.8967893,1.5686069
2018-05-03,2.9260633,1.5843838,2.8969329,1.5686069
2018-05-04,2.9262076,1.5843838,2.8970758,1.5686069
2018-05-07,2.9266405,1.5843838,2.8975044,1.5686069
2018-05-08,2.9267872,1.5843838,2.8976497,1.5686069
2018-05-09,2.9269348,1.5843838,2.8977957,1.5686069
2018-05-10,2.9270831,1.5843838,2.8979426,1.5686069
2018-05-11,2.9272323,1.5843838,2.8980903,1.5686069
2018-05-14,2.9276846,1.5843838,2.8985381,1.5686069
2018-05-15,2.927837,1.5843838,2.898689,1.5686069
2018-05-16,2.9279886,1.5843838,2.8988391,1.5686069
2018-05-17,2.9281394,1.5843838,2.8989884,1.5686069
2018-05-18,2.9282902,1.5843838,2.8991377,1.5686069
2018-05-21,2.9287403,1.5843838,2.8995833,1.5686069
2018-05-22,2.9288928,1.5843838,2.8997342,1.5686069
2018-05-23,2.9290452,1.5843838,2.8998852,1.5686069
2018-05-24,2.9275456,1.583491,2.8989365,1.5680129
2018-05-25,2.960991,1.6015002,2.92124,1.5799964
2018-05-29,3.0702827,1.660286,2.9938905,1.6189684
2018-05-30,3.0218638,1.6340166,2.962215,1.6017554
2018-05-31,3.0273783,1.6369134,2.965898,1.6036635
2018-06-01,3.0275351,1.6369134,2.9660516,1.6036635
2018-06-04,3.0280029,1.6369134,2.9665099,1.6036635
2018-06-05,3.0281614,1.6369134,2.9666651,1.6036635
2018-06-06,3.0283198,1.6369134,2.9668204,1.6036635
2018-06-07,3.0284783,1.6369134,2.9669756,1.6036635
2018-06-08,3.0286359,1.6369134,2.9671301,1.6036635
2018-06-11,3.0291064,1.6369134,2.967591,1.6036635
2018-06-12,3.0292649,1.6369134,2.9677463,1.6036635
2018-06-13,3.0294218,1.6369134,2.9679,1.6036635
2018-06-14,3.0295795,1.6369134,2.9680545,1.6036635
2018-06-15,3.0297372,1.6369134,2.968209,1.6036635
2018-06-18,3.0302103,1.6369134,2.9686725,1.6036635
2018-06-19,3.0303689,1.6369134,2.9688278,1.6036635
2018-06-20,3.0305275,1.6369134,2.9689832,1.6036635
2018-06-21,3.0306852,1.6369134,2.9691377,1.6036635
2018-06-22,3.030843,1.6369134,2.9692923,1.6036635
2018-06-25,3.0306542,1.6365572,2.9688054,1.6031515
2018-06-26,3.0282551,1.6351765,2.9652851,1.601167
2018-06-27,3.0416966,1.6423494,2.9845244,1.6114724
2018-06-28,3.0392802,1.6409596,2.9809736,1.6094716
2018-06-29,3.0362065,1.6392151,2.9764781,1.6069612
2018-07-02,3.0366781,1.6392151,2.9769405,1.6069612
2018-07-03,3.0368404,1.6392151,2.9770995,1.6069612
2018-07-05,3.0371632,1.6392151,2.977416,1.6069612
2018-07-06,3.037323,1.6392151,2.9775726,1.6069612
2018-07-09,3.0378048,1.6392151,2.978045,1.6069612
2018-07-10,3.0379671,1.6392151,2.9782041,1.6069612
2018-07-11,3.0381294,1.6392151,2.9783632,1.6069612
2018-07-12,3.03829,1.6392151,2.9785207,1.6069612
2018-07-13,3.0384515,1.6392151,2.978679,1.6069612
2018-07-16,3.038936,1.6392151,2.9791539,1.6069612
2018-07-17,3.0391008,1.6392151,2.9793155,1.6069612
2018-07-18,3.0392657,1.6392151,2.9794772,1.6069612
2018-07-19,3.0394289,1.6392151,2.9796371,1.6069612
2018-07-20,3.0395921,1.6392151,2.9797971,1.6069612
2018-07-23,3.0400793,1.6392151,2.9802747,1.6069612
2018-07-24,3.0402425,1.6392151,2.9804348,1.6069612
2018-07-25,3.0397293,1.6388495,2.9796223,1.6064359
2018-07-26,3.0291512,1.6330579,2.9643533,1.5981171
2018-07-27,3.0347982,1.636015,2.9723775,1.6023577
2018-07-30,3.0301393,1.6332399,2.9654682,1.5983748
2018-07-31,3.0351122,1.6358304,2.9725237,1.6020897
2018-08-01,3.0352777,1.6358304,2.9726858,1.6020897
2018-08-02,3.0354432,1.6358304,2.9728478,1.6020897
2018-08-03,3.0356078,1.6358304,2.9730091,1.6020897
2018-08-06,3.0360994,1.6358304,2.9734905,1.6020897
2018-08-07,3.0362674,1.6358304,2.973655,1.6020897
2018-08-08,3.0364354,1.6358304,2.9738196,1.6020897
2018-08-09,3.0366035,1.6358304,2.9739842,1.6020897
2018-08-10,3.0367715,1.6358304,2.9741488,1.6020897
2018-08-13,3.0372732,1.6358304,2.9746401,1.6020897
2018-08-14,3.0374421,1.6358304,2.9748056,1.6020897
2018-08-15,3.0376119,1.6358304,2.9749718,1.6020897
2018-08-16,3.0377808,1.6358304,2.9751373,1.6020897
2018-08-17,3.0379498,1.6358304,2.9753027,1.6020897
2018-08-20,3.0384517,1.6358304,2.9757943,1.6020897
2018-08-21,3.0386207,1.6358304,2.9759598,1.6020897
2018-08-22,3.0387905,1.6358304,2.9761261,1.6020897
2018-08-23,3.0389612,1.6358304,2.9762933,1.6020897
2018-08-24,3.039131,1.6358304,2.9764596,1.6020897
2018-08-27,3.0377084,1.634789,2.9757279,1.6014259
2018-08-28,3.0148998,1.622421,2.9612445,1.5935402
2018-08-29,3.0075995,1.6183996,2.9566367,1.5909694
2018-08-30,3.0309194,1.6308555,2.9716169,1.5989391
2018-08-31,3.0293501,1.6299186,2.9706743,1.5983412
2018-09-04,3.0300373,1.6299186,2.9713482,1.5983412
2018-09-05,3.0302108,1.6299186,2.9715183,1.5983412
2018-09-06,3.0303851,1.6299186,2.9716893,1.5983412
2018-09-07,3.0305586,1.6299186,2.9718594,1.5983412
2018-09-10,3.0310817,1.6299186,2.9723724,1.5983412
2018-09-11,3.031257,1.6299186,2.9725442,1.5983412
2018-09-12,3.0314322,1.6299186,2.9727161,1.5983412
2018-09-13,3.0316083,1.6299186,2.9728887,1.5983412
2018-09-14,3.0317835,1.6299186,2.9730606,1.5983412
2018-09-17,3.0323118,1.6299186,2.9735786,1.5983412
2018-09-18,3.0324887,1.6299186,2.9737521,1.5983412
2018-09-19,3.0326657,1.6299186,2.9739257,1.5983412
2018-09-20,3.0328418,1.6299186,2.9740984,1.5983412
2018-09-21,3.0330188,1.6299186,2.974272,1.5983412
2018-09-24,3.0330745,1.6296618,2.9741382,1.5979882
2018-09-25,3.0294917,1.6276394,2.9691406,1.5952076
2018-09-26,3.0373686,1.6317747,2.9798943,1.6008903
2018-09-27,3.0376021,1.6318036,2.9801446,1.6009301
2018-09-28,3.0392731,1.6326055,2.982373,1.6020333
2018-10-01,3.0398102,1.6326055,2.9829001,1.6020333
2018-10-02,3.0399926,1.6326055,2.983079,1.6020333
2018-10-03,3.040175,1.6326055,2.983258,1.6020333
2018-10-04,3.0403574,1.6326055,2.983437,1.6020333
2018-10-05,3.040539,1.6326055,2.9836152,1.6020333
2018-10-09,3.0412654,1.6326055,2.984328,1.6020333
2018-10-10,3.0414495,1.6326055,2.9845087,1.6020333
2018-10-11,3.0416354,1.6326055,2.984691,1.6020333
2018-10-12,3.0418204,1.6326055,2.9848726,1.6020333
2018-10-15,3.0423779,1.6326055,2.9854197,1.6020333
2018-10-16,3.0425671,1.6326055,2.9856053,1.6020333
2018-10-17,3.0427555,1.6326055,2.9857902,1.6020333
2018-10-18,3.0429447,1.6326055,2.9859759,1.6020333
2018-10-19,3.043134,1.6326055,2.9861616,1.6020333
2018-10-22,3.0436992,1.6326055,2.9867163,1.6020333
2018-10-23,3.043891,1.6326055,2.9869045,1.6020333
2018-10-24,3.044082,1.6326055,2.9870919,1.6020333
2018-10-25,3.0435467,1.632216,2.9861452,1.6014251
2018-10-26,3.0612895,1.6416288,3.0137355,1.6161208
2018-10-29,3.062082,1.6417462,3.014643,1.6163047
2018-10-30,3.0506483,1.6355125,2.9966185,1.6065389
2018-10-31,3.0414596,1.6304837,2.9821446,1.5986784
2018-11-01,3.0416504,1.6304837,2.9823317,1.5986784
2018-11-02,3.0418396,1.6304837,2.9825172,1.5986784
2018-11-05,3.0424096,1.6304837,2.9830761,1.5986784
2018-11-06,3.042603,1.6304837,2.9832657,1.5986784
2018-11-07,3.0427955,1.6304837,2.9834545,1.5986784
2018-11-08,3.0429889,1.6304837,2.9836441,1.5986784
2018-11-09,3.0431807,1.6304837,2.9838321,1.5986784
2018-11-13,3.0439511,1.6304837,2.9845875,1.5986784
2018-11-14,3.0441462,1.6304837,2.9847788,1.5986784
2018-11-15,3.0443406,1.6304837,2.9849694,1.5986784
2018-11-16,3.0445341,1.6304837,2.9851591,1.5986784
2018-11-19,3.0451121,1.6304837,2.9857259,1.5986784
2018-11-20,3.0453073,1.6304837,2.9859173,1.5986784
2018-11-21,3.0455026,1.6304837,2.9861087,1.5986784
2018-11-23,3.0458964,1.6304837,2.9864949,1.5986784
2018-11-26,3.0447761,1.6295677,2.9859867,1.5980963
2018-11-27,3.0519657,1.6333098,2.990625,1.600475
2018-11-28,3.0523118,1.6333894,2.9909128,1.6005255
2018-11-29,3.0732713,1.6445003,3.0042924,1.6075823
2018-11-30,3.0857416,1.6510686,3.0122609,1.611744
2018-12-03,3.08633,1.6510686,3.0128353,1.611744
2018-12-04,3.0865279,1.6510686,3.0130284,1.611744
2018-12-06,3.0869304,1.6510686,3.0134214,1.611744
2018-12-07,3.08713,1.6510686,3.0136162,1.611744
2018-12-10,3.0877263,1.6510686,3.0141983,1.611744
2018-12-11,3.0879268,1.6510686,3.014394,1.611744
2018-12-12,3.0881273,1.6510686,3.0145897,1.611744
2018-12-13,3.0883295,1.6510686,3.0147871,1.611744
2018-12-14,3.0885309,1.6510686,3.0149837,1.611744
2018-12-17,3.0891325,1.6510686,3.015571,1.611744
2018-12-18,3.0893322,1.6510686,3.015766,1.611744
2018-12-19,3.0895303,1.6510686,3.0159593,1.611744
2018-12-20,3.0897292,1.6510686,3.0161535,1.611744
2018-12-21,3.0899273,1.6510686,3.0163469,1.611744
2018-12-24,3.0897168,1.6506387,3.0158469,1.6111669
2018-12-26,3.0677465,1.6386833,2.9862115,1.5951218
2018-12-27,3.0807485,1.6455212,3.0035403,1.6042738
2018-12-28,3.0970456,1.6541196,3.0253137,1.6157999
2018-12-31,3.1066404,1.6589247,3.0379815,1.6222535
2019-01-02,3.1070489,1.6589247,3.038381,1.6222535
2019-01-03,3.1072507,1.6589247,3.0385783,1.6222535
2019-01-04,3.1074516,1.6589247,3.0387747,1.6222535
2019-01-07,3.1080569,1.6589247,3.0393667,1.6222535
2019-01-08,3.1082621,1.6589247,3.0395674,1.6222535
2019-01-09,3.1084673,1.6589247,3.0397681,1.6222535
2019-01-10,3.1086717,1.6589247,3.0399679,1.6222535
2019-01-11,3.1088744,1.6589247,3.0401662,1.6222535
2019-01-14,3.1094826,1.6589247,3.0407609,1.6222535
2019-01-15,3.109687,1.6589247,3.0409608,1.6222535
2019-01-16,3.1098915,1.6589247,3.0411608,1.6222535
2019-01-17,3.1100943,1.6589247,3.0413591,1.6222535
2019-01-18,3.1102962,1.6589247,3.0415565,1.6222535
2019-01-22,3.1111007,1.6589247,3.0423432,1.6222535
2019-01-23,3.1113035,1.6589247,3.0425416,1.6222535
2019-01-24,3.1115047,1.6589247,3.0427383,1.6222535
2019-01-25,3.1113269,1.6587244,3.0424222,1.6219819
2019-01-28,3.1134843,1.6595556,3.0451221,1.6231093
2019-01-29,3.1182214,1.6619728,3.0514727,1.6263889
2019-01-30,3.121459,1.6635905,3.0557912,1.628585
2019-01-31,3.1319155,1.6690553,3.0699148,1.6360064
2019-02-01,3.132118,1.6690553,3.0701133,1.6360064
2019-02-04,3.132723,1.6690553,3.0707063,1.6360064
2019-02-05,3.1329264,1.6690553,3.0709057,1.6360064
2019-02-06,3.1331298,1.6690553,3.0711051,1.6360064
2019-02-07,3.1333333,1.6690553,3.0713045,1.6360064
2019-02-08,3.1335367,1.6690553,3.0715039,1.6360064
2019-02-11,3.1341497,1.6690553,3.0721047,1.6360064
2019-02-12,3.1343558,1.6690553,3.0723067,1.6360064
2019-02-13,3.1345602,1.6690553,3.0725071,1.6360064
2019-02-14,3.1347654,1.6690553,3.0727083,1.6360064
2019-02-15,3.1349698,1.6690553,3.0729086,1.6360064
2019-02-19,3.1357875,1.6690553,3.0737101,1.6360064
2019-02-20,3.1359945,1.6690553,3.073913,1.6360064
2019-02-21,3.1362007,1.6690553,3.0741152,1.6360064
2019-02-22,3.1347149,1.6681548,3.0732966,1.6354632
2019-02-25,3.1219712,1.6610427,3.0658413,1.6311719
2019-02-26,3.1424445,1.6718254,3.0782931,1.6376887
2019-02-27,3.1088663,1.6538514,3.0581273,1.6268526
2019-02-28,3.0807272,1.6387733,3.0411693,1.6177244
2019-03-01,3.0809298,1.6387733,3.0413693,1.6177244
2019-03-04,3.081535,1.6387733,3.0419667,1.6177244
2019-03-05,3.0817385,1.6387733,3.0421676,1.6177244
2019-03-06,3.081942,1.6387733,3.0423685,1.6177244
2019-03-07,3.0821455,1.6387733,3.0425693,1.6177244
2019-03-08,3.0823481,1.6387733,3.0427694,1.6177244
2019-03-11,3.0829587,1.6387733,3.0433721,1.6177244
2019-03-12,3.0831622,1.6387733,3.0435731,1.6177244
2019-03-13,3.0833658,1.6387733,3.043774,1.6177244
2019-03-14,3.0835686,1.6387733,3.0439742,1.6177244
2019-03-15,3.0837713,1.6387733,3.0441743,1.6177244
2019-03-18,3.0843796,1.6387733,3.0447748,1.6177244
2019-03-19,3.0845816,1.6387733,3.0449742,1.6177244
2019-03-20,3.0847852,1.6387733,3.0451752,1.6177244
2019-03-21,3.0849898,1.6387733,3.0453771,1.6177244
2019-03-22,3.0851952,1.6387733,3.0455799,1.6177244
2019-03-25,3.0851447,1.6384219,3.0452399,1.6172233
2019-03-26,3.0906451,1.6412348,3.0529928,1.6212338
2019-03-27,3.0961589,1.6440544,3.0607706,1.6252571
2019-03-28,3.0963605,1.6440538,3.0609694,1.6252562
2019-03-29,3.0905827,1.6408788,3.0526303,1.6207225
2019-04-01,3.0911796,1.6408788,3.0532199,1.6207225
2019-04-02,3.0913812,1.6408788,3.053419,1.6207225
2019-04-03,3.0915819,1.6408788,3.0536172,1.6207225
2019-04-04,3.0917843,1.6408788,3.0538172,1.6207225
2019-04-05,3.0919868,1.6408788,3.0540171,1.6207225
2019-04-08,3.0925942,1.6408788,3.0546171,1.6207225
2019-04-09,3.0927958,1.6408788,3.0548162,1.6207225
2019-04-10,3.0929966,1.6408788,3.0550146,1.6207225
2019-04-11,3.0931983,1.6408788,3.0552138,1.6207225
2019-04-12,3.0934,1.6408788,3.055413,1.6207225
2019-04-15,3.0940077,1.6408788,3.0560132,1.6207225
2019-04-16,3.0942094,1.6408788,3.0562125,1.6207225
2019-04-17,3.0944112,1.6408788,3.0564118,1.6207225
2019-04-18,3.0946138,1.6408788,3.0566119,1.6207225
2019-04-22,3.0954176,1.6408788,3.0574058,1.6207225
2019-04-23,3.0956202,1.6408788,3.057606,1.6207225
2019-04-24,3.09497,1.6404262,3.0567076,1.6201397
2019-04-25,3.0917741,1.6386249,3.0525315,1.6178202
2019-04-26,3.1022312,1.6440602,3.0659318,1.6248167
2019-04-29,3.0926208,1.6386469,3.0533671,1.6178415
2019-04-30,3.1022276,1.6436298,3.0656726,1.6242557
2019-05-01,3.1024299,1.6436298,3.0658725,1.6242557
2019-05-02,3.1026322,1.6436298,3.0660724,1.6242557
2019-05-03,3.102837,1.6436298,3.0662748,1.6242557
2019-05-06,3.103444,1.6436298,3.0668747,1.6242557
2019-05-07,3.1036472,1.6436298,3.0670755,1.6242557
2019-05-08,3.1038496,1.6436298,3.0672755,1.6242557
2019-05-09,3.104052,1.6436298,3.0674755,1.6242557
2019-05-10,3.1042544,1.6436298,3.0676755,1.6242557
2019-05-13,3.1048616,1.6436298,3.0682756,1.6242557
2019-05-14,3.1050624,1.6436298,3.068474,1.6242557
2019-05-15,3.1052631,1.6436298,3.0686724,1.6242557
2019-05-16,3.1054648,1.6436298,3.0688716,1.6242557
2019-05-17,3.1056647,1.6436298,3.0690692,1.6242557
2019-05-20,3.106262,1.6436298,3.0696595,1.6242557
2019-05-21,3.1064612,1.6436298,3.0698563,1.6242557
2019-05-22,3.1066603,1.6436298,3.0700531,1.6242557
2019-05-23,3.1068586,1.6436298,3.0702491,1.6242557
2019-05-24,3.1053056,1.6427037,3.0693561,1.62368
2019-05-28,3.1481706,1.6649652,3.0962941,1.6375209
2019-05-29,3.155473,1.6687214,3.1008849,1.6398447
2019-05-30,3.177092,1.6800482,3.1143216,1.6468462
2019-05-31,3.2332646,1.709645,3.1490313,1.6650955
2019-06-03,3.2338758,1.709645,3.1496266,1.6650955
2019-06-04,3.2340796,1.709645,3.1498251,1.6650955
2019-06-05,3.2342834,1.709645,3.1500235,1.6650955
2019-06-06,3.2344872,1.709645,3.150222,1.6650955
2019-06-07,3.2346892,1.709645,3.1504188,1.6650955
2019-06-10,3.2352821,1.709645,3.1509963,1.6650955
2019-06-11,3.2354807,1.709645,3.1511896,1.6650955
2019-06-12,3.2356775,1.709645,3.1513813,1.6650955
2019-06-13,3.2358716,1.709645,3.1515704,1.6650955
2019-06-14,3.2360613,1.709645,3.1517552,1.6650955
2019-06-17,3.2366332,1.709645,3.1523121,1.6650955
2019-06-18,3.2368265,1.709645,3.1525004,1.6650955
2019-06-19,3.2370189,1.709645,3.1526878,1.6650955
2019-06-20,3.2372078,1.709645,3.1528718,1.6650955
2019-06-21,3.2373932,1.709645,3.1530523,1.6650955
2019-06-24,3.2371389,1.7092199,3.1524984,1.6645197
2019-06-25,3.2437616,1.7126193,3.1613966,1.6691231
2019-06-26,3.2278325,1.7041121,3.1397392,1.657594
2019-06-27,3.2408591,1.7108913,3.157288,1.6667633
2019-06-28,3.2434561,1.7121643,3.1607356,1.6684879
2019-07-01,3.2440106,1.7121643,3.1612759,1.6684879
2019-07-02,3.2442026,1.7121643,3.161463,1.6684879
2019-07-03,3.2443937,1.7121643,3.1616492,1.6684879
2019-07-05,3.2447777,1.7121643,3.1620234,1.6684879
2019-07-08,3.2453591,1.7121643,3.16259,1.6684879
2019-07-09,3.2455556,1.7121643,3.1627815,1.6684879
2019-07-10,3.2457521,1.7121643,3.162973,1.6684879
2019-07-11,3.2459433,1.7121643,3.1631593,1.6684879
2019-07-12,3.2461318,1.7121643,3.163343,1.6684879
2019-07-15,3.2466921,1.7121643,3.163889,1.6684879
2019-07-16,3.2468798,1.7121643,3.1640719,1.6684879
2019-07-17,3.2470666,1.7121643,3.164254,1.6684879
2019-07-18,3.2472525,1.7121643,3.1644351,1.6684879
2019-07-19,3.2474314,1.7121643,3.1646094,1.6684879
2019-07-22,3.2479705,1.7121643,3.1651348,1.6684879
2019-07-23,3.2481521,1.7121643,3.1653117,1.6684879
2019-07-24,3.2483318,1.7121643,3.1654869,1.6684879
2019-07-25,3.2480925,1.711942,3.1651437,1.6682133
2019-07-26,3.2482763,1.7119423,3.165323,1.6682136
2019-07-29,3.2522047,1.71372,3.1700305,1.6704094
2019-07-30,3.2523881,1.7137194,3.170209,1.6704088
2019-07-31,3.258923,1.717067,3.1782357,1.6745447
2019-08-01,3.2591051,1.717067,3.1784133,1.6745447
2019-08-02,3.2592864,1.717067,3.1785901,1.6745447
2019-08-05,3.2598275,1.717067,3.1791178,1.6745447
2019-08-06,3.2600061,1.717067,3.179292,1.6745447
2019-08-07,3.2601856,1.717067,3.1794671,1.6745447
2019-08-08,3.2603625,1.717067,3.1796396,1.6745447
2019-08-09,3.2605393,1.717067,3.1798121,1.6745447
2019-08-12,3.2610646,1.717067,3.1803243,1.6745447
2019-08-13,3.2612397,1.717067,3.1804951,1.6745447
2019-08-14,3.2614148,1.717067,3.1806659,1.6745447
2019-08-15,3.2615864,1.717067,3.1808332,1.6745447
2019-08-16,3.2617535,1.717067,3.1809961,1.6745447
2019-08-19,3.2622441,1.717067,3.1814746,1.6745447
2019-08-20,3.2624139,1.717067,3.1816402,1.6745447
2019-08-21,3.2625837,1.717067,3.1818058,1.6745447
2019-08-22,3.2627563,1.717067,3.1819741,1.6745447
2019-08-23,3.2629315,1.717067,3.1821449,1.6745447
2019-08-26,3.2618755,1.7162389,3.1817722,1.674083
2019-08-27,3.2935037,1.7327879,3.1994868,1.6833136
2019-08-28,3.3063411,1.7394499,3.2066908,1.6870142
2019-08-29,3.2872583,1.7293176,3.1961811,1.681395
2019-08-30,3.285763,1.7284386,3.1954229,1.6809063
2019-09-03,3.2864651,1.7284386,3.1961057,1.6809063
2019-09-04,3.2866398,1.7284386,3.1962756,1.6809063
2019-09-05,3.2868136,1.7284386,3.1964446,1.6809063
2019-09-06,3.2869874,1.7284386,3.1966136,1.6809063
2019-09-09,3.2875061,1.7284386,3.1971181,1.6809063
2019-09-10,3.287679,1.7284386,3.1972862,1.6809063
2019-09-11,3.2878511,1.7284386,3.1974536,1.6809063
2019-09-12,3.288024,1.7284386,3.1976218,1.6809063
2019-09-13,3.2881961,1.7284386,3.1977891,1.6809063
2019-09-16,3.288715,1.7284386,3.1982937,1.6809063
2019-09-17,3.2888907,1.7284386,3.1984646,1.6809063
2019-09-18,3.2890664,1.7284386,3.1986355,1.6809063
2019-09-19,3.2892385,1.7284386,3.1988028,1.6809063
2019-09-20,3.2894088,1.7284386,3.1989685,1.6809063
2019-09-23,3.2899144,1.7284386,3.1994602,1.6809063
2019-09-24,3.2895083,1.7281352,3.1988274,1.6804864
2019-09-25,3.2689767,1.71726,3.1703366,1.6654324
2019-09-26,3.2759958,1.7208602,3.1799586,1.6704026
2019-09-27,3.2784432,1.7220614,3.1832744,1.6720624
2019-09-30,3.2806213,1.7229564,3.18609,1.6732994
2019-10-01,3.2807867,1.7229564,3.1862506,1.6732994
2019-10-02,3.2809467,1.7229564,3.186406,1.6732994
2019-10-03,3.281104,1.7229564,3.1865587,1.6732994
2019-10-04,3.2812541,1.7229564,3.1867045,1.6732994
2019-10-07,3.2817072,1.7229564,3.1871446,1.6732994
2019-10-08,3.281861,1.7229564,3.1872939,1.6732994
2019-10-09,3.282012,1.7229564,3.1874406,1.6732994
2019-10-10,3.2821613,1.7229564,3.1875855,1.6732994
2019-10-11,3.2823097,1.7229564,3.1877296,1.6732994
2019-10-15,3.2829032,1.7229564,3.188306,1.6732994
2019-10-16,3.2830507,1.7229564,3.1884493,1.6732994
2019-10-17,3.2831973,1.7229564,3.1885917,1.6732994
2019-10-18,3.2833439,1.7229564,3.1887341,1.6732994
2019-10-21,3.2837838,1.7229564,3.1891613,1.6732994
2019-10-22,3.2839313,1.7229564,3.1893046,1.6732994
2019-10-23,3.2840771,1.7229564,3.1894461,1.6732994
2019-10-24,3.2842228,1.7229564,3.1895877,1.6732994
2019-10-25,3.2840332,1.7227796,3.1893562,1.6731028
2019-10-28,3.2777722,1.7192642,3.1823342,1.669195
2019-10-29,3.2792695,1.7199733,3.1839778,1.669983
2019-10-30,3.2875084,1.7242192,3.1931143,1.6747019
2019-10-31,3.2995362,1.7304524,3.2064666,1.6816318
2019-11-01,3.2996727,1.7304524,3.2065993,1.6816318
2019-11-04,3.3000768,1.7304524,3.206992,1.6816318
2019-11-05,3.3002124,1.7304524,3.2071238,1.6816318
2019-11-06,3.3003508,1.7304524,3.2072582,1.6816318
2019-11-07,3.3004891,1.7304524,3.2073927,1.6816318
2019-11-08,3.3006274,1.7304524,3.2075271,1.6816318
2019-11-12,3.3011773,1.7304524,3.2080614,1.6816318
2019-11-13,3.3013183,1.7304524,3.2081985,1.6816318
2019-11-14,3.3014576,1.7304524,3.2083339,1.6816318
2019-11-15,3.3015969,1.7304524,3.2084692,1.6816318
2019-11-18,3.3020148,1.7304524,3.2088753,1.6816318
2019-11-19,3.3021541,1.7304524,3.2090107,1.6816318
2019-11-20,3.3022935,1.7304524,3.2091461,1.6816318
2019-11-21,3.3024328,1.7304524,3.2092815,1.6816318
2019-11-22,3.3011031,1.7296822,3.208618,1.6812127
2019-11-25,3.307512,1.7328199,3.2122858,1.6829204
2019-11-26,3.319478,1.7390139,3.2188542,1.6862887
2019-11-27,3.3019239,1.7297428,3.2093841,1.681255
2019-11-29,3.2949298,1.7259282,3.2057007,1.6791789
2019-12-02,3.2953523,1.7259282,3.2061117,1.6791789
2019-12-03,3.295494,1.7259282,3.2062496,1.6791789
2019-12-04,3.295633,1.7259282,3.2063849,1.6791789
2019-12-05,3.2957703,1.7259282,3.2065184,1.6791789
2019-12-06,3.2959066,1.7259282,3.2066511,1.6791789
2019-12-09,3.296313,1.7259282,3.2070464,1.6791789
2019-12-10,3.2964494,1.7259282,3.2071791,1.6791789
2019-12-11,3.2965875,1.7259282,3.2073136,1.6791789
2019-12-12,3.2967266,1.7259282,3.2074489,1.6791789
2019-12-13,3.2968648,1.7259282,3.2075833,1.6791789
2019-12-16,3.2972821,1.7259282,3.2079893,1.6791789
2019-12-17,3.2974212,1.7259282,3.2081247,1.6791789
2019-12-18,3.2975595,1.7259282,3.2082592,1.6791789
2019-12-19,3.2976977,1.7259282,3.2083936,1.6791789
2019-12-20,3.2978368,1.7259282,3.208529,1.6791789
2019-12-23,3.2982569,1.7259282,3.2089378,1.6791789
2019-12-24,3.2977069,1.7255666,3.2082267,1.6787351
2019-12-26,3.298044,1.7255964,3.2085691,1.6787717
2019-12-27,3.3037441,1.7285056,3.2155306,1.6823428
2019-12-30,3.2987126,1.7256543,3.2092449,1.6788412
2019-12-31,3.2926685,1.7224196,3.2017899,1.6748704
2020-01-02,3.2929427,1.7224196,3.2020566,1.6748704
2020-01-03,3.293079,1.7224196,3.202189,1.6748704
2020-01-06,3.2934822,1.7224196,3.2025812,1.6748704
2020-01-07,3.2936203,1.7224196,3.2027154,1.6748704
2020-01-08,3.2937566,1.7224196,3.2028479,1.6748704
2020-01-09,3.2938928,1.7224196,3.2029804,1.6748704
2020-01-10,3.2940291,1.7224196,3.2031129,1.6748704
2020-01-13,3.2944379,1.7224196,3.2035105,1.6748704
2020-01-14,3.2945769,1.7224196,3.2036456,1.6748704
2020-01-15,3.2947159,1.7224196,3.2037808,1.6748704
2020-01-16,3.2948549,1.7224196,3.203916,1.6748704
2020-01-17,3.2949921,1.7224196,3.2040494,1.6748704
2020-01-21,3.2955446,1.7224196,3.2045866,1.6748704
2020-01-22,3.2956827,1.7224196,3.204721,1.6748704
2020-01-23,3.29582,1.7224196,3.2048544,1.6748704
2020-01-24,3.2959572,1.7224196,3.2049879,1.6748704
2020-01-27,3.2960167,1.7222369,3.2049488,1.6746421
2020-01-28,3.2905758,1.7193223,3.1981125,1.6710003
2020-01-29,3.2977021,1.7229732,3.2069739,1.6755599
2020-01-30,3.3020483,1.7251718,3.2123668,1.6783073
2020-01-31,3.3102859,1.7294027,3.2226259,1.6835963
2020-02-03,3.3106994,1.7294027,3.2230285,1.6835963
2020-02-04,3.3108391,1.7294027,3.2231645,1.6835963
2020-02-05,3.3109788,1.7294027,3.2233004,1.6835963
2020-02-06,3.3111185,1.7294027,3.2234364,1.6835963
2020-02-07,3.3112582,1.7294027,3.2235724,1.6835963
2020-02-10,3.3116746,1.7294027,3.2239778,1.6835963
2020-02-11,3.3118152,1.7294027,3.2241147,1.6835963
2020-02-12,3.311955,1.7294027,3.2242508,1.6835963
2020-02-13,3.3120956,1.7294027,3.2243877,1.6835963
2020-02-14,3.3122372,1.7294027,3.2245255,1.6835963
2020-02-18,3.3127998,1.7294027,3.2250732,1.6835963
2020-02-19,3.3129405,1.7294027,3.2252102,1.6835963
2020-02-20,3.3130812,1.7294027,3.2253471,1.6835963
2020-02-21,3.3132218,1.7294027,3.2254841,1.6835963
2020-02-24,3.3119957,1.7285452,3.2249538,1.6831078
2020-02-25,3.3450276,1.7457137,3.2438305,1.6928904
2020-02-26,3.3451311,1.7456959,3.2439445,1.6928803
2020-02-27,3.3652147,1.7561051,3.2553968,1.6987872
2020-02-28,3.4785485,1.8151789,3.3196058,1.7322278
2020-03-02,3.4789059,1.8151789,3.3199469,1.7322278
2020-03-03,3.4790107,1.8151789,3.3200469,1.7322278
2020-03-04,3.4790993,1.8151789,3.3201315,1.7322278
2020-03-05,3.479167,1.8151789,3.3201961,1.7322278
2020-03-06,3.4792252,1.8151789,3.3202516,1.7322278
2020-03-09,3.4793538,1.8151789,3.3203744,1.7322278
2020-03-10,3.4793844,1.8151789,3.3204035,1.7322278
2020-03-11,3.4794253,1.8151789,3.3204426,1.7322278
2020-03-12,3.4794644,1.8151789,3.3204799,1.7322278
2020-03-13,3.4794959,1.8151789,3.3205099,1.7322278
2020-03-16,3.4795731,1.8151789,3.3205836,1.7322278
2020-03-17,3.479596,1.8151789,3.3206055,1.7322278
2020-03-18,3.4796141,1.8151789,3.3206227,1.7322278
2020-03-19,3.479616,1.8151789,3.3206246,1.7322278
2020-03-20,3.4796198,1.8151789,3.3206282,1.7322278
2020-03-23,3.4796341,1.8151789,3.3206419,1.7322278
2020-03-24,3.479636,1.8151789,3.3206437,1.7322278
2020-03-25,3.4793077,1.8150071,3.3201739,1.7319823
2020-03-26,3.485939,1.8184684,3.3296536,1.7369293
2020-03-27,3.5005989,1.8261183,3.3506288,1.7478735
2020-03-30,3.5033588,1.8275536,3.3545814,1.7499311
2020-03-31,3.5030608,1.8273921,3.3541485,1.7496995
2020-04-01,3.5030714,1.8273921,3.3541586,1.7496995
2020-04-02,3.50308,1.8273921,3.3541669,1.7496995
2020-04-03,3.5030886,1.8273921,3.3541752,1.7496995
2020-04-06,3.5031174,1.8273921,3.3542028,1.7496995
2020-04-07,3.5031318,1.8273921,3.3542165,1.7496995
2020-04-08,3.5031453,1.8273921,3.3542294,1.7496995
2020-04-09,3.5031664,1.8273921,3.3542496,1.7496995
2020-04-13,3.5032624,1.8273921,3.3543415,1.7496995
2020-04-14,3.5032873,1.8273921,3.3543654,1.7496995
2020-04-15,3.5033065,1.8273921,3.3543838,1.7496995
2020-04-16,3.5033199,1.8273921,3.3543967,1.7496995
2020-04-17,3.5033334,1.8273921,3.3544095,1.7496995
2020-04-20,3.5033679,1.8273921,3.3544426,1.7496995
2020-04-21,3.5033795,1.8273921,3.3544536,1.7496995
2020-04-22,3.50339,1.8273921,3.3544638,1.7496995
2020-04-23,3.5034015,1.8273921,3.3544748,1.7496995
2020-04-24,3.5032782,1.8273223,3.3542543,1.7495793
2020-04-27,3.4996024,1.825387,3.3478975,1.7462463
2020-04-28,3.5022935,1.8267846,3.3525194,1.7486513
2020-04-29,3.5017774,1.8265099,3.3516226,1.7481783
2020-04-30,3.5011271,1.8261657,3.3504958,1.7475858
2020-05-01,3.5011358,1.8261657,3.3505041,1.7475858
2020-05-04,3.5011703,1.8261657,3.3505371,1.7475858
2020-05-05,3.5011828,1.8261657,3.3505491,1.7475858
2020-05-06,3.5011952,1.8261657,3.350561,1.7475858
2020-05-07,3.5012067,1.8261657,3.350572,1.7475858
2020-05-08,3.5012173,1.8261657,3.3505821,1.7475858
2020-05-11,3.5012518,1.8261657,3.3506152,1.7475858
2020-05-12,3.5012633,1.8261657,3.3506262,1.7475858
2020-05-13,3.5012758,1.8261657,3.3506381,1.7475858
2020-05-14,3.5012883,1.8261657,3.3506501,1.7475858
2020-05-15,3.5012998,1.8261657,3.3506611,1.7475858
2020-05-18,3.5013343,1.8261657,3.3506941,1.7475858
2020-05-19,3.5013468,1.8261657,3.3507061,1.7475858
2020-05-20,3.5013593,1.8261657,3.350718,1.7475858
2020-05-21,3.5013708,1.8261657,3.350729,1.7475858
2020-05-22,3.5004309,1.8256695,3.3502848,1.7473483
2020-05-26,3.4893257,1.8198536,3.3449924,1.7445651
2020-05-27,3.4931857,1.8218597,3.346849,1.7455267
2020-05-28,3.4856814,1.8179384,3.3432609,1.7436482
2020-05-29,3.5037547,1.827357,3.3519352,1.748165
2020-06-01,3.503795,1.827357,3.3519738,1.748165
2020-06-02,3.5038085,1.827357,3.3519866,1.748165
2020-06-03,3.5038229,1.827357,3.3520004,1.748165
2020-06-04,3.5038382,1.827357,3.3520151,1.748165
2020-06-05,3.5038526,1.827357,3.3520289,1.748165
2020-06-08,3.5038958,1.827357,3.3520702,1.748165
2020-06-09,3.5039122,1.827357,3.3520858,1.748165
2020-06-10,3.5039304,1.827357,3.3521032,1.748165
2020-06-11,3.5039467,1.827357,3.3521189,1.748165
2020-06-12,3.503963,1.827357,3.3521345,1.748165
2020-06-15,3.5040091,1.827357,3.3521786,1.748165
2020-06-16,3.5040264,1.827357,3.3521951,1.748165
2020-06-17,3.5040427,1.827357,3.3522107,1.748165
2020-06-18,3.504059,1.827357,3.3522263,1.748165
2020-06-19,3.5040744,1.827357,3.352241,1.748165
2020-06-22,3.5041176,1.827357,3.3522823,1.748165
2020-06-23,3.504133,1.827357,3.352297,1.748165
2020-06-24,3.5031859,1.8268551,3.3514183,1.7476991
2020-06-25,3.5071087,1.8288933,3.3550603,1.7495912
2020-06-26,3.5226281,1.8369783,3.369467,1.7570963
2020-06-29,3.5228332,1.8370641,3.3696585,1.7571759
2020-06-30,3.5141838,1.8325467,3.3616309,1.752983
2020-07-01,3.5141992,1.8325467,3.3616457,1.752983
2020-07-02,3.5142127,1.8325467,3.3616586,1.752983
2020-07-06,3.5142666,1.8325467,3.3617101,1.752983
2020-07-07,3.514281,1.8325467,3.3617239,1.752983
2020-07-08,3.5142955,1.8325467,3.3617378,1.752983
2020-07-09,3.5143099,1.8325467,3.3617516,1.752983
2020-07-10,3.5143224,1.8325467,3.3617636,1.752983
2020-07-13,3.51436,1.8325467,3.3617995,1.752983
2020-07-14,3.5143735,1.8325467,3.3618124,1.752983
2020-07-15,3.5143879,1.8325467,3.3618262,1.752983
2020-07-16,3.5144033,1.8325467,3.3618409,1.752983
2020-07-17,3.5144139,1.8325467,3.3618511,1.752983
2020-07-20,3.5144457,1.8325467,3.3618814,1.752983
2020-07-21,3.5144582,1.8325467,3.3618934,1.752983
2020-07-22,3.5144707,1.8325467,3.3619054,1.752983
2020-07-23,3.5144832,1.8325467,3.3619174,1.752983
2020-07-24,3.5144948,1.8325467,3.3619284,1.752983
2020-07-27,3.5138914,1.8322155,3.3614207,1.7527025
2020-07-28,3.521569,1.8362132,3.3679261,1.7560892
2020-07-29,3.5241645,1.837561,3.3701255,1.7572307
2020-07-30,3.5318776,1.8415772,3.3766586,1.7606319
2020-07-31,3.5312812,1.8412617,3.3761546,1.7603647
2020-08-03,3.5313073,1.8412617,3.3761796,1.7603647
2020-08-04,3.531317,1.8412617,3.3761889,1.7603647
2020-08-05,3.5313257,1.8412617,3.3761972,1.7603647
2020-08-06,3.5313354,1.8412617,3.3762064,1.7603647
2020-08-07,3.5313451,1.8412617,3.3762157,1.7603647
2020-08-10,3.5313741,1.8412617,3.3762434,1.7603647
2020-08-11,3.5313847,1.8412617,3.3762536,1.7603647
2020-08-12,3.5313954,1.8412617,3.3762638,1.7603647
2020-08-13,3.531406,1.8412617,3.376274,1.7603647
2020-08-14,3.5314157,1.8412617,3.3762832,1.7603647
2020-08-17,3.5314447,1.8412617,3.376311,1.7603647
2020-08-18,3.5314544,1.8412617,3.3763202,1.7603647
2020-08-19,3.5314631,1.8412617,3.3763285,1.7603647
2020-08-20,3.5314738,1.8412617,3.3763387,1.7603647
2020-08-21,3.5314844,1.8412617,3.3763489,1.7603647
2020-08-24,3.5315134,1.8412617,3.3763766,1.7603647
2020-08-25,3.52897,1.8399296,3.3751464,1.7597175
2020-08-26,3.5291485,1.8400171,3.3752381,1.7597601
2020-08-27,3.4784052,1.8135552,3.3505819,1.7468996
2020-08-28,3.4785954,1.8136489,3.3506799,1.7469455
2020-08-31,3.4967421,1.8230952,3.3595759,1.7515692
2020-09-01,3.4967527,1.8230952,3.359586,1.7515692
2020-09-02,3.4967642,1.8230952,3.3595971,1.7515692
2020-09-03,3.4967757,1.8230952,3.3596081,1.7515692
2020-09-04,3.4967862,1.8230952,3.3596182,1.7515692
2020-09-08,3.4968284,1.8230952,3.3596587,1.7515692
2020-09-09,3.4968408,1.8230952,3.3596707,1.7515692
2020-09-10,3.4968523,1.8230952,3.3596817,1.7515692
2020-09-11,3.4968638,1.8230952,3.3596928,1.7515692
2020-09-14,3.4968954,1.8230952,3.3597232,1.7515692
2020-09-15,3.496906,1.8230952,3.3597333,1.7515692
2020-09-16,3.4969165,1.8230952,3.3597434,1.7515692
2020-09-17,3.496928,1.8230952,3.3597545,1.7515692
2020-09-18,3.4969366,1.8230952,3.3597627,1.7515692
2020-09-21,3.4969654,1.8230952,3.3597904,1.7515692
2020-09-22,3.4969749,1.8230952,3.3597996,1.7515692
2020-09-23,3.4969845,1.8230952,3.3598088,1.7515692
2020-09-24,3.4950736,1.8220935,3.3582213,1.7507364
2020-09-25,3.5028906,1.8261637,3.3647225,1.7541208
2020-09-28,3.4955931,1.8223443,3.35866,1.7509459
2020-09-29,3.50341,1.826414,3.3651612,1.7543298
2020-09-30,3.4785485,1.8134486,3.3444961,1.7435523
2020-10-01,3.478558,1.8134486,3.3445053,1.7435523
2020-10-02,3.4785666,1.8134486,3.3445135,1.7435523
2020-10-05,3.4785924,1.8134486,3.3445383,1.7435523
2020-10-06,3.4786019,1.8134486,3.3445474,1.7435523
2020-10-07,3.4786114,1.8134486,3.3445566,1.7435523
2020-10-08,3.4786209,1.8134486,3.3445658,1.7435523
2020-10-09,3.4786295,1.8134486,3.344574,1.7435523
2020-10-13,3.4786676,1.8134486,3.3446107,1.7435523
2020-10-14,3.4786781,1.8134486,3.3446207,1.7435523
2020-10-15,3.4786896,1.8134486,3.3446317,1.7435523
2020-10-16,3.4787001,1.8134486,3.3446418,1.7435523
2020-10-19,3.4787315,1.8134486,3.3446721,1.7435523
2020-10-20,3.478742,1.8134486,3.3446821,1.7435523
2020-10-21,3.4787515,1.8134486,3.3446913,1.7435523
2020-10-22,3.478761,1.8134486,3.3447005,1.7435523
2020-10-23,3.4787696,1.8134486,3.3447087,1.7435523
2020-10-26,3.4767892,1.8124013,3.3432686,1.7427873
2020-10-27,3.4930355,1.8208648,3.3551403,1.7489705
2020-10-28,3.4932038,1.8209475,3.3552653,1.7490309
2020-10-29,3.4450677,1.79585,3.3201399,1.730716
2020-10-30,3.4194764,1.7825053,3.3014038,1.720945
2020-11-02,3.4195017,1.7825053,3.3014283,1.720945
2020-11-03,3.4195102,1.7825053,3.3014364,1.720945
2020-11-04,3.4195195,1.7825053,3.3014454,1.720945
2020-11-05,3.4195289,1.7825053,3.3014545,1.720945
2020-11-06,3.4195383,1.7825053,3.3014635,1.720945
2020-11-09,3.4195664,1.7825053,3.3014907,1.720945
2020-11-10,3.4195767,1.7825053,3.3015006,1.720945
2020-11-12,3.4195954,1.7825053,3.3015187,1.720945
2020-11-13,3.4196048,1.7825053,3.3015278,1.720945
2020-11-16,3.4196301,1.7825053,3.3015522,1.720945
2020-11-17,3.4196385,1.7825053,3.3015603,1.720945
2020-11-18,3.4196469,1.7825053,3.3015685,1.720945
2020-11-19,3.4196554,1.7825053,3.3015766,1.720945
2020-11-20,3.4196619,1.7825053,3.3015829,1.720945
2020-11-23,3.4174912,1.7813636,3.3005445,1.7203939
2020-11-24,3.400204,1.7723487,3.2922003,1.7160407
2020-11-25,3.4004091,1.7724513,3.2923037,1.7160904
2020-11-27,3.4356869,1.790831,3.30939,1.724988
2020-11-30,3.4340778,1.789979,3.3086272,1.7245776
2020-12-01,3.4340853,1.789979,3.3086345,1.7245776
2020-12-02,3.4340938,1.789979,3.3086426,1.7245776
2020-12-03,3.4341022,1.789979,3.3086508,1.7245776
2020-12-04,3.4341098,1.789979,3.308658,1.7245776
2020-12-07,3.4341352,1.789979,3.3086825,1.7245776
2020-12-08,3.4341427,1.789979,3.3086897,1.7245776
2020-12-09,3.4341512,1.789979,3.3086979,1.7245776
2020-12-10,3.4341587,1.789979,3.3087052,1.7245776
2020-12-11,3.4341662,1.789979,3.3087124,1.7245776
2020-12-14,3.4341888,1.789979,3.3087342,1.7245776
2020-12-15,3.4341973,1.789979,3.3087423,1.7245776
2020-12-16,3.4342048,1.789979,3.3087496,1.7245776
2020-12-17,3.4342133,1.789979,3.3087577,1.7245776
2020-12-18,3.4342208,1.789979,3.308765,1.7245776
2020-12-21,3.4342434,1.789979,3.3087867,1.7245776
2020-12-22,3.4342518,1.789979,3.3087949,1.7245776
2020-12-23,3.4342603,1.789979,3.3088031,1.7245776
2020-12-24,3.4332531,1.7894496,3.3077575,1.7240284
2020-12-28,3.4336832,1.7896561,3.3082012,1.7242427
2020-12-29,3.4337903,1.7897065,3.3083116,1.724295
2020-12-30,3.437961,1.7918754,3.3126375,1.726545
2020-12-31,3.4370509,1.7913972,3.3116928,1.7260488
2021-01-04,3.4370848,1.7913972,3.3117254,1.7260488
2021-01-05,3.4370933,1.7913972,3.3117336,1.7260488
2021-01-06,3.4371018,1.7913972,3.3117418,1.7260488
2021-01-07,3.4371102,1.7913972,3.3117499,1.7260488
2021-01-08,3.4371187,1.7913972,3.3117581,1.7260488
2021-01-11,3.4371413,1.7913972,3.3117799,1.7260488
2021-01-12,3.4371489,1.7913972,3.3117871,1.7260488
2021-01-13,3.4371573,1.7913972,3.3117953,1.7260488
2021-01-14,3.4371658,1.7913972,3.3118035,1.7260488
2021-01-15,3.4371743,1.7913972,3.3118116,1.7260488
2021-01-19,3.4372082,1.7913972,3.3118443,1.7260488
2021-01-20,3.4372167,1.7913972,3.3118525,1.7260488
2021-01-21,3.4372242,1.7913972,3.3118597,1.7260488
2021-01-22,3.4372327,1.7913972,3.3118679,1.7260488
2021-01-25,3.436652,1.7910828,3.3113668,1.7257763
2021-01-26,3.4367273,1.7911176,3.3114329,1.7258065
2021-01-27,3.4392154,1.7924109,3.3135901,1.7269275
2021-01-28,3.4320559,1.7886756,3.3073856,1.7236901
2021-01-29,3.4219243,1.7833919,3.298603,1.7191096
2021-02-01,3.4219412,1.7833919,3.2986193,1.7191096
2021-02-02,3.4219477,1.7833919,3.2986256,1.7191096
2021-02-03,3.4219543,1.7833919,3.2986319,1.7191096
2021-02-04,3.421958,1.7833919,3.2986355,1.7191096
2021-02-05,3.4219618,1.7833919,3.2986391,1.7191096
2021-02-08,3.4219702,1.7833919,3.2986473,1.7191096
2021-02-09,3.4219749,1.7833919,3.2986518,1.7191096
2021-02-10,3.4219787,1.7833919,3.2986554,1.7191096
2021-02-11,3.4219833,1.7833919,3.2986599,1.7191096
2021-02-12,3.421988,1.7833919,3.2986644,1.7191096
2021-02-16,3.422003,1.7833919,3.2986789,1.7191096
2021-02-17,3.4220068,1.7833919,3.2986825,1.7191096
2021-02-18,3.4220105,1.7833919,3.2986861,1.7191096
2021-02-19,3.4220133,1.7833919,3.2986888,1.7191096
2021-02-22,3.4196338,1.782146,3.2973954,1.7184299
2021-02-23,3.4200119,1.7823416,3.2976029,1.7185366
2021-02-24,3.4108378,1.7775585,3.2925983,1.7159266
2021-02-25,3.2600569,1.6989776,3.2102245,1.6729963
2021-02-26,3.3489428,1.7452986,3.2597613,1.6988104
2021-03-01,3.3489538,1.7452986,3.259772,1.6988104
2021-03-02,3.3489584,1.7452986,3.2597765,1.6988104
2021-03-03,3.3489621,1.7452986,3.25978,1.6988104
2021-03-04,3.3489667,1.7452986,3.2597845,1.6988104
2021-03-05,3.3489703,1.7452986,3.2597881,1.6988104
2021-03-08,3.3489813,1.7452986,3.2597988,1.6988104
2021-03-09,3.3489859,1.7452986,3.2598033,1.6988104
2021-03-10,3.3489905,1.7452986,3.2598077,1.6988104
2021-03-11,3.3489942,1.7452986,3.2598113,1.6988104
2021-03-12,3.3489979,1.7452986,3.2598149,1.6988104
2021-03-15,3.3490089,1.7452986,3.2598256,1.6988104
2021-03-16,3.3490125,1.7452986,3.2598292,1.6988104
2021-03-17,3.3490144,1.7452986,3.259831,1.6988104
2021-03-18,3.3490162,1.7452986,3.2598327,1.6988104
2021-03-19,3.3490171,1.7452986,3.2598336,1.6988104
2021-03-22,3.3490199,1.7452986,3.2598363,1.6988104
2021-03-23,3.3490226,1.7452986,3.259839,1.6988104
2021-03-24,3.3490235,1.7452986,3.2598399,1.6988104
2021-03-25,3.3481665,1.744851,3.2588906,1.6983148
2021-03-26,3.3346252,1.7377932,3.2438954,1.6904994
2021-03-29,3.3147279,1.7274211,3.2218736,1.6790203
2021-03-30,3.3149021,1.7275105,3.2220659,1.6791192
2021-03-31,3.3108456,1.7253955,3.2175799,1.6767804
2021-04-01,3.3108483,1.7253955,3.2175825,1.6767804
2021-04-02,3.3108501,1.7253955,3.2175843,1.6767804
2021-04-05,3.3108556,1.7253955,3.2175896,1.6767804
2021-04-06,3.3108583,1.7253955,3.2175922,1.6767804
2021-04-07,3.3108601,1.7253955,3.217594,1.6767804
2021-04-08,3.3108619,1.7253955,3.2175958,1.6767804
2021-04-09,3.3108628,1.7253955,3.2175966,1.6767804
2021-04-12,3.3108683,1.7253955,3.2176019,1.6767804
2021-04-13,3.3108701,1.7253955,3.2176037,1.6767804
2021-04-14,3.3108728,1.7253955,3.2176063,1.6767804
2021-04-15,3.3108746,1.7253955,3.2176081,1.6767804
2021-04-16,3.3108764,1.7253955,3.2176099,1.6767804
2021-04-19,3.3108819,1.7253955,3.2176152,1.6767804
2021-04-20,3.3108837,1.7253955,3.2176169,1.6767804
2021-04-21,3.3108864,1.7253955,3.2176196,1.6767804
2021-04-22,3.3108891,1.7253955,3.2176222,1.6767804
2021-04-23,3.3108919,1.7253955,3.2176249,1.6767804
2021-04-26,3.3104017,1.7251359,3.2171784,1.6765436
2021-04-27,3.3005591,1.7200052,3.2082032,1.6718651
2021-04-28,3.3006553,1.7200548,3.208291,1.6719104
2021-04-29,3.2967925,1.7180414,3.204768,1.670074
2021-04-30,3.2963936,1.717833,3.2044042,1.669884
2021-05-03,3.2963963,1.717833,3.2044068,1.669884
2021-05-04,3.2963999,1.717833,3.2044104,1.669884
2021-05-05,3.2964017,1.717833,3.2044121,1.669884
2021-05-06,3.2964035,1.717833,3.2044139,1.669884
2021-05-07,3.2964053,1.717833,3.2044156,1.669884
2021-05-10,3.2964107,1.717833,3.2044209,1.669884
2021-05-11,3.2964125,1.717833,3.2044226,1.669884
2021-05-12,3.2964134,1.717833,3.2044235,1.669884
2021-05-13,3.2964152,1.717833,3.2044253,1.669884
2021-05-14,3.296417,1.717833,3.204427,1.669884
2021-05-17,3.2964198,1.717833,3.2044297,1.669884
2021-05-18,3.2964216,1.717833,3.2044314,1.669884
2021-05-19,3.2964234,1.717833,3.2044332,1.669884
2021-05-20,3.2964243,1.717833,3.2044341,1.669884
2021-05-21,3.2964252,1.717833,3.2044349,1.669884
2021-05-24,3.2943884,1.7167702,3.2033222,1.6693028
2021-05-25,3.3356328,1.7382625,3.225884,1.6810591
2021-05-26,3.3194805,1.7298443,3.2170972,1.6764793
2021-05-27,3.2952233,1.7172025,3.2038728,1.6695869
2021-05-28,3.3180671,1.7291059,3.2163682,1.6760976
2021-06-01,3.3180708,1.7291059,3.2163717,1.6760976
2021-06-02,3.3180726,1.7291059,3.2163735,1.6760976
2021-06-03,3.3180744,1.7291059,3.2163753,1.6760976
2021-06-04,3.3180762,1.7291059,3.216377,1.6760976
2021-06-07,3.3180817,1.7291059,3.2163823,1.6760976
2021-06-08,3.3180835,1.7291059,3.2163841,1.6760976
2021-06-09,3.3180853,1.7291059,3.2163858,1.6760976
2021-06-10,3.318088,1.7291059,3.2163885,1.6760976
2021-06-11,3.3180908,1.7291059,3.2163911,1.6760976
2021-06-14,3.3180989,1.7291059,3.2163991,1.6760976
2021-06-15,3.3181017,1.7291059,3.2164017,1.6760976
2021-06-16,3.3181044,1.7291059,3.2164043,1.6760976
2021-06-17,3.318108,1.7291059,3.2164079,1.6760976
2021-06-18,3.3181117,1.7291059,3.2164114,1.6760976
2021-06-21,3.3181253,1.7291059,3.2164246,1.6760976
2021-06-22,3.3181298,1.7291059,3.216429,1.6760976
2021-06-23,3.3181335,1.7291059,3.2164325,1.6760976
2021-06-24,3.3168587,1.7284392,3.2152715,1.6754902
2021-06-25,3.2915747,1.7152611,3.1922386,1.6634854
2021-06-28,3.3176181,1.7288241,3.2159755,1.6758466
2021-06-29,3.3178398,1.7289373,3.2161778,1.6759497
2021-06-30,3.3372872,1.7390695,3.2338939,1.6851797
2021-07-01,3.3372918,1.7390695,3.2338983,1.6851797
2021-07-02,3.3372964,1.7390695,3.2339027,1.6851797
2021-07-06,3.3373147,1.7390695,3.2339204,1.6851797
2021-07-07,3.3373192,1.7390695,3.2339249,1.6851797
2021-07-08,3.3373238,1.7390695,3.2339293,1.6851797
2021-07-09,3.3373293,1.7390695,3.2339346,1.6851797
2021-07-12,3.3373457,1.7390695,3.2339506,1.6851797
2021-07-13,3.3373503,1.7390695,3.233955,1.6851797
2021-07-14,3.3373549,1.7390695,3.2339594,1.6851797
2021-07-15,3.3373604,1.7390695,3.2339647,1.6851797
2021-07-16,3.3373649,1.7390695,3.2339692,1.6851797
2021-07-19,3.3373787,1.7390695,3.2339825,1.6851797
2021-07-20,3.3373832,1.7390695,3.2339869,1.6851797
2021-07-21,3.3373878,1.7390695,3.2339913,1.6851797
2021-07-22,3.3373924,1.7390695,3.2339958,1.6851797
2021-07-23,3.3373969,1.7390695,3.2340002,1.6851797
2021-07-26,3.3368782,1.738792,3.2335157,1.6849203
2021-07-27,3.3454937,1.743279,3.2415695,1.6891147
2021-07-28,3.3434352,1.742204,3.2396456,1.6881099
2021-07-29,3.3392464,1.7400189,3.2357304,1.6860674
2021-07-30,3.3473393,1.7442331,3.2432955,1.6900066
2021-08-02,3.3473558,1.7442331,3.2433115,1.6900066
2021-08-03,3.3473604,1.7442331,3.2433159,1.6900066
2021-08-04,3.347365,1.7442331,3.2433203,1.6900066
2021-08-05,3.3473696,1.7442331,3.2433248,1.6900066
2021-08-06,3.3473741,1.7442331,3.2433292,1.6900066
2021-08-09,3.3473906,1.7442331,3.2433452,1.6900066
2021-08-10,3.3473961,1.7442331,3.2433506,1.6900066
2021-08-11,3.3474007,1.7442331,3.243355,1.6900066
2021-08-12,3.3474053,1.7442331,3.2433594,1.6900066
2021-08-13,3.3474108,1.7442331,3.2433648,1.6900066
2021-08-16,3.3474273,1.7442331,3.2433808,1.6900066
2021-08-17,3.3474328,1.7442331,3.2433861,1.6900066
2021-08-18,3.3474393,1.7442331,3.2433923,1.6900066
2021-08-19,3.3474457,1.7442331,3.2433985,1.6900066
2021-08-20,3.3474512,1.7442331,3.2434039,1.6900066
2021-08-23,3.3474649,1.7442331,3.2434172,1.6900066
2021-08-24,3.3474695,1.7442331,3.2434216,1.6900066
2021-08-25,3.3457259,1.7433222,3.2424646,1.6895056
2021-08-26,3.3529862,1.7471023,3.246461,1.6915852
2021-08-27,3.3743053,1.7582085,3.2581805,1.6976894
2021-08-30,3.3892292,1.7659774,3.2663664,1.7019477
2021-08-31,3.3806248,1.7614916,3.261661,1.6994937
2021-09-01,3.3806285,1.7614916,3.2616646,1.6994937
2021-09-02,3.3806331,1.7614916,3.2616691,1.6994937
2021-09-03,3.3806378,1.7614916,3.2616736,1.6994937
2021-09-07,3.3806563,1.7614916,3.2616914,1.6994937
2021-09-08,3.3806609,1.7614916,3.2616959,1.6994937
2021-09-09,3.3806655,1.7614916,3.2617004,1.6994937
2021-09-10,3.3806693,1.7614916,3.2617039,1.6994937
2021-09-13,3.3806831,1.7614916,3.2617173,1.6994937
2021-09-14,3.3806887,1.7614916,3.2617227,1.6994937
2021-09-15,3.3806924,1.7614916,3.2617263,1.6994937
2021-09-16,3.3806961,1.7614916,3.2617298,1.6994937
2021-09-17,3.3806998,1.7614916,3.2617334,1.6994937
2021-09-20,3.3807109,1.7614916,3.2617441,1.6994937
2021-09-21,3.3807146,1.7614916,3.2617477,1.6994937
2021-09-22,3.3807174,1.7614916,3.2617504,1.6994937
2021-09-23,3.3807202,1.7614916,3.2617531,1.6994937
2021-09-24,3.3798454,1.7610344,3.2607851,1.6989879
2021-09-27,3.3767953,1.7594408,3.2574103,1.6972254
2021-09-28,3.3559904,1.7485988,3.2344016,1.6852351
2021-09-29,3.3526784,1.7468712,3.2307417,1.6833263
2021-09-30,3.362381,1.7519246,3.2414599,1.6889091
2021-10-01,3.3623847,1.7519246,3.2414635,1.6889091
2021-10-04,3.3623957,1.7519246,3.2414741,1.6889091
2021-10-05,3.3623994,1.7519246,3.2414777,1.6889091
2021-10-06,3.3624031,1.7519246,3.2414812,1.6889091
2021-10-07,3.3624068,1.7519246,3.2414848,1.6889091
2021-10-08,3.3624114,1.7519246,3.2414892,1.6889091
2021-10-12,3.3624298,1.7519246,3.241507,1.6889091
2021-10-13,3.3624353,1.7519246,3.2415123,1.6889091
2021-10-14,3.3624399,1.7519246,3.2415168,1.6889091
2021-10-15,3.3624445,1.7519246,3.2415212,1.6889091
2021-10-18,3.3624583,1.7519246,3.2415345,1.6889091
2021-10-19,3.3624639,1.7519246,3.2415399,1.6889091
2021-10-20,3.3624685,1.7519246,3.2415443,1.6889091
2021-10-21,3.3624731,1.7519246,3.2415487,1.6889091
2021-10-22,3.3624786,1.7519246,3.2415541,1.6889091
2021-10-25,3.3614245,1.7513667,3.2404801,1.6883412
2021-10-26,3.3659135,1.7537028,3.2450495,1.6907191
2021-10-27,3.4048914,1.7740081,3.2847302,1.7113906
2021-10-28,3.3920337,1.7673061,3.2716319,1.7045634
2021-10-29,3.3998315,1.7713659,3.2795734,1.7086982
2021-11-01,3.3998454,1.7713659,3.2795868,1.7086982
2021-11-02,3.3998501,1.7713659,3.2795913,1.7086982
2021-11-03,3.3998548,1.7713659,3.2795958,1.7086982
2021-11-04,3.3998594,1.7713659,3.2796003,1.7086982
2021-11-05,3.3998631,1.7713659,3.2796039,1.7086982
2021-11-08,3.3998771,1.7713659,3.2796174,1.7086982
2021-11-09,3.3998827,1.7713659,3.2796228,1.7086982
2021-11-10,3.3998864,1.7713659,3.2796264,1.7086982
2021-11-12,3.3998957,1.7713659,3.2796354,1.7086982
2021-11-15,3.3999097,1.7713659,3.2796488,1.7086982
2021-11-16,3.3999144,1.7713659,3.2796533,1.7086982
2021-11-17,3.399919,1.7713659,3.2796578,1.7086982
2021-11-18,3.3999237,1.7713659,3.2796623,1.7086982
2021-11-19,3.3999283,1.7713659,3.2796668,1.7086982
2021-11-22,3.3999423,1.7713659,3.2796803,1.7086982
2021-11-23,3.3983146,1.7705155,3.2787434,1.7082077
2021-11-24,3.4182365,1.7808918,3.2902367,1.7141929
2021-11-26,3.5248629,1.836438,3.3516001,1.7461572
2021-11-29,3.4984744,1.8226807,3.336606,1.7383368
2021-11-30,3.5582869,1.8538396,3.3707124,1.756103
2021-12-01,3.5582918,1.8538396,3.370717,1.756103
2021-12-02,3.5582976,1.8538396,3.3707225,1.756103
2021-12-03,3.5583025,1.8538396,3.3707271,1.756103
2021-12-06,3.5583201,1.8538396,3.3707438,1.756103
2021-12-07,3.5583259,1.8538396,3.3707493,1.756103
2021-12-08,3.5583317,1.8538396,3.3707548,1.756103
2021-12-09,3.5583386,1.8538396,3.3707613,1.756103
2021-12-10,3.5583444,1.8538396,3.3707669,1.756103
2021-12-13,3.558362,1.8538396,3.3707835,1.756103
2021-12-14,3.5583668,1.8538396,3.3707881,1.756103
2021-12-15,3.5583717,1.8538396,3.3707927,1.756103
2021-12-16,3.5583776,1.8538396,3.3707983,1.756103
2021-12-17,3.5583824,1.8538396,3.3708029,1.756103
2021-12-20,3.5583971,1.8538396,3.3708167,1.756103
2021-12-21,3.5584039,1.8538396,3.3708232,1.756103
2021-12-22,3.5584107,1.8538396,3.3708297,1.756103
2021-12-23,3.5584185,1.8538396,3.370837,1.756103
2021-12-27,3.557759,1.8534798,3.3700276,1.7556658
2021-12-28,3.5551204,1.852102,3.3668207,1.7539923
2021-12-29,3.5387446,1.8435678,3.346931,1.7436276
2021-12-30,3.5470943,1.8479152,3.3570571,1.7489005
2021-12-31,3.54653,1.8476186,3.3563708,1.7485406
2022-01-03,3.5465475,1.8476186,3.3563874,1.7485406
2022-01-04,3.5465562,1.8476186,3.3563957,1.7485406
2022-01-05,3.546564,1.8476186,3.356403,1.7485406
2022-01-06,3.5465727,1.8476186,3.3564113,1.7485406
2022-01-07,3.5465824,1.8476186,3.3564205,1.7485406
2022-01-10,3.5466116,1.8476186,3.3564481,1.7485406
2022-01-11,3.5466242,1.8476186,3.35646,1.7485406
2022-01-12,3.5466359,1.8476186,3.3564711,1.7485406
2022-01-13,3.5466475,1.8476186,3.3564821,1.7485406
2022-01-14,3.5466592,1.8476186,3.3564931,1.7485406
2022-01-18,3.5467097,1.8476186,3.356541,1.7485406
2022-01-19,3.5467263,1.8476186,3.3565566,1.7485406
2022-01-20,3.5467428,1.8476186,3.3565722,1.7485406
2022-01-21,3.5467603,1.8476186,3.3565888,1.7485406
2022-01-24,3.5468098,1.8476186,3.3566357,1.7485406
2022-01-25,3.5464579,1.8474252,3.3562636,1.7483372
2022-01-26,3.5361894,1.842066,3.3454667,1.7427033
2022-01-27,3.542195,1.8451848,3.3517761,1.745981
2022-01-28,3.5467353,1.8475398,3.3565465,1.7484564
2022-01-31,3.5451474,1.8466838,3.3548715,1.7475565
2022-02-01,3.5451707,1.8466838,3.3548936,1.7475565
2022-02-02,3.5451902,1.8466838,3.3549119,1.7475565
2022-02-03,3.5452096,1.8466838,3.3549303,1.7475565
2022-02-04,3.54523,1.8466838,3.3549496,1.7475565
2022-02-07,3.545297,1.8466838,3.355013,1.7475565
2022-02-08,3.5453242,1.8466838,3.3550388,1.7475565
2022-02-09,3.5453504,1.8466838,3.3550636,1.7475565
2022-02-10,3.5453767,1.8466838,3.3550884,1.7475565
2022-02-11,3.5454165,1.8466838,3.3551261,1.7475565
2022-02-14,3.5455243,1.8466838,3.3552281,1.7475565
2022-02-15,3.545568,1.8466838,3.3552695,1.7475565
2022-02-16,3.5456078,1.8466838,3.3553072,1.7475565
2022-02-17,3.5456457,1.8466838,3.355343,1.7475565
2022-02-18,3.5456817,1.8466838,3.3553771,1.7475565
2022-02-22,3.5445763,1.8460373,3.3547344,1.7471548
2022-02-23,3.5200939,1.833267,3.3395334,1.7392194
2022-02-24,3.5351412,1.8410855,3.3489175,1.7440894
2022-02-25,3.5304739,1.8386382,3.3460249,1.7425672
2022-02-28,3.5996196,1.8745988,3.3890829,1.764944
2022-03-01,3.5996561,1.8745988,3.3891172,1.764944
2022-03-02,3.5996877,1.8745988,3.3891469,1.764944
2022-03-03,3.5997202,1.8745988,3.3891776,1.764944
2022-03-04,3.5997567,1.8745988,3.3892119,1.764944
2022-03-07,3.5998544,1.8745988,3.3893038,1.764944
2022-03-08,3.5998918,1.8745988,3.3893391,1.764944
2022-03-09,3.5999274,1.8745988,3.3893726,1.764944
2022-03-10,3.5999648,1.8745988,3.3894079,1.764944
2022-03-11,3.6000023,1.8745988,3.3894431,1.764944
2022-03-14,3.6001177,1.8745988,3.3895518,1.764944
2022-03-15,3.6001621,1.8745988,3.3895936,1.764944
2022-03-16,3.6002075,1.8745988,3.3896363,1.764944
2022-03-17,3.6002499,1.8745988,3.3896762,1.764944
2022-03-18,3.6002893,1.8745988,3.3897134,1.764944
2022-03-21,3.6004107,1.8745988,3.3898276,1.764944
2022-03-22,3.6004649,1.8745988,3.3898787,1.764944
2022-03-23,3.6005152,1.8745988,3.389926,1.764944
2022-03-24,3.6005645,1.8745988,3.3899725,1.764944
2022-03-25,3.6000637,1.8743123,3.3893633,1.7646026
2022-03-28,3.6050197,1.8768109,3.3952299,1.7675801
2022-03-29,3.616258,1.8826309,3.4086122,1.774518
2022-03-30,3.6297842,1.8896437,3.4247359,1.7828847
2022-03-31,3.6361147,1.8929109,3.4322825,1.7867865
2022-04-01,3.6361655,1.8929109,3.4323304,1.7867865
2022-04-04,3.6363209,1.8929109,3.4324771,1.7867865
2022-04-05,3.6363877,1.8929109,3.4325401,1.7867865
2022-04-06,3.6364524,1.8929109,3.4326012,1.7867865
2022-04-07,3.6365192,1.8929109,3.4326642,1.7867865
2022-04-08,3.6365869,1.8929109,3.4327282,1.7867865
2022-04-11,3.6367932,1.8929109,3.4329229,1.7867865
2022-04-12,3.6368709,1.8929109,3.4329962,1.7867865
2022-04-13,3.6369446,1.8929109,3.4330658,1.7867865
2022-04-14,3.6370194,1.8929109,3.4331364,1.7867865
2022-04-18,3.6373302,1.8929109,3.4334298,1.7867865
2022-04-19,3.637412,1.8929109,3.433507,1.7867865
2022-04-20,3.6374937,1.8929109,3.4335841,1.7867865
2022-04-21,3.6375754,1.8929109,3.4336613,1.7867865
2022-04-22,3.6376571,1.8929109,3.4337384,1.7867865
2022-04-25,3.637429,1.8926646,3.433356,1.7864671
2022-04-26,3.6452179,1.8966692,3.4434244,1.7916605
2022-04-27,3.6359385,1.8917973,3.4313512,1.7853374
2022-04-28,3.6304748,1.888912,3.424238,1.7815962
2022-04-29,3.6226781,1.8848136,3.4141059,1.7762851
2022-05-02,3.6229253,1.8848136,3.4143389,1.7762851
2022-05-03,3.6230146,1.8848136,3.414423,1.7762851
2022-05-04,3.6231039,1.8848136,3.4145072,1.7762851
2022-05-05,3.6231913,1.8848136,3.4145896,1.7762851
2022-05-06,3.6232747,1.8848136,3.4146681,1.7762851
2022-05-09,3.6235248,1.8848136,3.4149039,1.7762851
2022-05-10,3.6236162,1.8848136,3.41499,1.7762851
2022-05-11,3.6237045,1.8848136,3.4150732,1.7762851
2022-05-12,3.6237939,1.8848136,3.4151574,1.7762851
2022-05-13,3.6238882,1.8848136,3.4152463,1.7762851
2022-05-16,3.624189,1.8848136,3.4155298,1.7762851
2022-05-17,3.6242953,1.8848136,3.41563,1.7762851
2022-05-18,3.6244005,1.8848136,3.4157292,1.7762851
2022-05-19,3.6245018,1.8848136,3.4158246,1.7762851
2022-05-20,3.6246051,1.8848136,3.4159219,1.7762851
2022-05-23,3.624906,1.8848136,3.4162055,1.7762851
2022-05-24,3.6241128,1.8843459,3.4157447,1.7759934
2022-05-25,3.6280067,1.8863163,3.4182067,1.7772225
2022-05-26,3.628302,1.8864156,3.4184241,1.7772844
2022-05-27,3.6322008,1.8883879,3.4208888,1.7785141
2022-05-31,3.5930376,1.8678075,3.3966124,1.7656863
2022-06-01,3.5931489,1.8678075,3.3967175,1.7656863
2022-06-02,3.5932591,1.8678075,3.3968218,1.7656863
2022-06-03,3.5933704,1.8678075,3.3969269,1.7656863
2022-06-06,3.5937159,1.8678075,3.3972536,1.7656863
2022-06-07,3.593837,1.8678075,3.3973681,1.7656863
2022-06-08,3.5939591,1.8678075,3.3974835,1.7656863
2022-06-09,3.5940822,1.8678075,3.3975999,1.7656863
2022-06-10,3.5942063,1.8678075,3.3977171,1.7656863
2022-06-13,3.5946021,1.8678075,3.3980914,1.7656863
2022-06-14,3.5947686,1.8678075,3.3982487,1.7656863
2022-06-15,3.5949439,1.8678075,3.3984144,1.7656863
2022-06-16,3.5951103,1.8678075,3.3985718,1.7656863
2022-06-17,3.595262,1.8678075,3.3987152,1.7656863
2022-06-21,3.5958845,1.8678075,3.3993036,1.7656863
2022-06-22,3.5960481,1.8678075,3.3994582,1.7656863
2022-06-23,3.5962027,1.8678075,3.3996045,1.7656863
2022-06-24,3.5959049,1.8675714,3.3992234,1.7654115
2022-06-27,3.5839757,1.8611211,3.385228,1.757902
2022-06-28,3.5842305,1.8611641,3.3854868,1.7579521
2022-06-29,3.6026281,1.8706281,3.4068508,1.7689613
2022-06-30,3.6244352,1.8818626,3.4322107,1.7820452
2022-07-01,3.6246,1.8818626,3.4323668,1.7820452
2022-07-05,3.6252594,1.8818626,3.4329912,1.7820452
2022-07-06,3.6254441,1.8818626,3.4331661,1.7820452
2022-07-07,3.6256279,1.8818626,3.4333401,1.7820452
2022-07-08,3.6258156,1.8818626,3.4335179,1.7820452
2022-07-11,3.6263848,1.8818626,3.4340569,1.7820452
2022-07-12,3.6265965,1.8818626,3.4342573,1.7820452
2022-07-13,3.6268111,1.8818626,3.4344606,1.7820452
2022-07-14,3.6270426,1.8818626,3.4346798,1.7820452
2022-07-15,3.6272741,1.8818626,3.4348991,1.7820452
2022-07-18,3.6279569,1.8818626,3.4355456,1.7820452
2022-07-19,3.6281994,1.8818626,3.4357752,1.7820452
2022-07-20,3.6284439,1.8818626,3.4360068,1.7820452
2022-07-21,3.6286865,1.8818626,3.4362365,1.7820452
2022-07-22,3.6289251,1.8818626,3.4364624,1.7820452
2022-07-25,3.6294169,1.8817449,3.4368896,1.7819138
2022-07-26,3.6296774,1.8817485,3.4371374,1.7819178
2022-07-27,3.6326603,1.883167,3.4404278,1.7835025
2022-07-28,3.6420513,1.8879131,3.4508801,1.7888051
2022-07-29,3.6429842,1.8882751,3.451883,1.7892098
2022-08-01,3.6436849,1.8882751,3.4525469,1.7892098
2022-08-02,3.6439325,1.8882751,3.4527815,1.7892098
2022-08-03,3.6441801,1.8882751,3.4530161,1.7892098
2022-08-04,3.6444237,1.8882751,3.4532469,1.7892098
2022-08-05,3.6446643,1.8882751,3.4534749,1.7892098
2022-08-08,3.6454072,1.8882751,3.4541789,1.7892098
2022-08-09,3.6456639,1.8882751,3.4544221,1.7892098
2022-08-10,3.6459216,1.8882751,3.4546663,1.7892098
2022-08-11,3.6461773,1.8882751,3.4549086,1.7892098
2022-08-12,3.646429,1.8882751,3.4551471,1.7892098
2022-08-15,3.6471873,1.8882751,3.4558656,1.7892098
2022-08-16,3.6474501,1.8882751,3.4561146,1.7892098
2022-08-17,3.6477109,1.8882751,3.4563617,1.7892098
2022-08-18,3.6479697,1.8882751,3.456607,1.7892098
2022-08-19,3.6482306,1.8882751,3.4568542,1.7892098
2022-08-22,3.6490222,1.8882751,3.4576042,1.7892098
2022-08-23,3.6492961,1.8882751,3.4578638,1.7892098
2022-08-24,3.6495671,1.8882751,3.4581205,1.7892098
2022-08-25,3.6489292,1.8878039,3.4578655,1.7889441
2022-08-26,3.6455937,1.8859344,3.4560908,1.7878896
2022-08-29,3.6175443,1.870993,3.4405835,1.7794589
2022-08-30,3.6214507,1.8728652,3.4429051,1.7805188
2022-08-31,3.6064843,1.8649775,3.4345463,1.7760555
2022-09-01,3.6067679,1.8649775,3.4348164,1.7760555
2022-09-02,3.6070525,1.8649775,3.4350874,1.7760555
2022-09-06,3.608179,1.8649775,3.4361603,1.7760555
2022-09-07,3.6084717,1.8649775,3.436439,1.7760555
2022-09-08,3.6087663,1.8649775,3.4367195,1.7760555
2022-09-09,3.6090599,1.8649775,3.4369992,1.7760555
2022-09-12,3.6099439,1.8649775,3.437841,1.7760555
2022-09-13,3.6102495,1.8649775,3.438132,1.7760555
2022-09-14,3.610565,1.8649775,3.4384325,1.7760555
2022-09-15,3.6108756,1.8649775,3.4387283,1.7760555
2022-09-16,3.6111843,1.8649775,3.4390223,1.7760555
2022-09-19,3.6121044,1.8649775,3.4398985,1.7760555
2022-09-20,3.61243,1.8649775,3.4402086,1.7760555
2022-09-21,3.6127526,1.8649775,3.4405158,1.7760555
2022-09-22,3.6130703,1.8649775,3.4408184,1.7760555
2022-09-23,3.6133861,1.8649775,3.4411191,1.7760555
2022-09-26,3.6137901,1.8647077,3.4414132,1.7757518
2022-09-27,3.5954254,1.855063,3.4206792,1.7648926
2022-09-28,3.6481846,1.8821185,3.4799699,1.795326
2022-09-29,3.6400522,1.8777532,3.4707409,1.7904028
2022-09-30,3.6251107,1.8698778,3.4538405,1.7815248
2022-10-03,3.6260701,1.8698778,3.4547546,1.7815248
2022-10-04,3.6264019,1.8698778,3.4550707,1.7815248
2022-10-05,3.6267318,1.8698778,3.455385,1.7815248
2022-10-06,3.6270627,1.8698778,3.4557003,1.7815248
2022-10-07,3.6273926,1.8698778,3.4560146,1.7815248
2022-10-11,3.6287084,1.8698778,3.4572682,1.7815248
2022-10-12,3.6290593,1.8698778,3.4576026,1.7815248
2022-10-13,3.6294133,1.8698778,3.4579398,1.7815248
2022-10-14,3.6297752,1.8698778,3.4582847,1.7815248
2022-10-17,3.6308642,1.8698778,3.4593222,1.7815248
2022-10-18,3.6312442,1.8698778,3.4596842,1.7815248
2022-10-19,3.6316312,1.8698778,3.4600529,1.7815248
2022-10-20,3.6320202,1.8698778,3.4604236,1.7815248
2022-10-21,3.6324093,1.8698778,3.4607943,1.7815248
2022-10-24,3.6335736,1.8698778,3.4619036,1.7815248
2022-10-25,3.6335249,1.8696478,3.4617312,1.7812408
2022-10-26,3.6446806,1.8751847,3.475393,1.7880768
2022-10-27,3.6595175,1.8826159,3.4936162,1.7972595
2022-10-28,3.6490693,1.8770371,3.4805782,1.7903578
2022-10-31,3.6354617,1.869422,3.4634205,1.780945
2022-11-01,3.6358661,1.869422,3.4638058,1.780945
2022-11-02,3.6362705,1.869422,3.4641911,1.780945
2022-11-03,3.636673,1.869422,3.4645745,1.780945
2022-11-04,3.6370775,1.869422,3.4649599,1.780945
2022-11-07,3.6382793,1.869422,3.4661047,1.780945
2022-11-08,3.6386899,1.869422,3.466496,1.780945
2022-11-09,3.6390987,1.869422,3.4668854,1.780945
2022-11-10,3.6395084,1.869422,3.4672758,1.780945
2022-11-14,3.6411397,1.869422,3.4688299,1.780945
2022-11-15,3.6415547,1.869422,3.4692252,1.780945
2022-11-16,3.6419678,1.869422,3.4696187,1.780945
2022-11-17,3.6423809,1.869422,3.4700122,1.780945
2022-11-18,3.642793,1.869422,3.4704049,1.780945
2022-11-21,3.6440355,1.869422,3.4715886,1.780945
2022-11-22,3.6444578,1.869422,3.4719909,1.780945
2022-11-23,3.6439512,1.8689465,3.4719139,1.7807001
2022-11-25,3.6557947,1.8745897,3.478383,1.7836072
2022-11-28,3.6531308,1.8725736,3.4775668,1.78257
2022-11-29,3.6312296,1.8611266,3.4664825,1.7766783
2022-11-30,3.6565566,1.8738897,3.4797413,1.783266
2022-12-01,3.6569844,1.8738897,3.4801484,1.783266
2022-12-02,3.6574072,1.8738897,3.4805507,1.783266
2022-12-05,3.6586757,1.8738897,3.481758,1.783266
2022-12-06,3.6591038,1.8738897,3.4821653,1.783266
2022-12-07,3.6595318,1.8738897,3.4825726,1.783266
2022-12-08,3.6599529,1.8738897,3.4829734,1.783266
2022-12-09,3.6603711,1.8738897,3.4833713,1.783266
2022-12-12,3.6616316,1.8738897,3.4845709,1.783266
2022-12-13,3.662062,1.8738897,3.4849805,1.783266
2022-12-14,3.6624894,1.8738897,3.4853872,1.783266
2022-12-15,3.6629138,1.8738897,3.4857911,1.783266
2022-12-16,3.6633373,1.8738897,3.4861941,1.783266
2022-12-19,3.6646019,1.8738897,3.4873976,1.783266
2022-12-20,3.6650317,1.8738897,3.4878065,1.783266
2022-12-21,3.6654584,1.8738897,3.4882126,1.783266
2022-12-22,3.6658822,1.8738897,3.4886159,1.783266
2022-12-23,3.6658593,1.8736604,3.4885322,1.783016
2022-12-27,3.651368,1.8653851,3.4725041,1.7739974
2022-12-28,3.6446665,1.8617392,3.4651451,1.7700265
2022-12-29,3.6539565,1.8662628,3.4752004,1.7749519
2022-12-30,3.6450246,1.8614789,3.4654117,1.7697413
2023-01-03,3.6467423,1.8614789,3.4670448,1.7697413
2023-01-04,3.6471819,1.8614789,3.4674627,1.7697413
2023-01-05,3.6476226,1.8614789,3.4678816,1.7697413
2023-01-06,3.6480733,1.8614789,3.4683101,1.7697413
2023-01-09,3.6494256,1.8614789,3.4695958,1.7697413
2023-01-10,3.6498805,1.8614789,3.4700283,1.7697413
2023-01-11,3.6503375,1.8614789,3.4704628,1.7697413
2023-01-12,3.6507945,1.8614789,3.4708973,1.7697413
2023-01-13,3.6512446,1.8614789,3.4713252,1.7697413
2023-01-17,3.6530492,1.8614789,3.4730409,1.7697413
2023-01-18,3.6535056,1.8614789,3.4734748,1.7697413
2023-01-19,3.65396,1.8614789,3.4739068,1.7697413
2023-01-20,3.6544155,1.8614789,3.4743399,1.7697413
2023-01-23,3.6557882,1.8614789,3.4756449,1.7697413
2023-01-24,3.6562469,1.8614789,3.476081,1.7697413
2023-01-25,3.6562027,1.8612233,3.4759914,1.7694741
2023-01-26,3.6505716,1.8581242,3.4700609,1.7662341
2023-01-27,3.6449595,1.8550361,3.4641514,1.763006
2023-01-30,3.6401417,1.8518874,3.4589864,1.7597152
2023-01-31,3.6460085,1.8546392,3.4650736,1.7625907
2023-02-01,3.646466,1.8546392,3.4655084,1.7625907
2023-02-02,3.6469195,1.8546392,3.4659394,1.7625907
2023-02-03,3.6473722,1.8546392,3.4663696,1.7625907
2023-02-06,3.6487422,1.8546392,3.4676716,1.7625907
2023-02-07,3.649201,1.8546392,3.4681077,1.7625907
2023-02-08,3.6496599,1.8546392,3.4685438,1.7625907
2023-02-09,3.6501189,1.8546392,3.46898,1.7625907
2023-02-10,3.6505829,1.8546392,3.469421,1.7625907
2023-02-13,3.6519811,1.8546392,3.4707498,1.7625907
2023-02-14,3.6524494,1.8546392,3.4711948,1.7625907
2023-02-15,3.6529167,1.8546392,3.4716389,1.7625907
2023-02-16,3.6533831,1.8546392,3.4720822,1.7625907
2023-02-17,3.6538535,1.8546392,3.4725293,1.7625907
2023-02-21,3.6557355,1.8546392,3.4743179,1.7625907
2023-02-22,3.6551206,1.8540874,3.4741823,1.7622939
2023-02-23,3.6772694,1.8650833,3.4862895,1.768208
2023-02-24,3.6470217,1.8495012,3.4702579,1.7598487
2023-02-27,3.6611029,1.8559246,3.4784241,1.7633073
2023-02-28,3.6603643,1.8553092,3.4782231,1.7629764
2023-03-01,3.6608377,1.8553092,3.4786729,1.7629764
2023-03-02,3.6613121,1.8553092,3.4791237,1.7629764
2023-03-03,3.6617876,1.8553092,3.4795755,1.7629764
2023-03-06,3.6632141,1.8553092,3.4809311,1.7629764
2023-03-07,3.6636919,1.8553092,3.4813851,1.7629764
2023-03-08,3.6641807,1.8553092,3.4818496,1.7629764
2023-03-09,3.6646716,1.8553092,3.4823161,1.7629764
2023-03-10,3.6651606,1.8553092,3.4827807,1.7629764
2023-03-13,3.6666156,1.8553092,3.4841633,1.7629764
2023-03-14,3.6670877,1.8553092,3.4846119,1.7629764
2023-03-15,3.6675609,1.8553092,3.4850616,1.7629764
2023-03-16,3.6680221,1.8553092,3.4854999,1.7629764
2023-03-17,3.6684814,1.8553092,3.4859363,1.7629764
2023-03-20,3.669796,1.8553092,3.4871855,1.7629764
2023-03-21,3.6702635,1.8553092,3.4876297,1.7629764
2023-03-22,3.6707281,1.8553092,3.4880712,1.7629764
2023-03-23,3.6711937,1.8553092,3.4885136,1.7629764
2023-03-24,3.6716534,1.8553092,3.4889504,1.7629764
2023-03-27,3.6725692,1.8550751,3.4897374,1.7627119
2023-03-28,3.6692687,1.8531666,3.4859218,1.7605552
2023-03-29,3.6659715,1.8512657,3.4821129,1.7584077
2023-03-30,3.6700667,1.8530984,3.4866549,1.7604778
2023-03-31,3.683003,1.8593865,3.5011833,1.767582
2023-04-03,3.6844197,1.8593865,3.5025301,1.767582
2023-04-04,3.6849012,1.8593865,3.5029878,1.767582
2023-04-05,3.6853797,1.8593865,3.5034427,1.767582
2023-04-06,3.6858563,1.8593865,3.5038958,1.767582
2023-04-07,3.686338,1.8593865,3.5043537,1.767582
2023-04-10,3.6877953,1.8593865,3.5057391,1.767582
2023-04-11,3.6882945,1.8593865,3.5062136,1.767582
2023-04-12,3.6887886,1.8593865,3.5066833,1.767582
2023-04-13,3.6892808,1.8593865,3.5071512,1.767582
2023-04-14,3.6897811,1.8593865,3.5076268,1.767582
2023-04-17,3.6912914,1.8593865,3.5090625,1.767582
2023-04-18,3.6918031,1.8593865,3.509549,1.767582
2023-04-19,3.6923129,1.8593865,3.5100336,1.767582
2023-04-20,3.6928197,1.8593865,3.5105154,1.767582
2023-04-21,3.6933225,1.8593865,3.5109934,1.767582
2023-04-24,3.694337,1.8591362,3.511869,1.7672993
2023-04-25,3.7187554,1.8711678,3.5393488,1.7808841
2023-04-26,3.7131238,1.8680794,3.532892,1.7773928
2023-04-27,3.6935455,1.8579736,3.5106754,1.7659721
2023-04-28,3.7114255,1.8667117,3.5307704,1.7758371
2023-05-01,3.7129355,1.8667117,3.5322069,1.7758371
2023-05-02,3.7134543,1.8667117,3.5327004,1.7758371
2023-05-03,3.7139711,1.8667117,3.5331921,1.7758371
2023-05-04,3.714489,1.8667117,3.5336848,1.7758371
2023-05-05,3.715008,1.8667117,3.5341785,1.7758371
2023-05-08,3.7165653,1.8667117,3.53566,1.7758371
2023-05-09,3.7170897,1.8667117,3.5361589,1.7758371
2023-05-10,3.7176121,1.8667117,3.5366559,1.7758371
2023-05-11,3.7181295,1.8667117,3.5371481,1.7758371
2023-05-12,3.7186429,1.8667117,3.5376365,1.7758371
2023-05-15,3.7201956,1.8667117,3.5391136,1.7758371
2023-05-16,3.7207113,1.8667117,3.5396042,1.7758371
2023-05-17,3.7212281,1.8667117,3.5400959,1.7758371
2023-05-18,3.7217481,1.8667117,3.5405905,1.7758371
2023-05-19,3.7222722,1.8667117,3.5410891,1.7758371
2023-05-22,3.7238386,1.8667117,3.5425793,1.7758371
2023-05-23,3.7243732,1.8667117,3.5430879,1.7758371
2023-05-24,3.723945,1.8662322,3.5430498,1.775566
2023-05-25,3.6862116,1.847056,3.521922,1.7647246
2023-05-26,3.6978831,1.8526406,3.5287524,1.7678952
2023-05-30,3.7411155,1.8732524,3.554077,1.779583
2023-05-31,3.7597907,1.8823325,3.5648281,1.7847089
2023-06-01,3.7603325,1.8823325,3.5653419,1.7847089
2023-06-02,3.7608724,1.8823325,3.5658537,1.7847089
2023-06-05,3.762489,1.8823325,3.5673865,1.7847089
2023-06-06,3.7630251,1.8823325,3.5678948,1.7847089
2023-06-07,3.7635591,1.8823325,3.5684011,1.7847089
2023-06-08,3.7640912,1.8823325,3.5689056,1.7847089
2023-06-09,3.7646192,1.8823325,3.5694062,1.7847089
2023-06-12,3.7662003,1.8823325,3.5709054,1.7847089
2023-06-13,3.7667307,1.8823325,3.5714082,1.7847089
2023-06-14,3.767258,1.8823325,3.5719082,1.7847089
2023-06-15,3.7677844,1.8823325,3.5724073,1.7847089
2023-06-16,3.7683077,1.8823325,3.5729035,1.7847089
2023-06-20,3.7704097,1.8823325,3.5748965,1.7847089
2023-06-21,3.7709407,1.8823325,3.5753999,1.7847089
2023-06-22,3.7714728,1.8823325,3.5759044,1.7847089
2023-06-23,3.7720049,1.8823325,3.576409,1.7847089
2023-06-26,3.7729904,1.8820275,3.577242,1.7843691
2023-06-27,3.761212,1.8758821,3.5640328,1.7775241
2023-06-28,3.7762597,1.8831202,3.5806956,1.7855817
2023-06-29,3.7426323,1.8660839,3.5431469,1.7666039
2023-06-30,3.7521061,1.8705417,3.5535954,1.7715618
2023-07-03,3.7537005,1.8705417,3.5551054,1.7715618
2023-07-05,3.7547721,1.8705417,3.5561203,1.7715618
2023-07-06,3.7553081,1.8705417,3.5566279,1.7715618
2023-07-07,3.7558462,1.8705417,3.5571376,1.7715618
2023-07-10,3.7574576,1.8705417,3.5586637,1.7715618
2023-07-11,3.757998,1.8705417,3.5591756,1.7715618
2023-07-12,3.7585386,1.8705417,3.5596875,1.7715618
2023-07-13,3.7590782,1.8705417,3.5601985,1.7715618
2023-07-14,3.7596178,1.8705417,3.5607097,1.7715618
2023-07-17,3.7612401,1.8705417,3.5622461,1.7715618
2023-07-18,3.7617821,1.8705417,3.5627595,1.7715618
2023-07-19,3.7623232,1.8705417,3.5632719,1.7715618
2023-07-20,3.7628654,1.8705417,3.5637854,1.7715618
2023-07-21,3.7634077,1.8705417,3.564299,1.7715618
2023-07-24,3.7650378,1.8705417,3.5658429,1.7715618
2023-07-25,3.7653244,1.8704136,3.5660388,1.7714029
2023-07-26,3.7709925,1.8729586,3.5729064,1.7745581
2023-07-27,3.756061,1.8652715,3.5542278,1.7650243
2023-07-28,3.7616936,1.8677989,3.5610459,1.7681548
2023-07-31,3.7619007,1.8670911,3.560825,1.7672778
2023-08-01,3.7624449,1.8670911,3.5613401,1.7672778
2023-08-02,3.7629881,1.8670911,3.5618543,1.7672778
2023-08-03,3.7635315,1.8670911,3.5623685,1.7672778
2023-08-04,3.7640748,1.8670911,3.5628829,1.7672778
2023-08-07,3.7657083,1.8670911,3.5644291,1.7672778
2023-08-08,3.7662541,1.8670911,3.5649457,1.7672778
2023-08-09,3.766801,1.8670911,3.5654633,1.7672778
2023-08-10,3.7673459,1.8670911,3.5659791,1.7672778
2023-08-11,3.7678909,1.8670911,3.566495,1.7672778
2023-08-14,3.769526,1.8670911,3.5680427,1.7672778
2023-08-15,3.7700724,1.8670911,3.5685598,1.7672778
2023-08-16,3.7706188,1.8670911,3.569077,1.7672778
2023-08-17,3.7711652,1.8670911,3.5695943,1.7672778
2023-08-18,3.7717118,1.8670911,3.5701116,1.7672778
2023-08-21,3.7733486,1.8670911,3.571661,1.7672778
2023-08-22,3.7738965,1.8670911,3.5721796,1.7672778
2023-08-23,3.7744445,1.8670911,3.5726983,1.7672778
2023-08-24,3.7749926,1.8670911,3.5732171,1.7672778
2023-08-25,3.7743209,1.8664873,3.5730944,1.76696
2023-08-28,3.7998699,1.8783027,3.5872381,1.7731788
2023-08-29,3.8397916,1.8977614,3.6084245,1.7833918
2023-08-30,3.8401415,1.8976572,3.6088413,1.7833374
2023-08-31,3.8542651,1.90436,3.6164542,1.7868395
2023-09-01,3.8548268,1.90436,3.6169813,1.7868395
2023-09-05,3.8570658,1.90436,3.6190822,1.7868395
2023-09-06,3.857628,1.90436,3.6196097,1.7868395
2023-09-07,3.8581892,1.90436,3.6201362,1.7868395
2023-09-08,3.8587494,1.90436,3.6206619,1.7868395
2023-09-11,3.8604335,1.90436,3.6222421,1.7868395
2023-09-12,3.8609962,1.90436,3.6227701,1.7868395
2023-09-13,3.861559,1.90436,3.6232981,1.7868395
2023-09-14,3.8621207,1.90436,3.6238252,1.7868395
2023-09-15,3.8626826,1.90436,3.6243524,1.7868395
2023-09-18,3.8643716,1.90436,3.6259372,1.7868395
2023-09-19,3.8649338,1.90436,3.6264647,1.7868395
2023-09-20,3.8654961,1.90436,3.6269923,1.7868395
2023-09-21,3.8660605,1.90436,3.6275219,1.7868395
2023-09-22,3.8666251,1.90436,3.6280516,1.7868395
2023-09-25,3.8677486,1.9040807,3.6289706,1.7865108
2023-09-26,3.8659811,1.9029314,3.6267559,1.7851586
2023-09-27,3.8551742,1.8973336,3.6139077,1.7785734
2023-09-28,3.860192,1.8995256,3.6196721,1.7811501
2023-09-29,3.8601275,1.8992169,3.6194622,1.7807872
2023-10-02,3.8618154,1.8992169,3.6210448,1.7807872
2023-10-03,3.8623814,1.8992169,3.6215756,1.7807872
2023-10-04,3.8629475,1.8992169,3.6221064,1.7807872
2023-10-05,3.8635127,1.8992169,3.6226364,1.7807872
2023-10-06,3.8640779,1.8992169,3.6231663,1.7807872
2023-10-10,3.8663477,1.8992169,3.6252946,1.7807872
2023-10-11,3.8669133,1.8992169,3.625825,1.7807872
2023-10-12,3.8674791,1.8992169,3.6263554,1.7807872
2023-10-13,3.868046,1.8992169,3.626887,1.7807872
2023-10-16,3.8697468,1.8992169,3.6284818,1.7807872
2023-10-17,3.870313,1.8992169,3.6290127,1.7807872
2023-10-18,3.8708803,1.8992169,3.6295446,1.7807872
2023-10-19,3.8714466,1.8992169,3.6300756,1.7807872
2023-10-20,3.8720119,1.8992169,3.6306057,1.7807872
2023-10-23,3.8737018,1.8992169,3.6321902,1.7807872
2023-10-24,3.8742664,1.8992169,3.6327196,1.7807872
2023-10-25,3.8743243,1.898969,3.6325874,1.7804633
2023-10-26,3.8931382,1.9079137,3.6569583,1.7921488
2023-10-27,3.8977545,1.9098979,3.6627906,1.7947458
2023-10-30,3.8911816,1.9058421,3.6535542,1.7894353
2023-10-31,3.8912057,1.9055756,3.6533758,1.7890866
2023-11-01,3.891774,1.9055756,3.6539093,1.7890866
2023-11-02,3.8923401,1.9055756,3.6544409,1.7890866
2023-11-03,3.8929032,1.9055756,3.6549696,1.7890866
2023-11-06,3.8945894,1.9055756,3.6565527,1.7890866
2023-11-07,3.8951538,1.9055756,3.6570827,1.7890866
2023-11-08,3.8957173,1.9055756,3.6576117,1.7890866
2023-11-09,3.8962809,1.9055756,3.6581408,1.7890866
2023-11-10,3.8968434,1.9055756,3.658669,1.7890866
2023-11-13,3.8985281,1.9055756,3.6602507,1.7890866
2023-11-14,3.8990921,1.9055756,3.6607802,1.7890866
2023-11-15,3.899654,1.9055756,3.6613077,1.7890866
2023-11-16,3.900216,1.9055756,3.6618354,1.7890866
2023-11-17,3.9007769,1.9055756,3.6623621,1.7890866
2023-11-20,3.9024602,1.9055756,3.6639424,1.7890866
2023-11-21,3.9030236,1.9055756,3.6644714,1.7890866
2023-11-22,3.9035861,1.9055756,3.6649995,1.7890866
2023-11-24,3.9035947,1.9050296,3.6654509,1.7887904
2023-11-27,3.9408034,1.9223614,3.6863123,1.7981947
2023-11-28,3.9639499,1.9333744,3.6990492,1.8041477
2023-11-29,3.9964746,1.9489588,3.7168135,1.8125514
2023-11-30,3.9497245,1.9258799,3.6919144,1.8001484
2023-12-01,3.9502927,1.9258799,3.6924455,1.8001484
2023-12-04,3.9519907,1.9258799,3.6940327,1.8001484
2023-12-05,3.9525603,1.9258799,3.694565,1.8001484
2023-12-06,3.9531288,1.9258799,3.6950965,1.8001484
2023-12-07,3.9536974,1.9258799,3.6956279,1.8001484
2023-12-08,3.954265,1.9258799,3.6961585,1.8001484
2023-12-11,3.955968,1.9258799,3.6977504,1.8001484
2023-12-12,3.9565381,1.9258799,3.6982833,1.8001484
2023-12-13,3.9571083,1.9258799,3.6988162,1.8001484
2023-12-14,3.9576764,1.9258799,3.6993472,1.8001484
2023-12-15,3.9582435,1.9258799,3.6998773,1.8001484
2023-12-18,3.9599482,1.9258799,3.7014708,1.8001484
2023-12-19,3.9605189,1.9258799,3.7020042,1.8001484
2023-12-20,3.9610864,1.9258799,3.7025346,1.8001484
2023-12-21,3.961655,1.9258799,3.7030662,1.8001484
2023-12-22,3.9617869,1.9256686,3.7030229,1.7998699
2023-12-26,3.9654809,1.9263583,3.707019,1.8007786
2023-12-27,3.9834655,1.9348178,3.7305013,1.8119267
2023-12-28,3.9751846,1.9305179,3.7193496,1.8062502
2023-12-29,3.9682513,1.9268731,3.7099854,1.8014427
2024-01-02,3.9705126,1.9268731,3.7120995,1.8014427
2024-01-03,3.9710805,1.9268731,3.7126304,1.8014427
2024-01-04,3.9716506,1.9268731,3.7131634,1.8014427
2024-01-05,3.9722208,1.9268731,3.7136965,1.8014427
2024-01-08,3.9739315,1.9268731,3.7152959,1.8014427
2024-01-09,3.9745031,1.9268731,3.7158303,1.8014427
2024-01-10,3.9750737,1.9268731,3.7163638,1.8014427
2024-01-11,3.9756433,1.9268731,3.7168963,1.8014427
2024-01-12,3.976213,1.9268731,3.7174289,1.8014427
2024-01-16,3.9784876,1.9268731,3.7195554,1.8014427
2024-01-17,3.9790565,1.9268731,3.7200874,1.8014427
2024-01-18,3.9796278,1.9268731,3.7206214,1.8014427
2024-01-19,3.9801969,1.9268731,3.7211535,1.8014427
2024-01-22,3.9819046,1.9268731,3.7227501,1.8014427
2024-01-23,3.9824741,1.9268731,3.7232825,1.8014427
2024-01-24,3.9830425,1.9268731,3.7238139,1.8014427
2024-01-25,3.9833965,1.9267693,3.7240192,1.8012849
2024-01-26,3.9830752,1.9263389,3.7231978,1.8006305
2024-01-29,3.9907063,1.9292046,3.7337999,1.8049869
2024-01-30,3.9929688,1.9300225,3.7369081,1.8062313
2024-01-31,3.9993541,1.9328334,3.7462925,1.8105094
2024-02-01,3.9999261,1.9328334,3.7468283,1.8105094
2024-02-02,4.0004981,1.9328334,3.7473641,1.8105094
2024-02-05,4.0022178,1.9328334,3.748975,1.8105094
2024-02-06,4.0027902,1.9328334,3.7495111,1.8105094
2024-02-07,4.0033637,1.9328334,3.7500484,1.8105094
2024-02-08,4.0039373,1.9328334,3.7505857,1.8105094
2024-02-09,4.0045111,1.9328334,3.7511231,1.8105094
2024-02-12,4.0062357,1.9328334,3.7527387,1.8105094
2024-02-13,4.0068098,1.9328334,3.7532764,1.8105094
2024-02-14,4.0073861,1.9328334,3.7538163,1.8105094
2024-02-15,4.0079603,1.9328334,3.7543541,1.8105094
2024-02-16,4.0085346,1.9328334,3.7548921,1.8105094
2024-02-20,4.0108365,1.9328334,3.7570483,1.8105094
2024-02-21,4.0114123,1.9328334,3.7575877,1.8105094
2024-02-22,4.0119882,1.9328334,3.7581271,1.8105094
2024-02-23,4.0114614,1.9323016,3.7579945,1.8101851
2024-02-26,4.0039108,1.9278291,3.753956,1.8074572
2024-02-27,3.9911492,1.9214068,3.7463548,1.8035369
2024-02-28,4.0091345,1.9297888,3.7575343,1.8086594
2024-02-29,4.017282,1.9334336,3.7626943,1.8108835
2024-03-01,4.0178599,1.9334336,3.7632355,1.8108835
2024-03-04,4.019587,1.9334336,3.7648531,1.8108835
2024-03-05,4.0201641,1.9334336,3.7653936,1.8108835
2024-03-06,4.0207401,1.9334336,3.7659332,1.8108835
2024-03-07,4.0213173,1.9334336,3.7664738,1.8108835
2024-03-08,4.0218946,1.9334336,3.7670145,1.8108835
2024-03-11,4.0236268,1.9334336,3.7686369,1.8108835
2024-03-12,4.0242044,1.9334336,3.769178,1.8108835
2024-03-13,4.0247833,1.9334336,3.7697201,1.8108835
2024-03-14,4.0253622,1.9334336,3.7702623,1.8108835
2024-03-15,4.0259412,1.9334336,3.7708046,1.8108835
2024-03-18,4.0276784,1.9334336,3.7724318,1.8108835
2024-03-19,4.0282577,1.9334336,3.7729744,1.8108835
2024-03-20,4.028836,1.9334336,3.773516,1.8108835
2024-03-21,4.0294144,1.9334336,3.7740578,1.8108835
2024-03-22,4.0295691,1.9332297,3.7737991,1.8104989
2024-03-25,4.0260329,1.9307005,3.7654813,1.8057287
2024-03-26,4.0282469,1.9314857,3.7691047,1.8072075
2024-03-27,4.0355653,1.9347185,3.7823489,1.8132993
2024-03-28,4.0356556,1.9344851,3.7819709,1.8128588
2024-04-01,4.0379686,1.9344851,3.7841385,1.8128588
2024-04-02,4.0385472,1.9344851,3.7846807,1.8128588
2024-04-03,4.0391248,1.9344851,3.785222,1.8128588
2024-04-04,4.0397024,1.9344851,3.7857633,1.8128588
2024-04-05,4.0402791,1.9344851,3.7863037,1.8128588
2024-04-08,4.0420158,1.9344851,3.7879313,1.8128588
2024-04-09,4.042595,1.9344851,3.7884741,1.8128588
2024-04-10,4.0431743,1.9344851,3.7890169,1.8128588
2024-04-11,4.0437558,1.9344851,3.7895619,1.8128588
2024-04-12,4.0443375,1.9344851,3.790107,1.8128588
2024-04-15,4.0460826,1.9344851,3.7917425,1.8128588
2024-04-16,4.0466646,1.9344851,3.7922878,1.8128588
2024-04-17,4.0472466,1.9344851,3.7928333,1.8128588
2024-04-18,4.0478288,1.9344851,3.7933788,1.8128588
2024-04-19,4.048411,1.9344851,3.7939245,1.8128588
2024-04-22,4.0501579,1.9344851,3.7955616,1.8128588
2024-04-23,4.0507371,1.9344851,3.7961044,1.8128588
2024-04-24,4.0509207,1.9342945,3.7959213,1.8125106
2024-04-25,4.0435057,1.9304751,3.781857,1.8055338
2024-04-26,4.0488299,1.9327388,3.7910471,1.8096612
2024-04-29,4.0568573,1.9357368,3.8041462,1.8151332
2024-04-30,4.0474307,1.9309604,3.7863952,1.8064023
2024-05-01,4.0480129,1.9309604,3.7869399,1.8064023
2024-05-02,4.0485962,1.9309604,3.7874856,1.8064023
2024-05-03,4.0491786,1.9309604,3.7880304,1.8064023
2024-05-06,4.0509258,1.9309604,3.7896649,1.8064023
2024-05-07,4.0515085,1.9309604,3.79021,1.8064023
2024-05-08,4.0520912,1.9309604,3.7907552,1.8064023
2024-05-09,4.0526741,1.9309604,3.7913004,1.8064023
2024-05-10,4.053257,1.9309604,3.7918457,1.8064023
2024-05-13,4.0550093,1.9309604,3.7934851,1.8064023
2024-05-14,4.0555926,1.9309604,3.7940307,1.8064023
2024-05-15,4.0561748,1.9309604,3.7945754,1.8064023
2024-05-16,4.0567582,1.9309604,3.7951212,1.8064023
2024-05-17,4.0573417,1.9309604,3.7956671,1.8064023
2024-05-20,4.0590925,1.9309604,3.7973049,1.8064023
2024-05-21,4.0596763,1.9309604,3.7978511,1.8064023
2024-05-22,4.0602603,1.9309604,3.7983974,1.8064023
2024-05-23,4.0608443,1.9309604,3.7989437,1.8064023
2024-05-24,4.060183,1.9303677,3.798624,1.80599
2024-05-28,4.0222494,1.9112199,3.7727936,1.7926683
2024-05-29,3.9883828,1.8948523,3.7493103,1.7812517
2024-05-30,4.0180892,1.9086926,3.7702156,1.7909269
2024-05-31,4.0369887,1.9173953,3.7835423,1.7969992
2024-06-03,4.0387307,1.9173953,3.7851749,1.7969992
2024-06-04,4.0393127,1.9173953,3.7857204,1.7969992
2024-06-05,4.0398937,1.9173953,3.7862649,1.7969992
2024-06-06,4.0404748,1.9173953,3.7868095,1.7969992
2024-06-07,4.041056,1.9173953,3.7873542,1.7969992
2024-06-10,4.0428031,1.9173953,3.7889916,1.7969992
2024-06-11,4.0433846,1.9173953,3.7895366,1.7969992
2024-06-12,4.0439661,1.9173953,3.7900817,1.7969992
2024-06-13,4.0445478,1.9173953,3.7906268,1.7969992
2024-06-14,4.0451296,1.9173953,3.791172,1.7969992
2024-06-17,4.0468751,1.9173953,3.792808,1.7969992
2024-06-18,4.0474571,1.9173953,3.7933535,1.7969992
2024-06-20,4.0486193,1.9173953,3.7944427,1.7969992
2024-06-21,4.0492005,1.9173953,3.7949874,1.7969992
2024-06-24,4.0505753,1.9172221,3.7958604,1.7966402
2024-06-25,4.0540347,1.9185842,3.8023712,1.7994639
2024-06-26,4.0414278,1.912343,3.7755544,1.7865151
2024-06-27,4.0463315,1.9143889,3.7850312,1.7907428
2024-06-28,4.036319,1.9093775,3.7636556,1.7803732
2024-07-01,4.0380507,1.9093775,3.7652704,1.7803732
2024-07-02,4.0386304,1.9093775,3.7658109,1.7803732
2024-07-03,4.0392102,1.9093775,3.7663515,1.7803732
2024-07-05,4.04037,1.9093775,3.7674329,1.7803732
2024-07-08,4.0421068,1.9093775,3.7690524,1.7803732
2024-07-09,4.042686,1.9093775,3.7695925,1.7803732
2024-07-10,4.0432652,1.9093775,3.7701326,1.7803732
2024-07-11,4.0438446,1.9093775,3.7706728,1.7803732
2024-07-12,4.0444218,1.9093775,3.7712111,1.7803732
2024-07-15,4.0461537,1.9093775,3.772826,1.7803732
2024-07-16,4.0467301,1.9093775,3.7733635,1.7803732
2024-07-17,4.0473067,1.9093775,3.773901,1.7803732
2024-07-18,4.0478833,1.9093775,3.7744387,1.7803732
2024-07-19,4.0484611,1.9093775,3.7749774,1.7803732
2024-07-22,4.0501914,1.9093775,3.7765909,1.7803732
2024-07-23,4.0507673,1.9093775,3.7771279,1.7803732
2024-07-24,4.0513421,1.9093775,3.7776639,1.7803732
2024-07-25,4.0516979,1.9092741,3.7777777,1.7801741
2024-07-26,4.0584014,1.9121626,3.7901224,1.7857391
2024-07-29,4.062679,1.9133671,3.796663,1.7880634
2024-07-30,4.0649901,1.9141855,3.8005546,1.7896439
2024-07-31,4.0706352,1.9165742,3.8108899,1.7942586
2024-08-01,4.0712096,1.9165742,3.8114276,1.7942586
2024-08-02,4.0717807,1.9165742,3.8119622,1.7942586
2024-08-05,4.0734707,1.9165742,3.8135445,1.7942586
2024-08-06,4.0740388,1.9165742,3.8140763,1.7942586
2024-08-07,4.0746069,1.9165742,3.8146082,1.7942586
2024-08-08,4.0751751,1.9165742,3.8151401,1.7942586
2024-08-09,4.0757434,1.9165742,3.8156721,1.7942586
2024-08-12,4.0774485,1.9165742,3.8172685,1.7942586
2024-08-13,4.0780149,1.9165742,3.8177987,1.7942586
2024-08-14,4.0785802,1.9165742,3.8183279,1.7942586
2024-08-15,4.0791468,1.9165742,3.8188583,1.7942586
2024-08-16,4.0797156,1.9165742,3.8193909,1.7942586
2024-08-19,4.081419,1.9165742,3.8209856,1.7942586
2024-08-20,4.0819848,1.9165742,3.8215153,1.7942586
2024-08-21,4.0825485,1.9165742,3.822043,1.7942586
2024-08-22,4.08311,1.9165742,3.8225687,1.7942586
2024-08-23,4.0836738,1.9165742,3.8230965,1.7942586
2024-08-26,4.0841949,1.9160296,3.8239062,1.7938998
2024-08-27,4.0799287,1.9137668,3.8212499,1.7924089
2024-08-28,4.0756706,1.9115083,3.8185979,1.7909204
2024-08-29,4.0621853,1.9049239,3.8098604,1.7865791
2024-08-30,4.0430243,1.8956786,3.797368,1.7804773
2024-09-03,4.0452308,1.8956786,3.7994405,1.7804773
2024-09-04,4.0457816,1.8956786,3.7999578,1.7804773
2024-09-05,4.0463314,1.8956786,3.8004742,1.7804773
2024-09-06,4.046879,1.8956786,3.8009885,1.7804773
2024-09-09,4.0485188,1.8956786,3.8025287,1.7804773
2024-09-10,4.0490612,1.8956786,3.8030382,1.7804773
2024-09-11,4.0495992,1.8956786,3.8035435,1.7804773
2024-09-12,4.0501418,1.8956786,3.8040531,1.7804773
2024-09-13,4.0506799,1.8956786,3.8045585,1.7804773
2024-09-16,4.0522713,1.8956786,3.8060533,1.7804773
2024-09-17,4.0527987,1.8956786,3.8065486,1.7804773
2024-09-18,4.0533261,1.8956786,3.8070439,1.7804773
2024-09-19,4.0538425,1.8956786,3.8075289,1.7804773
2024-09-20,4.0543545,1.8956786,3.8080098,1.7804773
2024-09-23,4.0558741,1.8956786,3.8094371,1.7804773
2024-09-24,4.0558229,1.8954194,3.8090303,1.7800662
2024-09-25,4.0452043,1.8902233,3.7918653,1.7718251
2024-09-26,4.0456489,1.8901975,3.7922463,1.7717842
2024-09-27,4.0549363,1.8943037,3.8066265,1.7782843
2024-09-30,4.0424583,1.8877739,3.7858743,1.7679321
