date,nav_total_book,nav_excess_book,nav_total_supply_calendar,nav_excess_supply_calendar,nav_total_supply_size_weighted,nav_excess_supply_size_weighted,nav_total_demand_alone,nav_excess_demand_alone
1993-01-04,1.0003375,1,1.0003375,1,1.0003375,1,1.0003375,1
1993-01-05,1.0004219,1,1.0004219,1,1.0004219,1,1.0004219,1
1993-01-06,1.0004643,0.99995717,1.0004643,0.99995717,1.0004305,0.9999233,1.0005072,1
1993-01-07,1.0027407,1.0021474,1.0027407,1.0021474,1.0044391,1.003845,1.0005922,1
1993-01-08,1.0019424,1.0012639,1.0019424,1.0012639,1.0029394,1.0022603,1.0006777,1
1993-01-11,1.0014263,1.0004964,1.0014263,1.0004964,1.0018149,1.0008846,1.0009294,1
1993-01-12,1.0016538,1.0006401,1.0016538,1.0006401,1.0021563,1.001142,1.001013,1
1993-01-13,1.0007648,0.99966919,1.0007648,0.99966919,1.0004982,0.99940271,1.0010958,1
1993-01-14,1.001917,1.000738,1.001917,1.000738,1.0024957,1.0013159,1.0011781,1
1993-01-15,1.0030718,1.0018097,1.0030718,1.0018097,1.0044999,1.003236,1.0012599,1
1993-01-19,1.0036375,1.0020519,1.0036375,1.0020519,1.0052497,1.0036616,1.0015825,1
1993-01-20,1.003477,1.0018096,1.003477,1.0018096,1.0049624,1.0032926,1.0016645,1
1993-01-21,1.0028257,1.0010767,1.0028257,1.0010767,1.0035757,1.0018254,1.0017471,1
1993-01-22,1.0007966,0.99896919,1.0007966,0.99896919,0.99973662,0.99791098,1.0018292,1
1993-01-25,0.99889143,0.99682362,0.99914337,0.9970751,0.99650978,0.99444643,1.0018215,0.99974826
1993-01-26,0.99830701,0.99615984,1.0004389,0.99828734,0.99883544,0.9966869,1.0000174,0.99786704
1993-01-27,1.0003104,0.99807842,1.0003014,0.99806949,0.99861229,0.99638367,1.0022424,1.0000067
1993-01-28,1.0059711,1.0036469,1.001795,0.99948013,1.0013573,0.99904312,1.0064975,1.0041726
1993-01-29,1.0114331,1.0090166,1.0022923,0.99989687,1.0022651,0.99986941,1.0115428,1.0091263
1993-02-01,1.0121874,1.0095285,1.0030397,1.0004042,1.0034627,1.0008259,1.0117839,1.0091263
1993-02-02,1.0104105,1.0076761,1.0012788,0.99856847,1.0000891,0.99738162,1.0118642,1.0091263
1993-02-03,1.0105955,1.0077789,1.0014622,0.99867037,1.0004877,0.99769829,1.0119463,1.0091263
1993-02-04,1.0083542,1.0054629,0.99924112,0.99637531,0.99891233,0.99604718,1.0120275,1.0091263
1993-02-05,1.0052183,1.0022561,0.9961336,0.99319753,0.99715643,0.99421718,1.0121079,1.0091263
1993-02-08,1.0072388,1.0040318,0.99813581,0.9949571,0.99838494,0.99520509,1.0123492,1.0091263
1993-02-09,1.0094389,1.0061446,1.0003161,0.99705084,0.99973952,0.99647573,1.0124302,1.0091263
1993-02-10,1.0097248,1.0063487,1.0005993,0.99725313,0.99736339,0.99402738,1.0125114,1.0091263
1993-02-11,1.0082311,1.004779,0.9991192,0.99569761,1.0000229,0.99659791,1.012593,1.0091263
1993-02-12,1.0099255,1.0063872,1.0007982,0.99729122,1.000886,0.99737836,1.012674,1.0091263
1993-02-16,1.0115519,1.0076848,1.00241,0.9985771,1.0035362,0.99969904,1.0129992,1.0091263
1993-02-17,1.0143432,1.0103845,1.005176,1.0012524,1.0046082,1.0006866,1.0130805,1.0091263
1993-02-18,1.0152332,1.0111905,1.006058,1.0020512,0.99758364,0.99360972,1.0131613,1.0091263
1993-02-19,1.0165224,1.0123945,1.0073355,1.0032442,0.99907153,0.99501302,1.0132415,1.0091263
1993-02-22,1.0159127,1.0115435,1.0070139,1.0026823,0.99855516,0.99425912,1.0132013,1.0088433
1993-02-23,1.0305611,1.0260471,1.0020509,0.9976596,0.99151897,0.98717285,1.032886,1.0283618
1993-02-24,1.0204872,1.0159347,1.0022895,0.99781685,0.99139029,0.98696522,1.0226265,1.0180644
1993-02-25,1.0182699,1.0136449,1.0022435,0.99769013,0.991435,0.98692969,1.0205344,1.0158991
1993-02-26,1.0191957,1.0144845,1.0033115,0.99867261,0.99297709,0.98838501,1.0204573,1.0157403
1993-03-01,1.0220593,1.0170889,1.0061304,1.0012364,0.99680712,0.99195767,1.0207048,1.0157403
1993-03-02,1.0219543,1.0169022,1.0060271,1.0010526,0.99664171,0.99171289,1.0207873,1.0157403
1993-03-03,1.023532,1.0183894,1.0075803,1.0025166,0.99862389,0.99360458,1.0208703,1.0157403
1993-03-04,1.0236145,1.0183894,1.0076614,1.0025166,0.99870433,0.99360458,1.0209526,1.0157403
1993-03-05,1.0236961,1.0183894,1.0077418,1.0025166,0.99878395,0.99360458,1.021034,1.0157403
1993-03-08,1.0239485,1.0183894,1.0079902,1.0025166,0.99903023,0.99360458,1.0212857,1.0157403
1993-03-09,1.0240327,1.0183894,1.0080731,1.0025166,0.99911234,0.99360458,1.0213697,1.0157403
1993-03-10,1.0241165,1.0183894,1.0081557,1.0025166,0.99919418,0.99360458,1.0214533,1.0157403
1993-03-11,1.0242002,1.0183894,1.008238,1.0025166,0.99927576,0.99360458,1.0215367,1.0157403
1993-03-12,1.0242832,1.0183894,1.0083197,1.0025166,0.9993568,0.99360458,1.0216196,1.0157403
1993-03-15,1.0245333,1.0183894,1.0085659,1.0025166,0.99960075,0.99360458,1.0218689,1.0157403
1993-03-16,1.0246172,1.0183894,1.0086485,1.0025166,0.99968264,0.99360458,1.0219527,1.0157403
1993-03-17,1.0246775,1.0183662,1.0087079,1.0024938,0.9997304,0.99357093,1.0220361,1.0157403
1993-03-18,1.0240738,1.0176831,1.0081136,1.0018213,0.9988221,0.99258711,1.0221195,1.0157403
1993-03-19,1.0250266,1.0185477,1.0090516,1.0026725,0.99997918,0.99365674,1.0222021,1.0157403
1993-03-22,1.0250103,1.0182837,1.0090354,1.0024125,0.9998178,0.99325464,1.0224508,1.0157403
1993-03-23,1.0243469,1.0175426,1.0083824,1.001683,0.99894732,0.99230987,1.0225332,1.0157403
1993-03-24,1.0252357,1.0183441,1.0092574,1.002472,1.0000436,0.99331947,1.022615,1.0157403
1993-03-25,1.0252331,1.0182601,1.0094695,1.0026026,1.0003451,0.99353952,1.0224792,1.0155242
1993-03-26,1.0118928,1.0049293,1.0056399,0.99871909,0.99544964,0.98859812,1.0131352,1.0061627
1993-03-29,1.017584,1.0103394,1.0084495,1.0012688,0.99901557,0.99190143,1.0162469,1.0090107
1993-03-30,1.0228348,1.0154714,1.0101317,1.0028584,1.0011395,0.99393033,1.0198775,1.0125341
1993-03-31,1.0203419,1.0129155,1.0086466,1.001304,0.99914828,0.99187421,1.0189726,1.011555
1993-04-01,1.0204049,1.0128978,1.0087088,1.0012865,0.99920792,0.99185489,1.0190532,1.011555
1993-04-02,1.0204859,1.0128978,1.008789,1.0012865,0.99928731,0.99185489,1.0191342,1.011555
1993-04-05,1.0206871,1.0128552,1.0089878,1.0012443,0.9994591,0.99178817,1.019378,1.011555
1993-04-06,1.0197117,1.0118068,1.0080236,1.000208,0.99788583,0.99014818,1.0194589,1.011555
1993-04-07,1.0195983,1.0116136,1.0079114,1.000017,0.99766091,0.98984606,1.0195402,1.011555
1993-04-08,1.0179307,1.0098781,1.006263,0.99830147,0.99500641,0.98713317,1.0196218,1.011555
1993-04-12,1.0173043,1.0089358,1.0056438,0.99736989,0.99383924,0.98566152,1.0199458,1.011555
1993-04-13,1.0169313,1.008486,1.0052751,0.99692527,0.99321011,0.98495951,1.0200266,1.011555
1993-04-14,1.0177342,1.0092034,1.0060688,0.9976345,0.99441652,0.986079,1.0201062,1.011555
1993-04-15,1.018186,1.0095735,1.0065154,0.99800031,0.99507589,0.98665665,1.020185,1.011555
1993-04-16,1.0179357,1.0092467,1.0062679,0.99767725,0.99463869,0.98614639,1.0202644,1.011555
1993-04-19,1.0185896,1.0096595,1.0069144,0.99808533,0.99552085,0.98679082,1.0205026,1.011555
1993-04-20,1.0185966,1.0095887,1.0069213,0.99801535,0.99550413,0.98669828,1.0205811,1.011555
1993-04-21,1.018407,1.0093236,1.0067339,0.9977533,0.99527627,0.98639701,1.0206592,1.011555
1993-04-22,1.0178683,1.0087123,1.0062013,0.99714897,0.99468589,0.98573623,1.0207375,1.011555
1993-04-23,1.018242,1.0090046,1.0065707,0.99743798,0.99500091,0.98597225,1.0208163,1.011555
1993-04-26,1.0194211,1.0099376,1.0079498,0.99857169,0.99645625,0.98718424,1.0208382,1.0113405
1993-04-27,1.0160497,1.0065176,1.0113349,1.0018463,0.99992428,0.99054184,1.0141145,1.0045994
1993-04-28,1.0155159,1.0059085,1.0115623,1.0019917,1.0002817,0.99081698,1.0134345,1.0038457
1993-04-29,1.0219549,1.0122061,1.0144583,1.0047801,1.0032613,0.99368912,1.0170401,1.0073368
1993-04-30,1.0152936,1.005528,1.0131006,1.0033556,1.0018419,0.9922043,1.0118527,1.0021189
1993-05-03,1.0186559,1.0086174,1.0164557,1.0064383,1.0053234,0.99541492,1.0120947,1.0021189
1993-05-04,1.0190322,1.0089107,1.0168311,1.0067309,1.0055963,0.99560686,1.0121743,1.0021189
1993-05-05,1.0192327,1.0090299,1.0170312,1.0068499,1.0065491,0.99647191,1.0122539,1.0021189
1993-05-06,1.0179071,1.0076377,1.0157085,1.0054607,1.0055138,0.99536814,1.012334,1.0021189
1993-05-07,1.0197721,1.0094048,1.0175694,1.007224,1.0059174,0.99568961,1.0124134,1.0021189
1993-05-10,1.0181885,1.0075993,1.0159893,1.0054224,1.0056456,0.99518576,1.0126522,1.0021189
1993-05-11,1.0185386,1.0078665,1.0163386,1.005689,1.0058887,0.99534807,1.0127318,1.0021189
1993-05-12,1.0204335,1.0096617,1.0182294,1.0074803,1.0054772,0.99486205,1.012812,1.0021189
1993-05-13,1.02136,1.0104983,1.0191539,1.0083151,1.0042166,0.99353571,1.0128925,1.0021189
1993-05-14,1.0212031,1.0102619,1.0189974,1.0080793,1.0037462,0.99299057,1.0129738,1.0021189
1993-05-17,1.0200719,1.008897,1.0178686,1.0067173,1.0023391,0.99135701,1.0132202,1.0021189
1993-05-18,1.0185933,1.0073517,1.0163932,1.0051754,1.0019318,0.99087264,1.0133035,1.0021189
1993-05-19,1.0183581,1.007036,1.0161585,1.0048604,1.000916,0.98978637,1.0133871,1.0021189
1993-05-20,1.018065,1.0066642,1.015866,1.0044893,1.0008252,0.98961605,1.0134695,1.0021189
1993-05-21,1.0221126,1.0105849,1.0199049,1.0084015,1.0042824,0.99295424,1.0135517,1.0021189
1993-05-24,1.0235789,1.0117854,1.021599,1.0098279,1.005799,0.99420888,1.013572,1.0018919
1993-05-25,1.0228595,1.0109901,1.0217023,1.0098459,1.0057974,0.99412454,1.0128417,1.0010865
1993-05-26,1.0268279,1.0148273,1.0209258,1.0089935,1.0050728,0.9933247,1.017626,1.0057311
1993-05-27,1.0275836,1.0154895,1.0206479,1.0086345,1.0044045,0.99258123,1.0187371,1.0067452
1993-05-28,1.0221131,1.0099982,1.0199676,1.0078776,1.0034691,0.99157359,1.0140781,1.0020566
1993-06-01,1.0262273,1.0137249,1.0240731,1.0115965,1.008702,0.99641192,1.0144182,1.0020566
1993-06-02,1.0260953,1.0135101,1.0239414,1.0113822,1.0080582,0.99569301,1.0145027,1.0020566
1993-06-03,1.0269714,1.0142902,1.0248156,1.0121606,1.0086685,0.99621204,1.014588,1.0020566
1993-06-04,1.0270566,1.0142902,1.0249007,1.0121606,1.0087522,0.99621204,1.0146722,1.0020566
1993-06-07,1.0273191,1.0142902,1.0251627,1.0121606,1.00901,0.99621204,1.0149316,1.0020566
1993-06-08,1.0274064,1.0142902,1.0252498,1.0121606,1.0090957,0.99621204,1.0150178,1.0020566
1993-06-09,1.0274945,1.0142902,1.0253377,1.0121606,1.0091823,0.99621204,1.0151048,1.0020566
1993-06-10,1.027582,1.0142902,1.0254251,1.0121606,1.0092683,0.99621204,1.0151913,1.0020566
1993-06-11,1.0276696,1.0142902,1.0255124,1.0121606,1.0093543,0.99621204,1.0152778,1.0020566
1993-06-14,1.0279272,1.0142902,1.0257695,1.0121606,1.0096073,0.99621204,1.0155323,1.0020566
1993-06-15,1.0279584,1.0142362,1.0258007,1.0121068,1.0095843,0.99610609,1.0156172,1.0020566
1993-06-16,1.027519,1.0137179,1.0253621,1.0115895,1.0087252,0.99517524,1.0157021,1.0020566
1993-06-17,1.0270994,1.0132195,1.0249434,1.0110922,1.0082173,0.99459134,1.0157867,1.0020566
1993-06-18,1.0302186,1.0162125,1.0280561,1.0140789,1.0121854,0.99842319,1.015871,1.0020566
1993-06-21,1.0296105,1.015357,1.0274492,1.0132252,1.0119398,0.99792979,1.0161265,1.0020566
1993-06-22,1.0295316,1.0151941,1.0273706,1.0130627,1.0113918,0.99730572,1.0162117,1.0020566
1993-06-23,1.0281881,1.0137834,1.0260299,1.0116549,1.0092493,0.99510867,1.0162977,1.0020566
1993-06-24,1.0301269,1.0156083,1.0282232,1.0137311,1.0119305,0.99766725,1.0161058,1.0017818
1993-06-25,1.0363541,1.0216615,1.0301816,1.0155757,1.0145232,1.0001387,1.020769,1.0062942
1993-06-28,1.043386,1.0283351,1.032697,1.0177984,1.0171926,1.0025171,1.0258509,1.0110492
1993-06-29,1.0460321,1.0308565,1.0341693,1.0191638,1.018824,1.0040406,1.0271764,1.0122706
1993-06-30,1.0448691,1.0296249,1.0342247,1.0191338,1.0188965,1.0040287,1.0259595,1.0109873
1993-07-01,1.0449559,1.0296249,1.0343105,1.0191338,1.0189811,1.0040287,1.0260446,1.0109873
1993-07-02,1.0450415,1.0296249,1.0343952,1.0191338,1.0190646,1.0040287,1.0261287,1.0109873
1993-07-06,1.0453793,1.0296249,1.0347297,1.0191338,1.019394,1.0040287,1.0264604,1.0109873
1993-07-07,1.0454655,1.0296249,1.034815,1.0191338,1.0194781,1.0040287,1.0265451,1.0109873
1993-07-08,1.0455526,1.0296249,1.0349012,1.0191338,1.019563,1.0040287,1.0266306,1.0109873
1993-07-09,1.0456391,1.0296249,1.0349868,1.0191338,1.0196473,1.0040287,1.0267155,1.0109873
1993-07-12,1.0458987,1.0296249,1.0352437,1.0191338,1.0199004,1.0040287,1.0269704,1.0109873
1993-07-13,1.0459849,1.0296249,1.0353291,1.0191338,1.0199845,1.0040287,1.0270551,1.0109873
1993-07-14,1.046072,1.0296249,1.0354153,1.0191338,1.0200695,1.0040287,1.0271406,1.0109873
1993-07-15,1.0461583,1.0296249,1.0355007,1.0191338,1.0201536,1.0040287,1.0272253,1.0109873
1993-07-16,1.0462446,1.0296249,1.0355861,1.0191338,1.0202377,1.0040287,1.02731,1.0109873
1993-07-19,1.0465034,1.0296249,1.0358423,1.0191338,1.0204901,1.0040287,1.0275642,1.0109873
1993-07-20,1.0465338,1.0295693,1.0358724,1.0190788,1.0204647,1.0039203,1.0276495,1.0109873
1993-07-21,1.0478795,1.0308069,1.0372044,1.0203038,1.0230896,1.0064185,1.0277356,1.0109873
1993-07-22,1.0512334,1.0340194,1.0405241,1.0234835,1.027187,1.0103644,1.0278221,1.0109873
1993-07-23,1.0529362,1.0356068,1.0422095,1.0250548,1.029092,1.0121527,1.0279091,1.0109873
1993-07-26,1.0513026,1.033737,1.0408483,1.0234556,1.0273189,1.0101518,1.0278724,1.0106945
1993-07-27,1.0532758,1.0355901,1.0416764,1.0241835,1.0285672,1.0112939,1.0292712,1.0119845
1993-07-28,1.0555594,1.0377474,1.0417849,1.0242032,1.0299532,1.0125707,1.031866,1.0144499
1993-07-29,1.0697968,1.051657,1.0464819,1.0287345,1.0355761,1.0180134,1.0428901,1.0252023
1993-07-30,1.0666769,1.0485029,1.045648,1.0278296,1.0348586,1.0172238,1.0403673,1.0226374
1993-08-02,1.0647486,1.0463464,1.0437577,1.0257156,1.0321366,1.0142948,1.0406264,1.0226374
1993-08-03,1.0655063,1.0470029,1.0445004,1.0263592,1.0331193,1.0151753,1.0407139,1.0226374
1993-08-04,1.0652019,1.0466156,1.0442021,1.0259794,1.0328924,1.0148666,1.0408017,1.0226374
1993-08-05,1.0637064,1.0450578,1.0427361,1.0244524,1.030142,1.0120786,1.0408895,1.0226374
1993-08-06,1.0632493,1.0445213,1.0422879,1.0239265,1.0291919,1.0110605,1.0409765,1.0226374
1993-08-09,1.0594893,1.0405666,1.0386021,1.0200497,1.0225812,1.0043137,1.0412366,1.0226374
1993-08-10,1.0594539,1.0404457,1.0385674,1.0199313,1.0224495,1.0041013,1.0413228,1.0226374
1993-08-11,1.0571924,1.0381384,1.0363504,1.0176695,1.0196041,1.0012235,1.0414092,1.0226374
1993-08-12,1.0550579,1.0359565,1.034258,1.0155305,1.0156119,0.99722052,1.0414954,1.0226374
1993-08-13,1.05684,1.0376209,1.036005,1.0171622,1.0183992,0.99987509,1.0415813,1.0226374
1993-08-16,1.0588515,1.0393383,1.0379769,1.0188457,1.0215504,1.0027208,1.0418398,1.0226374
1993-08-17,1.058136,1.03855,1.0372755,1.0180729,1.0202961,1.0014066,1.041926,1.0226374
1993-08-18,1.0582146,1.0385415,1.0373525,1.0180645,1.0203499,1.0013769,1.0420119,1.0226374
1993-08-19,1.0560008,1.0362837,1.0351823,1.0158513,1.0182773,0.99926076,1.0420973,1.0226374
1993-08-20,1.0557478,1.0359509,1.0349344,1.0155251,1.0180645,0.99897031,1.0421824,1.0226374
1993-08-23,1.0572825,1.0372022,1.0364388,1.0167517,1.0202506,1.00087,1.0424385,1.0226374
1993-08-24,1.0531416,1.033055,1.0323795,1.0126862,1.0147787,0.99542002,1.0425239,1.0226374
1993-08-25,1.0526653,1.0325031,1.0321688,1.0123966,1.0157385,0.99627994,1.0422699,1.0223045
1993-08-26,1.0652247,1.0447377,1.0350826,1.0151719,1.0193129,0.99970449,1.0547385,1.0344508
1993-08-27,1.0565216,1.0361161,1.0327649,1.0128154,1.0159198,0.99629456,1.046691,1.0264731
1993-08-30,1.0629399,1.0421532,1.0347176,1.014479,1.0181462,0.99823059,1.0527685,1.0321784
1993-08-31,1.060821,1.0399896,1.0338171,1.0135121,1.0167756,0.99680421,1.0512544,1.0306084
1993-09-01,1.0606641,1.03975,1.033605,1.0132206,1.016567,0.99651753,1.0513411,1.0306084
1993-09-02,1.0607516,1.03975,1.0336903,1.0132206,1.0166508,0.99651753,1.0514278,1.0306084
1993-09-03,1.0608385,1.03975,1.0337749,1.0132206,1.0167341,0.99651753,1.0515139,1.0306084
1993-09-07,1.0611803,1.03975,1.034108,1.0132206,1.0170617,0.99651753,1.0518527,1.0306084
1993-09-08,1.0612655,1.03975,1.034191,1.0132206,1.0171433,0.99651753,1.0519371,1.0306084
1993-09-09,1.0613515,1.03975,1.0342749,1.0132206,1.0172258,0.99651753,1.0520224,1.0306084
1993-09-10,1.0614382,1.03975,1.0343593,1.0132206,1.0173089,0.99651753,1.0521083,1.0306084
1993-09-13,1.0616964,1.03975,1.034611,1.0132206,1.0175564,0.99651753,1.0523643,1.0306084
1993-09-14,1.0617522,1.0397201,1.0346654,1.0131914,1.0175866,0.99646607,1.0524499,1.0306084
1993-09-15,1.0615478,1.0394347,1.0344661,1.0129133,1.0171932,0.99599919,1.0525361,1.0306084
1993-09-16,1.0613564,1.039163,1.0342796,1.0126486,1.0169051,0.99563631,1.0526215,1.0306084
1993-09-17,1.061661,1.0393772,1.0345764,1.0128573,1.0172778,0.9959207,1.0527066,1.0306084
1993-09-20,1.062698,1.0401405,1.035587,1.0136011,1.0185128,0.99688837,1.0529618,1.0306084
1993-09-21,1.0625426,1.0399043,1.0354355,1.0133709,1.0180956,0.99639938,1.0530469,1.0306084
1993-09-22,1.062678,1.0399537,1.0355675,1.013419,1.0182507,0.99647149,1.0531312,1.0306084
1993-09-23,1.0638154,1.0409835,1.0366759,1.0144226,1.0199266,0.99803189,1.0532154,1.0306084
1993-09-24,1.0627174,1.0398255,1.0358524,1.0135354,1.0185793,0.99663335,1.0530116,1.0303263
1993-09-27,1.0808526,1.0573197,1.0413884,1.0187081,1.025778,1.003437,1.0674712,1.0442263
1993-09-28,1.0841051,1.0604171,1.0424457,1.0196611,1.0271727,1.0047213,1.0700063,1.0466229
1993-09-29,1.0751975,1.0516198,1.0407614,1.0179326,1.0255131,1.0030181,1.0619616,1.0386708
1993-09-30,1.0699963,1.0464482,1.0408449,1.0179326,1.0255954,1.0030181,1.0560356,1.0327915
1993-10-01,1.0700819,1.0464482,1.0409282,1.0179326,1.0256774,1.0030181,1.0561201,1.0327915
1993-10-04,1.0703387,1.0464482,1.041178,1.0179326,1.0259236,1.0030181,1.0563736,1.0327915
1993-10-05,1.0704246,1.0464482,1.0412616,1.0179326,1.026006,1.0030181,1.0564584,1.0327915
1993-10-06,1.0705126,1.0464482,1.0413472,1.0179326,1.0260903,1.0030181,1.0565452,1.0327915
1993-10-07,1.0706,1.0464482,1.0414322,1.0179326,1.0261741,1.0030181,1.0566315,1.0327915
1993-10-08,1.0706874,1.0464482,1.0415172,1.0179326,1.0262579,1.0030181,1.0567177,1.0327915
1993-10-12,1.0710371,1.0464482,1.0418574,1.0179326,1.026593,1.0030181,1.0570628,1.0327915
1993-10-13,1.0711254,1.0464482,1.0419433,1.0179326,1.0266777,1.0030181,1.05715,1.0327915
1993-10-14,1.0712143,1.0464482,1.0420298,1.0179326,1.0267629,1.0030181,1.0572378,1.0327915
1993-10-15,1.0713026,1.0464482,1.0421157,1.0179326,1.0268476,1.0030181,1.0573249,1.0327915
1993-10-18,1.0715677,1.0464482,1.0423735,1.0179326,1.0271016,1.0030181,1.0575865,1.0327915
1993-10-19,1.0715895,1.046383,1.0423948,1.0178691,1.0270873,1.0029211,1.057674,1.0327915
1993-10-20,1.0715878,1.0462936,1.0423931,1.0177821,1.0270702,1.0028203,1.0577627,1.0327915
1993-10-21,1.0744103,1.0489623,1.0451387,1.0203782,1.0301818,1.005775,1.0578508,1.0327915
1993-10-22,1.075974,1.0504014,1.0466599,1.021778,1.0319472,1.0074145,1.0579392,1.0327915
1993-10-25,1.0783888,1.0524963,1.0492415,1.0240429,1.0350055,1.0101484,1.0579416,1.0325357
1993-10-26,1.080922,1.054881,1.0478867,1.0226354,1.0332769,1.0083771,1.0623168,1.0367198
1993-10-27,1.0791473,1.0530598,1.0469733,1.0216574,1.0310769,1.0061448,1.061439,1.0357755
1993-10-28,1.0825527,1.0562936,1.0474186,1.0220055,1.0319835,1.0069443,1.064777,1.0389451
1993-10-29,1.0800761,1.0537892,1.0470284,1.0215396,1.0311863,1.0060826,1.0625764,1.0367114
1993-11-01,1.0741258,1.0477212,1.0411622,1.0155618,1.022863,0.99771139,1.0628411,1.0367114
1993-11-02,1.0713536,1.0449294,1.0384321,1.0128137,1.0190073,0.99386684,1.0629302,1.0367114
1993-11-03,1.0708132,1.0443129,1.0379083,1.0122163,1.0176918,0.99249882,1.063021,1.0367114
1993-11-04,1.071102,1.0445062,1.0381882,1.0124036,1.0181546,0.99286618,1.063111,1.0367114
1993-11-05,1.0744246,1.0476581,1.0414087,1.0154586,1.0243854,0.99885836,1.0632007,1.0367114
1993-11-08,1.0718976,1.0449306,1.0389594,1.0128149,1.0193091,0.9936574,1.0634681,1.0367114
1993-11-09,1.0704969,1.0434776,1.0376018,1.0114066,1.0165598,0.99089398,1.0635573,1.0367114
1993-11-10,1.0717968,1.0446557,1.0388617,1.0125485,1.0189419,0.99313151,1.0636479,1.0367114
1993-11-12,1.0734226,1.0460618,1.0404375,1.0139113,1.021859,0.9958049,1.0638298,1.0367114
1993-11-15,1.0729252,1.0453097,1.0399554,1.0131823,1.0206508,0.99437293,1.0641017,1.0367114
1993-11-16,1.0736623,1.0459387,1.0406699,1.0137921,1.0220186,0.99562084,1.0641924,1.0367114
1993-11-17,1.0742763,1.0464484,1.041265,1.014286,1.0229152,0.99641002,1.0642825,1.0367114
1993-11-18,1.0758318,1.0478749,1.0427727,1.0156687,1.0243471,0.9977204,1.0643726,1.0367114
1993-11-19,1.0789602,1.0508327,1.0458049,1.0185356,1.0281475,1.001337,1.0644632,1.0367114
1993-11-22,1.0803866,1.0519517,1.0471876,1.0196202,1.0298402,1.002728,1.0647371,1.0367114
1993-11-23,1.0806294,1.0520978,1.0476497,1.0199828,1.032057,1.0048005,1.0645977,1.0364868
1993-11-24,1.0799252,1.0513223,1.0486941,1.0209124,1.0333692,1.0059921,1.0629338,1.0347782
1993-11-26,1.0872197,1.0582439,1.0501416,1.022147,1.0353619,1.00776,1.068828,1.0403394
1993-11-29,1.0895874,1.060278,1.0503461,1.0220848,1.0354247,1.0075636,1.0712207,1.0424023
1993-11-30,1.0800706,1.0509266,1.0476822,1.0194052,1.0315353,1.0036927,1.0646728,1.0359415
1993-12-01,1.0803555,1.0511133,1.0479585,1.0195863,1.0318074,1.0038711,1.0647644,1.0359415
1993-12-02,1.0804478,1.0511133,1.0480481,1.0195863,1.0318956,1.0038711,1.0648554,1.0359415
1993-12-03,1.0805399,1.0511133,1.0481374,1.0195863,1.0319835,1.0038711,1.0649461,1.0359415
1993-12-06,1.0808161,1.0511133,1.0484053,1.0195863,1.0322473,1.0038711,1.0652183,1.0359415
1993-12-07,1.0809076,1.0511133,1.0484941,1.0195863,1.0323347,1.0038711,1.0653085,1.0359415
1993-12-08,1.0809991,1.0511133,1.0485828,1.0195863,1.0324221,1.0038711,1.0653987,1.0359415
1993-12-09,1.0810903,1.0511133,1.0486713,1.0195863,1.0325092,1.0038711,1.0654886,1.0359415
1993-12-10,1.081181,1.0511133,1.0487592,1.0195863,1.0325958,1.0038711,1.0655779,1.0359415
1993-12-13,1.081452,1.0511133,1.0490221,1.0195863,1.0328546,1.0038711,1.0658451,1.0359415
1993-12-14,1.0815036,1.0510757,1.0490722,1.0195498,1.0328669,1.0037991,1.0659341,1.0359415
1993-12-15,1.0810716,1.0505683,1.0486532,1.0190576,1.0319855,1.0028589,1.0660229,1.0359415
1993-12-16,1.0813987,1.0507989,1.0489704,1.0192814,1.0324211,1.0031989,1.0661114,1.0359415
1993-12-17,1.0806071,1.0499425,1.0482026,1.0184506,1.0311968,1.0019261,1.0661999,1.0359415
1993-12-20,1.0814338,1.0504842,1.0490045,1.0189761,1.0322082,1.0026592,1.0664654,1.0359415
1993-12-21,1.0822354,1.0511751,1.049782,1.0196463,1.0334429,1.0037748,1.0665545,1.0359415
1993-12-22,1.0832979,1.0521187,1.0508126,1.0205615,1.0362232,1.0063909,1.0666442,1.0359415
1993-12-23,1.0845236,1.0532209,1.0520016,1.0216307,1.0373064,1.0073585,1.0667337,1.0359415
1993-12-27,1.0846388,1.0529796,1.0523064,1.0215841,1.0370965,1.0068169,1.066831,1.0356886
1993-12-28,1.0846347,1.0528874,1.05223,1.0214243,1.0371637,1.0067977,1.0670181,1.0357835
1993-12-29,1.0827143,1.050935,1.0518373,1.0209574,1.0369767,1.0065317,1.0651236,1.0338576
1993-12-30,1.0745379,1.0429118,1.0499654,1.0190563,1.0360918,1.0055898,1.0570305,1.0259167
1993-12-31,1.0737231,1.0420359,1.0500511,1.0190563,1.0361764,1.0055898,1.0559354,1.0247701
1994-01-03,1.0739887,1.0420359,1.0503109,1.0190563,1.0364327,1.0055898,1.0561966,1.0247701
1994-01-04,1.0740779,1.0420359,1.0503981,1.0190563,1.0365187,1.0055898,1.0562843,1.0247701
1994-01-05,1.0741685,1.0420359,1.0504867,1.0190563,1.0366062,1.0055898,1.0563734,1.0247701
1994-01-06,1.0742589,1.0420359,1.0505751,1.0190563,1.0366934,1.0055898,1.0564623,1.0247701
1994-01-07,1.0743486,1.0420359,1.0506629,1.0190563,1.03678,1.0055898,1.0565505,1.0247701
1994-01-10,1.0746144,1.0420359,1.0509228,1.0190563,1.0370365,1.0055898,1.0568119,1.0247701
1994-01-11,1.0747025,1.0420359,1.0510089,1.0190563,1.0371215,1.0055898,1.0568985,1.0247701
1994-01-12,1.0747902,1.0420359,1.0510947,1.0190563,1.0372061,1.0055898,1.0569848,1.0247701
1994-01-13,1.0748774,1.0420359,1.0511799,1.0190563,1.0372903,1.0055898,1.0570705,1.0247701
1994-01-14,1.0749642,1.0420359,1.0512649,1.0190563,1.0373741,1.0055898,1.0571559,1.0247701
1994-01-18,1.0752462,1.04197,1.0515406,1.0189919,1.0375806,1.0054626,1.0575,1.0247701
1994-01-19,1.0746902,1.0413468,1.0509969,1.0183824,1.0364917,1.0043259,1.0575858,1.0247701
1994-01-20,1.0720221,1.0386767,1.0483876,1.0157712,1.0329316,1.0007946,1.0576718,1.0247701
1994-01-21,1.0732413,1.039774,1.0495799,1.0168443,1.0344172,1.0021531,1.0577573,1.0247701
1994-01-24,1.073508,1.0397803,1.0498408,1.0168505,1.0345134,1.0020033,1.0580138,1.0247701
1994-01-25,1.0741271,1.0402965,1.0506836,1.0175852,1.0355832,1.002959,1.0578595,1.0245384
1994-01-26,1.07487,1.0409325,1.0503637,1.0171937,1.0347684,1.0020894,1.058998,1.0255588
1994-01-27,1.080687,1.0464825,1.0521454,1.0188377,1.0368175,1.0039937,1.063019,1.0293708
1994-01-28,1.0877958,1.0532826,1.0541938,1.0207398,1.0393895,1.0064039,1.0680286,1.0341394
1994-01-31,1.084574,1.0499094,1.0529434,1.0192833,1.0373812,1.004217,1.0663885,1.0323024
1994-02-01,1.0806552,1.0460307,1.0491367,1.0155156,1.0319133,0.99884241,1.066475,1.0323024
1994-02-02,1.0804452,1.0457406,1.0489325,1.0152336,1.0317266,0.99857877,1.0665635,1.0323024
1994-02-03,1.081809,1.0469729,1.0502565,1.0164299,1.0342446,1.0009321,1.066653,1.0323024
1994-02-04,1.0859941,1.0509334,1.0543195,1.0202749,1.042158,1.0085049,1.0667444,1.0323024
1994-02-07,1.0869041,1.0515351,1.055203,1.020859,1.043628,1.0096596,1.0670276,1.0323024
1994-02-08,1.0887172,1.0531964,1.0569632,1.0224719,1.0470178,1.01285,1.0671218,1.0323024
1994-02-09,1.0880605,1.0524674,1.0563257,1.0217642,1.0456615,1.0114478,1.0672168,1.0323024
1994-02-10,1.0878948,1.0522134,1.0561648,1.0215175,1.0452498,1.0109595,1.0673118,1.0323024
1994-02-11,1.0905169,1.0546555,1.0587104,1.0238884,1.0501951,1.0156523,1.0674071,1.0323024
1994-02-14,1.0892683,1.0531654,1.0574983,1.0224418,1.0475089,1.0127823,1.0676931,1.0323024
1994-02-15,1.0899995,1.0537783,1.0582081,1.0230368,1.0488517,1.0139901,1.0677885,1.0323024
1994-02-16,1.0894811,1.0531827,1.0577048,1.0224586,1.0478576,1.0129383,1.0678842,1.0323024
1994-02-17,1.0912851,1.0548322,1.0594562,1.02406,1.047463,1.0124661,1.0679798,1.0323024
1994-02-18,1.094842,1.0581755,1.0629094,1.0273058,1.0512481,1.0160337,1.0680758,1.0323024
1994-02-22,1.0942141,1.0571871,1.0625316,1.0265702,1.0510007,1.0154283,1.0682103,1.0320602
1994-02-23,1.0914092,1.0543819,1.0671007,1.0308922,1.0560519,1.0202169,1.0604169,1.0244375
1994-02-24,1.0832339,1.0463863,1.0672815,1.0309714,1.05453,1.0186523,1.0517281,1.0159486
1994-02-25,1.0846785,1.0476854,1.0676875,1.0312687,1.0548726,1.0188894,1.0529052,1.0169922
1994-02-28,1.0934274,1.0558457,1.070742,1.0339333,1.0586975,1.0223016,1.0591483,1.0227406
1994-03-01,1.0865608,1.0491179,1.0638867,1.0272185,1.0499392,1.0137503,1.0592458,1.0227406
1994-03-02,1.0872247,1.0496583,1.064555,1.0277653,1.0510345,1.0147106,1.0593474,1.0227406
1994-03-03,1.0861694,1.0485398,1.0635218,1.0266701,1.0504716,1.0140707,1.0594481,1.0227406
1994-03-04,1.086273,1.0485398,1.0636232,1.0266701,1.0505718,1.0140707,1.0595491,1.0227406
1994-03-07,1.0865882,1.0485398,1.0639317,1.0266701,1.0508766,1.0140707,1.0598565,1.0227406
1994-03-08,1.086693,1.0485398,1.0640344,1.0266701,1.0509779,1.0140707,1.0599587,1.0227406
1994-03-09,1.0867986,1.0485398,1.0641378,1.0266701,1.0510801,1.0140707,1.0600618,1.0227406
1994-03-10,1.0869038,1.0485398,1.0642408,1.0266701,1.0511818,1.0140707,1.0601643,1.0227406
1994-03-11,1.0870077,1.0485398,1.0643425,1.0266701,1.0512823,1.0140707,1.0602657,1.0227406
1994-03-14,1.0873195,1.0485398,1.0646478,1.0266701,1.0515839,1.0140707,1.0605698,1.0227406
1994-03-15,1.0873933,1.0485092,1.0647201,1.0266401,1.0516369,1.0140235,1.0606727,1.0227406
1994-03-16,1.0870687,1.0480934,1.0644022,1.026233,1.0510996,1.013406,1.0607767,1.0227406
1994-03-17,1.0870929,1.0480154,1.0644259,1.0261566,1.0508842,1.0131003,1.0608793,1.0227406
1994-03-18,1.0892477,1.049993,1.0665358,1.028093,1.0532388,1.0152739,1.0609802,1.0227406
1994-03-21,1.0908216,1.05121,1.0680769,1.0292846,1.054919,1.0166031,1.0612837,1.0227406
1994-03-22,1.088853,1.0492114,1.0661493,1.0273277,1.0529739,1.0146307,1.061386,1.0227406
1994-03-23,1.0896735,1.0499009,1.0669527,1.0280028,1.0542724,1.0157841,1.0614884,1.0227406
1994-03-24,1.085168,1.0454604,1.0625412,1.0236549,1.0498242,1.011402,1.061589,1.0227406
1994-03-25,1.0840257,1.044261,1.0616367,1.0226867,1.0489033,1.0104192,1.0614755,1.0225347
1994-03-28,1.0822533,1.0422549,1.0613149,1.0220842,1.0485175,1.0097585,1.0603653,1.0211727
1994-03-29,1.0719571,1.0322394,1.0579277,1.0187242,1.044867,1.0061461,1.0537633,1.0147168
1994-03-30,1.0651385,1.0255741,1.0570173,1.0177496,1.044376,1.0055766,1.0480685,1.0091355
1994-03-31,1.0659808,1.0262871,1.0571184,1.0177496,1.0444759,1.0055766,1.0488973,1.009837
1994-04-04,1.0663874,1.0262871,1.0575216,1.0177496,1.0448742,1.0055766,1.0492974,1.009837
1994-04-05,1.066494,1.0262871,1.0576273,1.0177496,1.0449787,1.0055766,1.0494023,1.009837
1994-04-06,1.066601,1.0262871,1.0577334,1.0177496,1.0450835,1.0055766,1.0495075,1.009837
1994-04-07,1.0667059,1.0262871,1.0578374,1.0177496,1.0451863,1.0055766,1.0496107,1.009837
1994-04-08,1.066809,1.0262871,1.0579397,1.0177496,1.0452873,1.0055766,1.0497122,1.009837
1994-04-11,1.0671212,1.0262871,1.0582493,1.0177496,1.0455932,1.0055766,1.0500194,1.009837
1994-04-12,1.0672247,1.0262871,1.0583519,1.0177496,1.0456946,1.0055766,1.0501212,1.009837
1994-04-13,1.0673288,1.0262871,1.0584551,1.0177496,1.0457966,1.0055766,1.0502237,1.009837
1994-04-14,1.0674329,1.0262871,1.0585584,1.0177496,1.0458986,1.0055766,1.0503261,1.009837
1994-04-15,1.0675376,1.0262871,1.0586622,1.0177496,1.0460012,1.0055766,1.0504291,1.009837
1994-04-18,1.0678526,1.0262871,1.0589746,1.0177496,1.0463098,1.0055766,1.0507391,1.009837
1994-04-19,1.0679167,1.0262447,1.0590382,1.0177075,1.046355,1.0055181,1.0508456,1.009837
1994-04-20,1.0674115,1.025654,1.0585371,1.0171218,1.0456438,1.0047316,1.0509532,1.009837
1994-04-21,1.0640997,1.0223667,1.0552529,1.0138618,1.042601,1.0017049,1.0510609,1.009837
1994-04-22,1.0651006,1.0232236,1.0564012,1.0148612,1.0437011,1.0026592,1.0510135,1.009688
1994-04-25,1.0689296,1.0265866,1.0556015,1.0137802,1.0431133,1.0017854,1.0559114,1.014082
1994-04-26,1.0683018,1.025878,1.0549101,1.0130117,1.0423652,1.0009638,1.0560917,1.0141507
1994-04-28,1.0574126,1.0152031,1.0551703,1.0130462,1.0404879,0.99894822,1.0452909,1.0035633
1994-04-29,1.056752,1.0144607,1.0558327,1.0135742,1.0412285,0.99955284,1.0440932,1.0023064
1994-05-02,1.0552335,1.0126803,1.0543155,1.0117953,1.0394963,0.99757198,1.0444253,1.0023064
1994-05-03,1.0539669,1.011356,1.05305,1.0104722,1.0381068,0.99613145,1.0445375,1.0023064
1994-05-04,1.0536915,1.0109803,1.0527748,1.0100968,1.0379073,0.99583028,1.0446525,1.0023064
1994-05-05,1.0534593,1.0106454,1.0525429,1.0097622,1.036567,0.99443381,1.0447684,1.0023064
1994-05-06,1.0604622,1.0172521,1.0595396,1.0163631,1.0502336,1.0074351,1.0448838,1.0023064
1994-05-09,1.0646407,1.0209108,1.0637145,1.0200187,1.0581493,1.0146821,1.0452428,1.0023064
1994-05-10,1.0606845,1.0169983,1.0597617,1.0161095,1.0501619,1.0069047,1.0453645,1.0023064
1994-05-11,1.0612083,1.0173823,1.0602851,1.0164932,1.0510771,1.0076652,1.0454859,1.0023064
1994-05-12,1.0620331,1.0180555,1.0611092,1.0171658,1.0525895,1.0089986,1.0456068,1.0023064
1994-05-13,1.0633326,1.0191859,1.0624075,1.0182953,1.0550462,1.0112394,1.0457251,1.0023064
1994-05-16,1.0642958,1.0197641,1.0633699,1.0188729,1.0566004,1.0123867,1.0460792,1.0023064
1994-05-17,1.0669545,1.0221956,1.0660263,1.0213023,1.0617955,1.0172493,1.0461981,1.0023064
1994-05-18,1.06627,1.0214221,1.0653423,1.0205295,1.0611174,1.0164826,1.0463185,1.0023064
1994-05-19,1.0637859,1.0189252,1.0628604,1.0180348,1.0590943,1.0144279,1.0464386,1.0023064
1994-05-20,1.0657216,1.0206641,1.0647945,1.0197721,1.0606867,1.0158383,1.046557,1.0023064
1994-05-23,1.0700096,1.0244227,1.0690788,1.0235274,1.0641489,1.0188076,1.046914,1.0023064
1994-05-24,1.0697499,1.0240573,1.0689528,1.0232901,1.0640803,1.0186259,1.0469026,1.0021813
1994-05-25,1.0712332,1.0253588,1.068773,1.0229997,1.0639823,1.0184143,1.0486514,1.0037394
1994-05-26,1.0751558,1.028996,1.0699498,1.024009,1.0649067,1.0191825,1.0514566,1.0063096
1994-05-27,1.0726113,1.0264434,1.0689657,1.0229504,1.0641111,1.0183049,1.0500552,1.0048537
1994-05-31,1.0697208,1.0232072,1.0686519,1.0221815,1.0639592,1.017693,1.0480147,1.0024408
1994-06-01,1.070629,1.0239593,1.0695592,1.0229329,1.0647111,1.0182963,1.0481342,1.0024408
1994-06-02,1.0714496,1.0246268,1.070379,1.0235998,1.0652438,1.0186891,1.0482542,1.0024408
1994-06-03,1.0715709,1.0246268,1.0705001,1.0235998,1.0653644,1.0186891,1.0483728,1.0024408
1994-06-06,1.0719337,1.0246268,1.0708626,1.0235998,1.0657251,1.0186891,1.0487278,1.0024408
1994-06-07,1.0720538,1.0246268,1.0709826,1.0235998,1.0658445,1.0186891,1.0488454,1.0024408
1994-06-08,1.0721749,1.0246268,1.0711035,1.0235998,1.0659649,1.0186891,1.0489638,1.0024408
1994-06-09,1.0722956,1.0246268,1.0712241,1.0235998,1.0660849,1.0186891,1.0490819,1.0024408
1994-06-10,1.0724166,1.0246268,1.071345,1.0235998,1.0662052,1.0186891,1.0492003,1.0024408
1994-06-13,1.0727789,1.0246268,1.0717069,1.0235998,1.0665654,1.0186891,1.0495547,1.0024408
1994-06-14,1.0728656,1.024594,1.0717935,1.023567,1.0666516,1.0186565,1.0496732,1.0024408
1994-06-15,1.0738847,1.0254518,1.0728116,1.0244239,1.0676766,1.0195207,1.0497914,1.0024408
1994-06-16,1.0730327,1.0245223,1.0719605,1.0234953,1.0669322,1.0186945,1.0499102,1.0024408
1994-06-17,1.0744888,1.0257972,1.0734151,1.024769,1.0681031,1.0196977,1.0500284,1.0024408
1994-06-20,1.0755921,1.0265031,1.0745173,1.0254742,1.0690807,1.0202857,1.050384,1.0024408
1994-06-21,1.0781723,1.0288496,1.0770949,1.0278183,1.0712739,1.0222637,1.0505025,1.0024408
1994-06-22,1.0783926,1.0289415,1.077315,1.0279101,1.0718577,1.0227031,1.0506234,1.0024408
1994-06-23,1.0795813,1.0299579,1.0785025,1.0289255,1.0727881,1.0234737,1.0507437,1.0024408
1994-06-24,1.0766573,1.0270511,1.075718,1.026152,1.0705449,1.0212172,1.0507301,1.0023138
1994-06-27,1.0799417,1.0298322,1.0766301,1.0266704,1.0713316,1.0216177,1.0534046,1.0045215
1994-06-28,1.0736062,1.0236739,1.074608,1.0246257,1.0697471,1.0199909,1.0493227,1.0005151
1994-06-29,1.0749878,1.024874,1.0748405,1.0247299,1.0699341,1.0200523,1.0505663,1.0015863
1994-06-30,1.0696196,1.0196396,1.0749627,1.0247299,1.0700557,1.0200523,1.0453201,0.99647078
1994-07-01,1.0697412,1.0196396,1.0750849,1.0247299,1.0701774,1.0200523,1.0454389,0.99647078
1994-07-05,1.0702336,1.0196396,1.0755797,1.0247299,1.07067,1.0200523,1.0459201,0.99647078
1994-07-06,1.0703571,1.0196396,1.0757038,1.0247299,1.0707935,1.0200523,1.0460408,0.99647078
1994-07-07,1.0704826,1.0196396,1.0758299,1.0247299,1.070919,1.0200523,1.0461634,0.99647078
1994-07-08,1.0706072,1.0196396,1.0759552,1.0247299,1.0710437,1.0200523,1.0462852,0.99647078
1994-07-11,1.0709917,1.0196396,1.0763417,1.0247299,1.0714284,1.0200523,1.046661,0.99647078
1994-07-12,1.0711217,1.0196396,1.0764723,1.0247299,1.0715584,1.0200523,1.0467881,0.99647078
1994-07-13,1.0712523,1.0196396,1.0766035,1.0247299,1.0716891,1.0200523,1.0469157,0.99647078
1994-07-14,1.0713818,1.0196396,1.0767336,1.0247299,1.0718186,1.0200523,1.0470422,0.99647078
1994-07-15,1.071508,1.0196396,1.0768605,1.0247299,1.0719448,1.0200523,1.0471655,0.99647078
1994-07-18,1.0718831,1.0196396,1.0772375,1.0247299,1.0723202,1.0200523,1.0475322,0.99647078
1994-07-19,1.0719696,1.0196034,1.0773244,1.0246936,1.0724067,1.0200161,1.0476539,0.99647078
1994-07-20,1.0738438,1.021267,1.079208,1.0263655,1.0742962,1.0216943,1.0477762,0.99647078
1994-07-21,1.0753804,1.0226081,1.0807523,1.0277133,1.0755523,1.0227686,1.0478996,0.99647078
1994-07-22,1.0764821,1.0235343,1.0818594,1.0286442,1.0764892,1.0235381,1.0480239,0.99647078
1994-07-25,1.0759344,1.0226452,1.0814752,1.0279085,1.0762509,1.0229431,1.0482403,0.99631778
1994-07-26,1.0757938,1.0223888,1.081926,1.0282136,1.0766699,1.0232186,1.047792,0.9957722
1994-07-27,1.072335,1.0189781,1.0823501,1.0284925,1.0757151,1.0221876,1.0441391,0.9921803
1994-07-28,1.076776,1.0230737,1.0834411,1.0294035,1.0766827,1.022982,1.0475385,0.99528929
1994-07-29,1.0947264,1.0400049,1.0902108,1.0357109,1.0855929,1.031324,1.0585829,1.0056623
1994-08-01,1.0943627,1.0392945,1.0898487,1.0350034,1.0848137,1.0302218,1.0589545,1.0056623
1994-08-02,1.0955695,1.0403187,1.0910505,1.0360234,1.0866336,1.0318293,1.0590786,1.0056623
1994-08-03,1.0956343,1.0402568,1.091115,1.0359617,1.0861217,1.0312208,1.0592043,1.0056623
1994-08-04,1.0964507,1.0409085,1.091928,1.0366108,1.0875132,1.0324196,1.0593299,1.0056623
1994-08-05,1.1050995,1.048996,1.1005411,1.0446648,1.1035265,1.0474996,1.0594553,1.0056623
1994-08-08,1.1052901,1.0487923,1.1007309,1.0444621,1.1035007,1.047091,1.0598437,1.0056623
1994-08-09,1.1075756,1.0508326,1.103007,1.0464939,1.1077028,1.0509501,1.0599735,1.0056623
1994-08-10,1.1076381,1.0507638,1.1030693,1.0464254,1.1076754,1.0507959,1.0601027,1.0056623
1994-08-11,1.1065275,1.0495841,1.1019632,1.0452505,1.1054409,1.0485501,1.0602299,1.0056623
1994-08-12,1.1085358,1.0513642,1.1039632,1.0470233,1.1091615,1.0519545,1.060356,1.0056623
1994-08-15,1.1084116,1.050868,1.1038396,1.0465291,1.1085477,1.0509937,1.0607377,1.0056623
1994-08-16,1.111085,1.0532744,1.1065019,1.0489257,1.113545,1.0556034,1.060867,1.0056623
1994-08-17,1.1102744,1.0523727,1.1056947,1.0480276,1.1117886,1.0538048,1.0610013,1.0056623
1994-08-18,1.112821,1.0546548,1.1082308,1.0503003,1.114809,1.0565357,1.0611342,1.0056623
1994-08-19,1.1127313,1.0544371,1.1081415,1.0500835,1.1146795,1.0562801,1.0612676,1.0056623
1994-08-22,1.1144707,1.0556902,1.1098737,1.0513314,1.1169913,1.058075,1.0616653,1.0056623
1994-08-23,1.113784,1.0549083,1.1091898,1.0505528,1.1160002,1.0570046,1.0617974,1.0056623
1994-08-24,1.1140918,1.0550679,1.1094964,1.0507117,1.1177521,1.0585315,1.0619303,1.0056623
1994-08-25,1.1120229,1.0529773,1.1076417,1.0488246,1.1148714,1.0556717,1.0618655,1.0054758
1994-08-26,1.1179846,1.0584909,1.1093798,1.0503393,1.1171869,1.0577324,1.0660248,1.0092886
1994-08-29,1.119022,1.0590764,1.1101629,1.0506871,1.1182717,1.058363,1.066661,1.0095127
1994-08-30,1.1236322,1.063307,1.111348,1.0516771,1.1198127,1.0596889,1.0700503,1.0125941
1994-08-31,1.124807,1.0642851,1.1118081,1.0519803,1.1202763,1.0599944,1.0708607,1.0132336
1994-09-01,1.1249476,1.0642851,1.111947,1.0519803,1.1204163,1.0599944,1.0709945,1.0132336
1994-09-02,1.1250878,1.0642851,1.1120856,1.0519803,1.120556,1.0599944,1.071128,1.0132336
1994-09-06,1.1256488,1.0642851,1.1126401,1.0519803,1.1211147,1.0599944,1.0716621,1.0132336
1994-09-07,1.1257891,1.0642851,1.1127788,1.0519803,1.1212544,1.0599944,1.0717957,1.0132336
1994-09-08,1.1259291,1.0642851,1.1129172,1.0519803,1.1213939,1.0599944,1.071929,1.0132336
1994-09-09,1.1260695,1.0642851,1.113056,1.0519803,1.1215337,1.0599944,1.0720626,1.0132336
1994-09-12,1.1264934,1.0642851,1.113475,1.0519803,1.1219559,1.0599944,1.0724662,1.0132336
1994-09-13,1.1266351,1.0642851,1.113615,1.0519803,1.122097,1.0599944,1.072601,1.0132336
1994-09-14,1.126777,1.0642851,1.1137553,1.0519803,1.1222384,1.0599944,1.0727362,1.0132336
1994-09-15,1.1269184,1.0642851,1.1138951,1.0519803,1.1223792,1.0599944,1.0728708,1.0132336
1994-09-16,1.1270598,1.0642851,1.1140349,1.0519803,1.1225201,1.0599944,1.0730054,1.0132336
1994-09-19,1.1274869,1.0642851,1.114457,1.0519803,1.1229454,1.0599944,1.073412,1.0132336
1994-09-20,1.1276057,1.0642637,1.1145744,1.0519592,1.1230412,1.0599518,1.0735467,1.0132336
1994-09-21,1.1284271,1.0649042,1.1153864,1.0525923,1.1245569,1.0612482,1.0736826,1.0132336
1994-09-22,1.1283591,1.0647003,1.1153191,1.0523908,1.1242868,1.0608541,1.0738235,1.0132336
1994-09-23,1.1286534,1.0648383,1.11561,1.0525271,1.1247389,1.0611415,1.0739644,1.0132336
1994-09-26,1.1291516,1.06489,1.1162082,1.052678,1.1254561,1.0614012,1.0742845,1.0131375
1994-09-27,1.1276103,1.063297,1.1163299,1.0526549,1.125307,1.0611216,1.0728418,1.0116442
1994-09-28,1.1294042,1.0648513,1.1163667,1.0525538,1.1255766,1.0612389,1.0746515,1.0132201
1994-09-29,1.1235872,1.0592343,1.1135218,1.0497405,1.1210917,1.0568784,1.0719888,1.0105837
1994-09-30,1.1244115,1.0598785,1.1135531,1.0496384,1.1208067,1.0564771,1.0728796,1.0112966
1994-10-03,1.122552,1.0577189,1.1117116,1.0474996,1.1178179,1.0532543,1.0732914,1.0112966
1994-10-04,1.1225621,1.0575914,1.1117216,1.0473733,1.1180164,1.0533048,1.0734305,1.0112966
1994-10-05,1.1218136,1.0567425,1.1109803,1.0465326,1.1172709,1.0524593,1.0735764,1.0112966
1994-10-06,1.1219661,1.0567425,1.1111313,1.0465326,1.1174227,1.0524593,1.0737223,1.0112966
1994-10-07,1.1221188,1.0567425,1.1112826,1.0465326,1.1175749,1.0524593,1.0738685,1.0112966
1994-10-11,1.1227189,1.0567425,1.1118769,1.0465326,1.1181725,1.0524593,1.0744428,1.0112966
1994-10-12,1.1228694,1.0567425,1.1120259,1.0465326,1.1183223,1.0524593,1.0745867,1.0112966
1994-10-13,1.1230229,1.0567425,1.1121779,1.0465326,1.1184752,1.0524593,1.0747336,1.0112966
1994-10-14,1.1231739,1.0567425,1.1123275,1.0465326,1.1186257,1.0524593,1.0748782,1.0112966
1994-10-17,1.1236226,1.0567425,1.1127718,1.0465326,1.1190725,1.0524593,1.0753076,1.0112966
1994-10-18,1.123723,1.0566965,1.1128713,1.0464871,1.1191725,1.0524136,1.0754505,1.0112966
1994-10-19,1.1247721,1.0575408,1.1139102,1.0473233,1.1202372,1.0532732,1.0755951,1.0112966
1994-10-20,1.1295449,1.0618859,1.118637,1.0516263,1.1240503,1.0567163,1.0757401,1.0112966
1994-10-21,1.1296389,1.0618288,1.1187301,1.0515698,1.1241562,1.0566711,1.0758875,1.0112966
1994-10-24,1.1322658,1.0638616,1.1213315,1.0535829,1.1263304,1.0582806,1.0763296,1.0112966
1994-10-25,1.1328159,1.0642321,1.1221037,1.0541635,1.1269108,1.0586803,1.0762594,1.0110916
1994-10-26,1.1329688,1.0642283,1.1221578,1.0540682,1.1267766,1.0584075,1.0765021,1.0111794
1994-10-27,1.1332911,1.0643852,1.1223773,1.05413,1.127014,1.0584855,1.0767451,1.0112692
1994-10-28,1.142033,1.0724504,1.1254599,1.0568813,1.1308661,1.061959,1.0822405,1.0162924
1994-10-31,1.1436916,1.0735663,1.126115,1.0570614,1.131574,1.0621864,1.0836279,1.0171768
1994-11-01,1.1396524,1.0696268,1.1221379,1.0531825,1.1264548,1.0572348,1.0837773,1.0171768
1994-11-02,1.1394659,1.0693029,1.1219543,1.0528635,1.1271692,1.0577581,1.0839281,1.0171768
1994-11-03,1.1402052,1.0698475,1.1226822,1.0533998,1.1282424,1.0586178,1.0840793,1.0171768
1994-11-04,1.1440801,1.0733338,1.1264975,1.0568325,1.134349,1.0641996,1.0842307,1.0171768
1994-11-07,1.1450168,1.0737557,1.1274199,1.0572478,1.1355507,1.0648738,1.0846924,1.0171768
1994-11-08,1.144102,1.0727443,1.1265191,1.056252,1.1339648,1.0632344,1.0848475,1.0171768
1994-11-09,1.1430491,1.0716033,1.1254824,1.0551285,1.1321284,1.0613602,1.0850029,1.0171768
1994-11-10,1.1421715,1.0706278,1.1246182,1.0541681,1.1306243,1.0597989,1.0851575,1.0171768
1994-11-14,1.1437794,1.0715215,1.1262015,1.055048,1.1327913,1.0612227,1.0857795,1.0171768
1994-11-15,1.1441595,1.0717225,1.1265757,1.0552459,1.1335188,1.0617508,1.0859365,1.0171768
1994-11-16,1.1448187,1.072182,1.1272248,1.0556983,1.1336969,1.061761,1.0860966,1.0171768
1994-11-17,1.1464398,1.0735425,1.128821,1.057038,1.1349482,1.0627767,1.0862564,1.0171768
1994-11-18,1.1467978,1.0737204,1.1291735,1.0572131,1.1355234,1.0631596,1.0864156,1.0171768
1994-11-21,1.1488689,1.0751882,1.1312127,1.0586584,1.1378662,1.0648865,1.0868924,1.0171768
1994-11-22,1.1489756,1.0751312,1.1313179,1.0586022,1.1384519,1.0652791,1.0870511,1.0171768
1994-11-23,1.1567392,1.0822385,1.1391842,1.065808,1.1472334,1.0733404,1.0869392,1.0169232
1994-11-25,1.1578409,1.0829555,1.1392049,1.0655185,1.1472123,1.0730094,1.088544,1.0181299
1994-11-28,1.1441642,1.0696925,1.1326241,1.0589,1.1380444,1.063968,1.0806718,1.0103242
1994-11-29,1.1334464,1.0595143,1.1281163,1.0545292,1.1322352,1.0583798,1.0734359,1.0034101
1994-11-30,1.13879,1.0643489,1.1300494,1.0561765,1.1334534,1.0593582,1.0776904,1.0072351
1994-12-01,1.1389635,1.0643489,1.1302216,1.0561765,1.133626,1.0593582,1.0778545,1.0072351
1994-12-02,1.1391367,1.0643489,1.1303934,1.0561765,1.1337984,1.0593582,1.0780184,1.0072351
1994-12-05,1.1396638,1.0643489,1.1309165,1.0561765,1.1343231,1.0593582,1.0785173,1.0072351
1994-12-06,1.1398437,1.0643489,1.131095,1.0561765,1.1345021,1.0593582,1.0786875,1.0072351
1994-12-07,1.1400238,1.0643489,1.1312738,1.0561765,1.1346814,1.0593582,1.078858,1.0072351
1994-12-08,1.1402006,1.0643489,1.1314492,1.0561765,1.1348574,1.0593582,1.0790253,1.0072351
1994-12-09,1.1403777,1.0643489,1.131625,1.0561765,1.1350336,1.0593582,1.0791929,1.0072351
1994-12-12,1.1409083,1.0643489,1.1321514,1.0561765,1.1355617,1.0593582,1.079695,1.0072351
1994-12-13,1.141087,1.0643489,1.1323288,1.0561765,1.1357396,1.0593582,1.0798642,1.0072351
1994-12-14,1.1412395,1.0643226,1.1324801,1.0561504,1.1358733,1.0593151,1.0800352,1.0072351
1994-12-15,1.140796,1.0637433,1.13204,1.0555756,1.1350611,1.0583928,1.0802032,1.0072351
1994-12-16,1.1418102,1.0645276,1.1330464,1.0563538,1.1362863,1.0593746,1.0803672,1.0072351
1994-12-19,1.1422989,1.0644967,1.1335313,1.0563232,1.1366851,1.0592623,1.0808609,1.0072351
1994-12-20,1.141979,1.0640364,1.1332139,1.0558664,1.1361786,1.0586289,1.0810255,1.0072351
1994-12-21,1.1421357,1.0640227,1.1333694,1.0558528,1.1364546,1.0587272,1.0811878,1.0072351
1994-12-22,1.1404755,1.0623183,1.131722,1.0541616,1.1328246,1.0551885,1.0813481,1.0072351
1994-12-23,1.1389499,1.0607383,1.1304677,1.0528356,1.1312967,1.0536074,1.0812617,1.0070039
1994-12-27,1.1531254,1.0732976,1.1348072,1.056239,1.1360509,1.0573967,1.091224,1.0156717
1994-12-28,1.1476895,1.0680754,1.1335456,1.0549047,1.1345134,1.0558054,1.0874584,1.012013
1994-12-29,1.1458972,1.0662459,1.1337697,1.0549538,1.1351942,1.0562793,1.0857095,1.0102324
1994-12-30,1.1437715,1.064107,1.1339184,1.0549329,1.1353523,1.0562669,1.083717,1.0082259
1995-01-03,1.1444647,1.064107,1.1346056,1.0549329,1.1360403,1.0562669,1.0843738,1.0082259
1995-01-04,1.1446381,1.064107,1.1347775,1.0549329,1.1362124,1.0562669,1.0845381,1.0082259
1995-01-05,1.1448165,1.064107,1.1349544,1.0549329,1.1363896,1.0562669,1.0847071,1.0082259
1995-01-06,1.1449959,1.064107,1.1351323,1.0549329,1.1365676,1.0562669,1.0848771,1.0082259
1995-01-09,1.1455361,1.064107,1.1356678,1.0549329,1.1371039,1.0562669,1.0853889,1.0082259
1995-01-10,1.1457166,1.064107,1.1358467,1.0549329,1.137283,1.0562669,1.0855599,1.0082259
1995-01-11,1.1458967,1.064107,1.1360253,1.0549329,1.1374618,1.0562669,1.0857306,1.0082259
1995-01-12,1.1460735,1.064107,1.1362006,1.0549329,1.1376373,1.0562669,1.0858981,1.0082259
1995-01-13,1.1462499,1.064107,1.1363755,1.0549329,1.1378125,1.0562669,1.0860653,1.0082259
1995-01-17,1.1469002,1.0640611,1.1370201,1.0548874,1.1384379,1.0562028,1.0867283,1.0082259
1995-01-18,1.1477661,1.0647006,1.1378786,1.0555214,1.139618,1.057135,1.0868956,1.0082259
1995-01-19,1.1486805,1.0653824,1.1387852,1.0561972,1.140349,1.0576478,1.0870656,1.0082259
1995-01-20,1.1502048,1.0666294,1.1402963,1.0574335,1.141438,1.0584923,1.0872357,1.0082259
1995-01-23,1.1505259,1.0664231,1.1406146,1.057229,1.1417299,1.0582628,1.0877495,1.0082259
1995-01-24,1.152327,1.0679242,1.1424002,1.0587171,1.1438641,1.060074,1.0879212,1.0082259
1995-01-25,1.1523833,1.0678064,1.1427207,1.0588456,1.1453194,1.0612539,1.0878423,1.0079923
1995-01-26,1.1598542,1.0745602,1.1458071,1.0615382,1.1490767,1.0645676,1.0921286,1.0118046
1995-01-27,1.1741011,1.0875895,1.1491216,1.0644411,1.1528106,1.0678586,1.102557,1.0213061
1995-01-30,1.1779296,1.0906211,1.1515727,1.0662076,1.1555883,1.0699261,1.1043224,1.0224579
1995-01-31,1.1828868,1.0950396,1.1512279,1.0657209,1.1549302,1.0691488,1.1094739,1.027067
1995-02-01,1.1832745,1.0952236,1.1516052,1.0659,1.155574,1.0695741,1.1096511,1.027067
1995-02-02,1.1847691,1.09643,1.1530598,1.0670741,1.1575306,1.0712121,1.1098304,1.027067
1995-02-03,1.1738915,1.0861876,1.1424733,1.057106,1.141098,1.0558332,1.1100083,1.027067
1995-02-06,1.1766003,1.0881763,1.1451096,1.0590414,1.1448459,1.0587978,1.1105375,1.027067
1995-02-07,1.176797,1.0881853,1.145301,1.0590501,1.1451287,1.058891,1.1107139,1.027067
1995-02-08,1.1777502,1.0888935,1.1462287,1.0597394,1.1464479,1.0599423,1.1108907,1.027067
1995-02-09,1.1747789,1.0859743,1.143337,1.0568984,1.142162,1.0558123,1.1110664,1.027067
1995-02-10,1.1726437,1.0838285,1.1412589,1.05481,1.1389134,1.0526421,1.1112423,1.027067
1995-02-13,1.1742054,1.0847543,1.1427788,1.0557111,1.1409224,1.0539963,1.111773,1.027067
1995-02-14,1.1801325,1.0900575,1.1485473,1.0608723,1.1494914,1.0617449,1.1119496,1.027067
1995-02-15,1.1807587,1.090463,1.1491567,1.0612669,1.1512068,1.0631609,1.112126,1.027067
1995-02-16,1.1778339,1.0875895,1.1463102,1.0584703,1.1491195,1.0610652,1.1123018,1.027067
1995-02-17,1.1795921,1.0890435,1.1480214,1.0598854,1.1505383,1.0622099,1.1124752,1.027067
1995-02-21,1.1808487,1.0895233,1.1492443,1.0603524,1.1516425,1.0625658,1.1131701,1.027067
1995-02-22,1.1748301,1.0837989,1.1436294,1.055005,1.1471692,1.0582714,1.1131103,1.0268502
1995-02-23,1.1749871,1.0837748,1.1437248,1.0549286,1.1473099,1.0582362,1.1133397,1.0269018
1995-02-24,1.1775291,1.0859496,1.145177,1.0561027,1.1484552,1.0591267,1.1145091,1.0278195
1995-02-27,1.1909506,1.0978167,1.1493265,1.0594329,1.1518329,1.0617438,1.1236979,1.0358104
1995-02-28,1.1930018,1.0995354,1.149545,1.0594683,1.1520456,1.0617735,1.1255957,1.0373974
1995-03-01,1.1928476,1.0992198,1.1493965,1.0591642,1.1518908,1.0614633,1.1257734,1.0373974
1995-03-02,1.1912562,1.0975799,1.147863,1.057584,1.1510557,1.0605262,1.125951,1.0373974
1995-03-03,1.1914439,1.0975799,1.1480439,1.057584,1.151237,1.0605262,1.1261284,1.0373974
1995-03-06,1.192004,1.0975799,1.1485836,1.057584,1.1517782,1.0605262,1.1266578,1.0373974
1995-03-07,1.1921915,1.0975799,1.1487642,1.057584,1.1519594,1.0605262,1.126835,1.0373974
1995-03-08,1.1923803,1.0975799,1.1489461,1.057584,1.1521418,1.0605262,1.1270134,1.0373974
1995-03-09,1.1925688,1.0975799,1.1491278,1.057584,1.1523239,1.0605262,1.1271916,1.0373974
1995-03-10,1.192756,1.0975799,1.1493082,1.057584,1.1525048,1.0605262,1.1273686,1.0373974
1995-03-13,1.1933216,1.0975799,1.1498532,1.057584,1.1530514,1.0605262,1.1279032,1.0373974
1995-03-14,1.19351,1.0975799,1.1500347,1.057584,1.1532334,1.0605262,1.1280812,1.0373974
1995-03-15,1.193698,1.0975799,1.1502158,1.057584,1.153415,1.0605262,1.1282589,1.0373974
1995-03-16,1.1938857,1.0975799,1.1503967,1.057584,1.1535964,1.0605262,1.1284363,1.0373974
1995-03-17,1.1940735,1.0975799,1.1505776,1.057584,1.1537778,1.0605262,1.1286138,1.0373974
1995-03-20,1.1946368,1.0975799,1.1511205,1.057584,1.1543222,1.0605262,1.1291463,1.0373974
1995-03-21,1.1948011,1.0975586,1.1512788,1.0575635,1.154481,1.0605056,1.1293235,1.0373974
1995-03-22,1.195322,1.0978644,1.1517807,1.0578581,1.1549943,1.0608104,1.1295011,1.0373974
1995-03-23,1.1955918,1.0979399,1.1520407,1.0579309,1.1552177,1.060849,1.1296784,1.0373974
1995-03-24,1.1933939,1.0957497,1.1499228,1.0558205,1.153627,1.0592223,1.1298552,1.0373974
1995-03-27,1.1932665,1.0951221,1.1499257,1.0553312,1.1537612,1.0588518,1.1302582,1.0372841
1995-03-28,1.1899315,1.0918916,1.1521876,1.0572433,1.1555464,1.060326,1.1250514,1.0323447
1995-03-29,1.189676,1.0914863,1.1519144,1.0568272,1.1554682,1.0600884,1.1252526,1.0323678
1995-03-30,1.1869438,1.0888104,1.150243,1.05513,1.1543347,1.0588841,1.1244755,1.0314948
1995-03-31,1.1846916,1.0865744,1.1491584,1.0539703,1.1534749,1.05793,1.1235778,1.0305102
1995-04-03,1.1878969,1.0890051,1.1522675,1.0563281,1.1559493,1.0597038,1.1241042,1.0305102
1995-04-04,1.1896259,1.0904201,1.1539447,1.0577006,1.157311,1.0607866,1.1242797,1.0305102
1995-04-05,1.1895793,1.0902062,1.1538995,1.0574932,1.1573583,1.0606635,1.1244562,1.0305102
1995-04-06,1.1897651,1.0902062,1.1540797,1.0574932,1.1575391,1.0606635,1.1246318,1.0305102
1995-04-07,1.1899499,1.0902062,1.154259,1.0574932,1.1577189,1.0606635,1.1248065,1.0305102
1995-04-10,1.1905054,1.0902062,1.1547979,1.0574932,1.1582594,1.0606635,1.1253316,1.0305102
1995-04-11,1.1906897,1.0902062,1.1549766,1.0574932,1.1584387,1.0606635,1.1255058,1.0305102
1995-04-12,1.1908744,1.0902062,1.1551557,1.0574932,1.1586183,1.0606635,1.1256804,1.0305102
1995-04-13,1.1910584,1.0902062,1.1553342,1.0574932,1.1587973,1.0606635,1.1258543,1.0305102
1995-04-17,1.1917867,1.0902062,1.1560407,1.0574932,1.1595059,1.0606635,1.1265428,1.0305102
1995-04-18,1.191921,1.0901612,1.1561709,1.0574495,1.1596366,1.0606197,1.1267162,1.0305102
1995-04-19,1.1934064,1.0913522,1.1576118,1.0586048,1.1610304,1.0617315,1.1268894,1.0305102
1995-04-20,1.1907053,1.0887141,1.1549918,1.0560458,1.157152,1.0580214,1.1270629,1.0305102
1995-04-21,1.19126,1.0890542,1.1555298,1.0563757,1.1578822,1.0585266,1.1272358,1.0305102
1995-04-24,1.191822,1.089065,1.156341,1.0566294,1.1586531,1.0587424,1.127497,1.0302729
1995-04-25,1.1927402,1.0897363,1.1571796,1.057233,1.1598418,1.0596656,1.1277215,1.0303194
1995-04-26,1.1924797,1.0893291,1.1568768,1.0567921,1.1590546,1.0587818,1.1279456,1.0303641
1995-04-27,1.1874034,1.0845226,1.1550933,1.0549987,1.1553008,1.0551883,1.1250581,1.0275664
1995-04-28,1.1822954,1.0796881,1.153522,1.0533991,1.1519775,1.0519885,1.1219241,1.0245438
1995-05-01,1.1821495,1.07905,1.1533797,1.0527765,1.1511546,1.050745,1.1224488,1.0245438
1995-05-02,1.1851301,1.0816018,1.1562877,1.0552662,1.1568297,1.0557607,1.1226244,1.0245438
1995-05-03,1.1850276,1.081339,1.1561877,1.0550098,1.1586941,1.0572971,1.1228,1.0245438
1995-05-04,1.1799995,1.0765832,1.151282,1.0503698,1.1507303,1.0498663,1.1229741,1.0245438
1995-05-05,1.1716796,1.0688273,1.1431645,1.0428027,1.1381887,1.0382628,1.1231464,1.0245438
1995-05-08,1.1730433,1.069582,1.1444951,1.0435391,1.1397547,1.039216,1.1236606,1.0245438
1995-05-09,1.1682805,1.0650758,1.1398482,1.0391426,1.1325963,1.0325302,1.1238324,1.0245438
1995-05-10,1.1689002,1.0654764,1.1404528,1.0395334,1.1336231,1.033307,1.1240057,1.0245438
1995-05-11,1.167148,1.0637146,1.1387432,1.0378145,1.1300492,1.0298898,1.1241794,1.0245438
1995-05-12,1.1673885,1.0637689,1.1389779,1.0378675,1.1303398,1.0299948,1.1243537,1.0245438
1995-05-15,1.1702695,1.0658967,1.1417888,1.0399435,1.1353903,1.0341153,1.1248796,1.0245438
1995-05-16,1.1724706,1.067735,1.1439363,1.041737,1.1394839,1.0376823,1.1250552,1.0245438
1995-05-17,1.1735672,1.0685671,1.1450062,1.0425489,1.1414377,1.0392998,1.1252306,1.0245438
1995-05-18,1.1754322,1.070099,1.1468258,1.0440435,1.144888,1.0422796,1.1254057,1.0245438
1995-05-19,1.1756079,1.0700922,1.1469973,1.0440368,1.1450519,1.0422663,1.1255811,1.0245438
1995-05-22,1.1764381,1.0703474,1.1478073,1.0442858,1.1461337,1.0427635,1.1261076,1.0245438
1995-05-23,1.1751537,1.0690113,1.1465541,1.0429823,1.1434516,1.0401602,1.1262837,1.0245438
1995-05-24,1.1763771,1.0699565,1.1480245,1.0441562,1.146205,1.0425017,1.1261887,1.0242965
1995-05-25,1.183176,1.0759735,1.1490785,1.0449521,1.1481311,1.0440909,1.131839,1.0292759
1995-05-26,1.1827141,1.0753866,1.149715,1.0453688,1.1492249,1.0449237,1.1309458,1.0283041
1995-05-30,1.199076,1.0895967,1.1543494,1.0489342,1.1577769,1.0520514,1.1427343,1.0383848
1995-05-31,1.1989484,1.0893121,1.154482,1.0488923,1.1578637,1.0519675,1.1426583,1.038155
1995-06-01,1.2021569,1.0920591,1.1575715,1.0515375,1.1638822,1.0572732,1.1428345,1.038155
1995-06-02,1.202338,1.0920591,1.157746,1.0515375,1.1640576,1.0572732,1.1430067,1.038155
1995-06-05,1.2028737,1.0920591,1.1582617,1.0515375,1.1645761,1.0572732,1.1435159,1.038155
1995-06-06,1.2030552,1.0920591,1.1584366,1.0515375,1.164752,1.0572732,1.1436886,1.038155
1995-06-07,1.2032372,1.0920591,1.1586117,1.0515375,1.1649281,1.0572732,1.1438615,1.038155
1995-06-08,1.2034208,1.0920591,1.1587886,1.0515375,1.1651059,1.0572732,1.1440361,1.038155
1995-06-09,1.2036051,1.0920591,1.158966,1.0515375,1.1652843,1.0572732,1.1442113,1.038155
1995-06-12,1.2041591,1.0920591,1.1594995,1.0515375,1.1658207,1.0572732,1.1447379,1.038155
1995-06-13,1.2043425,1.0920591,1.1596761,1.0515375,1.1659982,1.0572732,1.1449123,1.038155
1995-06-14,1.204522,1.0920591,1.1598489,1.0515375,1.166172,1.0572732,1.1450829,1.038155
1995-06-15,1.2047015,1.0920591,1.1600218,1.0515375,1.1663458,1.0572732,1.1452536,1.038155
1995-06-16,1.2048824,1.0920591,1.160196,1.0515375,1.1665209,1.0572732,1.1454256,1.038155
1995-06-19,1.2054261,1.0920591,1.1607195,1.0515375,1.1670473,1.0572732,1.1459424,1.038155
1995-06-20,1.2055669,1.0920234,1.1608551,1.051503,1.1671455,1.057204,1.1461138,1.038155
1995-06-21,1.205071,1.0914102,1.1603776,1.0509126,1.1660101,1.0560168,1.1462859,1.038155
1995-06-22,1.2026172,1.0890255,1.1580148,1.0486164,1.161088,1.051402,1.1464564,1.038155
1995-06-23,1.2037643,1.089904,1.1591193,1.0494623,1.1631322,1.0530983,1.1466251,1.038155
1995-06-26,1.2063113,1.0917281,1.1618002,1.0514255,1.1679982,1.0570384,1.1469062,1.0379504
1995-06-27,1.2031428,1.0886994,1.1623827,1.0517974,1.1689969,1.0577862,1.1434881,1.0347038
1995-06-28,1.2074892,1.0924707,1.1619781,1.0512751,1.1680096,1.0567356,1.1481868,1.0388018
1995-06-29,1.1855885,1.0724945,1.1572358,1.0468291,1.1583029,1.0477973,1.1322175,1.0242002
1995-06-30,1.1943928,1.0802973,1.1596803,1.0488826,1.1630219,1.0519082,1.1384045,1.0296426
1995-07-03,1.1950374,1.0803973,1.1603062,1.0489798,1.1637572,1.052103,1.1389135,1.0296426
1995-07-05,1.195698,1.0806714,1.1609476,1.0492458,1.1646957,1.0526367,1.1392542,1.0296426
1995-07-06,1.197562,1.0821929,1.1627574,1.0507231,1.1681512,1.0556008,1.1394262,1.0296426
1995-07-07,1.1977382,1.0821929,1.1629285,1.0507231,1.1683231,1.0556008,1.1395938,1.0296426
1995-07-10,1.1982678,1.0821929,1.1634427,1.0507231,1.1688397,1.0556008,1.1400977,1.0296426
1995-07-11,1.1984438,1.0821929,1.1636136,1.0507231,1.1690113,1.0556008,1.1402652,1.0296426
1995-07-12,1.1986208,1.0821929,1.1637854,1.0507231,1.169184,1.0556008,1.1404336,1.0296426
1995-07-13,1.1987974,1.0821929,1.163957,1.0507231,1.1693563,1.0556008,1.1406017,1.0296426
1995-07-14,1.1989745,1.0821929,1.1641289,1.0507231,1.169529,1.0556008,1.1407701,1.0296426
1995-07-17,1.1995096,1.0821929,1.1646484,1.0507231,1.1700509,1.0556008,1.1412792,1.0296426
1995-07-18,1.1996531,1.0821608,1.1647878,1.0506919,1.1701593,1.0555409,1.1414496,1.0296426
1995-07-19,1.2014911,1.0836575,1.1665724,1.0521451,1.1734296,1.0583336,1.1416197,1.0296426
1995-07-20,1.2019387,1.0839006,1.1670069,1.0523811,1.1741069,1.0587876,1.141789,1.0296426
1995-07-21,1.2043374,1.0859024,1.1693359,1.0543248,1.1784296,1.0625282,1.1419588,1.0296426
1995-07-24,1.2042004,1.0852934,1.1692029,1.0537334,1.1776922,1.0613883,1.1424694,1.0296426
1995-07-25,1.2035223,1.0845205,1.1687308,1.0531509,1.1766223,1.0602658,1.1424577,1.0294786
1995-07-26,1.2001674,1.0813354,1.169162,1.0533822,1.1772924,1.0607114,1.1390221,1.026229
1995-07-27,1.2059332,1.0863686,1.1710295,1.0549072,1.1807287,1.0636487,1.1428451,1.0295199
1995-07-28,1.2008269,1.0816075,1.1705085,1.0542815,1.1795641,1.062442,1.1386838,1.0256187
1995-07-31,1.2057966,1.085602,1.1724793,1.0555869,1.1828834,1.0649584,1.1419864,1.0281365
1995-08-01,1.2041879,1.0839924,1.170915,1.0540219,1.1797011,1.0619351,1.142156,1.0281365
1995-08-02,1.204569,1.0841739,1.1712855,1.0541983,1.1801863,1.0622137,1.1423263,1.0281365
1995-08-03,1.2071781,1.0863612,1.1738226,1.0563252,1.1851237,1.0664998,1.1424959,1.0281365
1995-08-04,1.2056834,1.0848549,1.1723692,1.0548605,1.1820131,1.0635422,1.1426655,1.0281365
1995-08-07,1.2051268,1.0838717,1.171828,1.0539044,1.1803961,1.0616143,1.1431736,1.0281365
1995-08-08,1.2047293,1.0833538,1.1714415,1.0534009,1.1794428,1.0605999,1.1433428,1.0281365
1995-08-09,1.2050712,1.0835016,1.1717739,1.0535446,1.1799384,1.0608892,1.1435113,1.0281365
1995-08-10,1.203457,1.0818902,1.1702043,1.0519778,1.1766031,1.0577338,1.1436801,1.0281365
1995-08-11,1.1986099,1.0773726,1.1654911,1.0475851,1.166951,1.0489003,1.1438493,1.0281365
1995-08-14,1.1996573,1.0778341,1.1665095,1.0480338,1.1684706,1.0497989,1.1443589,1.0281365
1995-08-15,1.200729,1.0786366,1.1675516,1.0488141,1.1703908,1.051368,1.1445292,1.0281365
1995-08-16,1.201753,1.0793955,1.1685474,1.0495521,1.1723233,1.0529469,1.1447,1.0281365
1995-08-17,1.2024057,1.0798212,1.169182,1.0499659,1.1731649,1.0535461,1.1448703,1.0281365
1995-08-18,1.2025711,1.0798088,1.1693429,1.0499539,1.1733175,1.0535262,1.145041,1.0281365
1995-08-21,1.2023225,1.0791028,1.1691012,1.0492674,1.1725798,1.0523927,1.1455529,1.0281365
1995-08-22,1.2028926,1.0794533,1.1696555,1.0496082,1.1733817,1.0529553,1.145724,1.0281365
1995-08-23,1.2030262,1.0794117,1.1697854,1.0495677,1.1734827,1.0528885,1.1458954,1.0281365
1995-08-24,1.2066367,1.0824906,1.1732961,1.0525616,1.1791653,1.0578304,1.1460659,1.0281365
1995-08-25,1.2102272,1.0855528,1.176989,1.0557199,1.1851605,1.0630534,1.1460373,1.0279598
1995-08-28,1.2154688,1.0897779,1.1787615,1.0568464,1.1877617,1.06492,1.1497779,1.0308639
1995-08-29,1.2119596,1.0864731,1.1769513,1.0550697,1.1846487,1.061974,1.1483914,1.0294708
1995-08-30,1.2154472,1.0894407,1.1778787,1.0557467,1.1860729,1.0630954,1.1509592,1.0316221
1995-08-31,1.2196388,1.0930395,1.1780498,1.0557467,1.1862451,1.0630954,1.1549284,1.0350299
1995-09-01,1.2198156,1.0930395,1.1782205,1.0557467,1.186417,1.0630954,1.1550957,1.0350299
1995-09-05,1.2205228,1.0930395,1.1789036,1.0557467,1.1871048,1.0630954,1.1557654,1.0350299
1995-09-06,1.2207003,1.0930395,1.1790751,1.0557467,1.1872775,1.0630954,1.1559335,1.0350299
1995-09-07,1.2208782,1.0930395,1.1792469,1.0557467,1.1874506,1.0630954,1.156102,1.0350299
1995-09-08,1.2210569,1.0930395,1.1794194,1.0557467,1.1876243,1.0630954,1.1562711,1.0350299
1995-09-11,1.2215948,1.0930395,1.179939,1.0557467,1.1881475,1.0630954,1.1567805,1.0350299
1995-09-12,1.2217738,1.0930395,1.180112,1.0557467,1.1883216,1.0630954,1.1569501,1.0350299
1995-09-13,1.2219516,1.0930395,1.1802837,1.0557467,1.1884945,1.0630954,1.1571184,1.0350299
1995-09-14,1.2221294,1.0930395,1.1804554,1.0557467,1.1886674,1.0630954,1.1572867,1.0350299
1995-09-15,1.2223061,1.0930395,1.1806261,1.0557467,1.1888394,1.0630954,1.1574541,1.0350299
1995-09-18,1.2228386,1.0930395,1.1811404,1.0557467,1.1893573,1.0630954,1.1579584,1.0350299
1995-09-19,1.22299,1.0930165,1.1812867,1.0557244,1.1894943,1.0630638,1.1581262,1.0350299
1995-09-20,1.2229264,1.0928039,1.1812253,1.0555191,1.189338,1.0627726,1.1582912,1.0350299
1995-09-21,1.2251996,1.0946801,1.1834209,1.0573313,1.1923823,1.0653422,1.1584556,1.0350299
1995-09-22,1.2258648,1.0951173,1.1840634,1.0577536,1.1932241,1.0659414,1.1586219,1.0350299
1995-09-25,1.2268321,1.0955143,1.185116,1.0582427,1.1945101,1.0666355,1.1590004,1.0349266
1995-09-26,1.2261426,1.0947413,1.1853793,1.0583259,1.1948138,1.0667535,1.1582579,1.034115
1995-09-27,1.2240956,1.092755,1.1843297,1.0572353,1.1932532,1.0652056,1.1575178,1.0333043
1995-09-28,1.2248696,1.0932884,1.1841168,1.0568929,1.1928809,1.0647197,1.1586245,1.0341434
1995-09-29,1.234323,1.1015682,1.1881347,1.0603262,1.1985105,1.0695905,1.1638028,1.0386158
1995-10-02,1.2358057,1.102417,1.1895619,1.0611433,1.2003273,1.0707511,1.1643041,1.0386158
1995-10-03,1.2368381,1.1031791,1.1905556,1.0618768,1.2016688,1.0717935,1.1644719,1.0386158
1995-10-04,1.238053,1.104101,1.1917251,1.0627642,1.2032591,1.0730549,1.1646426,1.0386158
1995-10-05,1.2382331,1.104101,1.1918985,1.0627642,1.2034341,1.0730549,1.164812,1.0386158
1995-10-06,1.2384122,1.104101,1.1920709,1.0627642,1.2036082,1.0730549,1.1649805,1.0386158
1995-10-10,1.2391329,1.104101,1.1927646,1.0627642,1.2043086,1.0730549,1.1656584,1.0386158
1995-10-11,1.2393125,1.104101,1.1929374,1.0627642,1.2044832,1.0730549,1.1658273,1.0386158
1995-10-12,1.2394928,1.104101,1.193111,1.0627642,1.2046584,1.0730549,1.1659969,1.0386158
1995-10-13,1.2396727,1.104101,1.1932842,1.0627642,1.2048333,1.0730549,1.1661663,1.0386158
1995-10-16,1.2402117,1.104101,1.1938031,1.0627642,1.2053572,1.0730549,1.1666733,1.0386158
1995-10-17,1.2403226,1.1040388,1.1939098,1.0627044,1.205465,1.0729944,1.1668433,1.0386158
1995-10-18,1.2409829,1.1044671,1.1945454,1.0631167,1.2061067,1.0734107,1.1670118,1.0386158
1995-10-19,1.2411392,1.1044473,1.1946958,1.0630976,1.2062586,1.0733915,1.1671797,1.0386158
1995-10-20,1.244495,1.1072747,1.197926,1.0658191,1.20952,1.0761393,1.1673476,1.0386158
1995-10-23,1.2465931,1.1086619,1.1999457,1.0671543,1.2115592,1.0774875,1.1678532,1.0386158
1995-10-24,1.2425481,1.1049043,1.196052,1.0635375,1.2076279,1.0738356,1.1680218,1.0386158
1995-10-25,1.2421339,1.104378,1.1959447,1.0632899,1.2075195,1.0735857,1.1678868,1.0383471
1995-10-26,1.2356484,1.0984535,1.1967025,1.0638113,1.2082846,1.0741121,1.1608567,1.031948
1995-10-27,1.2357653,1.0984004,1.1955843,1.0626652,1.2071557,1.0729549,1.1622538,1.0330424
1995-10-30,1.2384723,1.1003325,1.1969497,1.0634203,1.2085343,1.0737173,1.1640494,1.0341926
1995-10-31,1.2400671,1.1015903,1.1975924,1.0638374,1.2091832,1.0741384,1.1651488,1.0350198
1995-11-01,1.2419093,1.1030661,1.199453,1.0653352,1.2110618,1.0756507,1.1653186,1.0350198
1995-11-02,1.2420903,1.1030661,1.1996278,1.0653352,1.2112383,1.0756507,1.1654885,1.0350198
1995-11-03,1.242271,1.1030661,1.1998023,1.0653352,1.2114145,1.0756507,1.165658,1.0350198
1995-11-06,1.2428132,1.1030661,1.200326,1.0653352,1.2119432,1.0756507,1.1661668,1.0350198
1995-11-07,1.242995,1.1030661,1.2005016,1.0653352,1.2121205,1.0756507,1.1663374,1.0350198
1995-11-08,1.2431779,1.1030661,1.2006782,1.0653352,1.2122989,1.0756507,1.166509,1.0350198
1995-11-09,1.2433604,1.1030661,1.2008545,1.0653352,1.2124769,1.0756507,1.1666803,1.0350198
1995-11-10,1.243544,1.1030661,1.2010319,1.0653352,1.2126559,1.0756507,1.1668526,1.0350198
1995-11-13,1.244063,1.1030351,1.2015331,1.0653052,1.2131279,1.0755901,1.1673724,1.0350198
1995-11-14,1.2437887,1.1026281,1.2012682,1.0649121,1.2124128,1.0747965,1.1675457,1.0350198
1995-11-15,1.2451124,1.103639,1.2025466,1.0658885,1.2148147,1.0767673,1.1677178,1.0350198
1995-11-16,1.2432661,1.1018396,1.2007635,1.0641506,1.2110326,1.073256,1.1678903,1.0350198
1995-11-17,1.2430153,1.1014554,1.2005212,1.0637796,1.2103661,1.0725076,1.1680618,1.0350198
1995-11-20,1.2433798,1.1012941,1.2008732,1.0636237,1.2106309,1.0722707,1.1685754,1.0350198
1995-11-21,1.2432492,1.101017,1.2007471,1.0633561,1.2096463,1.0712414,1.1687467,1.0350198
1995-11-22,1.2437074,1.1012611,1.2011897,1.0635919,1.2093254,1.0708,1.1689183,1.0350198
1995-11-24,1.2440915,1.1012777,1.2015749,1.0636207,1.2103573,1.0713991,1.1689228,1.0347197
1995-11-27,1.244868,1.1014836,1.2021491,1.0636638,1.211904,1.0722998,1.1735789,1.0383889
1995-11-28,1.2442559,1.1007809,1.2015571,1.0629844,1.2109772,1.0713229,1.1737733,1.038409
1995-11-29,1.2443038,1.1006613,1.2014295,1.0627151,1.2128371,1.0728107,1.1780611,1.0420495
1995-11-30,1.2490688,1.1047152,1.2055228,1.0661804,1.2178393,1.0770784,1.190291,1.052715
1995-12-01,1.2517648,1.1069386,1.2081248,1.0683262,1.221133,1.0798344,1.1904645,1.052715
1995-12-04,1.2557602,1.1099904,1.2119809,1.0712716,1.2257288,1.083429,1.1909821,1.052715
1995-12-05,1.254593,1.1087972,1.2108543,1.07012,1.2241748,1.0818977,1.1911554,1.052715
1995-12-06,1.2534836,1.1076554,1.2097836,1.069018,1.2236327,1.0812612,1.1913287,1.052715
1995-12-07,1.2536663,1.1076554,1.20996,1.069018,1.223811,1.0812612,1.1915023,1.052715
1995-12-08,1.2538497,1.1076554,1.210137,1.069018,1.2239901,1.0812612,1.1916766,1.052715
1995-12-11,1.2544,1.1076554,1.2106681,1.069018,1.2245273,1.0812612,1.1921997,1.052715
1995-12-12,1.2545832,1.1076554,1.2108449,1.069018,1.2247061,1.0812612,1.1923738,1.052715
1995-12-13,1.2547199,1.1076168,1.2109769,1.0689808,1.2247969,1.0811859,1.1925453,1.052715
1995-12-14,1.2546835,1.1074251,1.2109417,1.0687957,1.2245493,1.0808115,1.1927171,1.052715
1995-12-15,1.2545113,1.1071135,1.2107756,1.068495,1.2240368,1.0802034,1.192889,1.052715
1995-12-18,1.2580487,1.1097621,1.2141896,1.0710512,1.2304165,1.0853717,1.1933989,1.052715
1995-12-19,1.2556783,1.1075129,1.2119018,1.0688805,1.2256044,1.0809723,1.1935689,1.052715
1995-12-20,1.2546919,1.1064885,1.2109498,1.0678918,1.223548,1.0790078,1.1937353,1.052715
1995-12-21,1.2544223,1.1060992,1.2106896,1.0675161,1.2229263,1.0783117,1.1938988,1.052715
1995-12-22,1.2572036,1.1084028,1.2135696,1.0699119,1.2268309,1.0816096,1.1936902,1.0523894
1995-12-26,1.2607121,1.1109009,1.2153035,1.0708659,1.2288232,1.0827852,1.1974423,1.0551323
1995-12-27,1.2654931,1.1149658,1.2175286,1.072684,1.2318739,1.0853292,1.202096,1.0590924
1995-12-28,1.2701602,1.1189281,1.2196295,1.074391,1.2345597,1.0875498,1.2067717,1.0630697
1995-12-29,1.2758488,1.1237911,1.2213027,1.0757225,1.2362748,1.0889165,1.214106,1.0693896
1996-01-02,1.2765423,1.1237911,1.2219666,1.0757225,1.2369468,1.0889165,1.2147659,1.0693896
1996-01-03,1.2767162,1.1237911,1.222133,1.0757225,1.2371152,1.0889165,1.2149313,1.0693896
1996-01-04,1.2768928,1.1237911,1.2223021,1.0757225,1.2372864,1.0889165,1.2150994,1.0693896
1996-01-05,1.2770691,1.1237911,1.2224708,1.0757225,1.2374572,1.0889165,1.2152672,1.0693896
1996-01-08,1.2775971,1.1237911,1.2229762,1.0757225,1.2379688,1.0889165,1.2157696,1.0693896
1996-01-09,1.2777732,1.1237911,1.2231448,1.0757225,1.2381394,1.0889165,1.2159372,1.0693896
1996-01-10,1.2779485,1.1237911,1.2233127,1.0757225,1.2383094,1.0889165,1.2161041,1.0693896
1996-01-11,1.278125,1.1237911,1.2234816,1.0757225,1.2384804,1.0889165,1.216272,1.0693896
1996-01-12,1.2783015,1.1237911,1.2236505,1.0757225,1.2386514,1.0889165,1.2164399,1.0693896
1996-01-16,1.2789124,1.1237062,1.2242353,1.0756412,1.2391623,1.088763,1.2171131,1.0693896
1996-01-17,1.2778459,1.1226152,1.2232144,1.074597,1.2372365,1.0869218,1.2172799,1.0693896
1996-01-18,1.2751554,1.120098,1.2206389,1.0721874,1.2346172,1.0844721,1.2174463,1.0693896
1996-01-19,1.2767514,1.1213478,1.2221667,1.0733838,1.2361772,1.085695,1.2176117,1.0693896
1996-01-22,1.2814717,1.1250364,1.2266852,1.0769145,1.2401495,1.0887411,1.2181081,1.0693896
1996-01-23,1.282819,1.1260657,1.2279749,1.0778998,1.2406636,1.0890439,1.2182743,1.0693896
1996-01-24,1.2813288,1.1246042,1.2265484,1.0765009,1.2422355,1.0902754,1.2184402,1.0693896
1996-01-25,1.2779885,1.1215195,1.2235276,1.0737031,1.2396118,1.0878242,1.2184307,1.0692357
1996-01-26,1.28417,1.1267914,1.2258981,1.0756372,1.2418822,1.0896685,1.2221293,1.0723358
1996-01-29,1.2805416,1.1231474,1.2252117,1.0745955,1.2410095,1.0884577,1.2198597,1.0699063
1996-01-30,1.2892676,1.130647,1.2292983,1.0780325,1.2465201,1.0931418,1.2242706,1.0736285
1996-01-31,1.291021,1.13203,1.2289992,1.0776228,1.2442258,1.0909803,1.2264008,1.0753498
1996-02-01,1.2918789,1.1326301,1.2298159,1.078194,1.2457122,1.0921369,1.2265658,1.0753498
1996-02-02,1.2950504,1.1352589,1.232835,1.0806964,1.2516616,1.0972065,1.2267301,1.0753498
1996-02-05,1.2976252,1.1370634,1.2352861,1.0824143,1.2561397,1.1006946,1.2272191,1.0753498
1996-02-06,1.2956654,1.1351947,1.2334204,1.0806353,1.252178,1.0970767,1.2273825,1.0753498
1996-02-07,1.2953557,1.1347728,1.2331256,1.0802337,1.2514134,1.0962612,1.2275453,1.0753498
1996-02-08,1.2941178,1.1335392,1.2319473,1.0790594,1.2488572,1.0938778,1.2277067,1.0753498
1996-02-09,1.2946972,1.1338982,1.2324988,1.0794012,1.2498118,1.0945707,1.2278675,1.0753498
1996-02-12,1.3001909,1.1382632,1.2377286,1.0835564,1.2599263,1.1029979,1.2283509,1.0753498
1996-02-13,1.3039678,1.14142,1.241324,1.0865615,1.2670804,1.1091159,1.2285124,1.0753498
1996-02-14,1.3011523,1.1388057,1.2386438,1.0840728,1.2614425,1.1040353,1.2286737,1.0753498
1996-02-15,1.2983649,1.1362163,1.2359903,1.0816079,1.2558719,1.0990146,1.2288352,1.0753498
1996-02-16,1.2985349,1.1362163,1.2361522,1.0816079,1.2560364,1.0990146,1.2289962,1.0753498
1996-02-20,1.2991348,1.1361485,1.2367232,1.0815433,1.2565482,1.0988892,1.2296373,1.0753498
1996-02-21,1.3001592,1.136894,1.2376984,1.082253,1.2583692,1.1003363,1.2298,1.0753498
1996-02-22,1.2951838,1.1323933,1.2329621,1.0779686,1.2518201,1.0944644,1.2299624,1.0753498
1996-02-23,1.2984467,1.1350969,1.2363383,1.0807784,1.2563836,1.09831,1.229855,1.0751142
1996-02-26,1.2961867,1.1326706,1.2383832,1.082137,1.2590113,1.100171,1.2261684,1.0714646
1996-02-27,1.294543,1.1310837,1.2421723,1.0853041,1.2640638,1.10444,1.2210248,1.0668276
1996-02-28,1.2890749,1.1261549,1.2422879,1.0852601,1.2609859,1.1016031,1.2159168,1.062222
1996-02-29,1.2867945,1.124012,1.2424775,1.0852806,1.2611863,1.1016308,1.2137428,1.0601808
1996-03-01,1.2934354,1.1296623,1.2488897,1.0907362,1.2698118,1.1090175,1.2139054,1.0601808
1996-03-04,1.2980061,1.133203,1.253303,1.0941549,1.2756278,1.113654,1.2143903,1.0601808
1996-03-05,1.2941348,1.1296714,1.249565,1.0907449,1.270455,1.1089889,1.214553,1.0601808
1996-03-06,1.2922637,1.1278868,1.2477584,1.0890218,1.2692823,1.1078166,1.2147157,1.0601808
1996-03-07,1.2924372,1.1278868,1.2479259,1.0890218,1.2694527,1.1078166,1.2148788,1.0601808
1996-03-08,1.2926107,1.1278868,1.2480934,1.0890218,1.2696231,1.1078166,1.2150419,1.0601808
1996-03-11,1.2931292,1.1278868,1.248594,1.0890218,1.2701323,1.1078166,1.2155292,1.0601808
1996-03-12,1.2933049,1.1278868,1.2487637,1.0890218,1.2703049,1.1078166,1.2156944,1.0601808
1996-03-13,1.2934807,1.1278868,1.2489334,1.0890218,1.2704775,1.1078166,1.2158596,1.0601808
1996-03-14,1.2936564,1.1278868,1.2491031,1.0890218,1.2706502,1.1078166,1.2160248,1.0601808
1996-03-15,1.2938329,1.1278868,1.2492735,1.0890218,1.2708236,1.1078166,1.2161907,1.0601808
1996-03-18,1.2943657,1.1278868,1.249788,1.0890218,1.2713469,1.1078166,1.2166915,1.0601808
1996-03-19,1.2945441,1.1278868,1.2499602,1.0890218,1.2715221,1.1078166,1.2168592,1.0601808
1996-03-20,1.2947232,1.1278868,1.2501331,1.0890218,1.271698,1.1078166,1.2170276,1.0601808
1996-03-21,1.2949013,1.1278868,1.2503051,1.0890218,1.2718729,1.1078166,1.217195,1.0601808
1996-03-22,1.2950765,1.1278868,1.2504743,1.0890218,1.272045,1.1078166,1.2173597,1.0601808
1996-03-25,1.2954978,1.1277929,1.2509851,1.0890218,1.2725646,1.1078166,1.2177557,1.0600926
1996-03-26,1.296124,1.1281858,1.2511541,1.0890218,1.2727365,1.1078166,1.2183443,1.0604619
1996-03-27,1.2924515,1.1248346,1.2513255,1.0890218,1.2729109,1.1078166,1.2148922,1.0573118
1996-03-28,1.2896582,1.1222485,1.2514979,1.0890218,1.2730863,1.1078166,1.2122666,1.054881
1996-03-29,1.2927434,1.124778,1.2516711,1.0890218,1.2732624,1.1078166,1.2151666,1.0572586
1996-04-01,1.2932302,1.1247393,1.2521424,1.0889844,1.273702,1.1077438,1.215666,1.0572586
1996-04-02,1.2924576,1.1239123,1.2513943,1.0881837,1.2721422,1.1062346,1.2158335,1.0572586
1996-04-03,1.2938525,1.1249707,1.2527449,1.0892084,1.2737244,1.1074583,1.2160007,1.0572586
1996-04-04,1.296134,1.1268001,1.2549539,1.0909796,1.276529,1.1097448,1.2161676,1.0572586
1996-04-05,1.3058433,1.1350871,1.2643547,1.0990033,1.2884261,1.1199361,1.2163336,1.0572586
1996-04-08,1.3075966,1.1361428,1.2660523,1.1000254,1.2899575,1.1208051,1.2168354,1.0572586
1996-04-09,1.3069232,1.1354015,1.2654003,1.0993076,1.2906854,1.1212834,1.2170028,1.0572586
1996-04-10,1.3053219,1.1338557,1.2638499,1.097811,1.2889419,1.119616,1.2171685,1.0572586
1996-04-11,1.3042221,1.1327466,1.2627851,1.0967372,1.2879337,1.1185885,1.2173336,1.0572586
1996-04-12,1.3102319,1.1378127,1.2686039,1.1016421,1.2951408,1.1246962,1.2174987,1.0572586
1996-04-15,1.3119946,1.1388814,1.2703105,1.1026769,1.2971018,1.1259425,1.217993,1.0572586
1996-04-16,1.3119351,1.1386778,1.270253,1.1024798,1.2970874,1.1257798,1.2181555,1.0572586
1996-04-17,1.3128622,1.1393321,1.2711507,1.1031133,1.298519,1.1268736,1.2183164,1.0572586
1996-04-18,1.3149337,1.140979,1.2731563,1.1047079,1.3009808,1.1288609,1.2184776,1.0572586
1996-04-19,1.3128005,1.1389764,1.2710909,1.1027689,1.2983585,1.1264355,1.2186395,1.0572586
1996-04-22,1.3120855,1.1378992,1.2703986,1.101726,1.2974357,1.1251831,1.2191283,1.0572586
1996-04-23,1.3127851,1.1383538,1.271076,1.1021661,1.2980533,1.1255683,1.2192913,1.0572586
1996-04-24,1.3128491,1.1382543,1.2713282,1.1022348,1.2979297,1.1253079,1.2192748,1.0571004
1996-04-25,1.3137275,1.13886,1.2713752,1.1021245,1.2972523,1.1245664,1.2202125,1.0577685
1996-04-26,1.3170217,1.1415609,1.2729959,1.1033796,1.2999808,1.1267789,1.2218826,1.0590725
1996-04-29,1.3122332,1.1369432,1.272047,1.1021056,1.2982386,1.1248076,1.218851,1.0560114
1996-04-30,1.3048025,1.1303493,1.2703002,1.1004412,1.2958305,1.1225671,1.2137897,1.0514817
1996-05-01,1.3050542,1.1304122,1.2705453,1.1005024,1.2959921,1.122553,1.2139563,1.0514817
1996-05-02,1.310461,1.1349412,1.2758091,1.1049116,1.3065538,1.1315481,1.214122,1.0514817
1996-05-03,1.3119413,1.1360681,1.2772503,1.1060087,1.309327,1.1337952,1.2142879,1.0514817
1996-05-06,1.3112243,1.1349804,1.2765522,1.1049497,1.3073578,1.131624,1.214787,1.0514817
1996-05-07,1.3120865,1.1355715,1.2773916,1.1055252,1.3088983,1.1328028,1.214953,1.0514817
1996-05-08,1.3110723,1.1345379,1.2764043,1.104519,1.3066953,1.1307406,1.2151198,1.0514817
1996-05-09,1.3102542,1.1336745,1.2756078,1.1036784,1.3048854,1.1290196,1.2152863,1.0514817
1996-05-10,1.3138561,1.136636,1.2791144,1.1065616,1.3118814,1.1349183,1.2154524,1.0514817
1996-05-13,1.3146917,1.1368927,1.2799279,1.1068114,1.3130119,1.1354308,1.2159509,1.0514817
1996-05-14,1.3168275,1.1385833,1.2820073,1.1084573,1.3170976,1.1388078,1.2161181,1.0514817
1996-05-15,1.3171489,1.1387049,1.2823201,1.1085757,1.3175597,1.139051,1.2162851,1.0514817
1996-05-16,1.3173293,1.1387049,1.2824958,1.1085757,1.3177402,1.139051,1.2164517,1.0514817
1996-05-17,1.3175101,1.1387049,1.2826718,1.1085757,1.317921,1.139051,1.2166187,1.0514817
1996-05-20,1.3180527,1.1387049,1.2832,1.1085757,1.3184637,1.139051,1.2171196,1.0514817
1996-05-21,1.3181907,1.1386676,1.2833344,1.1085394,1.3185586,1.1389763,1.217287,1.0514817
1996-05-22,1.318308,1.1386116,1.2834486,1.1084849,1.3186633,1.1389095,1.2174551,1.0514817
1996-05-23,1.3198002,1.1397432,1.2849014,1.1095866,1.320233,1.1401079,1.2176232,1.0514817
1996-05-24,1.3190634,1.1389495,1.2843801,1.1089832,1.3194147,1.1392438,1.2176055,1.0513212
1996-05-28,1.3188976,1.1381773,1.2856055,1.1094287,1.3208564,1.1398595,1.2169634,1.050186
1996-05-29,1.3148855,1.1345578,1.2894546,1.1125972,1.3261038,1.1442304,1.2097857,1.0438471
1996-05-30,1.3137065,1.1333839,1.2890326,1.1120795,1.3253876,1.1434544,1.209264,1.0432527
1996-05-31,1.3049987,1.1257148,1.2860949,1.1093914,1.3210812,1.1395813,1.2041714,1.0387152
1996-06-03,1.3058677,1.1259981,1.2869513,1.1096706,1.3222306,1.1401007,1.2046702,1.0387152
1996-06-04,1.306807,1.1266513,1.287877,1.1103144,1.3234986,1.1410353,1.2048379,1.0387152
1996-06-05,1.3073281,1.1269437,1.2883905,1.1106025,1.3239192,1.1412392,1.2050056,1.0387152
1996-06-06,1.3088484,1.1280974,1.2898888,1.1117395,1.3251225,1.1421176,1.2051733,1.0387152
1996-06-07,1.3090302,1.1280974,1.2900679,1.1117395,1.3253065,1.1421176,1.2053407,1.0387152
1996-06-10,1.309581,1.1280974,1.2906108,1.1117395,1.3258643,1.1421176,1.2058479,1.0387152
1996-06-11,1.3097658,1.1280974,1.2907929,1.1117395,1.3260513,1.1421176,1.206018,1.0387152
1996-06-12,1.3099499,1.1280974,1.2909744,1.1117395,1.3262377,1.1421176,1.2061876,1.0387152
1996-06-13,1.3101336,1.1280974,1.2911554,1.1117395,1.3264237,1.1421176,1.2063567,1.0387152
1996-06-14,1.3103167,1.1280974,1.2913358,1.1117395,1.3266091,1.1421176,1.2065253,1.0387152
1996-06-17,1.3108627,1.1280974,1.291874,1.1117395,1.3271619,1.1421176,1.2070281,1.0387152
1996-06-18,1.3109919,1.1280525,1.2920013,1.1116952,1.3272399,1.1420267,1.2071951,1.0387152
1996-06-19,1.3117171,1.1285198,1.292716,1.1121558,1.3285859,1.1430262,1.2073628,1.0387152
1996-06-20,1.3138749,1.1302189,1.2948425,1.1138302,1.3320537,1.1458503,1.2075311,1.0387152
1996-06-21,1.3128059,1.1291408,1.293789,1.1127677,1.3304698,1.144327,1.2077005,1.0387152
1996-06-24,1.3119461,1.127926,1.2931836,1.1117788,1.3292346,1.1427831,1.2079828,1.0385209
1996-06-25,1.3141863,1.1296935,1.2924226,1.1109683,1.3280037,1.1415643,1.2109262,1.0409054
1996-06-26,1.313805,1.1292079,1.2919846,1.1104365,1.3277807,1.1412131,1.2111544,1.0409561
1996-06-27,1.3247314,1.1384413,1.2948956,1.1127833,1.3325358,1.1451406,1.2186675,1.0472679
1996-06-28,1.338157,1.1498211,1.2984194,1.1156573,1.3380356,1.1497081,1.2278707,1.0550316
1996-07-01,1.337727,1.1489753,1.2980023,1.1148367,1.3368478,1.1482113,1.2283793,1.0550316
1996-07-02,1.3363109,1.1475991,1.2966282,1.1135013,1.3347288,1.1462314,1.2285503,1.0550316
1996-07-03,1.3365601,1.1476502,1.29687,1.113551,1.3346696,1.146018,1.2287246,1.0550316
1996-07-05,1.3399665,1.1502545,1.3001753,1.1160778,1.3410999,1.1512191,1.229068,1.0550316
1996-07-08,1.3404032,1.1501415,1.300599,1.1159682,1.3414052,1.1509929,1.2295893,1.0550316
1996-07-09,1.339956,1.1495952,1.3001651,1.1154381,1.3404294,1.149993,1.2297631,1.0550316
1996-07-10,1.3412514,1.1505427,1.3014219,1.1163575,1.3406204,1.149993,1.2299383,1.0550316
1996-07-11,1.3425486,1.1514932,1.3026807,1.1172797,1.3408096,1.149993,1.2301118,1.0550316
1996-07-12,1.3438483,1.1524464,1.3039418,1.1182046,1.3409976,1.149993,1.2302844,1.0550316
1996-07-15,1.3435795,1.151729,1.303681,1.1175086,1.3415642,1.149993,1.2308041,1.0550316
1996-07-16,1.3447705,1.1525874,1.3048366,1.1183415,1.3416456,1.1499005,1.2309778,1.0550316
1996-07-17,1.3448728,1.1525132,1.3049358,1.1182694,1.3417342,1.1498149,1.2311508,1.0550316
1996-07-18,1.3410853,1.1491057,1.3012608,1.1149632,1.3372473,1.1458084,1.2313235,1.0550316
1996-07-19,1.3427337,1.1503573,1.3028603,1.1161776,1.3389352,1.1470943,1.2314959,1.0550316
1996-07-22,1.3457578,1.1524621,1.3057946,1.1182199,1.3424265,1.1496008,1.2320162,1.0550316
1996-07-23,1.3453588,1.1519578,1.3054074,1.1177305,1.3420398,1.1491074,1.23219,1.0550316
1996-07-24,1.3454276,1.1518539,1.3054742,1.1176297,1.3413646,1.1483668,1.2323642,1.0550316
1996-07-25,1.3445645,1.1509518,1.3048757,1.116959,1.3405029,1.1474665,1.2323132,1.0548385
1996-07-26,1.3481256,1.1538377,1.3063605,1.1180724,1.3424588,1.1489788,1.2343486,1.0564319
1996-07-29,1.338157,1.1448174,1.3041537,1.1157104,1.3393192,1.1458054,1.2278289,1.0504048
1996-07-30,1.3435299,1.1492505,1.3055157,1.1167164,1.3407728,1.1468853,1.2316518,1.0535253
1996-07-31,1.3521792,1.1564854,1.3054723,1.1165201,1.3384624,1.1447457,1.2397973,1.0603428
1996-08-01,1.3456136,1.1507059,1.2991334,1.1109403,1.3323976,1.1393961,1.2399733,1.0603428
1996-08-02,1.3363047,1.1425842,1.290146,1.1030993,1.3254595,1.1333035,1.2401469,1.0603428
1996-08-05,1.337682,1.1432857,1.2914758,1.1037766,1.3263265,1.1335726,1.2406637,1.0603428
1996-08-06,1.3388742,1.1441465,1.2926268,1.1046076,1.3275769,1.1344845,1.2408353,1.0603428
1996-08-07,1.3394891,1.1445137,1.2932205,1.1049621,1.3273973,1.134174,1.241007,1.0603428
1996-08-08,1.3388395,1.1438006,1.2925933,1.1042736,1.3276219,1.1342093,1.2411784,1.0603428
1996-08-09,1.3428861,1.1471007,1.2965002,1.1074597,1.3298673,1.1359719,1.2413487,1.0603428
1996-08-12,1.3439842,1.1475664,1.2975603,1.1079093,1.3309411,1.1364214,1.2418599,1.0603428
1996-08-13,1.3392029,1.1433263,1.2929442,1.1038157,1.3286339,1.1342954,1.2420304,1.0603428
1996-08-14,1.3391349,1.1431107,1.2928786,1.1036076,1.328817,1.1342954,1.2422015,1.0603428
1996-08-15,1.3382865,1.1422293,1.2920594,1.1027566,1.3289998,1.1342954,1.2423724,1.0603428
1996-08-16,1.3384716,1.1422293,1.2922382,1.1027566,1.3291836,1.1342954,1.2425442,1.0603428
1996-08-19,1.3390261,1.1422293,1.2927735,1.1027566,1.3297343,1.1342954,1.243059,1.0603428
1996-08-20,1.3391575,1.1421833,1.2929004,1.1027123,1.3298303,1.1342204,1.243231,1.0603428
1996-08-21,1.3396948,1.1424839,1.2934191,1.1030024,1.3305897,1.1347115,1.2434026,1.0603428
1996-08-22,1.3406589,1.1431492,1.2943499,1.1036448,1.3320474,1.1357989,1.2435733,1.0603428
1996-08-23,1.3447607,1.1464901,1.29831,1.1068702,1.3386357,1.1412609,1.2437436,1.0603428
1996-08-26,1.3486804,1.1493599,1.3023305,1.1098421,1.3451012,1.1463032,1.2440295,1.0601499
1996-08-27,1.3501088,1.1504178,1.3017541,1.109197,1.3440011,1.1452068,1.2460701,1.0617419
1996-08-28,1.3494891,1.1497303,1.302046,1.109292,1.3443768,1.1453681,1.2453916,1.0610165
1996-08-29,1.3405951,1.1419934,1.3000193,1.1074115,1.3408131,1.1421731,1.2392948,1.0556753
1996-08-30,1.3261396,1.1295198,1.2955684,1.1034653,1.3331384,1.1354759,1.2303477,1.0479063
1996-09-03,1.3272942,1.1298658,1.2966963,1.1038033,1.3345627,1.1360481,1.2310421,1.0479063
1996-09-04,1.3262332,1.1288026,1.2956598,1.1027646,1.3326853,1.134289,1.2312165,1.0479063
1996-09-05,1.3259869,1.1284327,1.2954192,1.1024033,1.3321559,1.1336775,1.2313912,1.0479063
1996-09-06,1.3261758,1.1284327,1.2956038,1.1024033,1.3323457,1.1336775,1.2315667,1.0479063
1996-09-09,1.3267415,1.1284327,1.2961564,1.1024033,1.332914,1.1336775,1.232092,1.0479063
1996-09-10,1.326928,1.1284327,1.2963386,1.1024033,1.3331014,1.1336775,1.2322652,1.0479063
1996-09-11,1.3271152,1.1284327,1.2965215,1.1024033,1.3332895,1.1336775,1.232439,1.0479063
1996-09-12,1.3273032,1.1284327,1.2967052,1.1024033,1.3334783,1.1336775,1.2326136,1.0479063
1996-09-13,1.3274901,1.1284327,1.2968878,1.1024033,1.3336661,1.1336775,1.2327872,1.0479063
1996-09-16,1.3280433,1.1284327,1.2974282,1.1024033,1.3342219,1.1336775,1.2333009,1.0479063
1996-09-17,1.328227,1.1284327,1.2976077,1.1024033,1.3344065,1.1336775,1.2334715,1.0479063
1996-09-18,1.3283874,1.1284091,1.2977643,1.1023802,1.3345955,1.1336775,1.2336463,1.0479063
1996-09-19,1.3288647,1.1286556,1.2982306,1.1026211,1.3347467,1.1336464,1.23382,1.0479063
1996-09-20,1.3283787,1.1280849,1.2977559,1.1020635,1.3344796,1.1332608,1.2339927,1.0479063
1996-09-23,1.3284343,1.1276546,1.2978102,1.1016431,1.334712,1.1329784,1.2345151,1.0479063
1996-09-24,1.3266347,1.1259679,1.2962869,1.1001947,1.3337106,1.1319685,1.2344658,1.0477166
1996-09-25,1.3310311,1.1295441,1.2948791,1.0988482,1.3329977,1.1312075,1.2400676,1.0523266
1996-09-26,1.3362177,1.1337927,1.2951554,1.0989339,1.3323169,1.1304766,1.244803,1.0562027
1996-09-27,1.3336941,1.1315001,1.2945319,1.0982583,1.331928,1.1299958,1.2432174,1.0547164
1996-09-30,1.3291605,1.1271972,1.2939427,1.0973152,1.3316578,1.1293105,1.2400589,1.0516111
1996-10-01,1.3323908,1.1297851,1.2970874,1.0998344,1.3339466,1.1310997,1.2402257,1.0516111
1996-10-02,1.3335029,1.1305742,1.29817,1.1006026,1.3353466,1.1321328,1.2403946,1.0516111
1996-10-03,1.3336319,1.1305318,1.2982957,1.1005614,1.3354775,1.1320917,1.2405611,1.0516111
1996-10-04,1.3304301,1.1276655,1.2951786,1.0977711,1.3356572,1.1320917,1.240728,1.0516111
1996-10-07,1.3322079,1.1287201,1.2969094,1.0987977,1.3361929,1.1320917,1.2412256,1.0516111
1996-10-08,1.3322474,1.1286011,1.2969478,1.0986818,1.3363734,1.1320917,1.2413933,1.0516111
1996-10-09,1.3319496,1.1281945,1.2966579,1.0982861,1.3365561,1.1320917,1.241563,1.0516111
1996-10-10,1.3306698,1.1269562,1.295412,1.0970806,1.3367388,1.1320917,1.2417327,1.0516111
1996-10-11,1.3323444,1.1282198,1.2970423,1.0983107,1.3369223,1.1320917,1.2419032,1.0516111
1996-10-15,1.3328207,1.128005,1.2975059,1.0981015,1.3376548,1.1320917,1.2425837,1.0516111
1996-10-16,1.3328645,1.1278866,1.2975486,1.0979863,1.3377785,1.1320404,1.2427549,1.0516111
1996-10-17,1.3303192,1.1255779,1.2950707,1.0957388,1.3364847,1.1307902,1.2429255,1.0516111
1996-10-18,1.3304526,1.1255371,1.2952005,1.0956991,1.3366486,1.1307746,1.2430951,1.0516111
1996-10-21,1.3318234,1.1262362,1.2965351,1.0963796,1.3376254,1.1311381,1.2436039,1.0516111
1996-10-22,1.3337796,1.1277364,1.2984394,1.0978401,1.3387603,1.1319432,1.2437739,1.0516111
1996-10-23,1.3341002,1.1278524,1.2987516,1.097953,1.3388039,1.1318243,1.243945,1.0516111
1996-10-24,1.3348201,1.1283065,1.2994523,1.098395,1.3394951,1.1322536,1.2441154,1.0516111
1996-10-25,1.3364778,1.1295531,1.3013524,1.0998506,1.3404313,1.1328899,1.2440117,1.0513794
1996-10-28,1.3337868,1.1268146,1.300836,1.0989622,1.3403044,1.1323171,1.2425118,1.0496798
1996-10-29,1.3607411,1.1494303,1.3086055,1.105374,1.3445524,1.1357492,1.2603722,1.0646231
1996-10-30,1.3611132,1.1495868,1.3089072,1.105477,1.3451673,1.1361127,1.2605993,1.0646688
1996-10-31,1.3629105,1.150947,1.3073806,1.104036,1.3436464,1.1346722,1.2639072,1.0673164
1996-11-01,1.3642507,1.1519202,1.3086662,1.1049695,1.3443397,1.1351014,1.2640813,1.0673164
1996-11-04,1.3635142,1.1508221,1.3079597,1.1039161,1.3441843,1.1345009,1.2646039,1.0673164
1996-11-05,1.3573757,1.1454829,1.3020714,1.0987945,1.3407805,1.131472,1.2647779,1.0673164
1996-11-06,1.3578067,1.1456888,1.3024848,1.098992,1.3403481,1.1309512,1.2649522,1.0673164
1996-11-07,1.3545799,1.1428081,1.2993894,1.0962288,1.3410999,1.1314297,1.2651265,1.0673164
1996-11-08,1.3537551,1.1419551,1.2985982,1.0954105,1.3410924,1.1312677,1.2653005,1.0673164
1996-11-12,1.3576136,1.1445792,1.3022995,1.0979277,1.3426827,1.1319844,1.2659993,1.0673164
1996-11-13,1.3569713,1.1438796,1.3016834,1.0972566,1.3427603,1.1318935,1.2661742,1.0673164
1996-11-14,1.3561738,1.1430498,1.3009184,1.0964606,1.3414115,1.1306005,1.2663486,1.0673164
1996-11-15,1.3567322,1.1433629,1.301454,1.0967609,1.3423712,1.1312536,1.2665232,1.0673164
1996-11-18,1.3577528,1.1437512,1.3024331,1.0971334,1.3431445,1.1314385,1.2670457,1.0673164
1996-11-19,1.3567361,1.1427371,1.3014578,1.0961607,1.3425252,1.1307609,1.2672203,1.0673164
1996-11-20,1.3570925,1.1428798,1.3017997,1.0962976,1.342038,1.1301947,1.267395,1.0673164
1996-11-21,1.3562327,1.1419983,1.3009749,1.095452,1.3417104,1.1297631,1.2675696,1.0673164
1996-11-22,1.3555746,1.1412865,1.3006617,1.095037,1.3419094,1.1297746,1.2674348,1.0670554
1996-11-25,1.3601291,1.1446482,1.3023429,1.0959988,1.3430324,1.1302521,1.2705799,1.0692613
1996-11-26,1.3608765,1.1451194,1.3030109,1.0964099,1.3434945,1.1304853,1.2708014,1.0693004
1996-11-27,1.3597296,1.1439965,1.3031396,1.0963671,1.3436272,1.1304411,1.2697801,1.0682936
1996-11-29,1.3705496,1.1527852,1.3034981,1.0963671,1.3439968,1.1304411,1.2798843,1.0765007
1996-12-02,1.3711128,1.1527852,1.3040337,1.0963671,1.3445491,1.1304411,1.2804103,1.0765007
1996-12-03,1.3712988,1.1527852,1.3042106,1.0963671,1.3447314,1.1304411,1.2805839,1.0765007
1996-12-04,1.3714836,1.1527852,1.3043864,1.0963671,1.3449127,1.1304411,1.2807566,1.0765007
1996-12-05,1.3716677,1.1527852,1.3045615,1.0963671,1.3450933,1.1304411,1.2809285,1.0765007
1996-12-06,1.3718522,1.1527852,1.304737,1.0963671,1.3452742,1.1304411,1.2811008,1.0765007
1996-12-09,1.3724047,1.1527852,1.3052625,1.0963671,1.345816,1.1304411,1.2816168,1.0765007
1996-12-10,1.3725875,1.1527852,1.3054362,1.0963671,1.3459952,1.1304411,1.2817874,1.0765007
1996-12-11,1.372731,1.1527531,1.3055727,1.0963366,1.34617,1.1304384,1.281957,1.0765007
1996-12-12,1.3731609,1.1529617,1.3059816,1.0965349,1.3463371,1.1304291,1.2821267,1.0765007
1996-12-13,1.371086,1.1510666,1.3040083,1.0947326,1.345277,1.1293891,1.2822967,1.0765007
1996-12-16,1.373302,1.1524729,1.3061158,1.09607,1.3468248,1.1302429,1.2828026,1.0765007
1996-12-17,1.3747932,1.1535708,1.307534,1.0971142,1.3476227,1.130762,1.2829734,1.0765007
1996-12-18,1.3757082,1.1541846,1.3084043,1.0976981,1.3483713,1.1312393,1.2831446,1.0765007
1996-12-19,1.3765914,1.1547707,1.3092442,1.0982554,1.3474698,1.1303311,1.2833168,1.0765007
1996-12-20,1.3771249,1.1550639,1.3097517,1.0985342,1.3479553,1.1305872,1.2834884,1.0765007
1996-12-23,1.377221,1.1546802,1.3098431,1.0981694,1.3485146,1.1306019,1.2840042,1.0765007
1996-12-24,1.3768638,1.1542235,1.3098031,1.0979863,1.3484397,1.1303851,1.2838769,1.0762473
1996-12-26,1.3786573,1.1554133,1.3101933,1.098015,1.3488449,1.1304176,1.2855525,1.0773594
1996-12-27,1.38633,1.1616863,1.3114154,1.0988896,1.350103,1.1313181,1.2918525,1.0824925
1996-12-30,1.3858008,1.1607673,1.3119521,1.0988896,1.3506556,1.1313181,1.2913303,1.0816118
1996-12-31,1.3705599,1.147841,1.3121333,1.0988896,1.3508421,1.1313181,1.276719,1.0692241
1997-01-02,1.3709406,1.147841,1.3124978,1.0988896,1.3512174,1.1313181,1.2770737,1.0692241
1997-01-03,1.3711303,1.147841,1.3126794,1.0988896,1.3514044,1.1313181,1.2772503,1.0692241
1997-01-06,1.3716983,1.147841,1.3132232,1.0988896,1.3519642,1.1313181,1.2777794,1.0692241
1997-01-07,1.3718881,1.147841,1.3134049,1.0988896,1.3521512,1.1313181,1.2779562,1.0692241
1997-01-08,1.3720768,1.147841,1.3135855,1.0988896,1.3523372,1.1313181,1.278132,1.0692241
1997-01-09,1.3722655,1.147841,1.3137662,1.0988896,1.3525232,1.1313181,1.2783078,1.0692241
1997-01-10,1.3724535,1.147841,1.3139461,1.0988896,1.3527085,1.1313181,1.2784829,1.0692241
1997-01-13,1.373022,1.147841,1.3144904,1.0988896,1.3532688,1.1313181,1.2790125,1.0692241
1997-01-14,1.3731251,1.1477687,1.3145892,1.0988204,1.3534255,1.1312929,1.2791891,1.0692241
1997-01-15,1.3732019,1.1476741,1.3146626,1.0987298,1.3535284,1.1312224,1.2793661,1.0692241
1997-01-16,1.3748578,1.1489002,1.316248,1.0999037,1.3547496,1.1320874,1.279542,1.0692241
1997-01-17,1.3746991,1.1486093,1.3160961,1.0996251,1.3546218,1.1318246,1.2797184,1.0692241
1997-01-21,1.3739934,1.147389,1.3154204,1.0984569,1.3542628,1.1309032,1.280421,1.0692241
1997-01-22,1.3751343,1.1481836,1.3165127,1.0992176,1.3553346,1.1316424,1.2805974,1.0692241
1997-01-23,1.3740118,1.1470878,1.315438,1.0981685,1.3561923,1.1322023,1.2807743,1.0692241
1997-01-24,1.3727985,1.1459165,1.3142765,1.0970472,1.3552835,1.1312872,1.2809511,1.0692241
1997-01-27,1.3710877,1.1440147,1.3129183,1.09546,1.3550758,1.1306462,1.2812003,1.0689901
1997-01-28,1.3807637,1.1519296,1.31652,1.0983133,1.3564039,1.1315976,1.287063,1.0737335
1997-01-29,1.3821827,1.1529543,1.316686,1.0983001,1.3566138,1.1316164,1.2884344,1.0747293
1997-01-30,1.385608,1.1556524,1.3176367,1.0989414,1.3575933,1.1322772,1.2909397,1.0766707
1997-01-31,1.3950722,1.1633864,1.3178186,1.0989414,1.3577807,1.1322772,1.3000046,1.0840823
1997-02-03,1.3956479,1.1633864,1.3183624,1.0989414,1.358341,1.1322772,1.300541,1.0840823
1997-02-04,1.3957975,1.1633524,1.3185037,1.0989093,1.3584866,1.1322441,1.3007184,1.0840823
1997-02-05,1.3962261,1.1635512,1.3189085,1.0990971,1.3588811,1.1324188,1.3008955,1.0840823
1997-02-06,1.3970478,1.1640766,1.3196848,1.0995934,1.3599306,1.1331382,1.3010737,1.0840823
1997-02-07,1.3934319,1.1609039,1.3162691,1.0965965,1.3570633,1.1305935,1.3012523,1.0840823
1997-02-10,1.393582,1.1605509,1.3164109,1.096263,1.3575235,1.1305114,1.3017882,1.0840823
1997-02-11,1.3937729,1.1605506,1.3165912,1.0962627,1.357796,1.1305832,1.3019668,1.0840823
1997-02-12,1.3919832,1.1589011,1.3149007,1.0947046,1.3562935,1.1291769,1.3021455,1.0840823
1997-02-13,1.3921152,1.1588516,1.3150254,1.0946579,1.3591594,1.1314076,1.3023246,1.0840823
1997-02-14,1.3971913,1.1629184,1.3198203,1.0984994,1.3608898,1.132693,1.302503,1.0840823
1997-02-18,1.3970782,1.1621908,1.3197135,1.0978121,1.3617003,1.1327507,1.3032125,1.0840823
1997-02-19,1.3962352,1.161331,1.3189172,1.0969999,1.3610642,1.132067,1.3033903,1.0840823
1997-02-20,1.3948529,1.1600228,1.3176114,1.0957642,1.3602021,1.1311955,1.3035681,1.0840823
1997-02-21,1.3949302,1.1599292,1.3176845,1.0956757,1.360067,1.1309291,1.3037456,1.0840823
1997-02-24,1.3973317,1.1614532,1.320226,1.0973424,1.3614525,1.1316202,1.3039775,1.0838332
1997-02-25,1.3968392,1.160885,1.3208008,1.0976701,1.3619162,1.1318509,1.3030164,1.0828861
1997-02-26,1.3781792,1.1452181,1.3204714,1.097246,1.3669938,1.1359157,1.2842413,1.0671346
1997-02-27,1.3743029,1.1418376,1.3188689,1.0957617,1.3663167,1.135195,1.2821408,1.0652407
1997-02-28,1.376898,1.1438349,1.3194064,1.0960558,1.3668271,1.135461,1.2844247,1.0669899
1997-03-03,1.3763995,1.1429422,1.3189277,1.0951995,1.3668756,1.1350262,1.284962,1.0669899
1997-03-04,1.3756802,1.1421852,1.3182383,1.0944741,1.3662006,1.1343071,1.2851416,1.0669899
1997-03-05,1.3761203,1.1423906,1.31866,1.094671,1.3666376,1.1345112,1.2853215,1.0669899
1997-03-06,1.3763114,1.1423906,1.3188432,1.094671,1.3668275,1.1345112,1.2855,1.0669899
1997-03-07,1.3765033,1.1423906,1.3190271,1.094671,1.3670181,1.1345112,1.2856793,1.0669899
1997-03-10,1.3770781,1.1423906,1.3195779,1.094671,1.3675888,1.1345112,1.2862161,1.0669899
1997-03-11,1.377269,1.1423906,1.3197608,1.094671,1.3677784,1.1345112,1.2863944,1.0669899
1997-03-12,1.3774591,1.1423906,1.319943,1.094671,1.3679673,1.1345112,1.286572,1.0669899
1997-03-13,1.3776505,1.1423906,1.3201264,1.094671,1.3681573,1.1345112,1.2867507,1.0669899
1997-03-14,1.3778437,1.1423906,1.3203116,1.094671,1.3683492,1.1345112,1.2869312,1.0669899
1997-03-17,1.3784213,1.1423906,1.320865,1.094671,1.3689228,1.1345112,1.2874707,1.0669899
1997-03-18,1.3785727,1.1423556,1.3210101,1.0946374,1.3691152,1.1345112,1.2876516,1.0669899
1997-03-19,1.3790398,1.1425827,1.3214577,1.094855,1.3692688,1.1344796,1.2878319,1.0669899
1997-03-20,1.3801631,1.1433522,1.322534,1.0955923,1.3699057,1.1348473,1.2880136,1.0669899
1997-03-21,1.3806602,1.1436011,1.3230105,1.0958309,1.3700879,1.1348365,1.2881971,1.0669899
1997-03-24,1.3805172,1.1429882,1.3230379,1.0953798,1.370186,1.1344271,1.2885939,1.0668573
1997-03-25,1.379974,1.1423741,1.3244538,1.0963946,1.3711325,1.1350476,1.2868931,1.0652957
1997-03-26,1.375453,1.1384659,1.3233613,1.0953313,1.3716603,1.1353201,1.2839252,1.0626844
1997-03-27,1.3634954,1.1284061,1.3183452,1.0910232,1.3687951,1.1327865,1.2778131,1.0574739
1997-03-31,1.3629587,1.1273152,1.3191331,1.0910499,1.3693867,1.1326268,1.2772789,1.0564256
1997-04-01,1.365178,1.1289899,1.3212811,1.0926707,1.3705368,1.1334164,1.2774612,1.0564256
1997-04-02,1.3656809,1.1292455,1.3217677,1.0929181,1.3710694,1.133696,1.2776425,1.0564256
1997-04-03,1.366134,1.1294606,1.3222063,1.0931263,1.3715244,1.1339119,1.2778231,1.0564256
1997-04-04,1.366326,1.1294606,1.3223921,1.0931263,1.3717172,1.1339119,1.2780027,1.0564256
1997-04-07,1.3669044,1.1294606,1.3229519,1.0931263,1.3722978,1.1339119,1.2785436,1.0564256
1997-04-08,1.3670972,1.1294606,1.3231386,1.0931263,1.3724914,1.1339119,1.278724,1.0564256
1997-04-09,1.3672886,1.1294606,1.3233238,1.0931263,1.3726836,1.1339119,1.2789031,1.0564256
1997-04-10,1.3674797,1.1294606,1.3235087,1.0931263,1.3728754,1.1339119,1.2790818,1.0564256
1997-04-11,1.3676726,1.1294606,1.3236954,1.0931263,1.3730691,1.1339119,1.2792622,1.0564256
1997-04-14,1.3682538,1.1294606,1.3242579,1.0931263,1.3736525,1.1339119,1.2798058,1.0564256
1997-04-15,1.3683498,1.1293798,1.3243508,1.0930481,1.3738471,1.1339119,1.2799871,1.0564256
1997-04-16,1.3699543,1.1305442,1.3259038,1.094175,1.3739579,1.1338428,1.2801684,1.0564256
1997-04-17,1.3667475,1.1277382,1.3228,1.0914593,1.3727761,1.1327075,1.280349,1.0564256
1997-04-18,1.36539,1.126459,1.3214862,1.0902213,1.3722663,1.1321271,1.2805297,1.0564256
1997-04-21,1.3682232,1.1283197,1.3242283,1.0920221,1.3737544,1.1328756,1.2810717,1.0564256
1997-04-22,1.3659484,1.1262845,1.3220267,1.0900524,1.3729085,1.1320181,1.2812525,1.0564256
1997-04-23,1.3662123,1.126341,1.322282,1.090107,1.374582,1.1332361,1.2814357,1.0564256
1997-04-24,1.362784,1.1233533,1.3191928,1.087404,1.3731457,1.1318896,1.2812707,1.0561382
1997-04-25,1.361466,1.1221074,1.3187719,1.0869028,1.3733741,1.1319172,1.2801465,1.0550617
1997-04-28,1.3661627,1.1255015,1.3213223,1.0885429,1.3747241,1.1325489,1.2837423,1.0575769
1997-04-29,1.3924916,1.1470324,1.3329179,1.0979409,1.3806405,1.137262,1.305117,1.0750355
1997-04-30,1.3970984,1.1506637,1.3328514,1.0977297,1.3830122,1.1390536,1.312196,1.0807134
1997-05-01,1.395916,1.1495278,1.3317233,1.096646,1.3816523,1.1377732,1.3123808,1.0807134
1997-05-02,1.3953744,1.1489212,1.3312066,1.0960673,1.3813083,1.1373309,1.3125642,1.0807134
1997-05-05,1.3958068,1.1487956,1.3316191,1.0959475,1.3812935,1.136842,1.3131144,1.0807134
1997-05-06,1.3950614,1.1480232,1.330908,1.0952106,1.3814554,1.136818,1.3132961,1.0807134
1997-05-07,1.3941897,1.1471464,1.3300764,1.0943742,1.3859215,1.1403352,1.3134785,1.0807134
1997-05-08,1.3970225,1.1493175,1.3327789,1.0964454,1.3882216,1.1420691,1.3136613,1.0807134
1997-05-09,1.4011467,1.1525509,1.3367135,1.0995301,1.3910504,1.1442377,1.3138438,1.0807134
1997-05-12,1.4035224,1.1540267,1.33898,1.100938,1.3927627,1.1451712,1.3143891,1.0807134
1997-05-13,1.3994835,1.1505464,1.3351268,1.0976178,1.3898537,1.1426212,1.3145706,1.0807134
1997-05-14,1.400602,1.1513051,1.3361938,1.0983416,1.3915122,1.143825,1.3147543,1.0807134
1997-05-15,1.4007957,1.1513051,1.3363787,1.0983416,1.3917047,1.143825,1.3149362,1.0807134
1997-05-16,1.4009873,1.1513051,1.3365614,1.0983416,1.391895,1.143825,1.315116,1.0807134
1997-05-19,1.4015699,1.1513051,1.3371172,1.0983416,1.3924738,1.143825,1.3156629,1.0807134
1997-05-20,1.4016863,1.151238,1.3372283,1.0982776,1.3926707,1.143825,1.3158489,1.0807134
1997-05-21,1.4017696,1.1511408,1.3373077,1.0981848,1.392871,1.143825,1.3160382,1.0807134
1997-05-22,1.4037212,1.1525861,1.3391696,1.0995637,1.3930614,1.143825,1.3162181,1.0807134
1997-05-23,1.4022689,1.1512345,1.3380814,1.0985183,1.3932538,1.143825,1.3160244,1.0804052
1997-05-27,1.3999229,1.1486726,1.3414779,1.1007,1.3940233,1.143825,1.3096313,1.07456
1997-05-28,1.4003049,1.1488281,1.3429493,1.1017559,1.3942151,1.143825,1.3084161,1.0734151
1997-05-29,1.4067825,1.1539837,1.3432419,1.1018438,1.3944076,1.143825,1.3161491,1.0796109
1997-05-30,1.422482,1.1667074,1.3493573,1.1067126,1.3945944,1.143825,1.3280981,1.0892678
1997-06-02,1.4226984,1.1664227,1.349534,1.1064191,1.3951469,1.143825,1.3286242,1.0892678
1997-06-03,1.4248881,1.1680649,1.3517783,1.1081139,1.39533,1.143825,1.3287986,1.0892678
1997-06-04,1.4250845,1.1680685,1.3519648,1.1081174,1.395518,1.143825,1.3289777,1.0892678
1997-06-05,1.4252306,1.1680295,1.3520996,1.1080773,1.3957077,1.143825,1.3291583,1.0892678
1997-06-06,1.4254247,1.1680295,1.3522837,1.1080773,1.3958977,1.143825,1.3293393,1.0892678
1997-06-09,1.4260023,1.1680295,1.3528317,1.1080773,1.3964634,1.143825,1.329878,1.0892678
1997-06-10,1.4261945,1.1680295,1.353014,1.1080773,1.3966516,1.143825,1.3300572,1.0892678
1997-06-11,1.4263868,1.1680295,1.3531964,1.1080773,1.3968399,1.143825,1.3302365,1.0892678
1997-06-12,1.4265763,1.1680295,1.3533762,1.1080773,1.3970255,1.143825,1.3304133,1.0892678
1997-06-13,1.4267655,1.1680295,1.3535557,1.1080773,1.3972107,1.143825,1.3305897,1.0892678
1997-06-16,1.4273354,1.1680295,1.3540964,1.1080773,1.3977688,1.143825,1.3311212,1.0892678
1997-06-17,1.4274407,1.1679605,1.3541962,1.1080118,1.3979546,1.143825,1.3312981,1.0892678
1997-06-18,1.4264916,1.1670265,1.3532959,1.1071258,1.398143,1.143825,1.3314775,1.0892678
1997-06-19,1.4272796,1.1675145,1.3540435,1.1075888,1.3983307,1.143825,1.3316563,1.0892678
1997-06-20,1.4261013,1.1663923,1.3529256,1.1065242,1.3985203,1.143825,1.3318368,1.0892678
1997-06-23,1.4280611,1.1675216,1.3547848,1.1075955,1.3990882,1.143825,1.3323776,1.0892678
1997-06-24,1.4276531,1.1670268,1.3547189,1.1073886,1.3992814,1.143825,1.3321857,1.0889605
1997-06-25,1.4239553,1.1638462,1.3550382,1.1074998,1.3994707,1.143825,1.3279411,1.0853435
1997-06-26,1.4170034,1.1580066,1.3549743,1.1072977,1.3996601,1.143825,1.3207363,1.0793081
1997-06-27,1.4236311,1.1632633,1.3560348,1.1080117,1.399853,1.143825,1.3269443,1.0842325
1997-06-30,1.414982,1.1557161,1.3543439,1.1061729,1.4004306,1.143825,1.3198915,1.0780224
1997-07-01,1.4180904,1.1580947,1.3575746,1.1086583,1.4006248,1.143825,1.3200745,1.0780224
1997-07-02,1.4187458,1.15847,1.3582021,1.1090176,1.4008182,1.143825,1.3202568,1.0780224
1997-07-03,1.4189425,1.15847,1.3583903,1.1090176,1.4010124,1.143825,1.3204398,1.0780224
1997-07-07,1.4197215,1.15847,1.3591362,1.1090176,1.4017816,1.143825,1.3211648,1.0780224
1997-07-08,1.4199144,1.15847,1.3593208,1.1090176,1.4019721,1.143825,1.3213443,1.0780224
1997-07-09,1.4201086,1.15847,1.3595067,1.1090176,1.4021637,1.143825,1.321525,1.0780224
1997-07-10,1.4203023,1.15847,1.3596922,1.1090176,1.402355,1.143825,1.3217053,1.0780224
1997-07-11,1.4204973,1.15847,1.3598788,1.1090176,1.4025475,1.143825,1.3218867,1.0780224
1997-07-14,1.421081,1.15847,1.3604377,1.1090176,1.4031239,1.143825,1.32243,1.0780224
1997-07-15,1.4211879,1.1583978,1.36054,1.1089484,1.4033169,1.143825,1.3226118,1.0780224
1997-07-16,1.4194926,1.1568548,1.358917,1.1074713,1.4035122,1.143825,1.3227959,1.0780224
1997-07-17,1.4196277,1.1568054,1.3590463,1.107424,1.4037056,1.143825,1.3229782,1.0780224
1997-07-18,1.4228362,1.1592602,1.3621179,1.109774,1.4038994,1.143825,1.3231609,1.0780224
1997-07-21,1.4249803,1.1605212,1.3641705,1.1109812,1.4044879,1.143825,1.3237155,1.0780224
1997-07-22,1.4198536,1.1561828,1.3592626,1.106828,1.4046853,1.143825,1.3239016,1.0780224
1997-07-23,1.4213658,1.1572545,1.3607102,1.107854,1.4048793,1.143825,1.3240844,1.0780224
1997-07-24,1.4209018,1.1567163,1.3602661,1.1073387,1.405074,1.143825,1.3242679,1.0780224
1997-07-25,1.4202164,1.1559971,1.3598874,1.106876,1.40527,1.143825,1.3240669,1.0777085
1997-07-28,1.4244278,1.1589405,1.3615782,1.1077883,1.405859,1.143825,1.3278776,1.0803583
1997-07-29,1.4348426,1.1672522,1.3659227,1.1111683,1.4060555,1.143825,1.3358763,1.0867152
1997-07-30,1.4424921,1.173312,1.3664419,1.1114354,1.4060693,1.1436765,1.3455073,1.094398
1997-07-31,1.443233,1.1737506,1.3640183,1.1093088,1.4040336,1.1418608,1.3500896,1.0979721
1997-08-01,1.4632503,1.189866,1.382937,1.1245394,1.4181728,1.1532,1.3502786,1.0979721
1997-08-04,1.4667863,1.1922387,1.3862789,1.1267818,1.4209965,1.1550089,1.350849,1.0979721
1997-08-05,1.4679229,1.1929946,1.3873531,1.1274962,1.4212265,1.1550332,1.3510393,1.0979721
1997-08-06,1.4671292,1.1921812,1.386603,1.1267275,1.4195248,1.1534873,1.3512299,1.0979721
1997-08-07,1.4666868,1.1916536,1.3861849,1.1262288,1.4179209,1.1520212,1.3514206,1.0979721
1997-08-08,1.4540147,1.1811892,1.3742083,1.116339,1.4083222,1.1440597,1.3516116,1.0979721
1997-08-11,1.4561439,1.182419,1.3762207,1.1175012,1.4103029,1.1451845,1.3521837,1.0979721
1997-08-12,1.4542453,1.1807097,1.3744262,1.1158858,1.4084791,1.1435413,1.3523753,1.0979721
1997-08-13,1.4561276,1.1820708,1.3762052,1.1171721,1.4105959,1.1450979,1.3525668,1.0979721
1997-08-14,1.459203,1.1843996,1.3791118,1.1193731,1.4112075,1.1454319,1.3527588,1.0979721
1997-08-15,1.4594108,1.1843996,1.3793083,1.1193731,1.4114086,1.1454319,1.3529515,1.0979721
1997-08-18,1.4600286,1.1843996,1.3798921,1.1193731,1.412006,1.1454319,1.3535242,1.0979721
1997-08-19,1.4601408,1.1843242,1.3799982,1.1193018,1.4122044,1.1454319,1.3537144,1.0979721
1997-08-20,1.4613394,1.1851305,1.381131,1.1200639,1.4124022,1.1454319,1.3539039,1.0979721
1997-08-21,1.4657556,1.1885464,1.3853048,1.1232922,1.4125995,1.1454319,1.3540931,1.0979721
1997-08-22,1.4690263,1.1910315,1.3883959,1.1256409,1.412798,1.1454319,1.3542834,1.0979721
1997-08-25,1.47161,1.1926261,1.3911153,1.1273728,1.4133914,1.1454319,1.3545369,1.0977165
1997-08-26,1.4717103,1.1925387,1.3900503,1.1263503,1.4135912,1.1454319,1.3560438,1.0987825
1997-08-27,1.4707366,1.1915818,1.389077,1.1254031,1.4137903,1.1454319,1.3562888,1.0988263
1997-08-28,1.4847943,1.2028034,1.3934301,1.1287714,1.4139894,1.1454319,1.36668,1.1070902
1997-08-29,1.4775745,1.1967868,1.3913274,1.1269103,1.414187,1.1454319,1.3615028,1.1027417
1997-09-02,1.4804597,1.1984548,1.3940621,1.1284955,1.4149774,1.1454319,1.3622638,1.1027417
1997-09-03,1.4795472,1.1975496,1.3931935,1.1276356,1.4151739,1.1454319,1.362453,1.1027417
1997-09-04,1.4793522,1.1972274,1.3930054,1.1273286,1.4153681,1.1454319,1.36264,1.1027417
1997-09-05,1.4795552,1.1972274,1.3931966,1.1273286,1.4155624,1.1454319,1.3628271,1.1027417
1997-09-08,1.4801669,1.1972274,1.3937726,1.1273286,1.4161476,1.1454319,1.3633905,1.1027417
1997-09-09,1.4803705,1.1972274,1.3939643,1.1273286,1.4163424,1.1454319,1.363578,1.1027417
1997-09-10,1.4805741,1.1972274,1.394156,1.1273286,1.4165372,1.1454319,1.3637655,1.1027417
1997-09-11,1.4807761,1.1972274,1.3943462,1.1273286,1.4167305,1.1454319,1.3639516,1.1027417
1997-09-12,1.4809789,1.1972274,1.3945372,1.1273286,1.4169246,1.1454319,1.3641384,1.1027417
1997-09-15,1.4815839,1.1972274,1.3951069,1.1273286,1.4175034,1.1454319,1.3646957,1.1027417
1997-09-16,1.4816858,1.1971457,1.3952028,1.1272517,1.4176851,1.1454219,1.3648826,1.1027417
1997-09-17,1.480953,1.196391,1.3945128,1.126541,1.4177612,1.1453277,1.3650681,1.1027417
1997-09-18,1.4828679,1.1977751,1.3963159,1.1278442,1.4181866,1.1455154,1.365254,1.1027417
1997-09-19,1.4826811,1.197461,1.39614,1.1275486,1.4183241,1.1454705,1.3654399,1.1027417
1997-09-22,1.4816243,1.1961223,1.3951449,1.126288,1.418679,1.1452929,1.3659932,1.1027417
1997-09-23,1.4829807,1.1970565,1.3964222,1.1271676,1.4190339,1.1454254,1.3661769,1.1027417
1997-09-24,1.4816533,1.1958246,1.3953277,1.1261332,1.4190163,1.1452577,1.3662078,1.1026189
1997-09-25,1.4735399,1.1891188,1.3932305,1.1242922,1.4188796,1.1449965,1.3609601,1.0982383
1997-09-26,1.4788255,1.1932278,1.3951029,1.1256553,1.419306,1.14519,1.3641917,1.1007017
1997-09-29,1.4782899,1.192319,1.3957586,1.1257347,1.4198865,1.145201,1.3636015,1.0997858
1997-09-30,1.4768637,1.1910096,1.3957799,1.1256017,1.420051,1.1451808,1.362447,1.0987079
1997-10-01,1.4781652,1.1918983,1.39701,1.1264416,1.4204043,1.145311,1.362631,1.0987079
1997-10-02,1.4783664,1.1918983,1.3972002,1.1264416,1.4205977,1.145311,1.3628165,1.0987079
1997-10-03,1.4785665,1.1918983,1.3973893,1.1264416,1.42079,1.145311,1.363001,1.0987079
1997-10-06,1.479162,1.1918983,1.3979521,1.1264416,1.4213622,1.145311,1.3635499,1.0987079
1997-10-07,1.4793593,1.1918983,1.3981386,1.1264416,1.4215518,1.145311,1.3637319,1.0987079
1997-10-08,1.4795592,1.1918983,1.3983274,1.1264416,1.4217438,1.145311,1.363916,1.0987079
1997-10-09,1.4797602,1.1918983,1.3985174,1.1264416,1.421937,1.145311,1.3641014,1.0987079
1997-10-10,1.4799629,1.1918983,1.398709,1.1264416,1.4221318,1.145311,1.3642883,1.0987079
1997-10-14,1.4807739,1.1918983,1.3994754,1.1264416,1.4229111,1.145311,1.3650358,1.0987079
1997-10-15,1.4809747,1.1918983,1.3996652,1.1264416,1.423104,1.145311,1.3652209,1.0987079
1997-10-16,1.4811747,1.1918983,1.3998543,1.1264416,1.4232962,1.145311,1.3654053,1.0987079
1997-10-17,1.4813752,1.1918983,1.4000437,1.1264416,1.4234889,1.145311,1.3655901,1.0987079
1997-10-20,1.4819742,1.1918983,1.4006099,1.1264416,1.4240645,1.145311,1.3661424,1.0987079
1997-10-21,1.4820835,1.1918258,1.4007131,1.1263731,1.4242238,1.1452851,1.3663261,1.0987079
1997-10-22,1.481799,1.1914358,1.4004443,1.1260045,1.4242704,1.1451676,1.366511,1.0987079
1997-10-23,1.4741972,1.1851597,1.3932599,1.1200731,1.4229,1.1439082,1.366699,1.0987079
1997-10-24,1.4740343,1.1848667,1.3931059,1.1197962,1.4230808,1.1438972,1.3668858,1.0987079
1997-10-27,1.4634246,1.1758505,1.383373,1.1115117,1.4214326,1.1421013,1.3671599,1.0984758
1997-10-28,1.4621392,1.1746579,1.3902362,1.116875,1.4231314,1.143311,1.3593233,1.09203
1997-10-29,1.4677458,1.1789976,1.3873679,1.1144143,1.42326,1.1432543,1.3675855,1.0985147
1997-10-30,1.4768564,1.1861528,1.38765,1.1144868,1.4214385,1.141633,1.3759215,1.1050586
1997-10-31,1.4765305,1.1857276,1.3869408,1.1137636,1.421401,1.1414455,1.3758515,1.1048501
1997-11-03,1.4772617,1.1858207,1.3894283,1.115297,1.4246043,1.1435422,1.3764248,1.1048501
1997-11-04,1.4763722,1.1849406,1.389396,1.115115,1.4263655,1.1447959,1.3766175,1.1048501
1997-11-05,1.4760979,1.1845546,1.3886882,1.1143908,1.4263371,1.1446128,1.3768102,1.1048501
1997-11-06,1.4773405,1.1853853,1.3870778,1.1129418,1.4262114,1.1443511,1.3770037,1.1048501
1997-11-07,1.4775721,1.1854032,1.3872951,1.1129586,1.4264758,1.1444012,1.3771988,1.1048501
1997-11-10,1.4777728,1.1850605,1.3874836,1.1126368,1.4268928,1.1442494,1.377784,1.1048501
1997-11-12,1.4791273,1.1858084,1.3887554,1.1133391,1.4277145,1.1445817,1.3781773,1.1048501
1997-11-13,1.4799372,1.18629,1.3895157,1.1137912,1.4282913,1.1448823,1.3783721,1.1048501
1997-11-14,1.4804388,1.1865254,1.3899867,1.1140122,1.4285952,1.144965,1.3785659,1.1048501
1997-11-17,1.480981,1.1864596,1.3904957,1.1139505,1.4291976,1.144965,1.3791471,1.1048501
1997-11-18,1.4814216,1.1866443,1.3909095,1.1141239,1.4294004,1.144965,1.3793429,1.1048501
1997-11-19,1.4803578,1.1856241,1.3899107,1.113166,1.4296029,1.144965,1.3795382,1.1048501
1997-11-20,1.4824267,1.1871141,1.3918532,1.1145649,1.4298042,1.144965,1.3797325,1.1048501
1997-11-21,1.4796865,1.1847526,1.3896169,1.1126172,1.4300055,1.144965,1.3795932,1.1045829
1997-11-24,1.4766185,1.1817985,1.3920064,1.1140632,1.4306061,1.144965,1.3749399,1.1003933
1997-11-25,1.4778417,1.1826104,1.391785,1.1137284,1.4308084,1.144965,1.376492,1.1014799
1997-11-26,1.4750749,1.1802292,1.3904929,1.1125371,1.4310107,1.144965,1.3753874,1.1004403
1997-11-28,1.4743066,1.1792833,1.3900404,1.1118628,1.4314121,1.144965,1.3755045,1.1002253
1997-12-01,1.4743865,1.1788549,1.3901157,1.1114589,1.4320098,1.144965,1.3760788,1.1002253
1997-12-02,1.4745513,1.1788219,1.390271,1.1114278,1.4322099,1.144965,1.3762711,1.1002253
1997-12-03,1.4756144,1.1795065,1.3912734,1.1120732,1.4324108,1.144965,1.3764642,1.1002253
1997-12-04,1.4758214,1.1795065,1.3914686,1.1120732,1.4326117,1.144965,1.3766572,1.1002253
1997-12-05,1.4760289,1.1795065,1.3916642,1.1120732,1.4328131,1.144965,1.3768507,1.1002253
1997-12-08,1.4766549,1.1795065,1.3922544,1.1120732,1.4334207,1.144965,1.3774347,1.1002253
1997-12-09,1.4768652,1.1795065,1.3924527,1.1120732,1.4336249,1.144965,1.3776309,1.1002253
1997-12-10,1.4770728,1.1795065,1.3926484,1.1120732,1.4338264,1.144965,1.3778245,1.1002253
1997-12-11,1.477278,1.1795065,1.3928419,1.1120732,1.4340256,1.144965,1.3780159,1.1002253
1997-12-12,1.4774828,1.1795065,1.393035,1.1120732,1.4342244,1.144965,1.3782069,1.1002253
1997-12-15,1.4780545,1.1794734,1.3935741,1.112042,1.4348197,1.144965,1.378779,1.1002253
1997-12-16,1.4781678,1.179399,1.3936809,1.1119718,1.4350202,1.144965,1.3789716,1.1002253
1997-12-17,1.4796521,1.1804188,1.3950803,1.1129333,1.4352203,1.144965,1.3791639,1.1002253
1997-12-18,1.4785303,1.1793586,1.3940227,1.1119338,1.4354212,1.144965,1.379357,1.1002253
1997-12-19,1.4770842,1.1780403,1.3926592,1.1106908,1.4356218,1.144965,1.3795498,1.1002253
1997-12-22,1.4783544,1.1785508,1.3938568,1.1111721,1.4362342,1.144965,1.3801382,1.1002253
1997-12-23,1.4784148,1.1784278,1.3939138,1.1110562,1.4364427,1.144965,1.3803386,1.1002253
1997-12-24,1.4786233,1.1784226,1.3944496,1.1113217,1.4366517,1.144965,1.3801666,1.099928
1997-12-26,1.4799278,1.1791239,1.3942786,1.1108664,1.4370642,1.144965,1.382102,1.1011547
1997-12-29,1.4789539,1.177843,1.3946495,1.1106862,1.4376796,1.144965,1.3812765,1.1000254
1997-12-30,1.4717512,1.171937,1.3932569,1.109417,1.4378868,1.144965,1.3755405,1.0952989
1997-12-31,1.4803416,1.1786072,1.3949233,1.1105828,1.4380956,1.144965,1.3828248,1.1009401
1998-01-02,1.480765,1.1786072,1.3953223,1.1105828,1.4385069,1.144965,1.3832204,1.1009401
1998-01-05,1.4813954,1.1786072,1.3959163,1.1105828,1.4391193,1.144965,1.3838093,1.1009401
1998-01-06,1.481602,1.1786072,1.396111,1.1105828,1.43932,1.144965,1.3840023,1.1009401
1998-01-07,1.4818082,1.1786072,1.3963053,1.1105828,1.4395204,1.144965,1.3841949,1.1009401
1998-01-08,1.4820149,1.1786072,1.3965,1.1105828,1.4397211,1.144965,1.3843879,1.1009401
1998-01-09,1.4822179,1.1786072,1.3966913,1.1105828,1.4399183,1.144965,1.3845775,1.1009401
1998-01-12,1.4828173,1.1786072,1.3972561,1.1105828,1.4405006,1.144965,1.3851374,1.1009401
1998-01-13,1.4830167,1.1786072,1.3974441,1.1105828,1.4406944,1.144965,1.3853238,1.1009401
1998-01-14,1.4832211,1.1786072,1.3976367,1.1105828,1.4408929,1.144965,1.3855147,1.1009401
1998-01-15,1.4834259,1.1786072,1.3978297,1.1105828,1.4410919,1.144965,1.385706,1.1009401
1998-01-16,1.4836291,1.1786072,1.3980211,1.1105828,1.4412893,1.144965,1.3858958,1.1009401
1998-01-20,1.4843695,1.178547,1.3987188,1.1105261,1.4420758,1.1449599,1.3866583,1.1009401
1998-01-21,1.4832738,1.1775149,1.3976863,1.1095536,1.4421641,1.1448725,1.386849,1.1009401
1998-01-22,1.481948,1.1763011,1.396437,1.1084098,1.4422321,1.1447697,1.387039,1.1009401
1998-01-23,1.4899578,1.1824978,1.4039846,1.1142489,1.4430917,1.1452951,1.387229,1.1009401
1998-01-26,1.4880219,1.1804716,1.4025117,1.1126183,1.4435055,1.1451491,1.3874566,1.1006647
1998-01-27,1.4822181,1.1757053,1.4068042,1.1158709,1.4440713,1.1454408,1.377989,1.093003
1998-01-28,1.4829249,1.1761016,1.4060449,1.1151127,1.4441875,1.145373,1.3795823,1.0941141
1998-01-29,1.5044781,1.1930314,1.4109442,1.1188427,1.4448098,1.1457068,1.395019,1.106204
1998-01-30,1.5138537,1.2003007,1.412976,1.1202988,1.445174,1.1458367,1.4018969,1.1115046
1998-02-02,1.5125681,1.1987822,1.4117761,1.1188815,1.4456157,1.1457104,1.4024799,1.1115046
1998-02-03,1.513643,1.1994666,1.4127794,1.1195203,1.4458932,1.1457702,1.4026759,1.1115046
1998-02-04,1.5135579,1.1992309,1.4126999,1.1193003,1.4459403,1.1456469,1.4028726,1.1115046
1998-02-05,1.5160649,1.2010537,1.4150399,1.1210016,1.4491161,1.1480068,1.4030641,1.1115046
1998-02-06,1.516938,1.2015805,1.4158548,1.1214933,1.4492998,1.1479947,1.4032566,1.1115046
1998-02-09,1.5198152,1.2033618,1.4185402,1.1231558,1.4521107,1.1497457,1.4038379,1.1115046
1998-02-10,1.5186384,1.2022648,1.4174418,1.122132,1.4514692,1.14908,1.4040306,1.1115046
1998-02-11,1.5131939,1.1977876,1.4123602,1.1179532,1.4430924,1.1422887,1.4042256,1.1115046
1998-02-12,1.5139464,1.1982166,1.4130626,1.1183536,1.4440109,1.1428568,1.4044211,1.1115046
1998-02-13,1.5173094,1.2007114,1.4162014,1.1206821,1.4464679,1.1446423,1.4046166,1.1115046
1998-02-17,1.52244,1.2041017,1.4209901,1.1238465,1.4514018,1.1479082,1.4054001,1.1115046
1998-02-18,1.5189081,1.2011421,1.4176936,1.1210841,1.4480219,1.1450765,1.4055941,1.1115046
1998-02-19,1.5195958,1.2015194,1.4183355,1.1214362,1.4472018,1.1442692,1.405789,1.1115046
1998-02-20,1.5202607,1.2018782,1.4189561,1.1217712,1.4473644,1.1442389,1.4059842,1.1115046
1998-02-23,1.5234469,1.2038953,1.4222702,1.1239228,1.4489529,1.1450169,1.4062341,1.111238
1998-02-24,1.5153997,1.1973672,1.4296665,1.1296099,1.4517553,1.1470709,1.3916904,1.0995894
1998-02-25,1.5229579,1.2031709,1.4285655,1.1285813,1.4514907,1.1467006,1.399899,1.1059205
1998-02-26,1.5186747,1.1996167,1.4272601,1.1273901,1.4511532,1.1462715,1.3974394,1.1038208
1998-02-27,1.5248593,1.204331,1.4292974,1.1288387,1.452021,1.1467937,1.4013346,1.1067403
1998-03-02,1.5214404,1.201118,1.4260928,1.1258272,1.4512659,1.1457091,1.4019312,1.1067403
1998-03-03,1.5187209,1.1988006,1.4235437,1.1236551,1.4504792,1.1449255,1.4021302,1.1067403
1998-03-04,1.5191703,1.1989882,1.423965,1.1238309,1.450762,1.144989,1.4023257,1.1067403
1998-03-05,1.5193805,1.1989882,1.424162,1.1238309,1.4509627,1.144989,1.4025197,1.1067403
1998-03-06,1.5195903,1.1989882,1.4243587,1.1238309,1.4511631,1.144989,1.4027134,1.1067403
1998-03-09,1.5202173,1.1989882,1.4249463,1.1238309,1.4517618,1.144989,1.4032921,1.1067403
1998-03-10,1.5204268,1.1989882,1.4251427,1.1238309,1.4519619,1.144989,1.4034855,1.1067403
1998-03-11,1.5206334,1.1989882,1.4253364,1.1238309,1.4521592,1.144989,1.4036762,1.1067403
1998-03-12,1.52084,1.1989882,1.4255301,1.1238309,1.4523565,1.144989,1.403867,1.1067403
1998-03-13,1.5210463,1.1989882,1.4257234,1.1238309,1.4525535,1.144989,1.4040574,1.1067403
1998-03-16,1.5216664,1.1989882,1.4263046,1.1238309,1.4531456,1.144989,1.4046298,1.1067403
1998-03-17,1.5217865,1.1989196,1.4264172,1.1237666,1.4532943,1.1449502,1.404821,1.1067403
1998-03-18,1.522593,1.1993904,1.4271732,1.1242079,1.4538315,1.1452163,1.4050139,1.1067403
1998-03-19,1.5230797,1.1996085,1.4276294,1.1244123,1.4541883,1.1453395,1.4052075,1.1067403
1998-03-20,1.5232606,1.1995854,1.427799,1.1243906,1.4543725,1.1453264,1.4054015,1.1067403
1998-03-23,1.5238067,1.1995175,1.4283108,1.124327,1.4549274,1.1452881,1.4059849,1.1067403
1998-03-24,1.5234648,1.1990834,1.4279903,1.1239201,1.4548406,1.1450622,1.4061782,1.1067403
1998-03-25,1.5235228,1.1989638,1.4282092,1.1239375,1.4558367,1.1456884,1.40621,1.1066128
1998-03-26,1.519648,1.1957489,1.4271914,1.1229813,1.4556922,1.1454165,1.4038298,1.1045869
1998-03-27,1.5195621,1.1955149,1.4270983,1.1227518,1.4558105,1.1453502,1.4040374,1.1045965
1998-03-30,1.5166924,1.192758,1.426985,1.1221939,1.4561662,1.1451518,1.4020836,1.1025982
1998-03-31,1.5219937,1.1967607,1.4288416,1.1234974,1.4568951,1.1455653,1.4053557,1.1050176
1998-04-01,1.5229404,1.1973405,1.4297303,1.1240417,1.4575131,1.1458937,1.405549,1.1050176
1998-04-02,1.5231486,1.1973405,1.4299258,1.1240417,1.4577124,1.1458937,1.4057412,1.1050176
1998-04-03,1.523356,1.1973405,1.4301205,1.1240417,1.4579109,1.1458937,1.4059326,1.1050176
1998-04-06,1.5239758,1.1973405,1.4307023,1.1240417,1.458504,1.1458937,1.4065046,1.1050176
1998-04-07,1.5241833,1.1973405,1.4308971,1.1240417,1.4587026,1.1458937,1.4066961,1.1050176
1998-04-08,1.5243896,1.1973405,1.4310908,1.1240417,1.4589,1.1458937,1.4068865,1.1050176
1998-04-09,1.5245955,1.1973405,1.4312841,1.1240417,1.4590971,1.1458937,1.4070765,1.1050176
1998-04-13,1.5254209,1.1973405,1.432059,1.1240417,1.459887,1.1458937,1.4078383,1.1050176
1998-04-14,1.5256319,1.1973405,1.4322571,1.1240417,1.460089,1.1458937,1.4080331,1.1050176
1998-04-15,1.5258418,1.1973405,1.4324541,1.1240417,1.4602898,1.1458937,1.4082267,1.1050176
1998-04-16,1.5260487,1.1973405,1.4326483,1.1240417,1.4604878,1.1458937,1.4084177,1.1050176
1998-04-17,1.526254,1.1973405,1.4328411,1.1240417,1.4606843,1.1458937,1.4086072,1.1050176
1998-04-20,1.5268712,1.1973405,1.4334205,1.1240417,1.461275,1.1458937,1.4091768,1.1050176
1998-04-21,1.5269748,1.1972607,1.4335177,1.1239667,1.4614716,1.1458937,1.4093663,1.1050176
1998-04-22,1.5270511,1.1971585,1.4335894,1.1238708,1.461578,1.1458221,1.4095571,1.1050176
1998-04-23,1.5276166,1.1974391,1.4341202,1.1241342,1.4617622,1.1458107,1.4097486,1.1050176
1998-04-24,1.5271071,1.1968771,1.4339103,1.123817,1.461581,1.145513,1.409559,1.1047189
1998-04-27,1.5215121,1.192005,1.4424407,1.1300453,1.4664981,1.1489008,1.3905518,1.0893728
1998-04-28,1.5210574,1.1914875,1.4419682,1.1295222,1.4670444,1.1491733,1.3907825,1.0894061
1998-04-29,1.5191875,1.1898618,1.4411487,1.1287278,1.467037,1.1490122,1.3895192,1.0882694
1998-04-30,1.5437642,1.2089498,1.4514549,1.136647,1.4722576,1.1529456,1.4088981,1.1032996
1998-05-01,1.5447984,1.2095984,1.4524684,1.1372889,1.4732442,1.1535644,1.4090861,1.1032996
1998-05-04,1.5455815,1.2097254,1.4532191,1.1374197,1.4738853,1.1536028,1.4096524,1.1032996
1998-05-05,1.543662,1.2080602,1.4512651,1.1357373,1.4729397,1.1527074,1.409842,1.1032996
1998-05-06,1.5441014,1.2082393,1.4517827,1.1359874,1.4752468,1.1543557,1.4100344,1.1032996
1998-05-07,1.5446634,1.2085142,1.4523112,1.1362459,1.4754361,1.1543463,1.4102268,1.1032996
1998-05-08,1.5477671,1.2107776,1.4552293,1.138374,1.4777677,1.156013,1.4104192,1.1032996
1998-05-11,1.5533911,1.2146795,1.4605171,1.1420425,1.4826115,1.1593271,1.4109988,1.1032996
1998-05-12,1.5464323,1.2090716,1.4539743,1.13677,1.4779552,1.1555273,1.4111921,1.1032996
1998-05-13,1.5443991,1.2073167,1.4520627,1.13512,1.4747147,1.1528358,1.411385,1.1032996
1998-05-14,1.5433532,1.2063341,1.4510793,1.1341962,1.4741249,1.1522171,1.411578,1.1032996
1998-05-15,1.5434057,1.2062085,1.4511287,1.1340781,1.4740684,1.1520138,1.4117729,1.1032996
1998-05-18,1.545716,1.2075144,1.4533008,1.1353059,1.4757584,1.1528574,1.4123577,1.1032996
1998-05-19,1.5454312,1.2071249,1.4530331,1.1349397,1.4757015,1.1526534,1.4125531,1.1032996
1998-05-20,1.5453753,1.2069128,1.4529805,1.1347403,1.4768254,1.1533705,1.4127501,1.1032996
1998-05-21,1.5501575,1.2104801,1.4574768,1.1380942,1.4790873,1.1549768,1.4129464,1.1032996
1998-05-22,1.5496677,1.2099284,1.4573045,1.1378006,1.4789383,1.1546991,1.4127692,1.1030072
1998-05-26,1.5539753,1.2126181,1.4555021,1.1357599,1.4779933,1.1533185,1.4211622,1.1089458
1998-05-27,1.5532965,1.2119222,1.4513727,1.1323821,1.4771478,1.1525006,1.4259216,1.1125077
1998-05-28,1.5489031,1.2083297,1.4494498,1.1307279,1.4768115,1.1520816,1.4231123,1.1101648
1998-05-29,1.5529699,1.2113391,1.4513127,1.1320285,1.4770241,1.1520919,1.4259873,1.1122576
1998-06-01,1.5552349,1.212619,1.4535463,1.1333157,1.4787825,1.1530004,1.4265604,1.1122576
1998-06-02,1.5539905,1.2114876,1.4522782,1.1321764,1.4778696,1.1521355,1.4267499,1.1122576
1998-06-03,1.5529592,1.2105193,1.4512367,1.1312109,1.4777085,1.1518536,1.4269434,1.1122576
1998-06-04,1.5520043,1.2096091,1.4502534,1.1302895,1.4767073,1.1509154,1.4271389,1.1122576
1998-06-05,1.552216,1.2096091,1.4504513,1.1302895,1.4769088,1.1509154,1.4273336,1.1122576
1998-06-08,1.5528514,1.2096091,1.4510449,1.1302895,1.4775133,1.1509154,1.4279179,1.1122576
1998-06-09,1.5530641,1.2096091,1.4512437,1.1302895,1.4777157,1.1509154,1.4281135,1.1122576
1998-06-10,1.5532781,1.2096091,1.4514437,1.1302895,1.4779193,1.1509154,1.4283103,1.1122576
1998-06-11,1.5534913,1.2096091,1.4516429,1.1302895,1.4781222,1.1509154,1.4285063,1.1122576
1998-06-12,1.5537029,1.2096091,1.4518406,1.1302895,1.4783234,1.1509154,1.4287008,1.1122576
1998-06-15,1.5543401,1.2096091,1.4524361,1.1302895,1.4789298,1.1509154,1.4292868,1.1122576
1998-06-16,1.5544509,1.2095303,1.4525396,1.1302158,1.4791315,1.1509154,1.4294818,1.1122576
1998-06-17,1.5565707,1.2110121,1.4545204,1.1316005,1.4792454,1.1508444,1.42968,1.1122576
1998-06-18,1.555177,1.2097589,1.4532181,1.1304295,1.4787125,1.1502694,1.4298793,1.1122576
1998-06-19,1.5538013,1.2085214,1.4519326,1.1292731,1.4778122,1.1494098,1.4300772,1.1122576
1998-06-22,1.5543391,1.2084401,1.4524352,1.1291971,1.4783942,1.1493873,1.4306684,1.1122576
1998-06-23,1.5527129,1.2070105,1.4509156,1.1278613,1.4782207,1.1490953,1.430864,1.1122576
1998-06-24,1.5512529,1.2057112,1.4499181,1.1269323,1.4771792,1.1481292,1.4306801,1.1119632
1998-06-25,1.5495437,1.2042205,1.4482814,1.1255087,1.4770242,1.1478543,1.4308986,1.1119834
1998-06-26,1.5508086,1.2050422,1.4494447,1.1262619,1.4774079,1.1479987,1.4311173,1.1120044
1998-06-29,1.5498818,1.2038397,1.4499614,1.1262126,1.4778384,1.1478738,1.4302613,1.1108942
1998-06-30,1.5557427,1.2082308,1.4513835,1.1271662,1.4785822,1.1482977,1.4346476,1.1141522
1998-07-01,1.556642,1.2087646,1.4522491,1.127685,1.4794641,1.1488262,1.434843,1.1141522
1998-07-02,1.5568535,1.2087646,1.4524465,1.127685,1.4796652,1.1488262,1.435038,1.1141522
1998-07-06,1.5576963,1.2087646,1.4532328,1.127685,1.4804662,1.1488262,1.4358148,1.1141522
1998-07-07,1.5579067,1.2087646,1.4534291,1.127685,1.4806662,1.1488262,1.4360088,1.1141522
1998-07-08,1.558118,1.2087646,1.4536262,1.127685,1.480867,1.1488262,1.4362035,1.1141522
1998-07-09,1.5583297,1.2087646,1.4538237,1.127685,1.4810682,1.1488262,1.4363987,1.1141522
1998-07-10,1.5585406,1.2087646,1.4540205,1.127685,1.4812687,1.1488262,1.4365931,1.1141522
1998-07-13,1.5591722,1.2087646,1.4546097,1.127685,1.4818689,1.1488262,1.4371752,1.1141522
1998-07-14,1.559384,1.2087646,1.4548073,1.127685,1.4820703,1.1488262,1.4373705,1.1141522
1998-07-15,1.5595985,1.2087646,1.4550074,1.127685,1.4822741,1.1488262,1.4375682,1.1141522
1998-07-16,1.5598126,1.2087646,1.4552071,1.127685,1.4824775,1.1488262,1.4377655,1.1141522
1998-07-17,1.5600275,1.2087646,1.4554077,1.127685,1.4826818,1.1488262,1.4379637,1.1141522
1998-07-20,1.5606699,1.2087646,1.456007,1.127685,1.4832924,1.1488262,1.4385558,1.1141522
1998-07-21,1.5608837,1.2087646,1.4562064,1.127685,1.4834956,1.1488262,1.4387528,1.1141522
1998-07-22,1.5609803,1.2086752,1.4562965,1.1276016,1.4834891,1.1486651,1.4389484,1.1141522
1998-07-23,1.5602365,1.2079357,1.4556026,1.1269117,1.4819701,1.1473334,1.4391431,1.1141522
1998-07-24,1.5613424,1.2086277,1.4566343,1.1275573,1.4837802,1.1485789,1.4393387,1.1141522
1998-07-27,1.561463,1.2082294,1.4571403,1.1274902,1.4842165,1.1484494,1.4394574,1.1137909
1998-07-28,1.5556958,1.2036026,1.456448,1.1268013,1.4827,1.1471199,1.4340891,1.1094857
1998-07-29,1.5537027,1.2018977,1.457674,1.1275973,1.4849224,1.148684,1.4306042,1.1066394
1998-07-30,1.5573269,1.2045386,1.4579068,1.1276248,1.4851815,1.148729,1.4345375,1.1095322
1998-07-31,1.5571786,1.2042609,1.4581396,1.1276522,1.4854406,1.148774,1.4342989,1.1091975
1998-08-03,1.5592836,1.2053968,1.4603557,1.1289054,1.4887025,1.1508272,1.4348848,1.1091975
1998-08-04,1.5607789,1.2063883,1.4619917,1.1300161,1.4914594,1.1528015,1.4350805,1.1091975
1998-08-05,1.5620963,1.2072424,1.4635194,1.131043,1.4948474,1.1552632,1.4352759,1.1091975
1998-08-06,1.5626576,1.2075124,1.4640452,1.131296,1.4949284,1.1551691,1.4354706,1.1091975
1998-08-07,1.5567291,1.2027692,1.4584908,1.1268521,1.4931676,1.1536534,1.4356633,1.1091975
1998-08-10,1.5577567,1.2030827,1.4594536,1.1271458,1.4937448,1.1536385,1.4362368,1.1091975
1998-08-11,1.5511088,1.1977882,1.4532252,1.1221855,1.4923303,1.1523925,1.436428,1.1091975
1998-08-12,1.5533322,1.1993443,1.4553083,1.1236435,1.4929676,1.1527299,1.4366208,1.1091975
1998-08-13,1.5500786,1.1966716,1.4522601,1.1211394,1.4898249,1.150149,1.4368133,1.1091975
1998-08-14,1.5538833,1.1994478,1.4558247,1.1237404,1.4935012,1.1528324,1.4370066,1.1091975
1998-08-17,1.5545693,1.1994942,1.4564673,1.1237839,1.4944406,1.1530932,1.4375853,1.1091975
1998-08-18,1.5538713,1.1987937,1.4558134,1.1231276,1.4934251,1.1521539,1.4377795,1.1091975
1998-08-19,1.5535908,1.1984154,1.4555506,1.1227731,1.4934279,1.1520005,1.4379737,1.1091975
1998-08-20,1.5536003,1.1982605,1.4555595,1.122628,1.492946,1.1514728,1.4381683,1.1091975
1998-08-21,1.5496567,1.1950577,1.4518648,1.1196274,1.4874654,1.1470909,1.4383618,1.1091975
1998-08-24,1.5484413,1.1936411,1.4507261,1.1183002,1.4855517,1.145155,1.4389387,1.1091975
1998-08-25,1.5459913,1.1915909,1.4487033,1.1165896,1.4825174,1.142661,1.4385592,1.1087548
1998-08-26,1.5412203,1.1877517,1.4453087,1.1138215,1.4774828,1.1386252,1.4364778,1.107
1998-08-27,1.565971,1.2066655,1.4533937,1.1199017,1.4893578,1.1476229,1.4689893,1.131905
1998-08-28,1.5727299,1.2117129,1.4564237,1.1220873,1.4937637,1.1508651,1.4762885,1.1373785
1998-08-31,1.5790718,1.216123,1.4581509,1.1229771,1.4960653,1.1521862,1.4858521,1.1442998
1998-09-01,1.5822927,1.2184447,1.4611913,1.125172,1.5004936,1.1554461,1.4860463,1.1442998
1998-09-02,1.576331,1.213694,1.4555505,1.1206807,1.4920203,1.1487696,1.4862413,1.1442998
1998-09-03,1.5765375,1.213694,1.4557411,1.1206807,1.4922157,1.1487696,1.4864359,1.1442998
1998-09-04,1.5767409,1.213694,1.455929,1.1206807,1.4924082,1.1487696,1.4866277,1.1442998
1998-09-08,1.5775599,1.213694,1.4566853,1.1206807,1.4931834,1.1487696,1.4874,1.1442998
1998-09-09,1.5777648,1.213694,1.4568744,1.1206807,1.4933774,1.1487696,1.4875931,1.1442998
1998-09-10,1.5779706,1.213694,1.4570644,1.1206807,1.4935721,1.1487696,1.4877871,1.1442998
1998-09-11,1.578172,1.213694,1.4572504,1.1206807,1.4937628,1.1487696,1.4879771,1.1442998
1998-09-14,1.5787882,1.213694,1.4578194,1.1206807,1.494346,1.1487696,1.488558,1.1442998
1998-09-15,1.5789923,1.213694,1.4580079,1.1206807,1.4945392,1.1487696,1.4887505,1.1442998
1998-09-16,1.5791022,1.2136231,1.4581093,1.1206152,1.494556,1.1486355,1.488941,1.1442998
1998-09-17,1.5774559,1.2122043,1.4565892,1.1193051,1.4912506,1.1459498,1.4891294,1.1442998
1998-09-18,1.5743344,1.2096534,1.4537069,1.1169498,1.4851616,1.1411269,1.4893163,1.1442998
1998-09-21,1.5756435,1.2102109,1.4549157,1.1174645,1.487081,1.1421787,1.4898684,1.1442998
1998-09-22,1.5769428,1.2110577,1.4561154,1.1182464,1.4893478,1.143777,1.4900545,1.1442998
1998-09-23,1.571851,1.2069917,1.4514138,1.114492,1.4795385,1.1360968,1.490246,1.1442998
1998-09-24,1.5734353,1.2080577,1.4530755,1.115629,1.4827418,1.1384149,1.4902276,1.144143
1998-09-25,1.5770835,1.2107118,1.4532508,1.1156279,1.4829193,1.1384127,1.4936843,1.1466577
1998-09-28,1.5764437,1.2097818,1.4534466,1.1153739,1.4827814,1.1378942,1.4934185,1.1460381
1998-09-29,1.5780124,1.2108411,1.4532915,1.1151216,1.4822877,1.1373794,1.4952424,1.1473008
1998-09-30,1.5940848,1.2230268,1.456235,1.1172448,1.4881123,1.1417107,1.5076247,1.1566626
1998-10-01,1.5942708,1.2230268,1.456405,1.1172448,1.488286,1.1417107,1.5078007,1.1566626
1998-10-02,1.5944512,1.2230268,1.4565697,1.1172448,1.4884544,1.1417107,1.5079713,1.1566626
1998-10-05,1.5949912,1.2230268,1.457063,1.1172448,1.4889584,1.1417107,1.5084819,1.1566626
1998-10-06,1.5951686,1.2230268,1.4572251,1.1172448,1.4891241,1.1417107,1.5086497,1.1566626
1998-10-07,1.5953469,1.2230268,1.4573879,1.1172448,1.4892905,1.1417107,1.5088184,1.1566626
1998-10-08,1.5955239,1.2230268,1.4575497,1.1172448,1.4894558,1.1417107,1.5089858,1.1566626
1998-10-09,1.59569,1.2230268,1.4577014,1.1172448,1.4896108,1.1417107,1.5091429,1.1566626
1998-10-13,1.5963528,1.2230268,1.4583069,1.1172448,1.4902295,1.1417107,1.5097697,1.1566626
1998-10-14,1.596519,1.2230268,1.4584587,1.1172448,1.4903847,1.1417107,1.5099269,1.1566626
1998-10-15,1.5966909,1.2230268,1.4586157,1.1172448,1.4905451,1.1417107,1.5100895,1.1566626
1998-10-16,1.596868,1.2230268,1.4587776,1.1172448,1.4907105,1.1417107,1.510257,1.1566626
1998-10-19,1.5973353,1.2230268,1.4592044,1.1172448,1.4911467,1.1417107,1.5106989,1.1566626
1998-10-20,1.5974976,1.2230268,1.4593527,1.1172448,1.4912983,1.1417107,1.5108525,1.1566626
1998-10-21,1.5976046,1.2229794,1.4594504,1.1172015,1.4913402,1.141622,1.5110123,1.1566626
1998-10-22,1.5987602,1.223733,1.4605061,1.1178899,1.4933379,1.143029,1.5111741,1.1566626
1998-10-23,1.5999123,1.2244848,1.4615586,1.1185767,1.4953316,1.1444334,1.5113348,1.1566626
1998-10-26,1.6008701,1.2248283,1.4626726,1.1190734,1.4971354,1.1454499,1.5115683,1.1564734
1998-10-27,1.6087965,1.2307586,1.4602792,1.1171197,1.4920718,1.1414503,1.5216916,1.1640918
1998-10-28,1.6080785,1.2300758,1.4567237,1.1142785,1.4846632,1.1356588,1.5248826,1.1664066
1998-10-29,1.6122331,1.233113,1.4547061,1.1126075,1.4809137,1.1326606,1.531109,1.1710357
1998-10-30,1.6055595,1.227866,1.4584697,1.1153574,1.4858692,1.1363199,1.5209868,1.1631586
1998-11-02,1.6118106,1.2322198,1.4641481,1.1193122,1.4935934,1.1418319,1.5215156,1.1631586
1998-11-03,1.6106348,1.2311754,1.4630801,1.1183635,1.4914654,1.1400702,1.5216953,1.1631586
1998-11-04,1.6081498,1.2291277,1.4608227,1.1165035,1.4828296,1.133332,1.5218783,1.1631586
1998-11-05,1.6068185,1.2279604,1.4596134,1.1154431,1.4817355,1.1323575,1.5220639,1.1631586
1998-11-06,1.6000442,1.2226329,1.4534596,1.1106038,1.4720627,1.1248268,1.5222503,1.1631586
1998-11-09,1.605119,1.2260565,1.4580696,1.1137137,1.4779811,1.1289313,1.5228158,1.1631586
1998-11-10,1.6082002,1.2282582,1.4608685,1.1157137,1.4826824,1.1323825,1.5230044,1.1631586
1998-11-12,1.6100474,1.2293709,1.4625465,1.1167244,1.484885,1.1337898,1.5233741,1.1631586
1998-11-13,1.6098644,1.229084,1.4623802,1.1164638,1.4847162,1.1335252,1.5235565,1.1631586
1998-11-16,1.6104413,1.229084,1.4629043,1.1164638,1.4852483,1.1335252,1.5241024,1.1631586
1998-11-17,1.6105851,1.2290452,1.4630349,1.1164285,1.485334,1.1334537,1.5242866,1.1631586
1998-11-18,1.6117834,1.2298145,1.4641234,1.1171274,1.4873689,1.1348726,1.5244666,1.1631586
1998-11-19,1.6125763,1.2302736,1.4648437,1.1175444,1.4886558,1.1357199,1.5246474,1.1631586
1998-11-20,1.6127609,1.2302678,1.4650114,1.1175391,1.4888192,1.1357093,1.5248291,1.1631586
1998-11-23,1.6124635,1.2296011,1.4649622,1.117102,1.4881869,1.1348209,1.5251443,1.1629832
1998-11-24,1.611798,1.2289426,1.4652314,1.1171702,1.4885513,1.1349594,1.5244217,1.1622894
1998-11-25,1.6135478,1.230125,1.465045,1.1168901,1.4879886,1.1343901,1.526459,1.1636992
1998-11-27,1.6167344,1.2322537,1.4661493,1.117459,1.4898682,1.1355459,1.528696,1.1651201
1998-11-30,1.6256093,1.2385683,1.4681722,1.118593,1.4934357,1.1378506,1.5355363,1.1699084
1998-12-01,1.6278637,1.2401361,1.4702083,1.1200089,1.4973972,1.140731,1.5357222,1.1699084
1998-12-02,1.6296563,1.2413529,1.4718273,1.1211078,1.5005153,1.1429696,1.5359065,1.1699084
1998-12-03,1.6298514,1.2413529,1.4720035,1.1211078,1.500695,1.1429696,1.5360904,1.1699084
1998-12-04,1.6300452,1.2413529,1.4721786,1.1211078,1.5008734,1.1429696,1.536273,1.1699084
1998-12-07,1.6306307,1.2413529,1.4727073,1.1211078,1.5014125,1.1429696,1.5368248,1.1699084
1998-12-08,1.6308273,1.2413529,1.4728849,1.1211078,1.5015935,1.1429696,1.5370101,1.1699084
1998-12-09,1.6310203,1.2413529,1.4730592,1.1211078,1.5017712,1.1429696,1.537192,1.1699084
1998-12-10,1.6312133,1.2413529,1.4732335,1.1211078,1.501949,1.1429696,1.537374,1.1699084
1998-12-11,1.6314086,1.2413529,1.4734099,1.1211078,1.5021288,1.1429696,1.537558,1.1699084
1998-12-14,1.6319973,1.2413529,1.4739416,1.1211078,1.5026708,1.1429696,1.5381128,1.1699084
1998-12-15,1.632194,1.2413529,1.4741192,1.1211078,1.5028519,1.1429696,1.5382982,1.1699084
1998-12-16,1.6323899,1.2413529,1.4742961,1.1211078,1.5030323,1.1429696,1.5384828,1.1699084
1998-12-17,1.6325844,1.2413529,1.4744718,1.1211078,1.5032114,1.1429696,1.5386662,1.1699084
1998-12-18,1.632779,1.2413529,1.4746476,1.1211078,1.5033906,1.1429696,1.5388495,1.1699084
1998-12-21,1.6333392,1.2413319,1.4751535,1.1210889,1.5038863,1.142935,1.5394035,1.1699084
1998-12-22,1.6338658,1.2415818,1.4756292,1.1213146,1.5046111,1.1433475,1.5395899,1.1699084
1998-12-23,1.635599,1.2427495,1.4771945,1.1223692,1.5073288,1.1452751,1.5397751,1.1699084
1998-12-24,1.6360857,1.2429671,1.4778691,1.1227443,1.5084164,1.1459612,1.5397187,1.1697222
1998-12-28,1.6447246,1.2489228,1.4780808,1.1223564,1.5082195,1.1452515,1.5483807,1.175731
1998-12-29,1.650786,1.2533732,1.4768886,1.1213143,1.5059272,1.1433713,1.5555247,1.1810123
1998-12-30,1.658244,1.2588819,1.4778603,1.1219144,1.5070094,1.1440525,1.5617198,1.1855709
1998-12-31,1.6586327,1.2590239,1.4784367,1.1222155,1.5076429,1.1443943,1.5616668,1.1853864
1999-01-04,1.6585606,1.2583662,1.4783724,1.1216293,1.5074882,1.1437288,1.5624147,1.1853864
1999-01-05,1.6574374,1.257363,1.4773712,1.1207351,1.5063312,1.1427138,1.5626021,1.1853864
1999-01-06,1.6580296,1.2576617,1.4778991,1.1210013,1.5069099,1.143016,1.5627892,1.1853864
1999-01-07,1.6582276,1.2576617,1.4780757,1.1210013,1.5070899,1.143016,1.5629759,1.1853864
1999-01-08,1.6584243,1.2576617,1.478251,1.1210013,1.5072687,1.143016,1.5631613,1.1853864
1999-01-11,1.65902,1.2576617,1.478782,1.1210013,1.5078101,1.143016,1.5637228,1.1853864
1999-01-12,1.6592195,1.2576617,1.4789598,1.1210013,1.5079914,1.143016,1.5639109,1.1853864
1999-01-13,1.6594182,1.2576617,1.4791369,1.1210013,1.508172,1.143016,1.5640981,1.1853864
1999-01-14,1.6596155,1.2576617,1.4793128,1.1210013,1.5083513,1.143016,1.5642841,1.1853864
1999-01-15,1.6598124,1.2576617,1.4794882,1.1210013,1.5085302,1.143016,1.5644696,1.1853864
1999-01-19,1.6606,1.2576617,1.4801903,1.1210013,1.5092461,1.143016,1.565212,1.1853864
1999-01-20,1.6607316,1.2576136,1.4803076,1.1209584,1.509403,1.1430005,1.565396,1.1853864
1999-01-21,1.6601505,1.2570267,1.4797896,1.1204354,1.5093295,1.1428114,1.5655787,1.1853864
1999-01-22,1.6593129,1.2562472,1.4790431,1.1197406,1.5091722,1.1425602,1.5657597,1.1853864
1999-01-25,1.6595125,1.2559584,1.4795334,1.1197197,1.5096906,1.1425526,1.5659771,1.185136
1999-01-26,1.6579288,1.2546116,1.4806059,1.1203992,1.5101937,1.1427984,1.5635324,1.1831459
1999-01-27,1.6579125,1.2544497,1.4793286,1.1192991,1.509848,1.1424006,1.5650522,1.184155
1999-01-28,1.6593946,1.2554213,1.4793897,1.1192116,1.5099865,1.142369,1.5665737,1.1851647
1999-01-29,1.6606602,1.2562281,1.4795697,1.1192135,1.5101686,1.1423697,1.5677658,1.1859243
1999-02-01,1.6603386,1.2555336,1.4792832,1.1185948,1.510415,1.1421458,1.5683289,1.1859243
1999-02-02,1.6598422,1.2550062,1.478841,1.1181249,1.5103173,1.1419335,1.5685188,1.1859243
1999-02-03,1.6602572,1.255168,1.4792107,1.1182691,1.5114847,1.142678,1.5687087,1.1859243
1999-02-04,1.6635695,1.2575219,1.4821619,1.1203662,1.5137305,1.1442389,1.5688965,1.1859243
1999-02-05,1.6679839,1.2607079,1.4860948,1.1232047,1.517017,1.1465859,1.5690848,1.1859243
1999-02-08,1.6686494,1.260756,1.4866878,1.1232476,1.5173564,1.1464287,1.569651,1.1859243
1999-02-09,1.6656755,1.2583571,1.4840382,1.1211103,1.5143972,1.1440547,1.5698402,1.1859243
1999-02-10,1.6654532,1.2580367,1.4838401,1.1208249,1.5144135,1.1439285,1.5700303,1.1859243
1999-02-11,1.6610553,1.2545641,1.4799218,1.117731,1.5103486,1.1407211,1.5702183,1.1859243
1999-02-12,1.6470502,1.2438354,1.4674439,1.1081725,1.4984314,1.1315832,1.5704071,1.1859243
1999-02-16,1.6519949,1.2469657,1.4718494,1.1109614,1.5019815,1.1337148,1.5711695,1.1859243
1999-02-17,1.6566725,1.2503459,1.4760169,1.1139729,1.5059003,1.1365358,1.5713594,1.1859243
1999-02-18,1.6537525,1.247991,1.4734154,1.1118748,1.5045227,1.1353587,1.5715492,1.1859243
1999-02-19,1.654018,1.2480402,1.4736519,1.1119187,1.5044141,1.1351393,1.5717395,1.1859243
1999-02-22,1.6529588,1.2467845,1.4730417,1.1110515,1.5045485,1.1348255,1.5719587,1.185656
1999-02-23,1.6455067,1.2410099,1.4756786,1.1129035,1.505623,1.1354961,1.5622516,1.1781881
1999-02-24,1.6352708,1.2331358,1.4770833,1.1138244,1.506252,1.1358292,1.5512408,1.1697377
1999-02-25,1.6121024,1.215511,1.4745884,1.1118043,1.5054713,1.1350989,1.5320764,1.1551406
1999-02-26,1.6169114,1.2189868,1.4753317,1.1122273,1.5058603,1.135252,1.5360637,1.1580042
1999-03-01,1.6155234,1.2174845,1.4740653,1.1108566,1.5057656,1.134756,1.5366382,1.1580042
1999-03-02,1.6163395,1.2179468,1.47481,1.1112784,1.5061572,1.1349088,1.536831,1.1580042
1999-03-03,1.6161965,1.2176879,1.4746794,1.1110422,1.5062306,1.1348232,1.5370217,1.1580042
1999-03-04,1.6163953,1.2176879,1.4748608,1.1110422,1.5064159,1.1348232,1.5372108,1.1580042
1999-03-05,1.6165942,1.2176879,1.4750423,1.1110422,1.5066012,1.1348232,1.5373999,1.1580042
1999-03-08,1.6171921,1.2176879,1.4755878,1.1110422,1.5071585,1.1348232,1.5379685,1.1580042
1999-03-09,1.6173919,1.2176879,1.4757702,1.1110422,1.5073447,1.1348232,1.5381586,1.1580042
1999-03-10,1.61759,1.2176879,1.4759509,1.1110422,1.5075293,1.1348232,1.5383469,1.1580042
1999-03-11,1.6177881,1.2176879,1.4761316,1.1110422,1.5077139,1.1348232,1.5385353,1.1580042
1999-03-12,1.6179871,1.2176879,1.4763132,1.1110422,1.5078994,1.1348232,1.5387246,1.1580042
1999-03-15,1.6185815,1.2176879,1.4768556,1.1110422,1.5084534,1.1348232,1.5392899,1.1580042
1999-03-16,1.6187793,1.2176879,1.4770361,1.1110422,1.5086377,1.1348232,1.539478,1.1580042
1999-03-17,1.6188958,1.2176277,1.4771424,1.1109873,1.5087944,1.1348033,1.5396648,1.1580042
1999-03-18,1.6184272,1.2171281,1.4767148,1.1105314,1.5087572,1.1346383,1.5398509,1.1580042
1999-03-19,1.6201931,1.2183098,1.4783261,1.1116096,1.509458,1.1350288,1.5400361,1.1580042
1999-03-22,1.6219699,1.2192063,1.4799473,1.1124276,1.5103964,1.1353249,1.5405917,1.1580042
1999-03-23,1.6205366,1.2179819,1.4786395,1.1113104,1.5100407,1.1349207,1.5407775,1.1580042
1999-03-24,1.6189815,1.2166669,1.4772205,1.1101106,1.509644,1.1344863,1.5409624,1.1580042
1999-03-25,1.6183347,1.2160349,1.4767911,1.1096547,1.5096054,1.1343212,1.5409796,1.1578782
1999-03-26,1.6190709,1.2164418,1.4774458,1.1100131,1.5099598,1.134451,1.5411829,1.1578917
1999-03-29,1.6143313,1.2124419,1.4775524,1.1096927,1.5103501,1.134335,1.5371161,1.1544186
1999-03-30,1.6203227,1.2167959,1.4785171,1.1102838,1.510817,1.1345491,1.5420022,1.1579493
1999-03-31,1.6171764,1.2142879,1.4783576,1.1100314,1.5108757,1.1344577,1.5393586,1.1558258
1999-04-01,1.61737,1.2142879,1.4785346,1.1100314,1.5110565,1.1344577,1.5395429,1.1558258
1999-04-02,1.6175614,1.2142879,1.4787096,1.1100314,1.5112354,1.1344577,1.5397251,1.1558258
1999-04-05,1.6181345,1.2142879,1.4792334,1.1100314,1.5117707,1.1344577,1.5402706,1.1558258
1999-04-06,1.6183246,1.2142879,1.4794073,1.1100314,1.5119484,1.1344577,1.5404516,1.1558258
1999-04-07,1.6185153,1.2142879,1.4795815,1.1100314,1.5121265,1.1344577,1.5406331,1.1558258
1999-04-08,1.618706,1.2142879,1.4797558,1.1100314,1.5123047,1.1344577,1.5408146,1.1558258
1999-04-09,1.6188958,1.2142879,1.4799294,1.1100314,1.512482,1.1344577,1.5409952,1.1558258
1999-04-12,1.6194679,1.2142879,1.4804524,1.1100314,1.5130166,1.1344577,1.5415399,1.1558258
1999-04-13,1.6196552,1.2142879,1.4806236,1.1100314,1.5131915,1.1344577,1.5417181,1.1558258
1999-04-14,1.6198415,1.2142879,1.4807939,1.1100314,1.5133656,1.1344577,1.5418955,1.1558258
1999-04-15,1.620027,1.2142879,1.4809635,1.1100314,1.5135389,1.1344577,1.5420721,1.1558258
1999-04-16,1.6202135,1.2142879,1.4811339,1.1100314,1.5137131,1.1344577,1.5422495,1.1558258
1999-04-19,1.6207754,1.2142879,1.4816477,1.1100314,1.5142381,1.1344577,1.5427844,1.1558258
1999-04-20,1.6209628,1.2142879,1.481819,1.1100314,1.5144132,1.1344577,1.5429628,1.1558258
1999-04-21,1.621048,1.21421,1.4818969,1.1099602,1.5145555,1.1344319,1.5431429,1.1558258
1999-04-22,1.623685,1.2160441,1.4843075,1.1116368,1.5155425,1.1350394,1.5433222,1.1558258
1999-04-23,1.6234167,1.2157005,1.4840622,1.1113228,1.5155684,1.1349257,1.5435031,1.1558258
1999-04-26,1.6234972,1.2153301,1.4844767,1.1112395,1.516065,1.1348955,1.5436953,1.1555603
1999-04-27,1.6251878,1.2164509,1.4846188,1.1112134,1.5162331,1.1348861,1.5453391,1.156653
1999-04-28,1.6168929,1.2100962,1.4838104,1.110475,1.5160579,1.1346188,1.5384786,1.1513793
1999-04-29,1.6275693,1.217941,1.4867499,1.1125413,1.5172403,1.1353672,1.5457746,1.156701
1999-04-30,1.6011075,1.1979926,1.4818875,1.108769,1.515599,1.1340025,1.5258839,1.1416777
1999-05-03,1.6017986,1.1980735,1.4825271,1.1088438,1.5161871,1.1340296,1.5264395,1.1416777
1999-05-04,1.600268,1.1967819,1.4811105,1.1076485,1.515695,1.1335226,1.5266264,1.1416777
1999-05-05,1.6005933,1.1968777,1.4814116,1.1077371,1.5146159,1.1325759,1.5268146,1.1416777
1999-05-06,1.6084114,1.2025769,1.4886475,1.1130119,1.5272819,1.1419081,1.527002,1.1416777
1999-05-07,1.6095387,1.2032719,1.489691,1.1136551,1.5290235,1.1430697,1.5271899,1.1416777
1999-05-10,1.6094027,1.2027262,1.4895651,1.11315,1.5284412,1.1422126,1.5277535,1.1416777
1999-05-11,1.6116789,1.2042799,1.4916718,1.114588,1.5321329,1.1448315,1.5279406,1.1416777
1999-05-12,1.6093708,1.2024071,1.4895355,1.1128547,1.5279649,1.1415763,1.5281285,1.1416777
1999-05-13,1.6128608,1.2048673,1.4927657,1.1151317,1.5335605,1.1456171,1.5283157,1.1416777
1999-05-14,1.6065523,1.2000074,1.4869269,1.1106337,1.5230208,1.1376036,1.5285024,1.1416777
1999-05-17,1.605733,1.1989506,1.4861686,1.1096556,1.5212776,1.1358799,1.529069,1.1416777
1999-05-18,1.6047672,1.19808,1.4852747,1.1088499,1.5195988,1.1344848,1.5292596,1.1416777
1999-05-19,1.6061261,1.1989458,1.4865324,1.1096512,1.5218842,1.1360502,1.5294494,1.1416777
1999-05-20,1.6055798,1.1983902,1.4860268,1.109137,1.5216545,1.1357387,1.529638,1.1416777
1999-05-21,1.6039773,1.1970471,1.4845437,1.1078939,1.520832,1.1349854,1.5298257,1.1416777
1999-05-24,1.6034245,1.1961937,1.4843341,1.1073295,1.5209336,1.1346433,1.5300777,1.1414454
1999-05-25,1.6056375,1.1976968,1.4851343,1.1077897,1.5214955,1.1349223,1.5315536,1.1424054
1999-05-26,1.5988945,1.192519,1.4860928,1.1083678,1.5221534,1.1352728,1.5243225,1.1368705
1999-05-27,1.5864755,1.1831085,1.4829275,1.1058694,1.520312,1.1337585,1.5159187,1.1304616
1999-05-28,1.5842372,1.1812928,1.4834906,1.1061524,1.5207304,1.1339302,1.5133921,1.1284375
1999-06-01,1.5808879,1.1782089,1.4803543,1.1032647,1.5191361,1.1321784,1.5141434,1.1284375
1999-06-02,1.5807735,1.1779765,1.4802472,1.103047,1.5191486,1.1320463,1.5143325,1.1284375
1999-06-03,1.5812883,1.1782113,1.4807292,1.1032669,1.5195196,1.1321798,1.5145238,1.1284375
1999-06-04,1.5814841,1.1782113,1.4809126,1.1032669,1.5197078,1.1321798,1.5147113,1.1284375
1999-06-07,1.5820612,1.1782113,1.481453,1.1032669,1.5202624,1.1321798,1.5152641,1.1284375
1999-06-08,1.582252,1.1782113,1.4816316,1.1032669,1.5204457,1.1321798,1.5154468,1.1284375
1999-06-09,1.5824466,1.1782113,1.4818138,1.1032669,1.5206327,1.1321798,1.5156332,1.1284375
1999-06-10,1.5826404,1.1782113,1.4819953,1.1032669,1.5208189,1.1321798,1.5158188,1.1284375
1999-06-11,1.5828372,1.1782113,1.4821797,1.1032669,1.5210081,1.1321798,1.5160073,1.1284375
1999-06-14,1.5834357,1.1782113,1.48274,1.1032669,1.5215832,1.1321798,1.5165805,1.1284375
1999-06-15,1.5836339,1.1782113,1.4829257,1.1032669,1.5217737,1.1321798,1.5167704,1.1284375
1999-06-16,1.5837448,1.178145,1.4830295,1.1032048,1.5218802,1.1321161,1.516962,1.1284375
1999-06-17,1.5796118,1.1749239,1.4791594,1.1001886,1.5179087,1.1290209,1.5171507,1.1284375
1999-06-18,1.5822467,1.1767385,1.4816266,1.1018878,1.5204406,1.1307646,1.5173381,1.1284375
1999-06-21,1.58482,1.1782123,1.4840363,1.1032678,1.5229134,1.1321808,1.5179056,1.1284375
1999-06-22,1.5860357,1.1789685,1.4851747,1.103976,1.5240816,1.1329075,1.5180956,1.1284375
1999-06-23,1.5878338,1.1801566,1.4868585,1.1050885,1.5258095,1.1340491,1.5182869,1.1284375
1999-06-24,1.5870577,1.179431,1.4862791,1.1045186,1.525215,1.1334643,1.5183277,1.1283255
1999-06-25,1.5895445,1.1811304,1.4868075,1.104772,1.5257571,1.1337244,1.5203585,1.1296925
1999-06-28,1.5949569,1.1846998,1.4882351,1.1054097,1.5272222,1.1343788,1.5246577,1.1324543
1999-06-29,1.5971207,1.1861551,1.4884474,1.1054257,1.52744,1.1343951,1.5267042,1.1338291
1999-06-30,1.6074153,1.193648,1.4910006,1.1071795,1.5300601,1.1361949,1.5341227,1.1391926
1999-07-01,1.6076201,1.193648,1.4911905,1.1071795,1.530255,1.1361949,1.5343182,1.1391926
1999-07-02,1.6078205,1.193648,1.4913764,1.1071795,1.5304458,1.1361949,1.5345094,1.1391926
1999-07-06,1.6086222,1.193648,1.49212,1.1071795,1.5312089,1.1361949,1.5352746,1.1391926
1999-07-07,1.6088218,1.193648,1.4923052,1.1071795,1.5313989,1.1361949,1.5354651,1.1391926
1999-07-08,1.6090219,1.193648,1.4924908,1.1071795,1.5315894,1.1361949,1.5356561,1.1391926
1999-07-09,1.6092225,1.193648,1.4926769,1.1071795,1.5317803,1.1361949,1.5358475,1.1391926
1999-07-12,1.6098256,1.193648,1.4932363,1.1071795,1.5323544,1.1361949,1.5364232,1.1391926
1999-07-13,1.6100272,1.193648,1.4934233,1.1071795,1.5325463,1.1361949,1.5366155,1.1391926
1999-07-14,1.6102292,1.193648,1.4936107,1.1071795,1.5327386,1.1361949,1.5368083,1.1391926
1999-07-15,1.6104317,1.193648,1.4937985,1.1071795,1.5329313,1.1361949,1.5370016,1.1391926
1999-07-16,1.6106333,1.193648,1.4939855,1.1071795,1.5331233,1.1361949,1.537194,1.1391926
1999-07-19,1.6112357,1.193648,1.4945443,1.1071795,1.5336966,1.1361949,1.5377689,1.1391926
1999-07-20,1.6114352,1.193648,1.4947293,1.1071795,1.5338865,1.1361949,1.5379593,1.1391926
1999-07-21,1.6115558,1.1935898,1.4948412,1.1071255,1.5340013,1.1361395,1.5381494,1.1391926
1999-07-22,1.6139044,1.1951835,1.4970197,1.1086037,1.5362369,1.1376565,1.5383373,1.1391926
1999-07-23,1.6159399,1.1965442,1.4989078,1.1098659,1.5381745,1.1389517,1.5385261,1.1391926
1999-07-26,1.6170394,1.1969138,1.5002096,1.1104175,1.5395104,1.1395177,1.5388083,1.1389783
1999-07-27,1.6205552,1.199366,1.4988989,1.109308,1.5381654,1.1383792,1.5436915,1.1424498
1999-07-28,1.6211995,1.1996926,1.4983163,1.1087379,1.5375675,1.1377942,1.5450985,1.1433481
1999-07-29,1.6103683,1.1915269,1.4961422,1.10699,1.5353364,1.1360004,1.5372116,1.1373684
1999-07-30,1.6052111,1.1875613,1.4960726,1.1067993,1.535265,1.1358048,1.5325535,1.1337789
1999-08-02,1.6053117,1.1871848,1.4961664,1.1064484,1.5353613,1.1354446,1.5331355,1.1337789
1999-08-03,1.6054888,1.1871645,1.4963314,1.1064295,1.5355019,1.135404,1.5333308,1.1337789
1999-08-04,1.6058867,1.1873059,1.4967023,1.1065612,1.5358338,1.1355032,1.5335282,1.1337789
1999-08-05,1.6011135,1.1836255,1.4922536,1.1031312,1.5289075,1.1302376,1.5337236,1.1337789
1999-08-06,1.6139452,1.1929619,1.5042129,1.1118326,1.545352,1.1422514,1.5339173,1.1337789
1999-08-09,1.6228747,1.1991053,1.5125353,1.1175582,1.5567923,1.1502701,1.5345048,1.1337789
1999-08-10,1.6233254,1.1992819,1.5129554,1.1177229,1.5571793,1.150406,1.5347049,1.1337789
1999-08-11,1.6202386,1.1968434,1.5100784,1.1154501,1.5527597,1.1469893,1.5349072,1.1337789
1999-08-12,1.617672,1.1947911,1.5076863,1.1135374,1.5496819,1.1445659,1.5351078,1.1337789
1999-08-13,1.6268986,1.2014532,1.5162856,1.1197465,1.5612742,1.1529817,1.5353038,1.1337789
1999-08-16,1.6272643,1.201269,1.5166264,1.1195748,1.5616758,1.1528423,1.5358842,1.1337789
1999-08-17,1.635545,1.2072299,1.5243441,1.1251303,1.572091,1.160385,1.5360786,1.1337789
1999-08-18,1.6363644,1.2076796,1.5251078,1.1255494,1.5730202,1.1609217,1.536276,1.1337789
1999-08-19,1.6356747,1.2070173,1.524465,1.1249322,1.5723571,1.1602851,1.5364709,1.1337789
1999-08-20,1.6356936,1.2068785,1.5244826,1.1248028,1.5723753,1.1601516,1.5366654,1.1337789
1999-08-23,1.6364264,1.206953,1.5251656,1.1248722,1.5730797,1.1602232,1.537259,1.1337789
1999-08-24,1.6364564,1.2068171,1.5251935,1.1247455,1.5731086,1.1600926,1.5374603,1.1337789
1999-08-25,1.6342145,1.2050034,1.5234156,1.123285,1.5712748,1.1585861,1.5373506,1.1335473
1999-08-26,1.6308218,1.2023436,1.5227005,1.1226103,1.5705372,1.1578902,1.5350823,1.1317261
1999-08-27,1.6148309,1.1903964,1.5200992,1.1205452,1.5678542,1.1557602,1.5228541,1.1225624
1999-08-30,1.6000014,1.178991,1.5183002,1.1187733,1.5659987,1.1539326,1.5112773,1.1135821
1999-08-31,1.5960986,1.1759585,1.5185389,1.1188005,1.5662449,1.1539607,1.5075541,1.1106907
1999-09-01,1.5959371,1.1756836,1.5183853,1.118539,1.5660865,1.1536909,1.5077541,1.1106907
1999-09-02,1.5961483,1.1756836,1.5185863,1.118539,1.5662937,1.1536909,1.5079536,1.1106907
1999-09-03,1.5963574,1.1756836,1.5187851,1.118539,1.5664988,1.1536909,1.5081511,1.1106907
1999-09-07,1.5971936,1.1756836,1.5195807,1.118539,1.5673194,1.1536909,1.5089411,1.1106907
1999-09-08,1.5973988,1.1756836,1.519776,1.118539,1.5675208,1.1536909,1.509135,1.1106907
1999-09-09,1.5976041,1.1756836,1.5199713,1.118539,1.5677222,1.1536909,1.5093289,1.1106907
1999-09-10,1.5978089,1.1756836,1.5201662,1.118539,1.5679232,1.1536909,1.5095224,1.1106907
1999-09-13,1.5984156,1.1756836,1.5207434,1.118539,1.5685186,1.1536909,1.5100956,1.1106907
1999-09-14,1.5986188,1.1756836,1.5209367,1.118539,1.568718,1.1536909,1.5102876,1.1106907
1999-09-15,1.5988243,1.1756836,1.5211322,1.118539,1.5689196,1.1536909,1.5104816,1.1106907
1999-09-16,1.5990266,1.1756836,1.5213247,1.118539,1.5691182,1.1536909,1.5106728,1.1106907
1999-09-17,1.5992268,1.1756836,1.5215152,1.118539,1.5693146,1.1536909,1.510862,1.1106907
1999-09-20,1.5998236,1.1756836,1.5220829,1.118539,1.5699002,1.1536909,1.5114257,1.1106907
1999-09-21,1.6000235,1.1756836,1.5222731,1.118539,1.5700964,1.1536909,1.5116146,1.1106907
1999-09-22,1.6001457,1.1756233,1.5223894,1.1184816,1.5702163,1.1536318,1.5118076,1.1106907
1999-09-23,1.5989962,1.1746278,1.5212958,1.1175345,1.5690883,1.1526548,1.5120018,1.1106907
1999-09-24,1.5962101,1.1724301,1.5189553,1.1156716,1.5666744,1.1507334,1.5118877,1.1104642
1999-09-27,1.5887555,1.1665066,1.5215961,1.1171849,1.5693982,1.1522943,1.5027763,1.1033475
1999-09-28,1.5822185,1.1615574,1.5226869,1.1178425,1.5705232,1.1529725,1.4957084,1.0980168
1999-09-29,1.5730816,1.1546998,1.5236607,1.1184131,1.5715276,1.1535611,1.4862875,1.0909592
1999-09-30,1.5823705,1.1613698,1.5246914,1.119026,1.5725907,1.1541932,1.4946568,1.0969621
1999-10-01,1.5817426,1.1607582,1.5232834,1.1178473,1.5711384,1.1529775,1.4948509,1.0969621
1999-10-04,1.5826451,1.1609683,1.5244282,1.1182519,1.5723192,1.1533948,1.4954332,1.0969621
1999-10-05,1.5821856,1.160482,1.523347,1.1173151,1.571204,1.1524286,1.4956254,1.0969621
1999-10-06,1.5821284,1.16029,1.52304,1.1169454,1.5708873,1.1520473,1.4958188,1.0969621
1999-10-07,1.5823313,1.16029,1.5232352,1.1169454,1.5710888,1.1520473,1.4960106,1.0969621
1999-10-08,1.582535,1.16029,1.5234314,1.1169454,1.5712911,1.1520473,1.4962032,1.0969621
1999-10-12,1.5833467,1.16029,1.5242127,1.1169454,1.5720969,1.1520473,1.4969706,1.0969621
1999-10-13,1.5835519,1.16029,1.5244102,1.1169454,1.5723007,1.1520473,1.4971646,1.0969621
1999-10-14,1.5837618,1.16029,1.5246124,1.1169454,1.5725092,1.1520473,1.4973631,1.0969621
1999-10-15,1.5839736,1.16029,1.5248162,1.1169454,1.5727194,1.1520473,1.4975633,1.0969621
1999-10-18,1.5846115,1.16029,1.5254303,1.1169454,1.5733528,1.1520473,1.4981664,1.0969621
1999-10-19,1.584826,1.16029,1.5256368,1.1169454,1.5735657,1.1520473,1.4983692,1.0969621
1999-10-20,1.5850017,1.1602597,1.5257661,1.116887,1.5736991,1.1519871,1.4985745,1.0969621
1999-10-21,1.5850325,1.1601233,1.5256165,1.1166245,1.5735448,1.1517163,1.4987797,1.0969621
1999-10-22,1.5857245,1.1604712,1.5267399,1.1172942,1.5747036,1.152407,1.4989846,1.0969621
1999-10-25,1.5864664,1.1605449,1.5278581,1.1176607,1.5758569,1.152785,1.4994401,1.0968518
1999-10-26,1.5860712,1.1601002,1.52929,1.1185583,1.5773337,1.1537109,1.4984644,1.0959911
1999-10-27,1.5880771,1.1614085,1.5267405,1.1165404,1.5747042,1.1516295,1.5017112,1.0982157
1999-10-28,1.5940189,1.1655952,1.5292746,1.1182409,1.5773178,1.1533835,1.5061863,1.1013383
1999-10-29,1.6019521,1.1712377,1.532139,1.1201835,1.5802722,1.1553872,1.512374,1.1057132
1999-11-01,1.6019792,1.1707791,1.531565,1.1193062,1.5796801,1.1544823,1.5129918,1.1057132
1999-11-02,1.6025234,1.1710171,1.5323966,1.1197613,1.5805251,1.1549423,1.5131983,1.1057132
1999-11-03,1.6028705,1.1711107,1.532851,1.1199403,1.5810124,1.1551405,1.5134051,1.1057132
1999-11-04,1.6013142,1.1698141,1.5296657,1.1174605,1.5791786,1.1536433,1.5136112,1.1057132
1999-11-05,1.6006378,1.1691613,1.5281658,1.1162133,1.5783595,1.1528885,1.5138165,1.1057132
1999-11-08,1.6019915,1.1696706,1.530124,1.1171858,1.5796293,1.1533432,1.5144374,1.1057132
1999-11-09,1.6020042,1.1695184,1.5299369,1.1168949,1.5786854,1.1524948,1.5146465,1.1057132
1999-11-10,1.6023735,1.1696265,1.5304311,1.1171014,1.5783608,1.1520987,1.5148556,1.1057132
1999-11-12,1.6037827,1.1703315,1.5326995,1.1184481,1.5797352,1.1527831,1.5152748,1.1057132
1999-11-15,1.6042316,1.1701704,1.5329175,1.1181402,1.5800513,1.1525324,1.5159075,1.1057132
1999-11-16,1.603866,1.1697396,1.5320038,1.1173169,1.5795167,1.1519808,1.5161201,1.1057132
1999-11-17,1.6041003,1.1697457,1.5322356,1.1173286,1.579206,1.151592,1.5163336,1.1057132
1999-11-18,1.6043024,1.1697299,1.532408,1.1172985,1.5795338,1.1516704,1.5165451,1.1057132
1999-11-19,1.6046796,1.1698422,1.5329153,1.1175129,1.5798611,1.1517488,1.5167561,1.1057132
1999-11-22,1.6056481,1.1700598,1.5341257,1.1179287,1.5807291,1.1519007,1.5173894,1.1057132
1999-11-23,1.6055948,1.1698581,1.5341642,1.1178011,1.5808852,1.1518541,1.5174256,1.1055856
1999-11-24,1.6051124,1.1693422,1.5343963,1.1178131,1.5811134,1.1518585,1.5169615,1.1050921
1999-11-26,1.6027426,1.1672864,1.5335813,1.1169046,1.5811032,1.1515266,1.5153383,1.1035984
1999-11-29,1.5955746,1.1615728,1.5317287,1.1150835,1.5808572,1.150861,1.5097966,1.0990962
1999-11-30,1.5983482,1.1634274,1.5329212,1.1157936,1.581438,1.1511208,1.5119404,1.1005011
1999-12-01,1.5980422,1.1630405,1.5321179,1.1150515,1.5812883,1.1508494,1.5121537,1.1005011
1999-12-02,1.5982663,1.1630405,1.5323328,1.1150515,1.5815101,1.1508494,1.5123658,1.1005011
1999-12-03,1.5984897,1.1630405,1.5325469,1.1150515,1.5817311,1.1508494,1.5125772,1.1005011
1999-12-06,1.5991597,1.1630405,1.5331893,1.1150515,1.5823941,1.1508494,1.5132112,1.1005011
1999-12-07,1.5993827,1.1630405,1.5334031,1.1150515,1.5826148,1.1508494,1.5134222,1.1005011
1999-12-08,1.5996049,1.1630405,1.5336161,1.1150515,1.5828346,1.1508494,1.5136324,1.1005011
1999-12-09,1.5998271,1.1630405,1.5338291,1.1150515,1.5830545,1.1508494,1.5138427,1.1005011
1999-12-10,1.6000506,1.1630405,1.5340434,1.1150515,1.5832757,1.1508494,1.5140542,1.1005011
1999-12-13,1.6007266,1.1630405,1.5346915,1.1150515,1.5839446,1.1508494,1.5146938,1.1005011
1999-12-14,1.6009555,1.1630405,1.534911,1.1150515,1.5841711,1.1508494,1.5149105,1.1005011
1999-12-15,1.6011631,1.1630247,1.5350891,1.1150211,1.5843725,1.1508309,1.5151275,1.1005011
1999-12-16,1.6019083,1.1634006,1.5362999,1.115742,1.585204,1.1512711,1.515343,1.1005011
1999-12-17,1.6023071,1.1635235,1.5368445,1.1159777,1.5856293,1.1514151,1.5155601,1.1005011
1999-12-20,1.6035094,1.1638917,1.538484,1.1166838,1.5869111,1.1518462,1.5162178,1.1005011
1999-12-21,1.6038287,1.1639516,1.5388695,1.1167988,1.5872421,1.1519164,1.5164417,1.1005011
1999-12-22,1.6041708,1.164027,1.5392976,1.1169436,1.5875996,1.1520047,1.5166669,1.1005011
1999-12-23,1.6040673,1.16378,1.5388715,1.1164695,1.5874353,1.1517154,1.5168909,1.1005011
1999-12-27,1.605004,1.1637824,1.5401825,1.116771,1.5886127,1.1518994,1.5175719,1.1003548
1999-12-28,1.6021983,1.161579,1.5394193,1.1160554,1.588241,1.1514627,1.5154053,1.0986241
1999-12-29,1.6055544,1.163845,1.5406698,1.1168014,1.5890977,1.1519181,1.518073,1.1004001
1999-12-30,1.6069905,1.1647241,1.5414974,1.1172459,1.5896931,1.1521894,1.5191288,1.1010122
1999-12-31,1.6019245,1.1608905,1.5417115,1.1172459,1.589914,1.1521894,1.5143397,1.0973883
2000-01-03,1.6026052,1.1608905,1.5423666,1.1172459,1.5905896,1.1521894,1.5149832,1.0973883
2000-01-04,1.6028366,1.1608905,1.5425893,1.1172459,1.5908192,1.1521894,1.5152019,1.0973883
2000-01-05,1.603068,1.1608905,1.542812,1.1172459,1.5910489,1.1521894,1.5154207,1.0973883
2000-01-06,1.6032999,1.1608905,1.5430352,1.1172459,1.5912791,1.1521894,1.5156399,1.0973883
2000-01-07,1.6035305,1.1608905,1.5432572,1.1172459,1.5915079,1.1521894,1.5158579,1.0973883
2000-01-10,1.6042185,1.1608905,1.5439193,1.1172459,1.5921908,1.1521894,1.5165083,1.0973883
2000-01-11,1.6044488,1.1608905,1.5441409,1.1172459,1.5924193,1.1521894,1.516726,1.0973883
2000-01-12,1.6046804,1.1608905,1.5443639,1.1172459,1.5926493,1.1521894,1.516945,1.0973883
2000-01-13,1.604913,1.1608905,1.5445877,1.1172459,1.5928801,1.1521894,1.5171648,1.0973883
2000-01-14,1.6051438,1.1608905,1.5448099,1.1172459,1.5931092,1.1521894,1.5173831,1.0973883
2000-01-18,1.6060673,1.1608905,1.5456987,1.1172459,1.5940258,1.1521894,1.5182561,1.0973883
2000-01-19,1.6062501,1.1608559,1.5458286,1.1171795,1.5942546,1.1521894,1.518474,1.0973883
2000-01-20,1.6070295,1.161249,1.5471021,1.117936,1.5944883,1.1521894,1.5186966,1.0973883
2000-01-21,1.6070425,1.1610892,1.5469017,1.1176283,1.5947207,1.1521894,1.518918,1.0973883
2000-01-24,1.6067001,1.1603351,1.5455674,1.1161765,1.5954167,1.1521894,1.5195809,1.0973883
2000-01-25,1.6069144,1.1603207,1.5461051,1.1164022,1.5956492,1.1521894,1.5196299,1.0972638
2000-01-26,1.608007,1.160938,1.5465112,1.1165302,1.5958853,1.1521894,1.520576,1.0977846
2000-01-27,1.6084373,1.1610766,1.545642,1.1157372,1.5961219,1.1521894,1.521523,1.0983055
2000-01-28,1.6095035,1.1616738,1.5445888,1.1148113,1.5963589,1.1521894,1.5231629,1.0993262
2000-01-31,1.6084252,1.1603723,1.5448081,1.1144674,1.5970779,1.1521894,1.5223773,1.0982641
2000-02-01,1.6087578,1.1604364,1.545213,1.1145906,1.5972751,1.1521572,1.5226079,1.0982641
2000-02-02,1.6087402,1.1602476,1.5449446,1.1142279,1.5976843,1.1522774,1.522839,1.0982641
2000-02-03,1.6058441,1.1579844,1.5391498,1.109881,1.5954902,1.1505217,1.5230681,1.0982641
2000-02-04,1.6085548,1.1597659,1.5441157,1.1132959,1.5992778,1.1530809,1.5232959,1.0982641
2000-02-07,1.6141578,1.1632813,1.5541748,1.1200452,1.6059703,1.1573849,1.5239845,1.0982641
2000-02-08,1.6111112,1.1609114,1.5480752,1.1154815,1.6014853,1.1539793,1.5242129,1.0982641
2000-02-09,1.6120405,1.1614055,1.549627,1.116431,1.6052608,1.1565252,1.5244434,1.0982641
2000-02-10,1.6108116,1.1603454,1.5470311,1.1143929,1.6063908,1.1571654,1.5246727,1.0982641
2000-02-11,1.612813,1.1616123,1.5506423,1.1168263,1.6084876,1.1585015,1.5249025,1.0982641
2000-02-14,1.6166546,1.163855,1.5573297,1.1211388,1.6114039,1.1600791,1.5255906,1.0982641
2000-02-15,1.6158717,1.1631169,1.5555879,1.1197168,1.6104084,1.1591886,1.5258192,1.0982641
2000-02-16,1.6152969,1.1625254,1.5542434,1.1185779,1.6103485,1.1589683,1.5260525,1.0982641
2000-02-17,1.6173082,1.1637959,1.5578773,1.1210228,1.6117651,1.1598113,1.5262849,1.0982641
2000-02-18,1.6169204,1.1633392,1.5568925,1.1201431,1.6120111,1.1598113,1.5265178,1.0982641
2000-02-22,1.615985,1.1619548,1.5541389,1.117477,1.6129968,1.1598113,1.5274513,1.0982641
2000-02-23,1.6167494,1.1623261,1.5556886,1.1184198,1.6132443,1.1598113,1.5275295,1.0981518
2000-02-24,1.6240617,1.1674036,1.5592724,1.1208234,1.6134936,1.1598113,1.5327969,1.1017689
2000-02-25,1.6256897,1.1683937,1.5621277,1.122703,1.6137425,1.1598113,1.5330482,1.1017796
2000-02-28,1.6255025,1.1677194,1.5622347,1.1222613,1.6144879,1.1598113,1.5331732,1.1013605
2000-02-29,1.6211498,1.1644125,1.5603094,1.1207051,1.6147369,1.1598113,1.5301307,1.099005
2000-03-01,1.6215654,1.1645317,1.5608692,1.1209346,1.6149855,1.1598113,1.5303663,1.099005
2000-03-02,1.6218142,1.1645317,1.5611086,1.1209346,1.6152333,1.1598113,1.5306011,1.099005
2000-03-03,1.622063,1.1645317,1.5613481,1.1209346,1.6154811,1.1598113,1.530836,1.099005
2000-03-06,1.6228136,1.1645317,1.5620706,1.1209346,1.6162287,1.1598113,1.5315443,1.099005
2000-03-07,1.6230653,1.1645317,1.5623129,1.1209346,1.6164793,1.1598113,1.5317818,1.099005
2000-03-08,1.6233174,1.1645317,1.5625556,1.1209346,1.6167304,1.1598113,1.5320198,1.099005
2000-03-09,1.6235696,1.1645317,1.5627983,1.1209346,1.6169816,1.1598113,1.5322578,1.099005
2000-03-10,1.6238213,1.1645317,1.5630406,1.1209346,1.6172323,1.1598113,1.5324954,1.099005
2000-03-13,1.6245821,1.1645317,1.5637729,1.1209346,1.61799,1.1598113,1.5332133,1.099005
2000-03-14,1.6248362,1.1645317,1.5640175,1.1209346,1.6182431,1.1598113,1.5334532,1.099005
2000-03-15,1.6250904,1.1645317,1.5642622,1.1209346,1.6184962,1.1598113,1.5336931,1.099005
2000-03-16,1.6253437,1.1645317,1.5645061,1.1209346,1.6187485,1.1598113,1.5339322,1.099005
2000-03-17,1.6255976,1.1645317,1.5647504,1.1209346,1.6190013,1.1598113,1.5341717,1.099005
2000-03-20,1.6263618,1.1645317,1.565486,1.1209346,1.6197625,1.1598113,1.534893,1.099005
2000-03-21,1.6266176,1.1645317,1.5657322,1.1209346,1.6200172,1.1598113,1.5351344,1.099005
2000-03-22,1.6268267,1.1644983,1.5658885,1.1208702,1.620272,1.1598113,1.5353758,1.099005
2000-03-23,1.6274375,1.1647524,1.5668182,1.1213594,1.6205268,1.1598113,1.5356172,1.099005
2000-03-24,1.6299112,1.16634,1.5713353,1.1244162,1.6207812,1.1598113,1.5358583,1.099005
2000-03-27,1.6308202,1.1664402,1.5726672,1.1248388,1.6215458,1.1598113,1.5364262,1.0988929
2000-03-28,1.6326053,1.1675351,1.5707032,1.1232587,1.6217986,1.1598113,1.5391872,1.1006963
2000-03-29,1.6319028,1.1668497,1.5703713,1.1228454,1.6220528,1.1598113,1.538808,1.1002527
2000-03-30,1.6414854,1.1735184,1.5730701,1.1245988,1.6223074,1.1598113,1.5466425,1.1056816
2000-03-31,1.6439861,1.1751226,1.5740434,1.1251187,1.6225612,1.1598113,1.5486412,1.1069376
2000-04-03,1.6457145,1.1758056,1.5766131,1.1264265,1.623324,1.1598113,1.5493693,1.1069376
2000-04-04,1.6477991,1.1771117,1.5803615,1.128929,1.6235771,1.1598113,1.5496109,1.1069376
2000-04-05,1.6480255,1.1770905,1.5805502,1.1288884,1.6238293,1.1598113,1.5498516,1.1069376
2000-04-06,1.6482829,1.1770905,1.5807971,1.1288884,1.6240829,1.1598113,1.5500936,1.1069376
2000-04-07,1.6485412,1.1770905,1.5810448,1.1288884,1.6243374,1.1598113,1.5503365,1.1069376
2000-04-10,1.6493176,1.1770905,1.5817894,1.1288884,1.6251024,1.1598113,1.5510667,1.1069376
2000-04-11,1.6495751,1.1770905,1.5820364,1.1288884,1.6253562,1.1598113,1.5513089,1.1069376
2000-04-12,1.6498314,1.1770905,1.5822822,1.1288884,1.6256087,1.1598113,1.5515499,1.1069376
2000-04-13,1.6500877,1.1770905,1.582528,1.1288884,1.6258612,1.1598113,1.5517909,1.1069376
2000-04-14,1.6503431,1.1770905,1.5827729,1.1288884,1.6261129,1.1598113,1.5520311,1.1069376
2000-04-17,1.6511095,1.1770905,1.5835079,1.1288884,1.626868,1.1598113,1.5527518,1.1069376
2000-04-18,1.6513185,1.1770573,1.5836638,1.1288248,1.6271198,1.1598113,1.5529922,1.1069376
2000-04-19,1.6515581,1.1770459,1.5838781,1.1288028,1.6273717,1.1598113,1.5532326,1.1069376
2000-04-20,1.6527273,1.177697,1.5858757,1.1300517,1.6276236,1.1598113,1.553473,1.1069376
2000-04-24,1.6531314,1.1772583,1.5860043,1.1294461,1.6286278,1.1598113,1.554269,1.1068218
2000-04-25,1.6459865,1.1719892,1.5904938,1.1324697,1.6288782,1.1598113,1.545471,1.1003865
2000-04-26,1.6465087,1.1721802,1.5912372,1.1328243,1.6291294,1.1598113,1.5457194,1.1003936
2000-04-27,1.6383038,1.1661595,1.5869676,1.1296113,1.6293789,1.1598113,1.5402088,1.0963021
2000-04-28,1.6375208,1.1654235,1.5855129,1.1284028,1.6296284,1.1598113,1.5402965,1.0961966
2000-05-01,1.6374578,1.1648366,1.5846534,1.1272661,1.6303866,1.1598113,1.5410131,1.0961966
2000-05-02,1.6378802,1.1649561,1.5852248,1.1274975,1.6306398,1.1598113,1.5412525,1.0961966
2000-05-03,1.6387907,1.1654202,1.5867375,1.1283958,1.6308967,1.1598113,1.5414953,1.0961966
2000-05-04,1.6405106,1.16646,1.5898184,1.1304093,1.6311532,1.1598113,1.5417377,1.0961966
2000-05-05,1.6425311,1.1677135,1.5934849,1.1328389,1.6314093,1.1598113,1.5419797,1.0961966
2000-05-08,1.645045,1.168945,1.5976044,1.1352284,1.6321856,1.1598113,1.5427135,1.0961966
2000-05-09,1.6434573,1.1676288,1.5942635,1.1326718,1.6324481,1.1598113,1.5429616,1.0961966
2000-05-10,1.6432556,1.1672949,1.593612,1.132024,1.6327147,1.1598113,1.5432136,1.0961966
2000-05-11,1.6439828,1.1676208,1.5947621,1.1326561,1.6329813,1.1598113,1.5434656,1.0961966
2000-05-12,1.642965,1.1667073,1.5925271,1.1308838,1.6332479,1.1598113,1.5437176,1.0961966
2000-05-15,1.6443141,1.1670938,1.5943625,1.1316331,1.634048,1.1598113,1.5444738,1.0961966
2000-05-16,1.644945,1.1673516,1.5953263,1.1321331,1.6343139,1.1598113,1.5447252,1.0961966
2000-05-17,1.6447797,1.1670418,1.5947426,1.1315322,1.6345835,1.1598113,1.5449799,1.0961966
2000-05-18,1.6455384,1.1673921,1.5959569,1.1322115,1.6348468,1.1598113,1.5452288,1.0961966
2000-05-19,1.6445624,1.1665158,1.5938124,1.1305117,1.6351043,1.1598113,1.5454723,1.0961966
2000-05-22,1.6443936,1.1658487,1.5927372,1.1292185,1.6358717,1.1598113,1.5461976,1.0961966
2000-05-23,1.6449705,1.1660753,1.5936055,1.1296575,1.6361276,1.1598113,1.5464395,1.0961966
2000-05-24,1.6442593,1.1653846,1.5923074,1.1285566,1.6363894,1.1598113,1.5465244,1.0960815
2000-05-25,1.6515544,1.1703714,1.5954133,1.1305801,1.6366472,1.1598113,1.5519995,1.0997892
2000-05-26,1.6564056,1.1736271,1.5964129,1.1311125,1.6369019,1.1598113,1.5561928,1.1025895
2000-05-30,1.6531938,1.1706248,1.5958454,1.13001,1.6379154,1.1598113,1.5539337,1.1003062
2000-05-31,1.6605322,1.1756415,1.5979025,1.1312933,1.6381667,1.1598113,1.5599491,1.1043968
2000-06-01,1.6622309,1.1766676,1.6009319,1.1332682,1.6384127,1.1598113,1.5601833,1.1043968
2000-06-02,1.6624846,1.1766676,1.6011762,1.1332682,1.6386627,1.1598113,1.5604214,1.1043968
2000-06-05,1.6632634,1.1766676,1.6019263,1.1332682,1.6394304,1.1598113,1.5611525,1.1043968
2000-06-06,1.6635241,1.1766676,1.6021773,1.1332682,1.6396873,1.1598113,1.5613971,1.1043968
2000-06-07,1.6637893,1.1766676,1.6024328,1.1332682,1.6399488,1.1598113,1.5616461,1.1043968
2000-06-08,1.6640514,1.1766676,1.6026853,1.1332682,1.6402071,1.1598113,1.5618921,1.1043968
2000-06-09,1.6643131,1.1766676,1.6029373,1.1332682,1.6404651,1.1598113,1.5621377,1.1043968
2000-06-12,1.6650997,1.1766676,1.6036948,1.1332682,1.6412403,1.1598113,1.562876,1.1043968
2000-06-13,1.6653593,1.1766676,1.6039448,1.1332682,1.6414962,1.1598113,1.5631196,1.1043968
2000-06-14,1.6656202,1.1766676,1.6041962,1.1332682,1.6417534,1.1598113,1.5633646,1.1043968
2000-06-15,1.6658785,1.1766676,1.604445,1.1332682,1.642008,1.1598113,1.563607,1.1043968
2000-06-16,1.6661373,1.1766676,1.6046942,1.1332682,1.6422631,1.1598113,1.5638499,1.1043968
2000-06-19,1.6669124,1.1766676,1.6054407,1.1332682,1.6430271,1.1598113,1.5645774,1.1043968
2000-06-20,1.66717,1.1766676,1.6056888,1.1332682,1.643281,1.1598113,1.5648192,1.1043968
2000-06-21,1.6674046,1.1766517,1.6058931,1.1332376,1.6435344,1.1598113,1.5650606,1.1043968
2000-06-22,1.6676528,1.1766447,1.6061225,1.1332241,1.6437888,1.1598113,1.5653028,1.1043968
2000-06-23,1.6683512,1.1769547,1.6072182,1.1338211,1.6440442,1.1598113,1.565546,1.1043968
2000-06-26,1.6685683,1.1765574,1.6070477,1.1331705,1.6448131,1.1598113,1.5661989,1.1043409
2000-06-27,1.6691597,1.176792,1.6072779,1.1331572,1.6450681,1.1598113,1.5667633,1.1045676
2000-06-28,1.6683781,1.1760581,1.6061657,1.132197,1.6453237,1.1598113,1.5666934,1.1043467
2000-06-29,1.6721071,1.1785047,1.6085196,1.133681,1.6455784,1.1598113,1.5691683,1.1059204
2000-06-30,1.672462,1.1785715,1.6084546,1.1334588,1.6458344,1.1598113,1.5696552,1.1060914
2000-07-03,1.674548,1.1794883,1.611712,1.1352223,1.6466069,1.1598113,1.5703919,1.1060914
2000-07-05,1.67546,1.179759,1.6129597,1.1357435,1.6471257,1.1598113,1.5708866,1.1060914
2000-07-06,1.6747918,1.1791005,1.6114161,1.1344755,1.6473883,1.1598113,1.5711371,1.1060914
2000-07-07,1.6750602,1.1791005,1.6116744,1.1344755,1.6476523,1.1598113,1.5713889,1.1060914
2000-07-10,1.6758684,1.1791005,1.612452,1.1344755,1.6484473,1.1598113,1.5721471,1.1060914
2000-07-11,1.6761393,1.1791005,1.6127126,1.1344755,1.6487137,1.1598113,1.5724012,1.1060914
2000-07-12,1.6764116,1.1791005,1.6129746,1.1344755,1.6489816,1.1598113,1.5726567,1.1060914
2000-07-13,1.6766867,1.1791005,1.6132393,1.1344755,1.6492522,1.1598113,1.5729148,1.1060914
2000-07-14,1.6769624,1.1791005,1.6135045,1.1344755,1.6495233,1.1598113,1.5731733,1.1060914
2000-07-17,1.677788,1.1791005,1.6142989,1.1344755,1.6503354,1.1598113,1.5739478,1.1060914
2000-07-18,1.6780629,1.1791005,1.6145634,1.1344755,1.6506058,1.1598113,1.5742057,1.1060914
2000-07-19,1.6782909,1.1790675,1.6147377,1.1344121,1.6508762,1.1598113,1.5744636,1.1060914
2000-07-20,1.675931,1.1772158,1.6099311,1.1308488,1.6511476,1.1598113,1.5747224,1.1060914
2000-07-21,1.6762003,1.1772114,1.6101839,1.1308405,1.651419,1.1598113,1.5749813,1.1060914
2000-07-24,1.6775576,1.177589,1.6120041,1.1315658,1.6522266,1.1598113,1.5757515,1.1060914
2000-07-25,1.6776291,1.1774463,1.6122537,1.1315556,1.6524973,1.1598113,1.5758258,1.1059623
2000-07-26,1.6766757,1.1765829,1.610159,1.1298989,1.6527699,1.1598113,1.5760839,1.105961
2000-07-27,1.6789172,1.1779624,1.6111942,1.1304395,1.6530416,1.1598113,1.5778138,1.1069932
2000-07-28,1.6770352,1.1764471,1.6103287,1.1296452,1.6533151,1.1598113,1.5765995,1.105958
2000-07-31,1.6776797,1.1763171,1.6111566,1.129667,1.6541332,1.1598113,1.5771901,1.1058251
2000-08-01,1.6785106,1.1767053,1.6124864,1.1304128,1.6544064,1.1598113,1.5774507,1.1058251
2000-08-02,1.6789504,1.176818,1.6130633,1.1306292,1.6546104,1.1597614,1.577713,1.1058251
2000-08-03,1.6782578,1.1761368,1.6114641,1.1293203,1.6540322,1.1591632,1.5779754,1.1058251
2000-08-04,1.6764397,1.1746677,1.6077055,1.126499,1.6531662,1.1583642,1.578237,1.1058251
2000-08-07,1.6802027,1.1767203,1.6141235,1.1304359,1.6557021,1.1595651,1.5790217,1.1058251
2000-08-08,1.6782448,1.1751537,1.6100938,1.1274261,1.6548367,1.1587665,1.5792839,1.1058251
2000-08-09,1.6761891,1.1735185,1.6058811,1.1242884,1.6515262,1.1562554,1.579547,1.1058251
2000-08-10,1.6767289,1.1737012,1.6066482,1.1246385,1.6532708,1.1572845,1.5798097,1.1058251
2000-08-11,1.6742113,1.1717437,1.6015563,1.1208872,1.6526577,1.1566628,1.5800724,1.1058251
2000-08-14,1.6756795,1.1721829,1.6035611,1.1217274,1.6537692,1.1568599,1.5808659,1.1058251
2000-08-15,1.6741329,1.1709054,1.6003334,1.1192824,1.6531577,1.1562391,1.5811297,1.1058251
2000-08-16,1.6737259,1.1704251,1.5992879,1.1183641,1.6527639,1.1557705,1.5813939,1.1058251
2000-08-17,1.6741716,1.1705415,1.5998727,1.1185865,1.6530394,1.1557703,1.5816577,1.1058251
2000-08-18,1.674149,1.1703304,1.5995627,1.1181831,1.6532633,1.155734,1.5819216,1.1058251
2000-08-21,1.675083,1.1703975,1.6005468,1.1183113,1.6541073,1.1557455,1.5827135,1.1058251
2000-08-22,1.675261,1.1703266,1.6006199,1.1181758,1.6543659,1.1557333,1.5829775,1.1058251
2000-08-23,1.6747618,1.1697822,1.5993984,1.1171356,1.6545083,1.1556397,1.5832421,1.1058251
2000-08-24,1.6752479,1.169926,1.6000593,1.1174102,1.6548207,1.1556644,1.5835071,1.1058251
2000-08-25,1.6752996,1.1697662,1.6003263,1.1174097,1.6550976,1.1556644,1.5835563,1.1056743
2000-08-28,1.6707163,1.1659766,1.5995575,1.1163098,1.6557896,1.1555652,1.5800034,1.1026365
2000-08-29,1.6676439,1.1636363,1.5986471,1.1154867,1.6559617,1.155491,1.5776803,1.1008298
2000-08-30,1.6682703,1.1638779,1.5996051,1.1159678,1.656302,1.1555344,1.5779327,1.100821
2000-08-31,1.6755871,1.1687868,1.5998742,1.1159678,1.6565807,1.1555344,1.5848533,1.1054639
2000-09-01,1.6758685,1.1687868,1.6001429,1.1159678,1.6568589,1.1555344,1.5851195,1.1054639
2000-09-05,1.676987,1.1687868,1.6012108,1.1159678,1.6579647,1.1555344,1.5861774,1.1054639
2000-09-06,1.6772659,1.1687868,1.6014771,1.1159678,1.6582404,1.1555344,1.5864412,1.1054639
2000-09-07,1.677543,1.1687868,1.6017416,1.1159678,1.6585143,1.1555344,1.5867032,1.1054639
2000-09-08,1.6778197,1.1687868,1.6020058,1.1159678,1.6587879,1.1555344,1.5869649,1.1054639
2000-09-11,1.6786429,1.1687868,1.6027919,1.1159678,1.6596018,1.1555344,1.5877436,1.1054639
2000-09-12,1.6789166,1.1687868,1.6030532,1.1159678,1.6598724,1.1555344,1.5880025,1.1054639
2000-09-13,1.6791889,1.1687868,1.6033132,1.1159678,1.6601416,1.1555344,1.58826,1.1054639
2000-09-14,1.6794612,1.1687868,1.6035732,1.1159678,1.6604108,1.1555344,1.5885176,1.1054639
2000-09-15,1.6797359,1.1687868,1.6038355,1.1159678,1.6606824,1.1555344,1.5887775,1.1054639
2000-09-18,1.6805602,1.1687868,1.6046225,1.1159678,1.6614973,1.1555344,1.589557,1.1054639
2000-09-19,1.680835,1.1687868,1.6048849,1.1159678,1.661769,1.1555344,1.589817,1.1054639
2000-09-20,1.6810556,1.1687483,1.6050427,1.1158944,1.662003,1.1555075,1.5900779,1.1054639
2000-09-21,1.6813297,1.1687474,1.6053032,1.1158927,1.6622744,1.1555068,1.5903384,1.1054639
2000-09-22,1.6811618,1.1684392,1.6047195,1.1153041,1.6622359,1.1552908,1.590599,1.1054639
2000-09-25,1.6821956,1.1685824,1.6063492,1.1158877,1.6633626,1.1555051,1.591161,1.1053103
2000-09-26,1.6843872,1.1699131,1.604921,1.1147124,1.6630145,1.1550736,1.5940719,1.107151
2000-09-27,1.6811464,1.1674699,1.6020695,1.1125486,1.6621436,1.1542788,1.592552,1.1059133
2000-09-28,1.6821244,1.1679565,1.6019042,1.1122503,1.6622597,1.1541691,1.593692,1.1065226
2000-09-29,1.684478,1.1693965,1.6030189,1.1128393,1.6628482,1.1543858,1.5954999,1.1075938
2000-10-02,1.6853079,1.1693911,1.6038013,1.1128291,1.6636696,1.154382,1.5962933,1.1075938
2000-10-03,1.6853598,1.1692339,1.6036352,1.11253,1.663786,1.154272,1.596557,1.1075938
2000-10-04,1.6852729,1.1689795,1.6032035,1.1120458,1.6638055,1.1540939,1.5968221,1.1075938
2000-10-05,1.6855527,1.1689795,1.6034697,1.1120458,1.6640818,1.1540939,1.5970872,1.1075938
2000-10-06,1.685833,1.1689795,1.6037364,1.1120458,1.6643585,1.1540939,1.5973528,1.1075938
2000-10-10,1.6869526,1.1689795,1.6048014,1.1120458,1.6654638,1.1540939,1.5984136,1.1075938
2000-10-11,1.6872322,1.1689795,1.6050674,1.1120458,1.6657399,1.1540939,1.5986785,1.1075938
2000-10-12,1.6875119,1.1689795,1.6053335,1.1120458,1.666016,1.1540939,1.5989435,1.1075938
2000-10-13,1.6877898,1.1689795,1.6055978,1.1120458,1.6662903,1.1540939,1.5992068,1.1075938
2000-10-16,1.6886249,1.1689795,1.6063922,1.1120458,1.6671148,1.1540939,1.5999981,1.1075938
2000-10-17,1.6889052,1.1689795,1.6066589,1.1120458,1.6673916,1.1540939,1.6002637,1.1075938
2000-10-18,1.6891217,1.1689334,1.6068014,1.111958,1.6676711,1.1540939,1.600532,1.1075938
2000-10-19,1.6896804,1.169124,1.6075949,1.1123207,1.6679508,1.1540939,1.6008004,1.1075938
2000-10-20,1.6899736,1.1691302,1.6078825,1.1123325,1.6682313,1.1540939,1.6010697,1.1075938
2000-10-23,1.6900513,1.1685949,1.6072202,1.1113139,1.6690718,1.1540939,1.6018764,1.1075938
2000-10-24,1.6914133,1.1693394,1.6095394,1.11273,1.6693535,1.1540939,1.6021467,1.1075938
2000-10-25,1.6923558,1.1697934,1.6116052,1.11397,1.6696357,1.1540939,1.6021468,1.1074066
2000-10-26,1.6900563,1.1680052,1.6113525,1.1136062,1.6699193,1.1540939,1.6002314,1.1058946
2000-10-27,1.6858253,1.1648834,1.6095758,1.1121897,1.6702021,1.1540939,1.5972431,1.1036422
2000-10-30,1.6832594,1.1625196,1.6083204,1.1107583,1.6710491,1.1540939,1.5958398,1.1021129
2000-10-31,1.6797694,1.1599122,1.6084555,1.1106632,1.6713325,1.1540939,1.5925994,1.0996881
2000-11-01,1.679954,1.1598429,1.6085363,1.1105306,1.6716159,1.1540939,1.5928695,1.0996881
2000-11-02,1.6799932,1.1596736,1.608339,1.1102064,1.6718989,1.1540939,1.5931392,1.0996881
2000-11-03,1.6845945,1.1626531,1.6168762,1.1159112,1.6721825,1.1540939,1.5934094,1.0996881
2000-11-06,1.6877716,1.1642534,1.6221512,1.1189831,1.6730346,1.1540939,1.5942214,1.0996881
2000-11-07,1.6861334,1.1629243,1.6187247,1.1164282,1.673214,1.1540204,1.5944939,1.0996881
2000-11-08,1.6865729,1.1630289,1.6192924,1.1166291,1.6739131,1.1543056,1.5947661,1.0996881
2000-11-09,1.6893021,1.1647127,1.624257,1.1198624,1.6771772,1.1563598,1.5950378,1.0996881
2000-11-10,1.6895785,1.1647052,1.6245123,1.1198479,1.677448,1.1563498,1.5953092,1.0996881
2000-11-13,1.6921044,1.1658538,1.628543,1.1220566,1.6799729,1.157502,1.5961208,1.0996881
2000-11-14,1.6924539,1.1658969,1.6289397,1.1221397,1.6801357,1.1574178,1.5963915,1.0996881
2000-11-15,1.6932542,1.1662508,1.6302043,1.1228208,1.6804202,1.1574178,1.5966618,1.0996881
2000-11-16,1.6935414,1.1662508,1.6304808,1.1228208,1.6807052,1.1574178,1.5969326,1.0996881
2000-11-17,1.6938276,1.1662508,1.6307564,1.1228208,1.6809893,1.1574178,1.5972025,1.0996881
2000-11-20,1.6946866,1.1662508,1.6315834,1.1228208,1.6818417,1.1574178,1.5980125,1.0996881
2000-11-21,1.6949065,1.1662047,1.6317306,1.122732,1.6820478,1.1573637,1.5982831,1.0996881
2000-11-22,1.6949417,1.1660314,1.6315219,1.1223984,1.6820368,1.1571601,1.5985537,1.0996881
2000-11-24,1.6955188,1.1660336,1.632652,1.1227957,1.6829587,1.1574025,1.5988151,1.0994956
2000-11-27,1.6951607,1.165195,1.6335731,1.1228589,1.6838696,1.1574411,1.5984325,1.0986739
2000-11-28,1.6995055,1.1679855,1.6302597,1.1203924,1.6819641,1.1559366,1.6042848,1.1025117
2000-11-29,1.7017321,1.1693205,1.6251408,1.1166873,1.6789537,1.1536745,1.6090394,1.1055949
2000-11-30,1.7122578,1.176359,1.6295485,1.1195306,1.6817622,1.1554128,1.6169433,1.1108423
2000-12-01,1.712246,1.1761565,1.6292567,1.1191451,1.6816974,1.1551774,1.6172105,1.1108423
2000-12-04,1.7138584,1.1766792,1.6315152,1.1201399,1.6834182,1.155785,1.6180146,1.1108423
2000-12-05,1.7168745,1.1785566,1.6369893,1.1237142,1.6868736,1.1579674,1.6182806,1.1108423
2000-12-06,1.7189964,1.1798223,1.6407706,1.1261279,1.6892909,1.1594392,1.6185427,1.1108423
2000-12-07,1.7192752,1.1798223,1.6410368,1.1261279,1.6895649,1.1594392,1.6188052,1.1108423
2000-12-08,1.719555,1.1798223,1.6413038,1.1261279,1.6898398,1.1594392,1.6190686,1.1108423
2000-12-11,1.7203917,1.1798223,1.6421024,1.1261279,1.6906621,1.1594392,1.6198564,1.1108423
2000-12-12,1.7206703,1.1798223,1.6423683,1.1261279,1.6909358,1.1594392,1.6201187,1.1108423
2000-12-13,1.7209479,1.1798223,1.6426333,1.1261279,1.6912087,1.1594392,1.6203801,1.1108423
2000-12-14,1.7212257,1.1798223,1.6428984,1.1261279,1.6914816,1.1594392,1.6206416,1.1108423
2000-12-15,1.7215034,1.1798223,1.6431635,1.1261279,1.6917546,1.1594392,1.6209031,1.1108423
2000-12-18,1.7223311,1.1798223,1.6439536,1.1261279,1.692568,1.1594392,1.6216825,1.1108423
2000-12-19,1.7225442,1.1797815,1.6441001,1.1260499,1.6927188,1.1593589,1.6219393,1.1108423
2000-12-20,1.7202076,1.1779949,1.6393802,1.1226396,1.6878593,1.1558477,1.6221953,1.1108423
2000-12-21,1.7181052,1.1763725,1.6351187,1.1195472,1.6834718,1.1526639,1.6224468,1.1108423
2000-12-22,1.717138,1.1755414,1.633549,1.1183117,1.6818557,1.1513918,1.6224287,1.1106704
2000-12-26,1.7159689,1.1740802,1.6344918,1.1183285,1.6828264,1.1514091,1.6213119,1.1092815
2000-12-27,1.7087121,1.1689346,1.6345613,1.1182041,1.6828979,1.1512811,1.6145456,1.1044816
2000-12-28,1.7050538,1.1662529,1.6313755,1.1158535,1.6796179,1.1488609,1.6127859,1.1031086
2000-12-29,1.7076174,1.1678239,1.634567,1.1178619,1.6829038,1.1509287,1.6137593,1.1036019
2001-01-02,1.7139308,1.1714083,1.6456273,1.124724,1.6942912,1.1579938,1.6147727,1.1036019
2001-01-03,1.7130513,1.1706245,1.6436818,1.1232189,1.6922881,1.1564442,1.6150244,1.1036019
2001-01-04,1.7165919,1.1728667,1.6502273,1.1275217,1.6990272,1.1608742,1.6152691,1.1036019
2001-01-05,1.7168379,1.1728667,1.6504638,1.1275217,1.6992707,1.1608742,1.6155006,1.1036019
2001-01-08,1.717542,1.1728667,1.6511407,1.1275217,1.6999676,1.1608742,1.6161631,1.1036019
2001-01-09,1.7177801,1.1728667,1.6513696,1.1275217,1.7002033,1.1608742,1.6163872,1.1036019
2001-01-10,1.7180202,1.1728667,1.6516003,1.1275217,1.7004408,1.1608742,1.616613,1.1036019
2001-01-11,1.7182626,1.1728667,1.6518334,1.1275217,1.7006808,1.1608742,1.6168411,1.1036019
2001-01-12,1.718506,1.1728667,1.6520673,1.1275217,1.7009217,1.1608742,1.6170702,1.1036019
2001-01-16,1.7194834,1.1728667,1.653007,1.1275217,1.7018891,1.1608742,1.6179899,1.1036019
2001-01-17,1.7196937,1.1728425,1.653175,1.127475,1.7020621,1.1608262,1.6182213,1.1036019
2001-01-18,1.7182415,1.1716843,1.6501465,1.1252483,1.698944,1.1585336,1.6184527,1.1036019
2001-01-19,1.7189196,1.1719817,1.6512165,1.1258195,1.7000456,1.1591217,1.6186806,1.1036019
2001-01-22,1.7196652,1.1719988,1.6519568,1.1258524,1.7008079,1.1591555,1.6193591,1.1036019
2001-01-23,1.7209092,1.1726825,1.6541156,1.127166,1.7030305,1.160508,1.6195858,1.1036019
2001-01-24,1.7209615,1.1725543,1.653985,1.1269195,1.702896,1.1602543,1.6198121,1.1036019
2001-01-25,1.7213248,1.1726368,1.6546098,1.1271865,1.7035393,1.1605291,1.6199623,1.1035487
2001-01-26,1.721564,1.1726346,1.6548347,1.127181,1.7037709,1.1605235,1.6201913,1.1035494
2001-01-29,1.7213507,1.1720035,1.6556348,1.127259,1.7045946,1.1606038,1.6199345,1.1029173
2001-01-30,1.7247121,1.1741319,1.6567569,1.1278689,1.7057468,1.1612297,1.6226596,1.1046219
2001-01-31,1.7266243,1.1752764,1.6571572,1.1279903,1.7060213,1.161261,1.6243713,1.1056392
2001-02-01,1.7249936,1.1740099,1.6538064,1.1255593,1.70011,1.1570826,1.6245876,1.1056392
2001-02-02,1.7277881,1.1757552,1.658944,1.1289057,1.7080861,1.1623567,1.6248044,1.1056392
2001-02-05,1.7281671,1.1755366,1.6589995,1.1284861,1.7079347,1.1617827,1.6254628,1.1056392
2001-02-06,1.7298061,1.1764918,1.661921,1.13032,1.7125291,1.16475,1.6256836,1.1056392
2001-02-07,1.7285162,1.1754553,1.6592175,1.1283283,1.7065264,1.1605097,1.6259037,1.1056392
2001-02-08,1.7267758,1.1741127,1.6556517,1.1257507,1.701731,1.1570916,1.6261237,1.1056392
2001-02-09,1.7303191,1.1763627,1.6622219,1.1300654,1.7102683,1.1627396,1.6263443,1.1056392
2001-02-12,1.7297975,1.1755314,1.6605462,1.1284683,1.7075185,1.160399,1.6270033,1.1056392
2001-02-13,1.7289286,1.1747821,1.6586536,1.1270296,1.7054199,1.1588161,1.627223,1.1056392
2001-02-14,1.7292898,1.1748692,1.6591231,1.1271967,1.7041487,1.1577962,1.6274424,1.1056392
2001-02-15,1.7289832,1.1745019,1.6583103,1.126492,1.7023253,1.1564006,1.6276626,1.1056392
2001-02-16,1.7272993,1.1731987,1.6548552,1.1239922,1.6987785,1.1538344,1.6278834,1.1056392
2001-02-20,1.7279673,1.1730237,1.6552483,1.1236569,1.6991821,1.1534902,1.6287557,1.1056392
2001-02-21,1.7274524,1.1725161,1.6540388,1.1226843,1.6978771,1.1524489,1.6289753,1.1056392
2001-02-22,1.7281658,1.1728432,1.6554824,1.1235137,1.7006133,1.1541516,1.6290463,1.1055392
2001-02-23,1.7328143,1.1758412,1.6581607,1.1251812,1.7058886,1.1575776,1.6322193,1.1075447
2001-02-26,1.7375427,1.1785887,1.6605069,1.1263321,1.7100473,1.1599457,1.6358383,1.1095662
2001-02-27,1.7437297,1.1826333,1.6612061,1.126661,1.7112667,1.1606231,1.6414244,1.113212
2001-02-28,1.7467017,1.1844968,1.662091,1.1271162,1.7128696,1.1615608,1.6438905,1.1147412
2001-03-01,1.7469281,1.1844968,1.6623064,1.1271162,1.7130915,1.1615608,1.6441036,1.1147412
2001-03-02,1.747154,1.1844968,1.6625214,1.1271162,1.7133131,1.1615608,1.6443162,1.1147412
2001-03-05,1.7478318,1.1844968,1.6631663,1.1271162,1.7139777,1.1615608,1.6449541,1.1147412
2001-03-06,1.7480569,1.1844968,1.6633805,1.1271162,1.7141984,1.1615608,1.6451659,1.1147412
2001-03-07,1.7482805,1.1844968,1.6635933,1.1271162,1.7144178,1.1615608,1.6453764,1.1147412
2001-03-08,1.7484994,1.1844968,1.6638016,1.1271162,1.7146324,1.1615608,1.6455824,1.1147412
2001-03-09,1.7487179,1.1844968,1.6640095,1.1271162,1.7148466,1.1615608,1.645788,1.1147412
2001-03-12,1.7493805,1.1844968,1.66464,1.1271162,1.7154964,1.1615608,1.6464116,1.1147412
2001-03-13,1.749598,1.1844968,1.664847,1.1271162,1.7157098,1.1615608,1.6466164,1.1147412
2001-03-14,1.7498157,1.1844968,1.6650541,1.1271162,1.7159232,1.1615608,1.6468212,1.1147412
2001-03-15,1.750028,1.1844968,1.6652562,1.1271162,1.7161314,1.1615608,1.647021,1.1147412
2001-03-16,1.7502395,1.1844968,1.6654574,1.1271162,1.7163388,1.1615608,1.64722,1.1147412
2001-03-19,1.7508768,1.1844968,1.6660638,1.1271162,1.7169637,1.1615608,1.6478198,1.1147412
2001-03-20,1.7510888,1.1844968,1.6662656,1.1271162,1.7171716,1.1615608,1.6480194,1.1147412
2001-03-21,1.7512668,1.184475,1.6664043,1.1270748,1.7172516,1.1614755,1.6482171,1.1147412
2001-03-22,1.7509556,1.184128,1.66562,1.1264143,1.7154369,1.1601141,1.6484072,1.1147412
2001-03-23,1.7520543,1.184736,1.6675204,1.1275711,1.719156,1.1624971,1.6485951,1.1147412
2001-03-26,1.7528838,1.1848889,1.6688253,1.1280651,1.7212545,1.1635157,1.6490144,1.1146409
2001-03-27,1.7454948,1.1797582,1.6724341,1.1303751,1.7285013,1.1682808,1.640375,1.1086731
2001-03-28,1.7461151,1.1800404,1.6698073,1.1284684,1.7228708,1.1643395,1.6423414,1.1098734
2001-03-29,1.7460834,1.1798822,1.6707194,1.128954,1.7245533,1.1653416,1.6419582,1.1094858
2001-03-30,1.7504014,1.1826636,1.6730694,1.1304114,1.7292053,1.1683504,1.6449588,1.1113851
2001-04-02,1.7505017,1.1823231,1.6726836,1.1297605,1.7278108,1.1670049,1.6455267,1.1113851
2001-04-03,1.7515794,1.1829175,1.6745543,1.1308965,1.7314806,1.1693518,1.6457124,1.1113851
2001-04-04,1.7521205,1.1831517,1.6754031,1.1313443,1.7330438,1.1702778,1.645895,1.1113851
2001-04-05,1.7523125,1.1831517,1.6755867,1.1313443,1.7332338,1.1702778,1.6460754,1.1113851
2001-04-06,1.752505,1.1831517,1.6757708,1.1313443,1.7334242,1.1702778,1.6462563,1.1113851
2001-04-09,1.7530596,1.1831517,1.6763011,1.1313443,1.7339727,1.1702778,1.6467772,1.1113851
2001-04-10,1.753244,1.1831517,1.6764775,1.1313443,1.7341551,1.1702778,1.6469504,1.1113851
2001-04-11,1.7534289,1.1831517,1.6766543,1.1313443,1.734338,1.1702778,1.6471242,1.1113851
2001-04-12,1.7536201,1.1831517,1.6768371,1.1313443,1.7345272,1.1702778,1.6473038,1.1113851
2001-04-16,1.7543735,1.1831517,1.6775575,1.1313443,1.7352723,1.1702778,1.6480114,1.1113851
2001-04-17,1.7545681,1.1831517,1.6777436,1.1313443,1.7354648,1.1702778,1.6481943,1.1113851
2001-04-18,1.7547254,1.1831275,1.6778596,1.1312979,1.7356307,1.1702608,1.6483758,1.1113851
2001-04-19,1.7553317,1.1834125,1.6788435,1.1318429,1.7361088,1.1704606,1.6485483,1.1113851
2001-04-20,1.7550726,1.1831152,1.6781741,1.1312744,1.7359795,1.1702522,1.6487191,1.1113851
2001-04-23,1.7539913,1.1820284,1.6755985,1.129196,1.7353739,1.16949,1.6492177,1.1113851
2001-04-24,1.7541293,1.1820029,1.6760235,1.1293692,1.7356423,1.1695536,1.6492211,1.1112759
2001-04-25,1.7507155,1.1795824,1.6771421,1.1300081,1.7361668,1.1697882,1.6455449,1.1086858
2001-04-26,1.7572698,1.1838773,1.6789056,1.1310802,1.7369291,1.1701816,1.6509248,1.1121966
2001-04-27,1.7459561,1.176134,1.6754167,1.1286138,1.7357644,1.1692771,1.6420958,1.1061348
2001-04-30,1.7455091,1.1754693,1.6754661,1.1282983,1.7361288,1.1691612,1.6419049,1.1056643
2001-05-01,1.7466226,1.1760949,1.6774266,1.1294992,1.7369348,1.1695803,1.6420785,1.1056643
2001-05-02,1.7463239,1.1757704,1.676677,1.128876,1.7368817,1.1694218,1.6422508,1.1056643
2001-05-03,1.7440219,1.174098,1.6720819,1.1256646,1.7336084,1.1670962,1.6424218,1.1056643
2001-05-04,1.74348,1.1736126,1.670871,1.1247338,1.7326712,1.1663454,1.6425905,1.1056643
2001-05-07,1.7438117,1.1734838,1.6710055,1.1244869,1.7328866,1.1661404,1.6430833,1.1056643
2001-05-08,1.7424243,1.1724328,1.6681796,1.1224728,1.7302313,1.164237,1.6432476,1.1056643
2001-05-09,1.7421396,1.172125,1.667469,1.1218834,1.7304555,1.1642724,1.6434106,1.1056643
2001-05-10,1.7407238,1.1710555,1.6645923,1.119836,1.7266567,1.1616003,1.6435745,1.1056643
2001-05-11,1.7378221,1.168986,1.6588758,1.115878,1.7188463,1.1562295,1.6437393,1.1056643
2001-05-14,1.739099,1.1694904,1.6608106,1.116841,1.7212388,1.1574882,1.6442378,1.1056643
2001-05-15,1.7388937,1.169236,1.6602532,1.1163552,1.7207436,1.1570401,1.6444013,1.1056643
2001-05-16,1.7392003,1.1693285,1.6606773,1.1165317,1.721072,1.1571484,1.6445613,1.1056643
2001-05-17,1.7393666,1.1693285,1.6608361,1.1165317,1.7212366,1.1571484,1.6447185,1.1056643
2001-05-18,1.7395329,1.1693285,1.6609949,1.1165317,1.7214011,1.1571484,1.6448758,1.1056643
2001-05-21,1.7400376,1.1693285,1.6614768,1.1165317,1.7219006,1.1571484,1.645353,1.1056643
2001-05-22,1.7401749,1.1693064,1.6615765,1.1164896,1.7220459,1.1571329,1.6455139,1.1056643
2001-05-23,1.7396738,1.1688556,1.6604574,1.1156287,1.7217432,1.1568166,1.6456744,1.1056643
2001-05-24,1.7400625,1.1690028,1.6613465,1.1161172,1.7221784,1.1569961,1.6456819,1.1055614
2001-05-25,1.7401339,1.1689348,1.6612367,1.1159328,1.7222483,1.1569284,1.6458853,1.1055885
2001-05-29,1.7399076,1.1683241,1.6622886,1.1162015,1.723071,1.1570271,1.6454731,1.1048778
2001-05-30,1.7401762,1.1683883,1.6625548,1.1162693,1.7232795,1.157052,1.6456772,1.104905
2001-05-31,1.7489876,1.1741892,1.6657891,1.1183307,1.7245776,1.1578095,1.6524905,1.1093704
2001-06-01,1.7491698,1.1741973,1.6659741,1.1183462,1.7247538,1.1578152,1.6526512,1.1093704
2001-06-04,1.7501194,1.1744883,1.6672914,1.1189005,1.7255658,1.1580186,1.6531389,1.1093704
2001-06-05,1.7512385,1.1751235,1.6692593,1.1201108,1.7263976,1.1584627,1.6533019,1.1093704
2001-06-06,1.7513856,1.175108,1.6693774,1.1200811,1.7265493,1.1584518,1.6534627,1.1093704
2001-06-07,1.7515555,1.175108,1.6695393,1.1200811,1.7267168,1.1584518,1.6536231,1.1093704
2001-06-08,1.7517259,1.175108,1.6697017,1.1200811,1.7268847,1.1584518,1.6537839,1.1093704
2001-06-11,1.7522384,1.175108,1.6701903,1.1200811,1.72739,1.1584518,1.6542678,1.1093704
2001-06-12,1.7524074,1.175108,1.6703514,1.1200811,1.7275566,1.1584518,1.6544273,1.1093704
2001-06-13,1.7525745,1.175108,1.6705106,1.1200811,1.7277213,1.1584518,1.6545851,1.1093704
2001-06-14,1.7527411,1.175108,1.6706694,1.1200811,1.7278856,1.1584518,1.6547424,1.1093704
2001-06-15,1.7529082,1.175108,1.6708287,1.1200811,1.7280503,1.1584518,1.6549001,1.1093704
2001-06-18,1.7534038,1.175108,1.6713011,1.1200811,1.7285389,1.1584518,1.6553681,1.1093704
2001-06-19,1.7535691,1.175108,1.6714586,1.1200811,1.7287018,1.1584518,1.6555241,1.1093704
2001-06-20,1.7537164,1.1750963,1.6715825,1.1200588,1.7287955,1.1584057,1.6556796,1.1093704
2001-06-21,1.7539446,1.1751394,1.6718613,1.120141,1.7292107,1.1585757,1.6558343,1.1093704
2001-06-22,1.7536858,1.1748556,1.6712109,1.1196,1.7277027,1.1574565,1.6559899,1.1093704
2001-06-25,1.75428,1.1749282,1.6720412,1.1198461,1.728941,1.1579655,1.6563689,1.109317
2001-06-26,1.7522544,1.1734628,1.6731151,1.1204617,1.7310019,1.1592385,1.6540012,1.1076286
2001-06-27,1.751915,1.1731269,1.6735531,1.1206512,1.7317478,1.1596307,1.6535409,1.1072178
2001-06-28,1.7467529,1.1695596,1.6692385,1.1176565,1.7226554,1.1534328,1.650878,1.1053304
2001-06-29,1.7441084,1.1676749,1.6685858,1.1171104,1.7211401,1.1523058,1.648782,1.1038192
2001-07-02,1.7452448,1.168093,1.6702705,1.1179105,1.7241106,1.1539564,1.6492658,1.1038192
2001-07-03,1.7449892,1.1678071,1.669617,1.1173632,1.722592,1.1528265,1.649428,1.1038192
2001-07-05,1.7453209,1.1678,1.6699241,1.1173496,1.7228878,1.1527983,1.6497516,1.1038192
2001-07-06,1.7454916,1.1678,1.6700875,1.1173496,1.7230563,1.1527983,1.6499129,1.1038192
2001-07-09,1.7460009,1.1678,1.6705748,1.1173496,1.7235591,1.1527983,1.6503944,1.1038192
2001-07-10,1.7461716,1.1678,1.6707382,1.1173496,1.7237277,1.1527983,1.6505558,1.1038192
2001-07-11,1.7463415,1.1678,1.6709007,1.1173496,1.7238953,1.1527983,1.6507163,1.1038192
2001-07-12,1.7465089,1.1678,1.6710609,1.1173496,1.7240606,1.1527983,1.6508746,1.1038192
2001-07-13,1.7466774,1.1678,1.671222,1.1173496,1.7242269,1.1527983,1.6510338,1.1038192
2001-07-16,1.7471856,1.1678,1.6717083,1.1173496,1.7247286,1.1527983,1.6515142,1.1038192
2001-07-17,1.747356,1.1678,1.6718714,1.1173496,1.7248968,1.1527983,1.6516753,1.1038192
2001-07-18,1.7474835,1.1677722,1.6719537,1.1172965,1.7248998,1.1526888,1.651835,1.1038192
2001-07-19,1.7479695,1.1679863,1.6727252,1.1177062,1.7263283,1.1535342,1.6519916,1.1038192
2001-07-20,1.7481244,1.1679788,1.6728627,1.1176918,1.726448,1.1535045,1.6521486,1.1038192
2001-07-23,1.7485849,1.1679553,1.6732697,1.1176468,1.7267984,1.1534116,1.6526171,1.1038192
2001-07-24,1.7485748,1.1678372,1.6730908,1.1174207,1.7262645,1.152945,1.6527747,1.1038192
2001-07-25,1.7486081,1.1677481,1.6733837,1.1175098,1.7267044,1.1531288,1.6527403,1.1036909
2001-07-26,1.7503471,1.168798,1.6749056,1.1184196,1.7296805,1.1550064,1.6537111,1.1042341
2001-07-27,1.7566949,1.1729254,1.6774349,1.1200019,1.7347396,1.1582745,1.6585387,1.1073523
2001-07-30,1.7591764,1.1742477,1.6783013,1.120261,1.7360369,1.1588104,1.6606897,1.1084726
2001-07-31,1.7636779,1.1771402,1.6807575,1.1217934,1.7409523,1.1619807,1.6638034,1.1104449
2001-08-01,1.7638496,1.1771432,1.6809254,1.1217991,1.7411351,1.1619925,1.6639611,1.1104449
2001-08-02,1.7661576,1.1785722,1.6851655,1.1245228,1.749983,1.1677875,1.6641183,1.1104449
2001-08-03,1.7677855,1.1795472,1.6881129,1.1263833,1.7541419,1.1704524,1.6642756,1.1104449
2001-08-06,1.7678447,1.1792531,1.6877485,1.1258217,1.752997,1.1693576,1.6647462,1.1104449
2001-08-07,1.7684711,1.1795598,1.6887855,1.1264073,1.7542126,1.1700583,1.6649031,1.1104449
2001-08-08,1.7646608,1.1769072,1.6813491,1.1213411,1.7412612,1.1613094,1.66506,1.1104449
2001-08-09,1.7632478,1.1758549,1.6784995,1.1193359,1.7359892,1.1576848,1.6652156,1.1104449
2001-08-10,1.765901,1.1775153,1.6833954,1.1224971,1.7417093,1.1613922,1.6653698,1.1104449
2001-08-13,1.7676098,1.1783296,1.6861885,1.1240496,1.7450789,1.1633184,1.6658297,1.1104449
2001-08-14,1.7676834,1.1782699,1.6861731,1.1239356,1.7447551,1.1629951,1.6659835,1.1104449
2001-08-15,1.7669003,1.1776398,1.6845245,1.1227335,1.7421677,1.1611637,1.6661364,1.1104449
2001-08-16,1.7680504,1.1782982,1.6865627,1.123989,1.7423276,1.1611637,1.6662893,1.1104449
2001-08-17,1.7682112,1.1782982,1.6867162,1.123989,1.7424861,1.1611637,1.6664409,1.1104449
2001-08-20,1.7686893,1.1782982,1.6871723,1.123989,1.7429573,1.1611637,1.6668915,1.1104449
2001-08-21,1.7688512,1.1782982,1.6873267,1.123989,1.7431168,1.1611637,1.667044,1.1104449
2001-08-22,1.7689636,1.1782662,1.6873881,1.123928,1.7430856,1.1610376,1.6671952,1.1104449
2001-08-23,1.7683449,1.1777473,1.6860547,1.1229379,1.7401728,1.1589922,1.6673464,1.1104449
2001-08-24,1.7692634,1.1782516,1.6876525,1.1238996,1.7433122,1.1609773,1.6674985,1.1104449
2001-08-27,1.7698909,1.178345,1.6887878,1.1243462,1.7451777,1.1619,1.6677585,1.1103123
2001-08-28,1.7763836,1.1825589,1.6863587,1.1226252,1.7399961,1.158343,1.6751531,1.1151327
2001-08-29,1.7816951,1.1859869,1.6848468,1.1215163,1.7367174,1.1560546,1.6809892,1.118916
2001-08-30,1.7822102,1.1862213,1.6872094,1.1229863,1.741429,1.1590851,1.6803735,1.1184038
2001-08-31,1.7765011,1.1823145,1.686279,1.1222658,1.7393516,1.1575979,1.6755297,1.1150791
2001-09-04,1.7735409,1.1799168,1.6800494,1.117714,1.7258712,1.1482076,1.6761356,1.1150791
2001-09-05,1.7744839,1.1804355,1.6816813,1.1186968,1.7290651,1.1502268,1.6762899,1.1150791
2001-09-06,1.7773024,1.1822028,1.6868701,1.1220465,1.7395775,1.157115,1.6764429,1.1150791
2001-09-07,1.7774617,1.1822028,1.6870213,1.1220465,1.7397333,1.157115,1.6765931,1.1150791
2001-09-10,1.7779292,1.1822028,1.687465,1.1220465,1.7401909,1.157115,1.677034,1.1150791
2001-09-13,1.7783953,1.1822028,1.6879074,1.1220465,1.7406472,1.157115,1.6774737,1.1150791
2001-09-14,1.7785259,1.1822028,1.6880313,1.1220465,1.740775,1.157115,1.6775969,1.1150791
2001-09-17,1.7789045,1.1822028,1.6883907,1.1220465,1.7411455,1.157115,1.677954,1.1150791
2001-09-18,1.7790283,1.1822028,1.6885082,1.1220465,1.7412667,1.157115,1.6780708,1.1150791
2001-09-19,1.7791203,1.1821852,1.6885704,1.1220131,1.741279,1.1570462,1.6781825,1.1150791
2001-09-20,1.7802711,1.1828802,1.6906554,1.1233324,1.7454766,1.1597672,1.6782814,1.1150791
2001-09-21,1.7803667,1.1828732,1.6907361,1.123319,1.7455391,1.1597395,1.6783816,1.1150791
2001-09-24,1.7808053,1.1829497,1.6915852,1.1236791,1.7469752,1.160483,1.678526,1.1149726
2001-09-25,1.7810124,1.1830117,1.6904715,1.1228675,1.7445634,1.1588068,1.6793273,1.1154336
2001-09-26,1.7852835,1.1857726,1.6892859,1.1220077,1.742004,1.1570321,1.6839975,1.1184638
2001-09-27,1.7904542,1.1891312,1.6897571,1.122249,1.7428645,1.1575298,1.6886938,1.1215116
2001-09-28,1.7888097,1.1879631,1.6893693,1.1219198,1.7419533,1.1568507,1.6873905,1.1205744
2001-10-01,1.7889627,1.1878353,1.6893319,1.1216784,1.7415399,1.1563527,1.6877164,1.1205744
2001-10-02,1.7891772,1.1879022,1.6896296,1.1218047,1.742043,1.1566133,1.6878237,1.1205744
2001-10-03,1.7890341,1.1877349,1.6892565,1.1214887,1.7411675,1.1559617,1.6879263,1.1205744
2001-10-04,1.7893121,1.1878482,1.6896802,1.1217027,1.7420919,1.156506,1.6880276,1.1205744
2001-10-05,1.7895909,1.1879627,1.6901064,1.121919,1.7421955,1.156506,1.688128,1.1205744
2001-10-09,1.788474,1.1869414,1.6875984,1.1199898,1.742606,1.156506,1.6885257,1.1205744
2001-10-10,1.7887529,1.1870556,1.6880241,1.1202054,1.7427101,1.156506,1.6886266,1.1205744
2001-10-11,1.7876052,1.186223,1.685757,1.118634,1.7428142,1.156506,1.6887274,1.1205744
2001-10-12,1.7878461,1.1863104,1.6861084,1.1187989,1.7429206,1.156506,1.6888306,1.1205744
2001-10-15,1.7881709,1.1863104,1.6864147,1.1187989,1.7432372,1.156506,1.6891374,1.1205744
2001-10-16,1.7882791,1.1863104,1.6865168,1.1187989,1.7433428,1.156506,1.6892396,1.1205744
2001-10-17,1.7883592,1.1862927,1.6865671,1.1187654,1.7433426,1.1564368,1.6893405,1.1205744
2001-10-18,1.7881361,1.1860738,1.6860455,1.1183526,1.7421602,1.1555834,1.6894414,1.1205744
2001-10-19,1.7882323,1.1860678,1.6861276,1.1183412,1.7422273,1.1555599,1.6895409,1.1205744
2001-10-22,1.7887341,1.1861911,1.6867761,1.1185737,1.7432595,1.1560403,1.6898395,1.1205744
2001-10-23,1.7890458,1.1863269,1.6872631,1.1188299,1.7441621,1.1565698,1.6899404,1.1205744
2001-10-24,1.7881253,1.1856463,1.685427,1.1175461,1.7402627,1.1539156,1.6900404,1.1205744
2001-10-25,1.7890242,1.1861732,1.6873521,1.1187574,1.7441366,1.156417,1.6899742,1.1204651
2001-10-26,1.7912896,1.1876069,1.6874638,1.1187671,1.7442672,1.156437,1.6921068,1.1218146
2001-10-29,1.7947492,1.1896956,1.6894075,1.1198626,1.7479845,1.158702,1.6945463,1.1232383
2001-10-30,1.7998746,1.1930263,1.6908987,1.1207882,1.7510094,1.160642,1.6986853,1.1259187
2001-10-31,1.8095183,1.1993528,1.6904459,1.1204263,1.751567,1.1609477,1.7080611,1.1320712
2001-11-01,1.8091292,1.1990289,1.6896258,1.1198211,1.7516524,1.1609404,1.7081551,1.1320712
2001-11-02,1.8109855,1.2001928,1.6929996,1.1219951,1.7529733,1.1617516,1.7082497,1.1320712
2001-11-05,1.810357,1.1995819,1.6915503,1.120853,1.7525466,1.1612807,1.7085263,1.1320712
2001-11-06,1.8091551,1.1987208,1.689213,1.1192438,1.7505519,1.1598963,1.7086185,1.1320712
2001-11-07,1.8094874,1.1988812,1.6897493,1.1195433,1.7542916,1.1623163,1.7087037,1.1320712
2001-11-08,1.806551,1.1968775,1.6841832,1.1158012,1.7487755,1.1586052,1.7087865,1.1320712
2001-11-09,1.8058214,1.1963348,1.6827393,1.1147892,1.7468689,1.1572846,1.7088713,1.1320712
2001-11-13,1.8042597,1.1950642,1.679497,1.1124213,1.743868,1.1550682,1.7092084,1.1320712
2001-11-14,1.8004637,1.1924907,1.6723466,1.1076301,1.7367783,1.150315,1.7092931,1.1320712
2001-11-15,1.7966545,1.1899076,1.665186,1.1028316,1.7368659,1.150315,1.7093793,1.1320712
2001-11-16,1.796747,1.1899076,1.6652718,1.1028316,1.7369553,1.150315,1.7094673,1.1320712
2001-11-19,1.7970291,1.1899076,1.6655332,1.1028316,1.737228,1.150315,1.7097357,1.1320712
2001-11-20,1.7970992,1.1898921,1.6655982,1.1028173,1.7372279,1.1502551,1.7098247,1.1320712
2001-11-21,1.7985798,1.1908102,1.6669705,1.1036682,1.7426804,1.1538051,1.7099142,1.1320712
2001-11-23,1.7995768,1.191345,1.6678945,1.1041638,1.7459944,1.1558779,1.7100941,1.1320712
2001-11-26,1.7998513,1.1913396,1.6682821,1.1042471,1.7467949,1.1562264,1.7102259,1.1319807
2001-11-27,1.8030009,1.1933611,1.667402,1.1036058,1.7428303,1.1535407,1.7142118,1.1345588
2001-11-28,1.8031866,1.1934225,1.6675167,1.1036249,1.7430407,1.1536205,1.7143588,1.1345976
2001-11-29,1.8167252,1.2023228,1.6697344,1.105037,1.7520497,1.1595249,1.7250369,1.1416074
2001-11-30,1.8176078,1.2028486,1.670083,1.1052142,1.7532581,1.1602685,1.7255984,1.1419236
2001-12-03,1.8180958,1.2029985,1.6705314,1.1053519,1.7543843,1.1608468,1.7258466,1.1419236
2001-12-04,1.8182892,1.2030688,1.6707091,1.1054165,1.7548785,1.1611182,1.7259293,1.1419236
2001-12-05,1.8159689,1.2014772,1.6685771,1.1039541,1.7456744,1.1549739,1.7260102,1.1419236
2001-12-06,1.8160555,1.2014772,1.6686567,1.1039541,1.7457576,1.1549739,1.7260925,1.1419236
2001-12-07,1.816141,1.2014772,1.6687353,1.1039541,1.7458399,1.1549739,1.7261738,1.1419236
2001-12-10,1.8163888,1.2014772,1.668963,1.1039541,1.7460781,1.1549739,1.7264093,1.1419236
2001-12-11,1.8164724,1.2014772,1.6690398,1.1039541,1.7461584,1.1549739,1.7264888,1.1419236
2001-12-12,1.8165536,1.2014772,1.6691144,1.1039541,1.7462364,1.1549739,1.7265659,1.1419236
2001-12-13,1.8166352,1.2014772,1.6691894,1.1039541,1.7463149,1.1549739,1.7266435,1.1419236
2001-12-14,1.8167178,1.2014772,1.6692653,1.1039541,1.7463943,1.1549739,1.726722,1.1419236
2001-12-17,1.8169716,1.2014772,1.6694985,1.1039541,1.7466383,1.1549739,1.7269633,1.1419236
2001-12-18,1.8170568,1.2014772,1.6695767,1.1039541,1.7467201,1.1549739,1.7270442,1.1419236
2001-12-19,1.8171125,1.2014588,1.6696279,1.1039372,1.7466933,1.154903,1.7271237,1.1419236
2001-12-20,1.8176178,1.2017383,1.6700923,1.104194,1.748398,1.1559776,1.7272022,1.1419236
2001-12-21,1.8178999,1.2018701,1.6703514,1.1043151,1.7492447,1.1564848,1.7272808,1.1419236
2001-12-24,1.8185028,1.2021027,1.6710278,1.1046098,1.7513535,1.1577193,1.7273927,1.1418399
2001-12-26,1.8170694,1.2010439,1.6715471,1.1048508,1.7530437,1.1587294,1.7256543,1.1405851
2001-12-27,1.8211663,1.2036952,1.6708357,1.1043285,1.7498118,1.1565386,1.7303607,1.1436421
2001-12-28,1.8206064,1.2032688,1.6712447,1.1045471,1.7512793,1.1574543,1.7294862,1.1430105
2001-12-31,1.8262878,1.2068566,1.6724675,1.1052018,1.7556749,1.1601987,1.7338581,1.1457411
2002-01-02,1.8248147,1.20577,1.6711185,1.1042068,1.7495169,1.1560206,1.7340206,1.1457411
2002-01-03,1.8252618,1.2060089,1.6715279,1.1044256,1.7509855,1.1569368,1.7341018,1.1457411
2002-01-04,1.8253421,1.2060059,1.6716015,1.1044228,1.7510492,1.156925,1.7341826,1.1457411
2002-01-07,1.8255957,1.2060059,1.6718337,1.1044228,1.7512924,1.156925,1.7344235,1.1457411
2002-01-08,1.8256787,1.2060059,1.6719097,1.1044228,1.751372,1.156925,1.7345023,1.1457411
2002-01-09,1.8257612,1.2060059,1.6719853,1.1044228,1.7514512,1.156925,1.7345808,1.1457411
2002-01-10,1.8258438,1.2060059,1.6720609,1.1044228,1.7515304,1.156925,1.7346592,1.1457411
2002-01-11,1.8259263,1.2060059,1.6721365,1.1044228,1.7516096,1.156925,1.7347376,1.1457411
2002-01-14,1.8261589,1.2060059,1.6723495,1.1044228,1.7518327,1.156925,1.7349586,1.1457411
2002-01-15,1.82621,1.2059884,1.6723963,1.1044068,1.7518055,1.156858,1.7350323,1.1457411
2002-01-16,1.8267989,1.2063254,1.6729356,1.1047154,1.7538389,1.158151,1.7351069,1.1457411
2002-01-17,1.8281259,1.2071495,1.6741508,1.1054701,1.7587072,1.1613157,1.735182,1.1457411
2002-01-18,1.8276581,1.2067873,1.6737224,1.1051385,1.7566745,1.1599222,1.7352585,1.1457411
2002-01-22,1.8285295,1.2071524,1.6745204,1.1054728,1.7591062,1.1613257,1.7355609,1.1457411
2002-01-23,1.8296088,1.20781,1.6755088,1.106075,1.7630196,1.1638564,1.7356398,1.1457411
2002-01-24,1.8292873,1.2075422,1.6752144,1.1058298,1.7615371,1.1628242,1.7357197,1.1457411
2002-01-25,1.8292145,1.2074383,1.6752066,1.1057734,1.7612594,1.1625871,1.7357392,1.1457009
2002-01-28,1.8289757,1.2071129,1.675374,1.1057303,1.7612297,1.162406,1.7355801,1.1454368
2002-01-29,1.8323942,1.2093129,1.6761172,1.1061693,1.7641085,1.1642518,1.738135,1.1470696
2002-01-30,1.8325208,1.2093405,1.6762059,1.1061766,1.764237,1.1642827,1.7382437,1.1470882
2002-01-31,1.8320946,1.2090022,1.677026,1.1066657,1.7674401,1.1663417,1.7370709,1.1462602
2002-02-01,1.8313267,1.2084381,1.676323,1.1061494,1.7642253,1.164165,1.7371532,1.1462602
2002-02-04,1.8301871,1.2075143,1.6752799,1.1053037,1.7590815,1.1606052,1.7374002,1.1462602
2002-02-05,1.8299848,1.2073233,1.6750947,1.1051289,1.7580523,1.1598708,1.737483,1.1462602
2002-02-06,1.8299127,1.2072185,1.6750287,1.105033,1.7575252,1.159468,1.7375654,1.1462602
2002-02-07,1.8295971,1.2069537,1.6747398,1.1047906,1.7560656,1.1584508,1.7376468,1.1462602
2002-02-08,1.8305888,1.2075518,1.6756476,1.105338,1.7596278,1.1607468,1.7377277,1.1462602
2002-02-11,1.8307098,1.2074628,1.6757584,1.1052566,1.7593554,1.1604049,1.7379705,1.1462602
2002-02-12,1.8293604,1.2065166,1.6745232,1.1043905,1.7539224,1.1567674,1.7380515,1.1462602
2002-02-13,1.8289585,1.2061946,1.6741552,1.1040958,1.7521328,1.1555327,1.7381334,1.1462602
2002-02-14,1.8290452,1.2061946,1.6742346,1.1040958,1.7522159,1.1555327,1.7382158,1.1462602
2002-02-15,1.8291313,1.2061946,1.6743135,1.1040958,1.7522985,1.1555327,1.7382977,1.1462602
2002-02-19,1.8294741,1.2061946,1.6746272,1.1040958,1.7526268,1.1555327,1.7386234,1.1462602
2002-02-20,1.8295304,1.2061752,1.6746787,1.104078,1.7525961,1.1554583,1.7387049,1.1462602
2002-02-21,1.8295962,1.2061615,1.674739,1.1040654,1.7525991,1.1554055,1.7387873,1.1462602
2002-02-22,1.8291529,1.205812,1.6744762,1.1038398,1.7512497,1.1544611,1.7387213,1.1461624
2002-02-25,1.8287734,1.2053904,1.6750876,1.1040859,1.7530606,1.1554908,1.7379729,1.145506
2002-02-26,1.8253776,1.2030947,1.6759014,1.1045696,1.7562165,1.1575158,1.7339842,1.1428225
2002-02-27,1.8311754,1.2068586,1.6760136,1.104591,1.7564358,1.1576052,1.7394583,1.1463758
2002-02-28,1.8290688,1.2054127,1.6764518,1.1048271,1.7580213,1.158595,1.7370853,1.1447573
2002-03-01,1.8277102,1.2044592,1.6752065,1.1039532,1.7525437,1.1549292,1.7371691,1.1447573
2002-03-04,1.8273142,1.204026,1.6748436,1.1035561,1.7502728,1.1532675,1.7374175,1.1447573
2002-03-05,1.8273054,1.2039622,1.6748356,1.1034976,1.7499862,1.153023,1.7375013,1.1447573
2002-03-06,1.8272666,1.2038782,1.6747999,1.1034206,1.7495828,1.1527013,1.7375856,1.1447573
2002-03-07,1.8273542,1.2038782,1.6748802,1.1034206,1.7496667,1.1527013,1.7376689,1.1447573
2002-03-08,1.8274418,1.2038782,1.6749606,1.1034206,1.7497506,1.1527013,1.7377522,1.1447573
2002-03-11,1.8277077,1.2038782,1.6752042,1.1034206,1.7500051,1.1527013,1.738005,1.1447573
2002-03-12,1.8277978,1.2038782,1.6752868,1.1034206,1.7500914,1.1527013,1.7380907,1.1447573
2002-03-13,1.8278884,1.2038782,1.6753699,1.1034206,1.7501782,1.1527013,1.7381769,1.1447573
2002-03-14,1.8279781,1.2038782,1.6754521,1.1034206,1.7502641,1.1527013,1.7382621,1.1447573
2002-03-15,1.8280692,1.2038782,1.6755356,1.1034206,1.7503513,1.1527013,1.7383488,1.1447573
2002-03-18,1.8283427,1.2038782,1.6757863,1.1034206,1.7506132,1.1527013,1.7386089,1.1447573
2002-03-19,1.8284344,1.2038782,1.6758703,1.1034206,1.7507009,1.1527013,1.738696,1.1447573
2002-03-20,1.828491,1.2038555,1.6759222,1.1033998,1.7506561,1.1526143,1.7387827,1.1447573
2002-03-21,1.8288203,1.2040126,1.676224,1.1035438,1.7516567,1.1532159,1.7388689,1.1447573
2002-03-22,1.8292356,1.2042266,1.6767772,1.1038535,1.7537098,1.1545108,1.7387757,1.1446395
2002-03-25,1.8290619,1.2039341,1.6770458,1.1038671,1.7540554,1.1545674,1.7385893,1.1443474
2002-03-26,1.8323583,1.2060449,1.6758284,1.1030116,1.7487037,1.1509882,1.7430701,1.1472406
2002-03-27,1.8321602,1.2058556,1.6755606,1.1027815,1.7473303,1.1500281,1.7432451,1.1472998
2002-03-28,1.8260973,1.2018065,1.6749261,1.1023101,1.7444278,1.1480617,1.7382217,1.1439377
2002-04-01,1.8263291,1.2017272,1.6751386,1.1022374,1.744304,1.1477588,1.7385569,1.1439377
2002-04-02,1.827954,1.2027388,1.676629,1.1031652,1.7502607,1.1516233,1.7386403,1.1439377
2002-04-03,1.8291707,1.203481,1.677745,1.103846,1.754666,1.154466,1.7387246,1.1439377
2002-04-04,1.828986,1.2033014,1.6775756,1.1036813,1.7537035,1.1537771,1.7388084,1.1439377
2002-04-05,1.8290737,1.2033014,1.677656,1.1036813,1.7537875,1.1537771,1.7388918,1.1439377
2002-04-08,1.8293337,1.2033014,1.6778945,1.1036813,1.7540369,1.1537771,1.739139,1.1439377
2002-04-09,1.8294199,1.2033014,1.6779736,1.1036813,1.7541196,1.1537771,1.739221,1.1439377
2002-04-10,1.8295051,1.2033014,1.6780518,1.1036813,1.7542013,1.1537771,1.739302,1.1439377
2002-04-11,1.8295894,1.2033014,1.678129,1.1036813,1.754282,1.1537771,1.7393821,1.1439377
2002-04-12,1.8296741,1.2033014,1.6782067,1.1036813,1.7543632,1.1537771,1.7394626,1.1439377
2002-04-15,1.8299267,1.2033014,1.6784384,1.1036813,1.7546055,1.1537771,1.7397028,1.1439377
2002-04-16,1.8300109,1.2033014,1.6785157,1.1036813,1.7546862,1.1537771,1.7397829,1.1439377
2002-04-17,1.8300585,1.2032763,1.6785593,1.1036583,1.7546373,1.1536908,1.7398644,1.1439377
2002-04-18,1.829649,1.202951,1.6781837,1.1033599,1.7530203,1.1525739,1.7399454,1.1439377
2002-04-19,1.8293921,1.2027264,1.677948,1.1031539,1.7519293,1.1518032,1.740026,1.1439377
2002-04-22,1.829693,1.2027562,1.6782241,1.1031813,1.7523296,1.1519054,1.7402691,1.1439377
2002-04-23,1.8300469,1.2029332,1.6785487,1.1033436,1.7533339,1.1525123,1.7403497,1.1439377
2002-04-24,1.828121,1.2016112,1.67698,1.1022611,1.7472553,1.148463,1.7402256,1.1438029
2002-04-25,1.829679,1.2025796,1.6775246,1.102568,1.7490785,1.1496082,1.7412241,1.1444063
2002-04-26,1.832102,1.2041158,1.6780694,1.1028744,1.7509013,1.1507524,1.743046,1.1455501
2002-04-29,1.8278194,1.2011309,1.67782,1.1025546,1.7493303,1.1495572,1.7394772,1.1430426
2002-04-30,1.8298439,1.2024041,1.6782014,1.1027526,1.7505308,1.1502913,1.7410913,1.1440488
2002-05-01,1.8300219,1.2024637,1.6783647,1.1028073,1.7507945,1.1504098,1.7411743,1.1440488
2002-05-02,1.8309979,1.2030477,1.6792598,1.1033429,1.7538775,1.1523807,1.7412573,1.1440488
2002-05-03,1.8300579,1.2023727,1.6783977,1.1027239,1.7504477,1.1500722,1.7413403,1.1440488
2002-05-06,1.8306074,1.2025628,1.6789016,1.1028982,1.7516673,1.15071,1.7415879,1.1440488
2002-05-07,1.8299128,1.2020495,1.6782646,1.1024274,1.7488516,1.1488058,1.7416705,1.1440488
2002-05-08,1.8288738,1.20131,1.6773117,1.1017492,1.7434767,1.1452206,1.741753,1.1440488
2002-05-09,1.8306541,1.2024225,1.6789445,1.1027695,1.7493355,1.1490147,1.7418356,1.1440488
2002-05-10,1.8329776,1.2038913,1.6810755,1.1041166,1.7571143,1.1540693,1.7419186,1.1440488
2002-05-13,1.8304508,1.2020595,1.6787581,1.1024367,1.7479439,1.1478811,1.7421677,1.1440488
2002-05-14,1.8270817,1.1997897,1.6756681,1.100355,1.7362895,1.1401729,1.7422508,1.1440488
2002-05-15,1.827935,1.2002925,1.6764507,1.1008161,1.7386474,1.1416666,1.7423343,1.1440488
2002-05-16,1.8280217,1.2002925,1.6765302,1.1008161,1.7387298,1.1416666,1.7424169,1.1440488
2002-05-17,1.8281078,1.2002925,1.6766092,1.1008161,1.7388117,1.1416666,1.742499,1.1440488
2002-05-20,1.8283677,1.2002925,1.6768476,1.1008161,1.7390589,1.1416666,1.7427468,1.1440488
2002-05-21,1.8284181,1.200269,1.6768938,1.1007946,1.739032,1.1415951,1.7428289,1.1440488
2002-05-22,1.827757,1.1997785,1.6762875,1.1003447,1.7368431,1.1401044,1.742911,1.1440488
2002-05-23,1.8285273,1.2002279,1.6769939,1.1007569,1.7390033,1.141469,1.7429927,1.1440488
2002-05-24,1.8283775,1.2000734,1.6770436,1.1007379,1.7389889,1.1414061,1.7428799,1.1439212
2002-05-28,1.8292701,1.2004344,1.6775034,1.1008334,1.7397973,1.1417227,1.7435795,1.144166
2002-05-29,1.8325797,1.2025493,1.6766995,1.1002537,1.7369241,1.1397832,1.7476523,1.1467844
2002-05-30,1.8379253,1.2060005,1.6777455,1.1008882,1.7410128,1.1424125,1.7517423,1.1494141
2002-05-31,1.835552,1.2043864,1.6771815,1.1004663,1.7384258,1.1406611,1.7501516,1.1483163
2002-06-03,1.8363423,1.2047356,1.6779036,1.1007854,1.7406865,1.1419841,1.7503976,1.1483163
2002-06-04,1.8373404,1.2053337,1.6788156,1.1013319,1.744225,1.1442518,1.7504801,1.1483163
2002-06-05,1.8369788,1.2050393,1.6784852,1.1010629,1.742604,1.1431341,1.7505631,1.1483163
2002-06-06,1.8370654,1.2050393,1.6785643,1.1010629,1.7426861,1.1431341,1.7506456,1.1483163
2002-06-07,1.8371515,1.2050393,1.678643,1.1010629,1.7427677,1.1431341,1.7507276,1.1483163
2002-06-10,1.8374097,1.2050393,1.6788789,1.1010629,1.7430127,1.1431341,1.7509736,1.1483163
2002-06-11,1.8374962,1.2050393,1.678958,1.1010629,1.7430948,1.1431341,1.7510562,1.1483163
2002-06-12,1.8375828,1.2050393,1.6790371,1.1010629,1.7431769,1.1431341,1.7511387,1.1483163
2002-06-13,1.8376689,1.2050393,1.6791158,1.1010629,1.7432586,1.1431341,1.7512207,1.1483163
2002-06-14,1.837754,1.2050393,1.6791936,1.1010629,1.7433393,1.1431341,1.7513018,1.1483163
2002-06-17,1.8380078,1.2050393,1.6794254,1.1010629,1.74358,1.1431341,1.7515436,1.1483163
2002-06-18,1.8380934,1.2050393,1.6795036,1.1010629,1.7436613,1.1431341,1.7516252,1.1483163
2002-06-19,1.838179,1.2050393,1.6795819,1.1010629,1.7437425,1.1431341,1.7517068,1.1483163
2002-06-20,1.8382636,1.2050393,1.6796592,1.1010629,1.7438227,1.1431341,1.7517874,1.1483163
2002-06-21,1.8383285,1.2050257,1.6797185,1.1010505,1.7438252,1.1430825,1.751869,1.1483163
2002-06-24,1.8388459,1.2051975,1.6802913,1.1012731,1.7454774,1.1440067,1.752008,1.1482479
2002-06-25,1.8384443,1.2048782,1.6802808,1.1012149,1.7451901,1.1437651,1.7517178,1.1480042
2002-06-26,1.843045,1.2078373,1.6792087,1.100461,1.7404922,1.1406329,1.7573008,1.1516096
2002-06-27,1.8398706,1.2057017,1.6798796,1.1008503,1.7430347,1.142247,1.7536524,1.149166
2002-06-28,1.8393555,1.2053089,1.6802666,1.1010535,1.7444015,1.1430904,1.7528377,1.1485796
2002-07-01,1.8400134,1.2055746,1.6808676,1.1012962,1.746179,1.1440983,1.7530783,1.1485796
2002-07-02,1.8417428,1.2066522,1.6824474,1.1022806,1.7525026,1.1481889,1.753159,1.1485796
2002-07-03,1.8418526,1.2066683,1.6825478,1.1022954,1.7526775,1.1482503,1.7532401,1.1485796
2002-07-05,1.8401348,1.2054312,1.6809785,1.1011652,1.7456519,1.1435412,1.7534025,1.1485796
2002-07-08,1.8413993,1.2060921,1.6821336,1.1017689,1.7497226,1.146049,1.753646,1.1485796
2002-07-09,1.841485,1.2060921,1.682212,1.1017689,1.7498041,1.146049,1.7537277,1.1485796
2002-07-10,1.8415703,1.2060921,1.6822899,1.1017689,1.7498851,1.146049,1.7538089,1.1485796
2002-07-11,1.8416556,1.2060921,1.6823678,1.1017689,1.7499662,1.146049,1.7538901,1.1485796
2002-07-12,1.8417408,1.2060921,1.6824456,1.1017689,1.7500472,1.146049,1.7539713,1.1485796
2002-07-15,1.8419952,1.2060921,1.682678,1.1017689,1.7502888,1.146049,1.7542135,1.1485796
2002-07-16,1.8420799,1.2060921,1.6827554,1.1017689,1.7503694,1.146049,1.7542943,1.1485796
2002-07-17,1.8421288,1.2060682,1.6828,1.1017471,1.7503119,1.1459583,1.7543755,1.1485796
2002-07-18,1.8410288,1.2052922,1.6817952,1.1010383,1.7458883,1.1430091,1.7544567,1.1485796
2002-07-19,1.840076,1.2046126,1.6809248,1.1004174,1.7420314,1.1404311,1.754538,1.1485796
2002-07-22,1.8391176,1.2038188,1.6800493,1.0996923,1.7376805,1.1374253,1.7547802,1.1485796
2002-07-23,1.8383123,1.2032363,1.6793136,1.0991602,1.7343969,1.1352235,1.754861,1.1485796
2002-07-24,1.8388934,1.2035616,1.6798445,1.0994573,1.7363519,1.1364512,1.7549413,1.1485796
2002-07-25,1.8402539,1.2043973,1.6812568,1.1003317,1.7419544,1.1400664,1.754844,1.1484637
2002-07-26,1.8415796,1.2052099,1.682405,1.1010328,1.746474,1.1429722,1.75499,1.1485067
2002-07-29,1.825053,1.1942297,1.679894,1.0992393,1.7353324,1.1355247,1.7420993,1.139914
2002-07-30,1.8225726,1.1925513,1.6795564,1.0989675,1.7336967,1.1344018,1.7401623,1.1385937
2002-07-31,1.833199,1.1994492,1.6799991,1.0992063,1.7352835,1.1353876,1.7499302,1.1449322
2002-08-01,1.831643,1.1983759,1.6785731,1.0982227,1.7291522,1.1313236,1.7500107,1.1449322
2002-08-02,1.8268197,1.195166,1.6741529,1.095281,1.710704,1.1192025,1.7500898,1.1449322
2002-08-05,1.8255031,1.1941475,1.6729464,1.0943477,1.7050977,1.1153874,1.75032,1.1449322
2002-08-06,1.8296268,1.1967923,1.6767254,1.0967714,1.7203104,1.1252896,1.7503972,1.1449322
2002-08-07,1.8293814,1.1965787,1.6765005,1.0965756,1.7176474,1.1234977,1.7504749,1.1449322
2002-08-08,1.8283653,1.195863,1.6755694,1.0959197,1.715666,1.1221537,1.7505497,1.1449322
2002-08-09,1.829883,1.1968035,1.6769602,1.0967817,1.7184395,1.1239189,1.750626,1.1449322
2002-08-12,1.8307996,1.1972466,1.6778003,1.0971878,1.7199366,1.1247511,1.7508547,1.1449322
2002-08-13,1.8322273,1.1981265,1.6791086,1.0979941,1.7225418,1.1264043,1.7509334,1.1449322
2002-08-14,1.8327393,1.1984087,1.6795778,1.0982527,1.7234289,1.126935,1.7510102,1.1449322
2002-08-15,1.8328201,1.1984087,1.6796519,1.0982527,1.7235049,1.126935,1.7510874,1.1449322
2002-08-16,1.8329,1.1984087,1.679725,1.0982527,1.72358,1.126935,1.7511637,1.1449322
2002-08-19,1.8331395,1.1984087,1.6799446,1.0982527,1.7238052,1.126935,1.7513925,1.1449322
2002-08-20,1.8332213,1.1984087,1.6800196,1.0982527,1.7238822,1.126935,1.7514707,1.1449322
2002-08-21,1.8332713,1.1983891,1.6800653,1.0982348,1.7239035,1.1268998,1.751547,1.1449322
2002-08-22,1.8345369,1.1991639,1.6812252,1.0989448,1.726111,1.1282934,1.7516238,1.1449322
2002-08-23,1.8342499,1.1989231,1.6809622,1.0987241,1.7255245,1.12786,1.7517016,1.1449322
2002-08-26,1.8343175,1.1988077,1.6811601,1.0987072,1.7257035,1.1278268,1.7517931,1.1448396
2002-08-27,1.8311375,1.1966755,1.6819933,1.0992024,1.7272687,1.1287991,1.7479666,1.1422875
2002-08-28,1.8349921,1.1991404,1.681677,1.098946,1.7265761,1.1282954,1.7520539,1.1449068
2002-08-29,1.8397712,1.2022097,1.6827364,1.0995889,1.7285859,1.1295581,1.755592,1.1471674
2002-08-30,1.8409583,1.202931,1.6828198,1.0995937,1.7286784,1.1295675,1.7567172,1.1478508
2002-09-03,1.8428625,1.2039565,1.6845605,1.100531,1.7318117,1.1314094,1.7570367,1.1478508
2002-09-04,1.8428315,1.2038831,1.684532,1.1004639,1.7316861,1.1312774,1.7571142,1.1478508
2002-09-05,1.8437224,1.2044123,1.6853464,1.1009477,1.7332182,1.1322287,1.7571913,1.1478508
2002-09-06,1.8438022,1.2044123,1.6854194,1.1009477,1.7332932,1.1322287,1.7572673,1.1478508
2002-09-09,1.8440492,1.2044123,1.6856452,1.1009477,1.7335254,1.1322287,1.7575028,1.1478508
2002-09-10,1.844133,1.2044123,1.6857218,1.1009477,1.7336043,1.1322287,1.7575827,1.1478508
2002-09-11,1.8442164,1.2044123,1.685798,1.1009477,1.7336826,1.1322287,1.7576621,1.1478508
2002-09-12,1.8443003,1.2044123,1.6858747,1.1009477,1.7337615,1.1322287,1.7577421,1.1478508
2002-09-13,1.8443842,1.2044123,1.6859514,1.1009477,1.7338403,1.1322287,1.757822,1.1478508
2002-09-16,1.8446358,1.2044123,1.6861814,1.1009477,1.7340769,1.1322287,1.7580618,1.1478508
2002-09-17,1.8447207,1.2044123,1.686259,1.1009477,1.7341567,1.1322287,1.7581428,1.1478508
2002-09-18,1.8447904,1.2044027,1.6863227,1.1009389,1.7342133,1.1322138,1.7582232,1.1478508
2002-09-19,1.8442235,1.2039781,1.6858045,1.1005508,1.7332857,1.1315571,1.7583027,1.1478508
2002-09-20,1.8443617,1.2040149,1.6859308,1.1005844,1.7334498,1.131614,1.7583807,1.1478508
2002-09-23,1.8445409,1.2039716,1.6860946,1.1005448,1.7335779,1.1315469,1.7586149,1.1478508
2002-09-24,1.8444705,1.2038722,1.6861672,1.1005434,1.733651,1.1315444,1.7585502,1.1477576
2002-09-25,1.8401849,1.2010216,1.6865747,1.1007605,1.7342909,1.1319118,1.7541172,1.1448134
2002-09-26,1.8394879,1.2005131,1.6869876,1.1009808,1.7349395,1.1322846,1.7531017,1.1440995
2002-09-27,1.8474029,1.2056254,1.6887313,1.1020699,1.7378405,1.1341277,1.7589108,1.1478398
2002-09-30,1.8524488,1.2087598,1.6900717,1.1027998,1.7399629,1.1353636,1.7625502,1.1500639
2002-10-01,1.8515555,1.2081259,1.6892567,1.1022215,1.7385348,1.1343839,1.7626246,1.1500639
2002-10-02,1.8522173,1.2085061,1.6898605,1.1025683,1.7395094,1.1349713,1.7626999,1.1500639
2002-10-03,1.852296,1.2085061,1.6899323,1.1025683,1.7395832,1.1349713,1.7627747,1.1500639
2002-10-04,1.8523741,1.2085061,1.6900036,1.1025683,1.7396566,1.1349713,1.7628491,1.1500639
2002-10-07,1.8526147,1.2085061,1.690223,1.1025683,1.7398825,1.1349713,1.763078,1.1500639
2002-10-08,1.8526959,1.2085061,1.6902971,1.1025683,1.7399588,1.1349713,1.7631553,1.1500639
2002-10-09,1.8527761,1.2085061,1.6903703,1.1025683,1.7400341,1.1349713,1.7632317,1.1500639
2002-10-10,1.8528543,1.2085061,1.6904416,1.1025683,1.7401075,1.1349713,1.763306,1.1500639
2002-10-11,1.852933,1.2085061,1.6905134,1.1025683,1.7401814,1.1349713,1.7633809,1.1500639
2002-10-15,1.8532477,1.2085061,1.6908006,1.1025683,1.740477,1.1349713,1.7636805,1.1500639
2002-10-16,1.8533027,1.2084873,1.6908507,1.1025512,1.7405176,1.1349464,1.7637602,1.1500639
2002-10-17,1.8542984,1.2090827,1.6917592,1.1030943,1.7418028,1.1357338,1.763839,1.1500639
2002-10-18,1.8542595,1.209003,1.6917237,1.1030216,1.7417194,1.1356284,1.7639182,1.1500639
2002-10-21,1.8560906,1.2100339,1.6933943,1.1039622,1.7440456,1.136992,1.764156,1.1500639
2002-10-22,1.8559375,1.2098784,1.6932546,1.1038203,1.7438103,1.1367863,1.7642372,1.1500639
2002-10-23,1.8558408,1.2097603,1.6931663,1.1037125,1.7436499,1.13663,1.7643174,1.1500639
2002-10-24,1.8571956,1.2105887,1.6944024,1.1044684,1.7454103,1.1377262,1.7643972,1.1500639
2002-10-25,1.8584101,1.2113267,1.6956383,1.105225,1.7471716,1.1388238,1.7643424,1.1499771
2002-10-28,1.8610845,1.2129096,1.696927,1.1059187,1.7489471,1.1398304,1.765774,1.150758
2002-10-29,1.8695794,1.2183941,1.6979253,1.1065221,1.7503494,1.1406955,1.7728705,1.1553337
2002-10-30,1.868863,1.2178778,1.6982634,1.1066975,1.7506671,1.1408563,1.77191,1.1546609
2002-10-31,1.8711516,1.2193198,1.6973258,1.1060417,1.7486631,1.1395041,1.7751299,1.1567123
2002-11-01,1.8730147,1.2204864,1.6990158,1.1070999,1.7520773,1.1416846,1.775199,1.1567123
2002-11-04,1.8745057,1.2213166,1.7003683,1.1078529,1.7546638,1.1432377,1.7754047,1.1567123
2002-11-05,1.8747103,1.2214027,1.7005539,1.107931,1.754979,1.1433989,1.7754733,1.1567123
2002-11-06,1.8746061,1.2212879,1.7004594,1.1078269,1.7547166,1.1431841,1.7755414,1.1567123
2002-11-07,1.8784682,1.2237636,1.7039627,1.1100726,1.7618887,1.1478188,1.7756003,1.1567123
2002-11-08,1.8788946,1.2240011,1.7043495,1.1102881,1.7626306,1.1482644,1.7756586,1.1567123
2002-11-12,1.8795979,1.2242984,1.7049875,1.1105577,1.7637185,1.1488221,1.7758922,1.1567123
2002-11-13,1.8797242,1.2243404,1.705102,1.1105958,1.7638974,1.1489009,1.7759505,1.1567123
2002-11-14,1.877196,1.2226537,1.7028087,1.1090658,1.759095,1.1457354,1.7760084,1.1567123
2002-11-15,1.8772577,1.2226537,1.7028646,1.1090658,1.7591529,1.1457354,1.7760668,1.1567123
2002-11-18,1.8774428,1.2226537,1.7030326,1.1090658,1.7593264,1.1457354,1.776242,1.1567123
2002-11-19,1.8775051,1.2226537,1.7030891,1.1090658,1.7593847,1.1457354,1.7763009,1.1567123
2002-11-20,1.8775301,1.2226302,1.7031118,1.1090445,1.7594081,1.1457133,1.7763588,1.1567123
2002-11-21,1.8785867,1.223278,1.7040702,1.1096321,1.7603983,1.1463204,1.7764172,1.1567123
2002-11-22,1.8792057,1.2236409,1.7047655,1.1100484,1.7611165,1.1467505,1.7763361,1.1566215
2002-11-25,1.8787807,1.2232424,1.7047557,1.1099316,1.7611064,1.1466298,1.7761212,1.1563665
2002-11-26,1.8836693,1.2263844,1.7032224,1.1088962,1.7595224,1.1455602,1.7823996,1.1604155
2002-11-27,1.8754108,1.2209673,1.7052927,1.1102076,1.7616612,1.146915,1.7724772,1.1539175
2002-11-29,1.8786004,1.2229629,1.7060809,1.1106472,1.7624755,1.1473691,1.7747899,1.1553466
2002-12-02,1.8789791,1.2230888,1.7064248,1.1107615,1.7628307,1.1474872,1.774965,1.1553466
2002-12-03,1.8789169,1.2230075,1.7063684,1.1106876,1.7627724,1.1474108,1.7750243,1.1553466
2002-12-04,1.8798473,1.2235725,1.7072133,1.1112008,1.7636452,1.147941,1.7750832,1.1553466
2002-12-05,1.8805997,1.224022,1.7078966,1.111609,1.7643511,1.1483627,1.7751415,1.1553466
2002-12-06,1.8806615,1.224022,1.7079527,1.111609,1.7644091,1.1483627,1.7751999,1.1553466
2002-12-09,1.8808455,1.224022,1.7081198,1.111609,1.7645817,1.1483627,1.7753735,1.1553466
2002-12-10,1.8809078,1.224022,1.7081764,1.111609,1.7646402,1.1483627,1.7754324,1.1553466
2002-12-11,1.8809691,1.224022,1.7082321,1.111609,1.7646977,1.1483627,1.7754902,1.1553466
2002-12-12,1.8810305,1.224022,1.7082878,1.111609,1.7647553,1.1483627,1.7755481,1.1553466
2002-12-13,1.8810918,1.224022,1.7083435,1.111609,1.7648128,1.1483627,1.775606,1.1553466
2002-12-16,1.8812399,1.2239987,1.708478,1.1115878,1.7649517,1.1483408,1.7757797,1.1553466
2002-12-17,1.8805703,1.2235224,1.7078699,1.1111553,1.7643236,1.147894,1.7758386,1.1553466
2002-12-18,1.8794698,1.2227662,1.7068705,1.1104686,1.7632911,1.1471845,1.7758969,1.1553466
2002-12-19,1.8785135,1.2221042,1.706002,1.1098673,1.7623939,1.1465634,1.7759548,1.1553466
2002-12-20,1.8788509,1.2222838,1.7063084,1.1100304,1.7627104,1.1467319,1.7760127,1.1553466
2002-12-23,1.8793586,1.2224946,1.7067695,1.1102219,1.7631868,1.1469297,1.7761864,1.1553466
2002-12-24,1.8801312,1.222958,1.7076085,1.110732,1.7640535,1.1474567,1.7761005,1.1552537
2002-12-26,1.8820207,1.2241086,1.7081243,1.1109964,1.7645864,1.1477298,1.7774627,1.1560657
2002-12-27,1.8896593,1.229038,1.7094801,1.1118428,1.7659869,1.1486042,1.7833227,1.1598403
2002-12-30,1.8904944,1.229466,1.7095359,1.111775,1.7660447,1.1485341,1.7842196,1.1603149
2002-12-31,1.8898177,1.2289855,1.7095671,1.1117587,1.7660769,1.1485174,1.783607,1.1598784
2003-01-02,1.889942,1.2289855,1.7096796,1.1117587,1.766193,1.1485174,1.7837243,1.1598784
2003-01-03,1.8900041,1.2289855,1.7097358,1.1117587,1.7662511,1.1485174,1.783783,1.1598784
2003-01-06,1.8901905,1.2289855,1.7099044,1.1117587,1.7664253,1.1485174,1.7839589,1.1598784
2003-01-07,1.8902522,1.2289855,1.7099601,1.1117587,1.7664829,1.1485174,1.7840171,1.1598784
2003-01-08,1.8903127,1.2289855,1.710015,1.1117587,1.7665395,1.1485174,1.7840742,1.1598784
2003-01-09,1.8903733,1.2289855,1.7100698,1.1117587,1.7665961,1.1485174,1.7841314,1.1598784
2003-01-10,1.8904345,1.2289855,1.7101251,1.1117587,1.7666533,1.1485174,1.7841891,1.1598784
2003-01-13,1.8906178,1.2289855,1.7102909,1.1117587,1.7668246,1.1485174,1.7843621,1.1598784
2003-01-14,1.8906794,1.2289855,1.7103467,1.1117587,1.7668822,1.1485174,1.7844203,1.1598784
2003-01-15,1.89074,1.2289855,1.7104015,1.1117587,1.7669388,1.1485174,1.7844775,1.1598784
2003-01-16,1.8908012,1.2289855,1.7104568,1.1117587,1.766996,1.1485174,1.7845352,1.1598784
2003-01-17,1.8908613,1.2289855,1.7105112,1.1117587,1.7670521,1.1485174,1.7845919,1.1598784
2003-01-21,1.8911016,1.2289855,1.7107286,1.1117587,1.7672767,1.1485174,1.7848188,1.1598784
2003-01-22,1.8911427,1.2289728,1.7107658,1.1117473,1.7673152,1.1485055,1.784876,1.1598784
2003-01-23,1.8914307,1.2291212,1.7110263,1.1118815,1.7675843,1.1486442,1.7849322,1.1598784
2003-01-24,1.8912505,1.2289654,1.7108632,1.1117405,1.7674158,1.1484986,1.7849885,1.1598784
2003-01-27,1.8916436,1.2291057,1.7112896,1.1119135,1.7678563,1.1486772,1.7850819,1.1598304
2003-01-28,1.8911012,1.2287146,1.7113382,1.11191,1.7679065,1.1486736,1.7845756,1.159465
2003-01-29,1.8897987,1.2278292,1.7118252,1.112191,1.7684096,1.1489639,1.7828954,1.1583364
2003-01-30,1.8929452,1.2298345,1.7129506,1.1128869,1.7695722,1.1496828,1.7847484,1.1595035
2003-01-31,1.8926346,1.2295936,1.7127138,1.1126977,1.7693276,1.1494874,1.784759,1.1594735
2003-02-03,1.8928539,1.2296189,1.7129123,1.1127205,1.7695326,1.149511,1.7849291,1.1594735
2003-02-04,1.8935622,1.2300399,1.7135532,1.1131015,1.7701684,1.1498875,1.7849859,1.1594735
2003-02-05,1.8937794,1.2301426,1.7137498,1.1131945,1.7711669,1.1505001,1.7850416,1.1594735
2003-02-06,1.8924143,1.2292168,1.7125145,1.1123567,1.7686617,1.1488363,1.7850983,1.1594735
2003-02-07,1.8916282,1.2286674,1.7118031,1.1118595,1.7672412,1.1478774,1.7851546,1.1594735
2003-02-10,1.8929618,1.2294176,1.71301,1.1125384,1.7694503,1.1492038,1.7853233,1.1594735
2003-02-11,1.8923774,1.2289992,1.7124811,1.1121598,1.7683706,1.1484663,1.7853796,1.1594735
2003-02-12,1.8927263,1.2291868,1.7127968,1.1123295,1.7689665,1.1488169,1.7854363,1.1594735
2003-02-13,1.894385,1.2302249,1.7142979,1.113269,1.7720109,1.1507574,1.7854931,1.1594735
2003-02-14,1.8927318,1.2291126,1.7128018,1.1122623,1.7688622,1.1486764,1.7855493,1.1594735
2003-02-18,1.8931029,1.2291973,1.7131376,1.112339,1.7693309,1.1488347,1.7857763,1.1594735
2003-02-19,1.8947217,1.230209,1.7146026,1.1132546,1.7723403,1.150752,1.7858335,1.1594735
2003-02-20,1.8948672,1.2302644,1.7147342,1.1133047,1.7728875,1.1510707,1.7858903,1.1594735
2003-02-21,1.8956048,1.2307038,1.7154017,1.1137023,1.7735776,1.1514818,1.7859475,1.1594735
2003-02-24,1.8950548,1.2302284,1.7150718,1.1133811,1.7732366,1.1511497,1.7859445,1.1593601
2003-02-25,1.8985452,1.2324541,1.714808,1.1131735,1.7729638,1.150935,1.7895669,1.1616738
2003-02-26,1.9006381,1.2337729,1.7146194,1.1130151,1.7727688,1.1507713,1.7917943,1.1630821
2003-02-27,1.902086,1.2346726,1.7145201,1.1129143,1.7726661,1.1506671,1.7933215,1.1640355
2003-02-28,1.9066925,1.2376225,1.7154044,1.113452,1.7735804,1.151223,1.7967982,1.1662543
2003-03-03,1.9070856,1.2377576,1.715758,1.1135736,1.773946,1.1513487,1.7969725,1.1662543
2003-03-04,1.907703,1.2381183,1.7163135,1.1138981,1.7745203,1.1516843,1.7970306,1.1662543
2003-03-05,1.9082742,1.2384494,1.7168274,1.1141959,1.7750516,1.1519922,1.7970882,1.1662543
2003-03-06,1.9083349,1.2384494,1.7168819,1.1141959,1.7751081,1.1519922,1.7971453,1.1662543
2003-03-07,1.9083955,1.2384494,1.7169365,1.1141959,1.7751645,1.1519922,1.7972024,1.1662543
2003-03-10,1.908568,1.2384494,1.7170917,1.1141959,1.775325,1.1519922,1.7973649,1.1662543
2003-03-11,1.9086235,1.2384494,1.7171416,1.1141959,1.7753765,1.1519922,1.7974171,1.1662543
2003-03-12,1.9086799,1.2384494,1.7171924,1.1141959,1.7754291,1.1519922,1.7974703,1.1662543
2003-03-13,1.9087364,1.2384494,1.7172432,1.1141959,1.7754816,1.1519922,1.7975235,1.1662543
2003-03-14,1.9087939,1.2384494,1.717295,1.1141959,1.7755351,1.1519922,1.7975776,1.1662543
2003-03-17,1.9089681,1.2384494,1.7174516,1.1141959,1.7756971,1.1519922,1.7977416,1.1662543
2003-03-18,1.9090272,1.2384494,1.7175048,1.1141959,1.7757521,1.1519922,1.7977973,1.1662543
2003-03-19,1.9090397,1.2384195,1.717516,1.114169,1.7757637,1.1519644,1.7978525,1.1662543
2003-03-20,1.9096366,1.238768,1.718053,1.1144826,1.7763189,1.1522886,1.7979086,1.1662543
2003-03-21,1.9106012,1.2393547,1.7189209,1.1150105,1.7772162,1.1528343,1.7979652,1.1662543
2003-03-24,1.9090806,1.2382502,1.7175529,1.1140167,1.7758017,1.1518069,1.7981367,1.1662543
2003-03-25,1.9085725,1.2378816,1.7172628,1.1137935,1.7755018,1.1515761,1.7980185,1.1661409
2003-03-26,1.9091551,1.2382201,1.7170568,1.1136245,1.7752889,1.1514013,1.7988401,1.1666367
2003-03-27,1.9111424,1.2394697,1.718114,1.1142748,1.776382,1.1520737,1.7996622,1.1671328
2003-03-28,1.9146221,1.2416877,1.7191708,1.1149253,1.7774746,1.1527463,1.8018881,1.1685399
2003-03-31,1.9225159,1.2466928,1.7201848,1.1154803,1.7785229,1.1533201,1.8084202,1.1726685
2003-04-01,1.92277,1.2468193,1.7204121,1.1155935,1.778758,1.1534372,1.8084757,1.1726685
2003-04-02,1.9209422,1.2455965,1.7187768,1.1144994,1.7770671,1.152306,1.8085302,1.1726685
2003-04-03,1.9210006,1.2455965,1.718829,1.1144994,1.7771212,1.152306,1.8085852,1.1726685
2003-04-04,1.921058,1.2455965,1.7188804,1.1144994,1.7771743,1.152306,1.8086392,1.1726685
2003-04-07,1.9212301,1.2455965,1.7190343,1.1144994,1.7773335,1.152306,1.8088013,1.1726685
2003-04-08,1.9212907,1.2455965,1.7190885,1.1144994,1.7773895,1.152306,1.8088583,1.1726685
2003-04-09,1.9213501,1.2455965,1.7191417,1.1144994,1.7774445,1.152306,1.8089143,1.1726685
2003-04-10,1.9214086,1.2455965,1.719194,1.1144994,1.7774986,1.152306,1.8089693,1.1726685
2003-04-11,1.9214675,1.2455965,1.7192468,1.1144994,1.7775531,1.152306,1.8090248,1.1726685
2003-04-14,1.9216491,1.2455965,1.7194093,1.1144994,1.7777211,1.152306,1.8091958,1.1726685
2003-04-15,1.9216593,1.2455628,1.7194183,1.1144693,1.7777305,1.1522748,1.8092543,1.1726685
2003-04-16,1.9212898,1.2452837,1.7190877,1.1142196,1.7773887,1.1520166,1.8093118,1.1726685
2003-04-17,1.9221656,1.2458121,1.7198713,1.1146924,1.7781989,1.1525054,1.8093688,1.1726685
2003-04-21,1.9223467,1.2457712,1.7200334,1.1146557,1.7783665,1.1524676,1.8095988,1.1726685
2003-04-22,1.9221844,1.2456264,1.7198882,1.1145261,1.7782162,1.1523336,1.8096563,1.1726685
2003-04-23,1.9221258,1.2455488,1.7198358,1.1144568,1.7781621,1.1522619,1.8097138,1.1726685
2003-04-24,1.9236382,1.2464896,1.7213957,1.1154325,1.7797749,1.1532707,1.8095533,1.1725275
2003-04-25,1.9266913,1.2484294,1.7223953,1.1160457,1.7808084,1.1539046,1.8114307,1.1737077
2003-04-28,1.9258203,1.2477501,1.722216,1.1158268,1.7806231,1.1536784,1.810967,1.1732992
2003-04-29,1.9216309,1.2449975,1.7216992,1.1154577,1.7800887,1.1532967,1.8076264,1.1710989
2003-04-30,1.929183,1.2498518,1.7227919,1.1161311,1.781232,1.1540017,1.8136392,1.1749581
2003-05-01,1.9287453,1.2495303,1.722401,1.1158439,1.7809764,1.1538011,1.8136944,1.1749581
2003-05-02,1.9307548,1.2507951,1.7241956,1.1169735,1.7828625,1.1549888,1.8137481,1.1749581
2003-05-05,1.9301927,1.2503179,1.7236936,1.1165473,1.782346,1.1545498,1.813912,1.1749581
2003-05-06,1.927313,1.2484145,1.7211219,1.1148475,1.7796595,1.1527745,1.8139672,1.1749581
2003-05-07,1.9257896,1.2473908,1.7197616,1.1139334,1.7780054,1.1516689,1.8140209,1.1749581
2003-05-08,1.9261143,1.2475639,1.7200515,1.1140879,1.7778652,1.1515437,1.8140751,1.1749581
2003-05-09,1.9267677,1.2479505,1.720635,1.1144332,1.7785149,1.1519308,1.8141282,1.1749581
2003-05-12,1.9285527,1.2489948,1.722229,1.1153658,1.780602,1.1531794,1.8142908,1.1749581
2003-05-13,1.9286126,1.2489966,1.7222825,1.1153674,1.7808099,1.1532799,1.8143444,1.1749581
2003-05-14,1.9324837,1.251467,1.7257395,1.1175735,1.7847504,1.155798,1.8143976,1.1749581
2003-05-15,1.9325059,1.2514457,1.7257593,1.1175544,1.7847456,1.155762,1.8144493,1.1749581
2003-05-16,1.9325609,1.2514457,1.7258084,1.1175544,1.7847965,1.155762,1.814501,1.1749581
2003-05-19,1.9327245,1.2514457,1.7259545,1.1175544,1.7849476,1.155762,1.8146546,1.1749581
2003-05-20,1.9327791,1.2514457,1.7260033,1.1175544,1.784998,1.155762,1.8147058,1.1749581
2003-05-21,1.9327832,1.2514134,1.7260069,1.1175256,1.7850017,1.1557321,1.8147566,1.1749581
2003-05-22,1.9324299,1.251149,1.7256915,1.1172895,1.7846755,1.155488,1.8148083,1.1749581
2003-05-23,1.9326616,1.2512627,1.7260904,1.1175153,1.7850881,1.1557215,1.8146591,1.1748274
2003-05-27,1.926114,1.2468782,1.725372,1.1169204,1.7843452,1.1551063,1.8094772,1.1713362
2003-05-28,1.9240668,1.2455164,1.7257725,1.1171469,1.7847593,1.1553405,1.8071871,1.1698194
2003-05-29,1.9316511,1.2503885,1.7248387,1.1165088,1.7838389,1.1547099,1.8153429,1.1750635
2003-05-30,1.9283998,1.2482468,1.7243708,1.1161729,1.7838917,1.1547099,1.8128335,1.1734044
2003-06-02,1.9285918,1.2482593,1.7245425,1.116184,1.7840515,1.1547099,1.8129959,1.1734044
2003-06-03,1.9312007,1.2499096,1.7268754,1.1176597,1.7841063,1.1547099,1.8130516,1.1734044
2003-06-04,1.9312205,1.2498861,1.7268931,1.1176387,1.7841539,1.1547072,1.8131042,1.1734044
2003-06-05,1.9311991,1.249837,1.726874,1.1175948,1.7843044,1.154772,1.8131554,1.1734044
2003-06-06,1.9318801,1.2502428,1.7274829,1.1179576,1.7844205,1.1548149,1.813206,1.1734044
2003-06-09,1.9305701,1.2492891,1.7263115,1.1171049,1.7844159,1.1547142,1.8133595,1.1734044
2003-06-10,1.9293305,1.2484524,1.725203,1.1163567,1.7843286,1.1546257,1.8134097,1.1734044
2003-06-11,1.9299284,1.2488068,1.7257377,1.1166736,1.7844373,1.154666,1.8134569,1.1734044
2003-06-12,1.9309852,1.2494592,1.7266827,1.117257,1.7844823,1.154666,1.8135026,1.1734044
2003-06-13,1.9313767,1.2496817,1.7270328,1.117456,1.7845263,1.154666,1.8135473,1.1734044
2003-06-16,1.9305507,1.2490609,1.7262942,1.1169009,1.7846495,1.154666,1.8136726,1.1734044
2003-06-17,1.9286232,1.2477848,1.7245706,1.1157597,1.7846911,1.154666,1.8137148,1.1734044
2003-06-18,1.9272973,1.2468968,1.7233849,1.1149657,1.7847341,1.154666,1.8137585,1.1734044
2003-06-19,1.9263314,1.2462422,1.7225213,1.1143804,1.7847766,1.154666,1.8138018,1.1734044
2003-06-20,1.9268711,1.246564,1.7230038,1.1146682,1.7848158,1.154666,1.8138415,1.1734044
2003-06-23,1.9264806,1.2462285,1.7226547,1.1143681,1.7849346,1.154666,1.8139623,1.1734044
2003-06-24,1.9261095,1.24596,1.7224197,1.1141908,1.7849752,1.154666,1.8139015,1.1733384
2003-06-25,1.923831,1.2444585,1.7238233,1.115074,1.7850148,1.154666,1.8103178,1.1709942
2003-06-26,1.9144721,1.2383738,1.7219158,1.1138126,1.7850588,1.154666,1.803559,1.1665935
2003-06-27,1.9138896,1.2379669,1.7225047,1.1141663,1.7851023,1.154666,1.8024375,1.1658396
2003-06-30,1.9169576,1.2398649,1.7237307,1.1148815,1.785227,1.154666,1.8041698,1.1668786
2003-07-01,1.9174129,1.2401291,1.7241401,1.1151191,1.7852706,1.154666,1.8042138,1.1668786
2003-07-02,1.9174207,1.2401046,1.7241471,1.1150971,1.7853131,1.154666,1.8042568,1.1668786
2003-07-03,1.9174654,1.2401046,1.7241873,1.1150971,1.7853547,1.154666,1.8042988,1.1668786
2003-07-07,1.917644,1.2401046,1.7243479,1.1150971,1.785521,1.154666,1.8044669,1.1668786
2003-07-08,1.9176913,1.2401046,1.7243904,1.1150971,1.785565,1.154666,1.8045114,1.1668786
2003-07-09,1.9177385,1.2401046,1.7244329,1.1150971,1.7856091,1.154666,1.8045559,1.1668786
2003-07-10,1.9177848,1.2401046,1.7244745,1.1150971,1.7856521,1.154666,1.8045994,1.1668786
2003-07-11,1.9178305,1.2401046,1.7245156,1.1150971,1.7856947,1.154666,1.8046424,1.1668786
2003-07-14,1.9179676,1.2401046,1.7246389,1.1150971,1.7858224,1.154666,1.8047714,1.1668786
2003-07-15,1.9180144,1.2401046,1.724681,1.1150971,1.7858659,1.154666,1.8048154,1.1668786
2003-07-16,1.9180142,1.2400739,1.7246808,1.1150695,1.7859099,1.154666,1.8048599,1.1668786
2003-07-17,1.9176661,1.2398186,1.7243678,1.1148399,1.7859535,1.154666,1.8049039,1.1668786
2003-07-18,1.9184547,1.2402986,1.7250769,1.1152715,1.7859965,1.154666,1.8049475,1.1668786
2003-07-21,1.9204342,1.2414876,1.7268569,1.1163407,1.7861272,1.154666,1.8050795,1.1668786
2003-07-22,1.9197053,1.2409854,1.7262015,1.1158891,1.7861717,1.154666,1.8051245,1.1668786
2003-07-23,1.9190729,1.2405457,1.7256328,1.1154937,1.7862162,1.154666,1.8051695,1.1668786
2003-07-24,1.919137,1.2405562,1.7256905,1.1155032,1.7862608,1.154666,1.8052145,1.1668786
2003-07-25,1.9194023,1.2406968,1.7260828,1.115729,1.7863053,1.154666,1.8050987,1.1667746
2003-07-28,1.9120243,1.2358349,1.7247535,1.1147863,1.7864389,1.154666,1.7996852,1.1631882
2003-07-29,1.9035921,1.2303525,1.7237746,1.1141246,1.7864468,1.1546411,1.7928166,1.1587186
2003-07-30,1.9087639,1.2336625,1.723501,1.1139181,1.7856959,1.1541251,1.7980197,1.1620506
2003-07-31,1.9021117,1.2293306,1.7266732,1.1159391,1.7878758,1.1555036,1.7884913,1.1558619
2003-08-01,1.9020385,1.2292517,1.7266068,1.1158674,1.7874713,1.1552124,1.7885374,1.1558619
2003-08-04,1.8965239,1.2255938,1.7216008,1.1125469,1.78281,1.1521116,1.7886741,1.1558619
2003-08-05,1.9033247,1.2299568,1.7277744,1.1165074,1.7889606,1.1560563,1.7887207,1.1558619
2003-08-06,1.8999783,1.2277626,1.7247367,1.1145156,1.7857341,1.1539415,1.7887667,1.1558619
2003-08-07,1.9005645,1.2281101,1.7252687,1.1148311,1.7857649,1.153932,1.7888123,1.1558619
2003-08-08,1.9012218,1.2285035,1.7258654,1.1151882,1.786406,1.1543169,1.7888579,1.1558619
2003-08-11,1.8994422,1.2272587,1.72425,1.1140582,1.7847181,1.1531371,1.7889961,1.1558619
2003-08-12,1.9002456,1.2277462,1.7249793,1.1145008,1.7853651,1.1535254,1.7890422,1.1558619
2003-08-13,1.8974784,1.2259271,1.7224673,1.1128494,1.7828984,1.1519023,1.7890877,1.1558619
2003-08-14,1.8977232,1.2260536,1.7226895,1.1129643,1.7832448,1.1520964,1.7891338,1.1558619
2003-08-15,1.8977721,1.2260536,1.7227339,1.1129643,1.7832907,1.1520964,1.7891799,1.1558619
2003-08-18,1.8979172,1.2260536,1.7228656,1.1129643,1.783427,1.1520964,1.7893167,1.1558619
2003-08-19,1.897966,1.2260536,1.72291,1.1129643,1.783473,1.1520964,1.7893627,1.1558619
2003-08-20,1.897977,1.2260291,1.7229199,1.1129421,1.7835158,1.1520944,1.7894088,1.1558619
2003-08-21,1.9001249,1.227385,1.7248697,1.1141729,1.7837336,1.1522054,1.7894549,1.1558619
2003-08-22,1.9000012,1.2272732,1.7247574,1.1140714,1.7837658,1.1521963,1.7895015,1.1558619
2003-08-25,1.9006944,1.2276241,1.7255207,1.1144765,1.7839631,1.1522328,1.7895037,1.1557721
2003-08-26,1.9016603,1.2282143,1.724723,1.1139307,1.7839359,1.1521836,1.7912893,1.1568938
2003-08-27,1.9006879,1.227553,1.7259194,1.1146733,1.7840879,1.1522505,1.7891793,1.1554996
2003-08-28,1.9097277,1.2333583,1.7275955,1.1157258,1.7842825,1.1523453,1.7959993,1.1598731
2003-08-29,1.9076359,1.2319746,1.7273909,1.115564,1.7843074,1.1523308,1.7942926,1.1587401
2003-09-02,1.9065911,1.2311702,1.7264447,1.1148356,1.7843936,1.1522652,1.7944814,1.1587401
2003-09-03,1.906928,1.2313555,1.7267499,1.1150033,1.7844531,1.1522733,1.7945286,1.1587401
2003-09-04,1.9071526,1.2314685,1.7269533,1.1151056,1.7839872,1.1519425,1.7945753,1.1587401
2003-09-05,1.9021496,1.2282059,1.722423,1.1121514,1.7798824,1.149262,1.794622,1.1587401
2003-09-08,1.903485,1.2289733,1.7236322,1.1128462,1.7811825,1.1500127,1.7947606,1.1587401
2003-09-09,1.9024728,1.2282878,1.7227156,1.1122255,1.7802971,1.1494111,1.7948073,1.1587401
2003-09-10,1.8999943,1.2266559,1.7204713,1.1107479,1.7782068,1.1480319,1.7948536,1.1587401
2003-09-11,1.9005461,1.2269806,1.7209709,1.1110418,1.7793933,1.1487684,1.7948998,1.1587401
2003-09-12,1.9016378,1.2276538,1.7219595,1.1116514,1.7794392,1.1487684,1.794946,1.1587401
2003-09-15,1.9019451,1.2277573,1.7222377,1.1117452,1.7795767,1.1487684,1.7950847,1.1587401
2003-09-16,1.901947,1.2277269,1.7222394,1.1117176,1.7796225,1.1487684,1.7951309,1.1587401
2003-09-17,1.9028743,1.2282949,1.7230792,1.112232,1.7796554,1.148761,1.7951757,1.1587401
2003-09-18,1.9036542,1.228767,1.7237854,1.1126595,1.7799255,1.1489061,1.7952214,1.1587401
2003-09-19,1.9039657,1.2289364,1.7240674,1.1128129,1.7800583,1.1489622,1.7952676,1.1587401
2003-09-22,1.9040668,1.2289078,1.724159,1.1127869,1.7801797,1.1489527,1.7954049,1.1587401
2003-09-23,1.9038245,1.2287197,1.7239396,1.1126167,1.780129,1.1488904,1.7954511,1.1587401
2003-09-24,1.9033681,1.2283942,1.7236546,1.1124047,1.7800536,1.1488128,1.7953627,1.1586539
2003-09-25,1.9059092,1.2300029,1.7238446,1.112499,1.7801525,1.1488473,1.7976074,1.160073
2003-09-26,1.9113308,1.2334708,1.7245655,1.1129362,1.7804453,1.1490074,1.8020145,1.1628878
2003-09-29,1.9086952,1.2316766,1.724601,1.1128749,1.7805452,1.148985,1.7996288,1.1612603
2003-09-30,1.9177513,1.2374885,1.7261213,1.113827,1.7811316,1.1493334,1.8066279,1.1657465
2003-10-01,1.9181886,1.2377391,1.7265149,1.1140526,1.7813095,1.149419,1.8066739,1.1657465
2003-10-02,1.9189471,1.238197,1.7271975,1.1144647,1.7814786,1.1494988,1.80672,1.1657465
2003-10-03,1.9216182,1.2398893,1.7296018,1.1159879,1.7819806,1.1497937,1.8067655,1.1657465
2003-10-06,1.9209963,1.2393943,1.729042,1.1155423,1.7819817,1.1497075,1.8069021,1.1657465
2003-10-07,1.9221085,1.2400806,1.7300431,1.1161601,1.7822119,1.149827,1.8069477,1.1657465
2003-10-08,1.9219609,1.2399548,1.7299102,1.1160469,1.7822219,1.1498051,1.8069922,1.1657465
2003-10-09,1.9216772,1.2397415,1.7296549,1.1158549,1.7822078,1.149768,1.8070363,1.1657465
2003-10-10,1.9219702,1.2399004,1.7299186,1.1159979,1.7822941,1.1497957,1.8070804,1.1657465
2003-10-14,1.9213016,1.2393467,1.7293168,1.1154996,1.7823205,1.1496993,1.8072586,1.1657465
2003-10-15,1.9205613,1.2388383,1.7286505,1.1150419,1.7822277,1.1496108,1.8073036,1.1657465
2003-10-16,1.9194515,1.2380915,1.7276516,1.1143698,1.7820705,1.1494807,1.8073487,1.1657465
2003-10-17,1.9194994,1.2380915,1.7276947,1.1143698,1.7821149,1.1494807,1.8073938,1.1657465
2003-10-20,1.9196429,1.2380915,1.7278239,1.1143698,1.7822482,1.1494807,1.8075289,1.1657465
2003-10-21,1.9196918,1.2380915,1.7278679,1.1143698,1.7822936,1.1494807,1.807575,1.1657465
2003-10-22,1.9197227,1.2380806,1.7278957,1.1143599,1.7823287,1.1494747,1.8076201,1.1657465
2003-10-23,1.9200353,1.2382503,1.7281771,1.1145127,1.7825192,1.1495679,1.8076666,1.1657465
2003-10-24,1.9195331,1.2378945,1.727725,1.1141925,1.7822621,1.1493725,1.8077132,1.1657465
2003-10-27,1.9200573,1.238138,1.7282621,1.1144537,1.7826455,1.1495319,1.8077831,1.1657024
2003-10-28,1.921354,1.2389415,1.7275664,1.1139757,1.78224,1.1492402,1.8097792,1.1669589
2003-10-29,1.9195996,1.2377784,1.7280469,1.1142569,1.7825133,1.1493868,1.80767,1.1655688
2003-10-30,1.9172989,1.236263,1.7272477,1.1137128,1.7809783,1.1483674,1.806386,1.1647109
2003-10-31,1.9183301,1.2368961,1.7274304,1.113802,1.7812831,1.1485343,1.807213,1.1652142
2003-11-03,1.9178184,1.2364706,1.7269696,1.1134188,1.7803327,1.1478329,1.8073527,1.1652142
2003-11-04,1.9178476,1.2364575,1.7269959,1.1134071,1.7808026,1.1481063,1.8073992,1.1652142
2003-11-05,1.9183994,1.2367818,1.7274928,1.1136991,1.7800292,1.1475784,1.8074453,1.1652142
2003-11-06,1.9215509,1.2387817,1.7303306,1.1154999,1.7823664,1.1490556,1.8074918,1.1652142
2003-11-07,1.9231217,1.2397625,1.7317451,1.1163831,1.7835408,1.1497831,1.8075384,1.1652142
2003-11-10,1.9238194,1.2401165,1.7323734,1.1167019,1.7840797,1.1500417,1.807678,1.1652142
2003-11-12,1.9231921,1.2396475,1.7318085,1.1162796,1.7838687,1.1498458,1.8077721,1.1652142
2003-11-13,1.9253097,1.2409809,1.7337154,1.1174803,1.784872,1.1504632,1.8078182,1.1652142
2003-11-14,1.9291694,1.2434374,1.737191,1.1196923,1.7876576,1.1522297,1.8078637,1.1652142
2003-11-17,1.9314268,1.2447974,1.7392237,1.120917,1.7893264,1.1532173,1.8080019,1.1652142
2003-11-18,1.9315028,1.2448143,1.7392921,1.1209322,1.7893753,1.1532191,1.8080485,1.1652142
2003-11-19,1.9294149,1.2434366,1.737412,1.1196916,1.7880456,1.1523324,1.8080951,1.1652142
2003-11-20,1.9295418,1.2434868,1.7375263,1.1197367,1.7870631,1.1516699,1.8081411,1.1652142
2003-11-21,1.9295609,1.2434674,1.7376911,1.1198144,1.7873565,1.1518296,1.8080336,1.1651152
2003-11-24,1.9261608,1.2411822,1.7391421,1.1206648,1.7902062,1.1535789,1.8034746,1.1620892
2003-11-25,1.9281108,1.2424068,1.7384786,1.1202084,1.7887943,1.1526394,1.8060348,1.163709
2003-11-26,1.9254426,1.2406558,1.7395362,1.1208613,1.790925,1.153983,1.802483,1.1613907
2003-11-28,1.9183488,1.2360224,1.7384144,1.120082,1.788525,1.1523784,1.7970954,1.1578608
2003-12-01,1.9176489,1.235479,1.7377802,1.1195896,1.7870861,1.1513651,1.7972298,1.1578608
2003-12-02,1.9184897,1.2359893,1.7385422,1.120052,1.7886078,1.1523161,1.7972756,1.1578608
2003-12-03,1.9182391,1.2357966,1.738315,1.1198774,1.7881176,1.1519713,1.7973209,1.1578608
2003-12-04,1.9184332,1.2358905,1.7384909,1.1199625,1.7888219,1.152396,1.7973662,1.1578608
2003-12-05,1.9159654,1.2342699,1.7362546,1.1184939,1.7870168,1.1512044,1.797411,1.1578608
2003-12-08,1.9168704,1.2347616,1.7370747,1.1189395,1.7877425,1.1515867,1.797544,1.1578608
2003-12-09,1.9174781,1.2351223,1.7376254,1.1192663,1.7881838,1.1518423,1.7975888,1.1578608
2003-12-10,1.9169558,1.2347551,1.7371521,1.1189335,1.7878495,1.1515982,1.7976336,1.1578608
2003-12-11,1.9176916,1.2351982,1.7378189,1.1193351,1.7881931,1.1517909,1.7976784,1.1578608
2003-12-12,1.9176541,1.2351443,1.7377849,1.1192863,1.7880929,1.1516985,1.7977218,1.1578608
2003-12-15,1.9171721,1.2347435,1.7373481,1.1189231,1.7880251,1.1515706,1.7978533,1.1578608
2003-12-16,1.9185491,1.2356002,1.7385959,1.1196994,1.7883929,1.1517794,1.7978971,1.1578608
2003-12-17,1.9197912,1.23637,1.7397215,1.120397,1.7886218,1.1518987,1.7979409,1.1578608
2003-12-18,1.9205799,1.2368482,1.7404363,1.1208303,1.7891999,1.1522433,1.7979843,1.1578608
2003-12-19,1.9201432,1.2365375,1.7400406,1.1205488,1.7883436,1.1516643,1.7980271,1.1578608
2003-12-22,1.920524,1.2366953,1.7403857,1.1206918,1.7889265,1.1519583,1.7981542,1.1578608
2003-12-23,1.9223165,1.2378194,1.74201,1.1217104,1.7922221,1.1540524,1.7981981,1.1578608
2003-12-24,1.9242071,1.2390069,1.7438864,1.1228916,1.79604,1.156483,1.798073,1.1577524
2003-12-26,1.926819,1.240629,1.7441469,1.1230052,1.7964899,1.1567169,1.8003318,1.159151
2003-12-29,1.9216013,1.2371828,1.7437683,1.122683,1.7955845,1.1560532,1.7959732,1.1562637
2003-12-30,1.918131,1.2349184,1.7437974,1.1226744,1.7956395,1.1560604,1.7927436,1.1541562
2003-12-31,1.9196399,1.2358587,1.7439572,1.122749,1.7961001,1.1563278,1.7940348,1.1549584
2004-01-02,1.9212546,1.2368352,1.7454241,1.1236361,1.7973703,1.1570866,1.7941262,1.1549584
2004-01-05,1.9217606,1.2370685,1.7458838,1.123848,1.7977862,1.1572678,1.7942604,1.1549584
2004-01-06,1.9199406,1.2358664,1.7442304,1.122756,1.7963797,1.1563339,1.7943046,1.1549584
2004-01-07,1.9197535,1.2357155,1.7440604,1.1226188,1.7962418,1.1562166,1.7943489,1.1549584
2004-01-08,1.9199699,1.2358247,1.744257,1.122718,1.7964175,1.1563015,1.7943926,1.1549584
2004-01-09,1.922879,1.2376681,1.7468999,1.1243927,1.7986851,1.1577339,1.7944349,1.1549584
2004-01-12,1.9232214,1.2378019,1.7472109,1.1245144,1.7989724,1.1578379,1.7945603,1.1549584
2004-01-13,1.9241878,1.2383941,1.7480889,1.1250523,1.7997305,1.1582979,1.7946035,1.1549584
2004-01-14,1.9245156,1.2385755,1.7483867,1.1252172,1.7999924,1.1584388,1.7946463,1.1549584
2004-01-15,1.9245609,1.2385755,1.7484279,1.1252172,1.8000348,1.1584388,1.7946886,1.1549584
2004-01-16,1.9246063,1.2385755,1.7484691,1.1252172,1.8000772,1.1584388,1.7947309,1.1549584
2004-01-20,1.9247898,1.2385755,1.7486358,1.1252172,1.8002488,1.1584388,1.794902,1.1549584
2004-01-21,1.9248362,1.2385755,1.7486779,1.1252172,1.8002922,1.1584388,1.7949453,1.1549584
2004-01-22,1.9248622,1.2385627,1.7487016,1.1252055,1.8002996,1.1584159,1.7949881,1.1549584
2004-01-23,1.9252955,1.2388124,1.7490952,1.1254323,1.8010361,1.1588626,1.7950304,1.1549584
2004-01-26,1.9256296,1.2389378,1.7494843,1.1256013,1.8016836,1.1591954,1.7950724,1.1549019
2004-01-27,1.9271995,1.2399176,1.7491577,1.1253637,1.801,1.1587273,1.7969147,1.156059
2004-01-28,1.9244904,1.2381444,1.7504158,1.1261457,1.8034379,1.1602675,1.7931401,1.1536024
2004-01-29,1.9245896,1.238177,1.7504684,1.1261511,1.8035,1.1602783,1.7932239,1.1536273
2004-01-30,1.927498,1.2400169,1.7511067,1.1265334,1.8047166,1.1610317,1.7953251,1.1549499
2004-02-02,1.9278606,1.2401585,1.7514361,1.126662,1.8052441,1.1612852,1.7954579,1.1549499
2004-02-03,1.9286842,1.2406567,1.7521844,1.1271146,1.8067095,1.1621982,1.7955036,1.1549499
2004-02-04,1.9286784,1.2406217,1.7521791,1.1270828,1.8064634,1.1620107,1.7955489,1.1549499
2004-02-05,1.929923,1.241391,1.7533098,1.1277817,1.8066017,1.1620703,1.7955941,1.1549499
2004-02-06,1.9255489,1.2385461,1.7493359,1.1251972,1.8030268,1.1597415,1.7956394,1.1549499
2004-02-09,1.923965,1.2374347,1.747897,1.1241875,1.8017931,1.1588612,1.7957737,1.1549499
2004-02-10,1.9263563,1.2389412,1.7500695,1.1255561,1.8037561,1.1600943,1.7958194,1.1549499
2004-02-11,1.9249436,1.238001,1.7487861,1.124702,1.8030385,1.1596032,1.7958652,1.1549499
2004-02-12,1.92474,1.2378392,1.7486011,1.124555,1.8030673,1.1595928,1.79591,1.1549499
2004-02-13,1.92765,1.2396798,1.7512448,1.1262271,1.8054457,1.1610935,1.7959547,1.1549499
2004-02-17,1.9277621,1.2396297,1.7513467,1.1261816,1.8055793,1.1610649,1.7961319,1.1549499
2004-02-18,1.92734,1.2393266,1.7509631,1.1259063,1.8052088,1.160797,1.7961776,1.1549499
2004-02-19,1.9271898,1.2391988,1.7508267,1.1257902,1.8048089,1.1605106,1.7962229,1.1549499
2004-02-20,1.9271448,1.2391387,1.7507859,1.1257356,1.8052521,1.1607664,1.7962682,1.1549499
2004-02-23,1.9260515,1.2383419,1.749974,1.1251284,1.8037864,1.1597362,1.7962179,1.1548302
2004-02-24,1.9269653,1.2388972,1.7500042,1.1251185,1.8038074,1.1597195,1.7970858,1.1553582
2004-02-25,1.9282677,1.2397023,1.7496602,1.1248681,1.8031937,1.1592947,1.7987004,1.1563661
2004-02-26,1.9256798,1.2380067,1.7494131,1.1246802,1.8027446,1.1589761,1.7965869,1.1549776
2004-02-27,1.9309398,1.2413564,1.749936,1.1249874,1.8036012,1.159497,1.8010035,1.1577872
2004-03-01,1.9309704,1.2412802,1.7499638,1.1249184,1.8035584,1.1593799,1.8011426,1.1577872
2004-03-02,1.9298494,1.2405273,1.7489478,1.124236,1.8018052,1.1582227,1.8011895,1.1577872
2004-03-03,1.9298345,1.2404853,1.7489343,1.1241981,1.8017768,1.1581743,1.8012364,1.1577872
2004-03-04,1.9291565,1.2400173,1.7483199,1.1237739,1.8011383,1.1577337,1.8012833,1.1577872
2004-03-05,1.92211,1.235456,1.7419339,1.1196402,1.794127,1.1531972,1.8013297,1.1577872
2004-03-08,1.9196751,1.2337965,1.7397272,1.1181363,1.7916894,1.1515423,1.8014674,1.1577872
2004-03-09,1.9177552,1.2325305,1.7379873,1.1169889,1.7897822,1.1502865,1.8015142,1.1577872
2004-03-10,1.9183939,1.2329092,1.7385661,1.1173321,1.7903988,1.1506532,1.8015606,1.1577872
2004-03-11,1.9182848,1.2328073,1.7384672,1.1172398,1.7903102,1.1505666,1.801607,1.1577872
2004-03-12,1.9179126,1.232536,1.7381299,1.1169939,1.790289,1.1505231,1.8016539,1.1577872
2004-03-15,1.9180302,1.2325164,1.7382365,1.1169762,1.7903756,1.1504898,1.8017931,1.1577872
2004-03-16,1.9195454,1.233458,1.7396096,1.1178294,1.7911119,1.150933,1.80184,1.1577872
2004-03-17,1.9193736,1.2333159,1.739454,1.1177007,1.7910104,1.1508381,1.8018864,1.1577872
2004-03-18,1.9193124,1.2332454,1.7393985,1.1176368,1.7915185,1.1511356,1.8019318,1.1577872
2004-03-19,1.9195286,1.2333533,1.7395945,1.1177346,1.7917843,1.1512774,1.8019773,1.1577872
2004-03-22,1.9188907,1.2328501,1.7390163,1.1172786,1.7908904,1.150616,1.8021135,1.1577872
2004-03-23,1.9189253,1.2328406,1.7390477,1.11727,1.7909172,1.1506035,1.8021599,1.1577872
2004-03-24,1.9184951,1.2325328,1.7386578,1.116991,1.7903331,1.150199,1.8022058,1.1577872
2004-03-25,1.9181563,1.232284,1.7385352,1.1168841,1.7901368,1.1500439,1.8020601,1.1576643
2004-03-26,1.908602,1.226115,1.7371476,1.1159645,1.7881064,1.1487105,1.7945678,1.152822
2004-03-29,1.9034242,1.222695,1.7366098,1.1155337,1.7872709,1.148086,1.7903922,1.1500515
2004-03-30,1.9035302,1.2227313,1.7366351,1.1155209,1.7873042,1.1480774,1.7905123,1.1500987
2004-03-31,1.9070463,1.2249583,1.7362913,1.1152713,1.7871661,1.1479592,1.7942203,1.1524509
2004-04-01,1.9082097,1.2256744,1.7373505,1.1159233,1.7882564,1.1486303,1.794266,1.1524509
2004-04-02,1.9127387,1.2285526,1.741474,1.1185438,1.7925007,1.1513275,1.7943112,1.1524509
2004-04-05,1.9142664,1.2294399,1.7428649,1.1193516,1.7939324,1.1521591,1.7944484,1.1524509
2004-04-06,1.9134113,1.2288594,1.7420864,1.1188231,1.793131,1.151615,1.7944941,1.1524509
2004-04-07,1.9134789,1.2288718,1.7421479,1.1188344,1.7931943,1.1516267,1.7945393,1.1524509
2004-04-08,1.9131139,1.2286061,1.7418156,1.1185925,1.7928523,1.1513777,1.794585,1.1524509
2004-04-12,1.9128095,1.2282868,1.7415385,1.1183017,1.7925671,1.1510784,1.794766,1.1524509
2004-04-13,1.9112973,1.2272844,1.7401616,1.1173891,1.7911499,1.150139,1.7948117,1.1524509
2004-04-14,1.9103273,1.2266303,1.7392785,1.1167936,1.7902409,1.1495261,1.7948574,1.1524509
2004-04-15,1.9103765,1.2266303,1.7393233,1.1167936,1.790287,1.1495261,1.7949037,1.1524509
2004-04-16,1.9104252,1.2266303,1.7393676,1.1167936,1.7903326,1.1495261,1.7949494,1.1524509
2004-04-19,1.9105696,1.2266303,1.7394992,1.1167936,1.790468,1.1495261,1.7950851,1.1524509
2004-04-20,1.9106193,1.2266303,1.7395444,1.1167936,1.7905146,1.1495261,1.7951318,1.1524509
2004-04-21,1.9106241,1.2266011,1.7395488,1.116767,1.790519,1.1494987,1.795179,1.1524509
2004-04-22,1.9093703,1.2257632,1.7384073,1.1160042,1.7893441,1.1487135,1.7952272,1.1524509
2004-04-23,1.9119307,1.227375,1.7407384,1.1174716,1.7917435,1.150224,1.795274,1.1524509
2004-04-26,1.9116023,1.2270674,1.7406184,1.1173064,1.79162,1.1500539,1.795231,1.1523323
2004-04-27,1.9128019,1.2278045,1.7394757,1.1165429,1.7904438,1.149268,1.7975844,1.153812
2004-04-28,1.9089848,1.2253217,1.7409195,1.11744,1.7919299,1.1501914,1.7925529,1.1505518
2004-04-29,1.9048798,1.2226546,1.7406552,1.117241,1.7916579,1.1499866,1.7890175,1.1482523
2004-04-30,1.9066749,1.2237749,1.7409604,1.1174078,1.791972,1.1501582,1.7904364,1.1491331
2004-05-03,1.9066093,1.2236362,1.7409004,1.1172811,1.7919103,1.1500279,1.7905776,1.1491331
2004-05-04,1.9068166,1.2237361,1.7410898,1.1173723,1.7921052,1.1501218,1.7906262,1.1491331
2004-05-05,1.9070889,1.2238777,1.7413384,1.1175016,1.7923978,1.1502784,1.7906748,1.1491331
2004-05-06,1.9076682,1.2242169,1.7418673,1.1178113,1.7928122,1.1505138,1.7907224,1.1491331
2004-05-07,1.9181186,1.2308904,1.7514095,1.1239048,1.7996151,1.1548485,1.7907704,1.1491331
2004-05-10,1.9180798,1.2307593,1.7513741,1.1237851,1.7998488,1.1548988,1.790925,1.1491331
2004-05-11,1.9176219,1.2304294,1.7509559,1.1234839,1.7995292,1.1546599,1.7909775,1.1491331
2004-05-12,1.9186043,1.2310247,1.751853,1.1240274,1.8003677,1.155165,1.7910285,1.1491331
2004-05-13,1.9174596,1.2302558,1.7508077,1.1233254,1.8000059,1.1549006,1.7910786,1.1491331
2004-05-14,1.921201,1.2326233,1.754224,1.1254871,1.8024104,1.1564124,1.7911267,1.1491331
2004-05-17,1.9259001,1.23554,1.7585147,1.1281502,1.8057538,1.1584652,1.7912695,1.1491331
2004-05-18,1.9237736,1.2341402,1.756573,1.1268721,1.8041864,1.1574264,1.791321,1.1491331
2004-05-19,1.9220199,1.23298,1.7549717,1.1258127,1.8032532,1.1567948,1.791372,1.1491331
2004-05-20,1.9222933,1.2331209,1.7552213,1.1259414,1.803708,1.1570542,1.7914221,1.1491331
2004-05-21,1.9231134,1.2336129,1.7559702,1.1263906,1.8044775,1.1575158,1.7914717,1.1491331
2004-05-24,1.9228167,1.2333201,1.755872,1.1262341,1.8043766,1.157355,1.7914441,1.1490201
2004-05-25,1.9242878,1.2342279,1.7557451,1.12612,1.8042462,1.1572377,1.7929962,1.1499822
2004-05-26,1.9279209,1.2365223,1.7548126,1.1254892,1.8033253,1.1566134,1.7973858,1.1527642
2004-05-27,1.9344077,1.2406468,1.7557639,1.1260667,1.8033777,1.1566134,1.8025112,1.1560179
2004-05-28,1.9285323,1.2368433,1.7546824,1.125341,1.8034291,1.1566134,1.7981981,1.1532188
2004-06-01,1.927937,1.2363178,1.7541407,1.1248629,1.8036386,1.1566134,1.798407,1.1532188
2004-06-02,1.9271966,1.2358041,1.753467,1.1243954,1.8036954,1.1566134,1.7984637,1.1532188
2004-06-03,1.9271917,1.235762,1.7534626,1.1243571,1.8036904,1.1565738,1.7985204,1.1532188
2004-06-04,1.9297193,1.2373438,1.7557623,1.1257963,1.8054415,1.1576602,1.798577,1.1532188
2004-06-07,1.9294559,1.2370549,1.7555227,1.1255335,1.8055254,1.1576017,1.7987515,1.1532188
2004-06-08,1.9296261,1.2371224,1.7556775,1.1255949,1.8055563,1.1575825,1.7988121,1.1532188
2004-06-09,1.9310699,1.2380057,1.7569912,1.1263985,1.8065728,1.1581946,1.7988737,1.1532188
2004-06-10,1.9310158,1.2379285,1.7569419,1.1263284,1.8062962,1.1579776,1.7989353,1.1532188
2004-06-14,1.9284556,1.236115,1.7546125,1.1246783,1.8065476,1.1579776,1.7991857,1.1532188
2004-06-15,1.9354075,1.2405236,1.7609377,1.1286895,1.8066169,1.1579776,1.7992547,1.1532188
2004-06-16,1.9336206,1.2393334,1.7593119,1.1276066,1.8066822,1.1579776,1.7993197,1.1532188
2004-06-17,1.9342503,1.2396936,1.7598848,1.1279343,1.8067456,1.1579776,1.7993828,1.1532188
2004-06-18,1.9340731,1.2395375,1.7597236,1.1277923,1.8068075,1.1579776,1.7994445,1.1532188
2004-06-21,1.9340309,1.2393822,1.7596853,1.1276509,1.8069946,1.1579776,1.7996308,1.1532188
2004-06-22,1.9340704,1.2393626,1.7597212,1.1276332,1.8070599,1.1579776,1.7996959,1.1532188
2004-06-23,1.9337593,1.2391191,1.7594381,1.1274116,1.8071243,1.1579776,1.79976,1.1532188
2004-06-24,1.934039,1.2392553,1.7597805,1.1275918,1.8071872,1.1579776,1.7997327,1.1531612
2004-06-25,1.9341657,1.2392937,1.7598551,1.1276006,1.8072496,1.1579776,1.7998365,1.1531879
2004-06-28,1.929828,1.2363839,1.7592831,1.1271155,1.8074397,1.1579776,1.7965743,1.1509764
2004-06-29,1.9324692,1.23803,1.7595463,1.1272422,1.807507,1.1579776,1.7988313,1.1523795
2004-06-30,1.9357244,1.2400693,1.7597418,1.1273254,1.8075744,1.1579776,1.8017285,1.1541926
2004-07-01,1.9352742,1.2397364,1.7593325,1.1270228,1.8076393,1.1579776,1.8017932,1.1541926
2004-07-02,1.934452,1.2391689,1.7585851,1.1265069,1.8076987,1.1579776,1.8018524,1.1541926
2004-07-06,1.9348985,1.2392825,1.758991,1.1266101,1.8079503,1.1579776,1.8021032,1.1541926
2004-07-07,1.9350473,1.2393329,1.7591263,1.126656,1.8080157,1.1579776,1.8021684,1.1541926
2004-07-08,1.9354458,1.2395447,1.7594885,1.1268485,1.8080791,1.1579776,1.8022316,1.1541926
2004-07-09,1.9356886,1.2396578,1.7597093,1.1269513,1.808141,1.1579776,1.8022933,1.1541926
2004-07-12,1.9362622,1.2398978,1.7602307,1.1271695,1.8083267,1.1579776,1.8024785,1.1541926
2004-07-13,1.9357358,1.2395159,1.7597522,1.1268223,1.8083921,1.1579776,1.8025437,1.1541926
2004-07-14,1.9354802,1.2393074,1.7595199,1.1266328,1.8084575,1.1579776,1.8026088,1.1541926
2004-07-15,1.9355502,1.2393074,1.7595835,1.1266328,1.8085229,1.1579776,1.802674,1.1541926
2004-07-16,1.9356202,1.2393074,1.7596472,1.1266328,1.8085884,1.1579776,1.8027392,1.1541926
2004-07-19,1.9358302,1.2393074,1.7598381,1.1266328,1.8087846,1.1579776,1.8029348,1.1541926
2004-07-20,1.9359008,1.2393074,1.7599022,1.1266328,1.8088505,1.1579776,1.8030005,1.1541926
2004-07-21,1.9359343,1.2392834,1.7599327,1.1266109,1.8089169,1.1579776,1.8030667,1.1541926
2004-07-22,1.9356759,1.2390728,1.7596978,1.1264195,1.8089828,1.1579776,1.8031324,1.1541926
2004-07-23,1.9357186,1.2390546,1.7597366,1.126403,1.8090492,1.1579776,1.8031986,1.1541926
2004-07-26,1.9365366,1.2394407,1.7606704,1.1268758,1.8092499,1.1579776,1.8032037,1.1540678
2004-07-27,1.9269029,1.2332263,1.7616676,1.1274698,1.8093208,1.1579776,1.7932827,1.1476731
2004-07-28,1.9271951,1.2333647,1.7610957,1.1270593,1.8093922,1.1579776,1.7942076,1.1482197
2004-07-29,1.9286842,1.2342693,1.7616173,1.127349,1.8094631,1.1579776,1.7951328,1.1487668
2004-07-30,1.9380926,1.2402423,1.7627068,1.1280024,1.8095335,1.1579776,1.8028493,1.1536602
2004-08-02,1.9386747,1.24047,1.7632363,1.1282095,1.8097087,1.1579546,1.8030597,1.1536602
2004-08-03,1.9386018,1.2403731,1.7631699,1.1281213,1.8096165,1.1578486,1.8031328,1.1536602
2004-08-04,1.9386238,1.2403376,1.76319,1.128089,1.8096656,1.1578337,1.8032049,1.1536602
2004-08-05,1.938335,1.2401031,1.7629273,1.1278758,1.8095326,1.1577023,1.8032771,1.1536602
2004-08-06,1.9307894,1.2352264,1.7560646,1.1234404,1.8037895,1.153982,1.8033487,1.1536602
2004-08-09,1.9326887,1.2362983,1.7577919,1.1244153,1.8053153,1.1548244,1.8035577,1.1536602
2004-08-10,1.9330688,1.236491,1.7581377,1.1245906,1.8052771,1.1547529,1.8036313,1.1536602
2004-08-11,1.9330431,1.2364244,1.7581143,1.1245301,1.8053437,1.1547486,1.8037045,1.1536602
2004-08-12,1.9335526,1.2367022,1.7585777,1.1247827,1.8052182,1.1546234,1.8037746,1.1536602
2004-08-13,1.9356425,1.2379911,1.7604785,1.125955,1.806642,1.1554895,1.8038443,1.1536602
2004-08-16,1.9346579,1.237218,1.759583,1.1252518,1.8059635,1.1549216,1.8040534,1.1536602
2004-08-17,1.9365866,1.2384015,1.7613371,1.1263282,1.8071046,1.1556049,1.804126,1.1536602
2004-08-18,1.9359555,1.2379484,1.7607631,1.1259161,1.8067787,1.1553502,1.8041982,1.1536602
2004-08-19,1.9360049,1.2379305,1.7608081,1.1258998,1.8070151,1.1554551,1.8042703,1.1536602
2004-08-20,1.9365298,1.2382169,1.7612854,1.1261603,1.8070868,1.1554551,1.804342,1.1536602
2004-08-23,1.9373207,1.238574,1.7620048,1.1264851,1.8073037,1.1554551,1.8045585,1.1536602
2004-08-24,1.93738,1.2385604,1.7620587,1.1264727,1.807379,1.1554551,1.8046337,1.1536602
2004-08-25,1.9373111,1.2384648,1.7621832,1.1265054,1.8074542,1.1554551,1.8045172,1.1535376
2004-08-26,1.9412628,1.2409394,1.7627095,1.1267949,1.8075295,1.1554551,1.8077343,1.1555461
2004-08-27,1.9406135,1.2404726,1.7628022,1.1268072,1.8076048,1.1554551,1.8071098,1.1550988
2004-08-30,1.9446089,1.2428706,1.7632251,1.1269359,1.8078321,1.1554551,1.8106241,1.1571999
2004-08-31,1.9504802,1.246569,1.7641492,1.1274774,1.8078972,1.1554464,1.8152208,1.1600873
2004-09-01,1.9503119,1.2464078,1.763997,1.1273316,1.807852,1.1553678,1.8152989,1.1600873
2004-09-02,1.9530145,1.2480821,1.7664414,1.1288459,1.8100883,1.1567479,1.8153759,1.1600873
2004-09-03,1.9569393,1.2505365,1.7699912,1.1310658,1.8132832,1.1587399,1.815454,1.1600873
2004-09-07,1.9557227,1.2495371,1.7688909,1.1301619,1.8122733,1.1578888,1.8157763,1.1600873
2004-09-08,1.9528415,1.2476401,1.7662849,1.1284462,1.8098552,1.1562919,1.8158579,1.1600873
2004-09-09,1.9534336,1.247963,1.7668204,1.1287382,1.8108049,1.1568473,1.8159385,1.1600873
2004-09-10,1.9542676,1.2484408,1.7675748,1.1291703,1.8109433,1.1568847,1.8160186,1.1600873
2004-09-13,1.9555035,1.249063,1.7686926,1.1297331,1.8113082,1.1569628,1.8162619,1.1600873
2004-09-14,1.9562922,1.2495107,1.769406,1.1301381,1.8115538,1.1570677,1.8163435,1.1600873
2004-09-15,1.9551717,1.2487393,1.7683925,1.1294403,1.8114153,1.1569275,1.8164246,1.1600873
2004-09-16,1.9570868,1.2499063,1.7701247,1.1304958,1.8114967,1.1569275,1.8165062,1.1600873
2004-09-17,1.9571747,1.2499063,1.7702042,1.1304958,1.8115781,1.1569275,1.8165879,1.1600873
2004-09-20,1.957445,1.2499063,1.7704486,1.1304958,1.8118282,1.1569275,1.8168387,1.1600873
2004-09-21,1.9575362,1.2499063,1.7705311,1.1304958,1.8119126,1.1569275,1.8169233,1.1600873
2004-09-22,1.9575832,1.2498784,1.7705736,1.1304706,1.8119965,1.1569275,1.8170074,1.1600873
2004-09-23,1.9588727,1.2506442,1.77174,1.1311633,1.8120799,1.1569275,1.8170911,1.1600873
2004-09-24,1.9595872,1.2510425,1.7725905,1.1316539,1.8121638,1.1569275,1.8169657,1.1599535
2004-09-27,1.9621959,1.2525331,1.7723058,1.1313141,1.812417,1.1569275,1.8199302,1.161684
2004-09-28,1.9607313,1.2515392,1.7717393,1.1308991,1.8125024,1.1569275,1.8192392,1.1611882
2004-09-29,1.9545656,1.2475457,1.7726231,1.1314109,1.8125606,1.1569111,1.8126953,1.1569575
2004-09-30,1.9507296,1.2450395,1.7725379,1.1313041,1.8127372,1.1569703,1.8093087,1.1547425
2004-10-01,1.9519464,1.2457588,1.7736436,1.1319578,1.8134267,1.1573571,1.809392,1.1547425
2004-10-04,1.9518553,1.2455297,1.7735608,1.1317495,1.8136433,1.1573365,1.8096404,1.1547425
2004-10-05,1.9519515,1.2455334,1.7736482,1.1317529,1.8137167,1.1573297,1.8097241,1.1547425
2004-10-06,1.9522722,1.2456807,1.7739396,1.1318868,1.8144568,1.1577487,1.8098074,1.1547425
2004-10-07,1.9520173,1.2454607,1.773708,1.1316869,1.8143507,1.1576277,1.8098907,1.1547425
2004-10-08,1.9546877,1.2471076,1.7761345,1.1331833,1.8158534,1.1585335,1.8099735,1.1547425
2004-10-12,1.9558523,1.2476224,1.7771927,1.1336511,1.8166293,1.1588165,1.8103048,1.1547425
2004-10-13,1.9565118,1.2479852,1.7777919,1.1339808,1.817026,1.159016,1.8103886,1.1547425
2004-10-14,1.9576782,1.2486715,1.7788518,1.1346043,1.8177014,1.1593931,1.8104724,1.1547425
2004-10-15,1.9577699,1.2486715,1.7789351,1.1346043,1.8177866,1.1593931,1.8105573,1.1547425
2004-10-18,1.9580467,1.2486715,1.7791866,1.1346043,1.8180436,1.1593931,1.8108132,1.1547425
2004-10-19,1.9581422,1.2486715,1.7792734,1.1346043,1.8181322,1.1593931,1.8109015,1.1547425
2004-10-20,1.9581906,1.2486412,1.7793174,1.1345768,1.8182133,1.1593879,1.8109903,1.1547425
2004-10-21,1.9590264,1.2491128,1.7800768,1.1350054,1.8184285,1.1594683,1.8110791,1.1547425
2004-10-22,1.9587237,1.2488579,1.7798018,1.1347737,1.8184506,1.1594249,1.811169,1.1547425
2004-10-25,1.9585266,1.2485465,1.7798414,1.1346301,1.8186789,1.159398,1.8112159,1.1546006
2004-10-26,1.9567539,1.2473524,1.7799166,1.13462,1.818769,1.159396,1.8095927,1.1535068
2004-10-27,1.9489555,1.242317,1.7814562,1.1355429,1.8191342,1.1595691,1.8009088,1.1479119
2004-10-28,1.9518335,1.2440875,1.7822806,1.1360099,1.8193652,1.1596566,1.8028275,1.1490757
2004-10-29,1.9561949,1.2468037,1.7829257,1.136363,1.8195622,1.1597228,1.8062958,1.1512275
2004-11-01,1.9555278,1.2461869,1.7823177,1.1358008,1.8196413,1.1595949,1.8065734,1.1512275
2004-11-02,1.9554126,1.2460466,1.7822127,1.1356729,1.8193718,1.159361,1.8066704,1.1512275
2004-11-03,1.9557957,1.2462244,1.7825619,1.135835,1.8197377,1.1595325,1.8067664,1.1512275
2004-11-04,1.9567171,1.246746,1.7834017,1.1363104,1.820648,1.1600515,1.8068615,1.1512275
2004-11-05,1.9632369,1.2508339,1.789344,1.1400362,1.8273351,1.1642506,1.8069575,1.1512275
2004-11-08,1.9634771,1.2507824,1.7895629,1.1399892,1.8275788,1.1642155,1.8072531,1.1512275
2004-11-09,1.9636593,1.2508285,1.7897289,1.1400312,1.8275691,1.1641442,1.8073541,1.1512275
2004-11-10,1.9634188,1.2506054,1.7895098,1.1398279,1.8273036,1.16391,1.8074551,1.1512275
2004-11-12,1.9654946,1.2517878,1.7914016,1.1409055,1.8299951,1.1654943,1.8076571,1.1512275
2004-11-15,1.9659291,1.2518546,1.7917977,1.1409665,1.830439,1.1655816,1.8079602,1.1512275
2004-11-16,1.9651366,1.2512783,1.7910754,1.1404412,1.829439,1.1648781,1.8080637,1.1512275
2004-11-17,1.9664716,1.2520563,1.7922921,1.1411503,1.8319395,1.1664032,1.8081678,1.1512275
2004-11-18,1.9672063,1.2524525,1.7929618,1.1415114,1.8327109,1.1668276,1.8082713,1.1512275
2004-11-19,1.9692833,1.2537031,1.7948548,1.1426512,1.8334646,1.1672407,1.8083749,1.1512275
2004-11-22,1.969545,1.2536533,1.7950933,1.1426058,1.8337553,1.1672242,1.808687,1.1512275
2004-11-23,1.9699398,1.2538304,1.7956337,1.1428821,1.8340387,1.1673356,1.8085629,1.1510803
2004-11-24,1.9684994,1.2528398,1.7946127,1.142165,1.8339427,1.1672057,1.8078079,1.150532
2004-11-26,1.9644777,1.2501333,1.794138,1.1417289,1.8340337,1.1671267,1.8044596,1.1482662
2004-11-29,1.9542952,1.2434315,1.7930421,1.1408289,1.834103,1.1669637,1.7958178,1.1425631
2004-11-30,1.9533406,1.2427492,1.7951469,1.1420993,1.8345756,1.167194,1.7939407,1.1413
2004-12-01,1.9535906,1.2428337,1.7954987,1.1422546,1.8347186,1.1672149,1.7940483,1.1413
2004-12-02,1.9542423,1.2431741,1.7965894,1.1428802,1.8350654,1.1673659,1.7941555,1.1413
2004-12-03,1.9485507,1.2394792,1.7860172,1.1360866,1.8287883,1.163303,1.7942626,1.1413
2004-12-06,1.947721,1.2387303,1.7841775,1.1347137,1.827687,1.162395,1.7945827,1.1413
2004-12-07,1.9477871,1.238697,1.7841903,1.1346528,1.8275119,1.1622129,1.7946918,1.1413
2004-12-08,1.9443451,1.2364331,1.7777764,1.1305053,1.8234505,1.1595597,1.7948005,1.1413
2004-12-09,1.9453913,1.2370238,1.7795824,1.1315856,1.825221,1.1606157,1.7949087,1.1413
2004-12-10,1.9460562,1.237372,1.7806915,1.1322226,1.8254499,1.1606913,1.7950168,1.1413
2004-12-13,1.9462487,1.2372697,1.7807205,1.1320353,1.8256805,1.1606271,1.7953429,1.1413
2004-12-14,1.9467025,1.2374833,1.781443,1.1324261,1.8258528,1.1606663,1.7954516,1.1413
2004-12-15,1.9478702,1.2381516,1.7834737,1.1336494,1.8262384,1.1608421,1.7955588,1.1413
2004-12-16,1.9468784,1.2374476,1.7815515,1.1323601,1.826347,1.1608421,1.7956656,1.1413
2004-12-17,1.9469936,1.2374476,1.7816569,1.1323601,1.8264551,1.1608421,1.7957719,1.1413
2004-12-20,1.9473392,1.2374476,1.7819732,1.1323601,1.8267793,1.1608421,1.7960907,1.1413
2004-12-21,1.9473956,1.2374092,1.7819695,1.1322898,1.8268554,1.1608208,1.7961984,1.1413
2004-12-22,1.9472404,1.237237,1.7815794,1.1319746,1.8268135,1.1607252,1.7963052,1.1413
2004-12-23,1.9468421,1.236911,1.7807457,1.1313783,1.8266364,1.1605443,1.796411,1.1413
2004-12-27,1.9481374,1.2374425,1.783151,1.1326398,1.8276694,1.1609272,1.7966046,1.1411541
2004-12-28,1.9475433,1.2369892,1.7836517,1.1328884,1.8279002,1.1610026,1.7958596,1.1406108
2004-12-29,1.9465555,1.2362866,1.7852497,1.1338344,1.8284631,1.1612894,1.7941989,1.1394867
2004-12-30,1.9532574,1.2404689,1.7863363,1.1344565,1.8288696,1.1614779,1.799884,1.1430289
2004-12-31,1.9567341,1.2426028,1.7874227,1.1350787,1.8292756,1.1616664,1.8025942,1.1446817
2005-01-03,1.9566763,1.2423434,1.7869969,1.1346049,1.8293775,1.1615229,1.8029172,1.1446817
2005-01-04,1.9543093,1.2407626,1.7825612,1.1317174,1.8281147,1.1606483,1.8030303,1.1446817
2005-01-05,1.9538447,1.2403894,1.7816014,1.1310367,1.8279046,1.1604418,1.8031439,1.1446817
2005-01-06,1.9535235,1.2401077,1.7809037,1.1305229,1.8277736,1.1602858,1.803257,1.1446817
2005-01-07,1.9540522,1.2403662,1.7817571,1.1309943,1.8281127,1.1604289,1.8033692,1.1446817
2005-01-10,1.9547885,1.2406012,1.7827659,1.1314227,1.8286602,1.160559,1.8037071,1.1446817
2005-01-11,1.9544697,1.2403197,1.7820707,1.1309093,1.8285314,1.1604032,1.8038223,1.1446817
2005-01-12,1.9542508,1.2401022,1.7815587,1.1305128,1.8284575,1.1602828,1.8039364,1.1446817
2005-01-13,1.9553323,1.2407104,1.7834182,1.1316215,1.8291033,1.1606195,1.8040501,1.1446817
2005-01-14,1.9547712,1.2402758,1.7822819,1.1308289,1.8288399,1.160379,1.8041643,1.1446817
2005-01-18,1.9551112,1.2401762,1.7824487,1.1306472,1.829218,1.1603238,1.804623,1.1446817
2005-01-19,1.9549546,1.2399967,1.7820479,1.1303199,1.8291538,1.1602081,1.8047397,1.1446817
2005-01-20,1.9548326,1.2398401,1.7817117,1.1300344,1.8286063,1.1597867,1.8048549,1.1446817
2005-01-21,1.9535754,1.2389643,1.7793072,1.1284379,1.8274303,1.1589675,1.8049691,1.1446817
2005-01-24,1.9549249,1.2395849,1.7814277,1.1295685,1.8286927,1.159548,1.8053118,1.1446817
2005-01-25,1.9555563,1.2399058,1.7829555,1.1304648,1.8295355,1.1600081,1.8051786,1.1445239
2005-01-26,1.9556138,1.2398621,1.7847908,1.1315554,1.8305363,1.1605676,1.8043609,1.1439315
2005-01-27,1.9546113,1.239146,1.7846919,1.1314192,1.830545,1.1604978,1.8035445,1.1433396
2005-01-28,1.9617038,1.2435609,1.7855758,1.1319051,1.8310584,1.160747,1.8097015,1.1471676
2005-01-31,1.9636872,1.2445719,1.7850356,1.1313385,1.8309628,1.1604565,1.8119842,1.1483874
2005-02-01,1.963803,1.2445607,1.7851249,1.1313183,1.8311013,1.1604654,1.8121074,1.1483874
2005-02-02,1.9639611,1.2445767,1.7852915,1.1313472,1.8307964,1.1601936,1.81223,1.1483874
2005-02-03,1.9652604,1.2453158,1.7875328,1.132691,1.8312136,1.1603795,1.8123526,1.1483874
2005-02-04,1.9601932,1.2420217,1.7781955,1.1266986,1.8264639,1.1572922,1.8124738,1.1483874
2005-02-07,1.9599643,1.2416286,1.777425,1.1259854,1.8257636,1.1566174,1.8128358,1.1483874
2005-02-08,1.9598253,1.2414562,1.7770521,1.1256727,1.8251597,1.1561562,1.8129589,1.1483874
2005-02-09,1.95865,1.2406273,1.7748001,1.1241696,1.8217389,1.1539107,1.8130821,1.1483874
2005-02-10,1.9572224,1.2396391,1.7720927,1.1223787,1.8235525,1.1549814,1.8132048,1.1483874
2005-02-11,1.9539525,1.2374842,1.7660516,1.1184765,1.8217385,1.1537543,1.8133275,1.1483874
2005-02-14,1.9541894,1.23738,1.766117,1.1182881,1.8230483,1.1543467,1.8137001,1.1483874
2005-02-15,1.9535477,1.2368872,1.7648337,1.1173974,1.822225,1.1537448,1.8138268,1.1483874
2005-02-16,1.9502671,1.2347237,1.7587831,1.1134884,1.818778,1.1514817,1.8139536,1.1483874
2005-02-17,1.9486779,1.2336319,1.7557947,1.1115193,1.8167127,1.1500943,1.8140793,1.1483874
2005-02-18,1.9508382,1.234914,1.7595659,1.1138296,1.8187267,1.1512896,1.814205,1.1483874
2005-02-22,1.9512578,1.2348332,1.7603268,1.1139988,1.819375,1.151377,1.8144575,1.148225
2005-02-23,1.9536338,1.2362479,1.7603927,1.1139603,1.8194747,1.1513571,1.8166984,1.1495603
2005-02-24,1.9532115,1.2358915,1.7633783,1.1157692,1.8210831,1.1522919,1.8148306,1.1482956
2005-02-25,1.9550644,1.2369746,1.7624955,1.11513,1.8206931,1.1519619,1.8170721,1.1496308
2005-02-28,1.9441011,1.2297645,1.7603952,1.1135546,1.8198096,1.1511481,1.8081661,1.143742
2005-03-01,1.9442816,1.2297871,1.7605909,1.1135954,1.8199785,1.1511692,1.8083008,1.143742
2005-03-02,1.9449935,1.2301464,1.7617501,1.1142462,1.8206684,1.1515204,1.8084346,1.143742
2005-03-03,1.9449079,1.2300019,1.7614656,1.1139844,1.8203515,1.1512354,1.8085674,1.143742
2005-03-04,1.941896,1.2280062,1.7558798,1.1103694,1.8163896,1.1486447,1.8087012,1.143742
2005-03-07,1.9424457,1.2280813,1.7564842,1.1105052,1.8164728,1.1484424,1.8091025,1.143742
2005-03-08,1.9459106,1.2301807,1.76262,1.1143021,1.8207462,1.1510589,1.8092369,1.143742
2005-03-09,1.9523326,1.2341496,1.7741239,1.1214922,1.8289554,1.1561636,1.8093707,1.143742
2005-03-10,1.9520869,1.233903,1.7735462,1.121044,1.8274783,1.1551443,1.8095045,1.143742
2005-03-11,1.9478259,1.2311187,1.7656728,1.1159848,1.8262767,1.1542996,1.8096379,1.143742
2005-03-14,1.9499214,1.23217,1.76908,1.1178906,1.8270222,1.1545147,1.8100395,1.143742
2005-03-15,1.949064,1.2315353,1.767391,1.1167391,1.8268731,1.1543335,1.8101759,1.143742
2005-03-16,1.9507658,1.2325178,1.7703442,1.1185209,1.8275863,1.1546972,1.8103122,1.143742
2005-03-17,1.9521237,1.2332833,1.7726759,1.1199102,1.8277235,1.1546972,1.8104481,1.143742
2005-03-18,1.9522697,1.2332833,1.7728085,1.1199102,1.8278602,1.1546972,1.8105836,1.143742
2005-03-21,1.952711,1.2332833,1.7732092,1.1199102,1.8282734,1.1546972,1.8109928,1.143742
2005-03-22,1.9527803,1.2332324,1.7731991,1.1198179,1.8283383,1.1546496,1.8111317,1.143742
2005-03-23,1.9522429,1.2327974,1.7720856,1.1190278,1.8278351,1.1542423,1.8112721,1.143742
2005-03-24,1.953353,1.2334049,1.7744659,1.120446,1.8291321,1.1549737,1.8111544,1.1435808
2005-03-28,1.9502688,1.2310817,1.7758121,1.1209547,1.8301045,1.1552359,1.8078836,1.1411672
2005-03-29,1.9538693,1.2332603,1.7741043,1.119791,1.8292945,1.1546362,1.8121596,1.1437791
2005-03-30,1.957974,1.2357573,1.7732891,1.1191911,1.8289438,1.154327,1.816452,1.1464012
2005-03-31,1.9663514,1.2409508,1.7766613,1.1212346,1.8307523,1.1553808,1.8225656,1.1501726
2005-04-01,1.9680019,1.2418996,1.7795109,1.122949,1.8322889,1.1562641,1.822702,1.1501726
2005-04-04,1.9688595,1.2421611,1.7806611,1.123422,1.8330874,1.1565076,1.8231124,1.1501726
2005-04-05,1.9687556,1.2420019,1.780339,1.1231341,1.8329907,1.1563594,1.8232498,1.1501726
2005-04-06,1.9702738,1.2428665,1.7829512,1.1246977,1.834427,1.1571787,1.8233867,1.1501726
2005-04-07,1.9713616,1.2434604,1.7847875,1.1257726,1.8350819,1.157506,1.8235221,1.1501726
2005-04-08,1.9724484,1.2440536,1.7866229,1.1268467,1.8357362,1.1578327,1.8236574,1.1501726
2005-04-11,1.9718679,1.2434083,1.7851703,1.1256777,1.8355847,1.1574773,1.8240666,1.1501726
2005-04-12,1.970066,1.2421798,1.7817753,1.1234533,1.8346478,1.1568006,1.8242021,1.1501726
2005-04-13,1.9695939,1.2417899,1.7807891,1.1227481,1.8344432,1.1565857,1.8243375,1.1501726
2005-04-14,1.9706749,1.2423789,1.782611,1.1238131,1.8350948,1.1569104,1.8244735,1.1501726
2005-04-15,1.9729069,1.2436934,1.7865162,1.1261913,1.8363805,1.1576347,1.8246094,1.1501726
2005-04-18,1.9733972,1.2437234,1.7870033,1.1262456,1.8368188,1.1576513,1.8250188,1.1501726
2005-04-19,1.9747174,1.2444584,1.7892548,1.1275767,1.8376045,1.1580561,1.8251613,1.1501726
2005-04-20,1.974529,1.2442425,1.7887737,1.1271855,1.8375335,1.1579209,1.8253039,1.1501726
2005-04-21,1.9781892,1.2464531,1.7952677,1.1311908,1.8409397,1.1599782,1.8254444,1.1501726
2005-04-22,1.9774934,1.2459184,1.793866,1.1302203,1.8402922,1.1594805,1.8255854,1.1501726
2005-04-25,1.9781724,1.2460523,1.7951221,1.130745,1.8411535,1.1597497,1.8257884,1.1500292
2005-04-26,1.9771909,1.2453358,1.7966949,1.1316465,1.8420327,1.160212,1.8241548,1.1489095
2005-04-27,1.9794033,1.2466317,1.7951137,1.1305619,1.8412943,1.159656,1.8270701,1.1506556
2005-04-28,1.9861989,1.2508149,1.7964396,1.1313094,1.8420457,1.1600393,1.8327387,1.1541364
2005-04-29,1.9832791,1.2488795,1.794978,1.1303015,1.8413675,1.1595226,1.8308609,1.1528647
2005-05-02,1.9840412,1.2490678,1.7959384,1.1306424,1.8420751,1.1596975,1.8312883,1.1528647
2005-05-03,1.9836397,1.2487166,1.79507,1.1300065,1.8417568,1.1594056,1.8314328,1.1528647
2005-05-04,1.9836411,1.2486199,1.7949323,1.1298316,1.8424295,1.1597386,1.8315758,1.1528647
2005-05-05,1.981448,1.2471433,1.7908251,1.1271593,1.8414528,1.1590345,1.8317168,1.1528647
2005-05-06,1.9899011,1.2523699,1.8059701,1.1366067,1.8477863,1.1629335,1.8318548,1.1528647
2005-05-09,1.9920096,1.2534086,1.8093815,1.1384922,1.8493172,1.1636294,1.8322764,1.1528647
2005-05-10,1.9883927,1.2510346,1.8026692,1.1341795,1.8457906,1.1613192,1.8324199,1.1528647
2005-05-11,1.9877747,1.2505484,1.8014085,1.133298,1.8445918,1.1604746,1.8325625,1.1528647
2005-05-12,1.9886812,1.2510225,1.8029128,1.1341572,1.8440957,1.1600732,1.8327036,1.1528647
2005-05-13,1.9919939,1.2530097,1.8087799,1.1377604,1.8474634,1.1621021,1.8328452,1.1528647
2005-05-16,1.9923505,1.2529498,1.8090173,1.1376516,1.8475713,1.1619063,1.833261,1.1528647
2005-05-17,1.9929281,1.2532155,1.8099254,1.1381341,1.8483426,1.162301,1.8334036,1.1528647
2005-05-18,1.9951922,1.2545425,1.813898,1.1405443,1.8514134,1.1641422,1.8335453,1.1528647
2005-05-19,1.9962553,1.2551146,1.8156917,1.1415847,1.8515898,1.1641638,1.8336859,1.1528647
2005-05-20,1.9975636,1.2558406,1.817932,1.1429053,1.8528034,1.1648372,1.8338271,1.1528647
2005-05-23,1.9970001,1.2551942,1.8164834,1.1417287,1.8522806,1.1642376,1.8342536,1.1528647
2005-05-24,1.9959347,1.2544245,1.8148623,1.1406188,1.851528,1.1636717,1.8341666,1.1527181
2005-05-25,1.9919379,1.2518136,1.8147503,1.1404584,1.8515971,1.1636234,1.8306227,1.1503999
2005-05-26,1.9914706,1.2514208,1.8136841,1.1396981,1.8517437,1.1636234,1.8308036,1.1504225
2005-05-27,1.9916911,1.2514606,1.8138707,1.1397254,1.8518899,1.1636234,1.8309843,1.1504453
2005-05-31,2.001344,1.2571282,1.816278,1.1408758,1.8524784,1.1636234,1.8389342,1.1550748
2005-06-01,2.0037754,1.2585546,1.8205455,1.1434648,1.8525774,1.1635922,1.8390818,1.1550748
2005-06-02,2.0037988,1.2584689,1.8204428,1.1433091,1.8530137,1.1637734,1.8392285,1.1550748
2005-06-03,2.0076886,1.2608115,1.8273654,1.1475657,1.85832,1.1670132,1.8393751,1.1550748
2005-06-06,2.0076689,1.2604945,1.8268879,1.1469885,1.8579001,1.1664675,1.8398196,1.1550748
2005-06-07,2.0062627,1.2595094,1.8241806,1.1451957,1.8558261,1.1650708,1.8399688,1.1550748
2005-06-08,2.0075692,1.2602275,1.8265077,1.1465638,1.8577031,1.1661546,1.840118,1.1550748
2005-06-09,2.0069325,1.2597256,1.8264875,1.1464581,1.8589415,1.1668375,1.8402672,1.1550748
2005-06-10,2.0001588,1.2553727,1.8203229,1.1424967,1.8590907,1.1668375,1.8404149,1.1550748
2005-06-13,1.9974815,1.253389,1.8178863,1.1406913,1.8595399,1.1668375,1.8408597,1.1550748
2005-06-14,1.9948413,1.2516303,1.8154835,1.1390907,1.8596912,1.1668375,1.8410095,1.1550748
2005-06-15,1.9949992,1.2516282,1.8156272,1.1390889,1.8598416,1.1668375,1.8411583,1.1550748
2005-06-16,1.9965394,1.2524937,1.8170289,1.1398765,1.8599914,1.1668375,1.8413066,1.1550748
2005-06-17,1.9966986,1.2524937,1.8171738,1.1398765,1.8601396,1.1668375,1.8414534,1.1550748
2005-06-20,1.9971778,1.2524937,1.8176099,1.1398765,1.8605861,1.1668375,1.8418953,1.1550748
2005-06-21,1.9973398,1.2524937,1.8177573,1.1398765,1.860737,1.1668375,1.8420447,1.1550748
2005-06-22,1.9973836,1.2524196,1.8177972,1.1398091,1.8608879,1.1668375,1.8421941,1.1550748
2005-06-23,1.9979763,1.2526893,1.8183366,1.1400545,1.8610393,1.1668375,1.842344,1.1550748
2005-06-24,1.9959364,1.2513074,1.8167297,1.1389533,1.8611922,1.1668375,1.842369,1.1549955
2005-06-27,1.9990794,1.2529673,1.8175094,1.1391595,1.8616542,1.1668375,1.8438815,1.155657
2005-06-28,1.9939454,1.2496434,1.8197807,1.1404866,1.8618118,1.1668375,1.8405178,1.153451
2005-06-29,1.9917518,1.2481631,1.8197408,1.1403653,1.8619689,1.1668375,1.8396808,1.1528291
2005-06-30,1.9969256,1.2513007,1.8196996,1.140244,1.862125,1.1668375,1.8422453,1.1543395
2005-07-01,1.9948044,1.2498666,1.8177667,1.1389372,1.8622812,1.1668375,1.8423997,1.1543395
2005-07-05,1.9948765,1.2494872,1.8178323,1.1385914,1.8629138,1.1668375,1.8430256,1.1543395
2005-07-06,1.9954264,1.2497238,1.8183334,1.138807,1.8630746,1.1668375,1.8431847,1.1543395
2005-07-07,1.9956865,1.2497799,1.8185705,1.1388581,1.8632338,1.1668375,1.8433422,1.1543395
2005-07-08,1.9983126,1.251319,1.8209636,1.1402606,1.8633911,1.1668375,1.8434978,1.1543395
2005-07-11,1.9995901,1.2518001,1.8221276,1.140699,1.8638659,1.1668375,1.8439675,1.1543395
2005-07-12,2.0009815,1.2525638,1.8233956,1.141395,1.8640257,1.1668375,1.8441256,1.1543395
2005-07-13,2.0017503,1.2529373,1.8240961,1.1417353,1.864186,1.1668375,1.8442843,1.1543395
2005-07-14,2.0010912,1.2524167,1.8234956,1.1412609,1.8643469,1.1668375,1.8444434,1.1543395
2005-07-15,2.0012848,1.2524294,1.8236719,1.1412724,1.8645083,1.1668375,1.8446031,1.1543395
2005-07-18,2.000592,1.2516685,1.8230406,1.1405791,1.8649957,1.1668375,1.8450852,1.1543395
2005-07-19,2.0016394,1.252213,1.823995,1.1410753,1.8651607,1.1668375,1.8452485,1.1543395
2005-07-20,2.0016054,1.2520806,1.8239641,1.1409546,1.8653263,1.1668375,1.8454123,1.1543395
2005-07-21,2.0046957,1.2539029,1.8267801,1.1426152,1.8654913,1.1668375,1.8455756,1.1543395
2005-07-22,2.0028529,1.2526379,1.8251009,1.1414625,1.8656585,1.1668375,1.845741,1.1543395
2005-07-25,2.0042244,1.2531559,1.826828,1.142233,1.8661645,1.1668375,1.8460002,1.1541885
2005-07-26,2.0065275,1.2544803,1.8269615,1.1422111,1.8663368,1.1668375,1.8471638,1.1548095
2005-07-27,2.0021697,1.2516403,1.8286662,1.1431717,1.8665086,1.1668375,1.8444663,1.1530167
2005-07-28,2.0186558,1.2618323,1.8302459,1.1440549,1.8666789,1.1668375,1.8514317,1.1572657
2005-07-29,1.9985222,1.2491319,1.8277076,1.1423639,1.8668492,1.1668375,1.8436515,1.1522971
2005-08-01,1.9980913,1.2485197,1.8273136,1.141804,1.8673567,1.1668344,1.8441576,1.1522971
2005-08-02,1.9977785,1.2482076,1.8270275,1.1415186,1.8675497,1.166846,1.8443299,1.1522971
2005-08-03,1.9983321,1.2484368,1.8275337,1.1417283,1.8676635,1.166808,1.8445022,1.1522971
2005-08-04,1.9998502,1.2492696,1.8289221,1.1424899,1.8678327,1.1668057,1.844673,1.1522971
2005-08-05,2.0072883,1.2538001,1.8357245,1.1466331,1.869482,1.1677276,1.8448444,1.1522971
2005-08-08,2.0118144,1.2562727,1.8398637,1.1488944,1.8704403,1.167996,1.845366,1.1522971
2005-08-09,2.0118915,1.2562014,1.8399343,1.1488292,1.8704448,1.1678878,1.8455414,1.1522971
2005-08-10,2.011717,1.255974,1.8397746,1.1486212,1.8704476,1.1677795,1.8457154,1.1522971
2005-08-11,2.013739,1.2571184,1.8416238,1.1496678,1.86914,1.1668534,1.8458888,1.1522971
2005-08-12,2.0225798,1.2625193,1.849709,1.154607,1.8720592,1.1685661,1.8460623,1.1522971
2005-08-15,2.0191516,1.2600224,1.8465738,1.1523236,1.87159,1.1679428,1.8465842,1.1522971
2005-08-16,2.0235694,1.2626595,1.850614,1.1547353,1.873146,1.1688028,1.8467598,1.1522971
2005-08-17,2.0188619,1.2596024,1.8463089,1.1519395,1.871623,1.1677417,1.8469348,1.1522971
2005-08-18,2.0187654,1.2594236,1.8462207,1.1517759,1.8741221,1.1691908,1.8471089,1.1522971
2005-08-19,2.0200546,1.2601098,1.8473997,1.1524035,1.8742977,1.1691908,1.847282,1.1522971
2005-08-22,2.0204893,1.2600247,1.8477972,1.1523257,1.8748276,1.1691908,1.8478043,1.1522971
2005-08-23,2.0194903,1.2592822,1.8468836,1.1516467,1.8750053,1.1691908,1.8479794,1.1522971
2005-08-24,2.0182076,1.258363,1.8457105,1.150806,1.8751831,1.1691908,1.8481546,1.1522971
2005-08-25,2.0173596,1.2577153,1.8454034,1.1505058,1.8753603,1.1691908,1.8480948,1.1521508
2005-08-26,2.0101462,1.253099,1.8425048,1.1485896,1.8755381,1.1691908,1.8464173,1.1509959
2005-08-29,2.0109962,1.2532714,1.8431534,1.1486664,1.876073,1.1691908,1.8470093,1.1510366
2005-08-30,2.0244826,1.2615571,1.8479222,1.1515291,1.8762514,1.1691908,1.8509598,1.1533891
2005-08-31,2.0564603,1.2813645,1.8473382,1.151056,1.8763359,1.1691327,1.8641746,1.1615143
2005-09-01,2.0561414,1.281045,1.8465798,1.150475,1.876506,1.1691285,1.8643502,1.1615143
2005-09-02,2.05681,1.2813422,1.8471744,1.1507383,1.8770465,1.1693563,1.8645239,1.1615143
2005-09-06,2.0614466,1.2837561,1.852244,1.1534702,1.8799413,1.1707266,1.8652146,1.1615143
2005-09-07,2.0653912,1.2860912,1.8566575,1.1561097,1.8823402,1.1721098,1.8653909,1.1615143
2005-09-08,2.0648802,1.2856529,1.8561981,1.1557156,1.8824137,1.1720461,1.8655651,1.1615143
2005-09-09,2.0655625,1.285958,1.8568115,1.1559899,1.8825891,1.1720461,1.8657389,1.1615143
2005-09-12,2.0625007,1.2836913,1.8540591,1.1539523,1.8831167,1.1720461,1.8662618,1.1615143
2005-09-13,2.0669039,1.2863109,1.8580173,1.1563071,1.8832942,1.1720461,1.8664377,1.1615143
2005-09-14,2.0642132,1.2845165,1.8555985,1.1546941,1.8834696,1.1720461,1.8666116,1.1615143
2005-09-15,2.0619853,1.2830123,1.8535958,1.1533419,1.8836425,1.1720461,1.8667829,1.1615143
2005-09-16,2.0621757,1.2830123,1.8537669,1.1533419,1.8838164,1.1720461,1.8669553,1.1615143
2005-09-19,2.0627553,1.2830123,1.854288,1.1533419,1.8843459,1.1720461,1.86748,1.1615143
2005-09-20,2.0629537,1.2830123,1.8544663,1.1533419,1.8845271,1.1720461,1.8676596,1.1615143
2005-09-21,2.0630289,1.2829346,1.854534,1.1532721,1.8846925,1.1720353,1.8678408,1.1615143
2005-09-22,2.0626772,1.2825985,1.8542178,1.1529699,1.8847897,1.1719885,1.8680117,1.1615143
2005-09-23,2.0663189,1.2847438,1.8574914,1.1548984,1.8854453,1.1722873,1.8681852,1.1615143
2005-09-26,2.0687218,1.2858788,1.8601339,1.1562187,1.8863007,1.1724915,1.8684647,1.1613634
2005-09-27,2.0694343,1.2861998,1.8607223,1.1564748,1.8865432,1.1725311,1.868668,1.1613797
2005-09-28,2.0785064,1.2917178,1.8610794,1.1565884,1.8867482,1.1725487,1.8727598,1.163814
2005-09-29,2.0703006,1.2864982,1.8594794,1.1554866,1.8866495,1.1723784,1.870042,1.1620169
2005-09-30,2.056808,1.2779919,1.8574302,1.1541037,1.8864842,1.1721646,1.8651559,1.1588706
2005-10-03,2.0560398,1.2771501,1.8567364,1.1533435,1.8868328,1.1720469,1.8656879,1.1588706
2005-10-04,2.0556574,1.2767887,1.8563911,1.1530171,1.8869344,1.1719963,1.8658688,1.1588706
2005-10-05,2.0557536,1.2767243,1.856478,1.152959,1.8871034,1.1719873,1.8660503,1.1588706
2005-10-06,2.0559295,1.2767111,1.8566369,1.152947,1.8872814,1.1719855,1.8662292,1.1588706
2005-10-07,2.0561071,1.2766982,1.8567973,1.1529355,1.8874605,1.1719837,1.8664092,1.1588706
2005-10-11,2.0588376,1.2778984,1.8592631,1.1540193,1.8884632,1.1721516,1.8671333,1.1588706
2005-10-12,2.0612932,1.2792948,1.8614806,1.1552803,1.8889666,1.1723468,1.86732,1.1588706
2005-10-13,2.061518,1.2793074,1.8616836,1.1552917,1.8891568,1.1723486,1.8675052,1.1588706
2005-10-14,2.0607348,1.2786931,1.8609763,1.1547369,1.8892079,1.1722628,1.8676925,1.1588706
2005-10-17,2.060409,1.2781031,1.8606821,1.1542041,1.8896481,1.1721803,1.8682589,1.1588706
2005-10-18,2.0616474,1.2787389,1.8618005,1.1547783,1.889987,1.1722692,1.8684524,1.1588706
2005-10-19,2.0626291,1.2792158,1.862687,1.1552089,1.8902597,1.1723172,1.8686454,1.1588706
2005-10-20,2.0638547,1.2798438,1.8637938,1.1557761,1.8908283,1.1725488,1.8688384,1.1588706
2005-10-21,2.0614152,1.2781991,1.8615908,1.1542908,1.8900454,1.1719425,1.8690309,1.1588706
2005-10-24,2.0635254,1.2791115,1.8634965,1.1551148,1.8911739,1.1722791,1.86961,1.1588706
2005-10-25,2.0678265,1.281643,1.8679146,1.1577319,1.893097,1.1733479,1.8695388,1.1587046
2005-10-26,2.0557828,1.2740435,1.8697949,1.1587755,1.8939828,1.1737735,1.8633502,1.1547471
2005-10-27,2.0636432,1.2787819,1.8704704,1.1590732,1.8943763,1.1738948,1.8667704,1.1567461
2005-10-28,2.0605544,1.2767351,1.8697565,1.1585105,1.894203,1.1736655,1.8659234,1.1561012
2005-10-31,2.063198,1.2779711,1.8703977,1.1585431,1.8948207,1.1736788,1.8673878,1.1566445
2005-11-01,2.062799,1.2775878,1.870036,1.1581955,1.8948403,1.1735659,1.8675868,1.1566445
2005-11-02,2.0635635,1.2779258,1.8707291,1.158502,1.8948815,1.1734669,1.8677848,1.1566445
2005-11-03,2.0682354,1.2806843,1.8749644,1.1610027,1.8958395,1.1739364,1.8679819,1.1566445
2005-11-04,2.0694524,1.2813027,1.8760676,1.1615633,1.8970285,1.1745489,1.8681789,1.1566445
2005-11-07,2.0688611,1.280528,1.8755316,1.160861,1.8965298,1.1738655,1.8687747,1.1566445
2005-11-08,2.0597689,1.2747646,1.8672891,1.1556362,1.8889121,1.169026,1.8689728,1.1566445
2005-11-09,2.0634986,1.2769377,1.8706702,1.1576062,1.8959026,1.1732284,1.869171,1.1566445
2005-11-10,2.0644853,1.2774119,1.8715648,1.1580361,1.8894225,1.169093,1.8693707,1.1566445
2005-11-14,2.057583,1.2725979,1.8653075,1.153672,1.8843632,1.1654654,1.8701655,1.1566445
2005-11-15,2.0632173,1.2759456,1.8704152,1.1567068,1.8893281,1.1684107,1.8703669,1.1566445
2005-11-16,2.0750136,1.2831037,1.8811091,1.163196,1.8969115,1.172975,1.8705678,1.1566445
2005-11-17,2.0762641,1.2837395,1.8822428,1.1637724,1.8989495,1.1741096,1.8707682,1.1566445
2005-11-18,2.0757311,1.2832721,1.8817596,1.1633487,1.8964533,1.1724401,1.8709691,1.1566445
2005-11-21,2.075768,1.2828825,1.8817931,1.1629955,1.8967221,1.1722295,1.8715704,1.1566445
2005-11-22,2.0722466,1.2805688,1.8786008,1.160898,1.894901,1.1709784,1.8717708,1.1566445
2005-11-23,2.0737201,1.2813446,1.880452,1.1619198,1.8960873,1.1715883,1.871711,1.1564859
2005-11-25,2.0849404,1.2880066,1.8822798,1.1628034,1.8973416,1.1721156,1.8762609,1.1590525
2005-11-28,2.0904048,1.2909737,1.8829613,1.1628555,1.8979939,1.1721466,1.8789752,1.1603616
2005-11-29,2.0710902,1.2789079,1.8799857,1.160894,1.8963016,1.1709766,1.8719796,1.1559178
2005-11-30,2.0674007,1.2764934,1.8791751,1.1602697,1.8959003,1.170604,1.8709153,1.1551374
2005-12-01,2.0675617,1.2764578,1.8793214,1.1602373,1.8959218,1.1704935,1.8711131,1.1551374
2005-12-02,2.0677523,1.2764398,1.8794947,1.160221,1.8960956,1.1704763,1.871312,1.1551374
2005-12-05,2.0738508,1.2797953,1.8850379,1.1632709,1.9025629,1.1740935,1.8719119,1.1551374
2005-12-06,2.0651568,1.2742916,1.8771354,1.1582684,1.8931678,1.1681686,1.8721144,1.1551374
2005-12-07,2.0673383,1.2754998,1.8791184,1.1593666,1.896194,1.1699095,1.872317,1.1551374
2005-12-08,2.0665427,1.2748712,1.8783951,1.1587952,1.8927631,1.1676664,1.8725192,1.1551374
2005-12-09,2.0627441,1.2723933,1.8749424,1.1565429,1.8917881,1.1669417,1.8727167,1.1551374
2005-12-12,2.0623714,1.2717608,1.8746036,1.155968,1.8921074,1.1667694,1.8733093,1.1551374
2005-12-13,2.0636752,1.2724313,1.8757887,1.1565775,1.8926058,1.1669544,1.8735058,1.1551374
2005-12-14,2.0684071,1.2752154,1.8800898,1.1591081,1.8939539,1.1676631,1.8737024,1.1551374
2005-12-15,2.0680297,1.2748497,1.8797468,1.1587756,1.8941516,1.1676631,1.873898,1.1551374
2005-12-16,2.0682473,1.2748497,1.8799446,1.1587756,1.8943509,1.1676631,1.8740952,1.1551374
2005-12-19,2.0689001,1.2748497,1.8805379,1.1587756,1.8949487,1.1676631,1.8746866,1.1551374
2005-12-20,2.0691206,1.2748497,1.8807383,1.1587756,1.8951507,1.1676631,1.8748864,1.1551374
2005-12-21,2.0691833,1.2747528,1.8807953,1.1586876,1.8952081,1.1675744,1.8750857,1.1551374
2005-12-22,2.0674754,1.2735644,1.8792429,1.1576074,1.8936438,1.1664859,1.8752861,1.1551374
2005-12-23,2.0651905,1.2720212,1.8776923,1.1565288,1.8920813,1.1653991,1.8752199,1.1549735
2005-12-27,2.0740672,1.276945,1.877218,1.1557425,1.8916034,1.1646067,1.8803461,1.1576371
2005-12-28,2.0662541,1.2719983,1.8785259,1.1564242,1.8929213,1.1652936,1.8762934,1.1550184
2005-12-29,2.0690968,1.2736134,1.8789692,1.1565745,1.8933681,1.1654451,1.8775743,1.1556845
2005-12-30,2.062293,1.2692886,1.8774534,1.1555172,1.8918406,1.1643797,1.8753944,1.1542186
2006-01-03,2.0677003,1.2720616,1.8824741,1.158102,1.8968998,1.1669843,1.8762145,1.1542186
2006-01-04,2.0697024,1.2731515,1.8843384,1.1591198,1.8987784,1.1680099,1.8764237,1.1542186
2006-01-05,2.0698548,1.2731026,1.8844638,1.1590671,1.8989048,1.1679568,1.8766339,1.1542186
2006-01-06,2.0690401,1.2724585,1.8836642,1.1584451,1.898099,1.16733,1.8768447,1.1542186
2006-01-09,2.0697254,1.272449,1.8842881,1.1584365,1.8987277,1.1673213,1.8774803,1.1542186
2006-01-10,2.0721062,1.2737684,1.8864556,1.1596376,1.9009118,1.1685317,1.8776933,1.1542186
2006-01-11,2.0736829,1.2745914,1.8878911,1.1603869,1.9023583,1.1692867,1.8779088,1.1542186
2006-01-12,2.0760994,1.2759301,1.890091,1.1616056,1.9045751,1.1705148,1.8781249,1.1542186
2006-01-13,2.0801565,1.2782759,1.8937846,1.1637413,1.908297,1.1726668,1.878342,1.1542186
2006-01-17,2.0816669,1.2786115,1.8951597,1.1640468,1.9096825,1.1729747,1.8792128,1.1542186
2006-01-18,2.0812105,1.2781813,1.8947442,1.1636551,1.9092639,1.17258,1.8794331,1.1542186
2006-01-19,2.0821072,1.2785832,1.8955606,1.164021,1.9100865,1.1729487,1.879652,1.1542186
2006-01-20,2.0823432,1.2785792,1.8957754,1.1640174,1.910303,1.1729451,1.8798708,1.1542186
2006-01-23,2.0818376,1.2778221,1.8953151,1.1633281,1.9098391,1.1722505,1.8805275,1.1542186
2006-01-24,2.0832957,1.2785673,1.8966426,1.1640065,1.9111768,1.1729341,1.880748,1.1542186
2006-01-25,2.0884644,1.2815888,1.9016321,1.1669315,1.9161303,1.175836,1.8808288,1.1541322
2006-01-26,2.0827577,1.2779352,1.9009756,1.1663906,1.9145806,1.1747458,1.8788064,1.1527546
2006-01-27,2.0836146,1.278309,1.900616,1.1660313,1.9136285,1.174022,1.879594,1.1531008
2006-01-30,2.0815818,1.2766059,1.9010153,1.1658603,1.9137501,1.1736778,1.8791501,1.1524171
2006-01-31,2.0819752,1.2766939,1.9005191,1.1654161,1.9128001,1.1729543,1.8797984,1.1526764
2006-02-01,2.0834224,1.2774285,1.9018402,1.1660867,1.9097021,1.1709142,1.8800235,1.1526764
2006-02-02,2.0836619,1.2774224,1.9020588,1.1660811,1.9099262,1.1709114,1.8802486,1.1526764
2006-02-03,2.0822709,1.2764167,1.9007891,1.1651631,1.9074712,1.1692661,1.8804737,1.1526764
2006-02-06,2.0853455,1.277843,1.9035958,1.166465,1.9090363,1.1698055,1.8811491,1.1526764
2006-02-07,2.0863686,1.2783166,1.9045297,1.1668973,1.9109062,1.170811,1.8813748,1.1526764
2006-02-08,2.0833906,1.2763382,1.9018112,1.1650914,1.907582,1.1686334,1.8816011,1.1526764
2006-02-09,2.0841685,1.2766609,1.9025213,1.165386,1.9091071,1.1694269,1.8818279,1.1526764
2006-02-10,2.0786297,1.2731138,1.8974652,1.1621481,1.9020095,1.1649379,1.8820553,1.1526764
2006-02-13,2.0805832,1.2738478,1.8992485,1.1628181,1.9042055,1.1658597,1.882739,1.1526764
2006-02-14,2.077105,1.271563,1.8960734,1.1607324,1.8993453,1.1627419,1.8829686,1.1526764
2006-02-15,2.0789197,1.2725189,1.8977299,1.1616049,1.9018287,1.1641204,1.8831981,1.1526764
2006-02-16,2.0772133,1.2713196,1.8961723,1.1605102,1.8998035,1.1627392,1.8834272,1.1526764
2006-02-17,2.0729976,1.2685848,1.8923241,1.1580138,1.8954003,1.1599029,1.8836563,1.1526764
2006-02-21,2.0796548,1.2720429,1.898401,1.1611704,1.9025084,1.1636896,1.8845708,1.1526764
2006-02-22,2.0759239,1.2696054,1.8953702,1.1591747,1.8986883,1.1612108,1.8844849,1.152483
2006-02-23,2.0721023,1.267113,1.8961553,1.1595132,1.8982934,1.1608274,1.8809282,1.150167
2006-02-24,2.0671012,1.2638992,1.894552,1.1583905,1.8963322,1.1594856,1.8786422,1.148628
2006-02-27,2.0648417,1.2620513,1.8941558,1.1577207,1.8961047,1.1589186,1.8780842,1.147863
2006-02-28,2.0774786,1.2696191,1.9005028,1.161457,1.9031767,1.1630979,1.8830382,1.1507489
2006-03-01,2.0754567,1.2682266,1.8981465,1.1598735,1.9004795,1.1613058,1.8832708,1.1507489
2006-03-02,2.0723256,1.2661573,1.8951848,1.157921,1.8977806,1.1595138,1.8835025,1.1507489
2006-03-03,2.0751095,1.2677021,1.8977307,1.1593337,1.9024437,1.1622199,1.8837347,1.1507489
2006-03-06,2.0796567,1.2700112,1.9018892,1.1614454,1.9097758,1.1662693,1.8844314,1.1507489
2006-03-07,2.0799083,1.2700086,1.9021192,1.161443,1.9100032,1.1662647,1.8846632,1.1507489
2006-03-08,2.0795265,1.2696192,1.9017701,1.161087,1.9091181,1.1655808,1.8848951,1.1507489
2006-03-09,2.0800856,1.2698051,1.9022814,1.161257,1.910163,1.166076,1.8851259,1.1507489
2006-03-10,2.0790273,1.2690032,1.9013136,1.1605236,1.9102924,1.1660118,1.8853573,1.1507489
2006-03-13,2.0791521,1.26861,1.9014277,1.1601641,1.9109474,1.1659804,1.8860546,1.1507489
2006-03-14,2.0833759,1.2710308,1.9052905,1.1623779,1.9115007,1.1661742,1.8862871,1.1507489
2006-03-15,2.0823134,1.2702266,1.9043188,1.1616424,1.9116299,1.1661099,1.8865187,1.1507489
2006-03-16,2.0877158,1.2733652,1.9092594,1.1645127,1.9122777,1.166361,1.8867518,1.1507489
2006-03-17,2.0879732,1.2733652,1.9094948,1.1645127,1.9125134,1.166361,1.8869844,1.1507489
2006-03-20,2.0885746,1.2732588,1.9100447,1.1644154,1.912953,1.1661957,1.8876854,1.1507489
2006-03-21,2.0937037,1.276227,1.9147355,1.1671299,1.9207561,1.1708074,1.8879207,1.1507489
2006-03-22,2.0952699,1.2770219,1.9161678,1.1678568,1.9231533,1.172122,1.8881571,1.1507489
2006-03-23,2.0989213,1.2790874,1.9195071,1.1697458,1.9266364,1.1740981,1.8883935,1.1507489
2006-03-24,2.0933682,1.2755439,1.9144287,1.1665052,1.9214032,1.1707627,1.8886289,1.1507489
2006-03-27,2.0944443,1.2757236,1.9157629,1.1668829,1.9216321,1.1704653,1.8891609,1.1506437
2006-03-28,2.0811931,1.2674947,1.9161942,1.1670014,1.9162761,1.1670583,1.8832055,1.1468742
2006-03-29,2.0778677,1.2653121,1.9159113,1.1666843,1.9156435,1.1665282,1.8820737,1.1460426
2006-03-30,2.0674903,1.2588365,1.9132853,1.1649411,1.9103742,1.1631753,1.8788963,1.1439662
2006-03-31,2.0686875,1.2594102,1.9147285,1.1656762,1.912965,1.1646094,1.8789633,1.1438659
2006-04-03,2.06627,1.2574706,1.9124909,1.1638809,1.9079449,1.1611205,1.8796613,1.1438659
2006-04-04,2.0683661,1.2585895,1.914431,1.1649165,1.9114133,1.1630865,1.8798957,1.1438659
2006-04-05,2.070312,1.2596163,1.9162321,1.1658669,1.9146197,1.1648923,1.8801305,1.1438659
2006-04-06,2.0705701,1.2596163,1.916471,1.1658669,1.9148584,1.1648923,1.8803649,1.1438659
2006-04-07,2.0708287,1.2596163,1.9167104,1.1658669,1.9150976,1.1648923,1.8805998,1.1438659
2006-04-10,2.0716066,1.2596163,1.9174304,1.1658669,1.915817,1.1648923,1.8813062,1.1438659
2006-04-11,2.0718665,1.2596163,1.917671,1.1658669,1.9160574,1.1648923,1.8815423,1.1438659
2006-04-12,2.0721265,1.2596163,1.9179116,1.1658669,1.9162978,1.1648923,1.8817784,1.1438659
2006-04-13,2.0723865,1.2596163,1.9181523,1.1658669,1.9165382,1.1648923,1.8820145,1.1438659
2006-04-17,2.0734267,1.2596163,1.919115,1.1658669,1.9175002,1.1648923,1.8829591,1.1438659
2006-04-18,2.0736886,1.2596163,1.9193574,1.1658669,1.9177424,1.1648923,1.8831969,1.1438659
2006-04-19,2.0737886,1.259518,1.91945,1.1657759,1.9177136,1.1647277,1.8834348,1.1438659
2006-04-20,2.0758241,1.2605952,1.921334,1.1667729,1.9211721,1.1666811,1.8836726,1.1438659
2006-04-21,2.0767032,1.2609698,1.9221477,1.1671197,1.9224638,1.1673182,1.8839106,1.1438659
2006-04-24,2.0752975,1.2596364,1.9211057,1.1660428,1.9220128,1.1666001,1.8843055,1.1436704
2006-04-25,2.075239,1.2594408,1.929296,1.1708658,1.9287299,1.1705289,1.8742931,1.1374481
2006-04-26,2.0745513,1.2588623,1.9338083,1.1734545,1.9327456,1.1728162,1.8681816,1.1335937
2006-04-27,2.0789222,1.2613535,1.9349191,1.1739784,1.9417574,1.1781346,1.8722508,1.1359178
2006-04-28,2.0855545,1.2652165,1.9393455,1.1765141,1.9464199,1.1808131,1.8747361,1.1372806
2006-05-01,2.0777301,1.2599862,1.9319227,1.1715614,1.9395775,1.1762108,1.8754527,1.1372806
2006-05-02,2.0798112,1.261086,1.9339075,1.1726141,1.9420443,1.1775553,1.8756942,1.1372806
2006-05-03,2.0776532,1.2596155,1.9317929,1.1711813,1.9398566,1.1760774,1.8759352,1.1372806
2006-05-04,2.0777033,1.2594837,1.9317474,1.1710029,1.9399731,1.1759967,1.8761767,1.1372806
2006-05-05,2.0755731,1.2580309,1.9298586,1.1697078,1.9380788,1.1746976,1.8764173,1.1372806
2006-05-08,2.077523,1.2587268,1.9315827,1.170301,1.9388073,1.1746853,1.8771422,1.1372806
2006-05-09,2.0775163,1.2585589,1.9316149,1.1701681,1.9395039,1.1749545,1.8773864,1.1372806
2006-05-10,2.0772204,1.2582155,1.9313398,1.1698489,1.9390918,1.1745516,1.8776313,1.1372806
2006-05-11,2.0772834,1.2580896,1.9313984,1.1697318,1.9391451,1.1744308,1.8778761,1.1372806
2006-05-12,2.0740102,1.2559452,1.928355,1.167738,1.9334176,1.1708107,1.8781179,1.1372806
2006-05-15,2.0778178,1.2577637,1.9318952,1.1694288,1.9391615,1.1738348,1.8788465,1.1372806
2006-05-16,2.082168,1.2602336,1.9359399,1.1717253,1.9460379,1.1778449,1.8790905,1.1372806
2006-05-17,2.0786923,1.2579674,1.9327084,1.1696182,1.9396576,1.1738312,1.879333,1.1372806
2006-05-18,2.0816512,1.2595957,1.9354594,1.1711322,1.9455603,1.1772519,1.8795755,1.1372806
2006-05-19,2.0831139,1.2603182,1.9368194,1.1718039,1.9474563,1.1782472,1.8798181,1.1372806
2006-05-22,2.0815297,1.2588729,1.9353464,1.1704601,1.9452272,1.1764434,1.8805443,1.1372806
2006-05-23,2.085801,1.2612936,1.9393178,1.1727108,1.9503857,1.1794114,1.8807869,1.1372806
2006-05-24,2.0807046,1.2580488,1.934996,1.1699458,1.9446265,1.1757762,1.8807445,1.137108
2006-05-25,2.0733279,1.2534266,1.9347609,1.169653,1.9436716,1.1750475,1.8764378,1.1343577
2006-05-26,2.0775752,1.2558329,1.9371834,1.1709669,1.9468408,1.1768121,1.8778296,1.135053
2006-05-30,2.0694724,1.2502854,1.9345495,1.1687691,1.9430377,1.1739045,1.8754366,1.1330194
2006-05-31,2.0585409,1.2435194,1.9294615,1.165544,1.936125,1.1695763,1.8720045,1.1307994
2006-06-01,2.0591066,1.2436996,1.9299627,1.1656954,1.9365516,1.1696822,1.8722476,1.1307994
2006-06-02,2.0598805,1.2440066,1.9306881,1.1659832,1.9331392,1.1674701,1.8724892,1.1307994
2006-06-05,2.0618079,1.244691,1.9324946,1.1666247,1.9359189,1.1686988,1.873211,1.1307994
2006-06-06,2.0614952,1.2443409,1.9322015,1.1662966,1.9351282,1.1680701,1.8734538,1.1307994
2006-06-07,2.0623336,1.2446854,1.9329873,1.1666194,1.9364043,1.1686886,1.8736971,1.1307994
2006-06-08,2.0611683,1.2438205,1.9318952,1.1658088,1.9343117,1.1672739,1.8739404,1.1307994
2006-06-09,2.0625125,1.2444701,1.9331551,1.1664177,1.9346509,1.167327,1.8741838,1.1307994
2006-06-12,2.0627911,1.2441524,1.9334162,1.1661198,1.9353632,1.167301,1.8749155,1.1307994
2006-06-13,2.0641393,1.2448016,1.9346798,1.1667283,1.9357062,1.1673541,1.8751625,1.1307994
2006-06-14,2.0601285,1.2422202,1.9309206,1.1643088,1.9356094,1.1671432,1.8754076,1.1307994
2006-06-15,2.0576025,1.2405346,1.9285529,1.162729,1.9356335,1.1670052,1.8756527,1.1307994
2006-06-16,2.0578685,1.2405346,1.9288023,1.162729,1.9358838,1.1670052,1.8758952,1.1307994
2006-06-19,2.0586719,1.2405346,1.9295554,1.162729,1.9366396,1.1670052,1.8766276,1.1307994
2006-06-20,2.0587977,1.2404469,1.9296732,1.1626468,1.9367021,1.166889,1.8768749,1.1307994
2006-06-21,2.0594892,1.2407004,1.9303213,1.1628844,1.9375048,1.1672193,1.8771217,1.1307994
2006-06-22,2.0635903,1.2430082,1.9341652,1.1650474,1.9429811,1.1703652,1.8773681,1.1307994
2006-06-23,2.0677432,1.2453467,1.9380577,1.1672392,1.9484938,1.1735322,1.8776144,1.1307994
2006-06-26,2.068649,1.2453968,1.939212,1.16747,1.9498465,1.17388,1.8782135,1.1307104
2006-06-27,2.0705545,1.2463764,1.9360901,1.1654335,1.9452071,1.170929,1.880843,1.1321413
2006-06-28,2.0660274,1.2434833,1.9367265,1.1656595,1.9461231,1.1713226,1.8787312,1.1307175
2006-06-29,2.0743622,1.2483335,1.9408608,1.167992,1.9522397,1.1748474,1.8807668,1.1317915
2006-06-30,2.0870224,1.2557855,1.9444002,1.1699658,1.957583,1.1779059,1.8850427,1.1342133
2006-07-03,2.0873084,1.2554549,1.9446666,1.1696578,1.9575804,1.1774329,1.8857973,1.1342133
2006-07-05,2.083414,1.2527713,1.9410383,1.1671576,1.9517229,1.1735897,1.8863098,1.1342133
2006-07-06,2.0847448,1.253404,1.9422782,1.1677471,1.953606,1.1745651,1.886562,1.1342133
2006-07-07,2.085023,1.253404,1.9425373,1.1677471,1.9538666,1.1745651,1.8868137,1.1342133
2006-07-10,2.085861,1.253404,1.9433181,1.1677471,1.9546519,1.1745651,1.887572,1.1342133
2006-07-11,2.0861427,1.253404,1.9435806,1.1677471,1.9549159,1.1745651,1.887827,1.1342133
2006-07-12,2.0864239,1.253404,1.9438426,1.1677471,1.9551794,1.1745651,1.8880814,1.1342133
2006-07-13,2.0867058,1.253404,1.9441051,1.1677471,1.9554435,1.1745651,1.8883365,1.1342133
2006-07-14,2.086987,1.253404,1.9443672,1.1677471,1.9557071,1.1745651,1.888591,1.1342133
2006-07-17,2.0878327,1.253404,1.945155,1.1677471,1.9564996,1.1745651,1.8893563,1.1342133
2006-07-18,2.0881175,1.253404,1.9454204,1.1677471,1.9567665,1.1745651,1.8896141,1.1342133
2006-07-19,2.0882597,1.2533177,1.9455529,1.1676666,1.9568997,1.1744842,1.8898729,1.1342133
2006-07-20,2.084956,1.2511639,1.9424749,1.16566,1.9537537,1.1724358,1.8901308,1.1342133
2006-07-21,2.0869072,1.2521651,1.9442928,1.1665928,1.9557827,1.1734943,1.8903871,1.1342133
2006-07-24,2.0888926,1.2528459,1.9461425,1.1672271,1.9576444,1.174133,1.8911577,1.1342133
2006-07-25,2.0909299,1.2538972,1.9484032,1.168424,1.9605201,1.1756979,1.8911126,1.1340317
2006-07-26,2.0911523,1.2538588,1.9442467,1.1657714,1.9557358,1.1726678,1.8950083,1.1362125
2006-07-27,2.0854035,1.2502407,1.9432293,1.1650023,1.9544088,1.1717121,1.8916281,1.1340308
2006-07-28,2.1049226,1.2617726,1.9515403,1.1698263,1.9640556,1.177336,1.9003905,1.1391294
2006-07-31,2.1079141,1.2630535,1.9532712,1.1703888,1.966044,1.1780499,1.9020784,1.1396787
2006-08-01,2.1076134,1.2627013,1.953098,1.1701257,1.9663547,1.1780757,1.9023374,1.1396787
2006-08-02,2.1081796,1.2628679,1.9537248,1.1703413,1.9674857,1.1785922,1.9025975,1.1396787
2006-08-03,2.1083131,1.2627759,1.953698,1.1701658,1.966697,1.1779593,1.9028565,1.1396787
2006-08-04,2.1024817,1.2591109,1.9485085,1.1668979,1.9609906,1.1743807,1.9031161,1.1396787
2006-08-07,2.1054284,1.2603623,1.9511398,1.167998,1.9637556,1.1755578,1.903892,1.1396787
2006-08-08,2.1072201,1.2612625,1.9528002,1.1688323,1.9657205,1.1765733,1.9041523,1.1396787
2006-08-09,2.1073195,1.2611503,1.9528923,1.1687283,1.965163,1.1760794,1.9044115,1.1396787
2006-08-10,2.1067726,1.2606523,1.9523855,1.1682668,1.9640359,1.1752457,1.9046693,1.1396787
2006-08-11,2.1015478,1.257356,1.9475436,1.165212,1.9567107,1.1707041,1.904926,1.1396787
2006-08-14,2.0971551,1.2542173,1.9434727,1.1623033,1.9505689,1.166554,1.9056995,1.1396787
2006-08-15,2.106125,1.2594103,1.9517853,1.1671158,1.962499,1.1735295,1.90596,1.1396787
2006-08-16,2.1131221,1.2634229,1.9582696,1.1708343,1.9719913,1.1790458,1.9062195,1.1396787
2006-08-17,2.1132478,1.2633271,1.9583862,1.1707456,1.9721086,1.1789564,1.9064775,1.1396787
2006-08-18,2.113535,1.2633271,1.9586523,1.1707456,1.9723766,1.1789564,1.9067366,1.1396787
2006-08-21,2.1143983,1.2633271,1.9594524,1.1707456,1.9731823,1.1789564,1.9075155,1.1396787
2006-08-22,2.1145516,1.2632463,1.9595944,1.1706707,1.9733253,1.178881,1.9077758,1.1396787
2006-08-23,2.1147108,1.2631694,1.9597419,1.1705994,1.9734739,1.1788093,1.9080355,1.1396787
2006-08-24,2.116123,1.2638413,1.9610507,1.1712221,1.9747918,1.1794363,1.9082948,1.1396787
2006-08-25,2.1137871,1.2622745,1.9592855,1.1700087,1.9730143,1.1782144,1.90823,1.1394851
2006-08-28,2.1145994,1.2622428,1.9616742,1.1709562,1.9754197,1.1791686,1.9076829,1.138692
2006-08-29,2.1158062,1.2627914,1.9611977,1.1705123,1.9749398,1.1787216,1.9092282,1.1394593
2006-08-30,2.1203116,1.2653094,1.9607336,1.1700769,1.9744726,1.1782831,1.9133732,1.1417789
2006-08-31,2.1268986,1.2690697,1.9643376,1.1720699,1.9781018,1.1802901,1.9159017,1.1431339
2006-09-01,2.1293871,1.2703835,1.9668566,1.1734149,1.9806384,1.1816445,1.91616,1.1431339
2006-09-05,2.1257939,1.267559,1.9630561,1.1705188,1.9766636,1.17864,1.9171868,1.1431339
2006-09-06,2.1250933,1.2669721,1.9621746,1.169837,1.9769567,1.1786575,1.9174426,1.1431339
2006-09-07,2.1257978,1.2672241,1.9628765,1.1701003,1.9776659,1.178924,1.9176969,1.1431339
2006-09-08,2.1246932,1.2663976,1.9618566,1.1693372,1.9754608,1.1774531,1.9179512,1.1431339
2006-09-11,2.1269231,1.2672271,1.9639156,1.1701031,1.9787152,1.1789284,1.9187078,1.1431339
2006-09-12,2.1254593,1.266188,1.962564,1.1691436,1.9761821,1.1772638,1.9189607,1.1431339
2006-09-13,2.1264654,1.2666215,1.9634929,1.1695439,1.9764998,1.1772989,1.919212,1.1431339
2006-09-14,2.1252849,1.2657522,1.962403,1.1687412,1.976641,1.1772285,1.9194639,1.1431339
2006-09-15,2.1248354,1.2653173,1.9619878,1.1683396,1.9768428,1.1771932,1.9197173,1.1431339
2006-09-18,2.1249451,1.2648803,1.9620892,1.1679361,1.9775681,1.1771578,1.9204794,1.1431339
2006-09-19,2.1301519,1.2678126,1.9668969,1.1706437,1.9782287,1.1773956,1.920733,1.1431339
2006-09-20,2.1302814,1.2677223,1.9670165,1.1705603,1.978349,1.1773117,1.9209867,1.1431339
2006-09-21,2.1243302,1.2640137,1.9615214,1.1671359,1.9728222,1.1738675,1.9212398,1.1431339
2006-09-22,2.1189152,1.2606258,1.9565214,1.1640077,1.9677935,1.1707213,1.921492,1.1431339
2006-09-25,2.1144647,1.2574807,1.9527186,1.161286,1.9639687,1.1679839,1.9218878,1.1429184
2006-09-26,2.1164235,1.2584816,1.9582042,1.1643969,1.9694859,1.1711127,1.9177856,1.1403298
2006-09-27,2.1145378,1.2571962,1.9576937,1.1639415,1.96911,1.1707365,1.9165817,1.1394652
2006-09-28,2.1099913,1.2543291,1.9571618,1.1634735,1.9696854,1.1709259,1.9125011,1.1368906
2006-09-29,2.1055544,1.2515282,1.9545821,1.1617885,1.9687461,1.1702151,1.9109446,1.1358174
2006-10-02,2.1111553,1.2543667,1.9597815,1.1644235,1.9712719,1.1712577,1.9116938,1.1358174
2006-10-03,2.1108189,1.2540033,1.9594692,1.1640861,1.9715198,1.1712522,1.9119431,1.1358174
2006-10-04,2.1188727,1.2586237,1.9669455,1.1683752,1.9753408,1.1733688,1.9121935,1.1358174
2006-10-05,2.115782,1.2566222,1.9640764,1.1665173,1.9724595,1.171503,1.9124449,1.1358174
2006-10-06,2.1160608,1.2566222,1.9643352,1.1665173,1.9727194,1.171503,1.912697,1.1358174
2006-10-10,2.1171785,1.2566222,1.9653728,1.1665173,1.9737614,1.171503,1.9137073,1.1358174
2006-10-11,2.117461,1.2566222,1.965635,1.1665173,1.9740248,1.171503,1.9139626,1.1358174
2006-10-12,2.1177447,1.2566222,1.9658984,1.1665173,1.9742892,1.171503,1.914219,1.1358174
2006-10-13,2.1180307,1.2566222,1.9661639,1.1665173,1.9745559,1.171503,1.9144776,1.1358174
2006-10-16,2.1188872,1.2566222,1.966959,1.1665173,1.9753544,1.171503,1.9152518,1.1358174
2006-10-17,2.1190303,1.2565363,1.9670918,1.1664375,1.9756228,1.171503,1.915512,1.1358174
2006-10-18,2.1204915,1.257232,1.9684482,1.1670833,1.9758913,1.171503,1.9157723,1.1358174
2006-10-19,2.1207151,1.2571937,1.9686558,1.1670478,1.9760865,1.1714595,1.9160327,1.1358174
2006-10-20,2.1224969,1.2580789,1.9703099,1.1678694,1.9766537,1.1716363,1.9162936,1.1358174
2006-10-23,2.126405,1.2598825,1.9739378,1.1695437,1.9786441,1.1723384,1.9170748,1.1358174
2006-10-24,2.12739,1.2602938,1.9748521,1.1699255,1.9792122,1.1725147,1.9173369,1.1358174
2006-10-25,2.1258536,1.259211,1.9741773,1.1693655,1.9777257,1.1714735,1.9172219,1.1355937
2006-10-26,2.1423188,1.2687917,1.9743672,1.1693181,1.9760182,1.1703019,1.9250382,1.1400681
2006-10-27,2.1620039,1.2802768,1.9788982,1.1718417,1.9792024,1.1720278,1.9329018,1.1445693
2006-10-30,2.162115,1.2798185,1.9790895,1.1714754,1.9799697,1.1720024,1.9336369,1.1445361
2006-10-31,2.189012,1.2955654,1.9852868,1.1749842,1.9843388,1.174429,1.9442484,1.1506613
2006-11-01,2.190781,1.2964367,1.9883514,1.1766386,1.9874958,1.1761382,1.944512,1.1506613
2006-11-02,2.1922969,1.2971582,1.9887639,1.1767235,1.9862401,1.1752359,1.9447752,1.1506613
2006-11-03,2.2097937,1.3073354,2.0046363,1.1859557,2.0039743,1.18557,1.9450384,1.1506613
2006-11-06,2.2100426,1.3069496,2.0048621,1.1856058,2.0035878,1.1848581,1.9458314,1.1506613
2006-11-07,2.2036564,1.3029955,1.9990688,1.1820188,1.9966788,1.1806113,1.9460958,1.1506613
2006-11-08,2.1997836,1.3005288,1.9955556,1.1797811,1.993653,1.1786621,1.9463597,1.1506613
2006-11-09,2.1977289,1.299137,1.9936916,1.1785185,1.9906647,1.1767349,1.9466247,1.1506613
2006-11-10,2.2016107,1.301255,1.997213,1.1804399,1.9947965,1.1790173,1.9468892,1.1506613
2006-11-13,2.19946,1.2994523,1.995262,1.1788046,1.9927917,1.1773508,1.9476845,1.1506613
2006-11-14,2.2040017,1.301959,1.9993821,1.1810786,1.9980665,1.1803072,1.9479492,1.1506613
2006-11-15,2.1982076,1.2983594,1.9941259,1.1778131,1.9927617,1.1770131,1.9482139,1.1506613
2006-11-16,2.1950732,1.2963316,1.9912824,1.1759736,1.9870791,1.1734968,1.9484787,1.1506613
2006-11-17,2.1953715,1.2963316,1.991553,1.1759736,1.9873491,1.1734968,1.9487434,1.1506613
2006-11-20,2.1961315,1.2962519,1.9922425,1.1759013,1.9881593,1.1734968,1.9495379,1.1506613
2006-11-21,2.1957711,1.2958634,1.9919155,1.1755489,1.988304,1.1734231,1.9498023,1.1506613
2006-11-22,2.1950105,1.2952391,1.9912256,1.1749826,1.9880865,1.1731359,1.9500662,1.1506613
2006-11-24,2.1935321,1.2940176,1.9903317,1.1741383,1.9876486,1.1725612,1.9502704,1.1504716
2006-11-27,2.1947749,1.2942285,1.9897472,1.1733197,1.9879896,1.1722892,1.9522888,1.1511979
2006-11-28,2.1963644,1.2949914,1.9858419,1.1708587,1.98627,1.1711172,1.9564012,1.1534677
2006-11-29,2.1938427,1.2933304,1.9853686,1.1704221,1.9868011,1.1712727,1.9553529,1.1526945
2006-11-30,2.2125478,1.3041836,1.9920535,1.1742055,1.9900643,1.1730389,1.9630414,1.1570718
2006-12-01,2.2216023,1.3093456,2.000246,1.178877,1.9933356,1.1748097,1.9633049,1.1570718
2006-12-04,2.222337,1.3092513,2.0009068,1.1787916,1.9940864,1.1747791,1.9640956,1.1570718
2006-12-05,2.2224462,1.3091406,2.001004,1.1786913,1.9943363,1.1747692,1.9643582,1.1570718
2006-12-06,2.2197024,1.3073501,1.9985279,1.1770758,1.9918016,1.1731197,1.9646197,1.1570718
2006-12-07,2.2203285,1.3075447,1.9990916,1.1772511,1.9926342,1.1734539,1.9648813,1.1570718
2006-12-08,2.2229015,1.3088862,2.0014082,1.1784589,1.9968095,1.1757568,1.9651424,1.1570718
2006-12-11,2.2224944,1.3081258,2.0010416,1.1777742,1.9953848,1.1744502,1.9659242,1.1570718
2006-12-12,2.2218126,1.3075521,2.0004277,1.1772577,1.9939738,1.1734649,1.9661832,1.1570718
2006-12-13,2.2247933,1.309134,2.0031115,1.178682,1.9991078,1.1763316,1.9664423,1.1570718
2006-12-14,2.2238272,1.3083926,2.0022417,1.1780145,1.9992731,1.1762736,1.966702,1.1570718
2006-12-15,2.2241154,1.3083891,2.0025011,1.1780112,1.9995372,1.1762733,1.9669623,1.1570718
2006-12-18,2.2249754,1.3083799,2.0032754,1.178003,2.0003232,1.1762726,1.9677367,1.1570718
2006-12-19,2.225136,1.3083008,2.00342,1.1779318,2.0005779,1.1762664,1.9679976,1.1570718
2006-12-20,2.2251429,1.3081314,2.0034263,1.1777793,2.0007069,1.1761863,1.9682586,1.1570718
2006-12-21,2.2201274,1.3050094,1.9989105,1.1749683,1.998288,1.1746082,1.9685196,1.1570718
2006-12-22,2.2263381,1.308487,2.0049846,1.1783829,2.0022478,1.1767801,1.9684634,1.1568854
2006-12-26,2.231289,1.3106999,2.0056482,1.1781453,2.0028608,1.1765136,1.9720001,1.1583478
2006-12-27,2.2269907,1.3080001,2.011467,1.1814062,2.0063477,1.1784049,1.9659051,1.1546131
2006-12-28,2.2186339,1.302918,2.0116583,1.1813615,2.0087852,1.17968,1.9611055,1.1516407
2006-12-29,2.2156935,1.3010174,2.0114262,1.1810676,2.0090526,1.1796796,1.9597825,1.1507102
2007-01-02,2.2188956,1.3022005,2.0143386,1.1821448,2.0102069,1.1797252,1.9608327,1.1507102
2007-01-03,2.2222852,1.3040134,2.0174272,1.1837974,2.0106399,1.1798196,1.9610981,1.1507102
2007-01-04,2.2276784,1.3070024,2.0223369,1.1865187,2.0111022,1.1799319,1.9613625,1.1507102
2007-01-05,2.2256751,1.3056512,2.0205182,1.1852921,2.0113728,1.1799319,1.9616263,1.1507102
2007-01-08,2.2265751,1.3056512,2.0213353,1.1852921,2.0121861,1.1799319,1.9624196,1.1507102
2007-01-09,2.2268771,1.3056512,2.0216094,1.1852921,2.012459,1.1799319,1.9626857,1.1507102
2007-01-10,2.2271791,1.3056512,2.0218836,1.1852921,2.0127319,1.1799319,1.9629519,1.1507102
2007-01-11,2.2274818,1.3056512,2.0221583,1.1852921,2.0130054,1.1799319,1.9632186,1.1507102
2007-01-12,2.2277857,1.3056512,2.0224342,1.1852921,2.0132801,1.1799319,1.9634865,1.1507102
2007-01-16,2.2289966,1.3056512,2.0235335,1.1852921,2.0143744,1.1799319,1.9645537,1.1507102
2007-01-17,2.2291664,1.3055725,2.0236877,1.1852207,2.0146062,1.1799067,1.9648218,1.1507102
2007-01-18,2.228268,1.3048678,2.0228721,1.184581,2.0145412,1.1797073,1.9650904,1.1507102
2007-01-19,2.2324221,1.3071221,2.0266433,1.1866274,2.0155082,1.1801123,1.9653591,1.1507102
2007-01-22,2.2317706,1.3062024,2.0260518,1.1857925,2.0160054,1.1799174,1.9661684,1.1507102
2007-01-23,2.235953,1.3084713,2.0298487,1.1878523,2.0168013,1.1802217,1.9664377,1.1507102
2007-01-24,2.2355396,1.3080498,2.0294734,1.1874696,2.0168449,1.1800852,1.9667076,1.1507102
2007-01-25,2.2361983,1.308256,2.0303949,1.1878461,2.0166952,1.1798359,1.9668203,1.1506184
2007-01-26,2.2342206,1.3069194,2.029902,1.1873947,2.0168861,1.1797856,1.9664592,1.1502493
2007-01-29,2.231675,1.3048932,2.0301966,1.1870791,2.0177123,1.1797841,1.9660044,1.1495105
2007-01-30,2.2358698,1.3071669,2.0314331,1.1876391,2.0180381,1.1798126,1.9675233,1.1502409
2007-01-31,2.2435382,1.3114711,2.0322446,1.1879509,2.0176471,1.1794224,1.9707738,1.1519836
2007-02-01,2.2445212,1.3118664,2.033135,1.1883089,2.0193312,1.1802457,1.9710433,1.1519836
2007-02-02,2.2438977,1.3113223,2.0325703,1.1878161,2.0183403,1.1795048,1.9713133,1.1519836
2007-02-05,2.2412475,1.3092335,2.0301696,1.1859241,2.0152101,1.1771899,1.972125,1.1519836
2007-02-06,2.2346671,1.3052095,2.024209,1.182279,2.0077316,1.1726594,1.9723962,1.1519836
2007-02-07,2.2337571,1.3044988,2.0233847,1.1816353,2.0033662,1.1699487,1.972667,1.1519836
2007-02-08,2.2307378,1.3025562,2.0206497,1.1798756,2.001252,1.1685531,1.9729383,1.1519836
2007-02-09,2.2191539,1.2956126,2.0101568,1.1735861,1.9901321,1.1618991,1.9732102,1.1519836
2007-02-12,2.2173195,1.2940071,2.0084952,1.1721318,1.989026,1.1607739,1.9740243,1.1519836
2007-02-13,2.2137791,1.2917623,2.0052882,1.1700983,1.9854433,1.1585228,1.9742969,1.1519836
2007-02-14,2.2197858,1.2950892,2.0107292,1.173112,1.9972403,1.1652468,1.974569,1.1519836
2007-02-15,2.2162793,1.2928653,2.007553,1.1710975,1.9974109,1.165186,1.9748406,1.1519836
2007-02-16,2.2166246,1.2928886,2.0078657,1.1711186,1.9976983,1.1651932,1.9751127,1.1519836
2007-02-20,2.2161177,1.2918788,2.0074066,1.1702039,1.998203,1.1648439,1.9762036,1.1519836
2007-02-21,2.217449,1.2924762,2.0086125,1.170745,1.998738,1.1649946,1.976477,1.1519836
2007-02-22,2.2165826,1.2917927,2.0081969,1.1703411,1.999014,1.1649946,1.9764043,1.1517821
2007-02-23,2.2314816,1.3002969,2.0143112,1.1737425,1.9992905,1.1649946,1.9835874,1.1558088
2007-02-26,2.2469719,1.3087835,2.020911,1.177101,2.0001204,1.1649946,1.9913159,1.1598324
2007-02-27,2.290517,1.3339659,2.0412745,1.1887991,2.0003971,1.1649946,2.0098725,1.1704801
2007-02-28,2.2718358,1.3229038,2.0341666,1.1844971,2.0006706,1.1649946,2.0012672,1.1653087
2007-03-01,2.2728689,1.3233239,2.0355052,1.185114,2.0009452,1.1649946,2.0015418,1.1653087
2007-03-02,2.2731803,1.3233239,2.035784,1.185114,2.0012193,1.1649946,2.001816,1.1653087
2007-03-05,2.2741107,1.3233239,2.0366173,1.185114,2.0020384,1.1649946,2.0026354,1.1653087
2007-03-06,2.2742644,1.3232331,2.0367549,1.1850327,2.0020483,1.1648418,2.0029081,1.1653087
2007-03-07,2.2727117,1.3221488,2.0353644,1.1840616,1.9991839,1.1630159,2.0031819,1.1653087
2007-03-08,2.2736564,1.3225184,2.0362104,1.1843926,2.0005251,1.1636378,2.0034547,1.1653087
2007-03-09,2.2789513,1.3254189,2.0409523,1.1869901,2.0091891,1.1685195,2.0037264,1.1653087
2007-03-12,2.2780353,1.3243458,2.040132,1.1860291,2.0068965,1.1667098,2.0045432,1.1653087
2007-03-13,2.2742869,1.3219867,2.0367751,1.1839164,2.0005819,1.1628803,2.0048156,1.1653087
2007-03-14,2.2727177,1.3208956,2.0353698,1.1829393,2.0007088,1.1627966,2.005087,1.1653087
2007-03-15,2.2723932,1.320529,2.0350791,1.182611,2.0009301,1.1627685,2.0053572,1.1653087
2007-03-16,2.2720688,1.3201629,2.0347886,1.1822831,2.0011509,1.1627404,2.005627,1.1653087
2007-03-19,2.2710987,1.3190675,2.0339199,1.1813021,2.0018122,1.1626564,2.0064348,1.1653087
2007-03-20,2.2724822,1.3196929,2.0351588,1.1818622,2.0021652,1.1627044,2.0067058,1.1653087
2007-03-21,2.2726502,1.3196126,2.0353093,1.1817902,2.0024351,1.1627044,2.0069763,1.1653087
2007-03-22,2.27671,1.3217923,2.0389451,1.1837424,2.0026933,1.1626979,2.0072462,1.1653087
2007-03-23,2.2799203,1.323478,2.0418202,1.185252,2.0030986,1.1627765,2.0075168,1.1653087
2007-03-26,2.2759317,1.3206253,2.0387085,1.1829645,2.0037371,1.162675,2.0080154,1.1651249
2007-03-27,2.2744349,1.3195783,2.0410653,1.1841722,2.0040985,1.1627277,2.0057399,1.1636472
2007-03-28,2.2717274,1.3178293,2.0386587,1.182616,2.0043706,1.1627285,2.005995,1.1636381
2007-03-29,2.2666307,1.3146951,2.037777,1.1819451,2.0047535,1.1627939,2.003725,1.1621644
2007-03-30,2.263722,1.3128311,2.0374751,1.181611,2.0049761,1.1627666,2.002404,1.1612419
2007-04-02,2.2634195,1.3121269,2.0372029,1.1809773,2.0057801,1.1627646,2.0032105,1.1612419
2007-04-03,2.2608671,1.3104708,2.0349056,1.1794867,2.0059571,1.1627107,2.0034799,1.1612419
2007-04-04,2.2626707,1.3113399,2.0365289,1.1802689,2.0062716,1.1627366,2.0037495,1.1612419
2007-04-05,2.261625,1.3105571,2.0355878,1.1795644,2.0064377,1.1626762,2.0040196,1.1612419
2007-04-06,2.2619286,1.3105571,2.035861,1.1795644,2.0067071,1.1626762,2.0042886,1.1612419
2007-04-09,2.2628415,1.3105571,2.0366826,1.1795644,2.0075169,1.1626762,2.0050974,1.1612419
2007-04-10,2.2631446,1.3105571,2.0369555,1.1795644,2.0077859,1.1626762,2.0053661,1.1612419
2007-04-11,2.2634478,1.3105571,2.0372284,1.1795644,2.0080549,1.1626762,2.0056347,1.1612419
2007-04-12,2.2637517,1.3105571,2.0375019,1.1795644,2.0083244,1.1626762,2.005904,1.1612419
2007-04-13,2.2640549,1.3105571,2.0377748,1.1795644,2.0085935,1.1626762,2.0061727,1.1612419
2007-04-16,2.2649631,1.3105571,2.0385922,1.1795644,2.0093991,1.1626762,2.0069774,1.1612419
2007-04-17,2.2652659,1.3105571,2.0388647,1.1795644,2.0096678,1.1626762,2.0072457,1.1612419
2007-04-18,2.265438,1.3104818,2.0390196,1.1794966,2.0099359,1.1626762,2.0075135,1.1612419
2007-04-19,2.2656149,1.3104097,2.0391789,1.1794317,2.0101578,1.1626497,2.0077808,1.1612419
2007-04-20,2.2659477,1.310428,2.0394784,1.1794482,2.0104287,1.1626519,2.0080476,1.1612419
2007-04-23,2.2647467,1.3092111,2.0383975,1.1783529,2.010876,1.1624471,2.0088481,1.1612419
2007-04-24,2.2601336,1.3063704,2.034732,1.1760774,2.0104149,1.1620261,2.0087782,1.1610472
2007-04-25,2.2586412,1.3053345,2.0392241,1.1785179,2.0114171,1.1624513,2.0049976,1.1587081
2007-04-26,2.2524191,1.3015659,2.0394318,1.178482,2.0123265,1.162823,2.0012311,1.1563781
2007-04-27,2.2483935,1.2990678,2.0396781,1.1784687,2.0125891,1.1628212,1.9988135,1.1548284
2007-04-30,2.2738876,1.3132841,2.0477803,1.182684,2.0148418,1.163663,2.009964,1.1608142
2007-05-01,2.2717948,1.3119031,2.0458877,1.1814357,2.0145392,1.1633356,2.0102278,1.1608142
2007-05-02,2.2714817,1.3115512,2.045583,1.1811057,2.0146664,1.1632573,2.01049,1.1608142
2007-05-03,2.2737662,1.3126988,2.0475936,1.1821123,2.0142201,1.1628476,2.0107527,1.1608142
2007-05-04,2.2691643,1.3098708,2.0434933,1.1795909,2.0130467,1.1620185,2.0110149,1.1608142
2007-05-07,2.2683824,1.308907,2.0428036,1.1787313,2.0134635,1.1618045,2.0118017,1.1608142
2007-05-08,2.2681946,1.3086276,2.0426526,1.1784901,2.0138419,1.161871,2.0120646,1.1608142
2007-05-09,2.2666256,1.3075517,2.0412397,1.1775213,2.0127815,1.1611077,2.012327,1.1608142
2007-05-10,2.2683747,1.3083909,2.0428148,1.178277,2.0139366,1.1616233,2.0125883,1.1608142
2007-05-11,2.2659867,1.306844,2.0406643,1.1768839,2.011748,1.1602103,2.0128491,1.1608142
2007-05-14,2.2645871,1.3055288,2.0394038,1.1756995,2.0107363,1.1591759,2.0136317,1.1608142
2007-05-15,2.2626622,1.3042499,2.0376704,1.1745478,2.0084164,1.1576882,2.0138926,1.1608142
2007-05-16,2.2629551,1.3042508,2.0379342,1.1745486,2.0086764,1.157689,2.0141519,1.1608142
2007-05-17,2.2608707,1.3028843,2.036057,1.173318,2.0068262,1.1564761,2.0144069,1.1608142
2007-05-18,2.2611606,1.3028843,2.0363181,1.173318,2.0070835,1.1564761,2.0146652,1.1608142
2007-05-21,2.2619059,1.3028105,2.0369892,1.1732515,2.0078489,1.1564704,2.0154434,1.1608142
2007-05-22,2.2630813,1.3033176,2.0380478,1.1737082,2.0081142,1.1564724,2.0157063,1.1608142
2007-05-23,2.2661383,1.3049071,2.0408008,1.1751396,2.0093676,1.1570424,2.0159708,1.1608142
2007-05-24,2.2658929,1.3045953,2.0410672,1.1751394,2.0096307,1.1570428,2.0158327,1.160583
2007-05-25,2.2667687,1.304929,2.0418538,1.1754388,2.010197,1.1572176,2.016098,1.160584
2007-05-29,2.2660593,1.3038413,2.0450705,1.1766786,2.0119447,1.1576213,2.0139528,1.158745
2007-05-30,2.2661394,1.3037174,2.0450235,1.1764981,2.0122985,1.1576739,2.0142189,1.158747
2007-05-31,2.2583225,1.2990521,2.0418092,1.1744971,2.0113576,1.1569832,2.0108813,1.1566774
2007-06-01,2.2526381,1.2956185,2.0356887,1.1708285,2.009264,1.1556331,2.0111347,1.1566774
2007-06-04,2.2541503,1.295992,2.0371543,1.171223,2.0104039,1.1558461,2.011905,1.1566774
2007-06-05,2.2502424,1.2935791,2.0329876,1.1686772,2.0084375,1.1545674,2.012163,1.1566774
2007-06-06,2.2506838,1.2936662,2.0335368,1.1688425,2.0078557,1.1540842,2.0124221,1.1566774
2007-06-07,2.2627704,1.300448,2.0444574,1.1749699,2.028247,1.1656572,2.0126796,1.1566774
2007-06-08,2.2638961,1.3009285,2.0454744,1.175404,2.0299402,1.1664811,2.0129371,1.1566774
2007-06-11,2.2664154,1.3018801,2.0477506,1.1762638,2.0335545,1.1681132,2.0137048,1.1566774
2007-06-12,2.2764008,1.3074518,2.0567726,1.1812979,2.0507713,1.1778556,2.0139585,1.1566774
2007-06-13,2.2813127,1.3101086,2.0612107,1.1836983,2.0513923,1.1780642,2.0142118,1.1566774
2007-06-14,2.279306,1.3087936,2.0593976,1.1825102,2.0514675,1.1779611,2.0144618,1.1566774
2007-06-15,2.2850003,1.3119012,2.0645425,1.185318,2.0521459,1.1782048,2.0147113,1.1566774
2007-06-18,2.2866596,1.3123762,2.0660416,1.1857471,2.0529578,1.178242,2.0154448,1.1566774
2007-06-19,2.2912384,1.314842,2.0701787,1.187975,2.0535041,1.1784099,2.0156939,1.1566774
2007-06-20,2.2934965,1.315975,2.0722189,1.1889986,2.0542923,1.1787163,2.0159435,1.1566774
2007-06-21,2.2951102,1.3167346,2.0736769,1.189685,2.0553367,1.1791667,2.0161981,1.1566774
2007-06-22,2.2883982,1.312719,2.0676125,1.1860569,2.0518662,1.177028,2.0164505,1.1566774
2007-06-25,2.2819927,1.3085493,2.0620948,1.1824443,2.0485317,1.1746711,2.0170489,1.1565842
2007-06-26,2.284275,1.3096899,2.0652199,1.1840843,2.050543,1.1756735,2.0166664,1.1562163
2007-06-27,2.2838986,1.3093059,2.0637888,1.1831117,2.0493185,1.1748204,2.017583,1.1565933
2007-06-28,2.2773697,1.3053965,2.0611005,1.1814202,2.0476456,1.173712,2.0159017,1.1554824
2007-06-29,2.2943341,1.3149546,2.067,1.1846516,2.0516936,1.1758831,2.0218651,1.1587537
2007-07-02,2.2962189,1.3155291,2.0686981,1.1851691,2.053167,1.1762753,2.0226429,1.1587537
2007-07-03,2.2938281,1.313986,2.0665442,1.1837789,2.0516831,1.1752701,2.0229094,1.1587537
2007-07-05,2.2912483,1.3121619,2.06422,1.1821356,2.0493756,1.1736386,2.0234426,1.1587537
2007-07-06,2.2915502,1.3121619,2.0644921,1.1821356,2.0496457,1.1736386,2.0237092,1.1587537
2007-07-09,2.2924562,1.3121619,2.0653082,1.1821356,2.050456,1.1736386,2.0245093,1.1587537
2007-07-10,2.2927596,1.3121619,2.0655815,1.1821356,2.0507273,1.1736386,2.0247772,1.1587537
2007-07-11,2.2930617,1.3121619,2.0658537,1.1821356,2.0509975,1.1736386,2.025044,1.1587537
2007-07-12,2.2933639,1.3121619,2.066126,1.1821356,2.0512678,1.1736386,2.0253109,1.1587537
2007-07-13,2.2936674,1.3121619,2.0663994,1.1821356,2.0515393,1.1736386,2.0255789,1.1587537
2007-07-16,2.2945779,1.3121619,2.0672197,1.1821356,2.0523537,1.1736386,2.026383,1.1587537
2007-07-17,2.2948822,1.3121619,2.0674938,1.1821356,2.0526259,1.1736386,2.0266517,1.1587537
2007-07-18,2.2950296,1.3120729,2.0676267,1.1820554,2.0528146,1.1735915,2.0269193,1.1587537
2007-07-19,2.2970706,1.3130664,2.0694654,1.1829505,2.0539582,1.1740903,2.027187,1.1587537
2007-07-20,2.2877195,1.307547,2.0610409,1.177978,2.0474138,1.1701937,2.0274558,1.1587537
2007-07-23,2.2897923,1.3082126,2.0629083,1.1785777,2.0490335,1.1706549,2.0282607,1.1587537
2007-07-24,2.2861776,1.3059726,2.0596518,1.1765596,2.0464746,1.1690364,2.0285319,1.1587537
2007-07-25,2.2827754,1.3038545,2.0570615,1.1749226,2.0446862,1.1678585,2.0285459,1.1586068
2007-07-26,2.3109773,1.3197893,2.0578611,1.1752232,2.0415642,1.1659201,2.0422675,1.1662899
2007-07-27,2.3095816,1.3188194,2.0585666,1.1754722,2.0422727,1.1661721,2.0414921,1.1656944
2007-07-30,2.3023018,1.3141509,2.055843,1.173461,2.0402416,1.1645598,2.0402078,1.1645088
2007-07-31,2.3144971,1.3209384,2.059548,1.1754208,2.0432751,1.1661376,2.0443813,1.1667372
2007-08-01,2.3145656,1.320803,2.0595975,1.1752938,2.0433375,1.1660192,2.0446513,1.1667372
2007-08-02,2.3138698,1.3202341,2.0589784,1.1747876,2.0429269,1.1656332,2.0449173,1.1667372
2007-08-03,2.3115192,1.3187211,2.0568867,1.1734412,2.0396288,1.1635997,2.0451835,1.1667372
2007-08-06,2.3132338,1.3191877,2.0584125,1.1738564,2.0413464,1.1641281,2.0459769,1.1667372
2007-08-07,2.3156405,1.3203888,2.060554,1.1749253,2.0444862,1.1657675,2.0462426,1.1667372
2007-08-08,2.3200318,1.3227192,2.0644616,1.1769989,2.0496318,1.1685482,2.0465117,1.1667372
2007-08-09,2.3229106,1.3241861,2.0670233,1.1783042,2.0541923,1.1709943,2.0467814,1.1667372
2007-08-10,2.321665,1.3233066,2.0659149,1.1775216,2.0522836,1.1697564,2.0470432,1.1667372
2007-08-13,2.3251395,1.3248041,2.0690066,1.1788542,2.0565805,1.1717786,2.0477903,1.1667372
2007-08-14,2.3290504,1.3268651,2.0724867,1.1806881,2.0620716,1.1747593,2.0480489,1.1667372
2007-08-15,2.3306897,1.3276351,2.0739454,1.1813732,2.0650557,1.1763142,2.048302,1.1667372
2007-08-16,2.3352581,1.3300883,2.0780106,1.1835561,2.0691034,1.1784878,2.0485321,1.1667372
2007-08-17,2.3354942,1.3300883,2.0782207,1.1835561,2.0693126,1.1784878,2.0487392,1.1667372
2007-08-20,2.3361948,1.3300883,2.0788441,1.1835561,2.0699334,1.1784878,2.0493538,1.1667372
2007-08-21,2.3363919,1.3300883,2.0790196,1.1835561,2.0701081,1.1784878,2.0495267,1.1667372
2007-08-22,2.336515,1.3300304,2.0791291,1.1835047,2.0702171,1.1784365,2.0497238,1.1667372
2007-08-23,2.3386417,1.3311105,2.0810215,1.1844658,2.0721014,1.1793935,2.0499248,1.1667372
2007-08-24,2.3453003,1.3347623,2.0869466,1.1877153,2.0780011,1.1826291,2.0501377,1.1667372
2007-08-27,2.343514,1.3332926,2.0858289,1.186676,2.0768883,1.1815943,2.0506018,1.1666053
2007-08-28,2.3469778,1.3350989,2.0756608,1.1807448,2.0667637,1.1756885,2.0573683,1.1703109
2007-08-29,2.3414002,1.3317695,2.0782341,1.1820702,2.069326,1.1770082,2.0538896,1.1681949
2007-08-30,2.3525063,1.3379449,2.0767256,1.1810865,2.0678239,1.1760287,2.0597245,1.1713894
2007-08-31,2.3416893,1.3316559,2.0732499,1.1789888,2.0643631,1.17394,2.0569238,1.1696766
2007-09-04,2.3431296,1.3319043,2.074525,1.1792087,2.0656328,1.174159,2.0578052,1.1696766
2007-09-05,2.3510465,1.3362458,2.0815344,1.1830525,2.0726121,1.1779863,2.0580504,1.1696766
2007-09-06,2.3476362,1.3341522,2.078515,1.1811989,2.0695064,1.1760842,2.0582895,1.1696766
2007-09-07,2.3479827,1.3341964,2.0788218,1.181238,2.0646211,1.1731733,2.0585252,1.1696766
2007-09-10,2.3467415,1.3330568,2.0777228,1.1802291,2.0619199,1.1712566,2.0591952,1.1696766
2007-09-11,2.3484699,1.3338977,2.0792531,1.1809735,2.0646258,1.1726698,2.059413,1.1696766
2007-09-12,2.3507029,1.3350198,2.0812301,1.181967,2.0681745,1.1745568,2.0596387,1.1696766
2007-09-13,2.3547137,1.3371539,2.0847812,1.1838565,2.0748215,1.1782053,2.0598604,1.1696766
2007-09-14,2.3554744,1.3374404,2.0854547,1.1841101,2.075086,1.1782273,2.0600845,1.1696766
2007-09-17,2.3559927,1.337306,2.0859136,1.1839912,2.0757329,1.178217,2.0607448,1.1696766
2007-09-18,2.3557574,1.3370241,2.0857052,1.1837415,2.0759251,1.1781954,2.0609735,1.1696766
2007-09-19,2.3551792,1.3365527,2.0851933,1.1833241,2.0760144,1.1781198,2.0611943,1.1696766
2007-09-20,2.3547473,1.3361673,2.0848109,1.182983,2.0788686,1.1796159,2.0614106,1.1696766
2007-09-21,2.3520925,1.3345258,2.0824604,1.1815297,2.0765248,1.1781667,2.061619,1.1696766
2007-09-24,2.3518438,1.3339855,2.082692,1.1813076,2.0767556,1.1779452,2.0620121,1.1695498
2007-09-25,2.3485448,1.3319768,2.0797195,1.1794999,2.0737917,1.1761427,2.0622498,1.1695641
2007-09-26,2.3479878,1.3315259,2.0791716,1.1790696,2.0732453,1.1757136,2.062486,1.1695795
2007-09-27,2.3571463,1.3365868,2.0781835,1.1783916,2.07226,1.1750376,2.0672042,1.1721384
2007-09-28,2.3538621,1.334592,2.0774883,1.1778806,2.0715668,1.174528,2.0663148,1.1715179
2007-10-01,2.3525722,1.3334526,2.0763499,1.176875,2.0704316,1.1735253,2.0669466,1.1715179
2007-10-02,2.3556505,1.3350575,2.0790667,1.1782914,2.0731407,1.1749377,2.0671635,1.1715179
2007-10-03,2.3530067,1.3334179,2.0767334,1.1768444,2.070814,1.1734948,2.0673821,1.1715179
2007-10-04,2.353894,1.3337798,2.0775165,1.1771637,2.0715949,1.1738132,2.0676008,1.1715179
2007-10-05,2.3541423,1.3337798,2.0777357,1.1771637,2.0718134,1.1738132,2.0678188,1.1715179
2007-10-09,2.3551459,1.3337798,2.0786214,1.1771637,2.0726967,1.1738132,2.0687004,1.1715179
2007-10-10,2.3554014,1.3337798,2.0788469,1.1771637,2.0729215,1.1738132,2.0689248,1.1715179
2007-10-11,2.3556563,1.3337798,2.0790719,1.1771637,2.0731459,1.1738132,2.0691487,1.1715179
2007-10-12,2.3559151,1.3337798,2.0793003,1.1771637,2.0733736,1.1738132,2.069376,1.1715179
2007-10-15,2.3567071,1.3337798,2.0799993,1.1771637,2.0740706,1.1738132,2.0700717,1.1715179
2007-10-16,2.3569776,1.3337798,2.0802381,1.1771637,2.0743087,1.1738132,2.0703093,1.1715179
2007-10-17,2.3571589,1.333731,2.080398,1.1771207,2.0744682,1.1737703,2.0705441,1.1715179
2007-10-18,2.3549054,1.3323131,2.0784091,1.1758693,2.072485,1.1725224,2.0707659,1.1715179
2007-10-19,2.3454296,1.3268185,2.0700459,1.1710199,2.0641457,1.1676868,2.0709736,1.1715179
2007-10-22,2.3496935,1.3288216,2.0738092,1.1727878,2.0678982,1.1694497,2.0716119,1.1715179
2007-10-23,2.3478285,1.3276249,2.0721631,1.1717316,2.0662568,1.1683965,2.0718332,1.1715179
2007-10-24,2.3429451,1.3247224,2.0678531,1.1691699,2.0619216,1.1658209,2.0720535,1.1715179
2007-10-25,2.3434994,1.3248997,2.0685917,1.1694673,2.062657,1.166117,2.0721414,1.1714472
2007-10-26,2.3381779,1.3217518,2.0678609,1.1689312,2.0614767,1.165327,2.0703728,1.1703241
2007-10-29,2.3408874,1.3228641,2.0682141,1.16876,2.0615225,1.1649832,2.0720524,1.1709023
2007-10-30,2.3391412,1.3217356,2.0676525,1.1683174,2.0605112,1.1642869,2.0717829,1.1706245
2007-10-31,2.3260806,1.3142159,2.0642759,1.1662859,2.0552156,1.1611715,2.0679097,1.1683123
2007-11-01,2.3226524,1.3121408,2.0612336,1.1644444,2.0472702,1.1565603,2.0681273,1.1683123
2007-11-02,2.3186261,1.3097328,2.0576604,1.1623074,2.0416708,1.1532795,2.0683375,1.1683123
2007-11-05,2.3223828,1.3114759,2.0609944,1.1638544,2.0465732,1.155715,2.0689359,1.1683123
2007-11-06,2.3258052,1.3132785,2.0640315,1.1654541,2.0508003,1.1579875,2.0691411,1.1683123
2007-11-07,2.324306,1.3123003,2.0627011,1.164586,2.0476363,1.1560848,2.0693486,1.1683123
2007-11-08,2.3271481,1.3137827,2.0652233,1.1659015,2.0524884,1.1587166,2.0695413,1.1683123
2007-11-09,2.3332308,1.3170979,2.0706214,1.1688435,2.0598221,1.162752,2.0697284,1.1683123
2007-11-13,2.3327065,1.3163415,2.0701561,1.1681723,2.0582367,1.1614506,2.070452,1.1683123
2007-11-14,2.3319769,1.3158068,2.0695086,1.1676977,2.0568207,1.160543,2.0706454,1.1683123
2007-11-15,2.3414921,1.3210557,2.0779529,1.1723558,2.0694535,1.1675651,2.0708343,1.1683123
2007-11-16,2.3427261,1.3216353,2.0790479,1.1728702,2.0705441,1.1680774,2.071017,1.1683123
2007-11-19,2.3433653,1.3216353,2.0796153,1.1728702,2.0711091,1.1680774,2.0715821,1.1683123
2007-11-20,2.3434969,1.3215893,2.079732,1.1728294,2.0711533,1.167996,2.0717706,1.1683123
2007-11-21,2.3387131,1.3187767,2.0754866,1.1703334,2.0625997,1.163071,2.0719505,1.1683123
2007-11-23,2.3424301,1.3206545,2.0787853,1.1719998,2.0681755,1.1660226,2.0722934,1.1683123
2007-11-26,2.3305344,1.3136058,2.0687055,1.1660135,2.0538459,1.1576418,2.0725922,1.1681782
2007-11-27,2.3150321,1.3047578,2.0775459,1.1708985,2.0663461,1.1645904,2.0614441,1.1617969
2007-11-28,2.3065454,1.2998646,2.0849814,1.1749904,2.0770493,1.1705245,2.0541506,1.1575884
2007-11-29,2.3260511,1.310751,2.0854217,1.1751426,2.0805562,1.1724052,2.062787,1.1623608
2007-11-30,2.3203905,1.3074563,2.0864649,1.1756364,2.0821594,1.1732148,2.0599262,1.1606558
2007-12-03,2.3297463,1.312397,2.0948774,1.1800789,2.0944508,1.1798435,2.0604477,1.1606558
2007-12-04,2.3299376,1.3123972,2.0950494,1.1800791,2.0946183,1.1798413,2.0606165,1.1606558
2007-12-05,2.3300508,1.3123532,2.0951513,1.1800395,2.0946451,1.1797594,2.0607858,1.1606558
2007-12-06,2.3263699,1.3101721,2.0918415,1.1780784,2.0912915,1.1777736,2.0609552,1.1606558
2007-12-07,2.3287177,1.3113859,2.0939526,1.1791698,2.0951707,1.1798608,2.0611257,1.1606558
2007-12-10,2.329925,1.3117381,2.0950381,1.1794865,2.0967706,1.1804669,2.0616407,1.1606558
2007-12-11,2.3264005,1.3096468,2.091869,1.177606,2.0905471,1.1768668,2.061809,1.1606558
2007-12-12,2.3280944,1.3104973,2.0933921,1.1783708,2.0933087,1.1783289,2.0619712,1.1606558
2007-12-13,2.3309166,1.3119851,2.0959298,1.1797086,2.098178,1.1809791,2.0621299,1.1606558
2007-12-14,2.3287453,1.3106623,2.0939774,1.1785192,2.0981546,1.1808754,2.0622881,1.1606558
2007-12-17,2.3309183,1.3115826,2.0959313,1.1793467,2.0987676,1.1809476,2.0627644,1.1606558
2007-12-18,2.3334354,1.3128908,2.0981947,1.180523,2.0990027,1.1809825,2.0629345,1.1606558
2007-12-19,2.3347844,1.3135426,2.0994076,1.181109,2.0958182,1.1790944,2.0631029,1.1606558
2007-12-20,2.3345016,1.3132809,2.0991533,1.1808737,2.094216,1.1781009,2.063264,1.1606558
2007-12-21,2.3415946,1.3171686,2.1055313,1.1843695,2.103079,1.1829948,2.0634251,1.1606558
2007-12-24,2.3452886,1.3189304,2.1092365,1.1861694,2.1080085,1.1854838,2.0637324,1.16055
2007-12-26,2.3379336,1.3145585,2.1132445,1.1882115,2.1136536,1.1884466,2.0589042,1.1576276
2007-12-27,2.3527866,1.3227933,2.1127463,1.1878259,2.114919,1.1890526,2.0658699,1.1614413
2007-12-28,2.3773952,1.3365168,2.1193053,1.1914129,2.1245164,1.1943478,2.0736418,1.1657124
2007-12-31,2.394169,1.3456062,2.1235888,1.1935174,2.1305806,1.1974527,2.07939,1.1686467
2008-01-02,2.4048449,1.3513638,2.133058,1.1986242,2.1443892,1.2049977,2.0797648,1.1686467
2008-01-03,2.4070489,1.3524846,2.135013,1.1996183,2.1475624,1.2066758,2.079946,1.1686467
2008-01-04,2.4097416,1.3538804,2.1374013,1.2008565,2.1499648,1.2079212,2.0801261,1.1686467
2008-01-07,2.4103595,1.3538804,2.1379494,1.2008565,2.1505161,1.2079212,2.0806595,1.1686467
2008-01-08,2.4105702,1.3538804,2.1381363,1.2008565,2.150704,1.2079212,2.0808414,1.1686467
2008-01-09,2.4107795,1.3538804,2.138322,1.2008565,2.1508908,1.2079212,2.0810221,1.1686467
2008-01-10,2.4109869,1.3538804,2.1385059,1.2008565,2.1510759,1.2079212,2.0812011,1.1686467
2008-01-11,2.4111957,1.3538804,2.1386911,1.2008565,2.1512621,1.2079212,2.0813813,1.1686467
2008-01-14,2.4117942,1.3538804,2.139222,1.2008565,2.1517961,1.2079212,2.0818979,1.1686467
2008-01-15,2.4119997,1.3538804,2.1394042,1.2008565,2.1519794,1.2079212,2.0820753,1.1686467
2008-01-16,2.4122038,1.3538804,2.1395853,1.2008565,2.1521616,1.2079212,2.0822516,1.1686467
2008-01-17,2.4124061,1.3538804,2.1397647,1.2008565,2.152342,1.2079212,2.0824261,1.1686467
2008-01-18,2.4125325,1.3538401,2.1398768,1.2008207,2.1523907,1.2078492,2.0825973,1.1686467
2008-01-22,2.405228,1.3493271,2.1333979,1.1968178,2.1387687,1.1998357,2.0832341,1.1686467
2008-01-23,2.4056702,1.3494902,2.1337901,1.1969624,2.1394256,1.2001286,2.0833653,1.1686467
2008-01-24,2.4169106,1.3557158,2.1437602,1.2024843,2.1535049,1.2079555,2.0834886,1.1686467
2008-01-25,2.4150398,1.3545802,2.1422728,1.2015736,2.1515002,1.2067542,2.0835375,1.1685998
2008-01-28,2.4142835,1.3539055,2.1415118,1.2009246,2.1498781,1.2056213,2.0839666,1.1686244
2008-01-29,2.4091575,1.3509459,2.1424119,1.201354,2.1496883,1.2054391,2.081447,1.1671382
2008-01-30,2.4009478,1.3462598,2.1412153,1.2006096,2.1471623,1.203949,2.078609,1.1654755
2008-01-31,2.4092193,1.3508181,2.1411921,1.2005255,2.1473647,1.2039913,2.0823238,1.1674894
2008-02-01,2.4084445,1.3503126,2.1405035,1.2000763,2.1469968,1.2037217,2.0824333,1.1674894
2008-02-04,2.4125189,1.3523683,2.1441246,1.2019033,2.1521566,1.2064107,2.0827859,1.1674894
2008-02-05,2.410291,1.3510372,2.1421446,1.2007202,2.1495569,1.2048801,2.0829126,1.1674894
2008-02-06,2.4118459,1.3518295,2.1435265,1.2014244,2.150932,1.2055802,2.0830347,1.1674894
2008-02-07,2.4129494,1.3523721,2.1445072,1.2019066,2.148822,1.2043298,2.0831517,1.1674894
2008-02-08,2.4197773,1.3561204,2.1505756,1.2052379,2.1579662,1.2093849,2.0832727,1.1674894
2008-02-11,2.4218038,1.3570131,2.1523766,1.2060313,2.1604435,1.2105565,2.083646,1.1674894
2008-02-12,2.4185842,1.3551254,2.1495152,1.2043536,2.1562962,1.2081581,2.0837744,1.1674894
2008-02-13,2.4148976,1.3529763,2.1462387,1.2024436,2.1516357,1.2054723,2.0839029,1.1674894
2008-02-14,2.4090179,1.3495998,2.1410131,1.1994428,2.1458684,1.2021678,2.0840296,1.1674894
2008-02-15,2.4091671,1.3495998,2.1411457,1.1994428,2.1460013,1.2021678,2.0841587,1.1674894
2008-02-19,2.4097374,1.3495998,2.1416525,1.1994428,2.1465092,1.2021678,2.084652,1.1674894
2008-02-20,2.4098142,1.3495604,2.1417208,1.1994078,2.146515,1.2020976,2.0847794,1.1674894
2008-02-21,2.405385,1.3469986,2.1377844,1.197131,2.1384951,1.1975338,2.084905,1.1674894
2008-02-22,2.4057992,1.3471512,2.1381525,1.1972666,2.1391056,1.1978052,2.0850278,1.1674894
2008-02-25,2.4147206,1.3519088,2.1463974,1.2016718,2.1552248,1.2066196,2.0852422,1.1674031
2008-02-26,2.4150263,1.3520003,2.1427845,1.1995783,2.1478424,1.2024154,2.087252,1.1684596
2008-02-27,2.4177143,1.3534277,2.1412846,1.1986699,2.1447124,1.2005943,2.0892636,1.1695188
2008-02-28,2.4375794,1.3644761,2.1409069,1.1983948,2.1438419,1.2000431,2.0981421,1.1744266
2008-02-29,2.4767476,1.3863317,2.1523452,1.2047364,2.1666405,1.2127438,2.1095011,1.1807249
2008-03-03,2.4788833,1.3873209,2.1542012,1.2055961,2.1700548,1.2144745,2.1098149,1.1807249
2008-03-04,2.476392,1.3858631,2.1520362,1.2043293,2.1655937,1.2119223,2.1099115,1.1807249
2008-03-05,2.4744378,1.3847076,2.150338,1.2033251,2.1620792,1.2099013,2.1100057,1.1807249
2008-03-06,2.4769768,1.3860716,2.1525444,1.2045104,2.1664333,1.2122882,2.1100924,1.1807249
2008-03-07,2.4751485,1.3849964,2.1509556,1.2035761,2.1633002,1.2104895,2.1101716,1.1807249
2008-03-10,2.4721963,1.3831828,2.14839,1.2020001,2.158134,1.2074574,2.1104179,1.1807249
2008-03-11,2.4766768,1.3856393,2.1522837,1.2041347,2.165544,1.2115592,2.1104948,1.1807249
2008-03-12,2.4732615,1.3836735,2.1493157,1.2024264,2.1597532,1.2082713,2.1105786,1.1807249
2008-03-13,2.4754314,1.3848325,2.1512014,1.2034336,2.1633379,1.2102288,2.1106625,1.1807249
2008-03-14,2.4774706,1.3859227,2.1529735,1.2043811,2.1648089,1.2110076,2.1107394,1.1807249
2008-03-17,2.4793653,1.3868506,2.1546201,1.2051874,2.1662,1.2116703,2.1109406,1.1807249
2008-03-18,2.4771188,1.3855526,2.1526678,1.2040594,2.1645322,1.2107012,2.1110037,1.1807249
2008-03-19,2.4775592,1.3857643,2.1530505,1.2042434,2.1635596,1.2101271,2.1110563,1.1807249
2008-03-20,2.4796124,1.3868899,2.1548348,1.2052216,2.1664658,1.2117326,2.111091,1.1807249
2008-03-24,2.4939655,1.3948237,2.1673079,1.2121161,2.1913995,1.2255961,2.1112344,1.1807249
2008-03-25,2.4914286,1.3933578,2.1653946,1.2110052,2.1874566,1.2233496,2.1111637,1.1806455
2008-03-26,2.4875349,1.3911317,2.1619263,1.2090233,2.1803731,1.2193456,2.1112782,1.1806685
2008-03-27,2.4819441,1.3879567,2.162781,1.2094592,2.1820212,1.2202248,2.1085617,1.1791083
2008-03-28,2.4983002,1.3970548,2.1664623,1.2114755,2.1893728,1.2242932,2.1137889,1.18199
2008-03-31,2.5038931,1.4000319,2.1690245,1.2127778,2.1943156,1.2269254,2.1151326,1.1826141
2008-04-01,2.4944181,1.3946818,2.1608166,1.2081433,2.1776267,1.2175482,2.1152114,1.1826141
2008-04-02,2.4906016,1.3924953,2.1575106,1.2062492,2.1708809,1.2137305,2.1152914,1.1826141
2008-04-03,2.4898996,1.3920497,2.1569024,1.2058632,2.1695744,1.2129538,2.115372,1.1826141
2008-04-04,2.4899938,1.3920497,2.156984,1.2058632,2.1696564,1.2129538,2.1154519,1.1826141
2008-04-07,2.490266,1.3920497,2.1572198,1.2058632,2.1698936,1.2129538,2.1156832,1.1826141
2008-04-08,2.4903635,1.3920497,2.1573043,1.2058632,2.1699786,1.2129538,2.1157661,1.1826141
2008-04-09,2.4904584,1.3920497,2.1573865,1.2058632,2.1700613,1.2129538,2.1158466,1.1826141
2008-04-10,2.4905464,1.3920497,2.1574627,1.2058632,2.170138,1.2129538,2.1159214,1.1826141
2008-04-11,2.4906317,1.3920497,2.1575366,1.2058632,2.1702123,1.2129538,2.1159939,1.1826141
2008-04-14,2.4908712,1.3920497,2.1577441,1.2058632,2.170421,1.2129538,2.1161974,1.1826141
2008-04-15,2.4909442,1.3920497,2.1578073,1.2058632,2.1704846,1.2129538,2.1162594,1.1826141
2008-04-16,2.4909545,1.3920139,2.1578163,1.2058322,2.1704378,1.2128915,2.1163226,1.1826141
2008-04-17,2.4947705,1.3941041,2.1611219,1.2076428,2.1770217,1.2165338,2.116387,1.1826141
2008-04-18,2.4975313,1.3956006,2.1635135,1.2089392,2.1817679,1.2191457,2.1164571,1.1826141
2008-04-21,2.4978957,1.3956528,2.1638291,1.2089844,2.1821678,1.2192369,2.1166868,1.1826141
2008-04-22,2.4991965,1.3963288,2.164956,1.20957,2.1843611,1.2204179,2.1167639,1.1826141
2008-04-23,2.4990949,1.3962238,2.164868,1.209479,2.1841081,1.2202344,2.116837,1.1826141
2008-04-24,2.5004347,1.3969249,2.1661802,1.2101711,2.1866817,1.2216308,2.1168347,1.1825727
2008-04-25,2.4967814,1.3948364,2.1653857,1.2096861,2.1850034,1.2206517,2.1157484,1.1819256
2008-04-28,2.502663,1.397972,2.1672979,1.2106241,2.1886271,1.2225446,2.1175341,1.1827959
2008-04-29,2.5040663,1.3987015,2.1678567,1.2108891,2.1896706,1.22308,2.1179371,1.182975
2008-04-30,2.5114313,1.4027602,2.1694542,1.2117337,2.1928114,1.2247861,2.120355,1.1842788
2008-05-01,2.5113226,1.4026453,2.1693603,1.2116344,2.1926891,1.2246705,2.1204369,1.1842788
2008-05-02,2.5179091,1.4062695,2.1750499,1.2147651,2.199308,1.2283196,2.1205194,1.1842788
2008-05-05,2.5181394,1.4062282,2.1752489,1.2147294,2.1989336,1.2279621,2.1207756,1.1842788
2008-05-06,2.5220541,1.4083562,2.1786305,1.2165676,2.2021084,1.2296842,2.1208633,1.1842788
2008-05-07,2.5189033,1.406535,2.1759088,1.2149944,2.1983501,1.2275316,2.1209563,1.1842788
2008-05-08,2.5172278,1.4055362,2.1744614,1.2141316,2.2023774,1.2297253,2.1210516,1.1842788
2008-05-09,2.516854,1.4052647,2.1741385,1.2138971,2.2034819,1.2302871,2.1211463,1.1842788
2008-05-12,2.5169938,1.405151,2.1742593,1.2137989,2.2033367,1.2300381,2.1214357,1.1842788
2008-05-13,2.5097358,1.4010321,2.1679896,1.2102409,2.1960987,1.2259388,2.1215368,1.1842788
2008-05-14,2.5087817,1.4004305,2.1671654,1.2097212,2.1949115,1.2252156,2.1216415,1.1842788
2008-05-15,2.5115662,1.4019161,2.1695708,1.2110045,2.1954321,1.2254461,2.1217455,1.1842788
2008-05-16,2.5116901,1.4019161,2.1696778,1.2110045,2.1955404,1.2254461,2.1218502,1.1842788
2008-05-19,2.5120638,1.4019161,2.1700005,1.2110045,2.195867,1.2254461,2.1221658,1.1842788
2008-05-20,2.5121195,1.4018785,2.1700487,1.210972,2.1958569,1.2253804,2.1222699,1.1842788
2008-05-21,2.5140415,1.4028808,2.171709,1.2118378,2.1991068,1.2271325,2.1223763,1.1842788
2008-05-22,2.5222278,1.4073785,2.1787805,1.2157231,2.213318,1.2350011,2.1224827,1.1842788
2008-05-23,2.5167638,1.4042591,2.1743932,1.213214,2.2042932,1.2299034,2.1224271,1.1841885
2008-05-27,2.5103817,1.400418,2.179098,1.2155971,2.2133927,1.2347353,2.1178632,1.1814058
2008-05-28,2.5000837,1.394602,2.1832566,1.217855,2.221728,1.2393222,2.1116063,1.1778554
2008-05-29,2.4925802,1.3903453,2.1831999,1.2177614,2.2214994,1.2391315,2.1085726,1.1761031
2008-05-30,2.4957861,1.3920623,2.1836064,1.2179257,2.2222127,1.2394659,2.1098403,1.17675
2008-06-02,2.5041777,1.3965312,2.1909483,1.2218355,2.2368183,1.2474239,2.1101611,1.17675
2008-06-03,2.5080173,1.3986028,2.1943076,1.223648,2.243566,1.2511247,2.1102664,1.17675
2008-06-04,2.506146,1.3974895,2.1926704,1.222674,2.2401062,1.249133,2.1103716,1.17675
2008-06-05,2.5038849,1.3961594,2.1906921,1.2215102,2.235953,1.2467551,2.1104762,1.17675
2008-06-06,2.499558,1.393677,2.1869064,1.2193384,2.2281137,1.2423218,2.1105815,1.17675
2008-06-09,2.5027847,1.3952688,2.1897295,1.2207311,2.2335348,1.2451596,2.1108955,1.17675
2008-06-10,2.5061761,1.3970884,2.1926967,1.2223231,2.2394741,1.2484072,2.111003,1.17675
2008-06-11,2.50592,1.3968699,2.1924727,1.2221319,2.238895,1.2480167,2.1111175,1.17675
2008-06-12,2.5105684,1.3993875,2.1965396,1.2243346,2.2471741,1.252566,2.1112286,1.17675
2008-06-13,2.5091945,1.3985466,2.1953376,1.2235988,2.2460212,1.2518561,2.111342,1.17675
2008-06-16,2.5104546,1.3990247,2.1964401,1.2240172,2.2471054,1.2522598,2.1116803,1.17675
2008-06-17,2.5113237,1.3994309,2.1972005,1.2243725,2.2477802,1.2525658,2.1117984,1.17675
2008-06-18,2.51276,1.4001561,2.1984571,1.225007,2.2476429,1.2524221,2.1119118,1.17675
2008-06-19,2.513221,1.4003405,2.1988604,1.2251683,2.2506029,1.2540066,2.1120211,1.17675
2008-06-20,2.5086761,1.3977364,2.1948841,1.22289,2.2423477,1.2493427,2.1121293,1.17675
2008-06-23,2.5128877,1.3998727,2.1985689,1.2247591,2.2495394,1.2531616,2.112447,1.17675
2008-06-24,2.5075315,1.3968179,2.1940922,1.2222032,2.2402644,1.2479312,2.1124534,1.1766939
2008-06-25,2.506846,1.3963672,2.1950995,1.222704,2.242211,1.2489541,2.1117839,1.176263
2008-06-26,2.5121767,1.3992684,2.1955135,1.222875,2.2429474,1.2493034,2.1139331,1.1774027
2008-06-27,2.5230379,1.4052529,2.1982105,1.2243202,2.2483534,1.2522563,2.1173029,1.1792247
2008-06-30,2.5244297,1.4058386,2.1994369,1.2248383,2.2505592,1.253316,2.1175816,1.179221
2008-07-01,2.524878,1.4060162,2.1998274,1.224993,2.2512431,1.2536327,2.1176901,1.179221
2008-07-02,2.5256584,1.40638,2.2005074,1.2253099,2.2525214,1.2542813,2.1177969,1.179221
2008-07-03,2.526672,1.4068754,2.2013905,1.2257415,2.2542188,1.2551649,2.1179007,1.179221
2008-07-07,2.5271731,1.4068754,2.2018271,1.2257415,2.2546659,1.2551649,2.1183208,1.179221
2008-07-08,2.5273005,1.4068754,2.2019381,1.2257415,2.2547796,1.2551649,2.1184276,1.179221
2008-07-09,2.5274272,1.4068754,2.2020485,1.2257415,2.2548926,1.2551649,2.1185338,1.179221
2008-07-10,2.5275512,1.4068754,2.2021565,1.2257415,2.2550032,1.2551649,2.1186377,1.179221
2008-07-11,2.5276648,1.4068754,2.2022555,1.2257415,2.2551045,1.2551649,2.1187329,1.179221
2008-07-14,2.527993,1.4068754,2.2025415,1.2257415,2.2553974,1.2551649,2.119008,1.179221
2008-07-15,2.5280969,1.4068754,2.202632,1.2257415,2.25549,1.2551649,2.1190951,1.179221
2008-07-16,2.5281184,1.4068345,2.2026507,1.2257059,2.2554575,1.2550997,2.1191747,1.179221
2008-07-17,2.5321841,1.409045,2.206193,1.2276318,2.2618716,1.2586225,2.119253,1.179221
2008-07-18,2.5367549,1.4115343,2.2101753,1.2298006,2.2695213,1.262831,2.1193343,1.179221
2008-07-21,2.5364804,1.4112134,2.2099362,1.229521,2.2687876,1.2622722,2.1195869,1.179221
2008-07-22,2.5410565,1.4137029,2.2139232,1.23169,2.2764533,1.2664866,2.1196717,1.179221
2008-07-23,2.5439312,1.4152434,2.2164278,1.2330322,2.2811474,1.2690454,2.11976,1.179221
2008-07-24,2.545376,1.4159866,2.2176865,1.2336797,2.2836409,1.2703783,2.1198506,1.179221
2008-07-25,2.5398612,1.4128559,2.2132958,1.2311824,2.2744968,1.2652352,2.1197468,1.1791109
2008-07-28,2.5609754,1.4244026,2.2196955,1.2345694,2.2873305,1.2721964,2.125791,1.1823073
2008-07-29,2.5521627,1.4194347,2.2169091,1.2329621,2.2814814,1.2688839,2.1235666,1.1810151
2008-07-30,2.5574595,1.4223149,2.2180583,1.2335442,2.2837411,1.2700819,2.1253182,1.1819346
2008-07-31,2.5743218,1.4316277,2.2196265,1.2343598,2.2868658,1.2717615,2.1316706,1.1854132
2008-08-01,2.5734259,1.4310647,2.218854,1.2338744,2.2851707,1.2707614,2.131767,1.1854132
2008-08-04,2.5741708,1.4312873,2.2194963,1.2340663,2.2861875,1.2711566,2.1320526,1.1854132
2008-08-05,2.5769216,1.4327493,2.2218681,1.2353269,2.2909659,1.2737535,2.1321531,1.1854132
2008-08-06,2.578637,1.4336355,2.2233471,1.236091,2.293908,1.2753293,2.1322535,1.1854132
2008-08-07,2.5813986,1.4351076,2.2257282,1.2373602,2.2987201,1.2779484,2.1323476,1.1854132
2008-08-08,2.581264,1.4349688,2.2256122,1.2372405,2.2983778,1.277701,2.1324428,1.1854132
2008-08-11,2.5762409,1.4319793,2.2212811,1.234663,2.289117,1.2723775,2.1327355,1.1854132
2008-08-12,2.58332,1.435842,2.2273849,1.2379935,2.301582,1.2792418,2.132843,1.1854132
2008-08-13,2.5809503,1.4344529,2.2253417,1.2367957,2.297244,1.2767666,2.13295,1.1854132
2008-08-14,2.5838031,1.4359669,2.2278014,1.2381011,2.3022079,1.2794617,2.1330563,1.1854132
2008-08-15,2.583934,1.4359669,2.2279143,1.2381011,2.3023246,1.2794617,2.1331644,1.1854132
2008-08-18,2.5843184,1.4359669,2.2282458,1.2381011,2.3026671,1.2794617,2.1334818,1.1854132
2008-08-19,2.5844452,1.4359669,2.228355,1.2381011,2.30278,1.2794617,2.1335864,1.1854132
2008-08-20,2.5844956,1.4359253,2.2283986,1.2380653,2.3027583,1.2793876,2.1336899,1.1854132
2008-08-21,2.5868977,1.4371938,2.2304697,1.239159,2.306931,1.2816471,2.1337881,1.1854132
2008-08-22,2.5916571,1.4397714,2.2345733,1.2413814,2.3153108,1.2862432,2.1338869,1.1854132
2008-08-25,2.5852795,1.4360308,2.2295152,1.238401,2.3045133,1.2800683,2.1339693,1.1852963
2008-08-26,2.5867542,1.4367826,2.2306676,1.2389831,2.3067873,1.2812714,2.1341264,1.185328
2008-08-27,2.5883559,1.4376062,2.2284053,1.2376696,2.3020031,1.2785551,2.1359676,1.1862961
2008-08-28,2.5848933,1.4356184,2.2288175,1.2378429,2.3027512,1.2789132,2.1344373,1.1853929
2008-08-29,2.5765201,1.4309007,2.2289366,1.237851,2.3028895,1.2789301,2.1310232,1.1834413
2008-09-02,2.5836106,1.4345735,2.2350706,1.2410283,2.3151381,1.2854955,2.1314179,1.1834413
2008-09-03,2.5854846,1.4355477,2.2366918,1.241871,2.3183894,1.2872413,2.1315166,1.1834413
2008-09-04,2.5900068,1.4379929,2.2406039,1.2439863,2.3263933,1.2916265,2.1316141,1.1834413
2008-09-05,2.5896276,1.4377169,2.2402758,1.2437476,2.3256063,1.2911308,2.131711,1.1834413
2008-09-08,2.5898845,1.4376646,2.2404982,1.2437024,2.3257525,1.2910368,2.1320001,1.1834413
2008-09-09,2.5880432,1.4365759,2.2389052,1.2427606,2.3223377,1.2890815,2.1320989,1.1834413
2008-09-10,2.5895724,1.4373606,2.2402282,1.2434394,2.3249784,1.2904898,2.1321941,1.1834413
2008-09-11,2.5889891,1.436973,2.2397235,1.2431041,2.3238909,1.2898288,2.1322887,1.1834413
2008-09-12,2.5865741,1.4355704,2.2376343,1.2418907,2.3219505,1.288696,2.132381,1.1834413
2008-09-15,2.5938915,1.4394594,2.2439646,1.245255,2.327889,1.2918373,2.1326369,1.1834413
2008-09-16,2.5937269,1.4393274,2.2438222,1.2451408,2.3277627,1.2917307,2.1326971,1.1834413
2008-09-17,2.5955453,1.4403033,2.2453952,1.2459851,2.3291609,1.2924769,2.1327462,1.1834413
2008-09-18,2.5962819,1.4407109,2.2460325,1.2463377,2.333822,1.2950624,2.1327479,1.1834413
2008-09-19,2.6190436,1.4533326,2.2657236,1.2572565,2.3747288,1.3177538,2.1327613,1.1834413
2008-09-22,2.6190674,1.4532299,2.2657441,1.2571677,2.3745825,1.3175675,2.1329314,1.1834413
2008-09-23,2.6181409,1.4526645,2.2649426,1.2566785,2.3728185,1.3165422,2.1330068,1.1834413
2008-09-24,2.6110253,1.4486842,2.2591659,1.2534455,2.3606623,1.3097682,2.1326972,1.1832433
2008-09-25,2.5997763,1.442423,2.2613159,1.2546213,2.3651232,1.3122253,2.1215085,1.1770194
2008-09-26,2.6077904,1.4468398,2.2636029,1.2558643,2.3698584,1.3148255,2.1259463,1.1794574
2008-09-29,2.6721775,1.4824604,2.2823736,1.2661897,2.4089946,1.3364458,2.1609576,1.198798
2008-09-30,2.6126524,1.4493983,2.268346,1.2583743,2.3793197,1.3199478,2.1261586,1.1794616
2008-10-01,2.6205747,1.4537576,2.2752243,1.262159,2.3939008,1.3280043,2.126211,1.1794616
2008-10-02,2.6186477,1.4526551,2.2735512,1.2612019,2.3999711,1.3313412,2.1262599,1.1794616
2008-10-03,2.6145402,1.4503519,2.2699851,1.2592022,2.3976659,1.3300398,2.126296,1.1794616
2008-10-06,2.5940356,1.4389179,2.2521827,1.2492751,2.3861109,1.3235753,2.1263834,1.1794616
2008-10-07,2.596618,1.4403291,2.2544248,1.2505003,2.3875889,1.3243756,2.1264149,1.1794616
2008-10-08,2.6253293,1.456223,2.2793523,1.2642996,2.4039778,1.333437,2.1264621,1.1794616
2008-10-09,2.6251078,1.4560735,2.27916,1.2641697,2.4083513,1.3358384,2.1265011,1.1794616
2008-10-10,2.6188802,1.452596,2.2737531,1.2611506,2.4080179,1.3356322,2.1265349,1.1794616
2008-10-14,2.5955134,1.4395972,2.2534657,1.2498649,2.4066884,1.3348597,2.1265908,1.1794616
2008-10-15,2.6007252,1.4424744,2.2579906,1.252363,2.4070218,1.3350321,2.1266106,1.1794616
2008-10-16,2.6070542,1.4459761,2.2634856,1.2554031,2.4074237,1.335247,2.1266234,1.1794616
2008-10-17,2.6076223,1.4462734,2.2639789,1.2556612,2.4075188,1.3352833,2.1266497,1.1794616
2008-10-20,2.6077938,1.4462734,2.2641277,1.2556612,2.4076771,1.3352833,2.1267895,1.1794616
2008-10-21,2.6078285,1.4462435,2.2641578,1.2556353,2.4076594,1.3352281,2.1268617,1.1794616
2008-10-22,2.6068142,1.4456378,2.2632772,1.2551094,2.4057146,1.3341098,2.1269253,1.1794616
2008-10-23,2.6070595,1.4457331,2.2634902,1.2551921,2.4060996,1.3342856,2.1269853,1.1794616
2008-10-24,2.6085494,1.4465212,2.2647837,1.2558764,2.4087863,1.3357404,2.1270412,1.1794616
2008-10-27,2.609242,1.4468031,2.2655291,1.2562009,2.4102015,1.3364307,2.1270564,1.1793866
2008-10-28,2.6048571,1.4443384,2.2673978,1.2572082,2.4141222,1.3385739,2.1217762,1.1764318
2008-10-29,2.6033371,1.4434655,2.2683057,1.2576854,2.4160052,1.3395902,2.1197327,1.1752742
2008-10-30,2.5994702,1.4412973,2.2688695,1.257977,2.4171658,1.3402113,2.1160927,1.1732364
2008-10-31,2.60005,1.4416029,2.2700223,1.2586024,2.4195957,1.3415439,2.1155126,1.1729019
2008-11-03,2.6034919,1.4434592,2.2730274,1.2602231,2.4259647,1.3450267,2.1155891,1.1729019
2008-11-04,2.6053912,1.4444929,2.2746856,1.2611255,2.4316236,1.3481461,2.1156175,1.1729019
2008-11-05,2.6053824,1.444469,2.2746779,1.2611046,2.4340623,1.3494804,2.1156453,1.1729019
2008-11-06,2.6088056,1.4463514,2.2776666,1.2627481,2.4398479,1.3526736,2.115668,1.1729019
2008-11-07,2.615053,1.4498028,2.283121,1.2657614,2.4465354,1.3563697,2.1156859,1.1729019
2008-11-10,2.614502,1.4494615,2.2826399,1.2654634,2.4447853,1.355366,2.1157381,1.1729019
2008-11-12,2.6147057,1.4495515,2.2828178,1.2655419,2.444609,1.3552467,2.1157717,1.1729019
2008-11-13,2.6176374,1.4511696,2.2853774,1.2669547,2.4504612,1.3584844,2.1157821,1.1729019
2008-11-14,2.6277388,1.4567613,2.2941966,1.2718365,2.4674821,1.3679126,2.1157943,1.1729019
2008-11-17,2.6299142,1.4579505,2.2960958,1.2728748,2.4714585,1.3701013,2.1158187,1.1729019
2008-11-18,2.6370682,1.4619117,2.3023418,1.2763331,2.4830516,1.3765237,2.1158256,1.1729019
2008-11-19,2.6439831,1.4657403,2.308379,1.2796757,2.4960654,1.3837336,2.1158326,1.1729019
2008-11-20,2.651603,1.4699617,2.3150317,1.2833613,2.5104479,1.3917041,2.1158366,1.1729019
2008-11-21,2.6550967,1.4718973,2.3183449,1.2851969,2.5176316,1.3956853,2.115598,1.1727687
2008-11-24,2.6471521,1.4674906,2.3267596,1.2898596,2.5359035,1.4058123,2.1015923,1.1650028
2008-11-25,2.6755808,1.4832453,2.3261612,1.2895233,2.5345902,1.4050793,2.1247101,1.1778138
2008-11-26,2.6929677,1.4928799,2.3283648,1.2907413,2.5393853,1.4077336,2.1365103,1.1843519
2008-11-28,2.7042942,1.4991548,2.3317942,1.2926389,2.5468587,1.4118727,2.1423554,1.1875889
2008-12-01,2.7117456,1.5032843,2.3382192,1.2961995,2.5608918,1.419651,2.1423571,1.1875889
2008-12-02,2.7131135,1.5040398,2.3393987,1.2968509,2.5634706,1.4210778,2.1423612,1.1875889
2008-12-03,2.714174,1.5046252,2.3403131,1.2973557,2.5655211,1.4222122,2.1423648,1.1875889
2008-12-04,2.7130165,1.5039827,2.3393151,1.2968017,2.564367,1.4215716,2.1423659,1.1875889
2008-12-05,2.719645,1.5076565,2.3450306,1.2999694,2.5734734,1.426619,2.1423671,1.1875889
2008-12-08,2.7237428,1.5099256,2.3485639,1.301926,2.5796703,1.430052,2.1423706,1.1875889
2008-12-09,2.718585,1.5070651,2.3441166,1.2994595,2.5723674,1.4260024,2.1423724,1.1875889
2008-12-10,2.7202561,1.5079902,2.3455574,1.3002572,2.5744066,1.4271316,2.1423742,1.1875889
2008-12-11,2.7199424,1.5078164,2.345287,1.3001072,2.5728019,1.4262421,2.1423742,1.1875889
2008-12-12,2.721098,1.5084566,2.3462834,1.3006593,2.5743771,1.4271149,2.1423747,1.1875889
2008-12-15,2.7223267,1.5091352,2.3473428,1.3012444,2.5763692,1.4282169,2.1423783,1.1875889
2008-12-16,2.7245792,1.5103822,2.3492851,1.3023197,2.5792144,1.4297926,2.1423806,1.1875889
2008-12-17,2.7268533,1.5116412,2.3512459,1.3034052,2.5845382,1.4327423,2.142383,1.1875889
2008-12-18,2.7256469,1.5109704,2.3502057,1.3028268,2.5822477,1.4314706,2.1423859,1.1875889
2008-12-19,2.7284336,1.5125152,2.3526086,1.3041588,2.587528,1.4343977,2.1423859,1.1875889
2008-12-22,2.7309754,1.5139218,2.3548002,1.3053716,2.5923447,1.4370655,2.1423894,1.1875889
2008-12-23,2.7330519,1.5150725,2.3565907,1.3063638,2.5962862,1.4392501,2.14239,1.1875889
2008-12-24,2.7325593,1.5147986,2.3564245,1.306271,2.5959187,1.4390455,2.1421561,1.1874585
2008-12-26,2.7386612,1.5181812,2.3574043,1.3068141,2.5980772,1.4402421,2.146049,1.1896165
2008-12-29,2.7472207,1.5229224,2.3614577,1.3090578,2.6070054,1.4451879,2.1490716,1.1912891
2008-12-30,2.7499554,1.5244359,2.3616611,1.3091685,2.6075241,1.4454731,2.1510293,1.1923723
2008-12-31,2.7326043,1.5148131,2.3614279,1.3090356,2.6052699,1.4442195,2.1376755,1.1849667
2009-01-02,2.7428996,1.5205112,2.3703248,1.3139596,2.6195091,1.4521042,2.1376884,1.1849667
2009-01-05,2.7417716,1.5198759,2.36935,1.3134106,2.6190231,1.4518253,2.1377024,1.1849667
2009-01-06,2.7429308,1.5205126,2.3703517,1.3139608,2.6205401,1.4526607,2.1377106,1.1849667
2009-01-07,2.7445702,1.5214156,2.3717684,1.3147411,2.6223034,1.4536325,2.1377188,1.1849667
2009-01-08,2.7426698,1.5203575,2.3701261,1.3138268,2.6192975,1.4519619,2.1377253,1.1849667
2009-01-09,2.7455277,1.521938,2.3725959,1.3151926,2.6229043,1.4539576,2.1377305,1.1849667
2009-01-12,2.7489972,1.5238526,2.3755941,1.3168471,2.628215,1.4568932,2.1377428,1.1849667
2009-01-13,2.7500034,1.5244053,2.3764636,1.3173247,2.629409,1.4575502,2.1377499,1.1849667
2009-01-14,2.7539502,1.5265885,2.3798743,1.3192113,2.6351622,1.460735,2.1377563,1.1849667
2009-01-15,2.7542017,1.5267229,2.3800916,1.3193275,2.6355818,1.4609628,2.1377633,1.1849667
2009-01-16,2.75421,1.5267229,2.3800988,1.3193275,2.6355897,1.4609628,2.1377698,1.1849667
2009-01-20,2.7541382,1.5266631,2.3800368,1.3192758,2.6354178,1.4608483,2.1377979,1.1849667
2009-01-21,2.7562672,1.5278377,2.3818766,1.3202909,2.6394827,1.4630963,2.1378055,1.1849667
2009-01-22,2.7548997,1.5270751,2.3806948,1.3196319,2.6368557,1.4616357,2.1378119,1.1849667
2009-01-23,2.7587971,1.5292313,2.3840629,1.3214951,2.6443094,1.4657633,2.1378178,1.1849667
2009-01-26,2.7598366,1.5297937,2.3851077,1.3220623,2.6466032,1.4670216,2.1377057,1.1848938
2009-01-27,2.7667219,1.533604,2.3845268,1.3217349,2.6453032,1.466295,2.1435683,1.1881385
2009-01-28,2.7600239,1.5298858,2.3857394,1.3224024,2.6479842,1.4677758,2.1372965,1.1846579
2009-01-29,2.7507065,1.5247132,2.386944,1.3230632,2.6506444,1.4692428,2.1290133,1.1800606
2009-01-30,2.7515385,1.5251647,2.3877644,1.3235096,2.6524497,1.4702342,2.128939,1.1800119
2009-02-02,2.756129,1.5276791,2.3917479,1.3256915,2.6612477,1.4750818,2.128981,1.1800119
2009-02-03,2.7502431,1.5244054,2.3866402,1.3228506,2.6499503,1.468809,2.1289967,1.1800119
2009-02-04,2.7510337,1.5248302,2.3873263,1.3232193,2.6497196,1.4686682,2.1290154,1.1800119
2009-02-05,2.7507934,1.5246845,2.3871178,1.3230928,2.6499782,1.4687995,2.1290329,1.1800119
2009-02-06,2.7571329,1.5281862,2.3926192,1.3261315,2.6607961,1.4747838,2.1290498,1.1800119
2009-02-09,2.7594422,1.529431,2.3946231,1.3272117,2.6631863,1.4760747,2.1290988,1.1800119
2009-02-10,2.7427696,1.5201767,2.3801548,1.3191811,2.637954,1.4620767,2.1291174,1.1800119
2009-02-11,2.7360783,1.5164552,2.3743481,1.3159516,2.625381,1.4550957,2.1291355,1.1800119
2009-02-12,2.7389126,1.5180136,2.3768077,1.3173039,2.6293568,1.4572873,2.129153,1.1800119
2009-02-13,2.7257252,1.5106926,2.3653638,1.3109509,2.6071526,1.4449694,2.1291699,1.1800119
2009-02-17,2.744741,1.5211838,2.3818655,1.320055,2.6380698,1.4620588,2.1292376,1.1800119
2009-02-18,2.7399943,1.5185398,2.3777464,1.3177605,2.6328698,1.459164,2.1292563,1.1800119
2009-02-19,2.7368351,1.516776,2.3750049,1.3162299,2.6268451,1.4558127,2.1292744,1.1800119
2009-02-20,2.7336233,1.5149835,2.3722177,1.3146745,2.6226169,1.4534574,2.1292919,1.1800119
2009-02-23,2.7342741,1.5153106,2.3730628,1.3151136,2.6242192,1.4543132,2.1290875,1.1798725
2009-02-24,2.7371516,1.5168928,2.3777135,1.3176802,2.633403,1.4593908,2.127173,1.1788018
2009-02-25,2.7246983,1.509978,2.3835206,1.3208868,2.641864,1.4640669,2.1123184,1.1705596
2009-02-26,2.729509,1.5126316,2.3909811,1.3250104,2.6503587,1.4687625,2.1094536,1.1689624
2009-02-27,2.7316057,1.5137824,2.3974705,1.3285968,2.6637936,1.4761969,2.1053644,1.1666877
2009-03-02,2.7460391,1.5217486,2.4101384,1.3355885,2.6872455,1.4891617,2.1054094,1.1666877
2009-03-03,2.7434213,1.5202863,2.4078408,1.3343051,2.6833898,1.4870136,2.1054255,1.1666877
2009-03-04,2.7407721,1.518807,2.4055157,1.3330067,2.6775043,1.4837412,2.1054411,1.1666877
2009-03-05,2.7365975,1.5164828,2.4018517,1.3309668,2.6677517,1.4783262,2.1054561,1.1666877
2009-03-06,2.7377628,1.5171202,2.4028744,1.3315263,2.6686573,1.4788199,2.1054676,1.1666877
2009-03-09,2.7438871,1.520489,2.4082496,1.334483,2.6781137,1.4840358,2.1055022,1.1666877
2009-03-10,2.7533696,1.5257341,2.4165722,1.3390864,2.6925233,1.4920113,2.1055155,1.1666877
2009-03-11,2.7514556,1.5246634,2.4148923,1.3381467,2.6886939,1.4898795,2.1055293,1.1666877
2009-03-12,2.7523002,1.5251218,2.4156336,1.3385491,2.6891608,1.4901288,2.1055426,1.1666877
2009-03-13,2.7543809,1.526266,2.4174597,1.3395533,2.6909216,1.491096,2.1055547,1.1666877
2009-03-16,2.7505857,1.5241392,2.4141288,1.3376866,2.6856611,1.4881577,2.1055876,1.1666877
2009-03-17,2.7461833,1.5216897,2.4102649,1.3355368,2.6802546,1.4851521,2.1056014,1.1666877
2009-03-18,2.7522217,1.5250256,2.4155647,1.3384646,2.6867388,1.4887354,2.1056153,1.1666877
2009-03-19,2.7560641,1.527146,2.4189371,1.3403256,2.6945896,1.493077,2.1056274,1.1666877
2009-03-20,2.7574788,1.5279215,2.4201787,1.3410062,2.6971142,1.4944676,2.1056389,1.1666877
2009-03-23,2.7599035,1.5292387,2.4223068,1.3421623,2.7013778,1.4968043,2.1056753,1.1666877
2009-03-24,2.7605,1.52956,2.4228304,1.3424443,2.7020543,1.4971701,2.105688,1.1666877
2009-03-25,2.7668527,1.5330711,2.4286726,1.3456736,2.711638,1.5024717,2.1054684,1.1665593
2009-03-26,2.7766537,1.5384937,2.4318302,1.3474162,2.7193176,1.506719,2.1102001,1.169175
2009-03-27,2.7742033,1.5371297,2.4317401,1.3473607,2.7195801,1.5068583,2.1084247,1.1681865
2009-03-30,2.7872905,1.5443646,2.4375748,1.3505792,2.7312833,1.5133266,2.1133348,1.1708944
2009-03-31,2.7932775,1.5476742,2.4408367,1.3523798,2.7378039,1.5169321,2.1150565,1.1718426
2009-04-01,2.7945271,1.5483577,2.4419287,1.352977,2.7395579,1.5178952,2.1150686,1.1718426
2009-04-02,2.7954245,1.5488456,2.4427129,1.3534034,2.740417,1.518362,2.1150814,1.1718426
2009-04-03,2.8036933,1.5534177,2.4499383,1.3573985,2.7496635,1.523476,2.1150941,1.1718426
2009-04-06,2.8050637,1.5541502,2.4511359,1.3580386,2.7513145,1.5243645,2.1151307,1.1718426
2009-04-07,2.8028485,1.5529143,2.4492001,1.3569587,2.7489703,1.5230573,2.1151422,1.1718426
2009-04-08,2.8010224,1.5518941,2.4476044,1.3560672,2.7465955,1.5217332,2.1151538,1.1718426
2009-04-09,2.8029333,1.5529451,2.4492743,1.3569856,2.7492403,1.5231911,2.1151643,1.1718426
2009-04-13,2.8090507,1.5563038,2.4546198,1.3599205,2.7559254,1.5268648,2.115206,1.1718426
2009-04-14,2.8137674,1.5589093,2.4587414,1.3621972,2.7612207,1.529791,2.1152164,1.1718426
2009-04-15,2.8128796,1.5584102,2.4579656,1.3617611,2.7601909,1.5292134,2.1152263,1.1718426
2009-04-16,2.8097453,1.5566673,2.4552267,1.3602381,2.7567923,1.5273242,2.115235,1.1718426
2009-04-17,2.806344,1.5547773,2.4522546,1.3585866,2.752459,1.524918,2.1152425,1.1718426
2009-04-20,2.8062454,1.5547048,2.4521684,1.3585233,2.7522608,1.5247907,2.1152668,1.1718426
2009-04-21,2.807694,1.5555014,2.4534343,1.3592194,2.7547815,1.5261813,2.115275,1.1718426
2009-04-22,2.8111269,1.5573969,2.456434,1.3608756,2.7611209,1.5296871,2.1152836,1.1718426
2009-04-23,2.8084604,1.5559136,2.4541039,1.3595795,2.7563482,1.5270372,2.1152918,1.1718426
2009-04-24,2.8121839,1.5579722,2.4574961,1.3614551,2.7628831,1.5306533,2.1151782,1.1717764
2009-04-27,2.808595,1.5559712,2.449754,1.3571548,2.7475602,1.5221518,2.1191599,1.1739726
2009-04-28,2.8050403,1.5539963,2.4521259,1.3584639,2.7518817,1.5245405,2.1144335,1.1713501
2009-04-29,2.8018156,1.5522043,2.4531113,1.359005,2.7527462,1.525014,2.1111605,1.1695328
2009-04-30,2.8002763,1.5513468,2.454049,1.3595204,2.7549052,1.5262054,2.1092,1.1684432
2009-05-01,2.8023352,1.5524815,2.4558534,1.3605148,2.759483,1.5287357,2.1092081,1.1684432
2009-05-04,2.8009119,1.5516739,2.4546061,1.359807,2.7561451,1.5268677,2.1092341,1.1684432
2009-05-05,2.8018747,1.5521992,2.4554498,1.3602674,2.7579978,1.5278861,2.1092451,1.1684432
2009-05-06,2.803344,1.5530051,2.4567375,1.3609736,2.7609129,1.5294931,2.1092561,1.1684432
2009-05-07,2.8041992,1.5534707,2.4574869,1.3613817,2.762583,1.5304103,2.1092671,1.1684432
2009-05-08,2.8040491,1.5533799,2.4573553,1.3613021,2.7622735,1.5302313,2.1092775,1.1684432
2009-05-11,2.8154183,1.5596552,2.4673189,1.3668015,2.7846324,1.5425949,2.1093087,1.1684432
2009-05-12,2.816143,1.5600486,2.467954,1.3671462,2.7860515,1.543373,2.1093197,1.1684432
2009-05-13,2.8204357,1.5624185,2.4717159,1.369223,2.7945306,1.5480621,2.1093306,1.1684432
2009-05-14,2.8214715,1.562985,2.4726236,1.3697195,2.7965702,1.5491847,2.1093405,1.1684432
2009-05-15,2.8214839,1.562985,2.4726345,1.3697195,2.7965824,1.5491847,2.1093497,1.1684432
2009-05-18,2.8213775,1.5629042,2.4725413,1.3696487,2.7963906,1.5490568,2.1093792,1.1684432
2009-05-19,2.8200825,1.5621787,2.4714064,1.3690129,2.7942974,1.5478893,2.1093902,1.1684432
2009-05-20,2.8152144,1.5594743,2.4671401,1.3666429,2.7856612,1.5430976,2.1094006,1.1684432
2009-05-21,2.8240501,1.5643611,2.4748834,1.3709255,2.7987093,1.5503179,2.109411,1.1684432
2009-05-22,2.8305946,1.5679783,2.4809352,1.3742707,2.8088697,1.5559381,2.1091522,1.1682938
2009-05-26,2.8305135,1.5679024,2.4866502,1.3774093,2.8185961,1.5612952,2.1042748,1.165569
2009-05-27,2.8097725,1.5564056,2.494657,1.3818376,2.8318743,1.5686427,2.0820902,1.1532751
2009-05-28,2.8139418,1.5587079,2.493165,1.3810047,2.8288758,1.5669744,2.0864347,1.1556762
2009-05-29,2.8546992,1.5812779,2.5039792,1.3869892,2.8471518,1.5770914,2.1076134,1.1674023
2009-06-01,2.8380569,1.5720412,2.4893816,1.3788874,2.8217702,1.563014,2.1076376,1.1674023
2009-06-02,2.8402123,1.5732296,2.4912722,1.3799298,2.8251883,1.5649017,2.1076451,1.1674023
2009-06-03,2.8439713,1.5753057,2.4945694,1.3817508,2.829684,1.5673859,2.1076532,1.1674023
2009-06-04,2.8471637,1.577068,2.4973696,1.3832965,2.8405538,1.5734008,2.1076613,1.1674023
2009-06-05,2.8683817,1.5888147,2.5159808,1.3936,2.8800258,1.5952585,2.1076694,1.1674023
2009-06-08,2.8764777,1.5932743,2.5230821,1.3975117,2.8952217,1.6036507,2.1077023,1.1674023
2009-06-09,2.8709504,1.5902045,2.5182339,1.394819,2.8847225,1.5978269,2.1077133,1.1674023
2009-06-10,2.8760069,1.592997,2.5226692,1.3972684,2.8909929,1.6012917,2.1077242,1.1674023
2009-06-11,2.8774936,1.5938126,2.5239732,1.3979838,2.8941019,1.6030059,2.1077346,1.1674023
2009-06-12,2.8835997,1.5971864,2.5293292,1.4009431,2.9030295,1.6079424,2.1077456,1.1674023
2009-06-15,2.8898053,1.6006,2.5347723,1.4039372,2.9124568,1.6131402,2.1077768,1.1674023
2009-06-16,2.8994054,1.6059098,2.543193,1.4085946,2.9247389,1.6199355,2.1077866,1.1674023
2009-06-17,2.8961744,1.6041127,2.540359,1.4070184,2.920453,1.6175541,2.1077964,1.1674023
2009-06-18,2.8989617,1.6056491,2.5428038,1.4083659,2.9279096,1.6216766,2.1078062,1.1674023
2009-06-19,2.8953967,1.6036666,2.5396768,1.4066271,2.922887,1.6188867,2.1078166,1.1674023
2009-06-22,2.8880992,1.599601,2.5332758,1.403061,2.9123893,1.6130485,2.1078478,1.1674023
2009-06-23,2.8843622,1.5975225,2.529998,1.4012379,2.9071308,1.6101272,2.1078594,1.1674023
2009-06-24,2.8846722,1.5976855,2.5306198,1.4015746,2.9077285,1.6104494,2.1075794,1.1672409
2009-06-25,2.9167694,1.6154543,2.5346272,1.4037868,2.9192887,1.6168436,2.1277035,1.1783801
2009-06-26,2.9258908,1.6204982,2.5381526,1.4057324,2.92556,1.620309,2.1314083,1.1804261
2009-06-29,2.928138,1.6217175,2.5382252,1.4057506,2.9256595,1.6203388,2.1330177,1.181299
2009-06-30,2.9242625,1.6195622,2.5378979,1.4055616,2.9252103,1.6200811,2.1304813,1.1798878
2009-07-01,2.9224953,1.618575,2.5363642,1.4047049,2.9223208,1.6184724,2.1304924,1.1798878
2009-07-02,2.9201432,1.6172648,2.5343229,1.4035679,2.9186232,1.616417,2.1305023,1.1798878
2009-07-06,2.9194906,1.6168733,2.5337565,1.403228,2.9161498,1.615017,2.130542,1.1798878
2009-07-07,2.9175801,1.6158068,2.5320984,1.4023025,2.9158955,1.6148678,2.1305531,1.1798878
2009-07-08,2.9112702,1.6123038,2.5266222,1.3992624,2.914896,1.6143059,2.1305642,1.1798878
2009-07-09,2.910968,1.6121285,2.5263599,1.3991102,2.9114304,1.6123786,2.1305747,1.1798878
2009-07-10,2.9224674,1.6184886,2.53634,1.4046299,2.923337,1.6189642,2.1305858,1.1798878
2009-07-13,2.9182602,1.6161347,2.5326886,1.402587,2.9195969,1.616869,2.1306173,1.1798878
2009-07-14,2.9057895,1.6092205,2.5218657,1.3965864,2.9066148,1.6096715,2.1306278,1.1798878
2009-07-15,2.8973431,1.6045349,2.5145352,1.39252,2.8995286,1.6057393,2.1306383,1.1798878
2009-07-16,2.8984371,1.6051328,2.5154846,1.3930389,2.9002365,1.6061234,2.1306488,1.1798878
2009-07-17,2.8984522,1.6051328,2.5154977,1.3930389,2.9002516,1.6061234,2.1306599,1.1798878
2009-07-20,2.8984927,1.6051328,2.5155329,1.3930389,2.9002921,1.6061234,2.1306897,1.1798878
2009-07-21,2.8983826,1.6050635,2.5154374,1.3929788,2.900182,1.606054,2.1307008,1.1798878
2009-07-22,2.8992528,1.6055371,2.5161926,1.3933897,2.9009617,1.6064775,2.1307119,1.1798878
2009-07-23,2.9102257,1.6116052,2.5257157,1.3986561,2.9180512,1.6159328,2.130723,1.1798878
2009-07-24,2.9064546,1.6095085,2.5224429,1.3968364,2.9131248,1.6131963,2.1307341,1.1798878
2009-07-27,2.911373,1.6122084,2.5270408,1.3993619,2.9204609,1.617235,2.1304873,1.1797338
2009-07-28,2.9173822,1.6155277,2.5281378,1.3999621,2.9215508,1.6178301,2.133971,1.1816567
2009-07-29,2.9219562,1.6180521,2.5279763,1.3998654,2.9208646,1.6174417,2.1374642,1.1835848
2009-07-30,2.9251902,1.6198346,2.527972,1.3998558,2.9210583,1.6175405,2.1398446,1.1848968
2009-07-31,2.9619237,1.6401679,2.5398709,1.4064378,2.942656,1.6294923,2.1566546,1.1941991
2009-08-03,2.9496235,1.6333324,2.5293234,1.4005764,2.9235394,1.6188824,2.1566865,1.1941991
2009-08-04,2.9471415,1.6319495,2.5271951,1.3993906,2.9192883,1.61652,2.1566977,1.1941991
2009-08-05,2.9437767,1.6300782,2.5243097,1.3977859,2.9147399,1.6139934,2.1567084,1.1941991
2009-08-06,2.943374,1.6298471,2.5239644,1.3975878,2.9138437,1.6134891,2.156719,1.1941991
2009-08-07,2.950664,1.6338763,2.5302157,1.4010428,2.9263996,1.6204343,2.1567291,1.1941991
2009-08-10,2.9438253,1.6300653,2.5243514,1.3977749,2.9144021,1.6137669,2.156761,1.1941991
2009-08-11,2.9401609,1.6280278,2.5212092,1.3960277,2.9073969,1.6098796,2.1567722,1.1941991
2009-08-12,2.9422982,1.6292032,2.5230419,1.3970357,2.9116095,1.6122042,2.1567828,1.1941991
2009-08-13,2.9469864,1.6317916,2.5270621,1.3992551,2.9208746,1.6173269,2.1567929,1.1941991
2009-08-14,2.9505788,1.6337731,2.5301426,1.4009543,2.9279821,1.6212549,2.1568029,1.1941991
2009-08-17,2.9576656,1.637673,2.5362195,1.4042985,2.9420038,1.6289949,2.1568348,1.1941991
2009-08-18,2.9552118,1.6363062,2.5341154,1.4031265,2.9371077,1.6262759,2.1568455,1.1941991
2009-08-19,2.9572194,1.6374098,2.5358369,1.4040727,2.9410838,1.6284694,2.1568561,1.1941991
2009-08-20,2.9594517,1.6386382,2.5377511,1.4051261,2.9455104,1.6309128,2.1568661,1.1941991
2009-08-21,2.9743428,1.6468757,2.5505203,1.4121897,2.9751385,1.6473102,2.1568762,1.1941991
2009-08-24,2.9645442,1.6414273,2.542118,1.4075177,2.9554945,1.6364104,2.1569063,1.1941991
2009-08-25,2.962082,1.6400563,2.5403469,1.4065306,2.9513627,1.6341151,2.1566276,1.1940393
2009-08-26,2.9621358,1.6400785,2.538888,1.4057163,2.9479591,1.6322229,2.1579154,1.1947467
2009-08-27,2.9586681,1.6381518,2.5398453,1.4062405,2.9501699,1.6334403,2.1545845,1.1928976
2009-08-28,2.9638071,1.6409904,2.5427516,1.4078438,2.9569094,1.6371651,2.1558702,1.1936046
2009-08-31,2.9804415,1.6501802,2.5487411,1.4111427,2.9709169,1.6449005,2.1629184,1.1974921
2009-09-01,2.984238,1.6522754,2.5519876,1.4129344,2.9808171,1.6503752,2.1629273,1.1974921
2009-09-02,2.983736,1.6519912,2.5515584,1.4126913,2.9821547,1.6511095,2.1629356,1.1974921
2009-09-03,2.9875912,1.6541193,2.5548552,1.4145112,2.9885255,1.6546304,2.1629439,1.1974921
2009-09-04,2.9990198,1.6604401,2.5646284,1.4199164,3.0095926,1.6662876,2.1629528,1.1974921
2009-09-08,3.0020854,1.6621119,2.56725,1.421346,3.0146586,1.6690669,2.162986,1.1974921
2009-09-09,3.0036707,1.6629833,2.5686057,1.4220912,3.0179258,1.6708694,2.1629943,1.1974921
2009-09-10,3.0058279,1.6641712,2.5704504,1.423107,3.017775,1.6707795,2.1630026,1.1974921
2009-09-11,3.0072241,1.6649379,2.5716444,1.4237626,3.0191477,1.6715331,2.1630109,1.1974921
2009-09-14,3.0005085,1.6612006,2.5659015,1.4205668,3.0107459,1.6668622,2.1630358,1.1974921
2009-09-15,2.9945616,1.6579018,2.560816,1.4177458,3.0034708,1.6628281,2.1630441,1.1974921
2009-09-16,2.9981342,1.6598738,2.5638711,1.4194321,3.0104489,1.6666855,2.1630518,1.1974921
2009-09-17,2.9975049,1.6595209,2.5633329,1.4191303,3.0052703,1.6638138,2.1630577,1.1974921
2009-09-18,3.0044628,1.6633685,2.5692831,1.4224206,3.0184658,1.6711148,2.1630636,1.1974921
2009-09-21,3.0026261,1.6623407,2.5677123,1.4215416,3.0148886,1.6691233,2.1630778,1.1974921
2009-09-22,3.0013557,1.6616323,2.566626,1.4209359,3.0125318,1.6678135,2.1630844,1.1974921
2009-09-23,3.0015883,1.6617561,2.5668249,1.4210418,3.0133841,1.6682803,2.1630909,1.1974921
2009-09-24,3.0031589,1.6626206,2.5685908,1.4220151,3.0177484,1.6706915,2.1627411,1.1972949
2009-09-25,3.0160503,1.6697531,2.5692554,1.4223792,3.019302,1.671547,2.1714712,1.2021246
2009-09-28,3.0257974,1.6751355,2.5719305,1.4238485,3.0255646,1.6750004,2.1762457,1.2047579
2009-09-29,3.0251046,1.6747469,2.5711667,1.4234213,3.0237583,1.6739953,2.1764004,1.2048398
2009-09-30,3.0246467,1.6744875,2.5710271,1.423339,3.0235397,1.6738683,2.1761968,1.2047228
2009-10-01,3.0191778,1.6714534,2.5663784,1.42076,3.0176155,1.6705822,2.1762051,1.2047228
2009-10-02,3.0233555,1.6737617,2.5699296,1.422722,3.0224683,1.6732642,2.1762111,1.2047228
2009-10-05,3.0229502,1.6735235,2.5695851,1.4225196,3.0218763,1.6729227,2.176229,1.2047228
2009-10-06,3.0294877,1.677139,2.5751421,1.4255928,3.030408,1.6776422,2.1762338,1.2047228
2009-10-07,3.0279018,1.6762574,2.5737941,1.4248434,3.0347458,1.68004,2.1762385,1.2047228
2009-10-08,3.0263119,1.6753731,2.5724426,1.4240918,3.0296013,1.6771878,2.1762439,1.2047228
2009-10-09,3.0079729,1.6652178,2.556854,1.4154596,3.0069217,1.6646296,2.1762475,1.2047228
2009-10-13,3.0192102,1.6714261,2.566406,1.4207367,3.0224903,1.6732356,2.1762642,1.2047228
2009-10-14,3.0052805,1.6637114,2.5545654,1.4141792,3.0069487,1.6646287,2.1762683,1.2047228
2009-10-15,3.001971,1.6618761,2.5517523,1.4126191,3.0040684,1.663031,2.1762725,1.2047228
2009-10-16,3.0052513,1.6636889,2.5545406,1.41416,3.0067273,1.6644997,2.1762767,1.2047228
2009-10-19,3.0052686,1.6636889,2.5545553,1.41416,3.0067446,1.6644997,2.1762892,1.2047228
2009-10-20,3.0050801,1.6635808,2.554395,1.4140682,3.0063608,1.6642836,2.176294,1.2047228
2009-10-21,3.0087574,1.6656129,2.5575208,1.4157955,3.01384,1.6684203,2.1762988,1.2047228
2009-10-22,3.0066533,1.6644449,2.5557323,1.4148026,3.0094111,1.6659654,2.1763029,1.2047228
2009-10-23,3.0187913,1.6711616,2.5660499,1.4205119,3.0237287,1.6738887,2.1763065,1.2047228
2009-10-26,3.0260147,1.6751508,2.5726589,1.4241624,3.0296918,1.6771801,2.1759213,1.2045027
2009-10-27,3.0304309,1.6775918,2.5573059,1.4156602,3.0112996,1.6669948,2.1920871,1.2134487
2009-10-28,3.0407082,1.6832775,2.5563582,1.4151325,3.0152108,1.6691563,2.2003384,1.2180137
2009-10-29,3.0218813,1.6728521,2.5571879,1.4155891,3.0072531,1.6647479,2.1860048,1.2100769
2009-10-30,3.0615015,1.6947823,2.5683485,1.4217649,3.02788,1.6761638,2.2051287,1.2206611
2009-11-02,3.0593245,1.6935702,2.5665222,1.4207481,3.0243661,1.6742117,2.2051378,1.2206611
2009-11-03,3.057782,1.6927135,2.5652281,1.4200294,3.0221584,1.6729868,2.2051414,1.2206611
2009-11-04,3.0575879,1.6926032,2.5650653,1.4199369,3.0211288,1.6724141,2.2051451,1.2206611
2009-11-05,3.0575753,1.692594,2.5650547,1.4199291,3.0213311,1.6725238,2.2051481,1.2206611
2009-11-06,3.0549211,1.6911228,2.5628281,1.418695,3.0197084,1.6716237,2.2051505,1.2206611
2009-11-09,3.0538653,1.69053,2.5619423,1.4181977,3.0187691,1.6710955,2.2051614,1.2206611
2009-11-10,3.0543521,1.6907963,2.5623507,1.418421,3.0205036,1.6720524,2.2051656,1.2206611
2009-11-12,3.0590476,1.6933891,2.5662899,1.4205961,3.0297789,1.6771805,2.2051741,1.2206611
2009-11-13,3.0643571,1.6963249,2.570744,1.4230591,3.0402903,1.682996,2.2051783,1.2206611
2009-11-16,3.0796807,1.7047992,2.5835993,1.4301682,3.0709702,1.699971,2.2051892,1.2206611
2009-11-17,3.0794649,1.7046765,2.5834183,1.4300653,3.0706482,1.6997895,2.2051934,1.2206611
2009-11-18,3.0761216,1.7028229,2.5806135,1.4285103,3.0652544,1.6968009,2.205197,1.2206611
2009-11-19,3.069671,1.6992503,2.575202,1.4255132,3.0571593,1.692318,2.2051994,1.2206611
2009-11-20,3.0733187,1.7012686,2.5782621,1.4272063,3.0622203,1.6951186,2.2052006,1.2206611
2009-11-23,3.0733202,1.7012666,2.5787529,1.4274757,3.0619172,1.694948,2.2047382,1.2204031
2009-11-24,3.0817111,1.7059091,2.5757014,1.4257845,3.0512756,1.6890549,2.2142811,1.2256838
2009-11-25,3.0916378,1.7114018,2.5758318,1.4258548,3.0511889,1.6890047,2.2220009,1.2299552
2009-11-27,3.1222045,1.7283176,2.5873938,1.432251,3.0732798,1.7012286,2.2356453,1.2375046
2009-11-30,3.1260631,1.7304493,2.5906748,1.4340637,3.0797094,1.7047835,2.2357598,1.2375649
2009-12-01,3.1220311,1.7282145,2.5871621,1.4321169,3.0718757,1.7004444,2.2357634,1.2375649
2009-12-02,3.1189417,1.7265015,2.5842786,1.4305184,3.065791,1.6970733,2.2357671,1.2375649
2009-12-03,3.1220001,1.7281921,2.5866705,1.4318405,3.0719333,1.7004711,2.2357702,1.2375649
2009-12-04,3.139504,1.7378786,2.6011731,1.4398659,3.102687,1.717492,2.2357738,1.2375649
2009-12-07,3.1304889,1.7328797,2.5937038,1.4357242,3.0849674,1.7076749,2.2357849,1.2375649
2009-12-08,3.1231884,1.7288366,2.5876551,1.4323744,3.0711484,1.7000235,2.2357873,1.2375649
2009-12-09,3.1256183,1.7301803,2.5896684,1.4334877,3.0749749,1.7021403,2.2357892,1.2375649
2009-12-10,3.1273417,1.7311329,2.5910962,1.4342769,3.0750327,1.7021709,2.235791,1.2375649
2009-12-11,3.1231419,1.7288071,2.5876165,1.43235,3.0682176,1.6983975,2.2357922,1.2375649
2009-12-14,3.1197372,1.7269182,2.5847956,1.430785,3.0616519,1.6947589,2.2357977,1.2375649
2009-12-15,3.1154312,1.7245327,2.581228,1.4288086,3.0551837,1.6911766,2.2358002,1.2375649
2009-12-16,3.1151166,1.7243563,2.5809674,1.4286624,3.054877,1.6910045,2.2358032,1.2375649
2009-12-17,3.1182556,1.7260919,2.5835681,1.4301004,3.0581951,1.6928394,2.2358057,1.2375649
2009-12-18,3.1180482,1.7259752,2.5833963,1.4300037,3.0577872,1.6926117,2.2358081,1.2375649
2009-12-21,3.123517,1.7289953,2.5879273,1.4325059,3.0686299,1.6986066,2.2358173,1.2375649
2009-12-22,3.1318201,1.7335877,2.5948067,1.4363108,3.0807047,1.7052868,2.2358222,1.2375649
2009-12-23,3.1346722,1.7351626,2.5971698,1.4376156,3.0829214,1.7065101,2.2358271,1.2375649
2009-12-24,3.1439518,1.7402959,2.6053682,1.442151,3.0917153,1.7113746,2.2353689,1.2373088
2009-12-28,3.1479045,1.7424743,2.6137528,1.4467842,3.1066712,1.7196438,2.230763,1.2347526
2009-12-29,3.1547525,1.7462597,2.6130288,1.4463791,3.1066066,1.7196029,2.2365333,1.2379428
2009-12-30,3.1618083,1.7501605,2.6145141,1.4471973,3.1090512,1.7209513,2.24047,1.2401185
2009-12-31,3.13717,1.7365201,2.604651,1.4417358,3.0955012,1.7134487,2.2309842,1.2348663
2010-01-04,3.1462947,1.7415595,2.6122268,1.4459197,3.1068958,1.7197446,2.2309989,1.2348663
2010-01-05,3.1622234,1.7503726,2.6254517,1.4532368,3.1241162,1.7292728,2.2310038,1.2348663
2010-01-06,3.1590687,1.748623,2.6228325,1.4517842,3.1256064,1.7300943,2.2310081,1.2348663
2010-01-07,3.1600568,1.7491671,2.6236529,1.4522359,3.1278508,1.7313338,2.2310117,1.2348663
2010-01-08,3.1551807,1.7464657,2.6196044,1.4499931,3.1192232,1.7265559,2.2310148,1.2348663
2010-01-11,3.1574915,1.7477376,2.621523,1.4510491,3.1202638,1.7271248,2.2310239,1.2348663
2010-01-12,3.1395273,1.7377921,2.6066081,1.4427919,3.1004961,1.7161811,2.2310264,1.2348663
2010-01-13,3.1454056,1.7410435,2.6114886,1.4454913,3.1028136,1.7174615,2.2310294,1.2348663
2010-01-14,3.1462382,1.7415015,2.6121799,1.4458716,3.1071364,1.7198514,2.2310331,1.2348663
2010-01-15,3.1569463,1.7474262,2.6210703,1.4507906,3.1203051,1.7271382,2.2310362,1.2348663
2010-01-19,3.1516321,1.7444732,2.6166582,1.4483389,3.113068,1.723121,2.2310508,1.2348663
2010-01-20,3.1591163,1.748613,2.622872,1.4517759,3.1209266,1.7274679,2.2310545,1.2348663
2010-01-21,3.1590517,1.7485748,2.6228184,1.4517442,3.1182604,1.7259898,2.2310576,1.2348663
2010-01-22,3.1560514,1.7469112,2.6203273,1.450363,3.1151535,1.7242673,2.2310612,1.2348663
2010-01-25,3.1583186,1.7481575,2.6224944,1.4515554,3.1188434,1.7263012,2.2308297,1.2347321
2010-01-26,3.1595918,1.7488594,2.6222772,1.4514327,3.1177827,1.7257112,2.2319176,1.2353321
2010-01-27,3.1592764,1.7486815,2.6230219,1.4518421,3.1197268,1.726784,2.2310652,1.234858
2010-01-28,3.1593906,1.7487408,2.6252613,1.4530785,3.1248537,1.7296179,2.2292459,1.2338483
2010-01-29,3.1772434,1.7586186,2.6345334,1.4582074,3.146602,1.741652,2.2339742,1.2364627
2010-02-01,3.1711493,1.755234,2.6294803,1.4554009,3.1347413,1.7350756,2.2339889,1.2364627
2010-02-02,3.1723443,1.7558905,2.6304711,1.4559453,3.1371441,1.7364007,2.2339951,1.2364627
2010-02-03,3.169347,1.7542268,2.6279858,1.4545657,3.1307491,1.7328564,2.2340012,1.2364627
2010-02-04,3.1598501,1.7489655,2.6201111,1.4502032,3.1135905,1.7233544,2.2340073,1.2364627
2010-02-05,3.1515001,1.7443394,2.6131874,1.4463674,3.0980971,1.7147747,2.2340128,1.2364627
2010-02-08,3.1551948,1.7463701,2.616251,1.4480512,3.105073,1.7186217,2.2340312,1.2364627
2010-02-09,3.1677328,1.753304,2.6266473,1.4538006,3.1287298,1.7317098,2.2340385,1.2364627
2010-02-10,3.1706926,1.7549365,2.6291015,1.4551542,3.1356088,1.7355116,2.2340459,1.2364627
2010-02-11,3.1733947,1.7564268,2.6313421,1.4563899,3.1407732,1.7383647,2.2340526,1.2364627
2010-02-12,3.1820193,1.761195,2.6384935,1.4603437,3.1570557,1.7473716,2.2340593,1.2364627
2010-02-16,3.1882784,1.76464,2.6436834,1.4632002,3.1693342,1.7541483,2.2340838,1.2364627
2010-02-17,3.1775194,1.7586804,2.6347622,1.4582586,3.1435784,1.7398883,2.2340899,1.2364627
2010-02-18,3.1774207,1.7586209,2.6346804,1.4582093,3.1395005,1.7376266,2.234096,1.2364627
2010-02-19,3.1850485,1.7628379,2.6410053,1.4617059,3.148919,1.7428347,2.2341022,1.2364627
2010-02-22,3.1804279,1.7602646,2.6376985,1.4598625,3.1457936,1.7410891,2.2335985,1.2361728
2010-02-23,3.1905235,1.7658468,2.62265,1.4515293,3.1179562,1.7256768,2.2570226,1.249133
2010-02-24,3.1904864,1.7658205,2.6244681,1.4525308,3.1217645,1.7277789,2.2551517,1.2480934
2010-02-25,3.2109531,1.7771423,2.6284546,1.4547324,3.1284879,1.7314943,2.2681955,1.2553083
2010-02-26,3.223808,1.7842507,2.6329379,1.4572085,3.1375584,1.7365084,2.2743573,1.258714
2010-03-01,3.2272476,1.7861353,2.6357471,1.4587477,3.1430314,1.7395189,2.2743816,1.258714
2010-03-02,3.227748,1.7864059,2.6361557,1.4589686,3.1439847,1.7400403,2.2743897,1.258714
2010-03-03,3.2282374,1.7866699,2.6365555,1.4591843,3.1446713,1.7404136,2.2743985,1.258714
2010-03-04,3.2300318,1.7876561,2.6380209,1.4599898,3.1471525,1.7417802,2.2744072,1.258714
2010-03-05,3.2443624,1.7955805,2.649725,1.4664617,3.1663982,1.752425,2.2744159,1.258714
2010-03-08,3.2485394,1.7978702,2.6531364,1.4683316,3.1711444,1.7550301,2.2744439,1.258714
2010-03-09,3.2473823,1.7972219,2.6521914,1.4678021,3.169086,1.7538832,2.2744539,1.258714
2010-03-10,3.2483055,1.7977249,2.6529454,1.468213,3.1704365,1.7546229,2.2744639,1.258714
2010-03-11,3.2440304,1.7953516,2.6494539,1.4662747,3.1659686,1.752143,2.2744732,1.258714
2010-03-12,3.2462933,1.7965961,2.651302,1.4672911,3.1673908,1.7529224,2.2744832,1.258714
2010-03-15,3.246719,1.7968095,2.6516497,1.4674654,3.1681688,1.7533314,2.2745112,1.258714
2010-03-16,3.2505119,1.7989002,2.6547474,1.4691729,3.1709643,1.7548703,2.2745218,1.258714
2010-03-17,3.2533991,1.8004902,2.6571055,1.4704714,3.1738162,1.7564409,2.2745318,1.258714
2010-03-18,3.2585671,1.8033428,2.6613262,1.4728012,3.1825592,1.7612722,2.2745412,1.258714
2010-03-19,3.2659264,1.8074077,2.6673367,1.4761209,3.1927645,1.7669123,2.2745511,1.258714
2010-03-22,3.2578959,1.8029397,2.660778,1.4724719,3.1819474,1.7609027,2.274581,1.258714
2010-03-23,3.2594464,1.8037904,2.6620444,1.4731667,3.1840215,1.7620433,2.2745904,1.258714
2010-03-24,3.2765781,1.8132642,2.6760361,1.480904,3.2071732,1.7748487,2.2745991,1.258714
2010-03-25,3.278286,1.8142024,2.6778285,1.4818902,3.2085148,1.7755844,2.2740266,1.2583924
2010-03-26,3.3030162,1.8278811,2.6900712,1.4886596,3.227281,1.7859627,2.2859716,1.2649977
2010-03-29,3.2990569,1.825669,2.689677,1.4884243,3.2266913,1.7856158,2.2821829,1.2628865
2010-03-30,3.2973128,1.8246963,2.6880615,1.4875242,3.2241243,1.7841879,2.2824797,1.2630456
2010-03-31,3.3071814,1.8301495,2.6899567,1.4885664,3.2266153,1.7855586,2.2915543,1.2680616
2010-04-01,3.3110332,1.832273,2.6922236,1.4898144,3.2282943,1.7864799,2.2915644,1.2680616
2010-04-02,3.3271232,1.841169,2.7053065,1.4970476,3.2412678,1.7936514,2.2915744,1.2680616
2010-04-05,3.3389857,1.8477092,2.7149519,1.5023655,3.2519734,1.7995521,2.2916045,1.2680616
2010-04-06,3.3327294,1.8442381,2.7098649,1.4995431,3.2462128,1.7963554,2.2916158,1.2680616
2010-04-07,3.3249222,1.8399092,2.7035169,1.4960233,3.2486553,1.7976987,2.2916265,1.2680616
2010-04-08,3.3222448,1.838419,2.7013398,1.4948116,3.245978,1.7962087,2.2916372,1.2680616
2010-04-09,3.3240388,1.8394032,2.7027985,1.4956118,3.2469628,1.7967453,2.2916479,1.2680616
2010-04-12,3.3327581,1.8442039,2.7098883,1.4995153,3.2538361,1.8005252,2.291678,1.2680616
2010-04-13,3.336623,1.8463345,2.7130309,1.5012477,3.2556165,1.8015025,2.291688,1.2680616
2010-04-14,3.3305392,1.84296,2.7080841,1.4985039,3.2526804,1.7998699,2.2916981,1.2680616
2010-04-15,3.330424,1.8428881,2.7079904,1.4984454,3.2526292,1.7998336,2.2917081,1.2680616
2010-04-16,3.3304386,1.8428881,2.7080022,1.4984454,3.2526435,1.7998336,2.2917182,1.2680616
2010-04-19,3.3304824,1.8428881,2.7080379,1.4984454,3.2526863,1.7998336,2.2917483,1.2680616
2010-04-20,3.3302506,1.8427518,2.7078494,1.4983346,3.2524599,1.7997005,2.2917584,1.2680616
2010-04-21,3.3280868,1.8415464,2.70609,1.4973545,3.2503115,1.7985038,2.2917684,1.2680616
2010-04-22,3.3335335,1.8445526,2.7105187,1.4997989,3.2562767,1.8017972,2.2917778,1.2680616
2010-04-23,3.3391502,1.8476525,2.7150857,1.5023193,3.262869,1.805437,2.2917879,1.2680616
2010-04-26,3.3360031,1.8458868,2.7128795,1.5010788,3.2596639,1.8036398,2.2915203,1.2678969
2010-04-27,3.3405217,1.8483789,2.699373,1.4935989,3.2393628,1.7923988,2.3060429,1.2759267
2010-04-28,3.3305883,1.8428745,2.7038215,1.4960538,3.2468511,1.7965344,2.2953954,1.2700299
2010-04-29,3.3398141,1.8479712,2.7055052,1.4969788,3.2492747,1.7978676,2.3003344,1.272757
2010-04-30,3.3628801,1.8607254,2.7144701,1.5019322,3.2636189,1.805796,2.3086097,1.2773297
2010-05-03,3.3566758,1.857268,2.7094621,1.4991415,3.255648,1.8013619,2.3086401,1.2773297
2010-05-04,3.3708863,1.8651221,2.7209326,1.5054811,3.2743719,1.8117135,2.3086508,1.2773297
2010-05-05,3.3751031,1.8674471,2.7243364,1.5073578,3.2821425,1.816005,2.3086609,1.2773297
2010-05-06,3.3599865,1.8590754,2.7121345,1.5006004,3.2618584,1.8047744,2.3086704,1.2773297
2010-05-07,3.3741948,1.8669312,2.7236032,1.5069414,3.284831,1.8174796,2.3086774,1.2773297
2010-05-10,3.3995397,1.8809345,2.7440613,1.5182445,3.326125,1.8403079,2.3087021,1.2773297
2010-05-11,3.3963606,1.8791673,2.7414951,1.5168181,3.3232673,1.8387188,2.3087122,1.2773297
2010-05-12,3.3976205,1.8798561,2.7425121,1.5173741,3.3301104,1.8424969,2.3087223,1.2773297
2010-05-13,3.4003229,1.8813431,2.7446934,1.5185743,3.3305904,1.8427544,2.3087324,1.2773297
2010-05-14,3.4252395,1.8951208,2.7648058,1.5296954,3.3643181,1.8614072,2.3087425,1.2773297
2010-05-17,3.4202282,1.8923232,2.7607607,1.5274372,3.3573203,1.857511,2.3087729,1.2773297
2010-05-18,3.4378424,1.9020604,2.7749786,1.5352968,3.3805737,1.8703683,2.308783,1.2773297
2010-05-19,3.444028,1.9054739,2.7799716,1.5380521,3.3891001,1.875077,2.3087938,1.2773297
2010-05-20,3.4421991,1.9044531,2.7784953,1.5372282,3.3951389,1.8784093,2.3088045,1.2773297
2010-05-21,3.4381663,1.9022131,2.7752402,1.5354201,3.3937741,1.8776455,2.3088153,1.2773297
2010-05-24,3.4403312,1.9033842,2.7775578,1.5366809,3.3955433,1.8785981,2.3083515,1.2770553
2010-05-25,3.4520396,1.9098531,2.7753471,1.5354507,3.3969561,1.879371,2.3184979,1.2826627
2010-05-26,3.4489084,1.9081119,2.7794584,1.537718,3.3998496,1.880963,2.3127185,1.2794594
2010-05-27,3.4086468,1.8858282,2.7763211,1.5359752,3.3998654,1.880963,2.2872285,1.2653516
2010-05-28,3.4354154,1.9006291,2.7916456,1.5444462,3.3998812,1.880963,2.2928198,1.268439
2010-06-01,3.4355772,1.9006853,2.7917771,1.5444919,3.3999409,1.880963,2.29286,1.268439
2010-06-02,3.4271648,1.8960229,2.7849411,1.5407032,3.3996403,1.8807885,2.29287,1.268439
2010-06-03,3.4264255,1.8956056,2.7843404,1.5403641,3.4045073,1.8834729,2.2928801,1.268439
2010-06-04,3.4056612,1.8841109,2.7674671,1.5310235,3.3766718,1.8680662,2.2928889,1.268439
2010-06-07,3.4020304,1.8820805,2.7645167,1.5293737,3.3720707,1.8654993,2.2929153,1.268439
2010-06-08,3.4044092,1.8833904,2.7664497,1.530438,3.3729876,1.8660004,2.2929228,1.268439
2010-06-09,3.4079721,1.8853552,2.769345,1.5320347,3.3754548,1.8673591,2.2929303,1.268439
2010-06-10,3.4027639,1.8824688,2.7651128,1.5296892,3.3754593,1.8673565,2.2929366,1.268439
2010-06-11,3.4181256,1.890962,2.7775958,1.5365907,3.3794479,1.869558,2.2929429,1.268439
2010-06-14,3.4120362,1.8875808,2.7726475,1.5338432,3.3777123,1.8685855,2.292958,1.268439
2010-06-15,3.4057198,1.8840829,2.7675147,1.5310008,3.376307,1.8678045,2.2929624,1.268439
2010-06-16,3.4080432,1.8853635,2.7694027,1.5320414,3.37837,1.8689412,2.292968,1.268439
2010-06-17,3.4068918,1.8847214,2.7684671,1.5315197,3.3793763,1.8694928,2.2929743,1.268439
2010-06-18,3.4100158,1.886445,2.7710057,1.5329203,3.3793847,1.8694928,2.29298,1.268439
2010-06-21,3.4104455,1.8866656,2.7713549,1.5330995,3.3794152,1.8694928,2.2930007,1.268439
2010-06-22,3.4035404,1.8828395,2.7657437,1.5299904,3.3794263,1.8694928,2.2930082,1.268439
2010-06-23,3.4025066,1.8822609,2.7649037,1.5295203,3.3794384,1.8694928,2.2930164,1.268439
2010-06-24,3.401577,1.88174,2.7646704,1.5293858,3.3794504,1.8694928,2.2925916,1.2681995
2010-06-25,3.4107662,1.8868167,2.767759,1.5310889,3.3794624,1.8694928,2.2962319,1.2702087
2010-06-28,3.4397299,1.9028191,2.7759755,1.5356178,3.3794985,1.8694928,2.3089389,1.2772243
2010-06-29,3.4676125,1.9182346,2.7813736,1.5385968,3.3795143,1.8694928,2.3231761,1.2850938
2010-06-30,3.4671525,1.9179723,2.7813409,1.5385724,3.3795282,1.8694928,2.3229048,1.2849385
2010-07-01,3.4665227,1.9176144,2.7808357,1.5382853,3.3795448,1.8694928,2.3229162,1.2849385
2010-07-02,3.4663531,1.9175116,2.7806996,1.5382029,3.3795606,1.8694928,2.3229271,1.2849385
2010-07-06,3.4630641,1.9156565,2.7780612,1.5367147,3.3795703,1.8694633,2.3229703,1.2849385
2010-07-07,3.4665551,1.9175787,2.7808617,1.5382567,3.3805789,1.8700125,2.3229812,1.2849385
2010-07-08,3.4710941,1.9200811,2.7845029,1.5402641,3.3821999,1.870901,2.3229913,1.2849385
2010-07-09,3.4765122,1.9230703,2.7888492,1.542662,3.3836035,1.8716697,2.3230009,1.2849385
2010-07-12,3.4791316,1.9244939,2.7909505,1.543804,3.3839612,1.871843,2.3230314,1.2849385
2010-07-13,3.4836005,1.9269575,2.7945355,1.5457803,3.3862912,1.8731236,2.3230416,1.2849385
2010-07-14,3.4893691,1.9301405,2.799163,1.5483336,3.3865228,1.873244,2.3230512,1.2849385
2010-07-15,3.5001163,1.9360774,2.8077844,1.5530961,3.389226,1.8747316,2.3230607,1.2849385
2010-07-16,3.506813,1.9397737,2.8131564,1.5560612,3.3905129,1.8754358,2.3230703,1.2849385
2010-07-19,3.5022595,1.937231,2.8095037,1.5540215,3.3892272,1.8747014,2.3230989,1.2849385
2010-07-20,3.5025748,1.9373964,2.8097566,1.5541542,3.389433,1.8748065,2.3231097,1.2849385
2010-07-21,3.5051571,1.9388163,2.8118281,1.5552932,3.3913925,1.8758822,2.3231199,1.2849385
2010-07-22,3.5086657,1.9407485,2.8146427,1.5568432,3.3914074,1.8758822,2.3231301,1.2849385
2010-07-23,3.5150106,1.9442495,2.8197325,1.5596517,3.3914222,1.8758822,2.3231403,1.2849385
2010-07-26,3.5175563,1.9456321,2.8223137,1.5610589,3.3914668,1.8758822,2.3227267,1.2846928
2010-07-27,3.5137133,1.9434979,2.8297955,1.5651903,3.3914817,1.8758822,2.3140419,1.2798836
2010-07-28,3.5221344,1.9481478,2.8255598,1.562841,3.3914956,1.8758822,2.3230611,1.2848668
2010-07-29,3.5255259,1.9500156,2.8280832,1.5642303,3.3915096,1.8758822,2.3232329,1.2849566
2010-07-30,3.5657773,1.9722712,2.84117,1.5714623,3.3915235,1.8758822,2.3390164,1.293681
2010-08-02,3.5597942,1.9689376,2.8364028,1.5688062,3.3915653,1.8758822,2.3390452,1.293681
2010-08-03,3.573093,1.9762846,2.8469991,1.5746601,3.3915802,1.8758822,2.3390554,1.293681
2010-08-04,3.5675198,1.9731934,2.8425585,1.5721971,3.3914426,1.8757978,2.3390657,1.293681
2010-08-05,3.5668376,1.9728074,2.8420149,1.5718896,3.3888054,1.874331,2.339076,1.293681
2010-08-06,3.5612648,1.969717,2.8375746,1.5694272,3.3807423,1.8698637,2.3390856,1.293681
2010-08-09,3.5627192,1.9704971,2.8387334,1.5700488,3.3811308,1.8700555,2.3391144,1.293681
2010-08-10,3.5584341,1.968119,2.8353191,1.5681539,3.3761443,1.8672898,2.339124,1.293681
2010-08-11,3.5536544,1.9654673,2.8315107,1.5660411,3.3669651,1.8622053,2.3391336,1.293681
2010-08-12,3.5498666,1.9633643,2.8284926,1.5643655,3.3646873,1.8609378,2.3391432,1.293681
2010-08-13,3.5587333,1.9682597,2.8355575,1.568266,3.3813775,1.8701607,2.3391535,1.293681
2010-08-16,3.5806441,1.9803538,2.8530158,1.5779024,3.4142832,1.888337,2.3391823,1.293681
2010-08-17,3.5710112,1.9750175,2.8453404,1.5736505,3.4002289,1.8805557,2.3391926,1.293681
2010-08-18,3.5722123,1.9756725,2.8462974,1.5741724,3.4053699,1.8833902,2.3392035,1.293681
2010-08-19,3.5707175,1.9748371,2.8451063,1.5735068,3.4144545,1.8884064,2.3392137,1.293681
2010-08-20,3.5779373,1.9788215,2.850859,1.5766815,3.4144695,1.8884064,2.339224,1.293681
2010-08-23,3.5727878,1.9759491,2.846756,1.5743928,3.4145116,1.8884064,2.3392528,1.293681
2010-08-24,3.5625821,1.9702961,2.8386242,1.5698887,3.4145265,1.8884064,2.3392631,1.293681
2010-08-25,3.5638234,1.970974,2.8399236,1.5706004,3.4145415,1.8884064,2.3387723,1.2934039
2010-08-26,3.5726576,1.9758511,2.8414368,1.5714304,3.4145565,1.8884064,2.346959,1.2979257
2010-08-27,3.5244187,1.9491641,2.8236716,1.5615986,3.4145714,1.8884064,2.3151433,1.2803251
2010-08-30,3.5663832,1.9723483,2.8418305,1.5716219,3.4146135,1.8884064,2.3394185,1.2937341
2010-08-31,3.5891508,1.9849321,2.8503163,1.5763088,3.4143037,1.8882278,2.3531506,1.3013232
2010-09-01,3.5863544,1.983378,2.8471188,1.5745345,3.4280317,1.8958126,2.3531596,1.3013232
2010-09-02,3.5915814,1.9862616,2.8515331,1.5769701,3.443198,1.9041933,2.353168,1.3013232
2010-09-03,3.6021606,1.9921046,2.8616607,1.5825649,3.463469,1.9153965,2.353177,1.3013232
2010-09-07,3.5860911,1.9831872,2.847319,1.5746093,3.4330354,1.8985364,2.3532131,1.3013232
2010-09-08,3.5891943,1.9848957,2.8497829,1.5759658,3.4452905,1.9053065,2.3532222,1.3013232
2010-09-09,3.5820952,1.9809621,2.8441463,1.5728426,3.4575206,1.9120626,2.3532312,1.3013232
2010-09-10,3.5760241,1.9775971,2.8393259,1.5701709,3.4557947,1.9111009,2.3532402,1.3013232
2010-09-13,3.5907798,1.9857345,2.8510418,1.5766318,3.4585963,1.9126282,2.3532673,1.3013232
2010-09-14,3.6026216,1.992275,2.8604441,1.5818248,3.4608755,1.9138807,2.353277,1.3013232
2010-09-15,3.5934434,1.9871911,2.8531566,1.5777883,3.457759,1.9121494,2.3532866,1.3013232
2010-09-16,3.5901258,1.9853483,2.8505225,1.5763252,3.4566365,1.9115208,2.3532963,1.3013232
2010-09-17,3.5901416,1.9853483,2.850535,1.5763252,3.4566516,1.9115208,2.3533066,1.3013232
2010-09-20,3.589988,1.9852373,2.8504131,1.5762371,3.4566971,1.9115208,2.3533376,1.3013232
2010-09-21,3.586582,1.9833446,2.8477088,1.5747343,3.4567132,1.9115208,2.3533485,1.3013232
2010-09-22,3.5864389,1.9832562,2.8475951,1.5746641,3.4567293,1.9115208,2.3533595,1.3013232
2010-09-23,3.58785,1.9840278,2.8487155,1.5752768,3.4567444,1.9115208,2.3533698,1.3013232
2010-09-24,3.5924398,1.9865572,2.8529208,1.5775953,3.4567596,1.9115208,2.3529167,1.3010669
2010-09-27,3.6039949,1.9929225,2.8434238,1.5723242,3.4568022,1.9115208,2.3682493,1.3095292
2010-09-28,3.6190371,2.0012317,2.8448985,1.5731328,3.4568174,1.9115208,2.3796667,1.3158367
2010-09-29,3.6022258,1.9919267,2.8372582,1.568901,3.4568325,1.9115208,2.3722787,1.3117457
2010-09-30,3.6017467,1.9916531,2.8404739,1.5706724,3.4568477,1.9115208,2.3700824,1.3105256
2010-10-01,3.6032529,1.9924773,2.8416785,1.5713316,3.4568628,1.9115208,2.3700928,1.3105256
2010-10-04,3.6089003,1.9955738,2.8465327,1.5739951,3.4569083,1.9115208,2.370124,1.3105256
2010-10-05,3.6098452,1.9960893,2.8472781,1.5744016,3.4568672,1.9114913,2.3701324,1.3105256
2010-10-06,3.6044695,1.9931102,2.843038,1.5720519,3.4548794,1.9103859,2.3701402,1.3105256
2010-10-07,3.6042426,1.9929776,2.842859,1.5719473,3.455925,1.9109572,2.3701487,1.3105256
2010-10-08,3.6060006,1.9939426,2.8442456,1.5727085,3.4565443,1.9112929,2.3701571,1.3105256
2010-10-12,3.6153693,1.9990968,2.8516352,1.5767738,3.4581742,1.912169,2.3701883,1.3105256
2010-10-13,3.6210242,2.0022165,2.8560956,1.5792345,3.4593159,1.9127934,2.3701967,1.3105256
2010-10-14,3.6178279,2.000442,2.8535744,1.5778348,3.4593769,1.9128204,2.3702052,1.3105256
2010-10-15,3.6102822,1.996262,2.8476228,1.5745379,3.4564276,1.9111822,2.3702142,1.3105256
2010-10-18,3.6228274,2.0031758,2.8575178,1.5799911,3.4591313,1.9126552,2.3702415,1.3105256
2010-10-19,3.6266219,2.0052657,2.8605108,1.5816394,3.4602479,1.9132647,2.3702513,1.3105256
2010-10-20,3.6233543,2.0034512,2.8579334,1.5802083,3.460232,1.9132487,2.3702604,1.3105256
2010-10-21,3.6252046,2.0044666,2.8593929,1.5810092,3.458897,1.9125032,2.3702694,1.3105256
2010-10-22,3.6256538,2.0047078,2.8597471,1.5811995,3.4593048,1.9127218,2.3702779,1.3105256
2010-10-25,3.6309757,2.007629,2.8640906,1.5835841,3.4594471,1.9127801,2.3698335,1.3102659
2010-10-26,3.6400508,2.0126391,2.8758503,1.5900801,3.4606618,1.9134444,2.3550215,1.3020714
2010-10-27,3.6445698,2.01513,2.8840272,1.5945951,3.4617387,1.9140324,2.3403655,1.2939632
2010-10-28,3.6515081,2.0189585,2.8860285,1.5956955,3.4604779,1.913328,2.3515973,1.3001682
2010-10-29,3.6654955,2.0266852,2.8937297,1.5999478,3.4610361,1.9136298,2.3624467,1.3061621
2010-11-01,3.665324,2.0265703,2.8935963,1.5998583,3.4610177,1.9136007,2.36247,1.3061621
2010-11-02,3.6673579,2.0276876,2.895197,1.6007376,3.4612111,1.9137009,2.3624785,1.3061621
2010-11-03,3.6694739,2.0288504,2.8968674,1.6016555,3.4614823,1.913844,2.3624869,1.3061621
2010-11-04,3.6633794,2.0254735,2.8920561,1.5989897,3.4546447,1.9100567,2.3624953,1.3061621
2010-11-05,3.6735409,2.0310846,2.9000782,1.6034193,3.4646974,1.915608,2.3625037,1.3061621
2010-11-08,3.6782454,2.033664,2.9037922,1.6054556,3.464697,1.9155873,2.3625289,1.3061621
2010-11-09,3.6818034,2.0356239,2.906601,1.6070028,3.4809651,1.9245749,2.3625374,1.3061621
2010-11-10,3.6895318,2.0398896,2.9127022,1.6103703,3.4887973,1.9288984,2.3625458,1.3061621
2010-11-12,3.6705705,2.0293916,2.8977332,1.6020828,3.474901,1.9212016,2.3625626,1.3061621
2010-11-15,3.6444859,2.0149482,2.8771407,1.5906806,3.4433145,1.9037175,2.3625878,1.3061621
2010-11-16,3.6555084,2.0210346,2.8858424,1.5954854,3.4650495,1.9157269,2.3625969,1.3061621
2010-11-17,3.6485984,2.0172059,2.8803873,1.5924629,3.4546084,1.9099465,2.3626066,1.3061621
2010-11-18,3.6555704,2.0210528,2.8858914,1.5954998,3.4575847,1.9115847,2.3626157,1.3061621
2010-11-19,3.6574289,2.022072,2.8873585,1.5963044,3.4576819,1.9116305,2.3626254,1.3061621
2010-11-22,3.6407514,2.0128283,2.8741925,1.589007,3.4552792,1.9102802,2.3626526,1.3061621
2010-11-23,3.6412132,2.0130753,2.8748545,1.5893665,3.4544385,1.9098075,2.362238,1.3059275
2010-11-24,3.6046482,1.9928518,2.8647591,1.5837787,3.4573446,1.9114063,2.3354583,1.2911174
2010-11-26,3.6213737,2.0020811,2.8702495,1.5868002,3.4582043,1.9118649,2.3457809,1.2968127
2010-11-29,3.628121,2.005785,2.8715733,1.5875112,3.4588398,1.9121911,2.3512747,1.2998328
2010-11-30,3.6459258,2.0156184,2.8825399,1.5935661,3.4597001,1.9126572,2.3560604,1.302472
2010-12-01,3.6400236,2.0123461,2.8747461,1.58925,3.455008,1.9100543,2.3560713,1.302472
2010-12-02,3.6417498,2.0132915,2.8760921,1.5899872,3.4585818,1.9120217,2.3560817,1.302472
2010-12-03,3.6400535,2.0123449,2.8747525,1.5892396,3.4618512,1.9138208,2.356092,1.302472
2010-12-06,3.6234536,2.0031448,2.8616426,1.5819738,3.4507056,1.9076371,2.3561191,1.302472
2010-12-07,3.6573301,2.0218644,2.8883968,1.5967575,3.4765689,1.9219271,2.3561288,1.302472
2010-12-08,3.6629205,2.0249472,2.8928118,1.5991921,3.4900942,1.9293968,2.3561378,1.302472
2010-12-09,3.6602073,2.023439,2.8906691,1.598001,3.4894802,1.9290495,2.3561475,1.302472
2010-12-10,3.6552708,2.0207022,2.8867704,1.5958397,3.4884174,1.9284546,2.3561565,1.302472
2010-12-13,3.6599705,2.0232787,2.890482,1.5978744,3.489233,1.9288849,2.3561817,1.302472
2010-12-14,3.6459135,2.0154995,2.8793805,1.5917309,3.4857353,1.9269434,2.3561914,1.302472
2010-12-15,3.6432142,2.013999,2.8772487,1.5905459,3.4848297,1.9264348,2.3562011,1.302472
2010-12-16,3.6437959,2.0143128,2.8777081,1.5907937,3.4850356,1.9265412,2.3562101,1.302472
2010-12-17,3.6435438,2.0141663,2.877509,1.590678,3.4850339,1.9265335,2.3562185,1.302472
2010-12-20,3.6442744,2.014552,2.878086,1.5909826,3.4850819,1.9265426,2.3562398,1.302472
2010-12-21,3.6450909,2.0149956,2.8787308,1.5913329,3.4850639,1.9265252,2.3562489,1.302472
2010-12-22,3.6502232,2.017825,2.8827841,1.5935674,3.4863366,1.9272214,2.3562579,1.302472
2010-12-23,3.6590922,2.02272,2.8897884,1.5974332,3.48891,1.9286365,2.3562669,1.302472
2010-12-27,3.6588578,2.0225594,2.8900832,1.5975717,3.4877029,1.9279397,2.3559118,1.3022557
2010-12-28,3.6329331,2.0082192,2.8960959,1.6008879,3.492222,1.9304288,2.3343286,1.2903193
2010-12-29,3.6821506,2.0354175,2.9062597,1.6064996,3.4903636,1.9293936,2.3577705,1.3032717
2010-12-30,3.6709357,2.0292108,2.9029922,1.6046877,3.4896857,1.9290119,2.3532485,1.3007675
2010-12-31,3.7010668,2.04586,2.9116311,1.6094578,3.4920365,1.9303051,2.3655688,1.3075733
2011-01-03,3.6992894,2.0448573,2.9102328,1.608669,3.4912227,1.9298362,2.3655921,1.3075733
2011-01-04,3.7006962,2.0456265,2.9113396,1.6092742,3.4919064,1.9302062,2.3656018,1.3075733
2011-01-05,3.7024648,2.0465963,2.9127309,1.6100371,3.4896211,1.9289355,2.3656109,1.3075733
2011-01-06,3.6952169,2.0425821,2.907029,1.6068791,3.4877447,1.9278909,2.36562,1.3075733
2011-01-07,3.6799825,2.0341527,2.8950441,1.6002478,3.483615,1.9256003,2.3656297,1.3075733
2011-01-10,3.6756283,2.0317224,2.8916187,1.5983359,3.482521,1.9249734,2.3656569,1.3075733
2011-01-11,3.6819405,2.0352031,2.8965845,1.6010742,3.4842886,1.9259425,2.3656667,1.3075733
2011-01-12,3.68496,2.0368638,2.89896,1.6023806,3.4853027,1.9264952,2.3656764,1.3075733
2011-01-13,3.6887534,2.0389523,2.9019442,1.6040236,3.4862779,1.9270263,2.3656861,1.3075733
2011-01-14,3.6866818,2.0377988,2.9003144,1.6031162,3.4855852,1.9266355,2.3656958,1.3075733
2011-01-18,3.6833873,2.0359443,2.8977227,1.6016572,3.4845196,1.9260148,2.3657347,1.3075733
2011-01-19,3.6874275,2.0381686,2.9009011,1.603407,3.4857079,1.9266632,2.3657451,1.3075733
2011-01-20,3.685917,2.0373247,2.8997128,1.6027432,3.4846533,1.9260718,2.3657554,1.3075733
2011-01-21,3.6840413,2.036279,2.8982372,1.6019205,3.4836735,1.9255218,2.3657658,1.3075733
2011-01-24,3.6851466,2.0368632,2.8991068,1.6023801,3.4836246,1.9254695,2.3657969,1.3075733
2011-01-25,3.6777848,2.0327852,2.8935337,1.5992928,3.4804272,1.9236938,2.365629,1.3074748
2011-01-26,3.6704042,2.0286969,2.8963156,1.6008234,3.4828558,1.9250277,2.3586176,1.3035939
2011-01-27,3.6774468,2.0325806,2.8991707,1.6023944,3.4837257,1.9255,2.3608285,1.3048101
2011-01-28,3.6941245,2.0417902,2.9069867,1.6067078,3.4895499,1.9287112,2.3651802,1.3072099
2011-01-31,3.6821235,2.035132,2.9027268,1.6043335,3.4865815,1.9270467,2.3609917,1.3048788
2011-02-01,3.6731522,2.0301651,2.8956544,1.600418,3.4813129,1.9241269,2.3610014,1.3048788
2011-02-02,3.672243,2.0296542,2.8949376,1.6000153,3.4794704,1.9231006,2.3610111,1.3048788
2011-02-03,3.6760399,2.0317439,2.8979309,1.6016626,3.482857,1.924964,2.3610214,1.3048788
2011-02-04,3.6886388,2.0386995,2.907863,1.6071458,3.5003499,1.9346248,2.3610305,1.3048788
2011-02-07,3.6890812,2.0389189,2.9082117,1.6073188,3.4982341,1.9334316,2.3610596,1.3048788
2011-02-08,3.7035404,2.0469014,2.9196103,1.6136116,3.5133291,1.941766,2.3610699,1.3048788
2011-02-09,3.6996652,2.0447512,2.9165554,1.6119165,3.4992709,1.9339882,2.3610797,1.3048788
2011-02-10,3.6950099,2.0421704,2.9128855,1.609882,3.4968602,1.9326484,2.3610887,1.3048788
2011-02-11,3.7007935,2.0453602,2.9174449,1.6123966,3.5076657,1.9386141,2.3610965,1.3048788
2011-02-14,3.7040108,2.0471182,2.9199811,1.6137824,3.5147737,1.9425234,2.3611198,1.3048788
2011-02-15,3.7036563,2.046915,2.9197017,1.6136223,3.5165199,1.9434816,2.3611282,1.3048788
2011-02-16,3.7051195,2.0477164,2.9208552,1.614254,3.5154261,1.9428701,2.3611366,1.3048788
2011-02-17,3.6935971,2.0413415,2.9117717,1.6092286,3.5096445,1.9396684,2.3611443,1.3048788
2011-02-18,3.6915607,2.040211,2.9101664,1.6083374,3.5088221,1.9392091,2.3611502,1.3048788
2011-02-22,3.6713183,2.0290013,2.8946744,1.5997579,3.4956925,1.9319316,2.3607982,1.30467
2011-02-23,3.6689537,2.0276878,2.898159,1.6016785,3.4989438,1.9337221,2.3564435,1.3022591
2011-02-24,3.6770428,2.0321517,2.8987823,1.6020177,3.498698,1.9335799,2.3611397,1.3048502
2011-02-25,3.6910012,2.0398587,2.9021516,1.603874,3.5015576,1.9351534,2.3673669,1.3082869
2011-02-28,3.6971496,2.0432348,2.906857,1.6064573,3.5048792,1.9369684,2.3674974,1.308345
2011-03-01,3.7012548,2.0454952,2.9100847,1.6082345,3.5069543,1.9381072,2.3675071,1.308345
2011-03-02,3.6979595,2.0436662,2.9074938,1.6067965,3.5039502,1.9364396,2.3675162,1.308345
2011-03-03,3.7073139,2.0488286,2.9148487,1.6108554,3.515137,1.942615,2.3675246,1.308345
2011-03-04,3.6904652,2.03951,2.9016015,1.6035287,3.4996057,1.9340249,2.3675331,1.308345
2011-03-07,3.6932089,2.0410061,2.9037587,1.604705,3.5022647,1.9354753,2.3675564,1.308345
2011-03-08,3.7026427,2.0462134,2.9111759,1.6087992,3.5103792,1.9399538,2.3675635,1.308345
2011-03-09,3.6959932,2.0425326,2.9059479,1.6059052,3.5014585,1.935018,2.3675707,1.308345
2011-03-10,3.69702,2.0430944,2.9067551,1.6063469,3.5024872,1.9355812,2.3675772,1.308345
2011-03-11,3.6962638,2.042672,2.9061606,1.6060148,3.50233,1.9354901,2.3675824,1.308345
2011-03-14,3.7003094,2.0448943,2.9093414,1.6077621,3.504146,1.936481,2.3675979,1.308345
2011-03-15,3.7026221,2.0461673,2.9111598,1.608763,3.504831,1.9368547,2.3676038,1.308345
2011-03-16,3.7091301,2.0497582,2.9162766,1.6115862,3.507021,1.9380597,2.3676103,1.308345
2011-03-17,3.7076229,2.0489197,2.9150916,1.610927,3.5065221,1.9377787,2.3676167,1.308345
2011-03-18,3.7076311,2.0489197,2.915098,1.610927,3.5065297,1.9377787,2.3676219,1.308345
2011-03-21,3.7074065,2.0487838,2.9149215,1.6108201,3.5064123,1.9377026,2.3676355,1.308345
2011-03-22,3.7081704,2.0492004,2.9155221,1.6111476,3.5067854,1.9379035,2.367642,1.308345
2011-03-23,3.7088649,2.0495786,2.9160681,1.611445,3.5070934,1.9380684,2.3676485,1.308345
2011-03-24,3.7200236,2.05574,2.9248416,1.6162893,3.5165393,1.9432835,2.3676544,1.308345
2011-03-25,3.7325998,2.0626847,2.9352965,1.6220628,3.5264839,1.9487743,2.3672012,1.3080914
2011-03-28,3.7344415,2.0636871,2.9382736,1.6236959,3.529606,1.9504851,2.3659858,1.3074101
2011-03-29,3.728756,2.0605391,2.9403731,1.6248512,3.5320898,1.9518519,2.3607003,1.3044854
2011-03-30,3.7381236,2.06571,2.9406738,1.6250129,3.532017,1.9518063,2.366396,1.3076292
2011-03-31,3.7341186,2.0634912,2.9378446,1.6234451,3.5285806,1.949902,2.3661438,1.3074863
2011-04-01,3.7343864,2.0636341,2.9380553,1.6235575,3.5287949,1.9500156,2.3661497,1.3074863
2011-04-04,3.743149,2.0684645,2.9449493,1.6273578,3.5358726,1.9539155,2.3661633,1.3074863
2011-04-05,3.7333041,2.0630208,2.9372038,1.623075,3.5265728,1.9487732,2.3661672,1.3074863
2011-04-06,3.7320435,2.0623202,2.936212,1.6225238,3.5254959,1.9481744,2.3661717,1.3074863
2011-04-07,3.7292923,2.0607965,2.9340475,1.6213251,3.5221845,1.9463413,2.3661756,1.3074863
2011-04-08,3.7320879,2.0623391,2.936247,1.6225387,3.524468,1.947601,2.3661782,1.3074863
2011-04-11,3.7330555,2.062867,2.9370082,1.622954,3.5250957,1.9479415,2.366186,1.3074863
2011-04-12,3.7160995,2.0534944,2.9236679,1.6155801,3.5158587,1.9428345,2.3661892,1.3074863
2011-04-13,3.7121019,2.0512825,2.9205228,1.6138399,3.5155088,1.9426385,2.3661924,1.3074863
2011-04-14,3.7075883,2.048785,2.9169717,1.611875,3.5135824,1.9415708,2.3661963,1.3074863
2011-04-15,3.7246995,2.0582366,2.9304341,1.619311,3.5226589,1.9465827,2.3662009,1.3074863
2011-04-18,3.7338671,2.0632907,2.9376468,1.6232873,3.5285463,1.9498248,2.3662145,1.3074863
2011-04-19,3.7361144,2.0645285,2.9394148,1.6242612,3.5289723,1.9500564,2.366219,1.3074863
2011-04-20,3.7321756,2.0623486,2.936316,1.6225462,3.5293872,1.9502825,2.3662229,1.3074863
2011-04-21,3.7297922,2.0610282,2.9344408,1.6215073,3.527234,1.9490895,2.3662268,1.3074863
2011-04-25,3.7252992,2.0585319,2.9312501,1.6197335,3.5233987,1.9469574,2.3659648,1.3073329
2011-04-26,3.7282382,2.060152,2.9265231,1.6171184,3.5177168,1.9438139,2.3716513,1.3104726
2011-04-27,3.7207678,2.05602,2.9273787,1.6175881,3.5187452,1.9443784,2.3662104,1.3074636
2011-04-28,3.7334701,2.0630357,2.9303417,1.6192227,3.5223067,1.9463433,2.3718972,1.3106038
2011-04-29,3.7416875,2.0675742,2.93423,1.6213695,3.5269805,1.9489238,2.3739731,1.3117494
2011-05-02,3.7429876,2.0682857,2.9352495,1.6219275,3.528206,1.9495945,2.3739809,1.3117494
2011-05-03,3.7443059,2.0690114,2.9362833,1.6224965,3.5294486,1.9502785,2.3739842,1.3117494
2011-05-04,3.7460823,2.0699913,2.9376764,1.623265,3.530926,1.9510933,2.3739861,1.3117494
2011-05-05,3.7423896,2.0679491,2.9347806,1.6216635,3.5215819,1.9459284,2.3739881,1.3117494
2011-05-06,3.7452784,2.0695442,2.9370459,1.6229144,3.5278285,1.949379,2.3739894,1.3117494
2011-05-09,3.7423678,2.0679325,2.9347635,1.6216505,3.5240279,1.9472757,2.3739933,1.3117494
2011-05-10,3.7579459,2.0765389,2.9469798,1.6283995,3.5471057,1.9600262,2.3739952,1.3117494
2011-05-11,3.7571179,2.0760796,2.9463304,1.6280393,3.5396935,1.9559288,2.3739972,1.3117494
2011-05-12,3.7584337,2.076805,2.9473623,1.6286082,3.5437436,1.9581652,2.3739991,1.3117494
2011-05-13,3.7691296,2.0827141,2.9557501,1.6332421,3.5621913,1.9683577,2.3740004,1.3117494
2011-05-16,3.7793043,2.0883312,2.9637291,1.6376469,3.5787205,1.9774864,2.3740063,1.3117494
2011-05-17,3.7887109,2.0935267,2.9711057,1.6417212,3.5952977,1.9866443,2.3740089,1.3117494
2011-05-18,3.7804654,2.0889682,2.9646396,1.6381465,3.5763954,1.9761973,2.3740115,1.3117494
2011-05-19,3.7736342,2.0851907,2.9592826,1.6351842,3.5687605,1.9719758,2.3740147,1.3117494
2011-05-20,3.7686364,2.0824262,2.9553633,1.6330163,3.564034,1.9693614,2.374018,1.3117494
2011-05-23,3.7639236,2.0798135,2.9516675,1.6309674,3.559577,1.9668906,2.3740278,1.3117494
2011-05-24,3.7643483,2.0800447,2.9525589,1.6314573,3.560652,1.9674813,2.3733887,1.3113941
2011-05-25,3.7629339,2.0792597,2.9541192,1.6323168,3.5625337,1.9685178,2.3710741,1.3101131
2011-05-26,3.788465,2.0933639,2.9607247,1.635964,3.5704996,1.9729162,2.3867744,1.318786
2011-05-27,3.7905816,2.0945306,2.9621841,1.6367681,3.5722596,1.973886,2.3870264,1.3189234
2011-05-31,3.8047558,2.1023512,2.9688515,1.6404433,3.5803002,1.9783181,2.3925729,1.3219808
2011-06-01,3.8143753,2.1076631,2.9778962,1.6454382,3.5909681,1.9842095,2.3925768,1.3219808
2011-06-02,3.8169119,2.1090619,2.9788491,1.6459625,3.5998529,1.9891161,2.3925801,1.3219808
2011-06-03,3.810327,2.105421,2.974408,1.6435068,3.5916606,1.9845872,2.3925827,1.3219808
2011-06-06,3.8140569,2.1074751,2.9775894,1.6452593,3.5952681,1.9865741,2.3925906,1.3219808
2011-06-07,3.8155468,2.1082954,2.9788234,1.6459389,3.5953706,1.986628,2.3925939,1.3219808
2011-06-08,3.8102549,2.1053685,2.974692,1.6436538,3.5921144,1.9848261,2.3925971,1.3219808
2011-06-09,3.803766,2.1017807,2.9696261,1.6408528,3.5868604,1.9819208,2.3925998,1.3219808
2011-06-10,3.8123896,2.1065428,2.9763586,1.6445706,3.5910341,1.9842242,2.392603,1.3219808
2011-06-13,3.8089007,2.1046063,2.9736348,1.6430588,3.5893691,1.9832961,2.3926129,1.3219808
2011-06-14,3.7798216,2.0885358,2.9509326,1.6305126,3.5751733,1.9754495,2.3926161,1.3219808
2011-06-15,3.8047846,2.1023262,2.9704213,1.6412788,3.5835468,1.9800736,2.3926194,1.3219808
2011-06-16,3.8077967,2.1039877,2.9727729,1.6425758,3.5845557,1.9806283,2.3926227,1.3219808
2011-06-17,3.8078019,2.1039877,2.972777,1.6425758,3.5845606,1.9806283,2.392626,1.3219808
2011-06-20,3.8076281,2.1038847,2.9726412,1.6424954,3.5843969,1.9805314,2.3926338,1.3219808
2011-06-21,3.8089734,2.1046264,2.9736916,1.6430744,3.5856634,1.9812295,2.3926358,1.3219808
2011-06-22,3.8083618,2.1042867,2.9732141,1.6428093,3.5850876,1.9809097,2.3926378,1.3219808
2011-06-23,3.7913558,2.094889,2.9599374,1.6354725,3.5690787,1.972063,2.3926391,1.3219808
2011-06-24,3.7809267,2.0891259,2.9526472,1.631444,3.5602882,1.9672054,2.3919511,1.3216003
2011-06-27,3.7640419,2.0797928,2.9620829,1.6366549,3.5716657,1.9734887,2.3735028,1.3114051
2011-06-28,3.7352653,2.0638914,2.9685136,1.6402071,3.5794198,1.9777721,2.3466653,1.2965761
2011-06-29,3.704442,2.0468585,2.9721897,1.642237,3.5838524,1.9802197,2.3229244,1.2834578
2011-06-30,3.6812798,2.0340593,2.9670156,1.6393772,3.5776135,1.9767713,2.3119818,1.2774111
2011-07-01,3.6727448,2.0293417,2.9558033,1.6331807,3.5640938,1.9692995,2.3119837,1.2774111
2011-07-05,3.6882269,2.0378918,2.9753038,1.6439518,3.5876075,1.9822874,2.3119888,1.2774111
2011-07-06,3.6917507,2.0398377,2.9793794,1.6462028,3.5926554,1.9850755,2.3119901,1.2774111
2011-07-07,3.6976927,2.0431203,2.9841748,1.6488519,3.5959658,1.9869041,2.3119907,1.2774111
2011-07-08,3.6634047,2.0241732,2.9565031,1.6335611,3.5760773,1.9759133,2.3119926,1.2774111
2011-07-11,3.642795,2.0127805,2.9398703,1.6243669,3.5651569,1.9698746,2.3119983,1.2774111
2011-07-12,3.6385513,2.0104341,2.9364455,1.6224733,3.5627478,1.9685418,2.3120002,1.2774111
2011-07-13,3.6370855,2.0096225,2.9352625,1.6218183,3.5628249,1.9685828,2.3120021,1.2774111
2011-07-14,3.63588,2.0089559,2.9342896,1.6212803,3.5602261,1.9671463,2.3120027,1.2774111
2011-07-15,3.6417935,2.0122227,2.9390621,1.6239168,3.5645245,1.9695208,2.3120034,1.2774111
2011-07-18,3.6397168,2.011072,2.9373861,1.6229881,3.5638996,1.9691723,2.3120072,1.2774111
2011-07-19,3.6496402,2.0165539,2.9453946,1.6274121,3.5664678,1.9705902,2.3120084,1.2774111
2011-07-20,3.6415354,2.0120741,2.9388537,1.6237968,3.5643756,1.9694326,2.3120103,1.2774111
2011-07-21,3.6406317,2.0115737,2.9381245,1.6233929,3.5668989,1.9708257,2.3120116,1.2774111
2011-07-22,3.6356023,2.008792,2.9340656,1.6211481,3.5619714,1.9681004,2.3120148,1.2774111
2011-07-25,3.6408988,2.0117102,2.9386039,1.6236489,3.5674809,1.9711365,2.3114773,1.2771089
2011-07-26,3.638499,2.0103815,2.9323315,1.6201811,3.5598662,1.9669264,2.3204514,1.2820654
2011-07-27,3.6370357,2.0095691,2.9331656,1.6206389,3.5608788,1.9674822,2.3162645,1.2797497
2011-07-28,3.6448515,2.0138832,2.9361984,1.622311,3.5645606,1.9695122,2.3230632,1.2835032
2011-07-29,3.6975275,2.0429843,2.9617282,1.6364136,3.595554,1.986633,2.3582504,1.3029418
2011-08-01,3.7001427,2.0444125,2.963823,1.6375575,3.598097,1.9880218,2.3582697,1.3029418
2011-08-02,3.7207791,2.055809,2.9803528,1.6466861,3.6181643,1.9991039,2.3582762,1.3029418
2011-08-03,3.7200582,2.0554073,2.9797754,1.6463643,3.6173759,1.998665,2.3582801,1.3029418
2011-08-04,3.7216316,2.0562755,2.9810356,1.6470597,3.612797,1.996134,2.3582814,1.3029418
2011-08-05,3.7321038,2.0620604,2.9894239,1.6516934,3.6310849,2.0062373,2.3582827,1.3029418
2011-08-08,3.7183422,2.0544552,2.9784008,1.6456017,3.6060113,1.9923821,2.3582846,1.3029418
2011-08-09,3.7009362,2.0448352,2.9644585,1.6378962,3.5775145,1.9766343,2.3582878,1.3029418
2011-08-10,3.6988211,2.0436649,2.9627643,1.6369587,3.5733997,1.9743593,2.3582898,1.3029418
2011-08-11,3.6981772,2.0433081,2.9622486,1.6366729,3.5729509,1.9741102,2.3582911,1.3029418
2011-08-12,3.7122838,2.0511005,2.973548,1.6429146,3.5985412,1.9882476,2.358293,1.3029418
2011-08-15,3.7060228,2.0476378,2.9685329,1.640141,3.5879779,1.9824079,2.3582969,1.3029418
2011-08-16,3.7151745,2.0526932,2.9758635,1.6441903,3.6053579,1.9920096,2.3582982,1.3029418
2011-08-17,3.7238198,2.0574681,2.9827883,1.648015,3.6235173,2.0020413,2.3583001,1.3029418
2011-08-18,3.7316905,2.0618163,2.9890928,1.6514978,3.6388927,2.0105358,2.3583008,1.3029418
2011-08-19,3.7315996,2.0617654,2.98902,1.6514571,3.638804,2.0104862,2.3583014,1.3029418
2011-08-22,3.7382147,2.065417,2.9943187,1.654382,3.6452546,2.014047,2.3583053,1.3029418
2011-08-23,3.73963,2.0661984,2.9954524,1.6550079,3.6466347,2.014809,2.3583059,1.3029418
2011-08-24,3.7499865,2.07192,3.003748,1.6595908,3.6567337,2.0203882,2.3583066,1.3029418
2011-08-25,3.7518083,2.0729254,3.0056823,1.6606586,3.6590885,2.0216882,2.3579349,1.3027357
2011-08-26,3.7690424,2.0824469,3.011741,1.6640056,3.6664643,2.0257628,2.3640138,1.3060939
2011-08-29,3.7414087,2.0671772,3.0063709,1.6610373,3.6599269,2.0221491,2.3508986,1.2988468
2011-08-30,3.7696704,2.082791,3.0118021,1.6640372,3.6665388,2.0258012,2.3644109,1.3063115
2011-08-31,3.7563896,2.0754526,3.0091601,1.662577,3.6633224,2.0240235,2.3581557,1.3028552
2011-09-01,3.7599309,2.0774081,3.0119969,1.6641434,3.6667759,2.0259306,2.358157,1.3028552
2011-09-02,3.7597192,2.07729,3.0118274,1.6640488,3.6665695,2.0258154,2.3581582,1.3028552
2011-09-06,3.7595007,2.0771647,3.0116523,1.6639485,3.6662302,2.0256235,2.3581634,1.3028552
2011-09-07,3.7637898,2.0795334,3.0150883,1.6658459,3.6737845,2.0297962,2.3581647,1.3028552
2011-09-08,3.7583028,2.0765006,3.0106928,1.6634165,3.6639302,2.0243505,2.358166,1.3028552
2011-09-09,3.7499211,2.0718685,3.0039783,1.6597058,3.6492747,2.0162521,2.3581673,1.3028552
2011-09-12,3.7521817,2.0731158,3.0057893,1.660705,3.6508613,2.0171271,2.3581692,1.3028552
2011-09-13,3.7589118,2.0768337,3.0111806,1.6636833,3.6641409,2.0244636,2.3581699,1.3028552
2011-09-14,3.7571797,2.0758761,3.009793,1.6629162,3.6633278,2.0240138,2.3581705,1.3028552
2011-09-15,3.7531178,2.0736313,3.0065392,1.661118,3.6619425,2.0232479,2.3581712,1.3028552
2011-09-16,3.7560385,2.0752445,3.0088789,1.6624102,3.6641255,2.0244534,2.3581718,1.3028552
2011-09-19,3.768488,2.0821212,3.0188519,1.6679189,3.6706462,2.0280545,2.3581738,1.3028552
2011-09-20,3.7697853,2.0828374,3.0198911,1.6684927,3.670984,2.0282406,2.3581744,1.3028552
2011-09-21,3.776005,2.0862733,3.0248736,1.671245,3.6743552,2.0301026,2.358175,1.3028552
2011-09-22,3.7697374,2.0828098,3.0198527,1.6684705,3.6682563,2.0267324,2.3581757,1.3028552
2011-09-23,3.7835795,2.0904577,3.0309413,1.674597,3.6817258,2.0341744,2.3581757,1.3028552
2011-09-26,3.7891522,2.0935349,3.0358709,1.6773192,3.6877138,2.0374811,2.3578155,1.3026552
2011-09-27,3.7750846,2.0857613,3.0411623,1.6802418,3.6941413,2.0410312,2.3449284,1.2955345
2011-09-28,3.7670281,2.0813095,3.0398679,1.6795262,3.692569,2.0401619,2.3407218,1.2932101
2011-09-29,3.7757008,2.0861001,3.0393419,1.6792346,3.6919301,2.0398078,2.3465359,1.2964215
2011-09-30,3.7981232,2.0984874,3.0450497,1.6823873,3.6988634,2.0436374,2.3563429,1.301839
2011-10-03,3.8103553,2.1052423,3.0553513,1.6880761,3.7113769,2.0505478,2.3563468,1.301839
2011-10-04,3.8064941,2.1031078,3.0518071,1.6861171,3.7071532,2.0482131,2.356348,1.301839
2011-10-05,3.8052555,2.1024229,3.0499506,1.6850909,3.7014233,2.0450467,2.3563487,1.301839
2011-10-06,3.8121511,2.1062328,3.0547767,1.6877573,3.7019667,2.0453469,2.3563487,1.301839
2011-10-07,3.8223243,2.1118529,3.0620883,1.6917965,3.7063556,2.0477713,2.3563493,1.301839
2011-10-11,3.8324906,2.1174675,3.069476,1.6958763,3.7104672,2.0500407,2.3563519,1.301839
2011-10-12,3.8386903,2.1208917,3.0744414,1.6986187,3.7126313,2.0512352,2.3563532,1.301839
2011-10-13,3.842855,2.1231916,3.0777769,1.7004607,3.7162861,2.0532534,2.3563545,1.301839
2011-10-14,3.8376755,2.1203288,3.0736287,1.6981678,3.7152759,2.0526941,2.3563558,1.301839
2011-10-17,3.8481824,2.1261303,3.0820437,1.7028143,3.7204422,2.0555452,2.3563597,1.301839
2011-10-18,3.8464928,2.1251945,3.0806905,1.7020648,3.7201535,2.0553834,2.3563622,1.301839
2011-10-19,3.8466968,2.1253049,3.0808539,1.7021532,3.7200832,2.0553423,2.3563648,1.301839
2011-10-20,3.8468661,2.1253967,3.0809895,1.7022268,3.7208321,2.0557544,2.3563668,1.301839
2011-10-21,3.85218,2.1283308,3.0852454,1.7045767,3.7259719,2.0585924,2.3563687,1.301839
2011-10-24,3.8551892,2.1299899,3.0876555,1.7059055,3.7288825,2.0601971,2.3563726,1.301839
2011-10-25,3.834957,2.1188105,3.0717209,1.6971008,3.7096387,2.0495638,2.356033,1.3016507
2011-10-26,3.825954,2.1138358,3.0761752,1.6995613,3.7150181,2.0525354,2.3439118,1.2949537
2011-10-27,3.7932865,2.0957858,3.0747861,1.6987929,3.7133404,2.0516073,2.3186021,1.28097
2011-10-28,3.8163163,2.1085086,3.0833506,1.7035238,3.7236835,2.0573208,2.3293237,1.2868927
2011-10-31,3.8594171,2.13232,3.0956911,1.7103404,3.7385869,2.0655531,2.3521349,1.2994943
2011-11-01,3.8688568,2.1375348,3.1038137,1.7148276,3.7483964,2.0709723,2.3521356,1.2994943
2011-11-02,3.8686386,2.1374137,3.1036387,1.7147304,3.7480688,2.0707907,2.3521362,1.2994943
2011-11-03,3.8714864,2.1389866,3.1059234,1.7159922,3.7534795,2.0737795,2.3521369,1.2994943
2011-11-04,3.868234,2.137189,3.1033141,1.7145502,3.7484871,2.0710207,2.3521375,1.2994943
2011-11-07,3.8660834,2.1359991,3.1015888,1.7135955,3.7437359,2.0683939,2.3521394,1.2994943
2011-11-08,3.8722587,2.1394103,3.106543,1.7163322,3.7556106,2.0749541,2.3521401,1.2994943
2011-11-09,3.8661789,2.1360507,3.1016654,1.7136369,3.740737,2.0667359,2.3521407,1.2994943
2011-11-10,3.8660137,2.1359588,3.1015329,1.7135632,3.7418734,2.0673632,2.3521414,1.2994943
2011-11-14,3.8659302,2.1359103,3.1014659,1.7135243,3.7433128,2.0681562,2.3521439,1.2994943
2011-11-15,3.865142,2.1354742,3.1008335,1.7131745,3.7408244,2.0667808,2.3521446,1.2994943
2011-11-16,3.8695628,2.1379161,3.1043802,1.7151335,3.7498999,2.0717944,2.3521452,1.2994943
2011-11-17,3.8744202,2.1405992,3.108277,1.717286,3.7600182,2.0773841,2.3521459,1.2994943
2011-11-18,3.8804827,2.1439476,3.1131407,1.7199722,3.765066,2.0801719,2.3521472,1.2994943
2011-11-21,3.8753066,2.1410861,3.1089882,1.7176766,3.7604201,2.0776033,2.3521491,1.2994943
2011-11-22,3.8755501,2.1412194,3.1091835,1.7177835,3.7606563,2.0777327,2.3521504,1.2994943
2011-11-23,3.8726629,2.1396231,3.1069017,1.7165219,3.7578964,2.0762067,2.3517742,1.2992857
2011-11-25,3.8623667,2.1339321,3.1000956,1.7127598,3.7496642,2.0716563,2.3399228,1.2927368
2011-11-28,3.8671296,2.1365601,3.1042706,1.7150636,3.754714,2.0744428,2.3401907,1.2928827
2011-11-29,3.8620136,2.1337318,3.1001878,1.7128065,3.7497757,2.0717127,2.3357992,1.2904554
2011-11-30,3.8559891,2.1304021,3.0976745,1.711417,3.7467358,2.0700321,2.3236358,1.2837348
2011-12-01,3.8556256,2.1302007,3.0965627,1.7108022,3.745391,2.0692885,2.3236365,1.2837348
2011-12-02,3.8556267,2.1302007,3.0965635,1.7108022,3.745392,2.0692885,2.3236371,1.2837348
2011-12-05,3.8552239,2.1299747,3.0962401,1.7106207,3.7450008,2.069069,2.3236409,1.2837348
2011-12-06,3.8567289,2.1308056,3.0974488,1.711288,3.7463929,2.0698375,2.3236416,1.2837348
2011-12-07,3.8466779,2.125252,3.0893765,1.7068278,3.7348722,2.0634719,2.3236422,1.2837348
2011-12-08,3.8431608,2.1233076,3.0865519,1.7052663,3.7296751,2.0605994,2.3236435,1.2837348
2011-12-09,3.8509666,2.1276197,3.0928209,1.7087293,3.7417093,2.0672476,2.3236441,1.2837348
2011-12-12,3.8461058,2.1249324,3.088917,1.7065711,3.7348751,2.0634701,2.323646,1.2837348
2011-12-13,3.8425316,2.1229571,3.0860465,1.7049847,3.7275982,2.0594492,2.3236467,1.2837348
2011-12-14,3.8441145,2.1238311,3.0873178,1.7056867,3.7259435,2.0585344,2.3236473,1.2837348
2011-12-15,3.8441697,2.123861,3.0873621,1.7057107,3.7260454,2.0585902,2.3236479,1.2837348
2011-12-16,3.8419382,2.122628,3.0855699,1.7047205,3.7194095,2.0549239,2.3236479,1.2837348
2011-12-19,3.8443891,2.1239822,3.0875384,1.705808,3.7190167,2.0547069,2.3236479,1.2837348
2011-12-20,3.8384891,2.1207219,3.0827998,1.7031896,3.7214825,2.0560686,2.3236486,1.2837348
2011-12-21,3.8323035,2.1173038,3.077832,1.7004445,3.7174676,2.0538499,2.3236492,1.2837348
2011-12-22,3.8331333,2.1177617,3.0784985,1.7008123,3.7182726,2.0542941,2.3236499,1.2837348
2011-12-23,3.8238696,2.112643,3.0711008,1.6967247,3.7093376,2.049357,2.3232395,1.2835078
2011-12-27,3.8218614,2.1115312,3.0692783,1.695716,3.7071338,2.0481372,2.3252866,1.2846373
2011-12-28,3.8334747,2.1179463,3.0770718,1.7000208,3.716547,2.0533368,2.3402631,1.2929106
2011-12-29,3.83583,2.1192469,3.0786129,1.7008718,3.7184084,2.0543646,2.3436903,1.2948036
2011-12-30,3.8362152,2.1194587,3.0786146,1.7008718,3.7184104,2.0543646,2.3467105,1.2964715
2012-01-03,3.8358005,2.1192249,3.0782818,1.7006842,3.7180084,2.054138,2.3467156,1.2964715
2012-01-04,3.8355888,2.1191068,3.0781119,1.7005894,3.7179,2.054077,2.3467169,1.2964715
2012-01-05,3.8365985,2.1196634,3.0789221,1.7010361,3.7182113,2.0542478,2.3467182,1.2964715
2012-01-06,3.8318747,2.1170524,3.0751312,1.6989408,3.7165527,2.0533304,2.3467195,1.2964715
2012-01-09,3.8281545,2.1149936,3.0721457,1.6972885,3.7130548,2.0513944,2.3467234,1.2964715
2012-01-10,3.8277797,2.114786,3.071845,1.6971219,3.7112916,2.0504198,2.346724,1.2964715
2012-01-11,3.8241586,2.1127842,3.068939,1.6955155,3.7134117,2.0515899,2.3467253,1.2964715
2012-01-12,3.8220663,2.1116271,3.0672599,1.6945869,3.7116157,2.0505966,2.3467266,1.2964715
2012-01-13,3.8305235,2.1162978,3.0740469,1.6983352,3.7156711,2.0528354,2.3467285,1.2964715
2012-01-17,3.8349345,2.1187278,3.0775868,1.7002853,3.718257,2.0542573,2.3467362,1.2964715
2012-01-18,3.8265023,2.1140675,3.0708199,1.6965453,3.7148689,2.0523838,2.3467381,1.2964715
2012-01-19,3.8198184,2.110373,3.0654559,1.6935805,3.7154223,2.0526878,2.3467401,1.2964715
2012-01-20,3.8204848,2.1107383,3.0659907,1.6938736,3.7178064,2.0540022,2.3467433,1.2964715
2012-01-23,3.8227861,2.1120011,3.0678376,1.694887,3.7200351,2.055225,2.3467529,1.2964715
2012-01-24,3.8191433,2.1099862,3.0649142,1.6932701,3.7162043,2.0531064,2.3467555,1.2964715
2012-01-25,3.8114866,2.1057537,3.059322,1.6901787,3.7094239,2.0493581,2.3463007,1.2962188
2012-01-26,3.8271133,2.1143848,3.0605581,1.6908598,3.7109227,2.0501839,2.3555779,1.3013426
2012-01-27,3.8389046,2.1208963,3.064087,1.692807,3.7152014,2.052545,2.3612167,1.304456
2012-01-30,3.8601539,2.1326255,3.0683995,1.6951812,3.7204303,2.0554237,2.3726541,1.3107681
2012-01-31,3.873403,2.1399424,3.071275,1.6967675,3.7239168,2.0573471,2.3797604,1.3146922
2012-02-01,3.8730113,2.1397224,3.0700167,1.6960696,3.7221852,2.056387,2.3797643,1.3146922
2012-02-02,3.8725847,2.1394832,3.0702229,1.6961807,3.7213992,2.0559494,2.3797682,1.3146922
2012-02-03,3.8944395,2.1515526,3.0875496,1.7057493,3.7592512,2.0768569,2.3797735,1.3146922
2012-02-06,3.8849861,2.1463158,3.0800548,1.7015975,3.7432331,2.0679938,2.3797891,1.3146922
2012-02-07,3.9004177,2.1548365,3.0922891,1.7083527,3.76776,2.0815394,2.3797943,1.3146922
2012-02-08,3.9008358,2.1550627,3.0926206,1.7085321,3.7685056,2.0819468,2.3797995,1.3146922
2012-02-09,3.8954422,2.1520777,3.0883445,1.7061656,3.7645389,2.0797502,2.3798054,1.3146922
2012-02-10,3.9131574,2.1618593,3.1023893,1.7139205,3.794371,2.096226,2.3798113,1.3146922
2012-02-13,3.8997989,2.1544633,3.0917986,1.7080569,3.7772037,2.0867263,2.3798289,1.3146922
2012-02-14,3.9106624,2.1604584,3.1004113,1.7128098,3.7990328,2.0987796,2.3798361,1.3146922
2012-02-15,3.9072634,2.1585735,3.0977165,1.7113155,3.7927025,2.0952755,2.3798439,1.3146922
2012-02-16,3.9170202,2.1639572,3.1054518,1.7155836,3.7985781,2.0985152,2.3798511,1.3146922
2012-02-17,3.9199411,2.1655649,3.1077675,1.7168582,3.8014172,2.1000779,2.3798576,1.3146922
2012-02-21,3.9285395,2.1702937,3.1145844,1.7206072,3.8093477,2.1044383,2.379881,1.3146922
2012-02-22,3.9207375,2.1659788,3.1083989,1.7171864,3.8017825,2.1002544,2.3798863,1.3146922
2012-02-23,3.916201,2.1634673,3.1048553,1.7152245,3.7974483,2.0978548,2.3793179,1.314375
2012-02-24,3.9159097,2.163301,3.1033165,1.7143702,3.7955663,2.09681,2.3817524,1.3157166
2012-02-27,3.9310378,2.1716406,3.1139859,1.7202503,3.8086157,2.1040017,2.3959937,1.3235729
2012-02-28,3.9286652,2.1703227,3.1130628,1.7197346,3.8074866,2.1033711,2.391492,1.3210818
2012-02-29,3.9201739,2.1656259,3.1079008,1.7168783,3.8011732,2.0998776,2.3818153,1.3157327
2012-03-01,3.9189934,2.164969,3.1041547,1.7148051,3.7965915,2.0973419,2.3818205,1.3157327
2012-03-02,3.919002,2.164969,3.1041615,1.7148051,3.7965998,2.0973419,2.3818257,1.3157327
2012-03-05,3.9185153,2.1646877,3.103776,1.7145823,3.7961283,2.0970694,2.3818394,1.3157327
2012-03-06,3.9122415,2.1612172,3.0988067,1.7118334,3.7899449,2.0936489,2.3818446,1.3157327
2012-03-07,3.9170051,2.1638439,3.1025798,1.713914,3.7952869,2.0965954,2.3818498,1.3157327
2012-03-08,3.9253916,2.1684721,3.1092226,1.7175798,3.807651,2.1034209,2.3818551,1.3157327
2012-03-09,3.9301746,2.1711096,3.1130112,1.7196689,3.8130347,2.1063904,2.3818603,1.3157327
2012-03-12,3.9303832,2.1712088,3.1131764,1.7197474,3.8123855,2.1060162,2.3818779,1.3157327
2012-03-13,3.93358,2.1729694,3.1157085,1.721142,3.8229287,2.1118352,2.3818838,1.3157327
2012-03-14,3.9166167,2.1635938,3.1022722,1.7137159,3.8209832,2.1107559,2.381889,1.3157327
2012-03-15,3.9224628,2.166818,3.1069028,1.7162696,3.8256409,2.1133236,2.3818949,1.3157327
2012-03-16,3.9197728,2.1653272,3.1047721,1.7150888,3.8240945,2.1124648,2.3819001,1.3157327
2012-03-19,3.9042617,2.1567427,3.0924861,1.7082893,3.8167255,2.1083784,2.3819177,1.3157327
2012-03-20,3.9060296,2.1577134,3.0938864,1.7090581,3.8169773,2.1085117,2.3819242,1.3157327
2012-03-21,3.9074987,2.158519,3.09505,1.7096963,3.814492,2.1071331,2.3819308,1.3157327
2012-03-22,3.9025042,2.1557547,3.091094,1.7075068,3.8097719,2.1045205,2.3819366,1.3157327
2012-03-23,3.9018056,2.1553641,3.0905407,1.7071973,3.809477,2.104353,2.3819419,1.3157327
2012-03-26,3.8990875,2.1538484,3.0883877,1.7059968,3.806914,2.1029233,2.3813767,1.3154118
2012-03-27,3.8901376,2.1488992,3.0812986,1.7020767,3.798635,2.0983448,2.3955127,1.323217
2012-03-28,3.8880726,2.1477532,3.0796631,1.701169,3.7965115,2.0971667,2.3933275,1.3220066
2012-03-29,3.8912141,2.1494833,3.0821514,1.7025393,3.7991177,2.0986011,2.4005149,1.3259735
2012-03-30,3.8907075,2.1491993,3.0817501,1.7023144,3.7989994,2.0985318,2.3883626,1.3192584
2012-04-02,3.8912046,2.1494616,3.0821439,1.7025221,3.7993426,2.0987093,2.3883763,1.3192584
2012-04-03,3.8821681,2.1444651,3.0749862,1.6985646,3.7912333,2.0942252,2.3883816,1.3192584
2012-04-04,3.877492,2.1418774,3.0712824,1.696515,3.7861932,2.0914366,2.3883868,1.3192584
2012-04-05,3.8666416,2.1358791,3.062688,1.6917639,3.7790219,2.0874706,2.388392,1.3192584
2012-04-06,3.8384568,2.1203056,3.0403634,1.6794286,3.7636009,2.0789477,2.3883973,1.3192584
2012-04-09,3.8365623,2.1192468,3.0388627,1.67859,3.7639557,2.0791318,2.388411,1.3192584
2012-04-10,3.8202174,2.110213,3.0259163,1.6714345,3.7532241,2.0731988,2.3884169,1.3192584
2012-04-11,3.8255306,2.1131427,3.0301248,1.6737551,3.754089,2.0736714,2.3884228,1.3192584
2012-04-12,3.8259491,2.1133687,3.0304563,1.6739341,3.7542725,2.0737676,2.3884287,1.3192584
2012-04-13,3.8402549,2.1212657,3.0417876,1.680189,3.7613336,2.0776629,2.3884346,1.3192584
2012-04-16,3.8422009,2.1223249,3.043329,1.681028,3.7610945,2.0775155,2.3884522,1.3192584
2012-04-17,3.8367034,2.1192836,3.0389746,1.6786191,3.7586047,2.0761356,2.3884575,1.3192584
2012-04-18,3.8403863,2.1213133,3.0418917,1.6802267,3.7598512,2.0768196,2.3884627,1.3192584
2012-04-19,3.8399851,2.1210876,3.0415739,1.680048,3.7596768,2.0767193,2.3884673,1.3192584
2012-04-20,3.8451136,2.1239163,3.045636,1.6822885,3.7643193,2.0792797,2.3884719,1.3192584
2012-04-23,3.8384269,2.1202088,3.0403397,1.6793519,3.7589949,2.0763249,2.3884876,1.3192584
2012-04-24,3.8391488,2.1206029,3.0412838,1.6798698,3.7588078,2.0762171,2.3882003,1.3190968
2012-04-25,3.8385911,2.1202897,3.0422447,1.6803964,3.7599194,2.0768259,2.3871047,1.3184884
2012-04-26,3.8466569,2.1247397,3.0440266,1.6813765,3.7625045,2.0782487,2.390689,1.3204649
2012-04-27,3.852812,2.1281342,3.0462362,1.6825928,3.7652355,2.0797521,2.393108,1.3217977
2012-04-30,3.8541657,2.1288662,3.0461632,1.68254,3.7651453,2.0796869,2.3942056,1.3223942
2012-05-01,3.85037,2.1267639,3.0427723,1.6806625,3.7609541,2.0773662,2.3942122,1.3223942
2012-05-02,3.853093,2.1282627,3.0453354,1.6820741,3.7639041,2.0789905,2.3942181,1.3223942
2012-05-03,3.8537661,2.1286298,3.0456271,1.6822315,3.76401,2.0790444,2.3942233,1.3223942
2012-05-04,3.839915,2.1209739,3.0346806,1.6761811,3.7418943,2.0668237,2.3942292,1.3223942
2012-05-07,3.8404372,2.1212501,3.0350932,1.6763994,3.7430248,2.0674363,2.394243,1.3223942
2012-05-08,3.8308504,2.1159491,3.0275168,1.67221,3.7268129,2.058476,2.3942496,1.3223942
2012-05-09,3.8294751,2.1151842,3.0264299,1.6716056,3.7240871,2.0569654,2.3942555,1.3223942
2012-05-10,3.828951,2.1148895,3.0260157,1.6713727,3.724659,2.0572762,2.3942614,1.3223942
2012-05-11,3.8397869,2.1208688,3.0345793,1.6760981,3.7440479,2.0679798,2.3942679,1.3223942
2012-05-14,3.8503002,2.1266583,3.042888,1.6806734,3.7660481,2.0801144,2.3942876,1.3223942
2012-05-15,3.8532692,2.1282924,3.0452343,1.6819648,3.774442,2.0847449,2.3942942,1.3223942
2012-05-16,3.855859,2.1297176,3.0472811,1.6830911,3.7773153,2.0863268,2.3943001,1.3223942
2012-05-17,3.8682,2.1365281,3.0570341,1.6884734,3.7970376,2.0972143,2.3943066,1.3223942
2012-05-18,3.8686185,2.1367534,3.0573649,1.6886514,3.7979174,2.0976945,2.3943132,1.3223942
2012-05-21,3.8649355,2.1347051,3.0544542,1.6870327,3.7954074,2.0962944,2.3943289,1.3223942
2012-05-22,3.8659513,2.1352609,3.055257,1.6874719,3.798593,2.0980487,2.3943348,1.3223942
2012-05-23,3.8662449,2.1354178,3.055489,1.6875959,3.7945589,2.0958154,2.3943407,1.3223942
2012-05-24,3.8641449,2.1342526,3.0538461,1.6866843,3.7926751,2.0947697,2.3937007,1.3220375
2012-05-25,3.86358,2.1339348,3.0534456,1.6864585,3.7938748,2.0954267,2.3990064,1.3249642
2012-05-29,3.8643181,2.1343214,3.0537609,1.6866161,3.7943593,2.0956735,2.4021339,1.3266784
2012-05-30,3.8777628,2.1417418,3.0636371,1.6920666,3.8125966,2.1057411,2.4309781,1.3426055
2012-05-31,3.8801047,2.1430312,3.0650877,1.6928645,3.8161998,2.1077271,2.4410362,1.348158
2012-06-01,3.8808183,2.1434212,3.0674753,1.69418,3.8221379,2.1110028,2.4410409,1.348158
2012-06-04,3.8808407,2.1434212,3.067493,1.69418,3.8221599,2.1110028,2.4410549,1.348158
2012-06-05,3.8803953,2.1431706,3.0671409,1.6939818,3.8217212,2.1107559,2.4410603,1.348158
2012-06-06,3.885584,2.1460316,3.0712422,1.6962432,3.8266201,2.1134569,2.4410656,1.348158
2012-06-07,3.8853145,2.1458775,3.0710291,1.6961214,3.8264373,2.1133508,2.4410716,1.348158
2012-06-08,3.8895128,2.1481909,3.0743476,1.69795,3.8287277,2.1146106,2.4410777,1.348158
2012-06-11,3.8766053,2.1410462,3.0641452,1.6923027,3.8146611,2.1068259,2.4410957,1.348158
2012-06-12,3.8933378,2.1502822,3.0773709,1.699603,3.834093,2.1175529,2.4411017,1.348158
2012-06-13,3.8845749,2.1454367,3.0704446,1.695773,3.8236549,2.1117821,2.4411084,1.348158
2012-06-14,3.8830539,2.1445907,3.0692424,1.6951043,3.8217885,2.1107456,2.4411151,1.348158
2012-06-15,3.8950144,2.15119,3.0786961,1.7003204,3.83153,2.1161194,2.4411225,1.348158
2012-06-18,3.8948805,2.1511001,3.0785903,1.7002494,3.830227,2.1153841,2.4411405,1.348158
2012-06-19,3.8869785,2.14673,3.0723444,1.6967952,3.8255355,2.1127872,2.4411472,1.348158
2012-06-20,3.889618,2.1481825,3.0744308,1.6979433,3.8282248,2.1142673,2.4411532,1.348158
2012-06-21,3.8896473,2.1481934,3.0744539,1.6979519,3.8272476,2.1137224,2.4411593,1.348158
2012-06-22,3.8957602,2.1515642,3.0792857,1.7006162,3.8332625,2.1170391,2.4411653,1.348158
2012-06-25,3.8863143,2.1463314,3.0718194,1.6964802,3.8239681,2.1118903,2.4405274,1.3477957
2012-06-26,3.8908165,2.148812,3.0753781,1.6984409,3.828398,2.1143311,2.4327983,1.3435236
2012-06-27,3.8860199,2.1461571,3.0715868,1.6963424,3.8236784,2.1117188,2.4355373,1.3450326
2012-06-28,3.8875386,2.1469905,3.0727872,1.6970012,3.8251728,2.1125388,2.448769,1.3523365
2012-06-29,3.8767156,2.1410079,3.0642324,1.6922725,3.8145233,2.1066522,2.4298545,1.3418875
2012-07-02,3.8937476,2.1503984,3.0776949,1.6996948,3.8312821,2.115892,2.4298724,1.3418875
2012-07-03,3.8874685,2.1469248,3.0727317,1.6969492,3.8252608,2.1125609,2.4298791,1.3418875
2012-07-05,3.8877396,2.1470639,3.0729461,1.6970592,3.827602,2.1138434,2.4298911,1.3418875
2012-07-06,3.8807343,2.1431904,3.0674089,1.6939975,3.8271085,2.1135663,2.4298964,1.3418875
2012-07-09,3.8732041,2.1390177,3.0614569,1.6906994,3.8244922,2.1121075,2.4299124,1.3418875
2012-07-10,3.8708021,2.1376859,3.0595583,1.6896467,3.8232413,2.1114114,2.4299184,1.3418875
2012-07-11,3.8739113,2.1393977,3.0620159,1.6909997,3.8260418,2.1129528,2.4299244,1.3418875
2012-07-12,3.8776339,2.1414477,3.0649583,1.69262,3.8290562,2.1146117,2.429931,1.3418875
2012-07-13,3.8775385,2.1413891,3.0648829,1.6925738,3.8307339,2.1155325,2.4299377,1.3418875
2012-07-16,3.8894913,2.1479725,3.0743306,1.6977773,3.8400446,2.1206569,2.4299576,1.3418875
2012-07-17,3.8802692,2.1428737,3.0670413,1.6937472,3.8343959,2.1175317,2.4299643,1.3418875
2012-07-18,3.874859,2.13988,3.0627649,1.691381,3.8280401,2.1140159,2.429971,1.3418875
2012-07-19,3.8739209,2.1393567,3.0620235,1.6909673,3.8276913,2.113818,2.4299769,1.3418875
2012-07-20,3.8711698,2.1378321,3.0598489,1.6897623,3.8267073,2.1132694,2.4299829,1.3418875
2012-07-23,3.8694044,2.1368414,3.0584535,1.6889792,3.8260278,2.1128786,2.4300009,1.3418875
2012-07-24,3.8677948,2.1359467,3.0571813,1.688272,3.8247073,2.1121435,2.4300076,1.3418875
2012-07-25,3.8669328,2.1354648,3.0565699,1.6879298,3.8244673,2.1120052,2.429318,1.3415031
2012-07-26,3.8639129,2.1337912,3.0547263,1.686907,3.8222057,2.1107504,2.4238721,1.3384921
2012-07-27,3.8466016,2.1242249,3.0464985,1.6823583,3.8156404,2.1071185,2.3881586,1.3187666
2012-07-30,3.8565041,2.1296742,3.0525974,1.6857111,3.8213906,2.1102749,2.4021403,1.3264755
2012-07-31,3.8575099,2.1302232,3.0526568,1.6857388,3.8208913,2.1099928,2.4070565,1.3291863
2012-08-01,3.8578404,2.1303993,3.0519045,1.6853183,3.8216829,2.1104236,2.4070637,1.3291863
2012-08-02,3.8531371,2.1277961,3.0481838,1.683259,3.8113914,2.1047346,2.4070703,1.3291863
2012-08-03,3.8714524,2.1379051,3.0626729,1.691256,3.8453145,2.1234625,2.4070763,1.3291863
2012-08-06,3.8702819,2.1372429,3.0617469,1.6907322,3.8430383,2.1221899,2.4070941,1.3291863
2012-08-07,3.8858854,2.1458536,3.0740907,1.6975439,3.870235,2.1372025,2.4071007,1.3291863
2012-08-08,3.887235,2.1465924,3.0751583,1.6981284,3.8752163,2.1399468,2.4071079,1.3291863
2012-08-09,3.8883788,2.1472176,3.0760632,1.6986229,3.8774266,2.1411609,2.4071152,1.3291863
2012-08-10,3.899884,2.1535644,3.0851649,1.7036438,3.8955692,2.151173,2.4071224,1.3291863
2012-08-13,3.9002906,2.1537712,3.0854865,1.7038074,3.8961792,2.1514922,2.4071422,1.3291863
2012-08-14,3.8795053,2.142287,3.0690435,1.6947224,3.8623104,2.1327832,2.4071495,1.3291863
2012-08-15,3.8672071,2.1354893,3.0593144,1.6893449,3.8378112,2.1192482,2.4071567,1.3291863
2012-08-16,3.8625286,2.1329006,3.0556133,1.687297,3.8285159,2.1141101,2.4071627,1.3291863
2012-08-17,3.8625381,2.1329006,3.0556209,1.687297,3.8285254,2.1141101,2.4071686,1.3291863
2012-08-20,3.8625667,2.1329006,3.0556435,1.687297,3.8285537,2.1141101,2.4071864,1.3291863
2012-08-21,3.8620012,2.1325819,3.0551961,1.6870449,3.8279932,2.1137942,2.4071937,1.3291863
2012-08-22,3.8504167,2.1261786,3.0460317,1.6819794,3.8165107,2.1074473,2.4072009,1.3291863
2012-08-23,3.8503809,2.1261524,3.0460034,1.6819587,3.8164752,2.1074213,2.4072082,1.3291863
2012-08-24,3.8549432,2.1286652,3.0496125,1.6839465,3.8209973,2.109912,2.4072154,1.3291863
2012-08-27,3.8548039,2.1285708,3.0495024,1.6838719,3.8208593,2.1098185,2.4066183,1.3288457
2012-08-28,3.8513075,2.1266337,3.0467364,1.6823395,3.8173937,2.1078985,2.4092061,1.3302705
2012-08-29,3.8513718,2.1266634,3.0467873,1.682363,3.8174574,2.1079279,2.40439,1.3276076
2012-08-30,3.8514319,2.1266896,3.0468348,1.6823837,3.817517,2.1079539,2.4119105,1.3317558
2012-08-31,3.8630031,2.1330732,3.0559887,1.6874336,3.8289863,2.1142812,2.4263027,1.3396989
2012-09-04,3.8609076,2.1318951,3.054331,1.6865016,3.8269092,2.1131134,2.4263266,1.3396989
2012-09-05,3.8555295,2.1289196,3.0500764,1.6841477,3.8213403,2.1100326,2.4263333,1.3396989
2012-09-06,3.863034,2.1330569,3.0560131,1.6874207,3.8363877,2.118335,2.4263406,1.3396989
2012-09-07,3.8624757,2.1327422,3.0555714,1.6871718,3.8345595,2.1173192,2.4263479,1.3396989
2012-09-10,3.8641815,2.1336648,3.0569209,1.6879016,3.836528,2.118387,2.4263698,1.3396989
2012-09-11,3.8662108,2.1347795,3.0585263,1.6887834,3.8401223,2.1203658,2.4263765,1.3396989
2012-09-12,3.8760449,2.1402037,3.066306,1.6930744,3.8540562,2.1280537,2.4263831,1.3396989
2012-09-13,3.8792032,2.1419417,3.0688045,1.6944493,3.8559163,2.129075,2.4263898,1.3396989
2012-09-14,3.8572734,2.1298271,3.051456,1.6848657,3.8460362,2.1236138,2.4263964,1.3396989
2012-09-17,3.8631675,2.1330623,3.0561187,1.687425,3.8474684,2.1243853,2.4264184,1.3396989
2012-09-18,3.8676975,2.1355571,3.0597024,1.6893986,3.8492626,2.1253696,2.4264257,1.3396989
2012-09-19,3.8758941,2.1400771,3.0661867,1.6929742,3.8550982,2.1285859,2.4264323,1.3396989
2012-09-20,3.8764747,2.1403912,3.066646,1.6932227,3.8552777,2.1286787,2.4264396,1.3396989
2012-09-21,3.8746828,2.1393953,3.0652284,1.6924349,3.8546208,2.1283095,2.426447,1.3396989
2012-09-24,3.8739144,2.1389517,3.0646205,1.692084,3.8542742,2.1280989,2.4258151,1.3393379
2012-09-25,3.8710621,2.1373704,3.0623641,1.690833,3.8524991,2.1271124,2.4364269,1.3451928
2012-09-26,3.8707754,2.1372057,3.0621373,1.6907027,3.8539233,2.1278923,2.4523916,1.3540032
2012-09-27,3.8731272,2.1384977,3.0639978,1.6917248,3.8562774,2.1291857,2.4472129,1.3511399
2012-09-28,3.8782718,2.141333,3.0680676,1.6939677,3.8611065,2.1318468,2.4493322,1.3523066
2012-10-01,3.8742486,2.139094,3.0648849,1.6921966,3.8568176,2.1294612,2.4493523,1.3523066
2012-10-02,3.8783553,2.1413562,3.0681337,1.6939861,3.8609084,2.1317146,2.4493583,1.3523066
2012-10-03,3.8783533,2.1413498,3.0681321,1.6939811,3.8609139,2.1317124,2.4493644,1.3523066
2012-10-04,3.8886551,2.1470324,3.0762818,1.6984765,3.8645556,2.1337178,2.4493704,1.3523066
2012-10-05,3.8995207,2.1530258,3.0848775,1.7032177,3.8683905,2.1358293,2.4493771,1.3523066
2012-10-09,3.8950316,2.1505213,3.0813262,1.7012364,3.8664519,2.1347332,2.4494067,1.3523066
2012-10-10,3.8890685,2.147223,3.0766088,1.6986273,3.8643961,2.1335923,2.4494134,1.3523066
2012-10-11,3.8904244,2.1479658,3.0776815,1.6992148,3.8664734,2.1347334,2.4494201,1.3523066
2012-10-12,3.8941228,2.1500018,3.0806072,1.7008255,3.8678176,2.1354697,2.4494268,1.3523066
2012-10-15,3.8918539,2.1487297,3.0788123,1.6998192,3.8671401,2.1350763,2.4494489,1.3523066
2012-10-16,3.8760726,2.1400102,3.0663278,1.6929213,3.8577431,2.1298817,2.4494563,1.3523066
2012-10-17,3.8682439,2.1356826,3.0601346,1.6894979,3.8594097,2.1307966,2.4494624,1.3523066
2012-10-18,3.8630812,2.1328258,3.0560505,1.6872379,3.856065,2.1289436,2.4494697,1.3523066
2012-10-19,3.8625688,2.1325371,3.0556451,1.6870095,3.8573376,2.1296403,2.4494765,1.3523066
2012-10-22,3.8685117,2.1358007,3.0603465,1.6895913,3.8623031,2.1323643,2.4494966,1.3523066
2012-10-23,3.8593927,2.1307602,3.0531325,1.6856039,3.8539963,2.1277723,2.4495033,1.3523066
2012-10-24,3.8578462,2.1299,3.0523676,1.6851765,3.8534641,2.1274721,2.4488189,1.3519247
2012-10-25,3.8354552,2.1175316,3.0453673,1.6813066,3.8434003,2.1219095,2.4324211,1.3428679
2012-10-26,3.8666521,2.1347488,3.0593828,1.6890393,3.8610885,2.1316686,2.4545733,1.3550934
2012-10-29,3.8814575,2.1429017,3.0650682,1.6921615,3.8682638,2.135609,2.4661283,1.3614592
2012-10-31,3.8886028,2.1468301,3.0681541,1.6938521,3.8719178,2.1376099,2.4713095,1.3643091
2012-11-01,3.8896141,2.1473819,3.0673125,1.6933824,3.8734681,2.1384594,2.471317,1.3643091
2012-11-02,3.8912881,2.1483009,3.0685041,1.6940361,3.8766893,2.1402325,2.471323,1.3643091
2012-11-05,3.8854474,2.1450604,3.06388,1.6914707,3.8649998,2.1337631,2.4713413,1.3643091
2012-11-06,3.8941137,2.1498384,3.0713374,1.6955826,3.8836643,2.1440608,2.4713488,1.3643091
2012-11-07,3.8886775,2.1468313,3.0670498,1.6932109,3.859724,2.1308382,2.4713555,1.3643091
2012-11-08,3.8913909,2.1483234,3.0691898,1.6943877,3.8621115,2.1321505,2.4713623,1.3643091
2012-11-09,3.8943239,2.1499368,3.0715032,1.6956602,3.8678051,2.1352879,2.4713691,1.3643091
2012-11-13,3.9047914,2.1556944,3.079759,1.7002012,3.8830118,2.143662,2.4713935,1.3643091
2012-11-14,3.9033827,2.1549102,3.0786479,1.6995827,3.8807945,2.1424314,2.4714009,1.3643091
2012-11-15,3.9051233,2.1558652,3.0800208,1.700336,3.8842005,2.1443058,2.4714077,1.3643091
2012-11-16,3.9040424,2.1552637,3.0791683,1.6998616,3.8820416,2.1431093,2.4714131,1.3643091
2012-11-19,3.9034779,2.1549415,3.078723,1.6996074,3.8814803,2.1427889,2.4714253,1.3643091
2012-11-20,3.9080982,2.1574869,3.0823672,1.701615,3.8860746,2.1453199,2.4714314,1.3643091
2012-11-21,3.9080458,2.1574532,3.0823258,1.7015884,3.8860225,2.1452864,2.4714368,1.3643091
2012-11-23,3.9126181,2.1599655,3.085932,1.7035699,3.890569,2.1477846,2.4714503,1.3643091
2012-11-26,3.907807,2.1572918,3.0821374,1.7014611,3.885785,2.1451259,2.4707459,1.363909
2012-11-27,3.9065946,2.1566166,3.0811812,1.7009286,3.8845795,2.1444545,2.476688,1.3671855
2012-11-28,3.9066598,2.1566467,3.0812327,1.7009523,3.8846443,2.1444845,2.4797367,1.3688647
2012-11-29,3.9113921,2.1592532,3.084965,1.703008,3.8893499,2.1470762,2.4827897,1.3705463
2012-11-30,3.9114531,2.1592815,3.0850132,1.7030304,3.8894106,2.1471045,2.4822002,1.3702174
2012-12-03,3.9116426,2.159372,3.0851627,1.7031017,3.889599,2.1471944,2.4822165,1.3702174
2012-12-04,3.9104091,2.1586851,3.0841898,1.70256,3.8883725,2.1465114,2.4822233,1.3702174
2012-12-05,3.9045708,2.1554562,3.079585,1.7000134,3.8824372,2.143229,2.4822301,1.3702174
2012-12-06,3.9038531,2.1550541,3.079019,1.6996962,3.8812623,2.1425746,2.4822369,1.3702174
2012-12-07,3.9116977,2.1593787,3.0852061,1.7031071,3.89003,2.1474087,2.4822437,1.3702174
2012-12-10,3.9103167,2.1586004,3.0841169,1.7024932,3.8884446,2.1465177,2.4822621,1.3702174
2012-12-11,3.9091958,2.1579763,3.0832329,1.702001,3.8879096,2.146217,2.4822682,1.3702174
2012-12-12,3.9169056,2.1622275,3.0893136,1.7053539,3.8964001,2.1508993,2.4822736,1.3702174
2012-12-13,3.9197483,2.1637927,3.0915557,1.7065883,3.9006885,2.1532625,2.4822784,1.3702174
2012-12-14,3.9241658,2.1662277,3.0950399,1.7085089,3.901915,2.153936,2.4822825,1.3702174
2012-12-17,3.9154132,2.1613889,3.0881366,1.7046925,3.901631,2.1537721,2.4822907,1.3702174
2012-12-18,3.9068055,2.1566343,3.0813476,1.7009426,3.9003682,2.1530721,2.4822941,1.3702174
2012-12-19,3.909754,2.1582584,3.0836731,1.7022235,3.901395,2.1536354,2.4822981,1.3702174
2012-12-20,3.9106806,2.158767,3.084404,1.7026246,3.901821,2.1538676,2.4823015,1.3702174
2012-12-21,3.9196569,2.1637185,3.0914836,1.7065298,3.9112181,2.1590514,2.4823056,1.3702174
2012-12-24,3.913017,2.1600425,3.0872525,1.7041858,3.9058285,2.1560656,2.4815102,1.3697716
2012-12-26,3.9275987,2.1680847,3.0903013,1.7058632,3.9096857,2.1581877,2.488315,1.3735233
2012-12-27,3.9489559,2.1798688,3.0948104,1.708348,3.9153904,2.1613314,2.4982212,1.378988
2012-12-28,3.9543734,2.1828545,3.0948172,1.708348,3.915399,2.1613314,2.5016484,1.3808768
2012-12-31,3.9274427,2.1679867,3.0942594,1.7080387,3.9146932,2.1609401,2.4850643,1.3717215
2013-01-02,3.9298418,2.1693051,3.0961495,1.7090774,3.9172703,2.1623567,2.4850711,1.3717215
2013-01-03,3.944886,2.1776049,3.1080021,1.7156163,3.9280287,2.1682907,2.4850766,1.3717215
2013-01-04,3.9465849,2.1785379,3.1093406,1.7163514,3.9304132,2.1696022,2.485082,1.3717215
2013-01-07,3.9448543,2.1775701,3.1079772,1.7155889,3.9296448,2.1691655,2.4850963,1.3717215
2013-01-08,3.9269425,2.1676785,3.0938652,1.7077958,3.9168525,2.1621001,2.4851011,1.3717215
2013-01-09,3.9279863,2.1682506,3.0946876,1.7082465,3.9190721,2.1633211,2.4851059,1.3717215
2013-01-10,3.9263128,2.1673232,3.0933692,1.7075159,3.9185355,2.1630214,2.4851099,1.3717215
2013-01-11,3.9319843,2.1704503,3.0978375,1.7099796,3.9205974,2.1641559,2.485114,1.3717215
2013-01-14,3.9325563,2.1707536,3.0982881,1.7102185,3.9209627,2.1643451,2.4851283,1.3717215
2013-01-15,3.9414668,2.1756674,3.1053083,1.7140898,3.9255128,2.1668521,2.4851338,1.3717215
2013-01-16,3.9446451,2.1774164,3.1078124,1.7154678,3.9266413,2.1674696,2.4851399,1.3717215
2013-01-17,3.939021,2.1743072,3.1033814,1.7130182,3.9246622,2.1663724,2.4851453,1.3717215
2013-01-18,3.9384397,2.1739821,3.1029234,1.7127621,3.9240829,2.1660485,2.4851501,1.3717215
2013-01-22,3.9382413,2.1738536,3.1027671,1.7126608,3.9238853,2.1659204,2.4851719,1.3717215
2013-01-23,3.9381918,2.1738215,3.102728,1.7126355,3.9238359,2.1658884,2.4851773,1.3717215
2013-01-24,3.9310834,2.169893,3.0971277,1.7095405,3.9167535,2.1619743,2.4851828,1.3717215
2013-01-25,3.9427797,2.1763444,3.1063427,1.7146232,3.9284071,2.1684021,2.4847597,1.3714849
2013-01-28,3.9439964,2.1770017,3.1073013,1.7151411,3.9296194,2.1690571,2.4816488,1.3697588
2013-01-29,3.9423567,2.1760924,3.1060094,1.7144247,3.9279856,2.1681511,2.4766318,1.366987
2013-01-30,3.9482201,2.1793247,3.1106289,1.7169713,3.9338277,2.1713716,2.4767376,1.3670428
2013-01-31,3.9496523,2.1801111,3.1117573,1.7175908,3.9352547,2.1721551,2.4781209,1.3678037
2013-02-01,3.9472524,2.1787822,3.1098666,1.7165439,3.9328636,2.1708311,2.4781256,1.3678037
2013-02-04,3.9578689,2.1846315,3.1182308,1.7211522,3.9434413,2.176659,2.4781379,1.3678037
2013-02-05,3.9508312,2.1807427,3.1126861,1.7180884,3.9364293,2.1727844,2.4781426,1.3678037
2013-02-06,3.9500174,2.1802893,3.1120449,1.7177312,3.9353079,2.1721613,2.4781474,1.3678037
2013-02-07,3.9483242,2.1793505,3.1107109,1.7169916,3.9325157,2.1706159,2.4781521,1.3678037
2013-02-08,3.9481286,2.1792384,3.1105568,1.7169032,3.9322854,2.1704847,2.4781569,1.3678037
2013-02-11,3.9489677,2.179689,3.1112179,1.7172583,3.9338518,2.1713368,2.4781711,1.3678037
2013-02-12,3.9574059,2.1843412,3.117866,1.7209235,3.9434985,2.176656,2.4781772,1.3678037
2013-02-13,3.9566207,2.1839024,3.1172474,1.7205778,3.9431888,2.1764797,2.4781833,1.3678037
2013-02-14,3.9615353,2.1866091,3.1211194,1.7227103,3.9587048,2.1850379,2.4781901,1.3678037
2013-02-15,3.9591594,2.1852911,3.1192475,1.7216719,3.95608,2.1835826,2.4781976,1.3678037
2013-02-19,3.9479148,2.1790606,3.1103884,1.7167632,3.945693,2.1778254,2.4782248,1.3678037
2013-02-20,3.955428,2.1832004,3.1163077,1.7200247,3.9530805,2.1818959,2.4782329,1.3678037
2013-02-21,3.9601728,2.1858121,3.1200459,1.7220823,3.9583843,2.1848161,2.4782411,1.3678037
2013-02-22,3.9579978,2.1846038,3.1195287,1.7217907,3.9562123,2.1836095,2.4772996,1.3672792
2013-02-25,4.0009474,2.2082864,3.109093,1.7160124,3.9429776,2.1762813,2.5122858,1.3865743
2013-02-26,4.0012321,2.2084363,3.1090798,1.7159995,3.9429608,2.1762649,2.5124987,1.3866872
2013-02-27,3.9853795,2.1996781,3.1087724,1.7158233,3.942571,2.1760414,2.5011175,1.3804004
2013-02-28,4.0003939,2.2079585,3.1139691,1.7186863,3.9491615,2.1796724,2.5080758,1.3842367
2013-03-01,4.004434,2.2101817,3.1171342,1.720428,3.9531755,2.1818813,2.5080833,1.3842367
2013-03-04,4.0025125,2.2091012,3.1164863,1.7200549,3.9523538,2.181408,2.508106,1.3842367
2013-03-05,3.999275,2.2073077,3.1139655,1.7186584,3.9491569,2.179637,2.5081136,1.3842367
2013-03-06,3.9987794,2.2070293,3.1135796,1.7184417,3.94835,2.1791869,2.5081191,1.3842367
2013-03-07,4.0101716,2.2133109,3.1224499,1.7233327,3.9661152,2.1889859,2.5081259,1.3842367
2013-03-08,4.0289636,2.2236766,3.137082,1.7314036,3.9871767,2.2006042,2.5081328,1.3842367
2013-03-11,4.0335492,2.2261892,3.1406525,1.73336,3.9918744,2.2031789,2.5081534,1.3842367
2013-03-12,4.0166363,2.2168486,3.1274835,1.7260872,3.9741193,2.1933735,2.5081603,1.3842367
2013-03-13,4.0147339,2.2157926,3.1260023,1.7252649,3.9732618,2.1928943,2.5081672,1.3842367
2013-03-14,4.0178911,2.2175296,3.1284606,1.7266174,3.9736917,2.1931261,2.5081733,1.3842367
2013-03-15,4.0270737,2.2225915,3.1356104,1.7305587,3.9803751,2.1968087,2.5081802,1.3842367
2013-03-18,4.0384518,2.2288548,3.1444698,1.7354354,3.9879342,2.2009645,2.5081988,1.3842367
2013-03-19,4.0458289,2.232922,3.1502139,1.7386023,3.9916125,2.2029903,2.5082036,1.3842367
2013-03-20,4.0421399,2.2308817,3.1473415,1.7370137,3.9919712,2.2031841,2.5082084,1.3842367
2013-03-21,4.0456427,2.2328106,3.1500688,1.7385156,3.9939633,2.2042793,2.5082132,1.3842367
2013-03-22,4.0415411,2.2305427,3.1468752,1.7367497,3.9899141,2.2020403,2.5073209,1.3837415
2013-03-25,4.0372791,2.2281776,3.1435567,1.7349082,3.9857065,2.1997054,2.507938,1.3840742
2013-03-26,4.0354564,2.2271668,3.1421375,1.7341211,3.9839071,2.1987075,2.5117324,1.3861652
2013-03-27,4.0255774,2.2217103,3.1344453,1.7298726,3.9741543,2.1933208,2.5299551,1.3962192
2013-03-28,4.0252871,2.2215446,3.1342193,1.7297436,3.9738677,2.1931572,2.5292504,1.3958268
2013-04-01,4.0313076,2.2248503,3.1389071,1.7323175,3.9798114,2.1964206,2.5292698,1.3958268
2013-04-02,4.0227196,2.2201058,3.1322202,1.7286233,3.9713331,2.1917367,2.5292753,1.3958268
2013-04-03,4.0366863,2.2278096,3.1430951,1.7346217,3.9853428,2.1994644,2.5292802,1.3958268
2013-04-04,4.0396427,2.2294375,3.1453971,1.7358892,3.9929752,2.203673,2.5292844,1.3958268
2013-04-05,4.0172253,2.2170613,3.1279421,1.7262528,3.9866237,2.2001634,2.5292892,1.3958268
2013-04-08,4.0278082,2.2228891,3.1361823,1.7307905,3.9903616,2.2022137,2.5293038,1.3958268
2013-04-09,4.0337881,2.2261851,3.1408385,1.7333568,3.9920165,2.2031227,2.5293086,1.3958268
2013-04-10,4.0450737,2.2324098,3.1496258,1.7382035,3.9924273,2.2033459,2.5293128,1.3958268
2013-04-11,4.0500029,2.2351259,3.1534639,1.7403183,3.9960049,2.205316,2.5293176,1.3958268
2013-04-12,4.0756328,2.2492663,3.1734202,1.7513283,4.0086254,2.2122768,2.5293225,1.3958268
2013-04-15,4.0877714,2.2559543,3.1828716,1.7565357,4.01481,2.2156791,2.5293349,1.3958268
2013-04-16,4.0763326,2.2496377,3.173965,1.7516175,4.0082235,2.2120405,2.5293391,1.3958268
2013-04-17,4.0809182,2.2521647,3.1775355,1.7535851,4.009788,2.2129002,2.5293433,1.3958268
2013-04-18,4.0828774,2.2532422,3.179061,1.7544241,4.0104364,2.2132544,2.5293474,1.3958268
2013-04-19,4.0838977,2.2538023,3.1798555,1.7548601,4.0107549,2.2134272,2.5293509,1.3958268
2013-04-22,4.0817973,2.2526338,3.17822,1.7539503,4.009913,2.2129535,2.5293613,1.3958268
2013-04-23,4.0797708,2.2515123,3.1766421,1.7530771,4.0068497,2.2112599,2.5293647,1.3958268
2013-04-24,4.0781938,2.250639,3.1755081,1.7524489,4.0063844,2.2110001,2.5284232,1.3953053
2013-04-25,4.0776883,2.2503563,3.1754651,1.7524223,4.0064056,2.2110081,2.5248397,1.3933255
2013-04-26,4.0864718,2.2552006,3.1803393,1.7551098,4.0101727,2.2130841,2.5401458,1.4017702
2013-04-29,4.0909088,2.2576399,3.1837185,1.7569674,4.0148881,2.2156772,2.5407167,1.4020795
2013-04-30,4.0853963,2.2545947,3.1796068,1.7546959,4.0093512,2.2126186,2.5399578,1.4016588
2013-05-01,4.0839231,2.2537786,3.1796728,1.7547299,4.0068121,2.2112143,2.5399613,1.4016588
2013-05-02,4.0834468,2.253512,3.1793019,1.7545224,4.0060391,2.2107841,2.5399655,1.4016588
2013-05-03,4.1224704,2.2750447,3.209685,1.7712871,4.0764737,2.2496513,2.5399689,1.4016588
2013-05-06,4.1271298,2.2776067,3.2133128,1.7732819,4.0857972,2.2547873,2.5399794,1.4016588
2013-05-07,4.1325187,2.2805782,3.2175085,1.7755954,4.0962418,2.2605488,2.5399822,1.4016588
2013-05-08,4.129256,2.2787751,3.2149682,1.7741915,4.0896648,2.2569168,2.5399849,1.4016588
2013-05-09,4.1311564,2.2798213,3.2164478,1.7750061,4.0933205,2.2589317,2.5399877,1.4016588
2013-05-10,4.1010849,2.2632236,3.1930346,1.7620835,4.0445885,2.2320361,2.5399905,1.4016588
2013-05-13,4.0899568,2.257075,3.1843704,1.7572964,4.0294968,2.2237003,2.5399989,1.4016588
2013-05-14,4.0771608,2.2500103,3.1744077,1.7517961,4.0086604,2.2121986,2.5400023,1.4016588
2013-05-15,4.0805165,2.2518591,3.1770204,1.7532355,4.0152536,2.215834,2.5400058,1.4016588
2013-05-16,4.087796,2.2558739,3.1826881,1.7563613,4.0295753,2.2237351,2.5400086,1.4016588
2013-05-17,4.0877993,2.2558739,3.1826907,1.7563613,4.0295786,2.2237351,2.5400107,1.4016588
2013-05-20,4.0872016,2.2555366,3.1822253,1.7560987,4.0289894,2.2234026,2.540019,1.4016588
2013-05-21,4.0871367,2.2554977,3.1821748,1.7560684,4.0289254,2.2233642,2.5400225,1.4016588
2013-05-22,4.0870673,2.2554569,3.1821208,1.7560366,4.028857,2.2233241,2.5400253,1.4016588
2013-05-23,4.086998,2.2554162,3.1820668,1.7560049,4.0287886,2.2232839,2.5400281,1.4016588
2013-05-24,4.0869331,2.2553773,3.1820163,1.7559746,4.0287247,2.2232456,2.5392399,1.4012219
2013-05-28,4.0927236,2.2585629,3.1865247,1.7584549,4.0344328,2.2263858,2.4960389,1.3773763
2013-05-29,4.0903668,2.2572592,3.1846897,1.7574398,4.0321095,2.2251007,2.5024246,1.3808982
2013-05-30,4.088015,2.2559583,3.1828586,1.756427,4.0297911,2.2238183,2.5026241,1.3810064
2013-05-31,4.0905504,2.257355,3.1848326,1.7575144,4.0322905,2.2251951,2.4927562,1.3755596
2013-06-03,4.0908258,2.2574995,3.1850471,1.757627,4.032562,2.2253376,2.4927644,1.3755596
2013-06-04,4.0847913,2.2541663,3.1803487,1.7550318,4.0266134,2.2220518,2.4927678,1.3755596
2013-06-05,4.0844249,2.2539617,3.1800634,1.7548725,4.0259871,2.2217038,2.4927706,1.3755596
2013-06-06,4.0818708,2.2525491,3.1780749,1.7537727,4.0214336,2.2191879,2.492774,1.3755596
2013-06-07,4.1108161,2.2685192,3.2006111,1.7662066,4.0533905,2.23682,2.4927774,1.3755596
2013-06-10,4.1259427,2.2768593,3.2123885,1.7726999,4.0716742,2.2469023,2.4927856,1.3755596
2013-06-11,4.1245091,2.276065,3.2112723,1.7720816,4.0699126,2.2459271,2.492789,1.3755596
2013-06-12,4.1333104,2.2809189,3.2181249,1.7758606,4.081265,2.2521887,2.4927924,1.3755596
2013-06-13,4.1372323,2.28308,3.2211784,1.7775432,4.0858204,2.2546995,2.4927958,1.3755596
2013-06-14,4.157042,2.2940086,3.2366019,1.7860519,4.1021648,2.2637158,2.4927993,1.3755596
2013-06-17,4.1515902,2.2909906,3.2323572,1.7837022,4.1004584,2.2627648,2.4928095,1.3755596
2013-06-18,4.1531552,2.2918511,3.2335757,1.7843722,4.1020009,2.263613,2.4928129,1.3755596
2013-06-19,4.1487511,2.2894177,3.2301467,1.7824775,4.1041092,2.2647733,2.4928163,1.3755596
2013-06-20,4.1570797,2.2940105,3.2366312,1.7860534,4.1147768,2.2706569,2.4928198,1.3755596
2013-06-21,4.1899929,2.3121699,3.2622569,1.8001918,4.1473551,2.2886314,2.4928232,1.3755596
2013-06-24,4.2102267,2.3233261,3.2780959,1.8089248,4.1674915,2.2997339,2.4922101,1.3752156
2013-06-25,4.2117939,2.3241871,3.2802978,1.8101369,4.1702908,2.3012748,2.4849437,1.3712037
2013-06-26,4.2091309,2.3227137,3.2767935,1.8082002,4.1658357,2.2988126,2.4975795,1.378174
2013-06-27,4.2168419,2.3269651,3.2809408,1.8104857,4.1711082,2.3017183,2.5128205,1.3865817
2013-06-28,4.2077501,2.3219442,3.2749629,1.807184,4.1635084,2.2975208,2.5048295,1.38217
2013-07-01,4.2163978,2.3267085,3.2818879,1.8109994,4.1723122,2.3023714,2.5048377,1.38217
2013-07-02,4.2176565,2.3274006,3.282974,1.8115968,4.1738444,2.3032144,2.5048404,1.38217
2013-07-03,4.2130199,2.3248401,3.2790232,1.8094152,4.1666083,2.2992194,2.5048425,1.38217
2013-07-05,4.2337897,2.336295,3.294045,1.8176995,4.1616749,2.2964908,2.5048494,1.38217
2013-07-08,4.218869,2.3280537,3.283157,1.8116854,4.1560356,2.2933714,2.5048576,1.38217
2013-07-09,4.2192307,2.3282501,3.2834746,1.8118581,4.1559044,2.2932958,2.504861,1.38217
2013-07-10,4.2242875,2.331038,3.2874099,1.8140277,4.1558252,2.2932496,2.5048638,1.38217
2013-07-11,4.2405756,2.3400235,3.3000855,1.8210203,4.1692074,2.3006316,2.5048665,1.38217
2013-07-12,4.238422,2.3388325,3.2984095,1.8200934,4.167556,2.2997178,2.5048693,1.38217
2013-07-15,4.2452415,2.342588,3.3037166,1.8230159,4.1701064,2.3011176,2.5048775,1.38217
2013-07-16,4.2520418,2.3463379,3.3090087,1.8259342,4.1738471,2.3031792,2.5048803,1.38217
2013-07-17,4.250761,2.3456292,3.308012,1.8253827,4.1703497,2.3012474,2.5048823,1.38217
2013-07-18,4.2457473,2.3428607,3.3041103,1.8232282,4.1692979,2.3006651,2.5048844,1.38217
2013-07-19,4.2420572,2.3408225,3.3012385,1.821642,4.1663755,2.2990506,2.5048864,1.38217
2013-07-22,4.2420889,2.3408342,3.3012632,1.8216511,4.1665233,2.2991265,2.5048926,1.38217
2013-07-23,4.2441974,2.3419952,3.3029041,1.8225546,4.1682895,2.3000986,2.5048953,1.38217
2013-07-24,4.2477019,2.3439277,3.3056313,1.8240585,4.1706582,2.3014044,2.5048967,1.38217
2013-07-25,4.2529442,2.3468185,3.3097311,1.8263192,4.1759366,2.3043152,2.5046347,1.3820242
2013-07-26,4.257594,2.3493831,3.3128699,1.8280503,4.1798249,2.3064595,2.5078942,1.383822
2013-07-29,4.2517953,2.3461775,3.3088135,1.8258074,4.174755,2.3036562,2.5049811,1.3822112
2013-07-30,4.2493938,2.3448504,3.3070993,1.82486,4.1726677,2.3025026,2.5029576,1.3810935
2013-07-31,4.2501302,2.3452542,3.3072716,1.8249531,4.1725973,2.3024612,2.5059492,1.3827428
2013-08-01,4.262764,2.352223,3.313613,1.8284503,4.192193,2.3132717,2.5059519,1.3827428
2013-08-02,4.2418107,2.3406582,3.2973251,1.8194606,4.1551211,2.2928127,2.5059547,1.3827428
2013-08-05,4.2497563,2.345035,3.3035015,1.8228628,4.1694231,2.3006971,2.5059629,1.3827428
2013-08-06,4.249791,2.3450509,3.3035285,1.8228752,4.1693403,2.3006482,2.5059664,1.3827428
2013-08-07,4.2410464,2.3402231,3.296731,1.8191224,4.150789,2.290409,2.5059691,1.3827428
2013-08-08,4.2401801,2.3397418,3.2960576,1.8187483,4.1490198,2.2894297,2.5059725,1.3827428
2013-08-09,4.2428849,2.3412311,3.2981601,1.8199059,4.1542395,2.2923068,2.505976,1.3827428
2013-08-12,4.2355242,2.3371598,3.2924384,1.8167412,4.1409159,2.2849454,2.5059863,1.3827428
2013-08-13,4.2127944,2.3246137,3.2747696,1.8069888,4.1045704,2.2648863,2.5059904,1.3827428
2013-08-14,4.2127206,2.3245692,3.2747123,1.8069542,4.10442,2.2647996,2.5059945,1.3827428
2013-08-15,4.2074594,2.3216629,3.2706225,1.804695,4.0941624,2.2591364,2.5059979,1.3827428
2013-08-16,4.2074651,2.3216629,3.270627,1.804695,4.094168,2.2591364,2.5060014,1.3827428
2013-08-19,4.2074824,2.3216629,3.2706404,1.804695,4.0941848,2.2591364,2.5060117,1.3827428
2013-08-20,4.2069479,2.3213641,3.2702249,1.8044627,4.0936647,2.2588457,2.5060158,1.3827428
2013-08-21,4.2110066,2.3236011,3.2733799,1.8062017,4.0976141,2.2610225,2.5060185,1.3827428
2013-08-22,4.2221827,2.3297655,3.2820675,1.8109934,4.1084893,2.2670208,2.5060213,1.3827428
2013-08-23,4.2097333,2.3228941,3.2723901,1.805652,4.0963751,2.2603345,2.5060233,1.3827428
2013-08-26,4.2067531,2.3212439,3.2700735,1.8043693,4.0934752,2.2587287,2.5055177,1.3824603
2013-08-27,4.1899664,2.3119786,3.2570245,1.7971671,4.0776556,2.2499972,2.5200728,1.3904899
2013-08-28,4.1932512,2.313788,3.2595779,1.7985736,4.0846903,2.2538757,2.5078918,1.3837669
2013-08-29,4.1957814,2.3151822,3.2615448,1.7996574,4.0864498,2.2548448,2.5142283,1.387262
2013-08-30,4.190917,2.3124968,3.2577635,1.79757,4.0796451,2.2510888,2.5077279,1.3836746
2013-09-03,4.1745678,2.3034679,3.2450546,1.7905515,4.0678587,2.2445778,2.5077362,1.3836746
2013-09-04,4.1615026,2.2962575,3.2348985,1.7849467,4.0665981,2.2438811,2.5077376,1.3836746
2013-09-05,4.1558758,2.2931514,3.2305246,1.7825322,4.0725336,2.2471549,2.5077389,1.3836746
2013-09-06,4.1558141,2.2931161,3.2304766,1.7825048,4.061115,2.2408531,2.5077403,1.3836746
2013-09-09,4.1498205,2.2898052,3.2258176,1.7799311,4.0484816,2.2338785,2.5077444,1.3836746
2013-09-10,4.1573797,2.293975,3.2316936,1.7831724,4.0642154,2.2425589,2.5077458,1.3836746
2013-09-11,4.1570106,2.29377,3.2314067,1.7830131,4.058358,2.2393257,2.5077472,1.3836746
2013-09-12,4.1583413,2.2945031,3.2324411,1.7835829,4.0583701,2.2393311,2.5077486,1.3836746
2013-09-13,4.1596922,2.2952478,3.2334912,1.7841618,4.058805,2.2395705,2.5077492,1.3836746
2013-09-16,4.1680231,2.2998428,3.2399672,1.7877336,4.0586735,2.2394961,2.5077513,1.3836746
2013-09-17,4.172151,2.3021192,3.2431759,1.7895031,4.0594159,2.2399045,2.5077527,1.3836746
2013-09-18,4.1779513,2.3053191,3.2476847,1.7919905,4.0629255,2.2418404,2.5077534,1.3836746
2013-09-19,4.18118,2.3071,3.2501945,1.7933749,4.0653809,2.2431947,2.5077541,1.3836746
2013-09-20,4.1810154,2.3070085,3.2500665,1.7933038,4.0653239,2.2431626,2.5077547,1.3836746
2013-09-23,4.1772006,2.3049017,3.2471012,1.7916661,4.0631978,2.2419876,2.5077568,1.3836746
2013-09-24,4.168764,2.3002453,3.2409771,1.788286,4.0598784,2.2401548,2.5072522,1.3833954
2013-09-25,4.1720575,2.3020614,3.2348639,1.7849119,4.0567787,2.2384432,2.5155296,1.3879618
2013-09-26,4.1670229,2.2992821,3.2375688,1.7864034,4.0524508,2.2360539,2.5096037,1.3846913
2013-09-27,4.176735,2.304641,3.2408638,1.7882215,4.0572062,2.2386779,2.513828,1.3870221
2013-09-30,4.1787179,2.3057313,3.2427673,1.7892688,4.0576014,2.2388923,2.5138223,1.3870167
2013-10-01,4.175506,2.3039578,3.2402095,1.7878565,4.0546496,2.2372623,2.5138237,1.3870167
2013-10-02,4.173993,2.3031217,3.2390354,1.7872077,4.059009,2.2396665,2.5138251,1.3870167
2013-10-03,4.1726906,2.3024018,3.2380247,1.7866491,4.0590361,2.2396802,2.5138265,1.3870167
2013-10-04,4.1843897,2.3088553,3.2471033,1.7916569,4.0608498,2.2406791,2.5138285,1.3870167
2013-10-07,4.1799385,2.3063935,3.2436492,1.7897466,4.0594033,2.2398755,2.5138347,1.3870167
2013-10-08,4.1851411,2.3092623,3.2476864,1.7919728,4.0596551,2.2400126,2.5138368,1.3870167
2013-10-09,4.1920729,2.3130839,3.2530655,1.7949383,4.0610833,2.2407975,2.5138402,1.3870167
2013-10-10,4.1910349,2.312508,3.25226,1.7944914,4.0607034,2.2405848,2.5138437,1.3870167
2013-10-11,4.1958565,2.3151653,3.2560016,1.7965535,4.0614043,2.2409685,2.5138471,1.3870167
2013-10-15,4.1855583,2.3094627,3.2480101,1.7921283,4.0587228,2.2394693,2.5138692,1.3870167
2013-10-16,4.2022212,2.3186479,3.2609406,1.799256,4.062691,2.2416502,2.5138788,1.3870167
2013-10-17,4.2153903,2.3259078,3.2711598,1.8048896,4.0672116,2.2441384,2.5138857,1.3870167
2013-10-18,4.2162309,2.3263684,3.2718121,1.805247,4.0675028,2.244296,2.5138891,1.3870167
2013-10-21,4.2157683,2.3261056,3.2714532,1.805043,4.0675161,2.244296,2.5138974,1.3870167
2013-10-22,4.2116742,2.323844,3.2682761,1.8032881,4.0673122,2.244181,2.5139002,1.3870167
2013-10-23,4.2114506,2.3237181,3.2681026,1.8031904,4.0672243,2.2441301,2.5139029,1.3870167
2013-10-24,4.217587,2.3271014,3.2728645,1.8058158,4.0690872,2.2451554,2.5139057,1.3870167
2013-10-25,4.2128634,2.3244932,3.2693185,1.8038578,4.0670893,2.2440512,2.5136201,1.386858
2013-10-28,4.2124412,2.3242526,3.2693572,1.8038732,4.067857,2.2444674,2.5127456,1.386371
2013-10-29,4.2115734,2.3237712,3.2681694,1.8032159,4.0656783,2.2432629,2.5139872,1.3870545
2013-10-30,4.2089245,2.3223071,3.2670304,1.8025854,4.0655665,2.2431987,2.5117803,1.3858354
2013-10-31,4.207501,2.3215191,3.2669597,1.8025445,4.0646168,2.2426723,2.509291,1.3844604
2013-11-01,4.1963078,2.3153407,3.2582686,1.7977472,4.0598093,2.2400173,2.5092937,1.3844604
2013-11-04,4.1992425,2.3169523,3.2605473,1.7989985,4.0609945,2.2406638,2.509302,1.3844604
2013-11-05,4.1933892,2.3137195,3.2560024,1.7964884,4.0581492,2.2390909,2.5093054,1.3844604
2013-11-06,4.1915504,2.3127018,3.2545747,1.7956982,4.0580448,2.2390302,2.5093088,1.3844604
2013-11-07,4.1765605,2.3044279,3.2429356,1.789274,4.0433454,2.2309167,2.5093123,1.3844604
2013-11-08,4.2136732,2.3249018,3.2717521,1.8051709,4.0758673,2.2488576,2.5093157,1.3844604
2013-11-12,4.2213798,2.3291386,3.277736,1.8084606,4.0806049,2.2514568,2.5093322,1.3844604
2013-11-13,4.2181878,2.3273723,3.2752575,1.8070892,4.0717435,2.2465626,2.5093377,1.3844604
2013-11-14,4.225533,2.33142,3.2809608,1.8102319,4.0725663,2.2470117,2.5093432,1.3844604
2013-11-15,4.2200597,2.328395,3.276711,1.8078832,4.0671771,2.2440333,2.5093487,1.3844604
2013-11-18,4.2311936,2.3345227,3.285356,1.8126411,4.0835858,2.2530719,2.5093652,1.3844604
2013-11-19,4.2174168,2.3269157,3.2746589,1.8067346,4.0680383,2.2444882,2.5093714,1.3844604
2013-11-20,4.19854,2.3164956,3.2600018,1.7986439,4.032759,2.2250184,2.5093769,1.3844604
2013-11-21,4.1987472,2.3166048,3.2601627,1.7987287,4.0331818,2.2252468,2.5093824,1.3844604
2013-11-22,4.1978343,2.3160967,3.2599689,1.7986183,4.0316464,2.2243954,2.5087717,1.3841208
2013-11-25,4.1970579,2.315655,3.25667,1.7967879,4.0308274,2.2239307,2.5118668,1.3858205
2013-11-26,4.2006826,2.3176498,3.2536124,1.795097,4.0267996,2.2217036,2.5194846,1.3900202
2013-11-27,4.1945233,2.314247,3.255326,1.796039,4.0257321,2.2211104,2.5122753,1.3860401
2013-11-29,4.1894215,2.3114233,3.2536201,1.7950909,4.0244263,2.2203814,2.5096169,1.3845681
2013-12-02,4.1769687,2.3045414,3.2430529,1.7892519,4.0174826,2.2165394,2.5096292,1.3845681
2013-12-03,4.1842438,2.3085521,3.2495387,1.7928278,4.021208,2.2185918,2.5096327,1.3845681
2013-12-04,4.1771477,2.3046332,3.2440277,1.7897844,4.0142848,2.2147684,2.5096368,1.3845681
2013-12-05,4.1785567,2.3054068,3.245122,1.7903851,4.0202876,2.2180766,2.5096409,1.3845681
2013-12-06,4.1803319,2.3063824,3.2465006,1.7911428,4.0193195,2.2175389,2.5096451,1.3845681
2013-12-09,4.1754031,2.3036517,3.2426728,1.7890221,4.0142396,2.2147252,2.5096574,1.3845681
2013-12-10,4.1606709,2.2955192,3.2312316,1.7827064,4.0027065,2.208358,2.5096622,1.3845681
2013-12-11,4.1701162,2.300726,3.238567,1.78675,4.0127917,2.2139179,2.5096671,1.3845681
2013-12-12,4.1757045,2.3038047,3.2429069,1.789141,4.0161633,2.2157739,2.5096719,1.3845681
2013-12-13,4.1758896,2.3039025,3.2430507,1.7892169,4.016736,2.2160856,2.5096767,1.3845681
2013-12-16,4.1751204,2.3034648,3.2424533,1.788877,4.0162665,2.2158138,2.5096911,1.3845681
2013-12-17,4.1768186,2.3043973,3.2437721,1.7896012,4.0151602,2.2151992,2.5096959,1.3845681
2013-12-18,4.1793892,2.3058111,3.2457685,1.7906991,4.0157426,2.2155163,2.5097007,1.3845681
2013-12-19,4.1667892,2.2988552,3.2359832,1.7852971,4.006963,2.2106682,2.5097056,1.3845681
2013-12-20,4.1625566,2.2965162,3.2326961,1.7834807,4.0041505,2.209113,2.5097097,1.3845681
2013-12-23,4.1551496,2.2924165,3.2269437,1.7802968,4.0006876,2.2071897,2.5097241,1.3845681
2013-12-24,4.1410613,2.2846396,3.2169458,1.7747776,3.992504,2.2026706,2.5089953,1.3841634
2013-12-26,4.1360003,2.2818386,3.2160764,1.7742911,3.9912915,2.2019932,2.5066167,1.3828458
2013-12-27,4.1255753,2.2760827,3.2151289,1.773765,3.9908796,2.2017617,2.5010419,1.3797677
2013-12-30,4.1409727,2.2845644,3.2148056,1.7735764,3.9908379,2.2017261,2.5106421,1.385056
2013-12-31,4.1174521,2.2715837,3.2158809,1.7741663,3.9909957,2.2018089,2.4955468,1.3767256
2014-01-02,4.1089845,2.2669035,3.2092674,1.7705109,3.9888258,2.2006033,2.4955563,1.3767256
2014-01-03,4.1178885,2.2718114,3.2162218,1.7743441,3.9905475,2.2015489,2.4955611,1.3767256
2014-01-06,4.1069541,2.2657659,3.2076816,1.7696224,3.9875592,2.1998877,2.4955755,1.3767256
2014-01-07,4.1048759,2.2646163,3.2060584,1.7687245,3.9863596,2.1992229,2.4955789,1.3767256
2014-01-08,4.0993901,2.2615874,3.2017739,1.7663589,3.9869038,2.1995206,2.4955816,1.3767256
2014-01-09,4.1027209,2.2634218,3.2043753,1.7677916,3.9876783,2.1999449,2.495585,1.3767256
2014-01-10,4.1376475,2.2826879,3.2316543,1.782839,3.9965265,2.2048239,2.4955878,1.3767256
2014-01-13,4.151599,2.2903754,3.2425509,1.7888431,4.0001888,2.2068353,2.495598,1.3767256
2014-01-14,4.1364923,2.2820394,3.2307521,1.7823324,3.9965056,2.2048015,2.4956001,1.3767256
2014-01-15,4.1331312,2.2801826,3.2281269,1.7808823,3.9953572,2.2041656,2.4956028,1.3767256
2014-01-16,4.1374833,2.2825811,3.231526,1.7827555,3.9968514,2.2049875,2.4956056,1.3767256
2014-01-17,4.1374878,2.2825811,3.2315296,1.7827555,3.9968558,2.2049875,2.4956083,1.3767256
2014-01-21,4.1368929,2.2822404,3.2310649,1.7824894,3.996743,2.2049132,2.495622,1.3767256
2014-01-22,4.1466359,2.2876129,3.2386746,1.7866855,3.9988708,2.2060846,2.4956247,1.3767256
2014-01-23,4.1341417,2.2807176,3.2289161,1.7813001,3.9959427,2.2044668,2.4956274,1.3767256
2014-01-24,4.129096,2.2779315,3.2249753,1.7791241,3.9913725,2.2019431,2.4956302,1.3767256
2014-01-27,4.1287739,2.2777463,3.2247237,1.7789795,3.9939131,2.2033375,2.495286,1.3765312
2014-01-28,4.1302145,2.2785379,3.2258489,1.7795977,3.9924639,2.202535,2.4968197,1.3773754
2014-01-29,4.1326937,2.2799026,3.2277852,1.7806635,3.9869473,2.1994886,2.5082729,1.3836917
2014-01-30,4.1322522,2.2796565,3.2274404,1.7804713,3.9891201,2.2006849,2.5041317,1.3814057
2014-01-31,4.1469109,2.2877421,3.2388894,1.7867864,3.9991204,2.2062006,2.511008,1.3851982
2014-02-03,4.163435,2.2968542,3.2517953,1.7939032,4.0089035,2.211594,2.5110121,1.3851982
2014-02-04,4.1577257,2.2937014,3.2473361,1.7914408,4.0054585,2.2096904,2.5110155,1.3851982
2014-02-05,4.1500123,2.2894423,3.2413116,1.7881143,3.9988234,2.2060265,2.5110197,1.3851982
2014-02-06,4.1517003,2.2903692,3.24263,1.7888382,4.0018065,2.2076679,2.5110245,1.3851982
2014-02-07,4.1451006,2.2867239,3.2374754,1.7859912,3.9958664,2.2043867,2.5110293,1.3851982
2014-02-10,4.1423728,2.285204,3.2353449,1.7848041,3.9909371,2.2016529,2.5110458,1.3851982
2014-02-11,4.1569311,2.293231,3.2467155,1.7910733,4.0091698,2.211707,2.5110506,1.3851982
2014-02-12,4.1601466,2.2950017,3.2492269,1.7924563,4.0221947,2.2188893,2.5110541,1.3851982
2014-02-13,4.1714415,2.3012295,3.2580486,1.7973204,4.0345517,2.2257031,2.5110575,1.3851982
2014-02-14,4.1691469,2.2999618,3.2562564,1.7963303,4.0323041,2.2244614,2.5110596,1.3851982
2014-02-18,4.181642,2.3068499,3.2660156,1.8017101,4.046829,2.2324693,2.5110651,1.3851982
2014-02-19,4.1744845,2.3028982,3.2604253,1.7986237,4.0360846,2.226539,2.5110685,1.3851982
2014-02-20,4.1737341,2.3024804,3.2598393,1.7982974,4.029669,2.2229961,2.5110726,1.3851982
2014-02-21,4.1748537,2.3030949,3.2607137,1.7987773,4.035734,2.2263389,2.5110761,1.3851982
2014-02-24,4.1777943,2.3047076,3.2635465,1.8003327,4.0387173,2.2279755,2.5103138,1.384772
2014-02-25,4.1813573,2.30667,3.2552691,1.795764,4.0304861,2.2234317,2.5260596,1.393456
2014-02-26,4.1827753,2.3074491,3.250258,1.7929971,4.0252012,2.2205132,2.5356818,1.398762
2014-02-27,4.1881145,2.3103914,3.2499547,1.7928274,4.0254455,2.2206449,2.5422119,1.4023623
2014-02-28,4.1808565,2.3063849,3.2468483,1.7911118,4.0223429,2.2189309,2.5385464,1.4003388
2014-03-03,4.1942894,2.3137858,3.2578241,1.7971592,4.0325989,2.2245795,2.5385568,1.4003388
2014-03-04,4.1736804,2.3024136,3.2412216,1.7879981,4.0170883,2.2160201,2.5385603,1.4003388
2014-03-05,4.1742584,2.3027293,3.2416705,1.7882433,4.0169765,2.2159554,2.5385638,1.4003388
2014-03-06,4.1768602,2.3041608,3.243691,1.7893549,4.0243517,2.2200202,2.538568,1.4003388
2014-03-07,4.1970772,2.3153103,3.2593913,1.7980134,4.043532,2.230598,2.5385715,1.4003388
2014-03-10,4.1964584,2.3149576,3.2589108,1.7977394,4.0410729,2.2292304,2.538584,1.4003388
2014-03-11,4.1894897,2.3111101,3.2534989,1.7947516,4.0348695,2.2258053,2.5385874,1.4003388
2014-03-12,4.1810059,2.3064269,3.2469105,1.7911147,4.0247651,2.2202282,2.5385909,1.4003388
2014-03-13,4.1826359,2.3073229,3.2481763,1.7918105,4.0266599,2.2212704,2.5385944,1.4003388
2014-03-14,4.1839979,2.3080711,3.249234,1.7923916,4.0271492,2.2215373,2.5385979,1.4003388
2014-03-17,4.1749396,2.3030647,3.2421996,1.7885037,4.023149,2.2193215,2.5386083,1.4003388
2014-03-18,4.1790753,2.3053423,3.2454113,1.7902725,4.0250954,2.2203916,2.5386125,1.4003388
2014-03-19,4.1834091,2.3077299,3.2487768,1.7921266,4.0293082,2.2227125,2.538616,1.4003388
2014-03-20,4.1778314,2.3046492,3.2444452,1.7897342,4.0253371,2.2205182,2.5386201,1.4003388
2014-03-21,4.176643,2.3039898,3.2435224,1.7892221,4.0242165,2.2198964,2.5386243,1.4003388
2014-03-24,4.182317,2.3071084,3.2479287,1.791644,4.0288504,2.2224416,2.5386368,1.4003388
2014-03-25,4.1817352,2.3067837,3.2478984,1.7916243,4.0291045,2.2225782,2.5379109,1.3999361
2014-03-26,4.1837792,2.3079081,3.2415696,1.7881308,4.0200035,2.2175547,2.5498598,1.4065253
2014-03-27,4.1883099,2.3104042,3.2405502,1.7875659,4.0187058,2.2168358,2.5559902,1.409905
2014-03-28,4.1689292,2.2997107,3.2341333,1.7840243,4.0107139,2.2124248,2.5444667,1.403547
2014-03-31,4.1726956,2.3017808,3.2376298,1.7859472,4.0143443,2.2144202,2.544483,1.4035513
2014-04-01,4.1695057,2.300018,3.2350569,1.7845255,4.0112731,2.212723,2.5444864,1.4035513
2014-04-02,4.1604954,2.2950452,3.2280659,1.7806672,4.0027714,2.2080308,2.5444892,1.4035513
2014-04-03,4.1598742,2.2947012,3.227584,1.7804003,4.0037609,2.2085755,2.5444906,1.4035513
2014-04-04,4.1419222,2.2847972,3.2136553,1.772716,3.9929644,2.2026186,2.544492,1.4035513
2014-04-07,4.1316746,2.2791387,3.2057043,1.7683257,3.9877564,2.1997403,2.5444983,1.4035513
2014-04-08,4.1273498,2.2767511,3.2023488,1.7664733,3.9865993,2.1991002,2.5445004,1.4035513
2014-04-09,4.1364184,2.2817517,3.209385,1.7703531,3.9920889,2.2021266,2.5445025,1.4035513
2014-04-10,4.1410604,2.2843098,3.2129866,1.7723379,3.9968397,2.2047449,2.5445053,1.4035513
2014-04-11,4.1499648,2.2892192,3.2198954,1.776147,4.000721,2.2068835,2.544508,1.4035513
2014-04-14,4.1457059,2.2868624,3.216591,1.7743184,3.9976321,2.2051723,2.5445164,1.4035513
2014-04-15,4.1490524,2.2887059,3.2191874,1.7757487,3.9989244,2.2058828,2.5445192,1.4035513
2014-04-16,4.15263,2.2906769,3.2219633,1.7772779,4.0023024,2.2077437,2.544522,1.4035513
2014-04-17,4.1656285,2.2978446,3.2320486,1.7828392,4.0216169,2.2183955,2.5445248,1.4035513
2014-04-21,4.1623887,2.2960499,3.2295349,1.7814467,4.0181924,2.2164992,2.5445331,1.4035513
2014-04-22,4.1670635,2.2986261,3.233162,1.7834455,4.0233624,2.2193486,2.5445359,1.4035513
2014-04-23,4.1642605,2.297078,3.2309872,1.7822444,4.020656,2.2178539,2.544538,1.4035513
2014-04-24,4.1650314,2.297502,3.2318906,1.7827417,4.0217802,2.2184728,2.5441601,1.403342
2014-04-25,4.1705262,2.3005324,3.2336088,1.783689,4.0239184,2.2196517,2.5473249,1.4050873
2014-04-28,4.1654268,2.2977138,3.2319176,1.7827517,4.0218138,2.2184853,2.5446724,1.4036208
2014-04-29,4.1629121,2.2963248,3.2312058,1.7823576,4.020928,2.2179948,2.5432847,1.4028542
2014-04-30,4.1702701,2.3003823,3.232261,1.7829387,4.0219608,2.2185633,2.5491086,1.4060658
2014-05-01,4.1657759,2.2979013,3.2292384,1.78127,4.0132793,2.2137727,2.5491107,1.4060658
2014-05-02,4.1586268,2.2939559,3.2236966,1.7782116,3.9975335,2.2050853,2.5491128,1.4060658
2014-05-05,4.1676627,2.2989365,3.2307011,1.7820724,4.0143916,2.2143808,2.549117,1.4060658
2014-05-06,4.1618355,2.2957202,3.2261839,1.7795793,4.0027229,2.2079424,2.5491191,1.4060658
2014-05-07,4.1693779,2.2998788,3.2320307,1.7828029,4.0088256,2.2113069,2.5491212,1.4060658
2014-05-08,4.1811418,2.306366,3.2411498,1.7878316,4.0230324,2.2191417,2.5491232,1.4060658
2014-05-09,4.1774774,2.3043428,3.2383092,1.7862632,4.0157668,2.2151321,2.5491253,1.4060658
2014-05-12,4.1693974,2.2998801,3.2320458,1.7828039,4.0023225,2.2077106,2.5491316,1.4060658
2014-05-13,4.1850312,2.308502,3.2441648,1.7894873,4.0246197,2.2200081,2.5491337,1.4060658
2014-05-14,4.2044359,2.3192039,3.259207,1.7977831,4.0619382,2.2405914,2.5491358,1.4060658
2014-05-15,4.209788,2.3221543,3.2633559,1.8000702,4.0722764,2.2462922,2.5491379,1.4060658
2014-05-16,4.2097915,2.3221543,3.2633586,1.8000702,4.0722798,2.2462922,2.54914,1.4060658
2014-05-19,4.2092495,2.3218496,3.2629384,1.799834,4.0717555,2.2459975,2.5491463,1.4060658
2014-05-20,4.2067626,2.3204759,3.2610106,1.7987691,4.0693498,2.2446686,2.5491484,1.4060658
2014-05-21,4.2124825,2.3236291,3.2654446,1.8012134,4.0748829,2.2477189,2.5491505,1.4060658
2014-05-22,4.2137919,2.3243488,3.2664596,1.8017714,4.0761495,2.2484151,2.5491533,1.4060658
2014-05-23,4.212158,2.3234457,3.2651931,1.8010713,4.074569,2.2475414,2.5483183,1.4056041
2014-05-27,4.2155482,2.3253055,3.2678211,1.8025129,4.078381,2.2496343,2.5560616,1.409869
2014-05-28,4.2152101,2.3251165,3.267559,1.8023664,4.073605,2.2469974,2.5833085,1.4248963
2014-05-29,4.2138706,2.324375,3.2665206,1.8017917,4.0712914,2.2457187,2.5801563,1.423156
2014-05-30,4.2125331,2.3236347,3.2654838,1.8012178,4.0661615,2.2428866,2.5693704,1.4172052
2014-06-02,4.2041492,2.3190026,3.2589848,1.7976271,4.0540035,2.2361729,2.5693788,1.4172052
2014-06-03,4.1952705,2.3141025,3.2521022,1.7938287,4.0425916,2.2298757,2.5693816,1.4172052
2014-06-04,4.1947285,2.313801,3.251682,1.793595,4.0398225,2.2283458,2.5693845,1.4172052
2014-06-05,4.1872043,2.3096482,3.2458494,1.7903758,4.0376148,2.2271256,2.5693873,1.4172052
2014-06-06,4.1941341,2.3134681,3.2512212,1.7933369,4.0398395,2.2283503,2.5693901,1.4172052
2014-06-09,4.2000983,2.3167503,3.2558446,1.7958812,4.0445124,2.2309205,2.5693985,1.4172052
2014-06-10,4.21161,2.3230976,3.2647683,1.8008014,4.0500496,2.2339724,2.5694013,1.4172052
2014-06-11,4.2154003,2.3251857,3.2677064,1.8024201,4.0516048,2.2348277,2.5694042,1.4172052
2014-06-12,4.2163675,2.3257166,3.2684562,1.8028317,4.0503383,2.2341267,2.569407,1.4172052
2014-06-13,4.2076486,2.3209048,3.2616975,1.7991017,4.0499237,2.2338956,2.5694098,1.4172052
2014-06-16,4.205285,2.3195935,3.2598652,1.7980851,4.050032,2.233948,2.5694182,1.4172052
2014-06-17,4.1927315,2.3126665,3.250134,1.7927156,4.0480283,2.2328403,2.5694211,1.4172052
2014-06-18,4.1918928,2.3122014,3.2494839,1.792355,4.0490204,2.2333851,2.5694239,1.4172052
2014-06-19,4.1885501,2.3103557,3.2468926,1.7909243,4.0476311,2.232617,2.569426,1.4172052
2014-06-20,4.1910553,2.3117363,3.2488346,1.7919944,4.0473922,2.232484,2.5694274,1.4172052
2014-06-23,4.1898211,2.3110517,3.2478779,1.7914638,4.0492129,2.2334845,2.5694316,1.4172052
2014-06-24,4.1819807,2.3067251,3.2421392,1.788297,4.0414848,2.22922,2.5685062,1.4166936
2014-06-25,4.1815756,2.3064998,3.2386025,1.7863448,4.0354964,2.225915,2.5762267,1.4209508
2014-06-26,4.1941394,2.3134279,3.2419958,1.7882149,4.0367482,2.2266037,2.5914435,1.4293426
2014-06-27,4.1933693,2.3130006,3.2434402,1.7890097,4.0369847,2.2267317,2.5879855,1.4274337
2014-06-30,4.1983031,2.3157163,3.2449529,1.7898396,4.0416312,2.2292892,2.5916776,1.4294667
2014-07-01,4.1889113,2.3105334,3.236483,1.7851659,4.0314264,2.2236579,2.5916805,1.4294667
2014-07-02,4.1872517,2.3096167,3.232307,1.7828615,4.0211544,2.2179909,2.5916819,1.4294667
2014-07-03,4.1881145,2.3100914,3.2312618,1.782284,4.018204,2.2163623,2.5916833,1.4294667
2014-07-07,4.1817719,2.3065904,3.225409,1.7790538,4.0156267,2.2149382,2.5916862,1.4294667
2014-07-08,4.1649445,2.2973061,3.2132149,1.7723259,4.010408,2.2120573,2.591689,1.4294667
2014-07-09,4.1652551,2.2974756,3.2134546,1.7724567,4.0091786,2.2113774,2.5916911,1.4294667
2014-07-10,4.1764017,2.3036219,3.2220541,1.7771984,4.0103664,2.2120307,2.5916933,1.4294667
2014-07-11,4.1867304,2.3093178,3.2300226,1.7815927,4.013189,2.2135864,2.5916947,1.4294667
2014-07-14,4.1766451,2.3037511,3.2222419,1.7772981,4.011525,2.2126649,2.5916989,1.4294667
2014-07-15,4.1700412,2.3001067,3.217147,1.7744865,4.010665,2.2121888,2.5917011,1.4294667
2014-07-16,4.1739197,2.3022447,3.2201393,1.776136,4.0119888,2.2129177,2.5917025,1.4294667
2014-07-17,4.1844807,2.3080687,3.228287,1.780629,4.0155889,2.2149022,2.5917039,1.4294667
2014-07-18,4.184483,2.3080687,3.2282888,1.780629,4.0155911,2.2149022,2.5917053,1.4294667
2014-07-21,4.1838662,2.3077247,3.2278129,1.7803636,4.0155977,2.2149022,2.5917096,1.4294667
2014-07-22,4.1787216,2.3048851,3.2238438,1.778173,4.0152353,2.2147005,2.5917117,1.4294667
2014-07-23,4.1810555,2.3061705,3.2256444,1.7791646,4.0134711,2.2137256,2.5917139,1.4294667
2014-07-24,4.1883637,2.3101997,3.2312827,1.7822731,4.024582,2.2198523,2.591716,1.4294667
2014-07-25,4.1881953,2.3101049,3.2311527,1.7821999,4.0173071,2.2158378,2.5912462,1.4292064
2014-07-28,4.189228,2.3106688,3.2319494,1.782635,4.0245627,2.2198343,2.5879129,1.4273644
2014-07-29,4.1891334,2.3106141,3.2318765,1.7825928,4.0174134,2.2158886,2.5937157,1.4305634
2014-07-30,4.1811157,2.3061905,3.2256909,1.77918,4.0185545,2.2165167,2.5750562,1.4202709
2014-07-31,4.1860356,2.3089016,3.2294865,1.7812716,4.0194724,2.2170206,2.5728708,1.419064
2014-08-01,4.2117363,2.3230756,3.2493144,1.7922065,4.0366143,2.2264737,2.5728729,1.419064
2014-08-04,4.2143631,2.3245187,3.2513409,1.7933199,4.0392169,2.2279037,2.5728792,1.419064
2014-08-05,4.2153089,2.3250378,3.2520706,1.7937204,4.0405358,2.2286288,2.572882,1.419064
2014-08-06,4.2160018,2.3254181,3.2526052,1.7940137,4.0410331,2.2289012,2.5728842,1.419064
2014-08-07,4.2009145,2.3170945,3.2409654,1.7875922,4.0255824,2.2203773,2.5728863,1.419064
2014-08-08,4.2053272,2.3195265,3.2443698,1.7894685,4.0277256,2.2215576,2.5728884,1.419064
2014-08-11,4.2091649,2.3216375,3.2473306,1.7910971,4.0293093,2.2224256,2.5728947,1.419064
2014-08-12,4.212668,2.3235672,3.2500332,1.7925858,4.0412153,2.2289902,2.5728976,1.419064
2014-08-13,4.211209,2.3227605,3.2489076,1.7919635,4.0249706,2.2200283,2.5728997,1.419064
2014-08-14,4.2112679,2.3227905,3.248953,1.7919866,4.0215436,2.2181357,2.5729025,1.419064
2014-08-15,4.2308364,2.3335812,3.2640499,1.8003114,4.0553833,2.236798,2.5729053,1.419064
2014-08-18,4.2103501,2.3222759,3.2482449,1.7915896,4.025231,2.2201616,2.5729117,1.419064
2014-08-19,4.2053056,2.3194917,3.2443531,1.7894416,4.0204107,2.217501,2.5729138,1.419064
2014-08-20,4.2057174,2.3197169,3.2446708,1.7896154,4.0095842,2.2115278,2.5729159,1.419064
2014-08-21,4.2084878,2.3212424,3.2468082,1.7907923,4.0150808,2.214557,2.5729187,1.419064
2014-08-22,4.2202975,2.3277549,3.2559192,1.7958166,4.0224953,2.2186453,2.5729201,1.419064
2014-08-25,4.2198146,2.3274828,3.2555467,1.7956066,4.0219593,2.2183443,2.5720248,1.4185667
2014-08-26,4.2152837,2.3249812,3.2520512,1.7936767,4.0192325,2.2168378,2.5722884,1.4187105
2014-08-27,4.2135037,2.3239976,3.250678,1.7929178,4.0108256,2.2121991,2.5797697,1.4228356
2014-08-28,4.2164874,2.3256407,3.2529798,1.7941855,4.0117499,2.2127065,2.5909056,1.4289759
2014-08-29,4.2204159,2.3278056,3.2560106,1.7958556,4.0107097,2.2121309,2.5866196,1.4266108
2014-09-02,4.2039929,2.3187397,3.2433404,1.7888615,3.9959799,2.2039994,2.5866281,1.4266108
2014-09-03,4.2054592,2.3195465,3.2444717,1.789484,3.9955828,2.2037785,2.5866303,1.4266108
2014-09-04,4.2075332,2.3206885,3.2460718,1.790365,3.9989112,2.2056126,2.5866324,1.4266108
2014-09-05,4.2112304,2.3227258,3.2489241,1.7919367,4.0019185,2.2072694,2.5866345,1.4266108
2014-09-08,4.2134415,2.3239396,3.2506299,1.7928732,4.0063872,2.2097287,2.5866409,1.4266108
2014-09-09,4.2155293,2.3250899,3.2522406,1.7937606,4.011271,2.2124211,2.5866423,1.4266108
2014-09-10,4.2225197,2.3289442,3.2576337,1.7967341,4.0218478,2.2182536,2.5866437,1.4266108
2014-09-11,4.2234903,2.3294783,3.2583825,1.7971461,4.0221199,2.2184024,2.5866451,1.4266108
2014-09-12,4.2131588,2.3237787,3.2504119,1.792749,4.0185763,2.2164468,2.5866466,1.4266108
2014-09-15,4.2176635,2.3262594,3.2538872,1.7946628,4.0193489,2.2168692,2.5866508,1.4266108
2014-09-16,4.2194047,2.3272185,3.2552305,1.7954027,4.0189514,2.2166488,2.5866522,1.4266108
2014-09-17,4.2212841,2.3282538,3.2566804,1.7962014,4.0178995,2.2160674,2.5866536,1.4266108
2014-09-18,4.2255827,2.3306234,3.2599968,1.7980296,4.0217634,2.2181973,2.5866551,1.4266108
2014-09-19,4.2182111,2.3265563,3.2543096,1.7948919,4.0148301,2.214372,2.5866565,1.4266108
2014-09-22,4.207566,2.3206812,3.246097,1.7903593,4.0059938,2.2094947,2.5866607,1.4266108
2014-09-23,4.1984707,2.3156641,3.2390801,1.7864887,3.9990803,2.205681,2.5866614,1.4266108
2014-09-24,4.2042823,2.3188688,3.2437309,1.7890533,4.0075255,2.2103383,2.5857314,1.4260975
2014-09-25,4.2138616,2.324151,3.2492615,1.7921027,4.0100194,2.2117126,2.6046777,1.4365461
2014-09-26,4.1998663,2.3164312,3.2374763,1.7856022,3.9995971,2.2059636,2.5974633,1.4325668
2014-09-29,4.2154507,2.3250249,3.2459307,1.7902637,4.0083017,2.2107628,2.6133422,1.4413232
2014-09-30,4.2090774,2.3215084,3.2434631,1.7889017,4.0058254,2.2093958,2.6051531,1.4368059
2014-10-01,4.2139262,2.3241815,3.254005,1.794715,4.0283347,2.2218095,2.6051545,1.4368059
2014-10-02,4.2149201,2.3247284,3.2547725,1.7951373,4.0266566,2.2208827,2.605156,1.4368059
2014-10-03,4.2204632,2.3277851,3.2590529,1.7974977,4.0275931,2.2213987,2.6051567,1.4368059
2014-10-06,4.210308,2.3221821,3.2512111,1.7931711,4.0249517,2.21994,2.6051588,1.4368059
2014-10-07,4.1851701,2.3083161,3.2317995,1.7824638,4.0175383,2.2158499,2.6051602,1.4368059
2014-10-08,4.1974812,2.315105,3.2413062,1.7877062,4.0198848,2.217143,2.6051617,1.4368059
2014-10-09,4.1966688,2.3146562,3.2406788,1.7873597,4.019819,2.2171061,2.6051624,1.4368059
2014-10-10,4.2088652,2.3213825,3.2500969,1.7925537,4.0234858,2.2191278,2.6051631,1.4368059
2014-10-14,4.2473082,2.3425831,3.2797827,1.8089245,4.0343889,2.2251389,2.605166,1.4368059
2014-10-15,4.2702774,2.3552503,3.2975196,1.8187061,4.0405579,2.2285402,2.6051674,1.4368059
2014-10-16,4.2650111,2.3523444,3.293453,1.8164622,4.0387929,2.2275655,2.6051688,1.4368059
2014-10-17,4.2598044,2.3494707,3.2894323,1.8142432,4.0370471,2.2266008,2.6051709,1.4368059
2014-10-20,4.2598114,2.3494707,3.2894377,1.8142432,4.0370537,2.2266008,2.6051752,1.4368059
2014-10-21,4.2593481,2.3492139,3.2890799,1.8140448,4.0369635,2.2265498,2.6051767,1.4368059
2014-10-22,4.2646872,2.3521574,3.2932028,1.8163178,4.0379137,2.2270726,2.6051781,1.4368059
2014-10-23,4.2679574,2.3539598,3.2957281,1.8177096,4.0410849,2.2288205,2.6051795,1.4368059
2014-10-24,4.2683449,2.3541728,3.2960273,1.8178741,4.0415286,2.2290645,2.6051802,1.4368059
2014-10-27,4.2656874,2.3527052,3.2941961,1.8168626,4.0395138,2.2279515,2.6047393,1.4365616
2014-10-28,4.2662558,2.3530174,3.2972201,1.8185295,4.0424271,2.2295571,2.5995566,1.4337024
2014-10-29,4.263924,2.35173,3.2988801,1.819444,4.0486188,2.2329708,2.5926346,1.4298841
2014-10-30,4.2691556,2.3546135,3.3011005,1.8206672,4.0513004,2.234448,2.5962789,1.4318928
2014-10-31,4.2551947,2.3469129,3.2931088,1.816259,4.0428481,2.2297856,2.5906872,1.4288084
2014-11-03,4.2526755,2.3455215,3.2911592,1.8151822,4.0418235,2.2292187,2.5906893,1.4288084
2014-11-04,4.253356,2.3458955,3.2916858,1.8154716,4.0423736,2.2295209,2.5906908,1.4288084
2014-11-05,4.254069,2.3462869,3.2922377,1.8157745,4.0420386,2.2293342,2.5906929,1.4288084
2014-11-06,4.2606844,2.3499336,3.2973573,1.8185967,4.0477569,2.2324862,2.590695,1.4288084
2014-11-07,4.2384687,2.3376788,3.2801645,1.8091128,4.0290069,2.2221431,2.5906971,1.4288084
2014-11-10,4.2565953,2.3476706,3.2941928,1.8168454,4.0457686,2.2313824,2.5907035,1.4288084
2014-11-12,4.2545949,2.3465647,3.2926446,1.8159895,4.0443503,2.2305977,2.5907064,1.4288084
2014-11-13,4.2594537,2.3492433,3.2964049,1.8180624,4.0455207,2.2312419,2.5907078,1.4288084
2014-11-14,4.2701206,2.3551251,3.30466,1.8226144,4.0629401,2.2408481,2.5907092,1.4288084
2014-11-17,4.265477,2.3525601,3.3010663,1.8206294,4.0538045,2.2358059,2.5907135,1.4288084
2014-11-18,4.2676493,2.3537563,3.3027475,1.8215551,4.0603229,2.2393991,2.5907156,1.4288084
2014-11-19,4.2628382,2.3511015,3.2990241,1.8195005,4.0466614,2.2318631,2.590717,1.4288084
2014-11-20,4.2601382,2.3496117,3.2969346,1.8183476,4.0480343,2.2326197,2.5907177,1.4288084
2014-11-21,4.2556659,2.3471438,3.2938765,1.81666,4.0443096,2.2305642,2.5898465,1.4283272
2014-11-24,4.254264,2.3463687,3.2907504,1.8149344,4.0410654,2.2287731,2.5940755,1.4306583
2014-11-25,4.2526024,2.345451,3.2852613,1.811906,4.0310594,2.2232533,2.6048246,1.4365858
2014-11-26,4.2560583,2.3473557,3.2822921,1.8102674,4.0304669,2.2229253,2.615631,1.4425448
2014-11-28,4.2930362,2.3677477,3.3035046,1.8219647,4.0469115,2.2319925,2.6365046,1.4540552
2014-12-01,4.2829404,2.3621756,3.2950831,1.817317,4.0394338,2.2278647,2.6365089,1.4540552
2014-12-02,4.258397,2.3486373,3.2739749,1.8056738,4.0235836,2.219121,2.6365111,1.4540552
2014-12-03,4.2569866,2.3478574,3.2728905,1.8050743,4.0194752,2.2168533,2.6365133,1.4540552
2014-12-04,4.2534462,2.3459041,3.2701685,1.8035725,4.0128982,2.2132252,2.636514,1.4540552
2014-12-05,4.2810776,2.3611424,3.2914123,1.815288,4.0282884,2.2217121,2.6365154,1.4540552
2014-12-08,4.2656954,2.3526548,3.2795861,1.8087626,4.0126263,2.2130704,2.6365198,1.4540552
2014-12-09,4.2515123,2.3448305,3.2686817,1.8027471,4.0015604,2.2069655,2.6365219,1.4540552
2014-12-10,4.2479154,2.3428441,3.2659163,1.8012199,3.9894039,2.2002584,2.6365248,1.4540552
2014-12-11,4.2433321,2.3403144,3.2623926,1.799275,3.9894881,2.200303,2.636527,1.4540552
2014-12-12,4.2638052,2.3516039,3.2781328,1.8079546,3.9933919,2.2024543,2.6365292,1.4540552
2014-12-15,4.2574167,2.3480767,3.2732212,1.8052428,3.9932844,2.2023914,2.6365335,1.4540552
2014-12-16,4.2670418,2.3533826,3.2806212,1.8093221,3.9953521,2.2035294,2.6365364,1.4540552
2014-12-17,4.2661923,2.3529121,3.2799681,1.8089604,3.996461,2.2041391,2.6365386,1.4540552
2014-12-18,4.2765606,2.3586285,3.2879395,1.8133553,4.0060259,2.2094126,2.6365407,1.4540552
2014-12-19,4.272056,2.3561415,3.2844763,1.8114432,4.0018689,2.2071175,2.6365436,1.4540552
2014-12-22,4.2744872,2.3574747,3.2863454,1.8124682,4.0019959,2.2071803,2.6365523,1.4540552
2014-12-23,4.2845227,2.3630062,3.294061,1.8167209,4.0140429,2.2138214,2.6365559,1.4540552
2014-12-24,4.2869721,2.3643552,3.2962622,1.8179334,4.0165904,2.2152246,2.6358005,1.4536375
2014-12-26,4.2942243,2.3683537,3.2991303,1.8195142,4.0198079,2.2169979,2.6422827,1.4572115
2014-12-29,4.3090665,2.3765375,3.3073228,1.824031,4.0279822,2.2215043,2.6520357,1.4625891
2014-12-30,4.3231332,2.3842936,3.3154777,1.828527,4.0339348,2.2247855,2.6583579,1.4660746
2014-12-31,4.3338264,2.3901892,3.3201676,1.8311121,4.039641,2.2279307,2.6670086,1.4708442
2015-01-02,4.336102,2.3914389,3.3240409,1.8332442,4.0443537,2.2305249,2.6670144,1.4708442
2015-01-05,4.3358135,2.3912759,3.3238197,1.8331192,4.0443603,2.2305249,2.6670188,1.4708442
2015-01-06,4.3306936,2.3884502,3.3198948,1.8309531,4.0442702,2.2304734,2.667021,1.4708442
2015-01-07,4.3267353,2.3862652,3.3168604,1.8292781,4.0437798,2.2302011,2.6670232,1.4708442
2015-01-08,4.342606,2.3950162,3.3290269,1.8359865,4.0490755,2.2331199,2.6670254,1.4708442
2015-01-09,4.3272669,2.3865545,3.3172679,1.8294998,4.0456095,2.2312066,2.6670276,1.4708442
2015-01-12,4.3062414,2.3749546,3.3011498,1.8206076,4.0409013,2.2286063,2.6670319,1.4708442
2015-01-13,4.3081851,2.3760247,3.3026399,1.8214278,4.0403102,2.2282784,2.6670341,1.4708442
2015-01-14,4.317005,2.380887,3.3094012,1.8251552,4.0411998,2.2287672,2.6670363,1.4708442
2015-01-15,4.3452858,2.3964817,3.3310812,1.8371099,4.0473321,2.2321468,2.6670392,1.4708442
2015-01-16,4.3278637,2.3868712,3.3177254,1.8297426,4.0435724,2.2300714,2.6670414,1.4708442
2015-01-20,4.329267,2.3876373,3.3188012,1.8303299,4.0460402,2.2314251,2.6670502,1.4708442
2015-01-21,4.3174117,2.381097,3.309713,1.8253162,4.042178,2.2292933,2.6670524,1.4708442
2015-01-22,4.3145193,2.3794998,3.3074956,1.8240918,4.0410822,2.2286871,2.6670546,1.4708442
2015-01-23,4.3069452,2.3753207,3.3016894,1.8208882,4.0347513,2.2251937,2.6670568,1.4708442
2015-01-26,4.3100765,2.3770437,3.3045411,1.8224579,4.0369622,2.2264094,2.6666966,1.4706431
2015-01-27,4.3080238,2.3759097,3.3028698,1.8215347,4.0349707,2.2253092,2.6667775,1.4706865
2015-01-28,4.3187985,2.3818507,3.2928876,1.8160285,4.0262154,2.2204794,2.6815085,1.4788097
2015-01-29,4.3119566,2.3780761,3.2946936,1.8170235,4.0297559,2.2224308,2.6757045,1.475608
2015-01-30,4.3539524,2.4012351,3.3151115,1.8282825,4.04892,2.2329981,2.6886804,1.4827628
2015-02-02,4.3506971,2.3994358,3.3124969,1.8268375,4.048322,2.2326646,2.6886848,1.4827628
2015-02-03,4.3312434,2.3887057,3.2934905,1.8163545,4.0294138,2.2222355,2.6886863,1.4827628
2015-02-04,4.3300593,2.3880513,3.2919846,1.815523,4.0272025,2.2210147,2.6886878,1.4827628
2015-02-05,4.3306453,2.3883738,3.2917193,1.8153763,4.027983,2.2214445,2.6886885,1.4827628
2015-02-06,4.3629532,2.4061905,3.3126887,1.8269398,4.0653955,2.2420764,2.68869,1.4827628
2015-02-09,4.3651885,2.4074194,3.3142234,1.8277832,4.0685237,2.2437979,2.6886944,1.4827628
2015-02-10,4.3759491,2.4133532,3.3222451,1.8322066,4.0881491,2.2546208,2.6886952,1.4827628
2015-02-11,4.3724613,2.411429,3.3195971,1.8307458,4.0834728,2.2520411,2.6886959,1.4827628
2015-02-12,4.3783761,2.4146904,3.3240877,1.8332218,4.0861699,2.253528,2.6886966,1.4827628
2015-02-13,4.3698931,2.4100106,3.3176473,1.829669,4.0721834,2.2458132,2.6886981,1.4827628
2015-02-17,4.3421955,2.3947327,3.2966192,1.81807,4.0345783,2.2250715,2.688701,1.4827628
2015-02-18,4.3512933,2.3997488,3.3035262,1.8218782,4.051825,2.2345818,2.6887025,1.4827628
2015-02-19,4.3561411,2.4024211,3.3072067,1.823907,4.0440513,2.2302934,2.688704,1.4827628
2015-02-20,4.3599866,2.4045406,3.3101262,1.8255161,4.0475417,2.2322172,2.6887055,1.4827628
2015-02-23,4.3450215,2.3962834,3.299315,1.8195507,4.0383585,2.2271489,2.6881015,1.4824273
2015-02-24,4.3437716,2.3955927,3.2828232,1.8104546,4.0238188,2.2191291,2.7053399,1.4919331
2015-02-25,4.350103,2.3990832,3.2808979,1.8093919,4.0225177,2.2184103,2.7128685,1.4960841
2015-02-26,4.3244643,2.3849421,3.2767229,1.8070884,4.0230538,2.2187048,2.695805,1.4866732
2015-02-27,4.3430642,2.395198,3.2846745,1.8114722,4.0292657,2.2221288,2.7026852,1.4904662
2015-03-02,4.3286032,2.3872188,3.2737376,1.8054376,4.019004,2.2164658,2.7026897,1.4904662
2015-03-03,4.3184856,2.3816377,3.2660856,1.8012166,4.012323,2.2127801,2.7026912,1.4904662
2015-03-04,4.3177667,2.3812399,3.2655419,1.8009157,4.0133845,2.2133643,2.7026926,1.4904662
2015-03-05,4.3168701,2.3807448,3.2648638,1.8005413,4.0137762,2.2135797,2.7026934,1.4904662
2015-03-06,4.3488765,2.3983949,3.2890704,1.81389,4.037349,2.2265788,2.7026949,1.4904662
2015-03-09,4.3392915,2.3931068,3.2818212,1.8098906,4.0298575,2.2224454,2.7026971,1.4904662
2015-03-10,4.3243403,2.38486,3.2705136,1.8036536,4.0182759,2.216057,2.7026986,1.4904662
2015-03-11,4.3189433,2.3818822,3.2664318,1.8014015,4.011864,2.2125197,2.7027,1.4904662
2015-03-12,4.3220935,2.3836176,3.2688143,1.802714,4.0118921,2.2125333,2.7027023,1.4904662
2015-03-13,4.3195881,2.3822339,3.2669194,1.8016675,4.0113649,2.2122408,2.7027045,1.4904662
2015-03-16,4.3235096,2.3843907,3.2698852,1.8032987,4.0122419,2.212719,2.7027111,1.4904662
2015-03-17,4.3264727,2.3860217,3.2721263,1.8045322,4.0136526,2.213494,2.7027148,1.4904662
2015-03-18,4.3272049,2.3864222,3.27268,1.804835,4.0166473,2.2151424,2.7027185,1.4904662
2015-03-19,4.3354217,2.3909517,3.2788944,1.8082607,4.0214395,2.2177835,2.7027208,1.4904662
2015-03-20,4.3233408,2.3842872,3.2697576,1.8032204,4.012148,2.2126575,2.702723,1.4904662
2015-03-23,4.3203659,2.3826446,3.2675077,1.8019781,4.0095386,2.2112166,2.7027252,1.4904662
2015-03-24,4.3126072,2.3783638,3.2616398,1.7987406,4.0040611,2.208194,2.7027274,1.4904662
2015-03-25,4.317419,2.3810162,3.2659601,1.8011222,4.0103981,2.2116876,2.7021457,1.4901446
2015-03-26,4.2876384,2.3645898,3.2650429,1.8006144,4.0114292,2.2122538,2.6837015,1.4799716
2015-03-27,4.3227004,2.3839243,3.2752195,1.8062251,4.0204765,2.2172414,2.6977234,1.487703
2015-03-30,4.3211312,2.383051,3.2763218,1.8068271,4.0215783,2.2178418,2.6958107,1.4866433
2015-03-31,4.3353288,2.3908782,3.2821798,1.8100557,4.0268922,2.2207699,2.7000169,1.4889613
2015-04-01,4.3408653,2.3939295,3.2864503,1.8124093,4.0344212,2.2249202,2.7000191,1.4889613
2015-04-02,4.3422267,2.3946784,3.287481,1.8129762,4.0327472,2.2239952,2.7000213,1.4889613
2015-04-03,4.3261294,2.3857996,3.2752938,1.8062542,4.0283652,2.2215774,2.7000228,1.4889613
2015-04-06,4.3411493,2.394079,3.2866653,1.8125224,4.0329686,2.2241124,2.7000272,1.4889613
2015-04-07,4.3356519,2.3910453,3.2825033,1.8102256,4.0309752,2.2230113,2.7000295,1.4889613
2015-04-08,4.3376138,2.3921259,3.2839885,1.8110438,4.0317404,2.2234321,2.7000309,1.4889613
2015-04-09,4.3372429,2.3919194,3.2837078,1.8108874,4.0319912,2.2235686,2.7000332,1.4889613
2015-04-10,4.3389616,2.3928653,3.285009,1.8116035,4.0328034,2.2240146,2.7000354,1.4889613
2015-04-13,4.3429449,2.3950581,3.2880247,1.8132637,4.0338353,2.2245801,2.7000398,1.4889613
2015-04-14,4.3534396,2.4008437,3.2959702,1.8176439,4.0368066,2.2262168,2.700042,1.4889613
2015-04-15,4.3516086,2.3998326,3.294584,1.8168784,4.0362061,2.2258845,2.7000435,1.4889613
2015-04-16,4.3505399,2.399242,3.2937749,1.8164312,4.0358562,2.2256902,2.700045,1.4889613
2015-04-17,4.3505423,2.399242,3.2937767,1.8164312,4.0358584,2.2256902,2.7000465,1.4889613
2015-04-20,4.3502299,2.3990677,3.2935402,1.8162993,4.0358003,2.2256564,2.7000487,1.4889613
2015-04-21,4.349932,2.3989015,3.2933146,1.8161734,4.0355903,2.2255388,2.7000509,1.4889613
2015-04-22,4.3572545,2.4029377,3.2988584,1.8192292,4.0405994,2.2282993,2.7000531,1.4889613
2015-04-23,4.3491044,2.3984411,3.2926881,1.8158249,4.034964,2.2251897,2.7000553,1.4889613
2015-04-24,4.3438191,2.3955244,3.2890585,1.8138218,4.0315081,2.223282,2.6997526,1.4887931
2015-04-27,4.3432879,2.3952256,3.2898855,1.8142734,4.033064,2.2241346,2.6987503,1.4882367
2015-04-28,4.33503,2.3906702,3.2924299,1.8156756,4.0370732,2.2263443,2.6915334,1.4842561
2015-04-29,4.3235139,2.384318,3.2924604,1.8156914,4.0370762,2.2263447,2.6843599,1.4802994
2015-04-30,4.3248187,2.385037,3.2922558,1.8155781,4.0377141,2.226696,2.6853375,1.4808381
2015-05-01,4.3140017,2.379071,3.2840214,1.8110366,4.0285027,2.2216155,2.6853382,1.4808381
2015-05-04,4.3113803,2.3776234,3.2820258,1.8099346,4.0260576,2.2202653,2.6853405,1.4808381
2015-05-05,4.3081411,2.3758357,3.27956,1.8085738,4.0231881,2.2186816,2.6853419,1.4808381
2015-05-06,4.3068568,2.3751268,3.2785823,1.8080341,4.0199695,2.216906,2.6853427,1.4808381
2015-05-07,4.2988414,2.3707052,3.2724806,1.8046682,4.0068158,2.2096509,2.6853441,1.4808381
2015-05-08,4.2901242,2.3658972,3.2658447,1.8010082,4.0006345,2.2062415,2.6853449,1.4808381
2015-05-11,4.318943,2.3817882,3.2877829,1.813105,4.0449438,2.230675,2.6853471,1.4808381
2015-05-12,4.3150548,2.3796426,3.284823,1.8114717,4.0419675,2.2290324,2.6853485,1.4808381
2015-05-13,4.3214043,2.3831422,3.2896565,1.8141357,4.0488835,2.2328446,2.6853508,1.4808381
2015-05-14,4.3275739,2.3865433,3.2943531,1.8167247,4.0506114,2.2337963,2.6853522,1.4808381
2015-05-15,4.346148,2.3967858,3.3084926,1.8245217,4.0836307,2.2520048,2.685353,1.4808381
2015-05-18,4.324715,2.3849621,3.2921768,1.8155211,4.0513031,2.2341734,2.6853574,1.4808381
2015-05-19,4.3173943,2.3809236,3.286604,1.8124469,4.0423383,2.2292283,2.6853588,1.4808381
2015-05-20,4.3110748,2.3774373,3.2817933,1.8097929,4.0363278,2.2259125,2.6853603,1.4808381
2015-05-21,4.3046316,2.3738828,3.2768884,1.8070871,4.0368088,2.2261765,2.6853618,1.4808381
2015-05-22,4.3147124,2.3794407,3.2853323,1.8117426,4.0472109,2.2319117,2.6847323,1.4804902
2015-05-26,4.3315824,2.3887388,3.2756824,1.8064171,4.0355545,2.2254787,2.7031209,1.4906273
2015-05-27,4.3313082,2.3885863,3.2752759,1.8061919,4.0339556,2.2245958,2.7032868,1.490718
2015-05-28,4.3383931,2.3924927,3.2773432,1.8073315,4.0353735,2.2253771,2.7060031,1.4922154
2015-05-29,4.3487298,2.3981925,3.2826291,1.810246,4.0407533,2.2283432,2.7080868,1.4933641
2015-06-01,4.3310377,2.3884339,3.2692743,1.8028798,4.0274205,2.2209889,2.708089,1.4933641
2015-06-02,4.3115073,2.3776621,3.2545318,1.7947489,4.0127875,2.212918,2.7080905,1.4933641
2015-06-03,4.29916,2.3708523,3.2452114,1.7896086,3.9957619,2.2035283,2.7080912,1.4933641
2015-06-04,4.294807,2.3684505,3.2419256,1.7877956,3.9870955,2.1987479,2.7080927,1.4933641
2015-06-05,4.3214008,2.3831149,3.2619999,1.7988648,4.0122961,2.212644,2.7080942,1.4933641
2015-06-08,4.3140675,2.3790649,3.2564643,1.7958077,4.0055768,2.2089331,2.7081009,1.4933641
2015-06-09,4.3230446,2.3840141,3.2632407,1.7995436,4.0133459,2.2132162,2.7081024,1.4933641
2015-06-10,4.3326633,2.3893172,3.2705014,1.8035466,4.0267188,2.2205897,2.7081038,1.4933641
2015-06-11,4.3313464,2.3885897,3.2695073,1.8029974,4.0270645,2.2207791,2.7081053,1.4933641
2015-06-12,4.3319379,2.3889153,3.2699538,1.8032431,4.027286,2.2209007,2.7081061,1.4933641
2015-06-15,4.3364727,2.3914121,3.2733769,1.8051279,4.0293622,2.222042,2.7081105,1.4933641
2015-06-16,4.3414498,2.3941555,3.2771338,1.8071986,4.0314565,2.2231957,2.708112,1.4933641
2015-06-17,4.3358672,2.3910762,3.2729198,1.8048743,4.0291767,2.2219378,2.7081127,1.4933641
2015-06-18,4.3344575,2.3902982,3.2718557,1.804287,4.0305529,2.2226962,2.7081135,1.4933641
2015-06-19,4.3183894,2.3814365,3.2597268,1.7975979,4.0136875,2.2133949,2.7081142,1.4933641
2015-06-22,4.340286,2.3935097,3.2762553,1.8067112,4.0361458,2.225778,2.7081165,1.4933641
2015-06-23,4.3481811,2.3978629,3.2822149,1.8099972,4.0440391,2.2301302,2.7081172,1.4933641
2015-06-24,4.3471552,2.3972966,3.2815616,1.8096364,4.040063,2.2279369,2.7075082,1.4930279
2015-06-25,4.3457249,2.3965071,3.2819524,1.8098514,4.0400873,2.2279497,2.7028163,1.4904401
2015-06-26,4.3195173,2.382054,3.268558,1.8024645,4.0255411,2.2199274,2.6812147,1.4785277
2015-06-29,4.3749144,2.4126015,3.3010819,1.8203985,4.0623762,2.2402387,2.7204715,1.5001743
2015-06-30,4.3693931,2.4095553,3.2986632,1.8190637,4.0604144,2.2391557,2.7151286,1.4972272
2015-07-01,4.366923,2.4081925,3.2930848,1.815987,4.0551319,2.236242,2.7151293,1.4972272
2015-07-02,4.3678789,2.408719,3.2937254,1.8163398,4.0494244,2.2330939,2.7151301,1.4972272
2015-07-06,4.3502298,2.3989835,3.2803448,1.8089589,4.0358807,2.2256227,2.715133,1.4972272
2015-07-07,4.3441156,2.3956105,3.2757417,1.8064196,4.0344971,2.2248584,2.7151345,1.4972272
2015-07-08,4.3415181,2.3941767,3.273783,1.8053385,4.0373125,2.2264098,2.715136,1.4972272
2015-07-09,4.3380851,2.3922823,3.2711943,1.8039099,4.0333566,2.2242271,2.7151375,1.4972272
2015-07-10,4.3127631,2.3783162,3.2521,1.7933788,4.0185991,2.2160871,2.7151397,1.4972272
2015-07-13,4.3086831,2.3760643,3.2490234,1.7916808,4.0160286,2.2146677,2.715142,1.4972272
2015-07-14,4.315282,2.3797021,3.2539994,1.7944238,4.0202495,2.2169942,2.7151435,1.4972272
2015-07-15,4.3244381,2.3847506,3.2609037,1.7982307,4.0232742,2.2186615,2.7151442,1.4972272
2015-07-16,4.325806,2.3855037,3.2619352,1.7987985,4.0237267,2.2189099,2.7151457,1.4972272
2015-07-17,4.3258084,2.3855037,3.261937,1.7987985,4.0237289,2.2189099,2.7151472,1.4972272
2015-07-20,4.3258191,2.3855037,3.261945,1.7987985,4.0237389,2.2189099,2.7151539,1.4972272
2015-07-21,4.3254263,2.3852844,3.2616488,1.7986332,4.0235245,2.2187892,2.7151569,1.4972272
2015-07-22,4.3315117,2.3886383,3.2662376,1.8011622,4.0267863,2.2205862,2.7151591,1.4972272
2015-07-23,4.3229714,2.3839261,3.2597977,1.7976089,4.0205885,2.2171659,2.7151621,1.4972272
2015-07-24,4.3202878,2.3824443,3.2577741,1.7964916,4.018557,2.2160438,2.7151643,1.4972272
2015-07-27,4.3107997,2.3772042,3.250945,1.7927198,4.0103799,2.2115273,2.7149019,1.4970775
2015-07-28,4.3091584,2.3762958,3.2535125,1.7941332,4.0137409,2.2133776,2.7117277,1.4953252
2015-07-29,4.3046782,2.3738219,3.2539311,1.7943616,4.014553,2.2138225,2.7085632,1.4935781
2015-07-30,4.3047959,2.3738829,3.2526344,1.7936435,4.0135442,2.2132625,2.7097211,1.4942142
2015-07-31,4.3371535,2.391722,3.2669057,1.8015099,4.0325458,2.2237367,2.7182051,1.4988896
2015-08-03,4.3421933,2.3944855,3.2707018,1.8035914,4.0382579,2.226872,2.718223,1.4988896
2015-08-04,4.3231736,2.3839919,3.2563755,1.7956874,4.0195508,2.2165512,2.7182289,1.4988896
2015-08-05,4.3163135,2.3802037,3.2512082,1.792834,4.0111561,2.2119171,2.7182349,1.4988896
2015-08-06,4.3129518,2.3783447,3.248676,1.7914337,4.0042131,2.2080836,2.7182409,1.4988896
2015-08-07,4.3033583,2.3730518,3.2414499,1.787447,3.9864973,2.198312,2.7182438,1.4988896
2015-08-10,4.3132655,2.3785034,3.2489124,1.7915533,4.0040828,2.2079985,2.7182572,1.4988896
2015-08-11,4.2923741,2.3669752,3.2331761,1.7828699,3.9722501,2.1904375,2.7182662,1.4988896
2015-08-12,4.2959148,2.3689212,3.2358432,1.7843357,3.9765683,2.1928127,2.7182736,1.4988896
2015-08-13,4.2875944,2.3643266,3.229576,1.7808749,3.9663956,2.1871972,2.7182811,1.4988896
2015-08-14,4.2862991,2.3636058,3.2286003,1.780332,3.96602,2.186984,2.7182885,1.4988896
2015-08-17,4.2935015,2.3675599,3.2340253,1.7833104,3.9779642,2.1935543,2.7183086,1.4988896
2015-08-18,4.2853505,2.3630588,3.2278857,1.77992,3.9631484,2.1853784,2.7183161,1.4988896
2015-08-19,4.2865402,2.3637103,3.2287819,1.7804107,3.9706265,2.1894979,2.7183213,1.4988896
2015-08-20,4.2900187,2.3656251,3.231402,1.781853,3.9773353,2.1931942,2.718325,1.4988896
2015-08-21,4.27454,2.3570885,3.2197429,1.775423,3.9586683,2.1828996,2.7183265,1.4988896
2015-08-24,4.2613811,2.3498266,3.2098311,1.7699531,3.9427803,2.1741332,2.7183332,1.4988896
2015-08-25,4.2853622,2.3630464,3.2285479,1.7802709,3.9721593,2.1903299,2.7177843,1.4985845
2015-08-26,4.2674395,2.353159,3.2306023,1.7814004,3.9757234,2.192291,2.7046936,1.4913634
2015-08-27,4.2681522,2.3535481,3.2309725,1.7816016,3.9761912,2.1925454,2.7048398,1.4914416
2015-08-28,4.2590298,2.3485139,3.2265182,1.7791425,3.9738931,2.1912745,2.7027921,1.49031
2015-08-31,4.247213,2.3419863,3.2229395,1.7771604,3.971962,2.1901989,2.6983043,1.4878281
2015-09-01,4.2552698,2.3464238,3.2290533,1.7805277,3.974977,2.1918566,2.6983102,1.4878281
2015-09-02,4.2533886,2.3453846,3.2276257,1.7797391,3.9742871,2.1914744,2.6983124,1.4878281
2015-09-03,4.2470122,2.3418666,3.2227871,1.7770695,3.9697502,2.1889709,2.6983146,1.4878281
2015-09-04,4.2378563,2.3368166,3.2158393,1.7732375,3.9612384,2.1842762,2.6983161,1.4878281
2015-09-08,4.2541244,2.3457819,3.2281841,1.7800406,3.9743521,2.1915024,2.698322,1.4878281
2015-09-09,4.2526071,2.3449415,3.2270327,1.7794028,3.9735774,2.1910716,2.6983264,1.4878281
2015-09-10,4.252379,2.3448137,3.2268596,1.7793059,3.9746344,2.1916527,2.6983286,1.4878281
2015-09-11,4.259719,2.3488599,3.2324295,1.7823762,3.9769138,2.1929084,2.6983301,1.4878281
2015-09-14,4.2619396,2.3500766,3.2341146,1.7832995,3.9773866,2.1931618,2.698339,1.4878281
2015-09-15,4.2386523,2.3372312,3.2164433,1.7735521,3.9703314,2.1892674,2.6983442,1.4878281
2015-09-16,4.2363725,2.3359696,3.2147133,1.7725948,3.9701495,2.1891629,2.6983493,1.4878281
2015-09-17,4.2272066,2.3309116,3.2077579,1.7687566,3.9617249,2.1845139,2.6983538,1.4878281
2015-09-18,4.2163391,2.3249186,3.1995112,1.7642089,3.9551951,2.1809127,2.6983545,1.4878281
2015-09-21,4.2274968,2.3310729,3.2079781,1.768879,3.9620459,2.1846921,2.6983523,1.4878281
2015-09-22,4.2144159,2.3238594,3.1980518,1.7634052,3.9539812,2.1802446,2.698353,1.4878281
2015-09-23,4.214489,2.3239003,3.1981073,1.7634362,3.9555347,2.1811018,2.6983523,1.4878281
2015-09-24,4.2176011,2.3256158,3.2012262,1.7651555,3.9570057,2.1819123,2.6977141,1.4874758
2015-09-25,4.1924466,2.3117447,3.1940391,1.7611921,3.9531464,2.1797837,2.6876819,1.4819438
2015-09-28,4.2382966,2.3370286,3.2071755,1.7684369,3.9603454,2.183755,2.7060192,1.4920559
2015-09-29,4.2725741,2.3559289,3.2176748,1.7742258,3.9661752,2.186969,2.7190463,1.4992384
2015-09-30,4.2664594,2.3525565,3.2167003,1.7736879,3.9655983,2.1866503,2.7159792,1.4975468
2015-10-01,4.2649993,2.351752,3.2155994,1.7730814,3.9652821,2.1864765,2.7159785,1.4975468
2015-10-02,4.2488253,2.3428349,3.2034051,1.7663584,3.9602739,2.1837162,2.715977,1.4975468
2015-10-05,4.2671396,2.3529336,3.2172132,1.7739722,3.9645382,2.1860675,2.715977,1.4975468
2015-10-06,4.2638587,2.3511238,3.2147395,1.7726077,3.9641339,2.185844,2.7159777,1.4975468
2015-10-07,4.26478,2.3516318,3.2154341,1.7729907,3.9636321,2.1855673,2.7159777,1.4975468
2015-10-08,4.2655952,2.3520813,3.2160488,1.7733296,3.9634545,2.1854694,2.7159777,1.4975468
2015-10-09,4.2642867,2.3513604,3.2150622,1.7727862,3.9622455,2.1848033,2.715977,1.4975468
2015-10-13,4.2802532,2.3601619,3.2271002,1.779422,3.9663586,2.1870689,2.71598,1.4975468
2015-10-14,4.3010077,2.3716054,3.242748,1.7880497,3.9724457,2.1904248,2.7159807,1.4975468
2015-10-15,4.293037,2.3672103,3.2367385,1.784736,3.9711408,2.1897052,2.7159807,1.4975468
2015-10-16,4.2928371,2.3670995,3.2365878,1.7846525,3.9711089,2.1896871,2.7159814,1.4975468
2015-10-19,4.2928407,2.3670995,3.2365905,1.7846525,3.9711122,2.1896871,2.7159837,1.4975468
2015-10-20,4.292843,2.3670995,3.2365923,1.7846525,3.9711143,2.1896871,2.7159852,1.4975468
2015-10-21,4.2927227,2.3670319,3.2365016,1.7846015,3.9710232,2.1896356,2.7159866,1.4975468
2015-10-22,4.292082,2.3666779,3.2360185,1.7843346,3.9705697,2.1893849,2.7159874,1.4975468
2015-10-23,4.2986112,2.3702781,3.2409412,1.787049,3.9746012,2.1916079,2.7159874,1.4975468
2015-10-26,4.2955179,2.3685705,3.2390111,1.7859833,3.9730915,2.1907737,2.7156527,1.4973611
2015-10-27,4.2970116,2.3693929,3.2368203,1.7847743,3.9712983,2.1897837,2.7184353,1.4988945
2015-10-28,4.2943433,2.3679196,3.2427294,1.7880311,3.9761908,2.1924796,2.7117867,1.4952274
2015-10-29,4.2782132,2.3590228,3.2448414,1.7891937,3.9774878,2.1931924,2.6998377,1.4886373
2015-10-30,4.2860361,2.3633319,3.246266,1.7899757,3.9783648,2.1936717,2.7035943,1.4907058
2015-11-02,4.281487,2.3608079,3.2428204,1.7880641,3.9762665,2.1925004,2.7036121,1.4907058
2015-11-03,4.280768,2.3604063,3.2422759,1.7877599,3.9760091,2.1923536,2.703618,1.4907058
2015-11-04,4.2861389,2.3633639,3.2463438,1.79,3.9779525,2.1934216,2.7036225,1.4907058
2015-11-05,4.2859027,2.3632305,3.2461649,1.7898989,3.9784141,2.1936731,2.7036262,1.4907058
2015-11-06,4.3010412,2.3715745,3.2576309,1.7962187,3.9902345,2.2001878,2.7036299,1.4907058
2015-11-09,4.3073919,2.3750607,3.262441,1.7988591,3.9947152,2.2026439,2.7036477,1.4907058
2015-11-10,4.3097396,2.3763461,3.2642191,1.7998326,3.9946384,2.2025932,2.703658,1.4907058
2015-11-12,4.3053583,2.3739133,3.2609007,1.7979901,3.9924678,2.2013806,2.7036773,1.4907058
2015-11-13,4.3169565,2.3802993,3.2696852,1.8028268,4.0011191,2.2061424,2.7036877,1.4907058
2015-11-16,4.3195712,2.3817156,3.2716656,1.8038995,4.0025099,2.2068856,2.7037166,1.4907058
2015-11-17,4.3215597,2.3828022,3.2731717,1.8047225,4.0058963,2.2087438,2.7037277,1.4907058
2015-11-18,4.3271243,2.3858613,3.2773864,1.8070394,4.0062214,2.2089145,2.703738,1.4907058
2015-11-19,4.3289029,2.3868341,3.2787335,1.8077762,4.0092654,2.2105856,2.7037469,1.4907058
2015-11-20,4.3351393,2.3902654,3.283457,1.8103751,4.0113305,2.2117176,2.7037551,1.4907058
2015-11-23,4.3330438,2.3890884,3.2824884,1.8098247,4.0108754,2.2114467,2.7030202,1.4902871
2015-11-24,4.3313418,2.3881409,3.2785669,1.8076556,4.0102581,2.2110979,2.7062638,1.4920697
2015-11-25,4.3348556,2.3900678,3.2783304,1.8075173,4.0101615,2.2110349,2.7095115,1.4938538
2015-11-27,4.3445581,2.3953925,3.2830906,1.810123,4.0140871,2.2131763,2.7129662,1.495743
2015-11-30,4.3457223,2.3960009,3.2809124,1.8088968,4.0124408,2.2122377,2.7158668,1.4973212
2015-12-01,4.3606374,2.4042099,3.2934616,1.8158048,4.0229199,2.2180019,2.7158832,1.4973212
2015-12-02,4.3569839,2.4021817,3.2903578,1.8140831,4.0189894,2.2158221,2.7158988,1.4973212
2015-12-03,4.3650561,2.4066184,3.2959001,1.8171283,4.0300219,2.221892,2.7159144,1.4973212
2015-12-04,4.3502998,2.3984688,3.2847581,1.8109749,4.0226277,2.2178026,2.7159301,1.4973212
2015-12-07,4.3363522,2.3907357,3.2742267,1.805136,4.0155944,2.2138848,2.7159792,1.4973212
2015-12-08,4.340076,2.3927697,3.2770385,1.8066718,4.0171671,2.2147342,2.7160008,1.4973212
2015-12-09,4.3411109,2.3933226,3.2778199,1.8070892,4.0165365,2.2143702,2.7160208,1.4973212
2015-12-10,4.3373293,2.3912207,3.2749645,1.8055022,4.0148975,2.2134508,2.7160402,1.4973212
2015-12-11,4.3594841,2.4034191,3.2916928,1.8147127,4.0218147,2.2172498,2.7160581,1.4973212
2015-12-14,4.3395929,2.3924095,3.2766737,1.8063998,4.0154944,2.2137253,2.7161072,1.4973212
2015-12-15,4.330173,2.3871993,3.269561,1.8024658,4.0124852,2.2120506,2.7161265,1.4973212
2015-12-16,4.3281279,2.3860555,3.2680169,1.8016022,4.012172,2.2118627,2.7161451,1.4973212
2015-12-17,4.3320541,2.3882023,3.2709814,1.8032231,4.0128415,2.2122155,2.7161652,1.4973212
2015-12-18,4.3316962,2.3879899,3.2707112,1.8030628,4.0126884,2.2121171,2.7161823,1.4973212
2015-12-21,4.3294714,2.3867262,3.2690313,1.8021086,4.0116117,2.211489,2.7162247,1.4973212
2015-12-22,4.3377687,2.3912846,3.2752963,1.8055504,4.0166818,2.2142695,2.7162426,1.4973212
2015-12-23,4.3466053,2.3961422,3.2819685,1.8092182,4.0216871,2.217016,2.7162582,1.4973212
2015-12-24,4.3470095,2.3963519,3.2825286,1.809517,4.0217038,2.2170131,2.7155543,1.496925
2015-12-28,4.3487248,2.3972449,3.2825441,1.8094859,4.0216488,2.2169342,2.7192075,1.498906
2015-12-29,4.3465824,2.3960488,3.2889055,1.8129812,4.0278497,2.2203384,2.69646,1.4863575
2015-12-30,4.3522946,2.3991826,3.2921954,1.8147833,4.0302276,2.2216352,2.6995044,1.4880262
2015-12-31,4.3700113,2.408935,3.301931,1.8201395,4.0375161,2.2256402,2.710405,1.4940263
2016-01-04,4.3838469,2.4165195,3.3126188,1.825999,4.0451715,2.2298211,2.7104525,1.4940263
2016-01-05,4.3803896,2.4145992,3.3099664,1.824526,4.0435922,2.2289371,2.7104688,1.4940263
2016-01-06,4.3885598,2.4190896,3.3164793,1.828106,4.0502024,2.2325686,2.7104837,1.4940263
2016-01-07,4.3846425,2.4169164,3.3135701,1.8264919,4.0491758,2.2319899,2.7104993,1.4940263
2016-01-08,4.3775851,2.4130129,3.3082366,1.823542,4.0472327,2.2309066,2.7105141,1.4940263
2016-01-11,4.3864526,2.4178612,3.314938,1.8272059,4.0486332,2.2316419,2.7105587,1.4940263
2016-01-12,4.3703256,2.4089579,3.3027505,1.8204776,4.045019,2.2296369,2.7105743,1.4940263
2016-01-13,4.3650965,2.4060617,3.2987987,1.8182889,4.0453379,2.2297998,2.7105899,1.4940263
2016-01-14,4.3690416,2.4082218,3.3017801,1.8199213,4.0464131,2.2303791,2.7106062,1.4940263
2016-01-15,4.3938328,2.4218702,3.3205154,1.8302356,4.052788,2.2338776,2.7106248,1.4940263
2016-01-19,4.3862999,2.4176571,3.3148226,1.8270516,4.0505084,2.2325648,2.7106931,1.4940263
2016-01-20,4.398749,2.4245016,3.3242307,1.8322241,4.0527411,2.2337795,2.7107124,1.4940263
2016-01-21,4.3936931,2.4216976,3.3204098,1.8301051,4.0513317,2.2329868,2.7107317,1.4940263
2016-01-22,4.3994527,2.4248536,3.3247625,1.8324901,4.0564533,2.2357926,2.7107525,1.4940263
2016-01-25,4.3963373,2.4230767,3.3228552,1.8313937,4.0549675,2.2349185,2.7104547,1.4938254
2016-01-26,4.393648,2.4215739,3.3171515,1.8282345,4.0508896,2.2326519,2.7134723,1.4954758
2016-01-27,4.39078,2.4199726,3.3166795,1.8279589,4.0501684,2.2322355,2.7121101,1.4947123
2016-01-28,4.3989289,2.4244427,3.31917,1.8293155,4.0526914,2.2336065,2.7151309,1.496364
2016-01-29,4.4347419,2.4441582,3.3357886,1.8384576,4.0651311,2.2404417,2.7236666,1.5010543
2016-02-01,4.4204788,2.436233,3.32506,1.8324964,4.0570904,2.2359513,2.7237382,1.5010543
2016-02-02,4.4477456,2.451237,3.34557,1.8437822,4.0728719,2.2446274,2.7237644,1.5010543
2016-02-03,4.4457748,2.450128,3.3440875,1.842948,4.0721703,2.2442198,2.7237897,1.5010543
2016-02-04,4.4439256,2.4490867,3.3426966,1.8421648,4.0709353,2.2435188,2.7238144,1.5010543
2016-02-05,4.4419887,2.4479998,3.3412397,1.8413472,4.0691171,2.242499,2.723836,1.5010543
2016-02-08,4.4068766,2.428591,3.3148285,1.8267482,4.0458214,2.2296073,2.7239009,1.5010543
2016-02-09,4.4066201,2.4284284,3.3146356,1.8266259,4.0450763,2.2291771,2.7239248,1.5010543
2016-02-10,4.4008357,2.4252207,3.3102846,1.8242132,4.040694,2.2267438,2.7239472,1.5010543
2016-02-11,4.4110057,2.4308046,3.3179344,1.8284133,4.0468289,2.2301056,2.7239703,1.5010543
2016-02-12,4.3792763,2.4133006,3.2940677,1.815247,4.0259352,2.2185746,2.7239912,1.5010543
2016-02-16,4.3690755,2.4076025,3.2863947,1.810961,4.0189476,2.2146534,2.7240778,1.5010543
2016-02-17,4.3622015,2.4037948,3.2812241,1.8080969,4.0142769,2.2120614,2.7241002,1.5010543
2016-02-18,4.3635741,2.4045314,3.2822566,1.808651,4.0164799,2.2132572,2.7241226,1.5010543
2016-02-19,4.3703171,2.4082274,3.2873287,1.811431,4.0210964,2.2157828,2.724145,1.5010543
2016-02-22,4.3729918,2.4096418,3.2893405,1.8124949,4.022338,2.2164124,2.7242121,1.5010543
2016-02-23,4.3642159,2.4047843,3.2835517,1.8092888,4.0194091,2.2147784,2.723564,1.5006836
2016-02-24,4.3604846,2.4027072,3.2838481,1.8094363,4.0177099,2.2138228,2.7210134,1.4992651
2016-02-25,4.3836491,2.4154495,3.2881639,1.811798,4.0212047,2.2157284,2.7319169,1.5052593
2016-02-26,4.3548509,2.3995601,3.282648,1.8087427,4.0164831,2.2131073,2.7185765,1.4978957
2016-02-29,4.368385,2.4069544,3.2867624,1.8109623,4.0173769,2.2135416,2.7236894,1.5006734
2016-03-01,4.3399932,2.391289,3.2654005,1.7991758,4.0111713,2.2101024,2.723714,1.5006734
2016-03-02,4.3360725,2.3891071,3.2624506,1.7975341,4.0098975,2.2093805,2.7237386,1.5006734
2016-03-03,4.3355515,2.3887971,3.2620586,1.7973009,4.0085135,2.2085968,2.7237648,1.5006734
2016-03-04,4.3451525,2.3940694,3.2692823,1.8012677,4.0152215,2.2122764,2.7237849,1.5006734
2016-03-07,4.3532751,2.3984897,3.2753938,1.8045935,4.0196794,2.2146817,2.7238476,1.5006734
2016-03-08,4.332375,2.3869534,3.2596686,1.7959138,4.0107159,2.2097238,2.7238715,1.5006734
2016-03-09,4.3400066,2.3911392,3.2654106,1.7990631,4.0145632,2.2118259,2.7238931,1.5006734
2016-03-10,4.3356451,2.3887166,3.262129,1.7972403,4.0125069,2.2106748,2.7239155,1.5006734
2016-03-11,4.3252089,2.3829465,3.2542769,1.792899,4.009925,2.2092335,2.7239386,1.5006734
2016-03-14,4.3278242,2.3843246,3.2562446,1.7939359,4.0106846,2.2095939,2.7240103,1.5006734
2016-03-15,4.3270395,2.3838701,3.2556542,1.7935939,4.0100979,2.2092501,2.7240357,1.5006734
2016-03-16,4.3284663,2.384634,3.2567277,1.7941686,4.0101353,2.2092501,2.724061,1.5006734
2016-03-17,4.330337,2.3856443,3.2581352,1.7949288,4.0101693,2.2092501,2.7240842,1.5006734
2016-03-18,4.3300519,2.3854683,3.2579207,1.7947964,4.0100532,2.2091686,2.7241058,1.5006734
2016-03-21,4.333415,2.3872642,3.2604511,1.7961476,4.0115993,2.2099677,2.7241707,1.5006734
2016-03-22,4.3424089,2.3921986,3.2672181,1.7998602,4.0168231,2.2128266,2.7241939,1.5006734
2016-03-23,4.3247473,2.3824494,3.2539295,1.7925249,4.010737,2.2094557,2.7242163,1.5006734
2016-03-24,4.3315874,2.3861979,3.2595531,1.7956081,4.0133199,2.2108604,2.7235007,1.5002669
2016-03-28,4.3316226,2.3861414,3.2553842,1.7932545,4.0113169,2.2096868,2.7300646,1.503835
2016-03-29,4.3479168,2.3950984,3.2521927,1.7914822,4.0115334,2.2097885,2.7540089,1.5170126
2016-03-30,4.3493527,2.3958743,3.2570048,1.7941217,4.0150395,2.2117059,2.7481769,1.5137905
2016-03-31,4.3770318,2.4111084,3.2685059,1.8004472,4.0206211,2.2147684,2.7625774,1.5217145
2016-04-01,4.3681934,2.4062259,3.2619059,1.7968013,4.0167436,2.2126198,2.7625933,1.5217145
2016-04-04,4.3749871,2.4099227,3.266979,1.7995618,4.0189978,2.2138197,2.7626455,1.5217145
2016-04-05,4.384004,2.4148744,3.2737123,1.8032594,4.0224751,2.2157211,2.762663,1.5217145
2016-04-06,4.3840062,2.4148604,3.273714,1.8032489,4.0240594,2.2165798,2.7626804,1.5217145
2016-04-07,4.3714227,2.4079138,3.2643174,1.7980617,4.0214007,2.2151014,2.7626978,1.5217145
2016-04-08,4.3778304,2.4114281,3.2691022,1.8006859,4.0219266,2.2153771,2.7627152,1.5217145
2016-04-11,4.3807763,2.4130052,3.271302,1.8018636,4.0224419,2.2156191,2.7627674,1.5217145
2016-04-12,4.3976133,2.4222641,3.283875,1.8087775,4.0248208,2.2169155,2.7627848,1.5217145
2016-04-13,4.3917095,2.4189976,3.2794663,1.8063383,4.0248781,2.2169337,2.7628015,1.5217145
2016-04-14,4.3890242,2.4175033,3.2774611,1.8052225,4.0238861,2.2163733,2.7628189,1.5217145
2016-04-15,4.4049014,2.426234,3.2893172,1.8117419,4.0265709,2.2178387,2.7628355,1.5217145
2016-04-18,4.3972757,2.4219899,3.2836228,1.8085727,4.0250245,2.2169469,2.7628855,1.5217145
2016-04-19,4.3936338,2.4199693,3.2809033,1.8070639,4.0248315,2.2168272,2.7629021,1.5217145
2016-04-20,4.3902977,2.4181179,3.2784121,1.8056814,4.0300903,2.2197109,2.762918,1.5217145
2016-04-21,4.3920668,2.4190771,3.2797331,1.8063976,4.0329745,2.2212855,2.7629354,1.5217145
2016-04-22,4.397477,2.4220417,3.2837731,1.8086114,4.0352516,2.2225257,2.7629529,1.5217145
2016-04-25,4.3991744,2.4229308,3.2854902,1.8095229,4.0360225,2.2229083,2.7626269,1.5215062
2016-04-26,4.3946751,2.4204361,3.287427,1.8105772,4.0367358,2.2232859,2.7581917,1.5190532
2016-04-27,4.4133549,2.4307084,3.2886871,1.8112594,4.0397723,2.2249437,2.7688765,1.5249277
2016-04-28,4.4242238,2.4366786,3.2912785,1.8126747,4.042771,2.2265806,2.7735318,1.5274815
2016-04-29,4.4269512,2.4381661,3.2918615,1.8129848,4.0431185,2.2267586,2.7747671,1.5281527
2016-05-02,4.4192691,2.433891,3.2861491,1.809806,4.0411818,2.2256516,2.7748173,1.5281527
2016-05-03,4.4297602,2.4396542,3.2939502,1.8140914,4.0431396,2.2267165,2.774834,1.5281527
2016-05-04,4.4279471,2.4386417,3.292602,1.8133385,4.0412644,2.2256709,2.77485,1.5281527
2016-05-05,4.4247325,2.4368586,3.2902117,1.8120126,4.0370079,2.2233152,2.7748644,1.5281527
2016-05-06,4.4338387,2.4418603,3.296983,1.8157318,4.0435041,2.2268807,2.7748796,1.5281527
2016-05-09,4.425257,2.437096,3.2906017,1.8121891,4.0380958,2.2238674,2.7749229,1.5281527
2016-05-10,4.4269057,2.4379879,3.2918276,1.8128523,4.0388248,2.2242542,2.7749412,1.5281527
2016-05-11,4.4195174,2.433903,3.2863337,1.8098149,4.0318478,2.2203972,2.7749594,1.5281527
2016-05-12,4.4129594,2.4302741,3.2814572,1.8071165,4.0286002,2.2185929,2.7749792,1.5281527
2016-05-13,4.4257756,2.4373141,3.2909873,1.8123513,4.0392617,2.2244479,2.7749997,1.5281527
2016-05-16,4.4126454,2.4300272,3.2812238,1.8069328,4.0292171,2.2188651,2.7750636,1.5281527
2016-05-17,4.407352,2.4270934,3.2772876,1.8047514,4.0263395,2.2172634,2.7750849,1.5281527
2016-05-18,4.3946324,2.4200703,3.2678294,1.799529,4.0105485,2.2085504,2.7751062,1.5281527
2016-05-19,4.3928326,2.4190592,3.266491,1.7987773,4.0108599,2.2087038,2.775129,1.5281527
2016-05-20,4.3904876,2.417748,3.2647473,1.7978022,4.0107105,2.2086033,2.7751518,1.5281527
2016-05-23,4.3927415,2.4189256,3.2664233,1.7986779,4.0118386,2.2091665,2.7752248,1.5281527
2016-05-24,4.3991134,2.4224111,3.2717676,1.8016035,4.0142804,2.2104899,2.7744092,1.5276889
2016-05-25,4.3949055,2.4200708,3.271295,1.801326,4.0133532,2.2099581,2.7712228,1.5259198
2016-05-26,4.4158544,2.4315845,3.277381,1.804661,4.0198871,2.2135361,2.7848765,1.5334241
2016-05-27,4.399051,2.4223118,3.2693036,1.8001983,4.0153,2.210992,2.7782915,1.5297856
2016-05-31,4.4095806,2.4280275,3.2757948,1.8037115,4.0190196,2.212965,2.7815385,1.5315215
2016-06-01,4.4065991,2.4263632,3.270214,1.8006218,4.0168838,2.2117684,2.7815644,1.5315215
2016-06-02,4.4040453,2.4249371,3.2704476,1.8007356,4.012063,2.2090958,2.7815872,1.5315215
2016-06-03,4.3843569,2.4140777,3.2616679,1.7958876,3.9948972,2.1996271,2.7816086,1.5315215
2016-06-06,4.3929079,2.4187285,3.2671197,1.7988466,3.9981823,2.2013835,2.7816749,1.5315215
2016-06-07,4.3895759,2.4168753,3.2647971,1.797554,3.9967001,2.2005505,2.7816962,1.5315215
2016-06-08,4.3849703,2.414321,3.2613716,1.7956542,3.9957753,2.2000245,2.7817176,1.5315215
2016-06-09,4.3847365,2.4141764,3.2611977,1.7955466,3.9968729,2.2006143,2.7817359,1.5315215
2016-06-10,4.3949098,2.4197611,3.2687642,1.7997003,3.9991274,2.2018405,2.7817549,1.5315215
2016-06-13,4.4006551,2.4228747,3.2730374,1.802016,4.0008415,2.202739,2.7818121,1.5315215
2016-06-14,4.3998672,2.4224229,3.2724514,1.80168,4.0004551,2.20251,2.7818326,1.5315215
2016-06-15,4.3941006,2.4192301,3.2681624,1.7993054,3.996948,2.2005628,2.7818532,1.5315215
2016-06-16,4.396235,2.420388,3.2697499,1.8001666,3.9971077,2.2006351,2.781873,1.5315215
2016-06-17,4.4025203,2.4238305,3.2744246,1.8027269,3.9989104,2.2016113,2.7818936,1.5315215
2016-06-20,4.4115598,2.4287555,3.2811479,1.8063899,4.0021065,2.2033238,2.7819531,1.5315215
2016-06-21,4.415706,2.4310195,3.2842317,1.8080738,4.0030496,2.2038262,2.7819744,1.5315215
2016-06-22,4.4191516,2.4328985,3.2867944,1.8094712,4.0051987,2.204993,2.781995,1.5315215
2016-06-23,4.4030563,2.4240195,3.2748233,1.8028675,3.9986954,2.2013964,2.7820156,1.5315215
2016-06-24,4.4666998,2.4590372,3.322399,1.8290442,4.0243748,2.2155156,2.7811242,1.5310182
2016-06-27,4.5066642,2.4809862,3.3412384,1.8393766,4.0341819,2.2208673,2.8220167,1.5534969
2016-06-28,4.5065388,2.4808988,3.341111,1.8392928,4.0340663,2.2207872,2.8221681,1.5535688
2016-06-29,4.4962269,2.4752043,3.3373647,1.8372173,4.0332882,2.220343,2.807432,1.5454457
2016-06-30,4.4973016,2.4757783,3.3373885,1.8372173,4.0333169,2.220343,2.8103692,1.5470515
2016-07-01,4.4970355,2.4756141,3.3371909,1.8370955,4.0332119,2.2202694,2.8103892,1.5470515
2016-07-05,4.4907465,2.4720788,3.3325239,1.834472,4.0305511,2.218739,2.8104723,1.5470515
2016-07-06,4.4951007,2.4744568,3.3357551,1.8362366,4.0322396,2.2196514,2.8104939,1.5470515
2016-07-07,4.4972635,2.475629,3.3373601,1.8371066,4.0324511,2.2197515,2.8105147,1.5470515
2016-07-08,4.4926617,2.4730762,3.3339452,1.8352122,4.0328833,2.2199717,2.810537,1.5470515
2016-07-11,4.5091836,2.4821161,3.3462059,1.8419205,4.0367713,2.2220627,2.8105994,1.5470515
2016-07-12,4.5266521,2.4917107,3.3591691,1.8490404,4.0367349,2.2220237,2.8106233,1.5470515
2016-07-13,4.5258198,2.4912328,3.3585514,1.8486858,4.037134,2.2222258,2.8106456,1.5470515
2016-07-14,4.5100645,2.4825392,3.3468596,1.8422344,4.0348731,2.2209624,2.8106695,1.5470515
2016-07-15,4.4909162,2.471978,3.3326499,1.8343972,4.0310168,2.2188209,2.8106933,1.5470515
2016-07-18,4.4942506,2.4737504,3.3351243,1.8357125,4.0321033,2.2193624,2.8107649,1.5470515
2016-07-19,4.5032399,2.4786766,3.3417952,1.8393681,4.033807,2.2202807,2.8107896,1.5470515
2016-07-20,4.506931,2.4806872,3.3445343,1.8408601,4.0373455,2.2222095,2.8108135,1.5470515
2016-07-21,4.4982147,2.4758679,3.338066,1.8372838,4.0326953,2.2196305,2.8108381,1.5470515
2016-07-22,4.5026498,2.478288,3.3413573,1.8390797,4.0348995,2.2208248,2.810862,1.5470515
2016-07-25,4.5052439,2.4796507,3.3437191,1.8403313,4.0366599,2.2217353,2.8105685,1.5468493
2016-07-26,4.5046828,2.4793201,3.3414888,1.8390876,4.0353455,2.2209924,2.8121177,1.5476884
2016-07-27,4.5182394,2.4867604,3.3427201,1.8397497,4.0370719,2.2219238,2.8195683,1.5517758
2016-07-28,4.5192656,2.4873041,3.3434167,1.8401175,4.0376874,2.2222437,2.819645,1.5518048
2016-07-29,4.5461973,2.5021097,3.3531628,1.8454688,4.0430387,2.2251736,2.8282482,1.556529
2016-08-01,4.5406258,2.4989877,3.3490533,1.8431662,4.041056,2.2240331,2.828311,1.556529
2016-08-02,4.5366159,2.496761,3.3460958,1.8415238,4.0397283,2.2232847,2.8283335,1.556529
2016-08-03,4.5362005,2.4965125,3.3457894,1.8413406,4.0392438,2.2230004,2.828356,1.556529
2016-08-04,4.5331342,2.4948058,3.3435278,1.8400818,4.0351412,2.2207255,2.8283776,1.556529
2016-08-05,4.561475,2.5103854,3.3644312,1.8515727,4.0549843,2.2316302,2.8283978,1.556529
2016-08-08,4.5589073,2.5089165,3.3625374,1.8504893,4.0527908,2.2303735,2.8284606,1.556529
2016-08-09,4.5458308,2.5016988,3.3528924,1.8451658,4.0425494,2.2247184,2.8284846,1.556529
2016-08-10,4.5425101,2.4998515,3.3504432,1.8438033,4.0374507,2.2218948,2.8285071,1.556529
2016-08-11,4.5309392,2.4934645,3.3419087,1.8390925,4.0313673,2.2185299,2.8285288,1.556529
2016-08-12,4.5500215,2.5039468,3.3559834,1.8468238,4.045148,2.2260966,2.8285505,1.556529
2016-08-15,4.5383242,2.497452,3.3473558,1.8420335,4.0362552,2.2211516,2.8286156,1.556529
2016-08-16,4.5311819,2.4935003,3.3420878,1.8391189,4.0312193,2.2183615,2.8286396,1.556529
2016-08-17,4.5311586,2.493469,3.3420706,1.8390958,4.0325868,2.2190976,2.8286605,1.556529
2016-08-18,4.5243394,2.489696,3.3370409,1.8363129,4.029953,2.21763,2.8286837,1.556529
2016-08-19,4.5414697,2.4991028,3.3496758,1.8432511,4.0375982,2.2218194,2.8287062,1.556529
2016-08-22,4.5358202,2.4959344,3.3455089,1.8409142,4.035135,2.220411,2.8287736,1.556529
2016-08-23,4.5322174,2.4939321,3.3428516,1.8394373,4.0335485,2.2195204,2.8287961,1.556529
2016-08-24,4.5268689,2.4909685,3.3389066,1.8372515,4.0311851,2.2182016,2.8288194,1.556529
2016-08-25,4.5229118,2.4887699,3.3365198,1.8359225,4.0297613,2.2173993,2.8281203,1.5561312
2016-08-26,4.4907361,2.4710424,3.320729,1.827217,4.0202437,2.2121422,2.8167127,1.5498402
2016-08-29,4.5210899,2.4876777,3.3325928,1.8336954,4.0274797,2.2160638,2.831515,1.5579428
2016-08-30,4.5217346,2.4880099,3.3327611,1.8337715,4.0275996,2.2161097,2.8316468,1.5580013
2016-08-31,4.5159547,2.4848071,3.3311367,1.8328611,4.0266362,2.2155596,2.8281603,1.5560689
2016-09-01,4.5165523,2.4851135,3.3317612,1.8331882,4.0270319,2.2157573,2.8281858,1.5560689
2016-09-02,4.5160224,2.4847994,3.3313703,1.8329565,4.026696,2.2155524,2.8282114,1.5560689
2016-09-06,4.5028464,2.4774626,3.3216507,1.8275444,4.0183379,2.210876,2.8283106,1.5560689
2016-09-07,4.5006108,2.4762109,3.3200016,1.826621,4.0163701,2.2097739,2.8283354,1.5560689
2016-09-08,4.5237087,2.4888961,3.3370403,1.8359785,4.0342868,2.2196109,2.8283617,1.5560689
2016-09-09,4.5399197,2.4977921,3.3489988,1.8425408,4.0476794,2.2269587,2.8283881,1.5560689
2016-09-12,4.5394042,2.4974387,3.3486186,1.8422801,4.0483194,2.2272486,2.8284671,1.5560689
2016-09-13,4.5376598,2.4964536,3.3473317,1.8415534,4.052296,2.2294138,2.8284958,1.5560689
2016-09-14,4.5501837,2.5033192,3.3565703,1.8466179,4.0560883,2.2314782,2.8285237,1.5560689
2016-09-15,4.5487978,2.5025341,3.355548,1.8460388,4.0569743,2.2319454,2.8285492,1.5560689
2016-09-16,4.5493374,2.5028111,3.3559461,1.8462431,4.0556974,2.2312252,2.8285717,1.5560689
2016-09-19,4.5468549,2.5013857,3.3541148,1.8451916,4.0549543,2.2307632,2.8286391,1.5560689
2016-09-20,4.5485871,2.502318,3.3553926,1.8458794,4.0552021,2.2308813,2.8286624,1.5560689
2016-09-21,4.5482488,2.5021114,3.355143,1.845727,4.055068,2.2307891,2.8286856,1.5560689
2016-09-22,4.5446372,2.5001095,3.3524788,1.8442502,4.0534703,2.2298967,2.8287027,1.5560689
2016-09-23,4.5395785,2.4973142,3.3487471,1.8421883,4.0512243,2.2286501,2.8287166,1.5560689
2016-09-26,4.5317362,2.4929631,3.3436312,1.8393467,4.0481596,2.2269313,2.8278817,1.5555866
2016-09-27,4.5422256,2.4987163,3.3424265,1.8386714,4.0474443,2.2265225,2.8385716,1.5614563
2016-09-28,4.5396214,2.497266,3.3429108,1.8389247,4.0477519,2.2266759,2.8352053,1.5595934
2016-09-29,4.5494898,2.5026761,3.3483797,1.8419195,4.0510779,2.228489,2.8388811,1.5616039
2016-09-30,4.5227778,2.487964,3.3389312,1.8367089,4.0453766,2.2253369,2.824089,1.5534559
2016-10-03,4.5124551,2.4822283,3.3280804,1.8306977,4.0388499,2.2216953,2.824154,1.5534559
2016-10-04,4.5036561,2.4773663,3.3191834,1.8257876,4.0335628,2.2187675,2.8241787,1.5534559
2016-10-05,4.5076576,2.4795451,3.3220352,1.8273398,4.0342962,2.2191509,2.8242043,1.5534559
2016-10-06,4.5167317,2.4845148,3.3287226,1.8310023,4.0365694,2.2203819,2.824229,1.5534559
2016-10-07,4.512558,2.4821972,3.3256467,1.8292943,4.0354959,2.2197719,2.8242538,1.5534559
2016-10-11,4.5278027,2.4904957,3.3368817,1.83541,4.039581,2.2219411,2.8243528,1.5534559
2016-10-12,4.5242948,2.4885423,3.3342964,1.8339704,4.0371587,2.2205875,2.8243799,1.5534559
2016-10-13,4.5243733,2.4885609,3.3343543,1.8339841,4.0368031,2.22037,2.8244078,1.5534559
2016-10-14,4.5080293,2.4795514,3.3223092,1.8273445,4.0342727,2.2189605,2.8244302,1.5534559
2016-10-17,4.5199967,2.4860706,3.3311288,1.8321489,4.0371865,2.2205067,2.8245022,1.5534559
2016-10-18,4.5270854,2.4899464,3.3363531,1.8350052,4.0390721,2.2215231,2.8245285,1.5534559
2016-10-19,4.5234653,2.4879321,3.3336851,1.8335207,4.037732,2.2207654,2.8245548,1.5534559
2016-10-20,4.5305876,2.4918262,3.3389341,1.8363906,4.0412638,2.2226871,2.8245811,1.5534559
2016-10-21,4.5263251,2.4894586,3.3357927,1.8346457,4.0393665,2.2216229,2.8246074,1.5534559
2016-10-24,4.5325582,2.4928193,3.3403864,1.8371224,4.0421567,2.2230972,2.824684,1.5534559
2016-10-25,4.5362113,2.4948059,3.3435818,1.8388632,4.0444695,2.2243492,2.8237209,1.5529122
2016-10-26,4.5342565,2.4937075,3.3472097,1.8408413,4.0466837,2.2255461,2.8160197,1.5486625
2016-10-27,4.5167373,2.48405,3.3490338,1.8418279,4.0477902,2.2261346,2.7926642,1.5358042
2016-10-28,4.5152943,2.4832367,3.3510108,1.8429005,4.0490178,2.226792,2.7889775,1.5337645
2016-10-31,4.5245408,2.4882627,3.3531526,1.8440344,4.0503637,2.2274791,2.7963925,1.5378057
2016-11-01,4.528601,2.4904724,3.357738,1.846539,4.0531958,2.2290159,2.7964185,1.5378057
2016-11-02,4.5330294,2.4928839,3.3610215,1.848327,4.0550253,2.2300007,2.7964453,1.5378057
2016-11-03,4.5333078,2.4930124,3.3612278,1.8484222,4.0556715,2.230334,2.7964729,1.5378057
2016-11-04,4.5206996,2.4860534,3.3518794,1.8432626,4.0454481,2.2246893,2.7965013,1.5378057
2016-11-07,4.5351177,2.4939068,3.3625698,1.8490854,4.0570305,2.230991,2.7965863,1.5378057
2016-11-08,4.5500434,2.5020865,3.3736365,1.8551502,4.0689594,2.2375258,2.7966177,1.5378057
2016-11-09,4.5975657,2.5281897,3.4088719,1.8745042,4.1177447,2.2643265,2.7966507,1.5378057
2016-11-10,4.5829694,2.5201328,3.3980495,1.8685304,4.108623,2.2592832,2.7966844,1.5378057
2016-11-14,4.5475779,2.5005415,3.3718084,1.8540046,4.0846343,2.2459758,2.7968284,1.5378057
2016-11-15,4.550261,2.5019799,3.3737978,1.8550711,4.087658,2.2476052,2.7968698,1.5378057
2016-11-16,4.5547047,2.504389,3.3770926,1.8568573,4.0918612,2.2498855,2.7969081,1.5378057
2016-11-17,4.5434816,2.4981865,3.3687712,1.8522585,4.0820921,2.2444857,2.7969434,1.5378057
2016-11-18,4.5534787,2.5036538,3.3761836,1.8563122,4.0920231,2.2499197,2.7969763,1.5378057
2016-11-21,4.5521689,2.5028452,3.3752124,1.8557127,4.0909988,2.2492769,2.7970752,1.5378057
2016-11-22,4.5528817,2.5032055,3.3757409,1.8559798,4.0898957,2.2486421,2.7971104,1.5378057
2016-11-23,4.5436245,2.4980829,3.3689413,1.852217,4.0844412,2.2456136,2.7962946,1.537337
2016-11-25,4.5441199,2.4982869,3.3686095,1.8519838,4.084331,2.2454915,2.7967605,1.537551
2016-11-28,4.5562013,2.5048305,3.377211,1.8566397,4.0903679,2.2487219,2.8111186,1.5453838
2016-11-29,4.5645372,2.5093803,3.382176,1.8593448,4.0938793,2.2506228,2.8182231,1.5492691
2016-11-30,4.5495136,2.501088,3.3737654,1.8546966,4.087625,2.2471548,2.7935576,1.5356894
2016-12-01,4.5475845,2.4999946,3.3673983,1.851172,4.0837947,2.2450196,2.7935944,1.5356894
2016-12-02,4.5476431,2.4999946,3.3674417,1.851172,4.0838473,2.2450196,2.7936303,1.5356894
2016-12-05,4.5471062,2.4996008,3.3670442,1.8508804,4.0835526,2.244769,2.7937406,1.5356894
2016-12-06,4.5450287,2.4984252,3.3655058,1.8500099,4.0825007,2.2441606,2.7937781,1.5356894
2016-12-07,4.5293181,2.4897555,3.3538724,1.8435903,4.069951,2.2372319,2.7938156,1.5356894
2016-12-08,4.5460956,2.4989433,3.3662958,1.8503935,4.0843415,2.2451111,2.7938546,1.5356894
2016-12-09,4.5653333,2.5094838,3.380541,1.8581985,4.0994417,2.2533807,2.7938929,1.5356894
2016-12-12,4.5677626,2.5107099,3.3823398,1.8591063,4.1014545,2.2543889,2.7940146,1.5356894
2016-12-13,4.5643695,2.5088097,3.3798273,1.8576993,4.0987644,2.2528788,2.7940536,1.5356894
2016-12-14,4.5517504,2.5018365,3.3704831,1.8525359,4.0941403,2.2503038,2.794095,1.5356894
2016-12-15,4.5440404,2.4975617,3.364774,1.8493705,4.0920093,2.2490993,2.7941363,1.5356894
2016-12-16,4.5443871,2.4977181,3.3650307,1.8494863,4.0926235,2.249406,2.7941746,1.5356894
2016-12-19,4.5546563,2.5032597,3.3726348,1.8535897,4.0952472,2.2507557,2.7942894,1.5356894
2016-12-20,4.5545007,2.5031385,3.3725196,1.8535,4.0956879,2.2509658,2.7943292,1.5356894
2016-12-21,4.5437879,2.4972151,3.364587,1.8491139,4.0908507,2.2482752,2.794369,1.5356894
2016-12-22,4.5461571,2.4984823,3.3663413,1.8500522,4.0921281,2.2489458,2.7944081,1.5356894
2016-12-23,4.5451392,2.4978886,3.3655876,1.8496126,4.0914846,2.2485614,2.7936441,1.5352485
2016-12-27,4.559782,2.5057964,3.3764304,1.855468,4.0985228,2.2523037,2.788207,1.5321747
2016-12-28,4.5531203,2.5021004,3.3714974,1.8527313,4.0945501,2.2500891,2.8076959,1.5428629
2016-12-29,4.5667122,2.509534,3.381562,1.8582357,4.100204,2.253164,2.8144012,1.5465255
2016-12-30,4.5793995,2.5164744,3.3909567,1.8633748,4.1064467,2.2565661,2.8268217,1.5533311
2017-01-03,4.5751111,2.51398,3.3877813,1.8615278,4.1043936,2.2553143,2.8269766,1.5533311
2017-01-04,4.5710021,2.5116856,3.3847386,1.8598288,4.1026095,2.2543012,2.8270176,1.5533311
2017-01-05,4.5779092,2.5154452,3.3898532,1.8626127,4.1048425,2.255496,2.8270579,1.5533311
2017-01-06,4.5829776,2.518195,3.3936062,1.8646488,4.1084746,2.2574603,2.8270974,1.5533311
2017-01-09,4.5750904,2.5137536,3.3877659,1.8613601,4.105135,2.2555288,2.8272182,1.5533311
2017-01-10,4.5746939,2.5135013,3.3874723,1.8611733,4.1047827,2.2553043,2.827257,1.5533311
2017-01-11,4.5731743,2.5126312,3.3863471,1.8605291,4.1046251,2.2551863,2.8272965,1.5533311
2017-01-12,4.5831267,2.5180642,3.3937166,1.864552,4.1071187,2.2565248,2.827336,1.5533311
2017-01-13,4.576771,2.5145371,3.3890104,1.8619403,4.1049533,2.2553035,2.8273755,1.5533311
2017-01-17,4.5999568,2.5271324,3.406179,1.8712667,4.1113159,2.2586707,2.8275366,1.5533311
2017-01-18,4.5779498,2.5150048,3.3898832,1.8622866,4.1072462,2.2564015,2.8275784,1.5533311
2017-01-19,4.5752476,2.5134844,3.3878823,1.8611608,4.1091363,2.2574077,2.8276187,1.5533311
2017-01-20,4.564487,2.5075378,3.3799143,1.8567575,4.1039561,2.2545304,2.8276582,1.5533311
2017-01-23,4.5405833,2.4943051,3.3622141,1.8469591,4.092679,2.2482444,2.8277721,1.5533311
2017-01-24,4.5618201,2.5059364,3.3779395,1.8555718,4.1029439,2.2538518,2.8278116,1.5533311
2017-01-25,4.5696805,2.51022,3.3842649,1.859021,4.1068135,2.2559466,2.8271379,1.5529398
2017-01-26,4.5768593,2.5141298,3.385698,1.8597832,4.1077106,2.2564091,2.8330582,1.5561709
2017-01-27,4.5829722,2.5174532,3.3858953,1.8598661,4.1078584,2.2564594,2.8389948,1.5594105
2017-01-30,4.5843679,2.5181144,3.3865634,1.8601552,4.1083498,2.2566348,2.8396396,1.5596994
2017-01-31,4.6034727,2.5285731,3.3929669,1.8636465,4.1122627,2.2587525,2.850629,1.5657136
2017-02-01,4.6025758,2.5280445,3.391843,1.8630026,4.1114963,2.2582994,2.8506696,1.5657136
2017-02-02,4.6015399,2.5274409,3.3910796,1.8625578,4.1109232,2.2579536,2.8507087,1.5657136
2017-02-03,4.6050893,2.5293551,3.3936954,1.8639685,4.1138337,2.2595207,2.8507485,1.5657136
2017-02-06,4.5877801,2.519744,3.3809394,1.8568857,4.1001682,2.2519221,2.8508657,1.5657136
2017-02-07,4.5821825,2.5166331,3.3768143,1.8545932,4.0954017,2.2492715,2.8509071,1.5657136
2017-02-08,4.5733413,2.5117408,3.3702988,1.8509879,4.0857661,2.2439468,2.8509485,1.5657136
2017-02-09,4.5653705,2.5073266,3.3644248,1.8477349,4.0819613,2.2418246,2.8509898,1.5657136
2017-02-10,4.564605,2.5068698,3.3638606,1.8473982,4.081788,2.2416968,2.8510312,1.5657136
2017-02-13,4.5593719,2.5038845,3.3600041,1.8451983,4.0776807,2.2393417,2.8511578,1.5657136
2017-02-14,4.5513492,2.499443,3.3540919,1.8419252,4.0704013,2.2353121,2.8511984,1.5657136
2017-02-15,4.5508595,2.4991371,3.353731,1.8416998,4.0673587,2.2336082,2.8512406,1.5657136
2017-02-16,4.5326679,2.4891108,3.3403248,1.834311,4.0611123,2.2301455,2.851282,1.5657136
2017-02-17,4.5240132,2.4843225,3.3339467,1.8307824,4.0572238,2.2279784,2.8513226,1.5657136
2017-02-21,4.5260177,2.4852817,3.3354239,1.8314893,4.0582516,2.2284158,2.8514851,1.5657136
2017-02-22,4.5227096,2.4834292,3.3333321,1.8303141,4.0570085,2.2277008,2.8507155,1.5652683
2017-02-23,4.5379478,2.4917611,3.3393894,1.833614,4.0607236,2.229709,2.8639413,1.572508
2017-02-24,4.5781836,2.5138195,3.3591686,1.8444489,4.0727777,2.2362967,2.8870967,1.5852
2017-02-27,4.5437453,2.4948045,3.3397945,1.8337336,4.0611182,2.2298009,2.8713035,1.5764621
2017-02-28,4.5375565,2.4913723,3.3347477,1.8309376,4.0580776,2.2281009,2.8707132,1.5761164
2017-03-01,4.5302458,2.4873222,3.3248927,1.8255001,4.0519817,2.2247216,2.8707549,1.5761164
2017-03-02,4.5334045,2.4890142,3.327211,1.8267419,4.0550341,2.2263597,2.8708037,1.5761164
2017-03-03,4.5307794,2.4875279,3.3252843,1.8256511,4.0542435,2.2258854,2.8708556,1.5761164
2017-03-06,4.5341571,2.4892392,3.3277633,1.8269071,4.055097,2.2262259,2.8710207,1.5761164
2017-03-07,4.5405963,2.4927245,3.3324893,1.829465,4.0591816,2.2284238,2.8710782,1.5761164
2017-03-08,4.5473191,2.4963641,3.3374234,1.8321362,4.0632493,2.2306111,2.8711372,1.5761164
2017-03-09,4.5478189,2.4965892,3.3377902,1.8323014,4.0627173,2.230275,2.8711938,1.5761164
2017-03-10,4.5524571,2.4990862,3.3411943,1.834134,4.063903,2.230882,2.8712504,1.5761164
2017-03-13,4.5445761,2.4946099,3.3354102,1.8308488,4.0618891,2.2296426,2.8714227,1.5761164
2017-03-14,4.5489015,2.4969309,3.3385847,1.8325522,4.062941,2.2301723,2.8714841,1.5761164
2017-03-15,4.5581582,2.5019593,3.3453785,1.8362426,4.064477,2.2309684,2.8715446,1.5761164
2017-03-16,4.5560971,2.5007786,3.3438658,1.8353761,4.0642172,2.2307818,2.8716013,1.5761164
2017-03-17,4.556187,2.5007786,3.3439318,1.8353761,4.0642974,2.2307818,2.8716579,1.5761164
2017-03-20,4.5560883,2.5005765,3.3438594,1.8352278,4.0643737,2.2306917,2.8718279,1.5761164
2017-03-21,4.5513681,2.4979344,3.340395,1.8332887,4.06231,2.2295132,2.8718869,1.5761164
2017-03-22,4.5498521,2.4970504,3.3392824,1.8326399,4.0616758,2.2291187,2.8719467,1.5761164
2017-03-23,4.549343,2.496719,3.3389088,1.8323967,4.0614908,2.2289708,2.8720065,1.5761164
2017-03-24,4.54577,2.4947068,3.3362864,1.8309199,4.0599376,2.2280726,2.8720655,1.5761164
2017-03-27,4.5430118,2.4930352,3.3348511,1.8300163,4.0591927,2.2275228,2.8714196,1.5756622
2017-03-28,4.5350356,2.4886056,3.3386144,1.8320428,4.0615259,2.2287561,2.8584343,1.5685034
2017-03-29,4.5501234,2.4968325,3.3429019,1.8343569,4.0641767,2.2301637,2.8685384,1.5740147
2017-03-30,4.5296345,2.4855368,3.3351158,1.8300457,4.0594865,2.227543,2.8588661,1.5686741
2017-03-31,4.544326,2.493546,3.3414765,1.8334974,4.0634005,2.2296437,2.8648518,1.5719254
2017-04-03,4.5602793,2.5021461,3.3542264,1.8403803,4.0712779,2.2338287,2.8650284,1.5719254
2017-04-04,4.5598434,2.5018534,3.3539045,1.8401644,4.0712134,2.2337456,2.8650896,1.5719254
2017-04-05,4.5553092,2.4993122,3.3505695,1.8382953,4.0700478,2.2330583,2.8651509,1.5719254
2017-04-06,4.5578543,2.5006545,3.3524414,1.8392825,4.0708617,2.2334565,2.8652129,1.5719254
2017-04-07,4.5727219,2.5087581,3.363377,1.8452429,4.0757831,2.2361089,2.8652741,1.5719254
2017-04-10,4.5692535,2.5066882,3.3608259,1.8437204,4.0752047,2.2356427,2.8654649,1.5719254
2017-04-11,4.563285,2.5033583,3.3564359,1.8412712,4.0769387,2.2365444,2.8655285,1.5719254
2017-04-12,4.567597,2.5056683,3.3596075,1.8429703,4.0780866,2.2371245,2.865592,1.5719254
2017-04-13,4.5820666,2.513551,3.3702504,1.8487682,4.0819479,2.2391936,2.8656549,1.5719254
2017-04-17,4.5739566,2.5088818,3.3642852,1.8453339,4.0803077,2.2380975,2.8659061,1.5719254
2017-04-18,4.6036392,2.5251068,3.3861177,1.8572677,4.0875063,2.2419958,2.8659705,1.5719254
2017-04-19,4.6000019,2.5230557,3.3834423,1.855759,4.0882698,2.2423648,2.8660341,1.5719254
2017-04-20,4.6061353,2.5263645,3.3879536,1.8581927,4.0918734,2.2442922,2.8660969,1.5719254
2017-04-21,4.602465,2.5242974,3.385254,1.8566723,4.0900609,2.2432501,2.8661581,1.5719254
2017-04-24,4.614919,2.5309661,3.3955246,1.8621863,4.097218,2.2470317,2.8654018,1.5714099
2017-04-25,4.5936754,2.51926,3.4107592,1.8705005,4.1078632,2.2528206,2.8394184,1.5571259
2017-04-26,4.6081347,2.5271339,3.4078909,1.868886,4.1038519,2.2505707,2.8508068,1.5633367
2017-04-27,4.6221182,2.5347458,3.4090968,1.8695053,4.1029773,2.2500406,2.8585129,1.5675275
2017-04-28,4.6271762,2.537464,3.4092715,1.8695602,4.1031035,2.2500605,2.8615571,1.5691625
2017-05-01,4.6205412,2.5336607,3.4043829,1.866758,4.1015344,2.2490539,2.8617429,1.5691625
2017-05-02,4.6294934,2.5385127,3.4109788,1.8703328,4.1039143,2.2503084,2.8618072,1.5691625
2017-05-03,4.6263976,2.5367588,3.4086979,1.8690406,4.1019046,2.2491565,2.8618707,1.5691625
2017-05-04,4.6286563,2.5379389,3.410362,1.8699101,4.1041339,2.2503271,2.8619365,1.5691625
2017-05-05,4.6278003,2.5374112,3.4097314,1.8695213,4.1030973,2.2497069,2.8620024,1.5691625
2017-05-08,4.6366832,2.5420981,3.4162762,1.8729745,4.1107305,2.2537294,2.8622094,1.5691625
2017-05-09,4.6456474,2.5469501,3.422881,1.8765494,4.117737,2.2575152,2.86228,1.5691625
2017-05-10,4.6436812,2.5458094,3.4214323,1.8757089,4.1153451,2.2561482,2.8623506,1.5691625
2017-05-11,4.6472316,2.5476937,3.4240482,1.8770973,4.1178427,2.2574624,2.8624204,1.5691625
2017-05-12,4.6718257,2.5611159,3.442169,1.8869865,4.1359259,2.2673221,2.8624886,1.5691625
2017-05-15,4.6682146,2.5589553,3.4395083,1.8853946,4.1326211,2.2653501,2.8626909,1.5691625
2017-05-16,4.6720612,2.5610014,3.4423424,1.8869022,4.135722,2.2669947,2.8627607,1.5691625
2017-05-17,4.694205,2.5730772,3.4586579,1.8957994,4.1577971,2.2790399,2.8628305,1.5691625
2017-05-18,4.6994561,2.5758928,3.4625269,1.8978739,4.1606707,2.2805594,2.8629003,1.5691625
2017-05-19,4.7036421,2.578123,3.465611,1.899517,4.1627882,2.2816632,2.8629717,1.5691625
2017-05-22,4.7076131,2.5801089,3.4685369,1.9009802,4.1648903,2.2826466,2.8631835,1.5691625
2017-05-23,4.7202874,2.5869902,3.4778752,1.9060503,4.171431,2.2861739,2.8632557,1.5691625
2017-05-24,4.712776,2.582809,3.4725292,1.9030729,4.1675948,2.2840144,2.8623983,1.5686535
2017-05-25,4.7117005,2.5821546,3.4709499,1.9021594,4.1663513,2.2832753,2.8663369,1.5707724
2017-05-26,4.7116568,2.5820655,3.4702298,1.9017168,4.1659826,2.2830157,2.8665599,1.570855
2017-05-30,4.730646,2.5922116,3.4805849,1.9071998,4.1733822,2.2868406,2.882352,1.5793506
2017-05-31,4.730488,2.5920596,3.4814692,1.9076362,4.1739756,2.2871081,2.8816367,1.5789188
2017-06-01,4.7301657,2.5918149,3.4804293,1.9070163,4.1734175,2.2867422,2.8817125,1.5789188
2017-06-02,4.7375196,2.5957762,3.4860505,1.9100461,4.178196,2.2893004,2.8817883,1.5789188
2017-06-05,4.7371241,2.5953546,3.4857595,1.9097359,4.1780245,2.2890257,2.8820157,1.5789188
2017-06-06,4.7259964,2.5891905,3.4775713,1.9052002,4.1703693,2.2847721,2.8820907,1.5789188
2017-06-07,4.741545,2.5976409,3.4890125,1.9114182,4.1819987,2.2910832,2.8821665,1.5789188
2017-06-08,4.7478337,2.6010164,3.49364,1.913902,4.1861585,2.2933007,2.8822439,1.5789188
2017-06-09,4.757204,2.6060792,3.5005351,1.9176274,4.1923243,2.2966163,2.8823221,1.5789188
2017-06-12,4.7558998,2.6051527,3.4995754,1.9169456,4.1916849,2.2960791,2.8825566,1.5789188
2017-06-13,4.756228,2.6052632,3.4998169,1.917027,4.1924616,2.2964435,2.8826332,1.5789188
2017-06-14,4.7705621,2.6130442,3.5103645,1.9227524,4.1955224,2.2980578,2.8827114,1.5789188
2017-06-15,4.7700457,2.6126904,3.5099845,1.9224921,4.1953075,2.2978778,2.8827896,1.5789188
2017-06-16,4.7711041,2.6131986,3.5107633,1.9228661,4.1958169,2.2980938,2.8828685,1.5789188
2017-06-19,4.7642542,2.6092299,3.5057229,1.9199458,4.1938953,2.2968506,2.8831079,1.5789188
2017-06-20,4.7681391,2.6112853,3.5085816,1.9214582,4.1944573,2.2970948,2.8831876,1.5789188
2017-06-21,4.7695042,2.6119613,3.509586,1.9219556,4.1949281,2.2972897,2.8832666,1.5789188
2017-06-22,4.7621703,2.6078756,3.5041894,1.9189492,4.1898638,2.2944553,2.8833433,1.5789188
2017-06-23,4.7635096,2.6085419,3.505175,1.9194395,4.1905036,2.2947466,2.8834175,1.5789188
2017-06-26,4.7658532,2.6096216,3.5074871,1.9205558,4.1910374,2.2948597,2.8825936,1.5783444
2017-06-27,4.7426382,2.5968398,3.5100248,1.9218937,4.1989621,2.2991374,2.8535621,1.562406
2017-06-28,4.7470911,2.5992075,3.5188919,1.9266968,4.2048795,2.3023151,2.8496577,1.5602258
2017-06-29,4.7163532,2.5823062,3.5083905,1.9208941,4.1939658,2.2962764,2.8292924,1.5490328
2017-06-30,4.6941406,2.5700721,3.504491,1.9187054,4.1879552,2.2929213,2.8121711,1.5396156
2017-07-03,4.6847459,2.5647151,3.4954396,1.9135905,4.1781638,2.2873701,2.8124045,1.5396156
2017-07-05,4.6839041,2.5641081,3.4948116,1.9131376,4.1799188,2.2882005,2.8125648,1.5396156
2017-07-06,4.6910028,2.5679218,3.5001081,1.9159831,4.1778811,2.2870205,2.8126441,1.5396156
2017-07-07,4.6986765,2.5720507,3.5058337,1.9190638,4.1791616,2.2876575,2.8127227,1.5396156
2017-07-10,4.6953016,2.5699855,3.5033156,1.9175229,4.1783415,2.287015,2.8129609,1.5396156
2017-07-11,4.6877835,2.565798,3.4977061,1.9143985,4.1759656,2.28565,2.8130402,1.5396156
2017-07-12,4.6840025,2.5636561,3.4948849,1.9128003,4.1776479,2.2865062,2.8131196,1.5396156
2017-07-13,4.6815342,2.5622328,3.4930433,1.9117384,4.176302,2.2857051,2.813199,1.5396156
2017-07-14,4.6883572,2.5658948,3.4981341,1.9144707,4.1780426,2.2865932,2.8132784,1.5396156
2017-07-17,4.6974759,2.5706702,3.5049379,1.9180337,4.1803873,2.2876847,2.8135142,1.5396156
2017-07-18,4.7112612,2.5781402,3.5152236,1.9236073,4.182924,2.2890071,2.8135952,1.5396156
2017-07-19,4.7130969,2.5790706,3.5165932,1.9243015,4.1838866,2.289468,2.8136761,1.5396156
2017-07-20,4.7151222,2.5801018,3.5181043,1.9250709,4.1839395,2.2894286,2.8137601,1.5396156
2017-07-21,4.7104439,2.577462,3.5146137,1.9231013,4.1811612,2.2878374,2.8138473,1.5396156
2017-07-24,4.7154809,2.5799767,3.518372,1.9249775,4.1840712,2.2892154,2.8141109,1.5396156
2017-07-25,4.7304705,2.5880966,3.5302369,1.9314084,4.1931999,2.2941378,2.8136551,1.5393178
2017-07-26,4.7409885,2.5937689,3.5269871,1.929569,4.18982,2.2922157,2.8225473,1.5441336
2017-07-27,4.730316,2.5878512,3.5267505,1.9293809,4.1903502,2.2924361,2.8161572,1.5405909
2017-07-28,4.7429895,2.5947073,3.5323308,1.9323761,4.1942829,2.2945191,2.8206874,1.5430231
2017-07-31,4.741403,2.5936133,3.5307062,1.931319,4.193265,2.2937623,2.8206355,1.5428603
2017-08-01,4.7484149,2.5973743,3.5397313,1.9362002,4.1997852,2.297263,2.8207166,1.5428603
2017-08-02,4.748805,2.5975122,3.5388458,1.9356597,4.1988832,2.2967029,2.8207986,1.5428603
2017-08-03,4.7386806,2.5918989,3.5333241,1.9325832,4.1940929,2.294016,2.8208805,1.5428603
2017-08-04,4.7527296,2.599508,3.5437995,1.9382567,4.2046841,2.2997424,2.8209624,1.5428603
2017-08-07,4.7531053,2.599487,3.5440796,1.938241,4.2041935,2.2992737,2.8212082,1.5428603
2017-08-08,4.7622651,2.6044246,3.5509095,1.9419226,4.21187,2.3034083,2.8212862,1.5428603
2017-08-09,4.7531826,2.5993833,3.5441372,1.9381637,4.2009548,2.2973733,2.8213666,1.5428603
2017-08-10,4.7561739,2.6009451,3.5463676,1.9393282,4.2026141,2.2982153,2.821447,1.5428603
2017-08-11,4.7709799,2.6089685,3.5574076,1.9453106,4.2099835,2.3021804,2.8215266,1.5428603
2017-08-14,4.7529194,2.5988756,3.543941,1.9377852,4.1986595,2.2957969,2.8217609,1.5428603
2017-08-15,4.7331186,2.5879767,3.5291768,1.9296587,4.1841926,2.287823,2.8218389,1.5428603
2017-08-16,4.7444813,2.5941173,3.5376492,1.9342372,4.1942375,2.2932514,2.8219178,1.5428603
2017-08-17,4.7492766,2.5966682,3.5412249,1.9361392,4.1984768,2.2955064,2.8219951,1.5428603
2017-08-18,4.7494042,2.5966682,3.5413199,1.9361392,4.1985895,2.2955064,2.8220709,1.5428603
2017-08-21,4.7488808,2.5961686,3.5409297,1.9357667,4.1984458,2.2952392,2.8223028,1.5428603
2017-08-22,4.756839,2.6004489,3.5468636,1.9389582,4.2024997,2.2973932,2.8223794,1.5428603
2017-08-23,4.748785,2.5959754,3.5408583,1.9356227,4.1932178,2.2922567,2.8224559,1.5428603
2017-08-24,4.7538435,2.598671,3.5446301,1.9376326,4.1979084,2.2947593,2.8225317,1.5428603
2017-08-25,4.7567642,2.6001964,3.5468078,1.93877,4.1984784,2.295008,2.8215081,1.5422585
2017-08-28,4.7460826,2.5941416,3.5388432,1.9342554,4.1917985,2.2911661,2.826608,1.5449181
2017-08-29,4.7521026,2.5973632,3.543332,1.9366574,4.1915103,2.2909477,2.8400959,1.552249
2017-08-30,4.7495246,2.5958822,3.5414098,1.9355532,4.1892382,2.2896424,2.831456,1.5474839
2017-08-31,4.7526741,2.5975317,3.5437581,1.9367831,4.1929792,2.2916237,2.8438656,1.5542234
2017-09-01,4.744249,2.5928566,3.537476,1.9332973,4.184389,2.2868667,2.8439428,1.5542234
2017-09-05,4.7665284,2.6047488,3.5540883,1.9421643,4.1993624,2.2947994,2.8442544,1.5542234
2017-09-06,4.7713016,2.6072851,3.5576474,1.9440555,4.2022688,2.2963241,2.8443331,1.5542234
2017-09-07,4.7522394,2.5967935,3.543434,1.9362327,4.181559,2.2849412,2.844415,1.5542234
2017-09-08,4.7557369,2.5986314,3.5460418,1.9376031,4.1855722,2.2870697,2.8444952,1.5542234
2017-09-11,4.7827775,2.6131891,3.5662043,1.9484576,4.2140865,2.3024587,2.8447337,1.5542234
2017-09-12,4.7882034,2.6160792,3.57025,1.9506126,4.2209626,2.3061499,2.8448148,1.5542234
2017-09-13,4.7806974,2.6119051,3.5646532,1.9475003,4.2196243,2.3053543,2.8448943,1.5542234
2017-09-14,4.778464,2.6106119,3.562988,1.946536,4.2182024,2.304513,2.8449738,1.5542234
2017-09-15,4.7724778,2.6072678,3.5585245,1.9440426,4.2155986,2.3030255,2.845054,1.5542234
2017-09-18,4.7637027,2.6022531,3.5519814,1.9403035,4.2138564,2.3018787,2.8452949,1.5542234
2017-09-19,4.7608461,2.6006185,3.5498514,1.9390847,4.2134133,2.3015711,2.845376,1.5542234
2017-09-20,4.7660767,2.6034024,3.5537516,1.9411604,4.2160759,2.3029606,2.8454563,1.5542234
2017-09-21,4.7656839,2.6031151,3.5534587,1.9409462,4.2158943,2.302797,2.8455358,1.5542234
2017-09-22,4.7638572,2.6020445,3.5520966,1.940148,4.2148658,2.3021709,2.8456153,1.5542234
2017-09-25,4.7513543,2.5949994,3.543107,1.9350768,4.2088692,2.2987044,2.8448082,1.5536535
2017-09-26,4.7530501,2.5958516,3.5469049,1.9370959,4.211332,2.299984,2.8367047,1.5491837
2017-09-27,4.7524674,2.5954587,3.5551201,1.9415268,4.2170111,2.3030195,2.807952,1.5334367
2017-09-28,4.7563011,2.5974777,3.55854,1.9433386,4.2196046,2.3043696,2.8081904,1.5335228
2017-09-29,4.740988,2.589041,3.549449,1.9383186,4.2124675,2.3004063,2.7992098,1.5285749
2017-10-02,4.7348769,2.5854825,3.5443425,1.9353643,4.2085344,2.2980618,2.7994491,1.5285749
2017-10-03,4.7427002,2.5896835,3.5507295,1.9387989,4.2139428,2.3009521,2.7995258,1.5285749
2017-10-04,4.7420055,2.5892297,3.5502094,1.9384591,4.2138419,2.3008308,2.7996063,1.5285749
2017-10-05,4.7471302,2.5919527,3.5540462,1.9404977,4.2137122,2.3006931,2.7996876,1.5285749
2017-10-06,4.7595208,2.5986435,3.5633227,1.9455069,4.2175182,2.3027051,2.7997682,1.5285749
2017-10-10,4.7470351,2.5915274,3.5539749,1.9401793,4.2146271,2.3008616,2.8000903,1.5285749
2017-10-11,4.7491934,2.5926304,3.5555908,1.9410051,4.2159234,2.3015025,2.8001717,1.5285749
2017-10-12,4.7484313,2.5921376,3.5550202,1.9406362,4.2159384,2.3014425,2.8002545,1.5285749
2017-10-13,4.7693777,2.6034962,3.5707022,1.9491399,4.2205671,2.3039018,2.8003366,1.5285749
2017-10-16,4.757169,2.5966027,3.5615619,1.943979,4.2166606,2.3015668,2.8005829,1.5285749
2017-10-17,4.7584395,2.5972187,3.5625131,1.9444402,4.2162847,2.3012928,2.8006665,1.5285749
2017-10-18,4.7436873,2.5890906,3.5514685,1.938355,4.2141264,2.3000474,2.8007486,1.5285749
2017-10-19,4.7431086,2.5886988,3.5510353,1.9380617,4.2130707,2.2994037,2.8008307,1.5285749
2017-10-20,4.7681284,2.6022776,3.5697669,1.9482276,4.224245,2.3054344,2.8009136,1.5285749
2017-10-23,4.7583451,2.5967051,3.5624424,1.9440556,4.2201005,2.3029659,2.8011645,1.5285749
2017-10-24,4.7763237,2.6064394,3.5759025,1.9513434,4.2283212,2.307384,2.8012474,1.5285749
2017-10-25,4.7773421,2.6069166,3.577773,1.9523053,4.2301569,2.3083162,2.8002814,1.5280017
2017-10-26,4.7658442,2.6005639,3.5779358,1.9523353,4.2308781,2.3086401,2.7921484,1.5235178
2017-10-27,4.8033736,2.6209648,3.5881737,1.9578634,4.2345826,2.3105926,2.809173,1.5327616
2017-10-30,4.8460652,2.6440268,3.5970255,1.9625196,4.2381116,2.3123131,2.8310691,1.5445727
2017-10-31,4.8349712,2.6378942,3.594228,1.9609341,4.2372792,2.3117893,2.8260002,1.5417606
2017-11-01,4.8364733,2.638632,3.5953251,1.961472,4.2377858,2.3119941,2.8260877,1.5417606
2017-11-02,4.8324428,2.6363493,3.592329,1.959775,4.234467,2.3101099,2.8261775,1.5417606
2017-11-03,4.8302003,2.6350428,3.590662,1.9588039,4.2320516,2.3087194,2.8262666,1.5417606
2017-11-06,4.8224551,2.6305663,3.5849044,1.9554762,4.2258175,2.3050984,2.826536,1.5417606
2017-11-07,4.8186206,2.6283903,3.5820539,1.9538586,4.221892,2.3028833,2.8266266,1.5417606
2017-11-08,4.8170428,2.6274432,3.5808809,1.9531546,4.222384,2.3030759,2.8267195,1.5417606
2017-11-09,4.8226524,2.6304159,3.585051,1.9553644,4.2253266,2.3046046,2.8268133,1.5417606
2017-11-10,4.7906981,2.6128992,3.5612969,1.942343,4.2011317,2.291331,2.8269077,1.5417606
2017-11-13,4.7869977,2.6106211,3.5585461,1.9406496,4.2005954,2.2908107,2.8271889,1.5417606
2017-11-14,4.7974165,2.6162158,3.5662912,1.9448085,4.2089678,2.2953,2.8272834,1.5417606
2017-11-15,4.8175967,2.627132,3.5812927,1.9529232,4.2266727,2.3048771,2.8273794,1.5417606
2017-11-16,4.8104428,2.6231423,3.5759747,1.9499574,4.2203963,2.3013768,2.8274747,1.5417606
2017-11-17,4.8096187,2.622603,3.575362,1.9495565,4.2200893,2.3011306,2.8275715,1.5417606
2017-11-20,4.8236092,2.6299602,3.5857623,1.9550256,4.2264985,2.3043871,2.8278644,1.5417606
2017-11-21,4.8251786,2.6307237,3.586929,1.9555932,4.2280108,2.3051308,2.8279635,1.5417606
2017-11-22,4.8099727,2.622341,3.5756252,1.9493618,4.2173246,2.2992238,2.8280627,1.5417606
2017-11-24,4.8138233,2.6242578,3.5784876,1.9507867,4.2199179,2.3004777,2.8271775,1.5411707
2017-11-27,4.8060932,2.619772,3.5727413,1.947452,4.214817,2.2974587,2.836554,1.5461225
2017-11-28,4.7992012,2.6159255,3.5676179,1.9445927,4.2115369,2.295592,2.8281125,1.5414684
2017-11-29,4.7876991,2.6095643,3.5590675,1.9398639,4.2029607,2.2908369,2.8153894,1.5344795
2017-11-30,4.7815207,2.6061059,3.5544746,1.9372931,4.1956131,2.2867524,2.7931017,1.5222787
2017-12-01,4.7868578,2.6089256,3.5584421,1.9393892,4.2016493,2.289964,2.7931974,1.5222787
2017-12-04,4.7797864,2.6048035,3.5531854,1.9363249,4.1973004,2.2873585,2.7934844,1.5222787
2017-12-05,4.7800679,2.6048655,3.5533947,1.9363711,4.1968735,2.2870456,2.7935823,1.5222787
2017-12-06,4.7664814,2.5973703,3.5432947,1.9307993,4.1871808,2.2816835,2.7936803,1.5222787
2017-12-07,4.7816736,2.6055578,3.5545883,1.9368857,4.2005911,2.288911,2.7937783,1.5222787
2017-12-08,4.7850028,2.6072813,3.5570632,1.9381668,4.2035815,2.2904609,2.7938755,1.5222787
2017-12-11,4.792282,2.6109776,3.5624743,1.9409145,4.207508,2.2923632,2.7941648,1.5222787
2017-12-12,4.7943158,2.611992,3.5639862,1.9416686,4.2100646,2.2936738,2.7942651,1.5222787
2017-12-13,4.8092724,2.620046,3.5751046,1.9476557,4.2144006,2.2959531,2.7943661,1.5222787
2017-12-14,4.8105057,2.620626,3.5760214,1.9480869,4.2139904,2.2956491,2.7944641,1.5222787
2017-12-15,4.8095014,2.6199856,3.5752749,1.9476108,4.2128628,2.2949531,2.7945637,1.5222787
2017-12-18,4.8015538,2.6153783,3.5693668,1.9441859,4.2121725,2.2943337,2.79486,1.5222787
2017-12-19,4.8013436,2.6151663,3.5692105,1.9440283,4.2142003,2.2953528,2.7949641,1.5222787
2017-12-20,4.805237,2.6171903,3.5721048,1.9455329,4.2156048,2.2960329,2.7950675,1.5222787
2017-12-21,4.8086952,2.6189762,3.5746755,1.9468605,4.2168049,2.2966009,2.7951716,1.5222787
2017-12-22,4.8147674,2.622188,3.5791895,1.949248,4.219906,2.2982062,2.7941104,1.5216452
2017-12-26,4.8129726,2.620834,3.5778553,1.9482415,4.2185946,2.297162,2.7998284,1.5245408
2017-12-27,4.8145698,2.6215997,3.5790426,1.9488107,4.2176065,2.2965328,2.8234507,1.5373428
2017-12-28,4.8074919,2.6176436,3.573781,1.9458699,4.2132555,2.2940743,2.8189945,1.5348566
2017-12-29,4.8166933,2.6225555,3.5806212,1.9495212,4.2214367,2.2984427,2.8322091,1.541994
2018-01-02,4.8045095,2.615528,3.571564,1.9442972,4.2096719,2.291692,2.8326343,1.541994
2018-01-03,4.800373,2.6131744,3.568489,1.9425476,4.2104894,2.292048,2.8327445,1.541994
2018-01-04,4.8020271,2.6139753,3.5697187,1.943143,4.212115,2.2928456,2.8328524,1.541994
2018-01-05,4.8068484,2.6165002,3.5733027,1.9450199,4.2133977,2.2934565,2.8329603,1.541994
2018-01-08,4.8106161,2.6182564,3.5761035,1.9463254,4.2152575,2.2942106,2.8332793,1.541994
2018-01-09,4.8308859,2.629186,3.5911716,1.9544501,4.2202186,2.2968208,2.8333903,1.541994
2018-01-10,4.8328104,2.6301312,3.5926023,1.9551527,4.2214117,2.2973808,2.8335005,1.541994
2018-01-11,4.8360577,2.6317976,3.5950162,1.9563914,4.2213776,2.2972742,2.8336092,1.541994
2018-01-12,4.8361763,2.6317604,3.5951044,1.9563638,4.2194303,2.2961257,2.8337187,1.541994
2018-01-16,4.8425371,2.6348152,3.5998328,1.9586346,4.2208856,2.2965628,2.8341565,1.541994
2018-01-17,4.8286603,2.6271616,3.5895171,1.9529452,4.2183075,2.2950701,2.8342676,1.541994
2018-01-18,4.8187543,2.6216698,3.5821533,1.9488628,4.2206153,2.2962364,2.8343778,1.541994
2018-01-19,4.8252722,2.6251132,3.5869985,1.9514225,4.224561,2.2982931,2.8344889,1.541994
2018-01-22,4.8319506,2.6284401,3.5919631,1.9538956,4.2285504,2.3001953,2.8348197,1.541994
2018-01-23,4.8165863,2.6199794,3.5805416,1.9476062,4.2207371,2.295855,2.8349308,1.541994
2018-01-24,4.8167852,2.6199857,3.5806895,1.9476109,4.2187065,2.2946611,2.8350411,1.541994
2018-01-25,4.8140295,2.6183855,3.579239,1.9467467,4.2196264,2.2950728,2.8345633,1.5416746
2018-01-26,4.7873635,2.6037813,3.5662681,1.9396171,4.2096015,2.2895322,2.8277266,1.5378971
2018-01-29,4.7740603,2.5962483,3.5656792,1.9390753,4.2111311,2.2901026,2.8189917,1.5329708
2018-01-30,4.7576174,2.5872046,3.5605227,1.9361951,4.2071561,2.2878511,2.812222,1.5292294
2018-01-31,4.7604682,2.5886542,3.5606005,1.9361621,4.2071092,2.2877366,2.8141626,1.5302251
2018-02-01,4.7712594,2.5944201,3.5680074,1.9401134,4.2177426,2.2934286,2.8142737,1.5302251
2018-02-02,4.7920321,2.6056117,3.5835415,1.9484825,4.2361519,2.303347,2.8143862,1.5302251
2018-02-05,4.7631919,2.5896175,3.5619745,1.936522,4.2153682,2.2917698,2.8147239,1.5302251
2018-02-06,4.7751999,2.5960402,3.5709542,1.9413249,4.2233325,2.2960062,2.8148389,1.5302251
2018-02-07,4.7854141,2.6014865,3.5785925,1.9453976,4.2323663,2.300823,2.8149545,1.5302251
2018-02-08,4.7885627,2.6030891,3.5809471,1.9465961,4.2351509,2.3022404,2.8150725,1.5302251
2018-02-09,4.8058286,2.6123659,3.5938587,1.9535332,4.2504215,2.310445,2.8151905,1.5302251
2018-02-12,4.7930198,2.6050747,3.5842801,1.9480809,4.239093,2.3039965,2.8155445,1.5302251
2018-02-13,4.8022493,2.6099761,3.5911821,1.9517462,4.2473759,2.3083968,2.8156687,1.5302251
2018-02-14,4.8043484,2.6110047,3.5927518,1.9525154,4.244293,2.3066219,2.8157899,1.5302251
2018-02-15,4.8078955,2.6128209,3.5954044,1.9538735,4.2487723,2.3089577,2.8159102,1.5302251
2018-02-16,4.8022543,2.6096435,3.5911858,1.9514975,4.2473446,2.3080831,2.8160306,1.5302251
2018-02-20,4.8081827,2.6124104,3.5956192,1.9535666,4.2518905,2.3101513,2.8165212,1.5302251
2018-02-21,4.821858,2.6197232,3.6058457,1.9590351,4.2556663,2.312099,2.8166478,1.5302251
2018-02-22,4.8243062,2.620937,3.60783,1.9600262,4.2609778,2.3148821,2.8156953,1.5296397
2018-02-23,4.8419779,2.630422,3.6194638,1.96626,4.2690203,2.3191493,2.8332604,1.5391146
2018-02-26,4.8565329,2.637981,3.6290618,1.9712139,4.2793051,2.3244296,2.8428426,1.5441163
2018-02-27,4.8263117,2.6214461,3.6071405,1.9592177,4.2583007,2.3129154,2.8257221,1.5347473
2018-02-28,4.8366152,2.6269248,3.613354,1.9625045,4.2623114,2.3149899,2.8379392,1.5413139
2018-03-01,4.8394618,2.6283536,3.6207,1.9664066,4.2653716,2.3165486,2.838066,1.5413139
2018-03-02,4.839674,2.6283536,3.6208587,1.9664066,4.2655586,2.3165486,2.8381904,1.5413139
2018-03-05,4.8394783,2.6278973,3.6207122,1.9660653,4.2647861,2.3158206,2.8385683,1.5413139
2018-03-06,4.8409477,2.628575,3.6218116,1.9665723,4.267529,2.3172041,2.8386981,1.5413139
2018-03-07,4.8439215,2.6300709,3.6240365,1.9676915,4.2699391,2.318408,2.8388265,1.5413139
2018-03-08,4.8363794,2.625857,3.6183938,1.9645388,4.262259,2.3141332,2.8389548,1.5413139
2018-03-09,4.852189,2.6343226,3.6302219,1.9708724,4.2807123,2.3240482,2.8390824,1.5413139
2018-03-12,4.8379596,2.6262422,3.619576,1.964827,4.2646149,2.3149955,2.8394651,1.5413139
2018-03-13,4.8417646,2.6281868,3.6224228,1.9662819,4.2750432,2.3205498,2.8395957,1.5413139
2018-03-14,4.8539586,2.6346835,3.6315459,1.9711424,4.2825918,2.3245392,2.839728,1.5413139
2018-03-15,4.8509944,2.6329497,3.6293282,1.9698452,4.2786027,2.3222637,2.8398626,1.5413139
2018-03-16,4.8388706,2.6262438,3.6202576,1.9648282,4.2669566,2.315832,2.839998,1.5413139
2018-03-19,4.835868,2.6242364,3.6180112,1.9633264,4.2629814,2.3133414,2.8404065,1.5413139
2018-03-20,4.8344188,2.6233227,3.616927,1.9626428,4.2661088,2.3149264,2.8405442,1.5413139
2018-03-21,4.8310492,2.6213663,3.614406,1.9611791,4.2605307,2.3117866,2.8406827,1.5413139
2018-03-22,4.8145194,2.6122743,3.602039,1.9543769,4.2463828,2.3040015,2.8408158,1.5413139
2018-03-23,4.8076391,2.6084202,3.5976839,1.9519234,4.2410496,2.3010012,2.8399241,1.5407587
2018-03-26,4.8088784,2.608726,3.607583,1.9570199,4.2548082,2.3081426,2.8284987,1.5343435
2018-03-27,4.8280299,2.6189895,3.6046208,1.9553186,4.2555784,2.3084491,2.857349,1.5499196
2018-03-28,4.8322359,2.6211463,3.6031081,1.9544048,4.2519483,2.3063699,2.8617441,1.5522298
2018-03-29,4.8539644,2.6328103,3.6112172,1.9587124,4.2599745,2.3106161,2.873399,1.5584792
2018-04-02,4.8599811,2.6355833,3.6173374,1.961667,4.2670297,2.3140124,2.8739344,1.5584792
2018-04-03,4.8435115,2.6265262,3.6028095,1.9536951,4.2515605,2.3055131,2.8740714,1.5584792
2018-04-04,4.8440503,2.6266946,3.6032103,1.9538204,4.2525845,2.3059597,2.8742068,1.5584792
2018-04-05,4.8502976,2.6299613,3.6078573,1.9562503,4.2629121,2.3114537,2.8743391,1.5584792
2018-04-06,4.8232572,2.6151775,3.5877435,1.9452536,4.236357,2.2969479,2.8744722,1.5584792
2018-04-09,4.8315756,2.6193224,3.5939311,1.9483367,4.2464144,2.3020801,2.8748738,1.5584792
2018-04-10,4.837277,2.6222891,3.598172,1.9505434,4.2525026,2.3052715,2.8750101,1.5584792
2018-04-11,4.8306744,2.618587,3.5932607,1.9477896,4.247962,2.3027021,2.8751448,1.5584792
2018-04-12,4.8266795,2.6162995,3.5902892,1.9460881,4.2382936,2.2973538,2.8752787,1.5584792
2018-04-13,4.8283536,2.6170836,3.5915344,1.9466714,4.2361642,2.2960914,2.8754142,1.5584792
2018-04-16,4.8264772,2.6156944,3.5901387,1.9456381,4.2335899,2.2943695,2.875823,1.5584792
2018-04-17,4.8321623,2.6186493,3.5943675,1.947836,4.2371521,2.2961894,2.8759617,1.5584792
2018-04-18,4.8166977,2.6101418,3.5828643,1.9415078,4.2270727,2.2906159,2.8761012,1.5584792
2018-04-19,4.818132,2.6107917,3.5839311,1.9419913,4.2278199,2.2909091,2.8762414,1.5584792
2018-04-20,4.8305964,2.6174177,3.5932027,1.9469199,4.2351202,2.2947525,2.8763825,1.5584792
2018-04-23,4.8436398,2.6241022,3.6029049,1.9518921,4.2440748,2.2992687,2.8768033,1.5584792
2018-04-24,4.84119,2.6226427,3.6016111,1.9510927,4.2412198,2.2976061,2.8759597,1.5579436
2018-04-25,4.8326335,2.6178752,3.6027597,1.9516166,4.2404396,2.2970676,2.8644083,1.5516076
2018-04-26,4.8429633,2.6233404,3.6022248,1.9512295,4.2411281,2.297326,2.8765102,1.5580856
2018-04-27,4.861869,2.6334526,3.605304,1.9528018,4.2437882,2.2986543,2.8926452,1.5667489
2018-04-30,4.8677718,2.6362646,3.6075058,1.9537087,4.2461089,2.299575,2.8964988,1.5686069
2018-05-01,4.8629834,2.6335384,3.6032413,1.9513007,4.2411247,2.2967598,2.8966448,1.5686069
2018-05-02,4.8632069,2.6335281,3.6034069,1.9512931,4.2390031,2.2954963,2.8967893,1.5686069
2018-05-03,4.857892,2.6305194,3.5994688,1.9490638,4.2279248,2.2893834,2.8969329,1.5686069
2018-05-04,4.8603672,2.63173,3.6013029,1.9499608,4.2320248,2.2914906,2.8970758,1.5686069
2018-05-07,4.8614783,2.6319423,3.6021261,1.950118,4.2333336,2.2918602,2.8975044,1.5686069
2018-05-08,4.8672663,2.6349439,3.6064148,1.952342,4.2434035,2.297197,2.8976497,1.5686069
2018-05-09,4.8725276,2.6376593,3.6103132,1.954354,4.2539538,2.3027927,2.8977957,1.5686069
2018-05-10,4.8688486,2.635534,3.6075871,1.9527793,4.2476466,2.2992617,2.8979426,1.5686069
2018-05-11,4.8725753,2.637417,3.6103485,1.9541745,4.2537461,2.3024462,2.8980903,1.5686069
2018-05-14,4.8624542,2.6315311,3.6028492,1.9498134,4.2366241,2.2928227,2.8985381,1.5686069
2018-05-15,4.8287625,2.6131604,3.5778852,1.9362018,4.1839933,2.26422,2.898689,1.5686069
2018-05-16,4.8250739,2.611029,3.5751522,1.9346225,4.1778553,2.2607812,2.8988391,1.5686069
2018-05-17,4.8159418,2.6059528,3.5683857,1.9308613,4.1646946,2.253543,2.8989884,1.5686069
2018-05-18,4.8052977,2.6000589,3.560499,1.9264943,4.1514563,2.2462636,2.8991377,1.5686069
2018-05-21,4.8119519,2.6032598,3.5654294,1.9288659,4.1559025,2.2483241,2.8995833,1.5686069
2018-05-22,4.813048,2.6037172,3.5662416,1.9292049,4.1566221,2.2485964,2.8997342,1.5686069
2018-05-23,4.8169593,2.6056976,3.5691397,1.9306722,4.1493671,2.2445546,2.8998852,1.5686069
2018-05-24,4.8237921,2.6092595,3.5742296,1.9333262,4.1536231,2.2467412,2.8989365,1.5680129
2018-05-25,4.8374273,2.6165013,3.5837847,1.9383955,4.1701127,2.2555455,2.92124,1.5799964
2018-05-29,4.9026423,2.651242,3.630617,1.963331,4.2376434,2.291612,2.9938905,1.6189684
2018-05-30,4.8664489,2.6315313,3.6042946,1.9489944,4.2015435,2.2719708,2.962215,1.6017554
2018-05-31,4.8662063,2.6312631,3.6041053,1.9487906,4.200955,2.2715343,2.965898,1.6036635
2018-06-01,4.8655821,2.6307894,3.6014759,1.947268,4.1947439,2.2680582,2.9660516,1.6036635
2018-06-04,4.8656301,2.6304088,3.6015115,1.9469863,4.1941786,2.2674021,2.9665099,1.6036635
2018-06-05,4.8597496,2.6270921,3.5971588,1.9445313,4.1839073,2.2617307,2.9666651,1.6036635
2018-06-06,4.8795757,2.6376723,3.6118339,1.9523626,4.2157818,2.2788431,2.9668204,1.6036635
2018-06-07,4.8640471,2.6291402,3.6003398,1.9460473,4.1904671,2.2650399,2.9669756,1.6036635
2018-06-08,4.864134,2.6290503,3.6004041,1.9459808,4.1904042,2.264888,2.9671301,1.6036635
2018-06-11,4.8746345,2.6343174,3.6081765,1.9498794,4.2073093,2.2736733,2.967591,1.6036635
2018-06-12,4.8722259,2.6328779,3.6063937,1.9488139,4.2034942,2.2714926,2.9677463,1.6036635
2018-06-13,4.8676009,2.6302423,3.6029703,1.946863,4.1969113,2.2678177,2.9679,1.6036635
2018-06-14,4.8756966,2.63448,3.6089627,1.9499997,4.2056145,2.2724024,2.9680545,1.6036635
2018-06-15,4.8774392,2.6352844,3.6102525,1.9505951,4.2078377,2.2734854,2.968209,1.6036635
2018-06-18,4.8795099,2.6359916,3.6117852,1.9511186,4.2102707,2.2744449,2.9686725,1.6036635
2018-06-19,4.8813914,2.6368702,3.6131779,1.9517689,4.2117473,2.2751235,2.9688278,1.6036635
2018-06-20,4.8842338,2.6382676,3.6152818,1.9528032,4.216645,2.2776502,2.9689832,1.6036635
2018-06-21,4.8799377,2.6358097,3.6121019,1.9509839,4.2166413,2.2775296,2.9691377,1.6036635
2018-06-22,4.8799336,2.6356702,3.6120988,1.9508807,4.2166377,2.2774091,2.9692923,1.6036635
2018-06-25,4.8699934,2.6298921,3.6050378,1.946764,4.2117289,2.2744041,2.9688054,1.6031515
2018-06-26,4.8674185,2.6283647,3.6042657,1.9462457,4.2080618,2.2723054,2.9652851,1.601167
2018-06-27,4.8649359,2.6268873,3.5965165,1.94196,4.2109373,2.2737399,2.9845244,1.6114724
2018-06-28,4.8629961,2.6257038,3.5961954,1.941686,4.211368,2.2738547,2.9809736,1.6094716
2018-06-29,4.8615435,2.6247836,3.5965707,1.9417881,4.2117987,2.2739695,2.9764781,1.6069612
2018-07-02,4.8501364,2.618217,3.5878096,1.9367564,4.2009002,2.2677321,2.9769405,1.6069612
2018-07-03,4.8639082,2.6255115,3.5986021,1.9424789,4.2101975,2.2726298,2.9770995,1.6069612
2018-07-05,4.862337,2.6243843,3.5971771,1.9415032,4.2114191,2.2730477,2.977416,1.6069612
2018-07-06,4.8598472,2.6229024,3.5955049,1.9404985,4.2081307,2.2711532,2.9775726,1.6069612
2018-07-09,4.8701051,2.6280226,3.6029047,1.9441844,4.215555,2.2747999,2.978045,1.6069612
2018-07-10,4.8742804,2.6301353,3.6057104,1.9455945,4.2173977,2.2756727,2.9782041,1.6069612
2018-07-11,4.8710143,2.6282324,3.6032944,1.9441869,4.217776,2.2757552,2.9783632,1.6069612
2018-07-12,4.8691223,2.6270726,3.6018948,1.943329,4.214974,2.2741231,2.9785207,1.6069612
2018-07-13,4.8769617,2.6311626,3.6076939,1.9463545,4.2241376,2.2789463,2.978679,1.6069612
2018-07-16,4.8707818,2.6274089,3.6031224,1.9435778,4.2181682,2.2753623,2.9791539,1.6069612
2018-07-17,4.8644454,2.6238484,3.5984351,1.9409439,4.2098565,2.2707555,2.9793155,1.6069612
2018-07-18,4.8548715,2.618542,3.5913529,1.9370186,4.200703,2.265695,2.9794772,1.6069612
2018-07-19,4.8545951,2.6182523,3.5911484,1.9368043,4.2021728,2.266366,2.9796371,1.6069612
2018-07-20,4.8643323,2.6233633,3.5983514,1.9405851,4.2055275,2.2680536,2.9797971,1.6069612
2018-07-23,4.8886689,2.6360677,3.6163542,1.949983,4.2200745,2.2755354,2.9802747,1.6069612
2018-07-24,4.8849051,2.6338967,3.61357,1.948377,4.2165557,2.2735158,2.9804348,1.6069612
2018-07-25,4.8764753,2.6292085,3.6078472,1.9451856,4.209411,2.2695401,2.9796223,1.6064359
2018-07-26,4.8648055,2.6227747,3.6073337,1.9448038,4.2029737,2.2659469,2.9643533,1.5981171
2018-07-27,4.8773956,2.6294223,3.6125167,1.9474942,4.2099519,2.269588,2.9723775,1.6023577
2018-07-30,4.8727136,2.6264746,3.6132265,1.9475631,4.2120716,2.2703651,2.9654682,1.5983748
2018-07-31,4.8779136,2.6291329,3.612981,1.9473235,4.2103883,2.2693327,2.9725237,1.6020897
2018-08-01,4.8751301,2.6274893,3.6103434,1.9457957,4.2083731,2.2681228,2.9726858,1.6020897
2018-08-02,4.8724383,2.6258952,3.6083499,1.9446152,4.201343,2.2642103,2.9728478,1.6020897
2018-08-03,4.8622707,2.6202732,3.6008202,1.9404518,4.1835808,2.254515,2.9730091,1.6020897
2018-08-06,4.8590118,2.6180927,3.5984067,1.938837,4.1772954,2.2507627,2.9734905,1.6020897
2018-08-07,4.8725267,2.6252298,3.6084153,1.9441224,4.2003543,2.2630625,2.973655,1.6020897
2018-08-08,4.8677849,2.6225298,3.6049038,1.9421229,4.1921433,2.2585134,2.9738196,1.6020897
2018-08-09,4.8701069,2.6236356,3.6066234,1.9429418,4.1952628,2.260069,2.9739842,1.6020897
2018-08-10,4.8956951,2.6372753,3.625573,1.9530428,4.2378329,2.2828772,2.9741488,1.6020897
2018-08-13,4.8924983,2.6351175,3.6232056,1.9514448,4.2315582,2.27912,2.9746401,1.6020897
2018-08-14,4.8850274,2.6309471,3.617673,1.9483564,4.2190795,2.2722722,2.9748056,1.6020897
2018-08-15,4.8938193,2.6355352,3.6241839,1.9517541,4.2340304,2.2801973,2.9749718,1.6020897
2018-08-16,4.8937311,2.6353411,3.6241186,1.9516104,4.2336422,2.2798615,2.9751373,1.6020897
2018-08-17,4.8940033,2.6353411,3.6243201,1.9516104,4.2338777,2.2798615,2.9753027,1.6020897
2018-08-20,4.8944226,2.6351315,3.6246307,1.9514552,4.2339622,2.2795303,2.9757943,1.6020897
2018-08-21,4.895776,2.6357136,3.625633,1.9518863,4.2364615,2.2807491,2.9759598,1.6020897
2018-08-22,4.8897564,2.6323256,3.6211751,1.9493772,4.2340475,2.2793221,2.9761261,1.6020897
2018-08-23,4.8955385,2.6352904,3.6254571,1.9515729,4.2365561,2.2805445,2.9762933,1.6020897
2018-08-24,4.898702,2.636846,3.6277998,1.9527249,4.2415148,2.2830863,2.9764596,1.6020897
2018-08-27,4.9103819,2.6426888,3.6369806,1.9573375,4.2502185,2.2873866,2.9757279,1.6014259
2018-08-28,4.9072428,2.6408488,3.6428558,1.9603879,4.2506606,2.2874942,2.9612445,1.5935402
2018-08-29,4.9032842,2.6385672,3.6426408,1.96016,4.2511005,2.2875999,2.9566367,1.5909694
2018-08-30,4.9262635,2.6507818,3.653299,1.9657831,4.2589366,2.2916857,2.9716169,1.5989391
2018-08-31,4.9307011,2.6530193,3.6584921,1.9684659,4.2643128,2.2944486,2.9706743,1.5983412
2018-09-04,4.9165003,2.6447766,3.6455306,1.9610454,4.2546434,2.2887254,2.9713482,1.5983412
2018-09-05,4.9149244,2.6437774,3.6443621,1.9603045,4.2510194,2.2866449,2.9715183,1.5983412
2018-09-06,4.9106881,2.6413465,3.6412209,1.9585021,4.2474061,2.2845697,2.9716893,1.5983412
2018-09-07,4.9488349,2.6617136,3.6695063,1.9736038,4.2729206,2.2981625,2.9718594,1.5983412
2018-09-10,4.9450327,2.6592092,3.666687,1.9717468,4.2729615,2.2977878,2.9723724,1.5983412
2018-09-11,4.9715502,2.6733153,3.6863495,1.9822063,4.2894423,2.3065175,2.9725442,1.5983412
2018-09-12,4.967328,2.6708904,3.6832188,1.9804082,4.2936108,2.3086257,2.9727161,1.5983412
2018-09-13,4.964499,2.6692142,3.6811211,1.9791653,4.2904237,2.3067779,2.9728887,1.5983412
2018-09-14,4.9527284,2.6627313,3.6723933,1.9743584,4.2835732,2.3029614,2.9730606,1.5983412
2018-09-17,4.9541231,2.6630171,3.6734275,1.9745704,4.2850698,2.3033647,2.9735786,1.5983412
2018-09-18,4.9238895,2.6466101,3.6510096,1.9624049,4.2727426,2.296604,2.9737521,1.5983412
2018-09-19,4.9164571,2.6424607,3.6454986,1.9593282,4.2800498,2.3003976,2.9739257,1.5983412
2018-09-20,4.9196909,2.6440453,3.6478964,1.9605031,4.2797162,2.3000847,2.9740984,1.5983412
2018-09-21,4.9176968,2.6428193,3.6464178,1.9595941,4.2761095,2.2980121,2.974272,1.5983412
2018-09-24,4.9211003,2.6441835,3.649526,1.9609198,4.2812867,2.3003901,2.9741382,1.5979882
2018-09-25,4.9219563,2.6444855,3.6551575,1.9638285,4.2941023,2.3071387,2.9691406,1.5952076
2018-09-26,4.9354828,2.6515959,3.6550089,1.9636319,4.2933536,2.3065993,2.9798943,1.6008903
2018-09-27,4.9352626,2.6513207,3.654792,1.9633992,4.2924437,2.305974,2.9801446,1.6009301
2018-09-28,4.9442577,2.6559975,3.6598727,1.9660135,4.3008064,2.3103314,2.982373,1.6020333
2018-10-01,4.9368104,2.6515276,3.6541763,1.9626061,4.2882056,2.3031541,2.9829001,1.6020333
2018-10-02,4.943656,2.6550452,3.6592433,1.9652097,4.3010485,2.3099137,2.983079,1.6020333
2018-10-03,4.9598323,2.6635736,3.6712168,1.9715223,4.2904623,2.3040898,2.983258,1.6020333
2018-10-04,4.9760821,2.6721404,3.6832448,1.9778632,4.2854079,2.3012371,2.983437,1.6020333
2018-10-05,4.9979115,2.6837031,3.6994027,1.9864217,4.2922029,2.3047486,2.9836152,1.6020333
2018-10-09,4.9860923,2.6767155,3.6906543,1.9812496,4.2891949,2.3025828,2.984328,1.6020333
2018-10-10,4.987304,2.6772039,3.6915512,1.9816111,4.2863076,2.3008933,2.9845087,1.6020333
2018-10-11,4.9947172,2.6810197,3.6970383,1.9844355,4.305837,2.3112362,2.984691,1.6020333
2018-10-12,4.9957995,2.6814376,3.6978394,1.9847448,4.3084996,2.3125248,2.9848726,1.6020333
2018-10-15,4.9899648,2.6778145,3.6935207,1.9820631,4.3055932,2.310541,2.9854197,1.6020333
2018-10-16,4.9913699,2.6784019,3.6945607,1.9824979,4.3028037,2.3089003,2.9856053,1.6020333
2018-10-17,4.9769096,2.6704766,3.6838573,1.9766317,4.2913227,2.3025966,2.9857902,1.6020333
2018-10-18,4.9710588,2.6671712,3.6795266,1.9741851,4.2872385,2.300262,2.9859759,1.6020333
2018-10-19,4.9842854,2.6741019,3.6893168,1.9793151,4.3034125,2.3087969,2.9861616,1.6020333
2018-10-22,4.9827203,2.6727655,3.6881583,1.9783259,4.3002653,2.3066795,2.9867163,1.6020333
2018-10-23,4.9666184,2.6639599,3.6762399,1.9718082,4.2771617,2.2941413,2.9869045,1.6020333
2018-10-24,4.9449813,2.6521872,3.6602243,1.9630943,4.2270505,2.2671192,2.9870919,1.6020333
2018-10-25,4.9425476,2.6507155,3.6585304,1.9620626,4.2275783,2.26726,2.9861452,1.6014251
2018-10-26,4.9785952,2.6698817,3.6835763,1.9753716,4.2727718,2.2913552,3.0137355,1.6161208
2018-10-29,4.9802491,2.6702683,3.6847766,1.9756451,4.2742177,2.2917012,3.014643,1.6163047
2018-10-30,4.9607314,2.6596353,3.6731351,1.9692788,4.2554186,2.2814773,2.9966185,1.6065389
2018-10-31,4.9494107,2.6533989,3.6655109,1.9650677,4.2302325,2.267831,2.9821446,1.5986784
2018-11-01,4.9465923,2.6517215,3.664115,1.9641961,4.229236,2.2671545,2.9823317,1.5986784
2018-11-02,4.9737641,2.6661226,3.6844358,1.9749672,4.256624,2.2816953,2.9825172,1.5986784
2018-11-05,4.9656917,2.6612958,3.6784714,1.9714,4.2471254,2.2761761,2.9830761,1.5986784
2018-11-06,4.9667766,2.6617081,3.6792751,1.9717054,4.2445361,2.2746438,2.9832657,1.5986784
2018-11-07,4.9646047,2.6603757,3.6776662,1.9707184,4.2405554,2.2723666,2.9834545,1.5986784
2018-11-08,4.9615391,2.6585639,3.6753953,1.9693763,4.2350488,2.2692714,2.9836441,1.5986784
2018-11-09,4.9723362,2.6641818,3.6833936,1.9735378,4.2532143,2.278862,2.9838321,1.5986784
2018-11-13,4.9869296,2.6713265,3.694204,1.9788304,4.2771032,2.2910847,2.9845875,1.5986784
2018-11-14,4.9895752,2.6725724,3.6961638,1.9797533,4.281367,2.2932218,2.9847788,1.5986784
2018-11-15,4.9888066,2.6719902,3.6955945,1.979322,4.2797748,2.2922226,2.9849694,1.5986784
2018-11-16,4.98859,2.6717043,3.695434,1.9791102,4.2794268,2.2918905,2.9851591,1.5986784
2018-11-19,4.984414,2.6689605,3.6923405,1.9770777,4.2747906,2.2889724,2.9857259,1.5986784
2018-11-20,4.9862526,2.6697739,3.6937025,1.9776803,4.2749133,2.2888913,2.9859173,1.5986784
2018-11-21,4.9924846,2.6729395,3.698319,1.9800253,4.2799841,2.2914596,2.9861087,1.5986784
2018-11-23,4.9909202,2.6717563,3.6971602,1.9791488,4.2802345,2.2912974,2.9864949,1.5986784
2018-11-26,4.9994059,2.6757807,3.7040511,1.9824537,4.2867792,2.2943564,2.9859867,1.5980963
2018-11-27,5.0026064,2.6773199,3.7039695,1.9822813,4.2896964,2.2957688,2.990625,1.600475
2018-11-28,5.0088498,2.6804882,3.7098872,1.9853201,4.2950978,2.2985111,2.9909128,1.6005255
2018-11-29,5.0257442,2.6893566,3.7133934,1.9870687,4.2955298,2.2985943,3.0042924,1.6075823
2018-11-30,5.0368124,2.6951084,3.7169852,1.9888644,4.2984553,2.3000136,3.0122609,1.611744
2018-12-03,5.0357568,2.6940297,3.714394,1.9870987,4.2908904,2.2955272,3.0128353,1.611744
2018-12-04,5.0371713,2.6946137,3.7160613,1.9878632,4.2809909,2.2900841,3.0130284,1.611744
2018-12-06,5.0215762,2.6859198,3.7049276,1.9816481,4.2597591,2.2784276,3.0134214,1.611744
2018-12-07,5.0109326,2.6800531,3.6970747,1.9773197,4.2443709,2.2700496,3.0136162,1.611744
2018-12-10,5.0118577,2.6800302,3.6977573,1.9773029,4.2479995,2.2715518,3.0141983,1.611744
2018-12-11,5.0271068,2.6880105,3.7090081,1.9831906,4.2678824,2.2820364,3.014394,1.611744
2018-12-12,5.0333531,2.6911759,3.7136166,1.985526,4.270418,2.283244,3.0145897,1.611744
2018-12-13,5.0386255,2.6938186,3.7175066,1.9874758,4.277068,2.28665,3.0147871,1.611744
2018-12-14,5.0500925,2.6997736,3.725967,1.9918694,4.293376,2.2952197,3.0149837,1.611744
2018-12-17,5.0637863,2.7065684,3.7360703,1.9968825,4.3120269,2.3047433,3.015571,1.611744
2018-12-18,5.0726361,2.7111236,3.7425997,2.0002433,4.3300323,2.314218,3.015766,1.611744
2018-12-19,5.0775667,2.713585,3.7462375,2.0020593,4.3339401,2.3161582,3.0159593,1.611744
2018-12-20,5.0879084,2.7189372,3.7538676,2.0060081,4.3459372,2.3224206,3.0161535,1.611744
2018-12-21,5.0830293,2.7161555,3.7502678,2.0039558,4.3443669,2.3214326,3.0163469,1.611744
2018-12-24,5.0581436,2.7023352,3.732514,1.9940836,4.3175437,2.306653,3.0158469,1.6111669
2018-12-26,5.0444555,2.6946655,3.7398188,1.9977229,4.3481884,2.3227204,2.9862115,1.5951218
2018-12-27,5.0621913,2.7039632,3.7447386,2.0002201,4.3452988,2.3210247,3.0035403,1.6042738
2018-12-28,5.0992529,2.7235848,3.7598414,2.0081578,4.3692644,2.3336757,3.0253137,1.6157999
2018-12-31,5.1270252,2.7378923,3.7751854,2.0159652,4.3928627,2.3458291,3.0379815,1.6222535
2019-01-02,5.1328139,2.7406235,3.7772608,2.0168084,4.4023517,2.3505878,3.038381,1.6222535
2019-01-03,5.1295848,2.7387214,3.7885456,2.0227028,4.440129,2.370606,3.0385783,1.6222535
2019-01-04,5.1547851,2.7519989,3.794901,2.0259651,4.4292846,2.3646628,3.0387747,1.6222535
2019-01-07,5.1678177,2.7584206,3.8004386,2.0285268,4.4354913,2.3675158,3.0393667,1.6222535
2019-01-08,5.1824658,2.7660571,3.8053396,2.0310088,4.4407265,2.3701538,3.0395674,1.6222535
2019-01-09,5.1930079,2.7715012,3.8130804,2.0350062,4.4531503,2.3766283,3.0397681,1.6222535
2019-01-10,5.1974558,2.7736928,3.8163463,2.0366154,4.4566785,2.378355,3.0399679,1.6222535
2019-01-11,5.2104838,2.7804645,3.8259124,2.0415876,4.4710734,2.3858819,3.0401662,1.6222535
2019-01-14,5.2079816,2.7785854,3.8240751,2.0402078,4.4692312,2.3844322,3.0407609,1.6222535
2019-01-15,5.2028324,2.7756554,3.8202942,2.0380565,4.4648838,2.381956,3.0409608,1.6222535
2019-01-16,5.2031472,2.7756408,3.8205253,2.0380458,4.4651559,2.3819445,3.0411608,1.6222535
2019-01-17,5.2030461,2.7754059,3.8204511,2.0378733,4.4651016,2.3817602,3.0413591,1.6222535
2019-01-18,5.2026598,2.7750196,3.8201674,2.0375897,4.4644902,2.3812794,3.0415565,1.6222535
2019-01-22,5.1904201,2.7677735,3.8111802,2.0322691,4.4491783,2.3724964,3.0423432,1.6222535
2019-01-23,5.1948798,2.7699712,3.8144549,2.0338827,4.4528545,2.3743021,3.0425416,1.6222535
2019-01-24,5.180904,2.76234,3.8041928,2.0282795,4.4424144,2.3685818,3.0427383,1.6222535
2019-01-25,5.1977604,2.7711519,3.8169852,2.0349711,4.4569587,2.3761859,3.0424222,1.6219819
2019-01-28,5.1969591,2.7701917,3.8146675,2.033344,4.4543059,2.3743146,3.0451221,1.6231093
2019-01-29,5.2028308,2.7731417,3.8139537,2.0328315,4.4629158,2.3787498,3.0514727,1.6263889
2019-01-30,5.2130876,2.7784285,3.8181158,2.0349179,4.4738927,2.3844461,3.0557912,1.628585
2019-01-31,5.2275205,2.7859405,3.8173463,2.0343757,4.4912924,2.3935648,3.0699148,1.6360064
2019-02-01,5.2349607,2.7897255,3.8227794,2.0371396,4.4720797,2.3831709,3.0701133,1.6360064
2019-02-04,5.2431335,2.793542,3.8287476,2.0399265,4.4679116,2.3804894,3.0707063,1.6360064
2019-02-05,5.2337905,2.7883826,3.8219249,2.036159,4.4671705,2.37994,3.0709057,1.6360064
2019-02-06,5.2317281,2.7871028,3.8204189,2.0352245,4.4668099,2.3795933,3.0711051,1.6360064
2019-02-07,5.239144,2.7908725,3.8258343,2.0379772,4.4898574,2.3917169,3.0713045,1.6360064
2019-02-08,5.2529289,2.7980345,3.8359006,2.0432071,4.5129887,2.4038834,3.0715039,1.6360064
2019-02-11,5.2391943,2.7901712,3.825871,2.0374651,4.4887081,2.3904799,3.0721047,1.6360064
2019-02-12,5.2291095,2.784617,3.8185067,2.0334093,4.4712668,2.3810343,3.0723067,1.6360064
2019-02-13,5.2204735,2.7798366,3.8122003,2.0299184,4.4563396,2.37293,3.0725071,1.6360064
2019-02-14,5.2261431,2.7826735,3.8163405,2.0319901,4.4655425,2.3776751,3.0727083,1.6360064
2019-02-15,5.2257606,2.7822884,3.8160611,2.0317089,4.4649278,2.3771927,3.0729086,1.6360064
2019-02-19,5.2208616,2.7789544,3.8124837,2.0292743,4.4586992,2.3732565,3.0737101,1.6360064
2019-02-20,5.2211792,2.77894,3.8127156,2.0292637,4.4589693,2.3732436,3.073913,1.6360064
2019-02-21,5.2372846,2.7873293,3.8244765,2.0353898,4.4718264,2.3799306,3.0741152,1.6360064
2019-02-22,5.2181424,2.7769583,3.8109339,2.0280486,4.4557006,2.3711919,3.0732966,1.6354632
2019-02-25,5.2216841,2.7782931,3.8169527,2.0308499,4.4620404,2.374096,3.0658413,1.6311719
2019-02-26,5.2327858,2.7840157,3.8198337,2.0322482,4.473219,2.3798864,3.0782931,1.6376887
2019-02-27,5.205685,2.7694142,3.8087259,2.0262049,4.4627712,2.3741714,3.0581273,1.6268526
2019-02-28,5.1833316,2.7573401,3.7997064,2.0212734,4.4541132,2.3694092,3.0411693,1.6177244
2019-03-01,5.1682371,2.7491291,3.7886412,2.0152543,4.4418809,2.3627463,3.0413693,1.6177244
2019-03-04,5.1780416,2.7538043,3.7958285,2.0186815,4.4466905,2.3648405,3.0419667,1.6177244
2019-03-05,5.1776655,2.7534225,3.7955528,2.0184015,4.4463333,2.3644944,3.0421676,1.6177244
2019-03-06,5.1688674,2.748562,3.7891032,2.0148385,4.4316901,2.3565512,3.0423685,1.6177244
2019-03-07,5.1490217,2.7378274,3.774555,2.0069696,4.3986298,2.3388158,3.0425693,1.6177244
2019-03-08,5.1392344,2.7324433,3.7673804,2.0030228,4.3818698,2.3297505,3.0427694,1.6177244
2019-03-11,5.1509186,2.7381144,3.7759456,2.0071799,4.400554,2.3392231,3.0433721,1.6177244
2019-03-12,5.1459621,2.7352988,3.7723122,2.005116,4.3912198,2.3341068,3.0435731,1.6177244
2019-03-13,5.1494122,2.7369521,3.7748413,2.0063279,4.3970771,2.337066,3.043774,1.6177244
2019-03-14,5.1435162,2.7336383,3.7705192,2.0038988,4.3925666,2.334515,3.0439742,1.6177244
2019-03-15,5.1559363,2.7400596,3.7796239,2.0086059,4.4036221,2.3402372,3.0441743,1.6177244
2019-03-18,5.1532546,2.7380939,3.777658,2.0071649,4.3993446,2.3375023,3.0447748,1.6177244
2019-03-19,5.1506379,2.7365243,3.7757398,2.0060143,4.3978684,2.3365649,3.0449742,1.6177244
2019-03-20,5.1493858,2.7356783,3.774822,2.0053942,4.3929152,2.333779,3.0451752,1.6177244
2019-03-21,5.1493895,2.7354989,3.7748247,2.0052627,4.3931033,2.3337243,3.0453771,1.6177244
2019-03-22,5.1156438,2.7173902,3.750087,1.991988,4.3604257,2.3162097,3.0455799,1.6177244
2019-03-25,5.1083356,2.7129698,3.7458911,1.9893646,4.3547792,2.3127516,3.0452399,1.6172233
2019-03-26,5.1106877,2.7140399,3.7383265,1.9852159,4.3444491,2.3071127,3.0529928,1.6212338
2019-03-27,5.1216692,2.7196925,3.7370822,1.984424,4.3436522,2.3065372,3.0607706,1.6252571
2019-03-28,5.1199515,2.7186022,3.7358309,1.9836296,4.3395167,2.3041902,3.0609694,1.6252562
2019-03-29,5.0978173,2.7066721,3.7301017,1.9804582,4.3297631,2.298861,3.0526303,1.6207225
2019-04-01,5.0623228,2.6873036,3.7041302,1.9662864,4.2857791,2.2750639,3.0532199,1.6207225
2019-04-02,5.0700206,2.6912147,3.7097627,1.9691481,4.2948802,2.2797468,3.053419,1.6207225
2019-04-03,5.0630909,2.6873616,3.7046922,1.9663288,4.2894652,2.2767244,3.0536172,1.6207225
2019-04-04,5.0623623,2.6867989,3.7041591,1.9659171,4.2891588,2.2764127,3.0538172,1.6207225
2019-04-05,5.0606338,2.6857056,3.7028943,1.9651171,4.2898531,2.2766322,3.0540171,1.6207225
2019-04-08,5.0699684,2.6901319,3.7097245,1.9683559,4.2956815,2.2792781,3.0546171,1.6207225
2019-04-09,5.0660567,2.687881,3.7068623,1.9667089,4.2934244,2.2779319,3.0548162,1.6207225
2019-04-10,5.0633375,2.6862637,3.7048726,1.9655255,4.2982129,2.2803246,3.0550146,1.6207225
2019-04-11,5.0604331,2.6845477,3.7027475,1.9642699,4.2926661,2.2772331,3.0552138,1.6207225
2019-04-12,5.0374811,2.6721967,3.6859534,1.9552327,4.2739737,2.2671685,3.055413,1.6207225
2019-04-15,5.0416347,2.6738751,3.6889925,1.9564608,4.2762307,2.2679203,3.0560132,1.6207225
2019-04-16,5.0302434,2.6676592,3.6806574,1.9519127,4.2668983,2.2628229,3.0562125,1.6207225
2019-04-17,5.0284601,2.6665396,3.6793526,1.9510934,4.2648794,2.2616048,3.0564118,1.6207225
2019-04-18,5.022094,2.6629891,3.6746945,1.9484956,4.2601866,2.2589681,3.0566119,1.6207225
2019-04-22,5.0336624,2.6684316,3.6831592,1.9524779,4.2662149,2.261578,3.0574058,1.6207225
2019-04-23,5.0198904,2.6609561,3.6730821,1.9470081,4.256239,2.2561415,3.057606,1.6207225
2019-04-24,5.0119319,2.6565625,3.6685796,1.9444934,4.257162,2.2564824,3.0567076,1.6201397
2019-04-25,5.0037425,2.6520478,3.6678375,1.9439727,4.2546449,2.2550005,3.0525315,1.6178202
2019-04-26,5.0354827,2.6686976,3.6752414,1.9477701,4.264964,2.2603227,3.0659318,1.6248167
2019-04-29,5.0057886,2.6524405,3.6693463,1.9442664,4.2563254,2.2553041,3.0533671,1.6178415
2019-04-30,5.0351646,2.6678324,3.6763317,1.9478405,4.2658936,2.2602263,3.0656726,1.6242557
2019-05-01,5.0343317,2.6672171,3.6757236,1.9473912,4.2657967,2.2600276,3.0658725,1.6242557
2019-05-02,5.0401249,2.6701125,3.6799534,1.9495052,4.2718432,2.2630837,3.0660724,1.6242557
2019-05-03,5.0352099,2.6673324,3.6763648,1.9474754,4.2680844,2.260943,3.0662748,1.6242557
2019-05-06,5.0247931,2.6612924,3.6687591,1.9430655,4.2598613,2.2561447,3.0668747,1.6242557
2019-05-07,5.0022563,2.649182,3.6523044,1.9342234,4.2415199,2.2462828,3.0670755,1.6242557
2019-05-08,5.0108834,2.6535781,3.6586032,1.9374331,4.249666,2.2504504,3.0672755,1.6242557
2019-05-09,5.0197392,2.6580948,3.6650692,1.9407308,4.2555274,2.2534077,3.0674755,1.6242557
2019-05-10,5.0112958,2.6534505,3.6589044,1.9373399,4.2487903,2.2496933,3.0676755,1.6242557
2019-05-13,5.048516,2.6726392,3.68608,1.95135,4.2770602,2.2642219,3.0682756,1.6242557
2019-05-14,5.0360185,2.6658504,3.6769552,1.9463934,4.2674185,2.2589713,3.068474,1.6242557
2019-05-15,5.0519967,2.6741362,3.6886213,1.952443,4.2809581,2.2659924,3.0686724,1.6242557
2019-05-16,5.048069,2.6718835,3.6857536,1.9507983,4.2776299,2.2640836,3.0688716,1.6242557
2019-05-17,5.048394,2.6718835,3.6859909,1.9507983,4.2779053,2.2640836,3.0690692,1.6242557
2019-05-20,5.048558,2.6714565,3.6861107,1.9504865,4.2783888,2.263904,3.0696595,1.6242557
2019-05-21,5.0616257,2.6782,3.6956518,1.9554101,4.2853323,2.267433,3.0698563,1.6242557
2019-05-22,5.0416275,2.6674469,3.6810505,1.947559,4.2811462,2.2650727,3.0700531,1.6242557
2019-05-23,4.9988732,2.6446559,3.6498342,1.9309188,4.2662119,2.2570267,3.0702491,1.6242557
2019-05-24,5.0116979,2.6512728,3.6594596,1.9358883,4.2719326,2.2599098,3.0693561,1.62368
2019-05-28,4.9953354,2.6419484,3.641203,1.9257425,4.2663067,2.256364,3.0962941,1.6375209
2019-05-29,5.0009674,2.6447592,3.6442633,1.9272386,4.2700892,2.258221,3.1008849,1.6398447
2019-05-30,5.0219934,2.6557107,3.6564384,1.9335548,4.278925,2.2627503,3.1143216,1.6468462
2019-05-31,5.0774415,2.684863,3.6886148,1.9504465,4.3036898,2.2757018,3.1490313,1.6650955
2019-06-03,5.1226997,2.7082872,3.7214936,1.9674633,4.3301049,2.2892394,3.1496266,1.6650955
2019-06-04,5.0939446,2.6929142,3.7006039,1.9562954,4.3145405,2.2808665,3.1498251,1.6650955
2019-06-05,5.0907682,2.6910653,3.6982963,1.9549523,4.3126987,2.2797491,3.1500235,1.6650955
2019-06-06,5.096449,2.6938987,3.7024232,1.9570106,4.3153623,2.2810135,3.150222,1.6650955
2019-06-07,5.0792792,2.6846547,3.6899498,1.9502952,4.3086619,2.2773293,3.1504188,1.6650955
2019-06-10,5.1051795,2.6978523,3.7087657,1.9598827,4.3215694,2.2837341,3.1509963,1.6650955
2019-06-11,5.1048382,2.6975063,3.7085177,1.9596314,4.3215618,2.2835899,3.1511896,1.6650955
2019-06-12,5.1069699,2.6984687,3.7100663,1.9603305,4.321196,2.2832578,3.1513813,1.6650955
2019-06-13,5.1139962,2.7020195,3.7151708,1.96291,4.3243296,2.2847765,3.1515704,1.6650955
2019-06-14,5.1151363,2.7024634,3.715999,1.9632325,4.3243199,2.2846374,3.1517552,1.6650955
2019-06-17,5.1153834,2.7021164,3.7161785,1.9629804,4.3245712,2.2843665,3.1523121,1.6650955
2019-06-18,5.1176945,2.7031758,3.7178575,1.9637501,4.3249364,2.284423,3.1525004,1.6650955
2019-06-19,5.1104921,2.6992108,3.7126251,1.9608696,4.3197727,2.2815597,3.1526878,1.6650955
2019-06-20,5.1039473,2.6955965,3.7078705,1.958244,4.3160919,2.2794825,3.1528718,1.6650955
2019-06-21,5.1289302,2.7086366,3.7260199,1.9677171,4.3254564,2.2842976,3.1530523,1.6650955
2019-06-24,5.119183,2.7030282,3.7197438,1.9640679,4.3188992,2.2804461,3.1524984,1.6645197
2019-06-25,5.1248406,2.7058614,3.7173164,1.9626743,4.3163439,2.2789669,3.1613966,1.6691231
2019-06-26,5.109172,2.6974351,3.7193033,1.963612,4.3181708,2.2798023,3.1397392,1.657594
2019-06-27,5.1346416,2.7107269,3.7263039,1.967195,4.3244756,2.2829997,3.157288,1.6667633
2019-06-28,5.1402112,2.713512,3.7274692,1.9676976,4.3238624,2.2825453,3.1607356,1.6684879
2019-07-01,5.1299382,2.707625,3.7186855,1.9627244,4.3187057,2.2794329,3.1612759,1.6684879
2019-07-02,5.1390046,2.7122501,3.726302,1.9666282,4.3218452,2.280955,3.161463,1.6684879
2019-07-03,5.1396326,2.7124218,3.7267469,1.9667471,4.3228606,2.2813566,3.1616492,1.6684879
2019-07-05,5.1661534,2.726097,3.743225,1.9752105,4.331242,2.2855098,3.1620234,1.6684879
2019-07-08,5.169926,2.7275993,3.7454344,1.9760225,4.3330072,2.2860317,3.16259,1.6684879
2019-07-09,5.180308,2.7329116,3.7520117,1.9793728,4.335652,2.2872887,3.1627815,1.6684879
2019-07-10,5.1970704,2.7415892,3.7641524,1.9856578,4.3414934,2.2902318,3.162973,1.6684879
2019-07-11,5.1944386,2.7400394,3.7622462,1.9845353,4.3358695,2.2871302,3.1631593,1.6684879
2019-07-12,5.2020104,2.7438743,3.7677304,1.9873129,4.3388718,2.2885811,3.163343,1.6684879
2019-07-15,5.2140611,2.7497571,3.7764585,1.9915736,4.3434153,2.2905826,3.163889,1.6684879
2019-07-16,5.1986198,2.7414548,3.7652746,1.9855604,4.3372439,2.2871955,3.1640719,1.6684879
2019-07-17,5.2147726,2.7498151,3.7769738,1.9916156,4.3416573,2.2893913,3.164254,1.6684879
2019-07-18,5.2019692,2.7429063,3.7677005,1.9866117,4.3337922,2.2851129,3.1644351,1.6684879
2019-07-19,5.2114844,2.7477724,3.7745922,1.9901361,4.3382216,2.2873226,3.1646094,1.6684879
2019-07-22,5.2139337,2.7486076,3.7763662,1.9907411,4.3392515,2.2874858,3.1651348,1.6684879
2019-07-23,5.224226,2.7538797,3.7838208,1.9945595,4.3441315,2.2899305,3.1653117,1.6684879
2019-07-24,5.2212319,2.752149,3.7816522,1.993306,4.343058,2.2892379,3.1654869,1.6684879
2019-07-25,5.2172822,2.7499125,3.7794138,1.9920142,4.3403261,2.2876694,3.1651437,1.6682133
2019-07-26,5.2175307,2.7498883,3.7795931,1.9919963,4.3405451,2.2876557,3.165323,1.6682136
2019-07-29,5.2284014,2.7551476,3.782493,1.9931841,4.3425015,2.2882957,3.1700305,1.6704094
2019-07-30,5.2281804,2.7548749,3.7823346,1.9929876,4.342476,2.2881525,3.170209,1.6704088
2019-07-31,5.2428731,2.7624629,3.7835989,1.9935424,4.343003,2.2883023,3.1782357,1.6745447
2019-08-01,5.2233822,2.7520388,3.769533,1.9860198,4.3271178,2.2798045,3.1784133,1.6745447
2019-08-02,5.2092193,2.7444237,3.7593122,1.9805244,4.3162946,2.2739754,3.1785901,1.6745447
2019-08-05,5.1701885,2.7234051,3.731145,1.9653562,4.289701,2.2595874,3.1791178,1.6745447
2019-08-06,5.1579897,2.7168301,3.7223415,1.9606113,4.2804784,2.2546056,3.179292,1.6745447
2019-08-07,5.1527838,2.7139384,3.7185846,1.9585245,4.2753417,2.2517759,3.1794671,1.6745447
2019-08-08,5.1524296,2.7136046,3.718329,1.9582836,4.2766756,2.2523563,3.1796396,1.6745447
2019-08-09,5.1438729,2.7089509,3.7121539,1.9549253,4.271871,2.2497037,3.1798121,1.6745447
2019-08-12,5.183354,2.7293067,3.7406461,1.9696151,4.2995988,2.2639436,3.1803243,1.6745447
2019-08-13,5.1673758,2.7207468,3.7291152,1.9634378,4.2913242,2.2594651,3.1804951,1.6745447
2019-08-14,5.198702,2.7370947,3.7517222,1.9752354,4.3155211,2.2720839,3.1806659,1.6745447
2019-08-15,5.2065225,2.7410682,3.757366,1.9781028,4.322013,2.2753823,3.1808332,1.6745447
2019-08-16,5.2067893,2.7410682,3.7575585,1.9781028,4.3222344,2.2753823,3.1809961,1.6745447
2019-08-19,5.2075724,2.7410682,3.7581237,1.9781028,4.3228845,2.2753823,3.1814746,1.6745447
2019-08-20,5.2075783,2.7409286,3.7581279,1.9780021,4.3229995,2.2753243,3.1816402,1.6745447
2019-08-21,5.2139694,2.7441498,3.7627401,1.9803267,4.3257647,2.2766613,3.1818058,1.6745447
2019-08-22,5.2228294,2.7486677,3.7691341,1.9835871,4.3296359,2.2785783,3.1819741,1.6745447
2019-08-23,5.188596,2.7305038,3.744429,1.970479,4.3188281,2.2727681,3.1821449,1.6745447
2019-08-26,5.1987134,2.735395,3.7527168,1.9745278,4.3229539,2.2745788,3.1817722,1.674083
2019-08-27,5.2153055,2.7439783,3.7449267,1.9703229,4.3202108,2.2730133,3.1994868,1.6833136
2019-08-28,5.2231283,2.7479483,3.7426787,1.9690355,4.3196759,2.2726111,3.2066908,1.6870142
2019-08-29,5.2042815,2.737886,3.7410832,1.9680909,4.3177221,2.2714618,3.1961811,1.681395
2019-08-30,5.2085557,2.7399884,3.7451945,1.9701486,4.3198855,2.2724785,3.1954229,1.6809063
2019-09-03,5.2204554,2.7456627,3.7537509,1.9742287,4.3243154,2.2743233,3.1961057,1.6809063
2019-09-04,5.2280872,2.7495307,3.7592386,1.9770099,4.3268542,2.2755376,3.1962756,1.6809063
2019-09-05,5.2265798,2.7485925,3.7581547,1.9763353,4.3332585,2.2787854,3.1964446,1.6809063
2019-09-06,5.2186432,2.7442734,3.7524479,1.9732297,4.3306568,2.2772967,3.1966136,1.6809063
2019-09-09,5.2488937,2.7597479,3.7741994,1.9843564,4.3428744,2.283362,3.1971181,1.6809063
2019-09-10,5.2812632,2.7766218,3.7974746,1.9964894,4.3563881,2.290347,3.1972862,1.6809063
2019-09-11,5.2879058,2.7799689,3.8022509,1.998896,4.3590323,2.2916174,3.1974536,1.6809063
2019-09-12,5.2797545,2.7755374,3.7963898,1.9957096,4.3556283,2.2897073,3.1976218,1.6809063
2019-09-13,5.2546576,2.7621988,3.7783439,1.9861187,4.346961,2.2850311,3.1977891,1.6809063
2019-09-16,5.2680484,2.768802,3.7879725,1.9908666,4.3523215,2.2874884,3.1982937,1.6809063
2019-09-17,5.2753777,2.7725062,3.7932426,1.9935301,4.3550429,2.2887965,3.1984646,1.6809063
2019-09-18,5.279773,2.7746681,3.796403,1.9950845,4.3567064,2.2895484,3.1986355,1.6809063
2019-09-19,5.2776407,2.7734023,3.7948698,1.9941744,4.3555443,2.2888179,3.1988028,1.6809063
2019-09-20,5.2641607,2.7661749,3.7851771,1.9889777,4.3510346,2.2863296,3.1989685,1.6809063
2019-09-23,5.2590167,2.7630468,3.7814783,1.9867284,4.3498029,2.285331,3.1994602,1.6809063
2019-09-24,5.2377892,2.7517501,3.7671595,1.9791021,4.3429996,2.2816376,3.1988274,1.6804864
2019-09-25,5.1994919,2.7314884,3.7733618,1.9822586,4.3451814,2.2826663,3.1703366,1.6654324
2019-09-26,5.2168342,2.7404605,3.7746864,1.982854,4.3463333,2.2831558,3.1799586,1.6704026
2019-09-27,5.2319773,2.7482809,3.7818926,1.9865422,4.3500402,2.284991,3.1832744,1.6720624
2019-09-30,5.2375751,2.7508238,3.7831409,1.9869105,4.3510761,2.2852047,3.18609,1.6732994
2019-10-01,5.2524778,2.7585122,3.7939053,1.9924638,4.3568269,2.2881098,3.1862506,1.6732994
2019-10-02,5.258981,2.761793,3.7986025,1.9948335,4.3584918,2.2888726,3.186406,1.6732994
2019-10-03,5.2508869,2.7574099,3.7927561,1.9916676,4.3530539,2.2859071,3.1865587,1.6732994
2019-10-04,5.2465736,2.7550187,3.7896406,1.9899405,4.3519824,2.2852399,3.1867045,1.6732994
2019-10-07,5.2628119,2.7631652,3.8013696,1.9958246,4.3583934,2.2882908,3.1871446,1.6732994
2019-10-08,5.2559273,2.7594211,3.7963969,1.9931203,4.3556659,2.2867515,3.1872939,1.6732994
2019-10-09,5.2605178,2.7617041,3.7997126,1.9947693,4.3571132,2.2874061,3.1874406,1.6732994
2019-10-10,5.253438,2.7578617,3.7945988,1.991994,4.3510001,2.2840928,3.1875855,1.6732994
2019-10-11,5.2252605,2.7429449,3.774246,1.9812196,4.339983,2.278206,3.1877296,1.6732994
2019-10-15,5.2237376,2.7416495,3.773146,1.9802839,4.3398963,2.2777486,3.188306,1.6732994
2019-10-16,5.2258011,2.7426093,3.7746365,1.9809772,4.3411214,2.2782892,3.1884493,1.6732994
2019-10-17,5.2253034,2.7422256,3.774277,1.9807001,4.3411797,2.2782181,3.1885917,1.6732994
2019-10-18,5.221105,2.7398999,3.7712445,1.9790202,4.3399004,2.2774449,3.1887341,1.6732994
2019-10-21,5.2352591,2.7469605,3.781468,1.98412,4.3453609,2.2800054,3.1891613,1.6732994
2019-10-22,5.2298046,2.7439751,3.7775283,1.9819637,4.3435529,2.2789542,3.1893046,1.6732994
2019-10-23,5.2285457,2.7431927,3.7766189,1.9813986,4.3433057,2.2787234,3.1894461,1.6732994
2019-10-24,5.2283726,2.7429802,3.7764939,1.9812451,4.3433975,2.2786704,3.1895877,1.6732994
2019-10-25,5.2187394,2.737803,3.7699795,1.9777385,4.3401051,2.2768408,3.1893562,1.6731028
2019-10-28,5.2020881,2.7287008,3.7667562,1.9757826,4.3388948,2.2759008,3.1823342,1.669195
2019-10-29,5.204908,2.7300589,3.7670198,1.9758331,4.3390332,2.2758723,3.1839778,1.669983
2019-10-30,5.2212118,2.7384908,3.7681751,1.9763525,4.3388162,2.2756588,3.1931143,1.6747019
2019-10-31,5.2318918,2.7439731,3.7602901,1.9721308,4.3312939,2.2716143,3.2064666,1.6816318
2019-11-01,5.2434363,2.7499143,3.7685874,1.9764008,4.3389711,2.2755468,3.2065993,1.6816318
2019-11-04,5.2609779,2.7587772,3.7811949,1.9827707,4.350678,2.2814077,3.206992,1.6816318
2019-11-05,5.2804922,2.7688969,3.7952204,1.9900439,4.363571,2.2880748,3.2071238,1.6816318
2019-11-06,5.2756288,2.7662306,3.7917249,1.9881276,4.3612954,2.2867856,3.2072582,1.6816318
2019-11-07,5.261482,2.7586969,3.7815572,1.982713,4.3529776,2.2823284,3.2073927,1.6816318
2019-11-08,5.2538806,2.7545957,3.7760939,1.9797654,4.3472979,2.2792548,3.2075271,1.6816318
2019-11-12,5.2639138,2.7593972,3.7833051,1.9832163,4.3549726,2.2828989,3.2080614,1.6816318
2019-11-13,5.2763061,2.7657755,3.7922117,1.9878005,4.3639921,2.2875295,3.2081985,1.6816318
2019-11-14,5.2887345,2.7721736,3.8011443,1.9923989,4.3724918,2.2918883,3.2083339,1.6816318
2019-11-15,5.2886853,2.7720308,3.801109,1.9922963,4.3724511,2.2917703,3.2084692,1.6816318
2019-11-18,5.2890597,2.7718762,3.801378,1.9921851,4.3728826,2.2917064,3.2088753,1.6816318
2019-11-19,5.2889897,2.7717226,3.8013278,1.9920747,4.3729459,2.2916429,3.2090107,1.6816318
2019-11-20,5.2785069,2.766112,3.7937935,1.9880424,4.3687046,2.2893235,3.2091461,1.6816318
2019-11-21,5.2936361,2.7739235,3.8046672,1.9936566,4.3750575,2.292556,3.2092815,1.6816318
2019-11-22,5.293711,2.773845,3.8056632,1.9940938,4.375723,2.2928074,3.208618,1.6812127
2019-11-25,5.2990764,2.776303,3.8056692,1.9938429,4.3760052,2.2926632,3.2122858,1.6829204
2019-11-26,5.3048319,2.7791983,3.8023541,1.9920198,4.374194,2.291615,3.2188542,1.6862887
2019-11-27,5.2805642,2.7663649,3.7958903,1.9885478,4.3705701,2.2896179,3.2093841,1.681255
2019-11-29,5.2757885,2.763622,3.7971683,1.989044,4.3714962,2.2899036,3.2057007,1.6791789
2019-12-02,5.2682953,2.7593425,3.7915859,1.9858648,4.3685631,2.2880735,3.2061117,1.6791789
2019-12-03,5.2924235,2.7718613,3.8099023,1.9953727,4.3792164,2.2935549,3.2062496,1.6791789
2019-12-04,5.2895474,2.770238,3.8074982,1.9940294,4.3777768,2.2927041,3.2063849,1.6791789
2019-12-05,5.2930622,2.7719634,3.8099646,1.9952381,4.3792349,2.2933723,3.2065184,1.6791789
2019-12-06,5.3057855,2.7785119,3.8191229,1.9999516,4.3836978,2.2956146,3.2066511,1.6791789
2019-12-09,5.3022956,2.7763417,3.8166108,1.9983896,4.382872,2.2948991,3.2070464,1.6791789
2019-12-10,5.3012682,2.7756889,3.8158713,1.9979197,4.3826813,2.2947043,3.2071791,1.6791789
2019-12-11,5.3066208,2.7783752,3.8197242,1.9998532,4.384524,2.2955729,3.2073136,1.6791789
2019-12-12,5.300393,2.7749972,3.8152414,1.9974218,4.3824792,2.2944055,3.2074489,1.6791789
2019-12-13,5.3180008,2.7840994,3.8279155,2.0039735,4.386477,2.2964023,3.2075833,1.6791789
2019-12-16,5.3054522,2.7771775,3.818883,1.9989912,4.3840594,2.294846,3.2079893,1.6791789
2019-12-17,5.3012213,2.7748456,3.8158375,1.9973127,4.3827903,2.2940849,3.2081247,1.6791789
2019-12-18,5.2994424,2.7737982,3.8145571,1.9965588,4.3835471,2.2943848,3.2082592,1.6791789
2019-12-19,5.2944176,2.7710519,3.8109402,1.994582,4.3816452,2.2932932,3.2083936,1.6791789
2019-12-20,5.2959379,2.7717307,3.8120346,1.9950706,4.3823668,2.2935741,3.208529,1.6791789
2019-12-23,5.3018671,2.7744807,3.8163024,1.99705,4.3850991,2.2947119,3.2089378,1.6791789
2019-12-24,5.2961277,2.7713587,3.8129194,1.9951943,4.3832492,2.2936458,3.2082267,1.6787351
2019-12-26,5.2956523,2.7708746,3.8125062,1.9948087,4.3831978,2.2934241,3.2085691,1.6787717
2019-12-27,5.3216393,2.7843542,3.8257588,2.0016581,4.390909,2.2973615,3.2155306,1.6823428
2019-12-30,5.3138836,2.7799439,3.8262102,2.0016409,4.3914334,2.297345,3.2092449,1.6788412
2019-12-31,5.3002045,2.7726704,3.825914,2.0014015,4.3915864,2.2973281,3.2017899,1.6748704
2020-01-02,5.3017347,2.77324,3.8248059,2.0006551,4.3923606,2.2975418,3.2020566,1.6748704
2020-01-03,5.2914,2.7677193,3.813152,1.9944765,4.3906544,2.2965543,3.202189,1.6748704
2020-01-06,5.2959644,2.7697678,3.8182089,1.9968773,4.3929015,2.2974484,3.2025812,1.6748704
2020-01-07,5.3023995,2.7730173,3.821731,1.9986356,4.3932277,2.2975227,3.2027154,1.6748704
2020-01-08,5.3036154,2.7735384,3.8226073,1.9990112,4.3912575,2.2963973,3.2028479,1.6748704
2020-01-09,5.3126799,2.778164,3.8291406,2.0023451,4.3935592,2.2975059,3.2029804,1.6748704
2020-01-10,5.3289604,2.7865627,3.8408749,2.0083984,4.3961309,2.2987557,3.2031129,1.6748704
2020-01-13,5.3230257,2.7831135,3.8365975,2.0059124,4.3952955,2.2980335,3.2035105,1.6748704
2020-01-14,5.3322447,2.7878162,3.8432421,2.0093018,4.3971434,2.2989027,3.2036456,1.6748704
2020-01-15,5.3414387,2.7925054,3.8498687,2.0126815,4.3986852,2.2996119,3.2037808,1.6748704
2020-01-16,5.3372578,2.7902018,3.8468553,2.0110212,4.3982276,2.2992756,3.203916,1.6748704
2020-01-17,5.3366797,2.7897834,3.8464386,2.0107197,4.398081,2.2991032,3.2040494,1.6748704
2020-01-21,5.3198208,2.7805025,3.8342875,2.0040305,4.3915028,2.295279,3.2045866,1.6748704
2020-01-22,5.3187074,2.779804,3.833485,2.0035271,4.3911353,2.2949906,3.204721,1.6748704
2020-01-23,5.308549,2.774379,3.8261633,1.9996171,4.3870334,2.2927512,3.2048544,1.6748704
2020-01-24,5.2943099,2.7668218,3.8159003,1.9941702,4.381241,2.2896286,3.2049879,1.6748704
2020-01-27,5.2624649,2.7498361,3.7934681,1.9821997,4.3686351,2.2827565,3.2049488,1.6746421
2020-01-28,5.2530627,2.7448086,3.7949401,1.9828864,4.3695736,2.2831519,3.1981125,1.6710003
2020-01-29,5.2775704,2.7574984,3.80229,1.9866431,4.3738972,2.2853147,3.2069739,1.6755599
2020-01-30,5.2899768,2.7638651,3.8049938,1.9879725,4.375544,2.2860793,3.2123668,1.6783073
2020-01-31,5.3234329,2.7812284,3.817067,1.9941965,4.3825781,2.289658,3.2226259,1.6835963
2020-02-03,5.3168446,2.7774388,3.812343,1.9914793,4.3801399,2.2880981,3.2230285,1.6835963
2020-02-04,5.3120295,2.7748063,3.8088905,1.9895917,4.378249,2.2870138,3.2231645,1.6835963
2020-02-05,5.3166332,2.7770941,3.8121915,1.9912321,4.3802345,2.2879544,3.2233004,1.6835963
2020-02-06,5.3152358,2.776247,3.8111895,1.9906247,4.3796023,2.2875277,3.2234364,1.6835963
2020-02-07,5.2935132,2.7647837,3.7956137,1.9824053,4.3674297,2.2810733,3.2235724,1.6835963
2020-02-10,5.283014,2.7589524,3.7880854,1.9782241,4.3622433,2.2780776,3.2239778,1.6835963
2020-02-11,5.2936364,2.7643825,3.795702,1.9821177,4.3678339,2.2809004,3.2241147,1.6835963
2020-02-12,5.2973823,2.766222,3.7983879,1.9834366,4.3716342,2.2827887,3.2242508,1.6835963
2020-02-13,5.2957,2.7652261,3.7971817,1.9827225,4.3697087,2.2816863,3.2243877,1.6835963
2020-02-14,5.3059016,2.7704348,3.8044965,1.9864572,4.3757087,2.2847217,3.2245255,1.6835963
2020-02-18,5.3220648,2.7784037,3.816086,1.9921711,4.3850277,2.2891994,3.2250732,1.6835963
2020-02-19,5.3171799,2.7757356,3.8125835,1.990258,4.3826458,2.2878588,3.2252102,1.6835963
2020-02-20,5.3169388,2.7754918,3.8124105,1.9900832,4.3846294,2.2887971,3.2253471,1.6835963
2020-02-21,5.299758,2.7664054,3.8000914,1.9835681,4.3809341,2.2867709,3.2254841,1.6835963
2020-02-24,5.2614179,2.7460445,3.7730189,1.9691874,4.3647596,2.2780405,3.2249538,1.6831078
2020-02-25,5.2486379,2.7392615,3.7554989,1.9599625,4.3540524,2.2723587,3.2438305,1.6928904
2020-02-26,5.2516524,2.7407222,3.7581562,1.9612688,4.3556823,2.2731159,3.2439445,1.6928803
2020-02-27,5.2661559,2.7481786,3.7641739,1.9643287,4.3592591,2.2748891,3.2553968,1.6987872
2020-02-28,5.401998,2.8189618,3.8362665,2.0018737,4.4010888,2.2966296,3.3196058,1.7322278
2020-03-02,5.4096243,2.8226518,3.8419158,2.004616,4.4045554,2.2982026,3.3199469,1.7322278
2020-03-03,5.4601401,2.8489251,3.879418,2.0241233,4.4261189,2.3093847,3.3200469,1.7322278
2020-03-04,5.4586515,2.8480758,3.8783604,2.0235199,4.4255801,2.3090447,3.3201315,1.7322278
2020-03-05,5.4482489,2.8425928,3.8709693,2.0196242,4.4218218,2.307039,3.3201961,1.7322278
2020-03-06,5.3700976,2.8017703,3.815443,1.9906204,4.4022617,2.2967951,3.3202516,1.7322278
2020-03-09,5.2894079,2.759568,3.7581131,1.9606362,4.3799249,2.2850564,3.3203744,1.7322278
2020-03-10,5.3796076,2.8066024,3.8221998,1.9940535,4.4059462,2.2986119,3.3204035,1.7322278
2020-03-11,5.389681,2.8118247,3.8293569,1.9977639,4.4092365,2.3003014,3.3204426,1.7322278
2020-03-12,5.4094124,2.8220871,3.843376,2.0050552,4.4120716,2.3017547,3.3204799,1.7322278
2020-03-13,5.3985152,2.8163766,3.8356336,2.000998,4.4104647,2.3008955,3.3205099,1.7322278
2020-03-16,5.4539415,2.8452297,3.8750139,2.0214977,4.4235707,2.3076817,3.3205836,1.7322278
2020-03-17,5.3906728,2.8122048,3.8300616,1.9980339,4.4105341,2.3008657,3.3206055,1.7322278
2020-03-18,5.3730472,2.8029952,3.8175386,1.9914907,4.4098363,2.3004897,3.3206227,1.7322278
2020-03-19,5.3482767,2.7900715,3.7999393,1.9823085,4.3999168,2.2953137,3.3206246,1.7322278
2020-03-20,5.312557,2.7714343,3.7745605,1.9690671,4.3852263,2.2876475,3.3206282,1.7322278
2020-03-23,5.2737515,2.751179,3.7469893,1.9546759,4.3692194,2.2792878,3.3206419,1.7322278
2020-03-24,5.3068263,2.7684317,3.7704888,1.9669338,4.3829215,2.2864345,3.3206437,1.7322278
2020-03-25,5.3150309,2.7727111,3.7768526,1.970253,4.3866208,2.2883637,3.3201739,1.7319823
2020-03-26,5.3338799,2.7825471,3.7794589,1.9716148,4.388132,2.2891545,3.3296536,1.7369293
2020-03-27,5.3893722,2.8114998,3.7949655,1.9797067,4.3971309,2.2938521,3.3506288,1.7478735
2020-03-30,5.4015754,2.817859,3.7990911,1.981854,4.3995264,2.2950961,3.3545814,1.7499311
2020-03-31,5.4035673,2.8188889,3.8009948,1.9828406,4.4006783,2.2956895,3.3541485,1.7496995
2020-04-01,5.3998538,2.8169431,3.7983826,1.9814719,4.400575,2.2956287,3.3541586,1.7496995
2020-04-02,5.3991848,2.8165872,3.797912,1.9812216,4.4002924,2.2954756,3.3541669,1.7496995
2020-04-03,5.3982216,2.8160778,3.7972345,1.9808633,4.4003814,2.2955164,3.3541752,1.7496995
2020-04-06,5.4072238,2.8207508,3.8035669,1.9841503,4.4026921,2.2967029,3.3542028,1.7496995
2020-04-07,5.4142599,2.8244097,3.8085162,1.986724,4.4031859,2.2969511,3.3542165,1.7496995
2020-04-08,5.4172718,2.8259701,3.8106348,1.9878216,4.4046904,2.2977271,3.3542294,1.7496995
2020-04-09,5.4256951,2.8303471,3.81656,1.9909005,4.40948,2.3002118,3.3542496,1.7496995
2020-04-13,5.4197959,2.8271922,3.8124103,1.9886813,4.4067696,2.2987349,3.3543415,1.7496995
2020-04-14,5.4202849,2.8274272,3.8127543,1.9888465,4.4076233,2.2991638,3.3543654,1.7496995
2020-04-15,5.4372176,2.8362444,3.8246652,1.9950487,4.4129933,2.3019524,3.3543838,1.7496995
2020-04-16,5.4406398,2.8380186,3.8270724,1.9962967,4.4143905,2.3026724,3.3543967,1.7496995
2020-04-17,5.4406606,2.8380186,3.8270871,1.9962967,4.4144074,2.3026724,3.3544095,1.7496995
2020-04-20,5.4402608,2.8377821,3.8268058,1.9961303,4.414267,2.3025764,3.3544426,1.7496995
2020-04-21,5.4392818,2.8372621,3.8261172,1.9957646,4.4138771,2.3023654,3.3544536,1.7496995
2020-04-22,5.4465318,2.8410353,3.831217,1.9984187,4.4168254,2.3038964,3.3544638,1.7496995
2020-04-23,5.4458001,2.8406443,3.8307023,1.9981436,4.4165359,2.3037378,3.3544748,1.7496995
2020-04-24,5.4446065,2.8400131,3.830126,1.997837,4.4162104,2.3035611,3.3542543,1.7495793
2020-04-27,5.4430586,2.8391777,3.8363335,2.0010552,4.4197187,2.3053684,3.3478975,1.7462463
2020-04-28,5.4510882,2.8433567,3.8367093,2.0012447,4.4213864,2.3062307,3.3525194,1.7486513
2020-04-29,5.4500503,2.8428068,3.8370166,2.0013989,4.4217405,2.3064084,3.3516226,1.7481783
2020-04-30,5.4478788,2.8416663,3.8367884,2.0012744,4.4214775,2.3062649,3.3504958,1.7475858
2020-05-01,5.4479122,2.8416767,3.8368119,2.0012817,4.4215045,2.3062733,3.3505041,1.7475858
2020-05-04,5.4484227,2.841915,3.8371714,2.0014495,4.4219188,2.3064667,3.3505371,1.7475858
2020-05-05,5.4478224,2.8415918,3.8367486,2.0012218,4.4215079,2.3062441,3.3505491,1.7475858
2020-05-06,5.4517137,2.8436113,3.8394891,2.0026441,4.4228485,2.3069352,3.350561,1.7475858
2020-05-07,5.4352569,2.8350181,3.8278991,1.9965923,4.4122494,2.3013992,3.350572,1.7475858
2020-05-08,5.4456617,2.8404367,3.8352269,2.0004084,4.4188792,2.3048503,3.3505821,1.7475858
2020-05-11,5.4528719,2.8441695,3.8403049,2.0030373,4.4235319,2.3072544,3.3506152,1.7475858
2020-05-12,5.4488345,2.8420543,3.8374614,2.0015476,4.4215553,2.3062158,3.3506262,1.7475858
2020-05-13,5.4518902,2.843638,3.8396134,2.0026629,4.4240932,2.3075313,3.3506381,1.7475858
2020-05-14,5.4530949,2.8442562,3.8404619,2.0030983,4.4260105,2.3085231,3.3506501,1.7475858
2020-05-15,5.4534148,2.8444137,3.8406872,2.0032092,4.4258059,2.3084088,3.3506611,1.7475858
2020-05-18,5.4426661,2.8387793,3.8331172,1.9992412,4.4143212,2.3023959,3.3506941,1.7475858
2020-05-19,5.442678,2.8387754,3.8331255,1.9992384,4.4147962,2.3026354,3.3507061,1.7475858
2020-05-20,5.4441524,2.8395343,3.834164,1.9997729,4.4151918,2.3028336,3.350718,1.7475858
2020-05-21,5.4477161,2.8413837,3.8366737,2.0010753,4.4173837,2.3039692,3.350729,1.7475858
2020-05-22,5.4470108,2.8410065,3.8366982,2.0010815,4.4164782,2.3034894,3.3502848,1.7473483
2020-05-26,5.4371101,2.8358052,3.8358357,2.0006053,4.4170866,2.3037764,3.3449924,1.7445651
2020-05-27,5.4371161,2.8357975,3.8337257,1.9994972,4.4146531,2.3024983,3.346849,1.7455267
2020-05-28,5.4320871,2.8331629,3.8343056,1.9997914,4.4162943,2.3033449,3.3432609,1.7436482
2020-05-29,5.4537677,2.844459,3.8396765,2.0025844,4.4224804,2.3065618,3.3519352,1.748165
2020-06-01,5.4548722,2.8450023,3.8404541,2.0029669,4.423376,2.3070024,3.3519738,1.748165
2020-06-02,5.4488932,2.841873,3.8362446,2.0007638,4.4185276,2.3044648,3.3519866,1.748165
2020-06-03,5.4507402,2.8428247,3.837545,2.0014338,4.4200254,2.3052365,3.3520004,1.748165
2020-06-04,5.4508883,2.8428894,3.8376492,2.0014794,4.4201601,2.3052967,3.3520151,1.748165
2020-06-05,5.4624217,2.8488929,3.8457692,2.005706,4.4291081,2.3099539,3.3520289,1.748165
2020-06-08,5.4589558,2.8470502,3.8433291,2.0044087,4.4264758,2.3085526,3.3520702,1.748165
2020-06-09,5.4565479,2.8457811,3.8416339,2.0035152,4.4248788,2.307709,3.3520858,1.748165
2020-06-10,5.4598982,2.8475136,3.8439926,2.004735,4.427948,2.3092976,3.3521032,1.748165
2020-06-11,5.4508495,2.8427811,3.8376219,2.0014031,4.4247186,2.3076027,3.3521189,1.748165
2020-06-12,5.4493563,2.8419892,3.8365707,2.0008456,4.4226917,2.3065348,3.3521345,1.748165
2020-06-15,5.4492979,2.8419214,3.8365296,2.0007978,4.422652,2.3064838,3.3521786,1.748165
2020-06-16,5.4452079,2.8397743,3.83365,1.9992862,4.418636,2.304378,3.3521951,1.748165
2020-06-17,5.4408391,2.8374827,3.8305742,1.9976729,4.4152654,2.3026095,3.3522107,1.748165
2020-06-18,5.4497714,2.8421278,3.8368629,2.0009432,4.4195476,2.304832,3.3522263,1.748165
2020-06-19,5.4480363,2.8412104,3.8356413,2.0002973,4.4176794,2.3038476,3.352241,1.748165
2020-06-22,5.4506848,2.8425566,3.837506,2.0012451,4.4198762,2.3049648,3.3522823,1.748165
2020-06-23,5.4440652,2.839092,3.8328455,1.9988059,4.415258,2.3025463,3.352297,1.748165
2020-06-24,5.4418611,2.8379302,3.8314623,1.9980758,4.4120839,2.3008809,3.3514183,1.7476991
2020-06-25,5.4496028,2.8419558,3.8362243,2.0005509,4.4175388,2.3037162,3.3550603,1.7495912
2020-06-26,5.463981,2.8494415,3.842194,2.0036553,4.4244861,2.3073291,3.369467,1.7570963
2020-06-29,5.4703106,2.8527096,3.848032,2.0066767,4.4311609,2.3107834,3.3696585,1.7571759
2020-06-30,5.461832,2.8482772,3.8444737,2.0048134,4.4270646,2.3086383,3.3616309,1.752983
2020-07-01,5.4602444,2.8474368,3.8417543,2.0033865,4.4235194,2.3067795,3.3616457,1.752983
2020-07-02,5.4611495,2.8478978,3.842391,2.0037109,4.4245578,2.3073121,3.3616586,1.752983
2020-07-06,5.464648,2.8496785,3.8448525,2.0049637,4.4266672,2.3083767,3.3617101,1.752983
2020-07-07,5.4506737,2.8423796,3.8350205,1.9998284,4.4180974,2.3038984,3.3617239,1.752983
2020-07-08,5.4537693,2.8439822,3.8371984,2.0009559,4.4200646,2.3049147,3.3617378,1.752983
2020-07-09,5.4550446,2.8446355,3.8380957,2.0014156,4.422426,2.3061366,3.3617516,1.752983
2020-07-10,5.4469525,2.8404056,3.8324022,1.9984395,4.4166847,2.3031345,3.3617636,1.752983
2020-07-13,5.4485297,2.8411977,3.8335119,1.9989968,4.4177666,2.3036741,3.3617995,1.752983
2020-07-14,5.4526216,2.8433206,3.8363909,2.0004904,4.4200209,2.3048408,3.3618124,1.752983
2020-07-15,5.4472887,2.840528,3.8326388,1.9985256,4.4169127,2.3032105,3.3618262,1.752983
2020-07-16,5.4468605,2.8402923,3.8323375,1.9983598,4.4170387,2.3032661,3.3618409,1.752983
2020-07-17,5.4492765,2.8415435,3.8340374,1.9992402,4.418025,2.3037735,3.3618511,1.752983
2020-07-20,5.4470649,2.8403646,3.8324814,1.9984107,4.4167276,2.3030761,3.3618814,1.752983
2020-07-21,5.4378798,2.8355649,3.8260188,1.9950337,4.4096387,2.2993715,3.3618934,1.752983
2020-07-22,5.4361997,2.8346787,3.8248367,1.9944102,4.4089592,2.299009,3.3619054,1.752983
2020-07-23,5.4444201,2.8389551,3.8306205,1.997419,4.4144472,2.3018624,3.3619174,1.752983
2020-07-24,5.4393229,2.8362879,3.8270342,1.9955424,4.4102212,2.2996513,3.3619284,1.752983
2020-07-27,5.4422369,2.8377818,3.8296889,1.9969086,4.413875,2.3015357,3.3614207,1.7527025
2020-07-28,5.4618839,2.8480179,3.8360288,2.0002084,4.4201639,2.304808,3.3679261,1.7560892
2020-07-29,5.4692393,2.8518447,3.8394294,2.0019755,4.4246488,2.3071396,3.3701255,1.7572307
2020-07-30,5.4841349,2.8596031,3.8445703,2.0046501,4.4305733,2.3102219,3.3766586,1.7606319
2020-07-31,5.4856808,2.8604022,3.8469325,2.0058769,4.4332956,2.3116357,3.3761546,1.7603647
2020-08-03,5.4837916,2.8593959,3.8449435,2.004825,4.4310035,2.3104234,3.3761796,1.7603647
2020-08-04,5.4829021,2.8589242,3.8468791,2.0058287,4.4332341,2.3115802,3.3761889,1.7603647
2020-08-05,5.493329,2.864354,3.8541948,2.0096383,4.4416649,2.3159704,3.3761972,1.7603647
2020-08-06,5.4929621,2.8641549,3.8539374,2.0094986,4.4413682,2.3158094,3.3762064,1.7603647
2020-08-07,5.5041052,2.8699573,3.8617555,2.0135695,4.450378,2.3205009,3.3762157,1.7603647
2020-08-10,5.5137705,2.8749734,3.8685369,2.0170889,4.458193,2.3245567,3.3762434,1.7603647
2020-08-11,5.5409108,2.8891161,3.8875788,2.0270114,4.4801374,2.3359918,3.3762536,1.7603647
2020-08-12,5.5513883,2.8945706,3.89493,2.0308383,4.4887507,2.3404758,3.3762638,1.7603647
2020-08-13,5.5611135,2.8996327,3.9017533,2.0343899,4.493799,2.343101,3.376274,1.7603647
2020-08-14,5.5617983,2.8999818,3.9022338,2.0346348,4.493797,2.3430935,3.3762832,1.7603647
2020-08-17,5.5656312,2.9019565,3.904923,2.0360203,4.4980547,2.3452943,3.376311,1.7603647
2020-08-18,5.5715108,2.9050142,3.9090482,2.0381656,4.504505,2.348651,3.3763202,1.7603647
2020-08-19,5.571209,2.9048497,3.9088365,2.0380502,4.5022342,2.3474612,3.3763285,1.7603647
2020-08-20,5.5739104,2.9062495,3.9107318,2.0390322,4.5032076,2.3479617,3.3763387,1.7603647
2020-08-21,5.584369,2.9116938,3.9180697,2.042852,4.5112074,2.3521257,3.3763489,1.7603647
2020-08-24,5.5798364,2.9093066,3.9148896,2.0411771,4.5076027,2.3502269,3.3763766,1.7603647
2020-08-25,5.5810046,2.9099061,3.9162203,2.0418642,4.510107,2.3515249,3.3751464,1.7597175
2020-08-26,5.5753491,2.9069486,3.9116795,2.0394906,4.5056551,2.3491966,3.3752381,1.7597601
2020-08-27,5.5543599,2.8959962,3.9097568,2.038482,4.5039148,2.3482822,3.3505819,1.7468996
2020-08-28,5.5630046,2.9004948,3.9168638,2.0421813,4.5117524,2.3523615,3.3506799,1.7469455
2020-08-31,5.5698704,2.9040507,3.917265,2.0423737,4.5122108,2.3525812,3.3595759,1.7515692
2020-09-01,5.5739529,2.9061705,3.9213405,2.0444924,4.5166342,2.3548804,3.359586,1.7515692
2020-09-02,5.571778,2.905027,3.9182118,2.0428544,4.513069,2.3530138,3.3595971,1.7515692
2020-09-03,5.5588929,2.8982994,3.9099532,2.0385419,4.5035566,2.3480465,3.3596081,1.7515692
2020-09-04,5.5991353,2.9192722,3.935869,2.0520476,4.5334069,2.3636027,3.3596182,1.7515692
2020-09-08,5.5853065,2.912027,3.9271704,2.0474876,4.5234991,2.3584085,3.3596587,1.7515692
2020-09-09,5.5957469,2.91746,3.9345113,2.0513076,4.5303633,2.3619789,3.3596707,1.7515692
2020-09-10,5.5914445,2.9152073,3.9314862,2.0497237,4.5285084,2.361004,3.3596817,1.7515692
2020-09-11,5.5960022,2.9175739,3.9346908,2.0513877,4.5327927,2.36323,3.3596928,1.7515692
2020-09-14,5.5949828,2.9170161,3.9339741,2.0509955,4.5319938,2.3627921,3.3597232,1.7515692
2020-09-15,5.5920367,2.9154713,3.9319026,2.0499093,4.5298567,2.3616707,3.3597333,1.7515692
2020-09-16,5.5870514,2.9128634,3.9283973,2.0480757,4.5265605,2.3599451,3.3597434,1.7515692
2020-09-17,5.5866077,2.9126224,3.9280853,2.0479063,4.525777,2.3595289,3.3597545,1.7515692
2020-09-18,5.5891167,2.9139233,3.9298494,2.048821,4.5285848,2.360987,3.3597627,1.7515692
2020-09-21,5.5876617,2.9131409,3.9288264,2.0482708,4.5265078,2.3598847,3.3597904,1.7515692
2020-09-22,5.5843201,2.9113907,3.9264768,2.0470402,4.5235445,2.3583333,3.3597996,1.7515692
2020-09-23,5.5822772,2.9103177,3.9250404,2.0462857,4.5219802,2.3575113,3.3598088,1.7515692
2020-09-24,5.5835436,2.9109691,3.9259422,2.0467497,4.5231315,2.3581044,3.3582213,1.7507364
2020-09-25,5.5906957,2.9146899,3.9309248,2.0493417,4.5288882,2.3610992,3.3647225,1.7541208
2020-09-28,5.5850743,2.9117352,3.9270148,2.0472864,4.5244749,2.358779,3.35866,1.7509459
2020-09-29,5.5946686,2.9167283,3.9338268,2.0508316,4.5324185,2.3629131,3.3651612,1.7543298
2020-09-30,5.5996984,2.9193434,3.9375376,2.0527611,4.5361601,2.3648579,3.3444961,1.7435523
2020-10-01,5.5969431,2.917899,3.9356862,2.0517903,4.5342222,2.3638412,3.3445053,1.7435523
2020-10-02,5.6057583,2.9224875,3.9418849,2.0550168,4.5410734,2.3674071,3.3445135,1.7435523
2020-10-05,5.6491253,2.9450746,3.9723799,2.0708995,4.5747378,2.3849399,3.3445383,1.7435523
2020-10-06,5.6324776,2.9363876,3.9606735,2.064791,4.561759,2.3781672,3.3445474,1.7435523
2020-10-07,5.6321814,2.9362251,3.9604652,2.0646768,4.5605003,2.3775045,3.3445566,1.7435523
2020-10-08,5.6469655,2.9439245,3.9708612,2.0700908,4.5719115,2.3834469,3.3445658,1.7435523
2020-10-09,5.634956,2.9376563,3.9624163,2.0656831,4.5623482,2.3784554,3.344574,1.7435523
2020-10-13,5.6645104,2.9530317,3.9831985,2.0764947,4.5848668,2.3901688,3.3446107,1.7435523
2020-10-14,5.6685533,2.9551304,3.9860414,2.0779705,4.5879259,2.3917564,3.3446207,1.7435523
2020-10-15,5.6643459,2.9529273,3.9830828,2.0764213,4.5842477,2.389831,3.3446317,1.7435523
2020-10-16,5.6657095,2.9536292,3.9840417,2.0769149,4.5846832,2.3900509,3.3446418,1.7435523
2020-10-19,5.6691152,2.955378,3.9864366,2.0781446,4.586082,2.3907584,3.3446721,1.7435523
2020-10-20,5.6768917,2.9594231,3.9919049,2.080989,4.5888909,2.3922156,3.3446821,1.7435523
2020-10-21,5.681402,2.9617662,3.9950764,2.0826366,4.5907209,2.393163,3.3446913,1.7435523
2020-10-22,5.6878907,2.9651407,3.9996392,2.0850095,4.5962502,2.3960389,3.3447005,1.7435523
2020-10-23,5.6943591,2.9685054,4.0041876,2.0873754,4.6014968,2.398768,3.3447087,1.7435523
2020-10-26,5.6880624,2.9651985,3.9997599,2.0850501,4.595966,2.3958651,3.3432686,1.7427873
2020-10-27,5.6867858,2.9645241,3.9988622,2.0845759,4.5946053,2.3951486,3.3551403,1.7489705
2020-10-28,5.6865378,2.9643867,3.9986878,2.0844793,4.59453,2.3951027,3.3552653,1.7490309
2020-10-29,5.6846312,2.9633847,3.9973472,2.0837747,4.5937773,2.3947038,3.3201399,1.730716
2020-10-30,5.6910902,2.9667444,4.001889,2.0861372,4.5991537,2.3975006,3.3014038,1.720945
2020-11-02,5.6848274,2.9634577,3.9974851,2.083826,4.5939257,2.3947575,3.3014283,1.720945
2020-11-03,5.6801162,2.9609945,3.9941722,2.0820939,4.5902634,2.3928425,3.3014364,1.720945
2020-11-04,5.6696143,2.9555118,3.9867875,2.0782387,4.5830219,2.389061,3.3014454,1.720945
2020-11-05,5.6698482,2.9556257,3.9869519,2.0783187,4.5830168,2.3890519,3.3014545,1.720945
2020-11-06,5.6791514,2.9604672,3.9934938,2.0817232,4.5897507,2.3925556,3.3014635,1.720945
2020-11-09,5.7027181,2.9727279,4.0100656,2.0903446,4.6062564,2.40114,3.3014907,1.720945
2020-11-10,5.7013511,2.9720063,4.0091043,2.0898372,4.6048936,2.4004224,3.3015006,1.720945
2020-11-12,5.7045751,2.9736707,4.0113714,2.0910075,4.6111092,2.4036493,3.3015187,1.720945
2020-11-13,5.7030137,2.9728486,4.0102734,2.0904294,4.6095032,2.4028056,3.3015278,1.720945
2020-11-16,5.6958103,2.9690717,4.0052081,2.0877736,4.6033411,2.3995756,3.3015522,1.720945
2020-11-17,5.7092333,2.9760614,4.014647,2.0926886,4.6155389,2.405928,3.3015603,1.720945
2020-11-18,5.7114147,2.9771912,4.0161809,2.093483,4.6163963,2.406369,3.3015685,1.720945
2020-11-19,5.7208517,2.982103,4.0228168,2.0969369,4.6289494,2.4129066,3.3015766,1.720945
2020-11-20,5.7262545,2.9849136,4.026616,2.0989133,4.6392804,2.4182872,3.3015829,1.720945
2020-11-23,5.7244508,2.9839562,4.0257141,2.098431,4.6347576,2.4159157,3.3005445,1.7203939
2020-11-24,5.7139509,2.9784764,4.0223029,2.0966483,4.6260677,2.4113807,3.2922003,1.7160407
2020-11-25,5.7106431,2.9767449,4.0196009,2.0952347,4.6216023,2.4090471,3.2923037,1.7160904
2020-11-27,5.7340693,2.9889414,4.0287375,2.0999869,4.6318986,2.4144023,3.30939,1.724988
2020-11-30,5.732812,2.9882639,4.0284531,2.0998231,4.6314884,2.4141706,3.3086272,1.7245776
2020-12-01,5.7113968,2.9770945,4.0117012,2.0910866,4.6126671,2.4043547,3.3086345,1.7245776
2020-12-02,5.7085082,2.9755815,4.0096723,2.0900239,4.6100759,2.4029981,3.3086426,1.7245776
2020-12-03,5.6993194,2.9707845,4.003218,2.0866545,4.5997598,2.3976149,3.3086508,1.7245776
2020-12-04,5.7157628,2.9793491,4.014768,2.0926703,4.6109738,2.4034549,3.308658,1.7245776
2020-12-07,5.7009706,2.9716166,4.0043779,2.087239,4.6005066,2.3979811,3.3086825,1.7245776
2020-12-08,5.6928114,2.9673572,3.9986468,2.0842472,4.5941839,2.3946802,3.3086897,1.7245776
2020-12-09,5.6958773,2.9689479,4.0008003,2.0853645,4.5966949,2.3959832,3.3086979,1.7245776
2020-12-10,5.6960813,2.9690478,4.0009436,2.0854346,4.6034345,2.3994908,3.3087052,1.7245776
2020-12-11,5.7072792,2.9748781,4.008809,2.0895298,4.6142895,2.4051436,3.3087124,1.7245776
2020-12-14,5.7113212,2.9769654,4.0116482,2.0909959,4.6176572,2.4068832,3.3087342,1.7245776
2020-12-15,5.7047236,2.9735191,4.007014,2.0885753,4.611883,2.4038676,3.3087423,1.7245776
2020-12-16,5.704541,2.9734174,4.0068857,2.0885039,4.6120055,2.4039261,3.3087496,1.7245776
2020-12-17,5.7036178,2.9729289,4.0062373,2.0881607,4.6113789,2.4035936,3.3087577,1.7245776
2020-12-18,5.7039893,2.973116,4.0064982,2.0882921,4.6128804,2.4043709,3.308765,1.7245776
2020-12-21,5.7028109,2.9724823,4.0056705,2.087847,4.6110719,2.4034125,3.3087867,1.7245776
2020-12-22,5.6992678,2.9706281,4.0031818,2.0865447,4.6081426,2.4018798,3.3087949,1.7245776
2020-12-23,5.7010259,2.9715372,4.0044167,2.0871832,4.6097752,2.4027248,3.3088031,1.7245776
2020-12-24,5.6994919,2.9707303,4.0033392,2.0866164,4.6086344,2.4021242,3.3077575,1.7240284
2020-12-28,5.6987395,2.9703088,4.0028108,2.0863204,4.6078266,2.4016795,3.3082012,1.7242427
2020-12-29,5.7030301,2.9725362,4.0058245,2.0878849,4.6111837,2.403422,3.3083116,1.724295
2020-12-30,5.7030853,2.9725568,4.0058632,2.0878994,4.6112329,2.4034411,3.3126375,1.726545
2020-12-31,5.7025378,2.972265,4.0054787,2.0876944,4.6110496,2.4033403,3.3116928,1.7260488
2021-01-04,5.7083115,2.975245,4.0095341,2.0897875,4.6158633,2.4058256,3.3117254,1.7260488
2021-01-05,5.6975446,2.9696258,4.0019714,2.0858407,4.6067261,2.4010573,3.3117336,1.7260488
2021-01-06,5.7081524,2.9751474,4.0094224,2.089719,4.6186051,2.4072428,3.3117418,1.7260488
2021-01-07,5.7208121,2.9817384,4.0183146,2.0943485,4.632052,2.4142454,3.3117499,1.7260488
2021-01-08,5.7321292,2.9876297,4.0262638,2.0984864,4.6447911,2.4208791,3.3117581,1.7260488
2021-01-11,5.7356708,2.9894559,4.0287514,2.0997692,4.6491182,2.4231185,3.3117799,1.7260488
2021-01-12,5.7302937,2.9866468,4.0249745,2.0977961,4.6445944,2.4207554,3.3117871,1.7260488
2021-01-13,5.7255046,2.9841433,4.0216106,2.0960377,4.6404233,2.4185755,3.3117953,1.7260488
2021-01-14,5.7127713,2.9774994,4.0126667,2.091371,4.6289117,2.4125697,3.3118035,1.7260488
2021-01-15,5.7319647,2.9874956,4.0261482,2.0983923,4.645232,2.4210698,3.3118116,1.7260488
2021-01-19,5.7277789,2.9852846,4.0232081,2.0968392,4.6419225,2.419321,3.3118443,1.7260488
2021-01-20,5.727064,2.9849046,4.022706,2.0965724,4.6410583,2.4188646,3.3118525,1.7260488
2021-01-21,5.7198859,2.9811568,4.017664,2.09394,4.6339511,2.4151552,3.3118597,1.7260488
2021-01-22,5.7166132,2.9794438,4.0153653,2.0927367,4.6278566,2.4119728,3.3118679,1.7260488
2021-01-25,5.7098104,2.9758787,4.0109071,2.0903995,4.61627,2.4059182,3.3113668,1.7257763
2021-01-26,5.7127164,2.9773859,4.0135882,2.0917916,4.6169717,2.406278,3.3114329,1.7258065
2021-01-27,5.7136332,2.977858,4.0122245,2.0910769,4.6162281,2.4058858,3.3135901,1.7269275
2021-01-28,5.7076156,2.9747152,4.0128134,2.0913793,4.6175583,2.4065738,3.3073856,1.7236901
2021-01-29,5.6876218,2.9642891,4.0059236,2.0877844,4.5989567,2.3968745,3.298603,1.7191096
2021-02-01,5.6974551,2.9693994,4.0127711,2.0913429,4.6152781,2.405369,3.2986193,1.7191096
2021-02-02,5.6862415,2.9635494,4.0048733,2.0872228,4.5981372,2.396431,3.2986256,1.7191096
2021-02-03,5.6866556,2.9637595,4.0051649,2.0873707,4.5947187,2.3946447,3.2986319,1.7191096
2021-02-04,5.6815499,2.9610953,4.0015689,2.0854943,4.5906381,2.3925154,3.2986355,1.7191096
2021-02-05,5.6917757,2.9664215,4.0087711,2.0892456,4.6030965,2.3990057,3.2986391,1.7191096
2021-02-08,5.6942181,2.9676871,4.0104913,2.0901369,4.6031001,2.3990017,3.2986473,1.7191096
2021-02-09,5.6857386,2.9632637,4.0045191,2.0870216,4.5960276,2.3953124,3.2986518,1.7191096
2021-02-10,5.6763839,2.9583851,3.9979305,2.0835855,4.586699,2.390448,3.2986554,1.7191096
2021-02-11,5.6818168,2.9612125,4.0017569,2.0855769,4.5916277,2.3930135,3.2986599,1.7191096
2021-02-12,5.6761528,2.9582565,3.9977677,2.083495,4.5747483,2.3842132,3.2986644,1.7191096
2021-02-16,5.6662223,2.953068,3.9907736,2.0798407,4.5529327,2.3728331,3.2986789,1.7191096
2021-02-17,5.675721,2.9580153,3.9974636,2.0833251,4.5621213,2.3776193,3.2986825,1.7191096
2021-02-18,5.6707742,2.9554339,3.9939795,2.081507,4.5549767,2.3738932,3.2986861,1.7191096
2021-02-19,5.6680578,2.9540158,3.9920663,2.0805082,4.5377659,2.3649216,3.2986888,1.7191096
2021-02-22,5.6702638,2.9551557,3.9946343,2.0818397,4.5375106,2.3647807,3.2973954,1.7184299
2021-02-23,5.6624281,2.9510696,3.9887372,2.0787646,4.5246772,2.3580905,3.2976029,1.7185366
2021-02-24,5.6619609,2.9508229,3.9914412,2.0801716,4.5262421,2.3589035,3.2925983,1.7159266
2021-02-25,5.5609439,2.8981738,3.9800684,2.0742429,4.4436082,2.3158359,3.2102245,1.6729963
2021-02-26,5.6522875,2.9457758,4.0085953,2.0891076,4.4869175,2.3384045,3.2597613,1.6988104
2021-03-01,5.6719622,2.9560199,4.0234541,2.0968445,4.512384,2.351669,3.259772,1.6988104
2021-03-02,5.6930464,2.9670041,4.0382008,2.1045269,4.5389061,2.3654879,3.2597765,1.6988104
2021-03-03,5.6664853,2.9531582,4.0193604,2.0947059,4.4984858,2.34442,3.25978,1.6988104
2021-03-04,5.6674582,2.9536612,4.0200505,2.0950627,4.5047063,2.3476587,3.2597845,1.6988104
2021-03-05,5.6675814,2.9537222,4.0201379,2.0951059,4.5082578,2.349507,3.2597881,1.6988104
2021-03-08,5.6808603,2.9606329,4.029557,2.1000078,4.5185706,2.3548738,3.2597988,1.6988104
2021-03-09,5.667082,2.9534482,4.0197837,2.0949116,4.503318,2.3469217,3.2598033,1.6988104
2021-03-10,5.6682707,2.9540636,4.0206269,2.0953481,4.5029429,2.3467229,3.2598077,1.6988104
2021-03-11,5.6817691,2.9610952,4.0302016,2.1003357,4.5124402,2.3516699,3.2598113,1.6988104
2021-03-12,5.6739034,2.9569927,4.0246223,2.0974257,4.5093298,2.3500463,3.2598149,1.6988104
2021-03-15,5.6757268,2.9579332,4.0259156,2.0980929,4.5099051,2.3503384,3.2598256,1.6988104
2021-03-16,5.6773008,2.9587503,4.0270321,2.0986724,4.5115715,2.3512043,3.2598292,1.6988104
2021-03-17,5.6668289,2.9532912,4.0196042,2.0948002,4.5036302,2.3470644,3.259831,1.6988104
2021-03-18,5.6792338,2.9597545,4.0284033,2.0993847,4.5107011,2.3507481,3.2598327,1.6988104
2021-03-19,5.6880717,2.9643596,4.0346722,2.1026511,4.5123611,2.3516126,3.2598336,1.6988104
2021-03-22,5.6819151,2.9611485,4.0303051,2.1003735,4.5102236,2.3504967,3.2598363,1.6988104
2021-03-23,5.6733501,2.9566824,4.0242298,2.0972057,4.5083419,2.3495141,3.259839,1.6988104
2021-03-24,5.6735682,2.9567953,4.0243845,2.0972857,4.5104831,2.3506294,3.2598399,1.6988104
2021-03-25,5.6762377,2.9581849,4.0263186,2.0982925,4.5110568,2.350927,3.2588906,1.6983148
2021-03-26,5.6675527,2.9536571,4.0212286,2.0956387,4.5097406,2.3502399,3.2438954,1.6904994
2021-03-29,5.6555827,2.947414,4.0141083,2.0919246,4.507984,2.3493205,3.2218736,1.6790203
2021-03-30,5.6481843,2.9435559,4.0079969,2.0887379,4.5017989,2.3460952,3.2220659,1.6791192
2021-03-31,5.6433965,2.9410591,4.004901,2.0871234,4.5009397,2.3456462,3.2175799,1.6767804
2021-04-01,5.6438979,2.941318,4.0064531,2.0879306,4.5012738,2.3458184,3.2175825,1.6767804
2021-04-02,5.643901,2.941318,4.0064553,2.0879306,4.5012762,2.3458184,3.2175843,1.6767804
2021-04-05,5.6428267,2.9407533,4.0056926,2.0875297,4.5001372,2.3452209,3.2175896,1.6767804
2021-04-06,5.627781,2.9329098,3.9950121,2.0819619,4.4874751,2.3386202,3.2175922,1.6767804
2021-04-07,5.6303008,2.9342214,3.9968008,2.0828929,4.4844137,2.3370235,3.217594,1.6767804
2021-04-08,5.6172454,2.927416,3.9875332,2.078062,4.4771963,2.3332609,3.2175958,1.6767804
2021-04-09,5.6298872,2.9340035,3.9965072,2.0827382,4.4870006,2.3383697,3.2175966,1.6767804
2021-04-12,5.6386343,2.9385572,4.0027166,2.0859707,4.4971143,2.3436365,3.2176019,1.6767804
2021-04-13,5.6511382,2.9450719,4.0115928,2.0905953,4.5126892,2.351752,3.2176037,1.6767804
2021-04-14,5.6510182,2.945007,4.0115076,2.0905492,4.5128434,2.3518305,3.2176063,1.6767804
2021-04-15,5.6726374,2.9562721,4.0268545,2.0985459,4.5309986,2.3612906,3.2176081,1.6767804
2021-04-16,5.6609667,2.9501884,4.0185698,2.0942273,4.5210664,2.3561132,3.2176099,1.6767804
2021-04-19,5.6561187,2.947657,4.0151283,2.0924304,4.5179004,2.3544594,3.2176152,1.6767804
2021-04-20,5.649366,2.9441362,4.0103347,2.0899311,4.5121891,2.3514817,3.2176169,1.6767804
2021-04-21,5.6483078,2.9435824,4.0095835,2.0895379,4.5121183,2.3514429,3.2176196,1.6767804
2021-04-22,5.6528173,2.94593,4.0127847,2.0912045,4.5144136,2.3526371,3.2176222,1.6767804
2021-04-23,5.6548413,2.9469824,4.0142215,2.0919515,4.5159678,2.3534452,3.2176249,1.6767804
2021-04-26,5.6604927,2.9499204,4.0187727,2.0943181,4.5205004,2.3558014,3.2171784,1.6765436
2021-04-27,5.6439792,2.941312,4.0179413,2.0938831,4.5205639,2.3558326,3.2082032,1.6718651
2021-04-28,5.645394,2.9420485,4.0190545,2.0944627,4.5222584,2.356715,3.208291,1.6719104
2021-04-29,5.6412175,2.9398712,4.020262,2.0950914,4.5247271,2.3580009,3.204768,1.670074
2021-04-30,5.6406967,2.939599,4.0203478,2.0951355,4.5248155,2.3580463,3.2044042,1.669884
2021-05-03,5.6430546,2.9408254,4.0225978,2.0963063,4.5258876,2.3586031,3.2044068,1.669884
2021-05-04,5.642721,2.9406483,4.0225,2.0962531,4.5250119,2.3581442,3.2044104,1.669884
2021-05-05,5.639542,2.93899,4.0202338,2.095071,4.5209878,2.3560458,3.2044121,1.669884
2021-05-06,5.6376306,2.9379922,4.0188712,2.0943597,4.5191907,2.3551079,3.2044139,1.669884
2021-05-07,5.6375645,2.9379562,4.0188241,2.094334,4.5117208,2.3512139,3.2044156,1.669884
2021-05-10,5.6550052,2.9470404,4.031257,2.1008097,4.5266036,2.3589659,3.2044209,1.669884
2021-05-11,5.6562359,2.9476802,4.0321343,2.1012658,4.5227958,2.3569802,3.2044226,1.669884
2021-05-12,5.6583301,2.9487707,4.0336272,2.1020432,4.516303,2.353596,3.2044235,1.669884
2021-05-13,5.6648942,2.9521899,4.0383065,2.1044806,4.5283052,2.3598495,3.2044253,1.669884
2021-05-14,5.6713403,2.9555476,4.0429017,2.1068741,4.5329413,2.3622642,3.204427,1.669884
2021-05-17,5.6687728,2.9542071,4.0410714,2.1059186,4.5288287,2.360119,3.2044297,1.669884
2021-05-18,5.6661301,2.9528283,4.0391875,2.1049357,4.5275738,2.3594637,3.2044314,1.669884
2021-05-19,5.6614843,2.9504056,4.0358757,2.1032086,4.5205001,2.3557762,3.2044332,1.669884
2021-05-20,5.6642666,2.9518547,4.0378591,2.1042416,4.519259,2.3551287,3.2044341,1.669884
2021-05-21,5.6714798,2.955613,4.0430011,2.1069207,4.5253809,2.3583184,3.2044349,1.669884
2021-05-24,5.664982,2.9522243,4.0383691,2.1045051,4.5207907,2.3559243,3.2033222,1.6693028
2021-05-25,5.6634253,2.9514115,4.0372594,2.1039257,4.5223331,2.3567268,3.225884,1.6810591
2021-05-26,5.6660346,2.9527696,4.0391194,2.1048938,4.5239403,2.3575631,3.2170972,1.6764793
2021-05-27,5.6664711,2.9529955,4.0394307,2.1050549,4.5230087,2.3570764,3.2038728,1.6695869
2021-05-28,5.6707703,2.9552343,4.0424954,2.1066508,4.5251268,2.3581789,3.2163682,1.6760976
2021-06-01,5.6615882,2.950446,4.0359498,2.1032374,4.5188793,2.3549205,3.2163717,1.6760976
2021-06-02,5.6709635,2.9553302,4.0426331,2.1067191,4.5255656,2.3584036,3.2163735,1.6760976
2021-06-03,5.6708123,2.9552497,4.0425253,2.1066618,4.5324651,2.3619979,3.2163753,1.6760976
2021-06-04,5.6504498,2.9446365,4.0280096,2.0990961,4.5091886,2.3498665,3.216377,1.6760976
2021-06-07,5.6536262,2.9462871,4.030274,2.1002727,4.5121187,2.3513896,3.2163823,1.6760976
2021-06-08,5.6378623,2.9380704,4.0190364,2.0944154,4.4973187,2.3436756,3.2163841,1.6760976
2021-06-09,5.6222874,2.9299522,4.0079336,2.0886283,4.4821817,2.3357861,3.2163858,1.6760976
2021-06-10,5.6203389,2.9289343,4.0065446,2.0879028,4.4786385,2.3339377,3.2163885,1.6760976
2021-06-11,5.6170944,2.9272411,4.0042317,2.0866957,4.4775875,2.3333881,3.2163911,1.6760976
2021-06-14,5.6107691,2.9239376,3.9997226,2.0843408,4.4786112,2.3339158,3.2163991,1.6760976
2021-06-15,5.6043973,2.9206147,3.9951804,2.081972,4.4738472,2.3314312,3.2164017,1.6760976
2021-06-16,5.6091492,2.9230886,3.9985678,2.0837356,4.484754,2.3371131,3.2164043,1.6760976
2021-06-17,5.6314484,2.9347062,4.0144642,2.0920172,4.4943692,2.3421213,3.2164079,1.6760976
2021-06-18,5.6427033,2.9405682,4.0224874,2.096196,4.5035856,2.3469216,3.2164114,1.6760976
2021-06-21,5.6398427,2.9390654,4.0204482,2.0951247,4.5042353,2.3472505,3.2164246,1.6760976
2021-06-22,5.6289781,2.9333995,4.0127032,2.0910858,4.4975916,2.3437851,3.216429,1.6760976
2021-06-23,5.6319214,2.9349301,4.0148013,2.0921769,4.4955564,2.342722,3.2164325,1.6760976
2021-06-24,5.6322011,2.9350719,4.0150156,2.0922857,4.4956805,2.3427834,3.2152715,1.6754902
2021-06-25,5.6218242,2.9296602,4.0082203,2.0887417,4.4900497,2.3398459,3.1922386,1.6634854
2021-06-28,5.6354817,2.936763,4.0175025,2.0935684,4.4987187,2.344352,3.2159755,1.6758466
2021-06-29,5.6321045,2.934999,4.0152477,2.0923906,4.4931573,2.3414506,3.2161778,1.6759497
2021-06-30,5.6369729,2.9375328,4.0183773,2.0940192,4.4936525,2.3417061,3.2338939,1.6851797
2021-07-01,5.6367624,2.9374191,4.017733,2.0936805,4.493401,2.3415718,3.2338983,1.6851797
2021-07-02,5.6355309,2.9367734,4.0168553,2.0932203,4.4926535,2.3411791,3.2339027,1.6851797
2021-07-06,5.6122227,2.9246109,4.0002418,2.0845513,4.4810188,2.3351033,3.2339204,1.6851797
2021-07-07,5.59121,2.9136569,3.9852645,2.0767437,4.4734112,2.3311357,3.2339249,1.6851797
2021-07-08,5.5679044,2.901508,3.9686529,2.0680845,4.4603215,2.3243113,3.2339293,1.6851797
2021-07-09,5.6063934,2.9215604,3.9960868,2.082377,4.4776179,2.3333208,3.2339346,1.6851797
2021-07-12,5.613142,2.9250627,4.000897,2.0848734,4.4818121,2.3354949,3.2339506,1.6851797
2021-07-13,5.6005498,2.9184968,3.9919216,2.0801934,4.4721919,2.3304786,3.233955,1.6851797
2021-07-14,5.6278557,2.9327222,4.0113845,2.0903327,4.4845621,2.3369216,3.2339594,1.6851797
2021-07-15,5.6408332,2.9394801,4.0206346,2.0951495,4.4898167,2.3396559,3.2339647,1.6851797
2021-07-16,5.6410842,2.9396068,4.0208135,2.0952399,4.4899451,2.3397196,3.2339692,1.6851797
2021-07-19,5.6744586,2.9569864,4.0446019,2.1076273,4.5063714,2.3482698,3.2339825,1.6851797
2021-07-20,5.6678557,2.9535415,4.0398955,2.105172,4.5027397,2.3463741,3.2339869,1.6851797
2021-07-21,5.6893536,2.9647401,4.0552186,2.1131539,4.5122358,2.3513193,3.2339913,1.6851797
2021-07-22,5.6860384,2.9630085,4.0528556,2.1119196,4.5077853,2.3489969,3.2339958,1.6851797
2021-07-23,5.6908197,2.965496,4.0562636,2.1136926,4.5125746,2.3514894,3.2340002,1.6851797
2021-07-26,5.6889242,2.964496,4.0555369,2.1133053,4.5115267,2.3509336,3.2335157,1.6849203
2021-07-27,5.7074112,2.9741256,4.0586203,2.1149091,4.5143651,2.3524095,3.2415695,1.6891147
2021-07-28,5.701325,2.97095,4.0567067,2.1139091,4.5131578,2.3517772,3.2396456,1.6881099
2021-07-29,5.6942223,2.9672447,4.0565611,2.1138303,4.5124312,2.3513953,3.2357304,1.6860674
2021-07-30,5.7200009,2.980673,4.0654482,2.1184578,4.5223171,2.3565429,3.2432955,1.6900066
2021-08-02,5.733098,2.9874831,4.0747569,2.123298,4.5326719,2.3619271,3.2433115,1.6900066
2021-08-03,5.7349387,2.9884382,4.0760651,2.1239768,4.5341271,2.3626822,3.2433159,1.6900066
2021-08-04,5.7356507,2.9888051,4.0765712,2.1242376,4.5343817,2.3628116,3.2433203,1.6900066
2021-08-05,5.7437296,2.9930109,4.0823132,2.1272268,4.5453526,2.3685251,3.2433248,1.6900066
2021-08-06,5.7791572,3.0114678,4.1074931,2.1403447,4.5925673,2.3931249,3.2433292,1.6900066
2021-08-09,5.787565,3.0158342,4.1134689,2.143448,4.6038831,2.3990096,3.2433452,1.6900066
2021-08-10,5.8064483,3.0256691,4.12689,2.150438,4.6261075,2.4105865,3.2433506,1.6900066
2021-08-11,5.8095147,3.0272629,4.1290695,2.1515707,4.6268038,2.410946,3.243355,1.6900066
2021-08-12,5.8134407,3.0293045,4.1318599,2.1530218,4.6313115,2.4132915,3.2433594,1.6900066
2021-08-13,5.8329353,3.0394579,4.1457155,2.1602381,4.6718977,2.4344363,3.2433648,1.6900066
2021-08-16,5.8422128,3.0442773,4.1523094,2.1636634,4.6881729,2.442905,3.2433808,1.6900066
2021-08-17,5.8380203,3.0420876,4.1493297,2.1621071,4.6849715,2.4412328,3.2433861,1.6900066
2021-08-18,5.8398518,3.0430361,4.1506313,2.1627813,4.6845373,2.4410019,3.2433923,1.6900066
2021-08-19,5.8432547,3.0448035,4.15305,2.1640374,4.6942728,2.4460701,3.2433985,1.6900066
2021-08-20,5.8497743,3.0481957,4.1576837,2.1664483,4.7011682,2.4496591,3.2434039,1.6900066
2021-08-23,5.8469581,3.0467157,4.1556821,2.1653965,4.6982652,2.4481364,3.2434172,1.6900066
2021-08-24,5.8484733,3.0475011,4.156759,2.1659546,4.6971972,2.4475765,3.2434216,1.6900066
2021-08-25,5.8527636,3.0497325,4.1599408,2.1676096,4.6981526,2.448071,3.2424646,1.6895056
2021-08-26,5.8485493,3.0475315,4.1558145,2.1654559,4.6938602,2.4458303,3.246461,1.6915852
2021-08-27,5.8660055,3.0566233,4.1677757,2.1716856,4.7100873,2.4542824,3.2581805,1.6976894
2021-08-30,5.8771545,3.0624202,4.1745788,2.1752215,4.718858,2.4588425,3.2663664,1.7019477
2021-08-31,5.8737804,3.0606579,4.1735652,2.1746904,4.7171265,2.4579369,3.261661,1.6994937
2021-09-01,5.8744236,3.0609896,4.1733134,2.1745568,4.7172838,2.4580162,3.2616646,1.6994937
2021-09-02,5.8685772,3.0579391,4.16916,2.1723896,4.7078879,2.4531169,3.2616691,1.6994937
2021-09-03,5.8806796,3.0642411,4.1777578,2.1768666,4.7272989,2.4632279,3.2616736,1.6994937
2021-09-07,5.8948317,3.0715985,4.1878117,2.1820934,4.7505832,2.4753471,3.2616914,1.6994937
2021-09-08,5.8889707,3.0685403,4.1836479,2.1799209,4.7370966,2.4683163,3.2616959,1.6994937
2021-09-09,5.8889449,3.0685227,4.1836297,2.1799083,4.7268375,2.4629673,3.2617004,1.6994937
2021-09-10,5.8698363,3.0585625,4.1700545,2.1728325,4.7185799,2.4586619,3.2617039,1.6994937
2021-09-13,5.8807393,3.0642311,4.1778002,2.1768596,4.7232907,2.4611064,3.2617173,1.6994937
2021-09-14,5.8994015,3.0739502,4.1910582,2.1837641,4.7292193,2.4641915,3.2617227,1.6994937
2021-09-15,5.8944702,3.0713774,4.1875549,2.1819363,4.7319028,2.4655871,3.2617263,1.6994937
2021-09-16,5.8973212,3.0728595,4.1895803,2.1829892,4.7388542,2.4692065,3.2617298,1.6994937
2021-09-17,5.9004045,3.0744628,4.1917708,2.1841282,4.7438044,2.4717831,3.2617334,1.6994937
2021-09-20,5.890106,3.0690865,4.1844545,2.1803089,4.7278356,2.4634543,3.2617441,1.6994937
2021-09-21,5.8914452,3.0697809,4.1854059,2.1808022,4.7311772,2.4651928,3.2617477,1.6994937
2021-09-22,5.9017013,3.0751225,4.1926921,2.1845969,4.7381415,2.4688195,3.2617504,1.6994937
2021-09-23,5.9150333,3.0820666,4.2021634,2.1895301,4.7525858,2.4763437,3.2617531,1.6994937
2021-09-24,5.9200217,3.0846633,4.2063621,2.1917161,4.7602302,2.4803248,3.2607851,1.6989879
2021-09-27,5.9217268,3.0855442,4.2096825,2.1934407,4.7643483,2.4824645,3.2574103,1.6972254
2021-09-28,5.8931685,3.0706604,4.2040207,2.1904882,4.7608849,2.4806571,3.2344016,1.6852351
2021-09-29,5.8928345,3.070483,4.2070119,2.1920444,4.764329,2.482449,3.2307417,1.6833263
2021-09-30,5.9126533,3.0808063,4.2155368,2.1964839,4.7737881,2.4873749,3.2414599,1.6889091
2021-10-01,5.9272722,3.0884201,4.2276648,2.2028007,4.7866525,2.4940752,3.2414635,1.6889091
2021-10-04,5.9226476,3.0860003,4.2237843,2.2007715,4.7825584,2.4919337,3.2414741,1.6889091
2021-10-05,5.9296148,3.0896272,4.2287529,2.203358,4.7851656,2.4932895,3.2414777,1.6889091
2021-10-06,5.9276141,3.0885813,4.2273261,2.2026121,4.7860918,2.4937693,3.2414812,1.6889091
2021-10-07,5.9491971,3.0998238,4.2427182,2.2106296,4.7953335,2.4985819,3.2414848,1.6889091
2021-10-08,5.9644777,3.1077815,4.2536157,2.2163046,4.8027681,2.5024523,3.2414892,1.6889091
2021-10-12,5.9634015,3.1072037,4.2528482,2.2158926,4.8091901,2.5057847,3.241507,1.6889091
2021-10-13,5.9530596,3.10181,4.2454728,2.2120461,4.8030228,2.5025672,3.2415123,1.6889091
2021-10-14,5.9726484,3.1120124,4.2594427,2.2193219,4.8153273,2.5089748,3.2415168,1.6889091
2021-10-15,5.9389992,3.0944754,4.2354455,2.2068155,4.7925767,2.4971175,3.2415212,1.6889091
2021-10-18,5.935068,3.0924144,4.232642,2.2053457,4.7884776,2.4949714,3.2415345,1.6889091
2021-10-19,5.9266054,3.0879999,4.2266068,2.2021975,4.786933,2.4941625,3.2415399,1.6889091
2021-10-20,5.9206095,3.0848716,4.2223307,2.1999665,4.783302,2.4922672,3.2415443,1.6889091
2021-10-21,5.9405216,3.0952423,4.2365312,2.2073624,4.7983799,2.5001199,3.2415487,1.6889091
2021-10-22,5.9513175,3.1008624,4.2442304,2.2113703,4.8065339,2.5043643,3.2415541,1.6889091
2021-10-25,5.9450143,3.0975628,4.2397352,2.2090173,4.8025764,2.50229,3.2404801,1.6883412
2021-10-26,5.9459102,3.0980245,4.2403741,2.2093465,4.8014814,2.5017154,3.2450495,1.6907191
2021-10-27,5.938452,3.0941335,4.2350552,2.2065716,4.7929473,2.4972647,3.2847302,1.7113906
2021-10-28,5.9370831,3.0934151,4.234079,2.2060593,4.7926724,2.4971174,3.2716319,1.7045634
2021-10-29,5.9437448,3.096881,4.2388299,2.208531,4.7983808,2.5000875,3.2795734,1.7086982
2021-11-01,5.9364781,3.0930821,4.2336475,2.2058218,4.7929632,2.4972545,3.2795868,1.7086982
2021-11-02,5.9525954,3.1014754,4.2451417,2.2118075,4.8046061,2.5033173,3.2795913,1.7086982
2021-11-03,5.9521991,3.1012648,4.2448591,2.2116573,4.8042862,2.5031472,3.2795958,1.7086982
2021-11-04,5.9395716,3.0946812,4.2358537,2.2069622,4.7972669,2.4994866,3.2796003,1.7086982
2021-11-05,5.9177825,3.0833251,4.2203147,2.1988637,4.7833001,2.4922068,3.2796039,1.7086982
2021-11-08,5.9254449,3.0873047,4.2257792,2.2017017,4.7873208,2.4942915,3.2796174,1.7086982
2021-11-09,5.9194854,3.0841946,4.2215291,2.1994838,4.7775594,2.4892015,3.2796228,1.7086982
2021-11-10,5.9053472,3.0768249,4.2114463,2.1942281,4.7801593,2.4905534,3.2796264,1.7086982
2021-11-12,5.8979505,3.0729626,4.2061712,2.1914737,4.7752359,2.4879813,3.2796354,1.7086982
2021-11-15,5.8855341,3.0664807,4.1973164,2.1868512,4.763312,2.4817585,3.2796488,1.7086982
2021-11-16,5.8863687,3.0669114,4.1979117,2.1871583,4.7654685,2.4828787,3.2796533,1.7086982
2021-11-17,5.8811421,3.064184,4.1941842,2.1852133,4.7630277,2.4816036,3.2796578,1.7086982
2021-11-18,5.8853423,3.0663682,4.1971796,2.1867709,4.7639277,2.4820691,3.2796623,1.7086982
2021-11-19,5.8910884,3.0693578,4.2012775,2.188903,4.7637318,2.4819637,3.2796668,1.7086982
2021-11-22,5.9116342,3.0800499,4.2159299,2.196528,4.7963206,2.4989326,3.2796803,1.7086982
2021-11-23,5.9150379,3.0818191,4.2184504,2.1978382,4.7963272,2.4989326,3.2787434,1.7082077
2021-11-24,5.9167618,3.0827122,4.2160928,2.1966062,4.796328,2.498929,3.2902367,1.7141929
2021-11-26,5.9885178,3.1200879,4.2628014,2.2209344,4.7959423,2.4987198,3.3516001,1.7461572
2021-11-29,5.9824878,3.1169308,4.2616826,2.2203406,4.7960771,2.4987777,3.336606,1.7383368
2021-11-30,5.990373,3.1210339,4.2616293,2.2203092,4.7958549,2.4986578,3.3707124,1.756103
2021-12-01,5.9951396,3.1235131,4.2656927,2.2224232,4.795492,2.4984653,3.370717,1.756103
2021-12-02,6.0077223,3.1300637,4.2746457,2.227084,4.7968818,2.4991853,3.3707225,1.756103
2021-12-03,5.992976,3.1223764,4.2641533,2.2216144,4.784544,2.4927539,3.3707271,1.756103
2021-12-06,6.0099259,3.1311921,4.2762136,2.2278869,4.7952586,2.4983239,3.3707438,1.756103
2021-12-07,6.0298368,3.1415605,4.2903807,2.2352642,4.8019915,2.5018276,3.3707493,1.756103
2021-12-08,6.0373956,3.1454935,4.2957589,2.2380626,4.8070226,2.5044447,3.3707548,1.756103
2021-12-09,6.0413539,3.1475498,4.2985754,2.2395256,4.8070318,2.5044447,3.3707613,1.756103
2021-12-10,6.0431158,3.1484626,4.2998291,2.2401751,4.8070397,2.5044447,3.3707669,1.756103
2021-12-13,6.0569508,3.1556551,4.309673,2.2452926,4.8070634,2.5044447,3.3707835,1.756103
2021-12-14,6.0498639,3.1519585,4.3046305,2.2426625,4.80707,2.5044447,3.3707881,1.756103
2021-12-15,6.047693,3.1508232,4.3030858,2.2418547,4.8070765,2.5044447,3.3707927,1.756103
2021-12-16,6.0468779,3.1503933,4.3025059,2.2415488,4.8070844,2.5044447,3.3707983,1.756103
2021-12-17,6.0438589,3.1488161,4.3003578,2.2404266,4.807091,2.5044447,3.3708029,1.756103
2021-12-20,6.0431962,3.1484579,4.2998862,2.2401717,4.8071108,2.5044447,3.3708167,1.756103
2021-12-21,6.0614421,3.1579579,4.3128687,2.2469311,4.8068722,2.5043156,3.3708232,1.756103
2021-12-22,6.0589117,3.1566335,4.3110682,2.2459888,4.8098936,2.5058849,3.3708297,1.756103
2021-12-23,6.0640309,3.1592936,4.3147107,2.2478815,4.8049842,2.5033217,3.370837,1.756103
2021-12-27,6.0723924,3.1636221,4.3214955,2.2513966,4.8071288,2.504417,3.3700276,1.7556658
2021-12-28,6.0686128,3.1616479,4.3226657,2.2520025,4.8051884,2.503402,3.3668207,1.7539923
2021-12-29,6.0340977,3.1436608,4.3190148,2.2500968,4.7990794,2.5002152,3.346931,1.7436276
2021-12-30,6.0589832,3.1566215,4.3264865,2.2539863,4.799086,2.5002152,3.3570571,1.7489005
2021-12-31,6.0595699,3.1569228,4.3276748,2.2546023,4.7990925,2.5002152,3.3563708,1.7485406
2022-01-03,6.0240489,3.1384014,4.3011174,2.2407554,4.7991162,2.5002152,3.3563874,1.7485406
2022-01-04,6.0209217,3.1367645,4.2988826,2.2395857,4.799128,2.5002152,3.3563957,1.7485406
2022-01-05,6.0254813,3.1391331,4.3021382,2.2412768,4.7991386,2.5002152,3.356403,1.7485406
2022-01-06,6.0349396,3.1440529,4.3088913,2.2447894,4.7991504,2.5002152,3.3564113,1.7485406
2022-01-07,6.0441596,3.1488477,4.3154743,2.2482128,4.7991635,2.5002152,3.3564205,1.7485406
2022-01-10,6.0519755,3.1528936,4.3210547,2.2511015,4.799203,2.5002152,3.3564481,1.7485406
2022-01-11,6.0443407,3.1489049,4.3156036,2.2482537,4.7989492,2.5000741,3.35646,1.7485406
2022-01-12,6.0438509,3.1486394,4.3152538,2.2480641,4.7989284,2.5000551,3.3564711,1.7485406
2022-01-13,6.0450553,3.1492565,4.3161138,2.2485047,4.7956488,2.4983383,3.3564821,1.7485406
2022-01-14,6.0241017,3.1383301,4.3011531,2.2407034,4.8042475,2.5028096,3.3564931,1.7485406
2022-01-18,6.010933,3.131425,4.2917508,2.2357733,4.8106037,2.5060853,3.356541,1.7485406
2022-01-19,6.0098851,3.1308645,4.2910026,2.2353732,4.8058665,2.5036058,3.3565566,1.7485406
2022-01-20,6.0153521,3.133698,4.294906,2.2373962,4.80645,2.5038981,3.3565722,1.7485406
2022-01-21,6.0033635,3.127437,4.2863462,2.232926,4.8097663,2.5056133,3.3565888,1.7485406
2022-01-24,5.9954869,3.12329,4.2807224,2.2299652,4.8087976,2.5050737,3.3566357,1.7485406
2022-01-25,5.9974214,3.1242807,4.2826015,2.2309318,4.8072117,2.5042338,3.3562636,1.7483372
2022-01-26,5.9669436,3.1083865,4.2746386,2.2267715,4.8049559,2.503045,3.3454667,1.7427033
2022-01-27,5.973941,3.1120155,4.2716118,2.2251832,4.8049809,2.503045,3.3517761,1.745981
2022-01-28,5.9922747,3.1215491,4.278665,2.2288451,4.8050073,2.503045,3.3565465,1.7484564
2022-01-31,5.9855999,3.1180232,4.276101,2.2274747,4.8050823,2.503045,3.3548715,1.7475565
2022-02-01,5.9834399,3.1168776,4.2745579,2.2266563,4.8051139,2.503045,3.3548936,1.7475565
2022-02-02,5.984152,3.1172314,4.2750666,2.226909,4.8050206,2.5029827,3.3549119,1.7475565
2022-02-03,5.9890297,3.1197552,4.2785513,2.228712,4.8068068,2.5038994,3.3549303,1.7475565
2022-02-04,6.0321027,3.1421745,4.3093226,2.2447281,4.8165459,2.5089582,3.3549496,1.7475565
2022-02-07,6.0274612,3.1396973,4.3060067,2.2429584,4.8155461,2.5083899,3.355013,1.7475565
2022-02-08,6.0423896,3.1474494,4.3166715,2.2484964,4.8189538,2.5101457,3.3550388,1.7475565
2022-02-09,6.0362017,3.1442029,4.3122508,2.2461771,4.8174277,2.5093323,3.3550636,1.7475565
2022-02-10,6.0098564,3.1304566,4.2934298,2.2363569,4.8230209,2.5122271,3.3550884,1.7475565
2022-02-11,6.0384648,3.1453231,4.3138676,2.2469774,4.82259,2.5119744,3.3551261,1.7475565
2022-02-14,6.018642,3.1349022,4.2997063,2.2395328,4.8235987,2.5124235,3.3552281,1.7475565
2022-02-15,6.0075565,3.1290895,4.2917868,2.2353803,4.8250516,2.5131493,3.3552695,1.7475565
2022-02-16,5.9967589,3.1234303,4.284073,2.2313374,4.8230284,2.5120672,3.3553072,1.7475565
2022-02-17,5.9891101,3.119413,4.2786087,2.2284675,4.8292244,2.5152676,3.355343,1.7475565
2022-02-18,5.9849447,3.1172119,4.2756329,2.2268951,4.8351328,2.5183194,3.3553771,1.7475565
2022-02-22,5.9983912,3.1240958,4.286222,2.2323248,4.8343093,2.5177939,3.3547344,1.7471548
2022-02-23,5.9722218,3.1104328,4.2869899,2.2327009,4.8286055,2.5147964,3.3395334,1.7392194
2022-02-24,5.9941527,3.1218241,4.2907283,2.2346258,4.8284043,2.5146668,3.3489175,1.7440894
2022-02-25,5.9831351,3.1160578,4.2865865,2.2324486,4.8284479,2.5146668,3.3460249,1.7425672
2022-02-28,6.112279,3.1832323,4.3240658,2.2519072,4.8285789,2.5146668,3.3890829,1.764944
2022-03-01,6.1654828,3.2109082,4.3617042,2.2714859,4.8286278,2.5146668,3.3891172,1.764944
2022-03-02,6.1451126,3.2002715,4.3472935,2.2639612,4.8284898,2.5145728,3.3891469,1.764944
2022-03-03,6.1481435,3.2018211,4.3494378,2.2650574,4.8285003,2.5145556,3.3891776,1.764944
2022-03-04,6.112799,3.1833819,4.3244336,2.252013,4.8198084,2.5100035,3.3892119,1.764944
2022-03-07,6.1287635,3.1916095,4.3357276,2.2578334,4.8227381,2.5114612,3.3893038,1.764944
2022-03-08,6.1571943,3.2063818,4.3558406,2.2682838,4.8285219,2.5144469,3.3893391,1.764944
2022-03-09,6.1686705,3.2123265,4.3639593,2.2724892,4.8341041,2.5173291,3.3893726,1.764944
2022-03-10,6.1731435,3.2146224,4.3671237,2.2741134,4.8341545,2.5173291,3.3894079,1.764944
2022-03-11,6.1704321,3.2131769,4.3652056,2.2730908,4.8342048,2.5173291,3.3894431,1.764944
2022-03-14,6.1416207,3.1980707,4.3448232,2.2624043,4.8343598,2.5173291,3.3895518,1.764944
2022-03-15,6.1396768,3.1970191,4.3434481,2.2616603,4.8344194,2.5173291,3.3895936,1.764944
2022-03-16,6.1390148,3.1966341,4.3429797,2.261388,4.8341691,2.5171671,3.3896363,1.764944
2022-03-17,6.1416215,3.1979537,4.3448238,2.2623215,4.8391394,2.5197255,3.3896762,1.764944
2022-03-18,6.1319852,3.1929011,4.3380067,2.2587471,4.8303997,2.5151471,3.3897134,1.764944
2022-03-21,6.1505304,3.2024499,4.3511263,2.2655022,4.8476539,2.5240465,3.3898276,1.764944
2022-03-22,6.1659649,3.2104381,4.3620453,2.2711533,4.8526039,2.5265858,3.3898787,1.764944
2022-03-23,6.1409811,3.1973848,4.3443708,2.2619191,4.8446706,2.5224199,3.389926,1.764944
2022-03-24,6.1484517,3.2012307,4.3496558,2.2646398,4.8464283,2.5233005,3.3899725,1.764944
2022-03-25,6.1868029,3.2211547,4.3776282,2.2791725,4.8374851,2.5186096,3.3893633,1.7646026
2022-03-28,6.2010529,3.2284336,4.3803246,2.2804771,4.8394357,2.5195155,3.3952299,1.7675801
2022-03-29,6.2302023,3.2435565,4.3837222,2.2822084,4.8428471,2.5212501,3.4086122,1.774518
2022-03-30,6.2820524,3.2705008,4.3995362,2.2904064,4.8468935,2.5233181,3.4247359,1.7828847
2022-03-31,6.3042384,3.2820018,4.4054455,2.2934483,4.8469666,2.5233181,3.4322825,1.7867865
2022-04-01,6.2662409,3.2621743,4.3788926,2.2795929,4.8470343,2.5233181,3.4323304,1.7867865
2022-04-04,6.2652418,3.2615148,4.3781945,2.2791321,4.8472415,2.5233181,3.4324771,1.7867865
2022-04-05,6.2593926,3.25841,4.374107,2.2769624,4.8473304,2.5233181,3.4325401,1.7867865
2022-04-06,6.2644144,3.2609662,4.3776163,2.2787487,4.8474168,2.5233181,3.4326012,1.7867865
2022-04-07,6.275991,3.2669325,4.3857061,2.2829179,4.8475057,2.5233181,3.4326642,1.7867865
2022-04-08,6.2971835,3.2779033,4.4005156,2.2905843,4.8475961,2.5233181,3.4327282,1.7867865
2022-04-11,6.3133052,3.2861093,4.4117815,2.2963186,4.847871,2.5233181,3.4329229,1.7867865
2022-04-12,6.31678,3.2878478,4.4142098,2.2975334,4.8477468,2.5231995,3.4329962,1.7867865
2022-04-13,6.3157007,3.2872193,4.4134555,2.2970942,4.8459822,2.5222299,3.4330658,1.7867865
2022-04-14,6.2947914,3.2762688,4.3988439,2.2894421,4.856876,2.5278481,3.4331364,1.7867865
2022-04-18,6.2932589,3.2751911,4.397773,2.288689,4.8598439,2.5291767,3.4334298,1.7867865
2022-04-19,6.2743502,3.2652769,4.3845595,2.281761,4.8661939,2.5324245,3.433507,1.7867865
2022-04-20,6.280354,3.268328,4.388755,2.2838931,4.8558288,2.5269735,3.4335841,1.7867865
2022-04-21,6.2855042,3.2709348,4.392354,2.2857147,4.8523528,2.5251078,3.4336613,1.7867865
2022-04-22,6.2837819,3.269965,4.3911504,2.285037,4.8506932,2.5241875,3.4337384,1.7867865
2022-04-25,6.2650991,3.2600225,4.3788797,2.2784977,4.8584113,2.5280337,3.433356,1.7864671
2022-04-26,6.2688792,3.2619064,4.3687921,2.2731907,4.8613112,2.5294782,3.4434244,1.7916605
2022-04-27,6.2421234,3.2479094,4.3655642,2.2714588,4.856682,2.5270113,3.4313512,1.7853374
2022-04-28,6.226028,3.2394616,4.3634554,2.2703106,4.8567911,2.5270113,3.424238,1.7815962
2022-04-29,6.1963462,3.223946,4.3556612,2.2662048,4.8568989,2.5270113,3.4141059,1.7762851
2022-05-02,6.1867482,3.2187323,4.3489144,2.2625399,4.8572302,2.5270113,3.4143389,1.7762851
2022-05-03,6.1828898,3.2166455,4.3462022,2.2610731,4.85735,2.5270113,3.414423,1.7762851
2022-05-04,6.1845623,3.2174363,4.3473778,2.261629,4.8572782,2.5269117,3.4145072,1.7762851
2022-05-05,6.1939803,3.2222583,4.3539981,2.2650185,4.8662594,2.531523,3.4145896,1.7762851
2022-05-06,6.2110681,3.2310737,4.3660098,2.2712151,4.878743,2.5379589,3.4146681,1.7762851
2022-05-09,6.1939503,3.2219457,4.353977,2.2647987,4.8698786,2.5331724,3.4149039,1.7762851
2022-05-10,6.1797049,3.2144544,4.3439634,2.2595329,4.8589935,2.5274464,3.41499,1.7762851
2022-05-11,6.1632469,3.2058152,4.3323944,2.2534601,4.845906,2.5205772,3.4150732,1.7762851
2022-05-12,6.1676208,3.2080112,4.335469,2.2550038,4.8435114,2.5192696,3.4151574,1.7762851
2022-05-13,6.1541759,3.2009345,4.326018,2.2500294,4.8378082,2.5162376,3.4152463,1.7762851
2022-05-16,6.1624366,3.2049654,4.3318248,2.2528628,4.8410599,2.51772,3.4155298,1.7762851
2022-05-17,6.1386671,3.1925093,4.3151162,2.2441071,4.8326389,2.5132666,3.41563,1.7762851
2022-05-18,6.1413572,3.1938156,4.3170072,2.2450253,4.8360952,2.5149911,3.4157292,1.7762851
2022-05-19,6.1340776,3.1899407,4.3118901,2.2423015,4.8377569,2.515785,3.4158246,1.7762851
2022-05-20,6.1309498,3.1882232,4.3096914,2.2410942,4.8451979,2.5195828,3.4159219,1.7762851
2022-05-23,6.1391746,3.1922356,4.315473,2.2439147,4.8364514,2.5148254,3.4162055,1.7762851
2022-05-24,6.1156325,3.1799006,4.2996329,2.2356125,4.8470146,2.5202442,3.4157447,1.7759934
2022-05-25,6.1157013,3.1798449,4.2967058,2.2340263,4.8490204,2.5212147,3.4182067,1.7772225
2022-05-26,6.1176481,3.1807657,4.2979239,2.2345953,4.8491599,2.5212147,3.4184241,1.7772844
2022-05-27,6.1197601,3.1817714,4.2964338,2.2337557,4.8493008,2.5212147,3.4208888,1.7785141
2022-05-31,6.0540207,3.1472228,4.2812697,2.2256122,4.8498641,2.5212147,3.3966124,1.7656863
2022-06-01,6.0339465,3.1366896,4.2670736,2.2181635,4.8497425,2.5210734,3.3967175,1.7656863
2022-06-02,6.0350213,3.1371521,4.2678337,2.2184906,4.8476535,2.5199101,3.3968218,1.7656863
2022-06-03,6.0409387,3.140131,4.2720183,2.2205971,4.8520831,2.5221347,3.3969269,1.7656863
2022-06-06,6.0630882,3.1513425,4.287682,2.2285256,4.861017,2.5265361,3.3972536,1.7656863
2022-06-07,6.0478187,3.1432998,4.2768837,2.2228381,4.8545964,2.5231138,3.3973681,1.7656863
2022-06-08,6.0549896,3.1469201,4.2819548,2.2253982,4.8598447,2.5257558,3.3974835,1.7656863
2022-06-09,6.0499339,3.1441847,4.2783795,2.2234638,4.8600111,2.5257558,3.3975999,1.7656863
2022-06-10,6.0242103,3.1307075,4.2601883,2.2139332,4.8601789,2.5257558,3.3977171,1.7656863
2022-06-13,5.9699321,3.102155,4.221804,2.1937418,4.8607142,2.5257558,3.3980914,1.7656863
2022-06-14,5.9622485,3.0980187,4.2163704,2.1908167,4.8608942,2.5257324,3.3982487,1.7656863
2022-06-15,5.9691284,3.1014425,4.2212356,2.1932379,4.859674,2.5249752,3.3984144,1.7656863
2022-06-16,5.9689651,3.101214,4.2211201,2.1930763,4.8589818,2.5244986,3.3985718,1.7656863
2022-06-17,5.9669315,3.1000266,4.2196821,2.1922366,4.8584488,2.5241152,3.3987152,1.7656863
2022-06-21,5.9763769,3.1043971,4.2263617,2.1953273,4.8607136,2.5248547,3.3993036,1.7656863
2022-06-22,5.9345338,3.0825207,4.1967711,2.179857,4.8583101,2.5234914,3.3994582,1.7656863
2022-06-23,5.9224522,3.0761127,4.1882273,2.1753255,4.858519,2.5234914,3.3996045,1.7656863
2022-06-24,5.9234104,3.0764763,4.1895568,2.1759213,4.8587307,2.5234914,3.3992234,1.7654115
2022-06-27,5.9065186,3.0672834,4.1954304,2.1786749,4.8593936,2.5234914,3.385228,1.757902
2022-06-28,5.9055272,3.0666215,4.1946067,2.1781427,4.8596266,2.5234914,3.3854868,1.7579521
2022-06-29,5.9692932,3.0995869,4.21363,2.1879166,4.8598596,2.5234914,3.4068508,1.7689613
2022-06-30,6.0448193,3.1386573,4.2357769,2.1993126,4.8600899,2.5234914,3.4322107,1.7820452
2022-07-01,6.0705073,3.1518525,4.2537772,2.2085588,4.860311,2.5234914,3.4323668,1.7820452
2022-07-05,6.0794863,3.1559411,4.260069,2.2114237,4.8611951,2.5234914,3.4329912,1.7820452
2022-07-06,6.0910249,3.1617701,4.2681545,2.2155082,4.8614429,2.5234914,3.4331661,1.7820452
2022-07-07,6.1079168,3.1703782,4.2799911,2.22154,4.8616893,2.5234914,3.4333401,1.7820452
2022-07-08,6.1279108,3.1805922,4.2940015,2.2286971,4.861941,2.5234914,3.4335179,1.7820452
2022-07-11,6.1074496,3.1694728,4.2796637,2.2209056,4.8627043,2.5234914,3.4340569,1.7820452
2022-07-12,6.1014507,3.1661747,4.2754601,2.2185946,4.862988,2.5234914,3.4342573,1.7820452
2022-07-13,6.0954522,3.1628746,4.2712568,2.2162821,4.8632758,2.5234914,3.4344606,1.7820452
2022-07-14,6.0885199,3.1590756,4.2663992,2.2136201,4.8635863,2.5234914,3.4346798,1.7820452
2022-07-15,6.0919233,3.1606398,4.268784,2.2147161,4.8638967,2.5234914,3.4348991,1.7820452
2022-07-18,6.0905217,3.1593177,4.2678018,2.2137897,4.8648122,2.5234914,3.4355456,1.7820452
2022-07-19,6.0922336,3.1599945,4.2690014,2.214264,4.8651374,2.5234914,3.4357752,1.7820452
2022-07-20,6.0973192,3.1624194,4.2725651,2.2159632,4.8654653,2.5234914,3.4360068,1.7820452
2022-07-21,6.077646,3.1520044,4.2587795,2.2086651,4.8657906,2.5234914,3.4362365,1.7820452
2022-07-22,6.0586254,3.1419326,4.2454512,2.2016077,4.8661105,2.5234914,3.4364624,1.7820452
2022-07-25,6.0610065,3.1425451,4.247433,2.2021993,4.8670744,2.5234914,3.4368896,1.7819138
2022-07-26,6.0605439,3.1420857,4.2470993,2.2018724,4.8674144,2.5234914,3.4371374,1.7819178
2022-07-27,6.0694773,3.1465037,4.2495824,2.2030102,4.8677452,2.5234914,3.4404278,1.7835025
2022-07-28,6.0908498,3.1573792,4.2519118,2.2040747,4.8680612,2.5234914,3.4508801,1.7888051
2022-07-29,6.0900922,3.1567832,4.250421,2.20316,4.8683746,2.5234914,3.451883,1.7892098
2022-08-01,6.0969306,3.1597207,4.2551937,2.2052101,4.869311,2.5234914,3.4525469,1.7892098
2022-08-02,6.0766847,3.1490136,4.2410636,2.1977375,4.8696418,2.5234914,3.4527815,1.7892098
2022-08-03,6.0790063,3.1500027,4.2426839,2.1984279,4.8697649,2.5233837,3.4530161,1.7892098
2022-08-04,6.0747309,3.1475767,4.2397,2.1967347,4.8656493,2.5210825,3.4532469,1.7892098
2022-08-05,6.1119209,3.1666386,4.2656558,2.2100383,4.8878799,2.5324345,3.4534749,1.7892098
2022-08-08,6.0992599,3.1594334,4.2568194,2.2050096,4.8774019,2.5264896,3.4541789,1.7892098
2022-08-09,6.1068669,3.1631514,4.2621285,2.2076045,4.8812913,2.5283265,3.4544221,1.7892098
2022-08-10,6.112717,3.1659579,4.2662114,2.2095632,4.8827425,2.5288994,3.4546663,1.7892098
2022-08-11,6.1251161,3.1721578,4.274865,2.2138901,4.8866847,2.5307638,3.4549086,1.7892098
2022-08-12,6.1260076,3.1724004,4.2754872,2.2140595,4.8928193,2.5337661,3.4551471,1.7892098
2022-08-15,6.1332356,3.1754839,4.2805318,2.2162115,4.9002359,2.53708,3.4558656,1.7892098
2022-08-16,6.1266522,3.1718465,4.2759371,2.2136729,4.8970091,2.5352265,3.4561146,1.7892098
2022-08-17,6.1242568,3.1703796,4.2742653,2.2126491,4.8869,2.5298116,3.4563617,1.7892098
2022-08-18,6.1215568,3.1687568,4.2723809,2.2115166,4.8888275,2.53063,3.456607,1.7892098
2022-08-19,6.1280648,3.1718991,4.276923,2.2137096,4.8858641,2.528915,3.4568542,1.7892098
2022-08-22,6.1387429,3.1767378,4.2843755,2.2170866,4.8854723,2.5281635,3.4576042,1.7892098
2022-08-23,6.1378175,3.1760205,4.2837296,2.216586,4.8854773,2.5279763,3.4578638,1.7892098
2022-08-24,6.1325683,3.1730684,4.2800661,2.2145257,4.8835638,2.5267984,3.4581205,1.7892098
2022-08-25,6.1295066,3.1712469,4.278565,2.2135834,4.883929,2.5267984,3.4578655,1.7889441
2022-08-26,6.1192814,3.1657152,4.2739494,2.2110268,4.884301,2.5267984,3.4560908,1.7878896
2022-08-29,6.0784733,3.1438804,4.265601,2.2062028,4.885417,2.5267984,3.4405835,1.7794589
2022-08-30,6.0788735,3.1438385,4.2633412,2.2048593,4.8858039,2.5267984,3.4429051,1.7805188
2022-08-31,6.059709,3.133679,4.2605875,2.2032612,4.8861894,2.5267984,3.4345463,1.7760555
2022-09-01,6.0520979,3.1294966,4.2552361,2.2003206,4.8865736,2.5267984,3.4348164,1.7760555
2022-09-02,6.0522047,3.1293049,4.2553112,2.2001858,4.8866796,2.5266539,3.4350874,1.7760555
2022-09-06,6.0714581,3.1382826,4.2688483,2.2064979,4.9022158,2.5338978,3.4361603,1.7760555
2022-09-07,6.0560316,3.1300543,4.2580019,2.2007127,4.8853184,2.5249582,3.436439,1.7760555
2022-09-08,6.0640374,3.1339365,4.2636308,2.2034423,4.8924197,2.5284223,3.4367195,1.7760555
2022-09-09,6.0745789,3.1391294,4.2710425,2.2070933,4.9002396,2.5322579,3.4369992,1.7760555
2022-09-12,6.0841191,3.1432906,4.2777502,2.210019,4.914467,2.5389899,3.437841,1.7760555
2022-09-13,6.0656665,3.1334912,4.2647762,2.2031291,4.9113492,2.5371642,3.438132,1.7760555
2022-09-14,6.0664898,3.1336426,4.265355,2.2032356,4.9105134,2.5365107,3.4384325,1.7760555
2022-09-15,6.0599065,3.1299724,4.2607263,2.2006551,4.9121851,2.537156,3.4387283,1.7760555
2022-09-16,6.0632578,3.1314358,4.2630826,2.201684,4.915102,2.5384456,3.4390223,1.7760555
2022-09-19,6.0518753,3.1247593,4.2550796,2.1969899,4.9150752,2.5377851,3.4398985,1.7760555
2022-09-20,6.050507,3.1237712,4.2541175,2.1962951,4.9191009,2.5396349,3.4402086,1.7760555
2022-09-21,6.0588782,3.1278141,4.2600033,2.1991376,4.9195403,2.5396349,3.4405158,1.7760555
2022-09-22,6.0773919,3.1370965,4.2730203,2.205664,4.9199729,2.5396349,3.4408184,1.7760555
2022-09-23,6.0866635,3.1416082,4.2795392,2.2088362,4.9204029,2.5396349,3.4411191,1.7760555
2022-09-26,6.1078822,3.1517545,4.2951898,2.2163476,4.9216647,2.5396349,3.4414132,1.7757518
2022-09-27,6.0695487,3.1316889,4.2944991,2.2157908,4.9221097,2.5396349,3.4206792,1.7648926
2022-09-28,6.1926099,3.1949048,4.3075178,2.22231,4.9225493,2.5396349,3.4799699,1.795326
2022-09-29,6.1577401,3.1766267,4.2950746,2.2156901,4.922993,2.5396349,3.4707409,1.7904028
2022-09-30,6.1088258,3.1511093,4.2822545,2.2088788,4.9234327,2.5396349,3.4538405,1.7815248
2022-10-03,6.1484919,3.1707363,4.3100602,2.2226369,4.9247357,2.5396349,3.4547546,1.7815248
2022-10-04,6.1556503,3.1741377,4.3150782,2.2250213,4.9251864,2.5396349,3.4550707,1.7815248
2022-10-05,6.1624839,3.1773727,4.3198685,2.227289,4.9256344,2.5396349,3.455385,1.7815248
2022-10-06,6.1776213,3.1848876,4.3304798,2.2325568,4.9260837,2.5396349,3.4557003,1.7815248
2022-10-07,6.1956738,3.1939049,4.3431345,2.2388778,4.9265318,2.5396349,3.4560146,1.7815248
2022-10-11,6.205227,3.1976711,4.3498312,2.2415178,4.9283189,2.5396349,3.4572682,1.7815248
2022-10-12,6.2029729,3.1962003,4.3482511,2.2404868,4.9287955,2.5396349,3.4576026,1.7815248
2022-10-13,6.2006716,3.1947027,4.3466379,2.239437,4.9292762,2.5396349,3.4579398,1.7815248
2022-10-14,6.1953173,3.1916255,4.3428846,2.23728,4.9297678,2.5396349,3.4582847,1.7815248
2022-10-17,6.194861,3.190433,4.3425647,2.236444,4.9312467,2.5396349,3.4593222,1.7815248
2022-10-18,6.1955526,3.1904553,4.3430495,2.2364596,4.9317628,2.5396349,3.4596842,1.7815248
2022-10-19,6.1943859,3.1895144,4.3422316,2.2358001,4.9322884,2.5396349,3.4600529,1.7815248
2022-10-20,6.1900442,3.1869372,4.3391881,2.2339935,4.9328168,2.5396349,3.4604236,1.7815248
2022-10-21,6.1566916,3.1694243,4.3158082,2.2217172,4.9333452,2.5396349,3.4607943,1.7815248
2022-10-24,6.1581012,3.1691339,4.3167963,2.2215137,4.9349266,2.5396349,3.4619036,1.7815248
2022-10-25,6.1449158,3.1620011,4.3082415,2.2168678,4.9354674,2.5396349,3.4617312,1.7812408
2022-10-26,6.1707436,3.1749474,4.3098155,2.2174366,4.9360042,2.5396349,3.475393,1.7880768
2022-10-27,6.2068138,3.1931634,4.3128747,2.2187712,4.936537,2.5396349,3.4936162,1.7972595
2022-10-28,6.1662745,3.1719619,4.3012676,2.2125598,4.9370712,2.5396349,3.4805782,1.7903578
2022-10-31,6.1208579,3.1475592,4.2922012,2.2071705,4.9386903,2.5396349,3.4634205,1.780945
2022-11-01,6.1185713,3.1460332,4.2905978,2.2061005,4.9392397,2.5396349,3.4638058,1.780945
2022-11-02,6.1194642,3.1461424,4.291224,2.206177,4.9394551,2.5394631,3.4641911,1.780945
2022-11-03,6.1246501,3.1484604,4.2948605,2.2078024,4.9449414,2.5420027,3.4645745,1.780945
2022-11-04,6.1349261,3.1533927,4.3020665,2.2112611,4.9634921,2.5512561,3.4649599,1.780945
2022-11-07,6.1502261,3.160215,4.3127954,2.2160452,4.9826149,2.5602424,3.4661047,1.780945
2022-11-08,6.1340416,3.1515421,4.3014462,2.2099635,4.9630135,2.5498815,3.466496,1.780945
2022-11-09,6.1437899,3.1561966,4.3082822,2.2132273,4.9648759,2.5505519,3.4668854,1.780945
2022-11-10,6.1429343,3.1554016,4.3076821,2.2126699,4.9607161,2.5481278,3.4672758,1.780945
2022-11-14,6.1338749,3.1493338,4.3013293,2.208415,4.9484284,2.5406739,3.4688299,1.780945
2022-11-15,6.141046,3.1526568,4.306358,2.2107451,4.9741189,2.5535746,3.4692252,1.780945
2022-11-16,6.135222,3.1493093,4.302274,2.2083978,5.0133261,2.5734129,3.4696187,1.780945
2022-11-17,6.1375808,3.1501629,4.3039281,2.2089963,4.9856275,2.5589029,3.4700122,1.780945
2022-11-18,6.1467951,3.1545358,4.3103895,2.2120627,4.9777693,2.5545801,3.4704049,1.780945
2022-11-21,6.1447008,3.152385,4.3089209,2.2105545,4.9783955,2.5540301,3.4715886,1.780945
2022-11-22,6.1509056,3.1552029,4.3132719,2.2125305,4.988658,2.558999,3.4719909,1.780945
2022-11-23,6.1654927,3.1623216,4.3240942,2.2178267,4.9976493,2.5633161,3.4719139,1.7807001
2022-11-25,6.1845329,3.171358,4.3303884,2.2205434,4.9988022,2.5633161,3.478383,1.7836072
2022-11-28,6.1761659,3.1659675,4.327048,2.2180603,5.000536,2.5633161,3.4775668,1.78257
2022-11-29,6.148016,3.1511645,4.3216278,2.2150205,5.0011251,2.5633161,3.4664825,1.7766783
2022-11-30,6.1776611,3.1659905,4.3264422,2.217229,5.0017102,2.5633161,3.4797413,1.783266
2022-12-01,6.1783838,3.1659905,4.3269483,2.217229,5.0022953,2.5633161,3.4801484,1.783266
2022-12-02,6.1790981,3.1659905,4.3274486,2.217229,5.0028737,2.5633161,3.4805507,1.783266
2022-12-05,6.1808681,3.1657993,4.3286882,2.2170951,5.004302,2.5631588,3.481758,1.783266
2022-12-06,6.1701475,3.1599379,4.3211801,2.2129902,4.9934762,2.5573141,3.4821653,1.783266
2022-12-07,6.1481811,3.1483185,4.3057962,2.2048528,4.9692046,2.5445847,3.4825726,1.783266
2022-12-08,6.1603022,3.1541631,4.3142851,2.2089459,4.9799188,2.5497783,3.4829734,1.783266
2022-12-09,6.1800776,3.1639281,4.3281346,2.2157846,5.0077497,2.5637367,3.4833713,1.783266
2022-12-12,6.1878236,3.1668041,4.3335594,2.2177988,5.0155504,2.5668474,3.4845709,1.783266
2022-12-13,6.1936909,3.1694346,4.3376685,2.219641,5.010423,2.5639217,3.4849805,1.783266
2022-12-14,6.1960703,3.1702823,4.3393348,2.2202347,5.0107082,2.5637684,3.4853872,1.783266
2022-12-15,6.1955017,3.169624,4.3389366,2.2197736,5.0049061,2.5605025,3.4857911,1.783266
2022-12-16,6.1977278,3.1703964,4.3404956,2.2203145,5.0105769,2.5631077,3.4861941,1.783266
2022-12-19,6.1967435,3.1687984,4.3398062,2.2191954,5.0237063,2.5689391,3.4873976,1.783266
2022-12-20,6.2019358,3.171082,4.3434426,2.2207947,5.0394271,2.5766769,3.4878065,1.783266
2022-12-21,6.197423,3.1684054,4.3402822,2.2189202,5.0384182,2.575861,3.4882126,1.783266
2022-12-22,6.2029141,3.1708463,4.3441278,2.2206297,5.0390014,2.5758614,3.4886159,1.783266
2022-12-23,6.210864,3.1745419,4.3503043,2.223529,5.0397747,2.5759574,3.4885322,1.783016
2022-12-27,6.1863419,3.1605364,4.3551323,2.224966,5.0424241,2.5761175,3.4725041,1.7739974
2022-12-28,6.1760935,3.1549239,4.357666,2.2259952,5.0431499,2.5761813,3.4651451,1.7700265
2022-12-29,6.1924816,3.1629194,4.3571031,2.2254424,5.043548,2.5760776,3.4752004,1.7749519
2022-12-30,6.1614353,3.1466859,4.3480494,2.2205535,5.0439689,2.5759863,3.4654117,1.7697413
2023-01-03,6.1742943,3.1517702,4.3571238,2.2241414,5.0465576,2.5760945,3.4670448,1.7697413
2023-01-04,6.1870883,3.1579212,4.3661523,2.228482,5.0464995,2.5757543,3.4674627,1.7697413
2023-01-05,6.1885577,3.1582897,4.3671893,2.228742,5.0482493,2.5763362,3.4678816,1.7697413
2023-01-06,6.1627269,3.1447169,4.3489608,2.219164,5.0424897,2.5730785,3.4683101,1.7697413
2023-01-09,6.1602149,3.1422693,4.3471881,2.2174368,5.043541,2.5726611,3.4695958,1.7697413
2023-01-10,6.1749884,3.1494134,4.3576136,2.2224782,5.0465654,2.5738832,3.4700283,1.7697413
2023-01-11,6.1602638,3.1415091,4.3472226,2.2169003,5.0450428,2.5727843,3.4704628,1.7697413
2023-01-12,6.1589695,3.1404558,4.3463093,2.216157,5.0460798,2.572991,3.4708973,1.7697413
2023-01-13,6.1485806,3.1347713,4.3389779,2.2121456,5.0443914,2.5718129,3.4713252,1.7697413
2023-01-17,6.1485891,3.1332263,4.3389839,2.2110553,5.0462329,2.5714806,3.4730409,1.7697413
2023-01-18,6.1570681,3.1371556,4.3449675,2.2138281,5.0492969,2.5727207,3.4734748,1.7697413
2023-01-19,6.1563467,3.1363978,4.3444584,2.2132934,5.0499421,2.5727295,3.4739068,1.7697413
2023-01-20,6.1595131,3.13762,4.3466928,2.2141558,5.051522,2.5732137,3.4743399,1.7697413
2023-01-23,6.1734349,3.1435331,4.3565173,2.2183286,5.0556126,2.5743308,3.4756449,1.7697413
2023-01-24,6.1666776,3.1396979,4.3517488,2.2156222,5.0544953,2.5734389,3.476081,1.7697413
2023-01-25,6.1621164,3.1369824,4.349187,2.2140405,5.054456,2.5730967,3.4759914,1.7694741
2023-01-26,6.1468383,3.1288128,4.3463675,2.2123285,5.0542689,2.57268,3.4700609,1.7662341
2023-01-27,6.1313604,3.1205444,4.3433669,2.2105254,5.0540363,2.5722408,3.4641514,1.763006
2023-01-30,6.1128378,3.1099452,4.338353,2.2071434,5.0543152,2.5714166,3.4589864,1.7597152
2023-01-31,6.1297808,3.118174,4.3432886,2.2093768,5.0560053,2.5719531,3.4650736,1.7625907
2023-02-01,6.1363541,3.1211265,4.3479461,2.2114688,5.056336,2.5717986,3.4655084,1.7625907
2023-02-02,6.1372838,3.1212111,4.3486048,2.2115287,5.0579669,2.5723082,3.4659394,1.7625907
2023-02-03,6.164803,3.1348191,4.3681038,2.2211706,5.0911074,2.5888431,3.4663696,1.7625907
2023-02-06,6.1850577,3.1439412,4.3824553,2.2276341,5.1148266,2.599932,3.4676716,1.7625907
2023-02-07,6.1937375,3.1479579,4.3886055,2.2304801,5.1283514,2.6064799,3.4681077,1.7625907
2023-02-08,6.1910876,3.1462152,4.3867278,2.2292453,5.1205856,2.6022052,3.4685438,1.7625907
2023-02-09,6.1905237,3.145533,4.3863283,2.2287619,5.1214683,2.6023265,3.46898,1.7625907
2023-02-10,6.1805295,3.1400549,4.3792469,2.2248804,5.1013197,2.5917577,3.469421,1.7625907
2023-02-13,6.1818819,3.1395393,4.3802051,2.2245151,5.1097857,2.5950662,3.4707498,1.7625907
2023-02-14,6.1777512,3.1370389,4.3772783,2.2227435,5.1009738,2.5902583,3.4711948,1.7625907
2023-02-15,6.1787518,3.1371457,4.3779873,2.2228191,5.0919998,2.5853699,3.4716389,1.7625907
2023-02-16,6.1703866,3.1324979,4.3720601,2.2195259,5.0705981,2.5741735,3.4720822,1.7625907
2023-02-17,6.1682476,3.1310086,4.3705444,2.2184707,5.0755428,2.5763523,3.4725293,1.7625907
2023-02-21,6.1890651,3.1399629,4.3852948,2.2248152,5.0695291,2.5719727,3.4743179,1.7625907
2023-02-22,6.1889173,3.1394818,4.3859283,2.2248489,5.0741302,2.5739745,3.4741823,1.7622939
2023-02-23,6.2138624,3.1517307,4.3888876,2.226063,5.0821376,2.5777043,3.4862895,1.768208
2023-02-24,6.1583354,3.1231602,4.3704171,2.2164074,5.0739232,2.5732052,3.4702579,1.7598487
2023-02-27,6.1761161,3.130966,4.3744467,2.2175911,5.076982,2.5737582,3.4784241,1.7633073
2023-02-28,6.172485,3.1287186,4.3726956,2.2164155,5.0765247,2.5731921,3.4782231,1.7629764
2023-03-01,6.1649825,3.1245111,4.3673807,2.2134349,5.0754716,2.5723256,3.4786729,1.7629764
2023-03-02,6.1674519,3.1253577,4.3691301,2.2140346,5.0855591,2.5771048,3.4791237,1.7629764
2023-03-03,6.1410945,3.1115953,4.350458,2.2042851,5.0638456,2.5657667,3.4795755,1.7629764
2023-03-06,6.1476325,3.1136957,4.3550897,2.2057731,5.0685723,2.5671621,3.4809311,1.7629764
2023-03-07,6.1469909,3.1129647,4.3546352,2.2052553,5.0683353,2.5667073,3.4813851,1.7629764
2023-03-08,6.1436835,3.1108744,4.3522921,2.2037745,5.0678876,2.5661381,3.4818496,1.7629764
2023-03-09,6.1626368,3.1200547,4.3657189,2.2102779,5.0765743,2.5701929,3.4823161,1.7629764
2023-03-10,6.2296724,3.1535776,4.4132082,2.2340258,5.1011251,2.5822796,3.4827807,1.7629764
2023-03-13,6.2875205,3.1816094,4.4541887,2.2538839,5.1270907,2.5943988,3.4841633,1.7629764
2023-03-14,6.2544063,3.1644433,4.4307301,2.2417232,5.1144041,2.587645,3.4846119,1.7629764
2023-03-15,6.2668214,3.1703165,4.4395252,2.2458838,5.1059665,2.5830421,3.4850616,1.7629764
2023-03-16,6.2713221,3.1721947,4.4427135,2.2472143,5.1145974,2.5870835,3.4854999,1.7629764
2023-03-17,6.2606902,3.1664196,4.4351817,2.2431232,5.0966153,2.5776638,3.4859363,1.7629764
2023-03-20,6.2701202,3.1700542,4.4418621,2.245698,5.1102211,2.5836214,3.4871855,1.7629764
2023-03-21,6.2845485,3.176945,4.4520834,2.2505796,5.1254414,2.5909873,3.4876297,1.7629764
2023-03-22,6.2763762,3.1724117,4.4462939,2.2473681,5.1210691,2.5884491,3.4880712,1.7629764
2023-03-23,6.2585488,3.1629984,4.4336647,2.2406996,5.1122305,2.5836533,3.4885136,1.7629764
2023-03-24,6.2613802,3.1640333,4.4356705,2.2414327,5.1137625,2.584104,3.4889504,1.7629764
2023-03-27,6.2800787,3.1722936,4.4495824,2.2476208,5.1253213,2.5889743,3.4897374,1.7627119
2023-03-28,6.2723565,3.16798,4.4495552,2.2473145,5.1256015,2.5887789,3.4859218,1.7605552
2023-03-29,6.2609592,3.1618209,4.4468975,2.2456865,5.1240559,2.5876692,3.4821129,1.7584077
2023-03-30,6.2693354,3.165649,4.4476116,2.2457617,5.1248087,2.5877204,3.4866549,1.7604778
2023-03-31,6.305474,3.1834805,4.4553015,2.2493492,5.1303272,2.5901666,3.5011833,1.767582
2023-04-03,6.3221756,3.1906882,4.4671024,2.254442,5.1391741,2.5936369,3.5025301,1.767582
2023-04-04,6.3382518,3.1983846,4.4784615,2.25988,5.1471344,2.5973153,3.5029878,1.767582
2023-04-05,6.338773,3.1982323,4.4788298,2.2597724,5.1467805,2.5967995,3.5034427,1.767582
2023-04-06,6.3416816,3.1992862,4.4808849,2.2605171,5.1492703,2.5977199,3.5038958,1.767582
2023-04-07,6.3656288,3.2109491,4.4978055,2.2687577,5.1604881,2.6030395,3.5043537,1.767582
2023-04-10,6.3730697,3.2134331,4.503063,2.2705128,5.1649306,2.6042514,3.5057391,1.767582
2023-04-11,6.3760696,3.2145107,4.5051827,2.2712742,5.1664265,2.6046531,3.5062136,1.767582
2023-04-12,6.3813692,3.2167519,4.5089273,2.2728578,5.1707774,2.6064977,3.5066833,1.767582
2023-04-13,6.387991,3.2196607,4.5136061,2.274913,5.1724845,2.6070105,3.5071512,1.767582
2023-04-14,6.3745528,3.212451,4.504111,2.2698188,5.1651214,2.6029458,3.5076268,1.767582
2023-04-17,6.3639653,3.2058005,4.4966301,2.2651198,5.1606385,2.5996212,3.5090625,1.767582
2023-04-18,6.3675059,3.2071396,4.4991318,2.266066,5.1619409,2.5999169,3.509549,1.767582
2023-04-19,6.3671881,3.2065367,4.4989072,2.26564,5.163598,2.6003925,3.5100336,1.767582
2023-04-20,6.3653494,3.2051706,4.4976081,2.2646748,5.15797,2.5972013,3.5105154,1.767582
2023-04-21,6.3687684,3.2064557,4.5000238,2.2655828,5.1625716,2.5991648,3.5109934,1.767582
2023-04-24,6.3653338,3.2034141,4.4983166,2.263796,5.1576087,2.5956022,3.511869,1.7672993
2023-04-25,6.3885779,3.2146696,4.4801656,2.2543488,5.1319098,2.5823107,3.5393488,1.7808841
2023-04-26,6.374025,3.206909,4.4787431,2.253326,5.1328762,2.5824453,3.532892,1.7773928
2023-04-27,6.3295898,3.1841134,4.4762986,2.2517875,5.1300747,2.5806821,3.5106754,1.7659721
2023-04-28,6.3731796,3.2056025,4.4821201,2.2544057,5.1367464,2.5836827,3.5307704,1.7758371
2023-05-01,6.3611211,3.1982331,4.4736396,2.249223,5.1270273,2.577743,3.5322069,1.7758371
2023-05-02,6.383144,3.2088588,4.4891279,2.2566958,5.1447777,2.5863072,3.5327004,1.7758371
2023-05-03,6.3867979,3.2102491,4.4916976,2.2576735,5.1475469,2.5873394,3.5331921,1.7758371
2023-05-04,6.3852744,3.2090356,4.4906262,2.2568201,5.1454294,2.5859142,3.5336848,1.7758371
2023-05-05,6.4002762,3.2161267,4.5011766,2.261807,5.1651795,2.5954786,3.5341785,1.7758371
2023-05-08,6.4210807,3.2252328,4.5158079,2.2682111,5.1948851,2.6093176,3.53566,1.7758371
2023-05-09,6.4230079,3.2257457,4.5171633,2.2685718,5.1981022,2.6105653,3.5361589,1.7758371
2023-05-10,6.4155528,3.2215483,4.5119203,2.2656199,5.1803137,2.6012648,3.5366559,1.7758371
2023-05-11,6.4042951,3.2154469,4.504003,2.261329,5.170642,2.5960461,3.5371481,1.7758371
2023-05-12,6.3938486,3.2097579,4.4966562,2.2573281,5.1498833,2.5852653,3.5376365,1.7758371
2023-05-15,6.3903735,3.2066732,4.4942122,2.2551587,5.1359293,2.5771808,3.5391136,1.7758371
2023-05-16,6.3845675,3.2033152,4.490129,2.2527971,5.1235267,2.5706,3.5396042,1.7758371
2023-05-17,6.3838135,3.202492,4.4895987,2.2522182,5.1196462,2.568296,3.5400959,1.7758371
2023-05-18,6.3874147,3.2038511,4.4921314,2.253174,5.1143581,2.5652843,3.5405905,1.7758371
2023-05-19,6.3947007,3.2070545,4.4972555,2.2554268,5.1157935,2.5656431,3.5410891,1.7758371
2023-05-22,6.3967602,3.2067377,4.4987038,2.2552041,5.1156351,2.5644839,3.5425793,1.7758371
2023-05-23,6.3958191,3.2058056,4.498042,2.2545485,5.1157365,2.5641666,3.5430879,1.7758371
2023-05-24,6.3921384,3.2035058,4.4961401,2.2532753,5.1115851,2.5617219,3.5430498,1.775566
2023-05-25,6.3421664,3.1780044,4.4884435,2.2490965,5.102835,2.5569711,3.521922,1.7647246
2023-05-26,6.3511117,3.1820331,4.4867101,2.2479068,5.1008642,2.5556186,3.5287524,1.7678952
2023-05-30,6.415252,3.2123693,4.5023592,2.2544761,5.1186555,2.5630871,3.554077,1.779583
2023-05-31,6.4463832,3.2274932,4.5112394,2.2585966,5.1287512,2.5677716,3.5648281,1.7847089
2023-06-01,6.4519275,3.229804,4.5151194,2.2602136,5.1331623,2.56961,3.5653419,1.7847089
2023-06-02,6.4434516,3.2250973,4.5091878,2.2569199,5.1264188,2.5658654,3.5658537,1.7847089
2023-06-05,6.4458668,3.2249198,4.510878,2.2567957,5.1281666,2.5656373,3.5673865,1.7847089
2023-06-06,6.4501616,3.2266091,4.5138835,2.2579779,5.1320573,2.5672183,3.5678948,1.7847089
2023-06-07,6.4725145,3.2373329,4.5295263,2.2654824,5.1642575,2.5829615,3.5684011,1.7847089
2023-06-08,6.4583655,3.2297985,4.5196248,2.2602098,5.1426494,2.5717888,3.5689056,1.7847089
2023-06-09,6.4644027,3.2323645,4.5238496,2.2620055,5.1488997,2.5745538,3.5694062,1.7847089
2023-06-12,6.4587548,3.2281829,4.5198972,2.2590792,5.1409962,2.5695206,3.5709054,1.7847089
2023-06-13,6.4578644,3.2272832,4.5192741,2.2584496,5.1499498,2.5736338,3.5714082,1.7847089
2023-06-14,6.4576367,3.2267176,4.5191147,2.2580538,5.1466111,2.571605,3.5719082,1.7847089
2023-06-15,6.4674181,3.2311543,4.5259598,2.2611586,5.1462485,2.5710645,3.5724073,1.7847089
2023-06-16,6.4638881,3.2289419,4.5234895,2.2596103,5.1466467,2.5709063,3.5729035,1.7847089
2023-06-20,6.4674922,3.2289411,4.5260117,2.2596098,5.145809,2.5690538,3.5748965,1.7847089
2023-06-21,6.4668277,3.2281547,4.5255467,2.2590594,5.143685,2.5676316,3.5753999,1.7847089
2023-06-22,6.4799431,3.2342462,4.534725,2.2633223,5.1587846,2.5748068,3.5759044,1.7847089
2023-06-23,6.475793,3.2317185,4.5318207,2.2615534,5.1521489,2.5711315,3.576409,1.7847089
2023-06-26,6.4674522,3.2261881,4.5268463,2.2581137,5.146541,2.5672446,3.577242,1.7843691
2023-06-27,6.4433151,3.2136845,4.5273173,2.2580245,5.1484267,2.5678167,3.5640328,1.7775241
2023-06-28,6.4764658,3.2297619,4.5300876,2.2590851,5.1497545,2.5681138,3.5806956,1.7855817
2023-06-29,6.365168,3.1738002,4.5003857,2.2439526,5.1159897,2.5509113,3.5431469,1.7666039
2023-06-30,6.3865734,3.1840212,4.5028897,2.2448815,5.1188364,2.5519673,3.5535954,1.7715618
2023-07-03,6.37205,3.1754276,4.4926499,2.2388226,5.1071958,2.5450796,3.5551054,1.7715618
2023-07-05,6.3628142,3.1699185,4.4861382,2.2349385,5.0999314,2.5407329,3.5561203,1.7715618
2023-07-06,6.3703374,3.1732141,4.4914425,2.237262,5.1006254,2.540716,3.5566279,1.7715618
2023-07-07,6.3745428,3.1748542,4.4944075,2.2384183,5.1006841,2.5403811,3.5571376,1.7715618
2023-07-10,6.3644185,3.1684496,4.4872693,2.2339028,5.0952235,2.5365716,3.5586637,1.7715618
2023-07-11,6.3587247,3.1651593,4.4832549,2.231583,5.093091,2.5351451,3.5591756,1.7715618
2023-07-12,6.3482251,3.1594777,4.475852,2.2275772,5.0970788,2.5367654,3.5596875,1.7715618
2023-07-13,6.3536868,3.1617424,4.4797029,2.2291739,5.1052084,2.5404473,3.5601985,1.7715618
2023-07-14,6.3373806,3.1531741,4.4682061,2.2231329,5.0952673,2.5351357,3.5607097,1.7715618
2023-07-17,6.3398654,3.1530498,4.469958,2.2230452,5.0975912,2.535198,3.5622461,1.7715618
2023-07-18,6.3418868,3.1536007,4.4713832,2.2234337,5.0980211,2.5350465,3.5627595,1.7715618
2023-07-19,6.3458424,3.1551141,4.4741721,2.2245007,5.0988563,2.5350971,3.5632719,1.7715618
2023-07-20,6.3442,3.1538429,4.4730142,2.2236044,5.105337,2.5379539,3.5637854,1.7715618
2023-07-21,6.3470886,3.1548244,4.4750508,2.2242964,5.1076693,2.5387477,3.564299,1.7715618
2023-07-24,6.3530778,3.1564348,4.4792735,2.2254318,5.1128362,2.5402161,3.5658429,1.7715618
2023-07-25,6.3534698,3.1561729,4.4799517,2.2254468,5.1145871,2.5407186,3.5660388,1.7714029
2023-07-26,6.367805,3.1628376,4.4820802,2.2261822,5.1164594,2.5412811,3.5729064,1.7745581
2023-07-27,6.3304139,3.1438082,4.4798419,2.2247485,5.1139042,2.5396444,3.5542278,1.7650243
2023-07-28,6.3512063,3.1536793,4.4866103,2.2277879,5.1216307,2.5431141,3.5610459,1.7681548
2023-07-31,6.3499718,3.1516977,4.4879636,2.2274931,5.1231755,2.5427775,3.560825,1.7672778
2023-08-01,6.341516,3.1470449,4.4819873,2.2242047,5.1163534,2.5390237,3.5613401,1.7672778
2023-08-02,6.3377566,3.1447249,4.4793303,2.222565,5.1131012,2.5370432,3.5618543,1.7672778
2023-08-03,6.3462169,3.1484688,4.4853098,2.225211,5.1301159,2.5451193,3.5623685,1.7672778
2023-08-04,6.303659,3.1269005,4.4552312,2.2099674,5.0695373,2.514698,3.5628829,1.7672778
2023-08-07,6.3189677,3.1331373,4.4660509,2.2143753,5.0924668,2.5249806,3.5644291,1.7672778
2023-08-08,6.2949236,3.1207614,4.4490573,2.2056285,5.0586024,2.5078238,3.5649457,1.7672778
2023-08-09,6.2857842,3.1157773,4.4425979,2.202106,5.0431791,2.4998135,3.5654633,1.7672778
2023-08-10,6.2800419,3.1124802,4.4385394,2.1997757,5.0332353,2.4945229,3.5659791,1.7672778
2023-08-11,6.2617945,3.1029863,4.4256427,2.1930658,5.0032579,2.479305,3.566495,1.7672778
2023-08-14,6.2514573,3.0965171,4.4183366,2.1884937,4.9845674,2.4689672,3.5680427,1.7672778
2023-08-15,6.2461109,3.0934201,4.414558,2.1863049,4.9753192,2.4640285,3.5685598,1.7672778
2023-08-16,6.2316233,3.0857967,4.4043186,2.1809169,4.9519152,2.4520805,3.569077,1.7672778
2023-08-17,6.2319938,3.085533,4.4045804,2.1807305,4.9470286,2.4493054,3.5695943,1.7672778
2023-08-18,6.2292884,3.0837463,4.4026683,2.1794678,4.9467301,2.4488027,3.5701116,1.7672778
2023-08-21,6.2423843,3.088891,4.4119241,2.1831039,4.9515663,2.450134,3.571661,1.7672778
2023-08-22,6.2469892,3.0907211,4.4151787,2.1843973,4.9570608,2.452497,3.5721796,1.7672778
2023-08-23,6.1975999,3.0658368,4.3802719,2.1668101,4.9271656,2.4373503,3.5726983,1.7672778
2023-08-24,6.2043323,3.068722,4.3850302,2.1688492,4.9296943,2.4382473,3.5732171,1.7672778
2023-08-25,6.215038,3.0735707,4.3933851,2.1726661,4.9381348,2.4420673,3.5730944,1.76696
2023-08-28,6.2266889,3.0779835,4.3861587,2.1681388,4.9314558,2.4376925,3.5872381,1.7731788
2023-08-29,6.2817554,3.1047537,4.399685,2.1745078,4.969677,2.4562291,3.6084245,1.7833918
2023-08-30,6.2770599,3.1019796,4.3965306,2.1726313,4.962611,2.4523782,3.6088413,1.7833374
2023-08-31,6.301718,3.113713,4.4051677,2.1765828,4.9791872,2.4602122,3.6164542,1.7868395
2023-09-01,6.2870521,3.1060126,4.3949156,2.1712,4.9615368,2.4511325,3.6169813,1.7868395
2023-09-05,6.2750341,3.0982713,4.3865145,2.1657886,4.9380018,2.4380819,3.6190822,1.7868395
2023-09-06,6.2821765,3.1013463,4.3915073,2.1679381,4.9418314,2.4396174,3.6196097,1.7868395
2023-09-07,6.2724498,3.0960933,4.384708,2.1642661,4.9357222,2.4362466,3.6201362,1.7868395
2023-09-08,6.2706973,3.0947786,4.3834829,2.1633471,4.933884,2.4349855,3.6206619,1.7868395
2023-09-11,6.2774423,3.0967568,4.3881979,2.1647299,4.9400883,2.4369847,3.6222421,1.7868395
2023-09-12,6.2712089,3.0932304,4.3838405,2.1622648,4.9352231,2.4342295,3.6227701,1.7868395
2023-09-13,6.2720011,3.0931703,4.3843942,2.1622228,4.9355723,2.434047,3.6232981,1.7868395
2023-09-14,6.2676961,3.0905972,4.3813849,2.1604241,4.9336662,2.4327528,3.6238252,1.7868395
2023-09-15,6.2611546,3.086922,4.3768121,2.157855,4.9296627,2.4304248,3.6243524,1.7868395
2023-09-18,6.2614084,3.0856973,4.3769895,2.156999,4.9293959,2.4292305,3.6259372,1.7868395
2023-09-19,6.2580599,3.0835983,4.3746488,2.1555316,4.9281661,2.4282711,3.6264647,1.7868395
2023-09-20,6.2644227,3.0862849,4.3790967,2.1574097,4.9319625,2.4297884,3.6269923,1.7868395
2023-09-21,6.2640298,3.0856406,4.378822,2.1569593,4.9359386,2.4313925,3.6275219,1.7868395
2023-09-22,6.2583127,3.0823738,4.3748255,2.1546757,4.9304256,2.4283218,3.6280516,1.7868395
2023-09-25,6.2644395,3.0840436,4.3799132,2.1562393,4.9396644,2.4318103,3.6289706,1.7865108
2023-09-26,6.2571627,3.0800091,4.3781404,2.1550506,4.9382314,2.4307483,3.6267559,1.7851586
2023-09-27,6.2390601,3.0706477,4.3816246,2.1564503,4.9421612,2.4323271,3.6139077,1.7785734
2023-09-28,6.254898,3.0779934,4.3863995,2.1584848,4.947547,2.4346219,3.6196721,1.7811501
2023-09-29,6.2597269,3.079921,4.3906796,2.1602764,4.9523747,2.4366427,3.6194622,1.7807872
2023-10-02,6.2261757,3.0620663,4.3671462,2.147753,4.9258306,2.4225172,3.6210448,1.7807872
2023-10-03,6.2110156,3.0541617,4.3566049,2.142254,4.9138983,2.4162938,3.6215756,1.7807872
2023-10-04,6.2094936,3.0529656,4.3585862,2.1429143,4.9147567,2.4163617,3.6221064,1.7807872
2023-10-05,6.2102153,3.0528738,4.3586607,2.1426374,4.9148187,2.4160387,3.6226364,1.7807872
2023-10-06,6.2296044,3.0619587,4.3676894,2.1467622,4.9264515,2.4214037,3.6231663,1.7807872
2023-10-10,6.1950028,3.0431527,4.3519228,2.1377518,4.905791,2.4098265,3.6252946,1.7807872
2023-10-11,6.1740622,3.032421,4.3448859,2.1339824,4.8959886,2.4046588,3.625825,1.7807872
2023-10-12,6.1795731,3.034684,4.3471428,2.1347787,4.8921657,2.4024294,3.6263554,1.7807872
2023-10-13,6.1901122,3.0394148,4.3511684,2.1364426,4.8999564,2.4059031,3.626887,1.7807872
2023-10-16,6.1759443,3.0311217,4.3471456,2.1335279,4.8894108,2.3996672,3.6284818,1.7807872
2023-10-17,6.1483864,3.0171529,4.3377648,2.1286118,4.8690076,2.3893025,3.6290127,1.7807872
2023-10-18,6.1400579,3.0126237,4.3351448,2.1270141,4.8637839,2.3863889,3.6295446,1.7807872
2023-10-19,6.1159043,3.000332,4.3269352,2.122675,4.8531204,2.3808078,3.6300756,1.7807872
2023-10-20,6.0944011,2.9893449,4.3196445,2.1187884,4.8346644,2.3714061,3.6306057,1.7807872
2023-10-23,6.0916132,2.9866727,4.3195991,2.1178414,4.8287297,2.3674602,3.6321902,1.7807872
2023-10-24,6.0920316,2.9864425,4.3200622,2.1177598,4.8271959,2.3663631,3.6327196,1.7807872
2023-10-25,6.0906391,2.9853254,4.3202756,2.1175563,4.8326338,2.3686846,3.6325874,1.7804633
2023-10-26,6.132324,3.0053222,4.3211972,2.1176994,4.8339912,2.3690047,3.6569583,1.7921488
2023-10-27,6.1489604,3.0130373,4.3242427,2.1188832,4.8401004,2.3716533,3.6627906,1.7947458
2023-10-30,6.1233673,2.9991789,4.3225865,2.1171452,4.8342765,2.3677626,3.6535542,1.7894353
2023-10-31,6.1157975,2.9950334,4.3206514,2.1158882,4.8292423,2.3649511,3.6533758,1.7890866
2023-11-01,6.1234865,2.9983615,4.3236829,2.1170638,4.8353138,2.3675791,3.6539093,1.7890866
2023-11-02,6.1182438,2.9953582,4.3221465,2.1160036,4.831174,2.3652076,3.6544409,1.7890866
2023-11-03,6.0948486,2.9834711,4.3141956,2.1118049,4.8127003,2.3558213,3.6549696,1.7890866
2023-11-06,6.1205625,2.9947659,4.3242306,2.1158023,4.8330049,2.36474,3.6565527,1.7890866
2023-11-07,6.0981325,2.983357,4.3166205,2.1117721,4.8152934,2.3557312,3.6570827,1.7890866
2023-11-08,6.0767296,2.9724546,4.3093576,2.1079135,4.7983929,2.3471224,3.6576117,1.7890866
2023-11-09,6.065633,2.9665967,4.3056932,2.1058161,4.7895384,2.3424517,3.6581408,1.7890866
2023-11-10,6.0661644,2.9664283,4.3068569,2.1060812,4.7914357,2.3430414,3.658669,1.7890866
2023-11-13,6.0656045,2.964872,4.3072114,2.1053441,4.7902705,2.3414587,3.6602507,1.7890866
2023-11-14,6.1087884,2.9855514,4.3227603,2.1126397,4.8312923,2.3611712,3.6607802,1.7890866
2023-11-15,6.1006913,2.9811639,4.3201749,2.1110717,4.8214741,2.3560325,3.6613077,1.7890866
2023-11-16,6.1015207,2.9811395,4.3207622,2.1110545,4.8244748,2.3571593,3.6618354,1.7890866
2023-11-17,6.1012362,2.9805718,4.3205608,2.1106524,4.8242839,2.356727,3.6623621,1.7890866
2023-11-20,6.1009944,2.9791675,4.3203895,2.109658,4.8248101,2.3559671,3.6639424,1.7890866
2023-11-21,6.0977772,2.9771664,4.3181113,2.1082409,4.8190251,2.3528021,3.6644714,1.7890866
2023-11-22,6.1033481,2.9794572,4.3220563,2.1098632,4.8271359,2.356423,3.6649995,1.7890866
2023-11-24,6.1078294,2.9807845,4.3255876,2.1109778,4.8336299,2.3589126,3.6654509,1.7887904
2023-11-27,6.1171487,2.984039,4.3208169,2.1077335,4.8208702,2.351662,3.6863123,1.7981947
2023-11-28,6.1357506,2.9926816,4.3268042,2.1103492,4.8335333,2.3574989,3.6990492,1.8041477
2023-11-29,6.1623761,3.005236,4.3355027,2.1142871,4.8522699,2.3662971,3.7168135,1.8125514
2023-11-30,6.1287165,2.9883888,4.3266554,2.1096685,4.8317682,2.3559587,3.6919144,1.8001484
2023-12-01,6.153451,3.0000196,4.3441171,2.1178793,4.8700737,2.3742975,3.6924455,1.8001484
2023-12-04,6.1433553,2.993808,4.3369898,2.1134942,4.8519999,2.3644654,3.6940327,1.8001484
2023-12-05,6.1408618,2.9921614,4.3352295,2.1123318,4.847362,2.3618646,3.694565,1.8001484
2023-12-06,6.135557,2.9891462,4.3314845,2.1102032,4.8382899,2.3571045,3.6950965,1.8001484
2023-12-07,6.1378413,2.9898292,4.3330972,2.1106853,4.8411967,2.3581816,3.6956279,1.8001484
2023-12-08,6.1516566,2.9961296,4.3428503,2.1151331,4.8622952,2.3681203,3.6961585,1.8001484
2023-12-11,6.1532637,2.9956219,4.3439848,2.1147747,4.8627618,2.3673276,3.6977504,1.8001484
2023-12-12,6.1537112,2.9954081,4.3443008,2.1146238,4.8625629,2.3668896,3.6982833,1.8001484
2023-12-13,6.165502,3.0007158,4.3526246,2.1183708,4.8776689,2.3739015,3.6988162,1.8001484
2023-12-14,6.1679647,3.0014836,4.3543632,2.1189128,4.8776114,2.3735327,3.6993472,1.8001484
2023-12-15,6.1679707,3.0010564,4.3543674,2.1186112,4.8764185,2.3726121,3.6998773,1.8001484
2023-12-18,6.1696482,3.0005801,4.3555517,2.118275,4.8780475,2.3723828,3.7014708,1.8001484
2023-12-19,6.1700389,3.0003377,4.3558275,2.1181039,4.8777154,2.3718794,3.7020042,1.8001484
2023-12-20,6.1619232,2.9959613,4.3500981,2.1150144,4.8642999,2.365016,3.7025346,1.8001484
2023-12-21,6.163193,2.9961486,4.3509945,2.1151465,4.8665331,2.3657623,3.7030662,1.8001484
2023-12-22,6.1623839,2.9953268,4.3507599,2.11473,4.8662376,2.3652803,3.7030229,1.7998699
2023-12-26,6.1664006,2.9955591,4.3524974,2.1143602,4.866912,2.3642499,3.707019,1.8007786
2023-12-27,6.1847837,3.0040585,4.3520004,2.1138146,4.86049,2.3607901,3.7305013,1.8119267
2023-12-28,6.1704768,2.9966781,4.3487504,2.1119325,4.8544977,2.3575407,3.7193496,1.8062502
2023-12-29,6.1623594,2.9923049,4.3488167,2.111661,4.8539476,2.3569344,3.7099854,1.8014427
2024-01-02,6.1547667,2.9869129,4.3434585,2.1078558,4.8392204,2.3484402,3.7120995,1.8014427
2024-01-03,6.1568969,2.9875195,4.3449618,2.1082839,4.841938,2.3494232,3.7126304,1.8014427
2024-01-04,6.1584378,2.9878383,4.3460492,2.1085089,4.8418311,2.349034,3.7131634,1.8014427
2024-01-05,6.1647667,2.9904799,4.3505156,2.1103731,4.8468053,2.35111,3.7136965,1.8014427
2024-01-08,6.1616361,2.9876733,4.3483063,2.1083925,4.842129,2.3478291,3.7152959,1.8014427
2024-01-09,6.1623464,2.987588,4.3488076,2.1083323,4.8420704,2.3474629,3.7158303,1.8014427
2024-01-10,6.1652629,2.988573,4.3508657,2.1090274,4.8438081,2.3479684,3.7163638,1.8014427
2024-01-11,6.1696019,2.9902481,4.3539278,2.1102095,4.85092,2.3510793,3.7168963,1.8014427
2024-01-12,6.1745015,2.9921943,4.3573855,2.111583,4.8581869,2.3542645,3.7174289,1.8014427
2024-01-16,6.1688169,2.9877279,4.3533738,2.108431,4.847128,2.3475586,3.7195554,1.8014427
2024-01-17,6.1681048,2.9869557,4.3528713,2.1078861,4.8472339,2.3472741,3.7200874,1.8014427
2024-01-18,6.1622077,2.9836711,4.3487096,2.1055682,4.8438783,2.3453122,3.7206214,1.8014427
2024-01-19,6.1687026,2.9863892,4.3532931,2.1074863,4.8525824,2.3491912,3.7211535,1.8014427
2024-01-22,6.1679936,2.9847647,4.3527928,2.1063399,4.84774,2.345839,3.7227501,1.8014427
2024-01-23,6.1671965,2.9839521,4.3522303,2.1057664,4.8480243,2.3456411,3.7232825,1.8014427
2024-01-24,6.1659052,2.9829014,4.351319,2.105025,4.8476641,2.345132,3.7238139,1.8014427
2024-01-25,6.1668854,2.9829498,4.3522013,2.1051513,4.8489381,2.3454136,3.7240192,1.8012849
2024-01-26,6.1627381,2.9805179,4.3500651,2.1038175,4.8434858,2.3424415,3.7231978,1.8006305
2024-01-29,6.1779184,2.9865833,4.3555181,2.1055539,4.8535548,2.3463081,3.7337999,1.8049869
2024-01-30,6.1768773,2.9856529,4.3532827,2.1041721,4.8478787,2.3432286,3.7369081,1.8062313
2024-01-31,6.1866715,2.9899609,4.3550299,2.1047163,4.8510781,2.3444406,3.7462925,1.8105094
2024-02-01,6.1822631,2.9874028,4.3519267,2.1029155,4.843471,2.3404289,3.7468283,1.8105094
2024-02-02,6.2010945,2.9960752,4.3651828,2.1090203,4.872285,2.3540175,3.7473641,1.8105094
2024-02-05,6.2201853,3.0040111,4.3786215,2.1146066,4.9001905,2.366488,3.748975,1.8105094
2024-02-06,6.2111591,2.9992223,4.3722677,2.1112357,4.8852682,2.358943,3.7495111,1.8105094
2024-02-07,6.2120008,2.999199,4.3728601,2.1112192,4.8858922,2.3589063,3.7500484,1.8105094
2024-02-08,6.2098619,2.9977366,4.3713545,2.1101898,4.8818276,2.3566059,3.7505857,1.8105094
2024-02-09,6.207983,2.9964,4.3700319,2.109249,4.8781739,2.3545045,3.7511231,1.8105094
2024-02-12,6.2104541,2.9963023,4.3717714,2.1091802,4.8799565,2.3543508,3.7527387,1.8105094
2024-02-13,6.1920348,2.9869863,4.3588054,2.1026224,4.8504827,2.3397937,3.7532764,1.8105094
2024-02-14,6.1941044,2.987555,4.3602622,2.1030228,4.8543862,2.3413402,3.7538163,1.8105094
2024-02-15,6.1948236,2.9874738,4.3607685,2.1029656,4.8568681,2.3422017,3.7543541,1.8105094
2024-02-16,6.197626,2.9883972,4.3627412,2.1036156,4.8578165,2.3423235,3.7548921,1.8105094
2024-02-20,6.1964165,2.986098,4.3618898,2.1019971,4.8544618,2.3393609,3.7570483,1.8105094
2024-02-21,6.2053386,2.9899689,4.3681704,2.1047219,4.8658533,2.3445146,3.7575877,1.8105094
2024-02-22,6.2112129,2.9923701,4.3723055,2.1064122,4.8743672,2.3482803,3.7581271,1.8105094
2024-02-23,6.2091021,2.9909228,4.3712113,2.1055821,4.8712264,2.3464294,3.7579945,1.8101851
2024-02-26,6.2089759,2.9895689,4.374416,2.1062155,4.8762631,2.3478411,3.753956,1.8074572
2024-02-27,6.1999156,2.9847756,4.3727767,2.1051227,4.8719056,2.3454047,3.7463548,1.8035369
2024-02-28,6.2194524,2.9937518,4.3803461,2.1084639,4.8880716,2.3528498,3.7575343,1.8086594
2024-02-29,6.2240797,2.9955493,4.3809118,2.1084335,4.8886325,2.3527821,3.7626943,1.8108835
2024-03-01,6.2368521,3.0012656,4.3899019,2.1124569,4.9079933,2.3617615,3.7632355,1.8108835
2024-03-04,6.2327411,2.9979972,4.3870083,2.1101565,4.8994134,2.3566176,3.7648531,1.8108835
2024-03-05,6.2338918,2.9981203,4.3878182,2.1102431,4.900519,2.3568111,3.7653936,1.8108835
2024-03-06,6.2336084,2.9975544,4.3876188,2.1098448,4.8993713,2.3559214,3.7659332,1.8108835
2024-03-07,6.2322362,2.9964643,4.386653,2.1090775,4.896511,2.3542078,3.7664738,1.8108835
2024-03-08,6.2324185,2.9961217,4.3867812,2.1088364,4.8960944,2.3536695,3.7670145,1.8108835
2024-03-11,6.2361117,2.9966068,4.3893808,2.1091778,4.8997885,2.3544317,3.7686369,1.8108835
2024-03-12,6.2394989,2.9978042,4.3917649,2.1100206,4.9044646,2.3563406,3.769178,1.8108835
2024-03-13,6.2407226,2.997961,4.3926262,2.1101309,4.9064279,2.356945,3.7697201,1.8108835
2024-03-14,6.2344396,2.9945115,4.3882038,2.107703,4.9000963,2.3535643,3.7702623,1.8108835
2024-03-15,6.232747,2.9932678,4.3870125,2.1068276,4.8969724,2.3517254,3.7708046,1.8108835
2024-03-18,6.2332651,2.992225,4.3873772,2.1060936,4.897038,2.3507421,3.7724318,1.8108835
2024-03-19,6.2334302,2.9918739,4.3874934,2.1058465,4.8954223,2.3496284,3.7729744,1.8108835
2024-03-20,6.2301815,2.9898851,4.3852068,2.1044467,4.889488,2.3464428,3.773516,1.8108835
2024-03-21,6.232204,2.9904264,4.3866303,2.1048277,4.891967,2.3472956,3.7740578,1.8108835
2024-03-22,6.2287699,2.9883485,4.3846789,2.1035886,4.8844262,2.3433397,3.7737991,1.8104989
2024-03-25,6.2230492,2.9843169,4.3864282,2.1035219,4.8878937,2.343994,3.7654813,1.8057287
2024-03-26,6.2244172,2.9845453,4.3855962,2.1028215,4.8846205,2.3420885,3.7691047,1.8072075
2024-03-27,6.2358943,2.9896216,4.3862912,2.102854,4.8854701,2.3421609,3.7823489,1.8132993
2024-03-28,6.2305569,2.9866352,4.3830698,2.1010088,4.8775952,2.3380506,3.7819709,1.8128588
2024-04-01,6.2128053,2.9764141,4.3705819,2.0938186,4.8470059,2.3220478,3.7841385,1.8128588
2024-04-02,6.2116747,2.975446,4.3697865,2.0931376,4.8445473,2.3205372,3.7846807,1.8128588
2024-04-03,6.2118106,2.9750855,4.3698821,2.092884,4.8441516,2.3200158,3.785222,1.8128588
2024-04-04,6.2111703,2.9743534,4.3694316,2.092369,4.8442989,2.3197545,3.7857633,1.8128588
2024-04-05,6.2255655,2.9808223,4.3795584,2.0969196,4.8594248,2.3266667,3.7863037,1.8128588
2024-04-08,6.2339359,2.9835487,4.3854468,2.0988376,4.8687711,2.3301414,3.7879313,1.8128588
2024-04-09,6.2236345,2.978191,4.3781999,2.0950686,4.856831,2.3240932,3.7884741,1.8128588
2024-04-10,6.2316872,2.9816177,4.3838648,2.0974792,4.8549061,2.322839,3.7890169,1.8128588
2024-04-11,6.2329371,2.9817869,4.3847441,2.0975982,4.855383,2.3227331,3.7895619,1.8128588
2024-04-12,6.2408349,2.9851362,4.3903001,2.0999544,4.8661607,2.3275549,3.790107,1.8128588
2024-04-15,6.2313279,2.9793007,4.3836121,2.0958493,4.8505557,2.3190864,3.7917425,1.8128588
2024-04-16,6.2271063,2.9768537,4.3806423,2.0941279,4.8437369,2.3154927,3.7922878,1.8128588
2024-04-17,6.2293235,2.9774855,4.382202,2.0945723,4.8469022,2.3166728,3.7928333,1.8128588
2024-04-18,6.2311704,2.97794,4.3835013,2.094892,4.8538471,2.3196591,3.7933788,1.8128588
2024-04-19,6.2308659,2.9773662,4.3832871,2.0944884,4.8511431,2.3180332,3.7939245,1.8128588
2024-04-22,6.2331143,2.9771558,4.3848688,2.0943403,4.8533428,2.318084,3.7955616,1.8128588
2024-04-23,6.2252514,2.9729744,4.3793374,2.0913989,4.8404112,2.311576,3.7961044,1.8128588
2024-04-24,6.2237162,2.9718137,4.3786781,2.0907832,4.8415141,2.3117703,3.7959213,1.8125106
2024-04-25,6.2098253,2.9647525,4.3773324,2.0898393,4.8378406,2.309683,3.781857,1.8055338
2024-04-26,6.2189979,2.9687045,4.378795,2.0902365,4.8403764,2.3105608,3.7910471,1.8096612
2024-04-29,6.2321541,2.9737037,4.381438,2.0905962,4.844131,2.3113561,3.8041462,1.8151332
2024-04-30,6.210792,2.963083,4.3769572,2.0881574,4.8335261,2.3059636,3.7863952,1.8064023
2024-05-01,6.2131681,2.9637904,4.3786316,2.0886559,4.8365292,2.3070646,3.7869399,1.8064023
2024-05-02,6.2106924,2.9621823,4.376887,2.0875227,4.831978,2.3045611,3.7874856,1.8064023
2024-05-03,6.2007175,2.9569987,4.3698573,2.0838697,4.8157618,2.2964955,3.7880304,1.8064023
2024-05-06,6.2017625,2.9562211,4.3705937,2.0833217,4.8153069,2.2952876,3.7896649,1.8064023
2024-05-07,6.1982246,2.9541095,4.3681005,2.0818336,4.8091204,2.2920086,3.79021,1.8064023
2024-05-08,6.1999423,2.9545032,4.369311,2.0821111,4.8110941,2.2926196,3.7907552,1.8064023
2024-05-09,6.2009944,2.9545796,4.3700525,2.0821649,4.812035,2.2927382,3.7913004,1.8064023
2024-05-10,6.1934419,2.9505562,4.36473,2.0793295,4.7996213,2.2864938,3.7918457,1.8064023
2024-05-13,6.1973186,2.9511274,4.367462,2.079732,4.8035547,2.2873791,3.7934851,1.8064023
2024-05-14,6.2046954,2.9542157,4.3726607,2.0819084,4.8142994,2.2921666,3.7940307,1.8064023
2024-05-15,6.2156039,2.9589854,4.3803483,2.0852698,4.8307604,2.2996749,3.7945754,1.8064023
2024-05-16,6.2170279,2.9592377,4.3813518,2.0854476,4.8313671,2.2996329,3.7951212,1.8064023
2024-05-17,6.220735,2.9605766,4.3839643,2.0863911,4.8328369,2.3000017,3.7956671,1.8064023
2024-05-20,6.2245631,2.9611209,4.3866621,2.0867747,4.8348737,2.2999786,3.7973049,1.8064023
2024-05-21,6.2215994,2.9592852,4.3845735,2.085481,4.8322546,2.2984019,3.7978511,1.8064023
2024-05-22,6.2265702,2.9612239,4.3880766,2.0868473,4.8412905,2.3023691,3.7983974,1.8064023
2024-05-23,6.2339844,2.964324,4.3933016,2.089032,4.8521236,2.3071898,3.7989437,1.8064023
2024-05-24,6.2367646,2.9652188,4.3957624,2.089901,4.8568598,2.3091094,3.798624,1.80599
2024-05-28,6.2172185,2.9542165,4.3981984,2.0898545,4.8594433,2.3090066,3.7727936,1.7926683
2024-05-29,6.1915003,2.9415703,4.3940097,2.087563,4.849487,2.303943,3.7493103,1.7812517
2024-05-30,6.2223167,2.9557872,4.4039462,2.0919829,4.8707212,2.3136992,3.7702156,1.7909269
2024-05-31,6.2412392,2.96435,4.4098729,2.0944968,4.8831289,2.3192597,3.7835423,1.7969992
2024-06-03,6.2599011,2.9719346,4.4230588,2.0998557,4.9102238,2.3311277,3.7851749,1.7969992
2024-06-04,6.2680306,2.9753659,4.4288029,2.1022801,4.9222698,2.3365106,3.7857204,1.7969992
2024-06-05,6.265882,2.973918,4.4272847,2.1012571,4.9181871,2.3342366,3.7862649,1.7969992
2024-06-06,6.2655663,2.9733404,4.4270616,2.100849,4.9170747,2.3333728,3.7868095,1.7969992
2024-06-07,6.289031,2.9840479,4.4436411,2.1084146,4.9489032,2.3481413,3.7873542,1.7969992
2024-06-10,6.2937941,2.9850179,4.4470066,2.1090999,4.9528142,2.3489818,3.7889916,1.7969992
2024-06-11,6.2887639,2.9822028,4.4434524,2.1071109,4.9464124,2.3456077,3.7895366,1.7969992
2024-06-12,6.2904905,2.9825926,4.4446723,2.1073863,4.9484487,2.3462359,3.7900817,1.7969992
2024-06-13,6.2904897,2.9821632,4.4446718,2.1070829,4.948682,2.3460091,3.7906268,1.7969992
2024-06-14,6.2955073,2.984113,4.4482171,2.1084606,4.9505385,2.3465518,3.791172,1.7969992
2024-06-17,6.2910499,2.9807125,4.4450676,2.1060579,4.9478453,2.3442627,3.792808,1.7969992
2024-06-18,6.2908688,2.980198,4.4449396,2.1056943,4.9426803,2.3414783,3.7933535,1.7969992
2024-06-20,6.2910748,2.9794399,4.4450852,2.1051587,4.9453529,2.3420721,3.7944427,1.7969992
2024-06-21,6.2919008,2.9794033,4.4456688,2.1051329,4.9461418,2.3421095,3.7949874,1.7969992
2024-06-24,6.2959897,2.9800588,4.4490021,2.1058063,4.9506703,2.3432471,3.7958604,1.7966402
2024-06-25,6.2972865,2.9802448,4.4464223,2.1042829,4.9426235,2.3391019,3.8023712,1.7994639
2024-06-26,6.2745356,2.9690507,4.4463563,2.1039502,4.9491529,2.3418568,3.7755544,1.7865151
2024-06-27,6.2820446,2.9721776,4.4464163,2.1036765,4.948576,2.3412476,3.7850312,1.7907428
2024-06-28,6.2587296,2.9607209,4.4427879,2.1016585,4.9397907,2.3367557,3.7636556,1.7803732
2024-07-01,6.2453891,2.9531399,4.4333181,2.0962771,4.9166352,2.3247995,3.7652704,1.7803732
2024-07-02,6.2508056,2.9552771,4.437163,2.0977942,4.9249503,2.3283975,3.7658109,1.7803732
2024-07-03,6.2512301,2.9550536,4.4374644,2.0976355,4.9296863,2.3303023,3.7663515,1.7803732
2024-07-05,6.245316,2.9514094,4.4332662,2.0950487,4.9287828,2.3292061,3.7674329,1.7803732
2024-07-08,6.2481304,2.9514707,4.435264,2.0950922,4.9316428,2.3295564,3.7690524,1.7803732
2024-07-09,6.2501866,2.9520191,4.4367237,2.0954815,4.9310812,2.3289573,3.7695925,1.7803732
2024-07-10,6.2476165,2.9503822,4.4348992,2.0943196,4.9295565,2.3279035,3.7701326,1.7803732
2024-07-11,6.2521585,2.9521044,4.4381234,2.0955421,4.9403336,2.3326592,3.7706728,1.7803732
2024-07-12,6.2573362,2.9541278,4.4417988,2.0969783,4.9454574,2.3347456,3.7712111,1.7803732
2024-07-15,6.255412,2.9519544,4.4404329,2.0954355,4.9440389,2.3330761,3.772826,1.7803732
2024-07-16,6.2608814,2.9541149,4.4443154,2.0969692,4.9485423,2.3348689,3.7733635,1.7803732
2024-07-17,6.2605262,2.9535264,4.4440632,2.0965514,4.9482491,2.3343979,3.773901,1.7803732
2024-07-18,6.2604454,2.9530675,4.4440059,2.0962257,4.954062,2.3368076,3.7744387,1.7803732
2024-07-19,6.2663044,2.9554097,4.4481649,2.0978883,4.9647464,2.3415138,3.7749774,1.7803732
2024-07-22,6.2705503,2.9561491,4.4511789,2.0984131,4.9705902,2.3432692,3.7765909,1.7803732
2024-07-23,6.2628394,2.9520935,4.4457053,2.0955343,4.9583629,2.3371717,3.7771279,1.7803732
2024-07-24,6.2608914,2.9507563,4.4443224,2.0945851,4.9596127,2.3374291,3.7776639,1.7803732
2024-07-25,6.2568911,2.9484523,4.4417313,2.0930667,4.9538787,2.334395,3.7777777,1.7801741
2024-07-26,6.2753873,2.9567506,4.447919,2.095686,4.9656809,2.3396259,3.7901224,1.7857391
2024-07-29,6.2826749,2.9589303,4.4501897,2.0958671,4.9685552,2.3399879,3.796663,1.7880634
2024-07-30,6.2878634,2.9609564,4.4518981,2.096376,4.9714289,2.3410111,3.8005546,1.7896439
2024-07-31,6.298276,2.9654428,4.4535305,2.0968494,4.9744108,2.3420856,3.8108899,1.7942586
2024-08-01,6.291218,2.9617012,4.4485398,2.0942038,4.963491,2.3366138,3.8114276,1.7942586
2024-08-02,6.2602622,2.9467128,4.4266509,2.0836056,4.9166874,2.3142528,3.8119622,1.7942586
2024-08-05,6.2587275,2.9447673,4.4255657,2.0822299,4.912089,2.3111278,3.8135445,1.7942586
2024-08-06,6.2769122,2.9529126,4.4384241,2.0879895,4.9394805,2.3236931,3.8140763,1.7942586
2024-08-07,6.2838847,2.955781,4.4433544,2.0900177,4.9506678,2.3286319,3.8146082,1.7942586
2024-08-08,6.2812526,2.9541307,4.4414933,2.0888508,4.946733,2.3264564,3.8151401,1.7942586
2024-08-09,6.2877754,2.9567865,4.4461055,2.0907287,4.9563388,2.3306496,3.8156721,1.7942586
2024-08-12,6.2969428,2.9598604,4.4525878,2.0929022,4.9680788,2.3351951,3.8172685,1.7942586
2024-08-13,6.3060819,2.9637451,4.4590501,2.095649,4.9806372,2.3407737,3.8177987,1.7942586
2024-08-14,6.3101691,2.9652551,4.4619402,2.0967168,4.9865906,2.3432472,3.8183279,1.7942586
2024-08-15,6.31077,2.9651257,4.4623651,2.0966252,4.982347,2.3409276,3.8188583,1.7942586
2024-08-16,6.3105078,2.964589,4.4621797,2.0962457,4.9827221,2.3407773,3.8193909,1.7942586
2024-08-19,6.3114406,2.9637894,4.4628393,2.0956803,4.9843261,2.3405535,3.8209856,1.7942586
2024-08-20,6.3098712,2.9626415,4.4617295,2.0948687,4.9841995,2.3401696,3.8215153,1.7942586
2024-08-21,6.3042906,2.9596122,4.4577835,2.0927267,4.9791159,2.3374596,3.822043,1.7942586
2024-08-22,6.3097808,2.9617825,4.4616656,2.0942613,4.9845375,2.3396833,3.8225687,1.7942586
2024-08-23,6.300731,2.9571257,4.4552665,2.0909685,4.9732501,2.3340621,3.8230965,1.7942586
2024-08-26,6.3041892,2.957531,4.4581573,2.0914642,4.9769896,2.334856,3.8239062,1.7938998
2024-08-27,6.2973499,2.9539189,4.4551733,2.0897789,4.9708944,2.331678,3.8212499,1.7924089
2024-08-28,6.2935031,2.9517115,4.4543017,2.089085,4.9687049,2.3303329,3.8185979,1.7909204
2024-08-29,6.2836984,2.9467118,4.452761,2.0880785,4.9655557,2.3285392,3.8098604,1.7865791
2024-08-30,6.2667506,2.9383622,4.4483554,2.0857276,4.9573019,2.324351,3.797368,1.7804773
2024-09-03,6.2779231,2.9419972,4.4562861,2.0883078,4.9698249,2.3289542,3.7994405,1.7804773
2024-09-04,6.2884658,2.9465372,4.4637696,2.0915304,4.9835063,2.3350484,3.7999578,1.7804773
2024-09-05,6.2878211,2.9458347,4.4633119,2.0910318,4.9818677,2.3339633,3.8004742,1.7804773
2024-09-06,6.2865062,2.9448199,4.4623786,2.0903115,4.9795521,2.3325626,3.8009885,1.7804773
2024-09-09,6.2863323,2.9435452,4.4622552,2.0894067,4.9795885,2.3316345,3.8025287,1.7804773
2024-09-10,6.2755645,2.9381089,4.4546118,2.0855478,4.9674719,2.3256487,3.8030382,1.7804773
2024-09-11,6.2731713,2.936598,4.452913,2.0844754,4.9647712,2.3240752,3.8035435,1.7804773
2024-09-12,6.276702,2.9378574,4.4554192,2.0853693,4.9685053,2.3255119,3.8040531,1.7804773
2024-09-13,6.2802852,2.9391442,4.4579627,2.0862827,4.9705892,2.3261782,3.8045585,1.7804773
2024-09-16,6.282195,2.9388832,4.4593183,2.0860974,4.9689028,2.3244751,3.8060533,1.7804773
2024-09-17,6.2802106,2.9375724,4.4579098,2.085167,4.9678039,2.3236585,3.8065486,1.7804773
2024-09-18,6.2751653,2.9348302,4.4543285,2.0832205,4.9668064,2.3228895,3.8070439,1.7804773
2024-09-19,6.2739404,2.9338835,4.453459,2.0825485,4.9668711,2.3226239,3.8075289,1.7804773
2024-09-20,6.2750515,2.9340325,4.4542476,2.0826543,4.9675879,2.3226657,3.8080098,1.7804773
2024-09-23,6.2767504,2.9337272,4.4554536,2.0824375,4.9692665,2.32258,3.8094371,1.7804773
2024-09-24,6.2763992,2.933199,4.4557187,2.082303,4.9697694,2.3225268,3.8090303,1.7800662
2024-09-25,6.2626441,2.9264091,4.456268,2.082303,4.9703821,2.3225268,3.7918653,1.7718251
2024-09-26,6.2633457,2.9263753,4.4568186,2.082303,4.9709962,2.3225268,3.7922463,1.7717842
2024-09-27,6.2756071,2.9317433,4.4573681,2.082303,4.9716091,2.3225268,3.8066265,1.7782843
2024-09-30,6.2596616,2.9232098,4.4590167,2.082303,4.9734479,2.3225268,3.7858743,1.7679321
