date,nav_total_curve_allocated,nav_excess_curve_allocated
1993-01-04,1.0003375,1
1993-01-05,1.0004219,1
1993-01-06,1.0005072,1
1993-01-07,1.0005922,1
1993-01-08,1.0006777,1
1993-01-11,1.0009294,1
1993-01-12,1.001013,1
1993-01-13,1.0010958,1
1993-01-14,1.0011781,1
1993-01-15,1.0012599,1
1993-01-19,1.0015825,1
1993-01-20,1.0016645,1
1993-01-21,1.0017471,1
1993-01-22,1.0018292,1
1993-01-25,1.0018215,0.99974826
1993-01-26,0.99804625,0.9959
1993-01-27,1.0053045,1.0030622
1993-01-28,1.012557,1.0102185
1993-01-29,1.0165077,1.0140798
1993-02-01,1.01675,1.0140798
1993-02-02,1.0168308,1.0140798
1993-02-03,1.0169132,1.0140798
1993-02-04,1.0169949,1.0140798
1993-02-05,1.0170757,1.0140798
1993-02-08,1.0173181,1.0140798
1993-02-09,1.0173995,1.0140798
1993-02-10,1.0174811,1.0140798
1993-02-11,1.0175631,1.0140798
1993-02-12,1.0176445,1.0140798
1993-02-16,1.0179713,1.0140798
1993-02-17,1.018053,1.0140798
1993-02-18,1.0181341,1.0140798
1993-02-19,1.0182148,1.0140798
1993-02-22,1.0181744,1.0137954
1993-02-23,1.0341886,1.0296588
1993-02-24,1.0262938,1.0217156
1993-02-25,1.0251136,1.0204578
1993-02-26,1.0253911,1.0206516
1993-03-01,1.0256397,1.0206516
1993-03-02,1.0257226,1.0206516
1993-03-03,1.0258061,1.0206516
1993-03-04,1.0258887,1.0206516
1993-03-05,1.0259705,1.0206516
1993-03-08,1.0262235,1.0206516
1993-03-09,1.0263078,1.0206516
1993-03-10,1.0263919,1.0206516
1993-03-11,1.0264757,1.0206516
1993-03-12,1.0265589,1.0206516
1993-03-15,1.0268095,1.0206516
1993-03-16,1.0268936,1.0206516
1993-03-17,1.0269775,1.0206516
1993-03-18,1.0270613,1.0206516
1993-03-19,1.0271443,1.0206516
1993-03-22,1.0273942,1.0206516
1993-03-23,1.027477,1.0206516
1993-03-24,1.0275592,1.0206516
1993-03-25,1.0274228,1.0204345
1993-03-26,1.0166174,1.0096212
1993-03-29,1.0232485,1.0159636
1993-03-30,1.0276584,1.0202603
1993-03-31,1.0240733,1.0166196
1993-04-01,1.0241544,1.0166196
1993-04-02,1.0242358,1.0166196
1993-04-05,1.0244808,1.0166196
1993-04-06,1.0245622,1.0166196
1993-04-07,1.0246438,1.0166196
1993-04-08,1.0247258,1.0166196
1993-04-12,1.0250515,1.0166196
1993-04-13,1.0251326,1.0166196
1993-04-14,1.0252127,1.0166196
1993-04-15,1.0252919,1.0166196
1993-04-16,1.0253717,1.0166196
1993-04-19,1.025611,1.0166196
1993-04-20,1.02569,1.0166196
1993-04-21,1.0257684,1.0166196
1993-04-22,1.0258471,1.0166196
1993-04-23,1.0259263,1.0166196
1993-04-26,1.0259483,1.0164041
1993-04-27,1.0175001,1.0079541
1993-04-28,1.0185896,1.0089529
1993-04-29,1.0256669,1.0158826
1993-04-30,1.0221741,1.0123424
1993-05-03,1.0224186,1.0123424
1993-05-04,1.022499,1.0123424
1993-05-05,1.0225794,1.0123424
1993-05-06,1.0226604,1.0123424
1993-05-07,1.0227405,1.0123424
1993-05-10,1.0229818,1.0123424
1993-05-11,1.0230622,1.0123424
1993-05-12,1.0231432,1.0123424
1993-05-13,1.0232245,1.0123424
1993-05-14,1.0233066,1.0123424
1993-05-17,1.0235556,1.0123424
1993-05-18,1.0236397,1.0123424
1993-05-19,1.0237241,1.0123424
1993-05-20,1.0238074,1.0123424
1993-05-21,1.0238905,1.0123424
1993-05-24,1.023911,1.0121131
1993-05-25,1.0229209,1.0110501
1993-05-26,1.0274629,1.0154544
1993-05-27,1.028066,1.0159656
1993-05-28,1.0242271,1.0120866
1993-06-01,1.0245706,1.0120866
1993-06-02,1.0246559,1.0120866
1993-06-03,1.0247421,1.0120866
1993-06-04,1.0248271,1.0120866
1993-06-07,1.0250891,1.0120866
1993-06-08,1.0251762,1.0120866
1993-06-09,1.0252641,1.0120866
1993-06-10,1.0253514,1.0120866
1993-06-11,1.0254388,1.0120866
1993-06-14,1.0256959,1.0120866
1993-06-15,1.0257816,1.0120866
1993-06-16,1.0258673,1.0120866
1993-06-17,1.0259527,1.0120866
1993-06-18,1.0260379,1.0120866
1993-06-21,1.0262959,1.0120866
1993-06-22,1.026382,1.0120866
1993-06-23,1.0264689,1.0120866
1993-06-24,1.0262751,1.011809
1993-06-25,1.0301731,1.0155661
1993-06-28,1.0363727,1.0214208
1993-06-29,1.0400196,1.0249291
1993-06-30,1.0399633,1.0247886
1993-07-01,1.0400497,1.0247886
1993-07-02,1.0401348,1.0247886
1993-07-06,1.0404711,1.0247886
1993-07-07,1.0405569,1.0247886
1993-07-08,1.0406436,1.0247886
1993-07-09,1.0407297,1.0247886
1993-07-12,1.040988,1.0247886
1993-07-13,1.0410739,1.0247886
1993-07-14,1.0411606,1.0247886
1993-07-15,1.0412464,1.0247886
1993-07-16,1.0413323,1.0247886
1993-07-19,1.0415899,1.0247886
1993-07-20,1.0416764,1.0247886
1993-07-21,1.0417637,1.0247886
1993-07-22,1.0418513,1.0247886
1993-07-23,1.0419395,1.0247886
1993-07-26,1.0419125,1.0245017
1993-07-27,1.0407081,1.023231
1993-07-28,1.044564,1.0269353
1993-07-29,1.0562928,1.0383795
1993-07-30,1.0532091,1.0352621
1993-08-02,1.0534714,1.0352621
1993-08-03,1.05356,1.0352621
1993-08-04,1.0536489,1.0352621
1993-08-05,1.0537378,1.0352621
1993-08-06,1.0538258,1.0352621
1993-08-09,1.0540891,1.0352621
1993-08-10,1.0541764,1.0352621
1993-08-11,1.0542639,1.0352621
1993-08-12,1.0543511,1.0352621
1993-08-13,1.0544381,1.0352621
1993-08-16,1.0546998,1.0352621
1993-08-17,1.054787,1.0352621
1993-08-18,1.054874,1.0352621
1993-08-19,1.0549604,1.0352621
1993-08-20,1.0550466,1.0352621
1993-08-23,1.0553059,1.0352621
1993-08-24,1.0553923,1.0352621
1993-08-25,1.0551352,1.0349251
1993-08-26,1.0666622,1.0461468
1993-08-27,1.0601781,1.0397014
1993-08-30,1.0641058,1.0432953
1993-08-31,1.0648425,1.0439312
1993-09-01,1.0649303,1.0439312
1993-09-02,1.0650181,1.0439312
1993-09-03,1.0651054,1.0439312
1993-09-07,1.0654485,1.0439312
1993-09-08,1.0655341,1.0439312
1993-09-09,1.0656205,1.0439312
1993-09-10,1.0657075,1.0439312
1993-09-13,1.0659667,1.0439312
1993-09-14,1.0660535,1.0439312
1993-09-15,1.0661408,1.0439312
1993-09-16,1.0662273,1.0439312
1993-09-17,1.0663134,1.0439312
1993-09-20,1.066572,1.0439312
1993-09-21,1.0666582,1.0439312
1993-09-22,1.0667435,1.0439312
1993-09-23,1.0668289,1.0439312
1993-09-24,1.0666225,1.0436454
1993-09-27,1.0808552,1.0573202
1993-09-28,1.0834448,1.0597691
1993-09-29,1.0756604,1.0520707
1993-09-30,1.0696952,1.0461518
1993-10-01,1.0697807,1.0461518
1993-10-04,1.0700375,1.0461518
1993-10-05,1.0701234,1.0461518
1993-10-06,1.0702113,1.0461518
1993-10-07,1.0702987,1.0461518
1993-10-08,1.0703861,1.0461518
1993-10-12,1.0707357,1.0461518
1993-10-13,1.070824,1.0461518
1993-10-14,1.0709128,1.0461518
1993-10-15,1.0710012,1.0461518
1993-10-18,1.0712661,1.0461518
1993-10-19,1.0713548,1.0461518
1993-10-20,1.0714446,1.0461518
1993-10-21,1.0715338,1.0461518
1993-10-22,1.0716234,1.0461518
1993-10-25,1.0716258,1.0458927
1993-10-26,1.0748196,1.0489228
1993-10-27,1.0713702,1.0454677
1993-10-28,1.0711682,1.0451821
1993-10-29,1.0707609,1.0446976
1993-11-01,1.0710276,1.0446976
1993-11-02,1.0711174,1.0446976
1993-11-03,1.0712089,1.0446976
1993-11-04,1.0712996,1.0446976
1993-11-05,1.07139,1.0446976
1993-11-08,1.0716595,1.0446976
1993-11-09,1.0717493,1.0446976
1993-11-10,1.0718406,1.0446976
1993-11-12,1.0720239,1.0446976
1993-11-15,1.0722979,1.0446976
1993-11-16,1.0723893,1.0446976
1993-11-17,1.07248,1.0446976
1993-11-18,1.0725708,1.0446976
1993-11-19,1.0726622,1.0446976
1993-11-22,1.0729382,1.0446976
1993-11-23,1.0727977,1.0444712
1993-11-24,1.0730257,1.0446039
1993-11-26,1.0774174,1.0487007
1993-11-29,1.0788931,1.049869
1993-11-30,1.0727672,1.0438182
1993-12-01,1.0728595,1.0438182
1993-12-02,1.0729512,1.0438182
1993-12-03,1.0730426,1.0438182
1993-12-06,1.0733169,1.0438182
1993-12-07,1.0734078,1.0438182
1993-12-08,1.0734986,1.0438182
1993-12-09,1.0735892,1.0438182
1993-12-10,1.0736792,1.0438182
1993-12-13,1.0739484,1.0438182
1993-12-14,1.0740381,1.0438182
1993-12-15,1.0741276,1.0438182
1993-12-16,1.0742168,1.0438182
1993-12-17,1.0743059,1.0438182
1993-12-20,1.0745735,1.0438182
1993-12-21,1.0746633,1.0438182
1993-12-22,1.0747537,1.0438182
1993-12-23,1.0748438,1.0438182
1993-12-27,1.0749418,1.0435633
1993-12-28,1.0742693,1.042823
1993-12-29,1.0727019,1.041214
1993-12-30,1.0650291,1.0336806
1993-12-31,1.0641162,1.0327102
1994-01-03,1.0643795,1.0327102
1994-01-04,1.0644678,1.0327102
1994-01-05,1.0645577,1.0327102
1994-01-06,1.0646472,1.0327102
1994-01-07,1.0647362,1.0327102
1994-01-10,1.0649996,1.0327102
1994-01-11,1.0650868,1.0327102
1994-01-12,1.0651738,1.0327102
1994-01-13,1.0652602,1.0327102
1994-01-14,1.0653463,1.0327102
1994-01-18,1.065693,1.0327102
1994-01-19,1.0657794,1.0327102
1994-01-20,1.0658661,1.0327102
1994-01-21,1.0659523,1.0327102
1994-01-24,1.0662107,1.0327102
1994-01-25,1.0660552,1.0324767
1994-01-26,1.065148,1.0315151
1994-01-27,1.0697019,1.0358427
1994-01-28,1.0744393,1.0403473
1994-01-31,1.071762,1.0375044
1994-02-01,1.0718489,1.0375044
1994-02-02,1.0719379,1.0375044
1994-02-03,1.0720278,1.0375044
1994-02-04,1.0721197,1.0375044
1994-02-07,1.0724043,1.0375044
1994-02-08,1.0724989,1.0375044
1994-02-09,1.0725944,1.0375044
1994-02-10,1.07269,1.0375044
1994-02-11,1.0727858,1.0375044
1994-02-14,1.0730732,1.0375044
1994-02-15,1.073169,1.0375044
1994-02-16,1.0732652,1.0375044
1994-02-17,1.0733613,1.0375044
1994-02-18,1.0734578,1.0375044
1994-02-22,1.073593,1.037261
1994-02-23,1.0667255,1.0305324
1994-02-24,1.0583182,1.0223149
1994-02-25,1.0598294,1.0236807
1994-02-28,1.0658482,1.0292106
1994-03-01,1.0659463,1.0292106
1994-03-02,1.0660485,1.0292106
1994-03-03,1.0661499,1.0292106
1994-03-04,1.0662515,1.0292106
1994-03-07,1.0665609,1.0292106
1994-03-08,1.0666637,1.0292106
1994-03-09,1.0667675,1.0292106
1994-03-10,1.0668707,1.0292106
1994-03-11,1.0669727,1.0292106
1994-03-14,1.0672787,1.0292106
1994-03-15,1.0673822,1.0292106
1994-03-16,1.0674869,1.0292106
1994-03-17,1.0675902,1.0292106
1994-03-18,1.0676917,1.0292106
1994-03-21,1.067997,1.0292106
1994-03-22,1.0681,1.0292106
1994-03-23,1.0682031,1.0292106
1994-03-24,1.0683043,1.0292106
1994-03-25,1.0681901,1.0290033
1994-03-28,1.0672364,1.0277902
1994-03-29,1.0601866,1.0209025
1994-03-30,1.0572097,1.0179377
1994-03-31,1.0574965,1.0181165
1994-04-04,1.0578998,1.0181165
1994-04-05,1.0580056,1.0181165
1994-04-06,1.0581117,1.0181165
1994-04-07,1.0582157,1.0181165
1994-04-08,1.0583181,1.0181165
1994-04-11,1.0586278,1.0181165
1994-04-12,1.0587304,1.0181165
1994-04-13,1.0588337,1.0181165
1994-04-14,1.058937,1.0181165
1994-04-15,1.0590408,1.0181165
1994-04-18,1.0593533,1.0181165
1994-04-19,1.0594607,1.0181165
1994-04-20,1.0595693,1.0181165
1994-04-21,1.0596778,1.0181165
1994-04-22,1.05963,1.0179662
1994-04-25,1.0629718,1.0208629
1994-04-26,1.064455,1.0221822
1994-04-28,1.0533634,1.0113137
1994-04-29,1.0541744,1.0119846
1994-05-02,1.0545097,1.0119846
1994-05-03,1.054623,1.0119846
1994-05-04,1.0547391,1.0119846
1994-05-05,1.0548562,1.0119846
1994-05-06,1.0549726,1.0119846
1994-05-09,1.0553351,1.0119846
1994-05-10,1.055458,1.0119846
1994-05-11,1.0555806,1.0119846
1994-05-12,1.0557026,1.0119846
1994-05-13,1.0558221,1.0119846
1994-05-16,1.0561796,1.0119846
1994-05-17,1.0562997,1.0119846
1994-05-18,1.0564212,1.0119846
1994-05-19,1.0565425,1.0119846
1994-05-20,1.0566621,1.0119846
1994-05-23,1.0570225,1.0119846
1994-05-24,1.057011,1.0118582
1994-05-25,1.0581878,1.0128678
1994-05-26,1.0605169,1.0149811
1994-05-27,1.0587848,1.0132078
1994-05-31,1.0571128,1.0111435
1994-06-01,1.0572332,1.0111435
1994-06-02,1.0573543,1.0111435
1994-06-03,1.057474,1.0111435
1994-06-06,1.057832,1.0111435
1994-06-07,1.0579506,1.0111435
1994-06-08,1.05807,1.0111435
1994-06-09,1.0581891,1.0111435
1994-06-10,1.0583086,1.0111435
1994-06-13,1.0586661,1.0111435
1994-06-14,1.0587856,1.0111435
1994-06-15,1.0589048,1.0111435
1994-06-16,1.0590246,1.0111435
1994-06-17,1.0591439,1.0111435
1994-06-20,1.0595025,1.0111435
1994-06-21,1.0596221,1.0111435
1994-06-22,1.0597441,1.0111435
1994-06-23,1.0598654,1.0111435
1994-06-24,1.0598517,1.0110154
1994-06-27,1.0614711,1.0122138
1994-06-28,1.0569827,1.0078188
1994-06-29,1.0577416,1.008427
1994-06-30,1.052852,1.0036507
1994-07-01,1.0529717,1.0036507
1994-07-05,1.0534563,1.0036507
1994-07-06,1.0535778,1.0036507
1994-07-07,1.0537014,1.0036507
1994-07-08,1.0538241,1.0036507
1994-07-11,1.0542026,1.0036507
1994-07-12,1.0543305,1.0036507
1994-07-13,1.0544591,1.0036507
1994-07-14,1.0545865,1.0036507
1994-07-15,1.0547107,1.0036507
1994-07-18,1.05508,1.0036507
1994-07-19,1.0552026,1.0036507
1994-07-20,1.0553257,1.0036507
1994-07-21,1.0554501,1.0036507
1994-07-22,1.0555753,1.0036507
1994-07-25,1.0557932,1.0034966
1994-07-26,1.0556712,1.0032602
1994-07-27,1.050452,0.99817894
1994-07-28,1.0534344,1.0008909
1994-07-29,1.0672646,1.0139102
1994-08-01,1.0676392,1.0139102
1994-08-02,1.0677644,1.0139102
1994-08-03,1.0678911,1.0139102
1994-08-04,1.0680178,1.0139102
1994-08-05,1.0681442,1.0139102
1994-08-08,1.0685357,1.0139102
1994-08-09,1.0686666,1.0139102
1994-08-10,1.0687969,1.0139102
1994-08-11,1.0689251,1.0139102
1994-08-12,1.0690522,1.0139102
1994-08-15,1.0694371,1.0139102
1994-08-16,1.0695675,1.0139102
1994-08-17,1.0697028,1.0139102
1994-08-18,1.0698368,1.0139102
1994-08-19,1.0699713,1.0139102
1994-08-22,1.0703723,1.0139102
1994-08-23,1.0705055,1.0139102
1994-08-24,1.0706395,1.0139102
1994-08-25,1.0705741,1.0137221
1994-08-26,1.0750723,1.0178548
1994-08-29,1.0754658,1.0178459
1994-08-30,1.0783542,1.0204521
1994-08-31,1.0793006,1.0212193
1994-09-01,1.0794355,1.0212193
1994-09-02,1.07957,1.0212193
1994-09-06,1.0801083,1.0212193
1994-09-07,1.080243,1.0212193
1994-09-08,1.0803773,1.0212193
1994-09-09,1.080512,1.0212193
1994-09-12,1.0809188,1.0212193
1994-09-13,1.0810547,1.0212193
1994-09-14,1.0811909,1.0212193
1994-09-15,1.0813266,1.0212193
1994-09-16,1.0814623,1.0212193
1994-09-19,1.081872,1.0212193
1994-09-20,1.0820078,1.0212193
1994-09-21,1.0821448,1.0212193
1994-09-22,1.0822868,1.0212193
1994-09-23,1.0824288,1.0212193
1994-09-26,1.0827515,1.0211225
1994-09-27,1.0822022,1.0204708
1994-09-28,1.0834592,1.0215245
1994-09-29,1.080301,1.0184197
1994-09-30,1.0805438,1.0185208
1994-10-03,1.0809585,1.0185208
1994-10-04,1.0810986,1.0185208
1994-10-05,1.0812455,1.0185208
1994-10-06,1.0813925,1.0185208
1994-10-07,1.0815397,1.0185208
1994-10-11,1.0821181,1.0185208
1994-10-12,1.0822631,1.0185208
1994-10-13,1.082411,1.0185208
1994-10-14,1.0825566,1.0185208
1994-10-17,1.0829891,1.0185208
1994-10-18,1.083133,1.0185208
1994-10-19,1.0832787,1.0185208
1994-10-20,1.0834247,1.0185208
1994-10-21,1.0835731,1.0185208
1994-10-24,1.0840184,1.0185208
1994-10-25,1.0839477,1.0183143
1994-10-26,1.0830695,1.0173481
1994-10-27,1.0835419,1.0176525
1994-10-28,1.0900207,1.0235984
1994-10-31,1.0903836,1.0235177
1994-11-01,1.0905339,1.0235177
1994-11-02,1.0906856,1.0235177
1994-11-03,1.0908377,1.0235177
1994-11-04,1.0909901,1.0235177
1994-11-07,1.0914546,1.0235177
1994-11-08,1.0916107,1.0235177
1994-11-09,1.0917671,1.0235177
1994-11-10,1.0919227,1.0235177
1994-11-14,1.0925485,1.0235177
1994-11-15,1.0927066,1.0235177
1994-11-16,1.0928676,1.0235177
1994-11-17,1.0930284,1.0235177
1994-11-18,1.0931886,1.0235177
1994-11-21,1.0936684,1.0235177
1994-11-22,1.0938281,1.0235177
1994-11-23,1.0937154,1.0232625
1994-11-25,1.0945531,1.0237496
1994-11-28,1.0843961,1.0138045
1994-11-29,1.0763293,1.0061131
1994-11-30,1.0817899,1.0110651
1994-12-01,1.0819547,1.0110651
1994-12-02,1.0821192,1.0110651
1994-12-05,1.08262,1.0110651
1994-12-06,1.0827908,1.0110651
1994-12-07,1.082962,1.0110651
1994-12-08,1.0831299,1.0110651
1994-12-09,1.0832982,1.0110651
1994-12-12,1.0838021,1.0110651
1994-12-13,1.083972,1.0110651
1994-12-14,1.0841436,1.0110651
1994-12-15,1.0843123,1.0110651
1994-12-16,1.0844769,1.0110651
1994-12-19,1.0849725,1.0110651
1994-12-20,1.0851378,1.0110651
1994-12-21,1.0853007,1.0110651
1994-12-22,1.0854615,1.0110651
1994-12-23,1.0853748,1.0108331
1994-12-27,1.0945097,1.0187279
1994-12-28,1.0916212,1.0158851
1994-12-29,1.0908229,1.0149885
1994-12-30,1.0909181,1.0149239
1995-01-03,1.0915792,1.0149239
1995-01-04,1.0917446,1.0149239
1995-01-05,1.0919148,1.0149239
1995-01-06,1.0920859,1.0149239
1995-01-09,1.0926011,1.0149239
1995-01-10,1.0927733,1.0149239
1995-01-11,1.0929451,1.0149239
1995-01-12,1.0931137,1.0149239
1995-01-13,1.093282,1.0149239
1995-01-17,1.0939494,1.0149239
1995-01-18,1.0941178,1.0149239
1995-01-19,1.094289,1.0149239
1995-01-20,1.0944601,1.0149239
1995-01-23,1.0949774,1.0149239
1995-01-24,1.0951502,1.0149239
1995-01-25,1.0950708,1.0146888
1995-01-26,1.1010045,1.0200265
1995-01-27,1.1115675,1.0296514
1995-01-30,1.1158807,1.0331593
1995-01-31,1.1178917,1.034859
1995-02-01,1.1180703,1.034859
1995-02-02,1.118251,1.034859
1995-02-03,1.1184302,1.034859
1995-02-06,1.1189634,1.034859
1995-02-07,1.1191412,1.034859
1995-02-08,1.1193194,1.034859
1995-02-09,1.1194963,1.034859
1995-02-10,1.1196736,1.034859
1995-02-13,1.1202083,1.034859
1995-02-14,1.1203863,1.034859
1995-02-15,1.120564,1.034859
1995-02-16,1.1207411,1.034859
1995-02-17,1.1209159,1.034859
1995-02-21,1.121616,1.034859
1995-02-22,1.1215557,1.0346406
1995-02-23,1.1209143,1.0338877
1995-02-24,1.1231951,1.0358293
1995-02-27,1.1309317,1.0424772
1995-02-28,1.1327986,1.0440347
1995-03-01,1.1329774,1.0440347
1995-03-02,1.1331562,1.0440347
1995-03-03,1.1333347,1.0440347
1995-03-06,1.1338675,1.0440347
1995-03-07,1.1340458,1.0440347
1995-03-08,1.1342254,1.0440347
1995-03-09,1.1344047,1.0440347
1995-03-10,1.1345828,1.0440347
1995-03-13,1.1351209,1.0440347
1995-03-14,1.1353,1.0440347
1995-03-15,1.1354788,1.0440347
1995-03-16,1.1356574,1.0440347
1995-03-17,1.135836,1.0440347
1995-03-20,1.1363719,1.0440347
1995-03-21,1.1365503,1.0440347
1995-03-22,1.136729,1.0440347
1995-03-23,1.1369075,1.0440347
1995-03-24,1.1370853,1.0440347
1995-03-27,1.137491,1.0439206
1995-03-28,1.1318782,1.0386077
1995-03-29,1.1337527,1.0401653
1995-03-30,1.13085,1.0373408
1995-03-31,1.1294285,1.0358748
1995-04-03,1.1299576,1.0358748
1995-04-04,1.130134,1.0358748
1995-04-05,1.1303115,1.0358748
1995-04-06,1.130488,1.0358748
1995-04-07,1.1306636,1.0358748
1995-04-10,1.1311914,1.0358748
1995-04-11,1.1313665,1.0358748
1995-04-12,1.131542,1.0358748
1995-04-13,1.1317168,1.0358748
1995-04-17,1.1324089,1.0358748
1995-04-18,1.1325832,1.0358748
1995-04-19,1.1327573,1.0358748
1995-04-20,1.1329317,1.0358748
1995-04-21,1.1331055,1.0358748
1995-04-24,1.1333681,1.0356363
1995-04-25,1.1318951,1.034131
1995-04-26,1.1322207,1.0342678
1995-04-27,1.1283983,1.0306154
1995-04-28,1.1250012,1.027352
1995-05-01,1.1255273,1.027352
1995-05-02,1.1257034,1.027352
1995-05-03,1.1258795,1.027352
1995-05-04,1.1260541,1.027352
1995-05-05,1.1262268,1.027352
1995-05-08,1.1267424,1.027352
1995-05-09,1.1269147,1.027352
1995-05-10,1.1270885,1.027352
1995-05-11,1.1272626,1.027352
1995-05-12,1.1274374,1.027352
1995-05-15,1.1279647,1.027352
1995-05-16,1.1281409,1.027352
1995-05-17,1.1283167,1.027352
1995-05-18,1.1284923,1.027352
1995-05-19,1.1286682,1.027352
1995-05-22,1.1291961,1.027352
1995-05-23,1.1293727,1.027352
1995-05-24,1.1292774,1.027104
1995-05-25,1.1333723,1.0306682
1995-05-26,1.132999,1.030169
1995-05-30,1.1440438,1.0395724
1995-05-31,1.1439682,1.0393427
1995-06-01,1.1441446,1.0393427
1995-06-02,1.144317,1.0393427
1995-06-05,1.1448268,1.0393427
1995-06-06,1.1449996,1.0393427
1995-06-07,1.1451728,1.0393427
1995-06-08,1.1453476,1.0393427
1995-06-09,1.145523,1.0393427
1995-06-12,1.1460502,1.0393427
1995-06-13,1.1462248,1.0393427
1995-06-14,1.1463956,1.0393427
1995-06-15,1.1465665,1.0393427
1995-06-16,1.1467386,1.0393427
1995-06-19,1.1472561,1.0393427
1995-06-20,1.1474277,1.0393427
1995-06-21,1.1476,1.0393427
1995-06-22,1.1477707,1.0393427
1995-06-23,1.1479396,1.0393427
1995-06-26,1.148221,1.0391379
1995-06-27,1.1454867,1.03651
1995-06-28,1.1506447,1.0410234
1995-06-29,1.1335791,1.0254296
1995-06-30,1.1413963,1.0323464
1995-07-03,1.1419066,1.0323464
1995-07-05,1.1422482,1.0323464
1995-07-06,1.1424207,1.0323464
1995-07-07,1.1425888,1.0323464
1995-07-10,1.143094,1.0323464
1995-07-11,1.1432619,1.0323464
1995-07-12,1.1434307,1.0323464
1995-07-13,1.1435992,1.0323464
1995-07-14,1.1437681,1.0323464
1995-07-17,1.1442786,1.0323464
1995-07-18,1.1444494,1.0323464
1995-07-19,1.14462,1.0323464
1995-07-20,1.1447896,1.0323464
1995-07-21,1.14496,1.0323464
1995-07-24,1.1454719,1.0323464
1995-07-25,1.1454602,1.032182
1995-07-26,1.1419379,1.0288539
1995-07-27,1.1464519,1.032767
1995-07-28,1.1432216,1.029704
1995-07-31,1.1476004,1.0331893
1995-08-01,1.1477708,1.0331893
1995-08-02,1.1479419,1.0331893
1995-08-03,1.1481124,1.0331893
1995-08-04,1.1482828,1.0331893
1995-08-07,1.1487934,1.0331893
1995-08-08,1.1489634,1.0331893
1995-08-09,1.1491328,1.0331893
1995-08-10,1.1493024,1.0331893
1995-08-11,1.1494725,1.0331893
1995-08-14,1.1499845,1.0331893
1995-08-15,1.1501556,1.0331893
1995-08-16,1.1503274,1.0331893
1995-08-17,1.1504985,1.0331893
1995-08-18,1.15067,1.0331893
1995-08-21,1.1511845,1.0331893
1995-08-22,1.1513563,1.0331893
1995-08-23,1.1515286,1.0331893
1995-08-24,1.1516999,1.0331893
1995-08-25,1.1516711,1.0330118
1995-08-28,1.1547135,1.0352873
1995-08-29,1.1524344,1.0330932
1995-08-30,1.1550659,1.0353011
1995-08-31,1.1586452,1.038359
1995-09-01,1.1588131,1.038359
1995-09-05,1.1594849,1.038359
1995-09-06,1.1596536,1.038359
1995-09-07,1.1598226,1.038359
1995-09-08,1.1599923,1.038359
1995-09-11,1.1605034,1.038359
1995-09-12,1.1606735,1.038359
1995-09-13,1.1608423,1.038359
1995-09-14,1.1610112,1.038359
1995-09-15,1.1611791,1.038359
1995-09-18,1.161685,1.038359
1995-09-19,1.1618533,1.038359
1995-09-20,1.1620189,1.038359
1995-09-21,1.1621838,1.038359
1995-09-22,1.1623506,1.038359
1995-09-25,1.1627304,1.0382553
1995-09-26,1.1618446,1.0373153
1995-09-27,1.1628341,1.0380484
1995-09-28,1.1623393,1.0374571
1995-09-29,1.1666367,1.0411427
1995-10-02,1.1671392,1.0411427
1995-10-03,1.1673074,1.0411427
1995-10-04,1.1674785,1.0411427
1995-10-05,1.1676483,1.0411427
1995-10-06,1.1678172,1.0411427
1995-10-10,1.1684968,1.0411427
1995-10-11,1.1686662,1.0411427
1995-10-12,1.1688362,1.0411427
1995-10-13,1.1690059,1.0411427
1995-10-16,1.1695142,1.0411427
1995-10-17,1.1696846,1.0411427
1995-10-18,1.1698535,1.0411427
1995-10-19,1.1700218,1.0411427
1995-10-20,1.1701901,1.0411427
1995-10-23,1.1706969,1.0411427
1995-10-24,1.170866,1.0411427
1995-10-25,1.1707306,1.0408734
1995-10-26,1.1679558,1.0382573
1995-10-27,1.1676173,1.0378079
1995-10-30,1.1691643,1.0387351
1995-10-31,1.1702719,1.0395689
1995-11-01,1.1704425,1.0395689
1995-11-02,1.1706131,1.0395689
1995-11-03,1.1707834,1.0395689
1995-11-06,1.1712944,1.0395689
1995-11-07,1.1714657,1.0395689
1995-11-08,1.1716381,1.0395689
1995-11-09,1.1718101,1.0395689
1995-11-10,1.1719832,1.0395689
1995-11-13,1.1725053,1.0395689
1995-11-14,1.1726794,1.0395689
1995-11-15,1.1728522,1.0395689
1995-11-16,1.1730254,1.0395689
1995-11-17,1.1731977,1.0395689
1995-11-20,1.1737136,1.0395689
1995-11-21,1.1738856,1.0395689
1995-11-22,1.174058,1.0395689
1995-11-24,1.1740625,1.0392675
1995-11-27,1.1785197,1.0427586
1995-11-28,1.178632,1.0427054
1995-11-29,1.1840785,1.0473704
1995-11-30,1.1948346,1.0567314
1995-12-01,1.1950088,1.0567314
1995-12-04,1.1955284,1.0567314
1995-12-05,1.1957023,1.0567314
1995-12-06,1.1958762,1.0567314
1995-12-07,1.1960506,1.0567314
1995-12-08,1.1962255,1.0567314
1995-12-11,1.1967506,1.0567314
1995-12-12,1.1969253,1.0567314
1995-12-13,1.1970975,1.0567314
1995-12-14,1.19727,1.0567314
1995-12-15,1.1974425,1.0567314
1995-12-18,1.1979543,1.0567314
1995-12-19,1.198125,1.0567314
1995-12-20,1.1982921,1.0567314
1995-12-21,1.1984562,1.0567314
1995-12-22,1.1982849,1.0564382
1995-12-26,1.2015863,1.0587815
1995-12-27,1.2048585,1.0615239
1995-12-28,1.2090792,1.0651
1995-12-29,1.2150561,1.0702238
1996-01-02,1.2157165,1.0702238
1996-01-03,1.2158821,1.0702238
1996-01-04,1.2160503,1.0702238
1996-01-05,1.2162182,1.0702238
1996-01-08,1.216721,1.0702238
1996-01-09,1.2168887,1.0702238
1996-01-10,1.2170557,1.0702238
1996-01-11,1.2172238,1.0702238
1996-01-12,1.2173919,1.0702238
1996-01-16,1.2180656,1.0702238
1996-01-17,1.2182325,1.0702238
1996-01-18,1.218399,1.0702238
1996-01-19,1.2185646,1.0702238
1996-01-22,1.2190613,1.0702238
1996-01-23,1.2192277,1.0702238
1996-01-24,1.2193937,1.0702238
1996-01-25,1.2193842,1.0700698
1996-01-26,1.2241703,1.0741241
1996-01-29,1.222236,1.0719881
1996-01-30,1.2270014,1.0760209
1996-01-31,1.2299062,1.0784212
1996-02-01,1.2300717,1.0784212
1996-02-02,1.2302365,1.0784212
1996-02-05,1.2307269,1.0784212
1996-02-06,1.2308908,1.0784212
1996-02-07,1.231054,1.0784212
1996-02-08,1.2312159,1.0784212
1996-02-09,1.2313771,1.0784212
1996-02-12,1.2318619,1.0784212
1996-02-13,1.2320239,1.0784212
1996-02-14,1.2321856,1.0784212
1996-02-15,1.2323476,1.0784212
1996-02-16,1.232509,1.0784212
1996-02-20,1.2331519,1.0784212
1996-02-21,1.2333151,1.0784212
1996-02-22,1.233478,1.0784212
1996-02-23,1.2333703,1.0781849
1996-02-26,1.2301552,1.0749463
1996-02-27,1.2254377,1.0706812
1996-02-28,1.2201222,1.0658939
1996-02-29,1.2192847,1.0650197
1996-03-01,1.2194481,1.0650197
1996-03-04,1.2199352,1.0650197
1996-03-05,1.2200986,1.0650197
1996-03-06,1.2202621,1.0650197
1996-03-07,1.2204259,1.0650197
1996-03-08,1.2205897,1.0650197
1996-03-11,1.2210793,1.0650197
1996-03-12,1.2212453,1.0650197
1996-03-13,1.2214112,1.0650197
1996-03-14,1.2215772,1.0650197
1996-03-15,1.2217439,1.0650197
1996-03-18,1.2222469,1.0650197
1996-03-19,1.2224154,1.0650197
1996-03-20,1.2225845,1.0650197
1996-03-21,1.2227527,1.0650197
1996-03-22,1.2229182,1.0650197
1996-03-25,1.2233159,1.0649311
1996-03-26,1.223363,1.0648282
1996-03-27,1.2195661,1.0613775
1996-03-28,1.2172989,1.0592581
1996-03-29,1.2202815,1.0617069
1996-04-01,1.220783,1.0617069
1996-04-02,1.2209512,1.0617069
1996-04-03,1.2211191,1.0617069
1996-04-04,1.2212867,1.0617069
1996-04-05,1.2214534,1.0617069
1996-04-08,1.2219574,1.0617069
1996-04-09,1.2221254,1.0617069
1996-04-10,1.2222918,1.0617069
1996-04-11,1.2224576,1.0617069
1996-04-12,1.2226234,1.0617069
1996-04-15,1.2231198,1.0617069
1996-04-16,1.223283,1.0617069
1996-04-17,1.2234445,1.0617069
1996-04-18,1.2236064,1.0617069
1996-04-19,1.223769,1.0617069
1996-04-22,1.2242599,1.0617069
1996-04-23,1.2244235,1.0617069
1996-04-24,1.224407,1.061548
1996-04-25,1.2258427,1.0626473
1996-04-26,1.2282593,1.0645978
1996-04-29,1.2257343,1.0619734
1996-04-30,1.2209426,1.0576765
1996-05-01,1.2211102,1.0576765
1996-05-02,1.2212768,1.0576765
1996-05-03,1.2214438,1.0576765
1996-05-06,1.2219457,1.0576765
1996-05-07,1.2221128,1.0576765
1996-05-08,1.2222805,1.0576765
1996-05-09,1.222448,1.0576765
1996-05-10,1.2226151,1.0576765
1996-05-13,1.2231165,1.0576765
1996-05-14,1.2232848,1.0576765
1996-05-15,1.2234527,1.0576765
1996-05-16,1.2236203,1.0576765
1996-05-17,1.2237882,1.0576765
1996-05-20,1.2242921,1.0576765
1996-05-21,1.2244605,1.0576765
1996-05-22,1.2246296,1.0576765
1996-05-23,1.2247987,1.0576765
1996-05-24,1.2247809,1.0575151
1996-05-28,1.2242752,1.0564944
1996-05-29,1.2166399,1.0497595
1996-05-30,1.2166529,1.0496258
1996-05-31,1.2108007,1.0444321
1996-06-03,1.2113022,1.0444321
1996-06-04,1.2114708,1.0444321
1996-06-05,1.2116394,1.0444321
1996-06-06,1.2118081,1.0444321
1996-06-07,1.2119764,1.0444321
1996-06-10,1.2124864,1.0444321
1996-06-11,1.2126575,1.0444321
1996-06-12,1.2128279,1.0444321
1996-06-13,1.2129981,1.0444321
1996-06-14,1.2131675,1.0444321
1996-06-17,1.2136731,1.0444321
1996-06-18,1.213841,1.0444321
1996-06-19,1.2140096,1.0444321
1996-06-20,1.2141789,1.0444321
1996-06-21,1.2143492,1.0444321
1996-06-24,1.2146331,1.0442367
1996-06-25,1.2167409,1.045902
1996-06-26,1.2193459,1.0479952
1996-06-27,1.2270069,1.0544331
1996-06-28,1.2378247,1.0635832
1996-07-01,1.2383374,1.0635832
1996-07-02,1.2385098,1.0635832
1996-07-03,1.2386856,1.0635832
1996-07-05,1.2390317,1.0635832
1996-07-08,1.2395572,1.0635832
1996-07-09,1.2397324,1.0635832
1996-07-10,1.239909,1.0635832
1996-07-11,1.240084,1.0635832
1996-07-12,1.2402579,1.0635832
1996-07-15,1.2407819,1.0635832
1996-07-16,1.240957,1.0635832
1996-07-17,1.2411314,1.0635832
1996-07-18,1.2413055,1.0635832
1996-07-19,1.2414793,1.0635832
1996-07-22,1.2420038,1.0635832
1996-07-23,1.242179,1.0635832
1996-07-24,1.2423546,1.0635832
1996-07-25,1.2423032,1.0633885
1996-07-26,1.244749,1.0653321
1996-07-29,1.2385958,1.0596149
1996-07-30,1.242461,1.0627703
1996-07-31,1.2502823,1.0693091
1996-08-01,1.2504598,1.0693091
1996-08-02,1.2506348,1.0693091
1996-08-05,1.251156,1.0693091
1996-08-06,1.2513291,1.0693091
1996-08-07,1.2515022,1.0693091
1996-08-08,1.251675,1.0693091
1996-08-09,1.2518468,1.0693091
1996-08-12,1.2523623,1.0693091
1996-08-13,1.2525342,1.0693091
1996-08-14,1.2527068,1.0693091
1996-08-15,1.2528791,1.0693091
1996-08-16,1.2530525,1.0693091
1996-08-19,1.2535715,1.0693091
1996-08-20,1.253745,1.0693091
1996-08-21,1.2539181,1.0693091
1996-08-22,1.2540902,1.0693091
1996-08-23,1.254262,1.0693091
1996-08-26,1.2545503,1.0691145
1996-08-27,1.2569024,1.0709707
1996-08-28,1.2559376,1.0700002
1996-08-29,1.2506654,1.0653602
1996-08-30,1.2419842,1.0578164
1996-09-03,1.2426852,1.0578164
1996-09-04,1.2428612,1.0578164
1996-09-05,1.2430376,1.0578164
1996-09-06,1.2432147,1.0578164
1996-09-09,1.243745,1.0578164
1996-09-10,1.2439198,1.0578164
1996-09-11,1.2440953,1.0578164
1996-09-12,1.2442715,1.0578164
1996-09-13,1.2444468,1.0578164
1996-09-16,1.2449653,1.0578164
1996-09-17,1.2451376,1.0578164
1996-09-18,1.245314,1.0578164
1996-09-19,1.2454893,1.0578164
1996-09-20,1.2456637,1.0578164
1996-09-23,1.246191,1.0578164
1996-09-24,1.2461412,1.057625
1996-09-25,1.2520282,1.0624756
1996-09-26,1.2566225,1.0662305
1996-09-27,1.2550222,1.0647304
1996-09-30,1.2528677,1.0624729
1996-10-01,1.2530362,1.0624729
1996-10-02,1.2532068,1.0624729
1996-10-03,1.2533751,1.0624729
1996-10-04,1.2535437,1.0624729
1996-10-07,1.2540465,1.0624729
1996-10-08,1.2542158,1.0624729
1996-10-09,1.2543873,1.0624729
1996-10-10,1.2545588,1.0624729
1996-10-11,1.254731,1.0624729
1996-10-15,1.2554185,1.0624729
1996-10-16,1.2555915,1.0624729
1996-10-17,1.2557639,1.0624729
1996-10-18,1.2559352,1.0624729
1996-10-21,1.2564493,1.0624729
1996-10-22,1.2566211,1.0624729
1996-10-23,1.2567939,1.0624729
1996-10-24,1.256966,1.0624729
1996-10-25,1.2568613,1.0622388
1996-10-28,1.2549618,1.0601969
1996-10-29,1.2733215,1.0755606
1996-10-30,1.2735973,1.0756459
1996-10-31,1.2764784,1.0779315
1996-11-01,1.2766543,1.0779315
1996-11-04,1.2771821,1.0779315
1996-11-05,1.2773578,1.0779315
1996-11-06,1.2775338,1.0779315
1996-11-07,1.2777098,1.0779315
1996-11-08,1.2778856,1.0779315
1996-11-12,1.2785914,1.0779315
1996-11-13,1.2787679,1.0779315
1996-11-14,1.2789442,1.0779315
1996-11-15,1.2791204,1.0779315
1996-11-18,1.2796482,1.0779315
1996-11-19,1.2798245,1.0779315
1996-11-20,1.2800009,1.0779315
1996-11-21,1.2801773,1.0779315
1996-11-22,1.2800411,1.077668
1996-11-25,1.283216,1.0798945
1996-11-26,1.2832561,1.0797795
1996-11-27,1.282598,1.0790769
1996-11-29,1.292452,1.0870705
1996-12-02,1.2929831,1.0870705
1996-12-03,1.2931585,1.0870705
1996-12-04,1.2933328,1.0870705
1996-12-05,1.2935064,1.0870705
1996-12-06,1.2936804,1.0870705
1996-12-09,1.2942014,1.0870705
1996-12-10,1.2943737,1.0870705
1996-12-11,1.294545,1.0870705
1996-12-12,1.2947163,1.0870705
1996-12-13,1.294888,1.0870705
1996-12-16,1.2953989,1.0870705
1996-12-17,1.2955714,1.0870705
1996-12-18,1.2957442,1.0870705
1996-12-19,1.2959182,1.0870705
1996-12-20,1.2960914,1.0870705
1996-12-23,1.2966124,1.0870705
1996-12-24,1.2964837,1.0868146
1996-12-26,1.2970384,1.0869842
1996-12-27,1.3023303,1.0912711
1996-12-30,1.3022388,1.0907477
1996-12-31,1.2890954,1.0795882
1997-01-02,1.2894535,1.0795882
1997-01-03,1.2896319,1.0795882
1997-01-06,1.2901661,1.0795882
1997-01-07,1.2903446,1.0795882
1997-01-08,1.2905221,1.0795882
1997-01-09,1.2906996,1.0795882
1997-01-10,1.2908764,1.0795882
1997-01-13,1.2914111,1.0795882
1997-01-14,1.2915894,1.0795882
1997-01-15,1.2917681,1.0795882
1997-01-16,1.2919458,1.0795882
1997-01-17,1.2921238,1.0795882
1997-01-21,1.2928333,1.0795882
1997-01-22,1.2930114,1.0795882
1997-01-23,1.29319,1.0795882
1997-01-24,1.2933685,1.0795882
1997-01-27,1.2936202,1.079352
1997-01-28,1.2983308,1.0831327
1997-01-29,1.2990247,1.083562
1997-01-30,1.3022665,1.0861165
1997-01-31,1.3120771,1.0941488
1997-02-03,1.3126184,1.0941488
1997-02-04,1.3127975,1.0941488
1997-02-05,1.3129763,1.0941488
1997-02-06,1.3131561,1.0941488
1997-02-07,1.3133364,1.0941488
1997-02-10,1.3138772,1.0941488
1997-02-11,1.3140575,1.0941488
1997-02-12,1.3142379,1.0941488
1997-02-13,1.3144186,1.0941488
1997-02-14,1.3145987,1.0941488
1997-02-18,1.3153147,1.0941488
1997-02-19,1.3154942,1.0941488
1997-02-20,1.3156737,1.0941488
1997-02-21,1.3158528,1.0941488
1997-02-24,1.3160868,1.0938973
1997-02-25,1.3156624,1.093395
1997-02-26,1.2975903,1.0782262
1997-02-27,1.2951443,1.0760436
1997-02-28,1.296987,1.0774249
1997-03-03,1.2975296,1.0774249
1997-03-04,1.2977109,1.0774249
1997-03-05,1.2978926,1.0774249
1997-03-06,1.2980729,1.0774249
1997-03-07,1.2982539,1.0774249
1997-03-10,1.298796,1.0774249
1997-03-11,1.298976,1.0774249
1997-03-12,1.2991554,1.0774249
1997-03-13,1.2993359,1.0774249
1997-03-14,1.2995181,1.0774249
1997-03-17,1.3000629,1.0774249
1997-03-18,1.3002456,1.0774249
1997-03-19,1.3004276,1.0774249
1997-03-20,1.3006111,1.0774249
1997-03-21,1.3007964,1.0774249
1997-03-24,1.3011971,1.0772909
1997-03-25,1.2985838,1.0749724
1997-03-26,1.2966165,1.073188
1997-03-27,1.2906778,1.0681195
1997-03-31,1.2908778,1.0676729
1997-04-01,1.2910621,1.0676729
1997-04-02,1.2912453,1.0676729
1997-04-03,1.2914279,1.0676729
1997-04-04,1.2916094,1.0676729
1997-04-07,1.2921561,1.0676729
1997-04-08,1.2923384,1.0676729
1997-04-09,1.2925193,1.0676729
1997-04-10,1.2926999,1.0676729
1997-04-11,1.2928823,1.0676729
1997-04-14,1.2934317,1.0676729
1997-04-15,1.2936149,1.0676729
1997-04-16,1.2937982,1.0676729
1997-04-17,1.2939807,1.0676729
1997-04-18,1.2941633,1.0676729
1997-04-21,1.2947111,1.0676729
1997-04-22,1.2948938,1.0676729
1997-04-23,1.295079,1.0676729
1997-04-24,1.2949122,1.0673824
1997-04-25,1.2944742,1.0668699
1997-04-28,1.2982539,1.0695317
1997-04-29,1.320822,1.0879717
1997-04-30,1.3292041,1.0947211
1997-05-01,1.3293912,1.0947211
1997-05-02,1.329577,1.0947211
1997-05-05,1.3301343,1.0947211
1997-05-06,1.3303184,1.0947211
1997-05-07,1.3305031,1.0947211
1997-05-08,1.3306883,1.0947211
1997-05-09,1.3308732,1.0947211
1997-05-12,1.3314256,1.0947211
1997-05-13,1.3316094,1.0947211
1997-05-14,1.3317955,1.0947211
1997-05-15,1.3319797,1.0947211
1997-05-16,1.3321618,1.0947211
1997-05-19,1.3327159,1.0947211
1997-05-20,1.3329043,1.0947211
1997-05-21,1.333096,1.0947211
1997-05-22,1.3332782,1.0947211
1997-05-23,1.3330821,1.0944089
1997-05-27,1.3269678,1.0887848
1997-05-28,1.3254768,1.0874117
1997-05-29,1.3324783,1.0930056
1997-05-30,1.3451597,1.1032614
1997-06-02,1.3456926,1.1032614
1997-06-03,1.3458692,1.1032614
1997-06-04,1.3460506,1.1032614
1997-06-05,1.3462336,1.1032614
1997-06-06,1.3464169,1.1032614
1997-06-09,1.3469624,1.1032614
1997-06-10,1.347144,1.1032614
1997-06-11,1.3473256,1.1032614
1997-06-12,1.3475046,1.1032614
1997-06-13,1.3476833,1.1032614
1997-06-16,1.3482216,1.1032614
1997-06-17,1.3484008,1.1032614
1997-06-18,1.3485825,1.1032614
1997-06-19,1.3487636,1.1032614
1997-06-20,1.3489465,1.1032614
1997-06-23,1.3494942,1.1032614
1997-06-24,1.3492998,1.1029502
1997-06-25,1.3448009,1.0991233
1997-06-26,1.3412273,1.0960539
1997-06-27,1.3440646,1.0982215
1997-06-30,1.3370887,1.0920684
1997-07-01,1.3372741,1.0920684
1997-07-02,1.3374587,1.0920684
1997-07-03,1.3376441,1.0920684
1997-07-07,1.3383786,1.0920684
1997-07-08,1.3385604,1.0920684
1997-07-09,1.3387434,1.0920684
1997-07-10,1.3389261,1.0920684
1997-07-11,1.3391099,1.0920684
1997-07-14,1.3396602,1.0920684
1997-07-15,1.3398444,1.0920684
1997-07-16,1.3400309,1.0920684
1997-07-17,1.3402156,1.0920684
1997-07-18,1.3404006,1.0920684
1997-07-21,1.3409625,1.0920684
1997-07-22,1.341151,1.0920684
1997-07-23,1.3413362,1.0920684
1997-07-24,1.3415221,1.0920684
1997-07-25,1.3413185,1.0917503
1997-07-28,1.3451802,1.0944358
1997-07-29,1.3543082,1.1017095
1997-07-30,1.3624478,1.108177
1997-07-31,1.3688277,1.1132114
1997-08-01,1.3690194,1.1132114
1997-08-04,1.3695977,1.1132114
1997-08-05,1.3697906,1.1132114
1997-08-06,1.3699839,1.1132114
1997-08-07,1.3701772,1.1132114
1997-08-08,1.3703709,1.1132114
1997-08-11,1.3709509,1.1132114
1997-08-12,1.3711451,1.1132114
1997-08-13,1.3713393,1.1132114
1997-08-14,1.371534,1.1132114
1997-08-15,1.3717294,1.1132114
1997-08-18,1.37231,1.1132114
1997-08-19,1.3725029,1.1132114
1997-08-20,1.372695,1.1132114
1997-08-21,1.3728868,1.1132114
1997-08-22,1.3730798,1.1132114
1997-08-25,1.3733367,1.1129522
1997-08-26,1.3749673,1.1141163
1997-08-27,1.3752613,1.1141976
1997-08-28,1.3856691,1.1224728
1997-08-29,1.380475,1.1181084
1997-09-02,1.3812466,1.1181084
1997-09-03,1.3814384,1.1181084
1997-09-04,1.3816281,1.1181084
1997-09-05,1.3818177,1.1181084
1997-09-08,1.382389,1.1181084
1997-09-09,1.3825791,1.1181084
1997-09-10,1.3827693,1.1181084
1997-09-11,1.3829579,1.1181084
1997-09-12,1.3831474,1.1181084
1997-09-15,1.3837124,1.1181084
1997-09-16,1.3839019,1.1181084
1997-09-17,1.38409,1.1181084
1997-09-18,1.3842784,1.1181084
1997-09-19,1.3844669,1.1181084
1997-09-22,1.3850279,1.1181084
1997-09-23,1.3852142,1.1181084
1997-09-24,1.3852456,1.1179839
1997-09-25,1.3809407,1.1143623
1997-09-26,1.3840035,1.1166873
1997-09-29,1.3843778,1.1165433
1997-09-30,1.3836749,1.1158274
1997-10-01,1.3838618,1.1158274
1997-10-02,1.3840502,1.1158274
1997-10-03,1.3842376,1.1158274
1997-10-06,1.384795,1.1158274
1997-10-07,1.3849798,1.1158274
1997-10-08,1.3851669,1.1158274
1997-10-09,1.3853551,1.1158274
1997-10-10,1.3855449,1.1158274
1997-10-14,1.3863041,1.1158274
1997-10-15,1.3864921,1.1158274
1997-10-16,1.3866794,1.1158274
1997-10-17,1.386867,1.1158274
1997-10-20,1.3874279,1.1158274
1997-10-21,1.3876145,1.1158274
1997-10-22,1.3878023,1.1158274
1997-10-23,1.3879932,1.1158274
1997-10-24,1.3881829,1.1158274
1997-10-27,1.3884613,1.1155917
1997-10-28,1.3796604,1.1083687
1997-10-29,1.3898182,1.116374
1997-10-30,1.3965357,1.1216154
1997-10-31,1.3979396,1.1225884
1997-11-03,1.3985221,1.1225884
1997-11-04,1.3987179,1.1225884
1997-11-05,1.3989138,1.1225884
1997-11-06,1.3991104,1.1225884
1997-11-07,1.3993086,1.1225884
1997-11-10,1.3999032,1.1225884
1997-11-12,1.4003028,1.1225884
1997-11-13,1.4005008,1.1225884
1997-11-14,1.4006976,1.1225884
1997-11-17,1.4012882,1.1225884
1997-11-18,1.4014871,1.1225884
1997-11-19,1.4016856,1.1225884
1997-11-20,1.401883,1.1225884
1997-11-21,1.4017414,1.1223169
1997-11-24,1.3971101,1.1181375
1997-11-25,1.3992987,1.1197309
1997-11-26,1.3985086,1.1189405
1997-11-28,1.3996175,1.1195137
1997-12-01,1.4002019,1.1195137
1997-12-02,1.4003975,1.1195137
1997-12-03,1.400594,1.1195137
1997-12-04,1.4007904,1.1195137
1997-12-05,1.4009873,1.1195137
1997-12-08,1.4015815,1.1195137
1997-12-09,1.4017812,1.1195137
1997-12-10,1.4019782,1.1195137
1997-12-11,1.4021729,1.1195137
1997-12-12,1.4023673,1.1195137
1997-12-15,1.4029494,1.1195137
1997-12-16,1.4031454,1.1195137
1997-12-17,1.4033411,1.1195137
1997-12-18,1.4035376,1.1195137
1997-12-19,1.4037337,1.1195137
1997-12-22,1.4043325,1.1195137
1997-12-23,1.4045364,1.1195137
1997-12-24,1.4043613,1.1192113
1997-12-26,1.40515,1.1195186
1997-12-29,1.4037426,1.1179178
1997-12-30,1.3986743,1.1137204
1997-12-31,1.4059986,1.1193908
1998-01-02,1.4064008,1.1193908
1998-01-05,1.4069995,1.1193908
1998-01-06,1.4071958,1.1193908
1998-01-07,1.4073916,1.1193908
1998-01-08,1.4075879,1.1193908
1998-01-09,1.4077807,1.1193908
1998-01-12,1.40835,1.1193908
1998-01-13,1.4085394,1.1193908
1998-01-14,1.4087335,1.1193908
1998-01-15,1.4089281,1.1193908
1998-01-16,1.4091211,1.1193908
1998-01-20,1.4098963,1.1193908
1998-01-21,1.4100902,1.1193908
1998-01-22,1.4102833,1.1193908
1998-01-23,1.4104765,1.1193908
1998-01-26,1.4107079,1.1191107
1998-01-27,1.4014133,1.1115837
1998-01-28,1.4042654,1.1136906
1998-01-29,1.4189443,1.1251768
1998-01-30,1.4241848,1.1291764
1998-02-02,1.4247771,1.1291764
1998-02-03,1.4249762,1.1291764
1998-02-04,1.4251761,1.1291764
1998-02-05,1.4253705,1.1291764
1998-02-06,1.4255662,1.1291764
1998-02-09,1.4261567,1.1291764
1998-02-10,1.4263525,1.1291764
1998-02-11,1.4265506,1.1291764
1998-02-12,1.4267491,1.1291764
1998-02-13,1.4269477,1.1291764
1998-02-17,1.4277437,1.1291764
1998-02-18,1.4279408,1.1291764
1998-02-19,1.4281388,1.1291764
1998-02-20,1.4283371,1.1291764
1998-02-23,1.428591,1.1289056
1998-02-24,1.416795,1.1194258
1998-02-25,1.4235129,1.1245764
1998-02-26,1.4209414,1.1223856
1998-02-27,1.4248613,1.125322
1998-03-02,1.4254679,1.125322
1998-03-03,1.4256702,1.125322
1998-03-04,1.4258691,1.125322
1998-03-05,1.4260663,1.125322
1998-03-06,1.4262633,1.125322
1998-03-09,1.4268517,1.125322
1998-03-10,1.4270484,1.125322
1998-03-11,1.4272423,1.125322
1998-03-12,1.4274362,1.125322
1998-03-13,1.4276298,1.125322
1998-03-16,1.4282118,1.125322
1998-03-17,1.4284063,1.125322
1998-03-18,1.4286024,1.125322
1998-03-19,1.4287992,1.125322
1998-03-20,1.4289965,1.125322
1998-03-23,1.4295897,1.125322
1998-03-24,1.4297863,1.125322
1998-03-25,1.4298186,1.1251923
1998-03-26,1.4277558,1.1234137
1998-03-27,1.4274898,1.123048
1998-03-30,1.4263035,1.1216458
1998-03-31,1.4298848,1.1243057
1998-04-01,1.4300815,1.1243057
1998-04-02,1.430277,1.1243057
1998-04-03,1.4304717,1.1243057
1998-04-06,1.4310537,1.1243057
1998-04-07,1.4312486,1.1243057
1998-04-08,1.4314423,1.1243057
1998-04-09,1.4316356,1.1243057
1998-04-13,1.4324107,1.1243057
1998-04-14,1.4326089,1.1243057
1998-04-15,1.4328059,1.1243057
1998-04-16,1.4330002,1.1243057
1998-04-17,1.433193,1.1243057
1998-04-20,1.4337725,1.1243057
1998-04-21,1.4339654,1.1243057
1998-04-22,1.4341595,1.1243057
1998-04-23,1.4343544,1.1243057
1998-04-24,1.4341614,1.1240017
1998-04-27,1.4161395,1.10942
1998-04-28,1.4156468,1.1088839
1998-04-29,1.4152537,1.1084261
1998-04-30,1.4347188,1.1235212
1998-05-01,1.4349103,1.1235212
1998-05-04,1.435487,1.1235212
1998-05-05,1.4356801,1.1235212
1998-05-06,1.435876,1.1235212
1998-05-07,1.4360719,1.1235212
1998-05-08,1.4362678,1.1235212
1998-05-11,1.436858,1.1235212
1998-05-12,1.4370549,1.1235212
1998-05-13,1.4372513,1.1235212
1998-05-14,1.4374478,1.1235212
1998-05-15,1.4376463,1.1235212
1998-05-18,1.4382419,1.1235212
1998-05-19,1.4384408,1.1235212
1998-05-20,1.4386414,1.1235212
1998-05-21,1.4388413,1.1235212
1998-05-22,1.4386609,1.1232234
1998-05-26,1.4469917,1.1291023
1998-05-27,1.451662,1.1325919
1998-05-28,1.4508609,1.131813
1998-05-29,1.4532772,1.1335451
1998-06-01,1.4538613,1.1335451
1998-06-02,1.4540545,1.1335451
1998-06-03,1.4542517,1.1335451
1998-06-04,1.4544509,1.1335451
1998-06-05,1.4546494,1.1335451
1998-06-08,1.4552448,1.1335451
1998-06-09,1.4554441,1.1335451
1998-06-10,1.4556447,1.1335451
1998-06-11,1.4558445,1.1335451
1998-06-12,1.4560427,1.1335451
1998-06-15,1.4566399,1.1335451
1998-06-16,1.4568387,1.1335451
1998-06-17,1.4570406,1.1335451
1998-06-18,1.4572438,1.1335451
1998-06-19,1.4574454,1.1335451
1998-06-22,1.458048,1.1335451
1998-06-23,1.4582473,1.1335451
1998-06-24,1.4580599,1.1332451
1998-06-25,1.456219,1.1316618
1998-06-26,1.4583786,1.1331885
1998-06-29,1.457576,1.1321113
1998-06-30,1.4619353,1.1353455
1998-07-01,1.4621344,1.1353455
1998-07-02,1.4623331,1.1353455
1998-07-06,1.4631247,1.1353455
1998-07-07,1.4633224,1.1353455
1998-07-08,1.4635208,1.1353455
1998-07-09,1.4637197,1.1353455
1998-07-10,1.4639178,1.1353455
1998-07-13,1.464511,1.1353455
1998-07-14,1.46471,1.1353455
1998-07-15,1.4649114,1.1353455
1998-07-16,1.4651125,1.1353455
1998-07-17,1.4653144,1.1353455
1998-07-20,1.4659178,1.1353455
1998-07-21,1.4661186,1.1353455
1998-07-22,1.4663178,1.1353455
1998-07-23,1.4665163,1.1353455
1998-07-24,1.4667156,1.1353455
1998-07-27,1.4668366,1.1349773
1998-07-28,1.4622617,1.1312832
1998-07-29,1.4570628,1.1271079
1998-07-30,1.462666,1.1312897
1998-07-31,1.4635972,1.1318569
1998-08-03,1.4641951,1.1318569
1998-08-04,1.4643949,1.1318569
1998-08-05,1.4645943,1.1318569
1998-08-06,1.4647929,1.1318569
1998-08-07,1.4649895,1.1318569
1998-08-10,1.4655747,1.1318569
1998-08-11,1.4657699,1.1318569
1998-08-12,1.4659667,1.1318569
1998-08-13,1.4661631,1.1318569
1998-08-14,1.4663603,1.1318569
1998-08-17,1.4669508,1.1318569
1998-08-18,1.467149,1.1318569
1998-08-19,1.4673472,1.1318569
1998-08-20,1.4675457,1.1318569
1998-08-21,1.4677432,1.1318569
1998-08-24,1.4683319,1.1318569
1998-08-25,1.4679446,1.1314051
1998-08-26,1.4688049,1.1319145
1998-08-27,1.4916033,1.1493309
1998-08-28,1.4965059,1.1529555
1998-08-31,1.5095418,1.1625458
1998-09-01,1.5097391,1.1625458
1998-09-02,1.5099373,1.1625458
1998-09-03,1.510135,1.1625458
1998-09-04,1.5103299,1.1625458
1998-09-08,1.5111144,1.1625458
1998-09-09,1.5113106,1.1625458
1998-09-10,1.5115077,1.1625458
1998-09-11,1.5117007,1.1625458
1998-09-14,1.5122909,1.1625458
1998-09-15,1.5124865,1.1625458
1998-09-16,1.51268,1.1625458
1998-09-17,1.5128714,1.1625458
1998-09-18,1.5130613,1.1625458
1998-09-21,1.5136221,1.1625458
1998-09-22,1.5138112,1.1625458
1998-09-23,1.5140058,1.1625458
1998-09-24,1.5139871,1.1623866
1998-09-25,1.5161781,1.1639273
1998-09-28,1.515363,1.1628797
1998-09-29,1.5178626,1.164659
1998-09-30,1.5294925,1.1734413
1998-10-01,1.529671,1.1734413
1998-10-02,1.5298441,1.1734413
1998-10-05,1.5303622,1.1734413
1998-10-06,1.5305324,1.1734413
1998-10-07,1.5307035,1.1734413
1998-10-08,1.5308733,1.1734413
1998-10-09,1.5310327,1.1734413
1998-10-13,1.5316686,1.1734413
1998-10-14,1.5318281,1.1734413
1998-10-15,1.531993,1.1734413
1998-10-16,1.532163,1.1734413
1998-10-19,1.5326113,1.1734413
1998-10-20,1.5327671,1.1734413
1998-10-21,1.5329292,1.1734413
1998-10-22,1.5330934,1.1734413
1998-10-23,1.5332564,1.1734413
1998-10-26,1.5334933,1.1732493
1998-10-27,1.5404739,1.1784615
1998-10-28,1.5401766,1.1781062
1998-10-29,1.5444618,1.1812492
1998-10-30,1.5363424,1.1749026
1998-11-02,1.5368765,1.1749026
1998-11-03,1.537058,1.1749026
1998-11-04,1.5372429,1.1749026
1998-11-05,1.5374303,1.1749026
1998-11-06,1.5376186,1.1749026
1998-11-09,1.5381898,1.1749026
1998-11-10,1.5383803,1.1749026
1998-11-12,1.5387537,1.1749026
1998-11-13,1.5389379,1.1749026
1998-11-16,1.5394894,1.1749026
1998-11-17,1.5396754,1.1749026
1998-11-18,1.5398572,1.1749026
1998-11-19,1.5400399,1.1749026
1998-11-20,1.5402234,1.1749026
1998-11-23,1.5405418,1.1747254
1998-11-24,1.540899,1.1748536
1998-11-25,1.5434744,1.176672
1998-11-27,1.546449,1.1786521
1998-11-30,1.554372,1.1842606
1998-12-01,1.5545602,1.1842606
1998-12-02,1.5547468,1.1842606
1998-12-03,1.5549329,1.1842606
1998-12-04,1.5551178,1.1842606
1998-12-07,1.5556764,1.1842606
1998-12-08,1.5558639,1.1842606
1998-12-09,1.556048,1.1842606
1998-12-10,1.5562322,1.1842606
1998-12-11,1.5564185,1.1842606
1998-12-14,1.5569801,1.1842606
1998-12-15,1.5571678,1.1842606
1998-12-16,1.5573547,1.1842606
1998-12-17,1.5575403,1.1842606
1998-12-18,1.5577259,1.1842606
1998-12-21,1.5582867,1.1842606
1998-12-22,1.5584754,1.1842606
1998-12-23,1.5586628,1.1842606
1998-12-24,1.5586057,1.1840722
1998-12-28,1.5661152,1.1891985
1998-12-29,1.5729157,1.1942173
1998-12-30,1.5766493,1.1969054
1998-12-31,1.5768362,1.1969017
1999-01-04,1.5775914,1.1969017
1999-01-05,1.5777807,1.1969017
1999-01-06,1.5779696,1.1969017
1999-01-07,1.5781581,1.1969017
1999-01-08,1.5783453,1.1969017
1999-01-11,1.5789122,1.1969017
1999-01-12,1.5791021,1.1969017
1999-01-13,1.5792911,1.1969017
1999-01-14,1.5794789,1.1969017
1999-01-15,1.5796663,1.1969017
1999-01-19,1.5804159,1.1969017
1999-01-20,1.5806016,1.1969017
1999-01-21,1.5807861,1.1969017
1999-01-22,1.5809689,1.1969017
1999-01-25,1.5811884,1.1966488
1999-01-26,1.5798477,1.1954929
1999-01-27,1.5798289,1.1953361
1999-01-28,1.5827066,1.1973707
1999-01-29,1.5849511,1.1989251
1999-02-01,1.5855204,1.1989251
1999-02-02,1.5857124,1.1989251
1999-02-03,1.5859044,1.1989251
1999-02-04,1.5860943,1.1989251
1999-02-05,1.5862847,1.1989251
1999-02-08,1.586857,1.1989251
1999-02-09,1.5870483,1.1989251
1999-02-10,1.5872405,1.1989251
1999-02-11,1.5874305,1.1989251
1999-02-12,1.5876215,1.1989251
1999-02-16,1.5883922,1.1989251
1999-02-17,1.5885841,1.1989251
1999-02-18,1.5887761,1.1989251
1999-02-19,1.5889685,1.1989251
1999-02-22,1.5891901,1.1986538
1999-02-23,1.5794893,1.1911892
1999-02-24,1.5677002,1.1821501
1999-02-25,1.5527224,1.1707085
1999-02-26,1.5573187,1.1740293
1999-03-01,1.5579011,1.1740293
1999-03-02,1.5580966,1.1740293
1999-03-03,1.5582899,1.1740293
1999-03-04,1.5584816,1.1740293
1999-03-05,1.5586734,1.1740293
1999-03-08,1.5592499,1.1740293
1999-03-09,1.5594425,1.1740293
1999-03-10,1.5596335,1.1740293
1999-03-11,1.5598245,1.1740293
1999-03-12,1.5600164,1.1740293
1999-03-15,1.5605895,1.1740293
1999-03-16,1.5607802,1.1740293
1999-03-17,1.5609696,1.1740293
1999-03-18,1.5611582,1.1740293
1999-03-19,1.561346,1.1740293
1999-03-22,1.5619094,1.1740293
1999-03-23,1.5620977,1.1740293
1999-03-24,1.5622851,1.1740293
1999-03-25,1.5623026,1.1739016
1999-03-26,1.5622416,1.1737145
1999-03-29,1.5599556,1.1715736
1999-03-30,1.5640971,1.174543
1999-03-31,1.5618471,1.1727132
1999-04-01,1.5620341,1.1727132
1999-04-02,1.562219,1.1727132
1999-04-05,1.5627724,1.1727132
1999-04-06,1.5629561,1.1727132
1999-04-07,1.5631402,1.1727132
1999-04-08,1.5633244,1.1727132
1999-04-09,1.5635077,1.1727132
1999-04-12,1.5640603,1.1727132
1999-04-13,1.5642411,1.1727132
1999-04-14,1.5644211,1.1727132
1999-04-15,1.5646002,1.1727132
1999-04-16,1.5647803,1.1727132
1999-04-19,1.565323,1.1727132
1999-04-20,1.565504,1.1727132
1999-04-21,1.5656867,1.1727132
1999-04-22,1.5658686,1.1727132
1999-04-23,1.5660522,1.1727132
1999-04-26,1.5662472,1.1724438
1999-04-27,1.5690201,1.1743797
1999-04-28,1.5651196,1.1713194
1999-04-29,1.5732862,1.1772903
1999-04-30,1.5519992,1.1612196
1999-05-03,1.5525643,1.1612196
1999-05-04,1.5527544,1.1612196
1999-05-05,1.5529459,1.1612196
1999-05-06,1.5531365,1.1612196
1999-05-07,1.5533275,1.1612196
1999-05-10,1.5539008,1.1612196
1999-05-11,1.5540911,1.1612196
1999-05-12,1.5542822,1.1612196
1999-05-13,1.5544726,1.1612196
1999-05-14,1.5546625,1.1612196
1999-05-17,1.5552388,1.1612196
1999-05-18,1.5554327,1.1612196
1999-05-19,1.5556257,1.1612196
1999-05-20,1.5558175,1.1612196
1999-05-21,1.5560085,1.1612196
1999-05-24,1.5562648,1.1609833
1999-05-25,1.556991,1.1613816
1999-05-26,1.5507847,1.1566088
1999-05-27,1.5421913,1.150056
1999-05-28,1.5411797,1.1491592
1999-06-01,1.5419448,1.1491592
1999-06-02,1.5421374,1.1491592
1999-06-03,1.5423322,1.1491592
1999-06-04,1.5425232,1.1491592
1999-06-07,1.5430861,1.1491592
1999-06-08,1.5432721,1.1491592
1999-06-09,1.543462,1.1491592
1999-06-10,1.543651,1.1491592
1999-06-11,1.543843,1.1491592
1999-06-14,1.5444267,1.1491592
1999-06-15,1.5446201,1.1491592
1999-06-16,1.5448152,1.1491592
1999-06-17,1.5450073,1.1491592
1999-06-18,1.5451982,1.1491592
1999-06-21,1.5457761,1.1491592
1999-06-22,1.5459696,1.1491592
1999-06-23,1.5461645,1.1491592
1999-06-24,1.546206,1.1490453
1999-06-25,1.5474793,1.1498468
1999-06-28,1.5517695,1.1525941
1999-06-29,1.5535356,1.1537581
1999-06-30,1.5609029,1.159081
1999-07-01,1.5611018,1.159081
1999-07-02,1.5612964,1.159081
1999-07-06,1.5620749,1.159081
1999-07-07,1.5622688,1.159081
1999-07-08,1.5624631,1.159081
1999-07-09,1.5626579,1.159081
1999-07-12,1.5632435,1.159081
1999-07-13,1.5634393,1.159081
1999-07-14,1.5636354,1.159081
1999-07-15,1.5638321,1.159081
1999-07-16,1.5640279,1.159081
1999-07-19,1.5646128,1.159081
1999-07-20,1.5648065,1.159081
1999-07-21,1.5649999,1.159081
1999-07-22,1.5651911,1.159081
1999-07-23,1.5653832,1.159081
1999-07-26,1.5656703,1.158863
1999-07-27,1.569877,1.1618312
1999-07-28,1.5707442,1.1623276
1999-07-29,1.5626652,1.1562034
1999-07-30,1.5588212,1.1532139
1999-08-02,1.5594132,1.1532139
1999-08-03,1.5596118,1.1532139
1999-08-04,1.5598126,1.1532139
1999-08-05,1.5600114,1.1532139
1999-08-06,1.5602084,1.1532139
1999-08-09,1.560806,1.1532139
1999-08-10,1.5610095,1.1532139
1999-08-11,1.5612152,1.1532139
1999-08-12,1.5614193,1.1532139
1999-08-13,1.5616186,1.1532139
1999-08-16,1.562209,1.1532139
1999-08-17,1.5624068,1.1532139
1999-08-18,1.5626075,1.1532139
1999-08-19,1.5628057,1.1532139
1999-08-20,1.5630036,1.1532139
1999-08-23,1.5636073,1.1532139
1999-08-24,1.5638121,1.1532139
1999-08-25,1.5637005,1.1529783
1999-08-26,1.5615429,1.1512361
1999-08-27,1.5509476,1.1432737
1999-08-30,1.5383485,1.1335315
1999-08-31,1.5367555,1.1322071
1999-09-01,1.5369593,1.1322071
1999-09-02,1.5371627,1.1322071
1999-09-03,1.537364,1.1322071
1999-09-07,1.5381693,1.1322071
1999-09-08,1.5383669,1.1322071
1999-09-09,1.5385646,1.1322071
1999-09-10,1.5387619,1.1322071
1999-09-13,1.5393462,1.1322071
1999-09-14,1.5395419,1.1322071
1999-09-15,1.5397397,1.1322071
1999-09-16,1.5399346,1.1322071
1999-09-17,1.5401274,1.1322071
1999-09-20,1.5407021,1.1322071
1999-09-21,1.5408946,1.1322071
1999-09-22,1.5410913,1.1322071
1999-09-23,1.5412893,1.1322071
1999-09-24,1.541173,1.1319762
1999-09-27,1.5330934,1.1256092
1999-09-28,1.5273599,1.1212553
1999-09-29,1.5196004,1.1154143
1999-09-30,1.5282828,1.121644
1999-10-01,1.5284813,1.121644
1999-10-04,1.5290768,1.121644
1999-10-05,1.5292732,1.121644
1999-10-06,1.529471,1.121644
1999-10-07,1.5296671,1.121644
1999-10-08,1.5298641,1.121644
1999-10-12,1.5306487,1.121644
1999-10-13,1.5308471,1.121644
1999-10-14,1.5310501,1.121644
1999-10-15,1.5312548,1.121644
1999-10-18,1.5318715,1.121644
1999-10-19,1.5320788,1.121644
1999-10-20,1.5322887,1.121644
1999-10-21,1.5324986,1.121644
1999-10-22,1.5327081,1.121644
1999-10-25,1.5330198,1.1214185
1999-10-26,1.5302976,1.119277
1999-10-27,1.5372085,1.1241784
1999-10-28,1.5471819,1.1313184
1999-10-29,1.558704,1.1395897
1999-11-01,1.5593407,1.1395897
1999-11-02,1.5595535,1.1395897
1999-11-03,1.5597667,1.1395897
1999-11-04,1.559979,1.1395897
1999-11-05,1.5601906,1.1395897
1999-11-08,1.5608305,1.1395897
1999-11-09,1.561046,1.1395897
1999-11-10,1.5612616,1.1395897
1999-11-12,1.5616936,1.1395897
1999-11-15,1.5623457,1.1395897
1999-11-16,1.5625648,1.1395897
1999-11-17,1.5627849,1.1395897
1999-11-18,1.5630028,1.1395897
1999-11-19,1.5632203,1.1395897
1999-11-22,1.563873,1.1395897
1999-11-23,1.5637299,1.1393268
1999-11-24,1.5624769,1.1382538
1999-11-26,1.5584375,1.1349905
1999-11-29,1.5476121,1.126627
1999-11-30,1.5515934,1.1293657
1999-12-01,1.5518123,1.1293657
1999-12-02,1.55203,1.1293657
1999-12-03,1.5522469,1.1293657
1999-12-06,1.5528975,1.1293657
1999-12-07,1.5531141,1.1293657
1999-12-08,1.5533298,1.1293657
1999-12-09,1.5535456,1.1293657
1999-12-10,1.5537627,1.1293657
1999-12-13,1.5544191,1.1293657
1999-12-14,1.5546414,1.1293657
1999-12-15,1.5548641,1.1293657
1999-12-16,1.5550852,1.1293657
1999-12-17,1.555308,1.1293657
1999-12-20,1.555983,1.1293657
1999-12-21,1.5562128,1.1293657
1999-12-22,1.5564439,1.1293657
1999-12-23,1.5566737,1.1293657
1999-12-27,1.5571657,1.1290654
1999-12-28,1.5537133,1.1263982
1999-12-29,1.5587644,1.1298981
1999-12-30,1.5619233,1.1320307
1999-12-31,1.5530793,1.1254636
2000-01-03,1.5537393,1.1254636
2000-01-04,1.5539636,1.1254636
2000-01-05,1.554188,1.1254636
2000-01-06,1.5544128,1.1254636
2000-01-07,1.5546364,1.1254636
2000-01-10,1.5553034,1.1254636
2000-01-11,1.5555267,1.1254636
2000-01-12,1.5557513,1.1254636
2000-01-13,1.5559767,1.1254636
2000-01-14,1.5562005,1.1254636
2000-01-18,1.5570959,1.1254636
2000-01-19,1.5573194,1.1254636
2000-01-20,1.5575477,1.1254636
2000-01-21,1.5577747,1.1254636
2000-01-24,1.5584546,1.1254636
2000-01-25,1.558328,1.1252081
2000-01-26,1.5618933,1.1276161
2000-01-27,1.5660464,1.1304473
2000-01-28,1.5724406,1.134895
2000-01-31,1.5670515,1.1304943
2000-02-01,1.5672889,1.1304943
2000-02-02,1.5675268,1.1304943
2000-02-03,1.5677625,1.1304943
2000-02-04,1.5679971,1.1304943
2000-02-07,1.5687059,1.1304943
2000-02-08,1.568941,1.1304943
2000-02-09,1.5691782,1.1304943
2000-02-10,1.5694143,1.1304943
2000-02-11,1.5696507,1.1304943
2000-02-14,1.570359,1.1304943
2000-02-15,1.5705944,1.1304943
2000-02-16,1.5708345,1.1304943
2000-02-17,1.5710738,1.1304943
2000-02-18,1.5713135,1.1304943
2000-02-22,1.5722744,1.1304943
2000-02-23,1.5721941,1.1302631
2000-02-24,1.5779226,1.1342067
2000-02-25,1.5765199,1.1330236
2000-02-28,1.577,1.1328452
2000-02-29,1.5744539,1.1308414
2000-03-01,1.5746963,1.1308414
2000-03-02,1.5749379,1.1308414
2000-03-03,1.5751795,1.1308414
2000-03-06,1.5759084,1.1308414
2000-03-07,1.5761528,1.1308414
2000-03-08,1.5763976,1.1308414
2000-03-09,1.5766425,1.1308414
2000-03-10,1.576887,1.1308414
2000-03-13,1.5776258,1.1308414
2000-03-14,1.5778726,1.1308414
2000-03-15,1.5781194,1.1308414
2000-03-16,1.5783654,1.1308414
2000-03-17,1.5786119,1.1308414
2000-03-20,1.5793541,1.1308414
2000-03-21,1.5796024,1.1308414
2000-03-22,1.5798509,1.1308414
2000-03-23,1.5800993,1.1308414
2000-03-24,1.5803474,1.1308414
2000-03-27,1.5807706,1.1306108
2000-03-28,1.5840052,1.132748
2000-03-29,1.5833811,1.1321242
2000-03-30,1.5965848,1.1413872
2000-03-31,1.6024606,1.1454092
2000-04-03,1.603214,1.1454092
2000-04-04,1.6034639,1.1454092
2000-04-05,1.603713,1.1454092
2000-04-06,1.6039635,1.1454092
2000-04-07,1.6042148,1.1454092
2000-04-10,1.6049703,1.1454092
2000-04-11,1.605221,1.1454092
2000-04-12,1.6054703,1.1454092
2000-04-13,1.6057197,1.1454092
2000-04-14,1.6059683,1.1454092
2000-04-17,1.6067141,1.1454092
2000-04-18,1.6069628,1.1454092
2000-04-19,1.6072115,1.1454092
2000-04-20,1.6074603,1.1454092
2000-04-24,1.6081158,1.1451696
2000-04-25,1.5945439,1.1353287
2000-04-26,1.5941353,1.1348627
2000-04-27,1.5850594,1.1282277
2000-04-28,1.5861828,1.1288546
2000-05-01,1.5869207,1.1288546
2000-05-02,1.5871672,1.1288546
2000-05-03,1.5874173,1.1288546
2000-05-04,1.5876669,1.1288546
2000-05-05,1.5879162,1.1288546
2000-05-08,1.5886718,1.1288546
2000-05-09,1.5889273,1.1288546
2000-05-10,1.5891868,1.1288546
2000-05-11,1.5894463,1.1288546
2000-05-12,1.5897058,1.1288546
2000-05-15,1.5904845,1.1288546
2000-05-16,1.5907434,1.1288546
2000-05-17,1.5910057,1.1288546
2000-05-18,1.591262,1.1288546
2000-05-19,1.5915127,1.1288546
2000-05-22,1.5922596,1.1288546
2000-05-23,1.5925087,1.1288546
2000-05-24,1.592429,1.1286175
2000-05-25,1.6037754,1.1364813
2000-05-26,1.6119484,1.1420961
2000-05-30,1.6071175,1.1379661
2000-05-31,1.6178974,1.1454246
2000-06-01,1.6181403,1.1454246
2000-06-02,1.6183872,1.1454246
2000-06-05,1.6191454,1.1454246
2000-06-06,1.6193992,1.1454246
2000-06-07,1.6196574,1.1454246
2000-06-08,1.6199125,1.1454246
2000-06-09,1.6201673,1.1454246
2000-06-12,1.620933,1.1454246
2000-06-13,1.6211857,1.1454246
2000-06-14,1.6214397,1.1454246
2000-06-15,1.6216912,1.1454246
2000-06-16,1.6219431,1.1454246
2000-06-19,1.6226976,1.1454246
2000-06-20,1.6229484,1.1454246
2000-06-21,1.6231987,1.1454246
2000-06-22,1.62345,1.1454246
2000-06-23,1.6237021,1.1454246
2000-06-26,1.6242971,1.1453086
2000-06-27,1.6263109,1.146551
2000-06-28,1.6258453,1.1460446
2000-06-29,1.6316666,1.1499706
2000-06-30,1.6312163,1.1494743
2000-07-03,1.6319819,1.1494743
2000-07-05,1.6324961,1.1494743
2000-07-06,1.6327564,1.1494743
2000-07-07,1.6330181,1.1494743
2000-07-10,1.633806,1.1494743
2000-07-11,1.6340701,1.1494743
2000-07-12,1.6343355,1.1494743
2000-07-13,1.6346037,1.1494743
2000-07-14,1.6348724,1.1494743
2000-07-17,1.6356773,1.1494743
2000-07-18,1.6359453,1.1494743
2000-07-19,1.6362133,1.1494743
2000-07-20,1.6364823,1.1494743
2000-07-21,1.6367513,1.1494743
2000-07-24,1.6375518,1.1494743
2000-07-25,1.6374379,1.1492061
2000-07-26,1.6375243,1.1490772
2000-07-27,1.6430362,1.1527561
2000-07-28,1.641613,1.1515668
2000-07-31,1.6409435,1.1505273
2000-08-01,1.6412146,1.1505273
2000-08-02,1.6414875,1.1505273
2000-08-03,1.6417605,1.1505273
2000-08-04,1.6420327,1.1505273
2000-08-07,1.6428492,1.1505273
2000-08-08,1.6431219,1.1505273
2000-08-09,1.6433956,1.1505273
2000-08-10,1.6436689,1.1505273
2000-08-11,1.6439423,1.1505273
2000-08-14,1.6447679,1.1505273
2000-08-15,1.6450423,1.1505273
2000-08-16,1.6453172,1.1505273
2000-08-17,1.6455917,1.1505273
2000-08-18,1.6458663,1.1505273
2000-08-21,1.6466901,1.1505273
2000-08-22,1.6469649,1.1505273
2000-08-23,1.6472401,1.1505273
2000-08-24,1.6475159,1.1505273
2000-08-25,1.6473424,1.1502136
2000-08-28,1.6391591,1.1439204
2000-08-29,1.6340835,1.1401858
2000-08-30,1.6356611,1.141095
2000-08-31,1.6491118,1.1502868
2000-09-01,1.6493888,1.1502868
2000-09-05,1.6504896,1.1502868
2000-09-06,1.6507641,1.1502868
2000-09-07,1.6510368,1.1502868
2000-09-08,1.6513091,1.1502868
2000-09-11,1.6521194,1.1502868
2000-09-12,1.6523887,1.1502868
2000-09-13,1.6526567,1.1502868
2000-09-14,1.6529247,1.1502868
2000-09-15,1.6531951,1.1502868
2000-09-18,1.6540063,1.1502868
2000-09-19,1.6542768,1.1502868
2000-09-20,1.6545483,1.1502868
2000-09-21,1.6548194,1.1502868
2000-09-22,1.6550905,1.1502868
2000-09-25,1.6554452,1.149967
2000-09-26,1.662936,1.1549818
2000-09-27,1.6588239,1.151936
2000-09-28,1.6601415,1.1526609
2000-09-29,1.6633761,1.1547151
2000-10-02,1.6642032,1.1547151
2000-10-03,1.6644782,1.1547151
2000-10-04,1.6647545,1.1547151
2000-10-05,1.6650309,1.1547151
2000-10-06,1.6653078,1.1547151
2000-10-10,1.6664137,1.1547151
2000-10-11,1.66669,1.1547151
2000-10-12,1.6669662,1.1547151
2000-10-13,1.6672407,1.1547151
2000-10-16,1.6680656,1.1547151
2000-10-17,1.6683426,1.1547151
2000-10-18,1.6686223,1.1547151
2000-10-19,1.6689021,1.1547151
2000-10-20,1.6691828,1.1547151
2000-10-23,1.6700238,1.1547151
2000-10-24,1.6703057,1.1547151
2000-10-25,1.6700235,1.1543248
2000-10-26,1.6709546,1.1547723
2000-10-27,1.6688801,1.1531431
2000-10-30,1.6643207,1.1494079
2000-10-31,1.6581348,1.1449409
2000-11-01,1.658416,1.1449409
2000-11-02,1.6586968,1.1449409
2000-11-03,1.6589781,1.1449409
2000-11-06,1.6598235,1.1449409
2000-11-07,1.6601072,1.1449409
2000-11-08,1.6603906,1.1449409
2000-11-09,1.6606735,1.1449409
2000-11-10,1.6609561,1.1449409
2000-11-13,1.6618011,1.1449409
2000-11-14,1.6620829,1.1449409
2000-11-15,1.6623643,1.1449409
2000-11-16,1.6626463,1.1449409
2000-11-17,1.6629273,1.1449409
2000-11-20,1.6637706,1.1449409
2000-11-21,1.6640523,1.1449409
2000-11-22,1.6643341,1.1449409
2000-11-24,1.6643148,1.14454
2000-11-27,1.6602264,1.141147
2000-11-28,1.671069,1.1484076
2000-11-29,1.6788111,1.1535363
2000-11-30,1.6950558,1.1645068
2000-12-01,1.6953359,1.1645068
2000-12-04,1.6961789,1.1645068
2000-12-05,1.6964577,1.1645068
2000-12-06,1.6967324,1.1645068
2000-12-07,1.6970076,1.1645068
2000-12-08,1.6972838,1.1645068
2000-12-11,1.6981096,1.1645068
2000-12-12,1.6983846,1.1645068
2000-12-13,1.6986587,1.1645068
2000-12-14,1.6989328,1.1645068
2000-12-15,1.6992069,1.1645068
2000-12-18,1.7000239,1.1645068
2000-12-19,1.7002931,1.1645068
2000-12-20,1.7005615,1.1645068
2000-12-21,1.7008252,1.1645068
2000-12-22,1.700543,1.1641464
2000-12-26,1.6993097,1.1626477
2000-12-27,1.6897489,1.1559276
2000-12-28,1.6886556,1.1550027
2000-12-29,1.6879445,1.1543355
2001-01-02,1.6890044,1.1543355
2001-01-03,1.6892677,1.1543355
2001-01-04,1.6895236,1.1543355
2001-01-05,1.6897657,1.1543355
2001-01-08,1.6904588,1.1543355
2001-01-09,1.6906931,1.1543355
2001-01-10,1.6909293,1.1543355
2001-01-11,1.6911679,1.1543355
2001-01-12,1.6914075,1.1543355
2001-01-16,1.6923695,1.1543355
2001-01-17,1.6926115,1.1543355
2001-01-18,1.6928536,1.1543355
2001-01-19,1.693092,1.1543355
2001-01-22,1.6938017,1.1543355
2001-01-23,1.6940388,1.1543355
2001-01-24,1.6942755,1.1543355
2001-01-25,1.694351,1.1542244
2001-01-26,1.6934621,1.1534563
2001-01-29,1.6916118,1.1517183
2001-01-30,1.6977996,1.1557737
2001-01-31,1.700934,1.1577526
2001-02-01,1.7011604,1.1577526
2001-02-02,1.7013874,1.1577526
2001-02-05,1.7020768,1.1577526
2001-02-06,1.7023081,1.1577526
2001-02-07,1.7025385,1.1577526
2001-02-08,1.7027689,1.1577526
2001-02-09,1.7029999,1.1577526
2001-02-12,1.7036899,1.1577526
2001-02-13,1.7039201,1.1577526
2001-02-14,1.7041497,1.1577526
2001-02-15,1.7043804,1.1577526
2001-02-16,1.7046115,1.1577526
2001-02-20,1.705525,1.1577526
2001-02-21,1.7057549,1.1577526
2001-02-22,1.7056751,1.1575433
2001-02-23,1.7114993,1.1613411
2001-02-26,1.7177459,1.1651244
2001-02-27,1.7300708,1.1733339
2001-02-28,1.7324844,1.1748197
2001-03-01,1.7327089,1.1748197
2001-03-02,1.7329329,1.1748197
2001-03-05,1.7336052,1.1748197
2001-03-06,1.7338284,1.1748197
2001-03-07,1.7340503,1.1748197
2001-03-08,1.7342674,1.1748197
2001-03-09,1.7344841,1.1748197
2001-03-12,1.7351413,1.1748197
2001-03-13,1.7353571,1.1748197
2001-03-14,1.7355729,1.1748197
2001-03-15,1.7357836,1.1748197
2001-03-16,1.7359933,1.1748197
2001-03-19,1.7366254,1.1748197
2001-03-20,1.7368357,1.1748197
2001-03-21,1.7370441,1.1748197
2001-03-22,1.7372445,1.1748197
2001-03-23,1.7374425,1.1748197
2001-03-26,1.737728,1.1746082
2001-03-27,1.7236327,1.1649457
2001-03-28,1.7246842,1.165521
2001-03-29,1.7239249,1.1648728
2001-03-30,1.7279397,1.167451
2001-04-02,1.7285362,1.167451
2001-04-03,1.7287313,1.167451
2001-04-04,1.7289231,1.167451
2001-04-05,1.7291126,1.167451
2001-04-06,1.7293026,1.167451
2001-04-09,1.7298498,1.167451
2001-04-10,1.7300318,1.167451
2001-04-11,1.7302143,1.167451
2001-04-12,1.7304029,1.167451
2001-04-16,1.7311463,1.167451
2001-04-17,1.7313384,1.167451
2001-04-18,1.7315291,1.167451
2001-04-19,1.7317103,1.167451
2001-04-20,1.7318896,1.167451
2001-04-23,1.7324134,1.167451
2001-04-24,1.7322468,1.1672216
2001-04-25,1.7261032,1.1629633
2001-04-26,1.7371818,1.170308
2001-04-27,1.7213192,1.1595018
2001-04-30,1.7233914,1.1605393
2001-05-01,1.7235736,1.1605393
2001-05-02,1.7237545,1.1605393
2001-05-03,1.723934,1.1605393
2001-05-04,1.7241111,1.1605393
2001-05-07,1.7246283,1.1605393
2001-05-08,1.7248008,1.1605393
2001-05-09,1.7249718,1.1605393
2001-05-10,1.7251439,1.1605393
2001-05-11,1.7253168,1.1605393
2001-05-14,1.7258401,1.1605393
2001-05-15,1.7260117,1.1605393
2001-05-16,1.7261796,1.1605393
2001-05-17,1.7263447,1.1605393
2001-05-18,1.7265097,1.1605393
2001-05-21,1.7270107,1.1605393
2001-05-22,1.7271796,1.1605393
2001-05-23,1.727348,1.1605393
2001-05-24,1.7271951,1.1603234
2001-05-25,1.7281294,1.160836
2001-05-29,1.7273327,1.1598453
2001-05-30,1.7273881,1.1597672
2001-05-31,1.7411142,1.1688685
2001-06-01,1.7412835,1.1688685
2001-06-04,1.7417973,1.1688685
2001-06-05,1.7419691,1.1688685
2001-06-06,1.7421385,1.1688685
2001-06-07,1.7423075,1.1688685
2001-06-08,1.742477,1.1688685
2001-06-11,1.7429868,1.1688685
2001-06-12,1.7431549,1.1688685
2001-06-13,1.7433211,1.1688685
2001-06-14,1.7434868,1.1688685
2001-06-15,1.7436531,1.1688685
2001-06-18,1.7441461,1.1688685
2001-06-19,1.7443104,1.1688685
2001-06-20,1.7444744,1.1688685
2001-06-21,1.7446373,1.1688685
2001-06-22,1.7448013,1.1688685
2001-06-25,1.7451167,1.168756
2001-06-26,1.7408374,1.1657818
2001-06-27,1.7409534,1.1657515
2001-06-28,1.7357335,1.1621464
2001-06-29,1.73175,1.159366
2001-07-02,1.7322582,1.159366
2001-07-03,1.7324286,1.159366
2001-07-05,1.7327684,1.159366
2001-07-06,1.7329379,1.159366
2001-07-09,1.7334435,1.159366
2001-07-10,1.7336131,1.159366
2001-07-11,1.7337817,1.159366
2001-07-12,1.7339479,1.159366
2001-07-13,1.7341151,1.159366
2001-07-16,1.7346197,1.159366
2001-07-17,1.7347889,1.159366
2001-07-18,1.7349567,1.159366
2001-07-19,1.7351211,1.159366
2001-07-20,1.7352861,1.159366
2001-07-23,1.7357781,1.159366
2001-07-24,1.7359436,1.159366
2001-07-25,1.7357058,1.1590966
2001-07-26,1.736286,1.1593735
2001-07-27,1.745366,1.165326
2001-07-30,1.7489677,1.1673983
2001-07-31,1.7540419,1.1706737
2001-08-01,1.7542082,1.1706737
2001-08-02,1.754374,1.1706737
2001-08-03,1.7545398,1.1706737
2001-08-06,1.7550359,1.1706737
2001-08-07,1.7552013,1.1706737
2001-08-08,1.7553667,1.1706737
2001-08-09,1.7555307,1.1706737
2001-08-10,1.7556933,1.1706737
2001-08-13,1.7561781,1.1706737
2001-08-14,1.7563403,1.1706737
2001-08-15,1.7565015,1.1706737
2001-08-16,1.7566627,1.1706737
2001-08-17,1.7568225,1.1706737
2001-08-20,1.7572975,1.1706737
2001-08-21,1.7574583,1.1706737
2001-08-22,1.7576177,1.1706737
2001-08-23,1.7577771,1.1706737
2001-08-24,1.7579375,1.1706737
2001-08-27,1.7580017,1.1703941
2001-08-28,1.7710126,1.1789481
2001-08-29,1.7807366,1.1853137
2001-08-30,1.7799313,1.1846692
2001-08-31,1.7737653,1.1804585
2001-09-04,1.7744067,1.1804585
2001-09-05,1.7745701,1.1804585
2001-09-06,1.774732,1.1804585
2001-09-07,1.774891,1.1804585
2001-09-10,1.7753578,1.1804585
2001-09-13,1.7758233,1.1804585
2001-09-14,1.7759537,1.1804585
2001-09-17,1.7763317,1.1804585
2001-09-18,1.7764553,1.1804585
2001-09-19,1.7765736,1.1804585
2001-09-20,1.7766782,1.1804585
2001-09-21,1.7767844,1.1804585
2001-09-24,1.7767674,1.1802328
2001-09-25,1.7800424,1.1823329
2001-09-26,1.7900684,1.1889162
2001-09-27,1.7971939,1.1935729
2001-09-28,1.7946181,1.191786
2001-10-01,1.7949647,1.191786
2001-10-02,1.7950788,1.191786
2001-10-03,1.795188,1.191786
2001-10-04,1.7952957,1.191786
2001-10-05,1.7954024,1.191786
2001-10-09,1.7958254,1.191786
2001-10-10,1.7959327,1.191786
2001-10-11,1.7960399,1.191786
2001-10-12,1.7961497,1.191786
2001-10-15,1.7964759,1.191786
2001-10-16,1.7965847,1.191786
2001-10-17,1.796692,1.191786
2001-10-18,1.7967993,1.191786
2001-10-19,1.7969052,1.191786
2001-10-22,1.7972227,1.191786
2001-10-23,1.79733,1.191786
2001-10-24,1.7974364,1.191786
2001-10-25,1.7971906,1.1915535
2001-10-26,1.8006094,1.1937516
2001-10-29,1.8071555,1.1978855
2001-10-30,1.8162055,1.203817
2001-10-31,1.8326924,1.2146786
2001-11-01,1.8327934,1.2146786
2001-11-02,1.8328948,1.2146786
2001-11-05,1.8331916,1.2146786
2001-11-06,1.8332905,1.2146786
2001-11-07,1.8333819,1.2146786
2001-11-08,1.8334708,1.2146786
2001-11-09,1.8335617,1.2146786
2001-11-13,1.8339234,1.2146786
2001-11-14,1.8340144,1.2146786
2001-11-15,1.8341068,1.2146786
2001-11-16,1.8342013,1.2146786
2001-11-19,1.8344892,1.2146786
2001-11-20,1.8345847,1.2146786
2001-11-21,1.8346807,1.2146786
2001-11-23,1.8348738,1.2146786
2001-11-26,1.8348687,1.2144846
2001-11-27,1.8450733,1.2211744
2001-11-28,1.8446003,1.2207984
2001-11-29,1.8706481,1.2379759
2001-11-30,1.872683,1.2392625
2001-12-03,1.8729523,1.2392625
2001-12-04,1.8730421,1.2392625
2001-12-05,1.8731299,1.2392625
2001-12-06,1.8732192,1.2392625
2001-12-07,1.8733074,1.2392625
2001-12-10,1.873563,1.2392625
2001-12-11,1.8736493,1.2392625
2001-12-12,1.8737329,1.2392625
2001-12-13,1.8738171,1.2392625
2001-12-14,1.8739024,1.2392625
2001-12-17,1.8741642,1.2392625
2001-12-18,1.874252,1.2392625
2001-12-19,1.8743383,1.2392625
2001-12-20,1.8744235,1.2392625
2001-12-21,1.8745088,1.2392625
2001-12-24,1.8744974,1.2390839
2001-12-26,1.8708247,1.2365414
2001-12-27,1.8786896,1.2416815
2001-12-28,1.8822501,1.2439766
2001-12-31,1.8926583,1.2506826
2002-01-02,1.8928357,1.2506826
2002-01-03,1.8929244,1.2506826
2002-01-04,1.8930125,1.2506826
2002-01-07,1.8932755,1.2506826
2002-01-08,1.8933616,1.2506826
2002-01-09,1.8934472,1.2506826
2002-01-10,1.8935328,1.2506826
2002-01-11,1.8936184,1.2506826
2002-01-14,1.8938596,1.2506826
2002-01-15,1.89394,1.2506826
2002-01-16,1.8940215,1.2506826
2002-01-17,1.8941035,1.2506826
2002-01-18,1.894187,1.2506826
2002-01-22,1.8945171,1.2506826
2002-01-23,1.8946032,1.2506826
2002-01-24,1.8946904,1.2506826
2002-01-25,1.8946452,1.2505948
2002-01-28,1.8941798,1.2501139
2002-01-29,1.9018257,1.2551018
2002-01-30,1.9014815,1.2548165
2002-01-31,1.8962054,1.2512756
2002-02-01,1.8962953,1.2512756
2002-02-04,1.8965649,1.2512756
2002-02-05,1.8966553,1.2512756
2002-02-06,1.8967452,1.2512756
2002-02-07,1.8968341,1.2512756
2002-02-08,1.8969224,1.2512756
2002-02-11,1.8971875,1.2512756
2002-02-12,1.8972758,1.2512756
2002-02-13,1.8973652,1.2512756
2002-02-14,1.8974552,1.2512756
2002-02-15,1.8975446,1.2512756
2002-02-19,1.8979002,1.2512756
2002-02-20,1.8979891,1.2512756
2002-02-21,1.898079,1.2512756
2002-02-22,1.897845,1.251062
2002-02-25,1.895646,1.2494345
2002-02-26,1.8868722,1.2435921
2002-02-27,1.8986297,1.2512819
2002-02-28,1.8931394,1.2476039
2002-03-01,1.8932307,1.2476039
2002-03-04,1.8935014,1.2476039
2002-03-05,1.8935927,1.2476039
2002-03-06,1.8936845,1.2476039
2002-03-07,1.8937753,1.2476039
2002-03-08,1.8938661,1.2476039
2002-03-11,1.8941417,1.2476039
2002-03-12,1.8942351,1.2476039
2002-03-13,1.894329,1.2476039
2002-03-14,1.8944219,1.2476039
2002-03-15,1.8945164,1.2476039
2002-03-18,1.8947998,1.2476039
2002-03-19,1.8948948,1.2476039
2002-03-20,1.8949892,1.2476039
2002-03-21,1.8950832,1.2476039
2002-03-22,1.8949053,1.2474252
2002-03-25,1.8950091,1.247309
2002-03-26,1.906258,1.2546519
2002-03-27,1.9088271,1.2562817
2002-03-28,1.9023815,1.2519783
2002-04-01,1.9027484,1.2519783
2002-04-02,1.9028396,1.2519783
2002-04-03,1.9029319,1.2519783
2002-04-04,1.9030237,1.2519783
2002-04-05,1.9031149,1.2519783
2002-04-08,1.9033855,1.2519783
2002-04-09,1.9034752,1.2519783
2002-04-10,1.9035639,1.2519783
2002-04-11,1.9036515,1.2519783
2002-04-12,1.9037396,1.2519783
2002-04-15,1.9040025,1.2519783
2002-04-16,1.9040901,1.2519783
2002-04-17,1.9041794,1.2519783
2002-04-18,1.904268,1.2519783
2002-04-19,1.9043562,1.2519783
2002-04-22,1.9046223,1.2519783
2002-04-23,1.9047105,1.2519783
2002-04-24,1.9045248,1.2517979
2002-04-25,1.9081467,1.2541206
2002-04-26,1.91177,1.2564432
2002-04-29,1.9083456,1.254015
2002-04-30,1.9105933,1.2554322
2002-05-01,1.9106844,1.2554322
2002-05-02,1.9107755,1.2554322
2002-05-03,1.9108666,1.2554322
2002-05-06,1.9111383,1.2554322
2002-05-07,1.9112289,1.2554322
2002-05-08,1.9113195,1.2554322
2002-05-09,1.91141,1.2554322
2002-05-10,1.9115012,1.2554322
2002-05-13,1.9117745,1.2554322
2002-05-14,1.9118657,1.2554322
2002-05-15,1.9119573,1.2554322
2002-05-16,1.912048,1.2554322
2002-05-17,1.9121381,1.2554322
2002-05-20,1.91241,1.2554322
2002-05-21,1.9125001,1.2554322
2002-05-22,1.9125902,1.2554322
2002-05-23,1.9126798,1.2554322
2002-05-24,1.9123428,1.2551522
2002-05-28,1.9141985,1.256135
2002-05-29,1.9232776,1.2620333
2002-05-30,1.9325891,1.268084
2002-05-31,1.9293234,1.2658814
2002-06-03,1.9295946,1.2658814
2002-06-04,1.9296855,1.2658814
2002-06-05,1.929777,1.2658814
2002-06-06,1.9298679,1.2658814
2002-06-07,1.9299583,1.2658814
2002-06-10,1.9302296,1.2658814
2002-06-11,1.9303205,1.2658814
2002-06-12,1.9304115,1.2658814
2002-06-13,1.9305019,1.2658814
2002-06-14,1.9305913,1.2658814
2002-06-17,1.9308579,1.2658814
2002-06-18,1.9309478,1.2658814
2002-06-19,1.9310377,1.2658814
2002-06-20,1.9311266,1.2658814
2002-06-21,1.9312166,1.2658814
2002-06-24,1.9312547,1.2657306
2002-06-25,1.9301876,1.2649722
2002-06-26,1.940376,1.2715904
2002-06-27,1.9316889,1.2658393
2002-06-28,1.930029,1.2646937
2002-07-01,1.9302939,1.2646937
2002-07-02,1.9303828,1.2646937
2002-07-03,1.9304722,1.2646937
2002-07-05,1.9306509,1.2646937
2002-07-08,1.9309191,1.2646937
2002-07-09,1.931009,1.2646937
2002-07-10,1.9310985,1.2646937
2002-07-11,1.9311879,1.2646937
2002-07-12,1.9312773,1.2646937
2002-07-15,1.931544,1.2646937
2002-07-16,1.9316329,1.2646937
2002-07-17,1.9317223,1.2646937
2002-07-18,1.9318117,1.2646937
2002-07-19,1.9319012,1.2646937
2002-07-22,1.9321679,1.2646937
2002-07-23,1.9322569,1.2646937
2002-07-24,1.9323453,1.2646937
2002-07-25,1.9321514,1.2645092
2002-07-26,1.9413474,1.2704698
2002-07-29,1.9182183,1.2551601
2002-07-30,1.9150728,1.2530438
2002-07-31,1.9384388,1.2682743
2002-08-01,1.938528,1.2682743
2002-08-02,1.9386156,1.2682743
2002-08-05,1.9388706,1.2682743
2002-08-06,1.9389561,1.2682743
2002-08-07,1.9390421,1.2682743
2002-08-08,1.939125,1.2682743
2002-08-09,1.9392095,1.2682743
2002-08-12,1.9394629,1.2682743
2002-08-13,1.93955,1.2682743
2002-08-14,1.9396351,1.2682743
2002-08-15,1.9397206,1.2682743
2002-08-16,1.9398051,1.2682743
2002-08-19,1.9400586,1.2682743
2002-08-20,1.9401453,1.2682743
2002-08-21,1.9402298,1.2682743
2002-08-22,1.9403148,1.2682743
2002-08-23,1.9404009,1.2682743
2002-08-26,1.9403454,1.2680691
2002-08-27,1.9311942,1.2620316
2002-08-28,1.9394836,1.2673916
2002-08-29,1.9477504,1.2727368
2002-08-30,1.9501268,1.2742321
2002-09-03,1.9504816,1.2742321
2002-09-04,1.9505676,1.2742321
2002-09-05,1.9506531,1.2742321
2002-09-06,1.9507376,1.2742321
2002-09-09,1.9509989,1.2742321
2002-09-10,1.9510876,1.2742321
2002-09-11,1.9511758,1.2742321
2002-09-12,1.9512646,1.2742321
2002-09-13,1.9513533,1.2742321
2002-09-16,1.9516196,1.2742321
2002-09-17,1.9517094,1.2742321
2002-09-18,1.9517987,1.2742321
2002-09-19,1.9518869,1.2742321
2002-09-20,1.9519736,1.2742321
2002-09-23,1.9522335,1.2742321
2002-09-24,1.9520342,1.2740455
2002-09-25,1.9441822,1.2688641
2002-09-26,1.947737,1.2711275
2002-09-27,1.964993,1.2823326
2002-09-30,1.9765607,1.2897129
2002-10-01,1.9766441,1.2897129
2002-10-02,1.9767286,1.2897129
2002-10-03,1.9768125,1.2897129
2002-10-04,1.9768959,1.2897129
2002-10-07,1.9771527,1.2897129
2002-10-08,1.9772393,1.2897129
2002-10-09,1.9773249,1.2897129
2002-10-10,1.9774083,1.2897129
2002-10-11,1.9774923,1.2897129
2002-10-15,1.9778282,1.2897129
2002-10-16,1.9779176,1.2897129
2002-10-17,1.978006,1.2897129
2002-10-18,1.9780948,1.2897129
2002-10-21,1.9783615,1.2897129
2002-10-22,1.9784525,1.2897129
2002-10-23,1.9785425,1.2897129
2002-10-24,1.9786319,1.2897129
2002-10-25,1.9784302,1.2895242
2002-10-28,1.9904181,1.2971672
2002-10-29,2.001052,1.3040419
2002-10-30,2.0070498,1.3078977
2002-10-31,2.0139457,1.3123384
2002-11-01,2.0140241,1.3123384
2002-11-04,2.0142575,1.3123384
2002-11-05,2.0143353,1.3123384
2002-11-06,2.0144126,1.3123384
2002-11-07,2.0144794,1.3123384
2002-11-08,2.0145456,1.3123384
2002-11-12,2.0148105,1.3123384
2002-11-13,2.0148768,1.3123384
2002-11-14,2.0149424,1.3123384
2002-11-15,2.0150087,1.3123384
2002-11-18,2.0152074,1.3123384
2002-11-19,2.0152742,1.3123384
2002-11-20,2.0153399,1.3123384
2002-11-21,2.0154062,1.3123384
2002-11-22,2.015156,1.3121323
2002-11-25,2.0149408,1.3118617
2002-11-26,2.0293577,1.3212043
2002-11-27,2.0053682,1.3055426
2002-11-29,2.0115977,1.3095115
2002-12-02,2.0117961,1.3095115
2002-12-03,2.0118633,1.3095115
2002-12-04,2.01193,1.3095115
2002-12-05,2.0119961,1.3095115
2002-12-06,2.0120623,1.3095115
2002-12-09,2.0122591,1.3095115
2002-12-10,2.0123258,1.3095115
2002-12-11,2.0123914,1.3095115
2002-12-12,2.012457,1.3095115
2002-12-13,2.0125226,1.3095115
2002-12-16,2.0127195,1.3095115
2002-12-17,2.0127862,1.3095115
2002-12-18,2.0128524,1.3095115
2002-12-19,2.012918,1.3095115
2002-12-20,2.0129836,1.3095115
2002-12-23,2.0131805,1.3095115
2002-12-24,2.0129495,1.3093193
2002-12-26,2.0167995,1.3117395
2002-12-27,2.0287986,1.3195022
2002-12-30,2.0280273,1.3188769
2002-12-31,2.0278635,1.318727
2003-01-02,2.0279969,1.318727
2003-01-03,2.0280635,1.318727
2003-01-06,2.0282636,1.318727
2003-01-07,2.0283297,1.318727
2003-01-08,2.0283947,1.318727
2003-01-09,2.0284597,1.318727
2003-01-10,2.0285253,1.318727
2003-01-13,2.028722,1.318727
2003-01-14,2.0287882,1.318727
2003-01-15,2.0288532,1.318727
2003-01-16,2.0289188,1.318727
2003-01-17,2.0289833,1.318727
2003-01-21,2.0292412,1.318727
2003-01-22,2.0293063,1.318727
2003-01-23,2.0293702,1.318727
2003-01-24,2.0294341,1.318727
2003-01-27,2.0294564,1.3186179
2003-01-28,2.0295713,1.318651
2003-01-29,2.0249944,1.3156354
2003-01-30,2.0298002,1.3187159
2003-01-31,2.0284054,1.3177679
2003-02-03,2.0285988,1.3177679
2003-02-04,2.0286633,1.3177679
2003-02-05,2.0287267,1.3177679
2003-02-06,2.0287911,1.3177679
2003-02-07,2.0288551,1.3177679
2003-02-10,2.0290468,1.3177679
2003-02-11,2.0291108,1.3177679
2003-02-12,2.0291752,1.3177679
2003-02-13,2.0292397,1.3177679
2003-02-14,2.0293037,1.3177679
2003-02-18,2.0295616,1.3177679
2003-02-19,2.0296267,1.3177679
2003-02-20,2.0296912,1.3177679
2003-02-21,2.0297563,1.3177679
2003-02-24,2.0295542,1.31751
2003-02-25,2.0375791,1.3226765
2003-02-26,2.0419617,1.3254786
2003-02-27,2.0440007,1.326759
2003-02-28,2.0525051,1.3322359
2003-03-03,2.0527041,1.3322359
2003-03-04,2.0527705,1.3322359
2003-03-05,2.0528363,1.3322359
2003-03-06,2.0529015,1.3322359
2003-03-07,2.0529668,1.3322359
2003-03-10,2.0531524,1.3322359
2003-03-11,2.053212,1.3322359
2003-03-12,2.0532728,1.3322359
2003-03-13,2.0533335,1.3322359
2003-03-14,2.0533954,1.3322359
2003-03-17,2.0535827,1.3322359
2003-03-18,2.0536463,1.3322359
2003-03-19,2.0537093,1.3322359
2003-03-20,2.0537735,1.3322359
2003-03-21,2.0538382,1.3322359
2003-03-24,2.054034,1.3322359
2003-03-25,2.053797,1.3320402
2003-03-26,2.0551558,1.3328791
2003-03-27,2.0625492,1.3376318
2003-03-28,2.0699667,1.3424005
2003-03-31,2.0761446,1.3462834
2003-04-01,2.0762083,1.3462834
2003-04-02,2.0762709,1.3462834
2003-04-03,2.076334,1.3462834
2003-04-04,2.076396,1.3462834
2003-04-07,2.0765821,1.3462834
2003-04-08,2.0766475,1.3462834
2003-04-09,2.0767118,1.3462834
2003-04-10,2.0767749,1.3462834
2003-04-11,2.0768386,1.3462834
2003-04-14,2.077035,1.3462834
2003-04-15,2.0771021,1.3462834
2003-04-16,2.0771681,1.3462834
2003-04-17,2.0772336,1.3462834
2003-04-21,2.0774976,1.3462834
2003-04-22,2.0775636,1.3462834
2003-04-23,2.0776297,1.3462834
2003-04-24,2.0773871,1.3460838
2003-04-25,2.0836479,1.3500989
2003-04-28,2.0816271,1.3486653
2003-04-29,2.0780671,1.3463174
2003-04-30,2.091417,1.3549248
2003-05-01,2.0914806,1.3549248
2003-05-02,2.0915425,1.3549248
2003-05-05,2.0917316,1.3549248
2003-05-06,2.0917952,1.3549248
2003-05-07,2.0918571,1.3549248
2003-05-08,2.0919196,1.3549248
2003-05-09,2.0919809,1.3549248
2003-05-12,2.0921683,1.3549248
2003-05-13,2.0922302,1.3549248
2003-05-14,2.0922916,1.3549248
2003-05-15,2.0923512,1.3549248
2003-05-16,2.0924108,1.3549248
2003-05-19,2.0925879,1.3549248
2003-05-20,2.092647,1.3549248
2003-05-21,2.0927055,1.3549248
2003-05-22,2.0927651,1.3549248
2003-05-23,2.0923602,1.3546232
2003-05-27,2.083498,1.3487284
2003-05-28,2.0793646,1.3460131
2003-05-29,2.0956538,1.3565169
2003-05-30,2.0903476,1.353042
2003-06-02,2.0905349,1.353042
2003-06-03,2.090599,1.353042
2003-06-04,2.0906597,1.353042
2003-06-05,2.0907187,1.353042
2003-06-06,2.0907771,1.353042
2003-06-09,2.0909541,1.353042
2003-06-10,2.091012,1.353042
2003-06-11,2.0910664,1.353042
2003-06-12,2.0911191,1.353042
2003-06-13,2.0911707,1.353042
2003-06-16,2.0913151,1.353042
2003-06-17,2.0913638,1.353042
2003-06-18,2.0914142,1.353042
2003-06-19,2.0914641,1.353042
2003-06-20,2.0915099,1.353042
2003-06-23,2.0916491,1.353042
2003-06-24,2.0914614,1.3528898
2003-06-25,2.0803075,1.3456448
2003-06-26,2.065766,1.3362054
2003-06-27,2.0642583,1.3351976
2003-06-30,2.0699556,1.3387895
2003-07-01,2.0700061,1.3387895
2003-07-02,2.0700554,1.3387895
2003-07-03,2.0701036,1.3387895
2003-07-07,2.0702965,1.3387895
2003-07-08,2.0703475,1.3387895
2003-07-09,2.0703986,1.3387895
2003-07-10,2.0704485,1.3387895
2003-07-11,2.0704978,1.3387895
2003-07-14,2.0706459,1.3387895
2003-07-15,2.0706964,1.3387895
2003-07-16,2.0707474,1.3387895
2003-07-17,2.0707979,1.3387895
2003-07-18,2.0708479,1.3387895
2003-07-21,2.0709994,1.3387895
2003-07-22,2.071051,1.3387895
2003-07-23,2.0711026,1.3387895
2003-07-24,2.0711543,1.3387895
2003-07-25,2.0708368,1.3385509
2003-07-28,2.0582771,1.3303324
2003-07-29,2.0473353,1.3232257
2003-07-30,2.0536279,1.3272576
2003-07-31,2.0309075,1.3125385
2003-08-01,2.0309598,1.3125385
2003-08-04,2.031115,1.3125385
2003-08-05,2.0311679,1.3125385
2003-08-06,2.0312202,1.3125385
2003-08-07,2.0312719,1.3125385
2003-08-08,2.0313237,1.3125385
2003-08-11,2.0314806,1.3125385
2003-08-12,2.031533,1.3125385
2003-08-13,2.0315847,1.3125385
2003-08-14,2.031637,1.3125385
2003-08-15,2.0316894,1.3125385
2003-08-18,2.0318447,1.3125385
2003-08-19,2.031897,1.3125385
2003-08-20,2.0319493,1.3125385
2003-08-21,2.0320016,1.3125385
2003-08-22,2.0320545,1.3125385
2003-08-25,2.0318992,1.3123346
2003-08-26,2.0363413,1.3151676
2003-08-27,2.0298395,1.3109328
2003-08-28,2.0456061,1.3210802
2003-08-29,2.0415891,1.3184508
2003-09-02,2.0418039,1.3184508
2003-09-03,2.0418576,1.3184508
2003-09-04,2.0419107,1.3184508
2003-09-05,2.0419638,1.3184508
2003-09-08,2.0421216,1.3184508
2003-09-09,2.0421748,1.3184508
2003-09-10,2.0422274,1.3184508
2003-09-11,2.0422799,1.3184508
2003-09-12,2.0423325,1.3184508
2003-09-15,2.0424903,1.3184508
2003-09-16,2.0425429,1.3184508
2003-09-17,2.0425939,1.3184508
2003-09-18,2.0426459,1.3184508
2003-09-19,2.0426985,1.3184508
2003-09-22,2.0428546,1.3184508
2003-09-23,2.0429073,1.3184508
2003-09-24,2.0426547,1.3182545
2003-09-25,2.0466818,1.3208199
2003-09-26,2.0573304,1.3276586
2003-09-29,2.0528527,1.3246687
2003-09-30,2.06862,1.3348085
2003-10-01,2.0686727,1.3348085
2003-10-02,2.0687254,1.3348085
2003-10-03,2.0687775,1.3348085
2003-10-06,2.068934,1.3348085
2003-10-07,2.0689861,1.3348085
2003-10-08,2.0690371,1.3348085
2003-10-09,2.0690876,1.3348085
2003-10-10,2.069138,1.3348085
2003-10-14,2.0693421,1.3348085
2003-10-15,2.0693937,1.3348085
2003-10-16,2.0694453,1.3348085
2003-10-17,2.0694969,1.3348085
2003-10-20,2.0696517,1.3348085
2003-10-21,2.0697044,1.3348085
2003-10-22,2.069756,1.3348085
2003-10-23,2.0698093,1.3348085
2003-10-24,2.0698626,1.3348085
2003-10-27,2.0698645,1.3347077
2003-10-28,2.076525,1.3389675
2003-10-29,2.0711407,1.3354612
2003-10-30,2.0659153,1.3320574
2003-10-31,2.0670147,1.332732
2003-11-03,2.0671744,1.332732
2003-11-04,2.0672276,1.332732
2003-11-05,2.0672803,1.332732
2003-11-06,2.0673335,1.332732
2003-11-07,2.0673868,1.332732
2003-11-10,2.0675465,1.332732
2003-11-12,2.0676541,1.332732
2003-11-13,2.0677068,1.332732
2003-11-14,2.0677589,1.332732
2003-11-17,2.067917,1.332732
2003-11-18,2.0679702,1.332732
2003-11-19,2.0680235,1.332732
2003-11-20,2.0680762,1.332732
2003-11-21,2.0677774,1.3325055
2003-11-24,2.0572822,1.3256415
2003-11-25,2.0631468,1.3293863
2003-11-26,2.0547541,1.3239446
2003-11-28,2.0419014,1.3155964
2003-12-01,2.0420541,1.3155964
2003-12-02,2.0421061,1.3155964
2003-12-03,2.0421576,1.3155964
2003-12-04,2.0422091,1.3155964
2003-12-05,2.04226,1.3155964
2003-12-08,2.042411,1.3155964
2003-12-09,2.042462,1.3155964
2003-12-10,2.0425129,1.3155964
2003-12-11,2.0425638,1.3155964
2003-12-12,2.0426131,1.3155964
2003-12-15,2.0427625,1.3155964
2003-12-16,2.0428123,1.3155964
2003-12-17,2.0428621,1.3155964
2003-12-18,2.0429113,1.3155964
2003-12-19,2.04296,1.3155964
2003-12-22,2.0431044,1.3155964
2003-12-23,2.0431543,1.3155964
2003-12-24,2.0428208,1.31535
2003-12-26,2.0476788,1.3184145
2003-12-29,2.0385642,1.3124539
2003-12-30,2.0328624,1.308751
2003-12-31,2.0351838,1.3102126
2004-01-02,2.0352876,1.3102126
2004-01-05,2.0354398,1.3102126
2004-01-06,2.03549,1.3102126
2004-01-07,2.0355402,1.3102126
2004-01-08,2.0355898,1.3102126
2004-01-09,2.0356378,1.3102126
2004-01-12,2.03578,1.3102126
2004-01-13,2.0358291,1.3102126
2004-01-14,2.0358776,1.3102126
2004-01-15,2.0359255,1.3102126
2004-01-16,2.0359735,1.3102126
2004-01-20,2.0361676,1.3102126
2004-01-21,2.0362167,1.3102126
2004-01-22,2.0362653,1.3102126
2004-01-23,2.0363132,1.3102126
2004-01-26,2.0362613,1.3100844
2004-01-27,2.0410316,1.3131216
2004-01-28,2.028898,1.3052832
2004-01-29,2.0288895,1.3052449
2004-01-30,2.0326462,1.3076288
2004-02-02,2.0327966,1.3076288
2004-02-03,2.0328483,1.3076288
2004-02-04,2.0328996,1.3076288
2004-02-05,2.0329508,1.3076288
2004-02-06,2.0330021,1.3076288
2004-02-09,2.0331541,1.3076288
2004-02-10,2.0332059,1.3076288
2004-02-11,2.0332577,1.3076288
2004-02-12,2.0333084,1.3076288
2004-02-13,2.0333591,1.3076288
2004-02-17,2.0335597,1.3076288
2004-02-18,2.0336115,1.3076288
2004-02-19,2.0336627,1.3076288
2004-02-20,2.033714,1.3076288
2004-02-23,2.0334463,1.3073578
2004-02-24,2.0352676,1.3084947
2004-02-25,2.0392579,1.3110261
2004-02-26,2.0349003,1.3081908
2004-02-27,2.0411208,1.3121561
2004-03-01,2.0412785,1.3121561
2004-03-02,2.0413316,1.3121561
2004-03-03,2.0413847,1.3121561
2004-03-04,2.0414378,1.3121561
2004-03-05,2.0414904,1.3121561
2004-03-08,2.0416465,1.3121561
2004-03-09,2.0416996,1.3121561
2004-03-10,2.0417522,1.3121561
2004-03-11,2.0418048,1.3121561
2004-03-12,2.0418579,1.3121561
2004-03-15,2.0420157,1.3121561
2004-03-16,2.0420688,1.3121561
2004-03-17,2.0421214,1.3121561
2004-03-18,2.0421729,1.3121561
2004-03-19,2.0422243,1.3121561
2004-03-22,2.0423788,1.3121561
2004-03-23,2.0424314,1.3121561
2004-03-24,2.0424834,1.3121561
2004-03-25,2.0421015,1.3118777
2004-03-26,2.0246781,1.3006516
2004-03-29,2.0159995,1.294977
2004-03-30,2.0162265,1.2950891
2004-03-31,2.0249226,1.3006416
2004-04-01,2.0249742,1.3006416
2004-04-02,2.0250252,1.3006416
2004-04-05,2.02518,1.3006416
2004-04-06,2.0252316,1.3006416
2004-04-07,2.0252827,1.3006416
2004-04-08,2.0253343,1.3006416
2004-04-12,2.0255385,1.3006416
2004-04-13,2.0255901,1.3006416
2004-04-14,2.0256417,1.3006416
2004-04-15,2.0256939,1.3006416
2004-04-16,2.0257455,1.3006416
2004-04-19,2.0258987,1.3006416
2004-04-20,2.0259514,1.3006416
2004-04-21,2.0260047,1.3006416
2004-04-22,2.0260591,1.3006416
2004-04-23,2.0261118,1.3006416
2004-04-26,2.0258549,1.300374
2004-04-27,2.0352298,1.3063567
2004-04-28,2.0218087,1.2977074
2004-04-29,2.0128918,1.2919499
2004-04-30,2.0177678,1.2950459
2004-05-03,2.017927,1.2950459
2004-05-04,2.0179818,1.2950459
2004-05-05,2.0180365,1.2950459
2004-05-06,2.0180901,1.2950459
2004-05-07,2.0181443,1.2950459
2004-05-10,2.0183185,1.2950459
2004-05-11,2.0183776,1.2950459
2004-05-12,2.0184352,1.2950459
2004-05-13,2.0184916,1.2950459
2004-05-14,2.0185458,1.2950459
2004-05-17,2.0187067,1.2950459
2004-05-18,2.0187648,1.2950459
2004-05-19,2.0188223,1.2950459
2004-05-20,2.0188787,1.2950459
2004-05-21,2.0189346,1.2950459
2004-05-24,2.0187049,1.2947911
2004-05-25,2.0214243,1.2964977
2004-05-26,2.0321349,1.3033296
2004-05-27,2.0433316,1.3104729
2004-05-28,2.0324213,1.3034383
2004-06-01,2.0326574,1.3034383
2004-06-02,2.0327215,1.3034383
2004-06-03,2.0327855,1.3034383
2004-06-04,2.0328496,1.3034383
2004-06-07,2.0330467,1.3034383
2004-06-08,2.0331152,1.3034383
2004-06-09,2.0331849,1.3034383
2004-06-10,2.0332545,1.3034383
2004-06-14,2.0335375,1.3034383
2004-06-15,2.0336155,1.3034383
2004-06-16,2.033689,1.3034383
2004-06-17,2.0337603,1.3034383
2004-06-18,2.03383,1.3034383
2004-06-21,2.0340406,1.3034383
2004-06-22,2.0341142,1.3034383
2004-06-23,2.0341866,1.3034383
2004-06-24,2.0340542,1.3033081
2004-06-25,2.0342372,1.3033804
2004-06-28,2.0259192,1.2979137
2004-06-29,2.0304385,1.3007607
2004-06-30,2.0382196,1.305697
2004-07-01,2.0382928,1.305697
2004-07-02,2.0383598,1.305697
2004-07-06,2.0386435,1.305697
2004-07-07,2.0387172,1.305697
2004-07-08,2.0387887,1.305697
2004-07-09,2.0388585,1.305697
2004-07-12,2.039068,1.305697
2004-07-13,2.0391418,1.305697
2004-07-14,2.0392155,1.305697
2004-07-15,2.0392892,1.305697
2004-07-16,2.039363,1.305697
2004-07-19,2.0395843,1.305697
2004-07-20,2.0396586,1.305697
2004-07-21,2.0397335,1.305697
2004-07-22,2.0398078,1.305697
2004-07-23,2.0398827,1.305697
2004-07-26,2.039668,1.3054147
2004-07-27,2.0206014,1.2931608
2004-07-28,2.0265134,1.2968933
2004-07-29,2.0306928,1.2995172
2004-07-30,2.0457271,1.3090876
2004-08-02,2.0459658,1.3090876
2004-08-03,2.0460488,1.3090876
2004-08-04,2.0461306,1.3090876
2004-08-05,2.0462125,1.3090876
2004-08-06,2.0462938,1.3090876
2004-08-09,2.0465309,1.3090876
2004-08-10,2.0466145,1.3090876
2004-08-11,2.0466974,1.3090876
2004-08-12,2.0467771,1.3090876
2004-08-13,2.0468561,1.3090876
2004-08-16,2.0470934,1.3090876
2004-08-17,2.0471758,1.3090876
2004-08-18,2.0472577,1.3090876
2004-08-19,2.0473396,1.3090876
2004-08-20,2.0474209,1.3090876
2004-08-23,2.0476666,1.3090876
2004-08-24,2.0477519,1.3090876
2004-08-25,2.0474021,1.3088095
2004-08-26,2.0541646,1.3130779
2004-08-27,2.0531719,1.3123887
2004-08-30,2.0590878,1.3160051
2004-08-31,2.0699066,1.3228623
2004-09-01,2.0699957,1.3228623
2004-09-02,2.0700836,1.3228623
2004-09-03,2.0701726,1.3228623
2004-09-07,2.0705402,1.3228623
2004-09-08,2.0706332,1.3228623
2004-09-09,2.0707251,1.3228623
2004-09-10,2.0708164,1.3228623
2004-09-13,2.0710939,1.3228623
2004-09-14,2.0711869,1.3228623
2004-09-15,2.0712794,1.3228623
2004-09-16,2.0713725,1.3228623
2004-09-17,2.0714655,1.3228623
2004-09-20,2.0717516,1.3228623
2004-09-21,2.0718481,1.3228623
2004-09-22,2.071944,1.3228623
2004-09-23,2.0720394,1.3228623
2004-09-24,2.0716574,1.3225572
2004-09-27,2.0790988,1.3271231
2004-09-28,2.0792664,1.3271675
2004-09-29,2.0633034,1.3169171
2004-09-30,2.0582569,1.3136351
2004-10-01,2.0583516,1.3136351
2004-10-04,2.0586341,1.3136351
2004-10-05,2.0587295,1.3136351
2004-10-06,2.0588242,1.3136351
2004-10-07,2.058919,1.3136351
2004-10-08,2.0590132,1.3136351
2004-10-12,2.05939,1.3136351
2004-10-13,2.0594854,1.3136351
2004-10-14,2.0595807,1.3136351
2004-10-15,2.0596772,1.3136351
2004-10-18,2.0599684,1.3136351
2004-10-19,2.0600689,1.3136351
2004-10-20,2.0601699,1.3136351
2004-10-21,2.0602709,1.3136351
2004-10-22,2.0603731,1.3136351
2004-10-25,2.0601733,1.3133124
2004-10-26,2.0588021,1.312371
2004-10-27,2.0376487,1.2988192
2004-10-28,2.0443002,1.3029921
2004-10-29,2.0517286,1.30766
2004-11-01,2.0520439,1.30766
2004-11-02,2.0521541,1.30766
2004-11-03,2.0522632,1.30766
2004-11-04,2.0523711,1.30766
2004-11-05,2.0524802,1.30766
2004-11-08,2.0528159,1.30766
2004-11-09,2.0529307,1.30766
2004-11-10,2.0530454,1.30766
2004-11-12,2.0532749,1.30766
2004-11-15,2.0536192,1.30766
2004-11-16,2.0537368,1.30766
2004-11-17,2.0538549,1.30766
2004-11-18,2.0539725,1.30766
2004-11-19,2.0540901,1.30766
2004-11-22,2.0544447,1.30766
2004-11-23,2.0540411,1.3073258
2004-11-24,2.0503497,1.3048993
2004-11-26,2.0438801,1.3006289
2004-11-29,2.0277312,1.2901215
2004-11-30,2.0272008,1.2897063
2004-12-01,2.0273224,1.2897063
2004-12-02,2.0274435,1.2897063
2004-12-03,2.0275646,1.2897063
2004-12-06,2.0279262,1.2897063
2004-12-07,2.0280496,1.2897063
2004-12-08,2.0281724,1.2897063
2004-12-09,2.0282946,1.2897063
2004-12-10,2.0284169,1.2897063
2004-12-13,2.0287853,1.2897063
2004-12-14,2.0289082,1.2897063
2004-12-15,2.0290293,1.2897063
2004-12-16,2.02915,1.2897063
2004-12-17,2.02927,1.2897063
2004-12-20,2.0296303,1.2897063
2004-12-21,2.0297521,1.2897063
2004-12-22,2.0298728,1.2897063
2004-12-23,2.0299923,1.2897063
2004-12-27,2.0299516,1.2893765
2004-12-28,2.0281624,1.288161
2004-12-29,2.0231701,1.2849119
2004-12-30,2.0345179,1.2920417
2004-12-31,2.0385964,1.2945546
2005-01-03,2.0389617,1.2945546
2005-01-04,2.0390896,1.2945546
2005-01-05,2.0392181,1.2945546
2005-01-06,2.039346,1.2945546
2005-01-07,2.0394729,1.2945546
2005-01-10,2.0398551,1.2945546
2005-01-11,2.0399853,1.2945546
2005-01-12,2.0401144,1.2945546
2005-01-13,2.0402429,1.2945546
2005-01-14,2.0403721,1.2945546
2005-01-18,2.0408908,1.2945546
2005-01-19,2.0410228,1.2945546
2005-01-20,2.0411531,1.2945546
2005-01-21,2.0412822,1.2945546
2005-01-24,2.0416698,1.2945546
2005-01-25,2.0412583,1.2942107
2005-01-26,2.0363606,1.2910218
2005-01-27,2.0328077,1.2886855
2005-01-28,2.0447639,1.2961803
2005-01-31,2.0399492,1.2928715
2005-02-01,2.0400878,1.2928715
2005-02-02,2.0402258,1.2928715
2005-02-03,2.0403639,1.2928715
2005-02-04,2.0405003,1.2928715
2005-02-07,2.0409078,1.2928715
2005-02-08,2.0410465,1.2928715
2005-02-09,2.0411852,1.2928715
2005-02-10,2.0413233,1.2928715
2005-02-11,2.0414615,1.2928715
2005-02-14,2.0418809,1.2928715
2005-02-15,2.0420236,1.2928715
2005-02-16,2.0421663,1.2928715
2005-02-17,2.0423078,1.2928715
2005-02-18,2.0424494,1.2928715
2005-02-22,2.0424448,1.2925059
2005-02-23,2.0455379,1.2943701
2005-02-24,2.0375354,1.289213
2005-02-25,2.0387823,1.2899088
2005-02-28,2.0210015,1.2783739
2005-03-01,2.0211521,1.2783739
2005-03-02,2.0213016,1.2783739
2005-03-03,2.02145,1.2783739
2005-03-04,2.0215995,1.2783739
2005-03-07,2.0220481,1.2783739
2005-03-08,2.0221983,1.2783739
2005-03-09,2.0223479,1.2783739
2005-03-10,2.0224975,1.2783739
2005-03-11,2.0226465,1.2783739
2005-03-14,2.0230954,1.2783739
2005-03-15,2.0232478,1.2783739
2005-03-16,2.0234002,1.2783739
2005-03-17,2.0235521,1.2783739
2005-03-18,2.0237035,1.2783739
2005-03-21,2.0241609,1.2783739
2005-03-22,2.0243162,1.2783739
2005-03-23,2.0244731,1.2783739
2005-03-24,2.0240563,1.2780137
2005-03-28,2.0173192,1.2733704
2005-03-29,2.0255709,1.2784817
2005-03-30,2.035138,1.2844228
2005-03-31,2.0507616,1.2941858
2005-04-01,2.050915,1.2941858
2005-04-04,2.0513769,1.2941858
2005-04-05,2.0515314,1.2941858
2005-04-06,2.0516854,1.2941858
2005-04-07,2.0518378,1.2941858
2005-04-08,2.0519901,1.2941858
2005-04-11,2.0524505,1.2941858
2005-04-12,2.0526029,1.2941858
2005-04-13,2.0527553,1.2941858
2005-04-14,2.0529083,1.2941858
2005-04-15,2.0530613,1.2941858
2005-04-18,2.053522,1.2941858
2005-04-19,2.0536823,1.2941858
2005-04-20,2.0538427,1.2941858
2005-04-21,2.0540008,1.2941858
2005-04-22,2.0541595,1.2941858
2005-04-25,2.0541318,1.293863
2005-04-26,2.0499324,1.2911158
2005-04-27,2.0580086,1.2961013
2005-04-28,2.0718787,1.304736
2005-04-29,2.0604979,1.2974683
2005-05-02,2.0609788,1.2974683
2005-05-03,2.0611415,1.2974683
2005-05-04,2.0613024,1.2974683
2005-05-05,2.0614611,1.2974683
2005-05-06,2.0616164,1.2974683
2005-05-09,2.0620909,1.2974683
2005-05-10,2.0622524,1.2974683
2005-05-11,2.0624129,1.2974683
2005-05-12,2.0625717,1.2974683
2005-05-13,2.062731,1.2974683
2005-05-16,2.063199,1.2974683
2005-05-17,2.0633595,1.2974683
2005-05-18,2.0635189,1.2974683
2005-05-19,2.0636772,1.2974683
2005-05-20,2.0638361,1.2974683
2005-05-23,2.0643161,1.2974683
2005-05-24,2.0639557,1.2971383
2005-05-25,2.0572216,1.2928037
2005-05-26,2.0557282,1.2917629
2005-05-27,2.0559973,1.29183
2005-05-31,2.0713019,1.3010358
2005-06-01,2.0714682,1.3010358
2005-06-02,2.0716334,1.3010358
2005-06-03,2.0717985,1.3010358
2005-06-06,2.0722992,1.3010358
2005-06-07,2.0724672,1.3010358
2005-06-08,2.0726353,1.3010358
2005-06-09,2.0728034,1.3010358
2005-06-10,2.0729698,1.3010358
2005-06-13,2.0734707,1.3010358
2005-06-14,2.0736394,1.3010358
2005-06-15,2.073807,1.3010358
2005-06-16,2.073974,1.3010358
2005-06-17,2.0741394,1.3010358
2005-06-20,2.0746372,1.3010358
2005-06-21,2.0748054,1.3010358
2005-06-22,2.0749737,1.3010358
2005-06-23,2.0751425,1.3010358
2005-06-24,2.0750283,1.3008572
2005-06-27,2.076917,1.3017184
2005-06-28,2.069231,1.296791
2005-06-29,2.0676694,1.2957028
2005-06-30,2.0732661,1.2991014
2005-07-01,2.0734399,1.2991014
2005-07-05,2.0741443,1.2991014
2005-07-06,2.0743233,1.2991014
2005-07-07,2.0745006,1.2991014
2005-07-08,2.0746757,1.2991014
2005-07-11,2.0752043,1.2991014
2005-07-12,2.0753822,1.2991014
2005-07-13,2.0755608,1.2991014
2005-07-14,2.0757399,1.2991014
2005-07-15,2.0759196,1.2991014
2005-07-18,2.0764622,1.2991014
2005-07-19,2.0766459,1.2991014
2005-07-20,2.0768303,1.2991014
2005-07-21,2.0770141,1.2991014
2005-07-22,2.0772002,1.2991014
2005-07-25,2.0772203,1.2987616
2005-07-26,2.0776956,1.2989389
2005-07-27,2.0717473,1.2951005
2005-07-28,2.0838566,1.3025522
2005-07-29,2.066392,1.2915168
2005-08-01,2.0669592,1.2915168
2005-08-02,2.0671524,1.2915168
2005-08-03,2.0673455,1.2915168
2005-08-04,2.0675369,1.2915168
2005-08-05,2.0677289,1.2915168
2005-08-08,2.0683136,1.2915168
2005-08-09,2.0685102,1.2915168
2005-08-10,2.0687052,1.2915168
2005-08-11,2.0688996,1.2915168
2005-08-12,2.069094,1.2915168
2005-08-15,2.069679,1.2915168
2005-08-16,2.0698758,1.2915168
2005-08-17,2.070072,1.2915168
2005-08-18,2.0702671,1.2915168
2005-08-19,2.070461,1.2915168
2005-08-22,2.0710464,1.2915168
2005-08-23,2.0712428,1.2915168
2005-08-24,2.0714391,1.2915168
2005-08-25,2.0711091,1.291189
2005-08-26,2.0650572,1.2872937
2005-08-29,2.0665503,1.2878572
2005-08-30,2.0776585,1.2946574
2005-08-31,2.1077721,1.3132994
2005-09-01,2.1079707,1.3132994
2005-09-02,2.1081671,1.3132994
2005-09-06,2.108948,1.3132994
2005-09-07,2.1091473,1.3132994
2005-09-08,2.1093444,1.3132994
2005-09-09,2.1095408,1.3132994
2005-09-12,2.1101321,1.3132994
2005-09-13,2.110331,1.3132994
2005-09-14,2.1105275,1.3132994
2005-09-15,2.1107213,1.3132994
2005-09-16,2.1109161,1.3132994
2005-09-19,2.1115095,1.3132994
2005-09-20,2.1117126,1.3132994
2005-09-21,2.1119174,1.3132994
2005-09-22,2.1121106,1.3132994
2005-09-23,2.1123068,1.3132994
2005-09-26,2.1123485,1.3129583
2005-09-27,2.1106751,1.3117937
2005-09-28,2.117279,1.3157752
2005-09-29,2.1108369,1.3116496
2005-09-30,2.1005367,1.3051248
2005-10-03,2.1011358,1.3051248
2005-10-04,2.1013396,1.3051248
2005-10-05,2.101544,1.3051248
2005-10-06,2.1017455,1.3051248
2005-10-07,2.1019482,1.3051248
2005-10-11,2.1027636,1.3051248
2005-10-12,2.1029739,1.3051248
2005-10-13,2.1031824,1.3051248
2005-10-14,2.1033933,1.3051248
2005-10-17,2.1040313,1.3051248
2005-10-18,2.1042492,1.3051248
2005-10-19,2.1044665,1.3051248
2005-10-20,2.1046839,1.3051248
2005-10-21,2.1049007,1.3051248
2005-10-24,2.1055529,1.3051248
2005-10-25,2.1051711,1.3047508
2005-10-26,2.0923186,1.2966478
2005-10-27,2.0997098,1.3010929
2005-10-28,2.0946485,1.2978216
2005-10-31,2.0967725,1.298729
2005-11-01,2.0969959,1.298729
2005-11-02,2.0972183,1.298729
2005-11-03,2.0974395,1.298729
2005-11-04,2.0976607,1.298729
2005-11-07,2.0983297,1.298729
2005-11-08,2.0985521,1.298729
2005-11-09,2.0987747,1.298729
2005-11-10,2.0989989,1.298729
2005-11-14,2.0998914,1.298729
2005-11-15,2.1001175,1.298729
2005-11-16,2.1003431,1.298729
2005-11-17,2.1005681,1.298729
2005-11-18,2.1007936,1.298729
2005-11-21,2.1014688,1.298729
2005-11-22,2.1016939,1.298729
2005-11-23,2.1013384,1.2983726
2005-11-25,2.1108884,1.3039988
2005-11-28,2.1170301,1.3073791
2005-11-29,2.1004078,1.2969746
2005-11-30,2.0961569,1.2942115
2005-12-01,2.0963786,1.2942115
2005-12-02,2.0966014,1.2942115
2005-12-05,2.0972735,1.2942115
2005-12-06,2.0975005,1.2942115
2005-12-07,2.0977275,1.2942115
2005-12-08,2.0979539,1.2942115
2005-12-09,2.0981752,1.2942115
2005-12-12,2.0988391,1.2942115
2005-12-13,2.0990594,1.2942115
2005-12-14,2.0992796,1.2942115
2005-12-15,2.0994987,1.2942115
2005-12-16,2.0997196,1.2942115
2005-12-19,2.1003823,1.2942115
2005-12-20,2.1006062,1.2942115
2005-12-21,2.1008295,1.2942115
2005-12-22,2.1010539,1.2942115
2005-12-23,2.1006816,1.2938443
2005-12-27,2.1093167,1.2986098
2005-12-28,2.1021427,1.2940543
2005-12-29,2.1028177,1.2943326
2005-12-30,2.0978638,1.2911444
2006-01-03,2.0987811,1.2911444
2006-01-04,2.0990151,1.2911444
2006-01-05,2.0992503,1.2911444
2006-01-06,2.0994861,1.2911444
2006-01-09,2.1001971,1.2911444
2006-01-10,2.1004353,1.2911444
2006-01-11,2.1006764,1.2911444
2006-01-12,2.1009181,1.2911444
2006-01-13,2.101161,1.2911444
2006-01-17,2.1021351,1.2911444
2006-01-18,2.1023816,1.2911444
2006-01-19,2.1026264,1.2911444
2006-01-20,2.1028712,1.2911444
2006-01-23,2.1036057,1.2911444
2006-01-24,2.1038524,1.2911444
2006-01-25,2.1037854,1.2909511
2006-01-26,2.1002672,1.2886394
2006-01-27,2.098979,1.2876958
2006-01-30,2.0985013,1.2869435
2006-01-31,2.0969015,1.2858079
2006-02-01,2.0971525,1.2858079
2006-02-02,2.0974036,1.2858079
2006-02-03,2.0976547,1.2858079
2006-02-06,2.0984082,1.2858079
2006-02-07,2.09866,1.2858079
2006-02-08,2.0989124,1.2858079
2006-02-09,2.0991654,1.2858079
2006-02-10,2.099419,1.2858079
2006-02-13,2.1001817,1.2858079
2006-02-14,2.1004378,1.2858079
2006-02-15,2.1006939,1.2858079
2006-02-16,2.1009494,1.2858079
2006-02-17,2.101205,1.2858079
2006-02-21,2.1022251,1.2858079
2006-02-22,2.1017765,1.2853764
2006-02-23,2.0921942,1.2793591
2006-02-24,2.0887391,1.2770893
2006-02-27,2.0836556,1.2735099
2006-02-28,2.0950153,1.2802955
2006-03-01,2.0952742,1.2802955
2006-03-02,2.0955319,1.2802955
2006-03-03,2.0957903,1.2802955
2006-03-06,2.0965654,1.2802955
2006-03-07,2.0968233,1.2802955
2006-03-08,2.0970813,1.2802955
2006-03-09,2.0973381,1.2802955
2006-03-10,2.0975955,1.2802955
2006-03-13,2.0983713,1.2802955
2006-03-14,2.09863,1.2802955
2006-03-15,2.0988876,1.2802955
2006-03-16,2.099147,1.2802955
2006-03-17,2.0994058,1.2802955
2006-03-20,2.1001857,1.2802955
2006-03-21,2.1004475,1.2802955
2006-03-22,2.1007105,1.2802955
2006-03-23,2.1009735,1.2802955
2006-03-24,2.1012354,1.2802955
2006-03-27,2.1016352,1.2800613
2006-03-28,2.0874644,1.271272
2006-03-29,2.0861443,1.2703103
2006-03-30,2.079918,1.266362
2006-03-31,2.0807545,1.2667151
2006-04-03,2.0815275,1.2667151
2006-04-04,2.0817869,1.2667151
2006-04-05,2.082047,1.2667151
2006-04-06,2.0823066,1.2667151
2006-04-07,2.0825667,1.2667151
2006-04-10,2.083349,1.2667151
2006-04-11,2.0836104,1.2667151
2006-04-12,2.0838718,1.2667151
2006-04-13,2.0841333,1.2667151
2006-04-17,2.0851794,1.2667151
2006-04-18,2.0854427,1.2667151
2006-04-19,2.0857061,1.2667151
2006-04-20,2.0859696,1.2667151
2006-04-21,2.086233,1.2667151
2006-04-24,2.0864818,1.2663842
2006-04-25,2.0702276,1.2563577
2006-04-26,2.0619076,1.2511478
2006-04-27,2.0776971,1.2605686
2006-04-28,2.0843874,1.2644668
2006-05-01,2.085184,1.2644668
2006-05-02,2.0854525,1.2644668
2006-05-03,2.0857205,1.2644668
2006-05-04,2.0859891,1.2644668
2006-05-05,2.0862565,1.2644668
2006-05-08,2.0870625,1.2644668
2006-05-09,2.0873341,1.2644668
2006-05-10,2.0876063,1.2644668
2006-05-11,2.0878785,1.2644668
2006-05-12,2.0881474,1.2644668
2006-05-15,2.0889575,1.2644668
2006-05-16,2.0892287,1.2644668
2006-05-17,2.0894983,1.2644668
2006-05-18,2.089768,1.2644668
2006-05-19,2.0900376,1.2644668
2006-05-22,2.090845,1.2644668
2006-05-23,2.0911148,1.2644668
2006-05-24,2.0907502,1.2640828
2006-05-25,2.0809136,1.2579728
2006-05-26,2.0847518,1.2601311
2006-05-30,2.077712,1.2552241
2006-05-31,2.0683086,1.2493808
2006-06-01,2.0685772,1.2493808
2006-06-02,2.0688441,1.2493808
2006-06-05,2.0696416,1.2493808
2006-06-06,2.0699098,1.2493808
2006-06-07,2.0701786,1.2493808
2006-06-08,2.0704475,1.2493808
2006-06-09,2.0707163,1.2493808
2006-06-12,2.0715248,1.2493808
2006-06-13,2.0717977,1.2493808
2006-06-14,2.0720685,1.2493808
2006-06-15,2.0723393,1.2493808
2006-06-16,2.0726073,1.2493808
2006-06-19,2.0734164,1.2493808
2006-06-20,2.0736897,1.2493808
2006-06-21,2.0739624,1.2493808
2006-06-22,2.0742346,1.2493808
2006-06-23,2.0745068,1.2493808
2006-06-26,2.0751686,1.2492824
2006-06-27,2.0776992,1.2506378
2006-06-28,2.0753065,1.2490289
2006-06-29,2.0788168,1.2509746
2006-06-30,2.0834111,1.2535721
2006-07-03,2.084245,1.2535721
2006-07-05,2.0848115,1.2535721
2006-07-06,2.0850902,1.2535721
2006-07-07,2.0853684,1.2535721
2006-07-10,2.0862065,1.2535721
2006-07-11,2.0864883,1.2535721
2006-07-12,2.0867696,1.2535721
2006-07-13,2.0870514,1.2535721
2006-07-14,2.0873328,1.2535721
2006-07-17,2.0881786,1.2535721
2006-07-18,2.0884635,1.2535721
2006-07-19,2.0887496,1.2535721
2006-07-20,2.0890345,1.2535721
2006-07-21,2.0893178,1.2535721
2006-07-24,2.0901696,1.2535721
2006-07-25,2.0901197,1.2533715
2006-07-26,2.0950106,1.2561327
2006-07-27,2.0960433,1.2565805
2006-07-28,2.1052816,1.2619477
2006-07-31,2.1071299,1.2625433
2006-08-01,2.1074169,1.2625433
2006-08-02,2.107705,1.2625433
2006-08-03,2.107992,1.2625433
2006-08-04,2.1082796,1.2625433
2006-08-07,2.1091391,1.2625433
2006-08-08,2.1094274,1.2625433
2006-08-09,2.1097146,1.2625433
2006-08-10,2.1100002,1.2625433
2006-08-11,2.1102846,1.2625433
2006-08-14,2.1111414,1.2625433
2006-08-15,2.11143,1.2625433
2006-08-16,2.1117175,1.2625433
2006-08-17,2.1120033,1.2625433
2006-08-18,2.1122903,1.2625433
2006-08-21,2.1131532,1.2625433
2006-08-22,2.1134415,1.2625433
2006-08-23,2.1137293,1.2625433
2006-08-24,2.1140165,1.2625433
2006-08-25,2.1139448,1.2623289
2006-08-28,2.1133493,1.2614566
2006-08-29,2.1147945,1.2621475
2006-08-30,2.1193849,1.2647163
2006-08-31,2.1230862,1.2667545
2006-09-01,2.1233724,1.2667545
2006-09-05,2.1245103,1.2667545
2006-09-06,2.1247937,1.2667545
2006-09-07,2.1250755,1.2667545
2006-09-08,2.1253573,1.2667545
2006-09-11,2.1261958,1.2667545
2006-09-12,2.126476,1.2667545
2006-09-13,2.1267544,1.2667545
2006-09-14,2.1270335,1.2667545
2006-09-15,2.1273144,1.2667545
2006-09-18,2.1281589,1.2667545
2006-09-19,2.12844,1.2667545
2006-09-20,2.1287211,1.2667545
2006-09-21,2.1290016,1.2667545
2006-09-22,2.129281,1.2667545
2006-09-25,2.1297196,1.2665157
2006-09-26,2.1241938,1.2630644
2006-09-27,2.1231965,1.2623067
2006-09-28,2.1202546,1.260393
2006-09-29,2.1175549,1.2586242
2006-10-02,2.1183851,1.2586242
2006-10-03,2.1186614,1.2586242
2006-10-04,2.1189388,1.2586242
2006-10-05,2.1192175,1.2586242
2006-10-06,2.1194968,1.2586242
2006-10-10,2.1206163,1.2586242
2006-10-11,2.1208993,1.2586242
2006-10-12,2.1211834,1.2586242
2006-10-13,2.1214699,1.2586242
2006-10-16,2.1223278,1.2586242
2006-10-17,2.1226162,1.2586242
2006-10-18,2.1229046,1.2586242
2006-10-19,2.1231931,1.2586242
2006-10-20,2.1234822,1.2586242
2006-10-23,2.1243479,1.2586242
2006-10-24,2.1246383,1.2586242
2006-10-25,2.1245109,1.2583763
2006-10-26,2.1350773,1.2644628
2006-10-27,2.1437559,1.2694297
2006-10-30,2.1439785,1.2690419
2006-10-31,2.1556711,1.2757901
2006-11-01,2.1559635,1.2757901
2006-11-02,2.1562553,1.2757901
2006-11-03,2.1565471,1.2757901
2006-11-06,2.1574263,1.2757901
2006-11-07,2.1577194,1.2757901
2006-11-08,2.1580121,1.2757901
2006-11-09,2.1583059,1.2757901
2006-11-10,2.1585992,1.2757901
2006-11-13,2.159481,1.2757901
2006-11-14,2.1597744,1.2757901
2006-11-15,2.1600679,1.2757901
2006-11-16,2.1603614,1.2757901
2006-11-17,2.160655,1.2757901
2006-11-20,2.1615359,1.2757901
2006-11-21,2.161829,1.2757901
2006-11-22,2.1621216,1.2757901
2006-11-24,2.1623481,1.2755798
2006-11-27,2.1647744,1.2764964
2006-11-28,2.1699203,1.2793586
2006-11-29,2.1683337,1.2782511
2006-11-30,2.1769843,1.2831788
2006-12-01,2.1772766,1.2831788
2006-12-04,2.1781535,1.2831788
2006-12-05,2.1784447,1.2831788
2006-12-06,2.1787347,1.2831788
2006-12-07,2.1790248,1.2831788
2006-12-08,2.1793144,1.2831788
2006-12-11,2.1801813,1.2831788
2006-12-12,2.1804686,1.2831788
2006-12-13,2.180756,1.2831788
2006-12-14,2.1810439,1.2831788
2006-12-15,2.1813326,1.2831788
2006-12-18,2.1821914,1.2831788
2006-12-19,2.1824807,1.2831788
2006-12-20,2.1827701,1.2831788
2006-12-21,2.1830596,1.2831788
2006-12-22,2.1829973,1.282972
2006-12-26,2.1860943,1.2841089
2006-12-27,2.1786194,1.2795468
2006-12-28,2.1725858,1.2758331
2006-12-29,2.1711952,1.2748463
2007-01-02,2.1723587,1.2748463
2007-01-03,2.1726527,1.2748463
2007-01-04,2.1729456,1.2748463
2007-01-05,2.1732379,1.2748463
2007-01-08,2.1741167,1.2748463
2007-01-09,2.1744115,1.2748463
2007-01-10,2.1747064,1.2748463
2007-01-11,2.175002,1.2748463
2007-01-12,2.1752987,1.2748463
2007-01-16,2.1764811,1.2748463
2007-01-17,2.1767781,1.2748463
2007-01-18,2.1770757,1.2748463
2007-01-19,2.1773733,1.2748463
2007-01-22,2.1782699,1.2748463
2007-01-23,2.1785683,1.2748463
2007-01-24,2.1788673,1.2748463
2007-01-25,2.1789921,1.2747446
2007-01-26,2.1780216,1.2740019
2007-01-29,2.1777624,1.2733267
2007-01-30,2.1798795,1.2743898
2007-01-31,2.1827762,1.2759087
2007-02-01,2.1830746,1.2759087
2007-02-02,2.1833736,1.2759087
2007-02-05,2.1842727,1.2759087
2007-02-06,2.1845731,1.2759087
2007-02-07,2.184873,1.2759087
2007-02-08,2.1851734,1.2759087
2007-02-09,2.1854746,1.2759087
2007-02-12,2.1863763,1.2759087
2007-02-13,2.1866782,1.2759087
2007-02-14,2.1869796,1.2759087
2007-02-15,2.1872803,1.2759087
2007-02-16,2.1875818,1.2759087
2007-02-20,2.18879,1.2759087
2007-02-21,2.1890929,1.2759087
2007-02-22,2.1890123,1.2756855
2007-02-23,2.1964242,1.2798284
2007-02-26,2.205557,1.2846188
2007-02-27,2.2260316,1.2963664
2007-02-28,2.2166449,1.2907227
2007-03-01,2.2169492,1.2907227
2007-03-02,2.2172529,1.2907227
2007-03-05,2.2181604,1.2907227
2007-03-06,2.2184625,1.2907227
2007-03-07,2.2187657,1.2907227
2007-03-08,2.2190679,1.2907227
2007-03-09,2.2193688,1.2907227
2007-03-12,2.2202736,1.2907227
2007-03-13,2.2205753,1.2907227
2007-03-14,2.2208758,1.2907227
2007-03-15,2.2211752,1.2907227
2007-03-16,2.221474,1.2907227
2007-03-19,2.2223687,1.2907227
2007-03-20,2.2226688,1.2907227
2007-03-21,2.2229684,1.2907227
2007-03-22,2.2232675,1.2907227
2007-03-23,2.2235672,1.2907227
2007-03-26,2.2241194,1.2905192
2007-03-27,2.2215851,1.2888744
2007-03-28,2.2221118,1.2890059
2007-03-29,2.2187932,1.286907
2007-03-30,2.2173693,1.2859081
2007-04-02,2.2182623,1.2859081
2007-04-03,2.2185608,1.2859081
2007-04-04,2.2188592,1.2859081
2007-04-05,2.2191583,1.2859081
2007-04-06,2.2194562,1.2859081
2007-04-09,2.2203519,1.2859081
2007-04-10,2.2206494,1.2859081
2007-04-11,2.2209469,1.2859081
2007-04-12,2.221245,1.2859081
2007-04-13,2.2215426,1.2859081
2007-04-16,2.2224336,1.2859081
2007-04-17,2.2227308,1.2859081
2007-04-18,2.2230274,1.2859081
2007-04-19,2.2233233,1.2859081
2007-04-20,2.2236188,1.2859081
2007-04-23,2.2245052,1.2859081
2007-04-24,2.2244278,1.2856925
2007-04-25,2.218472,1.2820796
2007-04-26,2.2127951,1.2786292
2007-04-27,2.2130585,1.2786125
2007-04-30,2.2250789,1.2850519
2007-05-01,2.2253709,1.2850519
2007-05-02,2.2256611,1.2850519
2007-05-03,2.2259519,1.2850519
2007-05-04,2.2262422,1.2850519
2007-05-07,2.2271132,1.2850519
2007-05-08,2.2274042,1.2850519
2007-05-09,2.2276947,1.2850519
2007-05-10,2.227984,1.2850519
2007-05-11,2.2282727,1.2850519
2007-05-14,2.229139,1.2850519
2007-05-15,2.2294279,1.2850519
2007-05-16,2.229715,1.2850519
2007-05-17,2.2299972,1.2850519
2007-05-18,2.2302831,1.2850519
2007-05-21,2.2311447,1.2850519
2007-05-22,2.2314357,1.2850519
2007-05-23,2.2317285,1.2850519
2007-05-24,2.2315757,1.284796
2007-05-25,2.2310289,1.2843133
2007-05-29,2.2301038,1.2831122
2007-05-30,2.2299521,1.2828576
2007-05-31,2.2270026,1.2809953
2007-06-01,2.2272833,1.2809953
2007-06-04,2.2281364,1.2809953
2007-06-05,2.2284221,1.2809953
2007-06-06,2.228709,1.2809953
2007-06-07,2.2289942,1.2809953
2007-06-08,2.2292794,1.2809953
2007-06-11,2.2301295,1.2809953
2007-06-12,2.2304106,1.2809953
2007-06-13,2.2306911,1.2809953
2007-06-14,2.2309679,1.2809953
2007-06-15,2.2312442,1.2809953
2007-06-18,2.2320566,1.2809953
2007-06-19,2.2323324,1.2809953
2007-06-20,2.2326089,1.2809953
2007-06-21,2.2328908,1.2809953
2007-06-22,2.2331704,1.2809953
2007-06-25,2.233833,1.2808921
2007-06-26,2.2330117,1.2802566
2007-06-27,2.2342933,1.2808269
2007-06-28,2.2317028,1.279179
2007-06-29,2.238633,1.2829887
2007-07-02,2.2394941,1.2829887
2007-07-03,2.2397892,1.2829887
2007-07-05,2.2403795,1.2829887
2007-07-06,2.2406748,1.2829887
2007-07-09,2.2415606,1.2829887
2007-07-10,2.2418572,1.2829887
2007-07-11,2.2421527,1.2829887
2007-07-12,2.2424481,1.2829887
2007-07-13,2.2427449,1.2829887
2007-07-16,2.2436352,1.2829887
2007-07-17,2.2439327,1.2829887
2007-07-18,2.244229,1.2829887
2007-07-19,2.2445254,1.2829887
2007-07-20,2.244823,1.2829887
2007-07-23,2.2457142,1.2829887
2007-07-24,2.2460144,1.2829887
2007-07-25,2.24603,1.282826
2007-07-26,2.2678557,1.2951213
2007-07-27,2.2691002,1.2956624
2007-07-30,2.2655074,1.2931083
2007-07-31,2.2699253,1.2954592
2007-08-01,2.2702251,1.2954592
2007-08-02,2.2705205,1.2954592
2007-08-03,2.270816,1.2954592
2007-08-06,2.271697,1.2954592
2007-08-07,2.271992,1.2954592
2007-08-08,2.2722908,1.2954592
2007-08-09,2.2725902,1.2954592
2007-08-10,2.272881,1.2954592
2007-08-13,2.2737104,1.2954592
2007-08-14,2.2739976,1.2954592
2007-08-15,2.2742786,1.2954592
2007-08-16,2.274534,1.2954592
2007-08-17,2.274764,1.2954592
2007-08-20,2.2754464,1.2954592
2007-08-21,2.2756384,1.2954592
2007-08-22,2.2758573,1.2954592
2007-08-23,2.2760805,1.2954592
2007-08-24,2.2763168,1.2954592
2007-08-27,2.2768321,1.2953127
2007-08-28,2.2829156,1.298614
2007-08-29,2.2795378,1.2965403
2007-08-30,2.2864536,1.300336
2007-08-31,2.2846353,1.2991687
2007-09-04,2.2856143,1.2991687
2007-09-05,2.2858867,1.2991687
2007-09-06,2.2861522,1.2991687
2007-09-07,2.286414,1.2991687
2007-09-10,2.2871582,1.2991687
2007-09-11,2.2874001,1.2991687
2007-09-12,2.2876507,1.2991687
2007-09-13,2.287897,1.2991687
2007-09-14,2.2881459,1.2991687
2007-09-17,2.2888794,1.2991687
2007-09-18,2.2891333,1.2991687
2007-09-19,2.2893785,1.2991687
2007-09-20,2.2896188,1.2991687
2007-09-21,2.2898502,1.2991687
2007-09-24,2.290287,1.2990278
2007-09-25,2.2929336,1.3003951
2007-09-26,2.2927279,1.3001466
2007-09-27,2.297968,1.3029885
2007-09-28,2.2969788,1.3022984
2007-10-01,2.2976811,1.3022984
2007-10-02,2.2979222,1.3022984
2007-10-03,2.2981652,1.3022984
2007-10-04,2.2984083,1.3022984
2007-10-05,2.2986507,1.3022984
2007-10-09,2.2996306,1.3022984
2007-10-10,2.2998801,1.3022984
2007-10-11,2.300129,1.3022984
2007-10-12,2.3003817,1.3022984
2007-10-15,2.301155,1.3022984
2007-10-16,2.3014192,1.3022984
2007-10-17,2.3016802,1.3022984
2007-10-18,2.3019268,1.3022984
2007-10-19,2.3021576,1.3022984
2007-10-22,2.3028672,1.3022984
2007-10-23,2.3031132,1.3022984
2007-10-24,2.303358,1.3022984
2007-10-25,2.3034558,1.3022198
2007-10-26,2.3020305,1.3012771
2007-10-29,2.3029031,1.3013574
2007-10-30,2.3020803,1.3007531
2007-10-31,2.2968956,1.297686
2007-11-01,2.2971373,1.297686
2007-11-02,2.2973708,1.297686
2007-11-05,2.2980354,1.297686
2007-11-06,2.2982633,1.297686
2007-11-07,2.2984938,1.297686
2007-11-08,2.2987079,1.297686
2007-11-09,2.2989157,1.297686
2007-11-13,2.2997194,1.297686
2007-11-14,2.2999343,1.297686
2007-11-15,2.3001441,1.297686
2007-11-16,2.300347,1.297686
2007-11-19,2.3009747,1.297686
2007-11-20,2.301184,1.297686
2007-11-21,2.3013839,1.297686
2007-11-23,2.3017647,1.297686
2007-11-26,2.3020966,1.2975371
2007-11-27,2.2897278,1.2904569
2007-11-28,2.2818348,1.2858996
2007-11-29,2.2899927,1.2903919
2007-11-30,2.2869119,1.2885527
2007-12-03,2.2874908,1.2885527
2007-12-04,2.2876782,1.2885527
2007-12-05,2.2878662,1.2885527
2007-12-06,2.2880543,1.2885527
2007-12-07,2.2882436,1.2885527
2007-12-10,2.2888153,1.2885527
2007-12-11,2.2890022,1.2885527
2007-12-12,2.2891822,1.2885527
2007-12-13,2.2893584,1.2885527
2007-12-14,2.2895341,1.2885527
2007-12-17,2.2900628,1.2885527
2007-12-18,2.2902517,1.2885527
2007-12-19,2.2904387,1.2885527
2007-12-20,2.2906175,1.2885527
2007-12-21,2.2907964,1.2885527
2007-12-24,2.2911375,1.2884353
2007-12-26,2.2857642,1.2851835
2007-12-27,2.2930304,1.2891548
2007-12-28,2.3024839,1.2943605
2007-12-31,2.3088362,1.2976017
2008-01-02,2.3092524,1.2976017
2008-01-03,2.3094536,1.2976017
2008-01-04,2.3096535,1.2976017
2008-01-07,2.3102458,1.2976017
2008-01-08,2.3104477,1.2976017
2008-01-09,2.3106484,1.2976017
2008-01-10,2.3108472,1.2976017
2008-01-11,2.3110472,1.2976017
2008-01-14,2.3116209,1.2976017
2008-01-15,2.3118178,1.2976017
2008-01-16,2.3120135,1.2976017
2008-01-17,2.3122074,1.2976017
2008-01-18,2.3123974,1.2976017
2008-01-22,2.3131044,1.2976017
2008-01-23,2.3132502,1.2976017
2008-01-24,2.3133871,1.2976017
2008-01-25,2.3134413,1.2975497
2008-01-28,2.3143807,1.2978366
2008-01-29,2.3118269,1.2963231
2008-01-30,2.3091275,1.2947302
2008-01-31,2.3142878,1.297547
2008-02-01,2.3144096,1.297547
2008-02-04,2.3148014,1.297547
2008-02-05,2.3149422,1.297547
2008-02-06,2.3150779,1.297547
2008-02-07,2.315208,1.297547
2008-02-08,2.3153424,1.297547
2008-02-11,2.3157573,1.297547
2008-02-12,2.3159,1.297547
2008-02-13,2.3160428,1.297547
2008-02-14,2.3161837,1.297547
2008-02-15,2.3163271,1.297547
2008-02-19,2.3168754,1.297547
2008-02-20,2.3170169,1.297547
2008-02-21,2.3171566,1.297547
2008-02-22,2.3172931,1.297547
2008-02-25,2.3175313,1.2974511
2008-02-26,2.3196904,1.2985834
2008-02-27,2.3213486,1.2994373
2008-02-28,2.3303407,1.3044018
2008-02-29,2.3425842,1.3111886
2008-03-03,2.3429327,1.3111886
2008-03-04,2.3430399,1.3111886
2008-03-05,2.3431445,1.3111886
2008-03-06,2.3432408,1.3111886
2008-03-07,2.3433288,1.3111886
2008-03-10,2.3436023,1.3111886
2008-03-11,2.3436877,1.3111886
2008-03-12,2.3437808,1.3111886
2008-03-13,2.3438739,1.3111886
2008-03-14,2.3439593,1.3111886
2008-03-17,2.3441828,1.3111886
2008-03-18,2.3442528,1.3111886
2008-03-19,2.3443112,1.3111886
2008-03-20,2.3443498,1.3111886
2008-03-24,2.3445091,1.3111886
2008-03-25,2.3444305,1.3111005
2008-03-26,2.3468463,1.3124059
2008-03-27,2.3438063,1.3106602
2008-03-28,2.3496333,1.3138727
2008-03-31,2.3521838,1.3151574
2008-04-01,2.3522714,1.3151574
2008-04-02,2.3523603,1.3151574
2008-04-03,2.3524499,1.3151574
2008-04-04,2.3525389,1.3151574
2008-04-07,2.352796,1.3151574
2008-04-08,2.3528882,1.3151574
2008-04-09,2.3529778,1.3151574
2008-04-10,2.353061,1.3151574
2008-04-11,2.3531415,1.3151574
2008-04-14,2.3533678,1.3151574
2008-04-15,2.3534368,1.3151574
2008-04-16,2.3535071,1.3151574
2008-04-17,2.3535787,1.3151574
2008-04-18,2.3536567,1.3151574
2008-04-21,2.3539121,1.3151574
2008-04-22,2.3539978,1.3151574
2008-04-23,2.3540791,1.3151574
2008-04-24,2.3540766,1.3151113
2008-04-25,2.352668,1.3142798
2008-04-28,2.3551315,1.3155144
2008-04-29,2.3561308,1.3160214
2008-04-30,2.3587043,1.3174069
2008-05-01,2.3587954,1.3174069
2008-05-02,2.3588872,1.3174069
2008-05-05,2.3591722,1.3174069
2008-05-06,2.3592698,1.3174069
2008-05-07,2.3593732,1.3174069
2008-05-08,2.3594792,1.3174069
2008-05-09,2.3595846,1.3174069
2008-05-12,2.3599065,1.3174069
2008-05-13,2.360019,1.3174069
2008-05-14,2.3601354,1.3174069
2008-05-15,2.3602511,1.3174069
2008-05-16,2.3603675,1.3174069
2008-05-19,2.3607187,1.3174069
2008-05-20,2.3608344,1.3174069
2008-05-21,2.3609528,1.3174069
2008-05-22,2.3610712,1.3174069
2008-05-23,2.3610093,1.3173064
2008-05-27,2.3554852,1.3139615
2008-05-28,2.3491628,1.3103677
2008-05-29,2.3457927,1.3084211
2008-05-30,2.3471329,1.3091016
2008-06-02,2.3474898,1.3091016
2008-06-03,2.3476069,1.3091016
2008-06-04,2.3477239,1.3091016
2008-06-05,2.3478404,1.3091016
2008-06-06,2.3479574,1.3091016
2008-06-09,2.3483067,1.3091016
2008-06-10,2.3484264,1.3091016
2008-06-11,2.3485538,1.3091016
2008-06-12,2.3486773,1.3091016
2008-06-13,2.3488035,1.3091016
2008-06-16,2.3491799,1.3091016
2008-06-17,2.3493112,1.3091016
2008-06-18,2.3494374,1.3091016
2008-06-19,2.349559,1.3091016
2008-06-20,2.3496794,1.3091016
2008-06-23,2.3500328,1.3091016
2008-06-24,2.3500399,1.3090392
2008-06-25,2.3495806,1.3087188
2008-06-26,2.3533552,1.3107574
2008-06-27,2.3569118,1.3126773
2008-06-30,2.3577329,1.3129577
2008-07-01,2.3578536,1.3129577
2008-07-02,2.3579725,1.3129577
2008-07-03,2.3580881,1.3129577
2008-07-07,2.3585559,1.3129577
2008-07-08,2.3586748,1.3129577
2008-07-09,2.358793,1.3129577
2008-07-10,2.3589087,1.3129577
2008-07-11,2.3590147,1.3129577
2008-07-14,2.3593211,1.3129577
2008-07-15,2.359418,1.3129577
2008-07-16,2.3595066,1.3129577
2008-07-17,2.3595938,1.3129577
2008-07-18,2.3596844,1.3129577
2008-07-21,2.3599656,1.3129577
2008-07-22,2.36006,1.3129577
2008-07-23,2.3601583,1.3129577
2008-07-24,2.3602591,1.3129577
2008-07-25,2.3601435,1.3128351
2008-07-28,2.3704658,1.3183923
2008-07-29,2.3660606,1.3158809
2008-07-30,2.3685652,1.3172129
2008-07-31,2.3784922,1.3226733
2008-08-01,2.3785998,1.3226733
2008-08-04,2.3789184,1.3226733
2008-08-05,2.3790305,1.3226733
2008-08-06,2.3791426,1.3226733
2008-08-07,2.3792476,1.3226733
2008-08-08,2.3793538,1.3226733
2008-08-11,2.3796804,1.3226733
2008-08-12,2.3798004,1.3226733
2008-08-13,2.3799197,1.3226733
2008-08-14,2.3800384,1.3226733
2008-08-15,2.380159,1.3226733
2008-08-18,2.3805131,1.3226733
2008-08-19,2.3806298,1.3226733
2008-08-20,2.3807453,1.3226733
2008-08-21,2.3808549,1.3226733
2008-08-22,2.3809651,1.3226733
2008-08-25,2.3810571,1.3225428
2008-08-26,2.3806934,1.3222789
2008-08-27,2.3832154,1.3236188
2008-08-28,2.3811205,1.3223958
2008-08-29,2.3775594,1.3203561
2008-09-02,2.3779998,1.3203561
2008-09-03,2.3781099,1.3203561
2008-09-04,2.3782187,1.3203561
2008-09-05,2.3783268,1.3203561
2008-09-08,2.3786494,1.3203561
2008-09-09,2.3787595,1.3203561
2008-09-10,2.3788657,1.3203561
2008-09-11,2.3789713,1.3203561
2008-09-12,2.3790743,1.3203561
2008-09-15,2.3793598,1.3203561
2008-09-16,2.3794269,1.3203561
2008-09-17,2.3794817,1.3203561
2008-09-18,2.3794837,1.3203561
2008-09-19,2.3794986,1.3203561
2008-09-22,2.3796884,1.3203561
2008-09-23,2.3797725,1.3203561
2008-09-24,2.3796262,1.3202457
2008-09-25,2.3693258,1.3145128
2008-09-26,2.3723653,1.3161721
2008-09-29,2.3973622,1.3299472
2008-09-30,2.3761377,1.3181378
2008-10-01,2.3761963,1.3181378
2008-10-02,2.3762509,1.3181378
2008-10-03,2.3762913,1.3181378
2008-10-06,2.376389,1.3181378
2008-10-07,2.3764241,1.3181378
2008-10-08,2.3764769,1.3181378
2008-10-09,2.3765205,1.3181378
2008-10-10,2.3765582,1.3181378
2008-10-14,2.3766207,1.3181378
2008-10-15,2.3766429,1.3181378
2008-10-16,2.3766572,1.3181378
2008-10-17,2.3766865,1.3181378
2008-10-20,2.3768428,1.3181378
2008-10-21,2.3769235,1.3181378
2008-10-22,2.3769945,1.3181378
2008-10-23,2.3770616,1.3181378
2008-10-24,2.3771241,1.3181378
2008-10-27,2.3772166,1.3180959
2008-10-28,2.3748574,1.3167575
2008-10-29,2.3743052,1.3164239
2008-10-30,2.3722808,1.3152795
2008-10-31,2.3733889,1.3158795
2008-11-03,2.3734747,1.3158795
2008-11-04,2.3735066,1.3158795
2008-11-05,2.3735378,1.3158795
2008-11-06,2.3735632,1.3158795
2008-11-07,2.3735833,1.3158795
2008-11-10,2.3736419,1.3158795
2008-11-12,2.3736796,1.3158795
2008-11-13,2.3736913,1.3158795
2008-11-14,2.3737049,1.3158795
2008-11-17,2.3737323,1.3158795
2008-11-18,2.3737401,1.3158795
2008-11-19,2.3737479,1.3158795
2008-11-20,2.3737524,1.3158795
2008-11-21,2.3736196,1.3158047
2008-11-24,2.3660249,1.3115925
2008-11-25,2.3760163,1.3171265
2008-11-26,2.3809075,1.3198343
2008-11-28,2.3852279,1.3222257
2008-12-01,2.3852299,1.3222257
2008-12-02,2.3852345,1.3222257
2008-12-03,2.3852384,1.3222257
2008-12-04,2.3852397,1.3222257
2008-12-05,2.385241,1.3222257
2008-12-08,2.3852449,1.3222257
2008-12-09,2.3852469,1.3222257
2008-12-10,2.3852488,1.3222257
2008-12-11,2.3852488,1.3222257
2008-12-12,2.3852495,1.3222257
2008-12-15,2.3852534,1.3222257
2008-12-16,2.385256,1.3222257
2008-12-17,2.3852587,1.3222257
2008-12-18,2.3852619,1.3222257
2008-12-19,2.3852619,1.3222257
2008-12-22,2.3852658,1.3222257
2008-12-23,2.3852665,1.3222257
2008-12-24,2.3851369,1.3221531
2008-12-26,2.3865763,1.322951
2008-12-29,2.3903425,1.3250355
2008-12-30,2.3912115,1.325515
2008-12-31,2.3872504,1.3233156
2009-01-02,2.3872648,1.3233156
2009-01-05,2.3872805,1.3233156
2009-01-06,2.3872897,1.3233156
2009-01-07,2.3872988,1.3233156
2009-01-08,2.387306,1.3233156
2009-01-09,2.3873119,1.3233156
2009-01-12,2.3873257,1.3233156
2009-01-13,2.3873335,1.3233156
2009-01-14,2.3873407,1.3233156
2009-01-15,2.3873486,1.3233156
2009-01-16,2.3873557,1.3233156
2009-01-20,2.3873871,1.3233156
2009-01-21,2.3873956,1.3233156
2009-01-22,2.3874028,1.3233156
2009-01-23,2.3874094,1.3233156
2009-01-26,2.3873576,1.323275
2009-01-27,2.3887209,1.3240252
2009-01-28,2.3866126,1.3228519
2009-01-29,2.3832184,1.3209637
2009-01-30,2.383454,1.3210859
2009-02-02,2.383501,1.3210859
2009-02-03,2.3835186,1.3210859
2009-02-04,2.3835395,1.3210859
2009-02-05,2.3835591,1.3210859
2009-02-06,2.3835781,1.3210859
2009-02-09,2.3836329,1.3210859
2009-02-10,2.3836538,1.3210859
2009-02-11,2.3836741,1.3210859
2009-02-12,2.3836937,1.3210859
2009-02-13,2.3837126,1.3210859
2009-02-17,2.3837883,1.3210859
2009-02-18,2.3838092,1.3210859
2009-02-19,2.3838295,1.3210859
2009-02-20,2.3838491,1.3210859
2009-02-23,2.3837611,1.3210079
2009-02-24,2.3833781,1.3207848
2009-02-25,2.3764054,1.3169092
2009-02-26,2.3743996,1.3157868
2009-02-27,2.373417,1.3152325
2009-03-02,2.3734677,1.3152325
2009-03-03,2.3734859,1.3152325
2009-03-04,2.3735035,1.3152325
2009-03-05,2.3735204,1.3152325
2009-03-06,2.3735334,1.3152325
2009-03-09,2.3735724,1.3152325
2009-03-10,2.3735874,1.3152325
2009-03-11,2.373603,1.3152325
2009-03-12,2.3736179,1.3152325
2009-03-13,2.3736316,1.3152325
2009-03-16,2.3736687,1.3152325
2009-03-17,2.3736843,1.3152325
2009-03-18,2.3736999,1.3152325
2009-03-19,2.3737135,1.3152325
2009-03-20,2.3737265,1.3152325
2009-03-23,2.3737675,1.3152325
2009-03-24,2.3737818,1.3152325
2009-03-25,2.3736649,1.3151602
2009-03-26,2.3767173,1.3168446
2009-03-27,2.3768079,1.3168893
2009-03-30,2.3792733,1.3182413
2009-03-31,2.3806666,1.3190067
2009-04-01,2.3806803,1.3190067
2009-04-02,2.3806946,1.3190067
2009-04-03,2.380709,1.3190067
2009-04-06,2.3807501,1.3190067
2009-04-07,2.3807631,1.3190067
2009-04-08,2.3807762,1.3190067
2009-04-09,2.3807879,1.3190067
2009-04-13,2.3808349,1.3190067
2009-04-14,2.3808466,1.3190067
2009-04-15,2.3808577,1.3190067
2009-04-16,2.3808675,1.3190067
2009-04-17,2.380876,1.3190067
2009-04-20,2.3809034,1.3190067
2009-04-21,2.3809125,1.3190067
2009-04-22,2.3809223,1.3190067
2009-04-23,2.3809314,1.3190067
2009-04-24,2.3808708,1.3189695
2009-04-27,2.3831912,1.3202441
2009-04-28,2.3808744,1.318956
2009-04-29,2.3795721,1.3182298
2009-04-30,2.37894,1.3178757
2009-05-01,2.3789491,1.3178757
2009-05-04,2.3789785,1.3178757
2009-05-05,2.3789908,1.3178757
2009-05-06,2.3790032,1.3178757
2009-05-07,2.3790156,1.3178757
2009-05-08,2.3790273,1.3178757
2009-05-11,2.3790625,1.3178757
2009-05-12,2.3790749,1.3178757
2009-05-13,2.3790873,1.3178757
2009-05-14,2.3790984,1.3178757
2009-05-15,2.3791088,1.3178757
2009-05-18,2.3791421,1.3178757
2009-05-19,2.3791544,1.3178757
2009-05-20,2.3791662,1.3178757
2009-05-21,2.3791779,1.3178757
2009-05-22,2.3790382,1.3177914
2009-05-26,2.375936,1.3160471
2009-05-27,2.3666055,1.3108723
2009-05-28,2.3688616,1.3121159
2009-05-29,2.3796869,1.3181067
2009-06-01,2.3797143,1.3181067
2009-06-02,2.3797227,1.3181067
2009-06-03,2.3797319,1.3181067
2009-06-04,2.379741,1.3181067
2009-06-05,2.3797501,1.3181067
2009-06-08,2.3797873,1.3181067
2009-06-09,2.3797997,1.3181067
2009-06-10,2.3798121,1.3181067
2009-06-11,2.3798238,1.3181067
2009-06-12,2.3798362,1.3181067
2009-06-15,2.3798714,1.3181067
2009-06-16,2.3798825,1.3181067
2009-06-17,2.3798936,1.3181067
2009-06-18,2.3799047,1.3181067
2009-06-19,2.3799164,1.3181067
2009-06-22,2.3799516,1.3181067
2009-06-23,2.3799646,1.3181067
2009-06-24,2.3798131,1.3180155
2009-06-25,2.3891719,1.3231918
2009-06-26,2.3911686,1.3242911
2009-06-29,2.3915106,1.3244599
2009-06-30,2.3904529,1.3238669
2009-07-01,2.3904653,1.3238669
2009-07-02,2.3904765,1.3238669
2009-07-06,2.390521,1.3238669
2009-07-07,2.3905334,1.3238669
2009-07-08,2.3905459,1.3238669
2009-07-09,2.3905577,1.3238669
2009-07-10,2.3905701,1.3238669
2009-07-13,2.3906055,1.3238669
2009-07-14,2.3906173,1.3238669
2009-07-15,2.3906291,1.3238669
2009-07-16,2.3906409,1.3238669
2009-07-17,2.3906533,1.3238669
2009-07-20,2.3906867,1.3238669
2009-07-21,2.3906991,1.3238669
2009-07-22,2.3907116,1.3238669
2009-07-23,2.390724,1.3238669
2009-07-24,2.3907365,1.3238669
2009-07-27,2.3906157,1.3237804
2009-07-28,2.3921961,1.3246486
2009-07-29,2.3936658,1.3254556
2009-07-30,2.3951542,1.3262728
2009-07-31,2.4031963,1.3307194
2009-08-03,2.4032318,1.3307194
2009-08-04,2.4032443,1.3307194
2009-08-05,2.4032562,1.3307194
2009-08-06,2.403268,1.3307194
2009-08-07,2.4032792,1.3307194
2009-08-10,2.4033148,1.3307194
2009-08-11,2.4033273,1.3307194
2009-08-12,2.4033391,1.3307194
2009-08-13,2.4033503,1.3307194
2009-08-14,2.4033615,1.3307194
2009-08-17,2.4033971,1.3307194
2009-08-18,2.4034089,1.3307194
2009-08-19,2.4034208,1.3307194
2009-08-20,2.403432,1.3307194
2009-08-21,2.4034432,1.3307194
2009-08-24,2.4034768,1.3307194
2009-08-25,2.4033271,1.3306304
2009-08-26,2.40413,1.3310687
2009-08-27,2.402616,1.330225
2009-08-28,2.4036927,1.3308157
2009-08-31,2.4067975,1.3325182
2009-09-01,2.4068073,1.3325182
2009-09-02,2.4068166,1.3325182
2009-09-03,2.4068258,1.3325182
2009-09-04,2.4068357,1.3325182
2009-09-08,2.4068726,1.3325182
2009-09-09,2.4068819,1.3325182
2009-09-10,2.4068911,1.3325182
2009-09-11,2.4069003,1.3325182
2009-09-14,2.406928,1.3325182
2009-09-15,2.4069372,1.3325182
2009-09-16,2.4069458,1.3325182
2009-09-17,2.4069524,1.3325182
2009-09-18,2.406959,1.3325182
2009-09-21,2.4069748,1.3325182
2009-09-22,2.4069821,1.3325182
2009-09-23,2.4069893,1.3325182
2009-09-24,2.4067984,1.3324085
2009-09-25,2.4103936,1.3343952
2009-09-28,2.4131872,1.3359308
2009-09-29,2.413189,1.3359277
2009-09-30,2.4137319,1.3362235
2009-10-01,2.4137412,1.3362235
2009-10-02,2.4137478,1.3362235
2009-10-05,2.4137676,1.3362235
2009-10-06,2.4137729,1.3362235
2009-10-07,2.4137782,1.3362235
2009-10-08,2.4137842,1.3362235
2009-10-09,2.4137881,1.3362235
2009-10-13,2.4138066,1.3362235
2009-10-14,2.4138113,1.3362235
2009-10-15,2.4138159,1.3362235
2009-10-16,2.4138205,1.3362235
2009-10-19,2.4138344,1.3362235
2009-10-20,2.4138397,1.3362235
2009-10-21,2.413845,1.3362235
2009-10-22,2.4138496,1.3362235
2009-10-23,2.4138536,1.3362235
2009-10-26,2.4136469,1.3361014
2009-10-27,2.4217754,1.3405981
2009-10-28,2.4259827,1.3429242
2009-10-29,2.41874,1.3389123
2009-10-30,2.4287478,1.34445
2009-11-02,2.4287578,1.34445
2009-11-03,2.4287618,1.34445
2009-11-04,2.4287658,1.34445
2009-11-05,2.4287691,1.34445
2009-11-06,2.4287717,1.34445
2009-11-09,2.4287837,1.34445
2009-11-10,2.4287884,1.34445
2009-11-12,2.4287977,1.34445
2009-11-13,2.4288023,1.34445
2009-11-16,2.4288143,1.34445
2009-11-17,2.428819,1.34445
2009-11-18,2.428823,1.34445
2009-11-19,2.4288256,1.34445
2009-11-20,2.428827,1.34445
2009-11-23,2.4285743,1.3443079
2009-11-24,2.4333732,1.3469624
2009-11-25,2.4364228,1.3486487
2009-11-27,2.4420511,1.3517604
2009-11-30,2.4425304,1.3520224
2009-12-01,2.4425344,1.3520224
2009-12-02,2.4425384,1.3520224
2009-12-03,2.4425418,1.3520224
2009-12-04,2.4425458,1.3520224
2009-12-07,2.4425578,1.3520224
2009-12-08,2.4425605,1.3520224
2009-12-09,2.4425625,1.3520224
2009-12-10,2.4425645,1.3520224
2009-12-11,2.4425659,1.3520224
2009-12-14,2.4425719,1.3520224
2009-12-15,2.4425746,1.3520224
2009-12-16,2.4425779,1.3520224
2009-12-17,2.4425806,1.3520224
2009-12-18,2.4425833,1.3520224
2009-12-21,2.4425933,1.3520224
2009-12-22,2.4425986,1.3520224
2009-12-23,2.442604,1.3520224
2009-12-24,2.442356,1.3518826
2009-12-28,2.4392135,1.3501357
2009-12-29,2.4422693,1.3518231
2009-12-30,2.4444536,1.3530284
2009-12-31,2.4397139,1.3504031
2010-01-04,2.43973,1.3504031
2010-01-05,2.4397353,1.3504031
2010-01-06,2.43974,1.3504031
2010-01-07,2.439744,1.3504031
2010-01-08,2.4397473,1.3504031
2010-01-11,2.4397574,1.3504031
2010-01-12,2.43976,1.3504031
2010-01-13,2.4397634,1.3504031
2010-01-14,2.4397674,1.3504031
2010-01-15,2.4397707,1.3504031
2010-01-19,2.4397868,1.3504031
2010-01-20,2.4397908,1.3504031
2010-01-21,2.4397941,1.3504031
2010-01-22,2.4397981,1.3504031
2010-01-25,2.4396776,1.3503297
2010-01-26,2.4398762,1.3504374
2010-01-27,2.439455,1.3502017
2010-01-28,2.4388902,1.3498861
2010-01-29,2.4415854,1.3513749
2010-02-01,2.4416015,1.3513749
2010-02-02,2.4416082,1.3513749
2010-02-03,2.4416149,1.3513749
2010-02-04,2.4416216,1.3513749
2010-02-05,2.4416276,1.3513749
2010-02-08,2.4416476,1.3513749
2010-02-09,2.4416557,1.3513749
2010-02-10,2.4416637,1.3513749
2010-02-11,2.4416711,1.3513749
2010-02-12,2.4416784,1.3513749
2010-02-16,2.4417052,1.3513749
2010-02-17,2.4417119,1.3513749
2010-02-18,2.4417186,1.3513749
2010-02-19,2.4417252,1.3513749
2010-02-22,2.441461,1.3512165
2010-02-23,2.4529975,1.3575972
2010-02-24,2.4522596,1.3571844
2010-02-25,2.4589807,1.3608997
2010-02-26,2.4620701,1.3626046
2010-03-01,2.4620964,1.3626046
2010-03-02,2.4621052,1.3626046
2010-03-03,2.4621147,1.3626046
2010-03-04,2.4621241,1.3626046
2010-03-05,2.4621335,1.3626046
2010-03-08,2.4621639,1.3626046
2010-03-09,2.4621747,1.3626046
2010-03-10,2.4621855,1.3626046
2010-03-11,2.4621956,1.3626046
2010-03-12,2.4622064,1.3626046
2010-03-15,2.4622367,1.3626046
2010-03-16,2.4622482,1.3626046
2010-03-17,2.462259,1.3626046
2010-03-18,2.4622691,1.3626046
2010-03-19,2.4622799,1.3626046
2010-03-22,2.4623123,1.3626046
2010-03-23,2.4623224,1.3626046
2010-03-24,2.4623319,1.3626046
2010-03-25,2.4617121,1.3622564
2010-03-26,2.4734791,1.3687628
2010-03-29,2.4706251,1.3671677
2010-03-30,2.4706411,1.367171
2010-03-31,2.4799259,1.3723029
2010-04-01,2.4799368,1.3723029
2010-04-02,2.4799477,1.3723029
2010-04-05,2.4799803,1.3723029
2010-04-06,2.4799925,1.3723029
2010-04-07,2.4800041,1.3723029
2010-04-08,2.4800156,1.3723029
2010-04-09,2.4800272,1.3723029
2010-04-12,2.4800598,1.3723029
2010-04-13,2.4800707,1.3723029
2010-04-14,2.4800815,1.3723029
2010-04-15,2.4800924,1.3723029
2010-04-16,2.4801033,1.3723029
2010-04-19,2.4801359,1.3723029
2010-04-20,2.4801468,1.3723029
2010-04-21,2.4801576,1.3723029
2010-04-22,2.4801678,1.3723029
2010-04-23,2.4801787,1.3723029
2010-04-26,2.4798891,1.3721246
2010-04-27,2.4940816,1.3799713
2010-04-28,2.48497,1.3749238
2010-04-29,2.4896301,1.3774962
2010-04-30,2.4979476,1.3820918
2010-05-03,2.4979804,1.3820918
2010-05-04,2.4979921,1.3820918
2010-05-05,2.498003,1.3820918
2010-05-06,2.4980133,1.3820918
2010-05-07,2.4980208,1.3820918
2010-05-10,2.4980475,1.3820918
2010-05-11,2.4980585,1.3820918
2010-05-12,2.4980694,1.3820918
2010-05-13,2.4980804,1.3820918
2010-05-14,2.4980913,1.3820918
2010-05-17,2.4981242,1.3820918
2010-05-18,2.4981351,1.3820918
2010-05-19,2.4981467,1.3820918
2010-05-20,2.4981584,1.3820918
2010-05-21,2.49817,1.3820918
2010-05-24,2.4976682,1.3817949
2010-05-25,2.5061488,1.3864802
2010-05-26,2.4997707,1.3829452
2010-05-27,2.4744598,1.368936
2010-05-28,2.4820107,1.373107
2010-06-01,2.4820542,1.373107
2010-06-02,2.4820651,1.373107
2010-06-03,2.4820759,1.373107
2010-06-04,2.4820855,1.373107
2010-06-07,2.482114,1.373107
2010-06-08,2.4821222,1.373107
2010-06-09,2.4821303,1.373107
2010-06-10,2.4821371,1.373107
2010-06-11,2.4821439,1.373107
2010-06-14,2.4821603,1.373107
2010-06-15,2.482165,1.373107
2010-06-16,2.4821712,1.373107
2010-06-17,2.482178,1.373107
2010-06-18,2.4821841,1.373107
2010-06-21,2.4822065,1.373107
2010-06-22,2.4822147,1.373107
2010-06-23,2.4822235,1.373107
2010-06-24,2.4817636,1.3728477
2010-06-25,2.4856842,1.3750116
2010-06-28,2.4979692,1.3817926
2010-06-29,2.5112316,1.3891224
2010-06-30,2.5123674,1.3897451
2010-07-01,2.5123798,1.3897451
2010-07-02,2.5123915,1.3897451
2010-07-06,2.5124383,1.3897451
2010-07-07,2.51245,1.3897451
2010-07-08,2.5124611,1.3897451
2010-07-09,2.5124714,1.3897451
2010-07-12,2.5125044,1.3897451
2010-07-13,2.5125154,1.3897451
2010-07-14,2.5125258,1.3897451
2010-07-15,2.5125361,1.3897451
2010-07-16,2.5125464,1.3897451
2010-07-19,2.5125774,1.3897451
2010-07-20,2.5125891,1.3897451
2010-07-21,2.5126001,1.3897451
2010-07-22,2.5126111,1.3897451
2010-07-23,2.5126221,1.3897451
2010-07-26,2.5121748,1.3894794
2010-07-27,2.5032131,1.3845165
2010-07-28,2.510713,1.388659
2010-07-29,2.5108219,1.3887135
2010-07-30,2.5272494,1.3977937
2010-08-02,2.5272805,1.3977937
2010-08-03,2.5272916,1.3977937
2010-08-04,2.5273027,1.3977937
2010-08-05,2.5273138,1.3977937
2010-08-06,2.5273241,1.3977937
2010-08-09,2.5273553,1.3977937
2010-08-10,2.5273657,1.3977937
2010-08-11,2.5273761,1.3977937
2010-08-12,2.5273865,1.3977937
2010-08-13,2.5273975,1.3977937
2010-08-16,2.5274287,1.3977937
2010-08-17,2.5274398,1.3977937
2010-08-18,2.5274516,1.3977937
2010-08-19,2.5274626,1.3977937
2010-08-20,2.5274737,1.3977937
2010-08-23,2.5275049,1.3977937
2010-08-24,2.527516,1.3977937
2010-08-25,2.5269857,1.3974944
2010-08-26,2.536605,1.402808
2010-08-27,2.5049543,1.3852982
2010-08-30,2.5276477,1.3978311
2010-08-31,2.5423875,1.4059771
2010-09-01,2.5423973,1.4059771
2010-09-02,2.5424063,1.4059771
2010-09-03,2.5424161,1.4059771
2010-09-07,2.5424551,1.4059771
2010-09-08,2.5424648,1.4059771
2010-09-09,2.5424746,1.4059771
2010-09-10,2.5424843,1.4059771
2010-09-13,2.5425136,1.4059771
2010-09-14,2.542524,1.4059771
2010-09-15,2.5425345,1.4059771
2010-09-16,2.5425449,1.4059771
2010-09-17,2.5425561,1.4059771
2010-09-20,2.5425895,1.4059771
2010-09-21,2.5426014,1.4059771
2010-09-22,2.5426132,1.4059771
2010-09-23,2.5426243,1.4059771
2010-09-24,2.5421348,1.4057002
2010-09-27,2.5577098,1.4142953
2010-09-28,2.569075,1.4205735
2010-09-29,2.5609922,1.4160978
2010-09-30,2.5598604,1.4154658
2010-10-01,2.5598716,1.4154658
2010-10-04,2.5599053,1.4154658
2010-10-05,2.5599144,1.4154658
2010-10-06,2.5599228,1.4154658
2010-10-07,2.559932,1.4154658
2010-10-08,2.5599411,1.4154658
2010-10-12,2.5599747,1.4154658
2010-10-13,2.5599839,1.4154658
2010-10-14,2.559993,1.4154658
2010-10-15,2.5600028,1.4154658
2010-10-18,2.5600323,1.4154658
2010-10-19,2.5600428,1.4154658
2010-10-20,2.5600526,1.4154658
2010-10-21,2.5600624,1.4154658
2010-10-22,2.5600715,1.4154658
2010-10-25,2.5595916,1.4151853
2010-10-26,2.5441209,1.4066263
2010-10-27,2.5310465,1.3993921
2010-10-28,2.539869,1.4042646
2010-10-29,2.5509132,1.4103658
2010-11-01,2.5509383,1.4103658
2010-11-02,2.5509474,1.4103658
2010-11-03,2.5509565,1.4103658
2010-11-04,2.5509656,1.4103658
2010-11-05,2.5509747,1.4103658
2010-11-08,2.5510019,1.4103658
2010-11-09,2.551011,1.4103658
2010-11-10,2.5510201,1.4103658
2010-11-12,2.5510383,1.4103658
2010-11-15,2.5510655,1.4103658
2010-11-16,2.5510753,1.4103658
2010-11-17,2.5510858,1.4103658
2010-11-18,2.5510956,1.4103658
2010-11-19,2.5511061,1.4103658
2010-11-22,2.5511354,1.4103658
2010-11-23,2.5506878,1.4101126
2010-11-24,2.526141,1.3965364
2010-11-26,2.5381393,1.4031572
2010-11-29,2.544916,1.4068851
2010-11-30,2.5512712,1.4103915
2010-12-01,2.5512831,1.4103915
2010-12-02,2.5512943,1.4103915
2010-12-03,2.5513055,1.4103915
2010-12-06,2.5513348,1.4103915
2010-12-07,2.5513453,1.4103915
2010-12-08,2.5513551,1.4103915
2010-12-09,2.5513656,1.4103915
2010-12-10,2.5513754,1.4103915
2010-12-13,2.5514026,1.4103915
2010-12-14,2.5514131,1.4103915
2010-12-15,2.5514236,1.4103915
2010-12-16,2.5514334,1.4103915
2010-12-17,2.5514425,1.4103915
2010-12-20,2.5514655,1.4103915
2010-12-21,2.5514753,1.4103915
2010-12-22,2.5514851,1.4103915
2010-12-23,2.5514949,1.4103915
2010-12-27,2.5511103,1.4101573
2010-12-28,2.531557,1.3993424
2010-12-29,2.5542016,1.4118537
2010-12-30,2.55014,1.4096035
2010-12-31,2.5636635,1.4170741
2011-01-03,2.5636887,1.4170741
2011-01-04,2.5636993,1.4170741
2011-01-05,2.5637091,1.4170741
2011-01-06,2.5637189,1.4170741
2011-01-07,2.5637295,1.4170741
2011-01-10,2.563759,1.4170741
2011-01-11,2.5637695,1.4170741
2011-01-12,2.5637801,1.4170741
2011-01-13,2.5637906,1.4170741
2011-01-14,2.5638011,1.4170741
2011-01-18,2.5638433,1.4170741
2011-01-19,2.5638545,1.4170741
2011-01-20,2.5638658,1.4170741
2011-01-21,2.563877,1.4170741
2011-01-24,2.5639107,1.4170741
2011-01-25,2.5637287,1.4169673
2011-01-26,2.5565714,1.4130052
2011-01-27,2.5586464,1.4141459
2011-01-28,2.5626582,1.4163574
2011-01-31,2.558544,1.414066
2011-02-01,2.5585545,1.414066
2011-02-02,2.558565,1.414066
2011-02-03,2.5585762,1.414066
2011-02-04,2.558586,1.414066
2011-02-07,2.5586176,1.414066
2011-02-08,2.5586288,1.414066
2011-02-09,2.5586393,1.414066
2011-02-10,2.5586491,1.414066
2011-02-11,2.5586575,1.414066
2011-02-14,2.5586828,1.414066
2011-02-15,2.5586919,1.414066
2011-02-16,2.558701,1.414066
2011-02-17,2.5587094,1.414066
2011-02-18,2.5587157,1.414066
2011-02-22,2.5583343,1.4138397
2011-02-23,2.5562606,1.412689
2011-02-24,2.5624424,1.4161007
2011-02-25,2.5681444,1.4192468
2011-02-28,2.570267,1.4204047
2011-03-01,2.5702776,1.4204047
2011-03-02,2.5702875,1.4204047
2011-03-03,2.5702966,1.4204047
2011-03-04,2.5703058,1.4204047
2011-03-07,2.5703311,1.4204047
2011-03-08,2.5703389,1.4204047
2011-03-09,2.5703466,1.4204047
2011-03-10,2.5703536,1.4204047
2011-03-11,2.5703593,1.4204047
2011-03-14,2.5703762,1.4204047
2011-03-15,2.5703825,1.4204047
2011-03-16,2.5703896,1.4204047
2011-03-17,2.5703966,1.4204047
2011-03-18,2.5704022,1.4204047
2011-03-21,2.570417,1.4204047
2011-03-22,2.5704241,1.4204047
2011-03-23,2.5704311,1.4204047
2011-03-24,2.5704374,1.4204047
2011-03-25,2.5699455,1.4201293
2011-03-28,2.5691774,1.4196944
2011-03-29,2.5638499,1.4167462
2011-03-30,2.5689265,1.4195476
2011-03-31,2.5694104,1.4198111
2011-04-01,2.5694167,1.4198111
2011-04-04,2.5694315,1.4198111
2011-04-05,2.5694357,1.4198111
2011-04-06,2.5694407,1.4198111
2011-04-07,2.5694449,1.4198111
2011-04-08,2.5694477,1.4198111
2011-04-11,2.5694562,1.4198111
2011-04-12,2.5694597,1.4198111
2011-04-13,2.5694632,1.4198111
2011-04-14,2.5694674,1.4198111
2011-04-15,2.5694724,1.4198111
2011-04-18,2.5694871,1.4198111
2011-04-19,2.5694921,1.4198111
2011-04-20,2.5694963,1.4198111
2011-04-21,2.5695005,1.4198111
2011-04-25,2.569216,1.4196445
2011-04-26,2.5762428,1.4235245
2011-04-27,2.5701914,1.420178
2011-04-28,2.5751876,1.4229364
2011-04-29,2.5773776,1.424145
2011-05-02,2.5773861,1.424145
2011-05-03,2.5773896,1.424145
2011-05-04,2.5773918,1.424145
2011-05-05,2.5773939,1.424145
2011-05-06,2.5773953,1.424145
2011-05-09,2.5773995,1.424145
2011-05-10,2.5774016,1.424145
2011-05-11,2.5774038,1.424145
2011-05-12,2.5774059,1.424145
2011-05-13,2.5774073,1.424145
2011-05-16,2.5774137,1.424145
2011-05-17,2.5774165,1.424145
2011-05-18,2.5774193,1.424145
2011-05-19,2.5774228,1.424145
2011-05-20,2.5774264,1.424145
2011-05-23,2.577437,1.424145
2011-05-24,2.5767432,1.4237593
2011-05-25,2.573503,1.4219666
2011-05-26,2.5892234,1.4306504
2011-05-27,2.5881206,1.4300392
2011-05-31,2.5942205,1.4334017
2011-06-01,2.5942248,1.4334017
2011-06-02,2.5942283,1.4334017
2011-06-03,2.5942312,1.4334017
2011-06-06,2.5942397,1.4334017
2011-06-07,2.5942432,1.4334017
2011-06-08,2.5942468,1.4334017
2011-06-09,2.5942496,1.4334017
2011-06-10,2.5942532,1.4334017
2011-06-13,2.5942638,1.4334017
2011-06-14,2.5942674,1.4334017
2011-06-15,2.594271,1.4334017
2011-06-16,2.5942745,1.4334017
2011-06-17,2.5942781,1.4334017
2011-06-20,2.5942866,1.4334017
2011-06-21,2.5942887,1.4334017
2011-06-22,2.5942909,1.4334017
2011-06-23,2.5942923,1.4334017
2011-06-24,2.5935463,1.4329892
2011-06-27,2.5690552,1.4194549
2011-06-28,2.5467799,1.4071467
2011-06-29,2.5274319,1.3964553
2011-06-30,2.5229441,1.393975
2011-07-01,2.5229462,1.393975
2011-07-05,2.5229517,1.393975
2011-07-06,2.5229531,1.393975
2011-07-07,2.5229538,1.393975
2011-07-08,2.5229559,1.393975
2011-07-11,2.5229621,1.393975
2011-07-12,2.5229642,1.393975
2011-07-13,2.5229663,1.393975
2011-07-14,2.5229669,1.393975
2011-07-15,2.5229676,1.393975
2011-07-18,2.5229718,1.393975
2011-07-19,2.5229732,1.393975
2011-07-20,2.5229752,1.393975
2011-07-21,2.5229766,1.393975
2011-07-22,2.5229801,1.393975
2011-07-25,2.5223936,1.3936452
2011-07-26,2.5307912,1.398283
2011-07-27,2.5265975,1.3959633
2011-07-28,2.5337487,1.3999113
2011-07-29,2.5684359,1.4190735
2011-08-01,2.568457,1.4190735
2011-08-02,2.568464,1.4190735
2011-08-03,2.5684682,1.4190735
2011-08-04,2.5684697,1.4190735
2011-08-05,2.5684711,1.4190735
2011-08-08,2.5684732,1.4190735
2011-08-09,2.5684767,1.4190735
2011-08-10,2.5684788,1.4190735
2011-08-11,2.5684802,1.4190735
2011-08-12,2.5684823,1.4190735
2011-08-15,2.5684865,1.4190735
2011-08-16,2.568488,1.4190735
2011-08-17,2.5684901,1.4190735
2011-08-18,2.5684908,1.4190735
2011-08-19,2.5684915,1.4190735
2011-08-22,2.5684957,1.4190735
2011-08-23,2.5684964,1.4190735
2011-08-24,2.5684971,1.4190735
2011-08-25,2.5680923,1.4188491
2011-08-26,2.5756081,1.4230011
2011-08-29,2.5627425,1.4158919
2011-08-30,2.576568,1.4235295
2011-08-31,2.5688101,1.419243
2011-09-01,2.5688115,1.419243
2011-09-02,2.5688129,1.419243
2011-09-06,2.5688185,1.419243
2011-09-07,2.5688199,1.419243
2011-09-08,2.5688213,1.419243
2011-09-09,2.5688227,1.419243
2011-09-12,2.5688249,1.419243
2011-09-13,2.5688256,1.419243
2011-09-14,2.5688263,1.419243
2011-09-15,2.568827,1.419243
2011-09-16,2.5688277,1.419243
2011-09-19,2.5688298,1.419243
2011-09-20,2.5688305,1.419243
2011-09-21,2.5688312,1.419243
2011-09-22,2.5688319,1.419243
2011-09-23,2.5688319,1.419243
2011-09-26,2.5684396,1.419025
2011-09-27,2.5557444,1.4120103
2011-09-28,2.5518242,1.4098441
2011-09-29,2.5589223,1.4137649
2011-09-30,2.5716595,1.4208013
2011-10-03,2.5716638,1.4208013
2011-10-04,2.5716652,1.4208013
2011-10-05,2.5716659,1.4208013
2011-10-06,2.5716659,1.4208013
2011-10-07,2.5716666,1.4208013
2011-10-11,2.5716694,1.4208013
2011-10-12,2.5716708,1.4208013
2011-10-13,2.5716722,1.4208013
2011-10-14,2.5716736,1.4208013
2011-10-17,2.5716779,1.4208013
2011-10-18,2.5716807,1.4208013
2011-10-19,2.5716835,1.4208013
2011-10-20,2.5716856,1.4208013
2011-10-21,2.5716877,1.4208013
2011-10-24,2.5716919,1.4208013
2011-10-25,2.5713214,1.4205958
2011-10-26,2.5601473,1.414422
2011-10-27,2.5388099,1.4026328
2011-10-28,2.5490262,1.4082763
2011-10-31,2.5695586,1.4196188
2011-11-01,2.5695593,1.4196188
2011-11-02,2.56956,1.4196188
2011-11-03,2.5695607,1.4196188
2011-11-04,2.5695614,1.4196188
2011-11-07,2.5695635,1.4196188
2011-11-08,2.5695642,1.4196188
2011-11-09,2.5695649,1.4196188
2011-11-10,2.5695656,1.4196188
2011-11-14,2.5695685,1.4196188
2011-11-15,2.5695692,1.4196188
2011-11-16,2.5695699,1.4196188
2011-11-17,2.5695706,1.4196188
2011-11-18,2.569572,1.4196188
2011-11-21,2.5695741,1.4196188
2011-11-22,2.5695755,1.4196188
2011-11-23,2.5691645,1.4193909
2011-11-25,2.5576428,1.413024
2011-11-28,2.5584649,1.4134758
2011-11-29,2.5543071,1.4111776
2011-11-30,2.5437522,1.4053456
2011-12-01,2.5437529,1.4053456
2011-12-02,2.5437536,1.4053456
2011-12-05,2.5437578,1.4053456
2011-12-06,2.5437585,1.4053456
2011-12-07,2.5437592,1.4053456
2011-12-08,2.5437606,1.4053456
2011-12-09,2.5437613,1.4053456
2011-12-12,2.5437634,1.4053456
2011-12-13,2.5437641,1.4053456
2011-12-14,2.5437648,1.4053456
2011-12-15,2.5437655,1.4053456
2011-12-16,2.5437655,1.4053456
2011-12-19,2.5437655,1.4053456
2011-12-20,2.5437662,1.4053456
2011-12-21,2.5437668,1.4053456
2011-12-22,2.5437675,1.4053456
2011-12-23,2.5433184,1.405097
2011-12-27,2.5442906,1.4056326
2011-12-28,2.5571408,1.4127312
2011-12-29,2.5602046,1.4144234
2011-12-30,2.5643765,1.4167275
2012-01-03,2.5643821,1.4167275
2012-01-04,2.5643835,1.4167275
2012-01-05,2.5643849,1.4167275
2012-01-06,2.5643863,1.4167275
2012-01-09,2.5643905,1.4167275
2012-01-10,2.5643913,1.4167275
2012-01-11,2.5643927,1.4167275
2012-01-12,2.5643941,1.4167275
2012-01-13,2.5643962,1.4167275
2012-01-17,2.5644046,1.4167275
2012-01-18,2.5644067,1.4167275
2012-01-19,2.5644088,1.4167275
2012-01-20,2.5644123,1.4167275
2012-01-23,2.5644229,1.4167275
2012-01-24,2.5644257,1.4167275
2012-01-25,2.5639287,1.4164514
2012-01-26,2.5719427,1.4208772
2012-01-27,2.5768062,1.4235621
2012-01-30,2.5865769,1.4289529
2012-01-31,2.5925602,1.4322564
2012-02-01,2.5925645,1.4322564
2012-02-02,2.5925688,1.4322564
2012-02-03,2.5925744,1.4322564
2012-02-06,2.5925915,1.4322564
2012-02-07,2.5925972,1.4322564
2012-02-08,2.5926029,1.4322564
2012-02-09,2.5926093,1.4322564
2012-02-10,2.5926156,1.4322564
2012-02-13,2.5926348,1.4322564
2012-02-14,2.5926426,1.4322564
2012-02-15,2.5926512,1.4322564
2012-02-16,2.592659,1.4322564
2012-02-17,2.5926661,1.4322564
2012-02-21,2.5926917,1.4322564
2012-02-22,2.5926973,1.4322564
2012-02-23,2.5920782,1.4319109
2012-02-24,2.5936465,1.4327737
2012-02-27,2.6064315,1.4398246
2012-02-28,2.6032266,1.4380494
2012-02-29,2.5955683,1.433815
2012-03-01,2.595574,1.433815
2012-03-02,2.5955797,1.433815
2012-03-05,2.5955946,1.433815
2012-03-06,2.5956003,1.433815
2012-03-07,2.595606,1.433815
2012-03-08,2.5956117,1.433815
2012-03-09,2.5956174,1.433815
2012-03-12,2.5956366,1.433815
2012-03-13,2.595643,1.433815
2012-03-14,2.5956487,1.433815
2012-03-15,2.5956551,1.433815
2012-03-16,2.5956608,1.433815
2012-03-19,2.59568,1.433815
2012-03-20,2.5956871,1.433815
2012-03-21,2.5956942,1.433815
2012-03-22,2.5957006,1.433815
2012-03-23,2.5957063,1.433815
2012-03-26,2.5950904,1.4334653
2012-03-27,2.607904,1.4405397
2012-03-28,2.6055009,1.4392088
2012-03-29,2.6119631,1.4427748
2012-03-30,2.6030718,1.4378607
2012-04-02,2.6030868,1.4378607
2012-04-03,2.6030925,1.4378607
2012-04-04,2.6030982,1.4378607
2012-04-05,2.6031039,1.4378607
2012-04-06,2.6031096,1.4378607
2012-04-09,2.6031246,1.4378607
2012-04-10,2.603131,1.4378607
2012-04-11,2.6031375,1.4378607
2012-04-12,2.6031439,1.4378607
2012-04-13,2.6031503,1.4378607
2012-04-16,2.6031695,1.4378607
2012-04-17,2.6031753,1.4378607
2012-04-18,2.603181,1.4378607
2012-04-19,2.603186,1.4378607
2012-04-20,2.6031909,1.4378607
2012-04-23,2.6032081,1.4378607
2012-04-24,2.602895,1.4376846
2012-04-25,2.6024512,1.437436
2012-04-26,2.6054864,1.4391089
2012-04-27,2.6073445,1.4401316
2012-04-30,2.6077387,1.4403387
2012-05-01,2.6077458,1.4403387
2012-05-02,2.6077523,1.4403387
2012-05-03,2.607758,1.4403387
2012-05-04,2.6077644,1.4403387
2012-05-07,2.6077794,1.4403387
2012-05-08,2.6077866,1.4403387
2012-05-09,2.607793,1.4403387
2012-05-10,2.6077994,1.4403387
2012-05-11,2.6078066,1.4403387
2012-05-14,2.607828,1.4403387
2012-05-15,2.6078352,1.4403387
2012-05-16,2.6078416,1.4403387
2012-05-17,2.6078487,1.4403387
2012-05-18,2.6078559,1.4403387
2012-05-21,2.607873,1.4403387
2012-05-22,2.6078795,1.4403387
2012-05-23,2.6078859,1.4403387
2012-05-24,2.6071887,1.4399501
2012-05-25,2.6110971,1.4421048
2012-05-29,2.6134625,1.443397
2012-05-30,2.6407111,1.4584426
2012-05-31,2.649546,1.4633192
2012-06-01,2.6495511,1.4633192
2012-06-04,2.6495663,1.4633192
2012-06-05,2.6495721,1.4633192
2012-06-06,2.6495779,1.4633192
2012-06-07,2.6495845,1.4633192
2012-06-08,2.649591,1.4633192
2012-06-11,2.6496106,1.4633192
2012-06-12,2.6496171,1.4633192
2012-06-13,2.6496244,1.4633192
2012-06-14,2.6496317,1.4633192
2012-06-15,2.6496396,1.4633192
2012-06-18,2.6496592,1.4633192
2012-06-19,2.6496665,1.4633192
2012-06-20,2.649673,1.4633192
2012-06-21,2.6496796,1.4633192
2012-06-22,2.6496861,1.4633192
2012-06-25,2.6489938,1.4629261
2012-06-26,2.6425719,1.4593755
2012-06-27,2.6452622,1.4608573
2012-06-28,2.655915,1.4667367
2012-06-29,2.6402617,1.4580885
2012-07-02,2.6402812,1.4580885
2012-07-03,2.6402884,1.4580885
2012-07-05,2.6403015,1.4580885
2012-07-06,2.6403072,1.4580885
2012-07-09,2.6403246,1.4580885
2012-07-10,2.6403311,1.4580885
2012-07-11,2.6403376,1.4580885
2012-07-12,2.6403449,1.4580885
2012-07-13,2.6403521,1.4580885
2012-07-16,2.6403738,1.4580885
2012-07-17,2.640381,1.4580885
2012-07-18,2.6403883,1.4580885
2012-07-19,2.6403948,1.4580885
2012-07-20,2.6404013,1.4580885
2012-07-23,2.6404208,1.4580885
2012-07-24,2.6404281,1.4580885
2012-07-25,2.6396787,1.4576707
2012-07-26,2.6343508,1.4547246
2012-07-27,2.6024549,1.4371068
2012-07-30,2.6158116,1.4444696
2012-07-31,2.6198968,1.4467211
2012-08-01,2.6199047,1.4467211
2012-08-02,2.6199119,1.4467211
2012-08-03,2.6199184,1.4467211
2012-08-06,2.6199377,1.4467211
2012-08-07,2.6199449,1.4467211
2012-08-08,2.6199528,1.4467211
2012-08-09,2.6199607,1.4467211
2012-08-10,2.6199686,1.4467211
2012-08-13,2.6199901,1.4467211
2012-08-14,2.619998,1.4467211
2012-08-15,2.6200059,1.4467211
2012-08-16,2.6200124,1.4467211
2012-08-17,2.6200188,1.4467211
2012-08-20,2.6200382,1.4467211
2012-08-21,2.6200461,1.4467211
2012-08-22,2.620054,1.4467211
2012-08-23,2.6200619,1.4467211
2012-08-24,2.6200698,1.4467211
2012-08-27,2.6194199,1.4463504
2012-08-28,2.6222161,1.44789
2012-08-29,2.618863,1.4460346
2012-08-30,2.6253821,1.4496294
2012-08-31,2.6414111,1.458476
2012-09-04,2.6414372,1.458476
2012-09-05,2.6414444,1.458476
2012-09-06,2.6414524,1.458476
2012-09-07,2.6414603,1.458476
2012-09-10,2.6414842,1.458476
2012-09-11,2.6414914,1.458476
2012-09-12,2.6414987,1.458476
2012-09-13,2.6415059,1.458476
2012-09-14,2.6415131,1.458476
2012-09-17,2.641537,1.458476
2012-09-18,2.641545,1.458476
2012-09-19,2.6415522,1.458476
2012-09-20,2.6415602,1.458476
2012-09-21,2.6415681,1.458476
2012-09-24,2.6408802,1.458083
2012-09-25,2.6497341,1.462967
2012-09-26,2.6636566,1.4706494
2012-09-27,2.6599972,1.4686246
2012-09-28,2.6629992,1.4702784
2012-10-01,2.6630211,1.4702784
2012-10-02,2.6630277,1.4702784
2012-10-03,2.6630342,1.4702784
2012-10-04,2.6630408,1.4702784
2012-10-05,2.6630481,1.4702784
2012-10-09,2.6630802,1.4702784
2012-10-10,2.6630875,1.4702784
2012-10-11,2.6630948,1.4702784
2012-10-12,2.6631021,1.4702784
2012-10-15,2.6631262,1.4702784
2012-10-16,2.6631342,1.4702784
2012-10-17,2.6631408,1.4702784
2012-10-18,2.6631488,1.4702784
2012-10-19,2.6631561,1.4702784
2012-10-22,2.663178,1.4702784
2012-10-23,2.6631853,1.4702784
2012-10-24,2.6624411,1.4698632
2012-10-25,2.6468695,1.461262
2012-10-26,2.6666434,1.4721743
2012-10-29,2.6765142,1.4776091
2012-10-31,2.6809494,1.4800463
2012-11-01,2.6809575,1.4800463
2012-11-02,2.6809641,1.4800463
2012-11-05,2.6809839,1.4800463
2012-11-06,2.680992,1.4800463
2012-11-07,2.6809993,1.4800463
2012-11-08,2.6810067,1.4800463
2012-11-09,2.681014,1.4800463
2012-11-13,2.6810405,1.4800463
2012-11-14,2.6810485,1.4800463
2012-11-15,2.6810559,1.4800463
2012-11-16,2.6810618,1.4800463
2012-11-19,2.681075,1.4800463
2012-11-20,2.6810816,1.4800463
2012-11-21,2.6810875,1.4800463
2012-11-23,2.6811022,1.4800463
2012-11-26,2.6803379,1.4796123
2012-11-27,2.6850988,1.4822363
2012-11-28,2.6877468,1.483694
2012-11-29,2.6910349,1.4855051
2012-11-30,2.6902233,1.4850534
2012-12-03,2.690241,1.4850534
2012-12-04,2.6902484,1.4850534
2012-12-05,2.6902557,1.4850534
2012-12-06,2.6902631,1.4850534
2012-12-07,2.6902705,1.4850534
2012-12-10,2.6902904,1.4850534
2012-12-11,2.690297,1.4850534
2012-12-12,2.6903029,1.4850534
2012-12-13,2.6903081,1.4850534
2012-12-14,2.6903125,1.4850534
2012-12-17,2.6903213,1.4850534
2012-12-18,2.690325,1.4850534
2012-12-19,2.6903294,1.4850534
2012-12-20,2.6903331,1.4850534
2012-12-21,2.6903375,1.4850534
2012-12-24,2.6894755,1.4845702
2012-12-26,2.6947734,1.4874897
2012-12-27,2.7031412,1.492105
2012-12-28,2.7047851,1.4930091
2012-12-31,2.6943608,1.4872538
2013-01-02,2.6943682,1.4872538
2013-01-03,2.6943741,1.4872538
2013-01-04,2.69438,1.4872538
2013-01-07,2.6943955,1.4872538
2013-01-08,2.6944006,1.4872538
2013-01-09,2.6944058,1.4872538
2013-01-10,2.6944102,1.4872538
2013-01-11,2.6944147,1.4872538
2013-01-14,2.6944302,1.4872538
2013-01-15,2.6944361,1.4872538
2013-01-16,2.6944427,1.4872538
2013-01-17,2.6944486,1.4872538
2013-01-18,2.6944538,1.4872538
2013-01-22,2.6944774,1.4872538
2013-01-23,2.6944833,1.4872538
2013-01-24,2.6944892,1.4872538
2013-01-25,2.6940305,1.4869973
2013-01-28,2.6911182,1.4853801
2013-01-29,2.6865389,1.4828497
2013-01-30,2.6874703,1.4833609
2013-01-31,2.6887918,1.4840875
2013-02-01,2.688797,1.4840875
2013-02-04,2.6888102,1.4840875
2013-02-05,2.6888154,1.4840875
2013-02-06,2.6888206,1.4840875
2013-02-07,2.6888257,1.4840875
2013-02-08,2.6888309,1.4840875
2013-02-11,2.6888463,1.4840875
2013-02-12,2.688853,1.4840875
2013-02-13,2.6888596,1.4840875
2013-02-14,2.688867,1.4840875
2013-02-15,2.6888751,1.4840875
2013-02-19,2.6889045,1.4840875
2013-02-20,2.6889134,1.4840875
2013-02-21,2.6889222,1.4840875
2013-02-22,2.6879007,1.4835184
2013-02-25,2.7198349,1.5011278
2013-02-26,2.7200335,1.5012325
2013-02-27,2.7100969,1.4957426
2013-02-28,2.7162192,1.499117
2013-03-01,2.7162274,1.499117
2013-03-04,2.7162519,1.499117
2013-03-05,2.7162601,1.499117
2013-03-06,2.716266,1.499117
2013-03-07,2.7162735,1.499117
2013-03-08,2.7162809,1.499117
2013-03-11,2.7163033,1.499117
2013-03-12,2.7163107,1.499117
2013-03-13,2.7163181,1.499117
2013-03-14,2.7163248,1.499117
2013-03-15,2.7163323,1.499117
2013-03-18,2.7163524,1.499117
2013-03-19,2.7163576,1.499117
2013-03-20,2.7163628,1.499117
2013-03-21,2.716368,1.499117
2013-03-22,2.7154016,1.4985808
2013-03-25,2.7170811,1.4994991
2013-03-26,2.7200076,1.5011109
2013-03-27,2.735325,1.5095614
2013-03-28,2.7337607,1.5086943
2013-04-01,2.7337816,1.5086943
2013-04-02,2.7337876,1.5086943
2013-04-03,2.7337929,1.5086943
2013-04-04,2.7337974,1.5086943
2013-04-05,2.7338026,1.5086943
2013-04-08,2.7338183,1.5086943
2013-04-09,2.7338236,1.5086943
2013-04-10,2.7338281,1.5086943
2013-04-11,2.7338333,1.5086943
2013-04-12,2.7338386,1.5086943
2013-04-15,2.733852,1.5086943
2013-04-16,2.7338565,1.5086943
2013-04-17,2.733861,1.5086943
2013-04-18,2.7338655,1.5086943
2013-04-19,2.7338693,1.5086943
2013-04-22,2.7338805,1.5086943
2013-04-23,2.7338842,1.5086943
2013-04-24,2.7328665,1.5081306
2013-04-25,2.7293093,1.5061651
2013-04-26,2.7438439,1.5141839
2013-04-29,2.7452145,1.5149341
2013-04-30,2.7434045,1.5139331
2013-05-01,2.7434082,1.5139331
2013-05-02,2.7434127,1.5139331
2013-05-03,2.7434165,1.5139331
2013-05-06,2.7434278,1.5139331
2013-05-07,2.7434308,1.5139331
2013-05-08,2.7434338,1.5139331
2013-05-09,2.7434368,1.5139331
2013-05-10,2.7434398,1.5139331
2013-05-13,2.7434488,1.5139331
2013-05-14,2.7434526,1.5139331
2013-05-15,2.7434563,1.5139331
2013-05-16,2.7434593,1.5139331
2013-05-17,2.7434616,1.5139331
2013-05-20,2.7434706,1.5139331
2013-05-21,2.7434744,1.5139331
2013-05-22,2.7434774,1.5139331
2013-05-23,2.7434804,1.5139331
2013-05-24,2.742629,1.5134612
2013-05-28,2.7011802,1.4905819
2013-05-29,2.7070581,1.4938235
2013-05-30,2.7070618,1.4938235
2013-05-31,2.6973787,1.4884785
2013-06-03,2.6973876,1.4884785
2013-06-04,2.6973913,1.4884785
2013-06-05,2.6973942,1.4884785
2013-06-06,2.6973979,1.4884785
2013-06-07,2.6974016,1.4884785
2013-06-10,2.6974105,1.4884785
2013-06-11,2.6974142,1.4884785
2013-06-12,2.6974179,1.4884785
2013-06-13,2.6974216,1.4884785
2013-06-14,2.6974253,1.4884785
2013-06-17,2.6974364,1.4884785
2013-06-18,2.6974401,1.4884785
2013-06-19,2.6974438,1.4884785
2013-06-20,2.6974475,1.4884785
2013-06-21,2.6974511,1.4884785
2013-06-24,2.6967878,1.4881063
2013-06-25,2.69019,1.4844631
2013-06-26,2.7025146,1.4912615
2013-06-27,2.7181635,1.4998942
2013-06-28,2.7113931,1.4961558
2013-07-01,2.711402,1.4961558
2013-07-02,2.711405,1.4961558
2013-07-03,2.7114072,1.4961558
2013-07-05,2.7114146,1.4961558
2013-07-08,2.7114235,1.4961558
2013-07-09,2.7114273,1.4961558
2013-07-10,2.7114302,1.4961558
2013-07-11,2.7114332,1.4961558
2013-07-12,2.7114362,1.4961558
2013-07-15,2.7114451,1.4961558
2013-07-16,2.7114481,1.4961558
2013-07-17,2.7114503,1.4961558
2013-07-18,2.7114525,1.4961558
2013-07-19,2.7114547,1.4961558
2013-07-22,2.7114614,1.4961558
2013-07-23,2.7114644,1.4961558
2013-07-24,2.7114659,1.4961558
2013-07-25,2.7111822,1.495998
2013-07-26,2.7144566,1.497804
2013-07-29,2.7114376,1.4961344
2013-07-30,2.7096132,1.4951265
2013-07-31,2.7123747,1.4966487
2013-08-01,2.7123777,1.4966487
2013-08-02,2.7123807,1.4966487
2013-08-05,2.7123896,1.4966487
2013-08-06,2.7123933,1.4966487
2013-08-07,2.7123963,1.4966487
2013-08-08,2.7124,1.4966487
2013-08-09,2.7124037,1.4966487
2013-08-12,2.7124149,1.4966487
2013-08-13,2.7124193,1.4966487
2013-08-14,2.7124238,1.4966487
2013-08-15,2.7124275,1.4966487
2013-08-16,2.7124312,1.4966487
2013-08-19,2.7124424,1.4966487
2013-08-20,2.7124468,1.4966487
2013-08-21,2.7124498,1.4966487
2013-08-22,2.7124528,1.4966487
2013-08-23,2.712455,1.4966487
2013-08-26,2.7119076,1.496343
2013-08-27,2.7261014,1.504173
2013-08-28,2.7140522,1.4975226
2013-08-29,2.7210014,1.5013557
2013-08-30,2.7162123,1.4987124
2013-09-03,2.7162212,1.4987124
2013-09-04,2.7162227,1.4987124
2013-09-05,2.7162242,1.4987124
2013-09-06,2.7162257,1.4987124
2013-09-09,2.7162301,1.4987124
2013-09-10,2.7162316,1.4987124
2013-09-11,2.7162331,1.4987124
2013-09-12,2.7162346,1.4987124
2013-09-13,2.7162353,1.4987124
2013-09-16,2.7162376,1.4987124
2013-09-17,2.716239,1.4987124
2013-09-18,2.7162398,1.4987124
2013-09-19,2.7162405,1.4987124
2013-09-20,2.7162413,1.4987124
2013-09-23,2.7162435,1.4987124
2013-09-24,2.7156969,1.49841
2013-09-25,2.7227825,1.5023187
2013-09-26,2.717195,1.4992349
2013-09-27,2.7215225,1.5016226
2013-09-30,2.721696,1.5017159
2013-10-01,2.7216975,1.5017159
2013-10-02,2.721699,1.5017159
2013-10-03,2.7217005,1.5017159
2013-10-04,2.7217027,1.5017159
2013-10-07,2.7217094,1.5017159
2013-10-08,2.7217117,1.5017159
2013-10-09,2.7217154,1.5017159
2013-10-10,2.7217191,1.5017159
2013-10-11,2.7217228,1.5017159
2013-10-15,2.7217467,1.5017159
2013-10-16,2.7217571,1.5017159
2013-10-17,2.7217646,1.5017159
2013-10-18,2.7217683,1.5017159
2013-10-21,2.7217773,1.5017159
2013-10-22,2.7217803,1.5017159
2013-10-23,2.7217832,1.5017159
2013-10-24,2.7217862,1.5017159
2013-10-25,2.721477,1.5015441
2013-10-28,2.7206357,1.5010749
2013-10-29,2.7220666,1.5018628
2013-10-30,2.7199414,1.5006886
2013-10-31,2.7180816,1.4996608
2013-11-01,2.7180846,1.4996608
2013-11-04,2.7180936,1.4996608
2013-11-05,2.7180973,1.4996608
2013-11-06,2.718101,1.4996608
2013-11-07,2.7181047,1.4996608
2013-11-08,2.7181084,1.4996608
2013-11-12,2.7181263,1.4996608
2013-11-13,2.7181323,1.4996608
2013-11-14,2.7181382,1.4996608
2013-11-15,2.7181442,1.4996608
2013-11-18,2.7181621,1.4996608
2013-11-19,2.7181688,1.4996608
2013-11-20,2.7181747,1.4996608
2013-11-21,2.7181807,1.4996608
2013-11-22,2.7175191,1.4992929
2013-11-25,2.7202077,1.5007676
2013-11-26,2.7280833,1.5051094
2013-11-27,2.7227682,1.5021741
2013-11-29,2.7199942,1.5006379
2013-12-02,2.7200076,1.5006379
2013-12-03,2.7200113,1.5006379
2013-12-04,2.7200158,1.5006379
2013-12-05,2.7200203,1.5006379
2013-12-06,2.7200247,1.5006379
2013-12-09,2.7200382,1.5006379
2013-12-10,2.7200434,1.5006379
2013-12-11,2.7200486,1.5006379
2013-12-12,2.7200538,1.5006379
2013-12-13,2.720059,1.5006379
2013-12-16,2.7200747,1.5006379
2013-12-17,2.7200799,1.5006379
2013-12-18,2.7200851,1.5006379
2013-12-19,2.7200903,1.5006379
2013-12-20,2.7200948,1.5006379
2013-12-23,2.7201104,1.5006379
2013-12-24,2.7193206,1.5001993
2013-12-26,2.7157052,1.498199
2013-12-27,2.7123601,1.4963507
2013-12-30,2.722065,1.5016961
2013-12-31,2.7083642,1.4941348
2014-01-02,2.7083746,1.4941348
2014-01-03,2.7083797,1.4941348
2014-01-06,2.7083953,1.4941348
2014-01-07,2.708399,1.4941348
2014-01-08,2.708402,1.4941348
2014-01-09,2.7084057,1.4941348
2014-01-10,2.7084087,1.4941348
2014-01-13,2.7084198,1.4941348
2014-01-14,2.708422,1.4941348
2014-01-15,2.708425,1.4941348
2014-01-16,2.708428,1.4941348
2014-01-17,2.7084309,1.4941348
2014-01-21,2.7084458,1.4941348
2014-01-22,2.7084488,1.4941348
2014-01-23,2.7084517,1.4941348
2014-01-24,2.7084547,1.4941348
2014-01-27,2.7080812,1.4939238
2014-01-28,2.7093301,1.4946107
2014-01-29,2.7205298,1.500787
2014-01-30,2.7162382,1.498418
2014-01-31,2.7234737,1.5024086
2014-02-03,2.7234782,1.5024086
2014-02-04,2.723482,1.5024086
2014-02-05,2.7234864,1.5024086
2014-02-06,2.7234917,1.5024086
2014-02-07,2.7234969,1.5024086
2014-02-10,2.7235148,1.5024086
2014-02-11,2.72352,1.5024086
2014-02-12,2.7235237,1.5024086
2014-02-13,2.7235275,1.5024086
2014-02-14,2.7235297,1.5024086
2014-02-18,2.7235357,1.5024086
2014-02-19,2.7235394,1.5024086
2014-02-20,2.7235439,1.5024086
2014-02-21,2.7235476,1.5024086
2014-02-24,2.7227209,1.5019464
2014-02-25,2.737636,1.510172
2014-02-26,2.7478329,1.5157949
2014-02-27,2.7549238,1.5197044
2014-02-28,2.7522616,1.5182342
2014-03-03,2.752273,1.5182342
2014-03-04,2.7522767,1.5182342
2014-03-05,2.7522805,1.5182342
2014-03-06,2.752285,1.5182342
2014-03-07,2.7522888,1.5182342
2014-03-10,2.7523024,1.5182342
2014-03-11,2.7523061,1.5182342
2014-03-12,2.7523099,1.5182342
2014-03-13,2.7523137,1.5182342
2014-03-14,2.7523174,1.5182342
2014-03-17,2.7523288,1.5182342
2014-03-18,2.7523333,1.5182342
2014-03-19,2.7523371,1.5182342
2014-03-20,2.7523416,1.5182342
2014-03-21,2.7523461,1.5182342
2014-03-24,2.7523597,1.5182342
2014-03-25,2.7515726,1.5177976
2014-03-26,2.7651787,1.5253007
2014-03-27,2.7709643,1.52849
2014-03-28,2.7595715,1.522204
2014-03-31,2.7597446,1.5222945
2014-04-01,2.7597484,1.5222945
2014-04-02,2.7597514,1.5222945
2014-04-03,2.7597529,1.5222945
2014-04-04,2.7597544,1.5222945
2014-04-07,2.7597612,1.5222945
2014-04-08,2.7597635,1.5222945
2014-04-09,2.7597658,1.5222945
2014-04-10,2.7597688,1.5222945
2014-04-11,2.7597718,1.5222945
2014-04-14,2.7597809,1.5222945
2014-04-15,2.7597839,1.5222945
2014-04-16,2.7597869,1.5222945
2014-04-17,2.7597899,1.5222945
2014-04-21,2.759799,1.5222945
2014-04-22,2.759802,1.5222945
2014-04-23,2.7598043,1.5222945
2014-04-24,2.7593944,1.5220675
2014-04-25,2.7623334,1.5236882
2014-04-28,2.7597874,1.5222801
2014-04-29,2.7580049,1.5212957
2014-04-30,2.7637686,1.5244741
2014-05-01,2.7637709,1.5244741
2014-05-02,2.7637732,1.5244741
2014-05-05,2.7637777,1.5244741
2014-05-06,2.76378,1.5244741
2014-05-07,2.7637823,1.5244741
2014-05-08,2.7637845,1.5244741
2014-05-09,2.7637868,1.5244741
2014-05-12,2.7637936,1.5244741
2014-05-13,2.7637959,1.5244741
2014-05-14,2.7637982,1.5244741
2014-05-15,2.7638004,1.5244741
2014-05-16,2.7638027,1.5244741
2014-05-19,2.7638095,1.5244741
2014-05-20,2.7638118,1.5244741
2014-05-21,2.7638141,1.5244741
2014-05-22,2.7638171,1.5244741
2014-05-23,2.7629118,1.5239735
2014-05-27,2.7695926,1.5276518
2014-05-28,2.7969006,1.5427127
2014-05-29,2.7915813,1.539777
2014-05-30,2.7821975,1.5345994
2014-06-02,2.7822067,1.5345994
2014-06-03,2.7822097,1.5345994
2014-06-04,2.7822128,1.5345994
2014-06-05,2.7822158,1.5345994
2014-06-06,2.7822189,1.5345994
2014-06-09,2.782228,1.5345994
2014-06-10,2.7822311,1.5345994
2014-06-11,2.7822341,1.5345994
2014-06-12,2.7822372,1.5345994
2014-06-13,2.7822402,1.5345994
2014-06-16,2.7822494,1.5345994
2014-06-17,2.7822524,1.5345994
2014-06-18,2.7822555,1.5345994
2014-06-19,2.7822577,1.5345994
2014-06-20,2.7822593,1.5345994
2014-06-23,2.7822638,1.5345994
2014-06-24,2.7812617,1.5340454
2014-06-25,2.7902346,1.5389933
2014-06-26,2.8057333,1.5475405
2014-06-27,2.802801,1.5459215
2014-06-30,2.8077536,1.5486493
2014-07-01,2.8077566,1.5486493
2014-07-02,2.8077582,1.5486493
2014-07-03,2.8077597,1.5486493
2014-07-07,2.8077628,1.5486493
2014-07-08,2.8077659,1.5486493
2014-07-09,2.8077682,1.5486493
2014-07-10,2.8077705,1.5486493
2014-07-11,2.807772,1.5486493
2014-07-14,2.8077766,1.5486493
2014-07-15,2.8077789,1.5486493
2014-07-16,2.8077805,1.5486493
2014-07-17,2.807782,1.5486493
2014-07-18,2.8077836,1.5486493
2014-07-21,2.8077882,1.5486493
2014-07-22,2.8077905,1.5486493
2014-07-23,2.8077928,1.5486493
2014-07-24,2.8077951,1.5486493
2014-07-25,2.8072861,1.5483673
2014-07-28,2.8029542,1.5459742
2014-07-29,2.8095347,1.549602
2014-07-30,2.7911421,1.5394567
2014-07-31,2.7896541,1.5386343
2014-08-01,2.7896564,1.5386343
2014-08-04,2.7896633,1.5386343
2014-08-05,2.7896664,1.5386343
2014-08-06,2.7896687,1.5386343
2014-08-07,2.7896709,1.5386343
2014-08-08,2.7896732,1.5386343
2014-08-11,2.7896801,1.5386343
2014-08-12,2.7896832,1.5386343
2014-08-13,2.7896855,1.5386343
2014-08-14,2.7896885,1.5386343
2014-08-15,2.7896916,1.5386343
2014-08-18,2.7896985,1.5386343
2014-08-19,2.7897008,1.5386343
2014-08-20,2.7897031,1.5386343
2014-08-21,2.7897061,1.5386343
2014-08-22,2.7897076,1.5386343
2014-08-25,2.7887368,1.5380951
2014-08-26,2.787597,1.5374647
2014-08-27,2.7988652,1.5436783
2014-08-28,2.8099256,1.5497769
2014-08-29,2.8063457,1.5478011
2014-09-02,2.8063549,1.5478011
2014-09-03,2.8063572,1.5478011
2014-09-04,2.8063595,1.5478011
2014-09-05,2.8063619,1.5478011
2014-09-08,2.8063688,1.5478011
2014-09-09,2.8063703,1.5478011
2014-09-10,2.8063719,1.5478011
2014-09-11,2.8063734,1.5478011
2014-09-12,2.8063749,1.5478011
2014-09-15,2.8063795,1.5478011
2014-09-16,2.8063811,1.5478011
2014-09-17,2.8063826,1.5478011
2014-09-18,2.8063842,1.5478011
2014-09-19,2.8063857,1.5478011
2014-09-22,2.8063903,1.5478011
2014-09-23,2.8063911,1.5478011
2014-09-24,2.805382,1.5472442
2014-09-25,2.8279361,1.5596825
2014-09-26,2.8196366,1.5551047
2014-09-29,2.836066,1.5641647
2014-09-30,2.8271289,1.5592348
2014-10-01,2.8271305,1.5592348
2014-10-02,2.827132,1.5592348
2014-10-03,2.8271328,1.5592348
2014-10-06,2.8271351,1.5592348
2014-10-07,2.8271367,1.5592348
2014-10-08,2.8271382,1.5592348
2014-10-09,2.827139,1.5592348
2014-10-10,2.8271398,1.5592348
2014-10-14,2.8271429,1.5592348
2014-10-15,2.8271444,1.5592348
2014-10-16,2.827146,1.5592348
2014-10-17,2.8271483,1.5592348
2014-10-20,2.8271529,1.5592348
2014-10-21,2.8271545,1.5592348
2014-10-22,2.827156,1.5592348
2014-10-23,2.8271576,1.5592348
2014-10-24,2.8271584,1.5592348
2014-10-27,2.8266799,1.5589696
2014-10-28,2.821891,1.5563276
2014-10-29,2.8148275,1.5524311
2014-10-30,2.8190562,1.554762
2014-10-31,2.8126733,1.5512413
2014-11-03,2.8126756,1.5512413
2014-11-04,2.8126772,1.5512413
2014-11-05,2.8126795,1.5512413
2014-11-06,2.8126818,1.5512413
2014-11-07,2.8126841,1.5512413
2014-11-10,2.812691,1.5512413
2014-11-12,2.8126941,1.5512413
2014-11-13,2.8126957,1.5512413
2014-11-14,2.8126972,1.5512413
2014-11-17,2.8127018,1.5512413
2014-11-18,2.8127041,1.5512413
2014-11-19,2.8127057,1.5512413
2014-11-20,2.8127065,1.5512413
2014-11-21,2.8117606,1.5507188
2014-11-24,2.8162835,1.553212
2014-11-25,2.8300042,1.5607782
2014-11-26,2.8396689,1.5661076
2014-11-28,2.8630723,1.5790131
2014-12-01,2.863077,1.5790131
2014-12-02,2.8630794,1.5790131
2014-12-03,2.8630817,1.5790131
2014-12-04,2.8630825,1.5790131
2014-12-05,2.8630841,1.5790131
2014-12-08,2.8630888,1.5790131
2014-12-09,2.8630911,1.5790131
2014-12-10,2.8630943,1.5790131
2014-12-11,2.8630966,1.5790131
2014-12-12,2.863099,1.5790131
2014-12-15,2.8631037,1.5790131
2014-12-16,2.8631068,1.5790131
2014-12-17,2.8631092,1.5790131
2014-12-18,2.8631115,1.5790131
2014-12-19,2.8631147,1.5790131
2014-12-22,2.8631241,1.5790131
2014-12-23,2.863128,1.5790131
2014-12-24,2.8623077,1.5785594
2014-12-26,2.8688322,1.5821568
2014-12-29,2.8793885,1.5879773
2014-12-30,2.8872323,1.5923018
2014-12-31,2.8946739,1.5964045
2015-01-02,2.8946803,1.5964045
2015-01-05,2.894685,1.5964045
2015-01-06,2.8946874,1.5964045
2015-01-07,2.8946898,1.5964045
2015-01-08,2.8946922,1.5964045
2015-01-09,2.8946945,1.5964045
2015-01-12,2.8946993,1.5964045
2015-01-13,2.8947017,1.5964045
2015-01-14,2.8947041,1.5964045
2015-01-15,2.8947072,1.5964045
2015-01-16,2.8947096,1.5964045
2015-01-20,2.8947191,1.5964045
2015-01-21,2.8947215,1.5964045
2015-01-22,2.8947239,1.5964045
2015-01-23,2.8947263,1.5964045
2015-01-26,2.8943354,1.5961863
2015-01-27,2.8948591,1.5964739
2015-01-28,2.9111576,1.6054614
2015-01-29,2.905061,1.6020983
2015-01-30,2.9189179,1.6097389
2015-02-02,2.9189227,1.6097389
2015-02-03,2.9189243,1.6097389
2015-02-04,2.9189259,1.6097389
2015-02-05,2.9189267,1.6097389
2015-02-06,2.9189283,1.6097389
2015-02-09,2.9189331,1.6097389
2015-02-10,2.9189339,1.6097389
2015-02-11,2.9189347,1.6097389
2015-02-12,2.9189355,1.6097389
2015-02-13,2.9189371,1.6097389
2015-02-17,2.9189403,1.6097389
2015-02-18,2.9189419,1.6097389
2015-02-19,2.9189435,1.6097389
2015-02-20,2.9189451,1.6097389
2015-02-23,2.9182894,1.6093746
2015-02-24,2.9370082,1.6196967
2015-02-25,2.944731,1.6239548
2015-02-26,2.9261835,1.6137254
2015-02-27,2.9341186,1.6181001
2015-03-02,2.9341234,1.6181001
2015-03-03,2.934125,1.6181001
2015-03-04,2.9341266,1.6181001
2015-03-05,2.9341274,1.6181001
2015-03-06,2.934129,1.6181001
2015-03-09,2.9341314,1.6181001
2015-03-10,2.9341331,1.6181001
2015-03-11,2.9341347,1.6181001
2015-03-12,2.9341371,1.6181001
2015-03-13,2.9341395,1.6181001
2015-03-16,2.9341467,1.6181001
2015-03-17,2.9341507,1.6181001
2015-03-18,2.9341548,1.6181001
2015-03-19,2.9341572,1.6181001
2015-03-20,2.9341596,1.6181001
2015-03-23,2.934162,1.6181001
2015-03-24,2.9341644,1.6181001
2015-03-25,2.9335328,1.6177509
2015-03-26,2.9128864,1.6063633
2015-03-27,2.9284173,1.6149268
2015-03-30,2.9263755,1.6137954
2015-03-31,2.9309879,1.6163373
2015-04-01,2.9309903,1.6163373
2015-04-02,2.9309927,1.6163373
2015-04-03,2.9309943,1.6163373
2015-04-06,2.9309992,1.6163373
2015-04-07,2.9310016,1.6163373
2015-04-08,2.9310032,1.6163373
2015-04-09,2.9310056,1.6163373
2015-04-10,2.931008,1.6163373
2015-04-13,2.9310128,1.6163373
2015-04-14,2.9310152,1.6163373
2015-04-15,2.9310168,1.6163373
2015-04-16,2.9310184,1.6163373
2015-04-17,2.93102,1.6163373
2015-04-20,2.9310224,1.6163373
2015-04-21,2.9310248,1.6163373
2015-04-22,2.9310273,1.6163373
2015-04-23,2.9310297,1.6163373
2015-04-24,2.930701,1.6161547
2015-04-27,2.9301328,1.6158374
2015-04-28,2.9225535,1.6116568
2015-04-29,2.9144663,1.6071962
2015-04-30,2.9153127,1.6076626
2015-05-01,2.9153135,1.6076626
2015-05-04,2.9153159,1.6076626
2015-05-05,2.9153175,1.6076626
2015-05-06,2.9153183,1.6076626
2015-05-07,2.9153199,1.6076626
2015-05-08,2.9153207,1.6076626
2015-05-11,2.9153231,1.6076626
2015-05-12,2.9153247,1.6076626
2015-05-13,2.9153271,1.6076626
2015-05-14,2.9153287,1.6076626
2015-05-15,2.9153295,1.6076626
2015-05-18,2.9153343,1.6076626
2015-05-19,2.9153359,1.6076626
2015-05-20,2.9153375,1.6076626
2015-05-21,2.9153391,1.6076626
2015-05-22,2.9146556,1.6072848
2015-05-26,2.935491,1.6187709
2015-05-27,2.9371879,1.6197058
2015-05-28,2.9386652,1.62052
2015-05-29,2.9414539,1.6220574
2015-06-01,2.9414564,1.6220574
2015-06-02,2.941458,1.6220574
2015-06-03,2.9414588,1.6220574
2015-06-04,2.9414604,1.6220574
2015-06-05,2.941462,1.6220574
2015-06-08,2.9414692,1.6220574
2015-06-09,2.9414709,1.6220574
2015-06-10,2.9414725,1.6220574
2015-06-11,2.9414741,1.6220574
2015-06-12,2.9414749,1.6220574
2015-06-15,2.9414797,1.6220574
2015-06-16,2.9414813,1.6220574
2015-06-17,2.9414821,1.6220574
2015-06-18,2.9414829,1.6220574
2015-06-19,2.9414837,1.6220574
2015-06-22,2.9414862,1.6220574
2015-06-23,2.941487,1.6220574
2015-06-24,2.9408255,1.6216922
2015-06-25,2.9377101,1.6199738
2015-06-26,2.9161367,1.6080769
2015-06-29,2.9574574,1.6308615
2015-06-30,2.9521079,1.6279107
2015-07-01,2.9521087,1.6279107
2015-07-02,2.9521096,1.6279107
2015-07-06,2.9521128,1.6279107
2015-07-07,2.9521144,1.6279107
2015-07-08,2.952116,1.6279107
2015-07-09,2.9521176,1.6279107
2015-07-10,2.9521201,1.6279107
2015-07-13,2.9521225,1.6279107
2015-07-14,2.9521241,1.6279107
2015-07-15,2.9521249,1.6279107
2015-07-16,2.9521265,1.6279107
2015-07-17,2.9521282,1.6279107
2015-07-20,2.9521354,1.6279107
2015-07-21,2.9521387,1.6279107
2015-07-22,2.9521411,1.6279107
2015-07-23,2.9521443,1.6279107
2015-07-24,2.9521468,1.6279107
2015-07-27,2.9518614,1.627748
2015-07-28,2.9484071,1.6258409
2015-07-29,2.9453983,1.6241796
2015-07-30,2.9471478,1.6251416
2015-07-31,2.9549352,1.6294327
2015-08-03,2.9549546,1.6294327
2015-08-04,2.9549611,1.6294327
2015-08-05,2.9549676,1.6294327
2015-08-06,2.954974,1.6294327
2015-08-07,2.9549773,1.6294327
2015-08-10,2.9549919,1.6294327
2015-08-11,2.9550016,1.6294327
2015-08-12,2.9550097,1.6294327
2015-08-13,2.9550178,1.6294327
2015-08-14,2.9550259,1.6294327
2015-08-17,2.9550477,1.6294327
2015-08-18,2.9550558,1.6294327
2015-08-19,2.9550615,1.6294327
2015-08-20,2.9550655,1.6294327
2015-08-21,2.9550671,1.6294327
2015-08-24,2.9550744,1.6294327
2015-08-25,2.9544778,1.629101
2015-08-26,2.9391501,1.6206462
2015-08-27,2.9401666,1.621204
2015-08-28,2.9387271,1.6204076
2015-08-31,2.9329563,1.6172176
2015-09-01,2.9329627,1.6172176
2015-09-02,2.9329652,1.6172176
2015-09-03,2.9329676,1.6172176
2015-09-04,2.9329692,1.6172176
2015-09-08,2.9329756,1.6172176
2015-09-09,2.9329804,1.6172176
2015-09-10,2.9329828,1.6172176
2015-09-11,2.9329844,1.6172176
2015-09-14,2.9329941,1.6172176
2015-09-15,2.9329997,1.6172176
2015-09-16,2.9330053,1.6172176
2015-09-17,2.9330102,1.6172176
2015-09-18,2.933011,1.6172176
2015-09-21,2.9330085,1.6172176
2015-09-22,2.9330093,1.6172176
2015-09-23,2.9330085,1.6172176
2015-09-24,2.9323148,1.6168347
2015-09-25,2.9205846,1.6103664
2015-09-28,2.9416459,1.6219806
2015-09-29,2.9532833,1.6283968
2015-09-30,2.9496174,1.626375
2015-10-01,2.9496166,1.626375
2015-10-02,2.949615,1.626375
2015-10-05,2.949615,1.626375
2015-10-06,2.9496158,1.626375
2015-10-07,2.9496158,1.626375
2015-10-08,2.9496158,1.626375
2015-10-09,2.949615,1.626375
2015-10-13,2.9496182,1.626375
2015-10-14,2.949619,1.626375
2015-10-15,2.949619,1.626375
2015-10-16,2.9496198,1.626375
2015-10-19,2.9496222,1.626375
2015-10-20,2.9496239,1.626375
2015-10-21,2.9496255,1.626375
2015-10-22,2.9496263,1.626375
2015-10-23,2.9496263,1.626375
2015-10-26,2.9492628,1.6261733
2015-10-27,2.9521135,1.6277442
2015-10-28,2.945551,1.6241244
2015-10-29,2.933515,1.6174862
2015-10-30,2.9369672,1.6193866
2015-11-02,2.9369865,1.6193866
2015-11-03,2.9369929,1.6193866
2015-11-04,2.9369978,1.6193866
2015-11-05,2.9370018,1.6193866
2015-11-06,2.9370058,1.6193866
2015-11-09,2.9370251,1.6193866
2015-11-10,2.9370364,1.6193866
2015-11-12,2.9370573,1.6193866
2015-11-13,2.9370686,1.6193866
2015-11-16,2.9371,1.6193866
2015-11-17,2.937112,1.6193866
2015-11-18,2.9371233,1.6193866
2015-11-19,2.937133,1.6193866
2015-11-20,2.9371418,1.6193866
2015-11-23,2.9363435,1.6189318
2015-11-24,2.9404728,1.6212023
2015-11-25,2.9422018,1.6221484
2015-11-27,2.9453796,1.6238836
2015-11-30,2.948251,1.625444
2015-12-01,2.9482688,1.625444
2015-12-02,2.9482858,1.625444
2015-12-03,2.9483027,1.625444
2015-12-04,2.9483197,1.625444
2015-12-07,2.948373,1.625444
2015-12-08,2.9483964,1.625444
2015-12-09,2.9484183,1.625444
2015-12-10,2.9484393,1.625444
2015-12-11,2.9484586,1.625444
2015-12-14,2.948512,1.625444
2015-12-15,2.948533,1.625444
2015-12-16,2.9485532,1.625444
2015-12-17,2.948575,1.625444
2015-12-18,2.9485935,1.625444
2015-12-21,2.9486396,1.625444
2015-12-22,2.948659,1.625444
2015-12-23,2.9486759,1.625444
2015-12-24,2.9479118,1.6250139
2015-12-28,2.9512904,1.6268407
2015-12-29,2.9257322,1.612742
2015-12-30,2.928125,1.6140508
2015-12-31,2.9390211,1.6200477
2016-01-04,2.9390726,1.6200477
2016-01-05,2.9390903,1.6200477
2016-01-06,2.9391064,1.6200477
2016-01-07,2.9391234,1.6200477
2016-01-08,2.9391395,1.6200477
2016-01-11,2.9391878,1.6200477
2016-01-12,2.9392047,1.6200477
2016-01-13,2.9392216,1.6200477
2016-01-14,2.9392393,1.6200477
2016-01-15,2.9392594,1.6200477
2016-01-19,2.9393335,1.6200477
2016-01-20,2.9393545,1.6200477
2016-01-21,2.9393754,1.6200477
2016-01-22,2.9393979,1.6200477
2016-01-25,2.9390751,1.6198298
2016-01-26,2.9418659,1.6213542
2016-01-27,2.9412298,1.6209898
2016-01-28,2.9443058,1.6226709
2016-01-29,2.9528844,1.6273836
2016-02-01,2.9529621,1.6273836
2016-02-02,2.9529904,1.6273836
2016-02-03,2.9530179,1.6273836
2016-02-04,2.9530446,1.6273836
2016-02-05,2.9530681,1.6273836
2016-02-08,2.9531385,1.6273836
2016-02-09,2.9531643,1.6273836
2016-02-10,2.9531886,1.6273836
2016-02-11,2.9532137,1.6273836
2016-02-12,2.9532364,1.6273836
2016-02-16,2.9533302,1.6273836
2016-02-17,2.9533545,1.6273836
2016-02-18,2.9533788,1.6273836
2016-02-19,2.953403,1.6273836
2016-02-22,2.9534759,1.6273836
2016-02-23,2.9527732,1.6269817
2016-02-24,2.9516965,1.6263742
2016-02-25,2.9630388,1.6326091
2016-02-26,2.9474382,1.6239989
2016-02-29,2.9523889,1.626684
2016-03-01,2.9524156,1.626684
2016-03-02,2.9524423,1.626684
2016-03-03,2.9524706,1.626684
2016-03-04,2.9524924,1.626684
2016-03-07,2.9525604,1.626684
2016-03-08,2.9525862,1.626684
2016-03-09,2.9526097,1.626684
2016-03-10,2.952634,1.626684
2016-03-11,2.952659,1.626684
2016-03-14,2.9527367,1.626684
2016-03-15,2.9527642,1.626684
2016-03-16,2.9527917,1.626684
2016-03-17,2.9528168,1.626684
2016-03-18,2.9528403,1.626684
2016-03-21,2.9529106,1.626684
2016-03-22,2.9529357,1.626684
2016-03-23,2.95296,1.626684
2016-03-24,2.9521843,1.6262433
2016-03-28,2.9583786,1.6296038
2016-03-29,2.9825349,1.6428973
2016-03-30,2.9765065,1.6395662
2016-03-31,2.9911909,1.6476459
2016-04-01,2.9912081,1.6476459
2016-04-04,2.9912646,1.6476459
2016-04-05,2.9912835,1.6476459
2016-04-06,2.9913023,1.6476459
2016-04-07,2.9913212,1.6476459
2016-04-08,2.99134,1.6476459
2016-04-11,2.9913966,1.6476459
2016-04-12,2.9914154,1.6476459
2016-04-13,2.9914334,1.6476459
2016-04-14,2.9914523,1.6476459
2016-04-15,2.9914703,1.6476459
2016-04-18,2.9915244,1.6476459
2016-04-19,2.9915424,1.6476459
2016-04-20,2.9915597,1.6476459
2016-04-21,2.9915785,1.6476459
2016-04-22,2.9915974,1.6476459
2016-04-25,2.9912444,1.6474204
2016-04-26,2.9862995,1.6446857
2016-04-27,2.9969622,1.6505473
2016-04-28,3.0026096,1.6536466
2016-04-29,3.0040935,1.6544539
2016-05-02,3.0041478,1.6544539
2016-05-03,3.0041659,1.6544539
2016-05-04,3.0041832,1.6544539
2016-05-05,3.0041988,1.6544539
2016-05-06,3.0042153,1.6544539
2016-05-09,3.0042622,1.6544539
2016-05-10,3.0042819,1.6544539
2016-05-11,3.0043017,1.6544539
2016-05-12,3.0043231,1.6544539
2016-05-13,3.0043453,1.6544539
2016-05-16,3.0044145,1.6544539
2016-05-17,3.0044375,1.6544539
2016-05-18,3.0044606,1.6544539
2016-05-19,3.0044852,1.6544539
2016-05-20,3.0045099,1.6544539
2016-05-23,3.004589,1.6544539
2016-05-24,3.0037059,1.6539518
2016-05-25,3.0003914,1.6521108
2016-05-26,3.014573,1.6599047
2016-05-27,3.0072969,1.6558847
2016-05-31,3.0115126,1.6581497
2016-06-01,3.0115407,1.6581497
2016-06-02,3.0115654,1.6581497
2016-06-03,3.0115885,1.6581497
2016-06-06,3.0116603,1.6581497
2016-06-07,3.0116834,1.6581497
2016-06-08,3.0117065,1.6581497
2016-06-09,3.0117263,1.6581497
2016-06-10,3.011747,1.6581497
2016-06-13,3.0118088,1.6581497
2016-06-14,3.0118311,1.6581497
2016-06-15,3.0118534,1.6581497
2016-06-16,3.0118749,1.6581497
2016-06-17,3.0118971,1.6581497
2016-06-20,3.0119615,1.6581497
2016-06-21,3.0119846,1.6581497
2016-06-22,3.0120069,1.6581497
2016-06-23,3.0120292,1.6581497
2016-06-24,3.0110641,1.6576048
2016-06-27,3.0567481,1.6827186
2016-06-28,3.0580445,1.6834199
2016-06-29,3.0438535,1.6755959
2016-06-30,3.0466093,1.677101
2016-07-01,3.046631,1.677101
2016-07-05,3.0467212,1.677101
2016-07-06,3.0467445,1.677101
2016-07-07,3.0467671,1.677101
2016-07-08,3.0467913,1.677101
2016-07-11,3.0468589,1.677101
2016-07-12,3.0468848,1.677101
2016-07-13,3.046909,1.677101
2016-07-14,3.0469349,1.677101
2016-07-15,3.0469607,1.677101
2016-07-18,3.0470384,1.677101
2016-07-19,3.0470651,1.677101
2016-07-20,3.047091,1.677101
2016-07-21,3.0471177,1.677101
2016-07-22,3.0471436,1.677101
2016-07-25,3.0468254,1.6768818
2016-07-26,3.048231,1.6776407
2016-07-27,3.0563133,1.6820746
2016-07-28,3.056666,1.6822544
2016-07-29,3.0655509,1.6871328
2016-08-01,3.0656189,1.6871328
2016-08-02,3.0656433,1.6871328
2016-08-03,3.0656677,1.6871328
2016-08-04,3.0656912,1.6871328
2016-08-05,3.065713,1.6871328
2016-08-08,3.065781,1.6871328
2016-08-09,3.0658071,1.6871328
2016-08-10,3.0658314,1.6871328
2016-08-11,3.065855,1.6871328
2016-08-12,3.0658785,1.6871328
2016-08-15,3.065949,1.6871328
2016-08-16,3.0659751,1.6871328
2016-08-17,3.0659978,1.6871328
2016-08-18,3.066023,1.6871328
2016-08-19,3.0660473,1.6871328
2016-08-22,3.0661204,1.6871328
2016-08-23,3.0661448,1.6871328
2016-08-24,3.06617,1.6871328
2016-08-25,3.0654122,1.6867015
2016-08-26,3.0535488,1.6801586
2016-08-29,3.0719967,1.6902636
2016-08-30,3.0709246,1.6896585
2016-08-31,3.068345,1.6882239
2016-09-01,3.0683727,1.6882239
2016-09-02,3.0684005,1.6882239
2016-09-06,3.0685081,1.6882239
2016-09-07,3.068535,1.6882239
2016-09-08,3.0685636,1.6882239
2016-09-09,3.0685921,1.6882239
2016-09-12,3.0686779,1.6882239
2016-09-13,3.068709,1.6882239
2016-09-14,3.0687393,1.6882239
2016-09-15,3.068767,1.6882239
2016-09-16,3.0687914,1.6882239
2016-09-19,3.0688645,1.6882239
2016-09-20,3.0688898,1.6882239
2016-09-21,3.068915,1.6882239
2016-09-22,3.0689335,1.6882239
2016-09-23,3.0689486,1.6882239
2016-09-26,3.0680428,1.6877006
2016-09-27,3.0793563,1.6939125
2016-09-28,3.0756951,1.6918864
2016-09-29,3.0796791,1.6940654
2016-09-30,3.0649552,1.6859541
2016-10-03,3.0650257,1.6859541
2016-10-04,3.0650526,1.6859541
2016-10-05,3.0650803,1.6859541
2016-10-06,3.0651072,1.6859541
2016-10-07,3.065134,1.6859541
2016-10-11,3.0652415,1.6859541
2016-10-12,3.0652709,1.6859541
2016-10-13,3.0653011,1.6859541
2016-10-14,3.0653255,1.6859541
2016-10-17,3.0654036,1.6859541
2016-10-18,3.0654322,1.6859541
2016-10-19,3.0654607,1.6859541
2016-10-20,3.0654893,1.6859541
2016-10-21,3.0655178,1.6859541
2016-10-24,3.065601,1.6859541
2016-10-25,3.0645557,1.685364
2016-10-26,3.0558297,1.6805494
2016-10-27,3.0317294,1.6672802
2016-10-28,3.0273791,1.6648746
2016-10-31,3.0376385,1.6704769
2016-11-01,3.0376668,1.6704769
2016-11-02,3.0376959,1.6704769
2016-11-03,3.0377259,1.6704769
2016-11-04,3.0377567,1.6704769
2016-11-07,3.0378491,1.6704769
2016-11-08,3.0378832,1.6704769
2016-11-09,3.037919,1.6704769
2016-11-10,3.0379556,1.6704769
2016-11-14,3.0381121,1.6704769
2016-11-15,3.038157,1.6704769
2016-11-16,3.0381986,1.6704769
2016-11-17,3.0382369,1.6704769
2016-11-18,3.0382727,1.6704769
2016-11-21,3.0383801,1.6704769
2016-11-22,3.0384184,1.6704769
2016-11-23,3.0375322,1.6699677
2016-11-25,3.0393045,1.6708964
2016-11-28,3.0515361,1.6775549
2016-11-29,3.0618716,1.6832147
2016-11-30,3.0365243,1.6692583
2016-12-01,3.0365642,1.6692583
2016-12-02,3.0366033,1.6692583
2016-12-05,3.0367231,1.6692583
2016-12-06,3.0367639,1.6692583
2016-12-07,3.0368046,1.6692583
2016-12-08,3.0368471,1.6692583
2016-12-09,3.0368887,1.6692583
2016-12-12,3.037021,1.6692583
2016-12-13,3.0370634,1.6692583
2016-12-14,3.0371083,1.6692583
2016-12-15,3.0371533,1.6692583
2016-12-16,3.0371949,1.6692583
2016-12-19,3.0373197,1.6692583
2016-12-20,3.0373629,1.6692583
2016-12-21,3.0374062,1.6692583
2016-12-22,3.0374487,1.6692583
2016-12-23,3.0366182,1.668779
2016-12-27,3.0300974,1.6651022
2016-12-28,3.0498527,1.6759349
2016-12-29,3.058636,1.6807376
2016-12-30,3.0698415,1.6868739
2017-01-03,3.0700097,1.6868739
2017-01-04,3.0700543,1.6868739
2017-01-05,3.070098,1.6868739
2017-01-06,3.0701409,1.6868739
2017-01-09,3.0702721,1.6868739
2017-01-10,3.0703142,1.6868739
2017-01-11,3.0703571,1.6868739
2017-01-12,3.0704,1.6868739
2017-01-13,3.0704429,1.6868739
2017-01-17,3.0706179,1.6868739
2017-01-18,3.0706633,1.6868739
2017-01-19,3.070707,1.6868739
2017-01-20,3.07075,1.6868739
2017-01-23,3.0708736,1.6868739
2017-01-24,3.0709165,1.6868739
2017-01-25,3.0701849,1.6864489
2017-01-26,3.0775129,1.6904515
2017-01-27,3.0834526,1.693691
2017-01-30,3.0828147,1.6932696
2017-01-31,3.0940626,1.699424
2017-02-01,3.0941066,1.699424
2017-02-02,3.094149,1.699424
2017-02-03,3.0941923,1.699424
2017-02-06,3.0943194,1.699424
2017-02-07,3.0943644,1.699424
2017-02-08,3.0944093,1.699424
2017-02-09,3.0944542,1.699424
2017-02-10,3.0944992,1.699424
2017-02-13,3.0946365,1.699424
2017-02-14,3.0946806,1.699424
2017-02-15,3.0947264,1.699424
2017-02-16,3.0947713,1.699424
2017-02-17,3.0948154,1.699424
2017-02-21,3.0949918,1.699424
2017-02-22,3.0941564,1.6989406
2017-02-23,3.106735,1.7058231
2017-02-24,3.1318752,1.719603
2017-02-27,3.1157988,1.7107039
2017-02-28,3.1150445,1.7102664
2017-03-01,3.1150897,1.7102664
2017-03-02,3.1151427,1.7102664
2017-03-03,3.115199,1.7102664
2017-03-06,3.1153782,1.7102664
2017-03-07,3.1154405,1.7102664
2017-03-08,3.1155045,1.7102664
2017-03-09,3.115566,1.7102664
2017-03-10,3.1156275,1.7102664
2017-03-13,3.1158144,1.7102664
2017-03-14,3.115881,1.7102664
2017-03-15,3.1159467,1.7102664
2017-03-16,3.1160082,1.7102664
2017-03-17,3.1160696,1.7102664
2017-03-20,3.116254,1.7102664
2017-03-21,3.1163181,1.7102664
2017-03-22,3.116383,1.7102664
2017-03-23,3.1164479,1.7102664
2017-03-24,3.1165119,1.7102664
2017-03-27,3.1158111,1.7097735
2017-03-28,3.1017291,1.7020101
2017-03-29,3.1132148,1.7082767
2017-03-30,3.1019289,1.702048
2017-03-31,3.1081317,1.7054156
2017-04-03,3.1083233,1.7054156
2017-04-04,3.1083897,1.7054156
2017-04-05,3.1084561,1.7054156
2017-04-06,3.1085234,1.7054156
2017-04-07,3.1085898,1.7054156
2017-04-10,3.1087968,1.7054156
2017-04-11,3.1088658,1.7054156
2017-04-12,3.1089348,1.7054156
2017-04-13,3.1090029,1.7054156
2017-04-17,3.1092755,1.7054156
2017-04-18,3.1093453,1.7054156
2017-04-19,3.1094143,1.7054156
2017-04-20,3.1094825,1.7054156
2017-04-21,3.1095489,1.7054156
2017-04-24,3.1087284,1.7048562
2017-04-25,3.0820908,1.6902105
2017-04-26,3.0935174,1.6964393
2017-04-27,3.1015542,1.7008085
2017-04-28,3.1033052,1.7017314
2017-05-01,3.1035067,1.7017314
2017-05-02,3.1035764,1.7017314
2017-05-03,3.1036453,1.7017314
2017-05-04,3.1037167,1.7017314
2017-05-05,3.1037881,1.7017314
2017-05-08,3.1040126,1.7017314
2017-05-09,3.1040891,1.7017314
2017-05-10,3.1041657,1.7017314
2017-05-11,3.1042414,1.7017314
2017-05-12,3.1043154,1.7017314
2017-05-15,3.1045348,1.7017314
2017-05-16,3.1046105,1.7017314
2017-05-17,3.1046862,1.7017314
2017-05-18,3.1047619,1.7017314
2017-05-19,3.1048393,1.7017314
2017-05-22,3.105069,1.7017314
2017-05-23,3.1051472,1.7017314
2017-05-24,3.1042174,1.7011794
2017-05-25,3.107087,1.7027091
2017-05-26,3.1066008,1.7023997
2017-05-30,3.1229467,1.7111856
2017-05-31,3.1242696,1.7118673
2017-06-01,3.1243518,1.7118673
2017-06-02,3.124434,1.7118673
2017-06-05,3.1246805,1.7118673
2017-06-06,3.1247618,1.7118673
2017-06-07,3.124844,1.7118673
2017-06-08,3.1249279,1.7118673
2017-06-09,3.1250127,1.7118673
2017-06-12,3.125267,1.7118673
2017-06-13,3.12535,1.7118673
2017-06-14,3.1254348,1.7118673
2017-06-15,3.1255196,1.7118673
2017-06-16,3.1256052,1.7118673
2017-06-19,3.1258646,1.7118673
2017-06-20,3.1259511,1.7118673
2017-06-21,3.1260368,1.7118673
2017-06-22,3.1261199,1.7118673
2017-06-23,3.1262004,1.7118673
2017-06-26,3.125307,1.7112445
2017-06-27,3.0965853,1.6954721
2017-06-28,3.0932696,1.6936106
2017-06-29,3.0718222,1.6818215
2017-06-30,3.0552967,1.6727268
2017-07-03,3.0555504,1.6727268
2017-07-05,3.0557245,1.6727268
2017-07-06,3.0558107,1.6727268
2017-07-07,3.0558961,1.6727268
2017-07-10,3.0561548,1.6727268
2017-07-11,3.0562411,1.6727268
2017-07-12,3.0563273,1.6727268
2017-07-13,3.0564136,1.6727268
2017-07-14,3.0564998,1.6727268
2017-07-17,3.0567561,1.6727268
2017-07-18,3.056844,1.6727268
2017-07-19,3.0569319,1.6727268
2017-07-20,3.0570232,1.6727268
2017-07-21,3.0571179,1.6727268
2017-07-24,3.0574043,1.6727268
2017-07-25,3.0569091,1.6724032
2017-07-26,3.0665587,1.6776292
2017-07-27,3.0598066,1.6738843
2017-07-28,3.0654132,1.6769014
2017-07-31,3.0650031,1.676531
2017-08-01,3.0650913,1.676531
2017-08-02,3.0651803,1.676531
2017-08-03,3.0652693,1.676531
2017-08-04,3.0653583,1.676531
2017-08-07,3.0656254,1.676531
2017-08-08,3.0657102,1.676531
2017-08-09,3.0657976,1.676531
2017-08-10,3.0658849,1.676531
2017-08-11,3.0659714,1.676531
2017-08-14,3.0662259,1.676531
2017-08-15,3.0663108,1.676531
2017-08-16,3.0663965,1.676531
2017-08-17,3.0664805,1.676531
2017-08-18,3.0665628,1.676531
2017-08-21,3.0668149,1.676531
2017-08-22,3.0668981,1.676531
2017-08-23,3.0669812,1.676531
2017-08-24,3.0670636,1.676531
2017-08-25,3.0659513,1.6758771
2017-08-28,3.0699007,1.6778967
2017-08-29,3.0836677,1.6853767
2017-08-30,3.0759681,1.6811218
2017-08-31,3.0868711,1.6870342
2017-09-01,3.0869548,1.6870342
2017-09-05,3.0872931,1.6870342
2017-09-06,3.0873785,1.6870342
2017-09-07,3.0874673,1.6870342
2017-09-08,3.0875545,1.6870342
2017-09-11,3.0878133,1.6870342
2017-09-12,3.0879013,1.6870342
2017-09-13,3.0879876,1.6870342
2017-09-14,3.0880739,1.6870342
2017-09-15,3.088161,1.6870342
2017-09-18,3.0884224,1.6870342
2017-09-19,3.0885104,1.6870342
2017-09-20,3.0885976,1.6870342
2017-09-21,3.0886839,1.6870342
2017-09-22,3.0887702,1.6870342
2017-09-25,3.0878941,1.6864156
2017-09-26,3.0790946,1.6815618
2017-09-27,3.0490596,1.6651107
2017-09-28,3.0497085,1.6654171
2017-09-29,3.0424022,1.6613798
2017-10-02,3.0426623,1.6613798
2017-10-03,3.0427457,1.6613798
2017-10-04,3.0428332,1.6613798
2017-10-05,3.0429216,1.6613798
2017-10-06,3.0430091,1.6613798
2017-10-10,3.0433593,1.6613798
2017-10-11,3.0434476,1.6613798
2017-10-12,3.0435377,1.6613798
2017-10-13,3.0436269,1.6613798
2017-10-16,3.0438946,1.6613798
2017-10-17,3.0439855,1.6613798
2017-10-18,3.0440747,1.6613798
2017-10-19,3.044164,1.6613798
2017-10-20,3.044254,1.6613798
2017-10-23,3.0445268,1.6613798
2017-10-24,3.0446168,1.6613798
2017-10-25,3.0435669,1.6607568
2017-10-26,3.0364558,1.6568265
2017-10-27,3.053965,1.6663308
2017-10-30,3.0763017,1.6783704
2017-10-31,3.0718075,1.6758679
2017-11-01,3.0719026,1.6758679
2017-11-02,3.0720002,1.6758679
2017-11-03,3.072097,1.6758679
2017-11-06,3.0723899,1.6758679
2017-11-07,3.0724884,1.6758679
2017-11-08,3.0725894,1.6758679
2017-11-09,3.0726913,1.6758679
2017-11-10,3.072794,1.6758679
2017-11-13,3.0730996,1.6758679
2017-11-14,3.0732023,1.6758679
2017-11-15,3.0733067,1.6758679
2017-11-16,3.0734103,1.6758679
2017-11-17,3.0735155,1.6758679
2017-11-20,3.0738338,1.6758679
2017-11-21,3.0739416,1.6758679
2017-11-22,3.0740494,1.6758679
2017-11-24,3.0730872,1.6752267
2017-11-27,3.0789475,1.6782478
2017-11-28,3.0723842,1.6746129
2017-11-29,3.0577887,1.6665988
2017-11-30,3.0386298,1.6560986
2017-12-01,3.0387339,1.6560986
2017-12-04,3.0390461,1.6560986
2017-12-05,3.0391527,1.6560986
2017-12-06,3.0392592,1.6560986
2017-12-07,3.0393658,1.6560986
2017-12-08,3.0394716,1.6560986
2017-12-11,3.0397863,1.6560986
2017-12-12,3.0398954,1.6560986
2017-12-13,3.0400054,1.6560986
2017-12-14,3.040112,1.6560986
2017-12-15,3.0402203,1.6560986
2017-12-18,3.0405426,1.6560986
2017-12-19,3.0406559,1.6560986
2017-12-20,3.0407684,1.6560986
2017-12-21,3.0408817,1.6560986
2017-12-22,3.0397271,1.6554095
2017-12-26,3.045934,1.6585521
2017-12-27,3.0725147,1.6729597
2017-12-28,3.0689395,1.670948
2017-12-29,3.0807735,1.6773285
2018-01-02,3.0812361,1.6773285
2018-01-03,3.0813559,1.6773285
2018-01-04,3.0814733,1.6773285
2018-01-05,3.0815906,1.6773285
2018-01-08,3.0819376,1.6773285
2018-01-09,3.0820584,1.6773285
2018-01-10,3.0821783,1.6773285
2018-01-11,3.0822965,1.6773285
2018-01-12,3.0824156,1.6773285
2018-01-16,3.0828919,1.6773285
2018-01-17,3.0830127,1.6773285
2018-01-18,3.0831326,1.6773285
2018-01-19,3.0832534,1.6773285
2018-01-22,3.0836132,1.6773285
2018-01-23,3.083734,1.6773285
2018-01-24,3.083854,1.6773285
2018-01-25,3.0833343,1.676981
2018-01-26,3.0751721,1.6724774
2018-01-29,3.0672234,1.6679633
2018-01-30,3.0596835,1.6637978
2018-01-31,3.0621586,1.665079
2018-02-01,3.0622794,1.665079
2018-02-02,3.0624019,1.665079
2018-02-05,3.0627694,1.665079
2018-02-06,3.0628944,1.665079
2018-02-07,3.0630203,1.665079
2018-02-08,3.0631487,1.665079
2018-02-09,3.0632771,1.665079
2018-02-12,3.0636623,1.665079
2018-02-13,3.0637975,1.665079
2018-02-14,3.0639293,1.665079
2018-02-15,3.0640602,1.665079
2018-02-16,3.0641912,1.665079
2018-02-20,3.0647251,1.665079
2018-02-21,3.0648628,1.665079
2018-02-22,3.0638264,1.664442
2018-02-23,3.0846731,1.6756937
2018-02-26,3.0933477,1.6801843
2018-02-27,3.0752524,1.6702797
2018-02-28,3.0893458,1.6778593
2018-03-01,3.0894838,1.6778593
2018-03-02,3.0896192,1.6778593
2018-03-05,3.0900306,1.6778593
2018-03-06,3.090172,1.6778593
2018-03-07,3.0903117,1.6778593
2018-03-08,3.0904514,1.6778593
2018-03-09,3.0905903,1.6778593
2018-03-12,3.0910068,1.6778593
2018-03-13,3.0911491,1.6778593
2018-03-14,3.0912931,1.6778593
2018-03-15,3.0914396,1.6778593
2018-03-16,3.091587,1.6778593
2018-03-19,3.0920317,1.6778593
2018-03-20,3.0921816,1.6778593
2018-03-21,3.0923324,1.6778593
2018-03-22,3.0924773,1.6778593
2018-03-23,3.0915066,1.6772549
2018-03-26,3.0798259,1.670682
2018-03-27,3.1088402,1.6863405
2018-03-28,3.1131431,1.6885942
2018-03-29,3.1266129,1.6958217
2018-04-02,3.1271954,1.6958217
2018-04-03,3.1273444,1.6958217
2018-04-04,3.1274918,1.6958217
2018-04-05,3.1276358,1.6958217
2018-04-06,3.1277806,1.6958217
2018-04-09,3.1282176,1.6958217
2018-04-10,3.1283659,1.6958217
2018-04-11,3.1285124,1.6958217
2018-04-12,3.1286581,1.6958217
2018-04-13,3.1288056,1.6958217
2018-04-16,3.1292505,1.6958217
2018-04-17,3.1294014,1.6958217
2018-04-18,3.1295531,1.6958217
2018-04-19,3.1297057,1.6958217
2018-04-20,3.1298592,1.6958217
2018-04-23,3.1303171,1.6958217
2018-04-24,3.1293992,1.6952389
2018-04-25,3.118135,1.6890515
2018-04-26,3.130335,1.6955758
2018-04-27,3.1469834,1.7045104
2018-04-30,3.1517476,1.7068415
2018-05-01,3.1519065,1.7068415
2018-05-02,3.1520637,1.7068415
2018-05-03,3.15222,1.7068415
2018-05-04,3.1523754,1.7068415
2018-05-07,3.1528418,1.7068415
2018-05-08,3.1529999,1.7068415
2018-05-09,3.1531588,1.7068415
2018-05-10,3.1533186,1.7068415
2018-05-11,3.1534793,1.7068415
2018-05-14,3.1539666,1.7068415
2018-05-15,3.1541308,1.7068415
2018-05-16,3.1542941,1.7068415
2018-05-17,3.1544566,1.7068415
2018-05-18,3.1546191,1.7068415
2018-05-21,3.1551039,1.7068415
2018-05-22,3.1552682,1.7068415
2018-05-23,3.1554324,1.7068415
2018-05-24,3.1544001,1.7061952
2018-05-25,3.1775442,1.7186263
2018-05-29,3.2533179,1.7592594
2018-05-30,3.2203165,1.741322
2018-05-31,3.2227944,1.7425713
2018-06-01,3.2229613,1.7425713
2018-06-04,3.2234593,1.7425713
2018-06-05,3.223628,1.7425713
2018-06-06,3.2237967,1.7425713
2018-06-07,3.2239654,1.7425713
2018-06-08,3.2241332,1.7425713
2018-06-11,3.2246341,1.7425713
2018-06-12,3.2248028,1.7425713
2018-06-13,3.2249698,1.7425713
2018-06-14,3.2251377,1.7425713
2018-06-15,3.2253056,1.7425713
2018-06-18,3.2258092,1.7425713
2018-06-19,3.225978,1.7425713
2018-06-20,3.2261468,1.7425713
2018-06-21,3.2263148,1.7425713
2018-06-22,3.2264827,1.7425713
2018-06-25,3.2259537,1.7420149
2018-06-26,3.2228834,1.7402662
2018-06-27,3.2435237,1.7513208
2018-06-28,3.2402139,1.7494431
2018-06-29,3.2359155,1.7470317
2018-07-02,3.2364182,1.7470317
2018-07-03,3.2365911,1.7470317
2018-07-05,3.2369351,1.7470317
2018-07-06,3.2371054,1.7470317
2018-07-09,3.2376189,1.7470317
2018-07-10,3.2377919,1.7470317
2018-07-11,3.2379648,1.7470317
2018-07-12,3.238136,1.7470317
2018-07-13,3.2383082,1.7470317
2018-07-16,3.2388245,1.7470317
2018-07-17,3.2390002,1.7470317
2018-07-18,3.2391759,1.7470317
2018-07-19,3.2393498,1.7470317
2018-07-20,3.2395238,1.7470317
2018-07-23,3.240043,1.7470317
2018-07-24,3.240217,1.7470317
2018-07-25,3.2393337,1.7464607
2018-07-26,3.2229404,1.7375281
2018-07-27,3.2308661,1.7417081
2018-07-30,3.2244031,1.7379434
2018-07-31,3.2314241,1.741632
2018-08-01,3.2316002,1.741632
2018-08-02,3.2317764,1.741632
2018-08-03,3.2319517,1.741632
2018-08-06,3.232475,1.741632
2018-08-07,3.2326539,1.741632
2018-08-08,3.2328328,1.741632
2018-08-09,3.2330118,1.741632
2018-08-10,3.2331907,1.741632
2018-08-13,3.2337248,1.741632
2018-08-14,3.2339047,1.741632
2018-08-15,3.2340854,1.741632
2018-08-16,3.2342653,1.741632
2018-08-17,3.2344452,1.741632
2018-08-20,3.2349795,1.741632
2018-08-21,3.2351594,1.741632
2018-08-22,3.2353402,1.741632
2018-08-23,3.2355219,1.741632
2018-08-24,3.2357028,1.741632
2018-08-27,3.2349073,1.7409103
2018-08-28,3.2196098,1.7325786
2018-08-29,3.218441,1.7318504
2018-08-30,3.232897,1.73953
2018-08-31,3.2293077,1.7375001
2018-09-04,3.2300403,1.7375001
2018-09-05,3.2302252,1.7375001
2018-09-06,3.2304111,1.7375001
2018-09-07,3.2305961,1.7375001
2018-09-10,3.2311537,1.7375001
2018-09-11,3.2313405,1.7375001
2018-09-12,3.2315273,1.7375001
2018-09-13,3.231715,1.7375001
2018-09-14,3.2319018,1.7375001
2018-09-17,3.2324649,1.7375001
2018-09-18,3.2326536,1.7375001
2018-09-19,3.2328422,1.7375001
2018-09-20,3.23303,1.7375001
2018-09-21,3.2332186,1.7375001
2018-09-24,3.2330732,1.7371163
2018-09-25,3.2275961,1.7340698
2018-09-26,3.2384569,1.7398018
2018-09-27,3.2387358,1.7398486
2018-09-28,3.2410788,1.7410053
2018-10-01,3.2416516,1.7410053
2018-10-02,3.2418461,1.7410053
2018-10-03,3.2420406,1.7410053
2018-10-04,3.2422351,1.7410053
2018-10-05,3.2424288,1.7410053
2018-10-09,3.2432034,1.7410053
2018-10-10,3.2433998,1.7410053
2018-10-11,3.2435979,1.7410053
2018-10-12,3.2437952,1.7410053
2018-10-15,3.2443897,1.7410053
2018-10-16,3.2445915,1.7410053
2018-10-17,3.2447924,1.7410053
2018-10-18,3.2449942,1.7410053
2018-10-19,3.245196,1.7410053
2018-10-22,3.2457988,1.7410053
2018-10-23,3.2460034,1.7410053
2018-10-24,3.246207,1.7410053
2018-10-25,3.2451783,1.7403444
2018-10-26,3.2731733,1.7552485
2018-10-29,3.2734541,1.7550702
2018-10-30,3.2554574,1.7453106
2018-10-31,3.2392436,1.7365086
2018-11-01,3.2394468,1.7365086
2018-11-02,3.2396483,1.7365086
2018-11-05,3.2402554,1.7365086
2018-11-06,3.2404613,1.7365086
2018-11-07,3.2406664,1.7365086
2018-11-08,3.2408724,1.7365086
2018-11-09,3.2410766,1.7365086
2018-11-13,3.2418971,1.7365086
2018-11-14,3.2421049,1.7365086
2018-11-15,3.2423119,1.7365086
2018-11-16,3.242518,1.7365086
2018-11-19,3.2431336,1.7365086
2018-11-20,3.2433415,1.7365086
2018-11-21,3.2435495,1.7365086
2018-11-23,3.2439689,1.7365086
2018-11-26,3.243417,1.7358763
2018-11-27,3.2468502,1.7376011
2018-11-28,3.245794,1.7369235
2018-11-29,3.2558939,1.7422164
2018-11-30,3.265219,1.7470955
2018-12-03,3.2658416,1.7470955
2018-12-04,3.266051,1.7470955
2018-12-06,3.2664769,1.7470955
2018-12-07,3.2666881,1.7470955
2018-12-10,3.2673191,1.7470955
2018-12-11,3.2675312,1.7470955
2018-12-12,3.2677434,1.7470955
2018-12-13,3.2679574,1.7470955
2018-12-14,3.2681704,1.7470955
2018-12-17,3.2688071,1.7470955
2018-12-18,3.2690184,1.7470955
2018-12-19,3.269228,1.7470955
2018-12-20,3.2694385,1.7470955
2018-12-21,3.2696481,1.7470955
2018-12-24,3.2691061,1.7464699
2018-12-26,3.2372177,1.7292033
2018-12-27,3.2549401,1.7385568
2018-12-28,3.2741967,1.7487298
2018-12-31,3.2881681,1.7558541
2019-01-02,3.2886005,1.7558541
2019-01-03,3.288814,1.7558541
2019-01-04,3.2890267,1.7558541
2019-01-07,3.2896673,1.7558541
2019-01-08,3.2898845,1.7558541
2019-01-09,3.2901018,1.7558541
2019-01-10,3.2903181,1.7558541
2019-01-11,3.2905327,1.7558541
2019-01-14,3.2911763,1.7558541
2019-01-15,3.2913927,1.7558541
2019-01-16,3.2916092,1.7558541
2019-01-17,3.2918238,1.7558541
2019-01-18,3.2920375,1.7558541
2019-01-22,3.292889,1.7558541
2019-01-23,3.2931037,1.7558541
2019-01-24,3.2933166,1.7558541
2019-01-25,3.2929745,1.7555601
2019-01-28,3.2953587,1.7564935
2019-01-29,3.3019181,1.7598758
2019-01-30,3.3060477,1.7619625
2019-01-31,3.3210912,1.7698656
2019-02-01,3.321306,1.7698656
2019-02-04,3.3219475,1.7698656
2019-02-05,3.3221632,1.7698656
2019-02-06,3.3223789,1.7698656
2019-02-07,3.3225946,1.7698656
2019-02-08,3.3228104,1.7698656
2019-02-11,3.3234604,1.7698656
2019-02-12,3.3236789,1.7698656
2019-02-13,3.3238956,1.7698656
2019-02-14,3.3241133,1.7698656
2019-02-15,3.32433,1.7698656
2019-02-19,3.3251971,1.7698656
2019-02-20,3.3254166,1.7698656
2019-02-21,3.3256353,1.7698656
2019-02-22,3.3247497,1.7692779
2019-02-25,3.3188763,1.7658019
2019-02-26,3.3308129,1.7720357
2019-02-27,3.3086544,1.7601305
2019-02-28,3.2944096,1.7524369
2019-03-01,3.2946263,1.7524369
2019-03-04,3.2952734,1.7524369
2019-03-05,3.295491,1.7524369
2019-03-06,3.2957086,1.7524369
2019-03-07,3.2959262,1.7524369
2019-03-08,3.2961429,1.7524369
2019-03-11,3.2967958,1.7524369
2019-03-12,3.2970135,1.7524369
2019-03-13,3.2972312,1.7524369
2019-03-14,3.297448,1.7524369
2019-03-15,3.2976648,1.7524369
2019-03-18,3.2983153,1.7524369
2019-03-19,3.2985313,1.7524369
2019-03-20,3.2987491,1.7524369
2019-03-21,3.2989678,1.7524369
2019-03-22,3.2991874,1.7524369
2019-03-25,3.2988191,1.7518941
2019-03-26,3.3068973,1.7560685
2019-03-27,3.3151976,1.7603603
2019-03-28,3.3158153,1.760573
2019-03-29,3.3073849,1.755982
2019-04-01,3.3080237,1.755982
2019-04-02,3.3082394,1.755982
2019-04-03,3.3084542,1.755982
2019-04-04,3.3086708,1.755982
2019-04-05,3.3088875,1.755982
2019-04-08,3.3095375,1.755982
2019-04-09,3.3097533,1.755982
2019-04-10,3.3099682,1.755982
2019-04-11,3.310184,1.755982
2019-04-12,3.3103998,1.755982
2019-04-15,3.3110501,1.755982
2019-04-16,3.311266,1.755982
2019-04-17,3.3114819,1.755982
2019-04-18,3.3116988,1.755982
2019-04-22,3.3125589,1.755982
2019-04-23,3.3127758,1.755982
2019-04-24,3.3118024,1.7553506
2019-04-25,3.3082661,1.7533613
2019-04-26,3.3228585,1.7609808
2019-04-29,3.3084627,1.7530086
2019-04-30,3.3223993,1.7602782
2019-05-01,3.3226159,1.7602782
2019-05-02,3.3228326,1.7602782
2019-05-03,3.323052,1.7602782
2019-05-06,3.323702,1.7602782
2019-05-07,3.3239196,1.7602782
2019-05-08,3.3241364,1.7602782
2019-05-09,3.3243531,1.7602782
2019-05-10,3.3245699,1.7602782
2019-05-13,3.3252202,1.7602782
2019-05-14,3.3254352,1.7602782
2019-05-15,3.3256502,1.7602782
2019-05-16,3.3258662,1.7602782
2019-05-17,3.3260803,1.7602782
2019-05-20,3.32672,1.7602782
2019-05-21,3.3269333,1.7602782
2019-05-22,3.3271466,1.7602782
2019-05-23,3.327359,1.7602782
2019-05-24,3.3263912,1.7596543
2019-05-28,3.3536236,1.7736167
2019-05-29,3.3588776,1.7762826
2019-05-30,3.3743639,1.7843593
2019-05-31,3.412455,1.804388
2019-06-03,3.4131001,1.804388
2019-06-04,3.4133152,1.804388
2019-06-05,3.4135302,1.804388
2019-06-06,3.4137453,1.804388
2019-06-07,3.4139586,1.804388
2019-06-10,3.4145843,1.804388
2019-06-11,3.4147939,1.804388
2019-06-12,3.4150016,1.804388
2019-06-13,3.4152065,1.804388
2019-06-14,3.4154067,1.804388
2019-06-17,3.4160102,1.804388
2019-06-18,3.4162143,1.804388
2019-06-19,3.4164174,1.804388
2019-06-20,3.4166167,1.804388
2019-06-21,3.4168124,1.804388
2019-06-24,3.4162122,1.803764
2019-06-25,3.4255881,1.8086117
2019-06-26,3.4017339,1.7959148
2019-06-27,3.4214556,1.8062234
2019-06-28,3.4231576,1.8070185
2019-07-01,3.4237429,1.8070185
2019-07-02,3.4239455,1.8070185
2019-07-03,3.4241472,1.8070185
2019-07-05,3.4245524,1.8070185
2019-07-08,3.425166,1.8070185
2019-07-09,3.4253734,1.8070185
2019-07-10,3.4255808,1.8070185
2019-07-11,3.4257826,1.8070185
2019-07-12,3.4259816,1.8070185
2019-07-15,3.4265729,1.8070185
2019-07-16,3.426771,1.8070185
2019-07-17,3.4269682,1.8070185
2019-07-18,3.4271644,1.8070185
2019-07-19,3.4273531,1.8070185
2019-07-22,3.4279221,1.8070185
2019-07-23,3.4281137,1.8070185
2019-07-24,3.4283035,1.8070185
2019-07-25,3.4279318,1.8067211
2019-07-26,3.4286377,1.8069912
2019-07-29,3.4322907,1.8086075
2019-07-30,3.4329971,1.8088771
2019-07-31,3.4401784,1.81256
2019-08-01,3.4403707,1.81256
2019-08-02,3.440562,1.81256
2019-08-05,3.4411332,1.81256
2019-08-06,3.4413218,1.81256
2019-08-07,3.4415113,1.81256
2019-08-08,3.441698,1.81256
2019-08-09,3.4418847,1.81256
2019-08-12,3.4424392,1.81256
2019-08-13,3.442624,1.81256
2019-08-14,3.4428089,1.81256
2019-08-15,3.44299,1.81256
2019-08-16,3.4431664,1.81256
2019-08-19,3.4436843,1.81256
2019-08-20,3.4438635,1.81256
2019-08-21,3.4440428,1.81256
2019-08-22,3.4442249,1.81256
2019-08-23,3.4444098,1.81256
2019-08-26,3.4440064,1.8120601
2019-08-27,3.4645528,1.8227733
2019-08-28,3.4746736,1.8280012
2019-08-29,3.4632615,1.8218997
2019-08-30,3.4648994,1.822664
2019-09-03,3.4656399,1.822664
2019-09-04,3.4658241,1.822664
2019-09-05,3.4660073,1.822664
2019-09-06,3.4661906,1.822664
2019-09-09,3.4667376,1.822664
2019-09-10,3.46692,1.822664
2019-09-11,3.4671014,1.822664
2019-09-12,3.4672838,1.822664
2019-09-13,3.4674652,1.822664
2019-09-16,3.4680124,1.822664
2019-09-17,3.4681977,1.822664
2019-09-18,3.468383,1.822664
2019-09-19,3.4685645,1.822664
2019-09-20,3.4687441,1.822664
2019-09-23,3.4692772,1.822664
2019-09-24,3.4685911,1.8222086
2019-09-25,3.4384399,1.806275
2019-09-26,3.4476229,1.8110074
2019-09-27,3.4532694,1.8138847
2019-09-30,3.4561179,1.8151185
2019-10-01,3.4562921,1.8151185
2019-10-02,3.4564607,1.8151185
2019-10-03,3.4566264,1.8151185
2019-10-04,3.4567845,1.8151185
2019-10-07,3.4572618,1.8151185
2019-10-08,3.4574238,1.8151185
2019-10-09,3.457583,1.8151185
2019-10-10,3.4577402,1.8151185
2019-10-11,3.4578965,1.8151185
2019-10-15,3.4585218,1.8151185
2019-10-16,3.4586772,1.8151185
2019-10-17,3.4588316,1.8151185
2019-10-18,3.4589861,1.8151185
2019-10-21,3.4594495,1.8151185
2019-10-22,3.4596049,1.8151185
2019-10-23,3.4597585,1.8151185
2019-10-24,3.459912,1.8151185
2019-10-25,3.4596609,1.8149052
2019-10-28,3.4525606,1.8109373
2019-10-29,3.4540223,1.8116236
2019-10-30,3.463898,1.816724
2019-10-31,3.4786703,1.8243925
2019-11-01,3.4788142,1.8243925
2019-11-04,3.4792403,1.8243925
2019-11-05,3.4793832,1.8243925
2019-11-06,3.4795291,1.8243925
2019-11-07,3.4796749,1.8243925
2019-11-08,3.4798208,1.8243925
2019-11-12,3.4804005,1.8243925
2019-11-13,3.4805492,1.8243925
2019-11-14,3.4806961,1.8243925
2019-11-15,3.4808429,1.8243925
2019-11-18,3.4812835,1.8243925
2019-11-19,3.4814304,1.8243925
2019-11-20,3.4815773,1.8243925
2019-11-21,3.4817242,1.8243925
2019-11-22,3.4810043,1.8239378
2019-11-25,3.4842645,1.8254137
2019-11-26,3.4941552,1.8305165
2019-11-27,3.4851497,1.8257199
2019-11-29,3.4813078,1.8235483
2019-12-02,3.4817542,1.8235483
2019-12-03,3.481904,1.8235483
2019-12-04,3.4820509,1.8235483
2019-12-05,3.4821959,1.8235483
2019-12-06,3.4823399,1.8235483
2019-12-09,3.4827693,1.8235483
2019-12-10,3.4829133,1.8235483
2019-12-11,3.4830593,1.8235483
2019-12-12,3.4832063,1.8235483
2019-12-13,3.4833523,1.8235483
2019-12-16,3.4837932,1.8235483
2019-12-17,3.4839402,1.8235483
2019-12-18,3.4840862,1.8235483
2019-12-19,3.4842323,1.8235483
2019-12-20,3.4843793,1.8235483
2019-12-23,3.4848232,1.8235483
2019-12-24,3.4840509,1.8230662
2019-12-26,3.4840915,1.8229327
2019-12-27,3.4923756,1.8271896
2019-12-30,3.4871148,1.8242059
2019-12-31,3.4773786,1.8190356
2020-01-02,3.4776682,1.8190356
2020-01-03,3.477812,1.8190356
2020-01-06,3.478238,1.8190356
2020-01-07,3.4783838,1.8190356
2020-01-08,3.4785277,1.8190356
2020-01-09,3.4786716,1.8190356
2020-01-10,3.4788155,1.8190356
2020-01-13,3.4792472,1.8190356
2020-01-14,3.479394,1.8190356
2020-01-15,3.4795408,1.8190356
2020-01-16,3.4796876,1.8190356
2020-01-17,3.4798325,1.8190356
2020-01-21,3.480416,1.8190356
2020-01-22,3.4805619,1.8190356
2020-01-23,3.4807068,1.8190356
2020-01-24,3.4808518,1.8190356
2020-01-27,3.4808093,1.8187877
2020-01-28,3.4735286,1.8149076
2020-01-29,3.483242,1.8199063
2020-01-30,3.4877581,1.8221895
2020-01-31,3.4989357,1.8279524
2020-02-03,3.4993729,1.8279524
2020-02-04,3.4995205,1.8279524
2020-02-05,3.4996682,1.8279524
2020-02-06,3.4998158,1.8279524
2020-02-07,3.4999635,1.8279524
2020-02-10,3.5004036,1.8279524
2020-02-11,3.5005523,1.8279524
2020-02-12,3.5007,1.8279524
2020-02-13,3.5008486,1.8279524
2020-02-14,3.5009983,1.8279524
2020-02-18,3.5015929,1.8279524
2020-02-19,3.5017416,1.8279524
2020-02-20,3.5018903,1.8279524
2020-02-21,3.5020391,1.8279524
2020-02-24,3.5014633,1.827422
2020-02-25,3.5204984,1.8372814
2020-02-26,3.5209576,1.8374456
2020-02-27,3.5320116,1.8431387
2020-02-28,3.6017445,1.8794563
2020-03-02,3.6021145,1.8794563
2020-03-03,3.6022231,1.8794563
2020-03-04,3.6023149,1.8794563
2020-03-05,3.602385,1.8794563
2020-03-06,3.6024452,1.8794563
2020-03-09,3.6025784,1.8794563
2020-03-10,3.60261,1.8794563
2020-03-11,3.6026524,1.8794563
2020-03-12,3.6026929,1.8794563
2020-03-13,3.6027255,1.8794563
2020-03-16,3.6028054,1.8794563
2020-03-17,3.6028291,1.8794563
2020-03-18,3.6028479,1.8794563
2020-03-19,3.6028498,1.8794563
2020-03-20,3.6028538,1.8794563
2020-03-23,3.6028686,1.8794563
2020-03-24,3.6028706,1.8794563
2020-03-25,3.6023609,1.8791899
2020-03-26,3.6115511,1.8839861
2020-03-27,3.6340477,1.8957241
2020-03-30,3.6364387,1.8969667
2020-03-31,3.6345354,1.8959676
2020-04-01,3.6345463,1.8959676
2020-04-02,3.6345553,1.8959676
2020-04-03,3.6345642,1.8959676
2020-04-06,3.6345941,1.8959676
2020-04-07,3.634609,1.8959676
2020-04-08,3.634623,1.8959676
2020-04-09,3.6346449,1.8959676
2020-04-13,3.6347445,1.8959676
2020-04-14,3.6347704,1.8959676
2020-04-15,3.6347903,1.8959676
2020-04-16,3.6348042,1.8959676
2020-04-17,3.6348182,1.8959676
2020-04-20,3.634854,1.8959676
2020-04-21,3.634866,1.8959676
2020-04-22,3.6348769,1.8959676
2020-04-23,3.6348889,1.8959676
2020-04-24,3.63465,1.8958373
2020-04-27,3.6285798,1.8926524
2020-04-28,3.6333152,1.8951161
2020-04-29,3.6327672,1.8948246
2020-04-30,3.631789,1.8943091
2020-05-01,3.6317979,1.8943091
2020-05-04,3.6318338,1.8943091
2020-05-05,3.6318467,1.8943091
2020-05-06,3.6318596,1.8943091
2020-05-07,3.6318716,1.8943091
2020-05-08,3.6318825,1.8943091
2020-05-11,3.6319183,1.8943091
2020-05-12,3.6319303,1.8943091
2020-05-13,3.6319432,1.8943091
2020-05-14,3.6319561,1.8943091
2020-05-15,3.6319681,1.8943091
2020-05-18,3.6320039,1.8943091
2020-05-19,3.6320168,1.8943091
2020-05-20,3.6320298,1.8943091
2020-05-21,3.6320417,1.8943091
2020-05-22,3.6315602,1.8940518
2020-05-26,3.6228887,1.8895042
2020-05-27,3.6234743,1.8898024
2020-05-28,3.6186527,1.8872799
2020-05-29,3.6280803,1.8921891
2020-06-01,3.6281221,1.8921891
2020-06-02,3.628136,1.8921891
2020-06-03,3.6281509,1.8921891
2020-06-04,3.6281668,1.8921891
2020-06-05,3.6281817,1.8921891
2020-06-08,3.6282264,1.8921891
2020-06-09,3.6282433,1.8921891
2020-06-10,3.6282622,1.8921891
2020-06-11,3.6282791,1.8921891
2020-06-12,3.628296,1.8921891
2020-06-15,3.6283437,1.8921891
2020-06-16,3.6283616,1.8921891
2020-06-17,3.6283785,1.8921891
2020-06-18,3.6283954,1.8921891
2020-06-19,3.6284113,1.8921891
2020-06-22,3.6284561,1.8921891
2020-06-23,3.628472,1.8921891
2020-06-24,3.6275209,1.8916848
2020-06-25,3.6316506,1.8938306
2020-06-26,3.6475637,1.9021207
2020-06-29,3.646894,1.9017495
2020-06-30,3.638724,1.8974818
2020-07-01,3.63874,1.8974818
2020-07-02,3.6387539,1.8974818
2020-07-06,3.6388098,1.8974818
2020-07-07,3.6388247,1.8974818
2020-07-08,3.6388397,1.8974818
2020-07-09,3.6388546,1.8974818
2020-07-10,3.6388676,1.8974818
2020-07-13,3.6389065,1.8974818
2020-07-14,3.6389204,1.8974818
2020-07-15,3.6389354,1.8974818
2020-07-16,3.6389513,1.8974818
2020-07-17,3.6389623,1.8974818
2020-07-20,3.6389952,1.8974818
2020-07-21,3.6390082,1.8974818
2020-07-22,3.6390211,1.8974818
2020-07-23,3.6390341,1.8974818
2020-07-24,3.639046,1.8974818
2020-07-27,3.6384965,1.8971782
2020-07-28,3.6462415,1.9012108
2020-07-29,3.6463896,1.9012823
2020-07-30,3.6546735,1.9055959
2020-07-31,3.6544045,1.905451
2020-08-03,3.6544316,1.905451
2020-08-04,3.6544416,1.905451
2020-08-05,3.6544506,1.905451
2020-08-06,3.6544606,1.905451
2020-08-07,3.6544706,1.905451
2020-08-10,3.6545007,1.905451
2020-08-11,3.6545117,1.905451
2020-08-12,3.6545227,1.905451
2020-08-13,3.6545337,1.905451
2020-08-14,3.6545437,1.905451
2020-08-17,3.6545738,1.905451
2020-08-18,3.6545838,1.905451
2020-08-19,3.6545928,1.905451
2020-08-20,3.6546038,1.905451
2020-08-21,3.6546148,1.905451
2020-08-24,3.6546448,1.905451
2020-08-25,3.6533132,1.9047504
2020-08-26,3.6489537,1.9024718
2020-08-27,3.6149658,1.8847456
2020-08-28,3.6128643,1.8836442
2020-08-31,3.6240321,1.8894513
2020-09-01,3.624043,1.8894513
2020-09-02,3.6240549,1.8894513
2020-09-03,3.6240669,1.8894513
2020-09-04,3.6240778,1.8894513
2020-09-08,3.6241215,1.8894513
2020-09-09,3.6241344,1.8894513
2020-09-10,3.6241463,1.8894513
2020-09-11,3.6241582,1.8894513
2020-09-14,3.624191,1.8894513
2020-09-15,3.6242019,1.8894513
2020-09-16,3.6242128,1.8894513
2020-09-17,3.6242247,1.8894513
2020-09-18,3.6242337,1.8894513
2020-09-21,3.6242635,1.8894513
2020-09-22,3.6242734,1.8894513
2020-09-23,3.6242833,1.8894513
2020-09-24,3.6225709,1.8885529
2020-09-25,3.6274037,1.8910672
2020-09-28,3.6205759,1.8874922
2020-09-29,3.6281616,1.891441
2020-09-30,3.6037286,1.8786989
2020-10-01,3.6037385,1.8786989
2020-10-02,3.6037474,1.8786989
2020-10-05,3.603774,1.8786989
2020-10-06,3.6037839,1.8786989
2020-10-07,3.6037938,1.8786989
2020-10-08,3.6038036,1.8786989
2020-10-09,3.6038125,1.8786989
2020-10-13,3.603852,1.8786989
2020-10-14,3.6038629,1.8786989
2020-10-15,3.6038747,1.8786989
2020-10-16,3.6038856,1.8786989
2020-10-19,3.6039182,1.8786989
2020-10-20,3.603929,1.8786989
2020-10-21,3.6039389,1.8786989
2020-10-22,3.6039488,1.8786989
2020-10-23,3.6039577,1.8786989
2020-10-26,3.602406,1.8778746
2020-10-27,3.6169374,1.885444
2020-10-28,3.617069,1.8855074
2020-10-29,3.582526,1.8674957
2020-10-30,3.5613193,1.8564364
2020-11-02,3.5613456,1.8564364
2020-11-03,3.5613544,1.8564364
2020-11-04,3.5613642,1.8564364
2020-11-05,3.5613739,1.8564364
2020-11-06,3.5613837,1.8564364
2020-11-09,3.561413,1.8564364
2020-11-10,3.5614237,1.8564364
2020-11-12,3.5614432,1.8564364
2020-11-13,3.561453,1.8564364
2020-11-16,3.5614793,1.8564364
2020-11-17,3.5614881,1.8564364
2020-11-18,3.5614969,1.8564364
2020-11-19,3.5615057,1.8564364
2020-11-20,3.5615125,1.8564364
2020-11-23,3.5603923,1.8558419
2020-11-24,3.5477485,1.8492472
2020-11-25,3.5448499,1.8477318
2020-11-27,3.5647109,1.8580751
2020-11-30,3.5620183,1.8566579
2020-12-01,3.5620261,1.8566579
2020-12-02,3.5620349,1.8566579
2020-12-03,3.5620437,1.8566579
2020-12-04,3.5620515,1.8566579
2020-12-07,3.5620778,1.8566579
2020-12-08,3.5620856,1.8566579
2020-12-09,3.5620944,1.8566579
2020-12-10,3.5621022,1.8566579
2020-12-11,3.56211,1.8566579
2020-12-14,3.5621334,1.8566579
2020-12-15,3.5621422,1.8566579
2020-12-16,3.56215,1.8566579
2020-12-17,3.5621588,1.8566579
2020-12-18,3.5621666,1.8566579
2020-12-21,3.56219,1.8566579
2020-12-22,3.5621988,1.8566579
2020-12-23,3.5622076,1.8566579
2020-12-24,3.561082,1.8560666
2020-12-28,3.5615383,1.8562861
2020-12-29,3.5607248,1.8558565
2020-12-30,3.5652462,1.858208
2020-12-31,3.5651541,1.8581559
2021-01-04,3.5651892,1.8581559
2021-01-05,3.565198,1.8581559
2021-01-06,3.5652068,1.8581559
2021-01-07,3.5652156,1.8581559
2021-01-08,3.5652244,1.8581559
2021-01-11,3.5652479,1.8581559
2021-01-12,3.5652557,1.8581559
2021-01-13,3.5652645,1.8581559
2021-01-14,3.5652732,1.8581559
2021-01-15,3.565282,1.8581559
2021-01-19,3.5653172,1.8581559
2021-01-20,3.565326,1.8581559
2021-01-21,3.5653338,1.8581559
2021-01-22,3.5653426,1.8581559
2021-01-25,3.5648031,1.8578626
2021-01-26,3.5650547,1.8579891
2021-01-27,3.5671884,1.8590975
2021-01-28,3.5607834,1.8557554
2021-01-29,3.5511589,1.8507359
2021-02-01,3.5511764,1.8507359
2021-02-02,3.5511832,1.8507359
2021-02-03,3.55119,1.8507359
2021-02-04,3.5511939,1.8507359
2021-02-05,3.5511978,1.8507359
2021-02-08,3.5512066,1.8507359
2021-02-09,3.5512114,1.8507359
2021-02-10,3.5512153,1.8507359
2021-02-11,3.5512202,1.8507359
2021-02-12,3.5512251,1.8507359
2021-02-16,3.5512406,1.8507359
2021-02-17,3.5512445,1.8507359
2021-02-18,3.5512484,1.8507359
2021-02-19,3.5512513,1.8507359
2021-02-22,3.5498588,1.8500041
2021-02-23,3.5482213,1.8491492
2021-02-24,3.5365043,1.8430408
2021-02-25,3.4485096,1.7971811
2021-02-26,3.5130313,1.8308045
2021-03-01,3.5130429,1.8308045
2021-03-02,3.5130477,1.8308045
2021-03-03,3.5130516,1.8308045
2021-03-04,3.5130564,1.8308045
2021-03-05,3.5130602,1.8308045
2021-03-08,3.5130718,1.8308045
2021-03-09,3.5130766,1.8308045
2021-03-10,3.5130814,1.8308045
2021-03-11,3.5130852,1.8308045
2021-03-12,3.5130891,1.8308045
2021-03-15,3.5131006,1.8308045
2021-03-16,3.5131045,1.8308045
2021-03-17,3.5131064,1.8308045
2021-03-18,3.5131083,1.8308045
2021-03-19,3.5131093,1.8308045
2021-03-22,3.5131122,1.8308045
2021-03-23,3.5131151,1.8308045
2021-03-24,3.513116,1.8308045
2021-03-25,3.512093,1.8302703
2021-03-26,3.4976556,1.8227455
2021-03-29,3.4760281,1.8114717
2021-03-30,3.4783394,1.8126747
2021-03-31,3.4728453,1.8098106
2021-04-01,3.4728482,1.8098106
2021-04-02,3.4728501,1.8098106
2021-04-05,3.4728558,1.8098106
2021-04-06,3.4728586,1.8098106
2021-04-07,3.4728605,1.8098106
2021-04-08,3.4728624,1.8098106
2021-04-09,3.4728634,1.8098106
2021-04-12,3.4728691,1.8098106
2021-04-13,3.472871,1.8098106
2021-04-14,3.4728739,1.8098106
2021-04-15,3.4728758,1.8098106
2021-04-16,3.4728777,1.8098106
2021-04-19,3.4728834,1.8098106
2021-04-20,3.4728853,1.8098106
2021-04-21,3.4728881,1.8098106
2021-04-22,3.472891,1.8098106
2021-04-23,3.4728938,1.8098106
2021-04-26,3.472412,1.809555
2021-04-27,3.4631088,1.8047054
2021-04-28,3.4626875,1.8044853
2021-04-29,3.459581,1.802866
2021-04-30,3.4596885,1.8029215
2021-05-03,3.4596914,1.8029215
2021-05-04,3.4596952,1.8029215
2021-05-05,3.459697,1.8029215
2021-05-06,3.4596989,1.8029215
2021-05-07,3.4597008,1.8029215
2021-05-10,3.4597065,1.8029215
2021-05-11,3.4597084,1.8029215
2021-05-12,3.4597094,1.8029215
2021-05-13,3.4597113,1.8029215
2021-05-14,3.4597132,1.8029215
2021-05-17,3.459716,1.8029215
2021-05-18,3.4597179,1.8029215
2021-05-19,3.4597198,1.8029215
2021-05-20,3.4597207,1.8029215
2021-05-21,3.4597217,1.8029215
2021-05-24,3.4585204,1.802294
2021-05-25,3.4832001,1.8151541
2021-05-26,3.4759201,1.8113593
2021-05-27,3.4628162,1.8045297
2021-05-28,3.4746415,1.810691
2021-06-01,3.4746453,1.810691
2021-06-02,3.4746472,1.810691
2021-06-03,3.4746491,1.810691
2021-06-04,3.474651,1.810691
2021-06-07,3.4746567,1.810691
2021-06-08,3.4746586,1.810691
2021-06-09,3.4746605,1.810691
2021-06-10,3.4746634,1.810691
2021-06-11,3.4746662,1.810691
2021-06-14,3.4746748,1.810691
2021-06-15,3.4746776,1.810691
2021-06-16,3.4746805,1.810691
2021-06-17,3.4746843,1.810691
2021-06-18,3.4746881,1.810691
2021-06-21,3.4747024,1.810691
2021-06-22,3.4747071,1.810691
2021-06-23,3.474711,1.810691
2021-06-24,3.4734567,1.8100349
2021-06-25,3.4476801,1.7966002
2021-06-28,3.4729497,1.8097594
2021-06-29,3.4742175,1.8104176
2021-06-30,3.4916399,1.8194944
2021-07-01,3.4916447,1.8194944
2021-07-02,3.4916495,1.8194944
2021-07-06,3.4916686,1.8194944
2021-07-07,3.4916734,1.8194944
2021-07-08,3.4916782,1.8194944
2021-07-09,3.4916839,1.8194944
2021-07-12,3.4917011,1.8194944
2021-07-13,3.4917059,1.8194944
2021-07-14,3.4917107,1.8194944
2021-07-15,3.4917165,1.8194944
2021-07-16,3.4917212,1.8194944
2021-07-19,3.4917356,1.8194944
2021-07-20,3.4917404,1.8194944
2021-07-21,3.4917452,1.8194944
2021-07-22,3.4917499,1.8194944
2021-07-23,3.4917547,1.8194944
2021-07-26,3.4912316,1.8192144
2021-07-27,3.499796,1.8236746
2021-07-28,3.4972453,1.822343
2021-07-29,3.4937265,1.8205069
2021-07-30,3.5010629,1.8243267
2021-08-02,3.5010801,1.8243267
2021-08-03,3.5010849,1.8243267
2021-08-04,3.5010897,1.8243267
2021-08-05,3.5010945,1.8243267
2021-08-06,3.5010993,1.8243267
2021-08-09,3.5011166,1.8243267
2021-08-10,3.5011223,1.8243267
2021-08-11,3.5011271,1.8243267
2021-08-12,3.5011319,1.8243267
2021-08-13,3.5011377,1.8243267
2021-08-16,3.5011549,1.8243267
2021-08-17,3.5011607,1.8243267
2021-08-18,3.5011674,1.8243267
2021-08-19,3.5011741,1.8243267
2021-08-20,3.5011799,1.8243267
2021-08-23,3.5011943,1.8243267
2021-08-24,3.5011991,1.8243267
2021-08-25,3.5001659,1.8237859
2021-08-26,3.5045544,1.8260696
2021-08-27,3.5176837,1.8329082
2021-08-30,3.5258909,1.8371771
2021-08-31,3.5185875,1.8333691
2021-09-01,3.5185914,1.8333691
2021-09-02,3.5185962,1.8333691
2021-09-03,3.518601,1.8333691
2021-09-07,3.5186203,1.8333691
2021-09-08,3.5186251,1.8333691
2021-09-09,3.5186299,1.8333691
2021-09-10,3.5186338,1.8333691
2021-09-13,3.5186482,1.8333691
2021-09-14,3.518654,1.8333691
2021-09-15,3.5186579,1.8333691
2021-09-16,3.5186617,1.8333691
2021-09-17,3.5186656,1.8333691
2021-09-20,3.5186772,1.8333691
2021-09-21,3.518681,1.8333691
2021-09-22,3.5186839,1.8333691
2021-09-23,3.5186868,1.8333691
2021-09-24,3.5176426,1.8328235
2021-09-27,3.5138228,1.8308287
2021-09-28,3.4889118,1.8178472
2021-09-29,3.4842839,1.8154339
2021-09-30,3.4946804,1.8208488
2021-10-01,3.4946842,1.8208488
2021-10-04,3.4946957,1.8208488
2021-10-05,3.4946995,1.8208488
2021-10-06,3.4947033,1.8208488
2021-10-07,3.4947072,1.8208488
2021-10-08,3.4947119,1.8208488
2021-10-12,3.4947311,1.8208488
2021-10-13,3.4947368,1.8208488
2021-10-14,3.4947416,1.8208488
2021-10-15,3.4947464,1.8208488
2021-10-18,3.4947608,1.8208488
2021-10-19,3.4947665,1.8208488
2021-10-20,3.4947713,1.8208488
2021-10-21,3.4947761,1.8208488
2021-10-22,3.4947818,1.8208488
2021-10-25,3.4936239,1.8202365
2021-10-26,3.501625,1.8244022
2021-10-27,3.5447694,1.8468782
2021-10-28,3.528667,1.8384855
2021-10-29,3.5350961,1.8418322
2021-11-01,3.5351106,1.8418322
2021-11-02,3.5351155,1.8418322
2021-11-03,3.5351203,1.8418322
2021-11-04,3.5351252,1.8418322
2021-11-05,3.5351291,1.8418322
2021-11-08,3.5351436,1.8418322
2021-11-09,3.5351494,1.8418322
2021-11-10,3.5351533,1.8418322
2021-11-12,3.5351629,1.8418322
2021-11-15,3.5351775,1.8418322
2021-11-16,3.5351823,1.8418322
2021-11-17,3.5351872,1.8418322
2021-11-18,3.535192,1.8418322
2021-11-19,3.5351968,1.8418322
2021-11-22,3.5352114,1.8418322
2021-11-23,3.5342015,1.8413035
2021-11-24,3.5487635,1.8488872
2021-11-26,3.6116163,1.8816271
2021-11-29,3.5961785,1.8735748
2021-11-30,3.6300736,1.8912308
2021-12-01,3.6300785,1.8912308
2021-12-02,3.6300845,1.8912308
2021-12-03,3.6300895,1.8912308
2021-12-06,3.6301074,1.8912308
2021-12-07,3.6301134,1.8912308
2021-12-08,3.6301193,1.8912308
2021-12-09,3.6301263,1.8912308
2021-12-10,3.6301323,1.8912308
2021-12-13,3.6301502,1.8912308
2021-12-14,3.6301551,1.8912308
2021-12-15,3.6301601,1.8912308
2021-12-16,3.6301661,1.8912308
2021-12-17,3.630171,1.8912308
2021-12-20,3.630186,1.8912308
2021-12-21,3.6301929,1.8912308
2021-12-22,3.6301999,1.8912308
2021-12-23,3.6302078,1.8912308
2021-12-27,3.6293361,1.89076
2021-12-28,3.625723,1.8888746
2021-12-29,3.6052734,1.878218
2021-12-30,3.6159876,1.8837971
2021-12-31,3.6174477,1.8845552
2022-01-03,3.6174655,1.8845552
2022-01-04,3.6174745,1.8845552
2022-01-05,3.6174824,1.8845552
2022-01-06,3.6174913,1.8845552
2022-01-07,3.6175012,1.8845552
2022-01-10,3.6175309,1.8845552
2022-01-11,3.6175438,1.8845552
2022-01-12,3.6175557,1.8845552
2022-01-13,3.6175676,1.8845552
2022-01-14,3.6175795,1.8845552
2022-01-18,3.6176311,1.8845552
2022-01-19,3.6176479,1.8845552
2022-01-20,3.6176647,1.8845552
2022-01-21,3.6176826,1.8845552
2022-01-24,3.6177331,1.8845552
2022-01-25,3.6173322,1.884336
2022-01-26,3.6068981,1.8788904
2022-01-27,3.6138639,1.8825092
2022-01-28,3.6189469,1.8851467
2022-01-31,3.615944,1.883553
2022-02-01,3.6159677,1.883553
2022-02-02,3.6159876,1.883553
2022-02-03,3.6160074,1.883553
2022-02-04,3.6160282,1.883553
2022-02-07,3.6160965,1.883553
2022-02-08,3.6161243,1.883553
2022-02-09,3.616151,1.883553
2022-02-10,3.6161778,1.883553
2022-02-11,3.6162184,1.883553
2022-02-14,3.6163284,1.883553
2022-02-15,3.616373,1.883553
2022-02-16,3.6164136,1.883553
2022-02-17,3.6164522,1.883553
2022-02-18,3.6164889,1.883553
2022-02-22,3.6157963,1.88312
2022-02-23,3.5999326,1.874838
2022-02-24,3.6075035,1.8787625
2022-02-25,3.6040946,1.8769702
2022-02-28,3.6479879,1.8997783
2022-03-01,3.6480248,1.8997783
2022-03-02,3.6480568,1.8997783
2022-03-03,3.6480898,1.8997783
2022-03-04,3.6481268,1.8997783
2022-03-07,3.6482257,1.8997783
2022-03-08,3.6482637,1.8997783
2022-03-09,3.6482997,1.8997783
2022-03-10,3.6483377,1.8997783
2022-03-11,3.6483757,1.8997783
2022-03-14,3.6484926,1.8997783
2022-03-15,3.6485376,1.8997783
2022-03-16,3.6485836,1.8997783
2022-03-17,3.6486266,1.8997783
2022-03-18,3.6486666,1.8997783
2022-03-21,3.6487895,1.8997783
2022-03-22,3.6488445,1.8997783
2022-03-23,3.6488955,1.8997783
2022-03-24,3.6489455,1.8997783
2022-03-25,3.6482897,1.8994109
2022-03-28,3.654092,1.902349
2022-03-29,3.6673264,1.9092077
2022-03-30,3.6837005,1.9177028
2022-03-31,3.6924867,1.9222478
2022-04-01,3.6925383,1.9222478
2022-04-04,3.6926961,1.9222478
2022-04-05,3.6927639,1.9222478
2022-04-06,3.6928296,1.9222478
2022-04-07,3.6928974,1.9222478
2022-04-08,3.6929662,1.9222478
2022-04-11,3.6931757,1.9222478
2022-04-12,3.6932546,1.9222478
2022-04-13,3.6933295,1.9222478
2022-04-14,3.6934053,1.9222478
2022-04-18,3.6937211,1.9222478
2022-04-19,3.693804,1.9222478
2022-04-20,3.693887,1.9222478
2022-04-21,3.69397,1.9222478
2022-04-22,3.694053,1.9222478
2022-04-25,3.6936417,1.9219042
2022-04-26,3.7041103,1.9273024
2022-04-27,3.6913929,1.920641
2022-04-28,3.6843432,1.9169299
2022-04-29,3.6730596,1.9110166
2022-05-02,3.6733102,1.9110166
2022-05-03,3.6734008,1.9110166
2022-05-04,3.6734913,1.9110166
2022-05-05,3.6735799,1.9110166
2022-05-06,3.6736645,1.9110166
2022-05-09,3.6739181,1.9110166
2022-05-10,3.6740107,1.9110166
2022-05-11,3.6741003,1.9110166
2022-05-12,3.6741909,1.9110166
2022-05-13,3.6742865,1.9110166
2022-05-16,3.6745915,1.9110166
2022-05-17,3.6746992,1.9110166
2022-05-18,3.674806,1.9110166
2022-05-19,3.6749086,1.9110166
2022-05-20,3.6750134,1.9110166
2022-05-23,3.6753184,1.9110166
2022-05-24,3.6748227,1.9107028
2022-05-25,3.678866,1.9127501
2022-05-26,3.6765771,1.911505
2022-05-27,3.6796736,1.9130595
2022-05-31,3.6541828,1.8995846
2022-06-01,3.6542959,1.8995846
2022-06-02,3.6544081,1.8995846
2022-06-03,3.6545212,1.8995846
2022-06-06,3.6548726,1.8995846
2022-06-07,3.6549958,1.8995846
2022-06-08,3.65512,1.8995846
2022-06-09,3.6552452,1.8995846
2022-06-10,3.6553713,1.8995846
2022-06-13,3.6557739,1.8995846
2022-06-14,3.6559432,1.8995846
2022-06-15,3.6561215,1.8995846
2022-06-16,3.6562908,1.8995846
2022-06-17,3.656445,1.8995846
2022-06-21,3.6570782,1.8995846
2022-06-22,3.6572445,1.8995846
2022-06-23,3.6574018,1.8995846
2022-06-24,3.6569918,1.8992889
2022-06-27,3.6435599,1.8920538
2022-06-28,3.6442884,1.8923414
2022-06-29,3.6660063,1.9035279
2022-06-30,3.6909391,1.9163837
2022-07-01,3.691107,1.9163837
2022-07-05,3.6917784,1.9163837
2022-07-06,3.6919666,1.9163837
2022-07-07,3.6921537,1.9163837
2022-07-08,3.6923449,1.9163837
2022-07-11,3.6929245,1.9163837
2022-07-12,3.69314,1.9163837
2022-07-13,3.6933586,1.9163837
2022-07-14,3.6935943,1.9163837
2022-07-15,3.6938301,1.9163837
2022-07-18,3.6945254,1.9163837
2022-07-19,3.6947723,1.9163837
2022-07-20,3.6950214,1.9163837
2022-07-21,3.6952684,1.9163837
2022-07-22,3.6955114,1.9163837
2022-07-25,3.6959707,1.9162424
2022-07-26,3.6965558,1.9164118
2022-07-27,3.6995388,1.9178281
2022-07-28,3.7081226,1.9221534
2022-07-29,3.7094881,1.9227374
2022-08-01,3.7102015,1.9227374
2022-08-02,3.7104536,1.9227374
2022-08-03,3.7107057,1.9227374
2022-08-04,3.7109538,1.9227374
2022-08-05,3.7111988,1.9227374
2022-08-08,3.7119553,1.9227374
2022-08-09,3.7122166,1.9227374
2022-08-10,3.712479,1.9227374
2022-08-11,3.7127394,1.9227374
2022-08-12,3.7129957,1.9227374
2022-08-15,3.7137678,1.9227374
2022-08-16,3.7140354,1.9227374
2022-08-17,3.714301,1.9227374
2022-08-18,3.7145646,1.9227374
2022-08-19,3.7148302,1.9227374
2022-08-22,3.7156363,1.9227374
2022-08-23,3.7159152,1.9227374
2022-08-24,3.7161911,1.9227374
2022-08-25,3.715917,1.9224518
2022-08-26,3.7172342,1.9229868
2022-08-29,3.7040408,1.9157223
2022-08-30,3.7067732,1.9169838
2022-08-31,3.6981565,1.9123763
2022-09-01,3.6984472,1.9123763
2022-09-02,3.6987391,1.9123763
2022-09-06,3.6998943,1.9123763
2022-09-07,3.7001943,1.9123763
2022-09-08,3.7004964,1.9123763
2022-09-09,3.7007975,1.9123763
2022-09-12,3.701704,1.9123763
2022-09-13,3.7020174,1.9123763
2022-09-14,3.7023409,1.9123763
2022-09-15,3.7026594,1.9123763
2022-09-16,3.7029759,1.9123763
2022-09-19,3.7039194,1.9123763
2022-09-20,3.7042533,1.9123763
2022-09-21,3.7045841,1.9123763
2022-09-22,3.7049099,1.9123763
2022-09-23,3.7052337,1.9123763
2022-09-26,3.7055503,1.9120493
2022-09-27,3.6798768,1.898629
2022-09-28,3.7381774,1.9285396
2022-09-29,3.7296925,1.9239884
2022-09-30,3.7105552,1.9139444
2022-10-03,3.7115372,1.9139444
2022-10-04,3.7118768,1.9139444
2022-10-05,3.7122145,1.9139444
2022-10-06,3.7125531,1.9139444
2022-10-07,3.7128908,1.9139444
2022-10-11,3.7142376,1.9139444
2022-10-12,3.7145969,1.9139444
2022-10-13,3.7149592,1.9139444
2022-10-14,3.7153296,1.9139444
2022-10-17,3.7164442,1.9139444
2022-10-18,3.7168332,1.9139444
2022-10-19,3.7172293,1.9139444
2022-10-20,3.7176275,1.9139444
2022-10-21,3.7180258,1.9139444
2022-10-24,3.7192176,1.9139444
2022-10-25,3.7190323,1.9136393
2022-10-26,3.7340608,1.9211641
2022-10-27,3.7534859,1.9309509
2022-10-28,3.7394777,1.9235355
2022-10-31,3.7219647,1.9138963
2022-11-01,3.7223787,1.9138963
2022-11-02,3.7227928,1.9138963
2022-11-03,3.7232049,1.9138963
2022-11-04,3.723619,1.9138963
2022-11-07,3.7248493,1.9138963
2022-11-08,3.7252698,1.9138963
2022-11-09,3.7256882,1.9138963
2022-11-10,3.7261078,1.9138963
2022-11-14,3.7277779,1.9138963
2022-11-15,3.7282027,1.9138963
2022-11-16,3.7286256,1.9138963
2022-11-17,3.7290485,1.9138963
2022-11-18,3.7294705,1.9138963
2022-11-21,3.7307426,1.9138963
2022-11-22,3.7311749,1.9138963
2022-11-23,3.7310922,1.9136331
2022-11-25,3.7352382,1.9153181
2022-11-28,3.7347157,1.9143859
2022-11-29,3.7231782,1.9082463
2022-11-30,3.7330338,1.9130744
2022-12-01,3.7334705,1.9130744
2022-12-02,3.7339021,1.9130744
2022-12-05,3.7351972,1.9130744
2022-12-06,3.7356342,1.9130744
2022-12-07,3.7360712,1.9130744
2022-12-08,3.7365011,1.9130744
2022-12-09,3.736928,1.9130744
2022-12-12,3.7382149,1.9130744
2022-12-13,3.7386543,1.9130744
2022-12-14,3.7390907,1.9130744
2022-12-15,3.739524,1.9130744
2022-12-16,3.7399563,1.9130744
2022-12-19,3.7412474,1.9130744
2022-12-20,3.7416861,1.9130744
2022-12-21,3.7421218,1.9130744
2022-12-22,3.7425544,1.9130744
2022-12-23,3.7424646,1.9128062
2022-12-27,3.7242007,1.9025847
2022-12-28,3.7164065,1.8983761
2022-12-29,3.7268811,1.9035004
2022-12-30,3.7164003,1.897921
2023-01-03,3.7181516,1.897921
2023-01-04,3.7185999,1.897921
2023-01-05,3.7190491,1.897921
2023-01-06,3.7195087,1.897921
2023-01-09,3.7208874,1.897921
2023-01-10,3.7213513,1.897921
2023-01-11,3.7218172,1.897921
2023-01-12,3.7222832,1.897921
2023-01-13,3.7227421,1.897921
2023-01-17,3.7245821,1.897921
2023-01-18,3.7250474,1.897921
2023-01-19,3.7255107,1.897921
2023-01-20,3.7259751,1.897921
2023-01-23,3.7273747,1.897921
2023-01-24,3.7278424,1.897921
2023-01-25,3.7277463,1.8976345
2023-01-26,3.7232583,1.8951127
2023-01-27,3.7175117,1.8919515
2023-01-30,3.7120966,1.888485
2023-01-31,3.7175028,1.8909979
2023-02-01,3.7179693,1.8909979
2023-02-02,3.7184318,1.8909979
2023-02-03,3.7188933,1.8909979
2023-02-06,3.7202901,1.8909979
2023-02-07,3.720758,1.8909979
2023-02-08,3.7212259,1.8909979
2023-02-09,3.7216938,1.8909979
2023-02-10,3.7221669,1.8909979
2023-02-13,3.7235926,1.8909979
2023-02-14,3.72407,1.8909979
2023-02-15,3.7245465,1.8909979
2023-02-16,3.725022,1.8909979
2023-02-17,3.7255017,1.8909979
2023-02-21,3.7274206,1.8909979
2023-02-22,3.7272751,1.8906795
2023-02-23,3.740607,1.8971982
2023-02-24,3.7236498,1.8883529
2023-02-27,3.7286696,1.8901659
2023-02-28,3.7284659,1.8898173
2023-03-01,3.7289481,1.8898173
2023-03-02,3.7294313,1.8898173
2023-03-03,3.7299156,1.8898173
2023-03-06,3.7313687,1.8898173
2023-03-07,3.7318554,1.8898173
2023-03-08,3.7323533,1.8898173
2023-03-09,3.7328533,1.8898173
2023-03-10,3.7333514,1.8898173
2023-03-13,3.7348335,1.8898173
2023-03-14,3.7353144,1.8898173
2023-03-15,3.7357964,1.8898173
2023-03-16,3.7362662,1.8898173
2023-03-17,3.736734,1.8898173
2023-03-20,3.7380731,1.8898173
2023-03-21,3.7385493,1.8898173
2023-03-22,3.7390225,1.8898173
2023-03-23,3.7394968,1.8898173
2023-03-24,3.739965,1.8898173
2023-03-27,3.7408086,1.8895337
2023-03-28,3.7375721,1.887653
2023-03-29,3.7336537,1.8854341
2023-03-30,3.739402,1.8880971
2023-03-31,3.7547103,1.8955783
2023-04-03,3.7561546,1.8955783
2023-04-04,3.7566455,1.8955783
2023-04-05,3.7571333,1.8955783
2023-04-06,3.7576192,1.8955783
2023-04-07,3.7581102,1.8955783
2023-04-10,3.759596,1.8955783
2023-04-11,3.7601048,1.8955783
2023-04-12,3.7606086,1.8955783
2023-04-13,3.7611103,1.8955783
2023-04-14,3.7616204,1.8955783
2023-04-17,3.7631601,1.8955783
2023-04-18,3.7636818,1.8955783
2023-04-19,3.7642015,1.8955783
2023-04-20,3.7647181,1.8955783
2023-04-21,3.7652308,1.8955783
2023-04-24,3.7661698,1.8952752
2023-04-25,3.7941015,1.9090697
2023-04-26,3.785833,1.9046493
2023-04-27,3.763756,1.8932815
2023-04-28,3.7848629,1.903638
2023-05-01,3.7864028,1.903638
2023-05-02,3.7869319,1.903638
2023-05-03,3.7874589,1.903638
2023-05-04,3.7879871,1.903638
2023-05-05,3.7885164,1.903638
2023-05-08,3.7901044,1.903638
2023-05-09,3.7906392,1.903638
2023-05-10,3.791172,1.903638
2023-05-11,3.7916996,1.903638
2023-05-12,3.7922232,1.903638
2023-05-15,3.7938066,1.903638
2023-05-16,3.7943325,1.903638
2023-05-17,3.7948595,1.903638
2023-05-18,3.7953898,1.903638
2023-05-19,3.7959243,1.903638
2023-05-22,3.7975217,1.903638
2023-05-23,3.7980668,1.903638
2023-05-24,3.7980261,1.9033474
2023-05-25,3.7788137,1.8934476
2023-05-26,3.7855696,1.8965626
2023-05-30,3.8080429,1.9067492
2023-05-31,3.8203506,1.912636
2023-06-01,3.8209012,1.912636
2023-06-02,3.8214497,1.912636
2023-06-05,3.8230924,1.912636
2023-06-06,3.8236371,1.912636
2023-06-07,3.8241797,1.912636
2023-06-08,3.8247203,1.912636
2023-06-09,3.8252569,1.912636
2023-06-12,3.8268635,1.912636
2023-06-13,3.8274024,1.912636
2023-06-14,3.8279382,1.912636
2023-06-15,3.8284731,1.912636
2023-06-16,3.8290049,1.912636
2023-06-20,3.8311407,1.912636
2023-06-21,3.8316802,1.912636
2023-06-22,3.8322208,1.912636
2023-06-23,3.8327616,1.912636
2023-06-26,3.8336543,1.9122719
2023-06-27,3.822624,1.9064954
2023-06-28,3.83715,1.913469
2023-06-29,3.7988227,1.8940848
2023-06-30,3.8111476,1.8999601
2023-07-03,3.8127671,1.8999601
2023-07-05,3.8138556,1.8999601
2023-07-06,3.8144,1.8999601
2023-07-07,3.8149465,1.8999601
2023-07-10,3.8165833,1.8999601
2023-07-11,3.8171323,1.8999601
2023-07-12,3.8176813,1.8999601
2023-07-13,3.8182294,1.8999601
2023-07-14,3.8187775,1.8999601
2023-07-17,3.8204254,1.8999601
2023-07-18,3.8209759,1.8999601
2023-07-19,3.8215255,1.8999601
2023-07-20,3.8220762,1.8999601
2023-07-21,3.822627,1.8999601
2023-07-24,3.8242828,1.8999601
2023-07-25,3.824493,1.8997897
2023-07-26,3.8303849,1.9024416
2023-07-27,3.8115039,1.8927888
2023-07-28,3.818236,1.8958581
2023-07-31,3.8188791,1.8953547
2023-08-01,3.8194315,1.8953547
2023-08-02,3.819983,1.8953547
2023-08-03,3.8205345,1.8953547
2023-08-04,3.8210862,1.8953547
2023-08-07,3.8227444,1.8953547
2023-08-08,3.8232984,1.8953547
2023-08-09,3.8238536,1.8953547
2023-08-10,3.8244068,1.8953547
2023-08-11,3.82496,1.8953547
2023-08-14,3.8266199,1.8953547
2023-08-15,3.8271745,1.8953547
2023-08-16,3.8277292,1.8953547
2023-08-17,3.828284,1.8953547
2023-08-18,3.8288388,1.8953547
2023-08-21,3.8305004,1.8953547
2023-08-22,3.8310566,1.8953547
2023-08-23,3.8316129,1.8953547
2023-08-24,3.8321693,1.8953547
2023-08-25,3.8320377,1.8950139
2023-08-28,3.8431899,1.8996971
2023-08-29,3.8651902,1.910294
2023-08-30,3.8651928,1.9100163
2023-08-31,3.873827,1.9140046
2023-09-01,3.8743916,1.9140046
2023-09-05,3.876642,1.9140046
2023-09-06,3.877207,1.9140046
2023-09-07,3.8777711,1.9140046
2023-09-08,3.8783341,1.9140046
2023-09-11,3.8800268,1.9140046
2023-09-12,3.8805923,1.9140046
2023-09-13,3.8811579,1.9140046
2023-09-14,3.8817226,1.9140046
2023-09-15,3.8822873,1.9140046
2023-09-18,3.8839848,1.9140046
2023-09-19,3.8845499,1.9140046
2023-09-20,3.885115,1.9140046
2023-09-21,3.8856823,1.9140046
2023-09-22,3.8862497,1.9140046
2023-09-25,3.8872341,1.9136525
2023-09-26,3.884145,1.9118513
2023-09-27,3.8714327,1.9053143
2023-09-28,3.8785034,1.9085154
2023-09-29,3.8773186,1.9076542
2023-10-02,3.879014,1.9076542
2023-10-03,3.8795825,1.9076542
2023-10-04,3.8801512,1.9076542
2023-10-05,3.8807189,1.9076542
2023-10-06,3.8812866,1.9076542
2023-10-10,3.8835665,1.9076542
2023-10-11,3.8841346,1.9076542
2023-10-12,3.8847029,1.9076542
2023-10-13,3.8852723,1.9076542
2023-10-16,3.8869808,1.9076542
2023-10-17,3.8875494,1.9076542
2023-10-18,3.8881192,1.9076542
2023-10-19,3.8886881,1.9076542
2023-10-20,3.8892559,1.9076542
2023-10-23,3.8909534,1.9076542
2023-10-24,3.8915205,1.9076542
2023-10-25,3.8913788,1.9073072
2023-10-26,3.9168741,1.9195254
2023-10-27,3.9211996,1.9213654
2023-10-30,3.9132033,1.9166071
2023-10-31,3.9119609,1.9157187
2023-11-01,3.9125322,1.9157187
2023-11-02,3.9131013,1.9157187
2023-11-03,3.9136674,1.9157187
2023-11-06,3.9153626,1.9157187
2023-11-07,3.9159301,1.9157187
2023-11-08,3.9164965,1.9157187
2023-11-09,3.9170631,1.9157187
2023-11-10,3.9176287,1.9157187
2023-11-13,3.9193224,1.9157187
2023-11-14,3.9198893,1.9157187
2023-11-15,3.9204542,1.9157187
2023-11-16,3.9210192,1.9157187
2023-11-17,3.9215832,1.9157187
2023-11-20,3.9232754,1.9157187
2023-11-21,3.9238418,1.9157187
2023-11-22,3.9244073,1.9157187
2023-11-24,3.9248907,1.9154015
2023-11-27,3.9474629,1.9255858
2023-11-28,3.9590415,1.9309554
2023-11-29,3.9792776,1.9405464
2023-11-30,3.9530687,1.9274862
2023-12-01,3.9536373,1.9274862
2023-12-04,3.9553368,1.9274862
2023-12-05,3.9559068,1.9274862
2023-12-06,3.9564758,1.9274862
2023-12-07,3.9570449,1.9274862
2023-12-08,3.957613,1.9274862
2023-12-11,3.9593175,1.9274862
2023-12-12,3.959888,1.9274862
2023-12-13,3.9604587,1.9274862
2023-12-14,3.9610273,1.9274862
2023-12-15,3.9615948,1.9274862
2023-12-18,3.963301,1.9274862
2023-12-19,3.9638722,1.9274862
2023-12-20,3.9644402,1.9274862
2023-12-21,3.9650093,1.9274862
2023-12-22,3.964963,1.927188
2023-12-26,3.9689301,1.9280096
2023-12-27,3.9934986,1.939667
2023-12-28,3.9825211,1.9340567
2023-12-29,3.9730466,1.9291774
2024-01-02,3.9753107,1.9291774
2024-01-03,3.9758792,1.9291774
2024-01-04,3.97645,1.9291774
2024-01-05,3.9770209,1.9291774
2024-01-08,3.9787337,1.9291774
2024-01-09,3.979306,1.9291774
2024-01-10,3.9798773,1.9291774
2024-01-11,3.9804476,1.9291774
2024-01-12,3.9810179,1.9291774
2024-01-16,3.9832953,1.9291774
2024-01-17,3.9838649,1.9291774
2024-01-18,3.9844369,1.9291774
2024-01-19,3.9850067,1.9291774
2024-01-22,3.9867164,1.9291774
2024-01-23,3.9872866,1.9291774
2024-01-24,3.9878557,1.9291774
2024-01-25,3.9880756,1.9290084
2024-01-26,3.9868266,1.9281289
2024-01-29,3.9980213,1.9327173
2024-01-30,4.0002129,1.9335003
2024-01-31,4.0104061,1.9381512
2024-02-01,4.0109797,1.9381512
2024-02-02,4.0115533,1.9381512
2024-02-05,4.0132777,1.9381512
2024-02-06,4.0138517,1.9381512
2024-02-07,4.0144268,1.9381512
2024-02-08,4.015002,1.9381512
2024-02-09,4.0155773,1.9381512
2024-02-12,4.0173068,1.9381512
2024-02-13,4.0178824,1.9381512
2024-02-14,4.0184603,1.9381512
2024-02-15,4.0190361,1.9381512
2024-02-16,4.019612,1.9381512
2024-02-20,4.0219202,1.9381512
2024-02-21,4.0224976,1.9381512
2024-02-22,4.0230751,1.9381512
2024-02-23,4.0229331,1.937804
2024-02-26,4.0183858,1.9347759
2024-02-27,4.0093892,1.9301654
2024-02-28,4.0224506,1.9361756
2024-02-29,4.0268675,1.9380237
2024-03-01,4.0274467,1.9380237
2024-03-04,4.0291779,1.9380237
2024-03-05,4.0297564,1.9380237
2024-03-06,4.0303338,1.9380237
2024-03-07,4.0309124,1.9380237
2024-03-08,4.0314911,1.9380237
2024-03-11,4.0332274,1.9380237
2024-03-12,4.0338064,1.9380237
2024-03-13,4.0343866,1.9380237
2024-03-14,4.0349669,1.9380237
2024-03-15,4.0355472,1.9380237
2024-03-18,4.0372886,1.9380237
2024-03-19,4.0378693,1.9380237
2024-03-20,4.038449,1.9380237
2024-03-21,4.0390288,1.9380237
2024-03-22,4.038752,1.9376121
2024-03-25,4.0318989,1.9334898
2024-03-26,4.035281,1.9348347
2024-03-27,4.048906,1.9410909
2024-03-28,4.0467741,1.9397912
2024-04-01,4.0490935,1.9397912
2024-04-02,4.0496737,1.9397912
2024-04-03,4.0502528,1.9397912
2024-04-04,4.0508321,1.9397912
2024-04-05,4.0514103,1.9397912
2024-04-08,4.0531518,1.9397912
2024-04-09,4.0537326,1.9397912
2024-04-10,4.0543134,1.9397912
2024-04-11,4.0548966,1.9397912
2024-04-12,4.0554798,1.9397912
2024-04-15,4.0572298,1.9397912
2024-04-16,4.0578134,1.9397912
2024-04-17,4.058397,1.9397912
2024-04-18,4.0589808,1.9397912
2024-04-19,4.0595646,1.9397912
2024-04-22,4.0613163,1.9397912
2024-04-23,4.0618972,1.9397912
2024-04-24,4.0617012,1.9394186
2024-04-25,4.0459979,1.9316409
2024-04-26,4.0549489,1.935636
2024-04-29,4.0670116,1.9405589
2024-04-30,4.0479288,1.9311745
2024-05-01,4.048511,1.9311745
2024-05-02,4.0490945,1.9311745
2024-05-03,4.0496769,1.9311745
2024-05-06,4.0514243,1.9311745
2024-05-07,4.0520071,1.9311745
2024-05-08,4.0525899,1.9311745
2024-05-09,4.0531728,1.9311745
2024-05-10,4.0537558,1.9311745
2024-05-13,4.0555084,1.9311745
2024-05-14,4.0560917,1.9311745
2024-05-15,4.056674,1.9311745
2024-05-16,4.0572575,1.9311745
2024-05-17,4.0578411,1.9311745
2024-05-20,4.059592,1.9311745
2024-05-21,4.060176,1.9311745
2024-05-22,4.06076,1.9311745
2024-05-23,4.061344,1.9311745
2024-05-24,4.0610023,1.9307337
2024-05-28,4.03637,1.9179098
2024-05-29,4.0109459,1.9055529
2024-05-30,4.0321372,1.9153461
2024-05-31,4.0464167,1.9218531
2024-06-03,4.0481628,1.9218531
2024-06-04,4.0487461,1.9218531
2024-06-05,4.0493285,1.9218531
2024-06-06,4.0499109,1.9218531
2024-06-07,4.0504934,1.9218531
2024-06-10,4.0522446,1.9218531
2024-06-11,4.0528274,1.9218531
2024-06-12,4.0534104,1.9218531
2024-06-13,4.0539934,1.9218531
2024-06-14,4.0545765,1.9218531
2024-06-17,4.0563261,1.9218531
2024-06-18,4.0569095,1.9218531
2024-06-20,4.0580744,1.9218531
2024-06-21,4.058657,1.9218531
2024-06-24,4.0595907,1.9214691
2024-06-25,4.0676363,1.9250013
2024-06-26,4.0403576,1.9118159
2024-06-27,4.0496535,1.9159401
2024-06-28,4.0290315,1.905909
2024-07-01,4.0307601,1.905909
2024-07-02,4.0313388,1.905909
2024-07-03,4.0319175,1.905909
2024-07-05,4.0330752,1.905909
2024-07-08,4.0348089,1.905909
2024-07-09,4.035387,1.905909
2024-07-10,4.0359652,1.905909
2024-07-11,4.0365435,1.905909
2024-07-12,4.0371197,1.905909
2024-07-15,4.0388485,1.905909
2024-07-16,4.0394239,1.905909
2024-07-17,4.0399993,1.905909
2024-07-18,4.0405749,1.905909
2024-07-19,4.0411517,1.905909
2024-07-22,4.0428788,1.905909
2024-07-23,4.0434537,1.905909
2024-07-24,4.0440275,1.905909
2024-07-25,4.0441493,1.9056959
2024-07-26,4.0566841,1.9113327
2024-07-29,4.0628005,1.9134039
2024-07-30,4.0668002,1.9150176
2024-07-31,4.0776541,1.9198589
2024-08-01,4.0782295,1.9198589
2024-08-02,4.0788015,1.9198589
2024-08-05,4.0804945,1.9198589
2024-08-06,4.0810636,1.9198589
2024-08-07,4.0816327,1.9198589
2024-08-08,4.0822019,1.9198589
2024-08-09,4.0827711,1.9198589
2024-08-12,4.0844792,1.9198589
2024-08-13,4.0850465,1.9198589
2024-08-14,4.0856128,1.9198589
2024-08-15,4.0861804,1.9198589
2024-08-16,4.0867502,1.9198589
2024-08-19,4.0884565,1.9198589
2024-08-20,4.0890233,1.9198589
2024-08-21,4.0895879,1.9198589
2024-08-22,4.0901504,1.9198589
2024-08-23,4.0907152,1.9198589
2024-08-26,4.0915816,1.919475
2024-08-27,4.0893483,1.9181654
2024-08-28,4.0896397,1.9180404
2024-08-29,4.0812769,1.9138576
2024-08-30,4.0665678,1.9066988
2024-09-03,4.0687872,1.9066988
2024-09-04,4.0693412,1.9066988
2024-09-05,4.0698942,1.9066988
2024-09-06,4.070445,1.9066988
2024-09-09,4.0720944,1.9066988
2024-09-10,4.0726399,1.9066988
2024-09-11,4.0731811,1.9066988
2024-09-12,4.0737268,1.9066988
2024-09-13,4.0742681,1.9066988
2024-09-16,4.0758688,1.9066988
2024-09-17,4.0763992,1.9066988
2024-09-18,4.0769297,1.9066988
2024-09-19,4.0774491,1.9066988
2024-09-20,4.077964,1.9066988
2024-09-23,4.0794924,1.9066988
2024-09-24,4.0790569,1.9062586
2024-09-25,4.0609026,1.8975396
2024-09-26,4.0590575,1.896443
2024-09-27,4.0740084,1.9031944
2024-09-30,4.0505686,1.8915405
