leg_id,unit_id,kind,tenor,tenor_years,entry,exit,sign,base_risk,hold_days,w,sigma_bp,duration,fomc_mult,dd_mult,cap_mult,dv01,notional,gross_pnl,cost,net_pnl
1993-01-13_912827J37_pre,1993-01-13_912827J37,pre,DGS7,7,1993-01-06,1993-01-13,-1,0.0025,5,1.7905694,6.5252876,5.5793565,1,1,1,3067.9375,5498730,-3551.0279,1533.9688,-5084.9967
1993-01-13_912827J37_post,1993-01-13_912827J37,post,DGS7,7,1993-01-13,1993-01-21,1,0.0025,5,1.7905694,6.4528713,5.5793565,1,1,1,3102.3669,5560438.6,44354.379,1551.1835,42803.195
1993-01-26_912827J52_pre,1993-01-26_912827J52,pre,DGS2,2,1993-01-19,1993-01-26,-1,0.0025,5,2,6.7869932,1.8948892,1,1,1,3294.6371,17386964,-33973.042,1647.3186,-35620.361
1993-01-27_912827J45_pre,1993-01-27_912827J45,pre,DGS5,5,1993-01-20,1993-01-27,-1,0.0025,5,2,6.3711922,4.2814729,1,1,0.8603556,3019.5504,7052597.3,-55143.187,1509.7752,-56652.962
1993-01-26_912827J52_post,1993-01-26_912827J52,post,DGS2,2,1993-01-26,1993-02-02,1,0.0025,5,1.7905694,6.2166852,1.8969544,1,1,1,3220.233,16975806,20217.67,1610.1165,18607.554
1993-01-27_912827J45_post,1993-01-27_912827J45,post,DGS5,5,1993-01-27,1993-02-03,1,0.0025,5,2,6.0760482,4.3001404,0.5,1,1,1840.0677,4279087.5,13214.7,920.03384,12294.666
1993-02-09_912827J60_pre,1993-02-09_912827J60,pre,DGS3,3,1993-02-02,1993-02-09,-1,0.0025,5,2,6.2026967,2.7651497,0.5,1,1,1802.4966,6518622.1,-9376.4493,901.24831,-10277.698
1993-02-10_912827J78_pre,1993-02-10_912827J78,pre,DGS10,10,1993-02-03,1993-02-10,-1,0.0025,5,0,4.9282708,7.2863241,1,1,1,0,0,0,0,0
1993-02-11_912810EP9_pre,1993-02-11_912810EP9,pre,DGS30,30,1993-02-04,1993-02-11,-1,0.0025,5,0,3.6376872,12.237333,1,1,1,0,0,0,0,0
1993-02-09_912827J60_post,1993-02-09_912827J60,post,DGS3,3,1993-02-09,1993-02-17,1,0.0025,5,2,6.2013303,2.7670043,1,1,1,3605.7876,13031377,69891.71,1802.8938,68088.816
1993-02-10_912827J78_post,1993-02-10_912827J78,post,DGS10,10,1993-02-10,1993-02-18,1,0.0025,5,0,4.7804924,7.3030313,1,1,1,0,0,0,0,0
1993-02-11_912810EP9_post,1993-02-11_912810EP9,post,DGS30,30,1993-02-11,1993-02-19,1,0.0025,5,0,3.2960771,12.286215,1,1,1,0,0,0,0,0
1993-02-23_912827J86_pre,1993-02-23_912827J86,pre,DGS2,2,1993-02-16,1993-02-23,-1,0.0025,5,1.6269623,5.8680404,1.9006347,1,1,1,3099.8409,16309504,-77751.331,1549.9205,-79301.251
1993-02-24_912827J94_pre,1993-02-24_912827J94,pre,DGS5,5,1993-02-17,1993-02-24,-1,0.0025,5,1.3042903,5.7367878,4.327813,1,1,1,2541.9119,5873432.7,-61361.083,1270.9559,-62632.039
1993-02-23_912827J86_post,1993-02-23_912827J86,post,DGS2,2,1993-02-23,1993-03-02,1,0.0025,5,1.6269623,5.9437096,1.9061767,1,1,1,3060.377,16055054,8975.8417,1530.1885,7445.6532
1993-02-24_912827J94_post,1993-02-24_912827J94,post,DGS5,5,1993-02-24,1993-03-03,1,0.0025,5,1.3042903,6.0463371,4.353506,1,1,1,2411.7757,5539847.1,38561.207,1205.8879,37355.32
1993-03-24_912827K27_pre,1993-03-24_912827K27,pre,DGS2,2,1993-03-17,1993-03-24,-1,0.0025,5,1.48795,6.1404236,1.9043265,0.5,1,1,1354.6123,7113340.9,-8052.4569,677.30617,-8729.7631
1993-03-25_912827K35_pre,1993-03-25_912827K35,pre,DGS5,5,1993-03-18,1993-03-25,-1,0.0025,5,1.1132277,6.5753134,4.3636213,0.5,1,1,946.43886,2168929.8,6654.4366,473.21943,6181.2172
1993-03-24_912827K27_post,1993-03-24_912827K27,post,DGS2,2,1993-03-24,1993-03-31,1,0.0025,5,1.48795,6.2290326,1.9054825,1,1,1,2670.6855,14015797,-5318.0815,1335.3428,-6653.4243
1993-03-25_912827K35_post,1993-03-25_912827K35,post,DGS5,5,1993-03-25,1993-04-01,1,0.0025,5,1.1132277,6.7950422,4.3546282,1,1,1,1831.6684,4206256.7,-7263.6707,915.8342,-8179.5049
1993-04-13_912827K43_pre,1993-04-13_912827K43,pre,DGS7,7,1993-04-05,1993-04-13,-1,0.0025,5,1.5976143,6.638592,5.6886751,1,1,1,2690.6113,4729768,-67663.958,1345.3057,-69009.264
1993-04-13_912827K43_post,1993-04-13_912827K43,post,DGS7,7,1993-04-13,1993-04-20,1,0.0025,5,1.5976143,6.4898661,5.7356468,1,1,1,2752.2711,4798536.6,18929.724,1376.1356,17553.588
1993-04-27_912827K50_pre,1993-04-27_912827K50,pre,DGS2,2,1993-04-20,1993-04-27,-1,0.0025,5,1.2214037,5.7636108,1.9089574,1,1,1,2369.2975,12411474,21473.576,1184.6488,20288.927
1993-04-28_912827K68_pre,1993-04-28_912827K68,pre,DGS5,5,1993-04-21,1993-04-28,-1,0.0025,5,0.85743351,6.6183276,4.3703843,1,1,1,1448.4623,3314267.6,17386.489,724.23116,16662.257
1993-04-27_912827K50_post,1993-04-27_912827K50,post,DGS2,2,1993-04-27,1993-05-04,1,0.0025,5,1.2214037,5.6583272,1.9066397,1,1,1,2413.3827,12657781,33473.387,1206.6913,32266.695
1993-04-28_912827K68_post,1993-04-28_912827K68,post,DGS5,5,1993-04-28,1993-05-05,1,0.0025,5,0.85743351,6.6306087,4.3557508,1,1,1,1445.7795,3319242.9,17306.879,722.88975,16583.99
1993-05-11_912827K76_pre,1993-05-11_912827K76,pre,DGS3,3,1993-05-04,1993-05-11,-1,0.0025,5,1.9128709,6.2480505,2.7898783,1,1,1,3422.9152,12269049,3703.1177,1711.4576,1991.6601
1993-05-12_912827J78_pre,1993-05-12_912827J78,pre,DGS10,10,1993-05-05,1993-05-12,-1,0.0025,5,0.048266265,6.0075282,7.4628658,1,1,1,89.82617,120364.18,199.53163,44.913085,154.61854
1993-05-13_912810EP9_pre,1993-05-13_912810EP9,pre,DGS30,30,1993-05-06,1993-05-13,-1,0.0025,5,0,5.1591617,12.727734,1,1,1,0,0,0,0,0
1993-05-11_912827K76_post,1993-05-11_912827K76,post,DGS3,3,1993-05-11,1993-05-18,1,0.0025,5,2,5.8622608,2.7889389,0.5,1,1,1907.172,6838342.7,-43795.907,953.58602,-44749.493
1993-05-12_912827J78_post,1993-05-12_912827J78,post,DGS10,10,1993-05-12,1993-05-19,1,0.0025,5,0.048266265,5.967047,7.452511,0.5,1,1,45.217781,60674.558,-639.51332,22.608891,-662.12221
1993-05-13_912810EP9_post,1993-05-13_912810EP9,post,DGS30,30,1993-05-13,1993-05-20,1,0.0025,5,0,4.999887,12.522777,0.5,1,1,0,0,0,0,0
1993-05-25_912827K92_pre,1993-05-25_912827K92,pre,DGS2,2,1993-05-18,1993-05-25,-1,0.0025,5,1,5.31292,1.9020177,1,1,1,2104.3682,11063873,20785.596,1052.1841,19733.412
1993-05-26_912827L26_pre,1993-05-26_912827L26,pre,DGS5,5,1993-05-19,1993-05-26,-1,0.0025,5,0.67725139,6.11463,4.3467817,1,1,1,1238.3252,2848832.4,9877.3669,619.16262,9258.2043
1993-05-25_912827K92_post,1993-05-25_912827K92,post,DGS2,2,1993-05-25,1993-06-02,1,0.0025,5,2,5.3533611,1.8994833,1,1,1,4176.9422,21989886,9437.5424,2088.4711,7349.0713
1993-05-26_912827L26_post,1993-05-26_912827L26,post,DGS5,5,1993-05-26,1993-06-03,1,0.0025,5,0.67725139,5.6579528,4.3367241,1,1,1,1338.2757,3085913.9,17574.986,669.13785,16905.848
1993-06-22_912827L34_pre,1993-06-22_912827L34,pre,DGS2,2,1993-06-15,1993-06-22,-1,0.0025,5,2,5.2560431,1.901326,1,1,1,4254.2802,22375333,12517.111,2127.1401,10389.971
1993-06-23_912827L42_pre,1993-06-23_912827L42,pre,DGS5,5,1993-06-16,1993-06-23,-1,0.0025,5,0.4023857,5.0922562,4.3557508,1,1,1,883.46082,2028263,952.00856,441.73041,510.27815
1993-06-22_912827L34_post,1993-06-22_912827L34,post,DGS2,2,1993-06-22,1993-06-29,1,0.0025,5,2,5.26324,1.9004043,1,1,1,4248.4629,22355574,55190.318,2124.2315,53066.087
1993-06-23_912827L42_post,1993-06-23_912827L42,post,DGS5,5,1993-06-23,1993-06-30,1,0.0025,5,0.4023857,4.809918,4.353506,1,1,1,935.31925,2148427.6,14869.545,467.65962,14401.886
1993-07-27_912827L59_pre,1993-07-27_912827L59,pre,DGS2,2,1993-07-20,1993-07-27,-1,0.0025,5,2,5.1788357,1.9017871,1,1,1,4317.704,22703404,64229.779,2158.852,62070.927
1993-07-28_912827L67_pre,1993-07-28_912827L67,pre,DGS5,5,1993-07-21,1993-07-28,-1,0.0025,5,0.59175171,4.668563,4.3568739,1,1,1,1417.1353,3252642.4,7172.6804,708.56763,6464.1128
1993-07-27_912827L59_post,1993-07-27_912827L59,post,DGS2,2,1993-07-27,1993-08-03,1,0.0025,5,2,5.2305869,1.8981032,1,1,1,4274.9848,22522404,38904.577,2137.4924,36767.084
1993-07-28_912827L67_post,1993-07-28_912827L67,post,DGS5,5,1993-07-28,1993-08-04,1,0.0025,5,0.59175171,4.6021366,4.3501419,1,1,1,1437.5899,3304696.7,5648.2513,718.79497,4929.4563
1993-08-10_912827L75_pre,1993-08-10_912827L75,pre,DGS3,3,1993-08-03,1993-08-10,-1,0.0025,5,2,5.1403741,2.7749074,1,1,1,4350.0102,15676236,-34644.157,2175.0051,-36819.162
1993-08-11_912827L83_pre,1993-08-11_912827L83,pre,DGS10,10,1993-08-04,1993-08-11,-1,0.0025,5,1.2214037,4.1694002,7.4836386,1,1,1,3275.2214,4376509.3,-41736.08,1637.6107,-43373.69
1993-08-12_912810EQ7_pre,1993-08-12_912810EQ7,pre,DGS30,30,1993-08-05,1993-08-12,-1,0.0025,5,2,3.6980297,13.086025,1,1,1,6046.6469,4620690.4,-100815.94,3023.3234,-103839.26
1993-08-10_912827L75_post,1993-08-10_912827L75,post,DGS3,3,1993-08-10,1993-08-17,1,0.0025,5,2,5.1260937,2.7781717,0.5,1,1,2181.0643,7850718.3,21650.493,1090.5322,20559.96
1993-08-11_912827L83_post,1993-08-11_912827L83,post,DGS10,10,1993-08-11,1993-08-18,1,0.0025,5,1.2214037,4.0288157,7.5254388,0.5,1,1,1694.7547,2252034.4,11331.971,847.37735,10484.594
1993-08-12_912810EQ7_post,1993-08-12_912810EQ7,post,DGS30,30,1993-08-12,1993-08-19,1,0.0025,5,2,3.4251892,13.306007,0.5,1,1,3264.1525,2453142,54301.439,1632.0763,52669.363
1993-08-24_912827L91_pre,1993-08-24_912827L91,pre,DGS2,2,1993-08-17,1993-08-24,-1,0.0025,5,2,5.1561767,1.9034024,1,1,1,4336.6783,22783823,-60471.402,2168.3392,-62639.742
1993-08-25_912827M25_pre,1993-08-25_912827M25,pre,DGS5,5,1993-08-18,1993-08-25,-1,0.0025,5,1,4.2880401,4.371513,1,1,0.7985818,2082.1671,4763035.3,-39341.034,1041.0835,-40382.118
1993-08-24_912827L91_post,1993-08-24_912827L91,post,DGS2,2,1993-08-24,1993-08-31,1,0.0025,5,2,5.0094543,1.9064082,1,1,1,4463.6957,23414166,8133.978,2231.8478,5902.1302
1993-08-25_912827M25_post,1993-08-25_912827M25,post,DGS5,5,1993-08-25,1993-09-01,1,0.0025,5,1,4.4420627,4.3919031,1,1,1,2516.9253,5730830.6,14536.052,1258.4626,13277.589
1993-09-21_912827M33_pre,1993-09-21_912827M33,pre,DGS2,2,1993-09-14,1993-09-21,-1,0.0025,5,1.7925939,4.8515825,1.9059452,0.5,1,1,2065.492,10837100,-3955.1238,1032.746,-4987.8698
1993-09-22_912827M41_pre,1993-09-22_912827M41,pre,DGS5,5,1993-09-15,1993-09-22,-1,0.0025,5,1,4.7097687,4.4044332,0.5,1,1,1186.9309,2694855,6195.9045,593.46545,5602.4391
1993-09-21_912827M33_post,1993-09-21_912827M33,post,DGS2,2,1993-09-21,1993-09-28,1,0.0025,5,1.7925939,4.8225869,1.9061767,1,1,1,4155.8213,21801868,49467.223,2077.9106,47389.313
1993-09-22_912827M41_post,1993-09-22_912827M41,post,DGS5,5,1993-09-22,1993-09-29,1,0.0025,5,1,4.7171702,4.397592,1,1,1,2370.137,5389624.6,18486.834,1185.0685,17301.765
1993-10-26_912827M58_pre,1993-10-26_912827M58,pre,DGS2,2,1993-10-19,1993-10-26,-1,0.0025,5,1.5504819,4.4833654,1.9071029,1,1,1,3866.496,20274187,23793.374,1933.248,21860.126
1993-10-27_912827M66_pre,1993-10-27_912827M66,pre,DGS5,5,1993-10-20,1993-10-27,-1,0.0025,5,1,4.8115915,4.4170163,1,1,1,2323.6262,5260624,39993.215,1161.8131,38831.402
1993-10-26_912827M58_post,1993-10-26_912827M58,post,DGS2,2,1993-10-26,1993-11-02,1,0.0025,5,2,4.3456258,1.9054825,1,1,0.91613827,4714.0448,24739376,-103635.04,2357.0224,-105992.06
1993-10-27_912827M66_post,1993-10-27_912827M66,post,DGS5,5,1993-10-27,1993-11-03,1,0.0025,5,1,4.885439,4.3964534,1,1,1,2288.5026,5205338.1,-41508.643,1144.2513,-42652.894
1993-11-09_912827M74_pre,1993-11-09_912827M74,pre,DGS3,3,1993-11-02,1993-11-09,-1,0.0025,5,2,4.7637995,2.777705,1,1,1,4693.8751,16898393,-13813.041,2346.9376,-16159.979
1993-11-10_912827L83_pre,1993-11-10_912827L83,pre,DGS10,10,1993-11-03,1993-11-10,-1,0.0025,5,2,5.3617973,7.5534956,1,1,1,4170.3702,5521112.9,17947.59,2085.1851,15862.405
1993-11-09_912827M74_post,1993-11-09_912827M74,post,DGS3,3,1993-11-09,1993-11-17,1,0.0025,5,2,4.9261209,2.7786385,0.5,1,1,2269.6032,8168040.8,13716.755,1134.8016,12581.953
1993-11-10_912827L83_post,1993-11-10_912827L83,post,DGS10,10,1993-11-10,1993-11-18,1,0.0025,5,2,5.447645,7.5359423,0.5,1,1,2052.3253,2723382.5,1537.0981,1026.1627,510.93539
1993-11-22_912827M90_pre,1993-11-22_912827M90,pre,DGS2,2,1993-11-15,1993-11-22,-1,0.0025,5,2,4.7650742,1.901326,0.5,1,1,2346.3097,12340386,32703.101,1173.1549,31529.946
1993-11-23_912827N24_pre,1993-11-23_912827N24,pre,DGS5,5,1993-11-16,1993-11-23,-1,0.0025,5,1,5.4398612,4.3782941,1,1,1,2055.262,4694207.2,31009.051,1027.631,29981.42
1993-11-22_912827M90_post,1993-11-22_912827M90,post,DGS2,2,1993-11-22,1993-11-30,1,0.0025,5,2,4.6738544,1.8978734,1,1,1,4784.2054,25208244,24788.412,2392.1027,22396.31
1993-11-23_912827N24_post,1993-11-23_912827N24,post,DGS5,5,1993-11-23,1993-12-01,1,0.0025,5,1,5.4845443,4.3602457,1,1,1,2038.5176,4675235.6,1984.1531,1019.2588,964.89431
1993-12-21_912827N32_pre,1993-12-21_912827N32,pre,DGS2,2,1993-12-14,1993-12-21,-1,0.0025,5,2,3.8985728,1.8981032,0.5,1,1,2867.8033,15108784,-459.48625,1433.9016,-1893.3879
1993-12-22_912827N40_pre,1993-12-22_912827N40,pre,DGS5,5,1993-12-15,1993-12-22,-1,0.0025,5,1,4.8480877,4.3546282,0.5,1,1,1153.067,2647911.5,-7997.7774,576.53349,-8574.3109
1993-12-21_912827N32_post,1993-12-21_912827N32,post,DGS2,2,1993-12-21,1993-12-29,1,0.0025,5,2,3.929319,1.8978734,1,1,0.91219989,5191.08,27352089,37722.523,2595.54,35126.983
1993-12-22_912827N40_post,1993-12-22_912827N40,post,DGS5,5,1993-12-22,1993-12-30,1,0.0025,5,1,4.8653044,4.3613705,1,1,0.50255251,1154.8523,2647911.5,-6908.9367,577.42614,-7486.3628
1994-01-25_912827N57_pre,1994-01-25_912827N57,pre,DGS2,2,1994-01-18,1994-01-25,-1,0.0025,5,2,4.4206437,1.9006347,1,1,1,5058.2407,26613430,-20814.852,2529.1204,-23343.973
1994-01-26_912827N65_pre,1994-01-26_912827N65,pre,DGS5,5,1994-01-19,1994-01-26,-1,0.0025,5,2,5.4450257,4.3670009,1,1,0.36012917,1478.9155,3386570.2,137.78444,739.45776,-601.67331
1994-01-25_912827N57_post,1994-01-25_912827N57,post,DGS2,2,1994-01-25,1994-02-01,1,0.0025,5,2,4.460245,1.901326,1,1,1,5013.33,26367545,-39246.363,2506.665,-41753.028
1994-01-26_912827N65_post,1994-01-26_912827N65,post,DGS5,5,1994-01-26,1994-02-02,1,0.0025,5,2,5.3500092,4.3658739,1,1,0.37943808,1585.8839,3632454.6,-1729.4483,792.94195,-2522.3902
1994-02-08_912827N73_pre,1994-02-08_912827N73,pre,DGS3,3,1994-02-01,1994-02-08,-1,0.0025,5,2,4.7809355,2.7758394,0.5,1,1,2338.5255,8424570.7,65174.085,1169.2628,64004.822
1994-02-09_912827N81_pre,1994-02-09_912827N81,pre,DGS10,10,1994-02-02,1994-02-09,-1,0.0025,5,2,5.3366868,7.5184484,0.5,1,1,2094.9964,2786474.4,29759.179,1047.4982,28711.681
1994-02-10_912810EQ7_pre,1994-02-10_912810EQ7,pre,DGS30,30,1994-02-03,1994-02-10,-1,0.0025,5,2,4.6291877,13.39002,0.5,1,1,2415.184,1803719.4,32407.505,1207.592,31199.913
1994-02-08_912827N73_post,1994-02-08_912827N73,post,DGS3,3,1994-02-08,1994-02-15,1,0.0025,5,2,5.2318829,2.7623715,1,1,1,4273.9259,15471944,12994.291,2136.9629,10857.328
1994-02-09_912827N81_post,1994-02-09_912827N81,post,DGS10,10,1994-02-09,1994-02-16,1,0.0025,5,2,5.3567371,7.4663221,1,1,1,4174.3097,5590851.4,15283.532,2087.1548,13196.377
1994-02-10_912810EQ7_post,1994-02-10_912810EQ7,post,DGS30,30,1994-02-10,1994-02-17,1,0.0025,5,2,4.5564879,13.195286,1,1,1,4907.4375,3719083.9,-41521.579,2453.7188,-43975.298
1994-02-23_912827N99_pre,1994-02-23_912827N99,pre,DGS2,2,1994-02-15,1994-02-23,-1,0.0025,5,1.8475794,4.4160404,1.8937435,1,1,0.837641,3918.1676,20690065,84412.739,1959.0838,82453.655
1994-02-24_912827P22_pre,1994-02-24_912827P22,pre,DGS5,5,1994-02-16,1994-02-24,-1,0.0025,5,0.59175171,5.2865889,4.3367241,1,1,1,1251.4658,2885739.9,37237.092,625.7329,36611.359
1994-02-23_912827N99_post,1994-02-23_912827N99,post,DGS2,2,1994-02-23,1994-03-02,1,0.0025,5,1.8475794,4.2777509,1.8884875,1,1,1,4828.8379,25569870,-51555.954,2414.4189,-53970.373
1994-02-24_912827P22_post,1994-02-24_912827P22,post,DGS5,5,1994-02-24,1994-03-03,1,0.0025,5,0.59175171,5.341951,4.3023445,1,1,1,1238.4961,2878653.8,-14822.767,619.24803,-15442.015
1994-03-22_912827P30_pre,1994-03-22_912827P30,pre,DGS2,2,1994-03-15,1994-03-22,-1,0.0025,5,1.5976143,4.7979221,1.8812137,0.5,1,1,1861.4174,9894768.3,4648.3965,930.70868,3717.6878
1994-03-23_912827P48_pre,1994-03-23_912827P48,pre,DGS5,5,1994-03-16,1994-03-23,-1,0.0025,5,0.59175171,5.7060529,4.2803785,0.5,1,1,579.73396,1354398.8,2840.0647,289.86698,2550.1978
1994-03-22_912827P30_post,1994-03-22_912827P30,post,DGS2,2,1994-03-22,1994-03-29,1,0.0025,5,1.5976143,4.8240218,1.8803076,1,1,1,3702.6928,19691952,-53277.994,1851.3464,-55129.34
1994-03-23_912827P48_post,1994-03-23_912827P48,post,DGS5,5,1994-03-23,1994-03-30,1,0.0025,5,0.59175171,5.8915817,4.2738213,1,1,1,1122.9557,2627521.5,-34467.948,561.47785,-35029.425
1994-04-26_912827P55_pre,1994-04-26_912827P55,pre,DGS2,2,1994-04-19,1994-04-26,-1,0.0025,5,1.4082483,6.7675489,1.8652351,1,1,1,2326.4988,12472952,-29908.411,1163.2494,-31071.66
1994-04-28_912827P63_pre,1994-04-28_912827P63,pre,DGS5,5,1994-04-20,1994-04-28,-1,0.0025,5,0.59175171,8.0382384,4.1984116,1,1,1,823.06407,1960417.8,1274.343,411.53204,862.81099
1994-04-26_912827P55_post,1994-04-26_912827P55,post,DGS2,2,1994-04-26,1994-05-04,1,0.0025,5,1.4082483,6.9343165,1.8676963,1,1,1,2270.5474,12156941,-63119.082,1135.2737,-64254.355
1994-04-28_912827P63_post,1994-04-28_912827P63,post,DGS5,5,1994-04-28,1994-05-05,1,0.0025,5,0.59175171,8.3248149,4.1952242,1,1,1,794.73062,1894369.8,-3000.4433,397.36531,-3397.8086
1994-05-10_912827P71_pre,1994-05-10_912827P71,pre,DGS3,3,1994-05-03,1994-05-10,-1,0.0025,5,2,7.8978471,2.6969638,1,1,1,2831.2374,10497869,68690.911,1415.6187,67275.293
1994-05-11_912827P89_pre,1994-05-11_912827P89,pre,DGS10,10,1994-05-04,1994-05-11,-1,0.0025,5,2,8.6842932,7.0614016,1,1,1,2574.8416,3646360.6,63799.724,1287.4208,62512.303
1994-05-10_912827P71_post,1994-05-10_912827P71,post,DGS3,3,1994-05-10,1994-05-17,1,0.0025,5,2,8.3845432,2.6854088,0.5,1,1,1333.4465,4965525.1,40889.087,666.72325,40222.363
1994-05-11_912827P89_post,1994-05-11_912827P89,post,DGS10,10,1994-05-11,1994-05-18,1,0.0025,5,2,9.3536301,6.9793025,0.5,1,1,1195.2942,1712627,45713.251,597.64711,45115.603
1994-05-24_912827P97_pre,1994-05-24_912827P97,pre,DGS2,2,1994-05-17,1994-05-24,-1,0.0025,5,1,8.1257594,1.8612189,1,1,1,1375.9132,7392538.4,5919.9136,687.95662,5231.957
1994-05-25_912827Q21_pre,1994-05-25_912827Q21,pre,DGS5,5,1994-05-18,1994-05-25,-1,0.0025,5,0.59175171,9.8900595,4.1994749,1,1,1,668.95303,1592944.5,7911.6081,334.47651,7577.1316
1994-05-24_912827P97_post,1994-05-24_912827P97,post,DGS2,2,1994-05-24,1994-06-01,1,0.0025,5,1,8.6885209,1.8598833,1,1,1,1286.7944,6918683.5,-2542.4744,643.39719,-3185.8715
1994-05-25_912827Q21_post,1994-05-25_912827Q21,post,DGS5,5,1994-05-25,1994-06-02,1,0.0025,5,0.59175171,10.146665,4.1856835,1,1,1,652.03547,1557775.4,4761.2531,326.01774,4435.2354
1994-06-21_912827Q39_pre,1994-06-21_912827Q39,pre,DGS2,2,1994-06-14,1994-06-21,-1,0.0025,5,1,8.7261378,1.8627791,1,1,1,1281.2472,6878149,27159.804,640.62362,26519.181
1994-06-22_912827Q47_pre,1994-06-22_912827Q47,pre,DGS5,5,1994-06-15,1994-06-22,-1,0.0025,5,0.59175171,10.253014,4.1931012,1,1,1,645.27224,1538890.2,4409.214,322.63612,4086.5779
1994-06-21_912827Q39_post,1994-06-21_912827Q39,post,DGS2,2,1994-06-21,1994-06-28,1,0.0025,5,1,8.7826228,1.8576607,1,1,1,1273.007,6852742.1,-9094.3409,636.50348,-9730.8444
1994-06-22_912827Q47_post,1994-06-22_912827Q47,post,DGS5,5,1994-06-22,1994-06-29,1,0.0025,5,0.59175171,10.060986,4.1846254,1,1,1,657.58813,1571438.5,-7099.3951,328.79407,-7428.1892
1994-07-26_912827Q54_pre,1994-07-26_912827Q54,pre,DGS2,2,1994-07-19,1994-07-26,-1,0.0025,5,1,7.8793157,1.8598833,1,1,1,1418.9481,7629231.8,28691.907,709.47404,27982.433
1994-07-27_912827Q62_pre,1994-07-27_912827Q62,pre,DGS5,5,1994-07-20,1994-07-27,-1,0.0025,5,0.59175171,8.4295686,4.1751207,1,1,1,784.85454,1879836.8,10863.3,392.42727,10470.873
1994-07-26_912827Q54_post,1994-07-26_912827Q54,post,DGS2,2,1994-07-26,1994-08-02,1,0.0025,5,2,7.7415162,1.8549992,1,1,1,2888.4109,15570955,57048.371,1444.2054,55604.166
1994-07-27_912827Q62_post,1994-07-27_912827Q62,post,DGS5,5,1994-07-27,1994-08-03,1,0.0025,5,0.59175171,8.1747164,4.1593508,1,1,1,809.3229,1945791.4,24477.396,404.66145,24072.735
1994-08-09_912827Q70_pre,1994-08-09_912827Q70,pre,DGS3,3,1994-08-02,1994-08-09,-1,0.0025,5,1.7905694,8.4556002,2.6942905,1,1,1,2367.564,8787337.6,65043.019,1183.782,63859.237
1994-08-10_912827Q88_pre,1994-08-10_912827Q88,pre,DGS10,10,1994-08-03,1994-08-10,-1,0.0025,5,1.9036961,7.5379267,7.0773535,1,1,1,2823.584,3989604.3,56758.397,1411.792,55346.605
1994-08-11_912810ES3_pre,1994-08-11_912810ES3,pre,DGS30,30,1994-08-04,1994-08-11,-1,0.0025,5,1.9775774,6.6823615,11.985797,1,1,1,3308.7086,2760524.6,50608.203,1654.3543,48953.849
1994-08-09_912827Q70_post,1994-08-09_912827Q70,post,DGS3,3,1994-08-09,1994-08-16,1,0.0025,5,1.7905694,7.9924223,2.6814268,0.5,1,1,1252.3847,4670590.6,13147.906,626.19235,12521.714
1994-08-10_912827Q88_post,1994-08-10_912827Q88,post,DGS10,10,1994-08-10,1994-08-17,1,0.0025,5,1.9036961,7.2365988,7.010711,0.5,1,1,1470.5783,2097616.4,23317.589,735.28913,22582.3
1994-08-11_912810ES3_post,1994-08-11_912810ES3,post,DGS30,30,1994-08-11,1994-08-18,1,0.0025,5,1.9775774,6.5323186,11.799743,0.5,1,1,1692.3537,1434229.2,11261.476,846.17685,10415.299
1994-08-23_912827Q96_pre,1994-08-23_912827Q96,pre,DGS2,2,1994-08-16,1994-08-23,-1,0.0025,5,2,7.1854176,1.853892,1,1,1,3111.9527,16786052,10471.356,1555.9764,8915.3799
1994-08-24_912827R20_pre,1994-08-24_912827R20,pre,DGS5,5,1994-08-17,1994-08-24,-1,0.0025,5,1,7.4774803,4.1782853,1,1,1,1495.2015,3578505,7376.4218,747.60076,6628.821
1994-08-23_912827Q96_post,1994-08-23_912827Q96,post,DGS2,2,1994-08-23,1994-08-30,1,0.0025,5,2,7.1171592,1.8527859,1,1,1,3141.7985,16957158,30207.999,1570.8992,28637.1
1994-08-24_912827R20_post,1994-08-24_912827R20,post,DGS5,5,1994-08-24,1994-08-31,1,0.0025,5,1,7.3365234,4.1719596,1,1,1,1523.9289,3652789.2,10702.277,761.96444,9940.3126
1994-09-27_912827R38_pre,1994-09-27_912827R38,pre,DGS2,2,1994-09-20,1994-09-27,-1,0.0025,5,2,6.9541476,1.8488129,0.5,1,1,1607.7225,8695972.3,10078.6,803.86127,9274.7391
1994-09-28_912827R46_pre,1994-09-28_912827R46,pre,DGS5,5,1994-09-21,1994-09-28,-1,0.0025,5,1,7.2401111,4.137422,0.5,1,1,772.11107,1866164.6,-57.173951,386.05553,-443.22949
1994-09-27_912827R38_post,1994-09-27_912827R38,post,DGS2,2,1994-09-27,1994-10-04,1,0.0025,5,2,6.7755584,1.8470514,1,1,1,3300.1973,17867382,-46300.443,1650.0987,-47950.541
1994-09-28_912827R46_post,1994-09-28_912827R46,post,DGS5,5,1994-09-28,1994-10-05,1,0.0025,5,1,7.0626534,4.1363821,1,1,1,1583.0226,3827070.5,-31284.957,791.51129,-32076.468
1994-10-25_912827C83_pre,1994-10-25_912827C83,pre,DGS5,5,1994-10-18,1994-10-25,-1,0.0025,5,1,6.4251228,4.1280768,1,1,1,1740.0975,4215273.9,41420.768,870.04873,40550.72
1994-10-26_912827R61_pre,1994-10-26_912827R61,pre,DGS5,5,1994-10-19,1994-10-26,-1,0.0025,5,0.59175171,6.4179084,4.1228986,1,1,1,1030.8631,2500335.9,20435.91,515.43157,19920.479
1994-10-25_912827C83_post,1994-10-25_912827C83,post,DGS5,5,1994-10-25,1994-11-01,1,0.0025,5,2,6.4989352,4.1022828,1,1,1,3440.6682,8387203.9,-9891.9302,1720.3341,-11612.264
1994-10-26_912827R61_post,1994-10-26_912827R61,post,DGS5,5,1994-10-26,1994-11-02,1,0.0025,5,0.59175171,5.8246263,4.1012561,1,1,1,1135.8643,2769552.3,-7795.1341,567.93217,-8363.0663
1994-11-08_912827R79_pre,1994-11-08_912827R79,pre,DGS3,3,1994-11-01,1994-11-08,-1,0.0025,5,1.5976143,5.8584769,2.6551118,1,1,1,3048.8933,11483107,50218.05,1524.4467,48693.604
1994-11-09_912827R87_pre,1994-11-09_912827R87,pre,DGS10,10,1994-11-02,1994-11-09,-1,0.0025,5,1.6396021,5.5370095,6.8072132,1,1,1,3310.6877,4863499.3,-9229.3481,1655.3438,-10884.692
1994-11-08_912827R79_post,1994-11-08_912827R79,post,DGS3,3,1994-11-08,1994-11-16,1,0.0025,5,1.5976143,5.2474368,2.6472952,0.5,1,1,1701.9615,6429058.3,-7370.833,850.98075,-8221.8138
1994-11-09_912827R87_post,1994-11-09_912827R87,post,DGS10,10,1994-11-09,1994-11-17,1,0.0025,5,1.6396021,5.428633,6.8132501,0.5,1,1,1688.3909,2478099.1,-13750.19,844.19546,-14594.386
1994-11-21_912827R95_pre,1994-11-21_912827R95,pre,DGS2,2,1994-11-14,1994-11-21,-1,0.0025,5,1.9128709,4.8861328,1.8352324,0.5,1,1,2188.4943,11924889,48427.817,1094.2471,47333.57
1994-11-22_912827S29_pre,1994-11-22_912827S29,pre,DGS5,5,1994-11-15,1994-11-22,-1,0.0025,5,0.59175171,5.2441789,4.086922,1,1,1,1261.5865,3086886.6,15003.521,630.79324,14372.727
1994-11-21_912827R95_post,1994-11-21_912827R95,post,DGS2,2,1994-11-21,1994-11-29,1,0.0025,5,1.9128709,4.7051781,1.8300186,1,1,1,4545.3215,24837570,-53427.233,2272.6608,-55699.894
1994-11-22_912827S29_post,1994-11-22_912827S29,post,DGS5,5,1994-11-22,1994-11-30,1,0.0025,5,0.59175171,4.9375764,4.0736788,1,1,1,1339.9256,3289227.5,5740.7854,669.96282,5070.8226
1994-12-21_912827S37_pre,1994-12-21_912827S37,pre,DGS2,2,1994-12-14,1994-12-21,-1,0.0025,5,1.6454972,5.6511336,1.8237505,0.5,1,1,1627.7458,8925266,-4844.9904,813.87292,-5658.8633
1994-12-22_912827S45_pre,1994-12-22_912827S45,pre,DGS5,5,1994-12-15,1994-12-22,-1,0.0025,5,0.59175171,5.8988412,4.0828403,0.5,1,1,560.78686,1373521.4,5043.0402,280.39343,4762.6468
1994-12-21_912827S37_post,1994-12-21_912827S37,post,DGS2,2,1994-12-21,1994-12-29,1,0.0025,5,1.6454972,5.7382649,1.8239661,1,1,1,3206.0594,17577407,-27323.479,1603.0297,-28926.509
1994-12-22_912827S45_post,1994-12-22_912827S45,post,DGS5,5,1994-12-22,1994-12-30,1,0.0025,5,0.59175171,5.8694604,4.0726627,1,1,1,1127.188,2767692.9,1317.3541,563.594,753.76014
1995-01-24_912827S52_pre,1995-01-24_912827S52,pre,DGS2,2,1995-01-17,1995-01-24,-1,0.0025,5,1.4082483,6.4789097,1.8269883,1,1,1,2430.1457,13301375,27359.579,1215.0728,26144.506
1995-01-25_912827S60_pre,1995-01-25_912827S60,pre,DGS5,5,1995-01-18,1995-01-25,-1,0.0025,5,0.59175171,6.291843,4.0848804,1,1,1,1051.5179,2574170.5,4309.3726,525.75893,3783.6137
1995-01-24_912827S52_post,1995-01-24_912827S52,post,DGS2,2,1995-01-24,1995-01-31,1,0.0025,5,1.4082483,6.3478276,1.8241817,1,1,1,2480.328,13596935,80774.866,1240.164,79534.702
1995-01-25_912827S60_post,1995-01-25_912827S60,post,DGS5,5,1995-01-25,1995-02-01,1,0.0025,5,0.59175171,6.1021437,4.079783,0.5,1,1,542.10336,1328755.4,11309.757,271.05168,11038.705
1995-02-07_912827S78_pre,1995-02-07_912827S78,pre,DGS3,3,1995-01-31,1995-02-07,-1,0.0025,5,1.4082483,6.497718,2.6472952,0.5,1,1,1211.5557,4576579.6,-4950.5216,605.77785,-5556.2994
1995-02-08_912827S86_pre,1995-02-08_912827S86,pre,DGS10,10,1995-02-01,1995-02-08,-1,0.0025,5,1.4082483,5.4352636,6.89861,1,1,1,2896.7674,4199059.5,-39295.215,1448.3837,-40743.599
1995-02-09_912810ET1_pre,1995-02-09_912810ET1,pre,DGS30,30,1995-02-02,1995-02-09,-1,0.0025,5,1.7619506,5.0232229,11.573728,1,1,1,3921.627,3388387.2,-44927.438,1960.8135,-46888.251
1995-02-07_912827S78_post,1995-02-07_912827S78,post,DGS3,3,1995-02-07,1995-02-14,1,0.0025,5,1.4082483,7.0539487,2.6485955,1,1,1,2232.0398,8427258.4,6912.219,1116.0199,5796.1991
1995-02-08_912827S86_post,1995-02-08_912827S86,post,DGS10,10,1995-02-08,1995-02-15,1,0.0025,5,1.4082483,5.8671498,6.9387823,1,1,1,2683.5338,3867441.9,22832.358,1341.7669,21490.591
1995-02-09_912810ET1_post,1995-02-09_912810ET1,post,DGS30,30,1995-02-09,1995-02-16,1,0.0025,5,1.7619506,5.3045924,11.69715,1,1,1,3713.6136,3174802,30967.634,1856.8068,29110.827
1995-02-22_912827S94_pre,1995-02-22_912827S94,pre,DGS2,2,1995-02-14,1995-02-22,-1,0.0025,5,1,7.6467932,1.831971,1,1,1,1462.0952,7980995.5,-44653.102,731.04762,-45384.15
1995-02-23_912827T28_pre,1995-02-23_912827T28,pre,DGS5,5,1995-02-15,1995-02-23,-1,0.0025,5,0.59175171,6.9072957,4.1197964,1,1,1,957.82568,2324934.5,-17102.61,478.91284,-17581.523
1995-02-22_912827S94_post,1995-02-22_912827S94,post,DGS2,2,1995-02-22,1995-03-01,1,0.0025,5,1,7.8840467,1.8382849,1,1,1,1418.0966,7714237.5,17093.92,709.04831,16384.871
1995-02-23_912827T28_post,1995-02-23_912827T28,post,DGS5,5,1995-02-23,1995-03-02,1,0.0025,5,0.59175171,6.8787727,4.137422,1,1,1,961.79733,2324629.5,5390.7884,480.89867,4909.8898
1995-03-28_912827T36_pre,1995-03-28_912827T36,pre,DGS2,2,1995-03-21,1995-03-28,-1,0.0025,5,1,7.197987,1.8428789,0.5,1,1,776.62962,4214219.5,833.52298,388.31481,445.20817
1995-03-29_912827T44_pre,1995-03-29_912827T44,pre,DGS5,5,1995-03-22,1995-03-29,-1,0.0025,5,0.59175171,6.4869273,4.1530678,0.5,1,1,509.94754,1227881.6,-3866.6898,254.97377,-4121.6636
1995-03-28_912827T36_post,1995-03-28_912827T36,post,DGS2,2,1995-03-28,1995-04-04,1,0.0025,5,1,7.0120759,1.8424406,1,1,1,1594.4408,8653960.3,4765.8421,797.22039,3968.6217
1995-03-29_912827T44_post,1995-03-29_912827T44,post,DGS5,5,1995-03-29,1995-04-05,1,0.0025,5,0.59175171,6.7064982,4.1603994,1,1,1,986.50369,2371175.5,1548.7631,493.25184,1055.5112
1995-04-25_912827T51_pre,1995-04-25_912827T51,pre,DGS2,2,1995-04-18,1995-04-25,-1,0.0025,5,1,6.7635405,1.8488129,1,1,1,1653.0307,8941038.4,5321.6708,826.51533,4495.1555
1995-04-26_912827T69_pre,1995-04-26_912827T69,pre,DGS5,5,1995-04-19,1995-04-26,-1,0.0025,5,2,6.3087017,4.1772301,1,1,1,3544.4186,8485093.1,-12348.351,1772.2093,-14120.56
1995-04-25_912827T51_post,1995-04-25_912827T51,post,DGS2,2,1995-04-25,1995-05-02,1,0.0025,5,2,6.6877703,1.8479318,1,1,1,3343.5179,18093297,-20645.592,1671.759,-22317.351
1995-04-26_912827T69_post,1995-04-26_912827T69,post,DGS5,5,1995-04-26,1995-05-03,1,0.0025,5,2,6.2513049,4.1803971,1,1,1,3576.9619,8556512.3,23286.312,1788.481,21497.831
1995-05-09_912827T77_pre,1995-05-09_912827T77,pre,DGS3,3,1995-05-02,1995-05-09,-1,0.0025,5,1,6.3919971,2.6787772,1,1,1,1749.1153,6529528.7,-85200.814,874.55764,-86075.372
1995-05-10_912827T85_pre,1995-05-10_912827T85,pre,DGS10,10,1995-05-03,1995-05-10,-1,0.0025,5,2,4.7178888,7.1190788,1,1,1,4739.5521,6657535.7,-144980.85,2369.7761,-147350.63
1995-05-09_912827T77_post,1995-05-09_912827T77,post,DGS3,3,1995-05-09,1995-05-16,1,0.0025,5,2,6.2628625,2.7000879,1,1,1,3570.361,13223129,-9413.8403,1785.1805,-11199.021
1995-05-10_912827T85_post,1995-05-10_912827T85,post,DGS10,10,1995-05-10,1995-05-17,1,0.0025,5,2,5.2738294,7.2167645,1,1,1,4239.9323,5875115.2,56304.107,2119.9662,54184.141
1995-05-23_912827T93_pre,1995-05-23_912827T93,pre,DGS2,2,1995-05-16,1995-05-23,-1,0.0025,5,2,6.085177,1.8561074,0.5,1,1,1837.3073,9898712.2,6605.4679,918.65364,5686.8143
1995-05-24_912827U26_pre,1995-05-24_912827U26,pre,DGS5,5,1995-05-17,1995-05-24,-1,0.0025,5,2,6.2736783,4.2272617,0.5,1,1,1782.1028,4215738.1,-27379.969,891.05142,-28271.02
1995-05-23_912827T93_post,1995-05-23_912827T93,post,DGS2,2,1995-05-23,1995-05-31,1,0.0025,5,2,5.7847452,1.8552207,1,1,1,3865.4563,20835560,101533.77,1932.7282,99601.042
1995-05-24_912827U26_post,1995-05-24_912827U26,post,DGS5,5,1995-05-24,1995-06-01,1,0.0025,5,2,6.1446546,4.2434173,1,1,1,3639.0459,8575743.6,95740.215,1819.5229,93920.692
1995-06-27_912827U34_pre,1995-06-27_912827U34,pre,DGS2,2,1995-06-20,1995-06-27,-1,0.0025,5,2,8.5373887,1.8647882,1,1,1,2619.1474,14045281,-5792.9116,1309.5737,-7102.4853
1995-06-28_912827U42_pre,1995-06-28_912827U42,pre,DGS5,5,1995-06-21,1995-06-28,-1,0.0025,5,2,7.9904427,4.277098,1,1,1,2798.4281,6542819.7,-3365.5561,1399.2141,-4764.7701
1995-06-27_912827U34_post,1995-06-27_912827U34,post,DGS2,2,1995-06-27,1995-07-05,1,0.0025,5,2,8.4725379,1.8652351,1,1,1,2639.195,14149396,-20210.034,1319.5975,-21529.632
1995-06-28_912827U42_post,1995-06-28_912827U42,post,DGS5,5,1995-06-28,1995-07-06,1,0.0025,5,2,7.8733621,4.2781911,0.5,1,1,1420.021,3319209,18945.81,710.01052,18235.799
1995-07-25_912827U59_pre,1995-07-25_912827U59,pre,DGS2,2,1995-07-18,1995-07-25,-1,0.0025,5,1.9128709,9.4289493,1.8636716,1,1,1,2268.1793,12170488,37516.357,1134.0896,36382.267
1995-07-26_912827U67_pre,1995-07-26_912827U67,pre,DGS5,5,1995-07-19,1995-07-26,-1,0.0025,5,1.9128709,8.8430125,4.2488229,1,1,1,2418.4685,5692090.6,20945.236,1209.2342,19736.002
1995-07-25_912827U59_post,1995-07-25_912827U59,post,DGS2,2,1995-07-25,1995-08-01,1,0.0025,5,1.9128709,9.5597437,1.8598833,1,1,1,2237.1465,12028424,934.28037,1118.5732,-184.29287
1995-07-26_912827U67_post,1995-07-26_912827U67,post,DGS5,5,1995-07-26,1995-08-02,1,0.0025,5,1.9128709,9.1500208,4.2391001,1,1,1,2337.3222,5513722.6,21816.463,1168.6611,20647.802
1995-08-08_912827U75_pre,1995-08-08_912827U75,pre,DGS3,3,1995-08-01,1995-08-08,-1,0.0025,5,2,9.011982,2.7050084,1,1,1,2481.2167,9172676.2,-18343.519,1240.6083,-19584.127
1995-08-09_912827U83_pre,1995-08-09_912827U83,pre,DGS10,10,1995-08-02,1995-08-09,-1,0.0025,5,2,7.5250805,7.289661,1,1,1,2971.4871,4076303.6,8078.8229,1485.7436,6593.0793
1995-08-10_912810EV6_pre,1995-08-10_912810EV6,pre,DGS30,30,1995-08-03,1995-08-10,-1,0.0025,5,2,6.097698,12.5608,1,1,1,3667.0691,2919454.9,-11859.459,1833.5345,-13692.994
1995-08-08_912827U75_post,1995-08-08_912827U75,post,DGS3,3,1995-08-08,1995-08-15,1,0.0025,5,2,8.6071019,2.7081469,1,1,1,2597.9337,9593030.8,-50639.712,1298.9668,-51938.679
1995-08-09_912827U83_post,1995-08-09_912827U83,post,DGS10,10,1995-08-09,1995-08-16,1,0.0025,5,2,7.5457175,7.279657,1,1,1,2963.3603,4070741.7,-19835.026,1481.6801,-21316.706
1995-08-10_912810EV6_post,1995-08-10_912810EV6,post,DGS30,30,1995-08-10,1995-08-17,1,0.0025,5,2,6.0645306,12.59901,1,1,1,3687.1246,2926519.3,961.64932,1843.5623,-881.91297
1995-08-22_912827U91_pre,1995-08-22_912827U91,pre,DGS2,2,1995-08-15,1995-08-22,-1,0.0025,5,1.6454972,9.0873197,1.8561074,0.5,1,1,1012.2467,5453599.8,-1607.0883,506.12334,-2113.2117
1995-08-23_912827V25_pre,1995-08-23_912827V25,pre,DGS5,5,1995-08-16,1995-08-23,-1,0.0025,5,1.6454972,8.7055408,4.2304855,0.5,1,1,1056.6384,2497676.6,4886.3225,528.31922,4358.0033
1995-08-22_912827U91_post,1995-08-22_912827U91,post,DGS2,2,1995-08-22,1995-08-29,1,0.0025,5,1.6454972,8.9817612,1.8563291,1,1,1,2048.2863,11034068,35904.943,1024.1431,34880.8
1995-08-23_912827V25_post,1995-08-23_912827V25,post,DGS5,5,1995-08-23,1995-08-30,1,0.0025,5,1.6454972,8.4132496,4.2251145,1,1,1,2186.6959,5175471.3,60040.023,1093.3479,58946.675
1995-09-26_912827V33_pre,1995-09-26_912827V33,pre,DGS2,2,1995-09-19,1995-09-26,-1,0.0025,5,1.4082483,6.6277963,1.8641181,0.5,1,1,1187.7775,6371793.2,14734.887,593.88875,14140.999
1995-09-27_912827V41_pre,1995-09-27_912827V41,pre,DGS5,5,1995-09-20,1995-09-27,-1,0.0025,5,1.4082483,6.9294059,4.2738213,0.5,1,1,1136.0782,2658225.9,17730.544,568.03912,17162.505
1995-09-26_912827V33_post,1995-09-26_912827V33,post,DGS2,2,1995-09-26,1995-10-03,1,0.0025,5,1.4082483,6.0674178,1.8612189,1,1,1,2594.958,13942250,22141.491,1297.479,20844.012
1995-09-27_912827V41_post,1995-09-27_912827V41,post,DGS5,5,1995-09-27,1995-10-04,1,0.0025,5,1.4082483,6.4258262,4.256408,1,1,1,2450.221,5756546.4,42492.278,1225.1105,41267.167
1995-10-24_912827V58_pre,1995-10-24_912827V58,pre,DGS2,2,1995-10-17,1995-10-24,-1,0.0025,5,1,4.9615471,1.8663532,1,1,1,2253.3979,12073802,5883.2422,1126.699,4756.5432
1995-10-25_912827V66_pre,1995-10-25_912827V66,pre,DGS5,5,1995-10-18,1995-10-25,-1,0.0025,5,1,5.3721399,4.2836628,1,1,1,2081.1707,4858390.5,-6778.8945,1040.5853,-7819.4798
1995-10-24_912827V58_post,1995-10-24_912827V58,post,DGS2,2,1995-10-24,1995-10-31,1,0.0025,5,1,4.9287293,1.8656822,1,1,1,2268.4021,12158566,16601.694,1134.201,15467.493
1995-10-25_912827V66_post,1995-10-25_912827V66,post,DGS5,5,1995-10-25,1995-11-01,1,0.0025,5,1,5.3870267,4.2869508,1,1,1,2075.4194,4841248.6,12914.234,1037.7097,11876.524
1995-11-20_912827V74_pre,1995-11-20_912827V74,pre,DGS3,3,1995-11-13,1995-11-20,-1,0.0025,5,2,4.9632548,2.7261892,0.5,1,1,2252.6226,8262898.8,-18228.3,1126.3113,-19354.611
1995-11-21_912827V82_pre,1995-11-21_912827V82,pre,DGS10,10,1995-11-14,1995-11-21,-1,0.0025,5,2,4.677721,7.4490641,0.5,1,1,2390.1254,3208625.1,-12301.013,1195.0627,-13496.076
1995-11-20_912827V74_post,1995-11-20_912827V74,post,DGS3,3,1995-11-20,1995-11-28,1,0.0025,5,2,4.9168223,2.72982,1,1,0.91990232,4183.5234,15325272,-3723.3505,2091.7617,-5815.1122
1995-11-28_912827V90_pre,1995-11-28_912827V90,pre,DGS2,2,1995-11-20,1995-11-28,-1,0.0025,5,1,4.7950952,1.8706118,1,1,0.91990232,2144.8626,11466103,-2307.6814,1072.4313,-3380.1127
1995-11-21_912827V82_post,1995-11-21_912827V82,post,DGS10,10,1995-11-21,1995-11-29,1,0.0025,5,2,4.5637667,7.4663221,1,1,0.27085782,1327.0979,1777445.2,9495.0674,663.54893,8831.5185
1995-11-29_912827W24_pre,1995-11-29_912827W24,pre,DGS5,5,1995-11-21,1995-11-29,-1,0.0025,5,1,4.923138,4.2979379,1,1,0.27085782,615.11224,1431179.9,-6245.3194,307.55612,-6552.8756
1995-11-28_912827V90_post,1995-11-28_912827V90,post,DGS2,2,1995-11-28,1995-12-05,1,0.0025,5,2,4.295445,1.8708363,1,1,0.96283963,5012.2278,26791375,79958.717,2506.1139,77452.603
1995-11-29_912827W24_post,1995-11-29_912827W24,post,DGS5,5,1995-11-29,1995-12-06,1,0.0025,5,2,4.6200252,4.308967,1,1,0.28566135,1382.586,3208625.1,15308.243,691.29298,14616.95
1995-12-20_912827W32_pre,1995-12-20_912827W32,pre,DGS2,2,1995-12-13,1995-12-20,-1,0.0025,5,2,4.0104384,1.8721847,0.5,1,1,2787.8099,14890678,-17081.251,1393.905,-18475.156
1995-12-21_912827W40_pre,1995-12-21_912827W40,pre,DGS5,5,1995-12-14,1995-12-21,-1,0.0025,5,2,4.2724647,4.3144972,0.5,1,1,2616.8361,6065216.7,-5709.8983,1308.418,-7018.3163
1995-12-20_912827W32_post,1995-12-20_912827W32,post,DGS2,2,1995-12-20,1995-12-28,1,0.0025,5,2,3.8641844,1.8735346,1,1,0.77493281,4484.2644,23934783,59881.693,2242.1322,57639.561
1995-12-21_912827W40_post,1995-12-21_912827W40,post,DGS5,5,1995-12-21,1995-12-29,1,0.0025,5,2,4.3299965,4.3167123,1,1,0.50699302,2618.1796,6065216.7,40038.866,1309.0898,38729.776
1996-01-23_912827W57_pre,1996-01-23_912827W57,pre,DGS2,2,1996-01-16,1996-01-23,-1,0.0025,5,2,3.699748,1.8791761,1,1,0.9327728,5637.5282,30000000,5484.041,2818.7641,2665.2769
1996-01-24_912827W65_pre,1996-01-24_912827W65,pre,DGS5,5,1996-01-17,1996-01-24,-1,0.0025,5,2,4.3427971,4.3434253,1,1,0,0,0,0,0,0
1996-01-23_912827W57_post,1996-01-23_912827W57,post,DGS2,2,1996-01-23,1996-01-30,1,0.0025,5,2,3.7098129,1.8789499,1,1,0.93519775,5636.8496,30000000,39772.9,2818.4248,36954.476
1996-01-24_912827W65_post,1996-01-24_912827W65,post,DGS5,5,1996-01-24,1996-01-31,1,0.0025,5,2,4.3805876,4.3423074,0.5,1,0,0,0,0,0,0
1996-02-06_912827W73_pre,1996-02-06_912827W73,pre,DGS3,3,1996-01-30,1996-02-06,-1,0.0025,5,2,4.2245917,2.7480857,0.5,1,1,2646.49,9630303.7,-26726.373,1323.245,-28049.618
1996-02-07_912827W81_pre,1996-02-07_912827W81,pre,DGS10,10,1996-01-31,1996-02-07,-1,0.0025,5,2,4.5781044,7.5781709,1,1,1,4884.2661,6445178,28321.183,2442.133,25879.05
1996-02-08_912810EW4_pre,1996-02-08_912810EW4,pre,DGS30,30,1996-02-01,1996-02-08,-1,0.0025,5,2,4.4757981,13.71999,1,1,1,4995.909,3641335.8,3925.9417,2497.9545,1427.9872
1996-02-06_912827W73_post,1996-02-06_912827W73,post,DGS3,3,1996-02-06,1996-02-13,1,0.0025,5,2,4.2220835,2.7526816,1,1,1,5296.1245,19239873,74652.159,2648.0623,72004.096
1996-02-07_912827W81_post,1996-02-07_912827W81,post,DGS10,10,1996-02-07,1996-02-14,1,0.0025,5,2,4.4955722,7.5570135,1,1,1,4973.9341,6581878,20933.798,2486.967,18446.831
1996-02-08_912810EW4_post,1996-02-08_912810EW4,post,DGS30,30,1996-02-08,1996-02-15,1,0.0025,5,2,4.5037335,13.705377,1,1,1,4964.9207,3622607.8,-33383.774,2482.4603,-35866.234
1996-02-27_912827J94_pre,1996-02-27_912827J94,pre,DGS5,5,1996-02-20,1996-02-27,-1,0.0025,5,1.9128709,4.6835148,4.3167123,1,1,1,4566.3456,10578295,44190.772,2283.1728,41907.599
1996-02-28_912827X23_pre,1996-02-28_912827X23,pre,DGS5,5,1996-02-21,1996-02-28,-1,0.0025,5,0.66913334,5.6331093,4.3133903,1,1,1,1328.0655,3078936.5,22092.68,664.03275,21428.648
1996-02-27_912827J94_post,1996-02-27_912827J94,post,DGS5,5,1996-02-27,1996-03-05,1,0.0025,5,2,5.812003,4.3056538,1,1,1,3847.3277,8935524.8,12870.879,1923.6638,10947.215
1996-02-28_912827X23_post,1996-02-28_912827X23,post,DGS5,5,1996-02-28,1996-03-06,1,0.0025,5,0.66913334,5.8147242,4.2946374,1,1,1,1286.5852,2995794.8,6870.7739,643.29262,6227.4813
1996-04-08_912827X31_pre,1996-04-08_912827X31,pre,DGS2,2,1996-04-01,1996-04-08,-1,0.0025,5,1.9128709,8.1302254,1.8632253,1,1,1,2630.4987,14117985,81570.62,1315.2493,80255.37
1996-04-09_912827X49_pre,1996-04-09_912827X49,pre,DGS5,5,1996-04-02,1996-04-09,-1,0.0025,5,0.63142162,8.1097695,4.2629256,1,1,1,870.49432,2042011.5,29755.31,435.24716,29320.063
1996-04-08_912827X31_post,1996-04-08_912827X31,post,DGS2,2,1996-04-08,1996-04-15,1,0.0025,5,1.9128709,8.7864013,1.8561074,1,1,1,2434.0508,13113739,46324.686,1217.0254,45107.661
1996-04-09_912827X49_post,1996-04-09_912827X49,post,DGS5,5,1996-04-09,1996-04-16,1,0.0025,5,0.63142162,8.8486808,4.2251145,1,1,1,797.80347,1888241,7708.351,398.90173,7309.4492
1996-04-23_912827X56_pre,1996-04-23_912827X56,pre,DGS2,2,1996-04-16,1996-04-23,-1,0.0025,5,1.6454972,8.9490081,1.8605509,1,1,1,2055.783,11049324,1976.0478,1027.8915,948.15628
1996-04-24_912827X64_pre,1996-04-24_912827X64,pre,DGS5,5,1996-04-17,1996-04-24,-1,0.0025,5,0.78771089,9.1953685,4.2294105,1,1,1,957.75123,2264502.9,361.70054,478.87561,-117.17507
1996-04-23_912827X56_post,1996-04-23_912827X56,post,DGS2,2,1996-04-23,1996-04-30,1,0.0025,5,2,9.0295184,1.8601058,1,1,1,2476.3978,13313210,-22421.279,1238.1989,-23659.478
1996-04-24_912827X64_post,1996-04-24_912827X64,post,DGS5,5,1996-04-24,1996-05-01,1,0.0025,5,0.78771089,9.1008785,4.2283359,1,1,1,967.6951,2288595.6,-4276.8141,483.84755,-4760.6617
1996-05-07_912827X72_pre,1996-05-07_912827X72,pre,DGS3,3,1996-04-30,1996-05-07,-1,0.0025,5,2,9.4644592,2.7000879,1,1,1,2362.5945,8750065.3,42699.798,1181.2973,41518.5
1996-05-08_912827X80_pre,1996-05-08_912827X80,pre,DGS10,10,1996-05-01,1996-05-08,-1,0.0025,5,2,8.3365643,7.2101908,1,1,1,2682.2416,3720070.2,25267.945,1341.1208,23926.824
1996-05-07_912827X72_post,1996-05-07_912827X72,post,DGS3,3,1996-05-07,1996-05-14,1,0.0025,5,2,9.5489225,2.6916212,1,1,1,2341.6966,8699948.6,46563.337,1170.8483,45392.489
1996-05-08_912827X80_post,1996-05-08_912827X80,post,DGS10,10,1996-05-08,1996-05-15,1,0.0025,5,2,8.5285165,7.1774544,1,1,1,2621.8721,3652927.6,35422.963,1310.9361,34112.027
1996-05-29_912827X98_pre,1996-05-29_912827X98,pre,DGS2,2,1996-05-21,1996-05-29,-1,0.0025,5,2,8.5275227,1.8578827,1,1,1,2622.1777,14113795,31172.198,1311.0888,29861.109
1996-05-30_912827Y22_pre,1996-05-30_912827Y22,pre,DGS5,5,1996-05-22,1996-05-30,-1,0.0025,5,0.75185417,8.8131258,4.2240416,1,1,1,953.80292,2258033.9,15504.836,476.90146,15027.934
1996-05-29_912827X98_post,1996-05-29_912827X98,post,DGS2,2,1996-05-29,1996-06-05,1,0.0025,5,2,7.8420855,1.8549992,1,1,1,2851.369,15371269,-19549.704,1425.6845,-20975.389
1996-05-30_912827Y22_post,1996-05-30_912827Y22,post,DGS5,5,1996-05-30,1996-06-06,1,0.0025,5,0.75185417,8.5671822,4.205863,1,1,1,981.18436,2332896.6,3613.4807,490.59218,3122.8885
1996-06-25_912827Y30_pre,1996-06-25_912827Y30,pre,DGS2,2,1996-06-18,1996-06-25,-1,0.0025,5,2,7.023186,1.8523438,1,1,1,3183.8371,17188154,2652.523,1591.9185,1060.6044
1996-06-26_912827Y48_pre,1996-06-26_912827Y48,pre,DGS5,5,1996-06-19,1996-06-26,-1,0.0025,5,0.71461402,7.7009611,4.1856835,1,1,1,1037.4845,2478650.1,-7986.8394,518.74224,-8505.5816
1996-06-25_912827Y30_post,1996-06-25_912827Y30,post,DGS2,2,1996-06-25,1996-07-02,1,0.0025,5,2,6.8174543,1.8519018,1,1,1,3279.9163,17711070,29784.609,1639.9582,28144.651
1996-06-26_912827Y48_post,1996-06-26_912827Y48,post,DGS5,5,1996-06-26,1996-07-03,1,0.0025,5,0.71461402,7.4184645,4.1931012,0.5,1,1,538.49605,1284242.9,7901.0968,269.24802,7631.8488
1996-07-09_912827Y55_pre,1996-07-09_912827Y55,pre,DGS10,10,1996-07-01,1996-07-09,-1,0.0025,5,2,6.7664844,7.1905226,0.5,1,1,1652.3115,2297901.8,41539.425,826.15575,40713.269
1996-07-09_912827Y55_post,1996-07-09_912827Y55,post,DGS10,10,1996-07-09,1996-07-16,1,0.0025,5,0,6.8842529,7.1062017,1,1,1,0,0,0,0,0
1996-07-23_912827Y63_pre,1996-07-23_912827Y63,pre,DGS2,2,1996-07-16,1996-07-23,-1,0.0025,5,1.9128709,6.6498375,1.8534495,1,1,1,3216.1007,17351974,-3292.2681,1608.0504,-4900.3185
1996-07-24_912827Y71_pre,1996-07-24_912827Y71,pre,DGS5,5,1996-07-17,1996-07-24,-1,0.0025,5,0.67573203,7.081826,4.1994749,1,1,1,1066.8031,2540324.9,1450.7065,533.40154,917.30497
1996-07-23_912827Y63_post,1996-07-23_912827Y63,post,DGS2,2,1996-07-23,1996-07-30,1,0.0025,5,1.9128709,6.7577952,1.8534495,1,1,1,3164.7226,17074771,-18754.847,1582.3613,-20337.208
1996-07-24_912827Y71_post,1996-07-24_912827Y71,post,DGS5,5,1996-07-24,1996-07-31,1,0.0025,5,0.67573203,7.2591069,4.1973488,1,1,1,1040.7498,2479540.8,6920.6577,520.37488,6400.2828
1996-08-06_912827Y89_pre,1996-08-06_912827Y89,pre,DGS3,3,1996-07-30,1996-08-06,-1,0.0025,5,2,6.7719928,2.687625,1,1,1,3301.9349,12285698,-115020.72,1650.9675,-116671.69
1996-08-07_912827Y55_pre,1996-08-07_912827Y55,pre,DGS10,10,1996-07-31,1996-08-07,-1,0.0025,5,0,6.4846407,7.1709334,1,1,1,0,0,0,0,0
1996-08-08_912810EX2_pre,1996-08-08_912810EX2,pre,DGS30,30,1996-08-01,1996-08-08,-1,0.0025,5,0,5.8738865,12.675992,1,1,1,0,0,0,0,0
1996-08-06_912827Y89_post,1996-08-06_912827Y89,post,DGS3,3,1996-08-06,1996-08-13,1,0.0025,5,2,7.3445279,2.7027701,1,1,1,3044.536,11264502,-874.67237,1522.268,-2396.9404
1996-08-07_912827Y55_post,1996-08-07_912827Y55,post,DGS10,10,1996-08-07,1996-08-14,1,0.0025,5,0,6.8465629,7.253078,1,1,1,0,0,0,0,0
1996-08-08_912810EX2_post,1996-08-08_912810EX2,post,DGS30,30,1996-08-08,1996-08-15,1,0.0025,5,0,6.0752345,12.779817,1,1,1,0,0,0,0,0
1996-08-27_912827Z21_pre,1996-08-27_912827Z21,pre,DGS2,2,1996-08-20,1996-08-27,-1,0.0025,5,1.6454972,6.9537617,1.8592161,1,1,1,2645.6498,14229921,50104.77,1322.8249,48781.945
1996-08-28_912827Z39_pre,1996-08-28_912827Z39,pre,DGS5,5,1996-08-21,1996-08-28,-1,0.0025,5,1.6454972,7.3587643,4.2272617,1,1,1,2500.0418,5914092.8,50729.075,1250.0209,49479.054
1996-08-27_912827Z21_post,1996-08-27_912827Z21,post,DGS2,2,1996-08-27,1996-09-04,1,0.0025,5,1.6454972,6.8958966,1.8547777,1,1,1,2667.8501,14383665,-52487.064,1333.925,-53820.989
1996-08-28_912827Z39_post,1996-08-28_912827Z39,post,DGS5,5,1996-08-28,1996-09-05,1,0.0025,5,1.6454972,7.3180182,4.2047973,1,1,1,2513.9618,5978794.3,-48182.76,1256.9809,-49439.741
1996-09-25_912827Z47_pre,1996-09-25_912827Z47,pre,DGS2,2,1996-09-18,1996-09-25,-1,0.0025,5,0,6.6793171,1.8527859,0.5,1,1,0,0,0,0,0
1996-09-26_912827Z54_pre,1996-09-26_912827Z54,pre,DGS5,5,1996-09-19,1996-09-26,-1,0.0025,5,1.4082483,7.1627371,4.1952242,0.5,1,1,1099.0697,2619811.6,-27157.764,549.53485,-27707.299
1996-09-25_912827Z47_post,1996-09-25_912827Z47,post,DGS2,2,1996-09-25,1996-10-02,1,0.0025,5,0,6.5646502,1.8567728,1,1,1,0,0,0,0,0
1996-09-26_912827Z54_post,1996-09-26_912827Z54,post,DGS5,5,1996-09-26,1996-10-03,1,0.0025,5,1.4082483,7.0504838,4.2208251,1,1,1,2233.1368,5290758.8,14854.912,1116.5684,13738.343
1996-10-08_912827Z62_pre,1996-10-08_912827Z62,pre,DGS10,10,1996-10-01,1996-10-08,-1,0.0025,5,0,5.8028826,7.2200546,1,1,1,0,0,0,0,0
1996-10-08_912827Z62_post,1996-10-08_912827Z62,post,DGS10,10,1996-10-08,1996-10-16,1,0.0025,5,0,6.0323047,7.2597093,1,1,1,0,0,0,0,0
1996-10-22_912827Z70_pre,1996-10-22_912827Z70,pre,DGS2,2,1996-10-15,1996-10-22,-1,0.0025,5,0,6.0735604,1.8601058,1,1,1,0,0,0,0,0
1996-10-23_912827Z88_pre,1996-10-23_912827Z88,pre,DGS5,5,1996-10-16,1996-10-23,-1,0.0025,5,1,6.1597151,4.2315609,1,1,1,1815.0742,4289372.7,-989.67929,907.53709,-1897.2164
1996-10-22_912827Z70_post,1996-10-22_912827Z70,post,DGS2,2,1996-10-22,1996-10-29,1,0.0025,5,0,6.0396758,1.8596608,1,1,1,0,0,0,0,0
1996-10-23_912827Z88_post,1996-10-23_912827Z88,post,DGS5,5,1996-10-23,1996-10-30,1,0.0025,5,1,6.1271601,4.2315609,1,1,1,1824.7181,4312163.2,35768.011,912.35905,34855.652
1996-11-05_912827Z96_pre,1996-11-05_912827Z96,pre,DGS3,3,1996-10-29,1996-11-05,-1,0.0025,5,2,5.7005055,2.711291,1,1,1,3922.5784,14467567,-33669.006,1961.2892,-35630.295
1996-11-06_912827Z62_pre,1996-11-06_912827Z62,pre,DGS10,10,1996-10-30,1996-11-06,-1,0.0025,5,0.090560929,5.3377189,7.3030313,1,1,1,189.68814,259738.91,-1966.1029,94.844069,-2060.947
1996-11-07_912810EY0_pre,1996-11-07_912810EY0,pre,DGS30,30,1996-10-31,1996-11-07,-1,0.0025,5,0,4.7145645,12.911527,1,1,1,0,0,0,0,0
1996-11-05_912827Z96_post,1996-11-05_912827Z96,post,DGS3,3,1996-11-05,1996-11-13,1,0.0025,5,1.2752409,5.6955727,2.7148911,0.5,1,1,1251.6412,4610281.5,3256.9011,625.82062,2631.0805
1996-11-06_912827Z62_post,1996-11-06_912827Z62,post,DGS10,10,1996-11-06,1996-11-14,1,0.0025,5,0.090560929,5.3834859,7.3366149,0.5,1,1,94.037764,128175.96,1449.7562,47.018882,1402.7373
1996-11-07_912810EY0_post,1996-11-07_912810EY0,post,DGS30,30,1996-11-07,1996-11-15,1,0.0025,5,0,4.7472561,13.154143,0.5,1,1,0,0,0,0,0
1996-11-19_9128272B7_pre,1996-11-19_9128272B7,pre,DGS2,2,1996-11-12,1996-11-19,-1,0.0025,5,0,5.5106215,1.8645648,0.5,1,1,0,0,0,0,0
1996-11-20_9128272C5_pre,1996-11-20_9128272C5,pre,DGS5,5,1996-11-13,1996-11-20,-1,0.0025,5,1,5.7070429,4.26619,1,1,1,1959.0425,4592019,-14481.49,979.52127,-15461.011
1996-11-19_9128272B7_post,1996-11-19_9128272B7,post,DGS2,2,1996-11-19,1996-11-26,1,0.0025,5,0,5.506519,1.8656822,1,1,1,0,0,0,0,0
1996-11-20_9128272C5_post,1996-11-20_9128272C5,post,DGS5,5,1996-11-20,1996-11-27,1,0.0025,5,1,5.6982503,4.2738213,1,1,1,1962.0654,4590892.6,2672.3099,981.03271,1691.2772
1996-12-18_9128272D3_pre,1996-12-18_9128272D3,pre,DGS2,2,1996-12-11,1996-12-18,-1,0.0025,5,0.087129071,5.0282816,1.8625561,0.5,1,1,96.865361,520066.81,585.48189,48.432681,537.04921
1996-12-19_9128272E1_pre,1996-12-19_9128272E1,pre,DGS5,5,1996-12-12,1996-12-19,-1,0.0025,5,1,5.3150463,4.2499053,0.5,1,1,1051.7632,2474792,-1650.6122,525.88158,-2176.4938
1996-12-18_9128272D3_post,1996-12-18_9128272D3,post,DGS2,2,1996-12-18,1996-12-26,1,0.0025,5,0.087129071,4.7738696,1.8609962,1,1,1,204.05514,1096483.4,1019.903,102.02757,917.8754
1996-12-19_9128272E1_post,1996-12-19_9128272E1,post,DGS5,5,1996-12-19,1996-12-27,1,0.0025,5,1,5.3630616,4.250988,1,1,1,2084.6936,4904021.2,9534.7891,1042.3468,8492.4423
1997-01-22_9128272F8_pre,1997-01-22_9128272F8,pre,DGS2,2,1997-01-14,1997-01-22,-1,0.0025,5,0.35450278,4.4392955,1.8589937,1,1,1,892.81318,4802669.1,853.90825,446.40659,407.50167
1997-01-23_9128272G6_pre,1997-01-23_9128272G6,pre,DGS5,5,1997-01-15,1997-01-23,-1,0.0025,5,1,5.4601536,4.2326367,1,1,1,2047.6237,4837702.5,8954.7154,1023.8119,7930.9036
1997-01-22_9128272F8_post,1997-01-22_9128272F8,post,DGS2,2,1997-01-22,1997-01-29,1,0.0025,5,0,4.5206369,1.8585492,1,1,1,0,0,0,0,0
1997-01-23_9128272G6_post,1997-01-23_9128272G6,post,DGS5,5,1997-01-23,1997-01-30,1,0.0025,5,1,5.4165211,4.2272617,1,1,1,2064.1182,4882873.1,1187.7644,1032.0591,155.70531
1997-02-11_9128272H4_pre,1997-02-11_9128272H4,pre,DGS3,3,1997-02-04,1997-02-11,-1,0.0025,5,1,4.7780986,2.7076982,0.5,1,1,1169.957,4320854.5,-1938.6941,584.97851,-2523.6726
1997-02-12_9128272J0_pre,1997-02-12_9128272J0,pre,DGS10,10,1997-02-05,1997-02-12,-1,0.0025,5,1.3227486,5.4340161,7.279657,1,1,1,2721.5192,3738526.7,-22800.133,1360.7596,-24160.893
1997-02-13_912810EZ7_pre,1997-02-13_912810EZ7,pre,DGS30,30,1997-02-06,1997-02-13,-1,0.0025,5,0,5.1333627,12.779817,1,1,1,0,0,0,0,0
1997-02-11_9128272H4_post,1997-02-11_9128272H4,post,DGS3,3,1997-02-11,1997-02-19,1,0.0025,5,0,4.6899339,2.7081469,1,1,1,0,0,0,0,0
1997-02-12_9128272J0_post,1997-02-12_9128272J0,post,DGS10,10,1997-02-12,1997-02-20,1,0.0025,5,1.3227486,5.2917962,7.3063794,1,1,1,2794.6615,3824960.8,3905.4238,1397.3307,2508.0931
1997-02-13_912810EZ7_post,1997-02-13_912810EZ7,post,DGS30,30,1997-02-13,1997-02-21,1,0.0025,5,0,4.7210312,13.018467,1,1,1,0,0,0,0,0
1997-02-25_9128272K7_pre,1997-02-25_9128272K7,pre,DGS2,2,1997-02-18,1997-02-25,-1,0.0025,5,0,4.4524798,1.8630022,1,1,1,0,0,0,0,0
1997-02-26_9128272L5_pre,1997-02-26_9128272L5,pre,DGS5,5,1997-02-19,1997-02-26,-1,0.0025,5,1,5.0769224,4.2542388,1,1,1,2202.1884,5176457.1,58036.276,1101.0942,56935.181
1997-02-25_9128272K7_post,1997-02-25_9128272K7,post,DGS2,2,1997-02-25,1997-03-04,1,0.0025,5,0,4.4492112,1.8607735,1,1,1,0,0,0,0,0
1997-02-26_9128272L5_post,1997-02-26_9128272L5,post,DGS5,5,1997-02-26,1997-03-05,1,0.0025,5,1,5.1436703,4.2251145,1,1,1,2173.6113,5144502.6,-11823.395,1086.8056,-12910.201
1997-03-25_9128272N1_pre,1997-03-25_9128272N1,pre,DGS2,2,1997-03-18,1997-03-25,-1,0.0025,5,0,4.5558369,1.8536707,0.5,1,1,0,0,0,0,0
1997-03-26_9128272P6_pre,1997-03-26_9128272P6,pre,DGS5,5,1997-03-19,1997-03-26,-1,0.0025,5,1,5.0195944,4.2026672,0.5,1,1,1113.6697,2649911.6,8251.6018,556.83483,7694.767
1997-03-25_9128272N1_post,1997-03-25_9128272N1,post,DGS2,2,1997-03-25,1997-04-02,1,0.0025,5,0,4.4829873,1.8512392,1,1,1,0,0,0,0,0
1997-03-26_9128272P6_post,1997-03-26_9128272P6,post,DGS5,5,1997-03-26,1997-04-03,1,0.0025,5,1,4.951174,4.1941625,1,1,1,2258.1189,5383956.7,-11818.261,1129.0595,-12947.321
1997-04-22_9128272R2_pre,1997-04-22_9128272R2,pre,DGS2,2,1997-04-15,1997-04-22,-1,0.0025,5,0,3.9094265,1.8485925,1,1,1,0,0,0,0,0
1997-04-23_9128272S0_pre,1997-04-23_9128272S0,pre,DGS5,5,1997-04-16,1997-04-23,-1,0.0025,5,1,4.5810652,4.1803971,1,1,1,2440.5546,5838092.8,-4117.9871,1220.2773,-5338.2644
1997-04-22_9128272R2_post,1997-04-22_9128272R2,post,DGS2,2,1997-04-22,1997-04-29,1,0.0025,5,0,4.1728203,1.8490332,1,1,1,0,0,0,0,0
1997-04-23_9128272S0_post,1997-04-23_9128272S0,post,DGS5,5,1997-04-23,1997-04-30,1,0.0025,5,1,4.6079028,4.1814536,1,1,1,2426.3402,5802623.8,52836.71,1213.1701,51623.54
1997-05-06_9128272T8_pre,1997-05-06_9128272T8,pre,DGS3,3,1997-04-29,1997-05-06,-1,0.0025,5,0,4.4193974,2.6867382,1,1,1,0,0,0,0,0
1997-05-07_9128272U5_pre,1997-05-07_9128272U5,pre,DGS10,10,1997-04-30,1997-05-07,-1,0.0025,5,1.5976143,4.8614708,7.1970699,1,1,1,3674.1702,5105091.7,13154.219,1837.0851,11317.134
1997-05-06_9128272T8_post,1997-05-06_9128272T8,post,DGS3,3,1997-05-06,1997-05-13,1,0.0025,5,0,4.9031294,2.6911768,1,1,1,0,0,0,0,0
1997-05-07_9128272U5_post,1997-05-07_9128272U5,post,DGS10,10,1997-05-07,1997-05-14,1,0.0025,5,1.5976143,4.7770638,7.1839841,1,1,1,3739.0898,5204757.9,31554.457,1869.5449,29684.912
1997-05-28_9128272V3_pre,1997-05-28_9128272V3,pre,DGS2,2,1997-05-20,1997-05-28,-1,0.0025,5,0,4.7943882,1.8530071,1,1,1,0,0,0,0,0
1997-05-29_9128272W1_pre,1997-05-29_9128272W1,pre,DGS5,5,1997-05-21,1997-05-29,-1,0.0025,5,0,5.2506389,4.2037321,1,1,1,0,0,0,0,0
1997-05-28_9128272V3_post,1997-05-28_9128272V3,post,DGS2,2,1997-05-28,1997-06-04,1,0.0025,5,0,4.3950087,1.8510184,1,1,1,0,0,0,0,0
1997-05-29_9128272W1_post,1997-05-29_9128272W1,post,DGS5,5,1997-05-29,1997-06-05,1,0.0025,5,0,4.8510002,4.1994749,1,1,1,0,0,0,0,0
1997-06-24_9128272X9_pre,1997-06-24_9128272X9,pre,DGS2,2,1997-06-17,1997-06-24,-1,0.0025,5,0,4.7274592,1.8574386,1,1,1,0,0,0,0,0
1997-06-25_9128272Y7_pre,1997-06-25_9128272Y7,pre,DGS5,5,1997-06-18,1997-06-25,-1,0.0025,5,0,5.1271957,4.2337129,1,1,1,0,0,0,0,0
1997-06-24_9128272X9_post,1997-06-24_9128272X9,post,DGS2,2,1997-06-24,1997-07-01,1,0.0025,5,0,4.5788447,1.8578827,1,1,1,0,0,0,0,0
1997-06-25_9128272Y7_post,1997-06-25_9128272Y7,post,DGS5,5,1997-06-25,1997-07-02,1,0.0025,5,0,4.8794507,4.2283359,0.5,1,1,0,0,0,0,0
1997-07-22_9128273B6_pre,1997-07-22_9128273B6,pre,DGS2,2,1997-07-15,1997-07-22,-1,0.0025,5,0,4.4841214,1.8603283,1,1,1,0,0,0,0,0
1997-07-23_9128273C4_pre,1997-07-23_9128273C4,pre,DGS5,5,1997-07-16,1997-07-23,-1,0.0025,5,0,4.7778621,4.2531548,1,1,1,0,0,0,0,0
1997-07-22_9128273B6_post,1997-07-22_9128273B6,post,DGS2,2,1997-07-22,1997-07-29,1,0.0025,5,0,4.4262953,1.8607735,1,1,1,0,0,0,0,0
1997-07-23_9128273C4_post,1997-07-23_9128273C4,post,DGS5,5,1997-07-23,1997-07-30,1,0.0025,5,0,4.8915932,4.2585789,1,1,1,0,0,0,0,0
1997-08-05_9128273D2_pre,1997-08-05_9128273D2,pre,DGS3,3,1997-07-29,1997-08-05,-1,0.0025,5,0,4.3164054,2.7139904,1,1,1,0,0,0,0,0
1997-08-06_9128273E0_pre,1997-08-06_9128273E0,pre,DGS10,10,1997-07-30,1997-08-06,-1,0.0025,5,2,4.3038217,7.4215728,1,1,1,5195.5404,7000592.2,81128.932,2597.7702,78531.162
1997-08-07_912810FA1_pre,1997-08-07_912810FA1,pre,DGS30,30,1997-07-31,1997-08-07,-1,0.0025,5,0.14805725,3.9377573,13.404104,1,1,1,420.3739,313615.8,8599.7691,210.18695,8389.5822
1997-08-05_9128273D2_post,1997-08-05_9128273D2,post,DGS3,3,1997-08-05,1997-08-12,1,0.0025,5,0,4.7927382,2.7068012,1,1,1,0,0,0,0,0
1997-08-06_9128273E0_post,1997-08-06_9128273E0,post,DGS10,10,1997-08-06,1997-08-13,1,0.0025,5,2,4.8182797,7.3670346,1,1,1,4640.8015,6299416,-67817.774,2320.4008,-70138.175
1997-08-07_912810FA1_post,1997-08-07_912810FA1,post,DGS30,30,1997-08-07,1997-08-14,1,0.0025,5,0.14805725,4.3905394,13.113204,1,1,1,377.0221,287513.32,-1758.8816,188.51105,-1947.3927
1997-08-26_9128273F7_pre,1997-08-26_9128273F7,pre,DGS2,2,1997-08-19,1997-08-26,-1,0.0025,5,0,4.3903785,1.8618873,1,1,1,0,0,0,0,0
1997-08-27_9128273G5_pre,1997-08-27_9128273G5,pre,DGS5,5,1997-08-20,1997-08-27,-1,0.0025,5,0,4.8797981,4.2542388,1,1,1,0,0,0,0,0
1997-08-26_9128273F7_post,1997-08-26_9128273F7,post,DGS2,2,1997-08-26,1997-09-03,1,0.0025,5,0,4.364048,1.8587714,1,1,1,0,0,0,0,0
1997-08-27_9128273G5_post,1997-08-27_9128273G5,post,DGS5,5,1997-08-27,1997-09-04,1,0.0025,5,0,4.8379386,4.2401788,1,1,1,0,0,0,0,0
1997-09-23_9128273H3_pre,1997-09-23_9128273H3,pre,DGS2,2,1997-09-16,1997-09-23,-1,0.0025,5,0.12837703,4.0983323,1.8627791,1,1,1,350.21533,1880069,-629.40505,175.10767,-804.51272
1997-09-24_9128273J9_pre,1997-09-24_9128273J9,pre,DGS5,5,1997-09-17,1997-09-24,-1,0.0025,5,0.15242062,5.1170205,4.26619,1,1,1,333.02864,780623.09,-815.07259,166.51432,-981.58691
1997-09-23_9128273H3_post,1997-09-23_9128273H3,post,DGS2,2,1997-09-23,1997-09-30,1,0.0025,5,0.12837703,4.3661513,1.8630022,0.5,1,1,164.36659,882267.32,148.40168,82.183297,66.218381
1997-09-24_9128273J9_post,1997-09-24_9128273J9,post,DGS5,5,1997-09-24,1997-10-01,1,0.0025,5,0.15242062,5.1070739,4.2683683,0.5,1,1,166.83862,390872.14,748.94505,83.419312,665.52574
1997-10-28_9128273K6_pre,1997-10-28_9128273K6,pre,DGS2,2,1997-10-21,1997-10-28,-1,0.0025,5,0.37303767,4.5970698,1.8603283,1,1,1,907.24921,4876823.1,-17000.444,453.62461,-17454.069
1997-10-29_9128273L4_pre,1997-10-29_9128273L4,pre,DGS5,5,1997-10-22,1997-10-29,-1,0.0025,5,0,5.3440658,4.2585789,1,1,1,0,0,0,0,0
1997-10-28_9128273K6_post,1997-10-28_9128273K6,post,DGS2,2,1997-10-28,1997-11-04,1,0.0025,5,0,5.2393556,1.8643414,1,1,1,0,0,0,0,0
1997-11-04_9128273M2_pre,1997-11-04_9128273M2,pre,DGS3,3,1997-10-28,1997-11-04,-1,0.0025,5,0,5.4941931,2.7175961,1,1,1,0,0,0,0,0
1997-10-29_9128273L4_post,1997-10-29_9128273L4,post,DGS5,5,1997-10-29,1997-11-05,1,0.0025,5,0,5.3882851,4.2891449,1,1,1,0,0,0,0,0
1997-11-05_9128273E0_pre,1997-11-05_9128273E0,pre,DGS10,10,1997-10-29,1997-11-05,-1,0.0025,5,1,5.6357415,7.4697807,1,1,1,1983.8277,2655804.4,7502.2362,991.91384,6510.3224
1997-11-06_912810FB9_pre,1997-11-06_912810FB9,pre,DGS30,30,1997-10-30,1997-11-06,-1,0.0025,5,0.36416163,5.1889441,13.589355,1,1,1,784.63956,577392.79,-1740.3785,392.31978,-2132.6983
1997-11-04_9128273M2_post,1997-11-04_9128273M2,post,DGS3,3,1997-11-04,1997-11-12,1,0.0025,5,0,5.2544305,2.7189501,0.5,1,1,0,0,0,0,0
1997-11-05_9128273E0_post,1997-11-05_9128273E0,post,DGS10,10,1997-11-05,1997-11-13,1,0.0025,5,1,5.5175887,7.4559603,0.5,1,1,1013.1545,1358851.8,8320.0015,506.57726,7813.4242
1997-11-06_912810FB9_post,1997-11-06_912810FB9,post,DGS30,30,1997-11-06,1997-11-14,1,0.0025,5,0.36416163,5.0174836,13.618215,0.5,1,1,405.72637,297929.2,2502.1473,202.86319,2299.2841
1997-11-24_9128273P5_pre,1997-11-24_9128273P5,pre,DGS2,2,1997-11-17,1997-11-24,-1,0.0025,5,0,5.0442953,1.8652351,1,1,1,0,0,0,0,0
1997-11-25_9128273Q3_pre,1997-11-25_9128273Q3,pre,DGS5,5,1997-11-18,1997-11-25,-1,0.0025,5,0,5.4446107,4.2869508,1,1,1,0,0,0,0,0
1997-11-24_9128273P5_post,1997-11-24_9128273P5,post,DGS2,2,1997-11-24,1997-12-02,1,0.0025,5,0,4.9488628,1.8650116,1,1,1,0,0,0,0,0
1997-11-25_9128273Q3_post,1997-11-25_9128273Q3,post,DGS5,5,1997-11-25,1997-12-03,1,0.0025,5,0,5.3687735,4.2869508,1,1,1,0,0,0,0,0
1997-12-22_9128273R1_pre,1997-12-22_9128273R1,pre,DGS2,2,1997-12-15,1997-12-22,-1,0.0025,5,0,4.9789387,1.8656822,0.5,1,1,0,0,0,0,0
1997-12-23_9128273S9_pre,1997-12-23_9128273S9,pre,DGS5,5,1997-12-16,1997-12-23,-1,0.0025,5,0,5.0999889,4.2935381,1,1,1,0,0,0,0,0
1997-12-22_9128273R1_post,1997-12-22_9128273R1,post,DGS2,2,1997-12-22,1997-12-30,1,0.0025,5,0,5.0232229,1.8654586,1,1,1,0,0,0,0,0
1997-12-23_9128273S9_post,1997-12-23_9128273S9,post,DGS5,5,1997-12-23,1997-12-31,1,0.0025,5,0,5.0769224,4.2968373,1,1,1,0,0,0,0,0
1998-01-27_9128273U4_pre,1998-01-27_9128273U4,pre,DGS2,2,1998-01-20,1998-01-27,-1,0.0025,5,0.087129071,5.4719366,1.8726345,1,1,1,178.02338,950657.37,1545.9437,89.011688,1456.932
1998-01-28_9128273V2_pre,1998-01-28_9128273V2,pre,DGS5,5,1998-01-21,1998-01-28,-1,0.0025,5,0.087129071,5.5079809,4.3300382,1,1,1,176.85839,408445.33,2258.0764,88.429195,2169.6472
1998-01-27_9128273U4_post,1998-01-27_9128273U4,post,DGS2,2,1998-01-27,1998-02-03,1,0.0025,5,0.087129071,5.1291512,1.8706118,1,1,1,189.92082,1015287.2,2325.2,94.960412,2230.2396
1998-01-28_9128273V2_post,1998-01-28_9128273V2,post,DGS5,5,1998-01-28,1998-02-04,1,0.0025,5,0.087129071,5.3439865,4.3156046,0.5,1,1,91.142878,211193.77,1199.6282,45.571439,1154.0568
1998-02-10_9128273W0_pre,1998-02-10_9128273W0,pre,DGS3,3,1998-02-03,1998-02-10,-1,0.0025,5,0,4.9534272,2.73756,0.5,1,1,0,0,0,0,0
1998-02-11_9128273X8_pre,1998-02-11_9128273X8,pre,DGS10,10,1998-02-04,1998-02-11,-1,0.0025,5,1.8475794,4.8949126,7.5887821,1,1,1,4220.007,5560848.8,-17601.36,2110.0035,-19711.364
1998-02-12_912810FB9_pre,1998-02-12_912810FB9,pre,DGS30,30,1998-02-05,1998-02-12,-1,0.0025,5,0.59175171,4.4800562,13.957175,1,1,1,1476.7639,1058067.9,-7607.8396,738.38194,-8346.2215
1998-02-10_9128273W0_post,1998-02-10_9128273W0,post,DGS3,3,1998-02-10,1998-02-18,1,0.0025,5,0,5.0336719,2.7343688,1,1,1,0,0,0,0,0
1998-02-11_9128273X8_post,1998-02-11_9128273X8,post,DGS10,10,1998-02-11,1998-02-19,1,0.0025,5,1.8475794,4.9310214,7.6029641,1,1,1,4189.1048,5509831.1,8843.4805,2094.5524,6748.9281
1998-02-12_912810FB9_post,1998-02-12_912810FB9,post,DGS30,30,1998-02-12,1998-02-20,1,0.0025,5,0.59175171,4.4808128,14.03262,1,1,1,1476.5145,1052201.6,197.68083,738.25726,-540.57643
1998-02-24_9128273Y6_pre,1998-02-24_9128273Y6,pre,DGS2,2,1998-02-17,1998-02-24,-1,0.0025,5,0.35450278,4.9825685,1.8733095,1,1,1,795.46554,4246311.4,18023.965,397.73277,17626.232
1998-02-25_9128273Z3_pre,1998-02-25_9128273Z3,pre,DGS5,5,1998-02-18,1998-02-25,-1,0.0025,5,0.35450278,5.297345,4.326701,1,1,1,748.19773,1729256.8,11800.577,374.09886,11426.478
1998-02-24_9128273Y6_post,1998-02-24_9128273Y6,post,DGS2,2,1998-02-24,1998-03-03,1,0.0025,5,0.35450278,4.9992937,1.8681444,1,1,1,792.80429,4243806.3,-5270.904,396.40215,-5667.3061
1998-02-25_9128273Z3_post,1998-02-25_9128273Z3,post,DGS5,5,1998-02-25,1998-03-04,1,0.0025,5,0.35450278,5.5855949,4.308967,1,1,1,709.58629,1646766.6,-7656.0869,354.79314,-8010.8801
1998-03-24_9128274A7_pre,1998-03-24_9128274A7,pre,DGS2,2,1998-03-17,1998-03-24,-1,0.0025,5,0.59175171,4.8845138,1.8697139,1,1,1,1354.4819,7244326.7,-566.80686,677.24093,-1244.0478
1998-03-25_9128274B5_pre,1998-03-25_9128274B5,pre,DGS5,5,1998-03-18,1998-03-25,-1,0.0025,5,0.59175171,5.5454975,4.3144972,1,1,1,1193.0373,2765182.6,8099.0375,596.51864,7502.5188
1998-03-24_9128274A7_post,1998-03-24_9128274A7,post,DGS2,2,1998-03-24,1998-03-31,1,0.0025,5,0,4.8750199,1.8697139,0.5,1,1,0,0,0,0,0
1998-03-25_9128274B5_post,1998-03-25_9128274B5,post,DGS5,5,1998-03-25,1998-04-01,1,0.0025,5,0.59175171,5.5222969,4.3067578,0.5,1,1,599.02477,1390895,1943.0357,299.51239,1643.5233
1998-04-28_9128274C3_pre,1998-04-28_9128274C3,pre,DGS2,2,1998-04-21,1998-04-28,-1,0.0025,5,0,4.1921031,1.8674724,1,1,1,0,0,0,0,0
1998-04-29_9128274D1_pre,1998-04-29_9128274D1,pre,DGS5,5,1998-04-22,1998-04-29,-1,0.0025,5,1,4.4724834,4.3023445,1,1,1,2499.8058,5810333.9,29126.209,1249.9029,27876.306
1998-04-28_9128274C3_post,1998-04-28_9128274C3,post,DGS2,2,1998-04-28,1998-05-05,1,0.0025,5,0,3.7655516,1.8654586,1,1,1,0,0,0,0,0
1998-04-29_9128274D1_post,1998-04-29_9128274D1,post,DGS5,5,1998-04-29,1998-05-06,1,0.0025,5,1,4.2737869,4.2891449,1,1,1,2616.0265,6099179.7,48033.041,1308.0133,46725.028
1998-05-12_9128274E9_pre,1998-05-12_9128274E9,pre,DGS3,3,1998-05-05,1998-05-12,-1,0.0025,5,0,4.5476448,2.7248297,1,1,1,0,0,0,0,0
1998-05-13_9128274F6_pre,1998-05-13_9128274F6,pre,DGS10,10,1998-05-06,1998-05-13,-1,0.0025,5,1.5976143,4.9109586,7.5534956,1,1,1,3637.1455,4815181.8,-11682.342,1818.5728,-13500.915
1998-05-12_9128274E9_post,1998-05-12_9128274E9,post,DGS3,3,1998-05-12,1998-05-19,1,0.0025,5,0,4.6083932,2.7266427,0.5,1,1,0,0,0,0,0
1998-05-13_9128274F6_post,1998-05-13_9128274F6,post,DGS10,10,1998-05-13,1998-05-20,1,0.0025,5,1.5976143,4.9500043,7.5640564,0.5,1,1,1804.2278,2385264.9,5679.2225,902.11391,4777.1086
1998-05-27_9128274G4_pre,1998-05-27_9128274G4,pre,DGS2,2,1998-05-19,1998-05-27,-1,0.0025,5,0,4.2398433,1.8676963,1,1,1,0,0,0,0,0
1998-05-28_9128274H2_pre,1998-05-28_9128274H2,pre,DGS5,5,1998-05-20,1998-05-28,-1,0.0025,5,1,4.7840365,4.308967,1,1,1,2337.0097,5423596.3,-9943.0677,1168.5049,-11111.573
1998-05-27_9128274G4_post,1998-05-27_9128274G4,post,DGS2,2,1998-05-27,1998-06-03,1,0.0025,5,0,3.9944877,1.869041,1,1,1,0,0,0,0,0
1998-05-28_9128274H2_post,1998-05-28_9128274H2,post,DGS5,5,1998-05-28,1998-06-04,1,0.0025,5,1,4.4117204,4.3133903,1,1,1,2534.2358,5875275.9,-9485.1841,1267.1179,-10752.302
1998-06-23_9128274J8_pre,1998-06-23_9128274J8,pre,DGS2,2,1998-06-16,1998-06-23,-1,0.0025,5,0,4.2896209,1.8697139,1,1,1,0,0,0,0,0
1998-06-24_9128274K5_pre,1998-06-24_9128274K5,pre,DGS5,5,1998-06-17,1998-06-24,-1,0.0025,5,1,4.5327122,4.3122839,1,1,1,2466.5894,5719914.2,-22691.996,1233.2947,-23925.291
1998-06-23_9128274J8_post,1998-06-23_9128274J8,post,DGS2,2,1998-06-23,1998-06-30,1,0.0025,5,0,4.2791044,1.8699383,1,1,1,0,0,0,0,0
1998-06-24_9128274K5_post,1998-06-24_9128274K5,post,DGS5,5,1998-06-24,1998-07-01,1,0.0025,5,1,4.5913207,4.3222574,0.5,1,1,1217.5516,2816934.5,6375.5537,608.77581,5766.7779
1998-07-29_9128274M1_pre,1998-07-29_9128274M1,pre,DGS2,2,1998-07-22,1998-07-29,-1,0.0025,5,2,3.7760395,1.8701628,1,1,0.94744104,5610.4883,30000000,2998.2719,2805.2442,193.02774
1998-07-29_9128274M1_post,1998-07-29_9128274M1,post,DGS2,2,1998-07-29,1998-08-05,1,0.0025,5,2,3.2053539,1.8699383,1,1,0.80415455,5609.815,30000000,58568.207,2804.9075,55763.3
1998-08-11_9128274N9_pre,1998-08-11_9128274N9,pre,DGS5,5,1998-08-04,1998-08-11,-1,0.0025,5,1,3.3767232,4.326701,1,1,0,0,0,0,0,0
1998-08-12_9128274F6_pre,1998-08-12_9128274F6,pre,DGS10,10,1998-08-05,1998-08-12,-1,0.0025,5,0,3.5101145,7.6385889,1,1,1,0,0,0,0,0
1998-08-13_912810FE3_pre,1998-08-13_912810FE3,pre,DGS30,30,1998-08-06,1998-08-13,-1,0.0025,5,1,3.4344549,14.340892,1,1,1,3255.3463,2269974.7,-23228.239,1627.6731,-24855.913
1998-08-11_9128274N9_post,1998-08-11_9128274N9,post,DGS5,5,1998-08-11,1998-08-18,1,0.0025,5,2,3.0500069,4.3389561,0.5,1,1,3665.6769,8448292,-6713.3904,1832.8384,-8546.2288
1998-08-12_9128274F6_post,1998-08-12_9128274F6,post,DGS10,10,1998-08-12,1998-08-19,1,0.0025,5,0,3.0999818,7.6493238,0.5,1,1,0,0,0,0,0
1998-08-13_912810FE3_post,1998-08-13_912810FE3,post,DGS30,30,1998-08-13,1998-08-20,1,0.0025,5,1,3.2806572,14.451296,0.5,1,1,1703.9787,1179118.2,13860.26,851.98933,13008.27
1998-08-26_9128274Q2_pre,1998-08-26_9128274Q2,pre,DGS2,2,1998-08-19,1998-08-26,-1,0.0025,5,2,2.948283,1.8733095,1,1,0.71187045,5399.0431,28820882,-120318.49,2699.5216,-123018.01
1998-08-26_9128274Q2_post,1998-08-26_9128274Q2,post,DGS2,2,1998-08-26,1998-09-02,1,0.0025,5,2,2.8722321,1.8782716,1,1,0.72379267,5634.8147,30000000,90671.655,2817.4074,87854.248
1998-09-23_9128274R0_pre,1998-09-23_9128274R0,pre,DGS2,2,1998-09-16,1998-09-23,-1,0.0025,5,2,4.7887285,1.8866648,1,1,1,4669.4398,24749706,-107670.26,2334.7199,-110004.98
1998-09-23_9128274R0_post,1998-09-23_9128274R0,post,DGS2,2,1998-09-23,1998-09-30,1,0.0025,5,2,4.9241421,1.8919127,0.5,1,1,2270.5153,12001163,49954.921,1135.2576,48819.664
1998-10-28_9128274T6_pre,1998-10-28_9128274T6,pre,DGS2,2,1998-10-21,1998-10-28,-1,0.0025,5,2,7.2005179,1.9010955,1,1,1,3105.4266,16334932,-34918.999,1552.7133,-36471.713
1998-11-03_9128274U3_pre,1998-11-03_9128274U3,pre,DGS5,5,1998-10-27,1998-11-03,-1,0.0025,5,2,7.7787193,4.4643884,1,1,1,2874.5965,6438948.1,28494.402,1437.2983,27057.103
1998-10-28_9128274T6_post,1998-10-28_9128274T6,post,DGS2,2,1998-10-28,1998-11-04,1,0.0025,5,2,7.6647811,1.9036334,1,1,1,2917.3279,15325051,-122339.23,1458.6639,-123797.89
1998-11-04_9128274V1_pre,1998-11-04_9128274V1,pre,DGS10,10,1998-10-28,1998-11-04,-1,0.0025,5,1.6454972,7.7425196,7.943883,1,1,1,2376.1281,2991141.8,53941.756,1188.064,52753.692
1998-11-05_912810FF0_pre,1998-11-05_912810FF0,pre,DGS30,30,1998-10-29,1998-11-05,-1,0.0025,5,1,5.5286618,15.297131,1,1,1,2022.2506,1321980.4,39478.501,1011.1253,38467.376
1998-11-03_9128274U3_post,1998-11-03_9128274U3,post,DGS5,5,1998-11-03,1998-11-10,1,0.0025,5,2,8.301249,4.4527652,1,1,1,2693.6525,6049392.6,-45577.442,1346.8262,-46924.268
1998-11-04_9128274V1_post,1998-11-04_9128274V1,post,DGS10,10,1998-11-04,1998-11-12,1,0.0025,5,1.6454972,8.1009869,7.8575325,1,1,1,2270.9848,2890201,13956.921,1135.4924,12821.429
1998-11-05_912810FF0_post,1998-11-05_912810FF0,post,DGS30,30,1998-11-05,1998-11-13,1,0.0025,5,1,5.9332207,14.956508,1,1,1,1884.3627,1259894.9,6031.3881,942.18137,5089.2067
1998-11-24_9128274W9_pre,1998-11-24_9128274W9,pre,DGS2,2,1998-11-17,1998-11-24,-1,0.0025,5,2,8.8572483,1.8905414,1,1,1,2524.5628,13353650,14552.406,1262.2814,13290.125
1998-11-24_9128274W9_post,1998-11-24_9128274W9,post,DGS2,2,1998-11-24,1998-12-02,1,0.0025,5,2,8.8518727,1.8891717,1,1,1,2526.096,13371447,71038.318,1263.048,69775.27
1998-12-29_9128274X7_pre,1998-12-29_9128274X7,pre,DGS2,2,1998-12-21,1998-12-29,-1,0.0025,5,1.7925939,8.2807209,1.8909983,0.5,1,1,1210.1488,6399523.6,4522.6665,605.07441,3917.5921
1998-12-29_9128274X7_post,1998-12-29_9128274X7,post,DGS2,2,1998-12-29,1999-01-06,1,0.0025,5,1.1132277,8.3693684,1.8900847,1,1,1,1487.1211,7868013,-2727.8676,743.56053,-3471.4281
1999-01-27_9128274Z2_pre,1999-01-27_9128274Z2,pre,DGS2,2,1999-01-20,1999-01-27,-1,0.0025,5,0.35450278,7.3018843,1.8887155,1,1,1,542.79983,2873909.9,-5041.3331,271.39991,-5312.733
1999-01-27_9128274Z2_post,1999-01-27_9128274Z2,post,DGS2,2,1999-01-27,1999-02-03,1,0.0025,5,0.35450278,6.9741046,1.8907698,0.5,1,1,284.15558,1502856.6,-4197.5676,142.07779,-4339.6454
1999-02-09_9128275A6_pre,1999-02-09_9128275A6,pre,DGS5,5,1999-02-02,1999-02-09,-1,0.0025,5,2,6.2256078,4.4101462,0.5,1,1,1795.8632,4072117.2,14013.219,897.9316,13115.287
1999-02-10_9128274V1_pre,1999-02-10_9128274V1,pre,DGS10,10,1999-02-03,1999-02-10,-1,0.0025,5,0,5.4539417,7.8575325,1,1,1,0,0,0,0,0
1999-02-11_912810FG8_pre,1999-02-11_912810FG8,pre,DGS30,30,1999-02-04,1999-02-11,-1,0.0025,5,1,4.5092184,14.939785,1,1,1,2479.4407,1659622.8,-2823.9617,1239.7204,-4063.6821
1999-02-09_9128275A6_post,1999-02-09_9128275A6,post,DGS5,5,1999-02-09,1999-02-17,1,0.0025,5,1.9036961,5.904585,4.4010106,1,1,1,3604.6512,8190507.8,-45893.018,1802.3256,-47695.344
1999-02-10_9128274V1_post,1999-02-10_9128274V1,post,DGS10,10,1999-02-10,1999-02-18,1,0.0025,5,0,5.2373064,7.8315222,1,1,1,0,0,0,0,0
1999-02-11_912810FG8_post,1999-02-11_912810FG8,post,DGS30,30,1999-02-11,1999-02-19,1,0.0025,5,1,4.2618727,14.956508,1,1,1,2623.3397,1753978.8,-22785.58,1311.6698,-24097.25
1999-02-24_9128275C2_pre,1999-02-24_9128275C2,pre,DGS2,2,1999-02-17,1999-02-24,-1,0.0025,5,0.35450278,5.9866848,1.8834819,1,1,1,662.04613,3515011.9,10286.552,331.02306,9955.5287
1999-02-24_9128275C2_post,1999-02-24_9128275C2,post,DGS2,2,1999-02-24,1999-03-03,1,0.0025,5,0.35450278,6.1097311,1.8798549,1,1,1,648.71293,3450867.1,-8695.053,324.35646,-9019.4094
1999-03-24_9128275D0_pre,1999-03-24_9128275D0,pre,DGS2,2,1999-03-17,1999-03-24,-1,0.0025,5,0.35450278,5.6581275,1.8807606,1,1,1,700.48996,3724503.7,-2523.4735,350.24498,-2873.7185
1999-03-24_9128275D0_post,1999-03-24_9128275D0,post,DGS2,2,1999-03-24,1999-03-31,1,0.0025,5,0.35450278,5.3282108,1.8814403,0.5,1,1,371.93175,1976845.9,-158.89731,185.96587,-344.86318
1999-04-28_9128275E8_pre,1999-04-28_9128275E8,pre,DGS2,2,1999-04-21,1999-04-28,-1,0.0025,5,0.35450278,4.3577323,1.8812137,1,1,1,909.52387,4834771.7,2109.2479,454.76194,1654.4859
1999-04-28_9128275E8_post,1999-04-28_9128275E8,post,DGS2,2,1999-04-28,1999-05-05,1,0.0025,5,0.35450278,4.2539115,1.8805341,1,1,1,931.72168,4954558.9,-5963.2818,465.86084,-6429.1427
1999-05-11_9128275F5_pre,1999-05-11_9128275F5,pre,DGS5,5,1999-05-04,1999-05-11,-1,0.0025,5,1.6454972,5.5604282,4.3423074,1,1,1,3308.5974,7619445.4,31787.785,1654.2987,30133.486
1999-05-12_9128275G3_pre,1999-05-12_9128275G3,pre,DGS10,10,1999-05-05,1999-05-12,-1,0.0025,5,1.8164966,5.6262099,7.6493238,1,1,1,3609.7212,4719007,38525.3,1804.8606,36720.44
1999-05-11_9128275F5_post,1999-05-11_9128275F5,post,DGS5,5,1999-05-11,1999-05-18,1,0.0025,5,1.6454972,5.4408997,4.3311515,0.5,1,1,1690.6412,3903445,-29581.311,845.32059,-30426.631
1999-05-12_9128275G3_post,1999-05-12_9128275G3,post,DGS10,10,1999-05-12,1999-05-19,1,0.0025,5,1.8164966,5.5749642,7.6100697,0.5,1,1,1821.4511,2393474.9,-15625.063,910.72554,-16535.788
1999-05-26_9128275H1_pre,1999-05-26_9128275H1,pre,DGS2,2,1999-05-19,1999-05-26,-1,0.0025,5,0.59175171,5.1022317,1.8726345,1,1,1,1296.6846,6924387.1,-6179.8559,648.3423,-6828.1982
1999-05-26_9128275H1_post,1999-05-26_9128275H1,post,DGS2,2,1999-05-26,1999-06-03,1,0.0025,5,0.59175171,4.894826,1.8735346,1,1,1,1351.6283,7214322.5,-26922.467,675.81413,-27598.281
1999-06-23_9128275J7_pre,1999-06-23_9128275J7,pre,DGS2,2,1999-06-16,1999-06-23,-1,0.0025,5,1,4.9675785,1.8672484,1,1,1,2250.6619,12053361,17952.984,1125.331,16827.653
1999-06-23_9128275J7_post,1999-06-23_9128275J7,post,DGS2,2,1999-06-23,1999-06-30,1,0.0025,5,1,5.2478406,1.8652351,0.5,1,1,1065.2324,5710982.1,19185.835,532.61621,18653.219
1999-07-28_9128275L2_pre,1999-07-28_9128275L2,pre,DGS2,2,1999-07-21,1999-07-28,-1,0.0025,5,1,5.7366647,1.8708363,1,1,1,1948.9268,10417410,15565.43,974.46342,14590.966
1999-07-28_9128275L2_post,1999-07-28_9128275L2,post,DGS2,2,1999-07-28,1999-08-04,1,0.0025,5,1,5.5686775,1.8688168,1,1,1,2007.719,10743263,-18127.483,1003.8595,-19131.343
1999-08-10_9128275M0_pre,1999-08-10_9128275M0,pre,DGS5,5,1999-08-03,1999-08-10,-1,0.0025,5,1.4225771,6.3174943,4.2803785,1,1,1,2517.5956,5881712.5,33689.578,1258.7978,32430.78
1999-08-11_9128275N8_pre,1999-08-11_9128275N8,pre,DGS10,10,1999-08-04,1999-08-11,-1,0.0025,5,1.5976143,6.2882502,7.452511,1,1,1,2840.5153,3811487.6,24245.17,1420.2577,22824.912
1999-08-12_912810FJ2_pre,1999-08-12_912810FJ2,pre,DGS30,30,1999-08-05,1999-08-12,-1,0.0025,5,1,4.9997458,13.763976,1,1,1,2236.1817,1624662.6,28205.249,1118.0908,27087.158
1999-08-10_9128275M0_post,1999-08-10_9128275M0,post,DGS5,5,1999-08-10,1999-08-17,1,0.0025,5,1.4225771,6.7110458,4.2651014,1,1,1,2369.9579,5556627.2,48795.097,1184.9789,47610.118
1999-08-11_9128275N8_post,1999-08-11_9128275N8,post,DGS10,10,1999-08-11,1999-08-18,1,0.0025,5,1.5976143,5.9281003,7.4215728,1,1,1,3013.0852,4059901.1,52525.475,1506.5426,51018.932
1999-08-12_912810FJ2_post,1999-08-12_912810FJ2,post,DGS30,30,1999-08-12,1999-08-19,1,0.0025,5,1,4.7210013,13.574961,1,1,1,2368.2137,1744545.4,36455.919,1184.1068,35271.812
1999-08-25_9128275P3_pre,1999-08-25_9128275P3,pre,DGS2,2,1999-08-18,1999-08-25,-1,0.0025,5,1,5.5417267,1.8661295,0.5,1,1,1008.7415,5405528.2,-14015.568,504.37077,-14519.939
1999-08-25_9128275P3_post,1999-08-25_9128275P3,post,DGS2,2,1999-08-25,1999-09-01,1,0.0025,5,1,5.3933156,1.869041,1,1,1,2072.9994,11091246,-41790.808,1036.4997,-42827.308
1999-09-29_9128275Q1_pre,1999-09-29_9128275Q1,pre,DGS2,2,1999-09-22,1999-09-29,-1,0.0025,5,1,5.4514809,1.8659058,1,1,1,2050.8812,10991344,196.76338,1025.4406,-828.67724
1999-09-29_9128275Q1_post,1999-09-29_9128275Q1,post,DGS2,2,1999-09-29,1999-10-06,1,0.0025,5,1,5.2338263,1.8656822,0.5,1,1,1068.0847,5724901.7,-12853.132,534.04236,-13387.175
1999-10-27_9128275R9_pre,1999-10-27_9128275R9,pre,DGS2,2,1999-10-20,1999-10-27,-1,0.0025,5,1,5.3500092,1.8598833,1,1,1,2089.7795,11236079,-2025.1575,1044.8898,-3070.0473
1999-10-27_9128275R9_post,1999-10-27_9128275R9,post,DGS2,2,1999-10-27,1999-11-03,1,0.0025,5,1,5.2297227,1.8598833,1,1,1,2137.8456,11494515,33799.462,1068.9228,32730.539
1999-11-09_9128275S7_pre,1999-11-09_9128275S7,pre,DGS5,5,1999-11-02,1999-11-09,-1,0.0025,5,1.1790287,6.1701624,4.2672789,1,1,1,2136.4011,5006471.7,-24349.996,1068.2006,-25418.197
1999-11-10_9128275N8_pre,1999-11-10_9128275N8,pre,DGS10,10,1999-11-03,1999-11-10,-1,0.0025,5,0,6.0673247,7.4352999,1,1,1,0,0,0,0,0
1999-11-09_9128275S7_post,1999-11-09_9128275S7,post,DGS5,5,1999-11-09,1999-11-17,1,0.0025,5,1.1790287,5.654132,4.2792846,0.5,1,1,1165.691,2724032.4,-12359.216,582.84551,-12942.062
1999-11-10_9128275N8_post,1999-11-10_9128275N8,post,DGS10,10,1999-11-10,1999-11-18,1,0.0025,5,0,5.6433301,7.4387374,0.5,1,1,0,0,0,0,0
1999-11-23_9128272C5_pre,1999-11-23_9128272C5,pre,DGS5,5,1999-11-16,1999-11-23,-1,0.0025,5,0.35450278,5.5033631,4.2749131,1,1,1,720.18899,1684686.9,7639.6123,360.09449,7279.5178
1999-11-23_9128272C5_post,1999-11-23_9128272C5,post,DGS5,5,1999-11-23,1999-12-01,1,0.0025,5,0.35450278,5.3514611,4.2629256,1,1,1,740.63166,1737378.8,-8538.4053,370.31583,-8908.7211
1999-12-22_9128272E1_pre,1999-12-22_9128272E1,pre,DGS5,5,1999-12-15,1999-12-22,-1,0.0025,5,0.59175171,5.1298121,4.2499053,0.5,1,1,644.85649,1517343.2,10680.81,322.42825,10358.382
1999-12-22_9128272E1_post,1999-12-22_9128272E1,post,DGS5,5,1999-12-22,1999-12-30,1,0.0025,5,0.59175171,5.122538,4.2315609,1,1,1,1291.5444,3052170.2,1928.1968,645.7722,1282.4246
2000-01-26_9128275X6_pre,2000-01-26_9128275X6,pre,DGS2,2,2000-01-19,2000-01-26,-1,0.0025,5,0,4.6979681,1.8483722,1,1,1,0,0,0,0,0
2000-01-26_9128275X6_post,2000-01-26_9128275X6,post,DGS2,2,2000-01-26,2000-02-02,1,0.0025,5,0,4.6034868,1.8485925,0.5,1,1,0,0,0,0,0
2000-02-08_9128275S7_pre,2000-02-08_9128275S7,pre,DGS5,5,2000-02-01,2000-02-08,-1,0.0025,5,1,4.9918295,4.1920404,0.5,1,1,1119.864,2671405.5,6103.2824,559.93198,5543.3504
2000-02-09_9128275Z1_pre,2000-02-09_9128275Z1,pre,DGS10,10,2000-02-02,2000-02-09,-1,0.0025,5,0,5.2156598,7.2365386,1,1,1,0,0,0,0,0
2000-02-10_912810FM5_pre,2000-02-10_912810FM5,pre,DGS30,30,2000-02-03,2000-02-10,-1,0.0025,5,1,4.9816329,13.589355,1,1,1,2244.3123,1651522.3,39324.633,1122.1561,38202.477
2000-02-08_9128275S7_post,2000-02-08_9128275S7,post,DGS5,5,2000-02-08,2000-02-15,1,0.0025,5,0,5.4539417,4.1856835,1,1,1,0,0,0,0,0
2000-02-09_9128275Z1_post,2000-02-09_9128275Z1,post,DGS10,10,2000-02-09,2000-02-16,1,0.0025,5,0,5.567739,7.2497656,1,1,1,0,0,0,0,0
2000-02-10_912810FM5_post,2000-02-10_912810FM5,post,DGS30,30,2000-02-10,2000-02-17,1,0.0025,5,1,5.8613693,13.333918,1,1,1,1907.4621,1430533.8,23337.758,953.73106,22384.027
2000-02-23_9128276A5_pre,2000-02-23_9128276A5,pre,DGS2,2,2000-02-15,2000-02-23,-1,0.0025,5,0,4.4827352,1.8439755,1,1,1,0,0,0,0,0
2000-02-23_9128276A5_post,2000-02-23_9128276A5,post,DGS2,2,2000-02-23,2000-03-01,1,0.0025,5,0,4.7478809,1.8450731,1,1,1,0,0,0,0,0
2000-03-29_9128276B3_pre,2000-03-29_9128276B3,pre,DGS2,2,2000-03-22,2000-03-29,-1,0.0025,5,0,4.8655366,1.8474915,1,1,1,0,0,0,0,0
2000-03-29_9128276B3_post,2000-03-29_9128276B3,post,DGS2,2,2000-03-29,2000-04-05,1,0.0025,5,0,5.0897038,1.8455124,1,1,1,0,0,0,0,0
2000-04-26_9128276C1_pre,2000-04-26_9128276C1,pre,DGS2,2,2000-04-18,2000-04-26,-1,0.0025,5,0,4.9561638,1.8512392,1,1,1,0,0,0,0,0
2000-04-26_9128276C1_post,2000-04-26_9128276C1,post,DGS2,2,2000-04-26,2000-05-03,1,0.0025,5,0,5.0628814,1.8474915,1,1,1,0,0,0,0,0
2000-05-09_9128276D9_pre,2000-05-09_9128276D9,pre,DGS5,5,2000-05-02,2000-05-09,-1,0.0025,5,0,6.102028,4.2005386,1,1,1,0,0,0,0,0
2000-05-10_9128275Z1_pre,2000-05-10_9128275Z1,pre,DGS10,10,2000-05-03,2000-05-10,-1,0.0025,5,0,6.2675516,7.3030313,1,1,1,0,0,0,0,0
2000-05-09_9128276D9_post,2000-05-09_9128276D9,post,DGS5,5,2000-05-09,2000-05-16,1,0.0025,5,0,5.983853,4.1846254,0.5,1,1,0,0,0,0,0
2000-05-10_9128275Z1_post,2000-05-10_9128275Z1,post,DGS10,10,2000-05-10,2000-05-17,1,0.0025,5,0,6.1179554,7.279657,0.5,1,1,0,0,0,0,0
2000-05-24_9128276E7_pre,2000-05-24_9128276E7,pre,DGS2,2,2000-05-17,2000-05-24,-1,0.0025,5,0,5.3269117,1.8387216,1,1,1,0,0,0,0,0
2000-05-24_9128276E7_post,2000-05-24_9128276E7,post,DGS2,2,2000-05-24,2000-06-01,1,0.0025,5,0,5.073026,1.8411266,1,1,1,0,0,0,0,0
2000-06-28_9128276F4_pre,2000-06-28_9128276F4,pre,DGS2,2,2000-06-21,2000-06-28,-1,0.0025,5,0,5.1808808,1.8474915,0.5,1,1,0,0,0,0,0
2000-06-28_9128276F4_post,2000-06-28_9128276F4,post,DGS2,2,2000-06-28,2000-07-06,1,0.0025,5,0,5.2010429,1.8490332,1,1,1,0,0,0,0,0
2000-07-26_9128276H0_pre,2000-07-26_9128276H0,pre,DGS2,2,2000-07-19,2000-07-26,-1,0.0025,5,0,5.0040661,1.8483722,1,1,1,0,0,0,0,0
2000-07-26_9128276H0_post,2000-07-26_9128276H0,post,DGS2,2,2000-07-26,2000-08-02,1,0.0025,5,0,4.7351015,1.8521228,1,1,1,0,0,0,0,0
2000-08-08_9128276D9_pre,2000-08-08_9128276D9,pre,DGS5,5,2000-08-01,2000-08-08,-1,0.0025,5,0,5.2228312,4.2520712,1,1,1,0,0,0,0,0
2000-08-09_9128276J6_pre,2000-08-09_9128276J6,pre,DGS10,10,2000-08-02,2000-08-09,-1,0.0025,5,0.77859628,5.0583879,7.4456196,1,1,1,1720.8983,2311289.6,-29365.757,860.44914,-30226.206
2000-08-10_912810FM5_pre,2000-08-10_912810FM5,pre,DGS30,30,2000-08-03,2000-08-10,-1,0.0025,5,0,4.1243387,14.231801,1,1,1,0,0,0,0,0
2000-08-08_9128276D9_post,2000-08-08_9128276D9,post,DGS5,5,2000-08-08,2000-08-15,1,0.0025,5,0,5.0219856,4.2618383,1,1,1,0,0,0,0,0
2000-08-09_9128276J6_post,2000-08-09_9128276J6,post,DGS10,10,2000-08-09,2000-08-16,1,0.0025,5,0.77859628,4.8884737,7.5044961,1,1,1,1780.7135,2372862.1,-3715.4045,890.35674,-4605.7612
2000-08-10_912810FM5_post,2000-08-10_912810FM5,post,DGS30,30,2000-08-10,2000-08-17,1,0.0025,5,0,4.1040148,14.325228,1,1,1,0,0,0,0,0
2000-08-23_9128276K3_pre,2000-08-23_9128276K3,pre,DGS2,2,2000-08-16,2000-08-23,-1,0.0025,5,0.087129071,4.672192,1.8519018,0.5,1,1,104.24792,562923.58,-1052.4622,52.123961,-1104.5861
2000-08-23_9128276K3_post,2000-08-23_9128276K3,post,DGS2,2,2000-08-23,2000-08-30,1,0.0025,5,0.087129071,4.5409623,1.8541134,1,1,1,214.52119,1157001.5,-856.88861,107.26059,-964.1492
2000-09-27_9128276L1_pre,2000-09-27_9128276L1,pre,DGS2,2,2000-09-20,2000-09-27,-1,0.0025,5,0.35450278,4.2472989,1.8561074,1,1,1,933.17226,5027576.9,-10283.881,466.58613,-10750.467
2000-09-27_9128276L1_post,2000-09-27_9128276L1,post,DGS2,2,2000-09-27,2000-10-04,1,0.0025,5,0.35450278,4.1964136,1.8585492,0.5,1,1,472.24391,2540927.7,-1483.3189,236.12196,-1719.4408
2000-10-25_9128273L4_pre,2000-10-25_9128273L4,pre,DGS5,5,2000-10-18,2000-10-25,-1,0.0025,5,0,3.5384889,4.3001404,1,1,1,0,0,0,0,0
2000-10-25_9128273L4_post,2000-10-25_9128273L4,post,DGS5,5,2000-10-25,2000-11-01,1,0.0025,5,0,3.5384889,4.2935381,1,1,1,0,0,0,0,0
2000-11-07_9128276N7_pre,2000-11-07_9128276N7,pre,DGS5,5,2000-10-31,2000-11-07,-1,0.0025,5,0,3.6462193,4.2836628,1,1,1,0,0,0,0,0
2000-11-08_9128276J6_pre,2000-11-08_9128276J6,pre,DGS10,10,2000-11-01,2000-11-08,-1,0.0025,5,0,3.7478431,7.5289376,1,1,1,0,0,0,0,0
2000-11-07_9128276N7_post,2000-11-07_9128276N7,post,DGS5,5,2000-11-07,2000-11-14,1,0.0025,5,0.85191278,3.736331,4.2825676,1,1,1,2549.2052,5952515.9,30055.225,1274.6026,28780.622
2000-11-08_9128276J6_post,2000-11-08_9128276J6,post,DGS10,10,2000-11-08,2000-11-15,1,0.0025,5,0,3.4614911,7.4836386,0.5,1,1,0,0,0,0,0
2000-11-29_9128276P2_pre,2000-11-29_9128276P2,pre,DGS2,2,2000-11-21,2000-11-29,-1,0.0025,5,0.59175171,3.5341754,1.8616645,1,1,1,1872.0025,10055531,-30955.467,936.00127,-31891.468
2000-11-29_9128276P2_post,2000-11-29_9128276P2,post,DGS2,2,2000-11-29,2000-12-06,1,0.0025,5,0.59175171,3.4827663,1.8654586,1,1,1,1899.6351,10183207,50357.696,949.81757,49407.879
2000-12-27_9128276Q0_pre,2000-12-27_9128276Q0,pre,DGS2,2,2000-12-19,2000-12-27,-1,0.0025,5,1,4.0350162,1.8730844,1,1,1,2770.829,14792867,-68484.501,1385.4145,-69869.915
2000-12-27_9128276Q0_post,2000-12-27_9128276Q0,post,DGS2,2,2000-12-27,2001-01-04,1,0.0025,5,1,4.2882048,1.8787237,1,1,1,2607.2308,13877670,83940.669,1303.6154,82637.054
2001-01-24_9128276S6_pre,2001-01-24_9128276S6,pre,DGS2,2,2001-01-17,2001-01-24,-1,0.0025,5,1,6.7583595,1.8846176,1,1,1,1654.2979,8777896.6,-4285.6106,827.14894,-5112.7595
2001-01-24_9128276S6_post,2001-01-24_9128276S6,post,DGS2,2,2001-01-24,2001-01-31,1,0.0025,5,1,6.9395086,1.8852996,0.5,1,1,805.55703,4272832.9,15041.781,402.77852,14639.002
2001-02-06_9128276N7_pre,2001-02-06_9128276N7,pre,DGS5,5,2001-01-30,2001-02-06,-1,0.0025,5,1.0908341,7.114956,4.3862251,0.5,1,1,857.0605,1953982,877.4636,428.53025,448.93335
2001-02-07_9128276T4_pre,2001-02-07_9128276T4,pre,DGS10,10,2001-01-31,2001-02-07,-1,0.0025,5,1.8856149,6.5410481,7.7250877,1,1,1,3223.0026,4172124.3,-29436.546,1611.5013,-31048.048
2001-02-08_912810FP8_pre,2001-02-08_912810FP8,pre,DGS30,30,2001-02-01,2001-02-08,-1,0.0025,5,1.4082483,4.8373255,14.676119,1,1,1,3254.8347,2217776.2,-6921.8205,1627.4173,-8549.2379
2001-02-06_9128276N7_post,2001-02-06_9128276N7,post,DGS5,5,2001-02-06,2001-02-13,1,0.0025,5,0.54582974,7.119322,4.3850908,1,1,1,857.18303,1954766.9,1682.2582,428.59151,1253.6667
2001-02-07_9128276T4_post,2001-02-07_9128276T4,post,DGS10,10,2001-02-07,2001-02-14,1,0.0025,5,1.8856149,6.6006976,7.7578928,1,1,1,3193.8769,4116938.6,-9450.039,1596.9384,-11046.977
2001-02-08_912810FP8_post,2001-02-08_912810FP8,post,DGS30,30,2001-02-08,2001-02-15,1,0.0025,5,1.4082483,4.8796534,14.70868,1,1,1,3226.601,2193671.3,-18961.909,1613.3005,-20575.209
2001-02-21_9128276U1_pre,2001-02-21_9128276U1,pre,DGS2,2,2001-02-13,2001-02-21,-1,0.0025,5,1,7.035724,1.8866648,1,1,1,1589.0816,8422702.6,-10781.854,794.54082,-11576.395
2001-02-21_9128276U1_post,2001-02-21_9128276U1,post,DGS2,2,2001-02-21,2001-02-28,1,0.0025,5,2,7.5038785,1.8882595,1,1,1,2979.883,15781110,79580.656,1489.9415,78090.715
2001-03-28_9128276V9_pre,2001-03-28_9128276V9,pre,DGS2,2,2001-03-21,2001-03-28,-1,0.0025,5,2,7.6128052,1.8990231,1,1,1,2937.2458,15467141,26251.632,1468.6229,24783.009
2001-03-28_9128276V9_post,2001-03-28_9128276V9,post,DGS2,2,2001-03-28,2001-04-04,1,0.0025,5,2,7.7963304,1.8969544,1,1,1,2868.1031,15119516,51655.626,1434.0516,50221.575
2001-04-25_9128276W7_pre,2001-04-25_9128276W7,pre,DGS2,2,2001-04-18,2001-04-25,-1,0.0025,5,0.35450278,6.818138,1.8978734,1,1,1,581.31143,3062962.1,-3752.3891,290.65571,-4043.0448
2001-04-25_9128276W7_post,2001-04-25_9128276W7,post,DGS2,2,2001-04-25,2001-05-02,1,0.0025,5,0.35450278,7.1354134,1.8992532,1,1,1,555.46348,2924641.5,-3632.801,277.73174,-3910.5327
2001-05-08_9128276X5_pre,2001-05-08_9128276X5,pre,DGS5,5,2001-05-01,2001-05-08,-1,0.0025,5,0.83048412,7.0626534,4.3828235,1,1,1,1314.6751,2999607.8,-34958.36,657.33756,-35615.698
2001-05-09_9128276T4_pre,2001-05-09_9128276T4,pre,DGS10,10,2001-05-02,2001-05-09,-1,0.0025,5,0.59175171,6.4888213,7.6816609,1,1,1,1019.5974,1327313.7,-11645.255,509.79869,-12155.054
2001-05-08_9128276X5_post,2001-05-08_9128276X5,post,DGS5,5,2001-05-08,2001-05-15,1,0.0025,5,2,7.0698492,4.4124344,0.5,1,1,1581.4114,3583988.3,-41613.582,790.70568,-42404.287
2001-05-09_9128276T4_post,2001-05-09_9128276T4,post,DGS10,10,2001-05-09,2001-05-16,1,0.0025,5,0.59175171,6.3267658,7.7214552,0.5,1,1,522.85681,677148.02,-14252.058,261.42841,-14513.486
2001-05-30_9128276Y3_pre,2001-05-30_9128276Y3,pre,DGS2,2,2001-05-22,2001-05-30,-1,0.0025,5,0.35450278,7.3987325,1.8960361,1,1,1,535.69466,2825340,-428.73137,267.84733,-696.5787
2001-05-30_9128276Y3_post,2001-05-30_9128276Y3,post,DGS2,2,2001-05-30,2001-06-06,1,0.0025,5,0.35450278,7.326814,1.8960361,1,1,1,540.95293,2853073,12228.626,270.47647,11958.149
2001-06-27_9128276Z0_pre,2001-06-27_9128276Z0,pre,DGS2,2,2001-06-20,2001-06-27,-1,0.0025,5,2,7.0260814,1.9043265,0.5,1,1,1591.2625,8356038.5,11821.501,795.63126,11025.869
2001-06-27_9128276Z0_post,2001-06-27_9128276Z0,post,DGS2,2,2001-06-27,2001-07-05,1,0.0025,5,2,6.6374005,1.9024791,1,1,1,3368.8912,17707901,-58087.356,1684.4456,-59771.801
2001-07-25_9128277A4_pre,2001-07-25_9128277A4,pre,DGS2,2,2001-07-18,2001-07-25,-1,0.0025,5,2,5.8861851,1.9047887,1,1,1,3798.8407,19943633,5771.4662,1899.4204,3872.0458
2001-07-25_9128277A4_post,2001-07-25_9128277A4,post,DGS2,2,2001-07-25,2001-08-01,1,0.0025,5,2,5.5799024,1.9043265,1,1,1,4007.3604,21043453,61608.452,2003.6802,59604.772
2001-08-07_9128276X5_pre,2001-08-07_9128276X5,pre,DGS5,5,2001-07-31,2001-08-07,-1,0.0025,5,2,6.1152768,4.4250514,1,1,1,3656.5278,8263243.8,52809.006,1828.2639,50980.742
2001-08-08_9128277B2_pre,2001-08-08_9128277B2,pre,DGS10,10,2001-08-01,2001-08-08,-1,0.0025,5,2,5.3815966,7.7542378,1,1,1,4155.0271,5358395.3,-52188.012,2077.5136,-54265.525
2001-08-09_912810FP8_pre,2001-08-09_912810FP8,pre,DGS30,30,2001-08-02,2001-08-09,-1,0.0025,5,0,4.2610773,14.499019,1,1,1,0,0,0,0,0
2001-08-07_9128276X5_post,2001-08-07_9128276X5,post,DGS5,5,2001-08-07,2001-08-14,1,0.0025,5,0.72475906,5.8114197,4.4078597,1,1,1,1394.3327,3163287.5,18900.635,697.16636,18203.469
2001-08-08_9128277B2_post,2001-08-08_9128277B2,post,DGS10,10,2001-08-08,2001-08-15,1,0.0025,5,2,4.5342077,7.7982638,1,1,1,4931.5517,6323909.8,-2967.2439,2465.7759,-5433.0197
2001-08-09_912810FP8_post,2001-08-09_912810FP8,post,DGS30,30,2001-08-09,2001-08-16,1,0.0025,5,0,3.8153348,14.546987,1,1,1,0,0,0,0,0
2001-08-29_9128277C0_pre,2001-08-29_9128277C0,pre,DGS2,2,2001-08-22,2001-08-29,-1,0.0025,5,2,5.1485284,1.9094215,1,1,1,4343.1206,22745740,-40740.119,2171.5603,-42911.679
2001-08-29_9128277C0_post,2001-08-29_9128277C0,post,DGS2,2,2001-08-29,2001-09-06,1,0.0025,5,2,5.151271,1.9115122,1,1,1,4340.8082,22708766,10821.056,2170.4041,8650.6519
2001-09-26_9128277D8_pre,2001-09-26_9128277D8,pre,DGS2,2,2001-09-19,2001-09-26,-1,0.0025,5,2,9.3976196,1.9316766,1,1,1,2379.3983,12317788,817.05215,1189.6991,-372.64698
2001-09-26_9128277D8_post,2001-09-26_9128277D8,post,DGS2,2,2001-09-26,2001-10-03,1,0.0025,5,2,9.5827647,1.9314401,0.5,1,1,1166.7134,6040639.7,6383.8372,583.3567,5800.4805
2001-10-04_9128277B2_pre,2001-10-04_9128277B2,pre,DGS10,10,2001-09-27,2001-10-04,-1,0.0025,5,2,6.3597427,7.9514567,0.5,1,1,1757.9862,2210898.3,-9754.7348,878.99309,-10633.728
2001-10-04_9128277B2_post,2001-10-04_9128277B2,post,DGS10,10,2001-10-04,2001-10-12,1,0.0025,5,0,6.2612385,7.9704367,1,1,1,0,0,0,0,0
2001-10-24_9128277E6_pre,2001-10-24_9128277E6,pre,DGS2,2,2001-10-17,2001-10-24,-1,0.0025,5,2,9.3400752,1.931913,1,1,1,2394.0578,12392161,-20598.682,1197.0289,-21795.711
2001-10-24_9128277E6_post,2001-10-24_9128277E6,post,DGS2,2,2001-10-24,2001-10-31,1,0.0025,5,2,9.3653255,1.9338065,1,1,1,2387.6031,12346649,68064.204,1193.8015,66870.403
2001-11-06_9128277F3_pre,2001-11-06_9128277F3,pre,DGS5,5,2001-10-30,2001-11-06,-1,0.0025,5,0.85743351,7.4733992,4.5196223,0.5,1,1,641.368,1419074.3,-14650.532,320.684,-14971.216
2001-11-07_9128277B2_pre,2001-11-07_9128277B2,pre,DGS10,10,2001-10-31,2001-11-07,-1,0.0025,5,0,6.3914447,8.0585948,0.5,1,1,0,0,0,0,0
2001-11-06_9128277F3_post,2001-11-06_9128277F3,post,DGS5,5,2001-11-06,2001-11-14,1,0.0025,5,2,7.6213164,4.5458235,1,1,1,2933.9656,6454200.3,-82031.085,1466.9828,-83498.068
2001-11-07_9128277B2_post,2001-11-07_9128277B2,post,DGS10,10,2001-11-07,2001-11-15,1,0.0025,5,0,6.3187239,8.0895892,1,1,1,0,0,0,0,0
2001-11-28_9128277G1_pre,2001-11-28_9128277G1,pre,DGS2,2,2001-11-20,2001-11-28,-1,0.0025,5,2,10.727703,1.928135,1,1,1,2084.3865,10810376,30335.029,1042.1933,29292.836
2001-11-28_9128277G1_post,2001-11-28_9128277G1,post,DGS2,2,2001-11-28,2001-12-05,1,0.0025,5,2,11.019385,1.9243688,1,1,1,2029.2131,10544825,12506.252,1014.6066,11491.645
2001-12-27_9128277H9_pre,2001-12-27_9128277H9,pre,DGS2,2,2001-12-19,2001-12-27,-1,0.0025,5,2,9.1075805,1.9246038,1,1,1,2455.1723,12756767,15416.214,1227.5862,14188.627
2001-12-27_9128277H9_post,2001-12-27_9128277H9,post,DGS2,2,2001-12-27,2002-01-04,1,0.0025,5,2,9.0493936,1.9227248,1,1,1,2470.9589,12851340,4058.1649,1235.4794,2822.6854
2002-01-23_9128277K2_pre,2002-01-23_9128277K2,pre,DGS2,2,2002-01-15,2002-01-23,-1,0.0025,5,2,9.6427134,1.9321496,1,1,1,2318.9199,12001762,61259.36,1159.4599,60099.9
2002-01-23_9128277K2_post,2002-01-23_9128277K2,post,DGS2,2,2002-01-23,2002-01-30,1,0.0025,5,2,9.8167388,1.9255445,0.5,1,1,1138.9057,5914720.4,2777.9273,569.45285,2208.4744
2002-02-05_9128277F3_pre,2002-02-05_9128277F3,pre,DGS5,5,2002-01-29,2002-02-05,-1,0.0025,5,2,9.8026285,4.4504459,0.5,1,1,1140.5451,2562765.9,-8127.967,570.27255,-8698.2395
2002-02-06_9128277L0_pre,2002-02-06_9128277L0,pre,DGS10,10,2002-01-30,2002-02-06,-1,0.0025,5,2,8.9479979,7.7872233,1,1,1,2498.959,3209050.1,-27080.724,1249.4795,-28330.204
2002-02-05_9128277F3_post,2002-02-05_9128277F3,post,DGS5,5,2002-02-05,2002-02-12,1,0.0025,5,2,9.8117306,4.4574091,1,1,1,2278.9741,5112777.5,-13410.43,1139.487,-14549.917
2002-02-06_9128277L0_post,2002-02-06_9128277L0,post,DGS10,10,2002-02-06,2002-02-13,1,0.0025,5,2,8.6317637,7.8241137,1,1,1,2590.5111,3310932.3,-21217.043,1295.2556,-22512.298
2002-02-27_9128277M8_pre,2002-02-27_9128277M8,pre,DGS2,2,2002-02-20,2002-02-27,-1,0.0025,5,2,8.6846185,1.9271923,1,1,1,2574.7452,13360084,19900.323,1287.3726,18612.951
2002-02-27_9128277M8_post,2002-02-27_9128277M8,post,DGS2,2,2002-02-27,2002-03-06,1,0.0025,5,2,8.3318191,1.925074,1,1,1,2683.7692,13941122,-41716.308,1341.8846,-43058.193
2002-03-27_912828AA8_pre,2002-03-27_912828AA8,pre,DGS2,2,2002-03-20,2002-03-27,-1,0.0025,5,2,7.4084049,1.9105825,1,1,1,3018.2853,15797723,-20902.556,1509.1427,-22411.698
2002-03-27_912828AA8_post,2002-03-27_912828AA8,post,DGS2,2,2002-03-27,2002-04-04,1,0.0025,5,2,7.4844283,1.9117447,1,1,1,2987.627,15627751,33396.523,1493.8135,31902.709
2002-04-24_912828AB6_pre,2002-04-24_912828AB6,pre,DGS2,2,2002-04-17,2002-04-24,-1,0.0025,5,1.7905694,6.6945251,1.9175726,1,1,1,2990.3801,15594612,-43824.699,1495.19,-45319.889
2002-04-24_912828AB6_post,2002-04-24_912828AB6,post,DGS2,2,2002-04-24,2002-05-01,1,0.0025,5,1.7905694,6.4649424,1.9206144,1,1,1,3096.5743,16122832,26323.054,1548.2872,24774.767
2002-05-07_912828AC4_pre,2002-05-07_912828AC4,pre,DGS5,5,2002-04-30,2002-05-07,-1,0.0025,5,2,6.0480888,4.4296526,0.5,1,1,1848.574,4173180.6,-20709.689,924.28701,-21633.976
2002-05-08_9128277L0_pre,2002-05-08_9128277L0,pre,DGS10,10,2002-05-01,2002-05-08,-1,0.0025,5,1.56294,5.1874196,7.7652104,0.5,1,1,1684.2864,2169015.7,25359.109,842.14318,24516.966
2002-05-07_912828AC4_post,2002-05-07_912828AC4,post,DGS5,5,2002-05-07,2002-05-14,1,0.0025,5,2,6.0256279,4.4411867,1,1,1,3710.9294,8355715.8,-73089.461,1855.4647,-74944.926
2002-05-08_9128277L0_post,2002-05-08_9128277L0,post,DGS10,10,2002-05-08,2002-05-15,1,0.0025,5,1.56294,5.1568341,7.7069499,1,1,1,3388.5519,4396748.4,-10500.099,1694.276,-12194.375
2002-05-29_912828AD2_pre,2002-05-29_912828AD2,pre,DGS2,2,2002-05-21,2002-05-29,-1,0.0025,5,1.5976143,7.1335921,1.9206144,1,1,1,2503.9098,13037025,-14428.341,1251.9549,-15680.296
2002-05-29_912828AD2_post,2002-05-29_912828AD2,post,DGS2,2,2002-05-29,2002-06-05,1,0.0025,5,2,6.9886106,1.9215519,1,1,1,3199.5887,16651066,30226.012,1599.7944,28626.217
2002-06-28_912828AE0_pre,2002-06-28_912828AE0,pre,DGS2,2,2002-06-21,2002-06-28,-1,0.0025,5,2,6.1935587,1.9300225,0.5,1,1,1805.156,9353030.9,1453.2136,902.57802,550.63559
2002-06-28_912828AE0_post,2002-06-28_912828AE0,post,DGS2,2,2002-06-28,2002-07-08,1,0.0025,5,2,6.3597427,1.9295504,1,1,1,3515.9724,18221719,26904.056,1757.9862,25146.07
2002-07-24_912828AG5_pre,2002-07-24_912828AG5,pre,DGS2,2,2002-07-17,2002-07-24,-1,0.0025,5,2,7.0618734,1.9359403,1,1,1,3166.3949,16355850,-81610.719,1583.1974,-83193.916
2002-07-24_912828AG5_post,2002-07-24_912828AG5,post,DGS2,2,2002-07-24,2002-07-31,1,0.0025,5,2,7.0984999,1.9418872,1,1,1,3150.0571,16221628,49535.018,1575.0285,47959.989
2002-08-06_912828AH3_pre,2002-08-06_912828AH3,pre,DGS5,5,2002-07-30,2002-08-06,-1,0.0025,5,2,7.2401111,4.5255576,1,1,1,3088.4443,6824450.3,-111190.52,1544.2221,-112734.74
2002-08-07_912828AJ9_pre,2002-08-07_912828AJ9,pre,DGS10,10,2002-07-31,2002-08-07,-1,0.0025,5,2,6.6945251,7.9780471,1,1,1,3340.1443,4186669.1,-56166.851,1670.0721,-57836.924
2002-08-06_912828AH3_post,2002-08-06_912828AH3,post,DGS5,5,2002-08-06,2002-08-13,1,0.0025,5,2,7.5527523,4.5674278,0.5,0.5,1,740.15004,1620496.4,16133.628,370.07502,15763.553
2002-08-07_912828AJ9_post,2002-08-07_912828AJ9,post,DGS10,10,2002-08-07,2002-08-14,1,0.0025,5,2,7.0207722,8.0393105,0.5,0.5,1,796.23291,990424.39,23813.603,398.11646,23415.486
2002-08-28_912828AK6_pre,2002-08-28_912828AK6,pre,DGS2,2,2002-08-21,2002-08-28,-1,0.0025,5,1.9128709,8.5625647,1.9481031,1,0.5,1,1248.84,6410543.8,13010.652,624.42002,12386.232
2002-08-28_912828AK6_post,2002-08-28_912828AK6,post,DGS2,2,2002-08-28,2002-09-05,1,0.0025,5,1.9128709,8.6757503,1.9454694,1,0.5,1,1232.5474,6335475.7,35130.924,616.2737,34514.65
2002-09-25_912828AL4_pre,2002-09-25_912828AL4,pre,DGS2,2,2002-09-18,2002-09-25,-1,0.0025,5,1.6454972,8.76427,1.9500221,0.5,0.5,1,524.77897,2691143.6,-2264.2584,262.38948,-2526.6479
2002-09-25_912828AL4_post,2002-09-25_912828AL4,post,DGS2,2,2002-09-25,2002-10-02,1,0.0025,5,1.6454972,8.5113915,1.9509828,1,0.5,1,1080.7409,5539469.3,27287.35,540.37046,26746.979
2002-10-23_912828AM2_pre,2002-10-23_912828AM2,pre,DGS2,2,2002-10-16,2002-10-23,-1,0.0025,5,1.4082483,8.9965467,1.9505024,1,0.5,1,875.041,4486234,15269.41,437.5205,14831.89
2002-10-23_912828AM2_post,2002-10-23_912828AM2,post,DGS2,2,2002-10-23,2002-10-30,1,0.0025,5,1.4082483,9.0413207,1.9461871,1,0.5,1,870.70767,4473915.5,40443.152,435.35383,40007.798
2002-11-05_912828AN0_pre,2002-11-05_912828AN0,pre,DGS5,5,2002-10-29,2002-11-05,-1,0.0025,5,2,8.923577,4.6245567,1,0.5,1,1252.8989,2709230.3,12952.937,626.44946,12326.488
2002-11-06_912828AP5_pre,2002-11-06_912828AP5,pre,DGS10,10,2002-10-30,2002-11-06,-1,0.0025,5,2,8.0763308,8.1796629,0.5,0.5,1,692.16704,846204.84,6462.2309,346.08352,6116.1474
2002-11-05_912828AN0_post,2002-11-05_912828AN0,post,DGS5,5,2002-11-05,2002-11-13,1,0.0025,5,2,8.4798698,4.6110923,0.5,0.5,1,659.22827,1429657.5,12423.061,329.61414,12093.447
2002-11-06_912828AP5_post,2002-11-06_912828AP5,post,DGS10,10,2002-11-06,2002-11-14,1,0.0025,5,2,7.7963304,8.1403235,1,0.5,1,1434.0516,1761664.1,9917.9113,717.02578,9200.8855
2002-11-27_912828AQ3_pre,2002-11-27_912828AQ3,pre,DGS2,2,2002-11-20,2002-11-27,-1,0.0025,5,1,7.2544356,1.9514634,1,0.5,1,770.58647,3948762.1,10877.56,385.29324,10492.266
2002-11-27_912828AQ3_post,2002-11-27_912828AQ3,post,DGS2,2,2002-11-27,2002-12-05,1,0.0025,5,1,7.4061167,1.9478634,1,0.5,1,754.80446,3875037.9,12805.904,377.40223,12428.502
2002-12-23_912828AR1_pre,2002-12-23_912828AR1,pre,DGS2,2,2002-12-16,2002-12-23,-1,0.0025,5,1,7.3241918,1.9524252,1,0.5,1,763.24735,3909227.1,-11911.719,381.62367,-12293.343
2002-12-23_912828AR1_post,2002-12-23_912828AR1,post,DGS2,2,2002-12-23,2002-12-31,1,0.0025,5,1,7.3992479,1.9560387,1,0.5,1,755.50515,3862424.4,14026.631,377.75258,13648.879
2003-01-29_912828AS9_pre,2003-01-29_912828AS9,pre,DGS2,2,2003-01-22,2003-01-29,-1,0.0025,5,1,6.7690722,1.959179,0.5,0.5,1,412.91995,2107617.2,4315.5648,206.45998,4109.1048
2003-01-29_912828AS9_post,2003-01-29_912828AS9,post,DGS2,2,2003-01-29,2003-02-05,1,0.0025,5,1,6.3267658,1.9565213,1,0.5,1,883.57465,4516049.3,4015.5112,441.78733,3573.7239
2003-02-11_912828AT7_pre,2003-02-11_912828AT7,pre,DGS5,5,2003-02-04,2003-02-11,-1,0.0025,5,1.8371666,7.8638664,4.6123139,1,0.5,1,1305.9827,2831513,275.66514,652.99135,-377.3262
2003-02-12_912828AU4_pre,2003-02-12_912828AU4,pre,DGS10,10,2003-02-05,2003-02-12,-1,0.0025,5,2,7.3239025,8.1678324,1,0.5,1,1526.555,1868984.2,-14788.874,763.27749,-15552.152
2003-02-11_912828AT7_post,2003-02-11_912828AT7,post,DGS5,5,2003-02-11,2003-02-19,1,0.0025,5,2,7.7954064,4.6110923,1,0.5,1,1434.2215,3110372.7,19886.253,717.11077,19169.142
2003-02-12_912828AU4_post,2003-02-12_912828AU4,post,DGS10,10,2003-02-12,2003-02-20,1,0.0025,5,2,6.8701434,8.2033983,1,0.5,1,1627.3809,1983788.7,14266.939,813.69043,13453.249
2003-02-26_912828AV2_pre,2003-02-26_912828AV2,pre,DGS2,2,2003-02-19,2003-02-26,-1,0.0025,5,1,6.1597151,1.960389,1,0.5,1,907.53709,4629372.5,-4003.212,453.76855,-4456.9806
2003-02-26_912828AV2_post,2003-02-26_912828AV2,post,DGS2,2,2003-02-26,2003-03-05,1,0.0025,5,1,5.8420597,1.9613579,1,0.5,1,956.88341,4878678.3,10844.863,478.4417,10366.421
2003-03-26_912828AW0_pre,2003-03-26_912828AW0,pre,DGS2,2,2003-03-19,2003-03-26,-1,0.0025,5,1,5.789602,1.9577286,1,0.5,1,965.55341,4932008.4,-4400.8515,482.7767,-4883.6282
2003-03-26_912828AW0_post,2003-03-26_912828AW0,post,DGS2,2,2003-03-26,2003-04-02,1,0.0025,5,1,5.809086,1.9586954,1,0.5,1,962.31489,4913040.1,8103.6941,481.15744,7622.5367
2003-04-23_912828AX8_pre,2003-04-23_912828AX8,pre,DGS2,2,2003-04-15,2003-04-23,-1,0.0025,5,1,5.1666849,1.9584536,1,0.5,1,1081.9646,5524586.1,430.73977,540.98228,-110.24251
2003-04-23_912828AX8_post,2003-04-23_912828AX8,post,DGS2,2,2003-04-23,2003-04-30,1,0.0025,5,1,5.1547795,1.9582119,1,0.5,1,1084.4635,5538029.1,21123.617,542.23173,20581.385
2003-05-06_912828AY6_pre,2003-05-06_912828AY6,pre,DGS3,3,2003-04-29,2003-05-06,-1,0.0025,5,1,5.5451664,2.8947531,0.5,0.5,1,504.05791,1741281.2,-9887.5305,252.02896,-10139.559
2003-05-07_912828AZ3_pre,2003-05-07_912828AZ3,pre,DGS5,5,2003-04-30,2003-05-07,-1,0.0025,5,0.32265113,6.2286018,4.6294673,0.5,0.5,1,144.78969,312756.7,-3158.143,72.394844,-3230.5379
2003-05-08_912828BA7_pre,2003-05-08_912828BA7,pre,DGS10,10,2003-05-01,2003-05-08,-1,0.0025,5,1.8292934,5.316428,8.2232537,0.5,0.5,1,961.74169,1169539.1,-18058.397,480.87084,-18539.268
2003-05-06_912828AY6_post,2003-05-06_912828AY6,post,DGS3,3,2003-05-06,2003-05-13,1,0.0025,5,1,5.703478,2.9042223,1,0.5,1,980.13352,3374857.1,5372.7859,490.06676,4882.7191
2003-05-07_912828AZ3_post,2003-05-07_912828AZ3,post,DGS5,5,2003-05-07,2003-05-14,1,0.0025,5,0.32265113,6.3880848,4.6553736,1,0.5,1,282.34983,606503.05,4987.96,141.17491,4846.785
2003-05-08_912828BA7_post,2003-05-08_912828BA7,post,DGS10,10,2003-05-08,2003-05-15,1,0.0025,5,1.8292934,5.5400698,8.2953091,1,0.5,1,1845.8361,2225156.5,32641.233,922.91806,31718.315
2003-05-29_912828BB5_pre,2003-05-29_912828BB5,pre,DGS2,2,2003-05-21,2003-05-29,-1,0.0025,5,1,5.4102591,1.9659704,1,0.5,1,1033.2536,5255692.7,-8586.682,516.62682,-9103.3089
2003-05-29_912828BB5_post,2003-05-29_912828BB5,post,DGS2,2,2003-05-29,2003-06-05,1,0.0025,5,0,5.5083655,1.9679177,1,0.5,1,0,0,0,0,0
2003-06-11_912828AZ3_pre,2003-06-11_912828AZ3,pre,DGS5,5,2003-06-04,2003-06-11,-1,0.0025,5,0.11438511,6.743463,4.7116089,1,0.5,1,94.82253,201252.97,-332.8146,47.411265,-380.22586
2003-06-11_912828AZ3_post,2003-06-11_912828AZ3,post,DGS5,5,2003-06-11,2003-06-18,1,0.0025,5,0,6.5042359,4.7153933,1,0.5,1,0,0,0,0,0
2003-06-25_912828BC3_pre,2003-06-25_912828BC3,pre,DGS2,2,2003-06-18,2003-06-25,-1,0.0025,5,0,5.3529389,1.9686488,0.5,0.5,1,0,0,0,0,0
2003-06-25_912828BC3_post,2003-06-25_912828BC3,post,DGS2,2,2003-06-25,2003-07-02,1,0.0025,5,0,5.3939703,1.9679177,1,0.5,1,0,0,0,0,0
2003-07-23_912828BE9_pre,2003-07-23_912828BE9,pre,DGS2,2,2003-07-16,2003-07-23,-1,0.0025,5,0,5.6489587,1.9632979,1,0.5,1,0,0,0,0,0
2003-07-23_912828BE9_post,2003-07-23_912828BE9,post,DGS2,2,2003-07-23,2003-07-30,1,0.0025,5,0,5.7578244,1.962085,1,0.5,1,0,0,0,0,0
2003-08-05_912828BF6_pre,2003-08-05_912828BF6,pre,DGS3,3,2003-07-29,2003-08-05,-1,0.0025,5,1,6.4734137,2.8848364,1,0.5,1,863.55827,2993439.3,14692.133,431.77914,14260.354
2003-08-06_912828BG4_pre,2003-08-06_912828BG4,pre,DGS5,5,2003-07-30,2003-08-06,-1,0.0025,5,0.24962472,7.4744574,4.5782867,1,0.5,1,186.6951,407783.78,-571.16944,93.347551,-664.517
2003-08-07_912828BH2_pre,2003-08-07_912828BH2,pre,DGS10,10,2003-07-31,2003-08-07,-1,0.0025,5,1.6324555,7.2047536,7.985668,1,0.5,1,1266.6226,1586119.8,-25356.901,633.31131,-25990.213
2003-08-05_912828BF6_post,2003-08-05_912828BF6,post,DGS3,3,2003-08-05,2003-08-12,1,0.0025,5,1,6.8055312,2.8759559,0.5,0.5,1,410.70784,1428074.2,6552.1408,205.35392,6346.7869
2003-08-06_912828BG4_post,2003-08-06_912828BG4,post,DGS5,5,2003-08-06,2003-08-13,1,0.0025,5,0.24962472,7.6443547,4.5807049,0.5,0.5,1,91.272884,199255.11,-1545.2334,45.636442,-1590.8698
2003-08-07_912828BH2_post,2003-08-07_912828BH2,post,DGS10,10,2003-08-07,2003-08-14,1,0.0025,5,1.6324555,7.6766577,8.0585948,0.5,0.5,1,594.38002,737572.77,-14207.19,297.19001,-14504.38
2003-08-27_912828BJ8_pre,2003-08-27_912828BJ8,pre,DGS2,2,2003-08-20,2003-08-27,-1,0.0025,5,0.087129071,6.9917425,1.954833,1,0.5,1,69.663079,356363.33,1389.4935,34.83154,1354.6619
2003-08-27_912828BJ8_post,2003-08-27_912828BJ8,post,DGS2,2,2003-08-27,2003-09-04,1,0.0025,5,0.087129071,7.1932761,1.9497821,1,0.5,1,67.711333,347276.42,1028.141,33.855667,994.28532
2003-09-10_912828BK5_pre,2003-09-10_912828BK5,pre,DGS5,5,2003-09-03,2003-09-10,-1,0.0025,5,0.45621794,8.4660171,4.5374626,1,0.5,1,301.24388,663903.83,-13355.865,150.62194,-13506.487
2003-09-11_912828BH2_pre,2003-09-11_912828BH2,pre,DGS10,10,2003-09-04,2003-09-11,-1,0.0025,5,1.4082483,8.2122101,7.9742405,1,0.5,1,958.61493,1202139.5,-17251.192,479.30747,-17730.499
2003-09-10_912828BK5_post,2003-09-10_912828BK5,post,DGS5,5,2003-09-10,2003-09-17,1,0.0025,5,0,8.9518486,4.5891836,0.5,0.5,1,0,0,0,0,0
2003-09-11_912828BH2_post,2003-09-11_912828BH2,post,DGS10,10,2003-09-11,2003-09-18,1,0.0025,5,0,8.6439293,8.0393105,0.5,0.5,1,0,0,0,0,0
2003-09-24_912828BL3_pre,2003-09-24_912828BL3,pre,DGS2,2,2003-09-17,2003-09-24,-1,0.0025,5,0.35450278,7.6767129,1.9599049,1,0.5,1,258.14835,1317147.3,584.26326,129.07417,455.18908
2003-09-24_912828BL3_post,2003-09-24_912828BL3,post,DGS2,2,2003-09-24,2003-10-01,1,0.0025,5,0.35450278,7.2521183,1.959179,1,0.5,1,273.26233,1394779.8,5373.5422,136.63117,5236.9111
2003-10-08_912828BM1_pre,2003-10-08_912828BM1,pre,DGS5,5,2003-10-01,2003-10-08,-1,0.0025,5,0.18770858,8.8795455,4.6306961,1,0.5,1,118.17304,255194.98,3417.2229,59.086519,3358.1363
2003-10-08_912828BM1_post,2003-10-08_912828BM1,post,DGS5,5,2003-10-08,2003-10-16,1,0.0025,5,0.18770858,9.3069897,4.5940389,1,0.5,1,112.74568,245417.33,-2793.8733,56.372839,-2850.2462
2003-10-29_912828BN9_pre,2003-10-29_912828BN9,pre,DGS2,2,2003-10-22,2003-10-29,-1,0.0025,5,0.59175171,7.8978471,1.9557974,0.5,0.5,1,209.42369,1070784.2,-388.61552,104.71185,-493.32737
2003-10-29_912828BN9_post,2003-10-29_912828BN9,post,DGS2,2,2003-10-29,2003-11-05,1,0.0025,5,1.8164966,7.8618725,1.9560387,1,0.5,1,1291.6165,6603226,-18155.569,645.80827,-18801.378
2003-11-10_912828BP4_pre,2003-11-10_912828BP4,pre,DGS3,3,2003-11-03,2003-11-10,-1,0.0025,5,1,8.0548964,2.8759559,1,0.5,1,694.00892,2413141.8,12414.458,347.00446,12067.454
2003-11-12_912828BQ2_pre,2003-11-12_912828BQ2,pre,DGS5,5,2003-11-04,2003-11-12,-1,0.0025,5,0.43600867,8.5124535,4.5770782,1,0.5,1,286.32903,625571.63,4511.2135,143.16451,4368.0489
2003-11-13_912828BR0_pre,2003-11-13_912828BR0,pre,DGS10,10,2003-11-05,2003-11-13,-1,0.0025,5,0.91835034,7.8193589,8.0277718,1,0.5,1,656.54161,817837.91,-5927.1186,328.27081,-6255.3894
2003-11-10_912828BP4_post,2003-11-10_912828BP4,post,DGS3,3,2003-11-10,2003-11-18,1,0.0025,5,1,7.7876296,2.8666273,1,0.5,1,717.82689,2504081.7,23132.514,358.91344,22773.6
2003-11-12_912828BQ2_post,2003-11-12_912828BQ2,post,DGS5,5,2003-11-12,2003-11-19,1,0.0025,5,0.43600867,8.1845072,4.5566068,1,0.5,1,297.80199,653560.87,7167.4219,148.901,7018.5209
2003-11-13_912828BR0_post,2003-11-13_912828BR0,post,DGS10,10,2003-11-13,2003-11-20,1,0.0025,5,0.91835034,7.2986919,8.0585948,1,0.5,1,703.37733,872828.76,10453.395,351.68867,10101.707
2003-11-26_912828BS8_pre,2003-11-26_912828BS8,pre,DGS2,2,2003-11-19,2003-11-26,-1,0.0025,5,2,7.0461553,1.9533877,1,0.5,1,1586.7291,8122960.5,9568.563,793.36456,8775.1985
2003-11-26_912828BS8_post,2003-11-26_912828BS8,post,DGS2,2,2003-11-26,2003-12-04,1,0.0025,5,2,6.9742059,1.9517038,1,0.5,1,1603.0986,8213842,-12320.316,801.54931,-13121.865
2003-12-10_912828BT6_pre,2003-12-10_912828BT6,pre,DGS5,5,2003-12-03,2003-12-10,-1,0.0025,5,0.59175171,7.9235578,4.5554068,0.5,0.5,1,208.74415,458233.82,-3986.9155,104.37207,-4091.2876
2003-12-11_912828BR0_pre,2003-12-11_912828BR0,pre,DGS10,10,2003-12-04,2003-12-11,-1,0.0025,5,1,6.7314088,8.0277718,0.5,0.5,1,415.23031,517242.29,-4938.5512,207.61516,-5146.1663
2003-12-10_912828BT6_post,2003-12-10_912828BT6,post,DGS5,5,2003-12-10,2003-12-17,1,0.0025,5,0.59175171,7.6884792,4.5770782,1,0.5,1,430.25318,940017.1,4730.8144,215.12659,4515.6878
2003-12-11_912828BR0_post,2003-12-11_912828BR0,post,DGS10,10,2003-12-11,2003-12-18,1,0.0025,5,0,6.7783929,8.0701976,1,0.5,1,0,0,0,0,0
2003-12-23_912828BU3_pre,2003-12-23_912828BU3,pre,DGS2,2,2003-12-16,2003-12-23,-1,0.0025,5,2,6.9703772,1.955074,1,0.5,1,1603.9792,8204186.5,19289.714,801.98959,18487.724
2003-12-23_912828BU3_post,2003-12-23_912828BU3,post,DGS2,2,2003-12-23,2003-12-31,1,0.0025,5,2,6.9825448,1.9519442,1,0.5,1,1601.1841,8203022.1,20974.312,800.59206,20173.72
2004-01-07_912828BV1_pre,2004-01-07_912828BV1,pre,DGS5,5,2003-12-30,2004-01-07,-1,0.0025,5,0.83048412,7.5598553,4.5794955,1,0.5,1,614.10532,1340989,-1340.1809,307.05266,-1647.2336
2004-01-07_912828BV1_post,2004-01-07_912828BV1,post,DGS5,5,2004-01-07,2004-01-14,1,0.0025,5,0.83048412,7.2075565,4.5807049,1,0.5,1,644.12224,1406164,19370.759,322.06112,19048.698
2004-01-29_912828BX7_pre,2004-01-29_912828BX7,pre,DGS2,2,2004-01-22,2004-01-29,-1,0.0025,5,1.9128709,6.766046,1.959179,0.5,0.5,1,790.21585,4033403,16664.808,395.10792,16269.701
2004-01-29_912828BX7_post,2004-01-29_912828BX7,post,DGS2,2,2004-01-29,2004-02-05,1,0.0025,5,1.9128709,6.8009637,1.9538693,1,0.5,1,1572.3174,8047198.5,6116.8966,786.1587,5330.7379
2004-02-10_912828BY5_pre,2004-02-10_912828BY5,pre,DGS3,3,2004-02-03,2004-02-10,-1,0.0025,5,1,7.1721369,2.8828593,1,0.5,1,779.42878,2703665.7,1609.3311,389.71439,1219.6167
2004-02-11_912828BZ2_pre,2004-02-11_912828BZ2,pre,DGS5,5,2004-02-04,2004-02-11,-1,0.0025,5,0.59175171,7.2483,4.5928244,1,0.5,1,456.38186,993684.54,-5913.6605,228.19093,-6141.8514
2004-02-12_912828CA6_pre,2004-02-12_912828CA6,pre,DGS10,10,2004-02-05,2004-02-12,-1,0.0025,5,1,6.324801,8.0973647,1,0.5,1,883.84915,1091526.9,-9556.1998,441.92457,-9998.1244
2004-02-10_912828BY5_post,2004-02-10_912828BY5,post,DGS3,3,2004-02-10,2004-02-18,1,0.0025,5,1,7.2254064,2.8813779,1,0.5,1,773.68243,2685112.7,9289.2313,386.84121,8902.3901
2004-02-11_912828BZ2_post,2004-02-11_912828BZ2,post,DGS5,5,2004-02-11,2004-02-19,1,0.0025,5,0.59175171,7.2543772,4.6074302,1,0.5,1,455.99953,989704.71,913.78554,227.99977,685.78578
2004-02-12_912828CA6_post,2004-02-12_912828CA6,post,DGS10,10,2004-02-12,2004-02-20,1,0.0025,5,1,6.1844301,8.1364046,1,0.5,1,903.91029,1110945.6,767.24886,451.95514,315.29372
2004-02-25_912828CB4_pre,2004-02-25_912828CB4,pre,DGS2,2,2004-02-18,2004-02-25,-1,0.0025,5,1.6454972,6.5537974,1.9577286,1,0.5,1,1403.5541,7169298.5,-8074.0174,701.77705,-8775.7944
2004-02-25_912828CB4_post,2004-02-25_912828CB4,post,DGS2,2,2004-02-25,2004-03-03,1,0.0025,5,1.6454972,6.3450679,1.9589372,1,0.5,1,1449.7259,7400573.6,-9086.2445,724.86294,-9811.1075
2004-03-10_912828CC2_pre,2004-03-10_912828CC2,pre,DGS5,5,2004-03-03,2004-03-10,-1,0.0025,5,1,6.5310212,4.6037723,1,0.5,1,855.94118,1859217,-30812.283,427.97059,-31240.254
2004-03-11_912828CA6_pre,2004-03-11_912828CA6,pre,DGS10,10,2004-03-04,2004-03-11,-1,0.0025,5,1.1290994,5.7944792,8.159959,1,0.5,1,1089.2882,1334918.7,-33754.024,544.6441,-34298.669
2004-03-10_912828CC2_post,2004-03-10_912828CC2,post,DGS5,5,2004-03-10,2004-03-17,1,0.0025,5,1,6.6127765,4.6467145,0.5,0.5,1,422.67948,909630.84,2425.0547,211.33974,2213.715
2004-03-11_912828CA6_post,2004-03-11_912828CA6,post,DGS10,10,2004-03-11,2004-03-18,1,0.0025,5,0,5.9832865,8.2792185,0.5,0.5,1,0,0,0,0,0
2004-03-24_912828CD0_pre,2004-03-24_912828CD0,pre,DGS2,2,2004-03-17,2004-03-24,-1,0.0025,5,1.4082483,5.8235835,1.9623275,1,0.5,1,1351.8047,6888782.2,-4847.7538,675.90233,-5523.6562
2004-03-24_912828CD0_post,2004-03-24_912828CD0,post,DGS2,2,2004-03-24,2004-03-31,1,0.0025,5,1.4082483,5.3630616,1.9630552,1,0.5,1,1467.8831,7477543.5,-13709.002,733.94153,-14442.943
2004-04-06_912828CE8_pre,2004-04-06_912828CE8,pre,DGS5,5,2004-03-30,2004-04-06,-1,0.0025,5,1,6.5840717,4.6282389,1,0.5,1,849.04451,1834487.2,27034.425,424.52226,26609.902
2004-04-06_912828CE8_post,2004-04-06_912828CE8,post,DGS5,5,2004-04-06,2004-04-14,1,0.0025,5,1,7.4013283,4.5879709,1,0.5,1,755.29279,1646245.8,-17961.723,377.6464,-18339.37
2004-04-28_912828CF5_pre,2004-04-28_912828CF5,pre,DGS2,2,2004-04-21,2004-04-28,-1,0.0025,5,1,5.8676553,1.9457086,1,0.5,1,952.70933,4896464.7,6396.6799,476.35467,5920.3253
2004-04-28_912828CF5_post,2004-04-28_912828CF5,post,DGS2,2,2004-04-28,2004-05-05,1,0.0025,5,1,5.9719448,1.9437964,0.5,0.5,1,468.03597,2407844.7,-1246.2905,234.01799,-1480.3085
2004-05-11_912828CG3_pre,2004-05-11_912828CG3,pre,DGS3,3,2004-05-04,2004-05-11,-1,0.0025,5,1,6.7682376,2.8544232,1,0.5,1,825.94175,2893550.4,24348.571,412.97087,23935.6
2004-05-12_912828CH1_pre,2004-05-12_912828CH1,pre,DGS5,5,2004-05-05,2004-05-12,-1,0.0025,5,0,6.8214517,4.5255576,1,0.5,1,0,0,0,0,0
2004-05-13_912828CJ7_pre,2004-05-13_912828CJ7,pre,DGS10,10,2004-05-06,2004-05-13,-1,0.0025,5,1.1735525,5.9701707,7.9325421,1,0.5,1,1098.856,1385250.8,22990.77,549.42802,22441.342
2004-05-11_912828CG3_post,2004-05-11_912828CG3,post,DGS3,3,2004-05-11,2004-05-18,1,0.0025,5,1,7.0793724,2.8394006,1,0.5,1,789.64202,2781016.6,5880.4291,394.82101,5485.6081
2004-05-12_912828CH1_post,2004-05-12_912828CH1,post,DGS5,5,2004-05-12,2004-05-19,1,0.0025,5,0,7.2026949,4.4959959,1,0.5,1,0,0,0,0,0
2004-05-13_912828CJ7_post,2004-05-13_912828CJ7,post,DGS10,10,2004-05-13,2004-05-20,1,0.0025,5,1.1735525,6.1072338,7.8500882,1,0.5,1,1074.1947,1368385.5,15030.647,537.09734,14493.549
2004-05-26_912828CK4_pre,2004-05-26_912828CK4,pre,DGS2,2,2004-05-19,2004-05-26,-1,0.0025,5,1,6.6955378,1.9364149,1,0.5,1,834.90978,4311626.4,-8791.1044,417.45489,-9208.5592
2004-05-26_912828CK4_post,2004-05-26_912828CK4,post,DGS2,2,2004-05-26,2004-06-03,1,0.0025,5,0,6.7560185,1.9385533,1,0.5,1,0,0,0,0,0
2004-06-09_912828CL2_pre,2004-06-09_912828CL2,pre,DGS5,5,2004-06-02,2004-06-09,-1,0.0025,5,0,7.053368,4.5018854,1,0.5,1,0,0,0,0,0
2004-06-10_912828CJ7_pre,2004-06-10_912828CJ7,pre,DGS10,10,2004-06-03,2004-06-10,-1,0.0025,5,1.4225771,5.8023958,7.9024141,1,0.5,1,1370.5456,1734337.8,12478.779,685.27279,11793.506
2004-06-09_912828CL2_post,2004-06-09_912828CL2,post,DGS5,5,2004-06-09,2004-06-17,1,0.0025,5,0,6.9731325,4.4901178,1,0.5,1,0,0,0,0,0
2004-06-10_912828CJ7_post,2004-06-10_912828CJ7,post,DGS10,10,2004-06-10,2004-06-18,1,0.0025,5,0,5.81018,7.864987,1,0.5,1,0,0,0,0,0
2004-06-23_912828CM0_pre,2004-06-23_912828CM0,pre,DGS2,2,2004-06-16,2004-06-23,-1,0.0025,5,0,7.3506985,1.9309674,1,0.5,1,0,0,0,0,0
2004-06-23_912828CM0_post,2004-06-23_912828CM0,post,DGS2,2,2004-06-23,2004-06-30,1,0.0025,5,0,7.3595896,1.9323861,0.5,0.5,1,0,0,0,0,0
2004-07-07_912828CN8_pre,2004-07-07_912828CN8,pre,DGS5,5,2004-06-29,2004-07-07,-1,0.0025,5,0,7.4752133,4.5007066,0.5,0.5,1,0,0,0,0,0
2004-07-07_912828CN8_post,2004-07-07_912828CN8,post,DGS5,5,2004-07-07,2004-07-14,1,0.0025,5,0,7.0093561,4.530314,1,0.5,1,0,0,0,0,0
2004-07-28_912828CQ1_pre,2004-07-28_912828CQ1,pre,DGS2,2,2004-07-21,2004-07-28,-1,0.0025,5,0,7.2074977,1.9340434,1,0.5,1,0,0,0,0,0
2004-07-28_912828CQ1_post,2004-07-28_912828CQ1,post,DGS2,2,2004-07-28,2004-08-04,1,0.0025,5,0,6.9301601,1.9323861,1,0.5,1,0,0,0,0,0
2004-08-09_912828CR9_pre,2004-08-09_912828CR9,pre,DGS3,3,2004-08-02,2004-08-09,-1,0.0025,5,1,7.0225424,2.8456856,1,0.5,1,796.03221,2797330.1,-16782.199,398.01611,-17180.215
2004-08-11_912828CS7_pre,2004-08-11_912828CS7,pre,DGS5,5,2004-08-04,2004-08-11,-1,0.0025,5,0.087129071,7.0043368,4.5315043,0.5,0.5,1,34.76891,76727.081,-555.23422,17.384455,-572.61868
2004-08-12_912828CT5_pre,2004-08-12_912828CT5,pre,DGS10,10,2004-08-05,2004-08-12,-1,0.0025,5,1.1735525,5.6459575,8.008594,0.5,0.5,1,580.97835,725443.63,-9778.0602,290.48917,-10068.549
2004-08-09_912828CR9_post,2004-08-09_912828CR9,post,DGS3,3,2004-08-09,2004-08-16,1,0.0025,5,1,6.9882872,2.8553966,0.5,0.5,1,399.9671,1400741,-11.983363,199.98355,-211.96691
2004-08-11_912828CS7_post,2004-08-11_912828CS7,post,DGS5,5,2004-08-11,2004-08-18,1,0.0025,5,0.087129071,7.0144927,4.5494138,1,0.5,1,69.437141,152628.76,754.04435,34.71857,719.32578
2004-08-12_912828CT5_post,2004-08-12_912828CT5,post,DGS10,10,2004-08-12,2004-08-19,1,0.0025,5,1.1735525,6.1022132,8.0701976,1,0.5,1,1075.0785,1332158.8,6105.0789,537.53924,5567.5397
2004-08-25_912828CU2_pre,2004-08-25_912828CU2,pre,DGS2,2,2004-08-18,2004-08-25,-1,0.0025,5,0,6.9073571,1.9404572,1,0.5,1,0,0,0,0,0
2004-08-25_912828CU2_post,2004-08-25_912828CU2,post,DGS2,2,2004-08-25,2004-09-01,1,0.0025,5,0,6.8193808,1.9387911,1,0.5,1,0,0,0,0,0
2004-09-08_912828CV0_pre,2004-09-08_912828CV0,pre,DGS5,5,2004-08-31,2004-09-08,-1,0.0025,5,0.35450278,6.5651666,4.5710432,1,0.5,1,301.85537,660364.28,1836.7712,150.92768,1685.8435
2004-09-09_912828CT5_pre,2004-09-09_912828CT5,pre,DGS10,10,2004-09-01,2004-09-09,-1,0.0025,5,1.4225771,5.7262159,8.1246641,1,0.5,1,1388.7789,1709337,11419.425,694.38946,10725.036
2004-09-08_912828CV0_post,2004-09-08_912828CV0,post,DGS5,5,2004-09-08,2004-09-15,1,0.0025,5,0.35450278,6.7859942,4.5626138,1,0.5,1,292.03249,640055.24,505.65047,146.01624,359.63423
2004-09-09_912828CT5_post,2004-09-09_912828CT5,post,DGS10,10,2004-09-09,2004-09-16,1,0.0025,5,0,5.921783,8.0895892,1,0.5,1,0,0,0,0,0
2004-09-29_912828CW8_pre,2004-09-29_912828CW8,pre,DGS2,2,2004-09-22,2004-09-29,-1,0.0025,5,0,6.2688135,1.939029,1,0.5,1,0,0,0,0,0
2004-09-29_912828CW8_post,2004-09-29_912828CW8,post,DGS2,2,2004-09-29,2004-10-06,1,0.0025,5,0,5.7798354,1.9364149,1,0.5,1,0,0,0,0,0
2004-10-06_912828CX6_pre,2004-10-06_912828CX6,pre,DGS5,5,2004-09-29,2004-10-06,-1,0.0025,5,0.59175171,5.8232924,4.5662236,1,0.5,1,568.06226,1244052.7,7518.8691,284.03113,7234.8379
2004-10-06_912828CX6_post,2004-10-06_912828CX6,post,DGS5,5,2004-10-06,2004-10-14,1,0.0025,5,0.59175171,5.9810435,4.5494138,1,0.5,1,553.07951,1215716,14335.542,276.53976,14059.002
2004-10-27_912828CY4_pre,2004-10-27_912828CY4,pre,DGS2,2,2004-10-20,2004-10-27,-1,0.0025,5,0.18350342,5.7572357,1.9383155,1,0.5,1,178.17844,919243.77,1653.3158,89.089222,1564.2266
2004-10-27_912828CY4_post,2004-10-27_912828CY4,post,DGS2,2,2004-10-27,2004-11-03,1,0.0025,5,0.18350342,5.5734439,1.9359403,1,0.5,1,184.05412,950722.1,677.88251,92.027059,585.85545
2004-11-08_912828AN0_pre,2004-11-08_912828AN0,pre,DGS5,5,2004-11-01,2004-11-08,-1,0.0025,5,1,5.8720828,4.5674278,1,0.5,1,951.991,2084304.4,13646.82,475.9955,13170.825
2004-11-09_912828DB3_pre,2004-11-09_912828DB3,pre,DGS5,5,2004-11-02,2004-11-09,-1,0.0025,5,1,5.9302919,4.5698376,1,0.5,1,942.64668,2062757.5,17261.233,471.32334,16789.909
2004-11-10_912828DC1_pre,2004-11-10_912828DC1,pre,DGS10,10,2004-11-03,2004-11-10,-1,0.0025,5,1.5206576,4.6372357,8.1403235,0.5,0.5,1,916.57347,1125966.9,14112.044,458.28674,13653.757
2004-11-08_912828AN0_post,2004-11-08_912828AN0,post,DGS5,5,2004-11-08,2004-11-16,1,0.0025,5,2,5.2754629,4.5494138,0.5,0.5,1,1059.6549,2329211.9,-4544.9833,529.82744,-5074.8107
2004-11-09_912828DB3_post,2004-11-09_912828DB3,post,DGS5,5,2004-11-09,2004-11-17,1,0.0025,5,0.59175171,5.2492668,4.5470198,0.5,0.5,1,315.09092,692961.39,2116.38,157.54546,1958.8346
2004-11-10_912828DC1_post,2004-11-10_912828DC1,post,DGS10,10,2004-11-10,2004-11-18,1,0.0025,5,1.5206576,4.7407358,8.0779462,1,0.5,1,1793.1255,2219779,24433.907,896.56276,23537.344
2004-11-23_912828DD9_pre,2004-11-23_912828DD9,pre,DGS2,2,2004-11-16,2004-11-23,-1,0.0025,5,0.35450278,4.9698242,1.9293143,1,0.5,1,398.75269,2066810.4,2469.9356,199.37634,2270.5593
2004-11-23_912828DD9_post,2004-11-23_912828DD9,post,DGS2,2,2004-11-23,2004-12-01,1,0.0025,5,0.35450278,5.1317115,1.9276636,1,0.5,1,386.17345,2003323.9,-782.60453,193.08673,-975.69126
2004-12-08_912828DE7_pre,2004-12-08_912828DE7,pre,DGS5,5,2004-12-01,2004-12-08,-1,0.0025,5,0.59175171,5.3699309,4.5243696,1,0.5,1,616.02145,1361563,-12119.286,308.01072,-12427.297
2004-12-09_912828DC1_pre,2004-12-09_912828DC1,pre,DGS10,10,2004-12-02,2004-12-09,-1,0.0025,5,1.7382717,4.8965571,8.0200927,1,0.5,1,1984.5034,2474414.5,-42971.825,992.25168,-43964.077
2004-12-08_912828DE7_post,2004-12-08_912828DE7,post,DGS5,5,2004-12-08,2004-12-15,1,0.0025,5,0.59175171,5.2770423,4.5470198,0.5,0.5,1,313.43245,689314.03,1740.713,156.71623,1583.9967
2004-12-09_912828DC1_post,2004-12-09_912828DC1,post,DGS10,10,2004-12-09,2004-12-16,1,0.0025,5,0,5.0060698,8.1012565,0.5,0.5,1,0,0,0,0,0
2004-12-29_912828DF4_pre,2004-12-29_912828DF4,pre,DGS2,2,2004-12-21,2004-12-29,-1,0.0025,5,0.59175171,4.5018515,1.926015,1,0.5,1,734.80714,3815168.3,4411.5072,367.40357,4044.1036
2004-12-29_912828DF4_post,2004-12-29_912828DF4,post,DGS2,2,2004-12-29,2005-01-05,1,0.0025,5,0.59175171,4.3339091,1.9243688,1,0.5,1,763.28149,3966399.3,-6946.4421,381.64075,-7328.0829
2005-01-12_912828DG2_pre,2005-01-12_912828DG2,pre,DGS5,5,2005-01-05,2005-01-12,-1,0.0025,5,0.59175171,5.1315739,4.5231821,1,0.5,1,644.63509,1425180.5,-1031.0139,322.31755,-1353.3315
2005-01-12_912828DG2_post,2005-01-12_912828DG2,post,DGS5,5,2005-01-12,2005-01-20,1,0.0025,5,0.59175171,4.6581136,4.5243696,1,0.5,1,710.15713,1569626.7,3312.8504,355.07857,2957.7718
2005-01-26_912828DJ6_pre,2005-01-26_912828DJ6,pre,DGS2,2,2005-01-19,2005-01-26,-1,0.0025,5,1,4.0550937,1.921083,1,0.5,1,1378.555,7175926.4,187.69885,689.27752,-501.57867
2005-01-26_912828DJ6_post,2005-01-26_912828DJ6,post,DGS2,2,2005-01-26,2005-02-02,1,0.0025,5,1,4.0588886,1.9208487,0.5,0.5,1,688.63309,3585046,-2864.416,344.31655,-3208.7325
2005-02-08_912828DK3_pre,2005-02-08_912828DK3,pre,DGS3,3,2005-02-01,2005-02-08,-1,0.0025,5,0,4.2001816,2.8278532,0.5,0.5,1,0,0,0,0,0
2005-02-09_912828DL1_pre,2005-02-09_912828DL1,pre,DGS5,5,2005-02-02,2005-02-09,-1,0.0025,5,0.59175171,4.4577109,4.5231821,1,0.5,1,742.08326,1640622.1,-11545.48,371.04163,-11916.522
2005-02-10_912828DM9_pre,2005-02-10_912828DM9,pre,DGS10,10,2005-02-03,2005-02-10,-1,0.0025,5,1.7774541,4.3852282,8.105151,1,0.5,1,2265.8503,2795568.3,-25924.414,1132.9252,-27057.339
2005-02-08_912828DK3_post,2005-02-08_912828DK3,post,DGS3,3,2005-02-08,2005-02-15,1,0.0025,5,0,3.8729469,2.8259357,1,0.5,1,0,0,0,0,0
2005-02-09_912828DL1_post,2005-02-09_912828DL1,post,DGS5,5,2005-02-09,2005-02-16,1,0.0025,5,0.59175171,4.2338427,4.5410431,1,0.5,1,781.32157,1720577.3,-15189.435,390.66079,-15580.096
2005-02-10_912828DM9_post,2005-02-10_912828DM9,post,DGS10,10,2005-02-10,2005-02-17,1,0.0025,5,1.7774541,4.3087088,8.1481695,1,0.5,1,2306.0901,2830194,-26715.835,1153.045,-27868.88
2005-02-24_912828DN7_pre,2005-02-24_912828DN7,pre,DGS2,2,2005-02-16,2005-02-24,-1,0.0025,5,1,3.6952787,1.9175726,1,0.5,1,1512.7871,7889073.4,15140.693,756.39355,14384.299
2005-02-24_912828DN7_post,2005-02-24_912828DN7,post,DGS2,2,2005-02-24,2005-03-03,1,0.0025,5,1,3.6596363,1.9150048,1,0.5,1,1527.5206,7976589,-9369.2637,763.76031,-10133.024
2005-03-09_912828DP2_pre,2005-03-09_912828DP2,pre,DGS5,5,2005-03-02,2005-03-09,-1,0.0025,5,0.59175171,4.4433344,4.4912925,1,0.5,1,744.48429,1657617,11461.211,372.24214,11088.969
2005-03-10_912828DM9_pre,2005-03-10_912828DM9,pre,DGS10,10,2005-03-03,2005-03-10,-1,0.0025,5,1.9036961,4.0232025,8.023931,1,0.5,1,2645.1527,3296579.6,22532.332,1322.5763,21209.755
2005-03-09_912828DP2_post,2005-03-09_912828DP2,post,DGS5,5,2005-03-09,2005-03-16,1,0.0025,5,0.59175171,4.0246065,4.4725514,1,0.5,1,821.94187,1837747.2,-1124.5528,410.97094,-1535.5237
2005-03-10_912828DM9_post,2005-03-10_912828DM9,post,DGS10,10,2005-03-10,2005-03-17,1,0.0025,5,0,4.3304206,7.9894824,1,0.5,1,0,0,0,0,0
2005-03-30_912828DQ0_pre,2005-03-30_912828DQ0,pre,DGS2,2,2005-03-22,2005-03-30,-1,0.0025,5,1,3.3922477,1.9071029,1,0.5,1,1647.925,8640986.6,-2006.7696,823.96252,-2830.7321
2005-03-30_912828DQ0_post,2005-03-30_912828DQ0,post,DGS2,2,2005-03-30,2005-04-06,1,0.0025,5,1,3.7646512,1.9071029,1,0.5,1,1484.9104,7786210.6,25236.578,742.45522,24494.122
2005-04-13_912828DR8_pre,2005-04-13_912828DR8,pre,DGS5,5,2005-04-06,2005-04-13,-1,0.0025,5,0.59175171,4.5765306,4.4807364,1,0.5,1,722.81667,1613164.9,-4770.0926,361.40833,-5131.5009
2005-04-13_912828DR8_post,2005-04-13_912828DR8,post,DGS5,5,2005-04-13,2005-04-20,1,0.0025,5,0.59175171,4.8085082,4.4877697,1,0.5,1,687.94571,1532934.5,12057.295,343.97286,11713.322
2005-04-27_912828DS6_pre,2005-04-27_912828DS6,pre,DGS2,2,2005-04-20,2005-04-27,-1,0.0025,5,1,4.0478773,1.9150048,1,0.5,1,1381.0127,7211536.4,15499.704,690.50635,14809.197
2005-04-27_912828DS6_post,2005-04-27_912828DS6,post,DGS2,2,2005-04-27,2005-05-04,1,0.0025,5,1,4.3190551,1.9122099,0.5,0.5,1,647.15195,3384314.4,1148.5583,323.57598,824.98228
2005-05-10_912828DT4_pre,2005-05-10_912828DT4,pre,DGS3,3,2005-05-03,2005-05-10,-1,0.0025,5,0,4.7252178,2.8135201,1,0.5,1,0,0,0,0,0
2005-05-11_912828DU1_pre,2005-05-11_912828DU1,pre,DGS5,5,2005-05-04,2005-05-11,-1,0.0025,5,1,5.1287381,4.5066052,1,0.5,1,1089.9699,2418605.1,3816.1635,544.98493,3271.1786
2005-05-12_912828DV9_pre,2005-05-12_912828DV9,pre,DGS10,10,2005-05-05,2005-05-12,-1,0.0025,5,1.9128709,4.8680615,8.1012565,1,0.5,1,2196.6184,2711454,-2993.835,1098.3092,-4092.1442
2005-05-10_912828DT4_post,2005-05-10_912828DT4,post,DGS3,3,2005-05-10,2005-05-17,1,0.0025,5,0,4.8874334,2.8106669,1,0.5,1,0,0,0,0,0
2005-05-11_912828DU1_post,2005-05-11_912828DU1,post,DGS5,5,2005-05-11,2005-05-18,1,0.0025,5,1,5.2564461,4.5018854,1,0.5,1,1063.4885,2362318,15376.284,531.74424,14844.54
2005-05-12_912828DV9_post,2005-05-12_912828DV9,post,DGS10,10,2005-05-12,2005-05-19,1,0.0025,5,1.9128709,4.9234536,8.105151,1,0.5,1,2171.905,2679660.1,15929.441,1085.9525,14843.489
2005-05-25_912828DW7_pre,2005-05-25_912828DW7,pre,DGS2,2,2005-05-18,2005-05-25,-1,0.0025,5,1,4.707969,1.9140724,1,0.5,1,1187.3846,6203446.6,5011.1533,593.69231,4417.461
2005-05-25_912828DW7_post,2005-05-25_912828DW7,post,DGS2,2,2005-05-25,2005-06-02,1,0.0025,5,0,4.857169,1.912908,1,0.5,1,0,0,0,0,0
2005-06-08_912828DX5_pre,2005-06-08_912828DX5,pre,DGS5,5,2005-06-01,2005-06-08,-1,0.0025,5,1,5.2102409,4.5350779,1,0.5,1,1072.9197,2365824.1,10366.797,536.45984,9830.3368
2005-06-09_912828DV9_pre,2005-06-09_912828DV9,pre,DGS10,10,2005-06-02,2005-06-09,-1,0.0025,5,1.9128709,4.9391781,8.2192771,1,0.5,1,2164.9905,2634040,18888.675,1082.4952,17806.18
2005-06-08_912828DX5_post,2005-06-08_912828DX5,post,DGS5,5,2005-06-08,2005-06-15,1,0.0025,5,0,5.1402917,4.5231821,1,0.5,1,0,0,0,0,0
2005-06-09_912828DV9_post,2005-06-09_912828DV9,post,DGS10,10,2005-06-09,2005-06-16,1,0.0025,5,0,4.4813171,8.183612,1,0.5,1,0,0,0,0,0
2005-06-29_912828DY3_pre,2005-06-29_912828DY3,pre,DGS2,2,2005-06-22,2005-06-29,-1,0.0025,5,0,4.7245901,1.9126753,1,0.5,1,0,0,0,0,0
2005-06-29_912828DY3_post,2005-06-29_912828DY3,post,DGS2,2,2005-06-29,2005-07-07,1,0.0025,5,0,4.8251636,1.9119773,0.5,0.5,1,0,0,0,0,0
2005-07-13_912828DZ0_pre,2005-07-13_912828DZ0,pre,DGS5,5,2005-07-06,2005-07-13,-1,0.0025,5,0,5.4006434,4.5077863,1,0.5,1,0,0,0,0,0
2005-07-13_912828DZ0_post,2005-07-13_912828DZ0,post,DGS5,5,2005-07-13,2005-07-20,1,0.0025,5,0,5.2492668,4.4959959,1,0.5,1,0,0,0,0,0
2005-07-27_912828EB2_pre,2005-07-27_912828EB2,pre,DGS2,2,2005-07-20,2005-07-27,-1,0.0025,5,0,4.5300004,1.9061767,1,0.5,1,0,0,0,0,0
2005-07-27_912828EB2_post,2005-07-27_912828EB2,post,DGS2,2,2005-07-27,2005-08-03,1,0.0025,5,0,4.4664158,1.9040954,1,0.5,1,0,0,0,0,0
2005-08-08_912828EC0_pre,2005-08-08_912828EC0,pre,DGS3,3,2005-08-01,2005-08-08,-1,0.0025,5,0.087129071,4.585164,2.7964671,1,0.5,1,106.22659,379859.95,1328.1149,53.113293,1275.0016
2005-08-10_912828ED8_pre,2005-08-10_912828ED8,pre,DGS5,5,2005-08-03,2005-08-10,-1,0.0025,5,0,4.8745853,4.4760565,0.5,0.5,1,0,0,0,0,0
2005-08-11_912828EE6_pre,2005-08-11_912828EE6,pre,DGS10,10,2005-08-04,2005-08-11,-1,0.0025,5,1.5661385,4.8485247,8.0508731,0.5,0.5,1,902.84993,1121431.1,-225.39884,451.42497,-676.82381
2005-08-08_912828EC0_post,2005-08-08_912828EC0,post,DGS3,3,2005-08-08,2005-08-15,1,0.0025,5,0,4.1862028,2.7903481,0.5,0.5,1,0,0,0,0,0
2005-08-10_912828ED8_post,2005-08-10_912828ED8,post,DGS5,5,2005-08-10,2005-08-17,1,0.0025,5,0,4.9034751,4.4632241,1,0.5,1,0,0,0,0,0
2005-08-11_912828EE6_post,2005-08-11_912828EE6,post,DGS10,10,2005-08-11,2005-08-18,1,0.0025,5,1.5661385,4.8061578,8.0508731,1,0.5,1,1821.6174,2262633.3,20494.345,910.80868,19583.537
2005-08-24_912828EF3_pre,2005-08-24_912828EF3,pre,DGS2,2,2005-08-17,2005-08-24,-1,0.0025,5,0,3.9375062,1.9022484,1,0.5,1,0,0,0,0,0
2005-08-24_912828EF3_post,2005-08-24_912828EF3,post,DGS2,2,2005-08-24,2005-08-31,1,0.0025,5,0,3.9706195,1.9040954,1,0.5,1,0,0,0,0,0
2005-09-07_912828EG1_pre,2005-09-07_912828EG1,pre,DGS5,5,2005-08-30,2005-09-07,-1,0.0025,5,0,4.5409312,4.4877697,1,0.5,1,0,0,0,0,0
2005-09-08_912828EE6_pre,2005-09-08_912828EE6,pre,DGS10,10,2005-08-31,2005-09-08,-1,0.0025,5,1.6578458,4.6602054,8.1678324,1,0.5,1,1988.6762,2434766.2,25399.485,994.33812,24405.146
2005-09-07_912828EG1_post,2005-09-07_912828EG1,post,DGS5,5,2005-09-07,2005-09-14,1,0.0025,5,0,4.9516019,4.4995282,1,1,1,0,0,0,0,0
2005-09-08_912828EE6_post,2005-09-08_912828EE6,post,DGS10,10,2005-09-08,2005-09-15,1,0.0025,5,0,4.97008,8.1168508,1,1,1,0,0,0,0,0
2005-09-28_912828EH9_pre,2005-09-28_912828EH9,pre,DGS2,2,2005-09-21,2005-09-28,-1,0.0025,5,0.15242062,4.6193831,1.9047887,1,1,1,368.90517,1936724.9,4565.1771,184.45259,4380.7245
2005-09-28_912828EH9_post,2005-09-28_912828EH9,post,DGS2,2,2005-09-28,2005-10-05,1,0.0025,5,0.15242062,4.575049,1.9017871,1,1,1,372.48002,1958578.9,-4212.8603,186.24001,-4399.1003
2005-10-12_912828EJ5_pre,2005-10-12_912828EJ5,pre,DGS5,5,2005-10-04,2005-10-12,-1,0.0025,5,0.15242062,4.5554958,4.4632241,1,1,1,374.07878,838135.79,2865.3253,187.03939,2678.2859
2005-10-12_912828EJ5_post,2005-10-12_912828EJ5,post,DGS5,5,2005-10-12,2005-10-19,1,0.0025,5,0.15242062,4.5640142,4.4539255,1,1,1,373.38059,838318,96.562467,186.6903,-90.127829
2005-10-26_912828EK2_pre,2005-10-26_912828EK2,pre,DGS2,2,2005-10-19,2005-10-26,-1,0.0025,5,0.4023857,4.404511,1.8981032,1,1,1,1021.4094,5381210.8,12800.774,510.70468,12290.069
2005-10-26_912828EK2_post,2005-10-26_912828EK2,post,DGS2,2,2005-10-26,2005-11-02,1,0.0025,5,0.4023857,4.5116297,1.8951185,0.5,1,1,498.57914,2630859.9,-2230.0834,249.28957,-2479.373
2005-11-08_912828EL0_pre,2005-11-08_912828EL0,pre,DGS3,3,2005-11-01,2005-11-08,-1,0.0025,5,0,4.5898439,2.7800396,1,1,1,0,0,0,0,0
2005-11-09_912828EM8_pre,2005-11-09_912828EM8,pre,DGS5,5,2005-11-02,2005-11-09,-1,0.0025,5,0.4023857,4.3805876,4.4331082,1,1,1,1026.9875,2316630.9,4841.5502,513.49376,4328.0565
2005-11-10_912828EN6_pre,2005-11-10_912828EN6,pre,DGS10,10,2005-11-03,2005-11-10,-1,0.0025,5,1.6741999,4.3040843,7.9249945,1,1,1,4348.9213,5487601.6,-44535.941,2174.4606,-46710.402
2005-11-08_912828EL0_post,2005-11-08_912828EL0,post,DGS3,3,2005-11-08,2005-11-16,1,0.0025,5,0,4.4271887,2.7786385,1,1,1,0,0,0,0,0
2005-11-09_912828EM8_post,2005-11-09_912828EM8,post,DGS5,5,2005-11-09,2005-11-17,1,0.0025,5,0.4023857,4.2743487,4.4273511,1,1,1,1052.5133,2377298,17182.978,526.25665,16656.721
2005-11-10_912828EN6_post,2005-11-10_912828EN6,post,DGS10,10,2005-11-10,2005-11-18,1,0.0025,5,1.6741999,4.2549738,7.9628368,1,1,1,4399.116,5524558.8,22889.918,2199.558,20690.36
2005-11-23_912828EP1_pre,2005-11-23_912828EP1,pre,DGS2,2,2005-11-16,2005-11-23,-1,0.0025,5,0.59175171,4.3777816,1.8942017,1,1,1,1511.2643,7978370.9,-9733.6113,755.63217,-10489.243
2005-11-23_912828EP1_post,2005-11-23_912828EP1,post,DGS2,2,2005-11-23,2005-12-01,1,0.0025,5,0.59175171,4.5935351,1.8955772,1,1,1,1440.2818,7598117.5,-12199.152,720.14092,-12919.293
2005-12-07_912828EQ9_pre,2005-12-07_912828EQ9,pre,DGS5,5,2005-11-30,2005-12-07,-1,0.0025,5,0.59175171,4.0966777,4.4423425,1,1,1,1614.9636,3635387.3,1240.5868,807.48178,433.10498
2005-12-08_912828EN6_pre,2005-12-08_912828EN6,pre,DGS10,10,2005-12-01,2005-12-08,-1,0.0025,5,1.7774541,4.2549738,7.9742405,1,1,1,4670.4262,5856891.5,-24146.35,2335.2131,-26481.563
2005-12-07_912828EQ9_post,2005-12-07_912828EQ9,post,DGS5,5,2005-12-07,2005-12-14,1,0.0025,5,0.59175171,4.2458354,4.4411867,0.5,1,1,779.11466,1754293.9,5653.0366,389.55733,5263.4793
2005-12-08_912828EN6_post,2005-12-08_912828EN6,post,DGS10,10,2005-12-08,2005-12-15,1,0.0025,5,0,4.3451382,7.9932994,0.5,1,1,0,0,0,0,0
2005-12-29_912828ER7_pre,2005-12-29_912828ER7,pre,DGS2,2,2005-12-21,2005-12-29,-1,0.0025,5,1,3.6781152,1.8939726,1,1,1,3039.6927,16049296,-16702.501,1519.8464,-18222.347
2005-12-29_912828ER7_post,2005-12-29_912828ER7,post,DGS2,2,2005-12-29,2006-01-06,1,0.0025,5,1,3.590005,1.8951185,1,1,1,3114.2965,16433255,7268.0482,1557.1483,5710.8999
2006-01-11_912828ES5_pre,2006-01-11_912828ES5,pre,DGS5,5,2006-01-04,2006-01-11,-1,0.0025,5,1,4.2930768,4.4585712,1,1,1,2604.272,5841046.2,28418.305,1302.136,27116.169
2006-01-11_912828ES5_post,2006-01-11_912828ES5,post,DGS5,5,2006-01-11,2006-01-19,1,0.0025,5,1,4.2699846,4.4458127,1,1,1,2618.356,5889487.9,21009.755,1309.178,19700.577
2006-01-25_912828EU0_pre,2006-01-25_912828EU0,pre,DGS2,2,2006-01-18,2006-01-25,-1,0.0025,5,1,3.8209946,1.8962656,1,1,1,2926.0287,15430479,37797.184,1463.0143,36334.17
2006-01-25_912828EU0_post,2006-01-25_912828EU0,post,DGS2,2,2006-01-25,2006-02-01,1,0.0025,5,2,3.5957838,1.8932855,0.5,1,1,3109.2915,16422729,-39977.102,1554.6457,-41531.747
2006-02-07_912828EV8_pre,2006-02-07_912828EV8,pre,DGS3,3,2006-01-31,2006-02-07,-1,0.0025,5,0,3.8386968,2.777705,1,1,1,0,0,0,0,0
2006-02-08_912828EW6_pre,2006-02-08_912828EW6,pre,DGS10,10,2006-02-01,2006-02-08,-1,0.0025,5,1.7925939,4.2914644,7.9552474,1,1,1,4670.1563,5870535.5,-4834.7379,2335.0781,-7169.816
2006-02-07_912828EV8_post,2006-02-07_912828EV8,post,DGS3,3,2006-02-07,2006-02-14,1,0.0025,5,1,3.8580388,2.7739758,1,1,1,2897.9335,10446859,-31473.057,1448.9668,-32922.023
2006-02-08_912828EW6_post,2006-02-08_912828EW6,post,DGS10,10,2006-02-08,2006-02-15,1,0.0025,5,1.7925939,4.1701116,7.9590408,1,1,1,4806.0607,6038492.3,-23822.126,2403.0304,-26225.156
2006-02-22_912828EY2_pre,2006-02-22_912828EY2,pre,DGS2,2,2006-02-14,2006-02-22,-1,0.0025,5,2,3.5262935,1.8880315,1,1,0.71343899,4524.0082,23961508,-5607.7628,2262.0041,-7869.7669
2006-02-23_912828EX4_pre,2006-02-23_912828EX4,pre,DGS5,5,2006-02-15,2006-02-23,-1,0.0025,5,1,3.7610853,4.4216051,1,1,0.89818677,2669.9829,6038492.3,7858.9315,1334.9914,6523.9401
2006-02-22_912828EY2_post,2006-02-22_912828EY2,post,DGS2,2,2006-02-22,2006-03-01,1,0.0025,5,2,3.3182852,1.8882595,1,1,0.67143585,4524.5544,23961508,-12726.273,2262.2772,-14988.55
2006-02-23_912828EX4_post,2006-02-23_912828EX4,post,DGS5,5,2006-02-23,2006-03-02,1,0.0025,5,2,3.6429252,4.4181628,1,1,0.4346458,2667.9042,6038492.3,-13195.78,1333.9521,-14529.732
2006-03-09_912828EW6_pre,2006-03-09_912828EW6,pre,DGS10,10,2006-03-02,2006-03-09,-1,0.0025,5,1.9128709,3.655002,7.928767,1,1,1,5851.3093,7379847.7,58057.205,2925.6547,55131.55
2006-03-09_912828EW6_post,2006-03-09_912828EW6,post,DGS10,10,2006-03-09,2006-03-16,1,0.0025,5,0.087129071,3.5240898,7.8911589,1,1,1,276.42106,350292.09,2513.0839,138.21053,2374.8734
2006-03-27_912828EZ9_pre,2006-03-27_912828EZ9,pre,DGS2,2,2006-03-20,2006-03-27,-1,0.0025,5,2,3.3467667,1.8889436,1,1,0.84816565,5666.8308,30000000,38912.476,2833.4154,36079.06
2006-03-29_912828FA3_pre,2006-03-29_912828FA3,pre,DGS5,5,2006-03-22,2006-03-29,-1,0.0025,5,2,3.5766032,4.4112901,0.5,1,0,0,0,0,0,0
2006-03-27_912828EZ9_post,2006-03-27_912828EZ9,post,DGS2,2,2006-03-27,2006-04-03,1,0.0025,5,2,3.4400023,1.887348,0.5,1,1,3250.0966,17220442,-44573.535,1625.0483,-46198.583
2006-03-29_912828FA3_post,2006-03-29_912828FA3,post,DGS5,5,2006-03-29,2006-04-05,1,0.0025,5,2,3.7838491,4.3998707,1,1,0.9514907,5622.8402,12779558,634.14585,2811.4201,-2177.2743
2006-04-26_912828FC9_pre,2006-04-26_912828FC9,pre,DGS2,2,2006-04-19,2006-04-26,-1,0.0025,5,1.9128709,3.5800372,1.8841632,1,1,0.94620807,5652.4896,30000000,72122.517,2826.2448,69296.272
2006-04-27_912828FD7_pre,2006-04-27_912828FD7,pre,DGS5,5,2006-04-20,2006-04-27,-1,0.0025,5,2,3.9164653,4.3850908,1,1,0,0,0,0,0,0
2006-04-26_912828FC9_post,2006-04-26_912828FC9,post,DGS2,2,2006-04-26,2006-05-03,1,0.0025,5,1.9128709,3.4683394,1.8812137,1,1,0.9152512,5643.641,30000000,29398.375,2821.8205,26576.555
2006-04-27_912828FD7_post,2006-04-27_912828FD7,post,DGS5,5,2006-04-27,2006-05-04,1,0.0025,5,2,3.9137596,4.3816905,1,1,0,0,0,0,0,0
2006-05-09_912828FE5_pre,2006-05-09_912828FE5,pre,DGS3,3,2006-05-02,2006-05-09,-1,0.0025,5,1.2531848,4.0609411,2.756828,1,1,0,0,0,0,0,0
2006-05-11_912828FF2_pre,2006-05-11_912828FF2,pre,DGS10,10,2006-05-04,2006-05-11,-1,0.0025,5,1.9128709,3.8926267,7.7360003,0.5,1,1,2747.0586,3551006.3,-5740.9412,1373.5293,-7114.4705
2006-05-09_912828FE5_post,2006-05-09_912828FE5,post,DGS3,3,2006-05-09,2006-05-16,1,0.0025,5,1.2531848,4.084247,2.754984,0.5,1,1,1715.2528,6225999.3,1975.4382,857.62642,1117.8118
2006-05-11_912828FF2_post,2006-05-11_912828FF2,post,DGS10,10,2006-05-11,2006-05-18,1,0.0025,5,1.9128709,3.8764463,7.7432878,1,1,1,5517.0497,7124944.7,33865.561,2758.5249,31107.036
2006-05-24_912828FG0_pre,2006-05-24_912828FG0,pre,DGS2,2,2006-05-17,2006-05-24,-1,0.0025,5,1.6454972,3.8245416,1.881667,1,1,0.89481271,4304.3236,22875055,-13720.068,2152.1618,-15872.23
2006-05-25_912828FH8_pre,2006-05-25_912828FH8,pre,DGS5,5,2006-05-18,2006-05-25,-1,0.0025,5,1.9128709,4.226096,4.3805579,1,1,0.61675063,3121.1233,7124944.7,2840.6338,1560.5616,1280.0722
2006-05-24_912828FG0_post,2006-05-24_912828FG0,post,DGS2,2,2006-05-24,2006-06-01,1,0.0025,5,1.6454972,3.7781336,1.8823472,1,1,0.88427439,4305.8797,22875055,-41929.735,2152.9399,-44082.675
2006-05-25_912828FH8_post,2006-05-25_912828FH8,post,DGS5,5,2006-05-25,2006-06-02,1,0.0025,5,1.9128709,4.3039858,4.3794258,1,1,0.62795543,3120.3166,7124944.7,22268.224,1560.1583,20708.066
2006-06-08_912828FF2_pre,2006-06-08_912828FF2,pre,DGS10,10,2006-06-01,2006-06-08,-1,0.0025,5,1.9128709,4.0252031,7.7542378,1,1,1,5313.1598,6851943.3,-59080.381,2656.5799,-61736.961
2006-06-08_912828FF2_post,2006-06-08_912828FF2,post,DGS10,10,2006-06-08,2006-06-15,1,0.0025,5,0.087129071,4.2993561,7.7945811,1,1,1,226.5764,290684.51,-2245.1937,113.2882,-2358.4819
2006-06-27_912828FJ4_pre,2006-06-27_912828FJ4,pre,DGS2,2,2006-06-20,2006-06-27,-1,0.0025,5,1.4082483,3.9544011,1.8766904,1,1,1,3981.5623,21215872,18459.989,1990.7812,16469.208
2006-06-28_912828FK1_pre,2006-06-28_912828FK1,pre,DGS5,5,2006-06-21,2006-06-28,-1,0.0025,5,1.6454972,4.3260804,4.3602457,1,1,0.90064172,3830.0958,8784128.4,33911.591,1915.0479,31996.543
2006-06-27_912828FJ4_post,2006-06-27_912828FJ4,post,DGS2,2,2006-06-27,2006-07-05,1,0.0025,5,1.4082483,3.7646512,1.8755624,0.5,1,1,2091.1226,11149310,602.31432,1045.5613,-443.24698
2006-06-28_912828FK1_post,2006-06-28_912828FK1,post,DGS5,5,2006-06-28,2006-07-06,1,0.0025,5,1.6454972,4.1745462,4.3501419,0.5,1,1,2203.4992,5065350.1,17893.47,1101.7496,16791.721
2006-07-26_912828FM7_pre,2006-07-26_912828FM7,pre,DGS2,2,2006-07-19,2006-07-26,-1,0.0025,5,1,4.0567653,1.8782716,1,1,1,2755.9741,14672926,-16710.729,1377.987,-18088.716
2006-07-27_912828FN5_pre,2006-07-27_912828FN5,pre,DGS5,5,2006-07-20,2006-07-27,-1,0.0025,5,1.4082483,4.4523846,4.3782941,1,1,1,3536.2386,8076750,47.195498,1768.1193,-1720.9238
2006-07-26_912828FM7_post,2006-07-26_912828FM7,post,DGS2,2,2006-07-26,2006-08-02,1,0.0025,5,1,3.9838658,1.8796286,1,1,1,2806.4048,14930635,25185.926,1403.2024,23782.724
2006-07-27_912828FN5_post,2006-07-27_912828FN5,post,DGS5,5,2006-07-27,2006-08-03,1,0.0025,5,1.4082483,4.1579004,4.3782941,1,1,1,3786.6935,8648787.6,30163.012,1893.3468,28269.666
2006-08-07_912828FP0_pre,2006-08-07_912828FP0,pre,DGS3,3,2006-07-31,2006-08-07,-1,0.0025,5,1.3580574,3.9828729,2.7572893,1,1,0.46438666,1770.339,6420577.5,-6926.2456,885.16949,-7811.4151
2006-08-09_912828FQ8_pre,2006-08-09_912828FQ8,pre,DGS10,10,2006-08-02,2006-08-09,-1,0.0025,5,1.9128709,3.8755718,7.8093271,0.5,1,1,2759.1474,3533143.5,-10999.461,1379.5737,-12379.035
2006-08-10_912810FT0_pre,2006-08-10_912810FT0,pre,DGS30,30,2006-08-03,2006-08-10,-1,0.0025,5,1,3.7703871,15.384157,0.5,1,1,1482.6514,963752.14,2938.5511,741.32572,2197.2254
2006-08-07_912828FP0_post,2006-08-07_912828FP0,post,DGS3,3,2006-08-07,2006-08-14,1,0.0025,5,1.3580574,4.0057868,2.7591357,0.5,1,1,1895.2012,6868821.9,-17144.323,947.6006,-18091.924
2006-08-09_912828FQ8_post,2006-08-09_912828FQ8,post,DGS10,10,2006-08-09,2006-08-16,1,0.0025,5,1.9128709,3.8811438,7.8241137,1,1,1,5510.3723,7042807.1,27658.98,2755.1862,24903.794
2006-08-10_912810FT0_post,2006-08-10_912810FT0,post,DGS30,30,2006-08-10,2006-08-17,1,0.0025,5,1,3.6860939,15.349255,1,1,1,3033.1132,1976065.4,18441.972,1516.5566,16925.416
2006-08-29_912828FR6_pre,2006-08-29_912828FR6,pre,DGS2,2,2006-08-22,2006-08-29,-1,0.0025,5,1,4.3689648,1.8839361,1,1,1,2559.0364,13583457,403.50538,1279.5182,-876.01282
2006-08-30_912828FS4_pre,2006-08-30_912828FS4,pre,DGS5,5,2006-08-23,2006-08-30,-1,0.0025,5,1,4.1875522,4.4021511,1,1,1,2669.8986,6064986.4,-13068.049,1334.9493,-14402.998
2006-08-29_912828FR6_post,2006-08-29_912828FR6,post,DGS2,2,2006-08-29,2006-09-06,1,0.0025,5,1,4.0331956,1.8839361,1,1,1,2772.0798,14714299,13368.483,1386.0399,11982.443
2006-08-30_912828FS4_post,2006-08-30_912828FS4,post,DGS5,5,2006-08-30,2006-09-07,1,0.0025,5,1,3.6928699,4.4078597,1,1,1,3027.5477,6868521.1,-6375.1285,1513.7739,-7888.9024
2006-09-12_912828FQ8_pre,2006-09-12_912828FQ8,pre,DGS10,10,2006-09-05,2006-09-12,-1,0.0025,5,1.9128709,3.4218887,7.8761881,1,1,1,6249.9249,7935215.4,108.17898,3124.9624,-3016.7835
2006-09-12_912828FQ8_post,2006-09-12_912828FQ8,post,DGS10,10,2006-09-12,2006-09-19,1,0.0025,5,0.087129071,3.2599262,7.8761881,1,1,1,298.82046,379397.31,1194.6354,149.41023,1045.2252
2006-09-27_912828FT2_pre,2006-09-27_912828FT2,pre,DGS2,2,2006-09-20,2006-09-27,-1,0.0025,5,1,3.9221233,1.8852996,1,1,1,2850.5835,15120056,-42303.318,1425.2918,-43728.61
2006-09-28_912828FU9_pre,2006-09-28_912828FU9,pre,DGS5,5,2006-09-21,2006-09-28,-1,0.0025,5,1,3.6100926,4.4216051,1,1,1,3096.9676,7004170.6,-8926.959,1548.4838,-10475.443
2006-09-27_912828FT2_post,2006-09-27_912828FT2,post,DGS2,2,2006-09-27,2006-10-04,1,0.0025,5,0,4.0033884,1.8887155,1,1,1,0,0,0,0,0
2006-09-28_912828FU9_post,2006-09-28_912828FU9,post,DGS5,5,2006-09-28,2006-10-05,1,0.0025,5,1,3.7065753,4.4250514,1,1,1,3016.3531,6816538,5716.3432,1508.1765,4208.1667
2006-10-24_912828FV7_pre,2006-10-24_912828FV7,pre,DGS2,2,2006-10-17,2006-10-24,-1,0.0025,5,0,4.0872891,1.8848449,1,1,1,0,0,0,0,0
2006-10-26_912828FW5_pre,2006-10-26_912828FW5,pre,DGS5,5,2006-10-19,2006-10-26,-1,0.0025,5,1,3.7655516,4.4044332,0.5,1,1,1484.5554,3370593.6,-8764.1804,742.27771,-9506.4581
2006-10-24_912828FV7_post,2006-10-24_912828FV7,post,DGS2,2,2006-10-24,2006-10-31,1,0.0025,5,0,4.0634446,1.8830279,0.5,1,1,0,0,0,0,0
2006-10-26_912828FW5_post,2006-10-26_912828FW5,post,DGS5,5,2006-10-26,2006-11-02,1,0.0025,5,1,3.7771241,4.4112901,1,1,1,2960.0139,6710086.7,41019.885,1480.0069,39539.878
2006-11-08_912828FX3_pre,2006-11-08_912828FX3,pre,DGS3,3,2006-11-01,2006-11-08,-1,0.0025,5,0.32265113,4.0008474,2.7744415,1,1,1,901.6463,3249829.9,8281.7688,450.82315,7830.9457
2006-11-09_912828FY1_pre,2006-11-09_912828FY1,pre,DGS10,10,2006-11-02,2006-11-09,-1,0.0025,5,1.9128709,3.3909151,7.943883,1,1,1,6307.0135,7939459.2,12843.216,3153.5067,9689.7097
2006-11-08_912828FX3_post,2006-11-08_912828FX3,post,DGS3,3,2006-11-08,2006-11-15,1,0.0025,5,0.32265113,4.469103,2.7702543,1,1,1,807.17524,2913722.6,-3427.0415,403.58762,-3830.6291
2006-11-09_912828FY1_post,2006-11-09_912828FY1,post,DGS10,10,2006-11-09,2006-11-16,1,0.0025,5,1.9128709,3.7606346,7.9363198,1,1,1,5686.9516,7165728.9,-23197.009,2843.4758,-26040.485
2006-11-28_912828FZ8_pre,2006-11-28_912828FZ8,pre,DGS2,2,2006-11-20,2006-11-28,-1,0.0025,5,0,4.5454081,1.8864372,1,1,1,0,0,0,0,0
2006-11-29_912828GA2_pre,2006-11-29_912828GA2,pre,DGS5,5,2006-11-21,2006-11-29,-1,0.0025,5,1,4.4504808,4.4239022,1,1,1,2512.1645,5678616.7,-17076.737,1256.0822,-18332.82
2006-11-28_912828FZ8_post,2006-11-28_912828FZ8,post,DGS2,2,2006-11-28,2006-12-05,1,0.0025,5,0,4.5091245,1.8884875,1,1,1,0,0,0,0,0
2006-11-29_912828GA2_post,2006-11-29_912828GA2,post,DGS5,5,2006-11-29,2006-12-06,1,0.0025,5,1,4.4328002,4.4319559,1,1,1,2522.1845,5690906.1,17122.07,1261.0922,15860.978
2006-12-13_912828FY1_pre,2006-12-13_912828FY1,pre,DGS10,10,2006-12-06,2006-12-13,-1,0.0025,5,1.9128709,3.8064397,7.9894824,0.5,1,1,2809.2586,3516196.1,28164.881,1404.6293,26760.251
2006-12-13_912828FY1_post,2006-12-13_912828FY1,post,DGS10,10,2006-12-13,2006-12-20,1,0.0025,5,0.087129071,3.9637838,7.9514567,1,1,1,245.75826,309073.26,-506.86635,122.87913,-629.74548
2006-12-27_912828GB0_pre,2006-12-27_912828GB0,pre,DGS2,2,2006-12-19,2006-12-27,-1,0.0025,5,0.087129071,4.8537946,1.8875758,1,1,1,200.69507,1063242.4,1248.6095,100.34753,1148.2619
2006-12-28_912828GC8_pre,2006-12-28_912828GC8,pre,DGS5,5,2006-12-20,2006-12-28,-1,0.0025,5,1,4.4871442,4.4250514,1,1,1,2491.6382,5630755.4,30196.16,1245.8191,28950.341
2006-12-27_912828GB0_post,2006-12-27_912828GB0,post,DGS2,2,2006-12-27,2007-01-04,1,0.0025,5,0.087129071,4.8272707,1.8862096,1,1,1,201.7978,1069858.9,1175.0183,100.8989,1074.1194
2006-12-28_912828GC8_post,2006-12-28_912828GC8,post,DGS5,5,2006-12-28,2007-01-05,1,0.0025,5,0,4.6223175,4.4112901,1,1,1,0,0,0,0,0
2007-01-24_912828GE4_pre,2007-01-24_912828GE4,pre,DGS2,2,2007-01-17,2007-01-24,-1,0.0025,5,0.35450278,4.6376925,1.8830279,1,1,1,854.61929,4538537.6,1832.8726,427.30965,1405.563
2007-01-25_912828GF1_pre,2007-01-25_912828GF1,pre,DGS5,5,2007-01-18,2007-01-25,-1,0.0025,5,0,4.4395182,4.4044332,1,1,1,0,0,0,0,0
2007-01-24_912828GE4_post,2007-01-24_912828GE4,post,DGS2,2,2007-01-24,2007-01-31,1,0.0025,5,0.35450278,4.7001623,1.8825741,0.5,1,1,421.63029,2239647.8,-456.30432,210.81514,-667.11946
2007-01-25_912828GF1_post,2007-01-25_912828GF1,post,DGS5,5,2007-01-25,2007-02-01,1,0.0025,5,0,4.3288547,4.39304,0.5,1,1,0,0,0,0,0
2007-02-06_912828GG9_pre,2007-02-06_912828GG9,pre,DGS3,3,2007-01-30,2007-02-06,-1,0.0025,5,0.55719256,4.473999,2.758674,0.5,1,1,696.20067,2523678.7,-6867.7028,348.10034,-7215.8031
2007-02-07_912828GH7_pre,2007-02-07_912828GH7,pre,DGS10,10,2007-01-31,2007-02-07,-1,0.0025,5,1.9128709,3.788885,7.8575325,1,1,1,5644.549,7183615.2,-50599.953,2822.2745,-53422.228
2007-02-08_912810PT9_pre,2007-02-08_912810PT9,pre,DGS30,30,2007-02-01,2007-02-08,-1,0.0025,5,1,3.4730195,15.578317,1,1,1,3219.1987,2066461.2,-38917.242,1609.5994,-40526.841
2007-02-06_912828GG9_post,2007-02-06_912828GG9,post,DGS3,3,2007-02-06,2007-02-13,1,0.0025,5,0,4.0614976,2.7632971,1,1,1,0,0,0,0,0
2007-02-07_912828GH7_post,2007-02-07_912828GH7,post,DGS10,10,2007-02-07,2007-02-14,1,0.0025,5,1.9128709,3.5034688,7.8911589,1,1,1,6104.392,7735735.8,-291.21417,3052.196,-3343.4102
2007-02-08_912810PT9_post,2007-02-08_912810PT9,post,DGS30,30,2007-02-08,2007-02-15,1,0.0025,5,1,3.2785469,15.794449,1,1,1,3410.1509,2159081.9,91.732818,1705.0755,-1613.3426
2007-02-21_912828GJ3_pre,2007-02-21_912828GJ3,pre,DGS2,2,2007-02-13,2007-02-21,-1,0.0025,5,0.59175171,4.0574964,1.8821204,1,1,1,1630.5585,8663412.2,-20715.658,815.27925,-21530.937
2007-02-22_912828GK0_pre,2007-02-22_912828GK0,pre,DGS5,5,2007-02-14,2007-02-22,-1,0.0025,5,0,3.6522186,4.4078597,1,1,1,0,0,0,0,0
2007-02-21_912828GJ3_post,2007-02-21_912828GJ3,post,DGS2,2,2007-02-21,2007-02-28,1,0.0025,5,0,3.9475373,1.8850723,1,1,1,0,0,0,0,0
2007-02-22_912828GK0_post,2007-02-22_912828GK0,post,DGS5,5,2007-02-22,2007-03-01,1,0.0025,5,0,3.7074897,4.4078597,1,1,1,0,0,0,0,0
2007-03-13_912828GH7_pre,2007-03-13_912828GH7,pre,DGS10,10,2007-03-06,2007-03-13,-1,0.0025,5,1.9128709,4.0743098,7.9704367,1,1,1,5249.1215,6585739,-15313.93,2624.5608,-17938.491
2007-03-13_912828GH7_post,2007-03-13_912828GH7,post,DGS10,10,2007-03-13,2007-03-20,1,0.0025,5,0.087129071,4.080095,7.9818562,1,1,1,238.75244,299118.94,-1452.6859,119.37622,-1572.0621
2007-03-28_912828GL8_pre,2007-03-28_912828GL8,pre,DGS2,2,2007-03-21,2007-03-28,-1,0.0025,5,0,4.5936274,1.8921414,1,1,1,0,0,0,0,0
2007-03-29_912828GM6_pre,2007-03-29_912828GM6,pre,DGS5,5,2007-03-22,2007-03-29,-1,0.0025,5,0.087129071,4.3601625,4.4342609,1,1,1,223.41659,503841.77,938.58219,111.70829,826.8739
2007-03-28_912828GL8_post,2007-03-28_912828GL8,post,DGS2,2,2007-03-28,2007-04-04,1,0.0025,5,0,4.6585078,1.891684,1,1,1,0,0,0,0,0
2007-03-29_912828GM6_post,2007-03-29_912828GM6,post,DGS5,5,2007-03-29,2007-04-05,1,0.0025,5,0.087129071,4.2572636,4.4296526,1,1,1,228.81661,516556.55,-955.12277,114.4083,-1069.5311
2007-04-25_912828GP9_pre,2007-04-25_912828GP9,pre,DGS2,2,2007-04-18,2007-04-25,-1,0.0025,5,0,4.8645785,1.8891717,1,1,1,0,0,0,0,0
2007-04-26_912828GQ7_pre,2007-04-26_912828GQ7,pre,DGS5,5,2007-04-19,2007-04-26,-1,0.0025,5,0.35450278,4.3580888,4.4250514,1,1,1,909.44947,2055229.2,1947.3961,454.72473,1492.6714
2007-04-25_912828GP9_post,2007-04-25_912828GP9,post,DGS2,2,2007-04-25,2007-05-02,1,0.0025,5,0,4.8310144,1.8893999,1,1,1,0,0,0,0,0
2007-04-26_912828GQ7_post,2007-04-26_912828GQ7,post,DGS5,5,2007-04-26,2007-05-03,1,0.0025,5,0.35450278,4.3549764,4.4227534,1,1,1,910.09943,2057766.6,-107.19851,455.04972,-562.24823
2007-05-07_912828GR5_pre,2007-05-07_912828GR5,pre,DGS3,3,2007-04-30,2007-05-07,-1,0.0025,5,0,4.6520453,2.7753733,1,1,1,0,0,0,0,0
2007-05-08_912828GS3_pre,2007-05-08_912828GS3,pre,DGS10,10,2007-05-01,2007-05-08,-1,0.0025,5,0.087129071,3.8649519,7.928767,1,1,1,252.04263,317883.76,-243.19404,126.02131,-369.21535
2007-05-10_912810PT9_pre,2007-05-10_912810PT9,pre,DGS30,30,2007-05-03,2007-05-10,-1,0.0025,5,1,3.5237291,15.739987,0.5,1,1,1586.4358,1007901.6,-1610.6925,793.2179,-2403.9104
2007-05-07_912828GR5_post,2007-05-07_912828GR5,post,DGS3,3,2007-05-07,2007-05-14,1,0.0025,5,0,4.7596468,2.7735102,0.5,1,1,0,0,0,0,0
2007-05-08_912828GS3_post,2007-05-08_912828GS3,post,DGS10,10,2007-05-08,2007-05-15,1,0.0025,5,1.9128709,3.7715483,7.9325421,0.5,1,1,2835.2477,3574198.1,-22695.434,1417.6239,-24113.058
2007-05-10_912810PT9_post,2007-05-10_912810PT9,post,DGS30,30,2007-05-10,2007-05-17,1,0.0025,5,1,3.4350717,15.758109,1,1,1,3254.7617,2065452,-25848.555,1627.3809,-27475.935
2007-05-29_912828GT1_pre,2007-05-29_912828GT1,pre,DGS2,2,2007-05-21,2007-05-29,-1,0.0025,5,0.087129071,4.9300187,1.8852996,1,1,1,197.59207,1048067.2,1372.6905,98.796037,1273.8944
2007-05-30_912828GU8_pre,2007-05-30_912828GU8,pre,DGS5,5,2007-05-22,2007-05-30,-1,0.0025,5,0.59175171,4.3795557,4.4032919,1,1,1,1510.6521,3430733.6,10569.233,755.32607,9813.9073
2007-05-29_912828GT1_post,2007-05-29_912828GT1,post,DGS2,2,2007-05-29,2007-06-05,1,0.0025,5,0.087129071,4.0983323,1.883709,1,1,1,237.69,1261819.2,-2559.6914,118.845,-2678.5364
2007-05-30_912828GU8_post,2007-05-30_912828GU8,post,DGS5,5,2007-05-30,2007-06-06,1,0.0025,5,0.59175171,3.7646512,4.3953152,1,1,1,1757.3966,3998340.3,-19143.453,878.6983,-20022.152
2007-06-12_912828GS3_pre,2007-06-12_912828GS3,pre,DGS10,10,2007-06-05,2007-06-12,-1,0.0025,5,1.9128709,2.9651459,7.8019491,1,1,1,7212.6457,9244671.6,199347.5,3606.3229,195741.18
2007-06-12_912828GS3_post,2007-06-12_912828GS3,post,DGS10,10,2007-06-12,2007-06-19,1,0.0025,5,0.087129071,3.3216887,7.6997121,1,1,1,293.26427,380876.94,5059.5363,146.63214,4912.9041
2007-06-26_912828GV6_pre,2007-06-26_912828GV6,pre,DGS2,2,2007-06-19,2007-06-26,-1,0.0025,5,0.35450278,3.5294964,1.8823472,1,1,1,1122.9538,5965710.4,-4796.0757,561.47692,-5357.5527
2007-06-27_912828GW4_pre,2007-06-27_912828GW4,pre,DGS5,5,2007-06-20,2007-06-27,-1,0.0025,5,1,3.9679507,4.3703843,1,1,1,2817.661,6447169.9,-22977.468,1408.8305,-24386.298
2007-06-26_912828GV6_post,2007-06-26_912828GV6,post,DGS2,2,2007-06-26,2007-07-03,1,0.0025,5,0.35450278,3.6799579,1.8832549,0.5,1,1,538.51995,2859517.1,619.57482,269.25997,350.31485
2007-06-27_912828GW4_post,2007-06-27_912828GW4,post,DGS5,5,2007-06-27,2007-07-05,1,0.0025,5,1,4.1112702,4.3794258,0.5,1,1,1359.7185,3104787.1,-10700.256,679.85923,-11380.116
2007-07-25_912828GY0_pre,2007-07-25_912828GY0,pre,DGS2,2,2007-07-18,2007-07-25,-1,0.0025,5,0.59175171,4.1227973,1.8846176,1,1,1,1604.7321,8514894.9,-15896.823,802.36606,-16699.19
2007-07-26_912828GZ7_pre,2007-07-26_912828GZ7,pre,DGS5,5,2007-07-19,2007-07-26,-1,0.0025,5,1,4.9512881,4.3828235,1,1,1,2258.0669,5152082.7,-74885.614,1129.0335,-76014.647
2007-07-25_912828GY0_post,2007-07-25_912828GY0,post,DGS2,2,2007-07-25,2007-08-01,1,0.0025,5,0.59175171,4.2870189,1.8868925,1,1,1,1543.2601,8178845,27445.018,771.63005,26673.388
2007-07-26_912828GZ7_post,2007-07-26_912828GZ7,post,DGS5,5,2007-07-26,2007-08-02,1,0.0025,5,1,4.9625433,4.4204572,1,1,1,2252.9456,5096634.6,-2433.4484,1126.4728,-3559.9211
2007-08-08_912828HA1_pre,2007-08-08_912828HA1,pre,DGS10,10,2007-08-01,2007-08-08,-1,0.0025,5,1.9128709,5.1258457,7.8836684,0.5,1,1,2086.1482,2646164.3,16629.123,1043.0741,15586.049
2007-08-09_912810PU6_pre,2007-08-09_912810PU6,pre,DGS30,30,2007-08-02,2007-08-09,-1,0.0025,5,1,4.5825449,15.614023,0.5,1,1,1219.8833,781274.18,13242.785,609.94165,12632.844
2007-08-08_912828HA1_post,2007-08-08_912828HA1,post,DGS10,10,2007-08-08,2007-08-15,1,0.0025,5,1.9128709,5.195065,7.8538091,1,1,1,4116.7044,5241666,62210.672,2058.3522,60152.32
2007-08-09_912810PU6_post,2007-08-09_912810PU6,post,DGS30,30,2007-08-09,2007-08-16,1,0.0025,5,1,4.7536783,15.419181,1,1,1,2351.9345,1525330.3,23897.884,1175.9672,22721.917
2007-08-29_912828HB9_pre,2007-08-29_912828HB9,pre,DGS2,2,2007-08-22,2007-08-29,-1,0.0025,5,1,6.4273427,1.9004043,1,1,1,1739.4965,9153296.7,-1969.6342,869.74823,-2839.3824
2007-08-30_912828HC7_pre,2007-08-30_912828HC7,pre,DGS5,5,2007-08-23,2007-08-30,-1,0.0025,5,1,6.5375059,4.449287,1,1,1,1710.1843,3843726.7,-25917.535,855.09215,-26772.627
2007-08-29_912828HB9_post,2007-08-29_912828HB9,post,DGS2,2,2007-08-29,2007-09-06,1,0.0025,5,1,6.9335832,1.9006347,1,1,1,1612.4909,8483960.3,9860.0295,806.24545,9053.7841
2007-08-30_912828HC7_post,2007-08-30_912828HC7,post,DGS5,5,2007-08-30,2007-09-07,1,0.0025,5,1,6.7630393,4.4667184,1,1,1,1653.1532,3701046.3,30040.999,826.57659,29214.423
2007-09-13_912828HA1_pre,2007-09-13_912828HA1,pre,DGS10,10,2007-09-06,2007-09-13,-1,0.0025,5,1.9128709,5.3256654,7.9780471,1,1,1,4015.7512,5033501.5,-8647.8602,2007.8756,-10655.736
2007-09-13_912828HA1_post,2007-09-13_912828HA1,post,DGS10,10,2007-09-13,2007-09-20,1,0.0025,5,0.087129071,5.2637767,7.985668,0.5,1,1,92.531721,115872.24,-1823.9648,46.265861,-1870.2307
2007-09-26_912828HD5_pre,2007-09-26_912828HD5,pre,DGS2,2,2007-09-19,2007-09-26,-1,0.0025,5,1,7.6345927,1.9038643,1,1,1,1464.4317,7691891.2,-4851.0673,732.21587,-5583.2832
2007-09-27_912828HE3_pre,2007-09-27_912828HE3,pre,DGS5,5,2007-09-20,2007-09-27,-1,0.0025,5,1,7.099992,4.4504459,1,1,1,1574.6975,3538291.6,-20906.473,787.34876,-21693.821
2007-09-26_912828HD5_post,2007-09-26_912828HD5,post,DGS2,2,2007-09-26,2007-10-03,1,0.0025,5,1,7.6522402,1.9045576,1,1,1,1461.0545,7671359,-6964.055,730.52725,-7694.5822
2007-09-27_912828HE3_post,2007-09-27_912828HE3,post,DGS5,5,2007-09-27,2007-10-04,1,0.0025,5,1,7.291567,4.4655532,1,1,1,1533.3247,3433672.5,287.06536,766.66236,-479.597
2007-10-24_912828HF0_pre,2007-10-24_912828HF0,pre,DGS2,2,2007-10-17,2007-10-24,-1,0.0025,5,1,7.6492864,1.9038643,1,1,1,1461.6187,7677115.7,-38087.506,730.80934,-38818.315
2007-10-25_912828HG8_pre,2007-10-25_912828HG8,pre,DGS5,5,2007-10-18,2007-10-25,-1,0.0025,5,1,7.0970671,4.4713839,1,1,1,1575.3465,3523174.4,-25472.123,787.67325,-26259.797
2007-10-24_912828HF0_post,2007-10-24_912828HF0,post,DGS2,2,2007-10-24,2007-10-31,1,0.0025,5,2,7.6946493,1.9098858,0.5,1,1,1453.0019,7607794.6,-29127.971,726.50094,-29854.472
2007-10-25_912828HG8_post,2007-10-25_912828HG8,post,DGS5,5,2007-10-25,2007-11-01,1,0.0025,5,1,6.9752387,4.4901178,0.5,1,1,801.43063,1784876.6,-715.90505,400.71532,-1116.6204
2007-11-07_912828HH6_pre,2007-11-07_912828HH6,pre,DGS10,10,2007-10-31,2007-11-07,-1,0.0025,5,1.9128709,5.1568341,7.9894824,1,1,1,4147.2242,5190854.7,-59140.499,2073.6121,-61214.111
2007-11-08_912810PU6_pre,2007-11-08_912810PU6,pre,DGS30,30,2007-11-01,2007-11-08,-1,0.0025,5,1,4.583038,16.108576,1,1,1,2439.5041,1514413.2,6977.1946,1219.752,5757.4426
2007-11-07_912828HH6_post,2007-11-07_912828HH6,post,DGS10,10,2007-11-07,2007-11-15,1,0.0025,5,1.9128709,5.3807304,8.043162,1,1,1,3974.655,4941657.3,69044.453,1987.3275,67057.125
2007-11-08_912810PU6_post,2007-11-08_912810PU6,post,DGS30,30,2007-11-08,2007-11-16,1,0.0025,5,1,4.6042231,16.052453,1,1,1,2428.2794,1512715.5,37303.039,1214.1397,36088.899
2007-11-28_912828HJ2_pre,2007-11-28_912828HJ2,pre,DGS2,2,2007-11-20,2007-11-28,-1,0.0025,5,2,8.0297997,1.9238988,1,1,1,2784.712,14474316,8552.0601,1392.356,7159.7041
2007-11-29_912828HK9_pre,2007-11-29_912828HK9,pre,DGS5,5,2007-11-21,2007-11-29,-1,0.0025,5,1,7.0523466,4.5626138,1,1,1,1585.3361,3474622.7,2807.8045,792.66806,2015.1364
2007-11-28_912828HJ2_post,2007-11-28_912828HJ2,post,DGS2,2,2007-11-28,2007-12-05,1,0.0025,5,2,8.343254,1.9231943,1,1,1,2680.091,13935623,72287.485,1340.0455,70947.439
2007-11-29_912828HK9_post,2007-11-29_912828HK9,post,DGS5,5,2007-11-29,2007-12-06,1,0.0025,5,1,7.6678763,4.5602096,1,1,1,1458.0751,3197386.2,4598.8969,729.03757,3869.8593
2007-12-13_912828HH6_pre,2007-12-13_912828HH6,pre,DGS10,10,2007-12-06,2007-12-13,-1,0.0025,5,1.9128709,5.9840655,8.1678324,0.5,1,1,1786.958,2187799.5,27760.414,893.47899,26866.935
2007-12-13_912828HH6_post,2007-12-13_912828HH6,post,DGS10,10,2007-12-13,2007-12-20,1,0.0025,5,0.087129071,6.5827201,8.105151,1,1,1,147.9833,182579.32,2128.2805,73.991649,2054.2888
2007-12-26_912828HL7_pre,2007-12-26_912828HL7,pre,DGS2,2,2007-12-18,2007-12-26,-1,0.0025,5,2,9.3244106,1.9227248,1,1,1,2398.0797,12472298,28189.212,1199.0399,26990.172
2007-12-27_912828HM5_pre,2007-12-27_912828HM5,pre,DGS5,5,2007-12-19,2007-12-27,-1,0.0025,5,1,8.1759604,4.5554068,1,1,1,1367.465,3001850.5,24125.136,683.73252,23441.404
2007-12-26_912828HL7_post,2007-12-26_912828HL7,post,DGS2,2,2007-12-26,2008-01-03,1,0.0025,5,2,9.3828037,1.9199117,1,1,1,2383.1554,12412839,114324.9,1191.5777,113133.32
2007-12-27_912828HM5_post,2007-12-27_912828HM5,post,DGS5,5,2007-12-27,2008-01-04,1,0.0025,5,1,8.5015785,4.5338862,1,1,1,1315.0899,2900579.8,61073.657,657.54495,60416.112
2008-01-28_912828HP8_pre,2008-01-28_912828HP8,pre,DGS2,2,2008-01-18,2008-01-28,-1,0.0025,5,2,9.3805906,1.9423642,1,1,1,2383.7177,12272249,-37232.457,1191.8588,-38424.316
2008-01-29_912828HQ6_pre,2008-01-29_912828HQ6,pre,DGS5,5,2008-01-22,2008-01-29,-1,0.0025,5,1,8.6160407,4.6553736,1,1,1,1297.6192,2787357.8,29393.164,648.8096,28744.355
2008-01-28_912828HP8_post,2008-01-28_912828HP8,post,DGS2,2,2008-01-28,2008-02-04,1,0.0025,5,2,10.180351,1.9461871,0.5,1,1,1098.2273,5642968.9,13246.207,549.11367,12697.093
2008-01-29_912828HQ6_post,2008-01-29_912828HQ6,post,DGS5,5,2008-01-29,2008-02-05,1,0.0025,5,2,9.4310462,4.627011,0.5,1,1,1185.4825,2562091.3,25370.395,592.74123,24777.654
2008-02-06_912828HR4_pre,2008-02-06_912828HR4,pre,DGS10,10,2008-01-30,2008-02-06,-1,0.0025,5,1.9128709,7.8836705,8.2631727,1,1,1,2712.7652,3282958.4,-47424.698,1356.3826,-48781.08
2008-02-07_912810PW2_pre,2008-02-07_912810PW2,pre,DGS30,30,2008-01-31,2008-02-07,-1,0.0025,5,1.0984374,6.6600249,16.666834,1,1,1,1843.9726,1106372.5,28471.163,921.9863,27549.177
2008-02-06_912828HR4_post,2008-02-06_912828HR4,post,DGS10,10,2008-02-06,2008-02-13,1,0.0025,5,1.9128709,7.9256966,8.3316779,1,1,1,2698.3808,3238700.3,-23133.018,1349.1904,-24482.208
2008-02-07_912810PW2_post,2008-02-07_912810PW2,post,DGS30,30,2008-02-07,2008-02-14,1,0.0025,5,1.0984374,6.6904941,16.355263,1,1,1,1835.575,1122314.5,-28241.714,917.78748,-29159.501
2008-02-27_912828HS2_pre,2008-02-27_912828HS2,pre,DGS2,2,2008-02-20,2008-02-27,-1,0.0025,5,2,9.5683093,1.9476238,1,1,1,2336.952,11998991,-30250.011,1168.476,-31418.487
2008-02-28_912828HT0_pre,2008-02-28_912828HT0,pre,DGS5,5,2008-02-21,2008-02-28,-1,0.0025,5,2,9.7476058,4.6356162,1,1,1,2293.9664,4948568.4,-16974.482,1146.9832,-18121.465
2008-02-27_912828HS2_post,2008-02-27_912828HS2,post,DGS2,2,2008-02-27,2008-03-05,1,0.0025,5,2,9.371959,1.9507425,1,1,1,2385.9131,12230794,83489.874,1192.9565,82296.917
2008-02-28_912828HT0_post,2008-02-28_912828HT0,post,DGS5,5,2008-02-28,2008-03-06,1,0.0025,5,2,9.7460842,4.6442448,1,1,1,2294.3245,4940145.4,53868.285,1147.1622,52721.123
2008-03-13_912828HR4_pre,2008-03-13_912828HR4,pre,DGS10,10,2008-03-06,2008-03-13,-1,0.0025,5,1.9128709,8.7768313,8.3276256,1,1,1,2436.7048,2926049.9,-16110.702,1218.3524,-17329.055
2008-03-13_912828HR4_post,2008-03-13_912828HR4,post,DGS10,10,2008-03-13,2008-03-20,1,0.0025,5,0.81742581,8.6196956,8.3519819,0.5,1,1,530.12884,634734.18,12079.313,265.06442,11814.249
2008-03-26_912828HU7_pre,2008-03-26_912828HU7,pre,DGS2,2,2008-03-18,2008-03-26,-1,0.0025,5,2,9.5169192,1.9611156,1,1,1,2349.5712,11980789,27979.259,1174.7856,26804.473
2008-03-27_912828HV5_pre,2008-03-27_912828HV5,pre,DGS5,5,2008-03-19,2008-03-27,-1,0.0025,5,2,10.640292,4.6902479,1,1,1,2101.5099,4480594.6,50455.641,1050.755,49404.886
2008-03-26_912828HU7_post,2008-03-26_912828HU7,post,DGS2,2,2008-03-26,2008-04-02,1,0.0025,5,2,10.504989,1.9579702,1,1,1,2128.5771,10871346,-35294.236,1064.2885,-36358.525
2008-03-27_912828HV5_post,2008-03-27_912828HV5,post,DGS5,5,2008-03-27,2008-04-03,1,0.0025,5,2,11.043046,4.6590919,1,1,1,2024.8652,4346051.2,-27130.72,1012.4326,-28143.152
2008-04-23_912828HX1_pre,2008-04-23_912828HX1,pre,DGS2,2,2008-04-16,2008-04-23,-1,0.0025,5,2,10.86902,1.9514634,1,1,1,2057.2858,10542272,47413.237,1028.6429,46384.594
2008-04-24_912828HY9_pre,2008-04-24_912828HY9,pre,DGS5,5,2008-04-17,2008-04-24,-1,0.0025,5,2,11.591737,4.6233303,1,1,1,1929.0189,4172358,46647.425,964.50947,45682.916
2008-04-23_912828HX1_post,2008-04-23_912828HX1,post,DGS2,2,2008-04-23,2008-04-30,1,0.0025,5,2,10.41103,1.9457086,0.5,1,1,1073.8937,5519293.7,-6393.1257,536.94686,-6930.0726
2008-04-24_912828HY9_post,2008-04-24_912828HY9,post,DGS5,5,2008-04-24,2008-05-01,1,0.0025,5,2,10.950273,4.5928244,0.5,1,1,1021.0102,2223055.1,9965.0521,510.50508,9454.547
2008-05-07_912828HZ6_pre,2008-05-07_912828HZ6,pre,DGS10,10,2008-04-30,2008-05-07,-1,0.0025,5,2,8.7741756,8.26718,1,1,1,2548.465,3082629.2,23918.432,1274.2325,22644.199
2008-05-08_912810PW2_pre,2008-05-08_912810PW2,pre,DGS30,30,2008-05-01,2008-05-08,-1,0.0025,5,0.1773617,7.3341551,16.393724,1,1,1,270.37389,164925.24,138.60084,135.18694,3.4138951
2008-05-07_912828HZ6_post,2008-05-07_912828HZ6,post,DGS10,10,2008-05-07,2008-05-14,1,0.0025,5,2,8.630831,8.2272331,1,1,1,2590.7911,3149043,-11537.44,1295.3955,-12832.836
2008-05-08_912810PW2_post,2008-05-08_912810PW2,post,DGS30,30,2008-05-08,2008-05-15,1,0.0025,5,0.1773617,7.1109051,16.374476,1,1,1,278.86239,170303.09,-1553.3056,139.4312,-1692.7368
2008-05-28_912828JA9_pre,2008-05-28_912828JA9,pre,DGS2,2,2008-05-20,2008-05-28,-1,0.0025,5,2,10.41815,1.9428414,1,1,1,2146.3196,11047323,58272.823,1073.1598,57199.663
2008-05-29_912828JB7_pre,2008-05-29_912828JB7,pre,DGS5,5,2008-05-21,2008-05-29,-1,0.0025,5,2,10.310217,4.6001187,1,1,1,2168.7886,4714636.1,67504.675,1084.3943,66420.28
2008-05-28_912828JA9_post,2008-05-28_912828JA9,post,DGS2,2,2008-05-28,2008-06-04,1,0.0025,5,2,9.9362374,1.9361776,1,1,1,2250.4172,11622990,35346.783,1125.2086,34221.575
2008-05-29_912828JB7_post,2008-05-29_912828JB7,post,DGS5,5,2008-05-29,2008-06-05,1,0.0025,5,2,9.9872235,4.5614115,1,1,1,2238.9285,4908411.7,17129.836,1119.4643,16010.372
2008-06-12_912828HZ6_pre,2008-06-12_912828HZ6,pre,DGS10,10,2008-06-05,2008-06-12,-1,0.0025,5,2,7.6345927,8.1520966,1,1,1,2928.8635,3592773.3,47783.775,1464.4317,46319.343
2008-06-12_912828HZ6_post,2008-06-12_912828HZ6,post,DGS10,10,2008-06-12,2008-06-19,1,0.0025,5,0.94305668,7.2856177,8.0857055,1,1,1,1447.1929,1789816.5,2252.4412,723.59644,1528.8448
2008-06-24_912828JC5_pre,2008-06-24_912828JC5,pre,DGS2,2,2008-06-17,2008-06-24,-1,0.0025,5,2,10.050873,1.9286066,1,1,1,2224.7499,11535530,-17967.606,1112.375,-19079.981
2008-06-26_912828JD3_pre,2008-06-26_912828JD3,pre,DGS5,5,2008-06-19,2008-06-26,-1,0.0025,5,2,9.1414496,4.530314,0.5,1,1,1223.038,2699675.9,-29174.727,611.51898,-29786.246
2008-06-24_912828JC5_post,2008-06-24_912828JC5,post,DGS2,2,2008-06-24,2008-07-01,1,0.0025,5,2,9.8039972,1.9302587,0.5,1,1,1140.3859,5907943.2,28476.765,570.19293,27906.572
2008-06-26_912828JD3_post,2008-06-26_912828JD3,post,DGS5,5,2008-06-26,2008-07-03,1,0.0025,5,2,9.0488161,4.5578073,1,1,1,2471.1166,5421722.5,41285.14,1235.5583,40049.581
2008-07-23_912828JF8_pre,2008-07-23_912828JF8,pre,DGS2,2,2008-07-16,2008-07-23,-1,0.0025,5,1.7905694,9.6316334,1.9404572,1,1,1,2078.4818,10711299,74173.914,1039.2409,73134.673
2008-07-24_912828JG6_pre,2008-07-24_912828JG6,pre,DGS5,5,2008-07-17,2008-07-24,-1,0.0025,5,2,8.9201575,4.5686324,1,1,1,2506.7584,5486890.1,2879.8816,1253.3792,1626.5024
2008-07-23_912828JF8_post,2008-07-23_912828JF8,post,DGS2,2,2008-07-23,2008-07-30,1,0.0025,5,2,9.5872444,1.9316766,1,1,1,2332.3365,12074156,41956.279,1166.1682,40790.111
2008-07-24_912828JG6_post,2008-07-24_912828JG6,post,DGS5,5,2008-07-24,2008-07-31,1,0.0025,5,2,8.8874157,4.5662236,1,1,1,2515.9935,5510009.3,32091.405,1257.9967,30833.408
2008-08-06_912828JH4_pre,2008-08-06_912828JH4,pre,DGS10,10,2008-07-30,2008-08-06,-1,0.0025,5,2,6.6579038,8.1481695,0.5,1,1,1679.2582,2060902.4,-2631.4551,839.62912,-3471.0843
2008-08-07_912810PX0_pre,2008-08-07_912810PX0,pre,DGS30,30,2008-07-31,2008-08-07,-1,0.0025,5,2,5.2648499,16.202782,0.5,1,1,2123.5819,1310628,-7354.5276,1061.791,-8416.3186
2008-08-06_912828JH4_post,2008-08-06_912828JH4,post,DGS10,10,2008-08-06,2008-08-13,1,0.0025,5,2,6.6241085,8.1520966,1,1,1,3375.6512,4140838.1,42627.609,1687.8256,40939.783
2008-08-07_912810PX0_post,2008-08-07_912810PX0,post,DGS30,30,2008-08-07,2008-08-14,1,0.0025,5,2,5.1044182,16.259708,1,1,1,4380.652,2694176.3,19262.157,2190.326,17071.831
2008-08-27_912828JJ0_pre,2008-08-27_912828JJ0,pre,DGS2,2,2008-08-20,2008-08-27,-1,0.0025,5,1.9991746,9.6486877,1.9449911,1,1,1,2316.5276,11910222,12377.327,1158.2638,11219.063
2008-08-28_912828JK7_pre,2008-08-28_912828JK7,pre,DGS5,5,2008-08-21,2008-08-28,-1,0.0025,5,2,8.6382901,4.6013361,1,1,1,2588.5539,5625657.1,1043.6928,1294.277,-250.5842
2008-08-27_912828JJ0_post,2008-08-27_912828JJ0,post,DGS2,2,2008-08-27,2008-09-04,1,0.0025,5,2,9.5577933,1.9435576,1,1,1,2339.5233,12037324,27319.245,1169.7616,26149.483
2008-08-28_912828JK7_post,2008-08-28_912828JK7,post,DGS5,5,2008-08-28,2008-09-05,1,0.0025,5,2,8.5002326,4.6001187,1,1,1,2630.5962,5718539.8,49138.923,1315.2981,47823.625
2008-09-11_912828JH4_pre,2008-09-11_912828JH4,pre,DGS10,10,2008-09-04,2008-09-11,-1,0.0025,5,2,6.0042123,8.3195295,1,1,1,3724.1654,4476413.5,-1716.1885,1862.0827,-3578.2712
2008-09-11_912828JH4_post,2008-09-11_912828JH4,post,DGS10,10,2008-09-11,2008-09-18,1,0.0025,5,0.8997994,5.6598497,8.3195295,0.5,1,1,888.72176,1068235.6,9625.1122,444.36088,9180.7513
2008-09-24_912828JL5_pre,2008-09-24_912828JL5,pre,DGS2,2,2008-09-17,2008-09-24,-1,0.0025,5,2,9.4829463,1.9596629,1,1,1,2357.9886,12032624,88488.312,1178.9943,87309.318
2008-09-25_912828JM3_pre,2008-09-25_912828JM3,pre,DGS5,5,2008-09-18,2008-09-25,-1,0.0025,5,2,8.6378977,4.6516597,1,1,1,2588.6715,5565049.3,105246.48,1294.3358,103952.14
2008-09-24_912828JL5_post,2008-09-24_912828JL5,post,DGS2,2,2008-09-24,2008-10-01,1,0.0025,5,2,11.083198,1.9502622,1,1,1,2017.5295,10344914,44926.487,1008.7647,43917.723
2008-09-25_912828JM3_post,2008-09-25_912828JM3,post,DGS5,5,2008-09-25,2008-10-02,1,0.0025,5,2,9.8962271,4.6001187,1,1,1,2259.5156,4911863.7,95739.277,1129.7578,94609.519
2008-10-08_912828DV9_pre,2008-10-08_912828DV9,pre,DGS10,10,2008-10-01,2008-10-08,-1,0.0025,5,0.61651751,8.7530463,8.26718,1,1,1,787.48301,952541.27,-4640.377,393.74151,-5034.1185
2008-10-08_912828EE6_pre,2008-10-08_912828EE6,pre,DGS10,10,2008-10-01,2008-10-08,-1,0.0025,5,0.61651751,8.7530463,8.26718,1,1,1,787.48301,952541.27,-4640.377,393.74151,-5034.1185
2008-10-09_912828DM9_pre,2008-10-09_912828DM9,pre,DGS10,10,2008-10-02,2008-10-09,-1,0.0025,5,0.61651751,8.7978554,8.3114448,1,1,1,783.47221,942642.63,13338.848,391.73611,12947.111
2008-10-09_912828HR4_pre,2008-10-09_912828HR4,pre,DGS10,10,2008-10-02,2008-10-09,-1,0.0025,5,0.61651751,8.7978554,8.3114448,1,1,1,783.47221,942642.63,13338.848,391.73611,12947.111
2008-10-08_912828DV9_post,2008-10-08_912828DV9,post,DGS10,10,2008-10-08,2008-10-16,1,0.0025,5,0,8.8846977,8.2872582,1,1,1,0,0,0,0,0
2008-10-08_912828EE6_post,2008-10-08_912828EE6,post,DGS10,10,2008-10-08,2008-10-16,1,0.0025,5,0,8.8846977,8.2872582,1,1,1,0,0,0,0,0
2008-10-09_912828DM9_post,2008-10-09_912828DM9,post,DGS10,10,2008-10-09,2008-10-17,1,0.0025,5,0.13223733,9.3475729,8.2391879,1,1,1,158.16494,191966.66,-2037.4769,79.082471,-2116.5594
2008-10-09_912828HR4_post,2008-10-09_912828HR4,post,DGS10,10,2008-10-09,2008-10-17,1,0.0025,5,0.13223733,9.3475729,8.2391879,1,1,1,158.16494,191966.66,-2037.4769,79.082471,-2116.5594
2008-10-28_912828JP6_pre,2008-10-28_912828JP6,pre,DGS2,2,2008-10-21,2008-10-28,-1,0.0025,5,2,13.518976,1.9611156,1,1,1,1654.0217,8434085.8,10522.573,827.01085,9695.5622
2008-10-30_912828JQ4_pre,2008-10-30_912828JQ4,pre,DGS5,5,2008-10-23,2008-10-30,-1,0.0025,5,2,12.669595,4.6640564,0.5,1,1,882.45438,1892032,23041.836,441.22719,22600.608
2008-10-28_912828JP6_post,2008-10-28_912828JP6,post,DGS2,2,2008-10-28,2008-11-04,1,0.0025,5,2,13.403042,1.9594209,0.5,1,1,834.16438,4257198.5,22535.056,417.08219,22117.973
2008-10-30_912828JQ4_post,2008-10-30_912828JQ4,post,DGS5,5,2008-10-30,2008-11-06,1,0.0025,5,2,12.692406,4.6306961,1,1,1,1761.7369,3804475.2,68970.186,880.86843,68089.317
2008-11-10_912828JU5_pre,2008-11-10_912828JU5,pre,DGS3,3,2008-11-03,2008-11-10,-1,0.0025,5,1,13.420987,2.9132369,1,1,1,833.04903,2859530.7,6747.6088,416.52452,6331.0843
2008-11-12_912828JR2_pre,2008-11-12_912828JR2,pre,DGS10,10,2008-11-04,2008-11-12,-1,0.0025,5,0.46632395,9.7543848,8.2511678,1,1,1,534.49401,647779.84,-3721.1069,267.24701,-3988.3539
2008-11-13_912810PX0_pre,2008-11-13_912810PX0,pre,DGS30,30,2008-11-05,2008-11-13,-1,0.0025,5,2,7.902567,17.110112,1,1,1,2829.5464,1653727.6,56624.743,1414.7732,55209.97
2008-11-10_912828JU5_post,2008-11-10_912828JU5,post,DGS3,3,2008-11-10,2008-11-18,1,0.0025,5,1,13.371316,2.9087242,1,1,1,836.14357,2874605.8,29402.021,418.07179,28983.949
2008-11-12_912828JR2_post,2008-11-12_912828JR2,post,DGS10,10,2008-11-12,2008-11-19,1,0.0025,5,2,9.9525853,8.2752028,1,1,1,2246.7207,2715003.8,86074.012,1123.3604,84950.652
2008-11-13_912810PX0_post,2008-11-13_912810PX0,post,DGS30,30,2008-11-13,2008-11-20,1,0.0025,5,2,7.9372539,16.686605,1,1,1,2817.1808,1688288.8,209822.68,1408.5904,208414.08
2008-11-24_912828JS0_pre,2008-11-24_912828JS0,pre,DGS2,2,2008-11-17,2008-11-24,-1,0.0025,5,2,13.354573,1.9698682,1,1,1,1674.3837,8499978.3,13163.836,837.19184,12326.644
2008-11-25_912828JT8_pre,2008-11-25_912828JT8,pre,DGS5,5,2008-11-18,2008-11-25,-1,0.0025,5,2,12.884713,4.707829,1,1,1,1735.4426,3686290.8,-29565.438,867.72132,-30433.16
2008-11-24_912828JS0_post,2008-11-24_912828JS0,post,DGS2,2,2008-11-24,2008-12-02,1,0.0025,5,2,13.294194,1.9676742,1,1,1,1681.9884,8548104.2,70920.672,840.99419,70079.678
2008-11-25_912828JT8_post,2008-11-25_912828JT8,post,DGS5,5,2008-11-25,2008-12-03,1,0.0025,5,2,13.397824,4.7280402,1,1,1,1668.9784,3529958.2,78737.586,834.48922,77903.097
2008-12-10_912828KA7_pre,2008-12-10_912828KA7,pre,DGS3,3,2008-12-03,2008-12-10,-1,0.0025,5,1,14.119136,2.9446169,1,1,1,791.85723,2689169,10431.444,395.92862,10035.515
2008-12-11_912828JR2_pre,2008-12-11_912828JR2,pre,DGS10,10,2008-12-04,2008-12-11,-1,0.0025,5,2,11.955886,8.7777795,1,1,1,1870.2653,2130681.6,15534.451,935.13266,14599.318
2008-12-10_912828KA7_post,2008-12-10_912828KA7,post,DGS3,3,2008-12-10,2008-12-17,1,0.0025,5,1,14.407419,2.9374861,0.5,1,1,388.00634,1320878.9,9207.2975,194.00317,9013.2943
2008-12-11_912828JR2_post,2008-12-11_912828JR2,post,DGS10,10,2008-12-11,2008-12-18,1,0.0025,5,2,12.198395,8.7385931,0.5,1,1,916.54186,1048843.7,52704.768,458.27093,52246.497
2008-12-22_912828JV3_pre,2008-12-22_912828JV3,pre,DGS2,2,2008-12-15,2008-12-22,-1,0.0025,5,2,12.591125,1.9813897,0.5,1,1,887.95397,4481470.6,9986.9971,443.97699,9543.0201
2008-12-23_912828JW1_pre,2008-12-23_912828JW1,pre,DGS5,5,2008-12-16,2008-12-23,-1,0.0025,5,2,13.115265,4.8205824,1,1,1,1704.9354,3536783.2,31310.423,852.46772,30457.955
2008-12-22_912828JV3_post,2008-12-22_912828JV3,post,DGS2,2,2008-12-22,2008-12-30,1,0.0025,5,2,11.04857,1.9784378,1,1,1,2023.8528,10229550,26138.557,1011.9264,25126.631
2008-12-23_912828JW1_post,2008-12-23_912828JW1,post,DGS5,5,2008-12-23,2008-12-31,1,0.0025,5,2,12.248129,4.7959058,1,1,1,1825.6404,3806664.5,-2409.7886,912.82022,-3322.6088
2009-01-07_912828KB5_pre,2009-01-07_912828KB5,pre,DGS3,3,2008-12-30,2009-01-07,-1,0.0025,5,1,9.8579745,2.951262,1,1,1,1134.1417,3842904.1,22912.975,567.07085,22345.904
2009-01-08_912828JR2_pre,2009-01-08_912828JR2,pre,DGS10,10,2008-12-31,2009-01-08,-1,0.0025,5,1.7715167,10.485449,8.9102242,1,1,1,1888.9186,2119945.1,40011.184,944.45932,39066.724
2009-01-07_912828KB5_post,2009-01-07_912828KB5,post,DGS3,3,2009-01-07,2009-01-14,1,0.0025,5,1,9.4159829,2.9405389,1,1,1,1187.3789,4037963.7,15041.214,593.68947,14447.525
2009-01-08_912828JR2_post,2009-01-08_912828JR2,post,DGS10,10,2009-01-08,2009-01-15,1,0.0025,5,1.7715167,10.507463,8.8128225,1,1,1,1884.9611,2138884.7,46510.402,942.48056,45567.921
2009-01-27_912828JY7_pre,2009-01-27_912828JY7,pre,DGS2,2,2009-01-20,2009-01-27,-1,0.0025,5,2,7.1306611,1.9818824,1,1,1,3135.8495,15822581,41699.412,1567.9247,40131.487
2009-01-29_912828JZ4_pre,2009-01-29_912828JZ4,pre,DGS5,5,2009-01-22,2009-01-29,-1,0.0025,5,2,9.2977125,4.7855709,0.5,1,1,1202.4829,2512726,30330.29,601.24143,29729.049
2009-01-27_912828JY7_post,2009-01-27_912828JY7,post,DGS2,2,2009-01-27,2009-02-03,1,0.0025,5,2,7.0863121,1.9784378,0.5,1,1,1577.7374,7974662.8,-13119.596,788.86872,-13908.465
2009-01-29_912828JZ4_post,2009-01-29_912828JZ4,post,DGS5,5,2009-01-29,2009-02-05,1,0.0025,5,2,9.3339033,4.7522067,1,1,1,2395.6408,5041112.4,-3192.7902,1197.8204,-4390.6106
2009-02-10_912828KC3_pre,2009-02-10_912828KC3,pre,DGS3,3,2009-02-03,2009-02-10,-1,0.0025,5,1,8.3753067,2.9293689,1,1,1,1334.9171,4557012.6,-9058.5151,667.45853,-9725.9737
2009-02-11_912828KD1_pre,2009-02-11_912828KD1,pre,DGS10,10,2009-02-04,2009-02-11,-1,0.0025,5,2,10.556493,8.6055124,1,1,1,2118.192,2461436.3,-37703.394,1059.096,-38762.49
2009-02-12_912810QA9_pre,2009-02-12_912810QA9,pre,DGS30,30,2009-02-05,2009-02-12,-1,0.0025,5,2,10.510366,18.185804,1,1,1,2127.4882,1169862,-35598.26,1063.7441,-36662.004
2009-02-10_912828KC3_post,2009-02-10_912828KC3,post,DGS3,3,2009-02-10,2009-02-18,1,0.0025,5,1,8.3330395,2.9324088,1,1,1,1341.6881,4575378.7,-1655.7496,670.84404,-2326.5937
2009-02-11_912828KD1_post,2009-02-11_912828KD1,post,DGS10,10,2009-02-11,2009-02-19,1,0.0025,5,2,10.769215,8.6781308,1,1,1,2076.3519,2392625.7,-12695.259,1038.176,-13733.435
2009-02-12_912810QA9_post,2009-02-12_912810QA9,post,DGS30,30,2009-02-12,2009-02-20,1,0.0025,5,2,10.407774,18.551359,1,1,1,2148.4595,1158114.3,-16730.457,1074.2297,-17804.687
2009-02-24_912828KE9_pre,2009-02-24_912828KE9,pre,DGS2,2,2009-02-17,2009-02-24,-1,0.0025,5,2,7.1004695,1.9784378,1,1,1,3149.1833,15917525,48210.864,1574.5916,46636.273
2009-02-25_912828KF6_pre,2009-02-25_912828KF6,pre,DGS5,5,2009-02-18,2009-02-25,-1,0.0025,5,2,10.177118,4.7598759,1,1,1,2197.1525,4615986.9,53216.198,1098.5762,52117.622
2009-02-26_912828KS8_pre,2009-02-26_912828KS8,pre,DGS7,7,2009-02-19,2009-02-26,-1,0.0025,5,1,10.644274,6.4361956,1,1,1,1050.3619,1631960.8,44992.961,525.18096,44467.78
2009-02-24_912828KE9_post,2009-02-24_912828KE9,post,DGS2,2,2009-02-24,2009-03-03,1,0.0025,5,2,6.4762713,1.9745129,1,1,1,3452.7089,17486384,43806.596,1726.3545,42080.241
2009-02-25_912828KF6_post,2009-02-25_912828KF6,post,DGS5,5,2009-02-25,2009-03-04,1,0.0025,5,2,9.4905692,4.7280402,1,1,1,2356.0947,4983237.4,22913.223,1178.0473,21735.176
2009-02-26_912828KS8_post,2009-02-26_912828KS8,post,DGS7,7,2009-02-26,2009-03-05,1,0.0025,5,1,9.8780559,6.3349359,1,1,1,1131.8361,1786657.5,27065.335,565.91803,26499.417
2009-03-10_912828KG4_pre,2009-03-10_912828KG4,pre,DGS3,3,2009-03-03,2009-03-10,-1,0.0025,5,1,7.8586381,2.9324088,1,1,1,1422.6816,4851580.1,20210.228,711.34081,19498.887
2009-03-11_912828KD1_pre,2009-03-11_912828KD1,pre,DGS10,10,2009-03-04,2009-03-11,-1,0.0025,5,2,9.7082294,8.5800898,1,1,1,2303.2707,2684436.5,-15478.714,1151.6353,-16630.349
2009-03-12_912810QA9_pre,2009-03-12_912810QA9,pre,DGS30,30,2009-03-05,2009-03-12,-1,0.0025,5,1.6201737,9.4840187,18.458956,1,1,1,1909.9596,1034706.2,21821.559,954.97979,20866.579
2009-03-10_912828KG4_post,2009-03-10_912828KG4,post,DGS3,3,2009-03-10,2009-03-17,1,0.0025,5,1,7.4948381,2.924818,1,1,1,1491.7387,5100278.7,2666.7046,745.86933,1920.8353
2009-03-11_912828KD1_post,2009-03-11_912828KD1,post,DGS10,10,2009-03-11,2009-03-18,1,0.0025,5,1.5294044,9.7328728,8.6055124,0.5,1,1,878.42828,1020773.9,40197.73,439.21414,39758.516
2009-03-12_912810QA9_post,2009-03-12_912810QA9,post,DGS30,30,2009-03-12,2009-03-19,1,0.0025,5,1.6201737,9.8169691,18.185804,0.5,1,1,922.59089,507313.77,1745.275,461.29544,1283.9795
2009-03-24_912828KH2_pre,2009-03-24_912828KH2,pre,DGS2,2,2009-03-17,2009-03-24,-1,0.0025,5,2,5.7380433,1.9740231,0.5,1,1,1948.4586,9870495.4,-24762.827,974.2293,-25737.057
2009-03-25_912828KJ8_pre,2009-03-25_912828KJ8,pre,DGS5,5,2009-03-18,2009-03-25,-1,0.0025,5,2,8.9883006,4.7946121,1,1,1,2487.7539,5188644.7,72755.8,1243.8769,71511.923
2009-03-26_912828KT6_pre,2009-03-26_912828KT6,pre,DGS7,7,2009-03-19,2009-03-26,-1,0.0025,5,1,12.160601,6.4618747,1,1,1,919.39038,1422792,14996.193,459.69519,14536.498
2009-03-24_912828KH2_post,2009-03-24_912828KH2,post,DGS2,2,2009-03-24,2009-03-31,1,0.0025,5,2,6.1875353,1.9769645,1,1,1,3613.8266,18279674,45902.989,1806.9133,44096.076
2009-03-25_912828KJ8_post,2009-03-25_912828KJ8,post,DGS5,5,2009-03-25,2009-04-01,1,0.0025,5,2,10.66098,4.756039,1,1,1,2097.4319,4410039.3,41300.196,1048.7159,40251.48
2009-03-26_912828KT6_post,2009-03-26_912828KT6,post,DGS7,7,2009-03-26,2009-04-02,1,0.0025,5,1,12.184829,6.4222507,1,1,1,917.56232,1428723.9,-308.15027,458.78116,-766.93143
2009-04-08_912828KK5_pre,2009-04-08_912828KK5,pre,DGS3,3,2009-04-01,2009-04-08,-1,0.0025,5,1,7.8124014,2.9400298,1,1,1,1431.1016,4867643.1,24641.553,715.55078,23926.002
2009-04-09_912828KD1_pre,2009-04-09_912828KD1,pre,DGS10,10,2009-04-02,2009-04-09,-1,0.0025,5,1.2976165,11.050718,8.6824297,1,1,1,1312.8372,1512062,23927.883,656.41859,23271.464
2009-04-08_912828KK5_post,2009-04-08_912828KK5,post,DGS3,3,2009-04-08,2009-04-16,1,0.0025,5,1,7.9425195,2.9308882,1,1,1,1407.6566,4802832.7,11025.045,703.82829,10321.216
2009-04-09_912828KD1_post,2009-04-09_912828KD1,post,DGS10,10,2009-04-09,2009-04-17,1,0.0025,5,1.2976165,11.187867,8.6012678,1,1,1,1296.7435,1507619,-1609.4601,648.37174,-2257.8319
2009-04-27_912828KL3_pre,2009-04-27_912828KL3,pre,DGS2,2,2009-04-20,2009-04-27,-1,0.0025,5,1.7905694,5.9938528,1.9769645,1,1,1,3339.951,16894340,-12720.914,1669.9755,-14390.889
2009-04-28_912828KN9_pre,2009-04-28_912828KN9,pre,DGS5,5,2009-04-21,2009-04-28,-1,0.0025,5,2,10.798344,4.7522067,1,1,1,2070.7508,4357451,19117.304,1035.3754,18081.929
2009-04-29_912828KR0_pre,2009-04-29_912828KR0,pre,DGS7,7,2009-04-22,2009-04-29,-1,0.0025,5,1,12.108957,6.3852764,0.5,1,1,461.65578,723000.47,8380.1472,230.82789,8149.3193
2009-04-27_912828KL3_post,2009-04-27_912828KL3,post,DGS2,2,2009-04-27,2009-05-04,1,0.0025,5,1.7905694,5.9863309,1.9777009,0.5,1,1,1672.0738,8454634.5,-5393.8196,836.03692,-6229.8565
2009-04-28_912828KN9_post,2009-04-28_912828KN9,post,DGS5,5,2009-04-28,2009-05-05,1,0.0025,5,2,10.563769,4.739465,0.5,1,1,1058.3665,2233092.8,-7653.1734,529.18327,-8182.3567
2009-05-05_912828KP4_pre,2009-05-05_912828KP4,pre,DGS3,3,2009-04-28,2009-05-05,-1,0.0025,5,2,8.0136007,2.9283566,0.5,1,1,1395.1706,4764346.5,8610.083,697.58528,7912.4977
2009-04-29_912828KR0_post,2009-04-29_912828KR0,post,DGS7,7,2009-04-29,2009-05-06,1,0.0025,5,1,11.882891,6.3417667,1,1,1,940.87706,1483619.8,-218.9311,470.43853,-689.36963
2009-05-06_912828KQ2_pre,2009-05-06_912828KQ2,pre,DGS10,10,2009-04-29,2009-05-06,-1,0.0025,5,2,10.947177,8.5337599,1,1,1,2042.5979,2393549.7,10831.459,1021.2989,9810.1603
2009-05-07_912810QB7_pre,2009-05-07_912810QB7,pre,DGS30,30,2009-04-30,2009-05-07,-1,0.0025,5,2,9.1423767,17.275716,1,1,1,2445.8279,1415760.7,46863.224,1222.9139,45640.31
2009-05-05_912828KP4_post,2009-05-05_912828KP4,post,DGS3,3,2009-05-05,2009-05-12,1,0.0025,5,2,7.9212223,2.924818,1,1,1,2822.8825,9651481,36155.309,1411.4412,34743.868
2009-05-06_912828KQ2_post,2009-05-06_912828KQ2,post,DGS10,10,2009-05-06,2009-05-13,1,0.0025,5,2,10.689176,8.5086399,1,1,1,2091.8994,2458559.1,16236.314,1045.9497,15190.364
2009-05-07_912810QB7_post,2009-05-07_912810QB7,post,DGS30,30,2009-05-07,2009-05-14,1,0.0025,5,2,8.8866052,16.86615,1,1,1,2516.2229,1491877.5,49753.7,1258.1115,48495.588
2009-05-26_912828KU3_pre,2009-05-26_912828KU3,pre,DGS2,2,2009-05-18,2009-05-26,-1,0.0025,5,1.5976143,5.4090059,1.9769645,1,1,1,3302.2465,16703621,7171.9039,1651.1233,5520.7806
2009-05-27_912828KV1_pre,2009-05-27_912828KV1,pre,DGS5,5,2009-05-19,2009-05-27,-1,0.0025,5,2,9.2781257,4.7204461,1,1,1,2410.0428,5105540.3,71959.278,1205.0214,70754.256
2009-05-28_912828KW9_pre,2009-05-28_912828KW9,pre,DGS7,7,2009-05-20,2009-05-28,-1,0.0025,5,1,10.802856,6.3349359,1,1,1,1034.943,1633707.1,50148.916,517.47149,49631.444
2009-05-26_912828KU3_post,2009-05-26_912828KU3,post,DGS2,2,2009-05-26,2009-06-02,1,0.0025,5,1.5976143,5.3230126,1.9762285,1,1,1,3355.5943,16979789,2640.1694,1677.7972,962.37219
2009-05-27_912828KV1_post,2009-05-27_912828KV1,post,DGS5,5,2009-05-27,2009-06-03,1,0.0025,5,2,9.1734541,4.6814934,1,1,1,2437.542,5206761.6,2537.7395,1218.771,1318.9684
2009-05-28_912828KW9_post,2009-05-28_912828KW9,post,DGS7,7,2009-05-28,2009-06-04,1,0.0025,5,1,10.19549,6.2226364,1,1,1,1096.5966,1762270.1,-8613.1324,548.29829,-9161.4307
2009-06-09_912828KX7_pre,2009-06-09_912828KX7,pre,DGS3,3,2009-06-02,2009-06-09,-1,0.0025,5,1.9274778,6.7446568,2.92179,1,1,1,3195.1006,10935422,126688.81,1597.5503,125091.26
2009-06-10_912828KQ2_pre,2009-06-10_912828KQ2,pre,DGS10,10,2009-06-03,2009-06-10,-1,0.0025,5,2,10.584553,8.3519819,1,1,1,2112.5766,2529431.5,85751.725,1056.2883,84695.436
2009-06-11_912810QB7_pre,2009-06-11_912810QB7,pre,DGS30,30,2009-06-04,2009-06-11,-1,0.0025,5,1.0556587,8.606987,16.221723,1,1,1,1371.284,845338.03,14096.971,685.64198,13411.329
2009-06-09_912828KX7_post,2009-06-09_912828KX7,post,DGS3,3,2009-06-09,2009-06-16,1,0.0025,5,1.9274778,8.1343937,2.9012269,1,1,1,2649.2272,9131402.9,40142.679,1324.6136,38818.066
2009-06-10_912828KQ2_post,2009-06-10_912828KQ2,post,DGS10,10,2009-06-10,2009-06-17,1,0.0025,5,1.1992048,10.839494,8.183612,1,1,1,1236.9135,1511451.8,38488.541,618.45676,37870.085
2009-06-11_912810QB7_post,2009-06-11_912810QB7,post,DGS30,30,2009-06-11,2009-06-18,1,0.0025,5,1.0556587,8.6507895,16.015203,1,1,1,1364.3406,851903.41,9231.7134,682.1703,8549.5431
2009-06-23_912828LF5_pre,2009-06-23_912828LF5,pre,DGS2,2,2009-06-16,2009-06-23,-1,0.0025,5,1.4082483,6.3561661,1.9696242,1,1,1,2477.0741,12576379,-24776.852,1238.5371,-26015.389
2009-06-24_912828KY5_pre,2009-06-24_912828KY5,pre,DGS5,5,2009-06-17,2009-06-24,-1,0.0025,5,1.9274778,8.2685163,4.6491861,0.5,1,1,1303.1272,2802914.7,5066.0167,651.5636,4414.4531
2009-06-25_912828KZ2_pre,2009-06-25_912828KZ2,pre,DGS7,7,2009-06-18,2009-06-25,-1,0.0025,5,1,8.5827807,6.1588181,0.5,1,1,651.32387,1057546.9,-19682.471,325.66194,-20008.132
2009-06-23_912828LF5_post,2009-06-23_912828LF5,post,DGS2,2,2009-06-23,2009-06-30,1,0.0025,5,1.4082483,6.5235558,1.9718217,0.5,1,1,1206.7571,6120011.3,4714.7799,603.37855,4111.4013
2009-06-24_912828KY5_post,2009-06-24_912828KY5,post,DGS5,5,2009-06-24,2009-07-01,1,0.0025,5,2,8.4582057,4.6430107,1,1,1,2643.6671,5693863.8,63641.94,1321.8335,62320.106
2009-06-25_912828KZ2_post,2009-06-25_912828KZ2,post,DGS7,7,2009-06-25,2009-07-02,1,0.0025,5,1,8.8830442,6.2226364,1,1,1,1258.6158,2022640.8,11247.096,629.3079,10617.788
2009-07-07_912828LB4_pre,2009-07-07_912828LB4,pre,DGS3,3,2009-06-29,2009-07-07,-1,0.0025,5,1.7233642,7.4038278,2.9162513,1,1,1,2602.4103,8923820.6,-31294.923,1301.2052,-32596.128
2009-07-08_912828KQ2_pre,2009-07-08_912828KQ2,pre,DGS10,10,2009-06-30,2009-07-08,-1,0.0025,5,1,9.2834218,8.3641984,1,1,1,1204.3339,1439867.7,-25314.961,602.16696,-25917.128
2009-07-09_912810QB7_pre,2009-07-09_912810QB7,pre,DGS30,30,2009-07-01,2009-07-09,-1,0.0025,5,0.64194256,8.2502525,16.686605,1,1,1,869.92926,521333.89,-3302.2683,434.96463,-3737.233
2009-07-07_912828LB4_post,2009-07-07_912828LB4,post,DGS3,3,2009-07-07,2009-07-14,1,0.0025,5,1.7233642,7.2937556,2.92179,1,1,1,2641.6841,9041320.7,12765.517,1320.842,11444.675
2009-07-08_912828KQ2_post,2009-07-08_912828KQ2,post,DGS10,10,2009-07-08,2009-07-15,1,0.0025,5,1,9.0363203,8.4463017,1,1,1,1237.2669,1464862.3,-35762.702,618.63344,-36381.335
2009-07-09_912810QB7_post,2009-07-09_912810QB7,post,DGS30,30,2009-07-09,2009-07-16,1,0.0025,5,0.64194256,8.3113155,16.746131,1,1,1,863.53791,515664.14,-11370.491,431.76895,-11802.26
2009-07-28_912828LG3_pre,2009-07-28_912828LG3,pre,DGS2,2,2009-07-21,2009-07-28,-1,0.0025,5,1,6.4754207,1.9762285,1,1,1,1726.5812,8736749.1,26112.139,863.29062,25248.848
2009-07-29_912828LC2_pre,2009-07-29_912828LC2,pre,DGS5,5,2009-07-22,2009-07-29,-1,0.0025,5,2,8.909463,4.6814934,1,1,1,2509.7674,5361040.1,62420.72,1254.8837,61165.836
2009-07-30_912828LD0_pre,2009-07-30_912828LD0,pre,DGS7,7,2009-07-23,2009-07-30,-1,0.0025,5,1,9.4643399,6.2093543,1,1,1,1181.3122,1902471.8,2407.2165,590.65609,1816.5604
2009-07-28_912828LG3_post,2009-07-28_912828LG3,post,DGS2,2,2009-07-28,2009-08-04,1,0.0025,5,2,6.4835951,1.9723106,1,1,1,3448.8088,17486135,-24245.467,1724.4044,-25969.871
2009-07-29_912828LC2_post,2009-07-29_912828LC2,post,DGS5,5,2009-07-29,2009-08-05,1,0.0025,5,2,9.0516409,4.6491861,1,1,1,2470.3454,5313500.8,-7256.9016,1235.1727,-8492.0744
2009-07-30_912828LD0_post,2009-07-30_912828LD0,post,DGS7,7,2009-07-30,2009-08-06,1,0.0025,5,1,9.5624471,6.2027286,1,1,1,1169.1923,1884964.5,-8096.0916,584.59617,-8680.6878
2009-08-11_912828LH1_pre,2009-08-11_912828LH1,pre,DGS3,3,2009-08-04,2009-08-11,-1,0.0025,5,1.5504819,7.7138807,2.9102273,1,1,1,2247.2365,7721859.2,4323.7988,1123.6183,3200.1806
2009-08-12_912828LJ7_pre,2009-08-12_912828LJ7,pre,DGS10,10,2009-08-05,2009-08-12,-1,0.0025,5,2,9.869473,8.2551666,0.5,1,1,1132.8204,1372256.2,-10095.644,566.41018,-10662.054
2009-08-13_912810QC5_pre,2009-08-13_912810QC5,pre,DGS30,30,2009-08-06,2009-08-13,-1,0.0025,5,2,8.9287671,16.316939,0.5,1,1,1252.1706,767405.36,-12236.933,626.08532,-12863.018
2009-08-11_912828LH1_post,2009-08-11_912828LH1,post,DGS3,3,2009-08-11,2009-08-18,1,0.0025,5,2,7.7579738,2.9087242,0.5,1,1,1441.1417,4954549.2,31692.98,720.57087,30972.409
2009-08-12_912828LJ7_post,2009-08-12_912828LJ7,post,DGS10,10,2009-08-12,2009-08-19,1,0.0025,5,2,9.9888497,8.2872582,1,1,1,2238.564,2701211.9,62710.496,1119.282,61591.214
2009-08-13_912810QC5_post,2009-08-13_912810QC5,post,DGS30,30,2009-08-13,2009-08-20,1,0.0025,5,2,9.0783626,16.490479,1,1,1,2463.0741,1493634,51244.779,1231.5371,50013.242
2009-08-25_912828LV0_pre,2009-08-25_912828LV0,pre,DGS2,2,2009-08-18,2009-08-25,-1,0.0025,5,2,6.7513338,1.9737783,1,1,1,3312.0388,16780197,-6181.1898,1656.0194,-7837.2092
2009-08-26_912828LK4_pre,2009-08-26_912828LK4,pre,DGS5,5,2009-08-19,2009-08-26,-1,0.0025,5,2,9.4676822,4.6814934,1,1,1,2361.7903,5044950.6,4754.6379,1180.8951,3573.7428
2009-08-27_912828LL2_pre,2009-08-27_912828LL2,pre,DGS7,7,2009-08-20,2009-08-27,-1,0.0025,5,2,10.042227,6.258257,1,1,1,2226.6654,3557964.1,11216.641,1113.3327,10103.309
2009-08-25_912828LV0_post,2009-08-25_912828LV0,post,DGS2,2,2009-08-25,2009-09-01,1,0.0025,5,2,6.9333184,1.9740231,1,1,1,3225.105,16337727,44592.919,1612.5525,42980.366
2009-08-26_912828LK4_post,2009-08-26_912828LK4,post,DGS5,5,2009-08-26,2009-09-02,1,0.0025,5,2,9.023682,4.6777489,1,1,1,2477.9995,5297418.9,52003.668,1238.9998,50764.668
2009-08-27_912828LL2_post,2009-08-27_912828LL2,post,DGS7,7,2009-08-27,2009-09-03,1,0.0025,5,2,9.3990473,6.2448648,1,1,1,2379.0368,3809589,42703.924,1189.5184,41514.405
2009-09-08_912828LM0_pre,2009-09-08_912828LM0,pre,DGS3,3,2009-08-31,2009-09-08,-1,0.0025,5,2,7.7885001,2.9233034,1,1,0.46382741,1331.6423,4555265.4,-1318.1104,665.82115,-1983.9315
2009-09-09_912828LJ7_pre,2009-09-09_912828LJ7,pre,DGS10,10,2009-09-01,2009-09-09,-1,0.0025,5,2,8.309412,8.4256678,1,1,1,2691.0063,3193819.6,24405.399,1345.5031,23059.896
2009-09-10_912810QC5_pre,2009-09-10_912810QC5,pre,DGS30,30,2009-09-02,2009-09-10,-1,0.0025,5,2,7.8229707,17.192614,1,1,1,2858.3361,1662537.2,26265.561,1429.1681,24836.393
2009-09-08_912828LM0_post,2009-09-08_912828LM0,post,DGS3,3,2009-09-08,2009-09-15,1,0.0025,5,2,6.1611825,2.9233034,1,1,1,3629.2838,12415009,3138.4819,1814.6419,1323.84
2009-09-09_912828LJ7_post,2009-09-09_912828LJ7,post,DGS10,10,2009-09-09,2009-09-16,1,0.0025,5,1.0779918,8.2016259,8.3846164,1,1,1,1469.5031,1752618.2,1175.4616,734.75157,440.71005
2009-09-10_912810QC5_post,2009-09-10_912810QC5,post,DGS30,30,2009-09-10,2009-09-17,1,0.0025,5,0.64194256,7.9264985,16.987471,1,1,1,905.4611,533017.01,462.36092,452.73055,9.6303718
2009-09-22_912828LW8_pre,2009-09-22_912828LW8,pre,DGS2,2,2009-09-15,2009-09-22,-1,0.0025,5,2,4.4886549,1.9762285,1,1,1,4981.5993,25207608,25439.012,2490.7996,22948.213
2009-09-23_912828LQ1_pre,2009-09-23_912828LQ1,pre,DGS5,5,2009-09-16,2009-09-23,-1,0.0025,5,2,7.5655142,4.6777489,0.5,1,1,1477.803,3159218.4,-10318.145,738.90152,-11057.047
2009-09-24_912828LP3_pre,2009-09-24_912828LP3,pre,DGS7,7,2009-09-17,2009-09-24,-1,0.0025,5,2,8.343,6.2627303,0.5,1,0.76324389,1022.8127,1633173.7,-1969.5504,511.40633,-2480.9567
2009-09-22_912828LW8_post,2009-09-22_912828LW8,post,DGS2,2,2009-09-22,2009-09-29,1,0.0025,5,2,4.3459183,1.9747578,0.5,1,1,2572.607,13027456,7322.0152,1286.3035,6035.7117
2009-09-23_912828LQ1_post,2009-09-23_912828LQ1,post,DGS5,5,2009-09-23,2009-09-30,1,0.0025,5,2,7.3310731,4.6852424,1,1,1,3050.1237,6510066,30268.074,1525.0618,28743.012
2009-09-24_912828LP3_post,2009-09-24_912828LP3,post,DGS7,7,2009-09-24,2009-10-01,1,0.0025,5,2,8.071905,6.2649687,1,1,1,2770.1862,4421708,60850.75,1385.0931,59465.656
2009-10-06_912828LR9_pre,2009-10-06_912828LR9,pre,DGS3,3,2009-09-29,2009-10-06,-1,0.0025,5,2,5.6637164,2.9238081,1,1,1,3948.0578,13503136,-23111.031,1974.0289,-25085.059
2009-10-07_912828LJ7_pre,2009-10-07_912828LJ7,pre,DGS10,10,2009-09-30,2009-10-07,-1,0.0025,5,0.91412433,7.6220576,8.4545755,1,1,1,1340.8742,1585974.6,-14439.587,670.43711,-15110.024
2009-10-08_912810QC5_pre,2009-10-08_912810QC5,pre,DGS30,30,2009-10-01,2009-10-08,-1,0.0025,5,0.80965325,7.5272762,17.443738,1,1,1,1202.5862,689408.57,13657.875,601.29311,13056.582
2009-10-06_912828LR9_post,2009-10-06_912828LR9,post,DGS3,3,2009-10-06,2009-10-14,1,0.0025,5,2,5.5294793,2.9263337,1,1,1,4043.9033,13819009,-11988.534,2021.9517,-14010.485
2009-10-07_912828LJ7_post,2009-10-07_912828LJ7,post,DGS10,10,2009-10-07,2009-10-15,1,0.0025,5,0.91412433,7.165103,8.4961196,1,1,1,1426.3885,1678870.6,-38332.737,713.19426,-39045.931
2009-10-08_912810QC5_post,2009-10-08_912810QC5,post,DGS30,30,2009-10-08,2009-10-16,1,0.0025,5,0.80965325,6.8589296,17.192614,1,1,1,1319.7684,767636.84,-18612.934,659.8842,-19272.819
2009-10-27_912828LT5_pre,2009-10-27_912828LT5,pre,DGS2,2,2009-10-20,2009-10-27,-1,0.0025,5,2,4.3053967,1.9764738,1,1,1,5193.6398,26277302,15930.878,2596.8199,13334.058
2009-10-28_912828LS7_pre,2009-10-28_912828LS7,pre,DGS5,5,2009-10-21,2009-10-28,-1,0.0025,5,2,6.4844664,4.6877441,1,1,0.50607039,1745.1055,3722697.8,-3498.5623,872.55274,-4371.115
2009-10-29_912828LU2_pre,2009-10-29_912828LU2,pre,DGS7,7,2009-10-22,2009-10-29,-1,0.0025,5,2,7.1295518,6.2649687,1,1,0,0,0,0,0,0
2009-10-27_912828LT5_post,2009-10-27_912828LT5,post,DGS2,2,2009-10-27,2009-11-03,1,0.0025,5,2,4.3805876,1.9754929,1,1,1,5104.4932,25839086,40077.488,2552.2466,37525.241
2009-10-28_912828LS7_post,2009-10-28_912828LS7,post,DGS5,5,2009-10-28,2009-11-04,1,0.0025,5,2,6.5711233,4.6889958,0.5,1,1,1701.4351,3628570.4,-1758.0799,850.71756,-2608.7975
2009-10-29_912828LU2_post,2009-10-29_912828LU2,post,DGS7,7,2009-10-29,2009-11-05,1,0.0025,5,2,6.7835586,6.2448648,0.5,1,0.20170536,332.44122,532343.34,2312.8053,166.22061,2146.5847
2009-11-09_912828LX6_pre,2009-11-09_912828LX6,pre,DGS3,3,2009-11-02,2009-11-09,-1,0.0025,5,2,5.3624295,2.9258283,0.5,1,0,0,0,0,0,0
2009-11-10_912828LY4_pre,2009-11-10_912828LY4,pre,DGS10,10,2009-11-03,2009-11-10,-1,0.0025,5,0.69570969,6.6825517,8.3764407,0.5,1,1,581.98359,694786.26,-468.80528,290.99179,-759.79707
2009-11-12_912810QD3_pre,2009-11-12_912810QD3,pre,DGS30,30,2009-11-04,2009-11-12,-1,0.0025,5,2,6.7130659,16.548949,1,1,1,3330.9191,2012767.8,-1899.9053,1665.4596,-3565.3649
2009-11-09_912828LX6_post,2009-11-09_912828LX6,post,DGS3,3,2009-11-09,2009-11-17,1,0.0025,5,2,5.1262039,2.9278507,1,1,1,4362.0348,14898420,56505.945,2181.0174,54324.927
2009-11-10_912828LY4_post,2009-11-10_912828LY4,post,DGS10,10,2009-11-10,2009-11-18,1,0.0025,5,2,6.2547383,8.3764407,1,1,1,3574.9984,4267920.7,53426.929,1787.4992,51639.43
2009-11-12_912810QD3_post,2009-11-12_912810QD3,post,DGS30,30,2009-11-12,2009-11-19,1,0.0025,5,2,6.3858955,16.548949,1,1,1,3501.5731,2115888.5,44309.518,1750.7865,42558.732
2009-11-23_912828MM9_pre,2009-11-23_912828MM9,pre,DGS2,2,2009-11-16,2009-11-23,-1,0.0025,5,2,4.0513651,1.9806511,1,1,0.31284543,1726.6863,8717771.1,-2942.6683,863.34314,-3806.0115
2009-11-24_912828LZ1_pre,2009-11-24_912828LZ1,pre,DGS5,5,2009-11-17,2009-11-24,-1,0.0025,5,2,6.0847127,4.7116089,1,1,1,3674.8949,7799660.3,-17940.175,1837.4475,-19777.622
2009-11-25_912828MA5_pre,2009-11-25_912828MA5,pre,DGS7,7,2009-11-18,2009-11-25,-1,0.0025,5,2,6.5703279,6.2941732,1,1,1,3403.2822,5407036.1,-43905.361,1701.6411,-45607.002
2009-11-23_912828MM9_post,2009-11-23_912828MM9,post,DGS2,2,2009-11-23,2009-12-01,1,0.0025,5,2,3.6983734,1.9808972,1,1,0.55020413,3326.5809,16793304,35661.477,1663.2904,33998.187
2009-11-24_912828LZ1_post,2009-11-24_912828LZ1,post,DGS5,5,2009-11-24,2009-12-02,1,0.0025,5,2,5.6788835,4.7166558,1,1,0.93430318,3678.8313,7799660.3,25548.689,1839.4156,23709.273
2009-11-25_912828MA5_post,2009-11-25_912828MA5,post,DGS7,7,2009-11-25,2009-12-03,1,0.0025,5,2,6.2585535,6.3213061,1,1,0.95665436,3417.953,5407036.1,-27442.534,1708.9765,-29151.511
2009-12-08_912828MB3_pre,2009-12-08_912828MB3,pre,DGS3,3,2009-12-01,2009-12-08,-1,0.0025,5,2,4.5935351,2.9410482,1,1,1,4867.8587,16551441,30168.762,2433.9293,27734.832
2009-12-09_912828LY4_pre,2009-12-09_912828LY4,pre,DGS10,10,2009-12-02,2009-12-09,-1,0.0025,5,2,5.9275046,8.4504371,1,1,1,3772.3598,4464100.1,45843.972,1886.1799,43957.792
2009-12-10_912810QD3_pre,2009-12-10_912810QD3,pre,DGS30,30,2009-12-03,2009-12-10,-1,0.0025,5,1.0779918,5.9017138,16.706411,1,1,1,2042.1721,1222388.2,33201.522,1021.086,32180.436
2009-12-08_912828MB3_post,2009-12-08_912828MB3,post,DGS3,3,2009-12-08,2009-12-15,1,0.0025,5,2,4.9126839,2.9374861,1,1,1,4551.6219,15494957,-73431.47,2275.811,-75707.281
2009-12-09_912828LY4_post,2009-12-09_912828LY4,post,DGS10,10,2009-12-09,2009-12-16,1,0.0025,5,1,5.7367878,8.3969016,0.5,1,1,974.44251,1160478.7,-14737.136,487.22126,-15224.357
2009-12-10_912810QD3_post,2009-12-10_912810QD3,post,DGS30,30,2009-12-10,2009-12-17,1,0.0025,5,1.0779918,5.5083655,16.374476,0.5,1,1,1094.001,668113.59,9430.0107,547.00051,8883.0102
2009-12-28_912828ML1_pre,2009-12-28_912828ML1,pre,DGS2,2,2009-12-18,2009-12-28,-1,0.0025,5,1.9890707,4.1345656,1.9796669,1,1,1,5378.6755,27169598,137981.38,2689.3377,135292.04
2009-12-29_912828ME7_pre,2009-12-29_912828ME7,pre,DGS5,5,2009-12-21,2009-12-29,-1,0.0025,5,2,5.8848412,4.6814934,1,1,0.34872431,1325.0507,2830401.6,23546.838,662.52533,22884.313
2009-12-30_912828MD9_pre,2009-12-30_912828MD9,pre,DGS7,7,2009-12-22,2009-12-30,-1,0.0025,5,2,6.5174906,6.2182045,1,1,0,0,0,0,0,0
2009-12-28_912828ML1_post,2009-12-28_912828ML1,post,DGS2,2,2009-12-28,2010-01-05,1,0.0025,5,1.9890707,4.2703815,1.9730442,1,1,1,5207.6112,26393789,47566.313,2603.8056,44962.508
2009-12-29_912828ME7_post,2009-12-29_912828ME7,post,DGS5,5,2009-12-29,2010-01-06,1,0.0025,5,2,6.1876494,4.6578519,1,1,0.46481224,1679.7198,3606211.3,5415.7802,839.85992,4575.9203
2009-12-30_912828MD9_post,2009-12-30_912828MD9,post,DGS7,7,2009-12-30,2010-01-07,1,0.0025,5,2,6.5397524,6.1961132,1,1,0,0,0,0,0,0
2010-01-12_912828MG2_pre,2010-01-12_912828MG2,pre,DGS3,3,2010-01-05,2010-01-12,-1,0.0025,5,1.9446324,5.1567519,2.9192704,1,1,1,4216.1523,14442486,-33721.557,2108.0761,-35829.633
2010-01-13_912828LY4_pre,2010-01-13_912828LY4,pre,DGS10,10,2010-01-06,2010-01-13,-1,0.0025,5,0.85191278,6.0398863,8.2352002,1,1,1,1576.9626,1914904.9,-9330.7401,788.48128,-10119.221
2010-01-14_912810QD3_pre,2010-01-14_912810QD3,pre,DGS30,30,2010-01-07,2010-01-14,-1,0.0025,5,0.91412433,5.6852222,16.015203,1,1,1,1797.6818,1122484.6,-12132.657,898.84092,-13031.498
2010-01-12_912828MG2_post,2010-01-12_912828MG2,post,DGS3,3,2010-01-12,2010-01-20,1,0.0025,5,1.9446324,4.9268949,2.9227988,1,1,1,4412.8506,15098031,22382.369,2206.4253,20175.943
2010-01-13_912828LY4_post,2010-01-13_912828LY4,post,DGS10,10,2010-01-13,2010-01-21,1,0.0025,5,0.85191278,5.7856973,8.2551666,1,1,1,1646.2448,1994199.4,31394.469,823.12242,30571.347
2010-01-14_912810QD3_post,2010-01-14_912810QD3,post,DGS30,30,2010-01-14,2010-01-22,1,0.0025,5,0.91412433,5.4451554,16.127351,1,1,1,1876.9383,1163823.1,25814.558,938.46914,24876.089
2010-01-26_912828MJ6_pre,2010-01-26_912828MJ6,pre,DGS2,2,2010-01-19,2010-01-26,-1,0.0025,5,1.8475794,4.3808778,1.9769645,1,1,0.49239765,2321.7366,11743947,-15761.636,1160.8683,-16922.505
2010-01-27_912828MH0_pre,2010-01-27_912828MH0,pre,DGS5,5,2010-01-20,2010-01-27,-1,0.0025,5,2,5.8260083,4.6789966,0.5,1,1,1919.0395,4101391.1,-5681.026,959.51973,-6640.5457
2010-01-28_912828MK3_pre,2010-01-28_912828MK3,pre,DGS7,7,2010-01-21,2010-01-28,-1,0.0025,5,2,5.9847971,6.2515557,0.5,1,1,1868.1235,2988253.7,9453.6477,934.06173,8519.5859
2010-01-26_912828MJ6_post,2010-01-26_912828MJ6,post,DGS2,2,2010-01-26,2010-02-02,1,0.0025,5,1.8475794,4.2771235,1.9784378,0.5,1,1,2414.7731,12205454,4244.8566,1207.3865,3037.47
2010-01-27_912828MH0_post,2010-01-27_912828MH0,post,DGS5,5,2010-01-27,2010-02-03,1,0.0025,5,2,5.4692515,4.6814934,1,1,1,4088.4351,8733185.6,16131.358,2044.2176,14087.141
2010-01-28_912828MK3_post,2010-01-28_912828MK3,post,DGS7,7,2010-01-28,2010-02-04,1,0.0025,5,2,5.7048646,6.2381842,1,1,1,3919.5811,6283208.4,39079.299,1959.7906,37119.508
2010-02-09_912828MN7_pre,2010-02-09_912828MN7,pre,DGS3,3,2010-02-02,2010-02-09,-1,0.0025,5,1.7905694,4.6044378,2.9273449,1,1,1,4347.8,14852367,-20966.728,2173.9,-23140.628
2010-02-10_912828MP2_pre,2010-02-10_912828MP2,pre,DGS10,10,2010-02-03,2010-02-10,-1,0.0025,5,2,5.1522306,8.2832369,1,1,1,4339.9998,5239497.4,-8056.3247,2169.9999,-10226.325
2010-02-11_912810QE1_pre,2010-02-11_912810QE1,pre,DGS30,30,2010-02-04,2010-02-11,-1,0.0025,5,2,4.8671329,16.316939,1,1,1,4594.2201,2815613.9,70170.147,2297.11,67873.037
2010-02-09_912828MN7_post,2010-02-09_912828MN7,post,DGS3,3,2010-02-09,2010-02-17,1,0.0025,5,1.7905694,4.8263636,2.9293689,1,1,1,4147.8795,14159636,-16719.787,2073.9398,-18793.727
2010-02-10_912828MP2_post,2010-02-10_912828MP2,post,DGS10,10,2010-02-10,2010-02-18,1,0.0025,5,2,5.3681157,8.2872582,1,1,1,4165.4616,5026344.6,-25066.648,2082.7308,-27149.379
2010-02-11_912810QE1_post,2010-02-11_912810QE1,post,DGS30,30,2010-02-11,2010-02-19,1,0.0025,5,2,5.1492965,16.015203,1,1,1,4342.4728,2711469.1,-5757.43,2171.2364,-7928.6664
2010-02-23_912828MQ0_pre,2010-02-23_912828MQ0,pre,DGS2,2,2010-02-16,2010-02-23,-1,0.0025,5,1.5976143,4.4329276,1.9796669,1,1,0.39808662,1604.0352,8102550.8,6772.9478,802.01758,5970.9302
2010-02-24_912828MR8_pre,2010-02-24_912828MR8,pre,DGS5,5,2010-02-17,2010-02-24,-1,0.0025,5,1.7905694,5.4526985,4.6852424,1,1,1,3671.4252,7836147.8,-3564.131,1835.7126,-5399.8436
2010-02-25_912828MS6_pre,2010-02-25_912828MS6,pre,DGS7,7,2010-02-18,2010-02-25,-1,0.0025,5,1.761387,5.5122873,6.2204199,1,1,1,3572.547,5743257,-53620.68,1786.2735,-55406.954
2010-02-23_912828MQ0_post,2010-02-23_912828MQ0,post,DGS2,2,2010-02-23,2010-03-02,1,0.0025,5,1.5976143,4.5300004,1.9784378,1,1,0.82391535,3248.7126,16420595,24915.77,1624.3563,23291.413
2010-02-24_912828MR8_post,2010-02-24_912828MR8,post,DGS5,5,2010-02-24,2010-03-03,1,0.0025,5,1.7905694,5.692596,4.6852424,1,1,1,3516.7039,7505916.7,48916.71,1758.3519,47158.358
2010-02-25_912828MS6_post,2010-02-25_912828MS6,post,DGS7,7,2010-02-25,2010-03-04,1,0.0025,5,1.761387,5.6604486,6.2515557,1,1,1,3479.0362,5565072.6,23988.68,1739.5181,22249.162
2010-03-09_912828MT4_pre,2010-03-09_912828MT4,pre,DGS3,3,2010-03-02,2010-03-09,-1,0.0025,5,1.5976143,4.9733754,2.9313949,1,1,1,3591.4986,12251841,32916.552,1795.7493,31120.803
2010-03-10_912828MP2_pre,2010-03-10_912828MP2,pre,DGS10,10,2010-03-03,2010-03-10,-1,0.0025,5,2,5.3788664,8.3235761,1,1,1,4157.1361,4994411.1,38026.277,2078.5681,35947.709
2010-03-11_912810QE1_pre,2010-03-11_912810QE1,pre,DGS30,30,2010-03-04,2010-03-11,-1,0.0025,5,0.64194256,5.1528885,16.259708,1,1,1,1392.8374,856618.98,13043.991,696.41872,12347.573
2010-03-09_912828MT4_post,2010-03-09_912828MT4,post,DGS3,3,2010-03-09,2010-03-16,1,0.0025,5,1.5976143,4.6027503,2.9263337,0.5,1,1,1940.3476,6630643.5,-6070.6233,970.17379,-7040.797
2010-03-10_912828MP2_post,2010-03-10_912828MP2,post,DGS10,10,2010-03-10,2010-03-17,1,0.0025,5,0.57742287,5.2120027,8.2832369,0.5,1,1,619.31894,747677.45,5472.2248,309.65947,5162.5654
2010-03-11_912810QE1_post,2010-03-11_912810QE1,post,DGS30,30,2010-03-11,2010-03-18,1,0.0025,5,0.64194256,5.0773397,16.071128,0.5,1,1,706.78115,439783.18,5360.3887,353.39058,5006.9982
2010-03-23_912828MU1_pre,2010-03-23_912828MU1,pre,DGS2,2,2010-03-16,2010-03-23,-1,0.0025,5,1.4082483,4.2204774,1.9769645,1,1,1,3730.5483,18870082,30508.441,1865.2741,28643.167
2010-03-24_912828MW7_pre,2010-03-24_912828MW7,pre,DGS5,5,2010-03-17,2010-03-24,-1,0.0025,5,1.5976143,5.3296951,4.6877441,1,1,1,3351.387,7149253.3,76850.494,1675.6935,75174.801
2010-03-25_912828MV9_pre,2010-03-25_912828MV9,pre,DGS7,7,2010-03-18,2010-03-25,-1,0.0025,5,1.5504819,4.9918295,6.2404099,1,1,0.71533046,2484.0978,3980664.4,54463.805,1242.0489,53221.756
2010-03-23_912828MU1_post,2010-03-23_912828MU1,post,DGS2,2,2010-03-23,2010-03-30,1,0.0025,5,1.4082483,3.9216911,1.9747578,1,1,0.92816839,3726.3842,18870082,-11579.918,1863.1921,-13443.11
2010-03-24_912828MW7_post,2010-03-24_912828MW7,post,DGS5,5,2010-03-24,2010-03-31,1,0.0025,5,1.5976143,4.8506217,4.6578519,1,1,0.90430894,3330.0163,7149253.3,26706.827,1665.0082,25041.819
2010-03-25_912828MV9_post,2010-03-25_912828MV9,post,DGS7,7,2010-03-25,2010-04-01,1,0.0025,5,1.5504819,4.8950569,6.189508,1,1,0.69574122,2463.8354,3980664.4,14757.348,1231.9177,13525.431
2010-04-06_912828MX5_pre,2010-04-06_912828MX5,pre,DGS3,3,2010-03-30,2010-04-06,-1,0.0025,5,1.4082483,4.3530624,2.9152459,1,1,1,3616.9237,12406925,28819.706,1808.4618,27011.244
2010-04-07_912828MP2_pre,2010-04-07_912828MP2,pre,DGS10,10,2010-03-31,2010-04-07,-1,0.0025,5,0.4765029,4.9452083,8.2391879,1,1,1,1077.2983,1307529.7,4389.4871,538.64914,3850.838
2010-04-08_912810QE1_pre,2010-04-08_912810QE1,pre,DGS30,30,2010-04-01,2010-04-08,-1,0.0025,5,0.51617938,4.9509173,15.922653,1,1,1,1165.6549,732073.28,410.03302,582.82744,-172.79441
2010-04-06_912828MX5_post,2010-04-06_912828MX5,post,DGS3,3,2010-04-06,2010-04-13,1,0.0025,5,1.4082483,4.3399016,2.9107285,1,1,1,3627.8921,12463863,36261.987,1813.946,34448.041
2010-04-07_912828MP2_post,2010-04-07_912828MP2,post,DGS10,10,2010-04-07,2010-04-14,1,0.0025,5,0.4765029,4.9252893,8.2192771,1,1,1,1081.6551,1315997.9,2021.0845,540.82756,1480.257
2010-04-08_912810QE1_post,2010-04-08_912810QE1,post,DGS30,30,2010-04-08,2010-04-15,1,0.0025,5,0.51617938,4.9437514,15.904241,1,1,1,1167.3445,733983.15,4167.4015,583.67223,3583.7293
2010-04-27_912828NB2_pre,2010-04-27_912828NB2,pre,DGS2,2,2010-04-20,2010-04-27,-1,0.0025,5,1,3.7781336,1.9740231,1,1,1,2959.223,14990822,-8547.9031,1479.6115,-10027.515
2010-04-28_912828MZ0_pre,2010-04-28_912828MZ0,pre,DGS5,5,2010-04-21,2010-04-28,-1,0.0025,5,1.4082483,5.2757574,4.6702729,0.5,1,1,1492.1739,3195046.4,-31.093316,746.08693,-777.18025
2010-04-29_912828NA4_pre,2010-04-29_912828NA4,pre,DGS7,7,2010-04-22,2010-04-29,-1,0.0025,5,1.4082483,5.0851229,6.2137771,0.5,1,1,1548.1135,2491421,-12399.027,774.05674,-13173.084
2010-04-27_912828NB2_post,2010-04-27_912828NB2,post,DGS2,2,2010-04-27,2010-05-04,1,0.0025,5,1,3.7571401,1.9745129,0.5,1,1,1487.879,7535423.3,11623.935,743.93951,10879.996
2010-04-28_912828MZ0_post,2010-04-28_912828MZ0,post,DGS5,5,2010-04-28,2010-05-05,1,0.0025,5,1.4082483,5.5310117,4.6690286,1,1,1,2846.6211,6096816.5,65523.301,1423.3105,64099.99
2010-04-29_912828NA4_post,2010-04-29_912828NA4,post,DGS7,7,2010-04-29,2010-05-06,1,0.0025,5,1.4082483,5.4951442,6.2292929,1,1,1,2865.2013,4599561.1,106616.11,1432.6007,105183.51
2010-05-11_912828NC0_pre,2010-05-11_912828NC0,pre,DGS3,3,2010-05-04,2010-05-11,-1,0.0025,5,1,4.4013352,2.9233034,1,1,1,2540.2155,8689537.7,-32643.984,1270.1078,-33914.092
2010-05-12_912828ND8_pre,2010-05-12_912828ND8,pre,DGS10,10,2010-05-05,2010-05-12,-1,0.0025,5,1.8068715,5.0840117,8.3438517,1,1,1,3973.5231,4762216.8,-11447.373,1986.7615,-13434.135
2010-05-13_912810QH4_pre,2010-05-13_912810QH4,pre,DGS30,30,2010-05-06,2010-05-13,-1,0.0025,5,2,4.6632049,16.987471,1,1,1,4795.1313,2822745.8,129024.81,2397.5656,126627.24
2010-05-11_912828NC0_post,2010-05-11_912828NC0,post,DGS3,3,2010-05-11,2010-05-18,1,0.0025,5,0,4.9709893,2.9293689,1,1,1,0,0,0,0,0
2010-05-12_912828ND8_post,2010-05-12_912828ND8,post,DGS10,10,2010-05-12,2010-05-19,1,0.0025,5,1.8068715,5.7080575,8.3519819,1,1,1,3539.109,4237448.1,73968.457,1769.5545,72198.903
2010-05-13_912810QH4_post,2010-05-13_912810QH4,post,DGS30,30,2010-05-13,2010-05-20,1,0.0025,5,2,5.5604282,16.432323,1,1,1,4021.3953,2447247,142519.52,2010.6977,140508.83
2010-05-25_912828NE6_pre,2010-05-25_912828NE6,pre,DGS2,2,2010-05-18,2010-05-25,-1,0.0025,5,1,4.1789086,1.9811434,1,1,1,2675.421,13504429,11796.669,1337.7105,10458.958
2010-05-26_912828NF3_pre,2010-05-26_912828NF3,pre,DGS5,5,2010-05-19,2010-05-26,-1,0.0025,5,1,6.1378699,4.7191822,1,1,1,1821.5342,3859851.4,-14166.63,910.7671,-15077.397
2010-05-27_912828NG1_pre,2010-05-27_912828NG1,pre,DGS7,7,2010-05-20,2010-05-27,-1,0.0025,5,0,5.9758459,6.3372116,1,1,1,0,0,0,0,0
2010-05-25_912828NE6_post,2010-05-25_912828NE6,post,DGS2,2,2010-05-25,2010-06-02,1,0.0025,5,0,4.2122702,1.9799129,1,1,1,0,0,0,0,0
2010-05-26_912828NF3_post,2010-05-26_912828NF3,post,DGS5,5,2010-05-26,2010-06-03,1,0.0025,5,0,6.1791521,4.7280402,1,1,1,0,0,0,0,0
2010-05-27_912828NG1_post,2010-05-27_912828NG1,post,DGS7,7,2010-05-27,2010-06-04,1,0.0025,5,0,6.1923956,6.314507,1,1,1,0,0,0,0,0
2010-06-08_912828NH9_pre,2010-06-08_912828NH9,pre,DGS3,3,2010-06-01,2010-06-08,-1,0.0025,5,0,5.2885923,2.9349458,1,1,1,0,0,0,0,0
2010-06-09_912828ND8_pre,2010-06-09_912828ND8,pre,DGS10,10,2010-06-02,2010-06-09,-1,0.0025,5,1.9991746,6.0228144,8.4380394,1,1,1,3711.1306,4398095.9,-58807.546,1855.5653,-60663.111
2010-06-10_912810QH4_pre,2010-06-10_912810QH4,pre,DGS30,30,2010-06-03,2010-06-10,-1,0.0025,5,0.35450278,6.2432789,16.785993,1,1,1,634.83653,378194.2,-3000.1948,317.41827,-3317.613
2010-06-08_912828NH9_post,2010-06-08_912828NH9,post,DGS3,3,2010-06-08,2010-06-15,1,0.0025,5,0,5.5553456,2.9374861,1,1,1,0,0,0,0,0
2010-06-09_912828ND8_post,2010-06-09_912828ND8,post,DGS10,10,2010-06-09,2010-06-16,1,0.0025,5,0.36416163,6.5589676,8.5002901,1,1,1,620.74568,730264.11,-3847.6537,310.37284,-4158.0265
2010-06-10_912810QH4_post,2010-06-10_912810QH4,post,DGS30,30,2010-06-10,2010-06-17,1,0.0025,5,0.35450278,6.5641338,16.86615,1,1,1,603.80571,357998.55,7643.5328,301.90286,7341.6299
2010-06-22_912828NS5_pre,2010-06-22_912828NS5,pre,DGS2,2,2010-06-15,2010-06-22,-1,0.0025,5,0,4.6002641,1.980405,1,1,1,0,0,0,0,0
2010-06-23_912828NL0_pre,2010-06-23_912828NL0,pre,DGS5,5,2010-06-16,2010-06-23,-1,0.0025,5,0,7.0936233,4.7280402,0.5,1,1,0,0,0,0,0
2010-06-24_912828NK2_pre,2010-06-24_912828NK2,pre,DGS7,7,2010-06-17,2010-06-24,-1,0.0025,5,0,7.2571804,6.3463265,0.5,1,1,0,0,0,0,0
2010-06-22_912828NS5_post,2010-06-22_912828NS5,post,DGS2,2,2010-06-22,2010-06-29,1,0.0025,5,0,4.5079967,1.9823752,0.5,1,1,0,0,0,0,0
2010-06-23_912828NL0_post,2010-06-23_912828NL0,post,DGS5,5,2010-06-23,2010-06-30,1,0.0025,5,0,6.7043286,4.7445557,1,1,1,0,0,0,0,0
2010-06-24_912828NK2_post,2010-06-24_912828NK2,post,DGS7,7,2010-06-24,2010-07-01,1,0.0025,5,0,6.9486413,6.364613,1,1,1,0,0,0,0,0
2010-07-12_912828NN6_pre,2010-07-12_912828NN6,pre,DGS3,3,2010-07-02,2010-07-12,-1,0.0025,5,0,5.2150098,2.9461484,1,1,1,0,0,0,0,0
2010-07-13_912828ND8_pre,2010-07-13_912828ND8,pre,DGS10,10,2010-07-06,2010-07-13,-1,0.0025,5,0.36416163,6.4663186,8.6055124,1,1,1,629.63968,731670.18,12111.407,314.81984,11796.587
2010-07-14_912810QH4_pre,2010-07-14_912810QH4,pre,DGS30,30,2010-07-07,2010-07-14,-1,0.0025,5,0.35450278,6.7555167,17.464912,1,1,1,586.69998,335930.68,3804.6579,293.34999,3511.3079
2010-07-12_912828NN6_post,2010-07-12_912828NN6,post,DGS3,3,2010-07-12,2010-07-19,1,0.0025,5,0,5.2528174,2.9451272,1,1,1,0,0,0,0,0
2010-07-13_912828ND8_post,2010-07-13_912828ND8,post,DGS10,10,2010-07-13,2010-07-20,1,0.0025,5,0.36416163,6.5620894,8.5211866,1,1,1,620.45038,728126.73,11007.896,310.22519,10697.671
2010-07-14_912810QH4_post,2010-07-14_912810QH4,post,DGS30,30,2010-07-14,2010-07-21,1,0.0025,5,0.35450278,6.8949134,17.317493,1,1,1,574.83848,331940.94,8412.0647,287.41924,8124.6455
2010-07-27_912828NQ9_pre,2010-07-27_912828NQ9,pre,DGS2,2,2010-07-20,2010-07-27,-1,0.0025,5,0,4.0604194,1.9848425,1,1,1,0,0,0,0,0
2010-07-28_912828NP1_pre,2010-07-28_912828NP1,pre,DGS5,5,2010-07-21,2010-07-28,-1,0.0025,5,0,6.4637188,4.7791281,1,1,1,0,0,0,0,0
2010-07-29_912828NR7_pre,2010-07-29_912828NR7,pre,DGS7,7,2010-07-22,2010-07-29,-1,0.0025,5,0,6.8326236,6.4129782,1,1,1,0,0,0,0,0
2010-07-27_912828NQ9_post,2010-07-27_912828NQ9,post,DGS2,2,2010-07-27,2010-08-03,1,0.0025,5,0,4.0119525,1.983855,1,1,1,0,0,0,0,0
2010-07-28_912828NP1_post,2010-07-28_912828NP1,post,DGS5,5,2010-07-28,2010-08-04,1,0.0025,5,0,6.3070895,4.7675631,1,1,1,0,0,0,0,0
2010-07-29_912828NR7_post,2010-07-29_912828NR7,post,DGS7,7,2010-07-29,2010-08-05,1,0.0025,5,0,6.6717001,6.4083492,1,1,1,0,0,0,0,0
2010-08-10_912828NU0_pre,2010-08-10_912828NU0,pre,DGS3,3,2010-08-03,2010-08-10,-1,0.0025,5,0,4.5670151,2.958444,0.5,1,1,0,0,0,0,0
2010-08-11_912828NT3_pre,2010-08-11_912828NT3,pre,DGS10,10,2010-08-04,2010-08-11,-1,0.0025,5,1.9991746,6.2132308,8.5927876,0.5,1,1,1798.698,2093264.8,-48223.108,899.34898,-49122.457
2010-08-12_912810QK7_pre,2010-08-12_912810QK7,pre,DGS30,30,2010-08-05,2010-08-12,-1,0.0025,5,2,6.1846356,17.275716,0.5,1,1,1807.7605,1046417.1,-20867.149,903.88025,-21771.03
2010-08-10_912828NU0_post,2010-08-10_912828NU0,post,DGS3,3,2010-08-10,2010-08-17,1,0.0025,5,0,4.5018515,2.9594722,1,1,1,0,0,0,0,0
2010-08-11_912828NT3_post,2010-08-11_912828NT3,post,DGS10,10,2010-08-11,2010-08-18,1,0.0025,5,1.9991746,6.0064701,8.7039698,1,1,1,3721.2291,4275323.9,32017.999,1860.6145,30157.385
2010-08-12_912810QK7_post,2010-08-12_912810QK7,post,DGS30,30,2010-08-12,2010-08-19,1,0.0025,5,2,5.9183713,17.507378,1,1,1,3778.1813,2158051,109973.04,1889.0907,108083.95
2010-08-24_912828PH7_pre,2010-08-24_912828PH7,pre,DGS2,2,2010-08-17,2010-08-24,-1,0.0025,5,0,3.1315327,1.9870673,1,1,1,0,0,0,0,0
2010-08-25_912828NV8_pre,2010-08-25_912828NV8,pre,DGS5,5,2010-08-18,2010-08-25,-1,0.0025,5,0,5.8017141,4.8049756,1,1,1,0,0,0,0,0
2010-08-26_912828NW6_pre,2010-08-26_912828NW6,pre,DGS7,7,2010-08-19,2010-08-26,-1,0.0025,5,0,6.1545766,6.4971299,1,1,1,0,0,0,0,0
2010-08-24_912828PH7_post,2010-08-24_912828PH7,post,DGS2,2,2010-08-24,2010-08-31,1,0.0025,5,0,2.9913246,1.9875622,1,1,1,0,0,0,0,0
2010-08-25_912828NV8_post,2010-08-25_912828NV8,post,DGS5,5,2010-08-25,2010-09-01,1,0.0025,5,0,5.5764841,4.8127697,1,1,1,0,0,0,0,0
2010-08-26_912828NW6_post,2010-08-26_912828NW6,post,DGS7,7,2010-08-26,2010-09-02,1,0.0025,5,0,5.9642058,6.5089432,1,1,1,0,0,0,0,0
2010-09-07_912828NY2_pre,2010-09-07_912828NY2,pre,DGS3,3,2010-08-30,2010-09-07,-1,0.0025,5,0,4.0830364,2.9610155,1,1,1,0,0,0,0,0
2010-09-08_912828NT3_pre,2010-09-08_912828NT3,pre,DGS10,10,2010-08-31,2010-09-08,-1,0.0025,5,2,5.9109207,8.8128225,1,1,1,3782.9436,4292544.9,68858.703,1891.4718,66967.231
2010-09-09_912810QK7_pre,2010-09-09_912810QK7,pre,DGS30,30,2010-09-01,2010-09-09,-1,0.0025,5,2,5.9844195,18.140862,1,1,1,3736.4827,2059705.1,67629.009,1868.2413,65760.767
2010-09-07_912828NY2_post,2010-09-07_912828NY2,post,DGS3,3,2010-09-07,2010-09-14,1,0.0025,5,0,3.7160516,2.9599865,1,1,1,0,0,0,0,0
2010-09-08_912828NT3_post,2010-09-08_912828NT3,post,DGS10,10,2010-09-08,2010-09-15,1,0.0025,5,0.35450278,6.1075807,8.7299189,1,1,1,648.94132,743353.21,-4771.198,324.47066,-5095.6687
2010-09-09_912810QK7_post,2010-09-09_912810QK7,post,DGS30,30,2010-09-09,2010-09-16,1,0.0025,5,0.35450278,6.2022413,17.722039,1,1,1,639.03698,360588.85,-4776.6415,319.51849,-5096.16
2010-09-27_912828NX4_pre,2010-09-27_912828NX4,pre,DGS2,2,2010-09-20,2010-09-27,-1,0.0025,5,0,2.4994915,1.988305,0.5,1,1,0,0,0,0,0
2010-09-28_912828NZ9_pre,2010-09-28_912828NZ9,pre,DGS5,5,2010-09-21,2010-09-28,-1,0.0025,5,0,5.5515051,4.8205824,1,1,1,0,0,0,0,0
2010-09-29_912828PA2_pre,2010-09-29_912828PA2,pre,DGS7,7,2010-09-22,2010-09-29,-1,0.0025,5,0,6.1670713,6.5113095,1,1,1,0,0,0,0,0
2010-09-27_912828NX4_post,2010-09-27_912828NX4,post,DGS2,2,2010-09-27,2010-10-04,1,0.0025,5,0,2.516836,1.9890482,1,1,1,0,0,0,0,0
2010-09-28_912828NZ9_post,2010-09-28_912828NZ9,post,DGS5,5,2010-09-28,2010-10-05,1,0.0025,5,0,5.6192516,4.8323361,1,1,1,0,0,0,0,0
2010-09-29_912828PA2_post,2010-09-29_912828PA2,post,DGS7,7,2010-09-29,2010-10-06,1,0.0025,5,0,6.2313904,6.5231598,1,1,1,0,0,0,0,0
2010-10-12_912828PB0_pre,2010-10-12_912828PB0,pre,DGS3,3,2010-10-04,2010-10-12,-1,0.0025,5,0,3.7369736,2.9677172,1,1,1,0,0,0,0,0
2010-10-13_912828NT3_pre,2010-10-13_912828NT3,pre,DGS10,10,2010-10-05,2010-10-13,-1,0.0025,5,0.35450278,6.4161475,8.7996581,1,1,1,617.73229,701995.79,-2840.5208,308.86615,-3149.387
2010-10-14_912810QK7_pre,2010-10-14_912810QK7,pre,DGS30,30,2010-10-06,2010-10-14,-1,0.0025,5,0.35450278,6.4216046,18.096086,1,1,1,617.20734,341072.29,14280.748,308.60367,13972.145
2010-10-12_912828PB0_post,2010-10-12_912828PB0,post,DGS3,3,2010-10-12,2010-10-19,1,0.0025,5,0,3.5694878,2.9692671,1,1,1,0,0,0,0,0
2010-10-13_912828NT3_post,2010-10-13_912828NT3,post,DGS10,10,2010-10-13,2010-10-20,1,0.0025,5,0.35450278,6.3097091,8.8172169,1,1,1,628.15281,712416.19,-2791.0129,314.0764,-3105.0893
2010-10-14_912810QK7_post,2010-10-14_912810QK7,post,DGS30,30,2010-10-14,2010-10-21,1,0.0025,5,0.35450278,6.4298694,17.571366,1,1,1,616.414,350805.97,-2162.1772,308.207,-2470.3842
2010-10-26_912828PD6_pre,2010-10-26_912828PD6,pre,DGS2,2,2010-10-19,2010-10-26,-1,0.0025,5,0,2.7368587,1.9907841,1,1,1,0,0,0,0,0
2010-10-27_912828PE4_pre,2010-10-27_912828PE4,pre,DGS5,5,2010-10-20,2010-10-27,-1,0.0025,5,0,5.3642466,4.8507031,1,1,1,0,0,0,0,0
2010-10-28_912828PF1_pre,2010-10-28_912828PF1,pre,DGS7,7,2010-10-21,2010-10-28,-1,0.0025,5,0.20943058,5.9878408,6.5374211,1,1,1,391.04332,598161.43,4460.1444,195.52166,4264.6228
2010-10-26_912828PD6_post,2010-10-26_912828PD6,post,DGS2,2,2010-10-26,2010-11-02,1,0.0025,5,0,2.6868586,1.9900399,1,1,1,0,0,0,0,0
2010-10-27_912828PE4_post,2010-10-27_912828PE4,post,DGS5,5,2010-10-27,2010-11-03,1,0.0025,5,0,5.2316669,4.8205824,0.5,1,1,0,0,0,0,0
2010-10-28_912828PF1_post,2010-10-28_912828PF1,post,DGS7,7,2010-10-28,2010-11-04,1,0.0025,5,0.20943058,6.0098554,6.5089432,0.5,1,1,194.80545,299288.9,4803.16,97.402723,4705.7573
2010-11-08_912828PU8_pre,2010-11-08_912828PU8,pre,DGS3,3,2010-11-01,2010-11-08,-1,0.0025,5,0,3.4655284,2.973924,0.5,1,1,0,0,0,0,0
2010-11-09_912828PC8_pre,2010-11-09_912828PC8,pre,DGS10,10,2010-11-02,2010-11-09,-1,0.0025,5,0.35450278,6.3950899,8.7429348,0.5,1,1,309.88317,354438.39,2585.6445,154.94159,2430.7029
2010-11-10_912810QL5_pre,2010-11-10_912810QL5,pre,DGS30,30,2010-11-03,2010-11-10,-1,0.0025,5,2,6.423188,17.192614,1,1,1,3481.2432,2024848.1,53098.127,1740.6216,51357.505
2010-11-08_912828PU8_post,2010-11-08_912828PU8,post,DGS3,3,2010-11-08,2010-11-16,1,0.0025,5,0,3.5002421,2.9692671,1,1,1,0,0,0,0,0
2010-11-09_912828PC8_post,2010-11-09_912828PC8,post,DGS10,10,2010-11-09,2010-11-17,1,0.0025,5,2,6.5182057,8.7039698,1,1,1,3430.4962,3941300.6,-55359.518,1715.2481,-57074.766
2010-11-10_912810QL5_post,2010-11-10_912810QL5,post,DGS30,30,2010-11-10,2010-11-18,1,0.0025,5,2,6.918329,16.86615,1,1,1,3232.0925,1916319.1,-10566.592,1616.0463,-12182.638
2010-11-22_912828PV6_pre,2010-11-22_912828PV6,pre,DGS2,2,2010-11-15,2010-11-22,-1,0.0025,5,0,2.8670641,1.9868199,1,1,1,0,0,0,0,0
2010-11-23_912828PJ3_pre,2010-11-23_912828PJ3,pre,DGS5,5,2010-11-16,2010-11-23,-1,0.0025,5,0.055367593,6.0988792,4.8010855,1,1,1,101.49873,211407.89,-969.84471,50.749367,-1020.5941
2010-11-24_912828PK0_pre,2010-11-24_912828PK0,pre,DGS7,7,2010-11-17,2010-11-24,-1,0.0025,5,0.4023857,6.9196151,6.4642165,1,1,1,650.15304,1005772.4,4766.0627,325.07652,4440.9861
2010-11-22_912828PV6_post,2010-11-22_912828PV6,post,DGS2,2,2010-11-22,2010-11-30,1,0.0025,5,0,2.8875341,1.9878098,1,1,1,0,0,0,0,0
2010-11-23_912828PJ3_post,2010-11-23_912828PJ3,post,DGS5,5,2010-11-23,2010-12-01,1,0.0025,5,0.055367593,6.0642511,4.8127697,1,1,1,102.07831,212098.89,-2370.7495,51.039156,-2421.7886
2010-11-24_912828PK0_post,2010-11-24_912828PK0,post,DGS7,7,2010-11-24,2010-12-02,1,0.0025,5,0.4023857,6.8778487,6.4455164,1,1,1,654.10117,1014815.8,-7987.8586,327.05058,-8314.9092
2010-12-07_912828PL8_pre,2010-12-07_912828PL8,pre,DGS3,3,2010-11-30,2010-12-07,-1,0.0025,5,0,4.138663,2.96256,1,1,1,0,0,0,0,0
2010-12-08_912828PC8_pre,2010-12-08_912828PC8,pre,DGS10,10,2010-12-01,2010-12-08,-1,0.0025,5,2,6.6309282,8.5970262,1,1,1,3372.1794,3922495.2,94442.832,1686.0897,92756.742
2010-12-09_912810QL5_pre,2010-12-09_912810QL5,pre,DGS30,30,2010-12-02,2010-12-09,-1,0.0025,5,0.35450278,6.500239,16.825999,1,1,1,609.74089,362380.19,8062.7129,304.87044,7757.8424
2010-12-07_912828PL8_post,2010-12-07_912828PL8,post,DGS3,3,2010-12-07,2010-12-14,1,0.0025,5,0,4.5252275,2.9548497,0.5,1,1,0,0,0,0,0
2010-12-08_912828PC8_post,2010-12-08_912828PC8,post,DGS10,10,2010-12-08,2010-12-15,1,0.0025,5,0.35450278,7.0661923,8.4753111,0.5,1,1,280.45242,330905.17,-7286.0518,140.22621,-7426.278
2010-12-09_912810QL5_post,2010-12-09_912810QL5,post,DGS30,30,2010-12-09,2010-12-16,1,0.0025,5,0.35450278,6.4055723,16.548949,0.5,1,1,309.37607,186946.05,-4701.0891,154.68803,-4855.7771
2010-12-27_912828PW4_pre,2010-12-27_912828PW4,pre,DGS2,2,2010-12-17,2010-12-27,-1,0.0025,5,0.055367593,3.8421907,1.9848425,1,1,1,161.11343,811718.94,1491.4351,80.556714,1410.8783
2010-12-28_912828PM6_pre,2010-12-28_912828PM6,pre,DGS5,5,2010-12-20,2010-12-28,-1,0.0025,5,0.20943058,7.3286644,4.7369227,1,1,1,319.49957,674487.62,5764.6345,159.74978,5604.8848
2010-12-29_912828PN4_pre,2010-12-29_912828PN4,pre,DGS7,7,2010-12-21,2010-12-29,-1,0.0025,5,0.59175171,8.0229896,6.3372116,1,1,1,824.62842,1301248,2487.5037,412.31421,2075.1894
2010-12-27_912828PW4_post,2010-12-27_912828PW4,post,DGS2,2,2010-12-27,2011-01-03,1,0.0025,5,0.055367593,3.871196,1.9823752,1,1,1,159.90627,806639.77,1680.2527,79.953136,1600.2995
2010-12-28_912828PM6_post,2010-12-28_912828PM6,post,DGS5,5,2010-12-28,2011-01-04,1,0.0025,5,0.20943058,7.2488261,4.7128699,1,1,1,323.01852,685396.65,5763.1045,161.50926,5601.5952
2010-12-29_912828PN4_post,2010-12-29_912828PN4,post,DGS7,7,2010-12-29,2011-01-05,1,0.0025,5,0.59175171,7.9978104,6.3281157,1,1,1,827.22456,1307221,-8394.5746,413.61228,-8808.1869
2011-01-11_912828PQ7_pre,2011-01-11_912828PQ7,pre,DGS3,3,2011-01-04,2011-01-11,-1,0.0025,5,0.20943058,5.3617973,2.9461484,1,1,1,436.70154,1482279.5,-701.87992,218.35077,-920.23069
2011-01-12_912828PC8_pre,2011-01-12_912828PC8,pre,DGS10,10,2011-01-05,2011-01-12,-1,0.0025,5,0.35450278,7.943213,8.3764407,1,1,1,498.9746,595688.1,-5387.9731,249.4873,-5637.4604
2011-01-13_912810QL5_pre,2011-01-13_912810QL5,pre,DGS30,30,2011-01-06,2011-01-13,-1,0.0025,5,0.35450278,7.1357103,16.316939,1,1,1,555.44036,340407.21,-1963.8023,277.72018,-2241.5225
2011-01-11_912828PQ7_post,2011-01-11_912828PQ7,post,DGS3,3,2011-01-11,2011-01-19,1,0.0025,5,0.20943058,5.6906108,2.9466591,1,1,1,411.46816,1396388.7,2318.1493,205.73408,2112.4153
2011-01-12_912828PC8_post,2011-01-12_912828PC8,post,DGS10,10,2011-01-12,2011-01-20,1,0.0025,5,0.35450278,8.3000749,8.4174345,1,1,1,477.52118,567300.14,-2920.8742,238.76059,-3159.6348
2011-01-13_912810QL5_post,2011-01-13_912810QL5,post,DGS30,30,2011-01-13,2011-01-21,1,0.0025,5,0.35450278,7.0895005,16.374476,1,1,1,559.06076,341422.07,-3545.0579,279.53038,-3824.5882
2011-01-25_912828PR5_pre,2011-01-25_912828PR5,pre,DGS2,2,2011-01-18,2011-01-25,-1,0.0025,5,0.20943058,4.2980747,1.9850895,1,1,1,544.77999,2744359.8,838.21416,272.39,565.82416
2011-01-26_912828PS3_pre,2011-01-26_912828PS3,pre,DGS5,5,2011-01-19,2011-01-26,-1,0.0025,5,0.4023857,7.9710635,4.7420094,0.5,1,1,282.19627,595098.52,2035.0065,141.09814,1893.9084
2011-01-27_912828PT1_pre,2011-01-27_912828PT1,pre,DGS7,7,2011-01-20,2011-01-27,-1,0.0025,5,1,8.5195687,6.314507,0.5,1,1,656.15645,1039125.4,-4470.9893,328.07822,-4799.0675
2011-01-25_912828PR5_post,2011-01-25_912828PR5,post,DGS2,2,2011-01-25,2011-02-01,1,0.0025,5,0.20943058,4.3111667,1.9845956,0.5,1,1,271.56282,1368353.4,385.91302,135.78141,250.13162
2011-01-26_912828PS3_post,2011-01-26_912828PS3,post,DGS5,5,2011-01-26,2011-02-02,1,0.0025,5,0.4023857,8.0884238,4.731844,1,1,1,556.20341,1175447.5,-3466.1727,278.1017,-3744.2744
2011-01-27_912828PT1_post,2011-01-27_912828PT1,post,DGS7,7,2011-01-27,2011-02-03,1,0.0025,5,1,8.5855449,6.3281157,1,1,1,1302.2283,2057845.3,-20989.55,651.11417,-21640.664
2011-02-08_912828QH6_pre,2011-02-08_912828QH6,pre,DGS3,3,2011-02-01,2011-02-08,-1,0.0025,5,0.4023857,5.7404059,2.9461484,1,1,1,783.70919,2660114.5,27544.437,391.85459,27152.582
2011-02-09_912828PX2_pre,2011-02-09_912828PX2,pre,DGS10,10,2011-02-02,2011-02-09,-1,0.0025,5,2,8.3925411,8.3682763,1,1,1,2664.3515,3183871.4,32218.137,1332.1758,30885.961
2011-02-10_912810QN1_pre,2011-02-10_912810QN1,pre,DGS30,30,2011-02-03,2011-02-10,-1,0.0025,5,2,6.7623083,16.052453,1,1,1,3306.6638,2059911.8,24344.186,1653.3319,22690.854
2011-02-08_912828QH6_post,2011-02-08_912828QH6,post,DGS3,3,2011-02-08,2011-02-15,1,0.0025,5,0.4023857,5.7370833,2.9278507,1,1,1,784.16307,2678289.2,1437.0806,392.08154,1044.9991
2011-02-09_912828PX2_post,2011-02-09_912828PX2,post,DGS10,10,2011-02-09,2011-02-16,1,0.0025,5,2,8.0741619,8.3154857,1,1,1,2769.4119,3330427.1,10580.699,1384.7059,9195.9933
2011-02-10_912810QN1_post,2011-02-10_912810QN1,post,DGS30,30,2011-02-10,2011-02-17,1,0.0025,5,2,6.6246202,15.904241,1,1,1,3375.3904,2122321,32444.039,1687.6952,30756.344
2011-02-22_912828QK9_pre,2011-02-22_912828QK9,pre,DGS2,2,2011-02-14,2011-02-22,-1,0.0025,5,0.4023857,4.5300004,1.9784378,1,1,1,993.11444,5019690,-13662.58,496.55722,-14159.137
2011-02-23_912828QJ2_pre,2011-02-23_912828QJ2,pre,DGS5,5,2011-02-15,2011-02-23,-1,0.0025,5,0.59175171,7.6788653,4.6915005,1,1,1,861.58371,1836477.9,-12967.751,430.79186,-13398.543
2011-02-24_912828PY0_pre,2011-02-24_912828PY0,pre,DGS7,7,2011-02-16,2011-02-24,-1,0.0025,5,1,8.082397,6.2627303,1,1,1,1383.2951,2208773.2,-24993.007,691.64753,-25684.654
2011-02-22_912828QK9_post,2011-02-22_912828QK9,post,DGS2,2,2011-02-22,2011-03-01,1,0.0025,5,0.4023857,4.5822983,1.981636,1,1,1,981.78001,4954391.2,8402.7856,490.89,7911.8956
2011-02-23_912828QJ2_post,2011-02-23_912828QJ2,post,DGS5,5,2011-02-23,2011-03-02,1,0.0025,5,0.59175171,7.6090936,4.7090884,1,1,1,869.48402,1846395.6,5065.0899,434.74201,4630.3479
2011-02-24_912828PY0_post,2011-02-24_912828PY0,post,DGS7,7,2011-02-24,2011-03-03,1,0.0025,5,1,7.99887,6.3009406,1,1,1,1397.7399,2218303.6,-16922.74,698.86996,-17621.61
2011-03-08_912828PZ7_pre,2011-03-08_912828PZ7,pre,DGS3,3,2011-03-01,2011-03-08,-1,0.0025,5,0.59175171,5.5825596,2.9405389,1,1,1,1185.1168,4030270.8,13314.712,592.55841,12722.153
2011-03-09_912828PX2_pre,2011-03-09_912828PX2,pre,DGS10,10,2011-03-02,2011-03-09,-1,0.0025,5,2,7.4870887,8.3928037,1,1,1,2986.5654,3558483.5,3441.6907,1493.2827,1948.4081
2011-03-10_912810QN1_pre,2011-03-10_912810QN1,pre,DGS30,30,2011-03-03,2011-03-10,-1,0.0025,5,0.35450278,5.9545358,16.108576,1,1,1,665.62057,413208.81,-7770.8532,332.81028,-8103.6634
2011-03-08_912828PZ7_post,2011-03-08_912828PZ7,post,DGS3,3,2011-03-08,2011-03-15,1,0.0025,5,0.59175171,5.5610378,2.9344381,0.5,1,1,594.85167,2027140,11722.686,297.42584,11425.261
2011-03-09_912828PX2_post,2011-03-09_912828PX2,post,DGS10,10,2011-03-09,2011-03-16,1,0.0025,5,0.35450278,7.1269957,8.3846164,0.5,1,1,278.05977,331630.87,7500.7847,139.02988,7361.7548
2011-03-10_912810QN1_post,2011-03-10_912810QN1,post,DGS30,30,2011-03-10,2011-03-17,1,0.0025,5,0.35450278,5.7815946,16.316939,0.5,1,1,342.76543,210067.24,3996.5539,171.38272,3825.1712
2011-03-28_912828QL7_pre,2011-03-28_912828QL7,pre,DGS2,2,2011-03-21,2011-03-28,-1,0.0025,5,0.59175171,4.2144492,1.9833616,1,1,1,1569.8339,7915016.3,20944.589,784.91696,20159.672
2011-03-29_912828QA1_pre,2011-03-29_912828QA1,pre,DGS5,5,2011-03-22,2011-03-29,-1,0.0025,5,1,6.8617502,4.7267733,1,1,1,1629.3715,3447111.5,27859.605,814.68573,27044.92
2011-03-30_912828QB9_pre,2011-03-30_912828QB9,pre,DGS7,7,2011-03-23,2011-03-30,-1,0.0025,5,1,6.8867145,6.3281157,1,1,1,1623.465,2565479.3,18049.339,811.7325,17237.606
2011-03-28_912828QL7_post,2011-03-28_912828QL7,post,DGS2,2,2011-03-28,2011-04-04,1,0.0025,5,0.59175171,4.0739977,1.9799129,1,1,1,1623.9541,8202149.2,7599.7423,811.97704,6787.7652
2011-03-29_912828QA1_post,2011-03-29_912828QA1,post,DGS5,5,2011-03-29,2011-04-05,1,0.0025,5,1,6.4992611,4.7040535,1,1,1,1720.2478,3656947.9,-3638.6927,860.12391,-4498.8166
2011-03-30_912828QB9_post,2011-03-30_912828QB9,post,DGS7,7,2011-03-30,2011-04-06,1,0.0025,5,1,6.477667,6.3009406,1,1,1,1725.9825,2739245.8,-17446.248,862.99125,-18309.239
2011-04-12_912828QC7_pre,2011-04-12_912828QC7,pre,DGS3,3,2011-04-05,2011-04-12,-1,0.0025,5,1,5.4402507,2.9313949,1,1,1,2055.1148,7010706.1,-12019.51,1027.5574,-13047.067
2011-04-13_912828PX2_pre,2011-04-13_912828PX2,pre,DGS10,10,2011-04-06,2011-04-13,-1,0.0025,5,0.35450278,5.5931758,8.3519819,1,1,1,708.62452,848450.74,-5547.6778,354.31226,-5901.9901
2011-04-14_912810QN1_pre,2011-04-14_912810QN1,pre,DGS30,30,2011-04-07,2011-04-14,-1,0.0025,5,0.35450278,4.4014315,16.127351,1,1,1,900.49375,558364.35,-9567.3499,450.24688,-10017.597
2011-04-12_912828QC7_post,2011-04-12_912828QC7,post,DGS3,3,2011-04-12,2011-04-19,1,0.0025,5,1,5.4283989,2.9339306,1,1,1,2059.6018,7019940.4,32451.544,1029.8009,31421.744
2011-04-13_912828PX2_post,2011-04-13_912828PX2,post,DGS10,10,2011-04-13,2011-04-20,1,0.0025,5,0.35450278,5.6150273,8.3805271,1,1,1,705.86684,842270.21,4795.8492,352.93342,4442.9158
2011-04-14_912810QN1_post,2011-04-14_912810QN1,post,DGS30,30,2011-04-14,2011-04-21,1,0.0025,5,0.35450278,4.473999,16.316939,1,1,1,885.8879,542925.3,5818.5387,442.94395,5375.5947
2011-04-26_912828QE3_pre,2011-04-26_912828QE3,pre,DGS2,2,2011-04-18,2011-04-26,-1,0.0025,5,1,4.0659812,1.9828683,1,1,1,2749.7274,13867423,-12854.057,1374.8637,-14228.92
2011-04-27_912828QF0_pre,2011-04-27_912828QF0,pre,DGS5,5,2011-04-19,2011-04-27,-1,0.0025,5,1,6.1734579,4.7242409,0.5,1,1,905.51682,1916745.6,-3579.4272,452.75841,-4032.1856
2011-04-28_912828QG8_pre,2011-04-28_912828QG8,pre,DGS7,7,2011-04-20,2011-04-28,-1,0.0025,5,1,6.0366115,6.314507,0.5,1,1,926.04435,1466534.7,-12006.681,463.02218,-12469.703
2011-04-26_912828QE3_post,2011-04-26_912828QE3,post,DGS2,2,2011-04-26,2011-05-03,1,0.0025,5,1,4.0273079,1.983855,0.5,1,1,1388.0662,6996812.6,6316.2873,694.03309,5622.2542
2011-04-27_912828QF0_post,2011-04-27_912828QF0,post,DGS5,5,2011-04-27,2011-05-04,1,0.0025,5,1,6.0564902,4.7280402,1,1,1,1846.0097,3904386.7,21781.74,923.00487,20858.735
2011-04-28_912828QG8_post,2011-04-28_912828QG8,post,DGS7,7,2011-04-28,2011-05-05,1,0.0025,5,1,5.803053,6.3417667,1,1,1,1926.6307,3038003.1,30505.91,963.31534,29542.594
2011-05-10_912828QM5_pre,2011-05-10_912828QM5,pre,DGS3,3,2011-05-03,2011-05-10,-1,0.0025,5,1,5.2764266,2.947681,1,1,1,2118.9226,7188439.4,2920.7889,1059.4613,1861.3276
2011-05-11_912828QN3_pre,2011-05-11_912828QN3,pre,DGS10,10,2011-05-04,2011-05-11,-1,0.0025,5,2,5.0039532,8.4794669,1,1,1,4468.6029,5269910.1,-30141.499,2234.3014,-32375.8
2011-05-12_912810QQ4_pre,2011-05-12_912810QQ4,pre,DGS30,30,2011-05-05,2011-05-12,-1,0.0025,5,2,4.0795757,16.846057,1,1,1,5481.1288,3253656.9,57029.747,2740.5644,54289.182
2011-05-10_912828QM5_post,2011-05-10_912828QM5,post,DGS3,3,2011-05-10,2011-05-17,1,0.0025,5,1,4.8130003,2.9466591,1,1,1,2322.946,7883321.2,29296.398,1161.473,28134.925
2011-05-11_912828QN3_post,2011-05-11_912828QN3,post,DGS10,10,2011-05-11,2011-05-18,1,0.0025,5,2,4.809918,8.5044635,1,1,1,4648.8693,5466387.4,8001.6827,2324.4346,5677.2481
2011-05-12_912810QQ4_post,2011-05-12_912810QQ4,post,DGS30,30,2011-05-12,2011-05-19,1,0.0025,5,2,4.0555465,16.627398,1,1,1,5513.6045,3315975.6,41780.23,2756.8023,39023.428
2011-05-24_912828QZ6_pre,2011-05-24_912828QZ6,pre,DGS2,2,2011-05-17,2011-05-24,-1,0.0025,5,1,3.4265497,1.9863253,1,1,1,3262.8565,16426597,1668.1044,1631.4282,36.676131
2011-05-25_912828QP8_pre,2011-05-25_912828QP8,pre,DGS5,5,2011-05-18,2011-05-25,-1,0.0025,5,1,5.5392794,4.7522067,1,1,1,2018.3744,4247236.2,-13552.917,1009.1872,-14562.104
2011-05-26_912828QQ6_pre,2011-05-26_912828QQ6,pre,DGS7,7,2011-05-19,2011-05-26,-1,0.0025,5,1,5.1369933,6.3783779,1,1,1,2176.4365,3412210.1,-29956.582,1088.2183,-31044.8
2011-05-24_912828QZ6_post,2011-05-24_912828QZ6,post,DGS2,2,2011-05-24,2011-06-01,1,0.0025,5,1,3.4350717,1.986078,1,1,1,3254.7617,16387885,40581.607,1627.3809,38954.226
2011-05-25_912828QP8_post,2011-05-25_912828QP8,post,DGS5,5,2011-05-25,2011-06-02,1,0.0025,5,1,5.302595,4.7598759,1,1,1,2108.4657,4429665.4,35430.451,1054.2329,34376.219
2011-05-26_912828QQ6_post,2011-05-26_912828QQ6,post,DGS7,7,2011-05-26,2011-06-03,1,0.0025,5,1,5.1068803,6.4083492,1,1,1,2189.27,3416277.6,28102.762,1094.635,27008.127
2011-06-07_912828QS2_pre,2011-06-07_912828QS2,pre,DGS3,3,2011-05-31,2011-06-07,-1,0.0025,5,1,4.5354536,2.958958,1,1,0.69213712,1706.1862,5766172.4,-9316.5916,853.0931,-10169.685
2011-06-08_912828QN3_pre,2011-06-08_912828QN3,pre,DGS10,10,2011-06-01,2011-06-08,-1,0.0025,5,2,4.1776916,8.6012678,1,1,1,5352.4007,6222804.4,7058.5182,2676.2004,4382.3179
2011-06-09_912810QQ4_pre,2011-06-09_912810QQ4,pre,DGS30,30,2011-06-02,2011-06-09,-1,0.0025,5,0.35450278,3.8548524,16.86615,1,1,1,1028.1747,609608.4,-3621.0896,514.08733,-4135.177
2011-06-07_912828QS2_post,2011-06-07_912828QS2,post,DGS3,3,2011-06-07,2011-06-14,1,0.0025,5,1,4.1449377,2.9615302,1,1,1,2697.3481,9107954.3,-12276.333,1348.6741,-13625.008
2011-06-08_912828QN3_post,2011-06-08_912828QN3,post,DGS10,10,2011-06-08,2011-06-15,1,0.0025,5,0.35450278,4.0914338,8.5927876,1,1,1,968.7219,1127366.3,708.1918,484.36095,223.83085
2011-06-09_912810QQ4_post,2011-06-09_912810QQ4,post,DGS30,30,2011-06-09,2011-06-16,1,0.0025,5,0.35450278,4.0146624,16.926646,1,1,1,987.24653,583249.93,6551.7971,493.62327,6058.1739
2011-06-27_912828RA0_pre,2011-06-27_912828RA0,pre,DGS2,2,2011-06-20,2011-06-27,-1,0.0025,5,1,2.8552163,1.990536,0.5,1,1,1957.8797,9835942.3,5174.104,978.93985,4195.1641
2011-06-28_912828QR4_pre,2011-06-28_912828QR4,pre,DGS5,5,2011-06-21,2011-06-28,-1,0.0025,5,1,4.8169604,4.7907343,0.5,1,1,1160.5181,2422422.3,5046.509,580.25907,4466.2499
2011-06-29_912828QT0_pre,2011-06-29_912828QT0,pre,DGS7,7,2011-06-22,2011-06-29,-1,0.0025,5,1,4.5286283,6.4338684,1,1,1,2468.8137,3837215.2,35095.442,1234.4069,33861.035
2011-06-27_912828RA0_post,2011-06-27_912828RA0,post,DGS2,2,2011-06-27,2011-07-05,1,0.0025,5,1,2.6720461,1.9897919,1,1,1,4184.1867,21028263,-10517.005,2092.0934,-12609.098
2011-06-28_912828QR4_post,2011-06-28_912828QR4,post,DGS5,5,2011-06-28,2011-07-06,1,0.0025,5,1,4.9952237,4.7842813,1,1,1,2238.206,4678249.2,-7147.5962,1119.103,-8266.6993
2011-06-29_912828QT0_post,2011-06-29_912828QT0,post,DGS7,7,2011-06-29,2011-07-07,1,0.0025,5,1,5.1103915,6.3991057,1,1,1,2187.7658,3418861.8,-6841.3852,1093.8829,-7935.2681
2011-07-12_912828QU7_pre,2011-07-12_912828QU7,pre,DGS3,3,2011-07-05,2011-07-12,-1,0.0025,5,1,4.2058273,2.9599865,1,1,1,2658.2974,8980775.7,-38468.114,1329.1487,-39797.262
2011-07-13_912828QN3_pre,2011-07-13_912828QN3,pre,DGS10,10,2011-07-06,2011-07-13,-1,0.0025,5,0.35450278,4.8443572,8.5337599,1,1,1,818.16046,958733.87,-17047.317,409.08023,-17456.397
2011-07-14_912810QQ4_pre,2011-07-14_912810QQ4,pre,DGS30,30,2011-07-07,2011-07-14,-1,0.0025,5,0.35450278,4.5041099,16.627398,1,1,1,879.96555,529226.25,-11173.914,439.98278,-11613.896
2011-07-12_912828QU7_post,2011-07-12_912828QU7,post,DGS3,3,2011-07-12,2011-07-19,1,0.0025,5,1,4.64308,2.9672009,1,1,1,2407.9576,8115249.7,952.74792,1203.9788,-251.23089
2011-07-13_912828QN3_post,2011-07-13_912828QN3,post,DGS10,10,2011-07-13,2011-07-20,1,0.0025,5,0.35450278,5.2318829,8.6182641,1,1,1,757.55929,879016.1,-2521.8151,378.77965,-2900.5947
2011-07-14_912810QQ4_post,2011-07-14_912810QQ4,post,DGS30,30,2011-07-14,2011-07-21,1,0.0025,5,0.35450278,4.6340669,16.86615,1,1,1,855.28793,507103.25,-4612.8088,427.64397,-5040.4528
2011-07-26_912828QW3_pre,2011-07-26_912828QW3,pre,DGS2,2,2011-07-19,2011-07-26,-1,0.0025,5,1,2.971427,1.9902879,1,1,1,3762.6164,18904885,6193.5625,1881.3082,4312.2544
2011-07-27_912828QX1_pre,2011-07-27_912828QX1,pre,DGS5,5,2011-07-20,2011-07-27,-1,0.0025,5,1,5.9341728,4.8010855,1,1,1,1884.0604,3924238.4,12029.482,942.03019,11087.452
2011-07-28_912828QY9_pre,2011-07-28_912828QY9,pre,DGS7,7,2011-07-21,2011-07-28,-1,0.0025,5,1,5.8445977,6.4315424,1,1,1,1912.9358,2974303.2,-8933.177,956.46788,-9889.6449
2011-07-26_912828QW3_post,2011-07-26_912828QW3,post,DGS2,2,2011-07-26,2011-08-02,1,0.0025,5,1,2.9839495,1.9897919,1,1,1,3746.8261,18830241,31074.481,1873.413,29201.068
2011-07-27_912828QX1_post,2011-07-27_912828QX1,post,DGS5,5,2011-07-27,2011-08-03,1,0.0025,5,1,6.0066818,4.7920264,1,1,1,1861.3172,3884196.4,58969.006,930.65858,58038.348
2011-07-28_912828QY9_post,2011-07-28_912828QY9,post,DGS7,7,2011-07-28,2011-08-04,1,0.0025,5,1,5.9459904,6.4408536,1,1,1,1880.3158,2919358.1,92348.651,940.15791,91408.493
2011-08-09_912828RB8_pre,2011-08-09_912828RB8,pre,DGS3,3,2011-08-02,2011-08-09,-1,0.0025,5,1,4.9034751,2.973924,0.5,1,1,1140.0425,3833462.1,-19744.414,570.02125,-20314.435
2011-08-10_912828RC6_pre,2011-08-10_912828RC6,pre,DGS10,10,2011-08-03,2011-08-10,-1,0.0025,5,2,5.7874548,8.7385931,0.5,1,1,1931.8233,2210680,-93426.497,965.91164,-94392.409
2011-08-11_912810QS0_pre,2011-08-11_912810QS0,pre,DGS30,30,2011-08-04,2011-08-11,-1,0.0025,5,2,5.5280231,18.029228,0.5,1,1,2022.4843,1121780.8,21727.401,1011.2421,20716.159
2011-08-09_912828RB8_post,2011-08-09_912828RB8,post,DGS3,3,2011-08-09,2011-08-16,1,0.0025,5,1,4.8645785,2.9827509,1,1,1,2298.3162,7705357.5,461.71287,1149.1581,-687.44525
2011-08-10_912828RC6_post,2011-08-10_912828RC6,post,DGS10,10,2011-08-10,2011-08-17,1,0.0025,5,2,7.034941,8.9460229,1,1,1,3178.517,3552994.5,1901.2248,1589.2585,311.96628
2011-08-11_912810QS0_post,2011-08-11_912810QS0,post,DGS30,30,2011-08-11,2011-08-18,1,0.0025,5,2,6.4921508,17.765443,1,1,1,3444.2637,1938743.5,132655.11,1722.1319,130932.98
2011-08-23_912828RD4_pre,2011-08-23_912828RD4,pre,DGS2,2,2011-08-16,2011-08-23,-1,0.0025,5,1,3.3048501,1.99501,1,1,1,3383.0097,16957357,6137.2162,1691.5049,4445.7113
2011-08-24_912828RF9_pre,2011-08-24_912828RF9,pre,DGS5,5,2011-08-17,2011-08-24,-1,0.0025,5,1,7.3908441,4.8757932,1,1,1,1512.7284,3102527.8,19053.963,756.36421,18297.599
2011-08-25_912828RE2_pre,2011-08-25_912828RE2,pre,DGS7,7,2011-08-18,2011-08-25,-1,0.0025,5,1,7.8843871,6.6385153,1,1,1,1418.0354,2136073.1,19145.4,709.0177,18436.382
2011-08-23_912828RD4_post,2011-08-23_912828RD4,post,DGS2,2,2011-08-23,2011-08-30,1,0.0025,5,1,3.2435943,1.9945121,1,1,1,3446.8984,17281913,7539.5672,1723.4492,5816.118
2011-08-24_912828RF9_post,2011-08-24_912828RF9,post,DGS5,5,2011-08-24,2011-08-31,1,0.0025,5,1,7.3596856,4.8586059,1,1,1,1519.1328,3126684.6,14286.004,759.56641,13526.438
2011-08-25_912828RE2_post,2011-08-25_912828RE2,post,DGS7,7,2011-08-25,2011-09-01,1,0.0025,5,1,8.1065468,6.6045695,1,1,1,1379.1742,2088212,11719.57,689.58708,11029.983
2011-09-12_912828RG7_pre,2011-09-12_912828RG7,pre,DGS3,3,2011-09-02,2011-09-12,-1,0.0025,5,1,4.9165637,2.9827509,1,1,1,2274.015,7623885.1,3879.4691,1137.0075,2742.4615
2011-09-13_912828RC6_pre,2011-09-13_912828RC6,pre,DGS10,10,2011-09-06,2011-09-13,-1,0.0025,5,2,8.1194994,9.0318677,1,1,1,2753.9481,3049145.7,4256.0129,1376.974,2879.0388
2011-09-14_912810QS0_pre,2011-09-14_912810QS0,pre,DGS30,30,2011-09-07,2011-09-14,-1,0.0025,5,2,8.607184,18.809021,1,1,1,2597.9089,1381203.7,-11475.968,1298.9544,-12774.923
2011-09-12_912828RG7_post,2011-09-12_912828RG7,post,DGS3,3,2011-09-12,2011-09-19,1,0.0025,5,1,4.5773639,2.9817104,1,1,1,2442.5281,8191701.3,15156.259,1221.2641,13934.995
2011-09-13_912828RC6_post,2011-09-13_912828RC6,post,DGS10,10,2011-09-13,2011-09-20,1,0.0025,5,0.35450278,7.9294025,9.0227765,1,1,1,499.84366,553979.87,2735.85,249.92183,2485.9282
2011-09-14_912810QS0_post,2011-09-14_912810QS0,post,DGS30,30,2011-09-14,2011-09-21,1,0.0025,5,0.35450278,8.5992215,18.904028,0.5,1,1,230.45467,121907.71,6951.8259,115.22734,6836.5985
2011-09-27_912828RK8_pre,2011-09-27_912828RK8,pre,DGS2,2,2011-09-20,2011-09-27,-1,0.0025,5,1,2.9886319,1.9955081,0.5,1,1,1870.4779,9373441.7,12682.156,935.23894,11746.917
2011-09-28_912828RJ1_pre,2011-09-28_912828RJ1,pre,DGS5,5,2011-09-21,2011-09-28,-1,0.0025,5,1,7.0741632,4.8810995,1,1,1,1580.447,3237891.3,16752.329,790.22349,15962.106
2011-09-29_912828RH5_pre,2011-09-29_912828RH5,pre,DGS7,7,2011-09-22,2011-09-29,-1,0.0025,5,1,7.8892582,6.6849858,1,1,1,1417.1598,2119914.5,33228.888,708.57992,32520.308
2011-09-27_912828RK8_post,2011-09-27_912828RK8,post,DGS2,2,2011-09-27,2011-10-04,1,0.0025,5,1,2.8023396,1.9937656,1,1,1,3989.6449,20010601,895.56595,1994.8224,-1099.2565
2011-09-28_912828RJ1_post,2011-09-28_912828RJ1,post,DGS5,5,2011-09-28,2011-10-05,1,0.0025,5,1,6.7925474,4.8665275,1,1,1,1645.9716,3382230.1,5550.7071,822.98578,4727.7214
2011-09-29_912828RH5_post,2011-09-29_912828RH5,post,DGS7,7,2011-09-29,2011-10-06,1,0.0025,5,1,7.7747963,6.6263631,1,1,1,1438.0235,2170155,-5103.0632,719.01176,-5822.0749
2011-10-11_912828RL6_pre,2011-10-11_912828RL6,pre,DGS3,3,2011-10-03,2011-10-11,-1,0.0025,5,1,4.010544,2.979631,1,1,0.47424363,1322.0663,4437013.5,19329.89,661.03314,18668.857
2011-10-12_912828RC6_pre,2011-10-12_912828RC6,pre,DGS10,10,2011-10-04,2011-10-12,-1,0.0025,5,0.35450278,8.2161994,9.1096705,1,1,1,482.39598,529542.73,20231.688,241.19799,19990.49
2011-10-13_912810QS0_pre,2011-10-13_912810QS0,pre,DGS30,30,2011-10-05,2011-10-13,-1,0.0025,5,0.35450278,9.7112405,20.023209,1,1,1,408.13133,203829.13,11018.098,204.06567,10814.032
2011-10-11_912828RL6_post,2011-10-11_912828RL6,post,DGS3,3,2011-10-11,2011-10-18,1,0.0025,5,1,3.6678478,2.9718529,1,1,1,3048.2017,10256906,22281.027,1524.1009,20756.926
2011-10-12_912828RC6_post,2011-10-12_912828RC6,post,DGS10,10,2011-10-12,2011-10-19,1,0.0025,5,0.35450278,8.5862852,8.9146879,1,1,1,461.60376,517801.37,3004.7775,230.80188,2773.9756
2011-10-13_912810QS0_post,2011-10-13_912810QS0,post,DGS30,30,2011-10-13,2011-10-20,1,0.0025,5,0.35450278,10.072898,19.31579,1,1,1,393.47777,203707.84,-1410.4592,196.73889,-1607.1981
2011-10-25_912828RN2_pre,2011-10-25_912828RN2,pre,DGS2,2,2011-10-18,2011-10-25,-1,0.0025,5,1,2.3054835,1.9930196,1,1,1,4849.4556,24332203,-10931.886,2424.7278,-13356.613
2011-10-26_912828RM4_pre,2011-10-26_912828RM4,pre,DGS5,5,2011-10-19,2011-10-26,-1,0.0025,5,1,6.4212747,4.8586059,1,1,1,1741.1403,3583621.1,6200.2792,870.57013,5329.709
2011-10-27_912828RP7_pre,2011-10-27_912828RP7,pre,DGS7,7,2011-10-20,2011-10-27,-1,0.0025,5,1,7.7461673,6.5876899,1,1,0.95126045,1372.9906,2084176.2,25229.27,686.49532,24542.775
2011-10-25_912828RN2_post,2011-10-25_912828RN2,post,DGS2,2,2011-10-25,2011-11-01,1,0.0025,5,1,2.2534343,1.9935169,1,1,0.97766762,4850.6656,24332203,15738.088,2425.3328,13312.755
2011-10-26_912828RM4_post,2011-10-26_912828RM4,post,DGS5,5,2011-10-26,2011-11-02,1,0.0025,5,1,6.096308,4.8533353,0.5,1,1,916.97629,1889373.5,18807.764,458.48815,18349.275
2011-10-27_912828RP7_post,2011-10-27_912828RP7,post,DGS7,7,2011-10-27,2011-11-03,1,0.0025,5,1,7.6426361,6.5421849,0.5,1,1,731.44526,1118044.3,26166.061,365.72263,25800.338
2011-11-08_912828RQ5_pre,2011-11-08_912828RQ5,pre,DGS3,3,2011-11-01,2011-11-08,-1,0.0025,5,1,3.2438991,2.9801506,0.5,1,1,1723.2872,5782550.8,1311.6161,861.64362,449.97245
2011-11-09_912828RR3_pre,2011-11-09_912828RR3,pre,DGS10,10,2011-11-02,2011-11-09,-1,0.0025,5,2,9.0167922,9.009164,1,1,1,2479.893,2752633.9,-8634.4004,1239.9465,-9874.3469
2011-11-10_912810QT8_pre,2011-11-10_912810QT8,pre,DGS30,30,2011-11-03,2011-11-10,-1,0.0025,5,2,10.536927,19.439404,1,1,1,2122.1253,1091661.7,3244.6728,1061.0626,2183.6102
2011-11-08_912828RQ5_post,2011-11-08_912828RQ5,post,DGS3,3,2011-11-08,2011-11-16,1,0.0025,5,1,2.7731562,2.979631,1,1,1,4031.63,13530635,-2906.8794,2015.815,-4922.6944
2011-11-09_912828RR3_post,2011-11-09_912828RR3,post,DGS10,10,2011-11-09,2011-11-17,1,0.0025,5,2,8.0409264,9.0227765,1,1,1,2780.8587,3082043.2,12541.08,1390.4293,11150.651
2011-11-10_912810QT8_post,2011-11-10_912810QT8,post,DGS30,30,2011-11-10,2011-11-18,1,0.0025,5,2,9.8493741,19.38982,1,1,1,2270.264,1170853.6,30666.132,1135.132,29531
2011-11-21_912828RS1_pre,2011-11-21_912828RS1,pre,DGS2,2,2011-11-14,2011-11-21,-1,0.0025,5,1,1.8306863,1.9940144,1,1,0.39887138,2435.9813,12216468,6699.2025,1217.9906,5481.2118
2011-11-22_912828RU6_pre,2011-11-22_912828RU6,pre,DGS5,5,2011-11-15,2011-11-22,-1,0.0025,5,1,5.3535721,4.874468,1,1,0,0,0,0,0,0
2011-11-23_912828RT9_pre,2011-11-23_912828RT9,pre,DGS7,7,2011-11-16,2011-11-23,-1,0.0025,5,1,6.7830588,6.6360823,1,1,1,1648.2741,2483805.9,-10603.079,824.13703,-11427.216
2011-11-21_912828RS1_post,2011-11-21_912828RS1,post,DGS2,2,2011-11-21,2011-11-29,1,0.0025,5,1,1.8419929,1.9932682,1,1,0.90362252,5484.7154,27516194,1480.0213,2742.3577,-1262.3364
2011-11-22_912828RU6_post,2011-11-22_912828RU6,post,DGS5,5,2011-11-22,2011-11-30,1,0.0025,5,1,5.2467639,4.877119,1,1,0,0,0,0,0,0
2011-11-23_912828RT9_post,2011-11-23_912828RT9,post,DGS7,7,2011-11-23,2011-12-01,1,0.0025,5,1,6.6501561,6.6506994,1,1,0.98256618,1651.9047,2483805.9,-27180.046,825.95233,-28005.998
2011-12-12_912828RV4_pre,2011-12-12_912828RV4,pre,DGS3,3,2011-12-05,2011-12-12,-1,0.0025,5,1,2.634195,2.9791115,1,1,1,4244.31,14246899,-17966.268,2122.155,-20088.423
2011-12-13_912828RR3_pre,2011-12-13_912828RR3,pre,DGS10,10,2011-12-06,2011-12-13,-1,0.0025,5,2,7.4889561,8.9865411,0.5,1,1,1492.9103,1661273.6,-18672.555,746.45516,-19419.01
2011-12-14_912810QT8_pre,2011-12-14_912810QT8,pre,DGS30,30,2011-12-07,2011-12-14,-1,0.0025,5,2,9.1653209,19.589278,0.5,1,1,1219.8525,622714.4,-16542.864,609.92626,-17152.79
2011-12-12_912828RV4_post,2011-12-12_912828RV4,post,DGS3,3,2011-12-12,2011-12-19,1,0.0025,5,1,2.667867,2.9811904,0.5,1,1,2095.3706,7028637.3,478.54986,1047.6853,-569.13543
2011-12-19_912828RW2_pre,2011-12-19_912828RW2,pre,DGS2,2,2011-12-12,2011-12-19,-1,0.0025,5,1,1.8730168,1.9940144,0.5,1,1,2984.5807,14967699,-689.61511,1492.2904,-2181.9055
2011-12-13_912828RR3_post,2011-12-13_912828RR3,post,DGS10,10,2011-12-13,2011-12-20,1,0.0025,5,0.35450278,7.5127011,9.040972,1,1,1,527.56811,583530.3,1292.2202,263.78405,1028.4361
2011-12-20_912828RX0_pre,2011-12-20_912828RX0,pre,DGS5,5,2011-12-13,2011-12-20,-1,0.0025,5,1,4.9910655,4.8850848,1,1,1,2240.0708,4585531,5966.3921,1120.0354,4846.3567
2011-12-14_912810QT8_post,2011-12-14_912810QT8,post,DGS30,30,2011-12-14,2011-12-21,1,0.0025,5,0.35450278,9.2442683,19.919855,1,1,1,428.748,215236.51,-3626.7699,214.374,-3841.1439
2011-12-21_912828RY8_pre,2011-12-21_912828RY8,pre,DGS7,7,2011-12-14,2011-12-21,-1,0.0025,5,1,6.4584504,6.6506994,1,1,1,1731.118,2602911.2,9660.9684,865.55901,8795.4094
2011-12-19_912828RW2_post,2011-12-19_912828RW2,post,DGS2,2,2011-12-19,2011-12-27,1,0.0025,5,1,1.8011296,1.9940144,1,1,0.70712037,4389.3821,22012791,-24985.745,2194.6911,-27180.436
2011-12-20_912828RX0_post,2011-12-20_912828RX0,post,DGS5,5,2011-12-20,2011-12-28,1,0.0025,5,1,4.8597273,4.8810995,1,1,1,2300.6106,4713303.9,-5917.0862,1150.3053,-7067.3915
2011-12-21_912828RY8_post,2011-12-21_912828RY8,post,DGS7,7,2011-12-21,2011-12-29,1,0.0025,5,1,6.2832168,6.6360823,1,1,1,1779.3974,2681397.5,11572.023,889.69872,10682.324
2012-01-10_912828RZ5_pre,2012-01-10_912828RZ5,pre,DGS3,3,2012-01-03,2012-01-10,-1,0.0025,5,1,2.534006,2.9791115,1,1,1,4412.1205,14810189,-14287.892,2206.0603,-16493.953
2012-01-11_912828RR3_pre,2012-01-11_912828RR3,pre,DGS10,10,2012-01-04,2012-01-11,-1,0.0025,5,0.35450278,6.9303231,9.0227765,1,1,1,571.9014,633841.93,-4258.549,285.9507,-4544.4997
2012-01-12_912810QT8_pre,2012-01-12_912810QT8,pre,DGS30,30,2012-01-05,2012-01-12,-1,0.0025,5,0.35450278,8.0986851,19.539132,1,1,1,489.39568,250469.51,-4599.8986,244.69784,-4844.5965
2012-01-10_912828RZ5_post,2012-01-10_912828RZ5,post,DGS3,3,2012-01-10,2012-01-18,1,0.0025,5,1,2.4137085,2.9806704,1,1,1,4632.0175,15540187,10327.264,2316.0087,8011.2557
2012-01-11_912828RR3_post,2012-01-11_912828RR3,post,DGS10,10,2012-01-11,2012-01-19,1,0.0025,5,0.35450278,6.4812637,9.0546528,1,1,1,611.52604,675372.16,-4585.09,305.76302,-4890.853
2012-01-12_912810QT8_post,2012-01-12_912810QT8,post,DGS30,30,2012-01-12,2012-01-20,1,0.0025,5,0.35450278,7.900851,19.766276,1,1,1,501.64995,253790.83,-6243.8717,250.82498,-6494.6966
2012-01-24_912828SB7_pre,2012-01-24_912828SB7,pre,DGS2,2,2012-01-17,2012-01-24,-1,0.0025,5,1,1.7550573,1.994761,1,1,0.42368767,2699.0414,13530650,7544.5858,1349.5207,6195.0651
2012-01-25_912828SC5_pre,2012-01-25_912828SC5,pre,DGS5,5,2012-01-18,2012-01-25,-1,0.0025,5,1,4.2763309,4.8890747,0.5,1,1,1307.2351,2673788.4,-1774.718,653.61757,-2428.3355
2012-01-26_912828SD3_pre,2012-01-26_912828SD3,pre,DGS7,7,2012-01-19,2012-01-26,-1,0.0025,5,1,5.6432551,6.6385153,0.5,1,1,990.59317,1492190.8,-9361.4833,495.29659,-9856.7799
2012-01-24_912828SB7_post,2012-01-24_912828SB7,post,DGS2,2,2012-01-24,2012-01-31,1,0.0025,5,1,1.8399214,1.9940144,0.5,1,1,3038.2656,15236929,6570.3319,1519.1328,5051.1991
2012-01-25_912828SC5_post,2012-01-25_912828SC5,post,DGS5,5,2012-01-25,2012-02-01,1,0.0025,5,1,4.2219162,4.8904058,1,1,1,2648.1672,5415025.4,24578.72,1324.0836,23254.636
2012-01-26_912828SD3_post,2012-01-26_912828SD3,post,DGS7,7,2012-01-26,2012-02-02,1,0.0025,5,1,5.6582523,6.6604697,1,1,1,1975.9352,2966660.4,18518.107,987.9676,17530.139
2012-02-07_912828SE1_pre,2012-02-07_912828SE1,pre,DGS3,3,2012-01-31,2012-02-07,-1,0.0025,5,1,1.9844025,2.9843128,1,1,1,5634.1091,18879084,27252.01,2817.0545,24434.956
2012-02-08_912828SF8_pre,2012-02-08_912828SF8,pre,DGS10,10,2012-02-01,2012-02-08,-1,0.0025,5,2,5.0532755,9.0821026,1,1,1,4424.9873,4872205.8,59785.694,2212.4936,57573.201
2012-02-09_912810QU5_pre,2012-02-09_912810QU5,pre,DGS30,30,2012-02-02,2012-02-09,-1,0.0025,5,2,6.2136173,19.664849,1,1,1,3598.6574,1829994.9,65947.269,1799.3287,64147.94
2012-02-07_912828SE1_post,2012-02-07_912828SE1,post,DGS3,3,2012-02-07,2012-02-14,1,0.0025,5,1,1.937148,2.9817104,1,1,1,5771.5466,19356496,-27745.648,2885.7733,-30631.421
2012-02-08_912828SF8_post,2012-02-08_912828SF8,post,DGS10,10,2012-02-08,2012-02-15,1,0.0025,5,2,5.2470061,9.0182357,1,1,1,4261.6073,4725544.4,35996.471,2130.8037,33865.667
2012-02-09_912810QU5_post,2012-02-09_912810QU5,post,DGS30,30,2012-02-09,2012-02-16,1,0.0025,5,2,6.1767516,19.193325,1,1,1,3620.1359,1886143.1,23325.677,1810.0679,21515.609
2012-02-21_912828SG6_pre,2012-02-21_912828SG6,pre,DGS2,2,2012-02-13,2012-02-21,-1,0.0025,5,1,1.5883581,1.992771,1,1,0.1141436,803.44869,4031816.5,1430.0159,401.72434,1028.2915
2012-02-22_912828SJ0_pre,2012-02-22_912828SJ0,pre,DGS5,5,2012-02-14,2012-02-22,-1,0.0025,5,1,3.6428089,4.8904058,1,1,1,3069.1536,6275866.9,20347.191,1534.5768,18812.614
2012-02-23_912828SH4_pre,2012-02-23_912828SH4,pre,DGS7,7,2012-02-15,2012-02-23,-1,0.0025,5,1,4.7769456,6.6604697,1,1,1,2340.4788,3513984.6,12948.881,1170.2394,11778.641
2012-02-21_912828SG6_post,2012-02-21_912828SG6,post,DGS2,2,2012-02-21,2012-02-28,1,0.0025,5,1,1.5400492,1.992274,1,1,0.55462334,4026.4153,20210149,4819.957,2013.2076,2806.7493
2012-02-22_912828SJ0_post,2012-02-22_912828SJ0,post,DGS5,5,2012-02-22,2012-02-29,1,0.0025,5,1,3.6799579,4.8810995,1,1,1,3038.1706,6224356.9,3955.4733,1519.0853,2436.3881
2012-02-23_912828SH4_post,2012-02-23_912828SH4,post,DGS7,7,2012-02-23,2012-03-01,1,0.0025,5,1,4.8026299,6.6458219,1,1,1,2327.962,3502895.5,-8416.8709,1163.981,-9580.8519
2012-03-12_912828SK7_pre,2012-03-12_912828SK7,pre,DGS3,3,2012-03-05,2012-03-12,-1,0.0025,5,1,2.1510082,2.9775538,1,1,1,5197.7208,17456345,19560.982,2598.8604,16962.121
2012-03-13_912828SF8_pre,2012-03-13_912828SF8,pre,DGS10,10,2012-03-06,2012-03-13,-1,0.0025,5,2,5.0235603,9.040972,0.5,1,1,2225.5809,2461661.1,38889.8,1112.7905,37777.009
2012-03-14_912810QU5_pre,2012-03-14_912810QU5,pre,DGS30,30,2012-03-07,2012-03-14,-1,0.0025,5,2,5.81018,19.38982,0.5,1,1,1924.2674,992411.18,57420.904,962.13369,56458.77
2012-03-12_912828SK7_post,2012-03-12_912828SK7,post,DGS3,3,2012-03-12,2012-03-19,1,0.0025,5,1,2.1166544,2.9754788,0.5,1,1,2641.0404,8876018.3,-33434.588,1320.5202,-34755.108
2012-03-13_912828SF8_post,2012-03-13_912828SF8,post,DGS10,10,2012-03-13,2012-03-20,1,0.0025,5,0.35450278,4.802777,8.9595,1,1,1,825.24372,921082.33,-19232.156,412.62186,-19644.778
2012-03-14_912810QU5_post,2012-03-14_912810QU5,post,DGS30,30,2012-03-14,2012-03-21,1,0.0025,5,0.35450278,5.6216641,18.644447,1,1,1,705.0335,378146.63,3830.0316,352.51675,3477.5148
2012-03-27_912828SL5_pre,2012-03-27_912828SL5,pre,DGS2,2,2012-03-20,2012-03-27,-1,0.0025,5,1,1.6579717,1.9897919,1,1,0.87406148,5894.1323,29621853,-48756.397,2947.0662,-51703.463
2012-03-28_912828SM3_pre,2012-03-28_912828SM3,pre,DGS5,5,2012-03-21,2012-03-28,-1,0.0025,5,1,4.1517473,4.845445,1,1,0.068040863,183.22887,378146.63,-1908.1487,91.614435,-1999.7631
2012-03-29_912828SN1_pre,2012-03-29_912828SN1,pre,DGS7,7,2012-03-22,2012-03-29,-1,0.0025,5,1,5.1369933,6.575671,1,1,0,0,0,0,0,0
2012-03-27_912828SL5_post,2012-03-27_912828SL5,post,DGS2,2,2012-03-27,2012-04-03,1,0.0025,5,1,1.671969,1.9917771,1,1,0.88232011,5900.0131,29621853,-16225.541,2950.0065,-19175.547
2012-03-28_912828SM3_post,2012-03-28_912828SM3,post,DGS5,5,2012-03-28,2012-04-04,1,0.0025,5,1,4.210023,4.8586059,1,1,0.069183316,183.72655,378146.63,72.341128,91.863273,-19.522145
2012-03-29_912828SN1_post,2012-03-29_912828SN1,post,DGS7,7,2012-03-29,2012-04-05,1,0.0025,5,1,5.029714,6.6045695,1,1,0,0,0,0,0,0
2012-04-10_912828SP6_pre,2012-04-10_912828SP6,pre,DGS3,3,2012-04-03,2012-04-10,-1,0.0025,5,1,2.4298055,2.9708181,1,1,1,4601.3312,15488431,-65683.151,2300.6656,-67983.817
2012-04-11_912828SF8_pre,2012-04-11_912828SF8,pre,DGS10,10,2012-04-04,2012-04-11,-1,0.0025,5,0.35450278,5.037038,8.9102242,1,1,1,786.86354,883101.84,-16197.356,393.43177,-16590.788
2012-04-12_912810QU5_pre,2012-04-12_912810QU5,pre,DGS30,30,2012-04-05,2012-04-12,-1,0.0025,5,0.35450278,5.5182031,18.904028,1,1,1,718.25221,379946.66,-7543.8752,359.1261,-7903.0013
2012-04-10_912828SP6_post,2012-04-10_912828SP6,post,DGS3,3,2012-04-10,2012-04-17,1,0.0025,5,1,2.6456979,2.9780729,1,1,1,4225.8565,14189903,906.73168,2112.9283,-1206.1966
2012-04-11_912828SF8_post,2012-04-11_912828SF8,post,DGS10,10,2012-04-11,2012-04-18,1,0.0025,5,0.35450278,5.310048,9.0001051,1,1,1,746.40785,829332.37,4055.291,373.20392,3682.0871
2012-04-12_912810QU5_post,2012-04-12_912810QU5,post,DGS30,30,2012-04-12,2012-04-19,1,0.0025,5,0.35450278,5.6732846,19.144659,1,1,1,698.61849,364915.62,7279.7425,349.30924,6930.4333
2012-04-24_912828SR2_pre,2012-04-24_912828SR2,pre,DGS2,2,2012-04-17,2012-04-24,-1,0.0025,5,1,1.6518266,1.9932682,1,1,0.84830963,5741.7589,28805752,-1083.2348,2870.8794,-3954.1142
2012-04-25_912828SS0_pre,2012-04-25_912828SS0,pre,DGS5,5,2012-04-18,2012-04-25,-1,0.0025,5,1,4.5483902,4.8837558,0.5,1,0.3295454,405.02568,829332.37,-122.99513,202.51284,-325.50797
2012-04-26_912828ST8_pre,2012-04-26_912828ST8,pre,DGS7,7,2012-04-19,2012-04-26,-1,0.0025,5,1,5.3472365,6.65314,0.5,1,0.23223276,242.78347,364915.62,-333.35075,121.39173,-454.74248
2012-04-24_912828SR2_post,2012-04-24_912828SR2,post,DGS2,2,2012-04-24,2012-05-01,1,0.0025,5,1,1.6497731,1.9932682,0.5,1,1,3388.4477,16999457,567.99759,1694.2238,-1126.2262
2012-04-25_912828SS0_post,2012-04-25_912828SS0,post,DGS5,5,2012-04-25,2012-05-02,1,0.0025,5,1,4.3221607,4.8837558,1,1,1,2586.7478,5296636.3,11101.929,1293.3739,9808.5549
2012-04-26_912828ST8_post,2012-04-26_912828ST8,post,DGS7,7,2012-04-26,2012-05-03,1,0.0025,5,1,5.1465528,6.655582,1,1,1,2172.3939,3264017.9,5129.3233,1086.1969,4043.1263
2012-05-08_912828SU5_pre,2012-05-08_912828SU5,pre,DGS3,3,2012-05-01,2012-05-08,-1,0.0025,5,1,2.572947,2.979631,1,1,1,4345.344,14583497,-13865.839,2172.672,-16038.511
2012-05-09_912828SV3_pre,2012-05-09_912828SV3,pre,DGS10,10,2012-05-02,2012-05-09,-1,0.0025,5,2,4.8197745,9.040972,1,1,1,4639.3623,5131486.2,-43693.347,2319.6811,-46013.029
2012-05-10_912810QW1_pre,2012-05-10_912810QW1,pre,DGS30,30,2012-05-03,2012-05-10,-1,0.0025,5,2,5.1302526,19.38982,1,1,1,4358.5924,2247876.7,-23297.632,2179.2962,-25476.929
2012-05-08_912828SU5_post,2012-05-08_912828SU5,post,DGS3,3,2012-05-08,2012-05-15,1,0.0025,5,1,2.5344519,2.9811904,1,1,1,4411.3443,14797258,-8050.4877,2205.6722,-10256.16
2012-05-09_912828SV3_post,2012-05-09_912828SV3,post,DGS10,10,2012-05-09,2012-05-16,1,0.0025,5,2,4.6632049,9.0821026,1,1,1,4795.1313,5279759,54697.21,2397.5656,52299.644
2012-05-10_912810QW1_post,2012-05-10_912810QW1,post,DGS30,30,2012-05-10,2012-05-17,1,0.0025,5,2,4.8796534,19.51413,1,1,1,4582.432,2348263.5,127757.32,2291.216,125466.1
2012-05-22_912828SW1_pre,2012-05-22_912828SW1,pre,DGS2,2,2012-05-15,2012-05-22,-1,0.0025,5,1,1.6364492,1.992771,1,1,0.65254324,4458.2227,22371977,3524.6625,2229.1114,1295.5512
2012-05-23_912828SY7_pre,2012-05-23_912828SY7,pre,DGS5,5,2012-05-16,2012-05-23,-1,0.0025,5,1,3.9970328,4.8984032,1,1,0.92459456,2586.2388,5279759,-3265.9138,1293.1194,-4559.0332
2012-05-24_912828SX9_pre,2012-05-24_912828SX9,pre,DGS7,7,2012-05-17,2012-05-24,-1,0.0025,5,1,4.6321158,6.7046918,1,1,0.65230402,1574.4383,2348263.5,5786.7587,787.21916,4999.5395
2012-05-22_912828SW1_post,2012-05-22_912828SW1,post,DGS2,2,2012-05-22,2012-05-30,1,0.0025,5,1,1.6156019,1.9925224,1,1,0.6441499,4457.6667,22371977,14365.566,2228.8334,12136.733
2012-05-23_912828SY7_post,2012-05-23_912828SY7,post,DGS5,5,2012-05-23,2012-05-31,1,0.0025,5,1,3.9432414,4.899738,1,1,0.91240007,2586.9436,5279759,18901.958,1293.4718,17608.487
2012-05-24_912828SX9_post,2012-05-24_912828SX9,post,DGS7,7,2012-05-24,2012-06-01,1,0.0025,5,1,4.6183128,6.6948284,1,1,0.6494035,1572.1221,2348263.5,43254.753,786.06107,42468.692
2012-06-12_912828SZ4_pre,2012-06-12_912828SZ4,pre,DGS3,3,2012-06-05,2012-06-12,-1,0.0025,5,1,2.3898916,2.9822306,1,1,1,4678.1786,15686844,31842.613,2339.0893,29503.524
2012-06-13_912828SV3_pre,2012-06-13_912828SV3,pre,DGS10,10,2012-06-06,2012-06-13,-1,0.0025,5,2,5.0525767,9.1791112,1,1,1,4425.5993,4821381.1,-23697.7,2212.7996,-25910.5
2012-06-14_912810QW1_pre,2012-06-14_912810QW1,pre,DGS30,30,2012-06-07,2012-06-14,-1,0.0025,5,0.35450278,5.6481335,20.338,1,1,1,701.72943,345033.64,-1640.7423,350.86471,-1991.6071
2012-06-12_912828SZ4_post,2012-06-12_912828SZ4,post,DGS3,3,2012-06-12,2012-06-19,1,0.0025,5,1,1.9971731,2.9785921,1,1,1,5598.0824,18794391,12251.816,2799.0412,9452.7744
2012-06-13_912828SV3_post,2012-06-13_912828SV3,post,DGS10,10,2012-06-13,2012-06-20,1,0.0025,5,0.35450278,4.5465576,9.2024246,0.5,1,1,435.87499,473652.33,-1598.6659,217.93749,-1816.6034
2012-06-14_912810QW1_post,2012-06-14_912810QW1,post,DGS30,30,2012-06-14,2012-06-21,1,0.0025,5,0.35450278,5.2330976,20.391164,0.5,1,1,378.69172,185713.64,2009.4827,189.34586,1820.1369
2012-06-26_912828TA8_pre,2012-06-26_912828TA8,pre,DGS2,2,2012-06-19,2012-06-26,-1,0.0025,5,1,1.3835188,1.9925224,0.5,1,1,4040.545,20278542,3178.8708,2020.2725,1158.5984
2012-06-27_912828TB6_pre,2012-06-27_912828TB6,pre,DGS5,5,2012-06-20,2012-06-27,-1,0.0025,5,1,3.4295163,4.899738,1,1,1,3260.0341,6653486.5,-4093.3286,1630.017,-5723.3457
2012-06-28_912828TC4_pre,2012-06-28_912828TC4,pre,DGS7,7,2012-06-21,2012-06-28,-1,0.0025,5,1,4.3650836,6.7195259,1,1,0.80487333,2061.5315,3067971.7,-8874.4836,1030.7658,-9905.2494
2012-06-26_912828TA8_post,2012-06-26_912828TA8,post,DGS2,2,2012-06-26,2012-07-03,1,0.0025,5,1,1.3525452,1.992274,1,1,0.48874526,4040.0411,20278542,4876.277,2020.0205,2856.2565
2012-06-27_912828TB6_post,2012-06-27_912828TB6,post,DGS5,5,2012-06-27,2012-07-05,1,0.0025,5,1,3.4369215,4.9010733,1,1,1,3253.01,6637342,17161.783,1626.505,15535.278
2012-06-28_912828TC4_post,2012-06-28_912828TC4,post,DGS7,7,2012-06-28,2012-07-06,1,0.0025,5,1,4.2703815,6.7294414,1,1,0.79272291,2075.4379,3084116.2,11080.816,1037.7189,10043.097
2012-07-10_912828TD2_pre,2012-07-10_912828TD2,pre,DGS3,3,2012-07-02,2012-07-10,-1,0.0025,5,1,1.8210167,2.979631,1,1,0,0,0,0,0,0
2012-07-11_912828SV3_pre,2012-07-11_912828SV3,pre,DGS10,10,2012-07-03,2012-07-11,-1,0.0025,5,0.35450278,4.4009501,9.1837672,1,1,1,900.59225,980634.89,-10262.253,450.29612,-10712.549
2012-07-12_912810QW1_pre,2012-07-12_912810QW1,pre,DGS30,30,2012-07-05,2012-07-12,-1,0.0025,5,0.35450278,5.2103764,20.417822,1,1,1,760.68621,372559.92,-11736.573,380.34311,-12116.916
2012-07-10_912828TD2_post,2012-07-10_912828TD2,post,DGS3,3,2012-07-10,2012-07-17,1,0.0025,5,1,1.6579717,2.9806704,1,1,1,6743.3842,22623716,34736.739,3371.6921,31365.047
2012-07-11_912828SV3_post,2012-07-11_912828SV3,post,DGS10,10,2012-07-11,2012-07-18,1,0.0025,5,0.35450278,4.3510827,9.2352044,1,1,1,910.91385,986349.42,2096.5215,455.45693,1641.0646
2012-07-12_912810QW1_post,2012-07-12_912810QW1,post,DGS30,30,2012-07-12,2012-07-19,1,0.0025,5,0.35450278,5.0672316,20.823823,1,1,1,782.17493,375615.44,-2933.7392,391.08746,-3324.8267
2012-07-24_912828TF7_pre,2012-07-24_912828TF7,pre,DGS2,2,2012-07-17,2012-07-24,-1,0.0025,5,1,1.213274,1.9937656,1,1,0.61961399,5709.7529,28638035,-17833.432,2854.8765,-20688.308
2012-07-25_912828TG5_pre,2012-07-25_912828TG5,pre,DGS5,5,2012-07-18,2012-07-25,-1,0.0025,5,1,2.8415799,4.9184804,1,1,0.123301,485.13403,986349.42,-2034.572,242.56702,-2277.139
2012-07-26_912828TH3_pre,2012-07-26_912828TH3,pre,DGS7,7,2012-07-19,2012-07-26,-1,0.0025,5,1,3.8755718,6.7468439,1,1,0.087846583,253.42187,375615.44,-1329.8312,126.71094,-1456.5421
2012-07-24_912828TF7_post,2012-07-24_912828TF7,post,DGS2,2,2012-07-24,2012-07-31,1,0.0025,5,1,1.2194284,1.9945121,1,1,0.62299017,5711.8907,28638035,-5026.3328,2855.9453,-7882.2781
2012-07-25_912828TG5_post,2012-07-25_912828TG5,post,DGS5,5,2012-07-25,2012-08-01,1,0.0025,5,1,2.8181715,4.9238546,0.5,1,0.24483777,485.66412,986349.42,-3295.9556,242.83206,-3538.7877
2012-07-26_912828TH3_post,2012-07-26_912828TH3,post,DGS7,7,2012-07-26,2012-08-02,1,0.0025,5,1,3.8808526,6.7593137,0.5,1,0.17625773,253.89026,375615.44,-942.51178,126.94513,-1069.4569
2012-08-07_912828TK6_pre,2012-08-07_912828TK6,pre,DGS3,3,2012-07-31,2012-08-07,-1,0.0025,5,1,1.8303005,2.9843128,0.5,1,1,3054.2361,10234303,20898.054,1527.1181,19370.936
2012-08-08_912828TJ9_pre,2012-08-08_912828TJ9,pre,DGS10,10,2012-08-01,2012-08-08,-1,0.0025,5,2,4.7036469,9.2258219,1,1,1,4753.9028,5152823,55199.608,2376.9514,52822.657
2012-08-09_912810QX9_pre,2012-08-09_912810QX9,pre,DGS30,30,2012-08-02,2012-08-09,-1,0.0025,5,2,5.4371343,20.878837,1,1,1,4112.5855,1969738.8,91762.994,2056.2928,89706.701
2012-08-07_912828TK6_post,2012-08-07_912828TK6,post,DGS3,3,2012-08-07,2012-08-14,1,0.0025,5,1,1.8306863,2.9806704,1,1,1,6107.1849,20489299,-11167.763,3053.5924,-14221.355
2012-08-08_912828TJ9_post,2012-08-08_912828TJ9,post,DGS10,10,2012-08-08,2012-08-15,1,0.0025,5,2,4.9755334,9.1698092,1,1,1,4494.1272,4901004,-52139.896,2247.0636,-54386.96
2012-08-09_912810QX9_post,2012-08-09_912810QX9,post,DGS30,30,2012-08-09,2012-08-16,1,0.0025,5,2,5.6016543,20.258631,1,1,1,3991.7993,1970419,-69549.332,1995.8996,-71545.231
2012-08-28_912828TL4_pre,2012-08-28_912828TL4,pre,DGS2,2,2012-08-21,2012-08-28,-1,0.0025,5,1,1.2888045,1.992274,1,1,0.68897322,5976.8219,30000000,-24885.213,2988.4109,-27873.624
2012-08-29_912828TM2_pre,2012-08-29_912828TM2,pre,DGS5,5,2012-08-22,2012-08-29,-1,0.0025,5,1,3.2305043,4.9037454,1,1,0,0,0,0,0,0
2012-08-30_912828TN0_pre,2012-08-30_912828TN0,pre,DGS7,7,2012-08-23,2012-08-30,-1,0.0025,5,1,4.6595689,6.712103,1,1,0,0,0,0,0,0
2012-08-28_912828TL4_post,2012-08-28_912828TL4,post,DGS2,2,2012-08-28,2012-09-05,1,0.0025,5,1,1.4073054,1.9932682,1,1,0.75269726,5979.8045,30000000,12916.497,2989.9023,9926.5948
2012-08-29_912828TM2_post,2012-08-29_912828TM2,post,DGS5,5,2012-08-29,2012-09-06,1,0.0025,5,1,3.1595519,4.9064197,1,1,5.1652971e-16,1.8277838e-12,3.7252903e-09,2.2854284e-12,9.1389189e-13,1.3715365e-12
2012-08-30_912828TN0_post,2012-08-30_912828TN0,post,DGS7,7,2012-08-30,2012-09-07,1,0.0025,5,1,4.1131936,6.724481,1,1,0,0,0,0,0,0
2012-09-11_912828TP5_pre,2012-09-11_912828TP5,pre,DGS3,3,2012-09-04,2012-09-11,-1,0.0025,5,1,2.0007767,2.983792,1,1,0,0,0,0,0,0
2012-09-12_912828TJ9_pre,2012-09-12_912828TJ9,pre,DGS10,10,2012-09-05,2012-09-12,-1,0.0025,5,2,4.4899134,9.2070974,1,1,1,4980.2029,5409091.2,82515.443,2490.1015,80025.342
2012-09-13_912810QX9_pre,2012-09-13_912810QX9,pre,DGS30,30,2012-09-06,2012-09-13,-1,0.0025,5,0.35450278,4.7993349,20.205969,0.5,1,1,412.91779,204354.36,6006.5745,206.45889,5800.1156
2012-09-11_912828TP5_post,2012-09-11_912828TP5,post,DGS3,3,2012-09-11,2012-09-18,1,0.0025,5,1,1.9175078,2.9827509,0.5,1,1,2915.331,9773967.3,-5374.7284,1457.6655,-6832.3939
2012-09-12_912828TJ9_post,2012-09-12_912828TJ9,post,DGS10,10,2012-09-12,2012-09-19,1,0.0025,5,0.35450278,4.3653748,9.1281151,0.5,1,1,453.96578,497326.96,-721.12733,226.98289,-948.11022
2012-09-13_912810QX9_post,2012-09-13_912810QX9,post,DGS30,30,2012-09-13,2012-09-20,1,0.0025,5,0.35450278,4.8826627,19.817276,1,1,1,811.74182,409613.21,-454.64754,405.87091,-860.51844
2012-09-25_912828TQ3_pre,2012-09-25_912828TQ3,pre,DGS2,2,2012-09-18,2012-09-25,-1,0.0025,5,1,1.5954561,1.9937656,1,1,0.82773888,5800.4742,29093060,10698.466,2900.2371,7798.2293
2012-09-26_912828TS9_pre,2012-09-26_912828TS9,pre,DGS5,5,2012-09-19,2012-09-26,-1,0.0025,5,1,3.3562068,4.9050823,1,1,0.073228817,243.94297,497326.96,-1763.4064,121.97148,-1885.3778
2012-09-27_912828TR1_pre,2012-09-27_912828TR1,pre,DGS7,7,2012-09-20,2012-09-27,-1,0.0025,5,1,4.2484959,6.6997575,1,1,0.10428293,274.43092,409613.21,-3656.6857,137.21546,-3793.9011
2012-09-25_912828TQ3_post,2012-09-25_912828TQ3,post,DGS2,2,2012-09-25,2012-10-02,1,0.0025,5,1,1.6142025,1.9932682,1,1,0.83725576,5799.027,29093060,24019.131,2899.5135,21119.617
2012-09-26_912828TS9_post,2012-09-26_912828TS9,post,DGS5,5,2012-09-26,2012-10-03,1,0.0025,5,1,3.2401088,4.9144554,1,1,0.070830775,244.40912,497326.96,538.93846,122.20456,416.7339
2012-09-27_912828TR1_post,2012-09-27_912828TR1,post,DGS7,7,2012-09-27,2012-10-04,1,0.0025,5,1,4.17617,6.7319235,1,1,0.10299978,275.74848,409613.21,-475.805,137.87424,-613.67924
2012-10-09_912828TT7_pre,2012-10-09_912828TT7,pre,DGS3,3,2012-10-01,2012-10-09,-1,0.0025,5,1,1.7989325,2.983792,1,1,0,0,0,0,0,0
2012-10-10_912828TJ9_pre,2012-10-10_912828TJ9,pre,DGS10,10,2012-10-02,2012-10-10,-1,0.0025,5,0.35450278,4.4686921,9.1884265,1,1,1,886.93995,965279.47,6725.6375,443.46997,6282.1676
2012-10-11_912810QX9_pre,2012-10-11_912810QX9,pre,DGS30,30,2012-10-03,2012-10-11,-1,0.0025,5,0.35450278,4.9006802,20.153505,1,1,1,808.75743,401298.65,2912.6111,404.37871,2508.2324
2012-10-09_912828TT7_post,2012-10-09_912828TT7,post,DGS3,3,2012-10-09,2012-10-16,1,0.0025,5,1,1.7897227,2.9817104,1,1,1,6246.9677,20950954,-5286.3667,3123.4838,-8409.8505
2012-10-10_912828TJ9_post,2012-10-10_912828TJ9,post,DGS10,10,2012-10-10,2012-10-17,1,0.0025,5,0.35450278,4.5022279,9.1512453,1,1,1,880.33337,961982.06,-9338.7166,440.16669,-9778.8833
2012-10-11_912810QX9_post,2012-10-11_912810QX9,post,DGS30,30,2012-10-11,2012-10-18,1,0.0025,5,0.35450278,5.0603979,20.04917,1,1,1,783.2312,390655.17,-12139.491,391.6156,-12531.107
2012-10-23_912828TU4_pre,2012-10-23_912828TU4,pre,DGS2,2,2012-10-16,2012-10-23,-1,0.0025,5,1,1.6497731,1.9932682,1,1,0.84259641,5710.1877,28647363,10281.819,2855.0938,7426.7249
2012-10-24_912828TW0_pre,2012-10-24_912828TW0,pre,DGS5,5,2012-10-17,2012-10-24,-1,0.0025,5,1,3.1488048,4.8944021,0.5,1,0.26520844,470.8327,961982.06,-1067.4465,235.41635,-1302.8628
2012-10-25_912828TV2_pre,2012-10-25_912828TV2,pre,DGS7,7,2012-10-18,2012-10-25,-1,0.0025,5,1,4.323729,6.6800723,0.5,1,0.20184044,260.96048,390655.17,432.03551,130.48024,301.55527
2012-10-23_912828TU4_post,2012-10-23_912828TU4,post,DGS2,2,2012-10-23,2012-10-31,1,0.0025,5,1,1.7155816,1.992771,0.5,1,1,3258.4692,16351449,-2617.4598,1629.2346,-4246.6944
2012-10-24_912828TW0_post,2012-10-24_912828TW0,post,DGS5,5,2012-10-24,2012-11-01,1,0.0025,5,1,3.1985166,4.897069,1,1,1,3495.4766,7137895.3,11505.493,1747.7383,9757.7551
2012-10-25_912828TV2_post,2012-10-25_912828TV2,post,DGS7,7,2012-10-25,2012-11-02,1,0.0025,5,1,4.1862028,6.6751639,1,1,1,2670.7593,4001039.2,33075.374,1335.3796,31739.995
2012-11-06_912828TX8_pre,2012-11-06_912828TX8,pre,DGS3,3,2012-10-29,2012-11-06,-1,0.0025,5,1,1.7546548,2.9791115,1,1,0.11733589,747.64283,2509616.8,594.97172,373.82141,221.15031
2012-11-07_912828TY6_pre,2012-11-07_912828TY6,pre,DGS10,10,2012-10-31,2012-11-07,-1,0.0025,5,2,4.4951638,9.1512453,1,1,1,4974.386,5435747.7,-21809.842,2487.193,-24297.035
2012-11-08_912810QY7_pre,2012-11-08_912810QY7,pre,DGS30,30,2012-11-01,2012-11-08,-1,0.0025,5,2,4.8034827,19.971435,1,1,1,4655.0974,2330877.8,-57977.366,2327.5487,-60304.914
2012-11-06_912828TX8_post,2012-11-06_912828TX8,post,DGS3,3,2012-11-06,2012-11-14,1,0.0025,5,1,1.6773668,2.9785921,1,1,0.99354937,6622.4154,22233375,54214.901,3311.2077,50903.693
2012-11-07_912828TY6_post,2012-11-07_912828TY6,post,DGS10,10,2012-11-07,2012-11-15,1,0.0025,5,2,4.3601625,9.1698092,1,1,0.97193509,4984.4769,5435747.7,51806.308,2492.2385,49314.07
2012-11-08_912810QY7_post,2012-11-08_912810QY7,post,DGS30,30,2012-11-08,2012-11-16,1,0.0025,5,2,4.8879825,20.285038,1,1,1,4574.6235,2255171.3,19690.964,2287.3118,17403.652
2012-11-27_912828TZ3_pre,2012-11-27_912828TZ3,pre,DGS2,2,2012-11-19,2012-11-27,-1,0.0025,5,1,1.7494955,1.9937656,1,1,0.93595113,5981.2968,30000000,10782.525,2990.6484,7791.8768
2012-11-28_912828UA6_pre,2012-11-28_912828UA6,pre,DGS5,5,2012-11-20,2012-11-28,-1,0.0025,5,1,3.2409805,4.9090962,1,1,0,0,0,0,0,0
2012-11-29_912828UB4_pre,2012-11-29_912828UB4,pre,DGS7,7,2012-11-21,2012-11-29,-1,0.0025,5,1,4.1255371,6.7170503,1,1,0,0,0,0,0,0
2012-11-27_912828TZ3_post,2012-11-27_912828TZ3,post,DGS2,2,2012-11-27,2012-12-04,1,0.0025,5,1,1.6518266,1.9932682,1,1,0.88347941,5979.8045,30000000,12898.763,2989.9023,9908.861
2012-11-28_912828UA6_post,2012-11-28_912828UA6,post,DGS5,5,2012-11-28,2012-12-05,1,0.0025,5,1,3.077667,4.9131148,1,1,0,0,0,0,0,0
2012-11-29_912828UB4_post,2012-11-29_912828UB4,post,DGS7,7,2012-11-29,2012-12-06,1,0.0025,5,1,4.1280356,6.734407,1,1,0,0,0,0,0,0
2012-12-11_912828UC2_pre,2012-12-11_912828UC2,pre,DGS3,3,2012-12-04,2012-12-11,-1,0.0025,5,1,1.5450852,2.9822306,1,1,1,7236.0671,24263942,-15554.282,3618.0336,-19172.316
2012-12-12_912828TY6_pre,2012-12-12_912828TY6,pre,DGS10,10,2012-12-05,2012-12-12,-1,0.0025,5,2,4.182152,9.2070974,0.5,1,1,2673.3461,2903571,31075.103,1336.6731,29738.43
2012-12-13_912810QY7_pre,2012-12-13_912810QY7,pre,DGS30,30,2012-12-06,2012-12-13,-1,0.0025,5,0.35450278,4.3255906,20.311494,0.5,1,1,458.14108,225557.55,6213.7046,229.07054,5984.6341
2012-12-17_912828UD0_pre,2012-12-17_912828UD0,pre,DGS2,2,2012-12-10,2012-12-17,-1,0.0025,5,1,1.4613669,1.9940144,0.5,1,0.13589134,519.82543,2606929.2,424.40489,259.91271,164.49218
2012-12-11_912828UC2_post,2012-12-11_912828UC2,post,DGS3,3,2012-12-11,2012-12-18,1,0.0025,5,1,1.540416,2.9832714,0.5,1,1,3629.0003,12164499,-24676.823,1814.5001,-26491.323
2012-12-18_912828UE8_pre,2012-12-18_912828UE8,pre,DGS5,5,2012-12-11,2012-12-18,-1,0.0025,5,1,2.8000706,4.9131148,0.5,1,1,1996.4389,4063489.2,27363.637,998.21946,26365.417
2012-12-12_912828TY6_post,2012-12-12_912828TY6,post,DGS10,10,2012-12-12,2012-12-19,1,0.0025,5,0.35450278,4.0147679,9.1512453,1,1,1,987.22058,1078782.8,-9471.4208,493.61029,-9965.0311
2012-12-19_912828UF5_pre,2012-12-19_912828UF5,pre,DGS7,7,2012-12-12,2012-12-19,-1,0.0025,5,1,3.8377768,6.7170503,1,1,1,2913.2335,4337072.6,36796.731,1456.6167,35340.114
2012-12-13_912810QY7_post,2012-12-13_912810QY7,post,DGS30,30,2012-12-13,2012-12-20,1,0.0025,5,0.35450278,4.3425044,19.94562,1,1,1,912.7133,457600.86,-6956.617,456.35665,-7412.9736
2012-12-17_912828UD0_post,2012-12-17_912828UD0,post,DGS2,2,2012-12-17,2012-12-24,1,0.0025,5,1,1.4670582,1.9937656,1,1,0.20663987,1574.7868,7898555.4,-1253.4274,787.3934,-2040.8208
2012-12-18_912828UE8_post,2012-12-18_912828UE8,post,DGS5,5,2012-12-18,2012-12-26,1,0.0025,5,1,2.6516704,4.8944021,1,1,1,4216.3385,8614613.9,9771.3937,2108.1692,7663.2245
2012-12-19_912828UF5_post,2012-12-19_912828UF5,post,DGS7,7,2012-12-19,2012-12-27,1,0.0025,5,1,3.6919136,6.6849858,1,1,1,3028.3319,4530049.9,28460.241,1514.166,26946.075
2013-01-08_912828UG3_pre,2013-01-08_912828UG3,pre,DGS3,3,2012-12-31,2013-01-08,-1,0.0025,5,1,1.5436218,2.9811904,1,1,1,7242.9268,24295419,12729.066,3621.4634,9107.6025
2013-01-09_912828TY6_pre,2013-01-09_912828TY6,pre,DGS10,10,2013-01-02,2013-01-09,-1,0.0025,5,0.35450278,3.8017243,9.086689,1,1,1,1042.5431,1147330,1668.8644,521.27157,1147.5928
2013-01-10_912810QY7_pre,2013-01-10_912810QY7,pre,DGS30,30,2013-01-03,2013-01-10,-1,0.0025,5,0.35450278,4.162348,19.38982,1,1,1,952.21771,491091.58,-4115.4638,476.10885,-4591.5726
2013-01-08_912828UG3_post,2013-01-08_912828UG3,post,DGS3,3,2013-01-08,2013-01-15,1,0.0025,5,1,1.574066,2.9801506,1,1,1,7102.8408,23833831,15579.277,3551.4204,12027.857
2013-01-09_912828TY6_post,2013-01-09_912828TY6,post,DGS10,10,2013-01-09,2013-01-16,1,0.0025,5,0.35450278,3.9083787,9.0775194,1,1,1,1014.0935,1117148.3,4453.2536,507.04677,3946.2068
2013-01-10_912810QY7_post,2013-01-10_912810QY7,post,DGS30,30,2013-01-10,2013-01-17,1,0.0025,5,0.35450278,4.0883948,19.489175,1,1,1,969.44198,497425.88,2249.8937,484.72099,1765.1727
2013-01-28_912828UK4_pre,2013-01-28_912828UK4,pre,DGS2,2,2013-01-18,2013-01-28,-1,0.0025,5,1,1.3591082,1.9935169,1,1,0.72700969,5980.5506,30000000,16381.776,2990.2753,13391.501
2013-01-29_912828UJ7_pre,2013-01-29_912828UJ7,pre,DGS5,5,2013-01-22,2013-01-29,-1,0.0025,5,1,2.6996547,4.897069,1,1,0,0,0,0,0,0
2013-01-30_912828UL2_pre,2013-01-30_912828UL2,pre,DGS7,7,2013-01-23,2013-01-30,-1,0.0025,5,1,3.5558498,6.6849858,0.5,1,0,0,0,0,0,0
2013-01-28_912828UK4_post,2013-01-28_912828UK4,post,DGS2,2,2013-01-28,2013-02-04,1,0.0025,5,1,1.4778018,1.992771,0.5,1,1,3782.7601,18982413,15865.811,1891.3801,13974.431
2013-01-29_912828UJ7_post,2013-01-29_912828UJ7,post,DGS5,5,2013-01-29,2013-02-05,1,0.0025,5,1,2.7189957,4.8784453,0.5,1,1,2055.9686,4214393.1,4765.8473,1027.9843,3737.863
2013-01-30_912828UL2_post,2013-01-30_912828UL2,post,DGS7,7,2013-01-30,2013-02-06,1,0.0025,5,1,3.4552834,6.64826,1,1,1,3235.723,4867022.4,14195.589,1617.8615,12577.727
2013-02-12_912828UM0_pre,2013-02-12_912828UM0,pre,DGS3,3,2013-02-05,2013-02-12,-1,0.0025,5,1,1.6672315,2.9785921,1,1,1,6705.9311,22513761,-1401.8365,3352.9656,-4754.8021
2013-02-13_912828UN8_pre,2013-02-13_912828UN8,pre,DGS10,10,2013-02-06,2013-02-13,-1,0.0025,5,2,3.5432756,9.0227765,1,1,1,6310.7367,6994229.3,28913.876,3155.3684,25758.508
2013-02-14_912810QZ4_pre,2013-02-14_912810QZ4,pre,DGS30,30,2013-02-07,2013-02-14,-1,0.0025,5,2,3.6373378,19.266667,1,1,0.15419807,947.9388,492009.76,-327.28588,473.9694,-801.25528
2013-02-12_912828UM0_post,2013-02-12_912828UM0,post,DGS3,3,2013-02-12,2013-02-20,1,0.0025,5,1,1.530389,2.9785921,1,1,0.91792227,6705.9311,22513761,-5067.5647,3352.9656,-8420.5303
2013-02-13_912828UN8_post,2013-02-13_912828UN8,post,DGS10,10,2013-02-13,2013-02-21,1,0.0025,5,2,3.2053539,9.0001051,1,1,0.90235709,6294.8799,6994229.3,40804.422,3147.4399,37656.982
2013-02-14_912810QZ4_post,2013-02-14_912810QZ4,post,DGS30,30,2013-02-14,2013-02-22,1,0.0025,5,2,3.5262935,19.266667,1,1,0.14949055,947.9388,492009.76,2241.8787,473.9694,1767.9093
2013-02-25_912828UP3_pre,2013-02-25_912828UP3,pre,DGS2,2,2013-02-15,2013-02-25,-1,0.0025,5,1,1.5450852,1.992771,1,1,0,0,0,0,0,0
2013-02-26_912828UR9_pre,2013-02-26_912828UR9,pre,DGS5,5,2013-02-19,2013-02-26,-1,0.0025,5,1,2.6495389,4.8797722,1,1,0,0,0,0,0,0
2013-02-27_912828UQ1_pre,2013-02-27_912828UQ1,pre,DGS7,7,2013-02-20,2013-02-27,-1,0.0025,5,1,3.175471,6.6506994,1,1,1,3520.8446,5293946.4,-36507.993,1760.4223,-38268.416
2013-02-25_912828UP3_post,2013-02-25_912828UP3,post,DGS2,2,2013-02-25,2013-03-04,1,0.0025,5,1,1.5293734,1.9937656,1,1,0.67380776,4925.8079,24706054,5557.7579,2462.904,3094.854
2013-02-26_912828UR9_post,2013-02-26_912828UR9,post,DGS5,5,2013-02-26,2013-03-05,1,0.0025,5,1,2.7543494,4.8944021,1,1,8.98367e-16,3.6466137e-12,7.4505806e-09,4.5772216e-12,1.8233069e-12,2.7539147e-12
2013-02-27_912828UQ1_post,2013-02-27_912828UQ1,post,DGS7,7,2013-02-27,2013-03-06,1,0.0025,5,1,3.3982382,6.6751639,1,1,1,3290.0401,4928778,-8755.7399,1645.0201,-10400.76
2013-03-12_912828US7_pre,2013-03-12_912828US7,pre,DGS3,3,2013-03-05,2013-03-12,-1,0.0025,5,1,1.6518266,2.9811904,1,1,1,6768.4707,22703920,32439.092,3384.2354,29054.856
2013-03-13_912828UN8_pre,2013-03-13_912828UN8,pre,DGS10,10,2013-03-06,2013-03-13,-1,0.0025,5,2,3.4763121,9.045529,1,1,1,6432.2993,7111026.1,54992.922,3216.1496,51776.772
2013-03-14_912810QZ4_pre,2013-03-14_912810QZ4,pre,DGS30,30,2013-03-07,2013-03-14,-1,0.0025,5,0.35450278,3.7948449,19.193325,1,1,0.34006966,355.18,185053.92,1648.2914,177.59,1470.7014
2013-03-12_912828US7_post,2013-03-12_912828US7,post,DGS3,3,2013-03-12,2013-03-19,1,0.0025,5,1,1.6823276,2.9785921,1,1,1,6645.7569,22311739,27892.959,3322.8784,24570.081
2013-03-13_912828UN8_post,2013-03-13_912828UN8,post,DGS10,10,2013-03-13,2013-03-20,1,0.0025,5,0.35450278,3.548653,9.0046329,0.5,1,1,558.44592,620176.22,4709.7492,279.22296,4430.5262
2013-03-14_912810QZ4_post,2013-03-14_912810QZ4,post,DGS30,30,2013-03-14,2013-03-21,1,0.0025,5,0.35450278,3.7753288,19.071998,0.5,1,1,524.91607,275228.67,5479.7749,262.45804,5217.3169
2013-03-26_912828UT5_pre,2013-03-26_912828UT5,pre,DGS2,2,2013-03-19,2013-03-26,-1,0.0025,5,1,1.4953789,1.9940144,0.5,1,1,3738.2965,18747591,3088.8063,1869.1483,1219.658
2013-03-27_912828UU2_pre,2013-03-27_912828UU2,pre,DGS5,5,2013-03-20,2013-03-27,-1,0.0025,5,1,2.8041535,4.8904058,1,1,1,3987.0642,8152828.9,-21083.099,1993.5321,-23076.631
2013-03-28_912828UV0_pre,2013-03-28_912828UV0,pre,DGS7,7,2013-03-21,2013-03-28,-1,0.0025,5,1,3.5912637,6.6702607,1,1,0.66410691,2067.5009,3099580.3,-13137.339,1033.7504,-14171.089
2013-03-26_912828UT5_post,2013-03-26_912828UT5,post,DGS2,2,2013-03-26,2013-04-03,1,0.0025,5,1,1.5510157,1.9937656,1,1,0.51853819,3737.8301,18747591,4417.7657,1868.9151,2548.8507
2013-03-27_912828UU2_post,2013-03-27_912828UU2,post,DGS5,5,2013-03-27,2013-04-04,1,0.0025,5,1,2.7438169,4.897069,1,1,0.97981631,3992.4965,8152828.9,29210.913,1996.2483,27214.665
2013-03-28_912828UV0_post,2013-03-28_912828UV0,post,DGS7,7,2013-03-28,2013-04-05,1,0.0025,5,1,3.5515175,6.6849858,1,1,0.65820677,2072.0651,3099580.3,25720.791,1036.0325,24684.759
2013-04-09_912828UW8_pre,2013-04-09_912828UW8,pre,DGS3,3,2013-04-02,2013-04-09,-1,0.0025,5,1,1.6722224,2.9811904,1,1,0,0,0,0,0,0
2013-04-10_912828UN8_pre,2013-04-10_912828UN8,pre,DGS10,10,2013-04-03,2013-04-10,-1,0.0025,5,0.35450278,3.2357467,9.1004681,1,1,1,1224.8986,1345973.2,750.86689,612.44929,138.4176
2013-04-11_912810QZ4_pre,2013-04-11_912810QZ4,pre,DGS30,30,2013-04-04,2013-04-11,-1,0.0025,5,0.35450278,3.3913732,19.715467,1,1,1,1168.6893,592777.87,1845.8367,584.34464,1261.492
2013-04-09_912828UW8_post,2013-04-09_912828UW8,post,DGS3,3,2013-04-09,2013-04-16,1,0.0025,5,1,1.5989933,2.9822306,1,1,1,6992.1117,23445912,8212.4346,3496.0558,4716.3788
2013-04-10_912828UN8_post,2013-04-10_912828UN8,post,DGS10,10,2013-04-10,2013-04-17,1,0.0025,5,0.35450278,3.4449259,9.0958718,1,1,1,1150.5216,1264883.2,13119.904,575.26079,12544.644
2013-04-11_912810QZ4_post,2013-04-11_912810QZ4,post,DGS30,30,2013-04-11,2013-04-18,1,0.0025,5,0.35450278,3.9137596,19.664849,1,1,1,1012.6993,514979.43,14660.751,506.34964,14154.402
2013-04-23_912828UY4_pre,2013-04-23_912828UY4,pre,DGS2,2,2013-04-16,2013-04-23,-1,0.0025,5,1,1.5716413,1.9940144,1,1,0.79101705,5627.1359,28220137,-6632.2184,2813.568,-9445.7863
2013-04-24_912828UZ1_pre,2013-04-24_912828UZ1,pre,DGS5,5,2013-04-17,2013-04-24,-1,0.0025,5,1,2.7768209,4.9037454,1,1,0.15405338,620.26654,1264883.2,-779.42166,310.13327,-1089.5549
2013-04-25_912828VA5_pre,2013-04-25_912828VA5,pre,DGS7,7,2013-04-18,2013-04-25,-1,0.0025,5,1,3.5419599,6.712103,1,1,0.1095058,345.6595,514979.43,583.7823,172.82975,410.95256
2013-04-23_912828UY4_post,2013-04-23_912828UY4,post,DGS2,2,2013-04-23,2013-04-30,1,0.0025,5,1,1.5013177,1.9942632,1,1,0.755717,5627.8381,28220137,6512.3075,2813.9191,3698.3884
2013-04-24_912828UZ1_post,2013-04-24_912828UZ1,post,DGS5,5,2013-04-24,2013-05-01,1,0.0025,5,1,2.4965513,4.9050823,0.5,1,0.27708449,620.43564,1264883.2,3258.1611,310.21782,2947.9433
2013-04-25_912828VA5_post,2013-04-25_912828VA5,post,DGS7,7,2013-04-25,2013-05-02,1,0.0025,5,1,3.2588428,6.7071609,0.5,1,0.20135713,345.40499,514979.43,2872.6399,172.70249,2699.9374
2013-05-07_912828VC1_pre,2013-05-07_912828VC1,pre,DGS3,3,2013-04-30,2013-05-07,-1,0.0025,5,1,1.4516696,2.9832714,0.5,1,1,3850.8556,12908164,10850.131,1925.4278,8924.7029
2013-05-08_912828VB3_pre,2013-05-08_912828VB3,pre,DGS10,10,2013-05-01,2013-05-08,-1,0.0025,5,2,3.3210508,9.1791112,1,1,1,6733.0134,7335147.5,97932.417,3366.5067,94565.91
2013-05-09_912810RB6_pre,2013-05-09_912810RB6,pre,DGS30,30,2013-05-02,2013-05-09,-1,0.0025,5,2,3.8061799,20.153505,1,1,1,5874.8352,2915043.9,107856.91,2937.4176,104919.5
2013-05-07_912828VC1_post,2013-05-07_912828VC1,post,DGS3,3,2013-05-07,2013-05-14,1,0.0025,5,1,1.4531283,2.9817104,1,1,0.76538036,5888.821,19749809,-34010.701,2944.4105,-36955.112
2013-05-08_912828VB3_post,2013-05-08_912828VB3,post,DGS10,10,2013-05-08,2013-05-15,1,0.0025,5,2,3.6457157,9.1096705,1,1,1,6133.4129,6732859.2,-76917.443,3066.7065,-79984.149
2013-05-09_912810RB6_post,2013-05-09_912810RB6,post,DGS30,30,2013-05-09,2013-05-16,1,0.0025,5,2,4.2149519,19.664849,1,1,1,5305.0854,2697750.4,-40122.047,2652.5427,-42774.59
2013-05-28_912828VD9_pre,2013-05-28_912828VD9,pre,DGS2,2,2013-05-20,2013-05-28,-1,0.0025,5,1,1.4497224,1.9935169,1,1,0.77548071,5980.5506,30000000,16408.035,2990.2753,13417.76
2013-05-29_912828VE7_pre,2013-05-29_912828VE7,pre,DGS5,5,2013-05-21,2013-05-29,-1,0.0025,5,1,2.740108,4.8864142,1,1,0,0,0,0,0,0
2013-05-30_912828VF4_pre,2013-05-30_912828VF4,pre,DGS7,7,2013-05-22,2013-05-30,-1,0.0025,5,1,3.5448698,6.6458219,1,1,0,0,0,0,0,0
2013-05-28_912828VD9_post,2013-05-28_912828VD9,post,DGS2,2,2013-05-28,2013-06-04,1,0.0025,5,1,1.3715223,1.992771,1,1,0.7333757,5978.3129,30000000,-16434.574,2989.1565,-19423.73
2013-05-29_912828VE7_post,2013-05-29_912828VE7,post,DGS5,5,2013-05-29,2013-06-05,1,0.0025,5,1,3.1484459,4.8625643,1,1,0,0,0,0,0,0
2013-05-30_912828VF4_post,2013-05-30_912828VF4,post,DGS7,7,2013-05-30,2013-06-06,1,0.0025,5,1,4.0895347,6.6190872,1,1,0,0,0,0,0,0
2013-06-11_912828VG2_pre,2013-06-11_912828VG2,pre,DGS3,3,2013-06-04,2013-06-11,-1,0.0025,5,1,1.8148789,2.9749604,1,1,1,6160.378,20707429,53465.366,3080.189,50385.177
2013-06-12_912828VB3_pre,2013-06-12_912828VB3,pre,DGS10,10,2013-06-05,2013-06-12,-1,0.0025,5,2,4.2445046,8.9775146,1,1,1,5268.1483,5868159.1,76145.753,2634.0742,73511.679
2013-06-13_912810RB6_pre,2013-06-13_912810RB6,pre,DGS30,30,2013-06-06,2013-06-13,-1,0.0025,5,0.35450278,4.7603292,19.120393,1,1,1,832.60239,435452.54,7923.2781,416.3012,7506.9769
2013-06-11_912828VG2_post,2013-06-11_912828VG2,post,DGS3,3,2013-06-11,2013-06-18,1,0.0025,5,1,1.8963986,2.970301,1,1,1,5895.5643,19848373,54866.641,2947.7821,51918.859
2013-06-12_912828VB3_post,2013-06-12_912828VB3,post,DGS10,10,2013-06-12,2013-06-19,1,0.0025,5,0.35450278,4.4359535,8.9102242,0.5,1,1,446.74291,501382.34,-3332.671,223.37145,-3556.0425
2013-06-13_912810RB6_post,2013-06-13_912810RB6,post,DGS30,30,2013-06-13,2013-06-20,1,0.0025,5,0.35450278,4.9041375,18.88021,0.5,1,1,404.09363,214030.27,-6219.6485,202.04682,-6421.6953
2013-06-25_912828VH0_pre,2013-06-25_912828VH0,pre,DGS2,2,2013-06-18,2013-06-25,-1,0.0025,5,1,1.5182506,1.9932682,0.5,1,1,3681.9812,18472081,57651.799,1840.9906,55810.809
2013-06-26_912828VK3_pre,2013-06-26_912828VK3,pre,DGS5,5,2013-06-19,2013-06-26,-1,0.0025,5,1,3.4218887,4.8336447,1,1,1,3267.3009,6759497.5,66527.804,1633.6504,64894.154
2013-06-27_912828VJ6_pre,2013-06-27_912828VJ6,pre,DGS7,7,2013-06-20,2013-06-27,-1,0.0025,5,1,4.7827373,6.5398024,1,1,1,2337.6446,3574488.1,14921.356,1168.8223,13752.534
2013-06-25_912828VH0_post,2013-06-25_912828VH0,post,DGS2,2,2013-06-25,2013-07-02,1,0.0025,5,1,1.7764148,1.9892961,1,1,0.62159164,3912.1525,19666014,36383.219,1956.0762,34427.143
2013-06-26_912828VK3_post,2013-06-26_912828VK3,post,DGS5,5,2013-06-26,2013-07-03,1,0.0025,5,1,4.3143107,4.8062734,1,1,1,2591.4545,5391816.7,9196.9029,1295.7273,7901.1757
2013-06-27_912828VJ6_post,2013-06-27_912828VJ6,post,DGS7,7,2013-06-27,2013-07-05,1,0.0025,5,1,5.0783689,6.5231598,1,1,1,2201.5612,3374992,-59679.675,1100.7806,-60780.456
2013-07-09_912828VL1_pre,2013-07-09_912828VL1,pre,DGS3,3,2013-07-01,2013-07-09,-1,0.0025,5,1,2.7458752,2.9661686,1,1,0.11416675,464.85109,1567176.9,2552.5327,232.42554,2320.1072
2013-07-10_912828VB3_pre,2013-07-10_912828VB3,pre,DGS10,10,2013-07-02,2013-07-10,-1,0.0025,5,0.35450278,4.9755334,8.8084313,1,1,1,796.59028,904349.78,16808.612,398.29514,16410.317
2013-07-11_912810RB6_pre,2013-07-11_912810RB6,pre,DGS30,30,2013-07-03,2013-07-11,-1,0.0025,5,0.35450278,4.7900556,18.505072,1,1,1,827.43539,447139.78,11736.774,413.71769,11323.057
2013-07-09_912828VL1_post,2013-07-09_912828VL1,post,DGS3,3,2013-07-09,2013-07-16,1,0.0025,5,1,3.1418444,2.9630751,1,1,1,3558.5275,12009576,26386.529,1779.2638,24607.266
2013-07-10_912828VB3_post,2013-07-10_912828VB3,post,DGS10,10,2013-07-10,2013-07-17,1,0.0025,5,0.35450278,5.5890328,8.7126073,1,1,1,709.1498,813935.23,13238.847,354.5749,12884.272
2013-07-11_912810RB6_post,2013-07-11_912810RB6,post,DGS30,30,2013-07-11,2013-07-18,1,0.0025,5,0.35450278,5.1277466,18.163313,1,1,1,772.94411,425552.39,1089.1685,386.47205,702.69649
2013-07-23_912828VN7_pre,2013-07-23_912828VN7,pre,DGS2,2,2013-07-16,2013-07-23,-1,0.0025,5,1,2.092494,1.9915288,1,1,1,5343.0691,26828982,-6835.9375,2671.5345,-9507.472
2013-07-24_912828VQ0_pre,2013-07-24_912828VQ0,pre,DGS5,5,2013-07-17,2013-07-24,-1,0.0025,5,1,5.4545891,4.8218863,1,1,0.64586241,1323.8323,2745465.6,8560.6432,661.91615,7898.727
2013-07-25_912828VP2_pre,2013-07-25_912828VP2,pre,DGS7,7,2013-07-18,2013-07-25,-1,0.0025,5,1,6.1432063,6.5136771,1,1,0.15230682,277.19108,425552.39,1225.6577,138.59554,1087.0622
2013-07-23_912828VN7_post,2013-07-23_912828VN7,post,DGS2,2,2013-07-23,2013-07-30,1,0.0025,5,1,2.1058836,1.9917771,1,1,1,5309.0968,26655074,1535.3187,2654.5484,-1119.2297
2013-07-24_912828VQ0_post,2013-07-24_912828VQ0,post,DGS5,5,2013-07-24,2013-07-31,1,0.0025,5,1,5.5059034,4.8127697,0.5,1,1,1015.3048,2109606,2575.0724,507.65239,2067.4201
2013-07-25_912828VP2_post,2013-07-25_912828VP2,post,DGS7,7,2013-07-25,2013-08-01,1,0.0025,5,1,6.2041539,6.5018515,0.5,1,0.89140276,803.18654,1235319.7,-11511.879,401.59327,-11913.472
2013-08-06_912828VR8_pre,2013-08-06_912828VR8,pre,DGS3,3,2013-07-30,2013-08-06,-1,0.0025,5,1,3.4222189,2.9677172,0.5,1,1,1633.4928,5504206.4,-611.84268,816.74641,-1428.5891
2013-08-07_912828VS6_pre,2013-08-07_912828VS6,pre,DGS10,10,2013-07-31,2013-08-07,-1,0.0025,5,2,5.7527935,8.7559784,1,1,1,3886.9255,4439167.6,1314.7667,1943.4628,-628.69609
2013-08-08_912810RC4_pre,2013-08-08_912810RC4,pre,DGS30,30,2013-08-01,2013-08-08,-1,0.0025,5,2,5.1179313,17.87465,1,1,1,4369.0856,2444291.5,-54830.251,2184.5428,-57014.794
2013-08-06_912828VR8_post,2013-08-06_912828VR8,post,DGS3,3,2013-08-06,2013-08-13,1,0.0025,5,1,3.5336957,2.9677172,1,1,1,3163.9226,10661132,-17791.442,1581.9613,-19373.403
2013-08-07_912828VS6_post,2013-08-07_912828VS6,post,DGS10,10,2013-08-07,2013-08-14,1,0.0025,5,2,6.1426314,8.7516274,1,1,1,3640.2444,4159505.7,-34162.222,1820.1222,-35982.345
2013-08-08_912810RC4_post,2013-08-08_912810RC4,post,DGS30,30,2013-08-08,2013-08-15,1,0.0025,5,2,5.4346399,18.140862,1,1,1,4114.4731,2268069.2,-63321.034,2057.2366,-65378.271
2013-08-27_912828VU1_pre,2013-08-27_912828VU1,pre,DGS2,2,2013-08-20,2013-08-27,-1,0.0025,5,1,2.1719839,1.9910323,1,1,1,5147.5243,25853545,8464.7298,2573.7621,5890.9677
2013-08-28_912828RE2_pre,2013-08-28_912828RE2,pre,DGS7,7,2013-08-21,2013-08-28,-1,0.0025,5,1,6.7298769,6.4315424,1,1,1,1661.2993,2583049.6,-14454.87,830.64966,-15285.519
2013-08-29_912828VV9_pre,2013-08-29_912828VV9,pre,DGS7,7,2013-08-22,2013-08-29,-1,0.0025,5,0.59175171,6.5821836,6.4222507,1,1,0.99892849,1004.0583,1563405.7,-14778.315,502.02915,-15280.345
2013-08-27_912828VU1_post,2013-08-27_912828VU1,post,DGS2,2,2013-08-27,2013-09-04,1,0.0025,5,0,2.2207929,1.990536,1,1,1,0,0,0,0,0
2013-08-28_912828RE2_post,2013-08-28_912828RE2,post,DGS7,7,2013-08-28,2013-09-05,1,0.0025,5,2,6.7797472,6.4501841,1,1,1,3298.1584,5113277.8,-72902.384,1649.0792,-74551.463
2013-08-29_912828VV9_post,2013-08-29_912828VV9,post,DGS7,7,2013-08-29,2013-09-06,1,0.0025,5,0.59175171,6.8224248,6.4548567,1,1,1,969.74103,1502343.2,-16606.884,484.87051,-17091.754
2013-09-10_912828VW7_pre,2013-09-10_912828VW7,pre,DGS3,3,2013-09-03,2013-09-10,-1,0.0025,5,1,3.553426,2.9569028,1,1,1,3146.3551,10640712,26455.266,1573.1775,24882.088
2013-09-11_912828VS6_pre,2013-09-11_912828VS6,pre,DGS10,10,2013-09-04,2013-09-11,-1,0.0025,5,2,6.1968417,8.6267803,1,1,1,3608.3994,4182788.1,8373.0893,1804.1997,6568.8896
2013-09-12_912810RC4_pre,2013-09-12_912810RC4,pre,DGS30,30,2013-09-05,2013-09-12,-1,0.0025,5,0.35450278,5.3038734,17.635705,1,1,1,747.27679,423729.47,-2571.1688,373.6384,-2944.8072
2013-09-10_912828VW7_post,2013-09-10_912828VW7,post,DGS3,3,2013-09-10,2013-09-17,1,0.0025,5,0,3.8596859,2.9522864,1,1,1,0,0,0,0,0
2013-09-11_912828VS6_post,2013-09-11_912828VS6,post,DGS10,10,2013-09-11,2013-09-18,1,0.0025,5,0.35450278,6.1972292,8.6140106,0.5,1,1,319.7769,371228.83,7946.3543,159.88845,7786.4659
2013-09-12_912810RC4_post,2013-09-12_912810RC4,post,DGS30,30,2013-09-12,2013-09-19,1,0.0025,5,0.35450278,5.2631326,17.700397,0.5,1,1,376.53065,212724.42,2071.926,188.26533,1883.6607
2013-09-24_912828VY3_pre,2013-09-24_912828VY3,pre,DGS2,2,2013-09-17,2013-09-24,-1,0.0025,5,0,2.6197856,1.9902879,0.5,1,1,0,0,0,0,0
2013-09-25_912828RH5_pre,2013-09-25_912828RH5,pre,DGS7,7,2013-09-18,2013-09-25,-1,0.0025,5,0.59175171,6.4031022,6.4900568,1,1,1,1033.2469,1592045.9,-4788.3944,516.62343,-5305.0178
2013-09-26_912828VZ0_pre,2013-09-26_912828VZ0,pre,DGS7,7,2013-09-19,2013-09-26,-1,0.0025,5,0.35450278,6.9219009,6.4712491,1,1,1,572.59727,884832.67,-4943.0187,286.29863,-5229.3173
2013-09-24_912828VY3_post,2013-09-24_912828VY3,post,DGS2,2,2013-09-24,2013-10-01,1,0.0025,5,0,2.5007908,1.9912805,1,1,1,0,0,0,0,0
2013-09-25_912828RH5_post,2013-09-25_912828RH5,post,DGS7,7,2013-09-25,2013-10-02,1,0.0025,5,2,6.917982,6.4994901,1,1,1,3232.2547,4973089.7,1928.3144,1616.1274,312.18701
2013-09-26_912828VZ0_post,2013-09-26_912828VZ0,post,DGS7,7,2013-09-26,2013-10-03,1,0.0025,5,0.35450278,6.9268984,6.4900568,1,1,1,572.18416,881631.98,3776.21,286.09208,3490.1179
2013-10-08_912828WA4_pre,2013-10-08_912828WA4,pre,DGS3,3,2013-10-01,2013-10-08,-1,0.0025,5,0,3.5766032,2.9656527,1,1,1,0,0,0,0,0
2013-10-09_912828VS6_pre,2013-10-09_912828VS6,pre,DGS10,10,2013-10-02,2013-10-09,-1,0.0025,5,0.35450278,5.5126716,8.7429348,1,1,1,718.97291,822347.33,3175.7563,359.48645,2816.2698
2013-10-10_912810RC4_pre,2013-10-10_912810RC4,pre,DGS30,30,2013-10-03,2013-10-10,-1,0.0025,5,0.35450278,4.6675947,18.007024,1,1,1,849.14431,471562.82,3044.7313,424.57216,2620.1591
2013-10-08_912828WA4_post,2013-10-08_912828WA4,post,DGS3,3,2013-10-08,2013-10-16,1,0.0025,5,0,3.4543022,2.9635903,1,1,1,0,0,0,0,0
2013-10-09_912828VS6_post,2013-10-09_912828VS6,post,DGS10,10,2013-10-09,2013-10-17,1,0.0025,5,0.35450278,5.332424,8.7212569,1,1,1,743.27576,852257.61,5724.5602,371.63788,5352.9223
2013-10-10_912810RC4_post,2013-10-10_912810RC4,post,DGS30,30,2013-10-10,2013-10-18,1,0.0025,5,0.35450278,4.612529,17.918613,1,1,1,859.28165,479546.96,9073.9992,429.64082,8644.3583
2013-10-28_912828WB2_pre,2013-10-28_912828WB2,pre,DGS2,2,2013-10-21,2013-10-28,-1,0.0025,5,0,2.4735322,1.9917771,1,1,1,0,0,0,0,0
2013-10-29_912828WD8_pre,2013-10-29_912828WD8,pre,DGS5,5,2013-10-22,2013-10-29,-1,0.0025,5,1,5.4555212,4.8258011,1,1,1,2049.3624,4246678.1,-3081.7468,1024.6812,-4106.4279
2013-10-30_912828WC0_pre,2013-10-30_912828WC0,pre,DGS7,7,2013-10-23,2013-10-30,-1,0.0025,5,0.35450278,6.1277363,6.5255336,0.5,1,1,323.4034,495596.87,791.49517,161.7017,629.79347
2013-10-28_912828WB2_post,2013-10-28_912828WB2,post,DGS2,2,2013-10-28,2013-11-04,1,0.0025,5,0,2.4597896,1.9920255,0.5,1,1,0,0,0,0,0
2013-10-29_912828WD8_post,2013-10-29_912828WD8,post,DGS5,5,2013-10-29,2013-11-05,1,0.0025,5,1,5.3561307,4.827107,0.5,1,1,1043.6956,2162155.5,-9875.6547,521.84779,-10397.502
2013-10-30_912828WC0_post,2013-10-30_912828WC0,post,DGS7,7,2013-10-30,2013-11-06,1,0.0025,5,0.35450278,5.5157453,6.518416,1,1,1,718.57225,1102372.5,-6027.7033,359.28613,-6386.9894
2013-11-12_912828WF3_pre,2013-11-12_912828WF3,pre,DGS3,3,2013-11-04,2013-11-12,-1,0.0025,5,0,3.3849117,2.9687503,1,1,1,0,0,0,0,0
2013-11-13_912828WE6_pre,2013-11-13_912828WE6,pre,DGS10,10,2013-11-05,2013-11-13,-1,0.0025,5,0.35450278,4.9618602,8.7169306,1,1,1,798.78541,916360.87,4199.7809,399.39271,3800.3882
2013-11-14_912810RD2_pre,2013-11-14_912810RD2,pre,DGS30,30,2013-11-06,2013-11-14,-1,0.0025,5,2,4.1378438,17.87465,1,1,1,5403.9449,3023245.1,7555.4658,2701.9724,4853.4933
2013-11-12_912828WF3_post,2013-11-12_912828WF3,post,DGS3,3,2013-11-12,2013-11-19,1,0.0025,5,0,3.4459097,2.9661686,1,1,1,0,0,0,0,0
2013-11-13_912828WE6_post,2013-11-13_912828WE6,post,DGS10,10,2013-11-13,2013-11-20,1,0.0025,5,2,5.1434507,8.6910366,1,1,1,4347.4082,5002174.6,-19046.77,2173.7041,-21220.475
2013-11-14_912810RD2_post,2013-11-14_912810RD2,post,DGS30,30,2013-11-14,2013-11-21,1,0.0025,5,2,4.2998817,17.830848,1,1,1,5200.3011,2916463.2,-49198.822,2600.1505,-51798.973
2013-11-25_912828A26_pre,2013-11-25_912828A26,pre,DGS2,2,2013-11-18,2013-11-25,-1,0.0025,5,0,2.416691,1.992274,1,1,1,0,0,0,0,0
2013-11-26_912828A34_pre,2013-11-26_912828A34,pre,DGS5,5,2013-11-19,2013-11-26,-1,0.0025,5,1,5.1304728,4.8166737,1,1,1,2179.2026,4524289.5,-7665.1652,1089.6013,-8754.7665
2013-11-27_912828A42_pre,2013-11-27_912828A42,pre,DGS7,7,2013-11-20,2013-11-27,-1,0.0025,5,0.35450278,5.5676629,6.4712491,1,1,1,711.87168,1100053,-3988.5444,355.93584,-4344.4802
2013-11-25_912828A26_post,2013-11-25_912828A26,post,DGS2,2,2013-11-25,2013-12-03,1,0.0025,5,0,2.3295571,1.9925224,1,1,1,0,0,0,0,0
2013-11-26_912828A34_post,2013-11-26_912828A34,post,DGS5,5,2013-11-26,2013-12-04,1,0.0025,5,1,4.9069016,4.8205824,1,1,1,2278.4928,4726592.3,-23619.55,1139.2464,-24758.796
2013-11-27_912828A42_post,2013-11-27_912828A42,post,DGS7,7,2013-11-27,2013-12-05,1,0.0025,5,0.35450278,5.4044081,6.4829947,1,1,1,733.37569,1131229.8,-10442.664,366.68784,-10809.352
2013-12-10_912828A59_pre,2013-12-10_912828A59,pre,DGS3,3,2013-12-03,2013-12-10,-1,0.0025,5,0,3.2547228,2.969784,1,1,1,0,0,0,0,0
2013-12-11_912828WE6_pre,2013-12-11_912828WE6,pre,DGS10,10,2013-12-04,2013-12-11,-1,0.0025,5,2,4.7922666,8.6524011,1,1,1,4665.9924,5392714,6375.2582,2332.9962,4042.262
2013-12-12_912810RD2_pre,2013-12-12_912810RD2,pre,DGS30,30,2013-12-05,2013-12-12,-1,0.0025,5,0.35450278,4.0690023,17.549998,1,1,1,974.06225,555021.3,-1416.1383,487.03112,-1903.1694
2013-12-10_912828A59_post,2013-12-10_912828A59,post,DGS3,3,2013-12-10,2013-12-17,1,0.0025,5,0,2.8771455,2.9677172,1,1,1,0,0,0,0,0
2013-12-17_912828A67_pre,2013-12-17_912828A67,pre,DGS2,2,2013-12-10,2013-12-17,-1,0.0025,5,0,1.8141783,1.9925224,1,1,1,0,0,0,0,0
2013-12-11_912828WE6_post,2013-12-11_912828WE6,post,DGS10,10,2013-12-11,2013-12-18,1,0.0025,5,0.35450278,4.7851878,8.6438488,0.5,1,1,414.13855,479113.6,-980.67348,207.06928,-1187.7428
2013-12-18_912828A75_pre,2013-12-18_912828A75,pre,DGS5,5,2013-12-11,2013-12-18,-1,0.0025,5,1,4.4239972,4.7997898,0.5,1,1,1263.6016,2632618.6,5564.5982,631.8008,4932.7974
2013-12-12_912810RD2_post,2013-12-12_912810RD2,post,DGS30,30,2013-12-12,2013-12-19,1,0.0025,5,0.35450278,4.1063201,17.571366,0.5,1,1,482.60504,274654.25,205.84006,241.30252,-35.462465
2013-12-19_912828A83_pre,2013-12-19_912828A83,pre,DGS7,7,2013-12-12,2013-12-19,-1,0.0025,5,0.35450278,5.1666849,6.4408536,0.5,1,1,383.55944,595510.26,3189.4024,191.77972,2997.6227
2013-12-17_912828A67_post,2013-12-17_912828A67,post,DGS2,2,2013-12-17,2013-12-24,1,0.0025,5,0,1.6467739,1.9915288,0.5,1,1,0,0,0,0,0
2013-12-18_912828A75_post,2013-12-18_912828A75,post,DGS5,5,2013-12-18,2013-12-26,1,0.0025,5,1,3.6192751,4.793319,1,1,1,3089.1102,6444616.4,-56220.089,1544.5551,-57764.644
2013-12-19_912828A83_post,2013-12-19_912828A83,post,DGS7,7,2013-12-19,2013-12-27,1,0.0025,5,0.35450278,4.3221607,6.4199308,1,1,1,917.00928,1428378.8,-7507.0259,458.50464,-7965.5306
2014-01-07_912828A91_pre,2014-01-07_912828A91,pre,DGS3,3,2013-12-30,2014-01-07,-1,0.0025,5,0.15242062,2.6288276,2.9599865,1,1,1,648.2412,2190014.1,1601.2627,324.1206,1277.1421
2014-01-08_912828WE6_pre,2014-01-08_912828WE6,pre,DGS10,10,2013-12-31,2014-01-08,-1,0.0025,5,0.35450278,4.31562,8.5674187,1,1,1,918.39909,1071967.1,-3453.0688,459.19955,-3912.2684
2014-01-09_912810RD2_pre,2014-01-09_912810RD2,pre,DGS30,30,2014-01-02,2014-01-09,-1,0.0025,5,0.35450278,4.0687593,17.549998,1,1,1,974.12042,555054.44,-4324.7624,487.06021,-4811.8226
2014-01-07_912828A91_post,2014-01-07_912828A91,post,DGS3,3,2014-01-07,2014-01-14,1,0.0025,5,0.15242062,2.5631019,2.958444,1,1,1,664.86405,2247343.7,1657.9594,332.43203,1325.5274
2014-01-08_912828WE6_post,2014-01-08_912828WE6,post,DGS10,10,2014-01-08,2014-01-15,1,0.0025,5,0.35450278,4.3744249,8.5800898,1,1,1,906.05316,1055995,10594.82,453.02658,10141.794
2014-01-09_912810RD2_post,2014-01-09_912810RD2,post,DGS30,30,2014-01-09,2014-01-16,1,0.0025,5,0.35450278,4.104944,17.635705,1,1,1,965.53365,547487.98,11142.463,482.76682,10659.696
2014-01-28_912828B41_pre,2014-01-28_912828B41,pre,DGS2,2,2014-01-21,2014-01-28,-1,0.0025,5,0.20943058,1.737831,1.9900399,1,1,1,1347.3722,6770578.9,-3143.6776,673.68609,-3817.3637
2014-01-30_912828B33_pre,2014-01-30_912828B33,pre,DGS5,5,2014-01-23,2014-01-30,-1,0.0025,5,1,3.9927901,4.7842813,0.5,1,1,1400.0661,2926387.4,-10686.237,700.03303,-11386.27
2014-01-30_912828B58_pre,2014-01-30_912828B58,pre,DGS7,7,2014-01-23,2014-01-30,-1,0.0025,5,0.59175171,4.5765306,6.4455164,0.5,1,1,722.81667,1121425.5,-4094.2638,361.40833,-4455.6722
2014-01-28_912828B41_post,2014-01-28_912828B41,post,DGS2,2,2014-01-28,2014-02-04,1,0.0025,5,0.20943058,1.9070935,1.990536,0.5,1,1,613.89363,3084062,4473.2357,306.94682,4166.2889
2014-01-30_912828B33_post,2014-01-30_912828B33,post,DGS5,5,2014-01-30,2014-02-06,1,0.0025,5,1,4.3684798,4.793319,1,1,1,2559.3205,5339349.4,9173.5699,1279.6602,7893.9097
2014-01-30_912828B58_post,2014-01-30_912828B58,post,DGS7,7,2014-01-30,2014-02-06,1,0.0025,5,0.59175171,4.9161328,6.4571948,1,1,1,1345.7702,2084140.7,3542.9296,672.88512,2870.0445
2014-02-11_912828B74_pre,2014-02-11_912828B74,pre,DGS3,3,2014-02-04,2014-02-11,-1,0.0025,5,0.4023857,3.214726,2.9661686,1,1,1,1399.4377,4717997.9,7846.4724,699.71886,7146.7535
2014-02-12_912828B66_pre,2014-02-12_912828B66,pre,DGS10,10,2014-02-05,2014-02-12,-1,0.0025,5,2,4.5147279,8.7126073,1,1,1,4952.83,5684670.3,46455.007,2476.415,43978.592
2014-02-13_912810RE0_pre,2014-02-13_912810RE0,pre,DGS30,30,2014-02-06,2014-02-13,-1,0.0025,5,2,4.3276473,18.096086,1,1,1,5166.9367,2855278.6,13440.188,2583.4684,10856.72
2014-02-11_912828B74_post,2014-02-11_912828B74,post,DGS3,3,2014-02-11,2014-02-19,1,0.0025,5,0.4023857,3.0780341,2.9630751,1,1,1,1461.5851,4932663.2,3639.4821,730.79257,2908.6895
2014-02-12_912828B66_post,2014-02-12_912828B66,post,DGS10,10,2014-02-12,2014-02-20,1,0.0025,5,2,4.174174,8.6695421,1,1,1,5356.9112,6179001.4,25186.236,2678.4556,22507.781
2014-02-13_912810RE0_post,2014-02-13_912810RE0,post,DGS30,30,2014-02-13,2014-02-21,1,0.0025,5,2,3.8886696,18.029228,1,1,1,5750.2133,3189384,8400.2608,2875.1067,5525.1541
2014-02-25_912828B82_pre,2014-02-25_912828B82,pre,DGS2,2,2014-02-18,2014-02-25,-1,0.0025,5,0.4023857,1.9527613,1.992274,1,1,1,2303.8191,11563766,6266.2568,1151.9095,5114.3472
2014-02-26_912828C24_pre,2014-02-26_912828C24,pre,DGS5,5,2014-02-19,2014-02-26,-1,0.0025,5,1,4.2149519,4.7959058,1,1,1,2652.5427,5530848.3,-9562.6043,1326.2714,-10888.876
2014-02-27_912828B90_pre,2014-02-27_912828B90,pre,DGS7,7,2014-02-20,2014-02-27,-1,0.0025,5,0.59175171,4.5056148,6.4548567,1,1,1,1468.3868,2274855.7,-14166.215,734.19339,-14900.408
2014-02-25_912828B82_post,2014-02-25_912828B82,post,DGS2,2,2014-02-25,2014-03-04,1,0.0025,5,0.4023857,1.9510246,1.9915288,1,1,1,2305.8698,11578390,2921.3292,1152.9349,1768.3943
2014-02-26_912828C24_post,2014-02-26_912828C24,post,DGS5,5,2014-02-26,2014-03-05,1,0.0025,5,1,4.2645232,4.7997898,1,1,1,2621.7092,5462133.5,-8938.669,1310.8546,-10249.524
2014-02-27_912828B90_post,2014-02-27_912828B90,post,DGS7,7,2014-02-27,2014-03-06,1,0.0025,5,0.59175171,4.5356093,6.4759437,1,1,1,1458.6762,2252453.5,-12173.769,729.33809,-12903.107
2014-03-11_912828C32_pre,2014-03-11_912828C32,pre,DGS3,3,2014-03-04,2014-03-11,-1,0.0025,5,0.59175171,3.1378859,2.9630751,1,1,1,2108.4213,7115652.5,15875.946,1054.2106,14821.735
2014-03-12_912828B66_pre,2014-03-12_912828B66,pre,DGS10,10,2014-03-05,2014-03-12,-1,0.0025,5,2,4.2480969,8.7126073,1,1,1,5263.6934,6041467.5,12558.505,2631.8467,9926.6582
2014-03-13_912810RE0_pre,2014-03-13_912810RE0,pre,DGS30,30,2014-03-06,2014-03-13,-1,0.0025,5,0.35450278,3.7210654,18.073759,1,1,1,1065.1416,589330.42,-9023.2775,532.5708,-9555.8483
2014-03-11_912828C32_post,2014-03-11_912828C32,post,DGS3,3,2014-03-11,2014-03-18,1,0.0025,5,0.59175171,3.2525957,2.958958,1,1,1,2034.0632,6874255.1,9076.5568,1017.0316,8059.5252
2014-03-12_912828B66_post,2014-03-12_912828B66,post,DGS10,10,2014-03-12,2014-03-19,1,0.0025,5,0.35450278,4.2259288,8.6996557,0.5,1,1,468.94561,539039.27,-2050.0169,234.4728,-2284.4898
2014-03-13_912810RE0_post,2014-03-13_912810RE0,post,DGS30,30,2014-03-13,2014-03-20,1,0.0025,5,0.35450278,3.7111452,18.253527,0.5,1,1,533.9944,292543.13,-3512.0284,266.9972,-3779.0256
2014-03-25_912828C40_pre,2014-03-25_912828C40,pre,DGS2,2,2014-03-18,2014-03-25,-1,0.0025,5,0.59175171,2.0157571,1.9910323,0.5,1,1,1641.0671,8242292.5,17386.058,820.53353,16565.525
2014-03-26_912828C65_pre,2014-03-26_912828C65,pre,DGS5,5,2014-03-19,2014-03-26,-1,0.0025,5,1,4.4168079,4.7675631,1,1,1,2531.3168,5309456.2,-14389.076,1265.6584,-15654.734
2014-03-27_912828C57_pre,2014-03-27_912828C57,pre,DGS7,7,2014-03-20,2014-03-27,-1,0.0025,5,1,4.9569902,6.4292177,1,1,1,2255.4695,3508155.4,-12798.148,1127.7347,-13925.883
2014-03-25_912828C40_post,2014-03-25_912828C40,post,DGS2,2,2014-03-25,2014-04-01,1,0.0025,5,0.59175171,2.4482785,1.988305,1,1,1,2702.3009,13590978,9150.7611,1351.1504,7799.6107
2014-03-26_912828C65_post,2014-03-26_912828C65,post,DGS5,5,2014-03-26,2014-04-02,1,0.0025,5,1,4.9092326,4.7739831,1,1,1,2277.4109,4770462.9,-21183.293,1138.7054,-22321.999
2014-03-27_912828C57_post,2014-03-27_912828C57,post,DGS7,7,2014-03-27,2014-04-03,1,0.0025,5,1,4.8992966,6.4408536,1,1,1,2282.0296,3543054.6,-25746.631,1141.0148,-26887.646
2014-04-08_912828C73_pre,2014-04-08_912828C73,pre,DGS3,3,2014-04-01,2014-04-08,-1,0.0025,5,1,3.7613857,2.9527988,1,1,1,2972.3992,10066379,-10603.395,1486.1996,-12089.595
2014-04-09_912828B66_pre,2014-04-09_912828B66,pre,DGS10,10,2014-04-02,2014-04-09,-1,0.0025,5,0.35450278,4.3421466,8.6609656,1,1,1,912.7885,1053910.8,-10623.634,456.39425,-11080.028
2014-04-10_912810RE0_pre,2014-04-10_912810RE0,pre,DGS30,30,2014-04-03,2014-04-10,-1,0.0025,5,0.35450278,3.6651897,18.208337,1,1,1,1081.3796,593892.59,-11319.018,540.68981,-11859.708
2014-04-08_912828C73_post,2014-04-08_912828C73,post,DGS3,3,2014-04-08,2014-04-15,1,0.0025,5,1,3.7166217,2.9543368,1,1,1,3008.1996,10182318,13574.136,1504.0998,12070.036
2014-04-09_912828B66_post,2014-04-09_912828B66,post,DGS10,10,2014-04-09,2014-04-16,1,0.0025,5,0.35450278,4.2366107,8.708287,1,1,1,935.52649,1074294.5,6165.6803,467.76325,5697.917
2014-04-10_912810RE0_post,2014-04-10_912810RE0,post,DGS30,30,2014-04-10,2014-04-17,1,0.0025,5,0.35450278,3.568538,18.435962,1,1,1,1110.6682,602446.55,442.538,555.33408,-112.79608
2014-04-22_912828C81_pre,2014-04-22_912828C81,pre,DGS2,2,2014-04-14,2014-04-22,-1,0.0025,5,1,2.3496604,1.9907841,1,1,0.75898653,3611.4697,18140941,27351.696,1805.7349,25545.961
2014-04-23_912828D23_pre,2014-04-23_912828D23,pre,DGS5,5,2014-04-15,2014-04-23,-1,0.0025,5,1,4.7809355,4.7829923,1,1,1,2338.5255,4889252.2,21511.19,1169.2628,20341.928
2014-04-24_912828WG1_pre,2014-04-24_912828WG1,pre,DGS7,7,2014-04-16,2014-04-24,-1,0.0025,5,1,4.6789286,6.4525198,1,1,1,2389.5085,3703217.7,19588.265,1194.7543,18393.511
2014-04-22_912828C81_post,2014-04-22_912828C81,post,DGS2,2,2014-04-22,2014-04-29,1,0.0025,5,1,2.2730924,1.9888004,1,1,0.8656052,4257.5305,21407530,5940.4168,2128.7653,3811.6516
2014-04-23_912828D23_post,2014-04-23_912828D23,post,DGS5,5,2014-04-23,2014-04-30,1,0.0025,5,1,4.6552322,4.7701296,0.5,1,1,1200.8359,2517407.3,5629.1095,600.41795,5028.6915
2014-04-24_912828WG1_post,2014-04-24_912828WG1,post,DGS7,7,2014-04-24,2014-05-01,1,0.0025,5,1,4.6023821,6.4315424,0.5,1,1,1214.6253,1888544.4,11766.886,607.31267,11159.573
2014-05-06_912828WH9_pre,2014-05-06_912828WH9,pre,DGS3,3,2014-04-29,2014-05-06,-1,0.0025,5,1,3.3309031,2.9527988,0.5,1,1,1678.2746,5683674,730.67983,839.13729,-108.45746
2014-05-07_912828WJ5_pre,2014-05-07_912828WJ5,pre,DGS10,10,2014-04-30,2014-05-07,-1,0.0025,5,2,4.0079018,8.7255864,1,1,1,5579.1486,6394010,-31146.48,2789.5743,-33936.054
2014-05-08_912810RG5_pre,2014-05-08_912810RG5,pre,DGS30,30,2014-05-01,2014-05-08,-1,0.0025,5,2,3.3822401,18.691251,1,1,1,6611.2042,3537058.2,23822.96,3305.6021,20517.358
2014-05-06_912828WH9_post,2014-05-06_912828WH9,post,DGS3,3,2014-05-06,2014-05-13,1,0.0025,5,0,3.2823359,2.9522864,1,1,1,0,0,0,0,0
2014-05-07_912828WJ5_post,2014-05-07_912828WJ5,post,DGS10,10,2014-05-07,2014-05-14,1,0.0025,5,2,3.9193854,8.7472796,1,1,1,5705.1495,6522198.7,49084.685,2852.5748,46232.11
2014-05-08_912810RG5_post,2014-05-08_912810RG5,post,DGS30,30,2014-05-08,2014-05-15,1,0.0025,5,2,3.391748,18.597817,1,1,1,6592.6712,3544863,82447.398,3296.3356,79151.063
2014-05-27_912828WM8_pre,2014-05-27_912828WM8,pre,DGS2,2,2014-05-19,2014-05-27,-1,0.0025,5,1,2.1302237,1.9910323,1,1,1,5248.4346,26360369,13770.381,2624.2173,11146.164
2014-05-28_912828WL0_pre,2014-05-28_912828WL0,pre,DGS5,5,2014-05-20,2014-05-28,-1,0.0025,5,1,4.2665431,4.7959058,1,1,0.66611487,1745.5328,3639631,-6453.0926,872.76638,-7325.859
2014-05-29_912828WN6_pre,2014-05-29_912828WN6,pre,DGS7,7,2014-05-21,2014-05-29,-1,0.0025,5,1,4.3193167,6.4829947,1,1,0,0,0,0,0,0
2014-05-27_912828WM8_post,2014-05-27_912828WM8,post,DGS2,2,2014-05-27,2014-06-03,1,0.0025,5,0,2.1381654,1.9902879,1,1,1,0,0,0,0,0
2014-05-28_912828WL0_post,2014-05-28_912828WL0,post,DGS5,5,2014-05-28,2014-06-04,1,0.0025,5,1,4.2477977,4.7997898,1,1,1,2632.0321,5483640.4,-37751.427,1316.016,-39067.443
2014-05-29_912828WN6_post,2014-05-29_912828WN6,post,DGS7,7,2014-05-29,2014-06-05,1,0.0025,5,1,4.297023,6.494771,1,1,1,2601.8804,4006115.7,-34690.022,1300.9402,-35990.962
2014-06-10_912828WP1_pre,2014-06-10_912828WP1,pre,DGS3,3,2014-06-03,2014-06-10,-1,0.0025,5,0,3.1524361,2.955876,1,1,1,0,0,0,0,0
2014-06-11_912828WJ5_pre,2014-06-11_912828WJ5,pre,DGS10,10,2014-06-04,2014-06-11,-1,0.0025,5,2,3.7082897,8.7516274,1,1,1,6029.9172,6890052.4,20691.289,3014.9586,17676.33
2014-06-12_912810RG5_pre,2014-06-12_912810RG5,pre,DGS30,30,2014-06-05,2014-06-12,-1,0.0025,5,0.35450278,3.62415,18.621111,1,1,1,1093.6251,587303.92,-3695.8951,546.81256,-4242.7076
2014-06-10_912828WP1_post,2014-06-10_912828WP1,post,DGS3,3,2014-06-10,2014-06-17,1,0.0025,5,0,3.0938247,2.9517742,1,1,1,0,0,0,0,0
2014-06-11_912828WJ5_post,2014-06-11_912828WJ5,post,DGS10,10,2014-06-11,2014-06-18,1,0.0025,5,0.35450278,3.5913817,8.7342544,0.5,1,1,551.80176,631767.45,2533.2852,275.90088,2257.3843
2014-06-12_912810RG5_post,2014-06-12_912810RG5,post,DGS30,30,2014-06-12,2014-06-19,1,0.0025,5,0.35450278,3.4732228,18.691251,0.5,1,1,570.57403,305262.63,-3202.3569,285.28702,-3487.6439
2014-06-24_912828WQ9_pre,2014-06-24_912828WQ9,pre,DGS2,2,2014-06-17,2014-06-24,-1,0.0025,5,0,1.6454011,1.9873147,0.5,1,1,0,0,0,0,0
2014-06-25_912828WS5_pre,2014-06-25_912828WS5,pre,DGS5,5,2014-06-18,2014-06-25,-1,0.0025,5,1,3.3742126,4.7726981,1,1,1,3313.4663,6942543.4,-12181.555,1656.7332,-13838.288
2014-06-26_912828WR7_pre,2014-06-26_912828WR7,pre,DGS7,7,2014-06-19,2014-06-26,-1,0.0025,5,1,3.769488,6.4501841,1,1,1,2966.0102,4598334.2,-25689.139,1483.0051,-27172.144
2014-06-24_912828WQ9_post,2014-06-24_912828WQ9,post,DGS2,2,2014-06-24,2014-07-01,1,0.0025,5,0,1.7116253,1.9878098,1,1,1,0,0,0,0,0
2014-06-25_912828WS5_post,2014-06-25_912828WS5,post,DGS5,5,2014-06-25,2014-07-02,1,0.0025,5,1,3.3236016,4.7765546,1,1,1,3363.923,7042572.1,-7890.5582,1681.9615,-9572.5197
2014-06-26_912828WR7_post,2014-06-26_912828WR7,post,DGS7,7,2014-06-26,2014-07-03,1,0.0025,5,1,3.6965016,6.4689037,1,1,1,3024.5732,4675557.7,-31271.894,1512.2866,-32784.18
2014-07-08_912828WT3_pre,2014-07-08_912828WT3,pre,DGS3,3,2014-06-30,2014-07-08,-1,0.0025,5,0,2.5224416,2.9543368,1,1,1,0,0,0,0,0
2014-07-09_912828WJ5_pre,2014-07-09_912828WJ5,pre,DGS10,10,2014-07-01,2014-07-09,-1,0.0025,5,0.35450278,3.377016,8.7646896,1,1,1,1173.6579,1339075.3,-1952.5699,586.82895,-2539.3988
2014-07-10_912810RG5_pre,2014-07-10_912810RG5,pre,DGS30,30,2014-07-02,2014-07-10,-1,0.0025,5,0.35450278,3.4370448,18.574566,1,1,1,1153.1597,620827.25,-9767.1856,576.57985,-10343.765
2014-07-08_912828WT3_post,2014-07-08_912828WT3,post,DGS3,3,2014-07-08,2014-07-15,1,0.0025,5,0,2.4812859,2.9487035,1,1,1,0,0,0,0,0
2014-07-09_912828WJ5_post,2014-07-09_912828WJ5,post,DGS10,10,2014-07-09,2014-07-16,1,0.0025,5,0.35450278,3.4103117,8.7690498,1,1,1,1162.1992,1325342.2,2967.3706,581.0996,2386.271
2014-07-10_912810RG5_post,2014-07-10_912810RG5,post,DGS30,30,2014-07-10,2014-07-17,1,0.0025,5,0.35450278,3.4957197,18.761782,1,1,1,1133.8041,604315.81,13005.476,566.90207,12438.574
2014-07-28_912828WX4_pre,2014-07-28_912828WX4,pre,DGS2,2,2014-07-21,2014-07-28,-1,0.0025,5,0,1.7704415,1.9873147,1,1,1,0,0,0,0,0
2014-07-29_912828WW6_pre,2014-07-29_912828WW6,pre,DGS5,5,2014-07-22,2014-07-29,-1,0.0025,5,1,3.069073,4.7765546,1,1,1,3642.9045,7626636.4,4811.5671,1821.4523,2990.1149
2014-07-30_912828WY2_pre,2014-07-30_912828WY2,pre,DGS7,7,2014-07-23,2014-07-30,-1,0.0025,5,1,3.3528384,6.4735958,0.5,1,1,1667.2948,2575531.2,18862,833.64738,18028.352
2014-07-28_912828WX4_post,2014-07-28_912828WX4,post,DGS2,2,2014-07-28,2014-08-04,1,0.0025,5,0,1.8085641,1.9865726,0.5,1,1,0,0,0,0,0
2014-07-29_912828WW6_post,2014-07-29_912828WW6,post,DGS5,5,2014-07-29,2014-08-05,1,0.0025,5,1,3.1087175,4.7739831,0.5,1,1,1798.2239,3766716.1,8423.2368,899.11193,7524.1248
2014-07-30_912828WY2_post,2014-07-30_912828WY2,post,DGS7,7,2014-07-30,2014-08-06,1,0.0025,5,1,3.4528298,6.4455164,1,1,1,3238.0223,5023681.7,37769.483,1619.0111,36150.472
2014-08-12_912828D49_pre,2014-08-12_912828D49,pre,DGS3,3,2014-08-05,2014-08-12,-1,0.0025,5,0,2.7376327,2.9517742,1,1,1,0,0,0,0,0
2014-08-13_912828D56_pre,2014-08-13_912828D56,pre,DGS10,10,2014-08-06,2014-08-13,-1,0.0025,5,2,3.7102317,8.8040431,1,1,1,6026.761,6845447,-39435.244,3013.3805,-42448.625
2014-08-14_912810RH3_pre,2014-08-14_912810RH3,pre,DGS30,30,2014-08-07,2014-08-14,-1,0.0025,5,2,3.6683099,19.120393,1,1,1,6095.6355,3188028.3,-20400.811,3047.8178,-23448.629
2014-08-12_912828D49_post,2014-08-12_912828D49,post,DGS3,3,2014-08-12,2014-08-19,1,0.0025,5,0,2.7438169,2.9522864,1,1,1,0,0,0,0,0
2014-08-13_912828D56_post,2014-08-13_912828D56,post,DGS10,10,2014-08-13,2014-08-20,1,0.0025,5,2,3.5544195,8.8304188,1,1,1,6290.9512,7124182.1,3325.137,3145.4756,179.66144
2014-08-14_912810RH3_post,2014-08-14_912810RH3,post,DGS30,30,2014-08-14,2014-08-21,1,0.0025,5,2,3.4720433,19.193325,1,1,1,6440.2076,3355441.3,8902.824,3220.1038,5682.7202
2014-08-26_912828D64_pre,2014-08-26_912828D64,pre,DGS2,2,2014-08-19,2014-08-26,-1,0.0025,5,0,2.0837683,1.9885527,1,1,1,0,0,0,0,0
2014-08-27_912828D80_pre,2014-08-27_912828D80,pre,DGS5,5,2014-08-20,2014-08-27,-1,0.0025,5,1,3.3992355,4.7804157,1,1,1,3289.0748,6880311.3,-2170.7524,1644.5374,-3815.2898
2014-08-28_912828D72_pre,2014-08-28_912828D72,pre,DGS7,7,2014-08-21,2014-08-28,-1,0.0025,5,1,3.7978213,6.4829947,1,1,1,2943.8826,4540930.1,-13565.935,1471.9413,-15037.876
2014-08-26_912828D64_post,2014-08-26_912828D64,post,DGS2,2,2014-08-26,2014-09-03,1,0.0025,5,0,2.153961,1.9870673,1,1,1,0,0,0,0,0
2014-08-27_912828D80_post,2014-08-27_912828D80,post,DGS5,5,2014-08-27,2014-09-04,1,0.0025,5,1,3.331751,4.7804157,1,1,1,3355.6949,7019671.7,-17579.551,1677.8474,-19257.398
2014-08-28_912828D72_post,2014-08-28_912828D72,post,DGS7,7,2014-08-28,2014-09-05,1,0.0025,5,1,3.5179523,6.4924133,1,1,1,3178.0817,4895069.9,-29481.971,1589.0408,-31071.012
2014-09-09_912828D98_pre,2014-09-09_912828D98,pre,DGS3,3,2014-09-02,2014-09-09,-1,0.0025,5,0,2.7727487,2.9487035,1,1,1,0,0,0,0,0
2014-09-10_912828D56_pre,2014-09-10_912828D56,pre,DGS10,10,2014-09-03,2014-09-10,-1,0.0025,5,2,3.4996368,8.8392357,1,1,1,6389.4287,7228485.5,79350.932,3194.7144,76156.217
2014-09-11_912810RH3_pre,2014-09-11_912810RH3,pre,DGS30,30,2014-09-04,2014-09-11,-1,0.0025,5,0.35450278,3.6289794,19.168969,1,1,1,1092.1697,569759.25,6170.673,546.08487,5624.5881
2014-09-09_912828D98_post,2014-09-09_912828D98,post,DGS3,3,2014-09-09,2014-09-16,1,0.0025,5,0,2.7207094,2.9451272,1,1,1,0,0,0,0,0
2014-09-10_912828D56_post,2014-09-10_912828D56,post,DGS10,10,2014-09-10,2014-09-17,1,0.0025,5,0.35450278,3.4206089,8.782149,0.5,1,1,579.3503,659690.81,-4291.4614,289.67515,-4581.1365
2014-09-11_912810RH3_post,2014-09-11_912810RH3,post,DGS30,30,2014-09-11,2014-09-18,1,0.0025,5,0.35450278,3.6747728,19.023783,0.5,1,1,539.27981,283476.64,-4622.8034,269.63991,-4892.4433
2014-09-23_912828F47_pre,2014-09-23_912828F47,pre,DGS2,2,2014-09-16,2014-09-23,-1,0.0025,5,0,2.1326093,1.9863253,0.5,1,1,0,0,0,0,0
2014-09-24_912828F39_pre,2014-09-24_912828F39,pre,DGS5,5,2014-09-17,2014-09-24,-1,0.0025,5,1,3.236925,4.7585964,1,1,1,3454.0003,7258443.4,-2506.9786,1727.0001,-4233.9787
2014-09-25_912828F21_pre,2014-09-25_912828F21,pre,DGS7,7,2014-09-18,2014-09-25,-1,0.0025,5,1,3.4724094,6.4268941,1,1,1,3219.7643,5009829.4,-37663.026,1609.8822,-39272.908
2014-09-23_912828F47_post,2014-09-23_912828F47,post,DGS2,2,2014-09-23,2014-09-30,1,0.0025,5,0,2.1769205,1.9858308,1,1,1,0,0,0,0,0
2014-09-24_912828F39_post,2014-09-24_912828F39,post,DGS5,5,2014-09-24,2014-10-01,1,0.0025,5,1,3.2747968,4.7585964,1,1,1,3414.0561,7174502.4,46932.86,1707.0281,45225.832
2014-09-25_912828F21_post,2014-09-25_912828F21,post,DGS7,7,2014-09-25,2014-10-02,1,0.0025,5,1,3.5034688,6.4525198,1,1,1,3191.22,4945695.8,24495.708,1595.61,22900.098
2014-10-07_912828F54_pre,2014-10-07_912828F54,pre,DGS3,3,2014-09-30,2014-10-07,-1,0.0025,5,0.20943058,2.7088472,2.9446169,1,1,1,864.39173,2935498.1,-8354.3262,432.19587,-8786.5221
2014-10-08_912828D56_pre,2014-10-08_912828D56,pre,DGS10,10,2014-10-01,2014-10-08,-1,0.0025,5,0.35450278,3.4468933,8.8348257,1,1,1,1149.8649,1301513.9,-8676.0487,574.93244,-9250.9812
2014-10-09_912810RH3_pre,2014-10-09_912810RH3,pre,DGS30,30,2014-10-02,2014-10-09,-1,0.0025,5,0.35450278,3.8416392,19.31579,1,1,1,1031.711,534128.31,-8638.4453,515.85551,-9154.3008
2014-10-07_912828F54_post,2014-10-07_912828F54,post,DGS3,3,2014-10-07,2014-10-15,1,0.0025,5,0.20943058,2.8592204,2.9492149,1,1,1,818.93132,2776777.3,21028.663,409.46566,20619.197
2014-10-08_912828D56_post,2014-10-08_912828D56,post,DGS10,10,2014-10-08,2014-10-16,1,0.0025,5,0.35450278,3.7211793,8.8657618,1,1,1,1065.109,1201373.4,19881.654,532.5545,19349.1
2014-10-09_912810RH3_post,2014-10-09_912810RH3,post,DGS30,30,2014-10-09,2014-10-17,1,0.0025,5,0.35450278,3.8948031,19.51413,1,1,1,1017.6282,521482.74,9620.6781,508.8141,9111.864
2014-10-28_912828F88_pre,2014-10-28_912828F88,pre,DGS2,2,2014-10-21,2014-10-28,-1,0.0025,5,0.20943058,2.5569226,1.990536,1,1,1,915.75128,4600526.1,3311.5391,457.87564,2853.6635
2014-10-29_912828F62_pre,2014-10-29_912828F62,pre,DGS5,5,2014-10-22,2014-10-29,-1,0.0025,5,1,4.0054694,4.8049756,0.5,1,1,1395.6342,2904560.3,20032.17,697.81708,19334.352
2014-10-30_912828F96_pre,2014-10-30_912828F96,pre,DGS7,7,2014-10-23,2014-10-30,-1,0.0025,5,1,4.0564867,6.5136771,0.5,1,1,1378.0816,2115673.9,8832.158,689.04082,8143.1172
2014-10-28_912828F88_post,2014-10-28_912828F88,post,DGS2,2,2014-10-28,2014-11-04,1,0.0025,5,0.20943058,2.5498421,1.9895439,0.5,1,1,459.14708,2307800.6,-4370.8581,229.57354,-4600.4316
2014-10-29_912828F62_post,2014-10-29_912828F62,post,DGS5,5,2014-10-29,2014-11-05,1,0.0025,5,1,3.7793671,4.7855709,1,1,1,2958.2572,6181618.1,-4010.8509,1479.1286,-5489.9795
2014-10-30_912828F96_post,2014-10-30_912828F96,post,DGS7,7,2014-10-30,2014-11-06,1,0.0025,5,1,3.8655366,6.4971299,1,1,1,2892.3125,4451677.2,-18476.97,1446.1563,-19923.126
2014-11-10_912828G20_pre,2014-11-10_912828G20,pre,DGS3,3,2014-11-03,2014-11-10,-1,0.0025,5,0.4023857,3.4344549,2.9502382,1,1,1,1309.9048,4439996.6,4416.4945,654.95239,3761.5421
2014-11-12_912828G38_pre,2014-11-12_912828G38,pre,DGS10,10,2014-11-04,2014-11-12,-1,0.0025,5,0.35450278,3.6223958,8.8657618,1,1,1,1094.1547,1234135,1532.3364,547.07737,985.259
2014-11-13_912810RJ9_pre,2014-11-13_912810RJ9,pre,DGS30,30,2014-11-05,2014-11-13,-1,0.0025,5,2,3.6928699,19.539132,1,1,1,6055.0955,3098958.2,9808.3866,3027.5477,6780.8388
2014-11-10_912828G20_post,2014-11-10_912828G20,post,DGS3,3,2014-11-10,2014-11-18,1,0.0025,5,0,3.4645501,2.9481922,1,1,1,0,0,0,0,0
2014-11-12_912828G38_post,2014-11-12_912828G38,post,DGS10,10,2014-11-12,2014-11-19,1,0.0025,5,2,3.7910093,8.8569072,1,1,1,5898.3448,6659598.7,8895.5617,2949.1724,5946.3893
2014-11-13_912810RJ9_post,2014-11-13_912810RJ9,post,DGS30,30,2014-11-13,2014-11-20,1,0.0025,5,2,3.6493169,19.489175,1,1,1,6127.3603,3143981.4,20387.82,3063.6802,17324.14
2014-11-24_912828G46_pre,2014-11-24_912828G46,pre,DGS2,2,2014-11-17,2014-11-24,-1,0.0025,5,0.4023857,2.5675066,1.9865726,1,1,1,1752.2092,8820262.9,-2623.853,876.10461,-3499.9576
2014-11-25_912828G61_pre,2014-11-25_912828G61,pre,DGS5,5,2014-11-18,2014-11-25,-1,0.0025,5,1,3.950935,4.7829923,1,1,1,2829.796,5916371.7,-15990.624,1414.898,-17405.522
2014-11-26_912828G53_pre,2014-11-26_912828G53,pre,DGS7,7,2014-11-19,2014-11-26,-1,0.0025,5,1,3.8938964,6.4853475,1,1,1,2871.2474,4427283.8,-33351.362,1435.6237,-34786.985
2014-11-24_912828G46_post,2014-11-24_912828G46,post,DGS2,2,2014-11-24,2014-12-02,1,0.0025,5,0,2.4940041,1.9868199,1,1,1,0,0,0,0,0
2014-11-25_912828G61_post,2014-11-25_912828G61,post,DGS5,5,2014-11-25,2014-12-03,1,0.0025,5,1,3.9248232,4.7894427,1,1,1,2848.6225,5947712,-6531.1113,1424.3113,-7955.4225
2014-11-26_912828G53_post,2014-11-26_912828G53,post,DGS7,7,2014-11-26,2014-12-04,1,0.0025,5,1,3.9475373,6.5113095,1,1,1,2832.2316,4349711.2,-3773.8732,1416.1158,-5189.989
2014-12-09_912828G79_pre,2014-12-09_912828G79,pre,DGS3,3,2014-12-02,2014-12-09,-1,0.0025,5,0,3.4876295,2.9502382,1,1,1,0,0,0,0,0
2014-12-10_912828G38_pre,2014-12-10_912828G38,pre,DGS10,10,2014-12-03,2014-12-10,-1,0.0025,5,2,3.7826171,8.8924013,1,1,1,5911.431,6647733,-68196.014,2955.7155,-71151.729
2014-12-11_912810RJ9_pre,2014-12-11_912810RJ9,pre,DGS30,30,2014-12-04,2014-12-11,-1,0.0025,5,0.35450278,3.5136538,19.842849,1,1,1,1128.0171,568475.39,-11726.761,564.00855,-12290.769
2014-12-09_912828G79_post,2014-12-09_912828G79,post,DGS3,3,2014-12-09,2014-12-16,1,0.0025,5,0,3.8418966,2.9446169,1,1,1,0,0,0,0,0
2014-12-10_912828G38_post,2014-12-10_912828G38,post,DGS10,10,2014-12-10,2014-12-17,1,0.0025,5,0.35450278,3.907692,8.9415369,0.5,1,1,507.13587,567168.57,2277.7593,253.56793,2024.1913
2014-12-11_912810RJ9_post,2014-12-11_912810RJ9,post,DGS30,30,2014-12-11,2014-12-18,1,0.0025,5,0.35450278,3.5101145,20.101239,0.5,1,1,564.57724,280866.89,1349.0117,282.28862,1066.7231
2014-12-22_912828H29_pre,2014-12-22_912828H29,pre,DGS2,2,2014-12-15,2014-12-22,-1,0.0025,5,0,3.1054445,1.9850895,0.5,1,1,0,0,0,0,0
2014-12-23_912828G95_pre,2014-12-23_912828G95,pre,DGS5,5,2014-12-16,2014-12-23,-1,0.0025,5,1,4.4615115,4.7959058,0.5,1,1,1252.9767,2612596.6,27881.197,626.48835,27254.709
2014-12-24_912828G87_pre,2014-12-24_912828G87,pre,DGS7,7,2014-12-17,2014-12-24,-1,0.0025,5,1,4.4229435,6.518416,1,1,1,2527.8053,3877944.1,38803.128,1263.9026,37539.225
2014-12-22_912828H29_post,2014-12-22_912828H29,post,DGS2,2,2014-12-22,2014-12-30,1,0.0025,5,0,3.2163073,1.9823752,1,1,1,0,0,0,0,0
2014-12-23_912828G95_post,2014-12-23_912828G95,post,DGS5,5,2014-12-23,2014-12-31,1,0.0025,5,1,4.6600538,4.7662806,1,1,1,2399.1869,5033666.8,28312.435,1199.5934,27112.842
2014-12-24_912828G87_post,2014-12-24_912828G87,post,DGS7,7,2014-12-24,2015-01-02,1,0.0025,5,1,4.7429698,6.4806432,1,1,1,2357.2446,3637362.1,41997.283,1178.6223,40818.661
2015-01-12_912828H37_pre,2015-01-12_912828H37,pre,DGS3,3,2015-01-05,2015-01-12,-1,0.0025,5,0,4.1002963,2.9451272,1,1,1,0,0,0,0,0
2015-01-13_912828G38_pre,2015-01-13_912828G38,pre,DGS10,10,2015-01-06,2015-01-13,-1,0.0025,5,0.35450278,4.2896209,9.0364182,1,1,1,923.96545,1022490.8,-5954.3226,461.98273,-6416.3054
2015-01-14_912810RJ9_pre,2015-01-14_912810RJ9,pre,DGS30,30,2015-01-07,2015-01-14,-1,0.0025,5,0.35450278,4.0867707,20.961754,1,1,1,969.82723,462665.12,-5152.4216,484.91361,-5637.3352
2015-01-12_912828H37_post,2015-01-12_912828H37,post,DGS3,3,2015-01-12,2015-01-20,1,0.0025,5,0,3.9791476,2.9527988,1,1,1,0,0,0,0,0
2015-01-13_912828G38_post,2015-01-13_912828G38,post,DGS10,10,2015-01-13,2015-01-21,1,0.0025,5,0.35450278,4.3119529,9.0637896,1,1,1,919.18015,1014123.4,4117.0991,459.59008,3657.5091
2015-01-14_912810RJ9_post,2015-01-14_912810RJ9,post,DGS30,30,2015-01-14,2015-01-22,1,0.0025,5,0.35450278,4.146028,21.101008,1,1,1,955.96594,453042.78,1268.7774,477.98297,790.79443
2015-01-28_912828H78_pre,2015-01-28_912828H78,pre,DGS2,2,2015-01-21,2015-01-28,-1,0.0025,5,0,3.1602671,1.9868199,0.5,1,1,0,0,0,0,0
2015-01-29_912828H52_pre,2015-01-29_912828H52,pre,DGS5,5,2015-01-22,2015-01-29,-1,0.0025,5,1,4.6486436,4.8140706,0.5,1,1,1202.5379,2497964.8,-13892.542,601.26894,-14493.811
2015-01-29_912828H86_pre,2015-01-29_912828H86,pre,DGS7,7,2015-01-22,2015-01-29,-1,0.0025,5,1,4.7378748,6.575671,0.5,1,1,1179.8898,1794326,-12402.897,589.94488,-12992.842
2015-01-28_912828H78_post,2015-01-28_912828H78,post,DGS2,2,2015-01-28,2015-02-04,1,0.0025,5,0,3.150464,1.9875622,1,1,1,0,0,0,0,0
2015-01-29_912828H52_post,2015-01-29_912828H52,post,DGS5,5,2015-01-29,2015-02-05,1,0.0025,5,1,4.687524,4.8284135,1,1,1,2385.127,4939773.6,-3565.7383,1192.5635,-4758.3018
2015-01-29_912828H86_post,2015-01-29_912828H86,post,DGS7,7,2015-01-29,2015-02-05,1,0.0025,5,1,4.8087726,6.5997405,1,1,1,2324.9883,3522848,-5852.5593,1162.4941,-7015.0534
2015-02-10_912828H94_pre,2015-02-10_912828H94,pre,DGS3,3,2015-02-03,2015-02-10,-1,0.0025,5,0,4.0097339,2.955876,1,1,1,0,0,0,0,0
2015-02-11_912828J27_pre,2015-02-11_912828J27,pre,DGS10,10,2015-02-04,2015-02-11,-1,0.0025,5,2,5.0383837,9.1096705,1,1,1,4438.066,4871818.4,81929.23,2219.033,79710.197
2015-02-12_912810RK6_pre,2015-02-12_912810RK6,pre,DGS30,30,2015-02-05,2015-02-12,-1,0.0025,5,2,4.9234536,21.2416,1,1,1,4541.6656,2138099.5,70520.514,2270.8328,68249.681
2015-02-10_912828H94_post,2015-02-10_912828H94,post,DGS3,3,2015-02-10,2015-02-18,1,0.0025,5,0,4.4792049,2.9456377,1,1,1,0,0,0,0,0
2015-02-11_912828J27_post,2015-02-11_912828J27,post,DGS10,10,2015-02-11,2015-02-19,1,0.0025,5,2,5.2244536,9.0227765,1,1,1,4280.0035,4743554.9,-44575.977,2140.0018,-46715.978
2015-02-12_912810RK6_post,2015-02-12_912810RK6,post,DGS30,30,2015-02-12,2015-02-20,1,0.0025,5,2,5.0917847,20.796394,1,1,1,4391.5211,2111674.3,-63595.995,2195.7605,-65791.756
2015-02-24_912828J35_pre,2015-02-24_912828J35,pre,DGS2,2,2015-02-17,2015-02-24,-1,0.0025,5,0,3.6536492,1.9826218,1,1,1,0,0,0,0,0
2015-02-25_912828J50_pre,2015-02-25_912828J50,pre,DGS5,5,2015-02-18,2015-02-25,-1,0.0025,5,1,5.5524973,4.7971999,1,1,1,2013.5696,4197385.3,-11339.171,1006.7848,-12345.956
2015-02-26_912828J43_pre,2015-02-26_912828J43,pre,DGS7,7,2015-02-19,2015-02-26,-1,0.0025,5,1,5.7602525,6.5207873,1,1,1,1940.9462,2976551.9,-12770.776,970.47308,-13741.249
2015-02-24_912828J35_post,2015-02-24_912828J35,post,DGS2,2,2015-02-24,2015-03-03,1,0.0025,5,0,3.9034607,1.9850895,1,1,1,0,0,0,0,0
2015-02-25_912828J50_post,2015-02-25_912828J50,post,DGS5,5,2015-02-25,2015-03-04,1,0.0025,5,1,5.8758098,4.8036784,1,1,1,1902.7743,3961077.6,-23492.846,951.38714,-24444.233
2015-02-26_912828J43_post,2015-02-26_912828J43,post,DGS7,7,2015-02-26,2015-03-05,1,0.0025,5,1,5.9497899,6.5350411,1,1,1,1879.1151,2875444.9,-6449.8696,939.55754,-7389.4271
2015-03-10_912828J68_pre,2015-03-10_912828J68,pre,DGS3,3,2015-03-03,2015-03-10,-1,0.0025,5,0,4.8891671,2.9435966,1,1,1,0,0,0,0,0
2015-03-11_912828J27_pre,2015-03-11_912828J27,pre,DGS10,10,2015-03-04,2015-03-11,-1,0.0025,5,2,5.7315412,8.9685009,1,1,1,3901.338,4350044.8,-5919.4203,1950.669,-7870.0894
2015-03-12_912810RK6_pre,2015-03-12_912810RK6,pre,DGS30,30,2015-03-05,2015-03-12,-1,0.0025,5,0.35450278,5.4460891,20.44453,1,1,1,727.76288,355969.48,-1746.4585,363.88144,-2110.3399
2015-03-10_912828J68_post,2015-03-10_912828J68,post,DGS3,3,2015-03-10,2015-03-17,1,0.0025,5,0,4.8701791,2.9430866,1,1,1,0,0,0,0,0
2015-03-11_912828J27_post,2015-03-11_912828J27,post,DGS10,10,2015-03-11,2015-03-18,1,0.0025,5,0.35450278,5.9027907,8.9730061,0.5,1,1,335.72777,374153.06,6233.8393,167.86389,6065.9754
2015-03-12_912810RK6_post,2015-03-12_912810RK6,post,DGS30,30,2015-03-12,2015-03-19,1,0.0025,5,0.35450278,5.6587266,20.498099,0.5,1,1,350.2079,170848.97,5426.3229,175.10395,5251.2189
2015-03-24_912828J92_pre,2015-03-24_912828J92,pre,DGS2,2,2015-03-17,2015-03-24,-1,0.0025,5,0,3.6194703,1.9826218,0.5,1,1,0,0,0,0,0
2015-03-25_912828J84_pre,2015-03-25_912828J84,pre,DGS5,5,2015-03-18,2015-03-25,-1,0.0025,5,1,5.7054588,4.8114694,1,1,1,1959.5865,4072740.2,-1117.633,979.79324,-2097.4262
2015-03-26_912828J76_pre,2015-03-26_912828J76,pre,DGS7,7,2015-03-19,2015-03-26,-1,0.0025,5,1,6.0715136,6.5517273,1,1,1,1841.442,2810620.6,2720.3085,920.72099,1799.5875
2015-03-24_912828J92_post,2015-03-24_912828J92,post,DGS2,2,2015-03-24,2015-03-31,1,0.0025,5,0,3.9919057,1.9855837,1,1,1,0,0,0,0,0
2015-03-25_912828J84_post,2015-03-25_912828J84,post,DGS5,5,2015-03-25,2015-04-01,1,0.0025,5,1,5.9484366,4.8114694,1,1,1,1879.5426,3906379.5,17981.845,939.77129,17042.073
2015-03-26_912828J76_post,2015-03-26_912828J76,post,DGS7,7,2015-03-26,2015-04-02,1,0.0025,5,1,6.096308,6.5469536,1,1,1,1833.9526,2801230.5,22992.258,916.97629,22075.282
2015-04-07_912828K25_pre,2015-04-07_912828K25,pre,DGS3,3,2015-03-31,2015-04-07,-1,0.0025,5,0.20943058,5.0559301,2.953824,1,1,1,463.12055,1567867.8,-2100.3233,231.56027,-2331.8835
2015-04-08_912828J27_pre,2015-04-08_912828J27,pre,DGS10,10,2015-04-01,2015-04-08,-1,0.0025,5,0.35450278,5.9355293,9.0821026,1,1,1,667.75199,735239.43,3047.2625,333.87599,2713.3865
2015-04-09_912810RK6_pre,2015-04-09_912810RK6,pre,DGS30,30,2015-04-02,2015-04-09,-1,0.0025,5,0.35450278,5.5877944,20.934062,1,1,1,709.30697,338829.11,5403.2151,354.65349,5048.5616
2015-04-07_912828K25_post,2015-04-07_912828K25,post,DGS3,3,2015-04-07,2015-04-14,1,0.0025,5,0.20943058,5.1456471,2.955876,1,1,1,455.04581,1539461.8,254.302,227.5229,26.779098
2015-04-08_912828J27_post,2015-04-08_912828J27,post,DGS10,10,2015-04-08,2015-04-15,1,0.0025,5,0.35450278,5.9313159,9.0592196,1,1,1,668.22634,737620.21,945.76729,334.11317,611.65412
2015-04-09_912810RK6_post,2015-04-09_912810RK6,post,DGS30,30,2015-04-09,2015-04-16,1,0.0025,5,0.35450278,5.5566929,20.714421,1,1,1,713.27705,344338.4,3758.1253,356.63852,3401.4867
2015-04-27_912828K66_pre,2015-04-27_912828K66,pre,DGS2,2,2015-04-20,2015-04-27,-1,0.0025,5,0.20943058,3.8486919,1.9863253,1,1,1,608.38986,3062891.4,-912.11481,304.19493,-1216.3097
2015-04-28_912828K58_pre,2015-04-28_912828K58,pre,DGS5,5,2015-04-21,2015-04-28,-1,0.0025,5,1,5.7637088,4.819279,1,1,1,1939.7822,4025046.6,6704.2369,969.89112,5734.3458
2015-04-29_912828WZ9_pre,2015-04-29_912828WZ9,pre,DGS7,7,2015-04-22,2015-04-29,-1,0.0025,5,1,5.9244538,6.5612897,0.5,1,1,943.57559,1438094.7,4234.9216,471.78779,3763.1338
2015-04-27_912828K66_post,2015-04-27_912828K66,post,DGS2,2,2015-04-27,2015-05-04,1,0.0025,5,0.20943058,3.8551089,1.9865726,0.5,1,1,303.68859,1528706.2,-1653.5553,151.84429,-1805.3996
2015-04-28_912828K58_post,2015-04-28_912828K58,post,DGS5,5,2015-04-28,2015-05-05,1,0.0025,5,1,5.5549642,4.8140706,0.5,1,1,1006.3377,2090409.1,-14465.067,503.16886,-14968.236
2015-04-29_912828WZ9_post,2015-04-29_912828WZ9,post,DGS7,7,2015-04-29,2015-05-06,1,0.0025,5,1,5.7765354,6.5493398,1,1,1,1935.475,2955221.5,-31706.276,967.7375,-32674.013
2015-05-12_912828XA3_pre,2015-05-12_912828XA3,pre,DGS3,3,2015-05-05,2015-05-12,-1,0.0025,5,0.4023857,4.3299965,2.9481922,1,1,1,1038.9867,3524148.5,-679.61439,519.49335,-1199.1077
2015-05-13_912828XB1_pre,2015-05-13_912828XB1,pre,DGS10,10,2015-05-06,2015-05-13,-1,0.0025,5,2,5.1948203,8.9102242,1,1,1,4304.4183,4830875.4,6342.0107,2152.2092,4189.8015
2015-05-14_912810RM2_pre,2015-05-14_912810RM2,pre,DGS30,30,2015-05-07,2015-05-14,-1,0.0025,5,2,5.2324498,19.94562,1,1,1,4273.4628,2142557,53309.656,2136.7314,51172.925
2015-05-12_912828XA3_post,2015-05-12_912828XA3,post,DGS3,3,2015-05-12,2015-05-19,1,0.0025,5,0.4023857,4.4815693,2.9481922,1,1,1,1003.8468,3404957,-389.83347,501.92338,-891.75686
2015-05-13_912828XB1_post,2015-05-13_912828XB1,post,DGS10,10,2015-05-13,2015-05-20,1,0.0025,5,2,5.2894736,8.9013064,1,1,1,4227.3923,4749181.8,6431.8557,2113.6961,4318.1596
2015-05-14_912810RM2_post,2015-05-14_912810RM2,post,DGS30,30,2015-05-14,2015-05-21,1,0.0025,5,2,5.4340161,19.614421,1,1,1,4114.9454,2097918.4,22510.456,2057.4727,20452.984
2015-05-26_912828SY7_pre,2015-05-26_912828SY7,pre,DGS5,5,2015-05-18,2015-05-26,-1,0.0025,5,1,4.9356022,4.7946121,1,1,1,2265.2433,4724560,-1609.1866,1132.6216,-2741.8083
2015-05-27_912828XE5_pre,2015-05-27_912828XE5,pre,DGS5,5,2015-05-19,2015-05-27,-1,0.0025,5,1,5.0083546,4.786861,1,1,1,2232.3379,4663469.3,-17210.772,1116.169,-18326.941
2015-05-28_912828XD7_pre,2015-05-28_912828XD7,pre,DGS7,7,2015-05-20,2015-05-28,-1,0.0025,5,1,5.3677211,6.506578,1,1,1,2082.8839,3201197.2,-20133.179,1041.442,-21174.621
2015-05-26_912828SY7_post,2015-05-26_912828SY7,post,DGS5,5,2015-05-26,2015-06-02,1,0.0025,5,0,4.8889071,4.7946121,1,1,1,0,0,0,0,0
2015-05-27_912828XE5_post,2015-05-27_912828XE5,post,DGS5,5,2015-05-27,2015-06-03,1,0.0025,5,1.4082483,4.8202433,4.7959058,1,1,1,3266.3692,6810745.2,-50069.701,1633.1846,-51702.886
2015-05-28_912828XD7_post,2015-05-28_912828XD7,post,DGS7,7,2015-05-28,2015-06-04,1,0.0025,5,1,5.2878712,6.5279086,1,1,1,2114.3366,3238918.9,-32409.786,1057.1683,-33466.954
2015-06-09_912828XF2_pre,2015-06-09_912828XF2,pre,DGS3,3,2015-06-02,2015-06-09,-1,0.0025,5,0.59175171,4.021517,2.94717,1,1,1,1645.1467,5582123.4,15278.123,822.57333,14455.55
2015-06-10_912828XB1_pre,2015-06-10_912828XB1,pre,DGS10,10,2015-06-03,2015-06-10,-1,0.0025,5,2,5.1522306,8.8524846,1,1,1,4339.9998,4902578.2,49460.461,2169.9999,47290.461
2015-06-11_912810RM2_pre,2015-06-11_912810RM2,pre,DGS30,30,2015-06-04,2015-06-11,-1,0.0025,5,0.35450278,5.602562,19.614421,1,1,1,707.43734,360672.05,5306.6603,353.71867,4952.9416
2015-06-09_912828XF2_post,2015-06-09_912828XF2,post,DGS3,3,2015-06-09,2015-06-16,1,0.0025,5,0.59175171,4.2584579,2.9420671,1,1,1,1553.6106,5280676.9,7322.7197,776.8053,6545.9144
2015-06-10_912828XB1_post,2015-06-10_912828XB1,post,DGS10,10,2015-06-10,2015-06-17,1,0.0025,5,0.35450278,5.4755749,8.7996581,0.5,1,1,361.92195,411290.92,6741.233,180.96098,6560.2721
2015-06-11_912810RM2_post,2015-06-11_912810RM2,post,DGS30,30,2015-06-11,2015-06-18,1,0.0025,5,0.35450278,5.7415868,19.414589,0.5,1,1,345.15384,177780.66,-919.4178,172.57692,-1091.9947
2015-06-23_912828XJ4_pre,2015-06-23_912828XJ4,pre,DGS2,2,2015-06-16,2015-06-23,-1,0.0025,5,0.4023857,2.4960987,1.9823752,0.5,1,1,901.16808,4545900.6,-1481.0276,450.58404,-1931.6116
2015-06-24_912828XH8_pre,2015-06-24_912828XH8,pre,DGS5,5,2015-06-17,2015-06-24,-1,0.0025,5,1.4082483,4.4661628,4.7829923,1,1,1,3525.3293,7370551.9,18740.475,1762.6646,16977.811
2015-06-25_912828XG0_pre,2015-06-25_912828XG0,pre,DGS7,7,2015-06-18,2015-06-25,-1,0.0025,5,1,5.2596696,6.4829947,1,1,1,2125.6734,3278844.9,11349.859,1062.8367,10287.022
2015-06-23_912828XJ4_post,2015-06-23_912828XJ4,post,DGS2,2,2015-06-23,2015-06-30,1,0.0025,5,0.4023857,2.5322775,1.9826218,1,1,1,1776.586,8960791.6,11791.105,888.29301,10902.812
2015-06-24_912828XH8_post,2015-06-24_912828XH8,post,DGS5,5,2015-06-24,2015-07-01,1,0.0025,5,1.4082483,4.5751725,4.7752686,1,1,1,3441.3335,7206575.9,-1050.5587,1720.6668,-2771.2255
2015-06-25_912828XG0_post,2015-06-25_912828XG0,post,DGS7,7,2015-06-25,2015-07-02,1,0.0025,5,1,5.3851386,6.4689037,1,1,1,2076.1471,3209426.5,11796.43,1038.0736,10758.357
2015-07-07_912828XK1_pre,2015-07-07_912828XK1,pre,DGS3,3,2015-06-29,2015-07-07,-1,0.0025,5,1,3.7050889,2.9481922,1,1,1,3017.5632,10235300,-14282.441,1508.7816,-15791.223
2015-07-08_912828XB1_pre,2015-07-08_912828XB1,pre,DGS10,10,2015-06-30,2015-07-08,-1,0.0025,5,0.35450278,5.8882244,8.8657618,1,1,1,673.11659,759231.53,-9196.6287,336.5583,-9533.187
2015-07-09_912810RM2_pre,2015-07-09_912810RM2,pre,DGS30,30,2015-07-01,2015-07-09,-1,0.0025,5,0.35450278,6.1249697,19.193325,1,1,1,647.09896,337147.91,-6213.5976,323.54948,-6537.1471
2015-07-07_912828XK1_post,2015-07-07_912828XK1,post,DGS3,3,2015-07-07,2015-07-14,1,0.0025,5,1,4.0366961,2.9502382,1,1,1,2769.6759,9387973.8,-17551.207,1384.838,-18936.045
2015-07-08_912828XB1_post,2015-07-08_912828XB1,post,DGS10,10,2015-07-08,2015-07-15,1,0.0025,5,0.35450278,6.0520109,8.9236248,1,1,1,654.89993,733894.51,-8764.4149,327.44996,-9091.8649
2015-07-09_912810RM2_post,2015-07-09_912810RM2,post,DGS30,30,2015-07-09,2015-07-16,1,0.0025,5,0.35450278,6.3499411,19.414589,1,1,1,624.17296,321496.88,247.21358,312.08648,-64.872903
2015-07-28_912828XP0_pre,2015-07-28_912828XP0,pre,DGS2,2,2015-07-21,2015-07-28,-1,0.0025,5,0.59175171,3.0413348,1.9823752,1,1,1,2175.3558,10973481,-5743.0713,1087.6779,-6830.7492
2015-07-29_912828XM7_pre,2015-07-29_912828XM7,pre,DGS5,5,2015-07-22,2015-07-29,-1,0.0025,5,1.4082483,5.1463058,4.7752686,0.5,1,1,1529.7084,3203397.7,-11691.209,764.85421,-12456.064
2015-07-30_912828XQ8_pre,2015-07-30_912828XQ8,pre,DGS7,7,2015-07-23,2015-07-30,-1,0.0025,5,1,5.9885956,6.494771,0.5,1,1,933.46927,1437262.8,-1477.263,466.73464,-1943.9976
2015-07-28_912828XP0_post,2015-07-28_912828XP0,post,DGS2,2,2015-07-28,2015-08-04,1,0.0025,5,0.59175171,3.1254378,1.9828683,0.5,1,1,1058.4094,5337769.3,-4648.3078,529.20468,-5177.5125
2015-07-29_912828XM7_post,2015-07-29_912828XM7,post,DGS5,5,2015-07-29,2015-08-05,1,0.0025,5,1.4082483,5.1502564,4.7842813,1,1,1,3057.07,6389820.8,-7282.4389,1528.535,-8810.9739
2015-07-30_912828XQ8_post,2015-07-30_912828XQ8,post,DGS7,7,2015-07-30,2015-08-06,1,0.0025,5,1,5.9283862,6.4971299,1,1,1,1885.8994,2902665.3,8649.9017,942.9497,7706.952
2015-08-11_912828K82_pre,2015-08-11_912828K82,pre,DGS3,3,2015-08-04,2015-08-11,-1,0.0025,5,1,4.236344,2.9441067,1,1,1,2639.1483,8964173.5,-14940.918,1319.5741,-16260.492
2015-08-12_912828K74_pre,2015-08-12_912828K74,pre,DGS10,10,2015-08-05,2015-08-12,-1,0.0025,5,2,6.2628625,8.8968522,1,1,1,3570.361,4013060.9,-51941.059,1785.1805,-53726.24
2015-08-13_912810RN0_pre,2015-08-13_912810RN0,pre,DGS30,30,2015-08-06,2015-08-13,-1,0.0025,5,2,6.1501688,19.94562,1,1,1,3635.7831,1822847.8,-15928.311,1817.8915,-17746.202
2015-08-11_912828K82_post,2015-08-11_912828K82,post,DGS3,3,2015-08-11,2015-08-18,1,0.0025,5,1,4.1631963,2.9466591,1,1,1,2685.5183,9113773.3,-9047.5388,1342.7592,-10390.298
2015-08-12_912828K74_post,2015-08-12_912828K74,post,DGS10,10,2015-08-12,2015-08-19,1,0.0025,5,2,6.19593,8.9595,1,1,1,3608.9304,4028048.8,8930.6581,1804.4652,7126.1929
2015-08-13_912810RN0_post,2015-08-13_912810RN0,post,DGS30,30,2015-08-13,2015-08-20,1,0.0025,5,2,6.0766293,20.04917,1,1,1,3679.7834,1835379.4,38261,1839.8917,36421.108
2015-08-25_912828TM2_pre,2015-08-25_912828TM2,pre,DGS5,5,2015-08-18,2015-08-25,-1,0.0025,5,1.4082483,5.1397146,4.786861,1,1,1,3063.3402,6399476,-38634.589,1531.6701,-40166.259
2015-08-26_912828L32_pre,2015-08-26_912828L32,pre,DGS5,5,2015-08-19,2015-08-26,-1,0.0025,5,1.4082483,5.1203317,4.7997898,1,1,1,3074.9364,6406398.2,-4848.1093,1537.4682,-6385.5775
2015-08-27_912828L24_pre,2015-08-27_912828L24,pre,DGS7,7,2015-08-20,2015-08-27,-1,0.0025,5,1,5.9810199,6.5398024,1,1,1,1869.3032,2858348.2,12040.077,934.65162,11105.425
2015-08-25_912828TM2_post,2015-08-25_912828TM2,post,DGS5,5,2015-08-25,2015-09-01,1,0.0025,5,0,5.3493756,4.8023817,1,0.5,1,0,0,0,0,0
2015-08-26_912828L32_post,2015-08-26_912828L32,post,DGS5,5,2015-08-26,2015-09-02,1,0.0025,5,1.6454972,5.4215254,4.8010855,1,0.5,1,1696.6828,3533956.7,-4091.1199,848.34142,-4939.4614
2015-08-27_912828L24_post,2015-08-27_912828L24,post,DGS7,7,2015-08-27,2015-09-03,1,0.0025,5,1,6.0576095,6.5231598,1,0.5,1,922.83432,1414704.4,1434.1868,461.41716,972.7696
2015-09-08_912828L40_pre,2015-09-08_912828L40,pre,DGS3,3,2015-08-31,2015-09-08,-1,0.0025,5,1,4.3491671,2.9446169,1,0.5,1,1285.3427,4365059,-3534.8999,642.67133,-4177.5712
2015-09-09_912828K74_pre,2015-09-09_912828K74,pre,DGS10,10,2015-09-01,2015-09-09,-1,0.0025,5,2,5.8212546,8.9460229,1,0.5,1,1920.6066,2146883.1,6623.1942,960.30328,5662.8909
2015-09-10_912810RN0_pre,2015-09-10_912810RN0,pre,DGS30,30,2015-09-02,2015-09-10,-1,0.0025,5,2,5.8896635,19.766276,1,0.5,1,1898.2986,960372.4,1154.5577,949.1493,205.40843
2015-09-08_912828L40_post,2015-09-08_912828L40,post,DGS3,3,2015-09-08,2015-09-15,1,0.0025,5,1,4.1814765,2.9456377,1,0.5,1,1336.889,4538538.4,-8466.8237,668.4445,-9135.2682
2015-09-09_912828K74_post,2015-09-09_912828K74,post,DGS10,10,2015-09-09,2015-09-16,1,0.0025,5,0.35450278,5.6822401,8.928098,1,0.5,1,348.75871,390630.47,-2959.1345,174.37936,-3133.5139
2015-09-10_912810RN0_post,2015-09-10_912810RN0,post,DGS30,30,2015-09-10,2015-09-17,1,0.0025,5,0.35450278,5.7962339,19.740848,0.5,0.5,1,170.94986,86597.021,-615.0018,85.47493,-700.47673
2015-09-22_912828TS9_pre,2015-09-22_912828TS9,pre,DGS5,5,2015-09-15,2015-09-22,-1,0.0025,5,1.6454972,5.0198476,4.7855709,0.5,0.5,1,916.22394,1914555.1,-16187.86,458.11197,-16645.972
2015-09-23_912828L65_pre,2015-09-23_912828L65,pre,DGS5,5,2015-09-16,2015-09-23,-1,0.0025,5,1.6454972,5.1320418,4.7842813,0.5,0.5,1,896.1939,1873204.9,-14031.346,448.09695,-14479.443
2015-09-24_912828L57_pre,2015-09-24_912828L57,pre,DGS7,7,2015-09-17,2015-09-24,-1,0.0025,5,1,5.4828701,6.5255336,1,0.5,1,1019.57,1562431.6,-6708.4,509.78501,-7218.185
2015-09-22_912828TS9_post,2015-09-22_912828TS9,post,DGS5,5,2015-09-22,2015-09-29,1,0.0025,5,0,5.3026749,4.8075716,1,0.5,1,0,0,0,0,0
2015-09-23_912828L65_post,2015-09-23_912828L65,post,DGS5,5,2015-09-23,2015-09-30,1,0.0025,5,1.6454972,5.3250023,4.8036784,1,0.5,1,1727.4376,3596072.5,18292.23,863.71879,17428.511
2015-09-24_912828L57_post,2015-09-24_912828L57,post,DGS7,7,2015-09-24,2015-10-01,1,0.0025,5,1,5.4544855,6.5398024,1,0.5,1,1024.8757,1567135.7,9793.1282,512.43787,9280.6903
2015-10-06_912828L81_pre,2015-10-06_912828L81,pre,DGS3,3,2015-09-29,2015-10-06,-1,0.0025,5,1,4.3330291,2.9522864,1,0.5,1,1290.1298,4369934.4,-3336.9184,645.0649,-3981.9833
2015-10-07_912828K74_pre,2015-10-07_912828K74,pre,DGS10,10,2015-09-30,2015-10-07,-1,0.0025,5,0.35450278,5.1430113,8.9955806,1,0.5,1,385.32499,428349.22,591.45683,192.66249,398.79433
2015-10-08_912810RN0_pre,2015-10-08_912810RN0,pre,DGS30,30,2015-10-01,2015-10-08,-1,0.0025,5,0.35450278,5.3269117,20.07518,1,0.5,1,372.02245,185314.63,3931.5411,186.01123,3745.5298
2015-10-06_912828L81_post,2015-10-06_912828L81,post,DGS3,3,2015-10-06,2015-10-14,1,0.0025,5,1,4.1888674,2.9533113,1,0.5,1,1334.5302,4518758.9,8923.3023,667.26509,8256.0372
2015-10-07_912828K74_post,2015-10-07_912828K74,post,DGS10,10,2015-10-07,2015-10-15,1,0.0025,5,0.35450278,4.8949126,8.9865411,1,0.5,1,404.85519,450512.81,1836.6525,202.42759,1634.2249
2015-10-08_912810RN0_post,2015-10-08_912810RN0,post,DGS30,30,2015-10-08,2015-10-16,1,0.0025,5,0.35450278,5.0303879,19.791752,1,0.5,1,393.95188,199048.51,3707.9188,196.97594,3510.9429
2015-10-28_912828L99_pre,2015-10-28_912828L99,pre,DGS5,5,2015-10-21,2015-10-28,-1,0.0025,5,1.6454972,4.892748,4.8166737,0.5,0.5,1,940.02482,1951605.8,8848.4497,470.01241,8378.4373
2015-10-29_912828M49_pre,2015-10-29_912828M49,pre,DGS7,7,2015-10-22,2015-10-29,-1,0.0025,5,1,5.2753558,6.5636835,0.5,0.5,1,529.83819,807226.91,8160.2639,264.9191,7895.3448
2015-10-28_912828L99_post,2015-10-28_912828L99,post,DGS5,5,2015-10-28,2015-11-04,1,0.0025,5,1.6454972,4.8358361,4.8036784,1,0.5,1,1902.1755,3959831.2,-31107.351,951.08777,-32058.438
2015-11-04_912828TW0_pre,2015-11-04_912828TW0,pre,DGS5,5,2015-10-28,2015-11-04,-1,0.0025,5,1.6454972,4.8358361,4.8036784,1,0.5,1,1902.1755,3959831.2,31107.351,951.08777,30156.263
2015-10-29_912828M49_post,2015-10-29_912828M49,post,DGS7,7,2015-10-29,2015-11-05,1,0.0025,5,1,5.31292,6.5255336,1,0.5,1,1052.1841,1612410.8,-9917.9753,526.09205,-10444.067
2015-11-09_912828M64_pre,2015-11-09_912828M64,pre,DGS3,3,2015-11-02,2015-11-09,-1,0.0025,5,1,4.2637282,2.9441067,1,0.5,1,1311.099,4453300,23888.704,655.54951,23233.155
2015-11-10_912828M56_pre,2015-11-10_912828M56,pre,DGS10,10,2015-11-03,2015-11-10,-1,0.0025,5,0.35450278,4.9793642,8.9191548,1,0.5,1,397.98872,446217.97,3374.4241,198.99436,3175.4297
2015-11-04_912828TW0_post,2015-11-04_912828TW0,post,DGS5,5,2015-11-04,2015-11-12,1,0.0025,5,0,4.9058941,4.7817037,1,0.5,1,0,0,0,0,0
2015-11-12_912810RP5_pre,2015-11-12_912810RP5,pre,DGS30,30,2015-11-04,2015-11-12,-1,0.0025,5,2,5.0121604,19.690134,1,0.5,1,2230.6429,1132873.4,19112.055,1115.3214,17996.734
2015-11-09_912828M64_post,2015-11-09_912828M64,post,DGS3,3,2015-11-09,2015-11-17,1,0.0025,5,1,4.3529326,2.9344381,1,0.5,1,1284.2307,4376411.1,12593.541,642.11537,11951.425
2015-11-10_912828M56_post,2015-11-10_912828M56,post,DGS10,10,2015-11-10,2015-11-18,1,0.0025,5,2,4.8225869,8.8790673,1,0.5,1,2318.3283,2611004.3,12842.629,1159.1642,11683.465
2015-11-12_912810RP5_post,2015-11-12_912810RP5,post,DGS30,30,2015-11-12,2015-11-19,1,0.0025,5,2,4.934715,19.464266,1,0.5,1,2265.6506,1164005.1,21207.128,1132.8253,20074.303
2015-11-23_912828M72_pre,2015-11-23_912828M72,pre,DGS2,2,2015-11-16,2015-11-23,-1,0.0025,5,1,3.7947332,1.9781921,1,0.5,1,1473.1391,7446896.1,7700.0242,736.56956,6963.4546
2015-11-24_912828M98_pre,2015-11-24_912828M98,pre,DGS5,5,2015-11-17,2015-11-24,-1,0.0025,5,0.087129071,4.707969,4.7791281,1,0.5,1,103.45572,216474.04,-65.305148,51.727859,-117.03301
2015-11-25_912828M80_pre,2015-11-25_912828M80,pre,DGS7,7,2015-11-18,2015-11-25,-1,0.0025,5,1,4.999322,6.4924133,1,0.5,1,1118.1856,1722295.8,-3984.0574,559.09281,-4543.1502
2015-11-23_912828M72_post,2015-11-23_912828M72,post,DGS2,2,2015-11-23,2015-12-01,1,0.0025,5,1,3.4511932,1.9767191,1,0.5,1,1619.7789,8194279.7,6209.4224,809.88945,5399.5329
2015-11-24_912828M98_post,2015-11-24_912828M98,post,DGS5,5,2015-11-24,2015-12-02,1,0.0025,5,1.9128709,4.4638852,4.7791281,1,0.5,1,2395.5082,5012437.7,8798.0199,1197.7541,7600.2658
2015-11-25_912828M80_post,2015-11-25_912828M80,post,DGS7,7,2015-11-25,2015-12-03,1,0.0025,5,1,4.723424,6.4994901,1,0.5,1,1183.4995,1820911.3,-9870.8193,591.74975,-10462.569
2015-12-08_912828N22_pre,2015-12-08_912828N22,pre,DGS3,3,2015-12-01,2015-12-08,-1,0.0025,5,1,3.9992584,2.9385032,1,0.5,1,1397.8016,4756849.2,7451.0295,698.90082,6752.1287
2015-12-09_912828M56_pre,2015-12-09_912828M56,pre,DGS10,10,2015-12-02,2015-12-09,-1,0.0025,5,2,4.4083575,8.9415369,1,0.5,1,2536.1691,2836390.5,8866.3374,1268.0845,7598.2529
2015-12-10_912810RP5_pre,2015-12-10_912810RP5,pre,DGS30,30,2015-12-03,2015-12-10,-1,0.0025,5,0.35450278,4.4678386,19.51413,1,0.5,1,443.55469,227299.24,-4155.9757,221.77734,-4377.753
2015-12-08_912828N22_post,2015-12-08_912828N22,post,DGS3,3,2015-12-08,2015-12-15,1,0.0025,5,1,4.0434085,2.9354536,1,0.5,1,1382.539,4709796.8,-4608.6231,691.26949,-5299.8926
2015-12-09_912828M56_post,2015-12-09_912828M56,post,DGS10,10,2015-12-09,2015-12-16,1,0.0025,5,0.35450278,4.7816445,8.9236248,0.5,0.5,1,207.22272,232218.1,-1553.2781,103.61136,-1656.8895
2015-12-10_912810RP5_post,2015-12-10_912810RP5,post,DGS30,30,2015-12-10,2015-12-17,1,0.0025,5,0.35450278,4.864143,19.740848,0.5,0.5,1,203.70811,103191.17,907.9001,101.85406,806.04605
2015-12-28_912828N55_pre,2015-12-28_912828N55,pre,DGS2,2,2015-12-18,2015-12-28,-1,0.0025,5,1,3.1432827,1.9759832,1,0.5,1,1778.4496,9000327.5,12230.063,889.22482,11340.838
2015-12-29_912828N48_pre,2015-12-29_912828N48,pre,DGS5,5,2015-12-21,2015-12-29,-1,0.0025,5,1.6454972,4.6690168,4.7778411,1,0.5,1,1970.1384,4123490.8,26132.628,985.06919,25147.558
2015-12-30_912828N30_pre,2015-12-30_912828N30,pre,DGS7,7,2015-12-22,2015-12-30,-1,0.0025,5,1,4.918402,6.4924133,1,0.5,1,1136.5826,1750631.9,10620.967,568.29128,10052.676
2015-12-28_912828N55_post,2015-12-28_912828N55,post,DGS2,2,2015-12-28,2016-01-05,1,0.0025,5,1,3.0929115,1.9740231,1,0.5,1,1807.4135,9155989.4,3518.2049,903.70673,2614.4981
2015-12-29_912828N48_post,2015-12-29_912828N48,post,DGS5,5,2015-12-29,2016-01-06,1,0.0025,5,1.6454972,4.5181367,4.7598759,1,0.5,1,2035.9298,4277275,34113.741,1017.9649,33095.777
2015-12-30_912828N30_post,2015-12-30_912828N30,post,DGS7,7,2015-12-30,2016-01-07,1,0.0025,5,1,4.8506217,6.4689037,1,0.5,1,1152.4646,1781545.5,23878.818,576.23231,23302.586
2016-01-12_912828N63_pre,2016-01-12_912828N63,pre,DGS3,3,2016-01-05,2016-01-12,-1,0.0025,5,1,3.801427,2.9319018,1,0.5,1,1470.5451,5015669.7,-21584.868,735.27256,-22320.141
2016-01-13_912828M56_pre,2016-01-13_912828M56,pre,DGS10,10,2016-01-06,2016-01-13,-1,0.0025,5,0.35450278,4.5609495,8.9415369,1,0.5,1,434.49961,485933.93,-4543.2236,217.24981,-4760.4735
2016-01-14_912810RP5_pre,2016-01-14_912810RP5,pre,DGS30,30,2016-01-07,2016-01-14,-1,0.0025,5,0.35450278,4.7094988,19.894138,1,0.5,1,420.79441,211516.79,-983.20406,210.39721,-1193.6013
2016-01-12_912828N63_post,2016-01-12_912828N63,post,DGS3,3,2016-01-12,2016-01-20,1,0.0025,5,1,3.8946581,2.9390119,1,0.5,1,1435.3429,4883760.2,18186.825,717.67146,17469.154
2016-01-13_912828M56_post,2016-01-13_912828M56,post,DGS10,10,2016-01-13,2016-01-21,1,0.0025,5,0.35450278,4.5550928,8.9865411,1,0.5,1,435.05827,484122.05,2814.954,217.52913,2597.4249
2016-01-14_912810RP5_post,2016-01-14_912810RP5,post,DGS30,30,2016-01-14,2016-01-22,1,0.0025,5,0.35450278,4.6794418,19.94562,1,0.5,1,423.49726,212325.94,3131.7685,211.74863,2920.0198
2016-01-26_912828P20_pre,2016-01-26_912828P20,pre,DGS2,2,2016-01-19,2016-01-26,-1,0.0025,5,1,3.0653891,1.9781921,1,0.5,1,1823.6412,9218726.7,-6495.6651,911.82062,-7407.4857
2016-01-27_912828N89_pre,2016-01-27_912828N89,pre,DGS5,5,2016-01-20,2016-01-27,-1,0.0025,5,1.6454972,4.5726712,4.8075716,0.5,0.5,1,1005.8245,2092167.4,-1476.8017,502.91223,-1979.7139
2016-01-28_912828P38_pre,2016-01-28_912828P38,pre,DGS7,7,2016-01-21,2016-01-28,-1,0.0025,5,1,4.8431908,6.556506,0.5,0.5,1,577.11643,880219.47,-1405.7755,288.55821,-1694.3337
2016-01-26_912828P20_post,2016-01-26_912828P20,post,DGS2,2,2016-01-26,2016-02-02,1,0.0025,5,1,2.9913246,1.9789293,0.5,0.5,1,934.39709,4721730.6,9785.6097,467.19855,9318.4111
2016-01-27_912828N89_post,2016-01-27_912828N89,post,DGS5,5,2016-01-27,2016-02-03,1,0.0025,5,1.6454972,4.5476448,4.8088704,1,0.5,1,2022.7193,4206225.5,33300.19,1011.3597,32288.83
2016-01-28_912828P38_post,2016-01-28_912828P38,post,DGS7,7,2016-01-28,2016-02-04,1,0.0025,5,1,4.6617508,6.5612897,1,0.5,1,1199.1567,1827623.5,18548.036,599.57837,17948.458
2016-02-09_912828P53_pre,2016-02-09_912828P53,pre,DGS3,3,2016-02-02,2016-02-09,-1,0.0025,5,1,3.8049551,2.9517742,1,0.5,1,1469.1816,4977283.1,-12303.309,734.59078,-13037.899
2016-02-10_912828P46_pre,2016-02-10_912828P46,pre,DGS10,10,2016-02-03,2016-02-10,-1,0.0025,5,1.6454972,4.64758,9.0775194,1,0.5,1,1979.2256,2180359.5,-34475.617,989.61278,-35465.229
2016-02-11_912810RQ3_pre,2016-02-11_912810RQ3,pre,DGS30,30,2016-02-04,2016-02-11,-1,0.0025,5,1.6454972,4.8590297,20.471289,1,0.5,1,1893.0959,924756.57,-38972.937,946.54794,-39919.485
2016-02-09_912828P53_post,2016-02-09_912828P53,post,DGS3,3,2016-02-09,2016-02-17,1,0.0025,5,1,3.7994945,2.955876,1,0.5,1,1471.2931,4977519.7,-11103.112,735.64654,-11838.759
2016-02-10_912828P46_post,2016-02-10_912828P46,post,DGS10,10,2016-02-10,2016-02-18,1,0.0025,5,1.6454972,4.6503751,9.1558813,1,0.5,1,1978.0359,2160399.3,-7093.5429,989.01797,-8082.5609
2016-02-11_912810RQ3_post,2016-02-11_912810RQ3,post,DGS30,30,2016-02-11,2016-02-19,1,0.0025,5,1.6454972,4.922679,21.017296,1,0.5,1,1868.6185,889086.08,-19751.094,934.30926,-20685.403
2016-02-23_912828UR9_pre,2016-02-23_912828UR9,pre,DGS5,5,2016-02-16,2016-02-23,-1,0.0025,5,1.4082483,4.6372357,4.8349537,1,0.5,1,1697.6379,3511177.2,-639.39837,848.81897,-1488.2173
2016-02-24_912828P87_pre,2016-02-24_912828P87,pre,DGS5,5,2016-02-17,2016-02-24,-1,0.0025,5,1.4082483,4.6617508,4.8310281,1,0.5,1,1688.7104,3495550.9,-9078.2954,844.35521,-9922.6507
2016-02-26_912828P79_pre,2016-02-26_912828P79,pre,DGS7,7,2016-02-19,2016-02-26,-1,0.0025,5,0,5.148062,6.6142429,1,0.5,1,0,0,0,0,0
2016-02-23_912828UR9_post,2016-02-23_912828UR9,post,DGS5,5,2016-02-23,2016-03-01,1,0.0025,5,0,4.7106982,4.8349537,1,0.5,1,0,0,0,0,0
2016-02-24_912828P87_post,2016-02-24_912828P87,post,DGS5,5,2016-02-24,2016-03-02,1,0.0025,5,1.4303315,4.6943589,4.8375734,1,0.5,1,1703.2775,3520933.7,-21448.689,851.63877,-22300.328
2016-02-26_912828P79_post,2016-02-26_912828P79,post,DGS7,7,2016-02-26,2016-03-04,1,0.0025,5,0,5.1895157,6.6094037,1,0.5,1,0,0,0,0,0
2016-03-08_912828P95_pre,2016-03-08_912828P95,pre,DGS3,3,2016-03-01,2016-03-08,-1,0.0025,5,1,4.0774978,2.9492149,1,0.5,1,1370.9805,4648628.5,7554.9463,685.49024,6869.4561
2016-03-09_912828P46_pre,2016-03-09_912828P46,pre,DGS10,10,2016-03-02,2016-03-09,-1,0.0025,5,1.8777473,5.2344739,9.0958718,1,0.5,1,2005.345,2204676,11273.54,1002.6725,10270.868
2016-03-10_912810RQ3_pre,2016-03-10_912810RQ3,pre,DGS30,30,2016-03-03,2016-03-10,-1,0.0025,5,0,4.8884737,20.605848,1,0.5,1,0,0,0,0,0
2016-03-08_912828P95_post,2016-03-08_912828P95,post,DGS3,3,2016-03-08,2016-03-15,1,0.0025,5,1,4.2109287,2.9461484,1,0.5,1,1327.5385,4506013.7,-15201.248,663.76924,-15865.017
2016-03-09_912828P46_post,2016-03-09_912828P46,post,DGS10,10,2016-03-09,2016-03-16,1,0.0025,5,0,4.9259775,9.068363,0.5,0.5,1,0,0,0,0,0
2016-03-10_912810RQ3_post,2016-03-10_912810RQ3,post,DGS30,30,2016-03-10,2016-03-17,1,0.0025,5,0,4.996609,20.471289,0.5,0.5,1,0,0,0,0,0
2016-03-28_912828Q45_pre,2016-03-28_912828Q45,pre,DGS2,2,2016-03-18,2016-03-28,-1,0.0025,5,1,3.7874309,1.9791751,1,0.5,1,1475.9794,7457548.3,6172.3439,737.9897,5434.3542
2016-03-29_912828Q37_pre,2016-03-29_912828Q37,pre,DGS5,5,2016-03-21,2016-03-29,-1,0.0025,5,1.4777604,4.5376952,4.8153719,1,0.5,1,1820.5127,3780627.4,-17319.325,910.25635,-18229.581
2016-03-30_912828Q29_pre,2016-03-30_912828Q29,pre,DGS7,7,2016-03-22,2016-03-30,-1,0.0025,5,0,4.8690189,6.5636835,1,0.5,1,0,0,0,0,0
2016-03-28_912828Q45_post,2016-03-28_912828Q45,post,DGS2,2,2016-03-28,2016-04-04,1,0.0025,5,1,3.8526534,1.9779465,1,0.5,1,1450.9922,7335851.6,21078.686,725.4961,20353.19
2016-03-29_912828Q37_post,2016-03-29_912828Q37,post,DGS5,5,2016-03-29,2016-04-05,1,0.0025,5,1.4777604,4.4640434,4.827107,1,0.5,1,1850.5492,3833660.9,22992.194,925.27458,22066.919
2016-03-30_912828Q29_post,2016-03-30_912828Q29,post,DGS7,7,2016-03-30,2016-04-06,1,0.0025,5,0,4.9789103,6.5973278,1,0.5,1,0,0,0,0,0
2016-04-12_912828Q52_pre,2016-04-12_912828Q52,pre,DGS3,3,2016-04-05,2016-04-12,-1,0.0025,5,1,4.2385106,2.955876,1,0.5,1,1318.8996,4461958.6,6049.7838,659.44981,5390.334
2016-04-13_912828P46_pre,2016-04-13_912828P46,pre,DGS10,10,2016-04-06,2016-04-13,-1,0.0025,5,0,4.5773639,9.1327345,1,0.5,1,0,0,0,0,0
2016-04-14_912810RQ3_pre,2016-04-14_912810RQ3,pre,DGS30,30,2016-04-07,2016-04-14,-1,0.0025,5,0,4.5189807,20.961754,1,0.5,1,0,0,0,0,0
2016-04-12_912828Q52_post,2016-04-12_912828Q52,post,DGS3,3,2016-04-12,2016-04-19,1,0.0025,5,1,4.2804245,2.9533113,1,0.5,1,1305.9849,4422103.9,-2032.0359,652.99247,-2685.0284
2016-04-13_912828P46_post,2016-04-13_912828P46,post,DGS10,10,2016-04-13,2016-04-20,1,0.0025,5,0,4.6340364,9.1281151,1,0.5,1,0,0,0,0,0
2016-04-14_912810RQ3_post,2016-04-14_912810RQ3,post,DGS30,30,2016-04-14,2016-04-21,1,0.0025,5,0,4.3143107,20.714421,1,0.5,1,0,0,0,0,0
2016-04-25_912828Q94_pre,2016-04-25_912828Q94,pre,DGS2,2,2016-04-18,2016-04-25,-1,0.0025,5,1,3.9978455,1.9813897,1,0.5,1,1398.2957,7057146.1,13162.975,699.14783,12463.827
2016-04-26_912828Q78_pre,2016-04-26_912828Q78,pre,DGS5,5,2016-04-19,2016-04-26,-1,0.0025,5,1.2350762,4.5831921,4.8310281,1,0.5,1,1506.4361,3118251.6,20361.996,753.21805,19608.778
2016-04-28_912828R28_pre,2016-04-28_912828R28,pre,DGS7,7,2016-04-21,2016-04-28,-1,0.0025,5,0,4.9364321,6.5852836,0.5,0.5,1,0,0,0,0,0
2016-04-25_912828Q94_post,2016-04-25_912828Q94,post,DGS2,2,2016-04-25,2016-05-02,1,0.0025,5,1,3.9915164,1.9789293,0.5,0.5,1,700.25641,3538562.1,3893.9186,350.12821,3543.7904
2016-04-26_912828Q78_post,2016-04-26_912828Q78,post,DGS5,5,2016-04-26,2016-05-03,1,0.0025,5,1.2350762,4.6101093,4.8127697,0.5,0.5,1,748.82021,1555902.8,11588.723,374.41011,11214.313
2016-04-28_912828R28_post,2016-04-28_912828R28,post,DGS7,7,2016-04-28,2016-05-05,1,0.0025,5,0,4.9178563,6.5973278,1,0.5,1,0,0,0,0,0
2016-05-10_912828R44_pre,2016-05-10_912828R44,pre,DGS3,3,2016-05-03,2016-05-10,-1,0.0025,5,1,4.1688921,2.9522864,1,0.5,1,1340.9246,4541986.9,-5955.2994,670.4623,-6625.7617
2016-05-11_912828R36_pre,2016-05-11_912828R36,pre,DGS10,10,2016-05-04,2016-05-11,-1,0.0025,5,1.9128709,4.5595557,9.1188862,1,0.5,1,2345.2447,2571854.3,-14882.208,1172.6223,-16054.83
2016-05-12_912810RS9_pre,2016-05-12_912810RS9,pre,DGS30,30,2016-05-05,2016-05-12,-1,0.0025,5,1.9128709,4.0566608,20.741693,1,0.5,1,2635.9792,1270860.2,-610.05932,1317.9896,-1928.0489
2016-05-10_912828R44_post,2016-05-10_912828R44,post,DGS3,3,2016-05-10,2016-05-17,1,0.0025,5,1,4.1057697,2.9543368,1,0.5,1,1361.5401,4608615,-11660.586,680.77004,-12341.356
2016-05-11_912828R36_post,2016-05-11_912828R36,post,DGS10,10,2016-05-11,2016-05-18,1,0.0025,5,1.9128709,3.9848229,9.1466126,1,0.5,1,2683.5003,2933873.4,-36500.042,1341.7502,-37841.792
2016-05-12_912810RS9_post,2016-05-12_912810RS9,post,DGS30,30,2016-05-12,2016-05-19,1,0.0025,5,1.9128709,3.8431096,20.741693,1,0.5,1,2782.4534,1341478.5,-10301.985,1391.2267,-11693.212
2016-05-24_912828R51_pre,2016-05-24_912828R51,pre,DGS2,2,2016-05-17,2016-05-24,-1,0.0025,5,1,3.411968,1.9796669,1,0.5,1,1638.4005,8276142.2,15431.789,819.20024,14612.588
2016-05-25_912828R77_pre,2016-05-25_912828R77,pre,DGS5,5,2016-05-18,2016-05-25,-1,0.0025,5,1.2886751,4.242108,4.8114694,1,0.5,1,1698.1918,3529466,-2420.0358,849.0959,-3269.1317
2016-05-26_912828R69_pre,2016-05-26_912828R69,pre,DGS7,7,2016-05-19,2016-05-26,-1,0.0025,5,0.087129071,4.6076576,6.5804748,1,0.5,1,105.70801,160638.88,-252.93482,52.854005,-305.78882
2016-05-24_912828R51_post,2016-05-24_912828R51,post,DGS2,2,2016-05-24,2016-06-01,1,0.0025,5,1,3.3973652,1.9772099,1,0.5,1,1645.4427,8322043.8,2679.0231,822.72137,1856.3017
2016-05-25_912828R77_post,2016-05-25_912828R77,post,DGS5,5,2016-05-25,2016-06-02,1,0.0025,5,1.2886751,4.3860011,4.8127697,1,0.5,1,1642.4786,3412751.3,7374.5231,821.23931,6553.2838
2016-05-26_912828R69_post,2016-05-26_912828R69,post,DGS7,7,2016-05-26,2016-06-03,1,0.0025,5,0.087129071,4.2708776,6.5852836,1,0.5,1,114.04361,173179.5,1769.7193,57.021807,1712.6974
2016-06-07_912828R85_pre,2016-06-07_912828R85,pre,DGS3,3,2016-05-31,2016-06-07,-1,0.0025,5,1,4.021517,2.9466591,1,0.5,1,1390.065,4717427.2,-13146.109,695.03249,-13841.141
2016-06-08_912828R36_pre,2016-06-08_912828R36,pre,DGS10,10,2016-06-01,2016-06-08,-1,0.0025,5,2,3.9396578,9.0912788,1,0.5,1,2837.8962,3121558.8,-40822.78,1418.9481,-42241.728
2016-06-09_912810RS9_pre,2016-06-09_912810RS9,pre,DGS30,30,2016-06-02,2016-06-09,-1,0.0025,5,0.024099927,3.6567405,20.796394,1,0.5,1,36.842288,17715.71,-380.03507,18.421144,-398.45622
2016-06-07_912828R85_post,2016-06-07_912828R85,post,DGS3,3,2016-06-07,2016-06-14,1,0.0025,5,1,4.1867089,2.951262,1,0.5,1,1335.2182,4524227.9,12560.57,667.60911,11892.961
2016-06-08_912828R36_post,2016-06-08_912828R36,post,DGS10,10,2016-06-08,2016-06-15,1,0.0025,5,0.024099927,3.8416392,9.1558813,0.5,0.5,1,17.534531,19151.113,198.60109,8.7672657,189.83382
2016-06-09_912810RS9_post,2016-06-09_912810RS9,post,DGS30,30,2016-06-09,2016-06-16,1,0.0025,5,0.024099927,3.546742,21.073051,0.5,0.5,1,18.992457,9012.6756,176.11419,9.4962285,166.61796
2016-06-20_912828R93_pre,2016-06-20_912828R93,pre,DGS2,2,2016-06-13,2016-06-20,-1,0.0025,5,1,3.3414027,1.9818824,0.5,0.5,1,836.50049,4220737.3,465.37883,418.25025,47.128584
2016-06-21_912828S27_pre,2016-06-21_912828S27,pre,DGS5,5,2016-06-14,2016-06-21,-1,0.0025,5,1.3460431,4.2036774,4.845445,0.5,0.5,1,895.00324,1847102.3,5937.8366,447.50162,5490.335
2016-06-22_912828S35_pre,2016-06-22_912828S35,pre,DGS7,7,2016-06-15,2016-06-22,-1,0.0025,5,0.35450278,4.2474319,6.6506994,1,0.5,1,466.57152,701537.52,4960.2465,233.28576,4726.9607
2016-06-20_912828R93_post,2016-06-20_912828R93,post,DGS2,2,2016-06-20,2016-06-27,1,0.0025,5,1,3.2785469,1.981636,1,0.5,1,1705.0755,8604382.7,22880,852.53773,22027.462
2016-06-21_912828S27_post,2016-06-21_912828S27,post,DGS5,5,2016-06-21,2016-06-28,1,0.0025,5,1.3460431,4.1373318,4.8362633,1,0.5,1,1818.7108,3760570.2,40806.585,909.35538,39897.229
2016-06-22_912828S35_post,2016-06-22_912828S35,post,DGS7,7,2016-06-22,2016-06-29,1,0.0025,5,0.35450278,4.1964136,6.6239365,1,0.5,1,472.24391,712935.44,9189.5249,236.12196,8953.4029
2016-07-11_912828S43_pre,2016-07-11_912828S43,pre,DGS3,3,2016-07-01,2016-07-11,-1,0.0025,5,1,4.2149519,2.9630751,1,0.5,1,1326.2714,4475996.5,7418.0634,663.13568,6754.9277
2016-07-12_912828R36_pre,2016-07-12_912828R36,pre,DGS10,10,2016-07-05,2016-07-12,-1,0.0025,5,0.20740608,4.4804661,9.3155027,1,0.5,1,258.77558,277790.25,4053.3371,129.38779,3923.9493
2016-07-13_912810RS9_pre,2016-07-13_912810RS9,pre,DGS30,30,2016-07-06,2016-07-13,-1,0.0025,5,0.20740608,4.2684958,22.054363,1,0.5,1,271.62618,123162.11,1011.7598,135.81309,875.94667
2016-07-11_912828S43_post,2016-07-11_912828S43,post,DGS3,3,2016-07-11,2016-07-18,1,0.0025,5,1,4.1842792,2.9599865,1,0.5,1,1335.9935,4513512.3,-10218.813,667.99677,-10886.809
2016-07-12_912828R36_post,2016-07-12_912828R36,post,DGS10,10,2016-07-12,2016-07-19,1,0.0025,5,0.20740608,4.5995271,9.2399007,1,0.5,1,252.07705,272813.59,-683.3797,126.03852,-809.41822
2016-07-13_912810RS9_post,2016-07-13_912810RS9,post,DGS30,30,2016-07-13,2016-07-20,1,0.0025,5,0.20740608,4.3859045,21.935552,1,0.5,1,264.35487,120514.35,-3085.4048,132.17744,-3217.5822
2016-07-25_912828S68_pre,2016-07-25_912828S68,pre,DGS2,2,2016-07-18,2016-07-25,-1,0.0025,5,1,3.5550156,1.9831149,1,0.5,1,1572.4741,7929314.2,5684.1663,786.23706,4897.9293
2016-07-26_912828S76_pre,2016-07-26_912828S76,pre,DGS5,5,2016-07-19,2016-07-26,-1,0.0025,5,1.4082483,4.7365331,4.8493878,1,0.5,1,1662.0484,3427336.6,4437.3679,831.0242,3606.3437
2016-07-28_912828S92_pre,2016-07-28_912828S92,pre,DGS7,7,2016-07-21,2016-07-28,-1,0.0025,5,0.59175171,4.979506,6.6506994,0.5,0.5,1,332.16072,499437.28,-1101.373,166.08036,-1267.4533
2016-07-25_912828S68_post,2016-07-25_912828S68,post,DGS2,2,2016-07-25,2016-08-01,1,0.0025,5,1,3.5833892,1.9821288,0.5,0.5,1,780.01156,3935221.4,4212.8336,390.00578,3822.8278
2016-07-26_912828S76_post,2016-07-26_912828S76,post,DGS5,5,2016-07-26,2016-08-02,1,0.0025,5,1.4082483,4.6617508,4.845445,0.5,0.5,1,844.35521,1742575.2,7032.1306,422.17761,6609.953
2016-07-28_912828S92_post,2016-07-28_912828S92,post,DGS7,7,2016-07-28,2016-08-04,1,0.0025,5,0.59175171,4.865972,6.6580252,1,0.5,1,679.82155,1021055.8,2936.5229,339.91077,2596.6121
2016-08-09_9128282B5_pre,2016-08-09_9128282B5,pre,DGS3,3,2016-08-02,2016-08-09,-1,0.0025,5,1,4.161262,2.958958,1,0.5,1,1343.3833,4540055.3,6221.5823,671.69165,5549.8906
2016-08-10_9128282A7_pre,2016-08-10_9128282A7,pre,DGS10,10,2016-08-03,2016-08-10,-1,0.0025,5,2,4.7876961,9.2305115,1,0.5,1,2335.2234,2529896,-12382.06,1167.6117,-13549.672
2016-08-11_912810RT7_pre,2016-08-11_912810RT7,pre,DGS30,30,2016-08-04,2016-08-11,-1,0.0025,5,2,4.4890325,21.729828,1,0.5,1,2490.5901,1146161.9,6840.8833,1245.2951,5595.5883
2016-08-09_9128282B5_post,2016-08-09_9128282B5,post,DGS3,3,2016-08-09,2016-08-16,1,0.0025,5,1,4.2653511,2.9563893,1,0.5,1,1310.6002,4433110.9,-3441.7995,655.30009,-4097.0996
2016-08-10_9128282A7_post,2016-08-10_9128282A7,post,DGS10,10,2016-08-10,2016-08-17,1,0.0025,5,2,4.8950569,9.2540098,1,0.5,1,2284.0061,2468125.9,-13025.458,1142.0031,-14167.461
2016-08-11_912810RT7_post,2016-08-11_912810RT7,post,DGS30,30,2016-08-11,2016-08-18,1,0.0025,5,2,4.562931,21.642507,1,0.5,1,2450.254,1132148.9,5415.8705,1225.127,4190.7435
2016-08-23_9128282C3_pre,2016-08-23_9128282C3,pre,DGS2,2,2016-08-16,2016-08-23,-1,0.0025,5,1,3.6642648,1.9811434,1,0.5,1,1525.5912,7700558.8,-3730.7949,762.79558,-4493.5905
2016-08-24_9128282F6_pre,2016-08-24_9128282F6,pre,DGS5,5,2016-08-17,2016-08-24,-1,0.0025,5,1,4.7726859,4.845445,1,0.5,1,1171.2838,2417288.5,-2743.9639,585.64192,-3329.6058
2016-08-25_9128282D1_pre,2016-08-25_9128282D1,pre,DGS7,7,2016-08-18,2016-08-25,-1,0.0025,5,1,4.964962,6.6506994,1,0.5,1,1125.924,1692940.8,5255.366,562.96201,4692.404
2016-08-23_9128282C3_post,2016-08-23_9128282C3,post,DGS2,2,2016-08-23,2016-08-30,1,0.0025,5,1,3.7257313,1.981636,1,0.5,1,1500.4222,7571633.7,-8301.521,750.21111,-9051.7321
2016-08-24_9128282F6_post,2016-08-24_9128282F6,post,DGS5,5,2016-08-24,2016-08-31,1,0.0025,5,1,4.7485948,4.848073,1,0.5,1,1177.2261,2428235.2,-6645.8872,588.61307,-7234.5003
2016-08-25_9128282D1_post,2016-08-25_9128282D1,post,DGS7,7,2016-08-25,2016-09-01,1,0.0025,5,1,4.9825685,6.6385153,1,0.5,1,1121.9454,1690054.8,-746.36796,560.97272,-1307.3407
2016-09-12_9128282A7_pre,2016-09-12_9128282A7,pre,DGS10,10,2016-09-02,2016-09-12,-1,0.0025,5,2,4.7741062,9.2070974,1,0.5,1,2341.8708,2543549.5,17745.224,1170.9354,16574.288
2016-09-12_9128282G4_pre,2016-09-12_9128282G4,pre,DGS3,3,2016-09-02,2016-09-12,-1,0.0025,5,1,4.1209126,2.9522864,1,0.5,1,1356.5369,4594868.8,-710.93958,678.26844,-1389.208
2016-09-13_912810RT7_pre,2016-09-13_912810RT7,pre,DGS30,30,2016-09-06,2016-09-13,-1,0.0025,5,2,4.6163551,21.759048,1,0.5,1,2421.8977,1113053.2,54140.055,1210.9489,52929.106
2016-09-12_9128282A7_post,2016-09-12_9128282A7,post,DGS10,10,2016-09-12,2016-09-19,1,0.0025,5,0.35450278,4.9303339,9.1698092,1,0.5,1,401.94656,438336.89,-683.738,200.97328,-884.71128
2016-09-12_9128282G4_post,2016-09-12_9128282G4,post,DGS3,3,2016-09-12,2016-09-19,1,0.0025,5,1,4.157085,2.9522864,1,0.5,1,1344.7331,4554887.1,525.50715,672.36656,-146.85941
2016-09-13_912810RT7_post,2016-09-13_912810RT7,post,DGS30,30,2016-09-13,2016-09-20,1,0.0025,5,0.35450278,4.8345216,21.101008,1,0.5,1,409.91249,194262.04,1735.8334,204.95624,1530.8772
2016-09-26_912828T42_pre,2016-09-26_912828T42,pre,DGS2,2,2016-09-19,2016-09-26,-1,0.0025,5,1,3.5317767,1.980405,0.5,0.5,1,791.41046,3996205.2,-2798.6745,395.70523,-3194.3798
2016-09-27_912828T34_pre,2016-09-27_912828T34,pre,DGS5,5,2016-09-20,2016-09-27,-1,0.0025,5,1,4.6411023,4.8388841,0.5,0.5,1,602.24593,1244596.7,-5047.8393,301.12297,-5348.9622
2016-09-28_912828T26_pre,2016-09-28_912828T26,pre,DGS7,7,2016-09-21,2016-09-28,-1,0.0025,5,1,4.2491275,6.6263631,1,0.5,1,1315.6042,1985409.1,-9687.1413,657.80209,-10344.943
2016-09-26_912828T42_post,2016-09-26_912828T42,post,DGS2,2,2016-09-26,2016-10-03,1,0.0025,5,1,2.9837129,1.9811434,1,0.5,1,1873.5616,9456971.2,-6579.9718,936.78082,-7516.7526
2016-09-27_912828T34_post,2016-09-27_912828T34,post,DGS5,5,2016-09-27,2016-10-04,1,0.0025,5,1,3.9565436,4.8493878,1,0.5,1,1412.8923,2913547.7,-13610.322,706.44614,-14316.768
2016-09-28_912828T26_post,2016-09-28_912828T26,post,DGS7,7,2016-09-28,2016-10-05,1,0.0025,5,1,4.0954708,6.6433851,1,0.5,1,1364.9639,2054621.1,-17227.144,682.48196,-17909.625
2016-10-12_9128282A7_pre,2016-10-12_9128282A7,pre,DGS10,10,2016-10-04,2016-10-12,-1,0.0025,5,0.35450278,3.8855084,9.1651632,1,0.5,1,510.03127,556489.02,4908.6043,255.01564,4653.5887
2016-10-12_912828T59_pre,2016-10-12_912828T59,pre,DGS3,3,2016-10-04,2016-10-12,-1,0.0025,5,1,3.5014121,2.9507501,1,0.5,1,1596.5473,5410648.9,5568.9781,798.27363,4770.7044
2016-10-13_912810RT7_pre,2016-10-13_912810RT7,pre,DGS30,30,2016-10-05,2016-10-13,-1,0.0025,5,0.35450278,4.0895347,21.185202,1,0.5,1,484.58588,228737.91,1816.6228,242.29294,1574.3299
2016-10-12_9128282A7_post,2016-10-12_9128282A7,post,DGS10,10,2016-10-12,2016-10-19,1,0.0025,5,0.35450278,3.5323765,9.1188862,1,0.5,1,561.01912,615227.68,1861.8901,280.50956,1581.3805
2016-10-12_912828T59_post,2016-10-12_912828T59,post,DGS3,3,2016-10-12,2016-10-19,1,0.0025,5,1,3.419122,2.9487035,1,0.5,1,1634.9723,5544716,5604.0489,817.48617,4786.5627
2016-10-13_912810RT7_post,2016-10-13_912810RT7,post,DGS30,30,2016-10-13,2016-10-20,1,0.0025,5,0.35450278,3.7226972,21.073051,1,0.5,1,532.33735,252615.23,-936.38236,266.16867,-1202.551
2016-10-25_912828T83_pre,2016-10-25_912828T83,pre,DGS2,2,2016-10-18,2016-10-25,-1,0.0025,5,1,2.9023174,1.9796669,1,0.5,1,1926.1056,9729443.1,6763.3014,963.05282,5800.2486
2016-10-26_912828T67_pre,2016-10-26_912828T67,pre,DGS5,5,2016-10-19,2016-10-26,-1,0.0025,5,1,3.6661145,4.8336447,1,0.5,1,1524.8214,3154599.8,8573.7387,762.41071,7811.3279
2016-10-27_912828T91_pre,2016-10-27_912828T91,pre,DGS7,7,2016-10-20,2016-10-27,-1,0.0025,5,1,3.7556361,6.6094037,1,0.5,1,1488.4749,2252056.2,12830.143,744.23744,12085.906
2016-10-25_912828T83_post,2016-10-25_912828T83,post,DGS2,2,2016-10-25,2016-11-01,1,0.0025,5,1,2.8865556,1.9786835,1,0.5,1,1936.623,9787431.7,6836.0204,968.31149,5867.709
2016-10-26_912828T67_post,2016-10-26_912828T67,post,DGS5,5,2016-10-26,2016-11-02,1,0.0025,5,1,3.519277,4.8258011,0.5,0.5,1,794.22136,1645781.4,3495.0019,397.11068,3097.8913
2016-10-27_912828T91_post,2016-10-27_912828T91,post,DGS7,7,2016-10-27,2016-11-03,1,0.0025,5,1,3.609623,6.5876899,0.5,0.5,1,774.34262,1175438.8,4943.9529,387.17131,4556.7816
2016-11-08_912828U32_pre,2016-11-08_912828U32,pre,DGS3,3,2016-11-01,2016-11-08,-1,0.0025,5,1,3.2791069,2.9487035,0.5,0.5,1,852.39214,2890735.3,3915.8601,426.19607,3489.664
2016-11-09_912828U24_pre,2016-11-09_912828U24,pre,DGS10,10,2016-11-02,2016-11-09,-1,0.0025,5,2,3.2997175,9.1096705,1,0.5,1,3388.2718,3719423,86126.927,1694.1359,84432.791
2016-11-10_912810RU4_pre,2016-11-10_912810RU4,pre,DGS30,30,2016-11-03,2016-11-10,-1,0.0025,5,2,3.656277,20.741693,1,0.5,1,3057.8481,1474252,99693.772,1528.9241,98164.848
2016-11-08_912828U32_post,2016-11-08_912828U32,post,DGS3,3,2016-11-08,2016-11-16,1,0.0025,5,1,2.8670641,2.9461484,1,0.5,1,1949.789,6618095,-45561.629,974.89449,-46536.523
2016-11-09_912828U24_post,2016-11-09_912828U24,post,DGS10,10,2016-11-09,2016-11-17,1,0.0025,5,2,3.0758307,8.9910592,1,0.5,1,3634.9009,4042795,-77837.999,1817.4505,-79655.449
2016-11-10_912810RU4_post,2016-11-10_912810RU4,post,DGS30,30,2016-11-10,2016-11-18,1,0.0025,5,2,4.7389181,19.842849,1,0.5,1,2359.26,1188972.4,-15592.772,1179.63,-16772.402
2016-11-21_912828U40_pre,2016-11-21_912828U40,pre,DGS2,2,2016-11-14,2016-11-21,-1,0.0025,5,1,2.4207203,1.9752478,1,0.5,1,2309.3002,11691192,17137.919,1154.6501,15983.269
2016-11-22_912828U65_pre,2016-11-22_912828U65,pre,DGS5,5,2016-11-15,2016-11-22,-1,0.0025,5,1,3.8126684,4.7765546,1,0.5,1,1466.2093,3069596,12394.819,733.10465,11661.714
2016-11-23_912828U57_pre,2016-11-23_912828U57,pre,DGS7,7,2016-11-16,2016-11-23,-1,0.0025,5,1,4.1875184,6.494771,1,0.5,1,1334.9601,2055438.3,17962.762,667.48004,17295.282
2016-11-21_912828U40_post,2016-11-21_912828U40,post,DGS2,2,2016-11-21,2016-11-29,1,0.0025,5,1,2.560621,1.9732889,1,0.5,1,2183.1306,11063411,-673.54292,1091.5653,-1765.1082
2016-11-22_912828U65_post,2016-11-22_912828U65,post,DGS5,5,2016-11-22,2016-11-30,1,0.0025,5,1,3.829856,4.7649987,1,0.5,1,1459.6293,3063231.3,-7850.3677,729.81465,-8580.1824
2016-11-23_912828U57_post,2016-11-23_912828U57,post,DGS7,7,2016-11-23,2016-12-01,1,0.0025,5,1,4.2098553,6.4618747,1,0.5,1,1327.877,2054940.8,-9830.3142,663.9385,-10494.253
2016-12-12_912828U24_pre,2016-12-12_912828U24,pre,DGS10,10,2016-12-05,2016-12-12,-1,0.0025,5,2,4.2517859,8.8480652,1,0.5,1,2629.5632,2971907.6,25067.82,1314.7816,23753.038
2016-12-12_912828U73_pre,2016-12-12_912828U73,pre,DGS3,3,2016-12-05,2016-12-12,-1,0.0025,5,1,3.0459754,2.9268392,1,0.5,1,1835.2643,6270465,2579.3096,917.63216,1661.6774
2016-12-13_912810RU4_pre,2016-12-13_912810RU4,pre,DGS30,30,2016-12-06,2016-12-13,-1,0.0025,5,2,4.9573321,19.489175,1,0.5,1,2255.3139,1157213.6,12704.618,1127.6569,11576.961
2016-12-12_912828U24_post,2016-12-12_912828U24,post,DGS10,10,2016-12-12,2016-12-19,1,0.0025,5,0.35450278,4.3075286,8.8040431,0.5,0.5,1,230.03106,261278.89,-1041.1888,115.01553,-1156.2043
2016-12-12_912828U73_post,2016-12-12_912828U73,post,DGS3,3,2016-12-12,2016-12-19,1,0.0025,5,1,3.0185865,2.9258283,0.5,0.5,1,925.95822,3164772.9,-9534.6819,462.97911,-9997.6611
2016-12-13_912810RU4_post,2016-12-13_912810RU4,post,DGS30,30,2016-12-13,2016-12-20,1,0.0025,5,0.35450278,4.9258915,19.34042,0.5,0.5,1,201.15453,104007.32,-139.76732,100.57726,-240.34458
2016-12-27_912828U99_pre,2016-12-27_912828U99,pre,DGS2,2,2016-12-19,2016-12-27,-1,0.0025,5,1,2.6134701,1.9693803,1,0.5,1,2138.9837,10861202,6792.9562,1069.4918,5723.4643
2016-12-28_912828U81_pre,2016-12-28_912828U81,pre,DGS5,5,2016-12-20,2016-12-28,-1,0.0025,5,1,4.0676136,4.7280402,1,0.5,1,1374.3119,2906726.4,-6482.9419,687.15597,-7170.0979
2016-12-29_912828V23_pre,2016-12-29_912828V23,pre,DGS7,7,2016-12-21,2016-12-29,-1,0.0025,5,1,4.3859045,6.4199308,1,0.5,1,1274.5763,1985342.8,-7181.9369,637.28815,-7819.225
2016-12-27_912828U99_post,2016-12-27_912828U99,post,DGS2,2,2016-12-27,2017-01-04,1,0.0025,5,1,2.712755,1.9684051,1,0.5,1,2060.6984,10468874,9898.1385,1030.3492,8867.7892
2016-12-28_912828U81_post,2016-12-28_912828U81,post,DGS5,5,2016-12-28,2017-01-05,1,0.0025,5,1,4.0057868,4.7331129,1,0.5,1,1395.5236,2948426.6,23314.577,697.7618,22616.816
2016-12-29_912828V23_post,2016-12-29_912828V23,post,DGS7,7,2016-12-29,2017-01-06,1,0.0025,5,1,4.4088701,6.4315424,1,0.5,1,1267.9371,1971435.5,9661.1688,633.96855,9027.2003
2017-01-10_912828V31_pre,2017-01-10_912828V31,pre,DGS3,3,2017-01-03,2017-01-10,-1,0.0025,5,1,3.3641513,2.9227988,1,0.5,1,1661.688,5685263.1,-6038.5191,830.84401,-6869.3631
2017-01-11_912828U24_pre,2017-01-11_912828U24,pre,DGS10,10,2017-01-04,2017-01-11,-1,0.0025,5,0.35450278,4.4412041,8.8172169,1,0.5,1,446.21475,506072.1,-3771.0808,223.10737,-3994.1881
2017-01-12_912810RU4_pre,2017-01-12_912810RU4,pre,DGS30,30,2017-01-05,2017-01-12,-1,0.0025,5,0.35450278,4.883357,19.791752,1,0.5,1,405.81321,205041.58,1913.153,202.90661,1710.2464
2017-01-10_912828V31_post,2017-01-10_912828V31,post,DGS3,3,2017-01-10,2017-01-18,1,0.0025,5,1,3.5837045,2.924313,1,0.5,1,1559.8859,5334196,-5137.7828,779.94293,-5917.7257
2017-01-11_912828U24_post,2017-01-11_912828U24,post,DGS10,10,2017-01-11,2017-01-19,1,0.0025,5,0.35450278,4.6632049,8.8524846,1,0.5,1,424.97184,480059.39,-3603.9631,212.48592,-3816.449
2017-01-12_912810RU4_post,2017-01-12_912810RU4,post,DGS30,30,2017-01-12,2017-01-20,1,0.0025,5,0.35450278,5.0549523,19.664849,1,0.5,1,392.03748,199359.52,-1430.507,196.01874,-1626.5258
2017-01-24_912828V56_pre,2017-01-24_912828V56,pre,DGS2,2,2017-01-17,2017-01-24,-1,0.0025,5,1,2.978264,1.9710888,1,0.5,1,1876.9894,9522602.1,6242.4997,938.4947,5304.0051
2017-01-25_912828V72_pre,2017-01-25_912828V72,pre,DGS5,5,2017-01-18,2017-01-25,-1,0.0025,5,1,4.4340745,4.7445557,1,0.5,1,1260.7298,2657213.6,6813.914,630.36491,6183.5491
2017-01-26_912828V80_pre,2017-01-26_912828V80,pre,DGS7,7,2017-01-19,2017-01-26,-1,0.0025,5,1,4.8263636,6.4361956,1,0.5,1,1158.2571,1799599,1674.0665,579.12856,1094.9379
2017-01-24_912828V56_post,2017-01-24_912828V56,post,DGS2,2,2017-01-24,2017-01-31,1,0.0025,5,1,3.238888,1.9701122,1,0.5,1,1725.9535,8760686.2,4643.5483,862.97673,3780.5716
2017-01-25_912828V72_post,2017-01-25_912828V72,post,DGS5,5,2017-01-25,2017-02-01,1,0.0025,5,1,4.7346242,4.7369227,0.5,0.5,1,590.34991,1246273,3887.3784,295.17495,3592.2034
2017-01-26_912828V80_post,2017-01-26_912828V80,post,DGS7,7,2017-01-26,2017-02-02,1,0.0025,5,1,5.1068803,6.4315424,0.5,0.5,1,547.31751,850989.5,1931.4572,273.65875,1657.7985
2017-02-07_912828W22_pre,2017-02-07_912828W22,pre,DGS3,3,2017-01-31,2017-02-07,-1,0.0025,5,1,4.0076199,2.924818,0.5,0.5,1,697.44264,2384567.7,-2526.2191,348.72132,-2874.9405
2017-02-08_912828V98_pre,2017-02-08_912828V98,pre,DGS10,10,2017-02-01,2017-02-08,-1,0.0025,5,2,5.0151184,8.8084313,1,0.5,1,2229.3272,2530901.5,-32296.326,1114.6636,-33410.989
2017-02-09_912810RV2_pre,2017-02-09_912810RV2,pre,DGS30,30,2017-02-02,2017-02-09,-1,0.0025,5,2,5.1960437,19.464266,1,0.5,1,2151.7024,1105462.9,-15831.698,1075.8512,-16907.549
2017-02-07_912828W22_post,2017-02-07_912828W22,post,DGS3,3,2017-02-07,2017-02-14,1,0.0025,5,1,4.0708416,2.9263337,1,0.5,1,1373.2222,4692636.9,-12872.652,686.61108,-13559.263
2017-02-08_912828V98_post,2017-02-08_912828V98,post,DGS10,10,2017-02-08,2017-02-15,1,0.0025,5,2,5.0605375,8.8701938,1,0.5,1,2209.3187,2490722,-36459.174,1104.6593,-37563.833
2017-02-09_912810RV2_post,2017-02-09_912810RV2,post,DGS30,30,2017-02-09,2017-02-16,1,0.0025,5,2,4.2003497,19.639611,1,0.5,1,2661.764,1355303.8,-7255.4196,1330.882,-8586.3017
2017-02-21_912828W30_pre,2017-02-21_912828W30,pre,DGS2,2,2017-02-13,2017-02-21,-1,0.0025,5,1,3.2083929,1.9703563,1,0.5,1,1742.3583,8842859,2119.3365,871.17913,1248.1574
2017-02-22_912828W55_pre,2017-02-22_912828W55,pre,DGS5,5,2017-02-14,2017-02-22,-1,0.0025,5,1,4.3460483,4.7381936,1,0.5,1,1286.265,2714673.9,-8570.1097,643.13252,-9213.2422
2017-02-23_912828W48_pre,2017-02-23_912828W48,pre,DGS7,7,2017-02-15,2017-02-23,-1,0.0025,5,1,4.4886549,6.4245718,1,0.5,1,1245.3998,1938494.7,-16967.066,622.69991,-17589.766
2017-02-21_912828W30_post,2017-02-21_912828W30,post,DGS2,2,2017-02-21,2017-02-28,1,0.0025,5,1,3.2733731,1.9698682,1,0.5,1,1707.7705,8669465.7,1134.1574,853.88523,280.2722
2017-02-22_912828W55_post,2017-02-22_912828W55,post,DGS5,5,2017-02-22,2017-03-01,1,0.0025,5,1,4.379717,4.7458296,1,0.5,1,1276.377,2689470.7,-8188.0799,638.18849,-8826.2684
2017-02-23_912828W48_post,2017-02-23_912828W48,post,DGS7,7,2017-02-23,2017-03-02,1,0.0025,5,1,4.4861368,6.4548567,1,0.5,1,1246.0988,1930482.6,-14257.174,623.04942,-14880.223
2017-03-07_912828W63_pre,2017-03-07_912828W63,pre,DGS3,3,2017-02-28,2017-03-07,-1,0.0025,5,1,4.1038428,2.9233034,1,0.5,1,1362.1794,4659726.3,16850.794,681.08968,16169.704
2017-03-08_912828V98_pre,2017-03-08_912828V98,pre,DGS10,10,2017-03-01,2017-03-08,-1,0.0025,5,2,4.3937231,8.8172169,1,0.5,1,2544.6164,2885963.3,26894.961,1272.3082,25622.653
2017-03-09_912810RV2_pre,2017-03-09_912810RV2,pre,DGS30,30,2017-03-02,2017-03-09,-1,0.0025,5,0.35450278,4.028991,19.464266,1,0.5,1,491.86776,252702.96,4760.5487,245.93388,4514.6149
2017-03-07_912828W63_post,2017-03-07_912828W63,post,DGS3,3,2017-03-07,2017-03-14,1,0.0025,5,1,4.1353854,2.9167541,1,0.5,1,1351.7893,4634567.4,-7276.4172,675.89467,-7952.3119
2017-03-08_912828V98_post,2017-03-08_912828V98,post,DGS10,10,2017-03-08,2017-03-15,1,0.0025,5,0.35450278,4.3891237,8.7690498,0.5,0.5,1,225.75472,257444.9,1453.5882,112.87736,1340.7109
2017-03-09_912810RV2_post,2017-03-09_912810RV2,post,DGS30,30,2017-03-09,2017-03-16,1,0.0025,5,0.35450278,3.8324735,19.217727,0.5,0.5,1,258.54461,134534.44,1371.8721,129.27231,1242.5998
2017-03-27_912828W97_pre,2017-03-27_912828W97,pre,DGS2,2,2017-03-20,2017-03-27,-1,0.0025,5,1,3.4583478,1.9679177,1,0.5,1,1616.4279,8213899.8,-5641.7498,808.21396,-6449.9638
2017-03-28_912828W89_pre,2017-03-28_912828W89,pre,DGS5,5,2017-03-21,2017-03-28,-1,0.0025,5,1,4.4291025,4.7407369,1,0.5,1,1262.1451,2662339.4,662.18677,631.07254,31.114229
2017-03-29_912828W71_pre,2017-03-29_912828W71,pre,DGS7,7,2017-03-22,2017-03-29,-1,0.0025,5,1,4.5528597,6.4501841,1,0.5,1,1227.8371,1903569,-1763.8125,613.91854,-2377.7311
2017-03-27_912828W97_post,2017-03-27_912828W97,post,DGS2,2,2017-03-27,2017-04-03,1,0.0025,5,1,3.3747149,1.9686488,1,0.5,1,1656.4866,8414332.7,5775.4223,828.24329,4947.179
2017-03-28_912828W89_post,2017-03-28_912828W89,post,DGS5,5,2017-03-28,2017-04-04,1,0.0025,5,1,4.3950087,4.739465,1,0.5,1,1271.936,2683712.2,12056.218,635.96801,11420.25
2017-03-29_912828W71_post,2017-03-29_912828W71,post,DGS7,7,2017-03-29,2017-04-05,1,0.0025,5,1,4.5558369,6.4525198,1,0.5,1,1227.0347,1901636.5,9127.4974,613.51735,8513.9801
2017-04-10_912828X21_pre,2017-04-10_912828X21,pre,DGS3,3,2017-04-03,2017-04-10,-1,0.0025,5,1,4.0755576,2.924313,1,0.5,1,1371.6332,4690445.9,6226.3375,685.81658,5540.5209
2017-04-11_912828V98_pre,2017-04-11_912828V98,pre,DGS10,10,2017-04-04,2017-04-11,-1,0.0025,5,0.35450278,4.2063981,8.8613329,1,0.5,1,471.12296,531661.51,-2049.3555,235.56148,-2284.917
2017-04-12_912810RV2_pre,2017-04-12_912810RV2,pre,DGS30,30,2017-04-05,2017-04-12,-1,0.0025,5,0.35450278,3.7074897,19.740848,1,0.5,1,534.5209,270768.97,-3345.2867,267.26045,-3612.5472
2017-04-10_912828X21_post,2017-04-10_912828X21,post,DGS3,3,2017-04-10,2017-04-18,1,0.0025,5,1,3.9927547,2.92179,1,0.5,1,1400.0785,4791851.7,24486.816,700.03923,23786.777
2017-04-11_912828V98_post,2017-04-11_912828V98,post,DGS10,10,2017-04-11,2017-04-19,1,0.0025,5,0.35450278,4.1599041,8.8790673,1,0.5,1,476.38857,536529.97,5435.6769,238.19428,5197.4826
2017-04-12_912810RV2_post,2017-04-12_912810RV2,post,DGS30,30,2017-04-12,2017-04-20,1,0.0025,5,0.35450278,3.708442,19.894138,1,0.5,1,534.38364,268613.62,1761.0597,267.19182,1493.8679
2017-04-25_912828ST8_pre,2017-04-25_912828ST8,pre,DGS7,7,2017-04-18,2017-04-25,-1,0.0025,5,1,4.3171907,6.506578,1,0.5,1,1294.8629,1990082.7,21439.08,647.43143,20791.649
2017-04-26_912828X47_pre,2017-04-26_912828X47,pre,DGS5,5,2017-04-19,2017-04-26,-1,0.0025,5,1,4.2831954,4.7688461,1,0.5,1,1305.1401,2736804.8,12488.761,652.57004,11836.191
2017-04-27_912828X70_pre,2017-04-27_912828X70,pre,DGS7,7,2017-04-20,2017-04-27,-1,0.0025,5,1.4082483,4.3534193,6.4877015,1,0.5,1,1808.3136,2787294.6,6515.4777,904.15679,5611.3209
2017-04-25_912828ST8_post,2017-04-25_912828ST8,post,DGS7,7,2017-04-25,2017-05-02,1,0.0025,5,0,4.1977597,6.4665595,1,0.5,1,0,0,0,0,0
2017-04-26_912828X47_post,2017-04-26_912828X47,post,DGS5,5,2017-04-26,2017-05-03,1,0.0025,5,1,4.202871,4.756039,0.5,0.5,1,665.04182,1398310.3,-1052.1113,332.52091,-1384.6322
2017-04-27_912828X70_post,2017-04-27_912828X70,post,DGS7,7,2017-04-27,2017-05-04,1,0.0025,5,1.4082483,4.2858327,6.4782928,0.5,0.5,1,918.41515,1417680.8,-6055.3883,459.20757,-6514.5959
2017-05-09_912828X96_pre,2017-05-09_912828X96,pre,DGS3,3,2017-05-02,2017-05-09,-1,0.0025,5,1,3.8664134,2.9253231,0.5,0.5,1,722.91415,2471228.4,8350.8916,361.45708,7989.4345
2017-05-10_912828X88_pre,2017-05-10_912828X88,pre,DGS10,10,2017-05-03,2017-05-10,-1,0.0025,5,2,3.9943463,8.874629,1,0.5,1,2799.0412,3153981.1,21423.181,1399.5206,20023.66
2017-05-11_912810RX8_pre,2017-05-11_912810RX8,pre,DGS30,30,2017-05-04,2017-05-11,-1,0.0025,5,2,3.4907464,19.690134,1,0.5,1,3202.8508,1626627.2,8901.0342,1601.4254,7299.6089
2017-05-09_912828X96_post,2017-05-09_912828X96,post,DGS3,3,2017-05-09,2017-05-16,1,0.0025,5,1,3.7646512,2.9192704,1,0.5,1,1484.9104,5086580.7,13990.645,742.45522,13248.19
2017-05-10_912828X88_post,2017-05-10_912828X88,post,DGS10,10,2017-05-10,2017-05-17,1,0.0025,5,2,3.8289339,8.8392357,1,0.5,1,2919.9616,3303409.6,56778.469,1459.9808,55318.488
2017-05-11_912810RX8_post,2017-05-11_912810RX8,post,DGS30,30,2017-05-11,2017-05-18,1,0.0025,5,2,3.3395422,19.614421,1,0.5,1,3347.866,1706839.1,44776.039,1673.933,43102.106
2017-05-23_912828XS4_pre,2017-05-23_912828XS4,pre,DGS2,2,2017-05-16,2017-05-23,-1,0.0025,5,1,3.0299354,1.9681614,1,0.5,1,1844.9799,9374129.3,3006.9573,922.48996,2084.4673
2017-05-24_912828XR6_pre,2017-05-24_912828XR6,pre,DGS5,5,2017-05-17,2017-05-24,-1,0.0025,5,1,4.002965,4.7662806,1,0.5,1,1396.5073,2929972.9,3680.5342,698.25366,2982.2805
2017-05-25_912828XT2_pre,2017-05-25_912828XT2,pre,DGS7,7,2017-05-18,2017-05-25,-1,0.0025,5,1.4082483,4.2499252,6.4924133,1,0.5,1,1852.3496,2853098.7,3066.9646,926.1748,2140.7898
2017-05-23_912828XS4_post,2017-05-23_912828XS4,post,DGS2,2,2017-05-23,2017-05-31,1,0.0025,5,1,2.9116462,1.9676742,1,0.5,1,1919.9345,9757380.2,6539.8176,959.96724,5579.8504
2017-05-24_912828XR6_post,2017-05-24_912828XR6,post,DGS5,5,2017-05-24,2017-06-01,1,0.0025,5,1,3.9975628,4.7624363,1,0.5,1,1398.3945,2936300.8,4735.8236,699.19726,4036.6263
2017-05-25_912828XT2_post,2017-05-25_912828XT2,post,DGS7,7,2017-05-25,2017-06-02,1,0.0025,5,1.4082483,4.0913302,6.4877015,1,0.5,1,1924.1535,2965847.7,19997.509,962.07674,19035.432
2017-06-12_912828X88_pre,2017-06-12_912828X88,pre,DGS10,10,2017-06-05,2017-06-12,-1,0.0025,5,2,3.604611,8.9415369,1,0.5,1,3101.6773,3468841.3,8469.8419,1550.8386,6919.0033
2017-06-12_912828XU9_pre,2017-06-12_912828XU9,pre,DGS3,3,2017-06-05,2017-06-12,-1,0.0025,5,1,3.2940196,2.9253231,1,0.5,1,1697.0664,5801295.6,7928.7579,848.5332,7080.2247
2017-06-13_912810RX8_pre,2017-06-13_912810RX8,pre,DGS30,30,2017-06-06,2017-06-13,-1,0.0025,5,2,3.211693,20.179712,1,0.5,1,3481.136,1725067.2,20166.331,1740.568,18425.763
2017-06-12_912828X88_post,2017-06-12_912828X88,post,DGS10,10,2017-06-12,2017-06-19,1,0.0025,5,0.35450278,3.4763121,8.928098,0.5,0.5,1,285.03349,319254.44,645.19958,142.51675,502.68283
2017-06-12_912828XU9_post,2017-06-12_912828XU9,post,DGS3,3,2017-06-12,2017-06-19,1,0.0025,5,1,3.1666964,2.9227988,0.5,0.5,1,882.65012,3019879.8,-1473.5686,441.32506,-1914.8937
2017-06-13_912810RX8_post,2017-06-13_912810RX8,post,DGS30,30,2017-06-13,2017-06-20,1,0.0025,5,0.35450278,3.0723847,20.023209,0.5,0.5,1,322.50693,161066.55,4302.0241,161.25347,4140.7707
2017-06-26_912828XV7_pre,2017-06-26_912828XV7,pre,DGS2,2,2017-06-19,2017-06-26,-1,0.0025,5,1,2.3884728,1.966457,1,0.5,1,2340.4788,11902009,-874.17677,1170.2394,-2044.4162
2017-06-27_912828XW5_pre,2017-06-27_912828XW5,pre,DGS5,5,2017-06-20,2017-06-27,-1,0.0025,5,1,3.5730868,4.7649987,1,0.5,1,1564.5212,3283361.2,8862.4589,782.26059,8080.1983
2017-06-28_912828XX3_pre,2017-06-28_912828XX3,pre,DGS7,7,2017-06-21,2017-06-28,-1,0.0025,5,1.4082483,3.7102317,6.5018515,1,0.5,1,2121.794,3263368.9,9938.2365,1060.897,8877.3395
2017-06-26_912828XV7_post,2017-06-26_912828XV7,post,DGS2,2,2017-06-26,2017-07-03,1,0.0025,5,1,2.3611737,1.966457,1,0.5,1,2367.5386,12039616,-10952.109,1183.7693,-12135.879
2017-06-27_912828XW5_post,2017-06-27_912828XW5,post,DGS5,5,2017-06-27,2017-07-05,1,0.0025,5,1,3.4957197,4.7573175,1,0.5,1,1599.1471,3361447,-13721.237,799.57353,-14520.811
2017-06-28_912828XX3_post,2017-06-28_912828XX3,post,DGS7,7,2017-06-28,2017-07-06,1,0.0025,5,1.4082483,3.6836791,6.4900568,1,0.5,1,2137.0882,3292865.3,-33242.583,1068.5441,-34311.127
2017-07-11_9128282J8_pre,2017-07-11_9128282J8,pre,DGS3,3,2017-07-03,2017-07-11,-1,0.0025,5,1,3.0112313,2.9177603,1,0.5,1,1856.4399,6362551.1,-6342.8983,928.21994,-7271.1182
2017-07-12_912828X88_pre,2017-07-12_912828X88,pre,DGS10,10,2017-07-05,2017-07-12,-1,0.0025,5,0.35450278,3.6149017,8.874629,1,0.5,1,548.21153,617728.95,-162.71837,274.10576,-436.82413
2017-07-13_912810RX8_pre,2017-07-13_912810RX8,pre,DGS30,30,2017-07-06,2017-07-13,-1,0.0025,5,0.35450278,3.2344805,19.94562,1,0.5,1,612.68903,307179.73,1102.5458,306.34452,796.2013
2017-07-11_9128282J8_post,2017-07-11_9128282J8,post,DGS3,3,2017-07-11,2017-07-18,1,0.0025,5,1,2.7960323,2.9192704,1,0.5,1,1999.3224,6848705.6,10660.246,999.66119,9660.5851
2017-07-12_912828X88_post,2017-07-12_912828X88,post,DGS10,10,2017-07-12,2017-07-19,1,0.0025,5,0.35450278,3.4937798,8.874629,1,0.5,1,567.21685,639144.3,3567.5156,283.60842,3283.9071
2017-07-13_912810RX8_post,2017-07-13_912810RX8,post,DGS30,30,2017-07-13,2017-07-20,1,0.0025,5,0.35450278,3.2123965,19.894138,1,0.5,1,616.90104,310091.87,5703.0474,308.45052,5394.5969
2017-07-25_9128282K5_pre,2017-07-25_9128282K5,pre,DGS2,2,2017-07-18,2017-07-25,-1,0.0025,5,1,2.2894378,1.966457,1,0.5,1,2441.7217,12416858,9172.1434,1220.8608,7951.2826
2017-07-26_9128282P4_pre,2017-07-26_9128282P4,pre,DGS5,5,2017-07-19,2017-07-26,-1,0.0025,5,1,3.2484242,4.7573175,0.5,0.5,1,860.44334,1808673.4,-251.76073,430.22167,-681.9824
2017-07-27_9128282N9_pre,2017-07-27_9128282N9,pre,DGS7,7,2017-07-20,2017-07-27,-1,0.0025,5,1.4082483,3.3849117,6.4829947,0.5,0.5,1,1162.8586,1793705.9,4299.804,581.4293,3718.3747
2017-07-25_9128282K5_post,2017-07-25_9128282K5,post,DGS2,2,2017-07-25,2017-08-01,1,0.0025,5,1,2.1056824,1.9654841,0.5,0.5,1,1327.401,6753557.8,8302.1359,663.70052,7638.4353
2017-07-26_9128282P4_post,2017-07-26_9128282P4,post,DGS5,5,2017-07-26,2017-08-02,1,0.0025,5,1,3.2092293,4.7573175,1,0.5,1,1741.9042,3661526.1,2275.3313,870.9521,1404.3792
2017-07-27_9128282N9_post,2017-07-27_9128282N9,post,DGS7,7,2017-07-27,2017-08-03,1,0.0025,5,1.4082483,3.5216842,6.4735958,1,0.5,1,2235.3927,3453092.8,16353.956,1117.6964,15236.259
2017-08-08_9128282Q2_pre,2017-08-08_9128282Q2,pre,DGS3,3,2017-08-01,2017-08-08,-1,0.0025,5,1,2.4906605,2.9227988,1,0.5,1,2244.4528,7679121.7,6055.0841,1122.2264,4932.8577
2017-08-09_9128282R0_pre,2017-08-09_9128282R0,pre,DGS10,10,2017-08-02,2017-08-09,-1,0.0025,5,2,3.32003,8.9013064,1,0.5,1,3367.5419,3783199.6,-11024.75,1683.7709,-12708.521
2017-08-10_912810RY6_pre,2017-08-10_912810RY6,pre,DGS30,30,2017-08-03,2017-08-10,-1,0.0025,5,2,3.13045,20.179712,1,0.5,1,3571.48,1769837,-7840.1573,1785.74,-9625.8973
2017-08-08_9128282Q2_post,2017-08-08_9128282Q2,post,DGS3,3,2017-08-08,2017-08-15,1,0.0025,5,1,2.4867445,2.9212859,1,0.5,1,2247.9872,7695197.8,5182.428,1123.9936,4058.4344
2017-08-09_9128282R0_post,2017-08-09_9128282R0,post,DGS10,10,2017-08-09,2017-08-16,1,0.0025,5,2,3.246206,8.9146879,1,0.5,1,3444.1252,3863427.7,4383.9874,1722.0626,2661.9248
2017-08-10_912810RY6_post,2017-08-10_912810RY6,post,DGS30,30,2017-08-10,2017-08-17,1,0.0025,5,2,3.1585236,20.232275,1,0.5,1,3539.7361,1749549.2,4207.8869,1769.868,2438.0189
2017-08-28_9128282S8_pre,2017-08-28_9128282S8,pre,DGS5,5,2017-08-21,2017-08-28,-1,0.0025,5,1,3.0251302,4.7662806,1,0.5,1,1847.9106,3877049.4,-4270.4853,923.95528,-5194.4406
2017-08-28_9128282T6_pre,2017-08-28_9128282T6,pre,DGS2,2,2017-08-21,2017-08-28,-1,0.0025,5,1,1.9903723,1.9674306,1,0.5,1,2808.6052,14275498,1906.8741,1404.3026,502.57154
2017-08-29_9128282U3_pre,2017-08-29_9128282U3,pre,DGS7,7,2017-08-22,2017-08-29,-1,0.0025,5,1.4082483,3.3278486,6.4924133,1,0.5,1,2365.5966,3643632.2,-19658.78,1182.7983,-20841.579
2017-08-28_9128282S8_post,2017-08-28_9128282S8,post,DGS5,5,2017-08-28,2017-09-05,1,0.0025,5,1,3.0945094,4.7688461,1,0.5,1,1806.4802,3788086.5,16866.302,903.24008,15963.062
2017-08-28_9128282T6_post,2017-08-28_9128282T6,post,DGS2,2,2017-08-28,2017-09-05,1,0.0025,5,1,2.0007767,1.9671871,1,0.5,1,2793.9999,14203021,9373.2911,1397,7976.2912
2017-08-29_9128282U3_post,2017-08-29_9128282U3,post,DGS7,7,2017-08-29,2017-09-06,1,0.0025,5,1.4082483,3.3162415,6.5113095,1,0.5,1,2373.8764,3645774.1,7911.0049,1186.9382,6724.0667
2017-09-11_9128282V1_pre,2017-09-11_9128282V1,pre,DGS3,3,2017-09-01,2017-09-11,-1,0.0025,5,1,2.4180933,2.924818,1,0.5,1,2311.8091,7904112.6,-5488.642,1155.9045,-6644.5465
2017-09-12_9128282R0_pre,2017-09-12_9128282R0,pre,DGS10,10,2017-09-05,2017-09-12,-1,0.0025,5,2,3.1105343,8.9910592,1,0.5,1,3594.3471,3997690.3,34936.413,1797.1735,33139.24
2017-09-13_912810RY6_pre,2017-09-13_912810RY6,pre,DGS30,30,2017-09-06,2017-09-13,-1,0.0025,5,2,3.06479,20.417822,1,0.5,1,3647.9954,1786672.2,24582.373,1823.9977,22758.376
2017-09-11_9128282V1_post,2017-09-11_9128282V1,post,DGS3,3,2017-09-11,2017-09-18,1,0.0025,5,1,2.5433529,2.9258283,1,0.5,1,2197.9529,7512241.5,-21267.899,1098.9765,-22366.875
2017-09-12_9128282R0_post,2017-09-12_9128282R0,post,DGS10,10,2017-09-12,2017-09-19,1,0.0025,5,0.35450278,3.4688281,8.9460229,1,0.5,1,571.29691,638604.35,-3845.5415,285.64845,-4131.19
2017-09-13_912810RY6_post,2017-09-13_912810RY6,post,DGS30,30,2017-09-13,2017-09-20,1,0.0025,5,0.35450278,3.2206958,20.232275,0.5,0.5,1,307.65569,152061.83,-867.44234,153.82784,-1021.2702
2017-09-26_9128282X7_pre,2017-09-26_9128282X7,pre,DGS2,2,2017-09-19,2017-09-26,-1,0.0025,5,1,2.0227519,1.9654841,0.5,0.5,1,1381.8229,7030445.7,6335.4207,690.91145,5644.5092
2017-09-27_9128282W9_pre,2017-09-27_9128282W9,pre,DGS5,5,2017-09-20,2017-09-27,-1,0.0025,5,1,3.3903735,4.7496544,1,0.5,1,1648.836,3471486.3,2730.5995,824.418,1906.1815
2017-09-28_9128282Y5_pre,2017-09-28_9128282Y5,pre,DGS7,7,2017-09-21,2017-09-28,-1,0.0025,5,1.4082483,3.6014357,6.4759437,1,0.5,1,2185.8914,3375402.1,3666.8698,1092.9457,2573.9241
2017-09-26_9128282X7_post,2017-09-26_9128282X7,post,DGS2,2,2017-09-26,2017-10-03,1,0.0025,5,1,1.9804126,1.964269,1,0.5,1,2822.73,14370384,-4448.0625,1411.365,-5859.4275
2017-09-27_9128282W9_post,2017-09-27_9128282W9,post,DGS5,5,2017-09-27,2017-10-04,1,0.0025,5,1,3.3087796,4.747104,1,0.5,1,1689.496,3559003.5,-1085.652,844.748,-1930.4
2017-09-28_9128282Y5_post,2017-09-28_9128282Y5,post,DGS7,7,2017-09-28,2017-10-05,1,0.0025,5,1.4082483,3.4459097,6.4712491,1,0.5,1,2284.5483,3530305,-8371.5257,1142.2742,-9513.7999
2017-10-11_9128282R0_pre,2017-10-11_9128282R0,pre,DGS10,10,2017-10-03,2017-10-11,-1,0.0025,5,0.35450278,3.3913732,8.874629,1,0.5,1,584.34464,658444.02,980.90426,292.17232,688.73195
2017-10-11_9128282Z2_pre,2017-10-11_9128282Z2,pre,DGS3,3,2017-10-03,2017-10-11,-1,0.0025,5,1,2.580402,2.9167541,1,0.5,1,2166.395,7427417.1,7711.3476,1083.1975,6628.1501
2017-10-12_912810RY6_pre,2017-10-12_912810RY6,pre,DGS30,30,2017-10-04,2017-10-12,-1,0.0025,5,0.35450278,3.1660273,20.023209,1,0.5,1,625.9361,312605.28,-759.05498,312.96805,-1072.023
2017-10-11_9128282R0_post,2017-10-11_9128282R0,post,DGS10,10,2017-10-11,2017-10-18,1,0.0025,5,0.35450278,3.3596139,8.8657618,1,0.5,1,589.8686,665333.24,752.78783,294.9343,457.85353
2017-10-11_9128282Z2_post,2017-10-11_9128282Z2,post,DGS3,3,2017-10-11,2017-10-18,1,0.0025,5,1,2.5389619,2.9147435,1,0.5,1,2201.7541,7553852.2,-7939.7659,1100.8771,-9040.6429
2017-10-12_912810RY6_post,2017-10-12_912810RY6,post,DGS30,30,2017-10-12,2017-10-19,1,0.0025,5,0.35450278,3.1488048,20.04917,1,0.5,1,629.35967,313908.09,2020.1015,314.67984,1705.4216
2017-10-24_912828F62_pre,2017-10-24_912828F62,pre,DGS5,5,2017-10-17,2017-10-24,-1,0.0025,5,1,3.3501412,4.739465,1,0.5,1,1668.6371,3520728.8,12702.759,834.31855,11868.44
2017-10-25_9128283C2_pre,2017-10-25_9128283C2,pre,DGS5,5,2017-10-18,2017-10-25,-1,0.0025,5,1,3.3540599,4.7369227,1,0.5,1,1666.6876,3518502.8,11021.038,833.3438,10187.694
2017-10-26_9128283D0_pre,2017-10-26_9128283D0,pre,DGS7,7,2017-10-19,2017-10-26,-1,0.0025,5,1,3.4038861,6.4595342,1,0.5,1,1642.2905,2542428.7,19087.725,821.14527,18266.58
2017-10-24_912828F62_post,2017-10-24_912828F62,post,DGS5,5,2017-10-24,2017-10-31,1,0.0025,5,0,3.1734688,4.7293077,1,0.5,1,0,0,0,0,0
2017-10-25_9128283C2_post,2017-10-25_9128283C2,post,DGS5,5,2017-10-25,2017-11-01,1,0.0025,5,1.4082483,3.2046929,4.7280402,0.5,0.5,1,1228.253,2597805.7,6605.3708,614.1265,5991.2443
2017-10-26_9128283D0_post,2017-10-26_9128283D0,post,DGS7,7,2017-10-26,2017-11-02,1,0.0025,5,1,3.2630009,6.4315424,0.5,0.5,1,856.5995,1331872.6,8011.9846,428.29975,7583.6849
2017-11-07_9128283G3_pre,2017-11-07_9128283G3,pre,DGS3,3,2017-10-31,2017-11-07,-1,0.0025,5,1,2.4836186,2.9112299,0.5,0.5,1,1125.4083,3865748.5,1825.1491,562.70414,1262.445
2017-11-08_9128283F5_pre,2017-11-08_9128283F5,pre,DGS10,10,2017-11-01,2017-11-08,-1,0.0025,5,2,3.3723284,8.8569072,1,0.5,1,3315.3177,3743200.2,-17430.901,1657.6588,-19088.56
2017-11-09_912810RZ3_pre,2017-11-09_912810RZ3,pre,DGS30,30,2017-11-02,2017-11-09,-1,0.0025,5,2,3.1434175,20.127347,1,0.5,1,3556.7467,1767121.5,-7719.9889,1778.3734,-9498.3623
2017-11-07_9128283G3_post,2017-11-07_9128283G3,post,DGS3,3,2017-11-07,2017-11-14,1,0.0025,5,1,2.4508732,2.9102273,1,0.5,1,2280.889,7837494.6,-12804.523,1140.4445,-13944.968
2017-11-08_9128283F5_post,2017-11-08_9128283F5,post,DGS10,10,2017-11-08,2017-11-15,1,0.0025,5,2,3.2630009,8.8790673,1,0.5,1,3426.398,3858961.6,-2510.1149,1713.199,-4223.3139
2017-11-09_912810RZ3_post,2017-11-09_912810RZ3,post,DGS30,30,2017-11-09,2017-11-16,1,0.0025,5,2,3.1134844,20.179712,1,0.5,1,3590.9413,1779481,836.75311,1795.4707,-958.71755
2017-11-27_9128283H1_pre,2017-11-27_9128283H1,pre,DGS2,2,2017-11-17,2017-11-27,-1,0.0025,5,1,2.215699,1.9574871,1,0.5,1,2522.9826,12888885,823.03305,1261.4913,-438.45824
2017-11-27_912828M80_pre,2017-11-27_912828M80,pre,DGS7,7,2017-11-17,2017-11-27,-1,0.0025,5,1,3.1827128,6.4478497,1,0.5,1,1756.4167,2724034.8,-4241.4754,878.20834,-5119.6838
2017-11-28_9128283J7_pre,2017-11-28_9128283J7,pre,DGS7,7,2017-11-20,2017-11-28,-1,0.0025,5,1,3.1201912,6.4408536,1,0.5,1,1791.6113,2781636.5,-4176.6652,895.80567,-5072.4709
2017-11-27_9128283H1_post,2017-11-27_9128283H1,post,DGS2,2,2017-11-27,2017-12-04,1,0.0025,5,1,2.2646884,1.9572455,1,0.5,1,2468.4058,12611631,-13547.997,1234.2029,-14782.2
2017-11-27_912828M80_post,2017-11-27_912828M80,post,DGS7,7,2017-11-27,2017-12-04,1,0.0025,5,2,3.1699062,6.4525198,1,0.5,1,3527.0255,5466121.2,-27089.224,1763.5128,-28852.737
2017-11-28_9128283J7_post,2017-11-28_9128283J7,post,DGS7,7,2017-11-28,2017-12-05,1,0.0025,5,0.59175171,3.1847092,6.4455164,1,0.5,1,1038.711,1611524.9,-3832.4407,519.35552,-4351.7962
2017-12-11_9128283F5_pre,2017-12-11_9128283F5,pre,DGS10,10,2017-12-04,2017-12-11,-1,0.0025,5,2,3.0941443,8.8569072,1,0.5,1,3613.3867,4079738.7,6346.7352,1806.6934,4540.0419
2017-12-11_9128283L2_pre,2017-12-11_9128283L2,pre,DGS3,3,2017-12-04,2017-12-11,-1,0.0025,5,1,2.1612928,2.9012269,1,0.5,1,2586.4936,8915171.8,4047.6314,1293.2468,2754.3846
2017-12-12_912810RZ3_pre,2017-12-12_912810RZ3,pre,DGS30,30,2017-12-05,2017-12-12,-1,0.0025,5,2,3.1702626,20.391164,1,0.5,1,3526.629,1729488.8,20513.172,1763.3145,18749.857
2017-12-11_9128283F5_post,2017-12-11_9128283F5,post,DGS10,10,2017-12-11,2017-12-18,1,0.0025,5,0.35450278,2.8836183,8.8480652,0.5,0.5,1,343.61878,388354.71,82.038498,171.80939,-89.770891
2017-12-11_9128283L2_post,2017-12-11_9128283L2,post,DGS3,3,2017-12-11,2017-12-18,1,0.0025,5,1,2.0408262,2.9002295,0.5,0.5,1,1369.585,4722333.2,1943.2143,684.79249,1258.4218
2017-12-12_912810RZ3_post,2017-12-12_912810RZ3,post,DGS30,30,2017-12-12,2017-12-19,1,0.0025,5,0.35450278,3.0863285,20.232275,0.5,0.5,1,321.04987,158682.04,-888.48943,160.52494,-1049.0144
2017-12-26_9128283N8_pre,2017-12-26_9128283N8,pre,DGS2,2,2017-12-18,2017-12-26,-1,0.0025,5,1,2.2233354,1.954833,1,0.5,1,2514.317,12862055,18514.351,1257.1585,17257.193
2017-12-27_912828N30_pre,2017-12-27_912828N30,pre,DGS7,7,2017-12-19,2017-12-27,-1,0.0025,5,0.59175171,2.8552163,6.4152945,1,0.5,1,1158.5787,1805963.3,-3890.9498,579.28933,-4470.2391
2017-12-28_9128283P3_pre,2017-12-28_9128283P3,pre,DGS7,7,2017-12-20,2017-12-28,-1,0.0025,5,0.59175171,2.9768884,6.4083492,1,0.5,1,1111.2249,1734026.8,-4838.8466,555.61247,-5394.4591
2017-12-26_9128283N8_post,2017-12-26_9128283N8,post,DGS2,2,2017-12-26,2018-01-03,1,0.0025,5,1,2.223653,1.9529064,1,0.5,1,2513.9578,12872905,-3578.7506,1256.9789,-4835.7295
2017-12-27_912828N30_post,2017-12-27_912828N30,post,DGS7,7,2017-12-27,2018-01-04,1,0.0025,5,2,2.8894411,6.4222507,1,0.5,1,3869.378,6024956.3,-14160.591,1934.689,-16095.28
2017-12-28_9128283P3_post,2017-12-28_9128283P3,post,DGS7,7,2017-12-28,2018-01-05,1,0.0025,5,0.35450278,2.924473,6.417612,1,0.5,1,677.63688,1055901.9,-2477.7439,338.81844,-2816.5624
2018-01-09_9128283Q1_pre,2018-01-09_9128283Q1,pre,DGS3,3,2018-01-02,2018-01-09,-1,0.0025,5,1,2.1408061,2.8972404,1,0.5,1,2611.2453,9012870.8,19733.462,1305.6227,18427.84
2018-01-10_9128283F5_pre,2018-01-10_9128283F5,pre,DGS10,10,2018-01-03,2018-01-10,-1,0.0025,5,0.35450278,3.0703153,8.826015,1,0.5,1,645.44861,731302.42,6920.6387,322.72431,6597.9144
2018-01-11_912810RZ3_pre,2018-01-11_912810RZ3,pre,DGS30,30,2018-01-04,2018-01-11,-1,0.0025,5,0.35450278,3.596098,20.232275,1,0.5,1,551.07807,272375.73,6465.4732,275.53904,6189.9342
2018-01-09_9128283Q1_post,2018-01-09_9128283Q1,post,DGS3,3,2018-01-09,2018-01-17,1,0.0025,5,1,2.1272379,2.8932623,1,0.5,1,2627.9006,9082829.1,-14378.99,1313.9503,-15692.941
2018-01-10_9128283F5_post,2018-01-10_9128283F5,post,DGS10,10,2018-01-10,2018-01-18,1,0.0025,5,0.35450278,3.1459776,8.7777795,1,0.5,1,629.92526,717636.23,-4219.0139,314.96263,-4533.9765
2018-01-11_912810RZ3_post,2018-01-11_912810RZ3,post,DGS30,30,2018-01-11,2018-01-19,1,0.0025,5,0.35450278,3.6270718,19.919855,1,0.5,1,546.37208,274285.17,113.12978,273.18604,-160.05626
2018-01-23_9128283S7_pre,2018-01-23_9128283S7,pre,DGS2,2,2018-01-16,2018-01-23,-1,0.0025,5,1,2.1283,1.9502622,1,0.5,1,2626.5892,13467877,6247.6038,1313.2946,4934.3091
2018-01-24_9128283U2_pre,2018-01-24_9128283U2,pre,DGS5,5,2018-01-17,2018-01-24,-1,0.0025,5,1.4082483,2.5782116,4.686493,1,0.5,1,3053.4139,6515349.4,10936.414,1526.707,9409.7074
2018-01-25_9128283V0_pre,2018-01-25_9128283V0,pre,DGS7,7,2018-01-18,2018-01-25,-1,0.0025,5,0.35450278,2.9425286,6.3737848,1,0.5,1,673.47884,1056638.8,-233.72448,336.73942,-570.4639
2018-01-23_9128283S7_post,2018-01-23_9128283S7,post,DGS2,2,2018-01-23,2018-01-30,1,0.0025,5,1,2.05682,1.9495421,1,0.5,1,2717.8703,13941070,-17161.173,1358.9351,-18520.108
2018-01-24_9128283U2_post,2018-01-24_9128283U2,post,DGS5,5,2018-01-24,2018-01-31,1,0.0025,5,1.4082483,2.5517801,4.6814934,0.5,0.5,1,1542.5207,3294932.9,-13185.338,771.26034,-13956.598
2018-01-25_9128283V0_post,2018-01-25_9128283V0,post,DGS7,7,2018-01-25,2018-02-01,1,0.0025,5,0.35450278,2.9019281,6.3737848,0.5,0.5,1,341.45071,535711.06,-5657.5849,170.72535,-5828.3103
2018-02-06_9128283X6_pre,2018-02-06_9128283X6,pre,DGS3,3,2018-01-30,2018-02-06,-1,0.0025,5,1,2.0674365,2.884342,0.5,0.5,1,1351.9568,4687228,3306.5639,675.97842,2630.5855
2018-02-07_9128283W8_pre,2018-02-07_9128283W8,pre,DGS10,10,2018-01-31,2018-02-07,-1,0.0025,5,2,2.9584696,8.7039698,1,0.5,1,3779.0957,4341807,43985.203,1889.5479,42095.655
2018-02-08_912810SA7_pre,2018-02-08_912810SA7,pre,DGS30,30,2018-02-01,2018-02-08,-1,0.0025,5,2,3.6859789,19.664849,1,0.5,1,3033.2078,1542451.6,38431.785,1516.6039,36915.181
2018-02-06_9128283X6_post,2018-02-06_9128283X6,post,DGS3,3,2018-02-06,2018-02-13,1,0.0025,5,2,2.3804761,2.8828593,1,0.5,1,4696.6822,16291749,2369.8941,2348.3411,21.55299
2018-02-07_9128283W8_post,2018-02-07_9128283W8,post,DGS10,10,2018-02-07,2018-02-14,1,0.0025,5,2,3.236925,8.6524011,1,0.5,1,3454.0003,3991955.8,-23078.024,1727.0001,-24805.024
2018-02-08_912810SA7_post,2018-02-08_912810SA7,post,DGS30,30,2018-02-08,2018-02-15,1,0.0025,5,2,3.9207906,19.34042,1,0.5,1,2851.5524,1474400.4,-2285.3425,1425.7762,-3711.1187
2018-02-20_9128283Y4_pre,2018-02-20_9128283Y4,pre,DGS2,2,2018-02-12,2018-02-20,-1,0.0025,5,1,2.5663511,1.9488224,1,0.5,0.73737834,1606.1988,8241894.4,24559.637,803.09942,23756.538
2018-02-21_9128284A5_pre,2018-02-21_9128284A5,pre,DGS5,5,2018-02-13,2018-02-21,-1,0.0025,5,1.4082483,2.9178972,4.6677848,1,0.5,1,2697.9522,5779941.2,39011.752,1348.9761,37662.776
2018-02-22_9128283Z1_pre,2018-02-22_9128283Z1,pre,DGS7,7,2018-02-14,2018-02-22,-1,0.0025,5,0.35450278,3.13045,6.3077185,1,0.5,1,633.04979,1003611.4,-270.13906,316.5249,-586.66396
2018-02-20_9128283Y4_post,2018-02-20_9128283Y4,post,DGS2,2,2018-02-20,2018-02-27,1,0.0025,5,2,2.6480992,1.9449911,1,0.5,1,4222.0246,21707166,-5902.9372,2111.0123,-8013.9495
2018-02-21_9128284A5_post,2018-02-21_9128284A5,post,DGS5,5,2018-02-21,2018-02-28,1,0.0025,5,1.7144345,3.1926823,4.6491861,1,0.5,1,3001.8584,6456739.6,13274.455,1500.9292,11773.526
2018-02-22_9128283Z1_post,2018-02-22_9128283Z1,post,DGS7,7,2018-02-22,2018-03-01,1,0.0025,5,0.67725139,3.2722079,6.3077185,1,0.5,1,1157.0018,1834263.5,12015.766,578.50089,11437.265
2018-03-12_9128283W8_pre,2018-03-12_9128283W8,pre,DGS10,10,2018-03-05,2018-03-12,-1,0.0025,5,2,3.427168,8.6353085,1,1,0.90515591,5905.7221,6839040,-7548.1298,2952.861,-10500.991
2018-03-12_9128284B3_pre,2018-03-12_9128284B3,pre,DGS3,3,2018-03-05,2018-03-12,-1,0.0025,5,2,3.0370127,2.877433,1,1,0.90515591,6664.4111,23160960,9910.9753,3332.2056,6578.7698
2018-03-13_912810SA7_pre,2018-03-13_912810SA7,pre,DGS30,30,2018-03-06,2018-03-13,-1,0.0025,5,2,3.8755718,19.34042,1,1,0,0,0,0,0,0
2018-03-12_9128283W8_post,2018-03-12_9128283W8,post,DGS10,10,2018-03-12,2018-03-19,1,0.0025,5,0.90916595,3.4238694,8.6395771,1,1,1,2968.8003,3436279.6,6680.0777,1484.4001,5195.6776
2018-03-12_9128284B3_post,2018-03-12_9128284B3,post,DGS3,3,2018-03-12,2018-03-19,1,0.0025,5,2,3.0150283,2.8764481,1,1,1,7416.408,25783215,-11415.226,3708.204,-15123.43
2018-03-13_912810SA7_post,2018-03-13_912810SA7,post,DGS30,30,2018-03-13,2018-03-20,1,0.0025,5,0.90916595,3.8855084,19.439404,1,1,0.5799741,1517.2562,780505.5,-2791.2191,758.62809,-3549.8472
2018-03-26_9128284C1_pre,2018-03-26_9128284C1,pre,DGS2,2,2018-03-19,2018-03-26,-1,0.0025,5,2,2.6238261,1.9435576,0.5,1,1,4261.0827,21924140,6086.4744,2130.5413,3955.9331
2018-03-27_9128284D9_pre,2018-03-27_9128284D9,pre,DGS5,5,2018-03-20,2018-03-27,-1,0.0025,5,1.6426515,3.2692714,4.6491861,0.5,1,1,2808.7913,6041468.9,-32007.775,1404.3957,-33412.171
2018-03-28_9128284F4_pre,2018-03-28_9128284F4,pre,DGS7,7,2018-03-21,2018-03-28,-1,0.0025,5,0.61038894,3.4063749,6.312243,1,1,0.64098674,1284.1574,2034391.6,-13289.205,642.07871,-13931.284
2018-03-26_9128284C1_post,2018-03-26_9128284C1,post,DGS2,2,2018-03-26,2018-04-03,1,0.0025,5,2,2.6883301,1.9430801,1,1,0.51216612,4260.0358,21924140,23879.959,2130.0179,21749.941
2018-03-27_9128284D9_post,2018-03-27_9128284D9,post,DGS5,5,2018-03-27,2018-04-04,1,0.0025,5,1.6426515,3.3964089,4.6628145,1,1,0.52096698,2817.0249,6041468.9,-7319.7545,1408.5124,-8728.2669
2018-03-28_9128284F4_post,2018-03-28_9128284F4,post,DGS7,7,2018-03-28,2018-04-05,1,0.0025,5,0.61038894,3.656277,6.3349359,1,1,0.69048493,1288.774,2034391.6,-4702.53,644.38702,-5346.917
2018-04-10_9128284G2_pre,2018-04-10_9128284G2,pre,DGS3,3,2018-04-03,2018-04-10,-1,0.0025,5,2,3.1152532,2.877433,1,1,0.87889325,6308.5243,21924140,22207.345,3154.2622,19053.083
2018-04-11_9128283W8_pre,2018-04-11_9128283W8,pre,DGS10,10,2018-04-04,2018-04-11,-1,0.0025,5,0.80965325,3.5387683,8.6738349,1,1,1,2558.0082,2949108.7,-641.19129,1279.0041,-1920.1954
2018-04-12_912810SA7_pre,2018-04-12_912810SA7,pre,DGS30,30,2018-04-05,2018-04-12,-1,0.0025,5,0.80965325,3.5794454,19.51413,1,1,1,2528.9389,1295952.6,-5519.2617,1264.4694,-6783.7312
2018-04-10_9128284G2_post,2018-04-10_9128284G2,post,DGS3,3,2018-04-10,2018-04-17,1,0.0025,5,2,3.2327334,2.8754637,1,1,1,6916.9577,24055103,-44860.752,3458.4788,-48319.231
2018-04-11_9128283W8_post,2018-04-11_9128283W8,post,DGS10,10,2018-04-11,2018-04-18,1,0.0025,5,0.80965325,3.5907917,8.6738349,1,1,1,2520.9478,2906382,-19500.936,1260.4739,-20761.409
2018-04-12_912810SA7_post,2018-04-12_912810SA7,post,DGS30,30,2018-04-12,2018-04-19,1,0.0025,5,0.80965325,3.5144576,19.564181,1,1,1,2575.7029,1316540.1,-14952.856,1287.8514,-16240.707
2018-04-24_9128284J6_pre,2018-04-24_9128284J6,pre,DGS2,2,2018-04-17,2018-04-24,-1,0.0025,5,2,2.9248594,1.941172,1,1,0.65451211,5003.7741,25777078,31729.239,2501.8871,29227.352
2018-04-25_9128284L1_pre,2018-04-25_9128284L1,pre,DGS5,5,2018-04-18,2018-04-25,-1,0.0025,5,1.5773503,3.5847685,4.6442448,1,1,0.27437578,1349.795,2906382,14263.879,674.89749,13588.981
2018-04-26_9128284M9_pre,2018-04-26_9128284M9,pre,DGS7,7,2018-04-19,2018-04-26,-1,0.0025,5,0.85743351,3.86729,6.3009406,1,1,0.33464994,829.54407,1316540.1,6340.6241,414.77204,5925.8521
2018-04-24_9128284J6_post,2018-04-24_9128284J6,post,DGS2,2,2018-04-24,2018-05-01,1,0.0025,5,2,2.9255836,1.9395049,1,1,0.65411194,4999.4768,25777078,-6676.1389,2499.7384,-9175.8773
2018-04-25_9128284L1_post,2018-04-25_9128284L1,post,DGS5,5,2018-04-25,2018-05-02,1,0.0025,5,1.5773503,3.5758133,4.6306961,0.5,1,0.54578382,1345.8572,2906382,5937.5086,672.9286,5264.58
2018-04-26_9128284M9_post,2018-04-26_9128284M9,post,DGS7,7,2018-04-26,2018-05-03,1,0.0025,5,0.85743351,3.8195158,6.2829174,0.5,1,0.65914092,827.17125,1316540.1,4418.9258,413.58562,4005.3402
2018-05-08_9128284P2_pre,2018-05-08_9128284P2,pre,DGS3,3,2018-05-01,2018-05-08,-1,0.0025,5,2,3.2180195,2.8651586,0.5,1,1,3474.2921,12126003,-1894.1491,1737.1461,-3631.2951
2018-05-09_9128284N7_pre,2018-05-09_9128284N7,pre,DGS10,10,2018-05-02,2018-05-09,-1,0.0025,5,2,3.527575,8.5970262,1,1,1,6338.8248,7373276.1,17376.212,3169.4124,14206.8
2018-05-10_912810SC3_pre,2018-05-10_912810SC3,pre,DGS30,30,2018-05-03,2018-05-10,-1,0.0025,5,2,3.4255603,19.38982,1,1,1,6527.5978,3366507.8,-938.22904,3263.7989,-4202.0279
2018-05-08_9128284P2_post,2018-05-08_9128284P2,post,DGS3,3,2018-05-08,2018-05-15,1,0.0025,5,2,3.0110906,2.8651586,1,1,0.74310236,5518.3573,19260216,-46612,2759.1787,-49371.179
2018-05-09_9128284N7_post,2018-05-09_9128284N7,post,DGS10,10,2018-05-09,2018-05-16,1,0.0025,5,2,3.3565856,8.5843194,1,1,0.95012137,6329.4557,7373276.1,-55139.28,3164.7278,-58304.008
2018-05-10_912810SC3_post,2018-05-10_912810SC3,post,DGS30,30,2018-05-10,2018-05-17,1,0.0025,5,2,3.3545651,19.38982,1,1,0.97927488,6527.5978,3366507.8,-83033.272,3263.7989,-86297.071
2018-05-22_9128284Q0_pre,2018-05-22_9128284Q0,pre,DGS2,2,2018-05-15,2018-05-22,-1,0.0025,5,2,2.1877936,1.9371273,1,1,0.36504017,3730.949,19260216,1219.4535,1865.4745,-646.02097
2018-05-23_9128284S6_pre,2018-05-23_9128284S6,pre,DGS5,5,2018-05-16,2018-05-23,-1,0.0025,5,1.5171677,3.0999818,4.6184294,1,1,0.62233661,3405.2955,7373276.1,-38950.5,1702.6477,-40653.147
2018-05-24_9128284R8_pre,2018-05-24_9128284R8,pre,DGS7,7,2018-05-17,2018-05-24,-1,0.0025,5,1.2214037,3.3909151,6.2560221,1,1,0.52297456,2106.0947,3366507.8,-30297.21,1053.0473,-31350.258
2018-05-22_9128284Q0_post,2018-05-22_9128284Q0,post,DGS2,2,2018-05-22,2018-05-30,1,0.0025,5,2,2.2049636,1.9368898,1,1,0.36785993,3730.4916,19260216,65760.393,1865.2458,63895.147
2018-05-23_9128284S6_post,2018-05-23_9128284S6,post,DGS5,5,2018-05-23,2018-05-31,1,0.0025,5,1.7992592,3.0169015,4.6319254,1,1,0.51219397,3415.2465,7373276.1,52786.55,1707.6232,51078.927
2018-05-24_9128284R8_post,2018-05-24_9128284R8,post,DGS7,7,2018-05-24,2018-06-01,1,0.0025,5,1.2214037,3.3688503,6.2874162,1,1,0.52217888,2116.6636,3366507.8,17774.996,1058.3318,16716.664
2018-06-11_9128284N7_pre,2018-06-11_9128284N7,pre,DGS10,10,2018-06-04,2018-06-11,-1,0.0025,5,2,4.004235,8.60976,1,1,1,5584.2575,6485961.9,9816.2045,2792.1288,7024.0757
2018-06-11_9128284T4_pre,2018-06-11_9128284T4,pre,DGS3,3,2018-06-04,2018-06-11,-1,0.0025,5,2,3.7348186,2.8661376,1,1,1,5987.0859,20889039,9049.3145,2993.5429,6055.7716
2018-06-12_912810SC3_pre,2018-06-12_912810SC3,pre,DGS30,30,2018-06-05,2018-06-12,-1,0.0025,5,2,3.7610478,19.51413,1,1,0.86159311,5122.4576,2624999.2,9428.555,2561.2288,6867.3262
2018-06-11_9128284N7_post,2018-06-11_9128284N7,post,DGS10,10,2018-06-11,2018-06-18,1,0.0025,5,1.0779918,4.0371159,8.6012678,0.5,1,1,1492.6887,1735428.7,6324.0876,746.34437,5577.7432
2018-06-11_9128284T4_post,2018-06-11_9128284T4,post,DGS3,3,2018-06-11,2018-06-18,1,0.0025,5,2,3.7505555,2.8651586,0.5,1,1,2980.9824,10404249,-1453.436,1490.4912,-2943.9272
2018-06-12_912810SC3_post,2018-06-12_912810SC3,post,DGS30,30,2018-06-12,2018-06-19,1,0.0025,5,1.0779918,3.792462,19.464266,0.5,1,1,1588.9829,816359.03,11386.482,794.49147,10591.991
2018-06-26_912828XY1_pre,2018-06-26_912828XY1,pre,DGS2,2,2018-06-19,2018-06-26,-1,0.0025,5,2,3.56739,1.9380778,1,1,0.92759423,5814.2333,30000000,-9468.0149,2907.1167,-12375.132
2018-06-27_9128284U1_pre,2018-06-27_9128284U1,pre,DGS5,5,2018-06-20,2018-06-27,-1,0.0025,5,2,4.0708416,4.6356162,1,1,0,0,0,0,0,0
2018-06-28_912828XZ8_pre,2018-06-28_912828XZ8,pre,DGS7,7,2018-06-21,2018-06-28,-1,0.0025,5,2,4.323729,6.3031987,1,1,0,0,0,0,0,0
2018-06-26_912828XY1_post,2018-06-26_912828XY1,post,DGS2,2,2018-06-26,2018-07-03,1,0.0025,5,2,3.4020183,1.9383155,1,1,0.88470274,5814.9465,30000000,3618.2239,2907.4733,710.75066
2018-06-27_9128284U1_post,2018-06-27_9128284U1,post,DGS5,5,2018-06-27,2018-07-05,1,0.0025,5,2,3.9943463,4.6467145,1,1,0,0,0,0,0,0
2018-06-28_912828XZ8_post,2018-06-28_912828XZ8,post,DGS7,7,2018-06-28,2018-07-06,1,0.0025,5,2,4.1729557,6.314507,1,1,0,0,0,0,0,0
2018-07-10_912828Y20_pre,2018-07-10_912828Y20,pre,DGS3,3,2018-07-02,2018-07-10,-1,0.0025,5,2,3.6836791,2.865648,1,1,0,0,0,0,0,0
2018-07-11_9128284N7_pre,2018-07-11_9128284N7,pre,DGS10,10,2018-07-03,2018-07-11,-1,0.0025,5,0.91412433,3.7919034,8.6566818,1,1,1,2695.2746,3113519.3,4762.8943,1347.6373,3415.257
2018-07-12_912810SC3_pre,2018-07-12_912810SC3,pre,DGS30,30,2018-07-05,2018-07-12,-1,0.0025,5,0.91412433,3.6205627,19.817276,1,1,1,2822.8266,1424427.1,-290.45511,1411.4133,-1701.8684
2018-07-10_912828Y20_post,2018-07-10_912828Y20,post,DGS3,3,2018-07-10,2018-07-17,1,0.0025,5,2,3.5989248,2.863691,1,1,1,6213.1556,21696320,2959.2373,3106.5778,-147.34048
2018-07-11_9128284N7_post,2018-07-11_9128284N7,post,DGS10,10,2018-07-11,2018-07-18,1,0.0025,5,0.91412433,3.8280484,8.6481234,1,1,1,2669.8253,3087173,-7473.6774,1334.9127,-8808.59
2018-07-12_912810SC3_post,2018-07-12_912810SC3,post,DGS30,30,2018-07-12,2018-07-19,1,0.0025,5,0.91412433,3.5293763,19.817276,1,1,1,2895.7583,1461229.2,-2583.1015,1447.8791,-4030.9807
2018-07-24_912828Y46_pre,2018-07-24_912828Y46,pre,DGS2,2,2018-07-17,2018-07-24,-1,0.0025,5,2,3.4524617,1.9361776,1,1,0.76085885,4927.8813,25451598,1771.2165,2463.9406,-692.72413
2018-07-25_912828Y61_pre,2018-07-25_912828Y61,pre,DGS5,5,2018-07-18,2018-07-25,-1,0.0025,5,2,3.8482515,4.6393113,1,1,0.24648638,1432.2357,3087173,6656.8815,716.11783,5940.7637
2018-07-26_912828Y79_pre,2018-07-26_912828Y79,pre,DGS7,7,2018-07-19,2018-07-26,-1,0.0025,5,2,3.9409483,6.314507,1,1,0.16261984,922.6942,1461229.2,12611.851,461.3471,12150.504
2018-07-24_912828Y46_post,2018-07-24_912828Y46,post,DGS2,2,2018-07-24,2018-07-31,1,0.0025,5,2,3.4866574,1.9359403,1,1,0.76830078,4927.2773,25451598,-16380.042,2463.6386,-18843.68
2018-07-25_912828Y61_post,2018-07-25_912828Y61,post,DGS5,5,2018-07-25,2018-08-01,1,0.0025,5,2,3.9291393,4.6331552,0.5,1,0.50266684,1430.3352,3087173,-6632.9194,715.16758,-7348.087
2018-07-26_912828Y79_post,2018-07-26_912828Y79,post,DGS7,7,2018-07-26,2018-08-02,1,0.0025,5,2,4.0651127,6.2829174,0.5,1,0.33380841,918.07824,1461229.2,2107.0764,459.03912,1648.0373
2018-08-07_9128284W7_pre,2018-08-07_9128284W7,pre,DGS3,3,2018-07-31,2018-08-07,-1,0.0025,5,2,3.5778272,2.8597832,0.5,1,1,3124.8966,10927040,-4690.8096,1562.4483,-6253.2579
2018-08-08_9128284V9_pre,2018-08-08_9128284V9,pre,DGS10,10,2018-08-01,2018-08-08,-1,0.0025,5,2,3.855402,8.5843194,1,1,1,5799.831,6756308.5,-24499.156,2899.9155,-27399.071
2018-08-09_912810SD1_pre,2018-08-09_912810SD1,pre,DGS30,30,2018-08-02,2018-08-09,-1,0.0025,5,2,3.6149017,19.38982,1,1,1,6185.6952,3190176.8,-25634.292,3092.8476,-28727.14
2018-08-07_9128284W7_post,2018-08-07_9128284W7,post,DGS3,3,2018-08-07,2018-08-14,1,0.0025,5,2,3.5837045,2.8602712,1,1,0.91927385,5735.8491,20053515,31299.691,2867.9245,28431.766
2018-08-08_9128284V9_post,2018-08-08_9128284V9,post,DGS10,10,2018-08-08,2018-08-15,1,0.0025,5,2,3.9078004,8.6012678,1,1,1,5722.0629,6652580.8,58521.801,2861.0315,55660.77
2018-08-09_912810SD1_post,2018-08-09_912810SD1,post,DGS30,30,2018-08-09,2018-08-16,1,0.0025,5,2,3.5866592,19.489175,1,1,1,6234.4032,3198905.7,32041.798,3117.2016,28924.596
2018-08-27_9128284Y3_pre,2018-08-27_9128284Y3,pre,DGS2,2,2018-08-20,2018-08-27,-1,0.0025,5,2,3.5149399,1.9366523,1,1,0.91328393,5809.957,30000000,37337.591,2904.9785,34432.612
2018-08-28_9128284X5_pre,2018-08-28_9128284X5,pre,DGS5,5,2018-08-21,2018-08-28,-1,0.0025,5,1.9128709,3.8917557,4.6442448,1,1,0,0,0,0,0,0
2018-08-29_9128284Z0_pre,2018-08-29_9128284Z0,pre,DGS7,7,2018-08-22,2018-08-29,-1,0.0025,5,1.9128709,4.0273079,6.3235748,1,1,0,0,0,0,0,0
2018-08-27_9128284Y3_post,2018-08-27_9128284Y3,post,DGS2,2,2018-08-27,2018-09-04,1,0.0025,5,2,2.4570319,1.9349915,1,1,0.63786107,5804.9744,30000000,9503.208,2902.4872,6600.7208
2018-08-28_9128284X5_post,2018-08-28_9128284X5,post,DGS5,5,2018-08-28,2018-09-05,1,0.0025,5,2,2.7432506,4.6393113,1,1,0,0,0,0,0,0
2018-08-29_9128284Z0_post,2018-08-29_9128284Z0,post,DGS7,7,2018-08-29,2018-09-06,1,0.0025,5,2,3.0988881,6.3054581,1,1,0,0,0,0,0,0
2018-09-11_9128285A4_pre,2018-09-11_9128285A4,pre,DGS3,3,2018-09-04,2018-09-11,-1,0.0025,5,2,2.3002702,2.8617361,1,1,0.88317076,8585.2082,30000000,81983.16,4292.6041,77690.556
2018-09-12_9128284V9_pre,2018-09-12_9128284V9,pre,DGS10,10,2018-09-05,2018-09-12,-1,0.0025,5,2,2.8369535,8.6267803,1,1,0,0,0,0,0,0
2018-09-13_912810SD1_pre,2018-09-13_912810SD1,pre,DGS30,30,2018-09-06,2018-09-13,-1,0.0025,5,1.0779918,2.7798712,19.539132,1,1,0,0,0,0,0,0
2018-09-11_9128285A4_post,2018-09-11_9128285A4,post,DGS3,3,2018-09-11,2018-09-18,1,0.0025,5,2,2.4063828,2.8568577,1,1,0.92233686,8570.573,30000000,-38749.494,4285.2865,-43034.781
2018-09-12_9128284V9_post,2018-09-12_9128284V9,post,DGS10,10,2018-09-12,2018-09-19,1,0.0025,5,1.0779918,2.9128102,8.5970262,1,1,0,0,0,0,0,0
2018-09-13_912810SD1_post,2018-09-13_912810SD1,post,DGS30,30,2018-09-13,2018-09-20,1,0.0025,5,1.0779918,2.8564527,19.414589,1,1,0,0,0,0,0,0
2018-09-24_9128285B2_pre,2018-09-24_9128285B2,pre,DGS2,2,2018-09-17,2018-09-24,-1,0.0025,5,2,2.3503816,1.9323861,1,1,0,0,0,0,0,0
2018-09-25_9128285D8_pre,2018-09-25_9128285D8,pre,DGS5,5,2018-09-18,2018-09-25,-1,0.0025,5,2,2.6412632,4.6184294,1,1,1,8465.9037,18330699,39472.323,4232.9519,35239.371
2018-09-27_9128285C0_pre,2018-09-27_9128285C0,pre,DGS7,7,2018-09-20,2018-09-27,-1,0.0025,5,2,2.9448317,6.2649687,0.5,1,1,3796.5972,6060041.8,-4812.6861,1898.2986,-6710.9847
2018-09-24_9128285B2_post,2018-09-24_9128285B2,post,DGS2,2,2018-09-24,2018-10-01,1,0.0025,5,2,2.3397209,1.9312037,0.5,1,0.22669538,1083.2623,5609259.5,1778.7147,541.63115,1237.0835
2018-09-25_9128285D8_post,2018-09-25_9128285D8,post,DGS5,5,2018-09-25,2018-10-02,1,0.0025,5,2,2.6431342,4.6123139,0.5,1,1,4229.9555,9171005.2,22537.837,2114.9778,20422.859
2018-09-27_9128285C0_post,2018-09-27_9128285C0,post,DGS7,7,2018-09-27,2018-10-04,1,0.0025,5,2,2.9139737,6.2672082,1,1,1,7673.6037,12244054,-89706.258,3836.8019,-93543.06
2018-10-10_9128284V9_pre,2018-10-10_9128284V9,pre,DGS10,10,2018-10-02,2018-10-10,-1,0.0025,5,0.91412433,2.8548205,8.563201,1,1,0.4686867,1677.8924,1959421.9,27924.379,838.94618,27085.433
2018-10-10_9128285F3_pre,2018-10-10_9128285F3,pre,DGS3,3,2018-10-02,2018-10-10,-1,0.0025,5,2,2.3242762,2.8544232,1,1,0.4686867,4508.9965,15796524,37880.655,2254.4982,35626.156
2018-10-11_912810SD1_pre,2018-10-11_912810SD1,pre,DGS30,30,2018-10-03,2018-10-11,-1,0.0025,5,0.91412433,2.952735,18.951796,1,1,0,0,0,0,0,0
2018-10-10_9128284V9_post,2018-10-10_9128284V9,post,DGS10,10,2018-10-10,2018-10-17,1,0.0025,5,0.91412433,3.1781386,8.4919521,1,1,0.82792654,2662.4364,3135246.6,8581.9105,1331.2182,7250.6923
2018-10-10_9128285F3_post,2018-10-10_9128285F3,post,DGS3,3,2018-10-10,2018-10-17,1,0.0025,5,2,2.417918,2.8500493,1,1,0.82792654,7656.5871,26864753,3535.7466,3828.2936,-292.54695
2018-10-11_912810SD1_post,2018-10-11_912810SD1,post,DGS30,30,2018-10-11,2018-10-18,1,0.0025,5,0.91412433,3.3094199,18.904028,1,1,0,0,0,0,0,0
2018-10-23_9128285G1_pre,2018-10-23_9128285G1,pre,DGS2,2,2018-10-16,2018-10-23,-1,0.0025,5,2,2.1415317,1.9302587,1,1,0,0,0,0,0,0
2018-10-24_9128285K2_pre,2018-10-24_9128285K2,pre,DGS5,5,2018-10-17,2018-10-24,-1,0.0025,5,2,2.8061172,4.6062104,1,1,1,7968.548,17299575,-82294.959,3984.274,-86279.233
2018-10-25_9128285J5_pre,2018-10-25_9128285J5,pre,DGS7,7,2018-10-18,2018-10-25,-1,0.0025,5,2,3.0743609,6.2470939,1,1,1,7273.2775,11642657,-31052.281,3636.6387,-34688.92
2018-10-23_9128285G1_post,2018-10-23_9128285G1,post,DGS2,2,2018-10-23,2018-10-30,1,0.0025,5,2,2.1557308,1.9297864,1,1,0.019679279,204.12663,1057768,1127.0973,102.06332,1025.034
2018-10-24_9128285K2_post,2018-10-24_9128285K2,post,DGS5,5,2018-10-24,2018-10-31,1,0.0025,5,2,2.7252222,4.6184294,1,1,0.97374816,7989.6863,17299575,-29772.122,3994.8432,-33766.966
2018-10-25_9128285J5_post,2018-10-25_9128285J5,post,DGS7,7,2018-10-25,2018-11-01,1,0.0025,5,2,3.2178879,6.2560221,1,1,1,6948.8686,11107487,8563.4403,3474.4343,5089.006
2018-11-05_9128285L0_pre,2018-11-05_9128285L0,pre,DGS3,3,2018-10-29,2018-11-05,-1,0.0025,5,2,2.7806332,2.8553966,1,1,0.019002773,152.81229,535170.11,1916.803,76.406146,1840.3968
2018-11-06_9128285M8_pre,2018-11-06_9128285M8,pre,DGS10,10,2018-10-30,2018-11-06,-1,0.0025,5,0.69570969,3.3656624,8.5337599,1,1,0.3905875,902.67381,1057768,8808.8637,451.33691,8357.5268
2018-11-07_912810SE9_pre,2018-11-07_912810SE9,pre,DGS30,30,2018-10-31,2018-11-07,-1,0.0025,5,2,3.1645548,18.738228,1,1,1,7065.9797,3770890.1,27064.533,3532.9899,23531.544
2018-11-05_9128285L0_post,2018-11-05_9128285L0,post,DGS3,3,2018-11-05,2018-11-13,1,0.0025,5,2,2.9390705,2.8490787,0.5,1,1,3804.0393,13351823,17164.059,1902.0197,15262.039
2018-11-06_9128285M8_post,2018-11-06_9128285M8,post,DGS10,10,2018-11-06,2018-11-14,1,0.0025,5,2,3.4759464,8.4919521,0.5,1,1,3216.488,3787689.8,32984.182,1608.244,31375.938
2018-11-07_912810SE9_post,2018-11-07_912810SE9,post,DGS30,30,2018-11-07,2018-11-15,1,0.0025,5,2,3.1925053,18.644447,0.5,1,1,3502.0583,1878338.5,25111.678,1751.0292,23360.649
2018-11-26_9128285Q9_pre,2018-11-26_9128285Q9,pre,DGS2,2,2018-11-16,2018-11-26,-1,0.0025,5,2,2.6126593,1.9316766,1,1,0.67710098,5795.0297,30000000,13673.807,2897.5148,10776.292
2018-11-27_9128285P1_pre,2018-11-27_9128285P1,pre,DGS5,5,2018-11-19,2018-11-27,-1,0.0025,5,2,3.2211782,4.627011,1,1,0,0,0,0,0,0
2018-11-28_9128285N6_pre,2018-11-28_9128285N6,pre,DGS7,7,2018-11-20,2018-11-28,-1,0.0025,5,1.9128709,3.3982382,6.2784233,1,1,0,0,0,0,0,0
2018-11-26_9128285Q9_post,2018-11-26_9128285Q9,post,DGS2,2,2018-11-26,2018-12-03,1,0.0025,5,2,2.670407,1.9309674,1,1,0.69181289,5792.9022,30000000,8462.296,2896.4511,5565.8449
2018-11-27_9128285P1_post,2018-11-27_9128285P1,post,DGS5,5,2018-11-27,2018-12-04,1,0.0025,5,2,3.2000618,4.6245567,1,1,0,0,0,0,0,0
2018-11-28_9128285N6_post,2018-11-28_9128285N6,post,DGS7,7,2018-11-28,2018-12-06,1,0.0025,5,2,3.3652847,6.2784233,1,1,0,0,0,0,0,0
2018-12-11_9128285R7_pre,2018-12-11_9128285R7,pre,DGS3,3,2018-12-03,2018-12-11,-1,0.0025,5,2,2.9697153,2.8563705,1,1,1,7529.5702,26360621,-47415.095,3764.7851,-51179.88
2018-12-12_9128285M8_pre,2018-12-12_9128285M8,pre,DGS10,10,2018-12-04,2018-12-12,-1,0.0025,5,2,3.4270443,8.6225207,1,1,0.4809459,3138.0619,3639378.8,-417.80039,1569.0309,-1986.8313
2018-12-13_912810SE9_pre,2018-12-13_912810SE9,pre,DGS30,30,2018-12-06,2018-12-13,-1,0.0025,5,1.0779918,3.4844286,19.34042,1,1,0,0,0,0,0,0
2018-12-11_9128285R7_post,2018-12-11_9128285R7,post,DGS3,3,2018-12-11,2018-12-18,1,0.0025,5,2,2.9004188,2.8592953,1,1,0.97766566,7537.28,26360621,107285.86,3768.64,103517.22
2018-12-12_9128285M8_post,2018-12-12_9128285M8,post,DGS10,10,2018-12-12,2018-12-19,1,0.0025,5,1.0779918,3.4955985,8.6225207,0.5,1,1,1723.9272,1999330.9,24422.534,861.96362,23560.57
2018-12-13_912810SE9_post,2018-12-13_912810SE9,post,DGS30,30,2018-12-13,2018-12-20,1,0.0025,5,1.0779918,3.3892485,19.291205,0.5,1,1,1778.0217,921674.77,25336.496,889.01086,24447.485
2018-12-24_9128285S5_pre,2018-12-24_9128285S5,pre,DGS2,2,2018-12-17,2018-12-24,-1,0.0025,5,2,2.6952039,1.9342804,0.5,1,0.033497014,138.95349,718373.07,-2121.1186,69.476746,-2190.5953
2018-12-26_9128285U0_pre,2018-12-26_9128285U0,pre,DGS5,5,2018-12-18,2018-12-26,-1,0.0025,5,2,3.1691932,4.6541351,0.5,1,1,3527.819,7579966.9,6577.546,1763.9095,4813.6365
2018-12-27_9128285T3_pre,2018-12-27_9128285T3,pre,DGS7,7,2018-12-19,2018-12-27,-1,0.0025,5,2,3.3319206,6.3417667,1,1,1,6711.0482,10582301,-7619.0586,3355.5241,-10974.583
2018-12-24_9128285S5_post,2018-12-24_9128285S5,post,DGS2,2,2018-12-24,2019-01-02,1,0.0025,5,2,2.8503147,1.9378401,1,1,0.29241137,2293.9632,11837732,11870.147,1146.9816,10723.165
2018-12-26_9128285U0_post,2018-12-26_9128285U0,post,DGS5,5,2018-12-26,2019-01-03,1,0.0025,5,2,3.2702649,4.6516597,1,1,0.51567155,3525.9426,7579966.9,106521.18,1762.9713,104758.2
2018-12-27_9128285T3_post,2018-12-27_9128285T3,post,DGS7,7,2018-12-27,2019-01-04,1,0.0025,5,2,3.6100926,6.344046,1,1,1,6193.9353,9763383.3,75265.218,3096.9676,72168.251
2019-01-08_9128285V8_pre,2019-01-08_9128285V8,pre,DGS3,3,2018-12-31,2019-01-08,-1,0.0025,5,2,3.3393731,2.8749717,1,1,0.035160382,235.43642,818917.35,2565.3652,117.71821,2447.647
2019-01-09_9128285M8_pre,2019-01-09_9128285M8,pre,DGS10,10,2019-01-02,2019-01-09,-1,0.0025,5,0.91412433,3.6669235,8.7299189,1,1,1,2787.1377,3192627.3,21913.012,1393.5689,20519.444
2019-01-10_912810SE9_pre,2019-01-10_912810SE9,pre,DGS30,30,2019-01-03,2019-01-10,-1,0.0025,5,0.91412433,3.4449259,19.894138,1,1,1,2966.7462,1491266.5,40888.702,1483.3731,39405.329
2019-01-08_9128285V8_post,2019-01-08_9128285V8,post,DGS3,3,2019-01-08,2019-01-15,1,0.0025,5,2,3.9221233,2.8695681,1,1,1,5701.167,19867683,34666.318,2850.5835,31815.735
2019-01-09_9128285M8_post,2019-01-09_9128285M8,post,DGS10,10,2019-01-09,2019-01-16,1,0.0025,5,0.91412433,3.8567572,8.6953446,1,1,1,2649.9518,3047552.3,2840.3221,1324.9759,1515.3462
2019-01-10_912810SE9_post,2019-01-10_912810SE9,post,DGS30,30,2019-01-10,2019-01-17,1,0.0025,5,0.91412433,3.1793827,19.539132,1,1,1,3214.5298,1645175.3,-2980.6462,1607.2649,-4587.9111
2019-01-28_9128285X4_pre,2019-01-28_9128285X4,pre,DGS2,2,2019-01-18,2019-01-28,-1,0.0025,5,2,3.8641844,1.9361776,1,1,0.72516915,4196.2995,21673113,-9699.6598,2098.1498,-11797.81
2019-01-28_9128285Z9_pre,2019-01-28_9128285Z9,pre,DGS5,5,2019-01-18,2019-01-28,-1,0.0025,5,2,4.1807671,4.6578519,1,1,0.72516915,3878.5406,8326886.9,-16032.037,1939.2703,-17971.307
2019-01-29_9128286A3_pre,2019-01-29_9128286A3,pre,DGS7,7,2019-01-22,2019-01-29,-1,0.0025,5,2,4.1040148,6.350891,1,1,0,0,0,0,0,0
2019-01-28_9128285X4_post,2019-01-28_9128285X4,post,DGS2,2,2019-01-28,2019-02-04,1,0.0025,5,2,3.8942229,1.9366523,0.5,1,1,2871.0067,14824585,20540.355,1435.5033,19104.851
2019-01-28_9128285Z9_post,2019-01-28_9128285Z9,post,DGS5,5,2019-01-28,2019-02-04,1,0.0025,5,2,4.1815778,4.6628145,0.5,1,1,2673.7132,5734118.7,13578.808,1336.8566,12241.952
2019-01-29_9128286A3_post,2019-01-29_9128286A3,post,DGS7,7,2019-01-29,2019-02-05,1,0.0025,5,2,3.9414859,6.3600343,0.5,1,0.66091881,1874.7491,2947702.8,2041.5543,937.37453,1104.1798
2019-02-05_9128286C9_pre,2019-02-05_9128286C9,pre,DGS3,3,2019-01-29,2019-02-05,-1,0.0025,5,2,3.9634987,2.8710403,0.5,1,0.66091881,1864.3369,6493593.7,-7630.4526,932.16845,-8562.6211
2019-02-06_9128286B1_pre,2019-02-06_9128286B1,pre,DGS10,10,2019-01-30,2019-02-06,-1,0.0025,5,2,3.6786143,8.7126073,1,1,0,0,0,0,0,0
2019-02-07_912810SF6_pre,2019-02-07_912810SF6,pre,DGS30,30,2019-01-31,2019-02-07,-1,0.0025,5,2,3.0504237,19.715467,1,1,0,0,0,0,0,0
2019-02-05_9128286C9_post,2019-02-05_9128286C9,post,DGS3,3,2019-02-05,2019-02-12,1,0.0025,5,2,4.0226758,2.873005,1,1,1,5558.6581,19347889,11415.401,2779.3291,8636.0724
2019-02-06_9128286B1_post,2019-02-06_9128286B1,post,DGS10,10,2019-02-06,2019-02-13,1,0.0025,5,2,3.6845609,8.7126073,1,1,1,6068.7503,6965481.3,-5641.6919,3034.3751,-8676.0671
2019-02-07_912810SF6_post,2019-02-07_912810SF6,post,DGS30,30,2019-02-07,2019-02-14,1,0.0025,5,2,3.0178377,19.690134,1,1,0.9796909,7259.0233,3686629.6,-6670.5951,3629.5116,-10300.107
2019-02-25_9128286D7_pre,2019-02-25_9128286D7,pre,DGS2,2,2019-02-15,2019-02-25,-1,0.0025,5,2,3.9152029,1.9385533,1,1,0.73296758,4186.1568,21594231,-4747.1899,2093.0784,-6840.2683
2019-02-25_9128286G0_pre,2019-02-25_9128286G0,pre,DGS5,5,2019-02-15,2019-02-25,-1,0.0025,5,2,4.1716016,4.6740087,1,1,0.73296758,3928.8635,8405768.5,-4102.1351,1964.4318,-6066.5669
2019-02-26_9128286F2_pre,2019-02-26_9128286F2,pre,DGS7,7,2019-02-19,2019-02-26,-1,0.0025,5,1.9128709,4.0643135,6.3737848,1,1,0,0,0,0,0,0
2019-02-25_9128286D7_post,2019-02-25_9128286D7,post,DGS2,2,2019-02-25,2019-03-04,1,0.0025,5,2,3.9420592,1.9387911,1,1,0.7383256,4188.03,21601244,-16268.921,2094.015,-18362.936
2019-02-25_9128286G0_post,2019-02-25_9128286G0,post,DGS5,5,2019-02-25,2019-03-04,1,0.0025,5,2,4.2044838,4.6752549,1,1,0.7383256,3926.6324,8398755.8,-19425.299,1963.3162,-21388.615
2019-02-26_9128286F2_post,2019-02-26_9128286F2,post,DGS7,7,2019-02-26,2019-03-05,1,0.0025,5,1.9128709,4.1353854,6.3760807,1,1,0,0,0,0,0,0
2019-03-11_9128286H8_pre,2019-03-11_9128286H8,pre,DGS3,3,2019-03-04,2019-03-11,-1,0.0025,5,1.7905694,4.1148415,2.8720224,1,1,1,4865.1144,16939681,-34216.865,2432.5572,-36649.422
2019-03-12_9128286B1_pre,2019-03-12_9128286B1,pre,DGS10,10,2019-03-05,2019-03-12,-1,0.0025,5,2,3.9375062,8.7039698,1,1,1,5678.8939,6524487.1,-62981.845,2839.447,-65821.292
2019-03-13_912810SF6_pre,2019-03-13_912810SF6,pre,DGS30,30,2019-03-06,2019-03-13,-1,0.0025,5,2,3.0223275,19.539132,1,1,1,7398.4967,3786502.2,-30287.502,3699.2484,-33986.751
2019-03-11_9128286H8_post,2019-03-11_9128286H8,post,DGS3,3,2019-03-11,2019-03-18,1,0.0025,5,1.7905694,4.0859412,2.8754637,1,1,1,4899.5259,17039081,19589.559,2449.763,17139.796
2019-03-12_9128286B1_post,2019-03-12_9128286B1,post,DGS10,10,2019-03-12,2019-03-19,1,0.0025,5,0.64194256,3.8457181,8.7516274,1,1,1,1866.2668,2132479.7,87.257572,933.13339,-845.87582
2019-03-13_912810SF6_post,2019-03-13_912810SF6,post,DGS30,30,2019-03-13,2019-03-20,1,0.0025,5,0.64194256,3.1007107,19.639611,0.5,1,1,1157.3373,589287.25,4727.9472,578.66863,4149.2786
2019-03-26_912828C57_pre,2019-03-26_912828C57,pre,DGS7,7,2019-03-19,2019-03-26,-1,0.0025,5,1.6454972,4.2469996,6.3829757,0.5,1,1,2165.9077,3393257,-47857.993,1082.9538,-48940.947
2019-03-27_912828W71_pre,2019-03-27_912828W71,pre,DGS7,7,2019-03-20,2019-03-27,-1,0.0025,5,1.6454972,4.203711,6.3991057,1,1,1,4376.4231,6839116.8,-70193.315,2188.2116,-72381.526
2019-03-28_9128286L9_pre,2019-03-28_9128286L9,pre,DGS7,7,2019-03-21,2019-03-28,-1,0.0025,5,0.35617145,4.2683965,6.3991057,1,1,1,932.93062,1457907.8,-14020.464,466.46531,-14486.93
2019-03-26_912828C57_post,2019-03-26_912828C57,post,DGS7,7,2019-03-26,2019-04-02,1,0.0025,5,2,4.243839,6.4338684,1,1,1,5268.9746,8189434.8,-47321.625,2634.4873,-49956.113
2019-03-27_912828W71_post,2019-03-27_912828W71,post,DGS7,7,2019-03-27,2019-04-03,1,0.0025,5,2,4.1977597,6.4361956,1,1,1,5326.8127,8276337.6,-74311.637,2663.4064,-76975.044
2019-03-28_9128286L9_post,2019-03-28_9128286L9,post,DGS7,7,2019-03-28,2019-04-04,1,0.0025,5,0.35617145,4.1590892,6.4338684,1,1,1,957.44951,1488139.7,-11446.003,478.72475,-11924.728
2019-04-09_9128286M7_pre,2019-04-09_9128286M7,pre,DGS3,3,2019-04-02,2019-04-09,-1,0.0025,5,1.5976143,3.981738,2.8848364,1,1,1,4485.9484,15550096,22703.802,2242.9742,20460.827
2019-04-10_9128286B1_pre,2019-04-10_9128286B1,pre,DGS10,10,2019-04-03,2019-04-10,-1,0.0025,5,0.51617938,3.4908678,8.7908973,1,1,1,1653.188,1880568,-6664.6755,826.59401,-7491.2695
2019-04-11_912810SF6_pre,2019-04-11_912810SF6,pre,DGS30,30,2019-04-04,2019-04-11,-1,0.0025,5,0.51617938,3.057084,19.894138,1,1,1,1887.7665,948905.93,3645.687,943.88326,2701.8037
2019-04-09_9128286M7_post,2019-04-09_9128286M7,post,DGS3,3,2019-04-09,2019-04-16,1,0.0025,5,1.5976143,3.546742,2.8823654,1,1,1,5036.1349,17472229,-35389.999,2518.0674,-37908.067
2019-04-10_9128286B1_post,2019-04-10_9128286B1,post,DGS10,10,2019-04-10,2019-04-17,1,0.0025,5,0.51617938,3.4771246,8.8084313,1,1,1,1659.7222,1884242.7,-18125.801,829.8611,-18955.662
2019-04-11_912810SF6_post,2019-04-11_912810SF6,post,DGS30,30,2019-04-11,2019-04-18,1,0.0025,5,0.51617938,3.0020708,19.842849,1,1,1,1922.36,968792.35,-3700.7034,961.17999,-4661.8834
2019-04-23_912828WG1_pre,2019-04-23_912828WG1,pre,DGS7,7,2019-04-15,2019-04-23,-1,0.0025,5,0.35617145,3.8383656,6.3944911,1,1,1,1037.4514,1622414.3,-40.003696,518.7257,-558.7294
2019-04-24_9128286R6_pre,2019-04-24_9128286R6,pre,DGS5,5,2019-04-16,2019-04-24,-1,0.0025,5,1.7905694,3.7499153,4.6839922,1,1,1,5338.5672,11397472,-48088.274,2669.2836,-50757.558
2019-04-25_9128286S4_pre,2019-04-25_9128286S4,pre,DGS7,7,2019-04-17,2019-04-25,-1,0.0025,5,0.35617145,3.7986022,6.3875783,1,1,1,1048.3114,1641171.9,-7381.6668,524.15568,-7905.8224
2019-04-23_912828WG1_post,2019-04-23_912828WG1,post,DGS7,7,2019-04-23,2019-04-30,1,0.0025,5,2,3.7556361,6.3944911,1,1,1,5953.8995,9310982.5,41812.938,2976.9498,38835.988
2019-04-24_9128286R6_post,2019-04-24_9128286R6,post,DGS5,5,2019-04-24,2019-05-01,1,0.0025,5,1.7905694,3.6410637,4.6952612,0.5,0.5,1,1374.5417,2927508.4,1337.7988,687.27083,650.52799
2019-04-25_9128286S4_post,2019-04-25_9128286S4,post,DGS7,7,2019-04-25,2019-05-02,1,0.0025,5,0.09003631,3.7786196,6.4037251,0.5,0.5,1,66.600813,104003.24,-132.28077,33.300407,-165.58118
2019-05-07_9128286U9_pre,2019-05-07_9128286U9,pre,DGS3,3,2019-04-30,2019-05-07,-1,0.0025,5,1.4082483,3.4487368,2.8858258,0.5,0.5,1,1141.3378,3954978.2,85.235858,570.6689,-485.43304
2019-05-08_9128286T2_pre,2019-05-08_9128286T2,pre,DGS10,10,2019-05-01,2019-05-08,-1,0.0025,5,2,3.3063456,8.7908973,1,0.5,1,3381.4796,3846569.3,-10293.232,1690.7398,-11983.972
2019-05-09_912810SH2_pre,2019-05-09_912810SH2,pre,DGS30,30,2019-05-02,2019-05-09,-1,0.0025,5,2,2.9651459,19.842849,1,0.5,1,3770.5867,1900224.5,-26801.68,1885.2934,-28686.973
2019-05-07_9128286U9_post,2019-05-07_9128286U9,post,DGS3,3,2019-05-07,2019-05-14,1,0.0025,5,1.4082483,3.3973652,2.8858258,1,0.5,1,2317.1919,8029562.9,15944.616,1158.596,14786.02
2019-05-08_9128286T2_post,2019-05-08_9128286T2,post,DGS10,10,2019-05-08,2019-05-15,1,0.0025,5,2,3.3410645,8.8040431,1,0.5,1,3346.3407,3800913.5,40384.049,1673.1703,38710.878
2019-05-09_912810SH2_post,2019-05-09_912810SH2,post,DGS30,30,2019-05-09,2019-05-16,1,0.0025,5,2,2.9886319,20.023209,1,0.5,1,3740.9558,1868309.8,11578.253,1870.4779,9707.7755
2019-05-28_9128286V7_pre,2019-05-28_9128286V7,pre,DGS2,2,2019-05-20,2019-05-28,-1,0.0025,5,1.7905694,3.2957343,1.9459478,1,0.5,1,3037.1342,15607480,-26801.712,1518.5671,-28320.279
2019-05-28_912828XT2_pre,2019-05-28_912828XT2,pre,DGS7,7,2019-05-20,2019-05-28,-1,0.0025,5,0.09003631,3.7256175,6.4315424,1,0.5,1,135.0966,210053.2,-1894.2916,67.548302,-1961.8399
2019-05-29_9128286X3_pre,2019-05-29_9128286X3,pre,DGS7,7,2019-05-21,2019-05-29,-1,0.0025,5,0.09003631,3.7248213,6.4245718,1,0.5,1,135.12548,210326.05,-2301.301,67.562741,-2368.8638
2019-05-28_9128286V7_post,2019-05-28_9128286V7,post,DGS2,2,2019-05-28,2019-06-04,1,0.0025,5,1.7905694,3.5852806,1.9481031,1,0.5,1,2791.856,14331151,66073.347,1395.928,64677.419
2019-05-28_912828XT2_post,2019-05-28_912828XT2,post,DGS7,7,2019-05-28,2019-06-04,1,0.0025,5,2,3.7933558,6.4642165,1,0.5,1,2947.3481,4559482.3,44182.966,1473.674,42709.292
2019-05-29_9128286X3_post,2019-05-29_9128286X3,post,DGS7,7,2019-05-29,2019-06-05,1,0.0025,5,0,3.8037671,6.4642165,1,0.5,1,0,0,0,0,0
2019-06-11_9128286Y1_pre,2019-06-11_9128286Y1,pre,DGS3,3,2019-06-04,2019-06-11,-1,0.0025,5,1,3.9799994,2.9057218,1,0.5,1,1404.5655,4833792.2,4591.6739,702.28276,3889.3911
2019-06-12_9128286T2_pre,2019-06-12_9128286T2,pre,DGS10,10,2019-06-05,2019-06-12,-1,0.0025,5,2,3.7333434,8.9685009,1,0.5,1,2994.7258,3339159.9,3038.879,1497.3629,1541.5161
2019-06-13_912810SH2_pre,2019-06-13_912810SH2,pre,DGS30,30,2019-06-06,2019-06-13,-1,0.0025,5,0.35450278,3.3072425,20.6872,1,0.5,1,599.20939,289652.24,-639.57686,299.60469,-939.18155
2019-06-11_9128286Y1_post,2019-06-11_9128286Y1,post,DGS3,3,2019-06-11,2019-06-18,1,0.0025,5,1,4.1509307,2.9042223,1,0.5,1,1346.7269,4637134.3,9103.2335,673.36343,8429.8701
2019-06-12_9128286T2_post,2019-06-12_9128286T2,post,DGS10,10,2019-06-12,2019-06-19,1,0.0025,5,0.35450278,3.7816088,8.9639989,0.5,0.5,1,262.02218,292305.01,2623.5728,131.01109,2492.5617
2019-06-13_912810SH2_post,2019-06-13_912810SH2,post,DGS30,30,2019-06-13,2019-06-20,1,0.0025,5,0.35450278,3.3840353,20.714421,0.5,0.5,1,292.80586,141353.64,2368.8622,146.40293,2222.4592
2019-06-21_9128286T2_pre,2019-06-21_9128286T2,pre,DGS10,10,2019-06-14,2019-06-21,-1,0.0025,5,0.35450278,3.781422,8.9820262,0.5,0.5,1,262.03512,291732.75,-522.97058,131.01756,-653.98814
2019-06-25_9128287A2_pre,2019-06-25_9128287A2,pre,DGS2,2,2019-06-18,2019-06-25,-1,0.0025,5,1.5976143,4.3774912,1.954351,0.5,0.5,1,1020.0975,5219622.6,-14953.076,510.04874,-15463.124
2019-06-26_9128286Z8_pre,2019-06-26_9128286Z8,pre,DGS5,5,2019-06-19,2019-06-26,-1,0.0025,5,1.5976143,3.9207906,4.7649987,1,0.5,1,2277.8405,4780359.1,7095.3354,1138.9202,5956.4152
2019-06-27_9128287B0_pre,2019-06-27_9128287B0,pre,DGS7,7,2019-06-20,2019-06-27,-1,0.0025,5,0.089817945,3.9277011,6.5326624,1,0.5,1,127.83498,195685.88,132.44261,63.917488,68.525121
2019-06-21_9128286T2_post,2019-06-21_9128286T2,post,DGS10,10,2019-06-21,2019-06-28,1,0.0025,5,0,3.5159041,8.9910592,1,0.5,1,0,0,0,0,0
2019-06-25_9128287A2_post,2019-06-25_9128287A2,post,DGS2,2,2019-06-25,2019-07-02,1,0.0025,5,1.5976143,4.5129756,1.9579702,1,0.5,1,1978.9461,10107131,-12512.626,989.47304,-13502.099
2019-06-26_9128286Z8_post,2019-06-26_9128286Z8,post,DGS5,5,2019-06-26,2019-07-03,1,0.0025,5,1.5976143,4.0595845,4.7611558,1,0.5,1,2199.963,4620649,12917.278,1099.9815,11817.296
2019-06-27_9128287B0_post,2019-06-27_9128287B0,post,DGS7,7,2019-06-27,2019-07-05,1,0.0025,5,0.089817945,3.9307566,6.5302849,1,0.5,1,127.73561,195604.95,-645.30032,63.867803,-709.16812
2019-07-09_9128287C8_pre,2019-07-09_9128287C8,pre,DGS3,3,2019-07-01,2019-07-09,-1,0.0025,5,1,4.042011,2.9107285,1,0.5,1,1383.017,4751446.2,19711.598,691.5085,19020.089
2019-07-10_9128286T2_pre,2019-07-10_9128286T2,pre,DGS10,10,2019-07-02,2019-07-10,-1,0.0025,5,0,3.5501253,9.0318677,1,0.5,1,0,0,0,0,0
2019-07-11_912810SH2_pre,2019-07-11_912810SH2,pre,DGS30,30,2019-07-03,2019-07-11,-1,0.0025,5,0.35450278,3.2451615,21.101008,1,0.5,1,610.67245,289404.4,10791.379,305.33623,10486.043
2019-07-09_9128287C8_post,2019-07-09_9128287C8,post,DGS3,3,2019-07-09,2019-07-16,1,0.0025,5,1,4.3456258,2.9037227,1,0.5,1,1286.3901,4430141,4887.2386,643.19505,4244.0436
2019-07-10_9128286T2_post,2019-07-10_9128286T2,post,DGS10,10,2019-07-10,2019-07-17,1,0.0025,5,1.2885547,3.73652,8.9910592,1,0.5,1,1927.7937,2144123.1,1974.1244,963.89687,1010.2275
2019-07-11_912810SH2_post,2019-07-11_912810SH2,post,DGS30,30,2019-07-11,2019-07-18,1,0.0025,5,0.35450278,3.353049,20.605848,1,0.5,1,591.02349,286823.18,5398.072,295.51175,5102.5602
2019-07-23_9128287F1_pre,2019-07-23_9128287F1,pre,DGS2,2,2019-07-16,2019-07-23,-1,0.0025,5,1.4082483,4.7672079,1.9541101,1,0.5,1,1651.3539,8450669.5,-6214.8837,825.67694,-7040.5606
2019-07-24_912828Y87_pre,2019-07-24_912828Y87,pre,DGS5,5,2019-07-17,2019-07-24,-1,0.0025,5,1.4082483,4.2791044,4.7573175,1,0.5,1,1839.7184,3867134.1,-1675.3074,919.85922,-2595.1667
2019-07-25_912828Y95_pre,2019-07-25_912828Y95,pre,DGS7,7,2019-07-18,2019-07-25,-1,0.0025,5,0.35617145,4.1753582,6.5279086,1,0.5,1,476.85943,730493.43,2872.1129,238.42972,2633.6832
2019-07-23_9128287F1_post,2019-07-23_9128287F1,post,DGS2,2,2019-07-23,2019-07-30,1,0.0025,5,1.4082483,4.8715419,1.955074,1,0.5,1,1615.9868,8265604,-3581.333,807.99338,-4389.3263
2019-07-24_912828Y87_post,2019-07-24_912828Y87,post,DGS5,5,2019-07-24,2019-07-31,1,0.0025,5,1.4082483,4.3310729,4.7585964,0.5,0.5,1,908.82185,1909852.8,-1900.6194,454.41092,-2355.0303
2019-07-25_912828Y95_post,2019-07-25_912828Y95,post,DGS7,7,2019-07-25,2019-08-01,1,0.0025,5,0.35617145,4.1599041,6.5136771,0.5,0.5,1,239.31548,367404.59,4320.5524,119.65774,4200.8947
2019-08-06_912828YA2_pre,2019-08-06_912828YA2,pre,DGS3,3,2019-07-30,2019-08-06,-1,0.0025,5,1,4.4752616,2.9067221,0.5,0.5,1,624.56349,2148686.6,-17387.554,312.28174,-17699.836
2019-08-07_912828YB0_pre,2019-08-07_912828YB0,pre,DGS10,10,2019-07-31,2019-08-07,-1,0.0025,5,1.6428837,3.7857897,9.0136982,1,0.5,1,2425.9137,2691363.4,-75850.359,1212.9569,-77063.316
2019-08-08_912810SJ8_pre,2019-08-08_912810SJ8,pre,DGS30,30,2019-08-01,2019-08-08,-1,0.0025,5,2,3.5604545,21.185202,1,0.5,1,3140.144,1482234.6,-60825.136,1570.072,-62395.208
2019-08-06_912828YA2_post,2019-08-06_912828YA2,post,DGS3,3,2019-08-06,2019-08-13,1,0.0025,5,1,5.1192282,2.9207818,1,0.5,1,1091.9947,3738706.8,-6849.3848,545.99734,-7395.3822
2019-08-07_912828YB0_post,2019-08-07_912828YB0,post,DGS10,10,2019-08-07,2019-08-14,1,0.0025,5,1.6428837,4.1430631,9.1558813,1,0.5,1,2216.7172,2421085.5,26642.708,1108.3586,25534.349
2019-08-08_912810SJ8_post,2019-08-08_912810SJ8,post,DGS30,30,2019-08-08,2019-08-15,1,0.0025,5,2,3.8022815,21.729828,1,0.5,1,2940.4293,1353176.5,81543.495,1470.2146,80073.28
2019-08-27_912828YC8_pre,2019-08-27_912828YC8,pre,DGS2,2,2019-08-20,2019-08-27,-1,0.0025,5,1,5.4880198,1.9630552,1,0.5,1,1018.6133,5188918.2,3436.0558,509.30665,2926.7491
2019-08-28_912828YE4_pre,2019-08-28_912828YE4,pre,DGS5,5,2019-08-21,2019-08-28,-1,0.0025,5,1,4.9818881,4.8036784,1,0.5,1,1122.0987,2335915.4,-11023.036,561.04933,-11584.086
2019-08-29_912828YD6_pre,2019-08-29_912828YD6,pre,DGS7,7,2019-08-22,2019-08-29,-1,0.0025,5,0.35617145,4.7797832,6.606986,1,0.5,1,416.55842,630481.76,-4126.5586,208.27921,-4334.8378
2019-08-27_912828YC8_post,2019-08-27_912828YC8,post,DGS2,2,2019-08-27,2019-09-04,1,0.0025,5,1,5.5463889,1.9623275,1,0.5,1,1007.8936,5136215.2,9556.8563,503.94681,9052.9095
2019-08-28_912828YE4_post,2019-08-28_912828YE4,post,DGS5,5,2019-08-28,2019-09-05,1,0.0025,5,1,4.9165637,4.8166737,1,0.5,1,1137.0075,2360565.8,-7094.1469,568.50376,-7662.6507
2019-08-29_912828YD6_post,2019-08-29_912828YD6,post,DGS7,7,2019-08-29,2019-09-06,1,0.0025,5,0.35617145,4.6921921,6.6312202,1,0.5,1,424.33449,639904.09,-1756.4721,212.16724,-1968.6394
2019-09-10_912828YF1_pre,2019-09-10_912828YF1,pre,DGS3,3,2019-09-03,2019-09-10,-1,0.0025,5,1,5.2143598,2.9288627,1,0.5,1,1072.0722,3660370.2,24894.632,536.03608,24358.595
2019-09-11_912828YB0_pre,2019-09-11_912828YB0,pre,DGS10,10,2019-09-04,2019-09-11,-1,0.0025,5,1.5775108,4.3839718,9.2681495,1,0.5,1,2011.5443,2170383.9,55917.552,1005.7721,54911.78
2019-09-12_912810SJ8_pre,2019-09-12_912810SJ8,pre,DGS30,30,2019-09-05,2019-09-12,-1,0.0025,5,0.35450278,4.3425044,22.29476,1,0.5,1,456.35665,204692.34,7163.7346,228.17832,6935.5563
2019-09-10_912828YF1_post,2019-09-10_912828YF1,post,DGS3,3,2019-09-10,2019-09-17,1,0.0025,5,1,5.4098675,2.9172571,1,0.5,1,1033.3284,3542123.3,-7375.3663,516.66422,-7892.0305
2019-09-11_912828YB0_post,2019-09-11_912828YB0,post,DGS10,10,2019-09-11,2019-09-18,1,0.0025,5,1.2885547,4.8261002,9.1373572,0.5,0.5,1,746.27957,816734.59,-3708.4096,373.13979,-4081.5494
2019-09-12_912810SJ8_post,2019-09-12_912810SJ8,post,DGS30,30,2019-09-12,2019-09-19,1,0.0025,5,0.35450278,4.8823445,21.817656,0.5,0.5,1,202.94868,93020.389,45.320949,101.47434,-56.153391
2019-09-24_912828YJ3_pre,2019-09-24_912828YJ3,pre,DGS2,2,2019-09-17,2019-09-24,-1,0.0025,5,1,5.430506,1.9577286,0.5,0.5,1,514.70065,2629070.5,-6079.419,257.35033,-6336.7694
2019-09-25_912828YH7_pre,2019-09-25_912828YH7,pre,DGS5,5,2019-09-18,2019-09-25,-1,0.0025,5,1,5.3847451,4.7765546,1,0.5,1,1038.1494,2173427.3,-8211.6942,519.0747,-8730.7689
2019-09-26_912828YG9_pre,2019-09-26_912828YG9,pre,DGS7,7,2019-09-19,2019-09-26,-1,0.0025,5,0.59175171,5.2876575,6.5660785,1,0.5,1,625.60644,952785.52,-4986.2864,312.80322,-5299.0897
2019-09-24_912828YJ3_post,2019-09-24_912828YJ3,post,DGS2,2,2019-09-24,2019-10-01,1,0.0025,5,1,5.3794965,1.9606312,1,0.5,1,1039.1623,5300141.7,3982.1114,519.58114,3462.5303
2019-09-25_912828YH7_post,2019-09-25_912828YH7,post,DGS5,5,2019-09-25,2019-10-02,1,0.0025,5,1,5.3621397,4.786861,1,0.5,1,1042.526,2177890.6,17667.48,521.26299,17146.217
2019-09-26_912828YG9_post,2019-09-26_912828YG9,post,DGS7,7,2019-09-26,2019-10-03,1,0.0025,5,0.59175171,5.4187371,6.5852836,1,0.5,1,610.47299,927026.11,12231.584,305.23649,11926.348
2019-10-08_912828YK0_pre,2019-10-08_912828YK0,pre,DGS3,3,2019-10-01,2019-10-08,-1,0.0025,5,1,5.5184334,2.9222944,1,0.5,1,1012.9994,3466452.4,-12986.555,506.49972,-13493.055
2019-10-09_912828YB0_pre,2019-10-09_912828YB0,pre,DGS10,10,2019-10-02,2019-10-09,-1,0.0025,5,1.2885547,5.0845951,9.2070974,1,0.5,1,1416.6792,1538681.6,-1404.1944,708.33958,-2112.534
2019-10-10_912810SJ8_pre,2019-10-10_912810SJ8,pre,DGS30,30,2019-10-03,2019-10-10,-1,0.0025,5,0.35450278,5.3031011,22.355443,1,0.5,1,373.69281,167159.65,4409.8615,186.84641,4223.0151
2019-10-08_912828YK0_post,2019-10-08_912828YK0,post,DGS3,3,2019-10-08,2019-10-16,1,0.0025,5,1,5.6046792,2.9288627,1,0.5,1,997.41122,3405455.7,-18977.664,498.70561,-19476.369
2019-10-09_912828YB0_post,2019-10-09_912828YB0,post,DGS10,10,2019-10-09,2019-10-17,1,0.0025,5,1.2885547,5.1033112,9.2117734,1,0.5,1,1411.4836,1532260.4,-23806.948,705.74179,-24512.69
2019-10-10_912810SJ8_post,2019-10-10_912810SJ8,post,DGS30,30,2019-10-10,2019-10-18,1,0.0025,5,0.35450278,5.2441789,21.994843,1,0.5,1,377.89152,171809.15,-3349.1673,188.94576,-3538.1131
2019-10-22_912828YP9_pre,2019-10-22_912828YP9,pre,DGS2,2,2019-10-15,2019-10-22,-1,0.0025,5,1,5.7441692,1.960389,1,0.5,1,973.19033,4964271.5,-940.58365,486.59516,-1427.1788
2019-10-23_912828YM6_pre,2019-10-23_912828YM6,pre,DGS5,5,2019-10-16,2019-10-23,-1,0.0025,5,1,5.6323069,4.7907343,1,0.5,1,992.5187,2071746.5,1006.5269,496.25935,510.26758
2019-10-24_912828YQ7_pre,2019-10-24_912828YQ7,pre,DGS7,7,2019-10-17,2019-10-24,-1,0.0025,5,0.59175171,5.5400698,6.5828786,1,0.5,1,597.10306,907054.65,586.72666,298.55153,288.17513
2019-10-22_912828YP9_post,2019-10-22_912828YP9,post,DGS2,2,2019-10-22,2019-10-29,1,0.0025,5,1,5.7495763,1.9606312,1,0.5,1,972.27512,4958990.5,-3898.1926,486.13756,-4384.3302
2019-10-23_912828YM6_post,2019-10-23_912828YM6,post,DGS5,5,2019-10-23,2019-10-30,1,0.0025,5,1,5.6457324,4.7894427,0.5,0.5,1,495.07926,1033688.7,-1480.1284,247.53963,-1727.6681
2019-10-24_912828YQ7_post,2019-10-24_912828YQ7,post,DGS7,7,2019-10-24,2019-10-31,1,0.0025,5,0.59175171,5.5551676,6.5804748,0.5,0.5,1,297.74013,452459.95,2101.8127,148.87006,1952.9427
2019-11-05_912828TY6_pre,2019-11-05_912828TY6,pre,DGS10,10,2019-10-29,2019-11-05,-1,0.0025,5,1.3459778,5.1364159,9.0958718,0.5,0.5,1,732.44115,805245.69,1386.4995,366.22058,1020.2789
2019-11-06_912828YS3_pre,2019-11-06_912828YS3,pre,DGS10,10,2019-10-30,2019-11-06,-1,0.0025,5,1.3350558,5.1121877,9.123499,1,0.5,1,1459.8817,1600133.5,4221.8032,729.94083,3491.8624
2019-11-07_912810SK5_pre,2019-11-07_912810SK5,pre,DGS30,30,2019-10-31,2019-11-07,-1,0.0025,5,2,5.2071225,21.965169,1,0.5,1,2147.1244,977513.29,48182.31,1073.5622,47108.747
2019-11-05_912828TY6_post,2019-11-05_912828TY6,post,DGS10,10,2019-11-05,2019-11-13,1,0.0025,5,2,5.1752071,9.086689,1,0.5,1,2160.3657,2377505.9,-4034.7527,1080.1829,-5114.9355
2019-11-06_912828YS3_post,2019-11-06_912828YS3,post,DGS10,10,2019-11-06,2019-11-14,1,0.0025,5,1.3350558,5.2458216,9.1096705,1,0.5,1,1422.6921,1561738.3,-1231.9043,711.34606,-1943.2503
2019-11-07_912810SK5_post,2019-11-07_912810SK5,post,DGS30,30,2019-11-07,2019-11-15,1,0.0025,5,2,5.2168783,21.298215,1,0.5,1,2143.1092,1006238.9,19674.075,1071.5546,18602.521
2019-11-25_912828YT1_pre,2019-11-25_912828YT1,pre,DGS2,2,2019-11-18,2019-11-25,-1,0.0025,5,1,5.010131,1.9606312,1,0.5,1,1115.7732,5690887.9,1061.1099,557.88661,503.22325
2019-11-26_912828YV6_pre,2019-11-26_912828YV6,pre,DGS5,5,2019-11-19,2019-11-26,-1,0.0025,5,1,5.2006084,4.7829923,1,0.5,1,1074.9069,2247352.4,-5408.5372,537.45346,-5945.9907
2019-11-27_912828YU8_pre,2019-11-27_912828YU8,pre,DGS7,7,2019-11-20,2019-11-27,-1,0.0025,5,1,5.1900328,6.5828786,1,0.5,1,1077.0972,1636210.1,5327.56,538.54861,4789.0114
2019-11-25_912828YT1_post,2019-11-25_912828YT1,post,DGS2,2,2019-11-25,2019-12-03,1,0.0025,5,1,4.7744612,1.960389,1,0.5,1,1170.8483,5972530.5,9405.4321,585.42416,8820.0079
2019-11-26_912828YV6_post,2019-11-26_912828YV6,post,DGS5,5,2019-11-26,2019-12-04,1,0.0025,5,1,5.0330826,4.7894427,1,0.5,1,1110.6851,2319027.9,-2169.0005,555.34255,-2724.3431
2019-11-27_912828YU8_post,2019-11-27_912828YU8,post,DGS7,7,2019-11-27,2019-12-05,1,0.0025,5,1,5.025247,6.5708722,1,0.5,1,1112.417,1692951.7,-2122.4455,556.20848,-2678.654
2019-12-09_912828YW4_pre,2019-12-09_912828YW4,pre,DGS3,3,2019-12-02,2019-12-09,-1,0.0025,5,1,4.8120318,2.9162513,1,0.5,1,1161.7068,3983562,-73.639197,580.85339,-654.49259
2019-12-10_912828YS3_pre,2019-12-10_912828YS3,pre,DGS10,10,2019-12-03,2019-12-10,-1,0.0025,5,0.93859366,4.9820015,9.1512453,1,0.5,1,1053.1707,1150849.6,13565.645,526.58535,13039.06
2019-12-12_912810SK5_pre,2019-12-12_912810SK5,pre,DGS30,30,2019-12-05,2019-12-12,-1,0.0025,5,0.35450278,5.0779239,21.759048,0.5,0.5,1,195.13199,89678.552,1524.293,97.565994,1426.727
2019-12-09_912828YW4_post,2019-12-09_912828YW4,post,DGS3,3,2019-12-09,2019-12-16,1,0.0025,5,1,4.6081174,2.9162513,0.5,0.5,1,606.55681,2079919.6,-2369.7774,303.2784,-2673.0558
2019-12-10_912828YS3_post,2019-12-10_912828YS3,post,DGS10,10,2019-12-10,2019-12-17,1,0.0025,5,0.38593656,4.8693669,9.0912788,0.5,0.5,1,221.533,243676.39,-855.32854,110.7665,-966.09504
2019-12-12_912810SK5_post,2019-12-12_912810SK5,post,DGS30,30,2019-12-12,2019-12-19,1,0.0025,5,0.35450278,4.4886549,21.52686,1,0.5,1,441.49769,205091.54,-1271.7331,220.74885,-1492.4819
2019-12-23_912828YZ7_pre,2019-12-23_912828YZ7,pre,DGS2,2,2019-12-16,2019-12-23,-1,0.0025,5,1,4.4206437,1.9594209,1,0.5,1,1264.5602,6453744.4,-1370.1713,632.28009,-2002.4514
2019-12-24_912828YY0_pre,2019-12-24_912828YY0,pre,DGS5,5,2019-12-17,2019-12-24,-1,0.0025,5,1,4.974057,4.7726981,1,0.5,1,1123.8653,2354779.8,1036.1267,561.93264,474.19411
2019-12-26_912828YX2_pre,2019-12-26_912828YX2,pre,DGS7,7,2019-12-18,2019-12-26,-1,0.0025,5,1,5.0348784,6.5350411,1,0.5,1,1110.289,1698977.8,-1223.5071,555.14449,-1778.6516
2019-12-23_912828YZ7_post,2019-12-23_912828YZ7,post,DGS2,2,2019-12-23,2019-12-31,1,0.0025,5,1,4.2243242,1.9596629,1,0.5,1,1323.3288,6752839.1,8018.1145,661.6644,7356.4501
2019-12-24_912828YY0_post,2019-12-24_912828YY0,post,DGS5,5,2019-12-24,2020-01-02,1,0.0025,5,1,4.7393949,4.7714136,1,0.5,1,1179.5113,2472037.5,5991.7351,589.75566,5401.9794
2019-12-26_912828YX2_post,2019-12-26_912828YX2,post,DGS7,7,2019-12-26,2020-01-03,1,0.0025,5,1,4.830342,6.5374211,1,0.5,1,1157.3031,1770274.7,16366.112,578.65157,15787.461
2020-01-07_912828Z29_pre,2020-01-07_912828Z29,pre,DGS3,3,2019-12-30,2020-01-07,-1,0.0025,5,1,4.3564356,2.9182635,1,0.5,1,1283.1981,4397129,-5192.015,641.59906,-5833.614
2020-01-08_912828YS3_pre,2020-01-08_912828YS3,pre,DGS10,10,2019-12-31,2020-01-08,-1,0.0025,5,0.38593656,4.7166911,9.0592196,1,0.5,1,457.40773,504908.53,-2337.2655,228.70386,-2565.9694
2020-01-09_912810SK5_pre,2020-01-09_912810SK5,pre,DGS30,30,2020-01-02,2020-01-09,-1,0.0025,5,0.35450278,4.3627856,21.498087,1,0.5,1,454.23519,211290.98,2205.3681,227.1176,1978.2505
2020-01-07_912828Z29_post,2020-01-07_912828Z29,post,DGS3,3,2020-01-07,2020-01-14,1,0.0025,5,1,4.0279742,2.9202779,1,0.5,1,1387.8366,4752412.7,-5474.9811,693.91829,-6168.8994
2020-01-08_912828YS3_post,2020-01-08_912828YS3,post,DGS10,10,2020-01-08,2020-01-15,1,0.0025,5,0.38593656,4.7174098,9.0821026,1,0.5,1,457.33805,503559.66,3699.3601,228.66902,3470.6911
2020-01-09_912810SK5_post,2020-01-09_912810SK5,post,DGS30,30,2020-01-09,2020-01-16,1,0.0025,5,0.35450278,4.4585663,21.355048,1,0.5,1,444.47713,208136.8,5448.0787,222.23857,5225.8401
2020-01-27_912828Z52_pre,2020-01-27_912828Z52,pre,DGS5,5,2020-01-17,2020-01-27,-1,0.0025,5,1,4.2946228,4.7829923,1,0.5,1,1301.6673,2721449.6,-24812.917,650.83363,-25463.751
2020-01-27_912828Z60_pre,2020-01-27_912828Z60,pre,DGS2,2,2020-01-17,2020-01-27,-1,0.0025,5,1,3.2935479,1.9611156,1,0.5,1,1697.3095,8654816,-23719.454,848.65473,-24568.109
2020-01-28_912828Z78_pre,2020-01-28_912828Z78,pre,DGS7,7,2020-01-21,2020-01-28,-1,0.0025,5,1,4.4829873,6.575671,1,0.5,1,1246.9743,1896345.3,-16299.669,623.48715,-16923.156
2020-01-27_912828Z52_post,2020-01-27_912828Z52,post,DGS5,5,2020-01-27,2020-02-03,1,0.0025,5,1,4.3119529,4.8075716,0.5,0.5,1,648.21788,1348327,5810.5218,324.10894,5486.4128
2020-01-27_912828Z60_post,2020-01-27_912828Z60,post,DGS2,2,2020-01-27,2020-02-03,1,0.0025,5,1,3.2435943,1.9645119,0.5,0.5,1,861.72459,4386456.4,6777.6052,430.8623,6346.7429
2020-01-28_912828Z78_post,2020-01-28_912828Z78,post,DGS7,7,2020-01-28,2020-02-04,1,0.0025,5,1,4.6435363,6.606986,0.5,0.5,1,601.93025,911051.2,2413.0554,300.96513,2112.0903
2020-02-11_912828Z86_pre,2020-02-11_912828Z86,pre,DGS3,3,2020-02-04,2020-02-11,-1,0.0025,5,1,3.7969286,2.9278507,1,0.5,1,1472.2874,5028560.2,-1330.407,736.14368,-2066.5507
2020-02-12_912828Z94_pre,2020-02-12_912828Z94,pre,DGS10,10,2020-02-05,2020-02-12,-1,0.0025,5,1.0297587,4.53346,9.1791112,1,0.5,1,1269.7865,1383343.6,-5117.9105,634.89325,-5752.8038
2020-02-13_912810SL3_pre,2020-02-13_912810SL3,pre,DGS30,30,2020-02-06,2020-02-13,-1,0.0025,5,2,4.6060633,22.144076,1,0.5,1,2427.3092,1096143.8,-9948.0816,1213.6546,-11161.736
2020-02-11_912828Z86_post,2020-02-11_912828Z86,post,DGS3,3,2020-02-11,2020-02-19,1,0.0025,5,1,3.6519092,2.9283566,1,0.5,1,1530.7527,5227344,-186.21279,765.37636,-951.58916
2020-02-12_912828Z94_post,2020-02-12_912828Z94,post,DGS10,10,2020-02-12,2020-02-20,1,0.0025,5,1.0297587,4.3549764,9.1977552,1,0.5,1,1321.8272,1437119.4,13266.814,660.91362,12605.9
2020-02-13_912810SL3_post,2020-02-13_912810SL3,post,DGS30,30,2020-02-13,2020-02-21,1,0.0025,5,2,4.4301229,22.264506,1,0.5,1,2523.7088,1133512.1,43673.338,1261.8544,42411.484
2020-02-25_912828ZA1_pre,2020-02-25_912828ZA1,pre,DGS2,2,2020-02-18,2020-02-25,-1,0.0025,5,1,3.1423839,1.965241,1,0.5,1,1778.9583,9052113,-37017.36,889.47917,-37906.839
2020-02-26_912828ZC7_pre,2020-02-26_912828ZC7,pre,DGS5,5,2020-02-19,2020-02-26,-1,0.0025,5,1,4.0555465,4.8114694,1,0.5,1,1378.4011,2864823.6,-37221.87,689.20057,-37911.071
2020-02-27_912828ZB9_pre,2020-02-27_912828ZB9,pre,DGS7,7,2020-02-20,2020-02-27,-1,0.0025,5,1,4.3016223,6.6336506,1,0.5,1,1299.5492,1959025.7,-29965.187,649.77461,-30614.961
2020-02-25_912828ZA1_post,2020-02-25_912828ZA1,post,DGS2,2,2020-02-25,2020-03-03,1,0.0025,5,1,3.2795807,1.9703563,1,0.5,1,1704.538,8650912.7,83174.834,852.269,82322.565
2020-02-26_912828ZC7_post,2020-02-26_912828ZC7,post,DGS5,5,2020-02-26,2020-03-04,1,0.0025,5,1,4.2558036,4.8467587,1,0.5,1,1313.5404,2710141.9,51423.126,656.7702,50766.356
2020-02-27_912828ZB9_post,2020-02-27_912828ZB9,post,DGS7,7,2020-02-27,2020-03-05,1,0.0025,5,1,4.4810965,6.6899045,1,0.5,1,1247.5005,1864750.8,51600.599,623.75023,50976.849
2020-03-10_912828ZD5_pre,2020-03-10_912828ZD5,pre,DGS3,3,2020-03-03,2020-03-10,-1,0.0025,5,1,4.6680486,2.96256,1,0.5,1,1197.5389,4042243.7,-16815.674,598.76946,-17414.444
2020-03-11_912828Z94_pre,2020-03-11_912828Z94,pre,DGS10,10,2020-03-04,2020-03-11,-1,0.0025,5,0.93859366,4.6782041,9.4839545,1,0.5,1,1121.5625,1182589.5,-22990.59,560.78123,-23551.371
2020-03-12_912810SL3_pre,2020-03-12_912810SL3,pre,DGS30,30,2020-03-05,2020-03-12,-1,0.0025,5,0.35450278,4.4850977,23.885148,1,0.5,1,441.84784,184988.53,-4069.6037,220.92392,-4290.5276
2020-03-10_912828ZD5_post,2020-03-10_912828ZD5,post,DGS3,3,2020-03-10,2020-03-17,1,0.0025,5,1,5.0592813,2.969784,1,0.5,1,1104.9336,3720585.8,4592.2032,552.4668,4039.7364
2020-03-11_912828Z94_post,2020-03-11_912828Z94,post,DGS10,10,2020-03-11,2020-03-18,1,0.0025,5,0.38593656,6.4442634,9.5821445,1,0.5,1,334.78628,349385.55,-11762.988,167.39314,-11930.381
2020-03-12_912810SL3_post,2020-03-12_912810SL3,post,DGS30,30,2020-03-12,2020-03-19,1,0.0025,5,0.35450278,7.7575551,24.120509,1,0.5,1,255.45816,105909.11,-6953.7524,127.72908,-7081.4815
2020-03-24_912828ZG8_pre,2020-03-24_912828ZG8,pre,DGS2,2,2020-03-17,2020-03-24,-1,0.0025,5,1,5.2821788,1.988305,1,0.5,1,1058.3076,5322662.3,-9868.5204,529.1538,-10397.674
2020-03-25_912828ZF0_pre,2020-03-25_912828ZF0,pre,DGS5,5,2020-03-18,2020-03-25,-1,0.0025,5,1,6.4382333,4.8930695,1,0.5,1,868.27701,1774503.7,-20279.376,434.13851,-20713.514
2020-03-26_912828ZE3_pre,2020-03-26_912828ZE3,pre,DGS7,7,2020-03-19,2020-03-26,-1,0.0025,5,1,7.4261715,6.7443539,1,0.5,1,752.76607,1116142.6,-21454.093,376.38304,-21830.476
2020-03-24_912828ZG8_post,2020-03-24_912828ZG8,post,DGS2,2,2020-03-24,2020-03-31,1,0.0025,5,1,5.8349231,1.990536,1,0.5,1,958.05375,4813044.1,14609.431,479.02687,14130.404
2020-03-25_912828ZF0_post,2020-03-25_912828ZF0,post,DGS5,5,2020-03-25,2020-04-01,1,0.0025,5,1,7.492369,4.9238546,1,0.5,1,746.11514,1515307,14334.69,373.05757,13961.633
2020-03-26_912828ZE3_post,2020-03-26_912828ZE3,post,DGS7,7,2020-03-26,2020-04-02,1,0.0025,5,1,8.262826,6.814574,1,0.5,1,676.54455,992790.68,13018.5,338.27228,12680.228
2020-04-06_912828ZH6_pre,2020-04-06_912828ZH6,pre,DGS3,3,2020-03-30,2020-04-06,-1,0.0025,5,1,6.8291499,2.9848337,1,0.5,1,818.57479,2742446.9,4794.4402,409.2874,4385.1528
2020-04-07_912828Z94_pre,2020-04-07_912828Z94,pre,DGS10,10,2020-03-31,2020-04-07,-1,0.0025,5,0.38593656,8.9081312,9.6417458,1,0.5,1,242.18895,251187.86,1173.0103,121.09448,1051.9158
2020-04-08_912810SL3_pre,2020-04-08_912810SL3,pre,DGS30,30,2020-04-01,2020-04-08,-1,0.0025,5,0.35450278,10.585394,24.881785,1,0.5,1,187.2137,75241.265,1833.6782,93.60685,1740.0714
2020-04-06_912828ZH6_post,2020-04-06_912828ZH6,post,DGS3,3,2020-04-06,2020-04-14,1,0.0025,5,2,6.745976,2.9817104,1,0.5,1,1657.3347,5558335.4,10068.621,828.66733,9239.9534
2020-04-07_912828Z94_post,2020-04-07_912828Z94,post,DGS10,10,2020-04-07,2020-04-15,1,0.0025,5,0.57015559,8.9100337,9.6168488,1,0.5,1,357.71657,371968.59,4366.1195,178.85828,4187.2613
2020-04-08_912810SL3_post,2020-04-08_912810SL3,post,DGS30,30,2020-04-08,2020-04-16,1,0.0025,5,1,10.54482,24.531634,1,0.5,1,530.13424,216102.29,8729.1175,265.06712,8464.0504
2020-04-27_912828ZL7_pre,2020-04-27_912828ZL7,pre,DGS5,5,2020-04-20,2020-04-27,-1,0.0025,5,1,7.6279852,4.95221,1,0.5,1,732.85013,1479844.6,4315.1171,366.42506,3948.692
2020-04-27_912828ZM5_pre,2020-04-27_912828ZM5,pre,DGS2,2,2020-04-20,2020-04-27,-1,0.0025,5,1,5.9832865,1.99501,1,0.5,1,934.29755,4683172.3,3638.4472,467.14878,3171.2984
2020-04-28_912828ZN3_pre,2020-04-28_912828ZN3,pre,DGS7,7,2020-04-21,2020-04-28,-1,0.0025,5,1,8.5245408,6.8755965,1,0.5,1,655.77373,953769.95,2538.0561,327.88686,2210.1692
2020-04-27_912828ZL7_post,2020-04-27_912828ZL7,post,DGS5,5,2020-04-27,2020-05-04,1,0.0025,5,2,7.5814783,4.9440842,0.5,0.5,1,737.34563,1491369.5,3762.4184,368.67282,3393.7456
2020-04-27_912828ZM5_post,2020-04-27_912828ZM5,post,DGS2,2,2020-04-27,2020-05-04,1,0.0025,5,2,6.0056471,1.9940144,0.5,0.5,1,930.81893,4668065.3,4731.9473,465.40946,4266.5378
2020-04-28_912828ZN3_post,2020-04-28_912828ZN3,post,DGS7,7,2020-04-28,2020-05-05,1,0.0025,5,2,8.5060796,6.8653721,0.5,0.5,1,657.197,957263.48,-581.29167,328.5985,-909.89017
2020-05-11_912828ZP8_pre,2020-05-11_912828ZP8,pre,DGS3,3,2020-05-04,2020-05-11,-1,0.0025,5,2,6.6408256,2.9874402,1,0.5,1,1683.5768,5635516.3,-121.16626,841.7884,-962.95465
2020-05-12_912828ZQ6_pre,2020-05-12_912828ZQ6,pre,DGS10,10,2020-05-05,2020-05-12,-1,0.0025,5,0.8867723,9.0300659,9.6617287,1,0.5,1,548.96696,568187.1,1556.1162,274.48348,1281.6327
2020-05-13_912810SN9_pre,2020-05-13_912810SN9,pre,DGS30,30,2020-05-06,2020-05-13,-1,0.0025,5,2,10.707342,24.393506,1,0.5,1,1044.1751,428054.53,-6554.3488,522.08754,-7076.4363
2020-05-11_912828ZP8_post,2020-05-11_912828ZP8,post,DGS3,3,2020-05-11,2020-05-18,1,0.0025,5,2,6.6089094,2.9874402,1,0.5,1,1691.7072,5662731.7,108.71162,845.85362,-737.142
2020-05-12_912828ZQ6_post,2020-05-12_912828ZQ6,post,DGS10,10,2020-05-12,2020-05-19,1,0.0025,5,2,9.1697119,9.6467361,1,0.5,1,1219.2684,1263918.1,-1046.7208,609.6342,-1656.355
2020-05-13_912810SN9_post,2020-05-13_912810SN9,post,DGS30,30,2020-05-13,2020-05-20,1,0.0025,5,2,10.915236,24.60111,1,0.5,1,1024.2875,416358.26,-4871.7825,512.14376,-5383.9263
2020-05-20_912810SR0_pre,2020-05-20_912810SR0,pre,DGS20,20,2020-05-13,2020-05-20,-1,0.0025,5,1,10.604284,17.961772,1,0.5,1,527.16145,293490.78,6185.4274,263.58073,5921.8466
2020-05-26_912828ZR4_pre,2020-05-26_912828ZR4,pre,DGS2,2,2020-05-18,2020-05-26,-1,0.0025,5,2,5.8147242,1.9955081,1,0.5,1,1922.7636,9635458.8,-108.52201,961.3818,-1069.9038
2020-05-27_912828ZT0_pre,2020-05-27_912828ZT0,pre,DGS5,5,2020-05-19,2020-05-27,-1,0.0025,5,2,7.5497596,4.95221,1,0.5,1,1480.8869,2990355.6,-1627.7105,740.44344,-2368.1539
2020-05-20_912810SR0_post,2020-05-20_912810SR0,post,DGS20,20,2020-05-20,2020-05-28,1,0.0025,5,1,10.693086,17.751364,1,0.5,1,522.78359,294503.34,-1996.4086,261.3918,-2257.8004
2020-05-28_912828ZS2_pre,2020-05-28_912828ZS2,pre,DGS7,7,2020-05-20,2020-05-28,-1,0.0025,5,2,8.4027168,6.8628194,1,0.5,1,1330.5625,1938798.7,1157.0209,665.28125,491.73968
2020-05-26_912828ZR4_post,2020-05-26_912828ZR4,post,DGS2,2,2020-05-26,2020-06-02,1,0.0025,5,2,5.7353104,1.9955081,1,0.5,1,1949.3871,9768875.8,1981.187,974.69353,1006.4935
2020-05-27_912828ZT0_post,2020-05-27_912828ZT0,post,DGS5,5,2020-05-27,2020-06-03,1,0.0025,5,2,6.9689383,4.9535662,1,0.5,1,1604.3103,3238697.7,-6290.3359,802.15517,-7092.491
2020-05-28_912828ZS2_post,2020-05-28_912828ZS2,post,DGS7,7,2020-05-28,2020-06-04,1,0.0025,5,2,8.0601377,6.860268,1,0.5,1,1387.1153,2021954.9,-12291.109,693.55763,-12984.666
2020-06-08_912828ZU7_pre,2020-06-08_912828ZU7,pre,DGS3,3,2020-06-01,2020-06-08,-1,0.0025,5,2,5.7060529,2.9895279,1,0.5,1,1959.3825,6554153.3,17464.229,979.69123,16484.537
2020-06-09_912828ZQ6_pre,2020-06-09_912828ZQ6,pre,DGS10,10,2020-06-02,2020-06-09,-1,0.0025,5,2,8.8554621,9.65173,1,0.5,1,1262.536,1308093,19873.783,631.26801,19242.515
2020-06-11_912810SN9_pre,2020-06-11_912810SN9,pre,DGS30,30,2020-06-04,2020-06-11,-1,0.0025,5,1.5504819,9.4929501,23.71901,0.5,0.5,1,456.52074,192470.4,-9401.1525,228.26037,-9629.4129
2020-06-08_912828ZU7_post,2020-06-08_912828ZU7,post,DGS3,3,2020-06-08,2020-06-15,1,0.0025,5,2,4.8485247,2.9848337,0.5,0.5,1,1152.9631,3862738.1,8119.431,576.48153,7542.9495
2020-06-09_912828ZQ6_post,2020-06-09_912828ZQ6,post,DGS10,10,2020-06-09,2020-06-16,1,0.0025,5,1.9486833,7.7656349,9.5722613,0.5,0.5,1,701.38958,732731.34,6440.6396,350.69479,6089.9448
2020-06-17_912810SR0_pre,2020-06-17_912810SR0,pre,DGS20,20,2020-06-10,2020-06-17,-1,0.0025,5,1,8.8254255,17.544373,1,0.5,1,633.41648,361036.83,-776.80437,316.70824,-1093.5126
2020-06-11_912810SN9_post,2020-06-11_912810SN9,post,DGS30,30,2020-06-11,2020-06-18,1,0.0025,5,1.5504819,8.0052772,24.393506,1,0.5,1,1082.7179,443854.98,-6263.7234,541.35897,-6805.0823
2020-06-23_912828ZX1_pre,2020-06-23_912828ZX1,pre,DGS2,2,2020-06-16,2020-06-23,-1,0.0025,5,2,2.745052,1.994761,1,0.5,1,4072.9063,20418017,-12339.481,2036.4532,-14375.934
2020-06-17_912810SR0_post,2020-06-17_912810SR0,post,DGS20,20,2020-06-17,2020-06-24,1,0.0025,5,1,6.5117018,17.561493,1,0.5,1,858.48065,488842.63,7885.0462,429.24032,7455.8059
2020-06-24_912828ZW3_pre,2020-06-24_912828ZW3,pre,DGS5,5,2020-06-17,2020-06-24,-1,0.0025,5,2,4.3268966,4.9535662,1,0.5,1,2583.9166,5216275.6,-2763.6667,1291.9583,-4055.625
2020-06-25_912828ZV5_pre,2020-06-25_912828ZV5,pre,DGS7,7,2020-06-18,2020-06-25,-1,0.0025,5,2,4.4965775,6.860268,1,0.5,1,2486.411,3624364.3,-2753.7127,1243.2055,-3996.9182
2020-06-23_912828ZX1_post,2020-06-23_912828ZX1,post,DGS2,2,2020-06-23,2020-06-30,1,0.0025,5,2,1.8364637,1.9955081,1,0.5,0.6775357,4124.8185,20670518,8331.3077,2062.4092,6268.8985
2020-06-24_912828ZW3_post,2020-06-24_912828ZW3,post,DGS5,5,2020-06-24,2020-07-01,1,0.0025,5,2,3.1324797,4.9549229,1,0.5,0.79201756,2826.8421,5705118.2,5821.5549,1413.421,4408.1339
2020-06-25_912828ZV5_post,2020-06-25_912828ZV5,post,DGS7,7,2020-06-25,2020-07-02,1,0.0025,5,2,3.8501229,6.8628194,1,0.5,0.85655252,2487.3357,3624364.3,7720.4495,1243.6679,6476.7817
2020-07-07_912828ZY9_pre,2020-07-07_912828ZY9,pre,DGS3,3,2020-06-29,2020-07-07,-1,0.0025,5,2,2.2080362,2.9905726,1,0.5,0,0,0,0,0,0
2020-07-08_912828ZQ6_pre,2020-07-08_912828ZQ6,pre,DGS10,10,2020-06-30,2020-07-08,-1,0.0025,5,1.6795209,4.612039,9.6617287,1,0.5,1,2035.7172,2106990.7,1771.9081,1017.8586,754.04945
2020-07-09_912810SN9_pre,2020-07-09_912810SN9,pre,DGS30,30,2020-07-01,2020-07-09,-1,0.0025,5,1.3597215,5.4340161,24.324852,1,0.5,1,1398.795,575047.69,-15769.196,699.39749,-16468.593
2020-07-07_912828ZY9_post,2020-07-07_912828ZY9,post,DGS3,3,2020-07-07,2020-07-14,1,0.0025,5,2,2.079969,2.9900502,1,0.5,1,5375.2434,17977101,177.94302,2687.6217,-2509.6787
2020-07-08_912828ZQ6_post,2020-07-08_912828ZQ6,post,DGS10,10,2020-07-08,2020-07-15,1,0.0025,5,1.6795209,4.4625244,9.6567275,1,0.5,1,2103.9229,2178712.1,6545.5492,1051.9614,5493.5878
2020-07-09_912810SN9_post,2020-07-09_912810SN9,post,DGS30,30,2020-07-09,2020-07-16,1,0.0025,5,1.3597215,5.4087186,24.705841,1,0.5,1,1405.3374,568827.99,1558.0289,702.66869,855.3602
2020-07-22_912810SR0_pre,2020-07-22_912810SR0,pre,DGS20,20,2020-07-15,2020-07-22,-1,0.0025,5,1,5.0371221,17.891252,1,0.5,1,1109.7944,620300.02,-3455.8519,554.89721,-4010.7491
2020-07-27_91282CAB7_pre,2020-07-27_91282CAB7,pre,DGS5,5,2020-07-20,2020-07-27,-1,0.0025,5,2,2.7275535,4.9603552,1,0.5,0.65243093,2674.3378,5391424.1,2501.1878,1337.1689,1164.0189
2020-07-27_91282CAC5_pre,2020-07-27_91282CAC5,pre,DGS2,2,2020-07-20,2020-07-27,-1,0.0025,5,2,1.5234513,1.9960064,1,0.5,0.65243093,4788.0752,23988276,-4916.8524,2394.0376,-7310.89
2020-07-28_91282CAD3_pre,2020-07-28_91282CAD3,pre,DGS7,7,2020-07-21,2020-07-28,-1,0.0025,5,2,3.2566317,6.8832791,1,0.5,0,0,0,0,0,0
2020-07-22_912810SR0_post,2020-07-22_912810SR0,post,DGS20,20,2020-07-22,2020-07-29,1,0.0025,5,1,4.8972205,17.944106,0.5,0.5,1,570.74926,318070.61,2930.6793,285.37463,2645.3046
2020-07-27_91282CAB7_post,2020-07-27_91282CAB7,post,DGS5,5,2020-07-27,2020-08-03,1,0.0025,5,2,2.6026388,4.9589963,0.5,0.5,1,2147.8854,4331290.6,17318.754,1073.9427,16244.811
2020-07-27_91282CAC5_post,2020-07-27_91282CAC5,post,DGS2,2,2020-07-27,2020-08-03,1,0.0025,5,2,1.5036678,1.9962556,0.5,0.5,1,3717.6894,18623313,14937.037,1858.8447,13078.192
2020-07-28_91282CAD3_post,2020-07-28_91282CAD3,post,DGS7,7,2020-07-28,2020-08-04,1,0.0025,5,2,3.1681234,6.8858426,0.5,0.5,1,1764.5051,2562511.6,14293.675,882.25257,13411.422
2020-08-11_91282CAF8_pre,2020-08-11_91282CAF8,pre,DGS3,3,2020-08-04,2020-08-11,-1,0.0025,5,2,1.6944576,2.994757,1,0.5,1,6598.1823,22032446,52538.393,3299.0911,49239.302
2020-08-12_91282CAE1_pre,2020-08-12_91282CAE1,pre,DGS10,10,2020-08-05,2020-08-12,-1,0.0025,5,2,3.6410637,9.7169822,1,0.5,1,3070.6247,3160060,42485.657,1535.3123,40950.345
2020-08-13_912810SP4_pre,2020-08-13_912810SP4,pre,DGS30,30,2020-08-06,2020-08-13,-1,0.0025,5,2,4.3795557,25.131065,1,0.5,1,2552.8479,1015813.7,54865.345,1276.424,53588.921
2020-08-11_91282CAF8_post,2020-08-11_91282CAF8,post,DGS3,3,2020-08-11,2020-08-18,1,0.0025,5,2,1.6903682,2.9905726,1,0.5,1,6614.1447,22116650,6949.4081,3307.0724,3642.3357
2020-08-12_91282CAE1_post,2020-08-12_91282CAE1,post,DGS10,10,2020-08-12,2020-08-19,1,0.0025,5,2,3.6125957,9.6467361,1,0.5,1,3094.8218,3208154.3,3469.4789,1547.4109,1922.068
2020-08-19_912810SQ2_pre,2020-08-19_912810SQ2,pre,DGS20,20,2020-08-12,2020-08-19,-1,0.0025,5,1,4.4198768,17.821117,1,0.5,1,1264.7796,709708.37,6126.4197,632.3898,5494.0299
2020-08-13_912810SP4_post,2020-08-13_912810SP4,post,DGS30,30,2020-08-13,2020-08-20,1,0.0025,5,2,4.162348,24.359145,1,0.5,1,2686.0656,1102692.9,11133.144,1343.0328,9790.1112
2020-08-25_91282CAG6_pre,2020-08-25_91282CAG6,pre,DGS2,2,2020-08-18,2020-08-25,-1,0.0025,5,2,1.3952097,1.9965049,1,0.5,0.62235422,4987.1583,24979444,4797.5798,2493.5792,2304.0007
2020-08-19_912810SQ2_post,2020-08-19_912810SQ2,post,DGS20,20,2020-08-19,2020-08-26,1,0.0025,5,1,4.1736326,17.733985,1,0.5,0.38100273,510.31564,287761.4,70.124782,255.15782,-185.03304
2020-08-26_91282CAJ0_pre,2020-08-26_91282CAJ0,pre,DGS5,5,2020-08-19,2020-08-26,-1,0.0025,5,2,2.3656559,4.9603552,1,0.5,0.38100273,1800.6592,3630101.3,-1924.7885,900.32959,-2825.1181
2020-08-27_91282CAH4_pre,2020-08-27_91282CAH4,pre,DGS7,7,2020-08-20,2020-08-27,-1,0.0025,5,2,2.8301744,6.8807168,1,0.5,0.19206421,758.73175,1102692.9,5222.5582,379.36588,4843.1923
2020-08-25_91282CAG6_post,2020-08-25_91282CAG6,post,DGS2,2,2020-08-25,2020-09-01,1,0.0025,5,2,1.4375906,1.9962556,1,0.5,0.64117877,4986.5356,24979444,10160.76,2493.2678,7667.4919
2020-08-26_91282CAJ0_post,2020-08-26_91282CAJ0,post,DGS5,5,2020-08-26,2020-09-02,1,0.0025,5,2,2.36852,4.9617146,1,0.5,0.41181584,1943.9317,3917862.7,4023.4729,971.96583,3051.5071
2020-08-27_91282CAH4_post,2020-08-27_91282CAH4,post,DGS7,7,2020-08-27,2020-09-03,1,0.0025,5,2,2.7859616,6.8628194,1,0.5,0.18857202,756.75821,1102692.9,7663.5926,378.3791,7285.2135
2020-09-08_91282CAK7_pre,2020-09-08_91282CAK7,pre,DGS3,3,2020-08-31,2020-09-08,-1,0.0025,5,2,1.4281275,2.9921407,1,0.5,0,0,0,0,0,0
2020-09-09_91282CAE1_pre,2020-09-09_91282CAE1,pre,DGS10,10,2020-09-01,2020-09-09,-1,0.0025,5,2,2.9942978,9.65173,1,0.5,1,3733.8771,3868609.1,10606.887,1866.9385,8739.9481
2020-09-10_912810SP4_pre,2020-09-10_912810SP4,pre,DGS30,30,2020-09-02,2020-09-10,-1,0.0025,5,2,4.042011,24.497,1,0.5,1,2766.034,1129131.8,13114.83,1383.017,11731.813
2020-09-08_91282CAK7_post,2020-09-08_91282CAK7,post,DGS3,3,2020-09-08,2020-09-15,1,0.0025,5,2,1.3259684,2.9910952,1,0.5,0.86182973,7266.8018,24294786,7487.4538,3633.4009,3854.0529
2020-09-15_912810SQ2_pre,2020-09-15_912810SQ2,pre,DGS20,20,2020-09-08,2020-09-15,-1,0.0025,5,1,3.8475174,17.699298,1,0.5,0.86182973,1252.1775,707472.96,-1413.3943,626.08875,-2039.483
2020-09-09_91282CAE1_post,2020-09-09_91282CAE1,post,DGS10,10,2020-09-09,2020-09-16,1,0.0025,5,2,2.7368587,9.6367592,0.5,0.5,1,2042.5497,2119540.1,4323.6348,1021.2749,3302.36
2020-09-10_912810SP4_post,2020-09-10_912810SP4,post,DGS30,30,2020-09-10,2020-09-17,1,0.0025,5,1.8661454,3.9872679,24.324852,0.5,0.5,1,1308.1727,537792.66,144.23425,654.08634,-509.85209
2020-09-15_912810SQ2_post,2020-09-15_912810SQ2,post,DGS20,20,2020-09-15,2020-09-22,1,0.0025,5,1,3.6611798,17.71663,0.5,0.5,1,763.43833,430916.23,97.574464,381.71917,-284.1447
2020-09-22_91282CAN1_pre,2020-09-22_91282CAN1,pre,DGS2,2,2020-09-15,2020-09-22,-1,0.0025,5,2,1.1830966,1.9965049,0.5,0.5,1,4725.0326,23666522,-4881.637,2362.5163,-7244.1533
2020-09-23_91282CAM3_pre,2020-09-23_91282CAM3,pre,DGS5,5,2020-09-16,2020-09-23,-1,0.0025,5,2,1.9889525,4.9617146,1,0.5,0.47353519,2661.8455,5364769.4,-181.39121,1330.9227,-1512.314
2020-09-24_91282CAL5_pre,2020-09-24_91282CAL5,pre,DGS7,7,2020-09-17,2020-09-24,-1,0.0025,5,2,2.2023998,6.878156,1,0.5,0.072866524,369.90218,537792.66,-407.70876,184.95109,-592.65985
2020-09-22_91282CAN1_post,2020-09-22_91282CAN1,post,DGS2,2,2020-09-22,2020-09-29,1,0.0025,5,2,1.1560453,1.9967542,1,0.5,0.49752547,4811.6661,24097438,9768.3191,2405.833,7362.4861
2020-09-23_91282CAM3_post,2020-09-23_91282CAM3,post,DGS5,5,2020-09-23,2020-09-30,1,0.0025,5,2,1.9866077,4.9617146,1,0.5,0.47297692,2661.8455,5364769.4,172.4649,1330.9227,-1158.4578
2020-09-24_91282CAL5_post,2020-09-24_91282CAL5,post,DGS7,7,2020-09-24,2020-10-01,1,0.0025,5,2,2.1272379,6.8807168,1,0.5,0.070405992,370.0399,537792.66,37.87385,185.01995,-147.1461
2020-10-06_91282CAP6_pre,2020-10-06_91282CAP6,pre,DGS3,3,2020-09-29,2020-10-06,-1,0.0025,5,2,1.3074104,2.9931868,1,0.5,0.84345445,7212.8133,24097438,28451.759,3606.4067,24845.353
2020-10-07_91282CAE1_pre,2020-10-07_91282CAE1,pre,DGS10,10,2020-09-30,2020-10-07,-1,0.0025,5,1.7841157,2.5935056,9.6467361,1,0.5,1,3845.571,3986396,45404.7,1922.7855,43481.915
2020-10-08_912810SP4_pre,2020-10-08_912810SP4,pre,DGS30,30,2020-10-01,2020-10-08,-1,0.0025,5,1.6085806,3.5580735,24.256468,1,0.5,1,2527.2775,1041898.4,29582.45,1263.6387,28318.812
2020-10-06_91282CAP6_post,2020-10-06_91282CAP6,post,DGS3,3,2020-10-06,2020-10-14,1,0.0025,5,2,1.4613669,2.9910952,1,0.5,0.97629868,7469.2749,24971706,-6975.3286,3734.6374,-10709.966
2020-10-07_91282CAE1_post,2020-10-07_91282CAE1,post,DGS10,10,2020-10-07,2020-10-15,1,0.0025,5,1.7841157,2.6731559,9.5870914,1,0.5,1,3730.9869,3891677.6,26752.726,1865.4935,24887.233
2020-10-08_912810SP4_post,2020-10-08_912810SP4,post,DGS30,30,2020-10-08,2020-10-16,1,0.0025,5,1.6085806,3.6383084,23.85179,1,0.5,1,2471.5439,1036209,12803.12,1235.772,11567.348
2020-10-21_912810SQ2_pre,2020-10-21_912810SQ2,pre,DGS20,20,2020-10-14,2020-10-21,-1,0.0025,5,1,3.655968,17.595804,1,0.5,1,1529.0533,868987.48,18010.252,764.52666,17245.726
2020-10-27_91282CAR2_pre,2020-10-27_91282CAR2,pre,DGS2,2,2020-10-20,2020-10-27,-1,0.0025,5,2,1.3529629,1.9965049,1,0.5,0.70381225,5816.0209,29131013,11291.328,2908.0105,8383.3172
2020-10-21_912810SQ2_post,2020-10-21_912810SQ2,post,DGS20,20,2020-10-21,2020-10-28,1,0.0025,5,1,3.6330249,17.391334,1,0.5,0.07674946,118.09512,67904.582,729.44057,59.047561,670.39301
2020-10-28_91282CAT8_pre,2020-10-28_91282CAT8,pre,DGS5,5,2020-10-21,2020-10-28,-1,0.0025,5,2,2.1635789,4.9508543,1,0.5,0.07674946,396.60447,801082.9,-833.01091,198.30224,-1031.3131
2020-10-29_91282CAU5_pre,2020-10-29_91282CAU5,pre,DGS7,7,2020-10-22,2020-10-29,-1,0.0025,5,2,2.3128235,6.8399057,1,0.5,0,0,0,0,0,0
2020-10-27_91282CAR2_post,2020-10-27_91282CAR2,post,DGS2,2,2020-10-27,2020-11-03,1,0.0025,5,2,1.3813733,1.9960064,1,0.5,0.71841195,5814.5687,29131013,-5444.3186,2907.2844,-8351.6029
2020-10-28_91282CAT8_post,2020-10-28_91282CAT8,post,DGS5,5,2020-10-28,2020-11-04,1,0.0025,5,2,2.0756185,4.9535662,1,0.5,0.07991421,430.4587,868987.48,480.48409,215.22935,265.25475
2020-10-29_91282CAU5_post,2020-10-29_91282CAU5,post,DGS7,7,2020-10-29,2020-11-05,1,0.0025,5,2,2.3568628,6.8424463,0.5,0.5,0,0,0,0,0,0
2020-11-09_91282CAW1_pre,2020-11-09_91282CAW1,pre,DGS3,3,2020-11-02,2020-11-09,-1,0.0025,5,2,1.5036678,2.9895279,0.5,0.5,0,0,0,0,0,0
2020-11-10_91282CAV3_pre,2020-11-10_91282CAV3,pre,DGS10,10,2020-11-03,2020-11-10,-1,0.0025,5,1.5504819,2.9254388,9.5426976,0.5,0.5,1,1481.3944,1552385.3,11464.972,740.6972,10724.275
2020-11-12_912810SS8_pre,2020-11-12_912810SS8,pre,DGS30,30,2020-11-04,2020-11-12,-1,0.0025,5,2,3.7960357,23.918573,0.5,0.5,1,1472.6337,615686.26,12628.799,736.31683,11892.482
2020-11-09_91282CAW1_post,2020-11-09_91282CAW1,post,DGS3,3,2020-11-09,2020-11-17,1,0.0025,5,2,1.5510157,2.9869186,1,0.5,1,7208.3989,24133228,22380.284,3604.1994,18776.085
2020-11-10_91282CAV3_post,2020-11-10_91282CAV3,post,DGS10,10,2020-11-10,2020-11-18,1,0.0025,5,2,3.6559293,9.5034788,1,0.5,1,3058.139,3217915.3,31318.945,1529.0695,29789.875
2020-11-18_912810ST6_pre,2020-11-18_912810ST6,pre,DGS20,20,2020-11-10,2020-11-18,-1,0.0025,5,1.4767313,4.1558277,17.173552,1,0.5,1,1986.4103,1156668.3,-22444.211,993.20514,-23437.416
2020-11-12_912810SS8_post,2020-11-12_912810SS8,post,DGS30,30,2020-11-12,2020-11-19,1,0.0025,5,2,4.2883366,23.620109,1,0.5,1,2607.1507,1103784.4,16096.399,1303.5754,14792.823
2020-11-23_91282CAX9_pre,2020-11-23_91282CAX9,pre,DGS2,2,2020-11-16,2020-11-23,-1,0.0025,5,2,1.4892268,1.995259,1,0.5,0.0083042001,62.343611,312458.74,-192.33525,31.171805,-223.50706
2020-11-23_91282CAZ4_pre,2020-11-23_91282CAZ4,pre,DGS5,5,2020-11-16,2020-11-23,-1,0.0025,5,2,2.4726755,4.9440842,1,0.5,0.0083042001,37.547902,75945.111,-79.687882,18.773951,-98.461833
2020-11-24_91282CAY7_pre,2020-11-24_91282CAY7,pre,DGS7,7,2020-11-17,2020-11-24,-1,0.0025,5,2,3.1638852,6.8373665,1,0.5,1,3533.7375,5168272.8,6505.9203,1766.8688,4739.0516
2020-11-18_912810ST6_post,2020-11-18_912810ST6,post,DGS20,20,2020-11-18,2020-11-25,1,0.0025,5,2,4.3425044,17.357578,1,1,1,5149.259,2966576.8,6053.1635,2574.6295,3478.534
2020-11-23_91282CAX9_post,2020-11-23_91282CAX9,post,DGS2,2,2020-11-23,2020-12-01,1,0.0025,5,2,1.5013177,1.9960064,1,1,0.23472189,3495.9562,17514755,-3207.4221,1747.9781,-4955.4002
2020-11-23_91282CAZ4_post,2020-11-23_91282CAZ4,post,DGS5,5,2020-11-23,2020-12-01,1,0.0025,5,2,2.4388568,4.9467906,1,1,0.23472189,2152.0496,4350395.6,-6165.2445,1076.0248,-7241.2694
2020-11-24_91282CAY7_post,2020-11-24_91282CAY7,post,DGS7,7,2020-11-24,2020-12-02,1,0.0025,5,2,3.1855961,6.8322921,1,1,0.50305743,3531.115,5168272.8,-13458.293,1765.5575,-15223.851
2020-12-08_91282CBA8_pre,2020-12-08_91282CBA8,pre,DGS3,3,2020-12-01,2020-12-08,-1,0.0025,5,2,1.6186589,2.9884838,1,1,0.5371903,7420.9214,24831727,-15410.083,3710.4607,-19120.544
2020-12-09_91282CAV3_pre,2020-12-09_91282CAV3,pre,DGS10,10,2020-12-02,2020-12-09,-1,0.0025,5,2,3.9803188,9.5181592,1,1,0.87565141,4919.2444,5168272.8,-914.81681,2459.6222,-3374.439
2020-12-10_912810SS8_pre,2020-12-10_912810SS8,pre,DGS30,30,2020-12-03,2020-12-10,-1,0.0025,5,1.3460431,4.434839,23.521789,1,1,0,0,0,0,0,0
2020-12-08_91282CBA8_post,2020-12-08_91282CBA8,post,DGS3,3,2020-12-08,2020-12-15,1,0.0025,5,2,1.5989933,2.9895279,1,1,0.53084923,7423.5142,24831727,15330.796,3711.7571,11619.039
2020-12-09_91282CAV3_post,2020-12-09_91282CAV3,post,DGS10,10,2020-12-09,2020-12-16,1,0.0025,5,1.7282191,3.8629049,9.5181592,0.5,1,1,2500.9776,2627585.3,7935.6699,1250.4888,6685.1812
2020-12-10_912810SS8_post,2020-12-10_912810SS8,post,DGS30,30,2020-12-10,2020-12-17,1,0.0025,5,1.3460431,4.2722002,23.587271,0.5,1,1,1761.2961,746714.68,-5034.5582,880.64807,-5915.2063
2020-12-21_912810ST6_pre,2020-12-21_912810ST6,pre,DGS20,20,2020-12-14,2020-12-21,-1,0.0025,5,2,4.3014582,17.340735,0.5,1,1,2599.1976,1498897.1,12552.988,1299.5988,11253.389
2020-12-28_91282CBC4_pre,2020-12-28_91282CBC4,pre,DGS5,5,2020-12-18,2020-12-28,-1,0.0025,5,2,2.3898916,4.9467906,1,1,0.32547763,3045.285,6156082.1,-3543.8102,1522.6425,-5066.4526
2020-12-28_91282CBD2_pre,2020-12-28_91282CBD2,pre,DGS2,2,2020-12-18,2020-12-28,-1,0.0025,5,2,1.6311758,1.9967542,1,1,0.32547763,4461.7515,22345021,-262.98831,2230.8757,-2493.864
2020-12-21_912810ST6_post,2020-12-21_912810ST6,post,DGS20,20,2020-12-21,2020-12-29,1,0.0025,5,1.5715476,4.2842505,17.25686,1,1,0.11836458,485.43318,281298.67,578.14643,242.71659,335.42984
2020-12-29_91282CBB6_pre,2020-12-29_91282CBB6,pre,DGS7,7,2020-12-21,2020-12-29,-1,0.0025,5,2,3.1827128,6.8297569,1,1,0.11836458,831.5901,1217598.4,-152.01333,415.79505,-567.80838
2020-12-28_91282CBC4_post,2020-12-28_91282CBC4,post,DGS5,5,2020-12-28,2021-01-05,1,0.0025,5,2,2.4040338,4.9481447,1,1,0.31756961,2953.8155,5969541.6,358.53151,1476.9078,-1118.3763
2020-12-28_91282CBD2_post,2020-12-28_91282CBD2,post,DGS2,2,2020-12-28,2021-01-05,1,0.0025,5,2,1.5783672,1.9967542,1,1,0.31756961,4498.999,22531561,126.2018,2249.4995,-2123.2977
2020-12-29_91282CBB6_post,2020-12-29_91282CBB6,post,DGS7,7,2020-12-29,2021-01-06,1,0.0025,5,2,3.2092293,6.8297569,1,1,0.14692402,1023.7103,1498897.1,-7977.8961,511.85513,-8489.7512
2021-01-11_91282CBE0_pre,2021-01-11_91282CBE0,pre,DGS3,3,2021-01-04,2021-01-11,-1,0.0025,5,2,1.5458163,2.9916179,1,1,0,0,0,0,0,0
2021-01-12_91282CAV3_pre,2021-01-12_91282CAV3,pre,DGS10,10,2021-01-05,2021-01-12,-1,0.0025,5,1.48795,3.7850061,9.5132622,1,1,1,4395.1811,4620056.7,82066.433,2197.5905,79868.843
2021-01-13_912810SS8_pre,2021-01-13_912810SS8,pre,DGS30,30,2021-01-06,2021-01-13,-1,0.0025,5,1.1188457,4.2160575,23.070532,1,1,1,2967.0076,1286059.5,2412.3466,1483.5038,928.84281
2021-01-11_91282CBE0_post,2021-01-11_91282CBE0,post,DGS3,3,2021-01-11,2021-01-19,1,0.0025,5,2,1.4126147,2.9884838,1,1,0.45487957,7200.4181,24093884,7875.2237,3600.2091,4275.0146
2021-01-12_91282CAV3_post,2021-01-12_91282CAV3,post,DGS10,10,2021-01-12,2021-01-20,1,0.0025,5,1.48795,3.8510032,9.4208891,1,1,0.69702259,3011.0386,3196130,15837.685,1505.5193,14332.166
2021-01-20_912810ST6_pre,2021-01-20_912810ST6,pre,DGS20,20,2021-01-12,2021-01-20,-1,0.0025,5,1.3401105,4.3328661,16.926984,1,1,0.69702259,2410.2784,1423926.7,-7810.3158,1205.1392,-9015.455
2021-01-13_912810SS8_post,2021-01-13_912810SS8,post,DGS30,30,2021-01-13,2021-01-21,1,0.0025,5,1.1188457,4.3255906,23.03877,1,1,1,2891.8767,1255221.8,-13819.136,1445.9384,-15265.075
2021-01-25_91282CBG5_pre,2021-01-25_91282CBG5,pre,DGS2,2,2021-01-15,2021-01-25,-1,0.0025,5,2,1.4257519,1.9967542,1,1,0.00039261299,6.1575184,30837.638,-0.40584175,3.0787592,-3.484601
2021-01-26_91282CBH3_pre,2021-01-26_91282CBH3,pre,DGS5,5,2021-01-19,2021-01-26,-1,0.0025,5,2,2.3491794,4.9386778,1,1,1,9518.5065,19273390,-29855.978,4759.2532,-34615.231
2021-01-20_912810ST6_post,2021-01-20_912810ST6,post,DGS20,20,2021-01-20,2021-01-27,1,0.0025,5,1.3401105,4.4320354,16.975898,0.5,1,1,1690.2946,995702.6,8798.3834,845.1473,7953.2361
2021-01-28_91282CBJ9_pre,2021-01-28_91282CBJ9,pre,DGS7,7,2021-01-21,2021-01-28,-1,0.0025,5,2,3.291832,6.7969214,0.5,1,1,3396.3883,4996951,-14246.345,1698.1942,-15944.539
2021-01-25_91282CBG5_post,2021-01-25_91282CBG5,post,DGS2,2,2021-01-25,2021-02-01,1,0.0025,5,2,1.393589,1.9967542,0.5,1,0.11782259,945.2547,4733956.2,1929.9875,472.62735,1457.3602
2021-01-26_91282CBH3_post,2021-01-26_91282CBH3,post,DGS5,5,2021-01-26,2021-02-02,1,0.0025,5,2,2.3295571,4.9427318,0.5,1,1,4799.3415,9709896.6,-13703.405,2399.6707,-16103.076
2021-01-28_91282CBJ9_post,2021-01-28_91282CBJ9,post,DGS7,7,2021-01-28,2021-02-04,1,0.0025,5,2,3.2877104,6.8070006,1,1,1,6801.2924,9991614.3,-39335.176,3400.6462,-42735.822
2021-02-09_91282CBM2_pre,2021-02-09_91282CBM2,pre,DGS3,3,2021-02-02,2021-02-09,-1,0.0025,5,2,1.4778018,2.9905726,1,1,0.39545549,5983.6531,20008386,5399.9162,2991.8265,2408.0897
2021-02-10_91282CBL4_pre,2021-02-10_91282CBL4,pre,DGS10,10,2021-02-03,2021-02-10,-1,0.0025,5,2,3.940088,9.4208891,1,1,0,0,0,0,0,0
2021-02-11_912810SU3_pre,2021-02-11_912810SU3,pre,DGS30,30,2021-02-04,2021-02-11,-1,0.0025,5,2,4.1664181,22.693448,1,1,1,5366.8833,2364948.3,4386.1124,2683.4417,1702.6707
2021-02-09_91282CBM2_post,2021-02-09_91282CBM2,post,DGS3,3,2021-02-09,2021-02-17,1,0.0025,5,2,1.2926345,2.9900502,1,1,0.46350243,8017.9118,26815308,-15018.009,4008.9559,-19026.965
2021-02-17_912810SW9_pre,2021-02-17_912810SW9,pre,DGS20,20,2021-02-09,2021-02-17,-1,0.0025,5,1,3.7706494,16.765357,1,1,0.46350243,1374.3295,819743.64,18704.087,687.16475,18016.922
2021-02-10_91282CBL4_post,2021-02-10_91282CBL4,post,DGS10,10,2021-02-10,2021-02-18,1,0.0025,5,2,3.2136714,9.4208891,1,1,0,0,0,0,0,0
2021-02-11_912810SU3_post,2021-02-11_912810SU3,post,DGS30,30,2021-02-11,2021-02-19,1,0.0025,5,2,3.5197586,22.662421,1,1,0.84363743,5359.5455,2364948.3,-104196.23,2679.7728,-106876
2021-02-23_91282CBN0_pre,2021-02-23_91282CBN0,pre,DGS2,2,2021-02-16,2021-02-23,-1,0.0025,5,2,1.2277396,1.9967542,1,1,0,0,0,0,0,0
2021-02-17_912810SW9_post,2021-02-17_912810SW9,post,DGS20,20,2021-02-17,2021-02-24,1,0.0025,5,2,3.6659989,16.542706,1,1,1,6099.478,3687110.3,-89225.73,3049.739,-92275.469
2021-02-24_91282CBQ3_pre,2021-02-24_91282CBQ3,pre,DGS5,5,2021-02-17,2021-02-24,-1,0.0025,5,2,2.0361146,4.9225103,1,1,1,10982.034,22309824,52435.633,5491.017,46944.616
2021-02-25_91282CBP5_pre,2021-02-25_91282CBP5,pre,DGS7,7,2021-02-18,2021-02-25,-1,0.0025,5,2,2.715305,6.7593137,1,1,0.13445629,1107.2547,1638117,31533.893,553.62733,30980.266
2021-02-23_91282CBN0_post,2021-02-23_91282CBN0,post,DGS2,2,2021-02-23,2021-03-02,1,0.0025,5,2,1.197337,1.997253,1,1,0.025292173,472.34002,2364948.3,-900.11265,236.17001,-1136.2827
2021-02-24_91282CBQ3_post,2021-02-24_91282CBQ3,post,DGS5,5,2021-02-24,2021-03-03,1,0.0025,5,2,2.0884401,4.9157965,1,1,1,10706.881,21780562,-114059.6,5353.4406,-119413.04
2021-02-25_91282CBP5_post,2021-02-25_91282CBP5,post,DGS7,7,2021-02-25,2021-03-04,1,0.0025,5,2,2.7438169,6.6874445,1,1,0.48041808,3915.1573,5854489.5,9181.7104,1957.5787,7224.1317
2021-03-09_91282CBR1_pre,2021-03-09_91282CBR1,pre,DGS3,3,2021-03-02,2021-03-09,-1,0.0025,5,2,1.9070935,2.9863972,1,1,0.060236012,706.26751,2364948.3,6220.6238,353.13375,5867.49
2021-03-10_91282CBL4_pre,2021-03-10_91282CBL4,pre,DGS10,10,2021-03-03,2021-03-10,-1,0.0025,5,2,3.8404258,9.2681495,1,1,1,5822.4481,6282212.1,32939.404,2911.2241,30028.18
2021-03-11_912810SU3_pre,2021-03-11_912810SU3,pre,DGS30,30,2021-03-04,2021-03-11,-1,0.0025,5,0.64194256,4.2425075,21.584572,1,1,1,1691.7203,783763.64,-2103.7516,845.86014,-2949.6118
2021-03-09_91282CBR1_post,2021-03-09_91282CBR1,post,DGS3,3,2021-03-09,2021-03-16,1,0.0025,5,2,1.98611,2.9817104,1,1,0.56212723,6328.7266,21225155,13832.884,3164.3633,10668.52
2021-03-16_912810SW9_pre,2021-03-16_912810SW9,pre,DGS20,20,2021-03-09,2021-03-16,-1,0.0025,5,2,4.5486696,16.170612,1,1,0.56212723,2763.3458,1708869,37451.974,1381.6729,36070.302
2021-03-10_91282CBL4_post,2021-03-10_91282CBL4,post,DGS10,10,2021-03-10,2021-03-17,1,0.0025,5,1,3.8926267,9.2399007,0.5,1,1,1436.092,1554228.8,-13818.63,718.04599,-14536.676
2021-03-11_912810SU3_post,2021-03-11_912810SU3,post,DGS30,30,2021-03-11,2021-03-18,1,0.0025,5,0.64194256,4.2205778,21.613512,0.5,1,1,850.25516,393390.56,-13195.795,425.12758,-13620.922
2021-03-16_912810SW9_post,2021-03-16_912810SW9,post,DGS20,20,2021-03-16,2021-03-23,1,0.0025,5,0.85191278,4.83969,15.959005,0.5,1,0.65183804,641.41972,401917.1,4064.0624,320.70986,3743.3525
2021-03-23_91282CBU4_pre,2021-03-23_91282CBU4,pre,DGS2,2,2021-03-16,2021-03-23,-1,0.0025,5,2,1.3203107,1.9962556,0.5,1,0.65183804,5519.7393,27650464,-716.66793,2759.8697,-3476.5376
2021-03-24_91282CBT7_pre,2021-03-24_91282CBT7,pre,DGS5,5,2021-03-17,2021-03-24,-1,0.0025,5,2,3.6330249,4.8917374,1,1,0.12352688,760.28791,1554228.8,2019.9668,380.14396,1639.8228
2021-03-25_91282CBS9_pre,2021-03-25_91282CBS9,pre,DGS7,7,2021-03-18,2021-03-25,-1,0.0025,5,2,4.2803915,6.6580252,1,1,0.050138099,261.92043,393390.56,-1674.4715,130.96021,-1805.4317
2021-03-23_91282CBU4_post,2021-03-23_91282CBU4,post,DGS2,2,2021-03-23,2021-03-30,1,0.0025,5,2,1.3896307,1.9962556,1,1,0.34801685,5599.9722,28052381,-4937.2194,2799.9861,-7737.2055
2021-03-24_91282CBT7_post,2021-03-24_91282CBT7,post,DGS5,5,2021-03-24,2021-03-31,1,0.0025,5,2,3.8162232,4.8877442,1,1,0.1296499,759.66729,1554228.8,-6570.4156,379.83364,-6950.2492
2021-03-25_91282CBS9_post,2021-03-25_91282CBS9,post,DGS7,7,2021-03-25,2021-04-01,1,0.0025,5,2,4.4777857,6.6727116,1,1,0.05256596,262.49818,393390.56,-1993.4873,131.24909,-2124.7364
2021-04-12_91282CBL4_pre,2021-04-12_91282CBL4,pre,DGS10,10,2021-04-05,2021-04-12,-1,0.0025,5,0.77859628,4.3118546,9.1466126,1,1,0.91555909,1848.3729,2020827.8,-8070.9817,924.18646,-8995.1681
2021-04-12_91282CBV2_pre,2021-04-12_91282CBV2,pre,DGS3,3,2021-04-05,2021-04-12,-1,0.0025,5,1.7905694,2.1977775,2.9806704,1,1,0.91555909,8339.6691,27979172,6510.762,4169.8346,2340.9274
2021-04-13_912810SU3_pre,2021-04-13_912810SU3,pre,DGS30,30,2021-04-06,2021-04-13,-1,0.0025,5,0.51617938,4.5689631,21.52686,1,1,0,0,0,0,0,0
2021-04-12_91282CBL4_post,2021-04-12_91282CBL4,post,DGS10,10,2021-04-12,2021-04-19,1,0.0025,5,0.77859628,4.3430248,9.1651632,1,1,0.92076096,1845.5334,2013639.5,15453.021,922.76672,14530.254
2021-04-12_91282CBV2_post,2021-04-12_91282CBV2,post,DGS3,3,2021-04-12,2021-04-19,1,0.0025,5,1.7905694,2.2100822,2.9801506,1,1,0.92076096,8340.3571,27986361,35097.726,4170.1785,30927.548
2021-04-13_912810SU3_post,2021-04-13_912810SU3,post,DGS30,30,2021-04-13,2021-04-20,1,0.0025,5,0.51617938,4.511254,21.52686,1,1,0,0,0,0,0,0
2021-04-21_912810SW9_pre,2021-04-21_912810SW9,pre,DGS20,20,2021-04-14,2021-04-21,-1,0.0025,5,0.66096825,4.9516019,16.07944,1,1,0,0,0,0,0,0
2021-04-26_91282CBW0_pre,2021-04-26_91282CBW0,pre,DGS5,5,2021-04-19,2021-04-26,-1,0.0025,5,1.7905694,4.1326521,4.8850848,1,1,0.37229055,1803.4302,3691707.1,-571.92501,901.71509,-1473.6401
2021-04-26_91282CBX8_pre,2021-04-26_91282CBX8,pre,DGS2,2,2021-04-19,2021-04-26,-1,0.0025,5,1.7905694,1.419298,1.9960064,1,1,0.37229055,5251.1521,26308293,9807.6129,2625.576,7182.0368
2021-04-27_91282CBZ3_pre,2021-04-27_91282CBZ3,pre,DGS7,7,2021-04-20,2021-04-27,-1,0.0025,5,1.7905694,4.700613,6.6825284,1,1,0,0,0,0,0,0
2021-04-21_912810SW9_post,2021-04-21_912810SW9,post,DGS20,20,2021-04-21,2021-04-28,1,0.0025,5,0.66096825,5.0532475,16.170612,0.5,1,0,0,0,0,0,0
2021-04-26_91282CBW0_post,2021-04-26_91282CBW0,post,DGS5,5,2021-04-26,2021-05-03,1,0.0025,5,1.7905694,4.1558277,4.8850848,0.5,1,0.73628673,1773.3955,3630224.7,2362.4947,886.69777,1475.797
2021-04-26_91282CBX8_post,2021-04-26_91282CBX8,post,DGS2,2,2021-04-26,2021-05-03,1,0.0025,5,1.7905694,1.4005649,1.9955081,0.5,1,0.73628673,5262.11,26369775,11284.499,2631.055,8653.4441
2021-04-27_91282CBZ3_post,2021-04-27_91282CBZ3,post,DGS7,7,2021-04-27,2021-05-04,1,0.0025,5,1.7905694,4.6534114,6.6653626,0.5,1,0,0,0,0,0,0
2021-05-11_91282CCC3_pre,2021-05-11_91282CCC3,pre,DGS3,3,2021-05-04,2021-05-11,-1,0.0025,5,1.5976143,2.2949219,2.9827509,1,1,1,7783.2151,26094083,-17053.906,3891.6075,-20945.514
2021-05-12_91282CCB5_pre,2021-05-12_91282CCB5,pre,DGS10,10,2021-05-05,2021-05-12,-1,0.0025,5,2,4.4199087,9.2117734,1,1,0.71120461,3598.0423,3905917.1,34654.364,1799.0212,32855.342
2021-05-13_912810SX7_pre,2021-05-13_912810SX7,pre,DGS30,30,2021-05-06,2021-05-13,-1,0.0025,5,2,4.5603301,21.759048,1,1,0,0,0,0,0,0
2021-05-11_91282CCC3_post,2021-05-11_91282CCC3,post,DGS3,3,2021-05-11,2021-05-18,1,0.0025,5,1.5976143,2.3563833,2.983792,1,1,1,7580.206,25404606,-21142.599,3790.103,-24932.702
2021-05-12_91282CCB5_post,2021-05-12_91282CCB5,post,DGS10,10,2021-05-12,2021-05-19,1,0.0025,5,2,4.2281008,9.1651632,1,1,0.73180972,3870.2395,4222772.1,5221.2312,1935.1198,3286.1115
2021-05-19_912810SY5_pre,2021-05-19_912810SY5,pre,DGS20,20,2021-05-12,2021-05-19,-1,0.0025,5,0.35450278,4.8729334,15.97399,1,1,0.73180972,595.22661,372622.39,428.30083,297.61331,130.68752
2021-05-13_912810SX7_post,2021-05-13_912810SX7,post,DGS30,30,2021-05-13,2021-05-20,1,0.0025,5,2,4.4621446,21.326604,1,1,1.5854059e-15,7.9447792e-12,3.7252903e-09,4.1710624e-11,3.9723896e-12,3.7738234e-11
2021-05-25_91282CCD1_pre,2021-05-25_91282CCD1,pre,DGS2,2,2021-05-18,2021-05-25,-1,0.0025,5,1.5976143,1.3813733,1.9960064,1,1,0.39215565,5070.7755,25404606,-5762.8324,2535.3877,-8298.2202
2021-05-19_912810SY5_post,2021-05-19_912810SY5,post,DGS20,20,2021-05-19,2021-05-26,1,0.0025,5,2,4.8544929,15.959005,1,1,0.39650062,1826.3541,1144403.5,24428.087,913.17707,23514.91
2021-05-26_91282CCF6_pre,2021-05-26_91282CCF6,pre,DGS5,5,2021-05-19,2021-05-26,-1,0.0025,5,1.5976143,4.2033078,4.8824274,1,1,0.39650062,1684.9213,3450991,-12344.439,842.46065,-13186.9
2021-05-27_91282CCE9_pre,2021-05-27_91282CCE9,pre,DGS7,7,2021-05-20,2021-05-27,-1,0.0025,5,1.5976143,4.6485524,6.6727116,1,1,6.46924e-16,2.4857788e-12,3.7252903e-09,-3.3994361e-12,1.2428894e-12,-4.6423255e-12
2021-05-25_91282CCD1_post,2021-05-25_91282CCD1,post,DGS2,2,2021-05-25,2021-06-02,1,0.0025,5,1.5976143,1.2068542,1.9962556,1,1,0.34265453,5071.4087,25404606,10892.827,2535.7043,8357.1223
2021-05-26_91282CCF6_post,2021-05-26_91282CCF6,post,DGS5,5,2021-05-26,2021-06-03,1,0.0025,5,1.5976143,3.338527,4.8917374,1,1,0.4201592,2247.9463,4595394.5,-8180.3492,1123.9731,-9304.3223
2021-05-27_91282CCE9_post,2021-05-27_91282CCE9,post,DGS7,7,2021-05-27,2021-06-04,1,0.0025,5,1.5976143,3.6274222,6.6751639,1,1,5.0500214e-16,2.4866923e-12,3.7252903e-09,1.3510895e-11,1.2433462e-12,1.2267549e-11
2021-06-08_91282CCG4_pre,2021-06-08_91282CCG4,pre,DGS3,3,2021-06-01,2021-06-08,-1,0.0025,5,1.4082483,1.8500267,2.983792,1,1,0,0,0,0,0,0
2021-06-09_91282CCB5_pre,2021-06-09_91282CCB5,pre,DGS10,10,2021-06-02,2021-06-09,-1,0.0025,5,2,3.5339755,9.2117734,1,1,1,6327.3443,6868758,-59247.275,3163.6721,-62410.947
2021-06-10_912810SX7_pre,2021-06-10_912810SX7,pre,DGS30,30,2021-06-03,2021-06-10,-1,0.0025,5,0.35450278,3.5889032,21.584572,1,1,1,1104.3657,511645.85,-17003.388,552.18284,-17555.571
2021-06-08_91282CCG4_post,2021-06-08_91282CCG4,post,DGS3,3,2021-06-08,2021-06-15,1,0.0025,5,1.4082483,1.8456698,2.9832714,1,1,0.69101054,5894.7433,19759326,-10674.862,2947.3716,-13622.233
2021-06-15_912810SY5_pre,2021-06-15_912810SY5,pre,DGS20,20,2021-06-08,2021-06-15,-1,0.0025,5,2,3.3312423,16.216473,1,1,0.69101054,4638.3493,2860270.1,-5848.283,2319.1747,-8167.4576
2021-06-09_91282CCB5_post,2021-06-09_91282CCB5,post,DGS10,10,2021-06-09,2021-06-16,1,0.0025,5,0.35450278,3.448532,9.2540098,0.5,1,1,574.65924,620984.03,-3829.0823,287.32962,-4116.4119
2021-06-10_912810SX7_post,2021-06-10_912810SX7,post,DGS30,30,2021-06-10,2021-06-17,1,0.0025,5,0.35450278,3.3588991,22.024574,0.5,1,1,589.99413,267879.93,2514.8759,294.99706,2219.8788
2021-06-15_912810SY5_post,2021-06-15_912810SY5,post,DGS20,20,2021-06-15,2021-06-22,1,0.0025,5,0.35450278,3.3303942,16.231801,0.5,1,0.96801239,576.00987,354865.05,5395.8339,288.00494,5107.829
2021-06-22_91282CCK5_pre,2021-06-22_91282CCK5,pre,DGS2,2,2021-06-15,2021-06-22,-1,0.0025,5,1.4082483,1.3276716,1.9960064,0.5,1,0.96801239,5739.7701,28756271,50472.497,2869.885,47602.612
2021-06-23_91282CCJ8_pre,2021-06-23_91282CCJ8,pre,DGS5,5,2021-06-16,2021-06-23,-1,0.0025,5,1.4082483,2.9485226,4.8797722,1,1,0.056747952,303.02606,620984.03,201.31901,151.51303,49.805979
2021-06-24_91282CCH2_pre,2021-06-24_91282CCH2,pre,DGS7,7,2021-06-17,2021-06-24,-1,0.0025,5,1.4082483,3.4048818,6.6776174,1,1,0.038683834,178.87997,267879.93,-241.60334,89.439984,-331.04332
2021-06-22_91282CCK5_post,2021-06-22_91282CCK5,post,DGS2,2,2021-06-22,2021-06-29,1,0.0025,5,1.4082483,1.530389,1.9937656,1,1,0.56415811,5804.0781,29111136,-10444.494,2902.0391,-13346.533
2021-06-23_91282CCJ8_post,2021-06-23_91282CCJ8,post,DGS5,5,2021-06-23,2021-06-30,1,0.0025,5,1.4082483,3.1459776,4.8784453,1,1,0.060531755,302.94367,620984.03,1010.1014,151.47183,858.62956
2021-06-24_91282CCH2_post,2021-06-24_91282CCH2,post,DGS7,7,2021-06-24,2021-07-01,1,0.0025,5,1.4082483,3.3967415,6.6800723,1,1,0.038605537,178.94573,267879.93,420.6901,89.472864,331.21724
2021-07-12_91282CCB5_pre,2021-07-12_91282CCB5,pre,DGS10,10,2021-07-02,2021-07-12,-1,0.0025,5,0.35450278,3.4624703,9.2823197,1,1,1,1144.6918,1233195.9,-7356.4746,572.34592,-7928.8205
2021-07-12_91282CCL3_pre,2021-07-12_91282CCL3,pre,DGS3,3,2021-07-02,2021-07-12,-1,0.0025,5,1,2.0092301,2.976516,1,1,1,5564.4895,18694640,-13005.609,2782.2448,-15787.853
2021-07-13_912810SX7_pre,2021-07-13_912810SX7,pre,DGS30,30,2021-07-06,2021-07-13,-1,0.0025,5,0.35450278,3.6519092,22.477519,1,1,1,1085.3122,482843.4,4058.4688,542.65609,3515.8127
2021-07-12_91282CCB5_post,2021-07-12_91282CCB5,post,DGS10,10,2021-07-12,2021-07-19,1,0.0025,5,0.35450278,3.6519092,9.310752,1,1,1,1085.3122,1165654.7,21058.87,542.65609,20516.214
2021-07-12_91282CCL3_post,2021-07-12_91282CCL3,post,DGS3,3,2021-07-12,2021-07-19,1,0.0025,5,1,2.1129143,2.9775538,1,1,1,5291.4309,17771067,27733.144,2645.7154,25087.429
2021-07-13_912810SX7_post,2021-07-13_912810SX7,post,DGS30,30,2021-07-13,2021-07-20,1,0.0025,5,0.35450278,3.7646512,22.355443,1,1,1,1052.8098,470941.12,17392.703,526.40488,16866.298
2021-07-21_912810SY5_pre,2021-07-21_912810SY5,pre,DGS20,20,2021-07-14,2021-07-21,-1,0.0025,5,0.35450278,3.5390876,16.558471,1,1,1,1119.9105,676336.94,-4861.3348,559.95527,-5421.2901
2021-07-26_91282CCN9_pre,2021-07-26_91282CCN9,pre,DGS2,2,2021-07-19,2021-07-26,-1,0.0025,5,1,1.7771303,1.994761,1,1,0.91483322,5755.4285,28852722,4842.0204,2877.7142,1964.3062
2021-07-27_91282CCP4_pre,2021-07-27_91282CCP4,pre,DGS5,5,2021-07-20,2021-07-27,-1,0.0025,5,1,3.265078,4.9064197,1,1,0.067479191,231.06348,470941.12,399.97941,115.53174,284.44767
2021-07-21_912810SY5_post,2021-07-21_912810SY5,post,DGS20,20,2021-07-21,2021-07-28,1,0.0025,5,0.35450278,3.9757386,16.621743,0.5,1,1,498.456,299881.9,2112.9456,249.228,1863.7176
2021-07-29_91282CCR0_pre,2021-07-29_91282CCR0,pre,DGS7,7,2021-07-22,2021-07-29,-1,0.0025,5,1,3.7954775,6.7393778,0.5,1,0.17225599,253.70727,376455.04,435.54636,126.85364,308.69273
2021-07-26_91282CCN9_post,2021-07-26_91282CCN9,post,DGS2,2,2021-07-26,2021-08-02,1,0.0025,5,1,1.889235,1.9945121,0.5,1,1,2958.9595,14835505,15170.86,1479.4797,13691.38
2021-07-27_91282CCP4_post,2021-07-27_91282CCP4,post,DGS5,5,2021-07-27,2021-08-03,1,0.0025,5,1,3.3042944,4.9037454,0.5,1,1,1691.7893,3449994.1,10579.116,845.89465,9733.2218
2021-07-29_91282CCR0_post,2021-07-29_91282CCR0,post,DGS7,7,2021-07-29,2021-08-05,1,0.0025,5,1,3.7528144,6.734407,1,1,1,2979.1881,4423831.4,9750.7986,1489.594,8261.2045
2021-08-10_91282CCT6_pre,2021-08-10_91282CCT6,pre,DGS3,3,2021-08-03,2021-08-10,-1,0.0025,5,1,2.2735895,2.9827509,1,1,1,4917.484,16486405,67607.976,2458.742,65149.234
2021-08-11_91282CCS8_pre,2021-08-11_91282CCS8,pre,DGS10,10,2021-08-04,2021-08-11,-1,0.0025,5,2,4.1107204,9.4016033,1,1,1,5439.6012,5785822.9,85154.14,2719.8006,82434.34
2021-08-12_912810SZ2_pre,2021-08-12_912810SZ2,pre,DGS30,30,2021-08-05,2021-08-12,-1,0.0025,5,2,4.2684958,22.91234,1,1,1,5238.5385,2286339.3,86864.936,2619.2693,84245.667
2021-08-10_91282CCT6_post,2021-08-10_91282CCT6,post,DGS3,3,2021-08-10,2021-08-17,1,0.0025,5,1,2.2486656,2.9754788,1,1,1,4971.9886,16709877,21108.556,2485.9943,18622.561
2021-08-11_91282CCS8_post,2021-08-11_91282CCS8,post,DGS10,10,2021-08-11,2021-08-18,1,0.0025,5,2,4.2243242,9.3250144,1,1,1,5293.3152,5676468.7,43840.77,2646.6576,41194.112
2021-08-18_912810TA6_pre,2021-08-18_912810TA6,pre,DGS20,20,2021-08-11,2021-08-18,-1,0.0025,5,0.35450278,4.2318072,16.574257,1,1,1,936.5884,565086.21,-5857.946,468.2942,-6326.2402
2021-08-12_912810SZ2_post,2021-08-12_912810SZ2,post,DGS30,30,2021-08-12,2021-08-19,1,0.0025,5,2,4.3689648,22.385873,1,1,1,5118.0728,2286295.8,78711.176,2559.0364,76152.139
2021-08-24_91282CCU3_pre,2021-08-24_91282CCU3,pre,DGS2,2,2021-08-17,2021-08-24,-1,0.0025,5,1,1.997456,1.9942632,1,1,0.76503307,4282.1117,21472149,3569.7985,2141.0559,1428.7426
2021-08-18_912810TA6_post,2021-08-18_912810TA6,post,DGS20,20,2021-08-18,2021-08-25,1,0.0025,5,2,4.2597844,16.669422,1,1,0.62150145,3262.4175,1957127,-12279.059,1631.2087,-13910.268
2021-08-25_91282CCW9_pre,2021-08-25_91282CCW9,pre,DGS5,5,2021-08-18,2021-08-25,-1,0.0025,5,1,3.3145374,4.8930695,1,1,0.62150145,2096.4004,4284427.9,9859.9068,1048.2002,8811.7066
2021-08-26_91282CCV1_pre,2021-08-26_91282CCV1,pre,DGS7,7,2021-08-19,2021-08-26,-1,0.0025,5,1,3.8574896,6.734407,1,1,0.5312287,1539.6846,2286295.8,13375.002,769.84231,12605.16
2021-08-24_91282CCU3_post,2021-08-24_91282CCU3,post,DGS2,2,2021-08-24,2021-08-31,1,0.0025,5,1,1.9814821,1.9940144,1,1,0.7588203,4281.5774,21472149,17805.779,2140.7887,15664.99
2021-08-25_91282CCW9_post,2021-08-25_91282CCW9,post,DGS5,5,2021-08-25,2021-09-01,1,0.0025,5,1,3.3114678,4.8864142,1,1,0.90333452,3049.8823,6241554.9,19204.505,1524.9411,17679.564
2021-08-26_91282CCV1_post,2021-08-26_91282CCV1,post,DGS7,7,2021-08-26,2021-09-02,1,0.0025,5,1,3.7984163,6.712103,1,1,0.52136104,1534.5853,2286295.8,9673.5009,767.29264,8906.2083
2021-09-07_91282CCX7_pre,2021-09-07_91282CCX7,pre,DGS3,3,2021-08-30,2021-09-07,-1,0.0025,5,1,2.3870531,2.9791115,1,1,0,0,0,0,0,0
2021-09-08_91282CCS8_pre,2021-09-08_91282CCS8,pre,DGS10,10,2021-08-31,2021-09-08,-1,0.0025,5,2,4.139209,9.3488535,1,1,1,5402.1626,5778422.5,25262.389,2701.0813,22561.308
2021-09-09_912810SZ2_pre,2021-09-09_912810SZ2,pre,DGS30,30,2021-09-01,2021-09-09,-1,0.0025,5,2,4.4699562,22.724536,1,1,1,5002.4382,2201337.9,-11223.487,2501.2191,-13724.706
2021-09-07_91282CCX7_post,2021-09-07_91282CCX7,post,DGS3,3,2021-09-07,2021-09-14,1,0.0025,5,1,2.3707254,2.976516,1,1,1,4715.9995,15844025,10612.917,2357.9998,8254.9171
2021-09-08_91282CCS8_post,2021-09-08_91282CCS8,post,DGS10,10,2021-09-08,2021-09-15,1,0.0025,5,0.35450278,4.1449377,9.3250144,1,1,1,956.21739,1025432.6,4099.488,478.1087,3621.3793
2021-09-09_912810SZ2_post,2021-09-09_912810SZ2,post,DGS30,30,2021-09-09,2021-09-16,1,0.0025,5,0.35450278,4.5031063,22.786894,1,1,1,880.16167,386257.85,1939.2778,440.08083,1499.197
2021-09-21_912810TA6_pre,2021-09-21_912810TA6,pre,DGS20,20,2021-09-14,2021-09-21,-1,0.0025,5,2,4.1942926,16.765357,1,1,1,5331.216,3179900,14749.888,2665.608,12084.28
2021-09-27_91282CCZ2_pre,2021-09-27_91282CCZ2,pre,DGS5,5,2021-09-20,2021-09-27,-1,0.0025,5,1,3.0251302,4.8877442,0.5,1,1,1847.9106,3780702.3,26989.109,923.95528,26065.154
2021-09-27_91282CDA6_pre,2021-09-27_91282CDA6,pre,DGS2,2,2021-09-20,2021-09-27,-1,0.0025,5,1,1.7116253,1.9942632,0.5,1,1,3266.0011,16376981,25330.749,1633.0005,23697.749
2021-09-21_912810TA6_post,2021-09-21_912810TA6,post,DGS20,20,2021-09-21,2021-09-28,1,0.0025,5,0.35450278,4.0763892,16.717293,0.5,1,1,486.14856,290805.8,-9959.7389,243.07428,-10202.813
2021-09-28_91282CCY5_pre,2021-09-28_91282CCY5,pre,DGS7,7,2021-09-21,2021-09-28,-1,0.0025,5,1,3.6283566,6.712103,0.5,1,1,1540.6892,2295389.7,31652.659,770.34461,30882.315
2021-09-27_91282CCZ2_post,2021-09-27_91282CCZ2,post,DGS5,5,2021-09-27,2021-10-04,1,0.0025,5,1,3.2633905,4.8678496,1,1,0.68322189,2340.7107,4808510.7,7897.8962,1170.3553,6727.5408
2021-09-27_91282CDA6_post,2021-09-27_91282CDA6,post,DGS2,2,2021-09-27,2021-10-04,1,0.0025,5,1,1.6961239,1.992274,1,1,0.68322189,4503.5938,22605294,19066.516,2251.7969,16814.72
2021-09-28_91282CCY5_post,2021-09-28_91282CCY5,post,DGS7,7,2021-09-28,2021-10-05,1,0.0025,5,1,3.7987509,6.6604697,1,1,0.58526429,1722.5277,2586195.5,4086.5854,861.26386,3225.3215
2021-10-12_91282CCS8_pre,2021-10-12_91282CCS8,pre,DGS10,10,2021-10-04,2021-10-12,-1,0.0025,5,0.35450278,4.1591231,9.2587197,1,1,1,952.95605,1029252.5,9146.0288,476.47802,8669.5507
2021-10-12_91282CDB4_pre,2021-10-12_91282CDB4,pre,DGS3,3,2021-10-04,2021-10-12,-1,0.0025,5,1,2.2001541,2.9728882,1,1,1,5081.6168,17093199,58825.435,2540.8084,56284.626
2021-10-13_912810SZ2_pre,2021-10-13_912810SZ2,pre,DGS30,30,2021-10-05,2021-10-13,-1,0.0025,5,0.35450278,4.185123,22.174096,1,1,1,947.03586,427091.08,-5007.1983,473.51793,-5480.7162
2021-10-12_91282CCS8_post,2021-10-12_91282CCS8,post,DGS10,10,2021-10-12,2021-10-19,1,0.0025,5,0.35450278,4.0021181,9.2117734,1,1,1,990.34097,1075081.8,-5591.1333,495.17049,-6086.3038
2021-10-12_91282CDB4_post,2021-10-12_91282CDB4,post,DGS3,3,2021-10-12,2021-10-19,1,0.0025,5,1,2.0981563,2.9666847,1,1,1,5328.6497,17961631,-35037.315,2664.3248,-37701.64
2021-10-13_912810SZ2_post,2021-10-13_912810SZ2,post,DGS30,30,2021-10-13,2021-10-20,1,0.0025,5,0.35450278,4.1947977,22.325072,1,1,1,944.85165,423224.46,-6353.0742,472.42583,-6825.5
2021-10-20_912810TA6_pre,2021-10-20_912810TA6,pre,DGS20,20,2021-10-13,2021-10-20,-1,0.0025,5,0.35450278,4.17617,16.417343,1,1,1,949.06615,578087.54,8238.7777,474.53307,7764.2446
2021-10-26_91282CDD0_pre,2021-10-26_91282CDD0,pre,DGS2,2,2021-10-19,2021-10-26,-1,0.0025,5,1,1.5966066,1.9897919,1,1,0.82400322,5770.1354,28998688,32365.652,2885.0677,29480.584
2021-10-20_912810TA6_post,2021-10-20_912810TA6,post,DGS20,20,2021-10-20,2021-10-27,1,0.0025,5,0.35450278,3.8881248,16.277907,1,1,0.11932821,121.64033,74727.25,1997.3407,60.820163,1936.5205
2021-10-27_91282CDG3_pre,2021-10-27_91282CDG3,pre,DGS5,5,2021-10-20,2021-10-27,-1,0.0025,5,1,2.97233,4.8441318,1,1,0.11932821,448.84986,926584.75,-206.39781,224.42493,-430.82274
2021-10-28_91282CDF5_pre,2021-10-28_91282CDF5,pre,DGS7,7,2021-10-21,2021-10-28,-1,0.0025,5,1,3.371365,6.6166644,1,1,0,0,0,0,0,0
2021-10-26_91282CDD0_post,2021-10-26_91282CDD0,post,DGS2,2,2021-10-26,2021-11-02,1,0.0025,5,1,1.7700426,1.988305,1,1,0.91283035,5765.8236,28998688,8205.5507,2882.9118,5322.6389
2021-10-27_91282CDG3_post,2021-10-27_91282CDG3,post,DGS5,5,2021-10-27,2021-11-03,1,0.0025,5,1,3.052229,4.8441318,0.5,1,0.26483627,485.04873,1001312,-1234.5698,242.52436,-1477.0941
2021-10-28_91282CDF5_post,2021-10-28_91282CDF5,post,DGS7,7,2021-10-28,2021-11-04,1,0.0025,5,1,3.4228792,6.6360823,0.5,1,0,0,0,0,0,0
2021-11-08_91282CDH1_pre,2021-11-08_91282CDH1,pre,DGS3,3,2021-11-01,2021-11-08,-1,0.0025,5,1,2.5477918,2.958958,0.5,1,0,0,0,0,0,0
2021-11-09_91282CDJ7_pre,2021-11-09_91282CDJ7,pre,DGS10,10,2021-11-02,2021-11-09,-1,0.0025,5,0.35450278,3.8545226,9.2258219,0.5,1,1,514.13131,557274.26,-5334.699,257.06565,-5591.7647
2021-11-10_912810TB4_pre,2021-11-10_912810TB4,pre,DGS30,30,2021-11-03,2021-11-10,-1,0.0025,5,1,4.1126785,22.477519,1,1,1,2718.5057,1209433.2,-22705.897,1359.2528,-24065.15
2021-11-08_91282CDH1_post,2021-11-08_91282CDH1,post,DGS3,3,2021-11-08,2021-11-16,1,0.0025,5,0,2.8867024,2.9610155,1,1,1,0,0,0,0,0
2021-11-09_91282CDJ7_post,2021-11-09_91282CDJ7,post,DGS10,10,2021-11-09,2021-11-17,1,0.0025,5,1,4.0823099,9.2728695,1,1,1,2738.7288,2953485.8,-37110.161,1369.3644,-38479.526
2021-11-17_912810TC2_pre,2021-11-17_912810TC2,pre,DGS20,20,2021-11-09,2021-11-17,-1,0.0025,5,0.35450278,4.2406094,16.637615,1,1,1,934.64432,561765.81,16373.916,467.32216,15906.594
2021-11-10_912810TB4_post,2021-11-10_912810TB4,post,DGS30,30,2021-11-10,2021-11-18,1,0.0025,5,1,4.1964136,22.724536,1,1,1,2664.2607,1172415.9,-12676.376,1332.1304,-14008.506
2021-11-22_91282CDK4_pre,2021-11-22_91282CDK4,pre,DGS5,5,2021-11-15,2021-11-22,-1,0.0025,5,1,4.0173002,4.8310281,1,1,0.90329744,2513.9203,5203696.3,16316.96,1256.9602,15059.999
2021-11-22_91282CDM0_pre,2021-11-22_91282CDM0,pre,DGS2,2,2021-11-15,2021-11-22,-1,0.0025,5,1,2.5278114,1.9868199,1,1,0.90329744,3995.2239,20108636,37896.179,1997.6119,35898.567
2021-11-23_91282CDL2_pre,2021-11-23_91282CDL2,pre,DGS7,7,2021-11-16,2021-11-23,-1,0.0025,5,1,4.1807671,6.6166644,1,1,0,0,0,0,0,0
2021-11-17_912810TC2_post,2021-11-17_912810TC2,post,DGS20,20,2021-11-17,2021-11-24,1,0.0025,5,0,4.4009501,16.355164,1,1,1,0,0,0,0,0
2021-11-22_91282CDK4_post,2021-11-22_91282CDK4,post,DGS5,5,2021-11-22,2021-11-30,1,0.0025,5,0,4.0350162,4.8218863,1,1,1,0,0,0,0,0
2021-11-22_91282CDM0_post,2021-11-22_91282CDM0,post,DGS2,2,2021-11-22,2021-11-30,1,0.0025,5,0,2.5409638,1.9843487,1,1,1,0,0,0,0,0
2021-11-23_91282CDL2_post,2021-11-23_91282CDL2,post,DGS7,7,2021-11-23,2021-12-01,1,0.0025,5,0,4.3386321,6.6021544,1,1,1,0,0,0,0,0
2021-12-02_912810TC2_pre,2021-12-02_912810TC2,pre,DGS20,20,2021-11-24,2021-12-02,-1,0.0025,5,0.024099927,4.5874737,16.370678,1,1,1,58.735023,35878.187,-969.43234,29.367512,-998.79986
2021-12-07_91282CDN8_pre,2021-12-07_91282CDN8,pre,DGS3,3,2021-11-30,2021-12-07,-1,0.0025,5,0,4.162348,2.9579301,1,1,1,0,0,0,0,0
2021-12-08_91282CDJ7_pre,2021-12-08_91282CDJ7,pre,DGS10,10,2021-12-01,2021-12-08,-1,0.0025,5,1.2752409,5.0280569,9.2870499,1,1,1,2835.6137,3053298.7,24523.808,1417.8069,23106.001
2021-12-02_912810TC2_post,2021-12-02_912810TC2,post,DGS20,20,2021-12-02,2021-12-09,1,0.0025,5,0,5.0873444,16.621743,1,1,1,0,0,0,0,0
2021-12-09_912810TB4_pre,2021-12-09_912810TB4,pre,DGS30,30,2021-12-02,2021-12-09,-1,0.0025,5,0,5.049221,23.230277,1,1,1,0,0,0,0,0
2021-12-07_91282CDN8_post,2021-12-07_91282CDN8,post,DGS3,3,2021-12-07,2021-12-14,1,0.0025,5,0,4.285569,2.9487035,1,1,1,0,0,0,0,0
2021-12-08_91282CDJ7_post,2021-12-08_91282CDJ7,post,DGS10,10,2021-12-08,2021-12-15,1,0.0025,5,0,5.1758893,9.2446004,0.5,1,1,0,0,0,0,0
2021-12-09_912810TB4_post,2021-12-09_912810TB4,post,DGS30,30,2021-12-09,2021-12-16,1,0.0025,5,0,5.1555192,22.880887,0.5,1,1,0,0,0,0,0
2021-12-21_912810TC2_pre,2021-12-21_912810TC2,pre,DGS20,20,2021-12-14,2021-12-21,-1,0.0025,5,0,5.2744989,16.621743,0.5,1,1,0,0,0,0,0
2021-12-27_91282CDR9_pre,2021-12-27_91282CDR9,pre,DGS2,2,2021-12-17,2021-12-27,-1,0.0025,5,0,3.8022815,1.9836083,1,1,1,0,0,0,0,0
2021-12-28_91282CDQ1_pre,2021-12-28_91282CDQ1,pre,DGS5,5,2021-12-20,2021-12-28,-1,0.0025,5,0,5.162993,4.8428191,1,1,1,0,0,0,0,0
2021-12-21_912810TC2_post,2021-12-21_912810TC2,post,DGS20,20,2021-12-21,2021-12-29,1,0.0025,5,0.96639477,5.2393556,16.542706,1,1,1,2062.2043,1246594.4,-15853.926,1031.1022,-16885.028
2021-12-29_91282CDP3_pre,2021-12-29_91282CDP3,pre,DGS7,7,2021-12-21,2021-12-29,-1,0.0025,5,0,5.2459024,6.6458219,1,1,1,0,0,0,0,0
2021-12-27_91282CDR9_post,2021-12-27_91282CDR9,post,DGS2,2,2021-12-27,2022-01-03,1,0.0025,5,0,3.8517734,1.9811434,1,1,1,0,0,0,0,0
2021-12-28_91282CDQ1_post,2021-12-28_91282CDQ1,post,DGS5,5,2021-12-28,2022-01-04,1,0.0025,5,0,5.1162751,4.8297205,1,1,1,0,0,0,0,0
2021-12-29_91282CDP3_post,2021-12-29_91282CDP3,post,DGS7,7,2021-12-29,2022-01-05,1,0.0025,5,0,5.1192282,6.628791,1,1,1,0,0,0,0,0
2022-01-11_91282CDS7_pre,2022-01-11_91282CDS7,pre,DGS3,3,2022-01-04,2022-01-11,-1,0.0025,5,0,4.559091,2.94717,1,1,1,0,0,0,0,0
2022-01-12_91282CDJ7_pre,2022-01-12_91282CDJ7,pre,DGS10,10,2022-01-05,2022-01-12,-1,0.0025,5,0,5.1686528,9.1558813,1,1,1,0,0,0,0,0
2022-01-13_912810TB4_pre,2022-01-13_912810TB4,pre,DGS30,30,2022-01-06,2022-01-13,-1,0.0025,5,0,5.2006084,22.204174,1,1,1,0,0,0,0,0
2022-01-11_91282CDS7_post,2022-01-11_91282CDS7,post,DGS3,3,2022-01-11,2022-01-19,1,0.0025,5,0,4.6806188,2.9369778,1,1,1,0,0,0,0,0
2022-01-19_912810TC2_pre,2022-01-19_912810TC2,pre,DGS20,20,2022-01-11,2022-01-19,-1,0.0025,5,1.033307,5.1176829,16.216473,1,1,1,2257.4128,1392049.2,14994.351,1128.7064,13865.644
2022-01-12_91282CDJ7_post,2022-01-12_91282CDJ7,post,DGS10,10,2022-01-12,2022-01-20,1,0.0025,5,0,5.1390551,9.1419833,1,1,1,0,0,0,0,0
2022-01-13_912810TB4_post,2022-01-13_912810TB4,post,DGS30,30,2022-01-13,2022-01-21,1,0.0025,5,0,5.0771172,22.325072,1,1,1,0,0,0,0,0
2022-01-24_91282CDV0_pre,2022-01-24_91282CDV0,pre,DGS2,2,2022-01-14,2022-01-24,-1,0.0025,5,0,4.0299374,1.9754929,1,1,1,0,0,0,0,0
2022-01-25_912828Z78_pre,2022-01-25_912828Z78,pre,DGS7,7,2022-01-18,2022-01-25,-1,0.0025,5,0,5.2924368,6.5445686,1,1,1,0,0,0,0,0
2022-01-19_912810TC2_post,2022-01-19_912810TC2,post,DGS20,20,2022-01-19,2022-01-26,1,0.0025,5,1.033307,5.1209937,16.109749,0.5,1,1,1127.9767,700182.64,-1953.7322,563.98835,-2517.7205
2022-01-27_91282CDW8_pre,2022-01-27_91282CDW8,pre,DGS7,7,2022-01-20,2022-01-27,-1,0.0025,5,0,5.4161299,6.556506,0.5,1,1,0,0,0,0,0
2022-01-24_91282CDV0_post,2022-01-24_91282CDV0,post,DGS2,2,2022-01-24,2022-01-31,1,0.0025,5,0,4.2851735,1.9754929,0.5,1,1,0,0,0,0,0
2022-01-25_912828Z78_post,2022-01-25_912828Z78,post,DGS7,7,2022-01-25,2022-02-01,1,0.0025,5,0,5.4775092,6.5660785,0.5,1,1,0,0,0,0,0
2022-01-27_91282CDW8_post,2022-01-27_91282CDW8,post,DGS7,7,2022-01-27,2022-02-03,1,0.0025,5,0,5.5267966,6.554116,1,1,1,0,0,0,0,0
2022-02-08_91282CDZ1_pre,2022-02-08_91282CDZ1,pre,DGS3,3,2022-02-01,2022-02-08,-1,0.0025,5,0,4.9255474,2.9283566,1,1,1,0,0,0,0,0
2022-02-09_91282CDY4_pre,2022-02-09_91282CDY4,pre,DGS10,10,2022-02-02,2022-02-09,-1,0.0025,5,0.47295372,5.3101278,9.123499,1,1,1,995.79211,1091458.6,15479.933,497.89605,14982.037
2022-02-10_912810TD0_pre,2022-02-10_912810TD0,pre,DGS30,30,2022-02-03,2022-02-10,-1,0.0025,5,0.47295372,4.997033,22.054363,1,1,1,1058.1846,479807.38,16486.402,529.0923,15957.309
2022-02-08_91282CDZ1_post,2022-02-08_91282CDZ1,post,DGS3,3,2022-02-08,2022-02-15,1,0.0025,5,0,4.8541147,2.9182635,1,1,1,0,0,0,0,0
2022-02-09_91282CDY4_post,2022-02-09_91282CDY4,post,DGS10,10,2022-02-09,2022-02-16,1,0.0025,5,0.47295372,5.0979114,9.0500892,1,1,1,1037.2451,1146115.8,-8886.1433,518.62253,-9404.7658
2022-02-16_912810TF5_pre,2022-02-16_912810TF5,pre,DGS20,20,2022-02-09,2022-02-16,-1,0.0025,5,1.161946,4.7667338,15.944041,1,1,1,2725.336,1709313.2,20865.43,1362.668,19502.762
2022-02-10_912810TD0_post,2022-02-10_912810TD0,post,DGS30,30,2022-02-10,2022-02-17,1,0.0025,5,0.47295372,4.7852173,21.584572,1,1,1,1105.0247,511951.17,-813.30256,552.51235,-1365.8149
2022-02-22_91282CEA5_pre,2022-02-22_91282CEA5,pre,DGS2,2,2022-02-14,2022-02-22,-1,0.0025,5,0,5.6062919,1.9611156,1,1,1,0,0,0,0,0
2022-02-23_91282CEC1_pre,2022-02-23_91282CEC1,pre,DGS5,5,2022-02-15,2022-02-23,-1,0.0025,5,0,5.6888234,4.7432823,1,1,1,0,0,0,0,0
2022-02-16_912810TF5_post,2022-02-16_912810TF5,post,DGS20,20,2022-02-16,2022-02-24,1,0.0025,5,1.0536813,4.9282708,15.825041,1,1,1,2390.3952,1510514.4,7901.9903,1195.1976,6706.7927
2022-02-24_91282CEB3_pre,2022-02-24_91282CEB3,pre,DGS7,7,2022-02-16,2022-02-24,-1,0.0025,5,0,5.5658361,6.5018515,1,1,1,0,0,0,0,0
2022-02-22_91282CEA5_post,2022-02-22_91282CEA5,post,DGS2,2,2022-02-22,2022-03-01,1,0.0025,5,0,5.6160333,1.9616002,1,1,1,0,0,0,0,0
2022-02-23_91282CEC1_post,2022-02-23_91282CEC1,post,DGS5,5,2022-02-23,2022-03-02,1,0.0025,5,0,5.6563299,4.7496544,1,1,1,0,0,0,0,0
2022-02-24_91282CEB3_post,2022-02-24_91282CEB3,post,DGS7,7,2022-02-24,2022-03-03,1,0.0025,5,0,5.0117376,6.5160459,1,1,1,0,0,0,0,0
2022-03-08_91282CED9_pre,2022-03-08_91282CED9,pre,DGS3,3,2022-03-01,2022-03-08,-1,0.0025,5,0,5.6571289,2.924313,1,1,1,0,0,0,0,0
2022-03-09_91282CDY4_pre,2022-03-09_91282CDY4,pre,DGS10,10,2022-03-02,2022-03-09,-1,0.0025,5,0.72475906,5.4226976,9.086689,1,1,1,1494.2844,1644476.2,11360.544,747.14221,10613.402
2022-03-10_912810TD0_pre,2022-03-10_912810TD0,pre,DGS30,30,2022-03-03,2022-03-10,-1,0.0025,5,0,4.8791902,21.759048,1,1,1,0,0,0,0,0
2022-03-08_91282CED9_post,2022-03-08_91282CED9,post,DGS3,3,2022-03-08,2022-03-15,1,0.0025,5,0,6.4985657,2.9087242,1,1,1,0,0,0,0,0
2022-03-09_91282CDY4_post,2022-03-09_91282CDY4,post,DGS10,10,2022-03-09,2022-03-16,1,0.0025,5,0,5.7492569,9.0500892,0.5,1,1,0,0,0,0,0
2022-03-10_912810TD0_post,2022-03-10_912810TD0,post,DGS30,30,2022-03-10,2022-03-17,1,0.0025,5,0,4.9385775,21.355048,0.5,1,1,0,0,0,0,0
2022-03-23_912810TF5_pre,2022-03-23_912810TF5,pre,DGS20,20,2022-03-16,2022-03-23,-1,0.0025,5,1.1500279,4.9938946,15.576323,1,1,1,2574.6844,1652947.5,22020.245,1287.3422,20732.903
2022-03-28_91282CEF4_pre,2022-03-28_91282CEF4,pre,DGS5,5,2022-03-21,2022-03-28,-1,0.0025,5,0,6.5185524,4.6940071,1,1,1,0,0,0,0,0
2022-03-28_91282CEG2_pre,2022-03-28_91282CEG2,pre,DGS2,2,2022-03-21,2022-03-28,-1,0.0025,5,0,6.4705111,1.9476238,1,1,1,0,0,0,0,0
2022-03-29_91282CEE7_pre,2022-03-29_91282CEE7,pre,DGS7,7,2022-03-22,2022-03-29,-1,0.0025,5,0,6.7900517,6.4037251,1,1,1,0,0,0,0,0
2022-03-23_912810TF5_post,2022-03-23_912810TF5,post,DGS20,20,2022-03-23,2022-03-30,1,0.0025,5,0.81140695,5.3045924,15.446898,1,1,1,1710.1796,1107134.6,4011.9607,855.08978,3156.8709
2022-03-28_91282CEF4_post,2022-03-28_91282CEF4,post,DGS5,5,2022-03-28,2022-04-04,1,0.0025,5,0,7.2735882,4.6677848,1,1,1,0,0,0,0,0
2022-03-28_91282CEG2_post,2022-03-28_91282CEG2,post,DGS2,2,2022-03-28,2022-04-04,1,0.0025,5,0,7.0284933,1.9426028,1,1,1,0,0,0,0,0
2022-03-29_91282CEE7_post,2022-03-29_91282CEE7,post,DGS7,7,2022-03-29,2022-04-05,1,0.0025,5,0,7.0969676,6.3852764,1,1,1,0,0,0,0,0
2022-04-11_91282CEH0_pre,2022-04-11_91282CEH0,pre,DGS3,3,2022-04-04,2022-04-11,-1,0.0025,5,0,7.5610323,2.867607,1,1,1,0,0,0,0,0
2022-04-12_91282CDY4_pre,2022-04-12_91282CDY4,pre,DGS10,10,2022-04-05,2022-04-12,-1,0.0025,5,0,6.6761021,8.782149,1,1,1,0,0,0,0,0
2022-04-13_912810TD0_pre,2022-04-13_912810TD0,pre,DGS30,30,2022-04-06,2022-04-13,-1,0.0025,5,0,5.6007465,20.660031,1,1,1,0,0,0,0,0
2022-04-11_91282CEH0_post,2022-04-11_91282CEH0,post,DGS3,3,2022-04-11,2022-04-19,1,0.0025,5,0,7.6345927,2.8617361,1,1,1,0,0,0,0,0
2022-04-12_91282CDY4_post,2022-04-12_91282CDY4,post,DGS10,10,2022-04-12,2022-04-20,1,0.0025,5,0,6.8581058,8.7039698,1,1,1,0,0,0,0,0
2022-04-20_912810TF5_pre,2022-04-20_912810TF5,pre,DGS20,20,2022-04-12,2022-04-20,-1,0.0025,5,0.95934131,5.7059786,14.971584,1,1,1,1879.741,1255539.2,15942.454,939.8705,15002.583
2022-04-13_912810TD0_post,2022-04-13_912810TD0,post,DGS30,30,2022-04-13,2022-04-21,1,0.0025,5,0,5.7139931,20.179712,1,1,1,0,0,0,0,0
2022-04-26_91282CEK3_pre,2022-04-26_91282CEK3,pre,DGS2,2,2022-04-19,2022-04-26,-1,0.0025,5,0,7.5807517,1.9364149,1,1,1,0,0,0,0,0
2022-04-20_912810TF5_post,2022-04-20_912810TF5,post,DGS20,20,2022-04-20,2022-04-27,1,0.0025,5,0.95934131,5.7293969,14.849276,1,1,1,1872.0578,1260706.4,638.90976,936.02889,-297.11912
2022-04-27_91282CEN7_pre,2022-04-27_91282CEN7,pre,DGS5,5,2022-04-20,2022-04-27,-1,0.0025,5,0,7.7549146,4.627011,1,1,1,0,0,0,0,0
2022-04-28_91282CEM9_pre,2022-04-28_91282CEM9,pre,DGS7,7,2022-04-21,2022-04-28,-1,0.0025,5,0,7.5990447,6.2806698,1,1,1,0,0,0,0,0
2022-04-26_91282CEK3_post,2022-04-26_91282CEK3,post,DGS2,2,2022-04-26,2022-05-03,1,0.0025,5,0,7.7422277,1.9380778,1,1,1,0,0,0,0,0
2022-04-27_91282CEN7_post,2022-04-27_91282CEN7,post,DGS5,5,2022-04-27,2022-05-04,1,0.0025,5,0,7.9403852,4.6343854,0.5,1,1,0,0,0,0,0
2022-04-28_91282CEM9_post,2022-04-28_91282CEM9,post,DGS7,7,2022-04-28,2022-05-05,1,0.0025,5,0,7.7514169,6.2986836,0.5,1,1,0,0,0,0,0
2022-05-10_91282CEQ0_pre,2022-05-10_91282CEQ0,pre,DGS3,3,2022-05-03,2022-05-10,-1,0.0025,5,0,8.0937131,2.8510204,0.5,1,1,0,0,0,0,0
2022-05-11_91282CEP2_pre,2022-05-11_91282CEP2,pre,DGS10,10,2022-05-04,2022-05-11,-1,0.0025,5,1,7.0875079,8.6140106,1,1,1,1577.4712,1831285.5,-4044.0559,788.73562,-4832.7915
2022-05-12_912810TG3_pre,2022-05-12_912810TG3,pre,DGS30,30,2022-05-05,2022-05-12,-1,0.0025,5,1,6.0407982,19.31579,1,1,1,1850.8051,958182.45,-28686.434,925.40253,-29611.836
2022-05-10_91282CEQ0_post,2022-05-10_91282CEQ0,post,DGS3,3,2022-05-10,2022-05-17,1,0.0025,5,0,7.9826613,2.8578323,1,1,1,0,0,0,0,0
2022-05-11_91282CEP2_post,2022-05-11_91282CEP2,post,DGS10,10,2022-05-11,2022-05-18,1,0.0025,5,1,7.1594235,8.6225207,1,1,1,1561.6257,1811101.2,3907.0439,780.81286,3126.2311
2022-05-18_912810TH1_pre,2022-05-18_912810TH1,pre,DGS20,20,2022-05-11,2022-05-18,-1,0.0025,5,1.1084874,6.4453154,14.62214,1,1,1,1922.8331,1315014.9,-2748.6342,961.41655,-3710.0508
2022-05-12_912810TG3_post,2022-05-12_912810TG3,post,DGS30,30,2022-05-12,2022-05-19,1,0.0025,5,1,6.4305064,19.690134,1,1,1,1738.6407,883000.91,-8023.1938,869.32033,-8892.5141
2022-05-24_91282CER8_pre,2022-05-24_91282CER8,pre,DGS2,2,2022-05-17,2022-05-24,-1,0.0025,5,0,7.4549305,1.9340434,1,1,1,0,0,0,0,0
2022-05-18_912810TH1_post,2022-05-18_912810TH1,post,DGS20,20,2022-05-18,2022-05-25,1,0.0025,5,1.2393265,6.5025853,14.635362,1,1,1,2130.8588,1455965.9,22232.604,1065.4294,21167.174
2022-05-25_91282CET4_pre,2022-05-25_91282CET4,pre,DGS5,5,2022-05-18,2022-05-25,-1,0.0025,5,0,8.0731822,4.6245567,1,1,1,0,0,0,0,0
2022-05-26_91282CES6_pre,2022-05-26_91282CES6,pre,DGS7,7,2022-05-19,2022-05-26,-1,0.0025,5,0,8.0821349,6.3009406,1,1,1,0,0,0,0,0
2022-05-24_91282CER8_post,2022-05-24_91282CER8,post,DGS2,2,2022-05-24,2022-06-01,1,0.0025,5,0,7.5983198,1.939029,1,1,1,0,0,0,0,0
2022-05-25_91282CET4_post,2022-05-25_91282CET4,post,DGS5,5,2022-05-25,2022-06-02,1,0.0025,5,0,8.1274279,4.6467145,1,1,1,0,0,0,0,0
2022-05-26_91282CES6_post,2022-05-26_91282CES6,post,DGS7,7,2022-05-26,2022-06-03,1,0.0025,5,0,7.7797906,6.3281157,1,1,1,0,0,0,0,0
2022-06-07_91282CEU1_pre,2022-06-07_91282CEU1,pre,DGS3,3,2022-05-31,2022-06-07,-1,0.0025,5,0,7.4317041,2.8627133,1,1,1,0,0,0,0,0
2022-06-08_91282CEP2_pre,2022-06-08_91282CEP2,pre,DGS10,10,2022-06-01,2022-06-08,-1,0.0025,5,1.4082483,7.0249555,8.60976,1,1,1,2241.2518,2603152.5,19150.895,1120.6259,18030.27
2022-06-09_912810TG3_pre,2022-06-09_912810TG3,pre,DGS30,30,2022-06-02,2022-06-09,-1,0.0025,5,0,6.4374434,19.464266,1,1,1,0,0,0,0,0
2022-06-07_91282CEU1_post,2022-06-07_91282CEU1,post,DGS3,3,2022-06-07,2022-06-14,1,0.0025,5,0,7.4455462,2.8529641,1,1,1,0,0,0,0,0
2022-06-08_91282CEP2_post,2022-06-08_91282CEP2,post,DGS10,10,2022-06-08,2022-06-15,1,0.0025,5,0,7.1235267,8.5716394,0.5,1,1,0,0,0,0,0
2022-06-09_912810TG3_post,2022-06-09_912810TG3,post,DGS30,30,2022-06-09,2022-06-16,1,0.0025,5,0,6.3365811,19.242174,0.5,1,1,0,0,0,0,0
2022-06-22_912810TH1_pre,2022-06-22_912810TH1,pre,DGS20,20,2022-06-14,2022-06-22,-1,0.0025,5,0.47295372,7.1373926,14.019671,0.5,1,1,370.42823,264220.35,-8781.1684,185.21411,-8966.3825
2022-06-27_91282CEW7_pre,2022-06-27_91282CEW7,pre,DGS5,5,2022-06-17,2022-06-27,-1,0.0025,5,0,8.9180829,4.5698376,1,1,1,0,0,0,0,0
2022-06-27_91282CEX5_pre,2022-06-27_91282CEX5,pre,DGS2,2,2022-06-17,2022-06-27,-1,0.0025,5,0,9.1895298,1.9231943,1,1,1,0,0,0,0,0
2022-06-28_91282CEV9_pre,2022-06-28_91282CEV9,pre,DGS7,7,2022-06-21,2022-06-28,-1,0.0025,5,0,8.5113915,6.1851102,1,1,1,0,0,0,0,0
2022-06-22_912810TH1_post,2022-06-22_912810TH1,post,DGS20,20,2022-06-22,2022-06-29,1,0.0025,5,0,7.0318083,14.309914,1,1,1,0,0,0,0,0
2022-06-27_91282CEW7_post,2022-06-27_91282CEW7,post,DGS5,5,2022-06-27,2022-07-05,1,0.0025,5,0,8.9590878,4.5819147,1,1,1,0,0,0,0,0
2022-06-27_91282CEX5_post,2022-06-27_91282CEX5,post,DGS2,2,2022-06-27,2022-07-05,1,0.0025,5,0,9.207265,1.9253092,1,1,1,0,0,0,0,0
2022-06-28_91282CEV9_post,2022-06-28_91282CEV9,post,DGS7,7,2022-06-28,2022-07-06,1,0.0025,5,0,8.5691603,6.2115651,1,1,1,0,0,0,0,0
2022-07-11_91282CEY3_pre,2022-07-11_91282CEY3,pre,DGS3,3,2022-07-01,2022-07-11,-1,0.0025,5,0,9.3681152,2.8558835,1,1,1,0,0,0,0,0
2022-07-12_91282CEP2_pre,2022-07-12_91282CEP2,pre,DGS10,10,2022-07-05,2022-07-12,-1,0.0025,5,0,8.2222655,8.6609656,1,1,1,0,0,0,0,0
2022-07-13_912810TG3_pre,2022-07-13_912810TG3,pre,DGS30,30,2022-07-06,2022-07-13,-1,0.0025,5,0,6.9898231,19.34042,1,1,1,0,0,0,0,0
2022-07-11_91282CEY3_post,2022-07-11_91282CEY3,post,DGS3,3,2022-07-11,2022-07-18,1,0.0025,5,0,9.800539,2.8442333,1,1,1,0,0,0,0,0
2022-07-12_91282CEP2_post,2022-07-12_91282CEP2,post,DGS10,10,2022-07-12,2022-07-19,1,0.0025,5,0,8.4098913,8.6012678,1,1,1,0,0,0,0,0
2022-07-13_912810TG3_post,2022-07-13_912810TG3,post,DGS30,30,2022-07-13,2022-07-20,1,0.0025,5,0,7.1460945,19.489175,1,1,1,0,0,0,0,0
2022-07-20_912810TH1_pre,2022-07-20_912810TH1,pre,DGS20,20,2022-07-13,2022-07-20,-1,0.0025,5,0,7.5029185,14.490862,1,1,1,0,0,0,0,0
2022-07-25_91282CFA4_pre,2022-07-25_91282CFA4,pre,DGS2,2,2022-07-18,2022-07-25,-1,0.0025,5,0,9.1826414,1.9236639,1,1,1,0,0,0,0,0
2022-07-26_91282CFB2_pre,2022-07-26_91282CFB2,pre,DGS5,5,2022-07-19,2022-07-26,-1,0.0025,5,0,9.0899305,4.5940389,1,1,1,0,0,0,0,0
2022-07-20_912810TH1_post,2022-07-20_912810TH1,post,DGS20,20,2022-07-20,2022-07-27,1,0.0025,5,0,7.1745785,14.387061,0.5,1,1,0,0,0,0,0
2022-07-28_91282CFC0_pre,2022-07-28_91282CFC0,pre,DGS7,7,2022-07-21,2022-07-28,-1,0.0025,5,0,8.7307496,6.2739338,0.5,1,1,0,0,0,0,0
2022-07-25_91282CFA4_post,2022-07-25_91282CFA4,post,DGS2,2,2022-07-25,2022-08-01,1,0.0025,5,0,9.3751685,1.9271923,0.5,1,1,0,0,0,0,0
2022-07-26_91282CFB2_post,2022-07-26_91282CFB2,post,DGS5,5,2022-07-26,2022-08-02,1,0.0025,5,0,9.426732,4.6245567,0.5,1,1,0,0,0,0,0
2022-07-28_91282CFC0_post,2022-07-28_91282CFC0,post,DGS7,7,2022-07-28,2022-08-04,1,0.0025,5,0,9.0225549,6.3417667,1,1,1,0,0,0,0,0
2022-08-09_91282CFE6_pre,2022-08-09_91282CFE6,pre,DGS3,3,2022-08-02,2022-08-09,-1,0.0025,5,0,9.819429,2.8476237,1,1,1,0,0,0,0,0
2022-08-10_91282CFF3_pre,2022-08-10_91282CFF3,pre,DGS10,10,2022-08-03,2022-08-10,-1,0.0025,5,1.3042903,8.5420198,8.6996557,1,1,1,1707.1383,1962305.6,8299.8739,853.56914,7446.3048
2022-08-11_912810TJ7_pre,2022-08-11_912810TJ7,pre,DGS30,30,2022-08-04,2022-08-11,-1,0.0025,5,1.3042903,6.6241085,19.766276,1,1,1,2201.4146,1113722.5,38719.426,1100.7073,37618.719
2022-08-09_91282CFE6_post,2022-08-09_91282CFE6,post,DGS3,3,2022-08-09,2022-08-16,1,0.0025,5,0,10.485543,2.838918,1,1,1,0,0,0,0,0
2022-08-10_91282CFF3_post,2022-08-10_91282CFF3,post,DGS10,10,2022-08-10,2022-08-17,1,0.0025,5,1.3042903,8.6079716,8.6781308,1,1,1,1694.0587,1952100.9,-18418.744,847.02934,-19265.773
2022-08-17_912810TK4_pre,2022-08-17_912810TK4,pre,DGS20,20,2022-08-10,2022-08-17,-1,0.0025,5,0,7.1235267,14.595747,1,1,1,0,0,0,0,0
2022-08-11_912810TJ7_post,2022-08-11_912810TJ7,post,DGS30,30,2022-08-11,2022-08-18,1,0.0025,5,1.3042903,6.4956309,19.31579,1,1,1,2244.9565,1162239.1,2410.0772,1122.4783,1287.599
2022-08-23_91282CFG1_pre,2022-08-23_91282CFG1,pre,DGS2,2,2022-08-16,2022-08-23,-1,0.0025,5,0,9.6418345,1.9213174,1,1,1,0,0,0,0,0
2022-08-17_912810TK4_post,2022-08-17_912810TK4,post,DGS20,20,2022-08-17,2022-08-24,1,0.0025,5,0.47295372,6.9674587,14.46481,1,1,1,758.92569,524670.33,-13427.195,379.46285,-13806.658
2022-08-24_91282CFH9_pre,2022-08-24_91282CFH9,pre,DGS5,5,2022-08-17,2022-08-24,-1,0.0025,5,0,9.8316191,4.6062104,1,1,1,0,0,0,0,0
2022-08-25_91282CFJ5_pre,2022-08-25_91282CFJ5,pre,DGS7,7,2022-08-18,2022-08-25,-1,0.0025,5,0,9.3701503,6.2784233,1,1,1,0,0,0,0,0
2022-08-23_91282CFG1_post,2022-08-23_91282CFG1,post,DGS2,2,2022-08-23,2022-08-30,1,0.0025,5,0,9.4352387,1.9203801,1,1,1,0,0,0,0,0
2022-08-24_91282CFH9_post,2022-08-24_91282CFH9,post,DGS5,5,2022-08-24,2022-08-31,1,0.0025,5,0,9.7594804,4.5867588,1,1,1,0,0,0,0,0
2022-08-25_91282CFJ5_post,2022-08-25_91282CFJ5,post,DGS7,7,2022-08-25,2022-09-01,1,0.0025,5,0,9.3262281,6.2470939,1,1,1,0,0,0,0,0
2022-09-12_91282CFF3_pre,2022-09-12_91282CFF3,pre,DGS10,10,2022-09-02,2022-09-12,-1,0.0025,5,1.7128324,8.3695709,8.5002901,1,1,1,2288.0562,2691739,38333.903,1144.0281,37189.875
2022-09-12_91282CFK2_pre,2022-09-12_91282CFK2,pre,DGS3,3,2022-09-02,2022-09-12,-1,0.0025,5,0,10.03287,2.8273736,1,1,1,0,0,0,0,0
2022-09-13_912810TJ7_pre,2022-09-13_912810TJ7,pre,DGS30,30,2022-09-06,2022-09-13,-1,0.0025,5,1.7128324,6.2736783,18.505072,1,1,1,3052.4435,1649517.2,5757.5784,1526.2218,4231.3566
2022-09-12_91282CFF3_post,2022-09-12_91282CFF3,post,DGS10,10,2022-09-12,2022-09-19,1,0.0025,5,0,7.6310398,8.4297888,1,1,1,0,0,0,0,0
2022-09-12_91282CFK2_post,2022-09-12_91282CFK2,post,DGS3,3,2022-09-12,2022-09-19,1,0.0025,5,0,8.7884587,2.8197174,1,1,1,0,0,0,0,0
2022-09-13_912810TJ7_post,2022-09-13_912810TJ7,post,DGS30,30,2022-09-13,2022-09-20,1,0.0025,5,0,5.9442799,18.458956,1,1,1,0,0,0,0,0
2022-09-20_912810TK4_pre,2022-09-20_912810TK4,pre,DGS20,20,2022-09-13,2022-09-20,-1,0.0025,5,0.72475906,6.3347307,13.982444,1,1,1,1279.1471,914823.72,10058.084,639.57356,9418.5103
2022-09-26_91282CFN6_pre,2022-09-26_91282CFN6,pre,DGS2,2,2022-09-19,2022-09-26,-1,0.0025,5,0,7.3565183,1.9050199,0.5,1,1,0,0,0,0,0
2022-09-20_912810TK4_post,2022-09-20_912810TK4,post,DGS20,20,2022-09-20,2022-09-27,1,0.0025,5,0,5.9159843,13.883872,0.5,1,1,0,0,0,0,0
2022-09-27_91282CFM8_pre,2022-09-27_91282CFM8,pre,DGS5,5,2022-09-20,2022-09-27,-1,0.0025,5,0,8.0006179,4.5208085,0.5,1,1,0,0,0,0,0
2022-09-28_91282CFL0_pre,2022-09-28_91282CFL0,pre,DGS7,7,2022-09-21,2022-09-28,-1,0.0025,5,0,7.7769034,6.1283483,1,1,1,0,0,0,0,0
2022-09-26_91282CFN6_post,2022-09-26_91282CFN6,post,DGS2,2,2022-09-26,2022-10-03,1,0.0025,5,0,7.4894276,1.8976436,1,1,1,0,0,0,0,0
2022-09-27_91282CFM8_post,2022-09-27_91282CFM8,post,DGS5,5,2022-09-27,2022-10-04,1,0.0025,5,0,8.2064464,4.4667184,1,1,1,0,0,0,0,0
2022-09-28_91282CFL0_post,2022-09-28_91282CFL0,post,DGS7,7,2022-09-28,2022-10-05,1,0.0025,5,0,7.9914502,6.0894933,1,1,1,0,0,0,0,0
2022-10-11_91282CFP1_pre,2022-10-11_91282CFP1,pre,DGS3,3,2022-10-03,2022-10-11,-1,0.0025,5,0,8.5350722,2.7950532,1,1,1,0,0,0,0,0
2022-10-12_91282CFF3_pre,2022-10-12_91282CFF3,pre,DGS10,10,2022-10-04,2022-10-12,-1,0.0025,5,0,8.2481979,8.3276256,1,1,1,0,0,0,0,0
2022-10-13_912810TJ7_pre,2022-10-13_912810TJ7,pre,DGS30,30,2022-10-05,2022-10-13,-1,0.0025,5,0,6.3658694,17.852729,1,1,1,0,0,0,0,0
2022-10-11_91282CFP1_post,2022-10-11_91282CFP1,post,DGS3,3,2022-10-11,2022-10-18,1,0.0025,5,0,8.7748195,2.7861239,1,1,1,0,0,0,0,0
2022-10-12_91282CFF3_post,2022-10-12_91282CFF3,post,DGS10,10,2022-10-12,2022-10-19,1,0.0025,5,0,8.2926691,8.2113322,1,1,1,0,0,0,0,0
2022-10-19_912810TK4_pre,2022-10-19_912810TK4,pre,DGS20,20,2022-10-12,2022-10-19,-1,0.0025,5,0,6.9289167,13.464315,1,1,1,0,0,0,0,0
2022-10-13_912810TJ7_post,2022-10-13_912810TJ7,post,DGS30,30,2022-10-13,2022-10-20,1,0.0025,5,0,6.3802308,17.443738,1,1,1,0,0,0,0,0
2022-10-25_91282CFQ9_pre,2022-10-25_91282CFQ9,pre,DGS2,2,2022-10-18,2022-10-25,-1,0.0025,5,0,7.6924462,1.8939726,1,1,1,0,0,0,0,0
2022-10-19_912810TK4_post,2022-10-19_912810TK4,post,DGS20,20,2022-10-19,2022-10-26,1,0.0025,5,0,6.6405704,13.232847,1,1,1,0,0,0,0,0
2022-10-26_91282CFU0_pre,2022-10-26_91282CFU0,pre,DGS5,5,2022-10-19,2022-10-26,-1,0.0025,5,0,8.5951635,4.4504459,1,1,1,0,0,0,0,0
2022-10-27_91282CFT3_pre,2022-10-27_91282CFT3,pre,DGS7,7,2022-10-20,2022-10-27,-1,0.0025,5,0,8.9803772,5.9771432,1,1,1,0,0,0,0,0
2022-10-25_91282CFQ9_post,2022-10-25_91282CFQ9,post,DGS2,2,2022-10-25,2022-11-01,1,0.0025,5,0,7.5904155,1.8942017,1,1,1,0,0,0,0,0
2022-10-26_91282CFU0_post,2022-10-26_91282CFU0,post,DGS5,5,2022-10-26,2022-11-02,1,0.0025,5,0,8.8073384,4.4678841,0.5,1,1,0,0,0,0,0
2022-10-27_91282CFT3_post,2022-10-27_91282CFT3,post,DGS7,7,2022-10-27,2022-11-03,1,0.0025,5,0,9.0581299,6.0509949,0.5,1,1,0,0,0,0,0
2022-11-08_91282CFW6_pre,2022-11-08_91282CFW6,pre,DGS3,3,2022-11-01,2022-11-08,-1,0.0025,5,0,8.3716633,2.7781717,0.5,1,1,0,0,0,0,0
2022-11-09_91282CFV8_pre,2022-11-09_91282CFV8,pre,DGS10,10,2022-11-02,2022-11-09,-1,0.0025,5,1.9128709,7.9059443,8.1364046,1,1,1,2705.1224,3324714.7,5284.5653,1352.5612,3932.0041
2022-11-10_912810TL2_pre,2022-11-10_912810TL2,pre,DGS30,30,2022-11-03,2022-11-10,-1,0.0025,5,1.9128709,6.7228214,17.007819,1,1,1,3181.1863,1870425.7,-50045.433,1590.5931,-51636.026
2022-11-08_91282CFW6_post,2022-11-08_91282CFW6,post,DGS3,3,2022-11-08,2022-11-16,1,0.0025,5,0,7.9049973,2.7749074,1,1,1,0,0,0,0,0
2022-11-16_912810TM0_pre,2022-11-16_912810TM0,pre,DGS20,20,2022-11-08,2022-11-16,-1,0.0025,5,0,6.8801483,13.130589,1,1,1,0,0,0,0,0
2022-11-09_91282CFV8_post,2022-11-09_91282CFV8,post,DGS10,10,2022-11-09,2022-11-17,1,0.0025,5,1.9128709,7.8614413,8.1285749,1,1,1,2720.4359,3346756.3,96633.959,1360.2179,95273.741
2022-11-10_912810TL2_post,2022-11-10_912810TL2,post,DGS30,30,2022-11-10,2022-11-18,1,0.0025,5,1.9128709,6.743463,17.317493,1,1,1,3171.4487,1831355.6,35620.093,1585.7244,34034.369
2022-11-21_91282CFX4_pre,2022-11-21_91282CFX4,pre,DGS2,2,2022-11-14,2022-11-21,-1,0.0025,5,0,8.35949,1.89466,1,1,1,0,0,0,0,0
2022-11-21_91282CFZ9_pre,2022-11-21_91282CFZ9,pre,DGS5,5,2022-11-14,2022-11-21,-1,0.0025,5,0,9.4144978,4.4912925,1,1,1,0,0,0,0,0
2022-11-22_91282CFY2_pre,2022-11-22_91282CFY2,pre,DGS7,7,2022-11-15,2022-11-22,-1,0.0025,5,0,9.6466381,6.0787637,1,1,1,0,0,0,0,0
2022-11-16_912810TM0_post,2022-11-16_912810TM0,post,DGS20,20,2022-11-16,2022-11-23,1,0.0025,5,1.5270463,7.8810901,13.641827,1,1,1,2166.3115,1587992.2,13192.129,1083.1558,12108.974
2022-11-21_91282CFX4_post,2022-11-21_91282CFX4,post,DGS2,2,2022-11-21,2022-11-29,1,0.0025,5,0,8.3746321,1.8928277,1,1,1,0,0,0,0,0
2022-11-21_91282CFZ9_post,2022-11-21_91282CFZ9,post,DGS5,5,2022-11-21,2022-11-29,1,0.0025,5,0,9.5612654,4.4948194,1,1,1,0,0,0,0,0
2022-11-22_91282CFY2_post,2022-11-22_91282CFY2,post,DGS7,7,2022-11-22,2022-11-30,1,0.0025,5,0,9.8210543,6.0830522,1,1,1,0,0,0,0,0
2022-12-12_91282CFV8_pre,2022-12-12_91282CFV8,pre,DGS10,10,2022-12-05,2022-12-12,-1,0.0025,5,2,9.1119218,8.335733,1,1,1,2454.0026,2943955.4,2672.3775,1227.0013,1445.3762
2022-12-12_91282CGA3_pre,2022-12-12_91282CGA3,pre,DGS3,3,2022-12-05,2022-12-12,-1,0.0025,5,0,9.4040501,2.7945821,1,1,1,0,0,0,0,0
2022-12-13_912810TL2_pre,2022-12-13_912810TL2,pre,DGS30,30,2022-12-06,2022-12-13,-1,0.0025,5,2,8.2043119,18.435962,1,1,1,2725.479,1478349.2,2477.1713,1362.7395,1114.4318
2022-12-12_91282CFV8_post,2022-12-12_91282CFV8,post,DGS10,10,2022-12-12,2022-12-19,1,0.0025,5,0.024099927,9.3548229,8.3316779,0.5,1,1,14.401415,17285.132,55.984298,7.2007075,48.78359
2022-12-12_91282CGA3_post,2022-12-12_91282CGA3,post,DGS3,3,2022-12-12,2022-12-19,1,0.0025,5,0,9.4840931,2.7959957,0.5,1,1,0,0,0,0,0
2022-12-13_912810TL2_post,2022-12-13_912810TL2,post,DGS30,30,2022-12-13,2022-12-20,1,0.0025,5,0.024099927,8.4936001,18.41301,0.5,1,1,15.861671,8614.3822,-327.37394,7.9308353,-335.30477
2022-12-21_912810TM0_pre,2022-12-21_912810TM0,pre,DGS20,20,2022-12-14,2022-12-21,-1,0.0025,5,1.9759001,8.5993529,13.994837,1,1,1,2568.9415,1835635.2,48266.964,1284.4707,46982.494
2022-12-27_91282CGD7_pre,2022-12-27_91282CGD7,pre,DGS2,2,2022-12-19,2022-12-27,-1,0.0025,5,0,8.672624,1.8981032,1,1,1,0,0,0,0,0
2022-12-28_91282CGC9_pre,2022-12-28_91282CGC9,pre,DGS5,5,2022-12-20,2022-12-28,-1,0.0025,5,0,9.9487955,4.5160667,1,1,1,0,0,0,0,0
2022-12-21_912810TM0_post,2022-12-21_912810TM0,post,DGS20,20,2022-12-21,2022-12-29,1,0.0025,5,0,8.4208512,13.762074,1,1,1,0,0,0,0,0
2022-12-29_91282CGB1_pre,2022-12-29_91282CGB1,pre,DGS7,7,2022-12-21,2022-12-29,-1,0.0025,5,0.055367593,9.9723346,6.1024051,1,1,1,62.074583,101721.5,873.99382,31.037292,842.95653
2022-12-27_91282CGD7_post,2022-12-27_91282CGD7,post,DGS2,2,2022-12-27,2023-01-04,1,0.0025,5,0,8.5638018,1.8964951,1,1,1,0,0,0,0,0
2022-12-28_91282CGC9_post,2022-12-28_91282CGC9,post,DGS5,5,2022-12-28,2023-01-05,1,0.0025,5,0,8.7177331,4.4948194,1,1,1,0,0,0,0,0
2022-12-29_91282CGB1_post,2022-12-29_91282CGB1,post,DGS7,7,2022-12-29,2023-01-06,1,0.0025,5,0.055367593,8.7497538,6.0723391,1,1,1,70.748106,116508.82,1983.9549,35.374053,1948.5809
2023-01-10_91282CGE5_pre,2023-01-10_91282CGE5,pre,DGS3,3,2023-01-03,2023-01-10,-1,0.0025,5,0.20943058,8.3425937,2.7922287,1,1,1,280.66872,1005178.1,-6662.9394,140.33436,-6803.2738
2023-01-11_91282CFV8_pre,2023-01-11_91282CFV8,pre,DGS10,10,2023-01-04,2023-01-11,-1,0.0025,5,0.20740608,8.165848,8.2993388,1,1,1,283.97178,342161.94,-4238.2037,141.98589,-4380.1896
2023-01-12_912810TL2_pre,2023-01-12_912810TL2,pre,DGS30,30,2023-01-05,2023-01-12,-1,0.0025,5,0.20740608,7.9860578,17.852729,1,1,1,290.36485,162644.52,-6512.5679,145.18242,-6657.7503
2023-01-10_91282CGE5_post,2023-01-10_91282CGE5,post,DGS3,3,2023-01-10,2023-01-18,1,0.0025,5,0.20943058,8.6943712,2.8035532,1,1,1,269.31276,960612.29,5793.6447,134.65638,5658.9883
2023-01-18_912810TM0_pre,2023-01-18_912810TM0,pre,DGS20,20,2023-01-10,2023-01-18,-1,0.0025,5,0.11438511,7.8937864,13.786309,1,1,1,162.009,117514.42,-4275.059,81.004501,-4356.0635
2023-01-11_91282CFV8_post,2023-01-11_91282CFV8,post,DGS10,10,2023-01-11,2023-01-19,1,0.0025,5,0.20740608,8.2861944,8.3601234,1,1,1,279.84746,334740.82,4163.6054,139.92373,4023.6817
2023-01-12_912810TL2_post,2023-01-12_912810TL2,post,DGS30,30,2023-01-12,2023-01-20,1,0.0025,5,0.20740608,8.0979177,18.344408,1,1,1,286.35391,156098.75,-2838.8888,143.17696,-2982.0658
2023-01-24_91282CGG0_pre,2023-01-24_91282CGG0,pre,DGS2,2,2023-01-17,2023-01-24,-1,0.0025,5,0.20943058,8.1137917,1.8997135,1,1,1,288.58334,1519088.7,-1604.3144,144.29167,-1748.6061
2023-01-18_912810TM0_post,2023-01-18_912810TM0,post,DGS20,20,2023-01-18,2023-01-25,1,0.0025,5,0.11438511,8.1018237,14.107095,1,1,1,157.84896,111893.31,-1423.5467,78.92448,-1502.4712
2023-01-25_91282CGH8_pre,2023-01-25_91282CGH8,pre,DGS5,5,2023-01-18,2023-01-25,-1,0.0025,5,0.20943058,8.7594824,4.5590082,1,1,1,267.3109,586335.65,3047.144,133.65545,2913.4885
2023-01-26_91282CGJ4_pre,2023-01-26_91282CGJ4,pre,DGS7,7,2023-01-19,2023-01-26,-1,0.0025,5,0.20943058,8.7611753,6.1763281,1,1,1,267.25925,432715.43,3017.2391,133.62962,2883.6095
2023-01-24_91282CGG0_post,2023-01-24_91282CGG0,post,DGS2,2,2023-01-24,2023-01-31,1,0.0025,5,0.20943058,7.9777055,1.9010955,1,1,1,293.50609,1543878.7,-2759.7998,146.75304,-2906.5529
2023-01-25_91282CGH8_post,2023-01-25_91282CGH8,post,DGS5,5,2023-01-25,2023-02-01,1,0.0025,5,0.20943058,8.62022,4.5458235,0.5,1,1,135.8147,298768.08,764.93147,67.907348,697.02412
2023-01-26_91282CGJ4_post,2023-01-26_91282CGJ4,post,DGS7,7,2023-01-26,2023-02-02,1,0.0025,5,0.20943058,8.5479538,6.1522704,0.5,1,1,136.9629,222621.72,1334.8862,68.481451,1266.4048
2023-02-07_91282CGL9_pre,2023-02-07_91282CGL9,pre,DGS3,3,2023-01-31,2023-02-07,-1,0.0025,5,0.4023857,8.1998174,2.8054475,0.5,1,1,274.32372,977825.2,5848.6908,137.16186,5711.529
2023-02-08_91282CGM7_pre,2023-02-08_91282CGM7,pre,DGS10,10,2023-02-01,2023-02-08,-1,0.0025,5,2,8.1183861,8.4215497,1,1,1,2754.3258,3270568.8,66161.434,1377.1629,64784.272
2023-02-09_912810TN8_pre,2023-02-09_912810TN8,pre,DGS30,30,2023-02-02,2023-02-09,-1,0.0025,5,2,7.7656349,18.367233,1,1,1,2879.44,1567704.8,56930.04,1439.72,55490.32
2023-02-07_91282CGL9_post,2023-02-07_91282CGL9,post,DGS3,3,2023-02-07,2023-02-14,1,0.0025,5,0.4023857,8.9083691,2.7955244,1,1,1,505.00926,1806492,-10747.613,252.50463,-11000.117
2023-02-08_91282CGM7_post,2023-02-08_91282CGM7,post,DGS10,10,2023-02-08,2023-02-15,1,0.0025,5,2,8.4714709,8.3235761,1,1,1,2639.5274,3171145.9,-47815.678,1319.7637,-49135.441
2023-02-15_912810TQ1_pre,2023-02-15_912810TQ1,pre,DGS20,20,2023-02-08,2023-02-15,-1,0.0025,5,0.35450278,7.8976504,13.847168,1,1,1,501.85325,362423.01,5528.7051,250.92663,5277.7785
2023-02-09_912810TN8_post,2023-02-09_912810TN8,post,DGS30,30,2023-02-09,2023-02-16,1,0.0025,5,2,7.6811274,17.918613,1,1,1,2911.1195,1624634.4,-48989.315,1455.5598,-50444.874
2023-02-21_91282CGN5_pre,2023-02-21_91282CGN5,pre,DGS2,2,2023-02-13,2023-02-21,-1,0.0025,5,0.4023857,7.5108208,1.8919127,1,1,1,598.97699,3165986.5,9044.9624,299.48849,8745.4739
2023-02-22_91282CGP0_pre,2023-02-22_91282CGP0,pre,DGS5,5,2023-02-14,2023-02-22,-1,0.0025,5,0.4023857,8.0485813,4.4912925,1,1,1,558.95675,1244534.3,7412.0682,279.47837,7132.5898
2023-02-15_912810TQ1_post,2023-02-15_912810TQ1,post,DGS20,20,2023-02-15,2023-02-23,1,0.0025,5,2,6.8366535,13.71379,1,1,1,3270.7055,2384975.5,-22848.417,1635.3527,-24483.77
2023-02-23_91282CGQ8_pre,2023-02-23_91282CGQ8,pre,DGS7,7,2023-02-15,2023-02-23,-1,0.0025,5,0.4023857,7.8828104,6.0659243,1,1,1,570.71128,940848,4683.74,285.35564,4398.3844
2023-02-21_91282CGN5_post,2023-02-21_91282CGN5,post,DGS2,2,2023-02-21,2023-02-28,1,0.0025,5,0.4023857,7.4260193,1.8884875,1,1,1,605.81701,3207948.3,-8485.1003,302.90851,-8788.0088
2023-02-22_91282CGP0_post,2023-02-22_91282CGP0,post,DGS5,5,2023-02-22,2023-03-01,1,0.0025,5,0.4023857,8.0297997,4.4760565,1,1,1,560.26414,1251691.4,-7955.8209,280.13207,-8235.953
2023-02-23_91282CGQ8_post,2023-02-23_91282CGQ8,post,DGS7,7,2023-02-23,2023-03-02,1,0.0025,5,0.4023857,7.8661831,6.0488665,1,1,1,571.91764,945495.56,-12630.382,285.95882,-12916.341
2023-03-07_91282CGR6_pre,2023-03-07_91282CGR6,pre,DGS3,3,2023-02-28,2023-03-07,-1,0.0025,5,0.59175171,7.9942599,2.7767719,1,1,1,827.59196,2980410.2,12488.678,413.79598,12074.882
2023-03-08_91282CGM7_pre,2023-03-08_91282CGM7,pre,DGS10,10,2023-03-01,2023-03-08,-1,0.0025,5,2,7.3834446,8.1717731,1,1,1,3028.4889,3706036.4,-8644.7057,1514.2444,-10158.95
2023-03-09_912810TN8_pre,2023-03-09_912810TN8,pre,DGS30,30,2023-03-02,2023-03-09,-1,0.0025,5,0.35450278,6.3524318,17.317493,1,1,1,623.92823,360287.85,-9454.1315,311.96411,-9766.0956
2023-03-07_91282CGR6_post,2023-03-07_91282CGR6,post,DGS3,3,2023-03-07,2023-03-14,1,0.0025,5,0.59175171,7.446305,2.7697896,1,1,1,888.49238,3207797.4,54292.33,444.24619,53848.084
2023-03-08_91282CGM7_post,2023-03-08_91282CGM7,post,DGS10,10,2023-03-08,2023-03-15,1,0.0025,5,0.35450278,7.0789534,8.183612,1,1,1,559.89371,684164.54,26604.483,279.94686,26324.536
2023-03-09_912810TN8_post,2023-03-09_912810TN8,post,DGS30,30,2023-03-09,2023-03-16,1,0.0025,5,0.35450278,6.2269689,17.635705,1,1,1,636.49933,360915.16,11027.595,318.24967,10709.345
2023-03-21_912810TQ1_pre,2023-03-21_912810TQ1,pre,DGS20,20,2023-03-14,2023-03-21,-1,0.0025,5,2,6.835827,13.786309,1,1,1,3271.1009,2372717,-3414.999,1635.5504,-5050.5495
2023-03-27_91282CGU9_pre,2023-03-27_91282CGU9,pre,DGS2,2,2023-03-20,2023-03-27,-1,0.0025,5,0.59175171,12.705086,1.9057138,0.5,1,1,260.36759,1366247,679.70035,130.1838,549.51656
2023-03-21_912810TQ1_post,2023-03-21_912810TQ1,post,DGS20,20,2023-03-21,2023-03-28,1,0.0025,5,0.35450278,6.8926187,13.798449,0.5,1,1,287.51493,208367.56,-1.4199824,143.75746,-145.17745
2023-03-28_91282CGT2_pre,2023-03-28_91282CGT2,pre,DGS5,5,2023-03-21,2023-03-28,-1,0.0025,5,0.59175171,10.151549,4.5231821,0.5,1,1,325.86086,720423.93,-3149.0577,162.93043,-3311.9882
2023-03-29_91282CGS4_pre,2023-03-29_91282CGS4,pre,DGS7,7,2023-03-22,2023-03-29,-1,0.0025,5,0.59175171,9.3805153,6.1544519,1,1,1,705.29017,1145983.7,6522.6437,352.64508,6169.9986
2023-03-27_91282CGU9_post,2023-03-27_91282CGU9,post,DGS2,2,2023-03-27,2023-04-03,1,0.0025,5,0.59175171,13.66409,1.9052512,1,1,1,484.18778,2541333,-1792.1315,242.09389,-2034.2254
2023-03-28_91282CGT2_post,2023-03-28_91282CGT2,post,DGS5,5,2023-03-28,2023-04-04,1,0.0025,5,0.59175171,11.0038,4.5350779,1,1,1,601.2455,1325766.6,14201.748,300.62275,13901.125
2023-03-29_91282CGS4_post,2023-03-29_91282CGS4,post,DGS7,7,2023-03-29,2023-04-05,1,0.0025,5,0.59175171,9.8367896,6.1348591,1,1,1,672.57566,1096318,18686.21,336.28783,18349.923
2023-04-11_91282CGV7_pre,2023-04-11_91282CGV7,pre,DGS3,3,2023-04-04,2023-04-11,-1,0.0025,5,1,12.494914,2.8197174,1,1,1,894.79125,3173336.6,14975.023,447.39562,14527.628
2023-04-12_91282CGM7_pre,2023-04-12_91282CGM7,pre,DGS10,10,2023-04-05,2023-04-12,-1,0.0025,5,0.35450278,8.2249448,8.4587168,1,1,1,481.88305,569688.13,5435.216,240.94153,5194.2745
2023-04-13_912810TN8_pre,2023-04-13_912810TN8,pre,DGS30,30,2023-04-06,2023-04-13,-1,0.0025,5,0.35450278,6.2196154,18.390101,1,1,1,637.25187,346518.97,9523.1839,318.62593,9204.558
2023-04-11_91282CGV7_post,2023-04-11_91282CGV7,post,DGS3,3,2023-04-11,2023-04-18,1,0.0025,5,1,12.351994,2.8120929,1,1,1,905.14455,3218757.6,-15153.585,452.57227,-15606.157
2023-04-12_91282CGM7_post,2023-04-12_91282CGM7,post,DGS10,10,2023-04-12,2023-04-19,1,0.0025,5,0.35450278,8.0647801,8.4133221,1,1,1,491.45314,584136.84,-9441.8799,245.72657,-9687.6065
2023-04-19_912810TQ1_pre,2023-04-19_912810TQ1,pre,DGS20,20,2023-04-12,2023-04-19,-1,0.0025,5,0.35450278,6.480392,13.982444,1,1,1,611.6083,437411.59,9183.0757,305.80415,8877.2715
2023-04-13_912810TN8_post,2023-04-13_912810TN8,post,DGS30,30,2023-04-13,2023-04-20,1,0.0025,5,0.35450278,5.928958,18.051473,1,1,1,668.4921,370325.51,-4048.037,334.24605,-4382.2831
2023-04-25_91282CGX3_pre,2023-04-25_91282CGX3,pre,DGS2,2,2023-04-18,2023-04-25,-1,0.0025,5,1,13.85502,1.8994833,1,1,1,806.95227,4248272.4,-25968.804,403.47613,-26372.281
2023-04-19_912810TQ1_post,2023-04-19_912810TQ1,post,DGS20,20,2023-04-19,2023-04-26,1,0.0025,5,0.35450278,6.143735,13.798449,1,1,1,645.12247,467532.58,5759.6592,322.56123,5437.098
2023-04-26_91282CHA2_pre,2023-04-26_91282CHA2,pre,DGS5,5,2023-04-19,2023-04-26,-1,0.0025,5,1,10.559704,4.5255576,1,1,1,1058.774,2339543.8,-25965.527,529.387,-26494.914
2023-04-27_91282CGZ8_pre,2023-04-27_91282CGZ8,pre,DGS7,7,2023-04-20,2023-04-27,-1,0.0025,5,1,9.1861478,6.14138,1,1,1,1217.0869,1981780.8,-1957.6073,608.54344,-2566.1507
2023-04-25_91282CGX3_post,2023-04-25_91282CGX3,post,DGS2,2,2023-04-25,2023-05-02,1,0.0025,5,1,13.847954,1.9071029,1,1,1,807.36405,4233458.3,-9635.8867,403.68202,-10039.569
2023-04-26_91282CHA2_post,2023-04-26_91282CHA2,post,DGS5,5,2023-04-26,2023-05-03,1,0.0025,5,1,10.797507,4.5554068,0.5,1,1,517.72784,1136512.8,4397.662,258.86392,4138.7981
2023-04-27_91282CGZ8_post,2023-04-27_91282CGZ8,post,DGS7,7,2023-04-27,2023-05-04,1,0.0025,5,1,9.4121571,6.1457328,0.5,1,1,593.9308,966411.68,14692.703,296.9654,14395.737
2023-05-09_91282CHB0_pre,2023-05-09_91282CHB0,pre,DGS3,3,2023-05-02,2023-05-09,-1,0.0025,5,1,12.532658,2.8163778,0.5,1,1,446.04824,1583765.6,436.5732,223.02412,213.54908
2023-05-10_91282CHC8_pre,2023-05-10_91282CHC8,pre,DGS10,10,2023-05-03,2023-05-10,-1,0.0025,5,2,8.1749756,8.4256678,1,1,1,2735.2595,3246341.5,14558.022,1367.6298,13190.393
2023-05-11_912810TR9_pre,2023-05-11_912810TR9,pre,DGS30,30,2023-05-04,2023-05-11,-1,0.0025,5,2,6.3884606,17.962738,1,1,1,3500.1671,1948571.1,189.63332,1750.0836,-1560.4502
2023-05-09_91282CHB0_post,2023-05-09_91282CHB0,post,DGS3,3,2023-05-09,2023-05-16,1,0.0025,5,1,12.880799,2.8163778,1,1,1,867.985,3081919.6,-6919.6959,433.9925,-7353.6884
2023-05-10_91282CHC8_post,2023-05-10_91282CHC8,post,DGS10,10,2023-05-10,2023-05-17,1,0.0025,5,2,8.2266447,8.4051061,1,1,1,2718.0802,3233843.9,-38854.716,1359.0401,-40213.756
2023-05-17_912810TS7_pre,2023-05-17_912810TS7,pre,DGS20,20,2023-05-10,2023-05-17,-1,0.0025,5,0.35450278,6.5715531,13.822778,1,1,1,603.12402,436326.21,4882.2731,301.56201,4580.7111
2023-05-11_912810TR9_post,2023-05-11_912810TR9,post,DGS30,30,2023-05-11,2023-05-18,1,0.0025,5,2,6.3818909,17.962738,1,1,1,3503.7703,1950577,-62688.569,1751.8852,-64440.455
2023-05-23_91282CHD6_pre,2023-05-23_91282CHD6,pre,DGS2,2,2023-05-16,2023-05-23,-1,0.0025,5,1,14.564284,1.9024791,1,1,1,767.65463,4035022.6,16039.777,383.82732,15655.949
2023-05-17_912810TS7_post,2023-05-17_912810TS7,post,DGS20,20,2023-05-17,2023-05-24,1,0.0025,5,2,6.4673015,13.725838,1,1,1,3457.4977,2518970.2,-48546.415,1728.7488,-50275.164
2023-05-24_91282CHE4_pre,2023-05-24_91282CHE4,pre,DGS5,5,2023-05-17,2023-05-24,-1,0.0025,5,1,11.022114,4.5410431,1,1,1,1014.3553,2233749.5,17795.962,507.17764,17288.785
2023-05-25_91282CHF1_pre,2023-05-25_91282CHF1,pre,DGS7,7,2023-05-18,2023-05-25,-1,0.0025,5,1,9.5144701,6.1240134,1,1,1,1175.088,1918820.2,22750.278,587.54401,22162.734
2023-05-23_91282CHD6_post,2023-05-23_91282CHD6,post,DGS2,2,2023-05-23,2023-05-31,1,0.0025,5,1,14.607279,1.8978734,1,1,1,765.39511,4032909.3,-11380.053,382.69755,-11762.75
2023-05-24_91282CHE4_post,2023-05-24_91282CHE4,post,DGS5,5,2023-05-24,2023-06-01,1,0.0025,5,1,11.111606,4.5208085,1,1,1,1006.1857,2225676.5,4398.634,503.09287,3895.5411
2023-05-25_91282CHF1_post,2023-05-25_91282CHF1,post,DGS7,7,2023-05-25,2023-06-02,1,0.0025,5,1,9.4769867,6.0830522,1,1,1,1179.7357,1939381.2,8887.9737,589.86787,8298.1059
2023-06-12_91282CHC8_pre,2023-06-12_91282CHC8,pre,DGS10,10,2023-06-05,2023-06-12,-1,0.0025,5,2,8.2466223,8.2993388,1,1,1,2711.4956,3267122.4,11654.157,1355.7478,10298.409
2023-06-12_91282CHH7_pre,2023-06-12_91282CHH7,pre,DGS3,3,2023-06-05,2023-06-12,-1,0.0025,5,1,13.225671,2.7959957,1,1,1,845.35146,3023436.2,5641.0811,422.67573,5218.4054
2023-06-13_912810TR9_pre,2023-06-13_912810TR9,pre,DGS30,30,2023-06-06,2023-06-13,-1,0.0025,5,2,5.5920393,17.657229,1,1,1,3998.6628,2264603.8,28055.648,1999.3314,26056.316
2023-06-12_91282CHC8_post,2023-06-12_91282CHC8,post,DGS10,10,2023-06-12,2023-06-20,1,0.0025,5,0.35450278,7.2591069,8.2832369,0.5,1,1,272.99925,329580.4,-353.17797,136.49963,-489.67759
2023-06-12_91282CHH7_post,2023-06-12_91282CHH7,post,DGS3,3,2023-06-12,2023-06-20,1,0.0025,5,1,10.861532,2.7931697,0.5,1,1,514.676,1842623.5,-7001.9905,257.338,-7259.3285
2023-06-13_912810TR9_post,2023-06-13_912810TR9,post,DGS30,30,2023-06-13,2023-06-21,1,0.0025,5,0.35450278,5.4100503,17.507378,0.5,1,1,366.30542,209229.18,4753.919,183.15271,4570.7663
2023-06-21_912810TS7_pre,2023-06-21_912810TS7,pre,DGS20,20,2023-06-13,2023-06-21,-1,0.0025,5,2,5.5858983,13.534912,0.5,1,1,2001.5294,1478790.1,-25889.745,1000.7647,-26890.51
2023-06-26_91282CHL8_pre,2023-06-26_91282CHL8,pre,DGS2,2,2023-06-16,2023-06-26,-1,0.0025,5,1,9.6930868,1.8878036,1,1,1,1153.4344,6109927.9,-4954.3632,576.71721,-5531.0804
2023-06-27_91282CHK0_pre,2023-06-27_91282CHK0,pre,DGS5,5,2023-06-20,2023-06-27,-1,0.0025,5,1,8.5032397,4.4959959,1,1,1,1314.833,2924453.2,8544.6953,657.41649,7887.2788
2023-06-21_912810TS7_post,2023-06-21_912810TS7,post,DGS20,20,2023-06-21,2023-06-28,1,0.0025,5,0.35450278,5.5516069,13.689741,1,1,1,713.93051,521507.68,-805.55634,356.96525,-1162.5216
2023-06-28_91282CHJ3_pre,2023-06-28_91282CHJ3,pre,DGS7,7,2023-06-21,2023-06-28,-1,0.0025,5,1,7.5568467,6.0873451,1,1,1,1479.498,2430448.7,-900.29044,739.74902,-1640.0395
2023-06-26_91282CHL8_post,2023-06-26_91282CHL8,post,DGS2,2,2023-06-26,2023-07-03,1,0.0025,5,1,9.1233078,1.8889436,1,1,1,1225.47,6487594.4,-35936.458,612.73499,-36549.193
2023-06-27_91282CHK0_post,2023-06-27_91282CHK0,post,DGS5,5,2023-06-27,2023-07-05,1,0.0025,5,1,8.2841486,4.4889435,1,1,1,1349.6064,3006512.3,-31588.544,674.80319,-32263.347
2023-06-28_91282CHJ3_post,2023-06-28_91282CHJ3,post,DGS7,7,2023-06-28,2023-07-06,1,0.0025,5,1,7.3167828,6.0894933,1,1,1,1528.0404,2509306.4,-59710.692,764.02021,-60474.712
2023-07-11_91282CHM6_pre,2023-07-11_91282CHM6,pre,DGS3,3,2023-07-03,2023-07-11,-1,0.0025,5,1,9.0072789,2.7744415,1,1,1,1241.2561,4473895.4,-4312.8596,620.62805,-4933.4877
2023-07-12_91282CHC8_pre,2023-07-12_91282CHC8,pre,DGS10,10,2023-07-05,2023-07-12,-1,0.0025,5,0.35450278,6.6787461,8.1954755,1,1,1,593.44396,724111.68,-5220.4366,296.72198,-5517.1586
2023-07-13_912810TR9_pre,2023-07-13_912810TR9,pre,DGS30,30,2023-07-06,2023-07-13,-1,0.0025,5,0.35450278,5.3784462,17.359422,1,1,1,736.91571,424504.76,-8105.857,368.45786,-8474.3149
2023-07-11_91282CHM6_post,2023-07-11_91282CHM6,post,DGS3,3,2023-07-11,2023-07-18,1,0.0025,5,1,9.0260765,2.7763056,1,1,1,1238.6711,4461580.4,20333.743,619.33554,19714.407
2023-07-12_91282CHC8_post,2023-07-12_91282CHC8,post,DGS10,10,2023-07-12,2023-07-19,1,0.0025,5,0.35450278,6.8115057,8.2312153,1,1,1,581.87744,706915.59,6242.2083,290.93872,5951.2696
2023-07-19_912810TS7_pre,2023-07-19_912810TS7,pre,DGS20,20,2023-07-12,2023-07-19,-1,0.0025,5,0.35450278,5.5396873,13.51132,1,1,1,715.46665,529531.29,-9270.0638,357.73332,-9627.7971
2023-07-13_912810TR9_post,2023-07-13_912810TR9,post,DGS30,30,2023-07-13,2023-07-20,1,0.0025,5,0.35450278,5.474027,17.592773,1,1,1,724.04859,411560.23,-780.47275,362.02429,-1142.497
2023-07-24_91282CHN4_pre,2023-07-24_91282CHN4,pre,DGS2,2,2023-07-17,2023-07-24,-1,0.0025,5,1,9.4694722,1.8868925,1,1,1,1180.6719,6257229.5,8893.5289,590.33596,8303.193
2023-07-25_91282CHQ7_pre,2023-07-25_91282CHQ7,pre,DGS5,5,2023-07-18,2023-07-25,-1,0.0025,5,1,8.8671775,4.4912925,1,1,1,1260.868,2807361,19509.109,630.43398,18878.675
2023-07-19_912810TS7_post,2023-07-19_912810TS7,post,DGS20,20,2023-07-19,2023-07-26,1,0.0025,5,0.35450278,5.6473333,13.665753,0.5,1,1,350.91444,256783.82,-3886.5749,175.45722,-4062.0321
2023-07-27_91282CHR5_pre,2023-07-27_91282CHR5,pre,DGS7,7,2023-07-20,2023-07-27,-1,0.0025,5,1,7.9666501,6.0573867,0.5,1,1,701.69643,1158414.5,10753.635,350.84821,10402.786
2023-07-24_91282CHN4_post,2023-07-24_91282CHN4,post,DGS2,2,2023-07-24,2023-07-31,1,0.0025,5,1,8.628294,1.8852996,0.5,1,1,647.88821,3436526.5,-4837.5396,323.9441,-5161.4837
2023-07-25_91282CHQ7_post,2023-07-25_91282CHQ7,post,DGS5,5,2023-07-25,2023-08-01,1,0.0025,5,1,8.5352542,4.4737193,0.5,1,1,654.95061,1463995.8,-6179.5307,327.4753,-6507.006
2023-07-27_91282CHR5_post,2023-07-27_91282CHR5,post,DGS7,7,2023-07-27,2023-08-03,1,0.0025,5,1,7.6538827,6.0255255,1,1,1,1460.7409,2424254.9,-19461.223,730.37047,-20191.593
2023-08-08_91282CHU8_pre,2023-08-08_91282CHU8,pre,DGS3,3,2023-08-01,2023-08-08,-1,0.0025,5,1,8.2778549,2.7739758,1,1,1,1350.6325,4868941.3,-27642.158,675.31625,-28317.474
2023-08-09_91282CHT1_pre,2023-08-09_91282CHT1,pre,DGS10,10,2023-08-02,2023-08-09,-1,0.0025,5,2,6.5288581,8.1442451,1,1,1,3424.899,4205299.5,-26808.424,1712.4495,-28520.874
2023-08-10_912810TT5_pre,2023-08-10_912810TT5,pre,DGS30,30,2023-08-03,2023-08-10,-1,0.0025,5,2,4.9041375,16.726253,1,1,1,4559.554,2725986.5,-36753.1,2279.777,-39032.877
2023-08-08_91282CHU8_post,2023-08-08_91282CHU8,post,DGS3,3,2023-08-08,2023-08-15,1,0.0025,5,2,7.926552,2.7837814,1,1,1,2820.9844,10133642,-80253.116,1410.4922,-81663.608
2023-08-09_91282CHT1_post,2023-08-09_91282CHT1,post,DGS10,10,2023-08-09,2023-08-16,1,0.0025,5,2,6.8133095,8.1757167,1,1,1,3281.9116,4014218.9,-92015.215,1640.9558,-93656.171
2023-08-10_912810TT5_post,2023-08-10_912810TT5,post,DGS30,30,2023-08-10,2023-08-17,1,0.0025,5,2,5.3541261,16.886279,1,1,1,4176.3453,2473218.3,-70609.666,2088.1727,-72697.838
2023-08-23_912810TU2_pre,2023-08-23_912810TU2,pre,DGS20,20,2023-08-16,2023-08-23,-1,0.0025,5,0.35450278,5.7610371,13.040666,1,1,1,687.97709,527562.87,-6237.3225,343.98855,-6581.311
2023-08-28_91282CHV6_pre,2023-08-28_91282CHV6,pre,DGS2,2,2023-08-21,2023-08-28,-1,0.0025,5,1,7.3593017,1.881667,1,1,1,1519.2121,8073756.3,2109.8373,759.60603,1350.2313
2023-08-28_91282CHX2_pre,2023-08-28_91282CHX2,pre,DGS5,5,2023-08-21,2023-08-28,-1,0.0025,5,1,7.7633792,4.4377218,1,1,1,1440.1383,3245219.9,-10983.732,720.06916,-11703.801
2023-08-29_91282CHW4_pre,2023-08-29_91282CHW4,pre,DGS7,7,2023-08-22,2023-08-29,-1,0.0025,5,1,7.4599496,5.9604471,1,1,1,1498.7152,2514434.2,-34201.728,749.35761,-34951.085
2023-08-23_912810TU2_post,2023-08-23_912810TU2,post,DGS20,20,2023-08-23,2023-08-30,1,0.0025,5,2,5.8733093,13.141894,1,1,1,3807.1687,2896971.2,14834.996,1903.5844,12931.412
2023-08-28_91282CHV6_post,2023-08-28_91282CHV6,post,DGS2,2,2023-08-28,2023-09-05,1,0.0025,5,2,6.9292429,1.8814403,1,1,1,3227.0019,17151763,11192.82,1613.5009,9579.3191
2023-08-28_91282CHX2_post,2023-08-28_91282CHX2,post,DGS5,5,2023-08-28,2023-09-05,1,0.0025,5,2,7.6072371,4.4469704,1,1,1,2939.3957,6609883.6,1521.1373,1469.6978,51.439457
2023-08-29_91282CHW4_post,2023-08-29_91282CHW4,post,DGS7,7,2023-08-29,2023-09-06,1,0.0025,5,2,7.4417512,6.0086325,1,0.5,1,1502.3802,2500369.7,-27498.866,751.19011,-28250.056
2023-09-11_91282CHY0_pre,2023-09-11_91282CHY0,pre,DGS3,3,2023-09-01,2023-09-11,-1,0.0025,5,2,7.5145621,2.7739758,1,0.5,0.69692927,1036.9075,3737983.4,7956.4782,518.45377,7438.0244
2023-09-12_91282CHT1_pre,2023-09-12_91282CHT1,pre,DGS10,10,2023-09-05,2023-09-12,-1,0.0025,5,2,6.9838191,8.0701976,1,0.5,1,1600.892,1983708.5,397.69925,800.44599,-402.74674
2023-09-13_912810TT5_pre,2023-09-13_912810TT5,pre,DGS30,30,2023-09-06,2023-09-13,-1,0.0025,5,2,5.8061676,16.627398,1,0.5,1,1925.5972,1158086.9,-5598.8342,962.79859,-6561.6328
2023-09-11_91282CHY0_post,2023-09-11_91282CHY0,post,DGS3,3,2023-09-11,2023-09-18,1,0.0025,5,2,7.3530039,2.770719,1,0.5,1,1520.5132,5487793,-15892.699,760.25662,-16652.956
2023-09-12_91282CHT1_post,2023-09-12_91282CHT1,post,DGS10,10,2023-09-12,2023-09-19,1,0.0025,5,1.5976143,6.9021408,8.0701976,1,0.5,1,1293.937,1603352.3,-13212.329,646.96851,-13859.297
2023-09-19_912810TU2_pre,2023-09-19_912810TU2,pre,DGS20,20,2023-09-12,2023-09-19,-1,0.0025,5,2,6.031251,13.051856,1,0.5,1,1853.7348,1420284.4,11274.822,926.8674,10347.955
2023-09-13_912810TT5_post,2023-09-13_912810TT5,post,DGS30,30,2023-09-13,2023-09-20,1,0.0025,5,1.3086067,5.7110261,16.686605,0.5,0.5,1,640.45705,383815.08,-3878.5749,320.22852,-4198.8035
2023-09-19_912810TU2_post,2023-09-19_912810TU2,post,DGS20,20,2023-09-19,2023-09-26,1,0.0025,5,0.90916595,5.8997989,12.984923,0.5,0.5,1,430.72588,331712.3,-11024.228,215.36294,-11239.591
2023-09-26_91282CJB8_pre,2023-09-26_91282CJB8,pre,DGS2,2,2023-09-19,2023-09-26,-1,0.0025,5,2,6.239477,1.8791761,0.5,0.5,1,895.93566,4767704.7,-3317.2336,447.96783,-3765.2014
2023-09-27_91282CJA0_pre,2023-09-27_91282CJA0,pre,DGS5,5,2023-09-20,2023-09-27,-1,0.0025,5,2,7.1032737,4.430804,1,0.5,1,1573.97,3552335,24058.645,786.98501,23271.66
2023-09-28_91282CHZ7_pre,2023-09-28_91282CHZ7,pre,DGS7,7,2023-09-21,2023-09-28,-1,0.0025,5,2,6.9635654,5.9334606,1,0.5,1,1605.5482,2705922.1,9980.3808,802.7741,9177.6067
2023-09-26_91282CJB8_post,2023-09-26_91282CJB8,post,DGS2,2,2023-09-26,2023-10-03,1,0.0025,5,2,5.6955727,1.8800812,1,0.5,1,1962.9878,10440974,-22160.071,981.49392,-23141.565
2023-09-27_91282CJA0_post,2023-09-27_91282CJA0,post,DGS5,5,2023-09-27,2023-10-04,1,0.0025,5,2,6.820934,4.4135792,1,0.5,1,1639.1215,3713814.7,-8620.5759,819.56077,-9440.1366
2023-09-28_91282CHZ7_post,2023-09-28_91282CHZ7,post,DGS7,7,2023-09-28,2023-10-05,1,0.0025,5,2,6.8040367,5.9210653,1,0.5,1,1643.1922,2775163.1,-16658.175,821.59609,-17479.771
2023-10-10_91282CJC6_pre,2023-10-10_91282CJC6,pre,DGS3,3,2023-10-02,2023-10-10,-1,0.0025,5,2,6.461883,2.7595976,1,0.5,1,1730.1984,6269748.9,-23486.365,865.09922,-24351.464
2023-10-11_91282CHT1_pre,2023-10-11_91282CHT1,pre,DGS10,10,2023-10-03,2023-10-11,-1,0.0025,5,1.4082483,6.6113026,7.864987,1,0.5,1,1190.7407,1513976.7,-27394.049,595.37036,-27989.42
2023-10-12_912810TT5_pre,2023-10-12_912810TT5,pre,DGS30,30,2023-10-04,2023-10-12,-1,0.0025,5,1.1613743,6.1547832,15.685813,1,0.5,1,1054.8348,672477.02,-1254.6268,527.41742,-1782.0442
2023-10-10_91282CJC6_post,2023-10-10_91282CJC6,post,DGS3,3,2023-10-10,2023-10-17,1,0.0025,5,2,5.8792943,2.7660768,1,0.5,1,1901.6466,6874887.2,-51911.804,950.82329,-52862.627
2023-10-11_91282CHT1_post,2023-10-11_91282CHT1,post,DGS10,10,2023-10-11,2023-10-18,1,0.0025,5,1.4082483,6.6027515,7.9514567,1,0.5,1,1192.2828,1499452.1,-39104.584,596.14141,-39700.726
2023-10-18_912810TU2_pre,2023-10-18_912810TU2,pre,DGS20,20,2023-10-11,2023-10-18,-1,0.0025,5,0.80965325,6.500239,12.636363,1,0.5,1,696.29736,551026.72,19187.986,348.14868,18839.838
2023-10-12_912810TT5_post,2023-10-12_912810TT5,post,DGS30,30,2023-10-12,2023-10-19,1,0.0025,5,1.1613743,6.528923,15.703839,1,0.5,1,994.38754,633213.03,-24374.781,497.19377,-24871.975
2023-10-24_91282CJE2_pre,2023-10-24_91282CJE2,pre,DGS2,2,2023-10-17,2023-10-24,-1,0.0025,5,2,5.1765169,1.8766904,1,0.5,1,2159.819,11508659,-36097.455,1079.9095,-37177.365
2023-10-18_912810TU2_post,2023-10-18_912810TU2,post,DGS20,20,2023-10-18,2023-10-25,1,0.0025,5,0.80965325,6.9107302,12.342625,1,0.5,1,654.93792,530630.98,-4496.2178,327.46896,-4823.6868
2023-10-25_91282CJF9_pre,2023-10-25_91282CJF9,pre,DGS5,5,2023-10-18,2023-10-25,-1,0.0025,5,2,6.6078835,4.3850908,1,0.5,1,1691.9699,3858460.4,-4727.7968,845.98494,-5573.7817
2023-10-26_91282CJG7_pre,2023-10-26_91282CJG7,pre,DGS7,7,2023-10-19,2023-10-26,-1,0.0025,5,2,6.9825246,5.8454561,1,0.5,1,1601.1888,2739202.4,-22327.232,800.59438,-23127.827
2023-10-24_91282CJE2_post,2023-10-24_91282CJE2,post,DGS2,2,2023-10-24,2023-10-31,1,0.0025,5,2,5.3022754,1.8805341,1,0.5,1,2108.5928,11212734,-11273.206,1054.2964,-12327.503
2023-10-25_91282CJF9_post,2023-10-25_91282CJF9,post,DGS5,5,2023-10-25,2023-11-01,1,0.0025,5,2,6.4331416,4.388495,0.5,0.5,1,868.96423,1980096.2,18984.986,434.48212,18550.504
2023-10-26_91282CJG7_post,2023-10-26_91282CJG7,post,DGS7,7,2023-10-26,2023-11-02,1,0.0025,5,2,6.9684519,5.8738983,0.5,0.5,1,802.21117,1365721.9,14380.639,401.10558,13979.534
2023-11-07_91282CJK8_pre,2023-11-07_91282CJK8,pre,DGS3,3,2023-10-31,2023-11-07,-1,0.0025,5,2,6.2123215,2.758674,0.5,0.5,1,899.85201,3261900.6,-23098.131,449.926,-23548.057
2023-11-08_91282CJJ1_pre,2023-11-08_91282CJJ1,pre,DGS10,10,2023-11-01,2023-11-08,-1,0.0025,5,2,6.638592,7.879927,1,0.5,1,1684.1432,2137257.4,-47366.003,842.07162,-48208.074
2023-11-09_912810TV0_pre,2023-11-09_912810TV0,pre,DGS30,30,2023-11-02,2023-11-09,-1,0.0025,5,2,6.7443008,15.776263,1,0.5,1,1657.7463,1050785.2,-8630.1686,828.87316,-9459.0418
2023-11-07_91282CJK8_post,2023-11-07_91282CJK8,post,DGS3,3,2023-11-07,2023-11-14,1,0.0025,5,2,6.5749697,2.770719,1,0.5,1,1700.4398,6137178.6,13030.072,850.21988,12179.852
2023-11-08_91282CJJ1_post,2023-11-08_91282CJJ1,post,DGS10,10,2023-11-08,2023-11-15,1,0.0025,5,2,7.117179,7.985668,1,0.5,1,1570.8949,1967142.7,-6325.6802,785.44743,-7111.1276
2023-11-09_912810TV0_post,2023-11-09_912810TV0,post,DGS30,30,2023-11-09,2023-11-16,1,0.0025,5,2,7.2633085,15.867514,1,0.5,1,1539.2902,970089.09,21875.573,769.64512,21105.928
2023-11-20_912810TW8_pre,2023-11-20_912810TW8,pre,DGS20,20,2023-11-13,2023-11-20,-1,0.0025,5,0.69570969,7.4378024,12.604398,1,0.5,1,522.8877,414845.46,-11115.048,261.44385,-11376.492
2023-11-27_91282CJL6_pre,2023-11-27_91282CJL6,pre,DGS2,2,2023-11-17,2023-11-27,-1,0.0025,5,2,6.5883607,1.883709,1,0.5,1,1696.9836,9008735.5,-5702.1673,848.49178,-6550.6591
2023-11-27_91282CJN2_pre,2023-11-27_91282CJN2,pre,DGS5,5,2023-11-17,2023-11-27,-1,0.0025,5,2,7.8453268,4.4388763,1,0.5,1,1425.0955,3210487.1,-9241.6155,712.54775,-9954.1633
2023-11-20_912810TW8_post,2023-11-20_912810TW8,post,DGS20,20,2023-11-20,2023-11-28,1,0.0025,5,2,7.4136079,12.830701,1,0.5,1,1508.0835,1175371.1,5953.5627,754.04176,5199.521
2023-11-28_91282CJM4_pre,2023-11-28_91282CJM4,pre,DGS7,7,2023-11-20,2023-11-28,-1,0.0025,5,2,8.0297997,5.9562837,1,0.5,1,1392.356,2337625.4,-13538.303,696.178,-14234.481
2023-11-27_91282CJL6_post,2023-11-27_91282CJL6,post,DGS2,2,2023-11-27,2023-12-04,1,0.0025,5,2,6.3654035,1.8846176,1,0.5,1,1756.4228,9319783.3,34082.787,878.21141,33204.576
2023-11-27_91282CJN2_post,2023-11-27_91282CJN2,post,DGS5,5,2023-11-27,2023-12-04,1,0.0025,5,2,7.4653815,4.4469704,1,0.5,1,1497.6247,3367741.6,21939.238,748.81236,21190.425
2023-11-28_91282CJM4_post,2023-11-28_91282CJM4,post,DGS7,7,2023-11-28,2023-12-05,1,0.0025,5,2,7.9486168,5.9771432,1,0.5,1,1406.5768,2353259.3,22257.823,703.2884,21554.535
2023-12-11_91282CJJ1_pre,2023-12-11_91282CJJ1,pre,DGS10,10,2023-12-04,2023-12-11,-1,0.0025,5,2,7.8253536,8.0663273,1,0.5,1,1428.7329,1771231,-6857.4699,714.36644,-7571.8363
2023-12-11_91282CJP7_pre,2023-12-11_91282CJP7,pre,DGS3,3,2023-12-04,2023-12-11,-1,0.0025,5,2,7.6851166,2.7819095,1,0.5,1,1454.8042,5229516.5,3789.2472,727.4021,3061.8451
2023-12-12_912810TV0_pre,2023-12-12_912810TV0,pre,DGS30,30,2023-12-05,2023-12-12,-1,0.0025,5,2,7.6956771,16.766044,1,0.5,1,1452.8078,866517.94,67.287354,726.40391,-659.11656
2023-12-11_91282CJJ1_post,2023-12-11_91282CJJ1,post,DGS10,10,2023-12-11,2023-12-18,1,0.0025,5,1.5201565,8.0716425,8.0857055,0.5,0.5,1,526.40668,651033.71,14733.18,263.20334,14469.977
2023-12-11_91282CJP7_post,2023-12-11_91282CJP7,post,DGS3,3,2023-12-11,2023-12-18,1,0.0025,5,2,7.9840767,2.7809744,0.5,0.5,1,700.16486,2517696.2,18455.513,350.08243,18105.43
2023-12-12_912810TV0_post,2023-12-12_912810TV0,post,DGS30,30,2023-12-12,2023-12-19,1,0.0025,5,1.1992048,7.9385173,16.766044,0.5,0.5,1,422.22988,251836.32,11635.305,211.11494,11424.19
2023-12-20_912810TW8_pre,2023-12-20_912810TW8,pre,DGS20,20,2023-12-13,2023-12-20,-1,0.0025,5,2,8.0158565,13.25573,1,0.5,1,1394.778,1052207.6,-26677.674,697.38898,-27375.063
2023-12-26_91282CJS1_pre,2023-12-26_91282CJS1,pre,DGS2,2,2023-12-18,2023-12-26,-1,0.0025,5,2,8.0747916,1.8939726,1,0.5,1,1384.5979,7310549.1,-22004.27,692.29897,-22696.569
2023-12-27_91282CJR3_pre,2023-12-27_91282CJR3,pre,DGS5,5,2023-12-19,2023-12-27,-1,0.0025,5,2,8.7218636,4.4983503,1,0.5,1,1281.8751,2849656,-19707.958,640.93756,-20348.895
2023-12-20_912810TW8_post,2023-12-20_912810TW8,post,DGS20,20,2023-12-20,2023-12-28,1,0.0025,5,0.64194256,8.0445616,13.476044,1,0.5,1,446.08621,331021.64,1284.7951,223.04311,1061.752
2023-12-28_91282CJQ5_pre,2023-12-28_91282CJQ5,pre,DGS7,7,2023-12-20,2023-12-28,-1,0.0025,5,2,8.86705,6.0787637,1,0.5,1,1260.8861,2074247.6,-4444.8159,630.44304,-5075.2589
2023-12-26_91282CJS1_post,2023-12-26_91282CJS1,post,DGS2,2,2023-12-26,2024-01-03,1,0.0025,5,2,8.0390818,1.8978734,1,0.5,1,1390.7484,7327930.2,-11283.558,695.37418,-11978.933
2023-12-27_91282CJR3_post,2023-12-27_91282CJR3,post,DGS5,5,2023-12-27,2024-01-04,1,0.0025,5,2,8.6868138,4.5172515,1,0.5,1,1287.0473,2849182.2,-25213.728,643.52363,-25857.252
2023-12-28_91282CJQ5_post,2023-12-28_91282CJQ5,post,DGS7,7,2023-12-28,2024-01-05,1,0.0025,5,2,8.836877,6.0873451,1,0.5,1,1265.1913,2078395.9,-25781.161,632.59565,-26413.757
2024-01-09_91282CJT9_pre,2024-01-09_91282CJT9,pre,DGS3,3,2024-01-02,2024-01-09,-1,0.0025,5,2,8.4218575,2.7964671,1,0.5,1,1327.5385,4747198.6,1048.0006,663.76924,384.23136
2024-01-10_91282CJJ1_pre,2024-01-10_91282CJJ1,pre,DGS10,10,2024-01-03,2024-01-10,-1,0.0025,5,1.2990208,7.8982942,8.2113322,1,0.5,1,919.40702,1119680.7,12159.664,459.70351,11699.96
2024-01-11_912810TV0_pre,2024-01-11_912810TV0,pre,DGS30,30,2024-01-04,2024-01-11,-1,0.0025,5,1,7.567101,17.110112,1,0.5,1,738.74658,431760.22,3734.3939,369.37329,3365.0206
2024-01-09_91282CJT9_post,2024-01-09_91282CJT9,post,DGS3,3,2024-01-09,2024-01-17,1,0.0025,5,2,8.3624801,2.7964671,1,0.5,1,1336.9646,4780905.9,-5267.174,668.4823,-5935.6563
2024-01-17_912810TW8_pre,2024-01-17_912810TW8,pre,DGS20,20,2024-01-09,2024-01-17,-1,0.0025,5,0.51617938,7.5722322,13.290164,1,0.5,1,381.06735,286728.85,3451.456,190.53367,3260.9223
2024-01-10_91282CJJ1_post,2024-01-10_91282CJJ1,post,DGS10,10,2024-01-10,2024-01-18,1,0.0025,5,1.2990208,7.6456849,8.159959,1,0.5,1,949.78373,1163956.5,-9744.9914,474.89187,-10219.883
2024-01-11_912810TV0_post,2024-01-11_912810TV0,post,DGS30,30,2024-01-11,2024-01-19,1,0.0025,5,1,7.2204199,17.007819,1,0.5,1,774.21674,455212.24,-13823.178,387.10837,-14210.287
2024-01-23_91282CJV4_pre,2024-01-23_91282CJV4,pre,DGS2,2,2024-01-16,2024-01-23,-1,0.0025,5,2,7.8796563,1.8987931,1,0.5,1,1418.8868,7472571.7,14054.923,709.44338,13345.479
2024-01-17_912810TW8_post,2024-01-17_912810TW8,post,DGS20,20,2024-01-17,2024-01-24,1,0.0025,5,0.51617938,7.2042635,13.187255,1,0.5,1,400.53094,303725.78,-4021.7003,200.26547,-4221.9657
2024-01-24_91282CJW2_pre,2024-01-24_91282CJW2,pre,DGS5,5,2024-01-17,2024-01-24,-1,0.0025,5,2,8.2812667,4.4889435,1,0.5,1,1350.0761,3007558.6,6087.4544,675.03803,5412.4164
2024-01-25_91282CJX0_pre,2024-01-25_91282CJX0,pre,DGS7,7,2024-01-18,2024-01-25,-1,0.0025,5,2,8.0621001,6.0318782,1,0.5,1,1386.7776,2299080.9,-3675.8629,693.38881,-4369.2517
2024-01-23_91282CJV4_post,2024-01-23_91282CJV4,post,DGS2,2,2024-01-23,2024-01-30,1,0.0025,5,2,8.1579568,1.8967247,1,0.5,1,1370.4828,7225523.1,-8144.7303,685.24142,-8829.9717
2024-01-24_91282CJW2_post,2024-01-24_91282CJW2,post,DGS5,5,2024-01-24,2024-01-31,1,0.0025,5,2,8.2607745,4.484251,0.5,0.5,1,676.71257,1509087.2,9820.9177,338.35628,9482.5614
2024-01-25_91282CJX0_post,2024-01-25_91282CJX0,post,DGS7,7,2024-01-25,2024-02-01,1,0.0025,5,2,7.7913468,6.0382407,0.5,0.5,1,717.48442,1188234.2,17045.196,358.74221,16686.453
2024-02-06_91282CKA8_pre,2024-02-06_91282CKA8,pre,DGS3,3,2024-01-30,2024-02-06,-1,0.0025,5,2,8.2290652,2.7941112,0.5,0.5,1,679.32017,2431256.7,471.50653,339.66008,131.84645
2024-02-07_91282CJZ5_pre,2024-02-07_91282CJZ5,pre,DGS10,10,2024-01-31,2024-02-07,-1,0.0025,5,2,7.0410219,8.1796629,1,0.5,1,1587.886,1941260.9,16035.199,793.94299,15241.256
2024-02-08_912810TX6_pre,2024-02-08_912810TX6,pre,DGS30,30,2024-02-01,2024-02-08,-1,0.0025,5,2,6.514651,17.171933,1,0.5,1,1716.184,999412.26,43747.474,858.092,42889.382
2024-02-06_91282CKA8_post,2024-02-06_91282CKA8,post,DGS3,3,2024-02-06,2024-02-13,1,0.0025,5,2,8.366786,2.7941112,1,0.5,1,1336.2766,4782474.5,-40880.259,668.13828,-41548.398
2024-02-07_91282CJZ5_post,2024-02-07_91282CJZ5,post,DGS10,10,2024-02-07,2024-02-14,1,0.0025,5,2,7.3982743,8.1403235,1,0.5,1,1511.2092,1856448.5,-27380.821,755.60458,-28136.425
2024-02-08_912810TX6_post,2024-02-08_912810TX6,post,DGS30,30,2024-02-08,2024-02-15,1,0.0025,5,2,6.6137163,16.647098,1,0.5,1,1690.4777,1015478.9,-10189.151,845.23885,-11034.389
2024-02-21_912810TZ1_pre,2024-02-21_912810TZ1,pre,DGS20,20,2024-02-13,2024-02-21,-1,0.0025,5,0.35450278,6.5288581,12.996044,1,0.5,1,303.53405,233558.81,31.381258,151.76703,-120.38577
2024-02-26_91282CKB6_pre,2024-02-26_91282CKB6,pre,DGS2,2,2024-02-16,2024-02-26,-1,0.0025,5,2,7.9925106,1.8891717,1,0.5,1,1398.8521,7404578.6,8315.4097,699.42603,7615.9837
2024-02-26_91282CKD2_pre,2024-02-26_91282CKD2,pre,DGS5,5,2024-02-16,2024-02-26,-1,0.0025,5,2,7.9789802,4.4574091,1,0.5,1,1401.2242,3143584.4,857.30893,700.61209,156.69684
2024-02-27_91282CKC4_pre,2024-02-27_91282CKC4,pre,DGS7,7,2024-02-20,2024-02-27,-1,0.0025,5,2,7.6104856,5.9939075,1,0.5,1,1469.0705,2450939.5,9240.9683,734.53525,8506.4331
2024-02-21_912810TZ1_post,2024-02-21_912810TZ1,post,DGS20,20,2024-02-21,2024-02-28,1,0.0025,5,2,6.5935039,12.996044,1,0.5,1,1695.6599,1304750.8,10072.099,847.82993,9224.2688
2024-02-26_91282CKB6_post,2024-02-26_91282CKB6,post,DGS2,2,2024-02-26,2024-03-04,1,0.0025,5,2,8.0592965,1.8880315,1,0.5,1,1387.26,7347652.8,10170.999,693.63001,9477.3694
2024-02-26_91282CKD2_post,2024-02-26_91282CKD2,post,DGS5,5,2024-02-26,2024-03-04,1,0.0025,5,2,7.9429463,4.4574091,1,0.5,1,1407.581,3157845.6,10662.076,703.79048,9958.286
2024-02-27_91282CKC4_post,2024-02-27_91282CKC4,post,DGS7,7,2024-02-27,2024-03-05,1,0.0025,5,2,7.5663543,5.9813279,1,0.5,1,1477.639,2470419.6,27716.808,738.81948,26977.989
2024-03-11_91282CKE0_pre,2024-03-11_91282CKE0,pre,DGS3,3,2024-03-04,2024-03-11,-1,0.0025,5,2,7.5811243,2.7823773,1,0.5,1,1474.7601,5300359.9,-18182.854,737.38006,-18920.234
2024-03-12_91282CJZ5_pre,2024-03-12_91282CJZ5,pre,DGS10,10,2024-03-05,2024-03-12,-1,0.0025,5,2,6.3828867,8.1246641,1,0.5,1,1751.6118,2155919.1,5717.8975,875.80591,4842.0915
2024-03-13_912810TX6_pre,2024-03-13_912810TX6,pre,DGS30,30,2024-03-06,2024-03-13,-1,0.0025,5,2,5.8809998,16.886279,1,0.5,1,1901.0951,1125822.4,20947.493,950.54755,19996.946
2024-03-11_91282CKE0_post,2024-03-11_91282CKE0,post,DGS3,3,2024-03-11,2024-03-18,1,0.0025,5,2,7.4244024,2.7884695,1,0.5,1,1505.8909,5400420.9,-39916.504,752.94544,-40669.449
2024-03-12_91282CJZ5_post,2024-03-12_91282CJZ5,post,DGS10,10,2024-03-12,2024-03-19,1,0.0025,5,1.4753827,6.3276811,8.1129481,1,0.5,1,1303.4222,1606595,-18452.939,651.7111,-19104.65
2024-03-19_912810TZ1_pre,2024-03-19_912810TZ1,pre,DGS20,20,2024-03-12,2024-03-19,-1,0.0025,5,2,5.8622608,13.187255,1,0.5,1,1907.172,1446223.6,22897.921,953.58602,21944.335
2024-03-13_912810TX6_post,2024-03-13_912810TX6,post,DGS30,30,2024-03-13,2024-03-20,1,0.0025,5,1.0779918,5.6801767,16.666834,0.5,0.5,1,530.45511,318269.88,-5296.2666,265.22756,-5561.4941
2024-03-25_91282CKH3_pre,2024-03-25_91282CKH3,pre,DGS2,2,2024-03-18,2024-03-25,-1,0.0025,5,2,6.5003042,1.8871202,0.5,0.5,1,859.9859,4557133.7,-15750.257,429.99295,-16180.25
2024-03-19_912810TZ1_post,2024-03-19_912810TZ1,post,DGS20,20,2024-03-19,2024-03-26,1,0.0025,5,0.35450278,5.4504444,13.051856,0.5,0.5,1,181.79534,139286.96,894.43571,90.897668,803.53804
2024-03-26_91282CKG5_pre,2024-03-26_91282CKG5,pre,DGS5,5,2024-03-19,2024-03-26,-1,0.0025,5,2,6.6925205,4.4550863,0.5,0.5,1,835.28619,1874904.6,-7157.3916,417.6431,-7575.0347
2024-03-27_91282CKF7_pre,2024-03-27_91282CKF7,pre,DGS7,7,2024-03-20,2024-03-27,-1,0.0025,5,2,6.3622074,5.9939075,1,0.5,1,1757.3051,2931818.9,-17040.632,878.65257,-17919.285
2024-03-25_91282CKH3_post,2024-03-25_91282CKH3,post,DGS2,2,2024-03-25,2024-04-02,1,0.0025,5,2,6.5494857,1.8914554,1,0.5,1,1707.0562,9025093.4,-28506.592,853.52808,-29360.12
2024-03-26_91282CKG5_post,2024-03-26_91282CKG5,post,DGS5,5,2024-03-26,2024-04-03,1,0.0025,5,2,6.5809818,4.4655532,1,0.5,1,1698.8863,3804425.2,-21127.377,849.44315,-21976.82
2024-03-27_91282CKF7_post,2024-03-27_91282CKF7,post,DGS7,7,2024-03-27,2024-04-04,1,0.0025,5,2,6.286453,6.0149593,1,0.5,1,1778.4814,2956763.9,-23628.459,889.24071,-24517.699
2024-04-09_91282CKJ9_pre,2024-04-09_91282CKJ9,pre,DGS3,3,2024-04-02,2024-04-09,-1,0.0025,5,2,6.7969751,2.7767719,1,0.5,1,1644.8994,5923782.7,2454.3035,822.44968,1631.8538
2024-04-10_91282CJZ5_pre,2024-04-10_91282CJZ5,pre,DGS10,10,2024-04-03,2024-04-10,-1,0.0025,5,1.2663118,5.8254022,8.0354616,1,0.5,1,1215.1776,1512268.6,23094.768,607.5888,22487.179
2024-04-11_912810TX6_pre,2024-04-11_912810TX6,pre,DGS30,30,2024-04-04,2024-04-11,-1,0.0025,5,0.91412433,5.2416196,16.432323,1,0.5,1,974.91056,593288.35,17294.803,487.45528,16807.347
2024-04-09_91282CKJ9_post,2024-04-09_91282CKJ9,post,DGS3,3,2024-04-09,2024-04-16,1,0.0025,5,2,6.802708,2.7763056,1,0.5,1,1643.5131,5919784.6,-51323.256,821.75656,-52145.013
2024-04-10_91282CJZ5_post,2024-04-10_91282CJZ5,post,DGS10,10,2024-04-10,2024-04-17,1,0.0025,5,1.2663118,5.8829448,7.9628368,1,0.5,1,1203.2916,1511134.4,-4934.1959,601.64582,-5535.8418
2024-04-17_912810TZ1_pre,2024-04-17_912810TZ1,pre,DGS20,20,2024-04-10,2024-04-17,-1,0.0025,5,0.35450278,5.4101808,12.808891,1,0.5,1,366.29659,285970.58,1821.7898,183.14829,1638.6415
2024-04-11_912810TX6_post,2024-04-11_912810TX6,post,DGS30,30,2024-04-11,2024-04-18,1,0.0025,5,0.91412433,5.6173661,16.089835,1,0.5,1,909.69864,565387.17,-8086.5061,454.84932,-8541.3554
2024-04-23_91282CKK6_pre,2024-04-23_91282CKK6,pre,DGS2,2,2024-04-16,2024-04-23,-1,0.0025,5,2,6.8084983,1.881667,1,0.5,1,1642.1154,8726918.3,-17499.074,821.05769,-18320.131
2024-04-17_912810TZ1_post,2024-04-17_912810TZ1,post,DGS20,20,2024-04-17,2024-04-24,1,0.0025,5,0.35450278,5.7915534,12.754603,1,0.5,1,342.17603,268276.5,-2406.7182,171.08802,-2577.8063
2024-04-24_91282CKP5_pre,2024-04-24_91282CKP5,pre,DGS5,5,2024-04-17,2024-04-24,-1,0.0025,5,2,7.2497613,4.4193098,1,0.5,1,1542.1666,3489609.6,3504.1148,771.08331,2733.0315
2024-04-25_91282CKN0_pre,2024-04-25_91282CKN0,pre,DGS7,7,2024-04-18,2024-04-25,-1,0.0025,5,2,7.0918908,5.9128227,1,0.5,1,1576.4963,2666233.1,6616.9967,788.24817,5828.7485
2024-04-23_91282CKK6_post,2024-04-23_91282CKK6,post,DGS2,2,2024-04-23,2024-04-30,1,0.0025,5,2,6.7165997,1.8841632,1,0.5,1,1664.5833,8834602.6,-30511.877,832.29166,-31344.168
2024-04-24_91282CKP5_post,2024-04-24_91282CKP5,post,DGS5,5,2024-04-24,2024-05-01,1,0.0025,5,2,7.2893971,4.4170163,0.5,0.5,1,766.89057,1736218.6,-195.09769,383.44529,-578.54298
2024-04-25_91282CKN0_post,2024-04-25_91282CKN0,post,DGS7,7,2024-04-25,2024-05-02,1,0.0025,5,2,6.9693437,5.9045969,0.5,0.5,1,802.10852,1358447.6,11111.348,401.05426,10710.294
2024-05-07_91282CKR1_pre,2024-05-07_91282CKR1,pre,DGS3,3,2024-04-30,2024-05-07,-1,0.0025,5,2,7.0978631,2.7600597,0.5,0.5,1,787.58492,2853506.9,-20979.008,393.79246,-21372.801
2024-05-08_91282CKQ3_pre,2024-05-08_91282CKQ3,pre,DGS10,10,2024-05-01,2024-05-08,-1,0.0025,5,2,5.9109207,7.9325421,1,0.5,1,1891.4718,2384446,-28154.539,945.73591,-29100.275
2024-05-09_912810UA4_pre,2024-05-09_912810UA4,pre,DGS30,30,2024-05-02,2024-05-09,-1,0.0025,5,2,4.9773214,15.959575,1,0.5,1,2246.2563,1407466.3,-27065.189,1123.1282,-28188.317
2024-05-07_91282CKR1_post,2024-05-07_91282CKR1,post,DGS3,3,2024-05-07,2024-05-14,1,0.0025,5,2,6.6391239,2.7725793,1,0.5,1,1684.0083,6073796.8,-4136.461,842.00416,-4978.4651
2024-05-08_91282CKQ3_post,2024-05-08_91282CKQ3,post,DGS10,10,2024-05-08,2024-05-15,1,0.0025,5,2,5.7475124,7.9894824,1,0.5,1,1945.2485,2434761.6,23079.329,972.62426,22106.705
2024-05-09_912810UA4_post,2024-05-09_912810UA4,post,DGS30,30,2024-05-09,2024-05-16,1,0.0025,5,2,4.9929611,16.183874,1,0.5,1,2239.2203,1383612.1,17919.876,1119.6101,16800.266
2024-05-22_912810UB2_pre,2024-05-22_912810UB2,pre,DGS20,20,2024-05-15,2024-05-22,-1,0.0025,5,0.35450278,4.9385775,12.973817,1,0.5,1,401.27562,309296.5,834.66295,200.63781,634.02514
2024-05-28_91282CKS9_pre,2024-05-28_91282CKS9,pre,DGS2,2,2024-05-20,2024-05-28,-1,0.0025,5,2,6.0264014,1.8850723,1,0.5,1,1855.2265,9841673.4,23118.179,927.61327,22190.566
2024-05-28_91282CKT7_pre,2024-05-28_91282CKT7,pre,DGS5,5,2024-05-20,2024-05-28,-1,0.0025,5,2,6.2013986,4.4377218,1,0.5,1,1802.8739,4062611.4,18691.976,901.43697,17790.539
2024-05-29_91282CKU4_pre,2024-05-29_91282CKU4,pre,DGS7,7,2024-05-21,2024-05-29,-1,0.0025,5,2,5.8797748,5.9646148,1,0.5,1,1901.4912,3187953,40287.223,950.74559,39336.478
2024-05-22_912810UB2_post,2024-05-22_912810UB2,post,DGS20,20,2024-05-22,2024-05-30,1,0.0025,5,2,4.9840423,12.951646,1,0.5,1,2243.2273,1732001.7,-29042.658,1121.6137,-30164.271
2024-05-28_91282CKS9_post,2024-05-28_91282CKS9,post,DGS2,2,2024-05-28,2024-06-04,1,0.0025,5,2,6.0126749,1.8823472,1,0.5,1,1859.4619,9878421.2,30798.522,929.73094,29868.791
2024-05-28_91282CKT7_post,2024-05-28_91282CKT7,post,DGS5,5,2024-05-28,2024-06-04,1,0.0025,5,2,6.1655824,4.426201,1,0.5,1,1813.3469,4096847.2,37603.322,906.67346,36696.649
2024-05-29_91282CKU4_post,2024-05-29_91282CKU4,post,DGS7,7,2024-05-29,2024-06-05,1,0.0025,5,2,5.8169827,5.9210653,1,0.5,1,1922.017,3246066.3,65290.364,961.00852,64329.355
2024-06-10_91282CKV2_pre,2024-06-10_91282CKV2,pre,DGS3,3,2024-06-03,2024-06-10,-1,0.0025,5,2,6.0676739,2.7716489,1,0.5,1,1842.6072,6648054.2,874.53219,921.30362,-46.771431
2024-06-11_91282CKQ3_pre,2024-06-11_91282CKQ3,pre,DGS10,10,2024-06-04,2024-06-11,-1,0.0025,5,2,5.655256,8.0470162,1,0.5,1,1976.9821,2456789,12121.083,988.49104,11132.592
2024-06-13_912810UA4_pre,2024-06-13_912810UA4,pre,DGS30,30,2024-06-06,2024-06-13,-1,0.0025,5,0.64194256,5.1496256,16.509934,0.5,0.5,1,348.42999,211042.63,-1072.6508,174.215,-1246.8658
2024-06-10_91282CKV2_post,2024-06-10_91282CKV2,post,DGS3,3,2024-06-10,2024-06-17,1,0.0025,5,2,6.4714933,2.7716489,0.5,0.5,1,863.81453,3116608.7,9904.0661,431.90726,9472.1588
2024-06-11_91282CKQ3_post,2024-06-11_91282CKQ3,post,DGS10,10,2024-06-11,2024-06-18,1,0.0025,5,0.85191278,5.9298155,8.023931,0.5,0.5,1,401.55863,500451.26,6777.1927,200.77932,6576.4134
2024-06-18_912810UB2_pre,2024-06-18_912810UB2,pre,DGS20,20,2024-06-11,2024-06-18,-1,0.0025,5,2,5.4411074,12.962725,0.5,0.5,1,1027.3956,792576.91,-15456.635,513.69781,-15970.333
2024-06-13_912810UA4_post,2024-06-13_912810UA4,post,DGS30,30,2024-06-13,2024-06-21,1,0.0025,5,0.64194256,5.3218184,16.568509,1,0.5,1,674.31237,406984.35,631.30974,337.15619,294.15355
2024-06-25_91282CKY6_pre,2024-06-25_91282CKY6,pre,DGS2,2,2024-06-17,2024-06-25,-1,0.0025,5,2,6.0435332,1.8866648,1,0.5,1,1849.9675,9805491.1,-17242.202,924.98374,-18167.186
2024-06-18_912810UB2_post,2024-06-18_912810UB2,post,DGS20,20,2024-06-18,2024-06-26,1,0.0025,5,0.35450278,5.6673064,13.130589,1,0.5,1,349.67772,266307.72,-2821.0592,174.83886,-2995.8981
2024-06-26_91282CKX8_pre,2024-06-26_91282CKX8,pre,DGS5,5,2024-06-18,2024-06-26,-1,0.0025,5,2,6.7066035,4.4632241,1,0.5,1,1667.0644,3735112.5,14138.736,833.53219,13305.204
2024-06-27_91282CKW0_pre,2024-06-27_91282CKW0,pre,DGS7,7,2024-06-20,2024-06-27,-1,0.0025,5,2,6.6306939,6.0002118,1,0.5,1,1686.1493,2810149.7,3888.0112,843.07465,3044.9366
2024-06-25_91282CKY6_post,2024-06-25_91282CKY6,post,DGS2,2,2024-06-25,2024-07-02,1,0.0025,5,2,6.1094305,1.8889436,1,0.5,1,1830.0134,9688025.8,-17468.978,915.00671,-18383.985
2024-06-26_91282CKX8_post,2024-06-26_91282CKX8,post,DGS5,5,2024-06-26,2024-07-03,1,0.0025,5,2,6.6736686,4.4539255,1,0.5,1,1675.2914,3761381.8,-2281.5664,837.64572,-3119.2121
2024-06-27_91282CKW0_post,2024-06-27_91282CKW0,post,DGS7,7,2024-06-27,2024-07-05,1,0.0025,5,2,6.4794111,5.9960078,1,0.5,1,1725.5179,2877777.9,6431.7011,862.75895,5568.9422
2024-07-09_91282CKZ3_pre,2024-07-09_91282CKZ3,pre,DGS3,3,2024-07-01,2024-07-09,-1,0.0025,5,1.7905694,6.5038885,2.7735102,1,0.5,1,1539.0158,5548982.1,-31352.535,769.50792,-32122.043
2024-07-10_91282CKQ3_pre,2024-07-10_91282CKQ3,pre,DGS10,10,2024-07-02,2024-07-10,-1,0.0025,5,0.66096825,6.3408593,8.008594,1,0.5,1,582.71673,727614.28,-8633.4743,291.35837,-8924.8327
2024-07-11_912810UA4_pre,2024-07-11_912810UA4,pre,DGS30,30,2024-07-03,2024-07-11,-1,0.0025,5,0.51617938,5.5866063,16.316939,1,0.5,1,516.50864,316547.52,-6212.7473,258.25432,-6471.0016
2024-07-09_91282CKZ3_post,2024-07-09_91282CKZ3,post,DGS3,3,2024-07-09,2024-07-16,1,0.0025,5,1.7905694,5.5999142,2.7833132,1,0.5,1,1787.4537,6422035.6,27425.514,893.72684,26531.787
2024-07-10_91282CKQ3_post,2024-07-10_91282CKQ3,post,DGS10,10,2024-07-10,2024-07-17,1,0.0025,5,0.66096825,5.8754493,8.0663273,1,0.5,1,628.87529,779630.26,7430.6683,314.43764,7116.2306
2024-07-17_912810UB2_pre,2024-07-17_912810UB2,pre,DGS20,20,2024-07-10,2024-07-17,-1,0.0025,5,0.35450278,5.5427461,13.007178,1,0.5,1,357.53591,274875.85,-4297.2689,178.76796,-4476.0369
2024-07-11_912810UA4_post,2024-07-11_912810UA4,post,DGS30,30,2024-07-11,2024-07-18,1,0.0025,5,0.51617938,5.3658262,16.548949,1,0.5,1,537.7607,324951.57,-10.426919,268.88035,-279.30727
2024-07-23_91282CLB5_pre,2024-07-23_91282CLB5,pre,DGS2,2,2024-07-16,2024-07-23,-1,0.0025,5,1.7905694,5.2834621,1.8939726,1,0.5,1,1894.5129,10002853,-4200.141,947.25647,-5147.3975
2024-07-17_912810UB2_post,2024-07-17_912810UB2,post,DGS20,20,2024-07-17,2024-07-24,1,0.0025,5,0.35450278,5.3870267,13.141894,1,0.5,1,367.87098,279922.35,-5870.4478,183.93549,-6054.3833
2024-07-24_91282CLC3_pre,2024-07-24_91282CLC3,pre,DGS5,5,2024-07-17,2024-07-24,-1,0.0025,5,1.7905694,5.7415868,4.483079,1,0.5,1,1743.3486,3888730.5,9512.1985,871.6743,8640.5242
2024-07-25_91282CLD1_pre,2024-07-25_91282CLD1,pre,DGS7,7,2024-07-18,2024-07-25,-1,0.0025,5,1.7905694,5.865344,6.0234101,1,0.5,1,1706.5644,2833219.7,7381.6458,853.28221,6528.3636
2024-07-23_91282CLB5_post,2024-07-23_91282CLB5,post,DGS2,2,2024-07-23,2024-07-30,1,0.0025,5,1.7905694,5.0984378,1.89466,1,0.5,1,1963.2656,10362100,8147.1628,981.63278,7165.53
2024-07-24_91282CLC3_post,2024-07-24_91282CLC3,post,DGS5,5,2024-07-24,2024-07-31,1,0.0025,5,1.7905694,5.7527935,4.4772258,0.5,0.5,1,869.97624,1943114.5,12658.168,434.98812,12223.18
2024-07-25_91282CLD1_post,2024-07-25_91282CLD1,post,DGS7,7,2024-07-25,2024-08-01,1,0.0025,5,1.7905694,5.8766992,6.0149593,0.5,0.5,1,851.63346,1415859.1,24547.864,425.81673,24122.047
2024-08-06_91282CLG4_pre,2024-08-06_91282CLG4,pre,DGS3,3,2024-07-30,2024-08-06,-1,0.0025,5,1.5976143,5.3138769,2.7931697,0.5,0.5,1,840.34083,3008556.3,-33035.046,420.17041,-33455.216
2024-08-07_91282CLF6_pre,2024-08-07_91282CLF6,pre,DGS10,10,2024-07-31,2024-08-07,-1,0.0025,5,2,5.5052876,8.1403235,1,0.5,1,2030.8366,2494786.2,-26201.305,1015.4183,-27216.724
2024-08-08_912810UC0_pre,2024-08-08_912810UC0,pre,DGS30,30,2024-08-01,2024-08-08,-1,0.0025,5,2,5.2415927,16.825999,1,0.5,1,2133.0043,1267683.6,1728.1243,1066.5022,661.62218
2024-08-06_91282CLG4_post,2024-08-06_91282CLG4,post,DGS3,3,2024-08-06,2024-08-13,1,0.0025,5,1.5976143,6.3097091,2.8120929,1,0.5,1,1415.4274,5033359.4,173.02366,707.71372,-534.69006
2024-08-07_91282CLF6_post,2024-08-07_91282CLF6,post,DGS10,10,2024-08-07,2024-08-14,1,0.0025,5,2,6.2904061,8.1915182,1,0.5,1,1777.3638,2169761.1,22709.356,888.68188,21820.674
2024-08-08_912810UC0_post,2024-08-08_912810UC0,post,DGS30,30,2024-08-08,2024-08-15,1,0.0025,5,2,5.9829324,16.805978,1,0.5,1,1868.7057,1111929.1,18717.188,934.35285,17782.835
2024-08-21_912810UD8_pre,2024-08-21_912810UD8,pre,DGS20,20,2024-08-14,2024-08-21,-1,0.0025,5,0.35450278,6.1011021,13.417549,1,0.5,1,324.81521,242082.37,-2251.1955,162.40761,-2413.6031
2024-08-27_91282CLH2_pre,2024-08-27_91282CLH2,pre,DGS2,2,2024-08-20,2024-08-27,-1,0.0025,5,1.5976143,6.4981527,1.9040954,1,0.5,1,1374.3807,7218024.3,-20451.564,687.19033,-21138.755
2024-08-21_912810UD8_post,2024-08-21_912810UD8,post,DGS20,20,2024-08-21,2024-08-28,1,0.0025,5,2,6.114168,13.499546,1,0.5,1,1828.5955,1354560.7,-12943.899,914.29773,-13858.196
2024-08-28_91282CLK5_pre,2024-08-28_91282CLK5,pre,DGS5,5,2024-08-21,2024-08-28,-1,0.0025,5,1.5976143,6.5715531,4.5338862,1,0.5,1,1359.0296,2997493.9,-589.35651,679.51482,-1268.8713
2024-08-29_91282CLJ8_pre,2024-08-29_91282CLJ8,pre,DGS7,7,2024-08-22,2024-08-29,-1,0.0025,5,1.5976143,6.7136761,6.1024051,1,0.5,1,1330.2601,2179894.8,-795.33952,665.13006,-1460.4696
2024-08-27_91282CLH2_post,2024-08-27_91282CLH2,post,DGS2,2,2024-08-27,2024-09-04,1,0.0025,5,1.5976143,6.647267,1.907798,1,0.5,1,1343.55,7042412.2,7649.1384,671.77499,6977.3634
2024-08-28_91282CLK5_post,2024-08-28_91282CLK5,post,DGS5,5,2024-08-28,2024-09-05,1,0.0025,5,1.5976143,6.5957528,4.5350779,1,0.5,1,1354.0434,2985711.4,11334.05,677.0217,10657.028
2024-08-29_91282CLJ8_post,2024-08-29_91282CLJ8,post,DGS7,7,2024-08-29,2024-09-06,1,0.0025,5,1.5976143,6.5278846,6.104561,1,0.5,1,1368.1209,2241145.5,21350.637,684.06046,20666.577
2024-09-10_91282CLL3_pre,2024-09-10_91282CLL3,pre,DGS3,3,2024-09-03,2024-09-10,-1,0.0025,5,1.4082483,6.5185307,2.8135201,1,0.5,1,1207.6874,4292442.7,-36401.268,603.84369,-37005.112
2024-09-11_91282CLF6_pre,2024-09-11_91282CLF6,pre,DGS10,10,2024-09-04,2024-09-11,-1,0.0025,5,2,6.1392504,8.26718,1,0.5,1,1821.1246,2202836.5,-21408.708,910.5623,-22319.271
2024-09-12_912810UC0_pre,2024-09-12_912810UC0,pre,DGS30,30,2024-09-05,2024-09-12,-1,0.0025,5,0.35450278,5.573824,17.338438,1,0.5,1,355.5424,205060.22,-682.54588,177.7712,-860.31708
2024-09-10_91282CLL3_post,2024-09-10_91282CLL3,post,DGS3,3,2024-09-10,2024-09-17,1,0.0025,5,1.4082483,6.1901142,2.8283329,1,0.5,1,1271.7612,4496504.7,-5020.8408,635.88061,-5656.7214
2024-09-17_912810UD8_pre,2024-09-17_912810UD8,pre,DGS20,20,2024-09-10,2024-09-17,-1,0.0025,5,2,5.5043896,13.629887,1,0.5,1,2031.168,1490231,-3866.8309,1015.584,-4882.4149
2024-09-11_91282CLF6_post,2024-09-11_91282CLF6,post,DGS10,10,2024-09-11,2024-09-18,1,0.0025,5,0.35450278,5.6373202,8.3154857,0.5,0.5,1,175.76887,211375.35,-923.23762,87.884434,-1011.1221
2024-09-12_912810UC0_post,2024-09-12_912810UC0,post,DGS30,30,2024-09-12,2024-09-19,1,0.0025,5,0.35450278,5.3866334,17.380443,0.5,0.5,1,183.94892,105836.72,-1107.2311,91.974459,-1199.2056
2024-09-17_912810UD8_post,2024-09-17_912810UD8,post,DGS20,20,2024-09-17,2024-09-24,1,0.0025,5,0.35450278,5.4049569,13.653783,0.5,0.5,1,183.32531,134267.05,-2016.8579,91.662653,-2108.5206
