strategy,cost_mult,leg_id,unit_id,kind,tenor,product,root,fallback_used,contract,entry,exit,fid,volume_day,status,sign,base_risk,hold_days,w,sigma_bp,fomc_mult,dd_mult,capped,dv01_target,dv01_contract,dv01_r2,dv01_n,contracts_raw,contracts,dv01,point_value,tick_value_entry,tick_value_exit,gross_pnl,cost,net_pnl
month_end_zn,1.0,2024-10_demand,2024-10,demand,DGS10,ZN,ZN,False,ZNZ2024,2024-10-25,2024-10-31,2024-11-27,2024-10-24,ok,1.0,0.01,4,1.0,5.5439691,1.0,1.0,False,9018.8093,73.217092,0.9448795,60,123.17902,123.0,9005.7023,1000.0,15.625,15.625,-73031.25,2167.875,-75199.125
month_end_zn,1.0,2024-11_demand,2024-11,demand,DGS10,ZN,ZN,False,ZNH2025,2024-11-22,2024-11-29,2025-02-27,2024-11-21,ok,1.0,0.01,4,1.0,5.090675,1.0,1.0,False,9821.8802,65.329699,0.91075291,60,150.34327,150.0,9799.4548,1000.0,15.625,15.625,206250.0,2643.75,203606.25
month_end_zn,1.0,2024-12_demand,2024-12,demand,DGS10,ZN,ZN,False,ZNH2025,2024-12-24,2024-12-31,2025-02-27,2024-12-23,ok,1.0,0.01,4,1.0,5.7006294,1.0,1.0,False,8770.9614,64.966533,0.92698141,60,135.00738,135.0,8770.482,1000.0,15.625,15.625,25312.5,2379.375,22933.125
month_end_zn,1.0,2025-01_demand,2025-01,demand,DGS10,ZN,ZN,False,ZNH2025,2025-01-27,2025-01-31,2025-02-27,2025-01-24,ok,1.0,0.01,4,1.0,5.5447843,0.5,1.0,False,4508.7417,64.8625,0.92541109,60,69.512302,70.0,4540.375,1000.0,15.625,15.625,-21875.0,1233.75,-23108.75
month_end_zn,1.0,2025-02_demand,2025-02,demand,DGS10,ZN,ZN,False,ZNM2025,2025-02-24,2025-02-28,2025-05-29,2025-02-21,ok,1.0,0.01,4,1.0,5.4102591,1.0,1.0,False,9241.7015,69.500858,0.94791443,60,132.97248,133.0,9243.6141,1000.0,15.625,15.625,160015.625,2344.125,157671.5
month_end_zn,1.0,2025-03_demand,2025-03,demand,DGS10,ZN,ZN,False,ZNM2025,2025-03-25,2025-03-31,2025-05-29,2025-03-24,ok,1.0,0.01,4,1.0,5.2699714,1.0,1.0,False,9487.7175,68.178495,0.94549148,60,139.15997,139.0,9476.8108,1000.0,15.625,15.625,65156.25,2449.875,62706.375
month_end_zn,1.0,2025-04_demand,2025-04,demand,DGS10,ZN,ZN,False,ZNM2025,2025-04-24,2025-04-30,2025-05-29,2025-04-23,ok,1.0,0.01,4,1.0,6.21123,1.0,1.0,False,8049.9353,69.548646,0.87461665,60,115.74539,116.0,8067.6429,1000.0,15.625,15.625,116000.0,2044.5,113955.5
month_end_zn,1.0,2025-05_demand,2025-05,demand,DGS10,ZN,ZN,False,ZNU2025,2025-05-23,2025-05-30,2025-08-28,2025-05-22,ok,1.0,0.01,4,1.0,6.3178297,1.0,1.0,False,7914.1102,71.869758,0.87216619,60,110.11739,110.0,7905.6734,1000.0,15.625,15.625,68750.0,1938.75,66811.25
month_end_zn,1.0,2025-06_demand,2025-06,demand,DGS10,ZN,ZN,False,ZNU2025,2025-06-24,2025-06-30,2025-08-28,2025-06-23,ok,1.0,0.01,4,1.0,6.365936,1.0,1.0,False,7854.3045,73.930749,0.87680961,60,106.23867,106.0,7836.6593,1000.0,15.625,15.625,49687.5,1868.25,47819.25
month_end_zn,1.0,2025-07_demand,2025-07,demand,DGS10,ZN,ZN,False,ZNU2025,2025-07-25,2025-07-31,2025-08-28,2025-07-24,ok,1.0,0.01,4,1.0,5.1475407,0.5,1.0,False,4856.6882,69.506263,0.93522858,60,69.874108,70.0,4865.4384,1000.0,15.625,15.625,5468.75,1233.75,4235.0
month_end_zn,1.0,2025-08_demand,2025-08,demand,DGS10,ZN,ZN,False,ZNZ2025,2025-08-25,2025-08-29,2025-11-26,2025-08-22,ok,1.0,0.01,4,1.0,4.7150139,1.0,1.0,False,10604.423,74.165888,0.94429091,60,142.98248,143.0,10605.722,1000.0,15.625,15.625,71500.0,2520.375,68979.625
month_end_zn,1.0,2025-09_demand,2025-09,demand,DGS10,ZN,ZN,False,ZNZ2025,2025-09-24,2025-09-30,2025-11-26,2025-09-23,ok,1.0,0.01,4,1.0,4.3650836,1.0,1.0,False,11454.534,72.384259,0.9389382,60,158.24621,158.0,11436.713,1000.0,15.625,15.625,-22218.75,2784.75,-25003.5
month_end_zn,1.0,2025-10_demand,2025-10,demand,DGS10,ZN,ZN,False,ZNZ2025,2025-10-27,2025-10-31,2025-11-26,2025-10-24,ok,1.0,0.01,4,1.0,3.9367887,0.5,1.0,False,6350.3536,73.155895,0.9180426,60,86.805767,87.0,6364.5628,1000.0,15.625,15.625,-65250.0,1533.375,-66783.375
month_end_zn,1.0,2025-11_demand,2025-11,demand,DGS10,ZN,ZN,False,ZNH2026,2025-11-21,2025-11-28,2026-02-26,2025-11-20,ok,1.0,0.01,4,1.0,3.7066134,1.0,1.0,False,13489.402,67.754595,0.89987447,60,199.09207,199.0,13483.164,1000.0,15.625,15.625,27984.375,3507.375,24477.0
month_end_zn,1.0,2025-12_demand,2025-12,demand,DGS10,ZN,ZN,False,ZNH2026,2025-12-24,2025-12-31,2026-02-26,2025-12-23,ok,1.0,0.01,4,1.0,3.5558498,1.0,1.0,False,14061.336,68.783512,0.90617946,60,204.42888,204.0,14031.836,1000.0,15.625,15.625,-15937.5,3595.5,-19533.0
month_end_zn,1.0,2026-01_demand,2026-01,demand,DGS10,ZN,ZN,False,ZNH2026,2026-01-26,2026-01-30,2026-02-26,2026-01-23,ok,1.0,0.01,4,1.0,3.3495088,0.5,1.0,False,7463.781,66.537258,0.88939162,60,112.17446,112.0,7452.1729,1000.0,15.625,15.625,0.0,1974.0,-1974.0
month_end_zn,1.0,2026-02_demand,2026-02,demand,DGS10,ZN,ZN,False,ZNM2026,2026-02-23,2026-02-27,2026-05-28,2026-02-20,ok,1.0,0.01,4,1.0,3.3495088,1.0,1.0,False,14927.562,64.267235,0.88109258,60,232.27329,232.0,14909.998,1000.0,15.625,15.625,112375.0,4089.0,108286.0
month_end_zn,1.0,2026-03_demand,2026-03,demand,DGS10,ZN,ZN,False,ZNM2026,2026-03-25,2026-03-31,2026-05-28,2026-03-24,ok,1.0,0.01,4,1.0,4.0971259,1.0,1.0,False,12203.677,67.226626,0.84030049,60,181.53041,182.0,12235.246,1000.0,15.625,15.625,28437.5,3207.75,25229.75
month_end_zn,1.0,2026-04_demand,2026-04,demand,DGS10,ZN,ZN,False,ZNM2026,2026-04-24,2026-04-30,2026-05-28,2026-04-23,ok,1.0,0.01,4,1.0,4.4928066,0.5,1.0,False,5564.4506,68.886797,0.8672791,60,80.776735,81.0,5579.8306,1000.0,15.625,15.625,-50625.0,1427.625,-52052.625
month_end_zn,1.0,2026-05_demand,2026-05,demand,DGS10,ZN,ZN,False,ZNU2026,2026-05-22,2026-05-29,2026-08-28,2026-05-21,ok,1.0,0.01,4,1.0,4.8092131,1.0,1.0,False,10396.711,71.696565,0.88341772,60,145.00989,145.0,10396.002,1000.0,15.625,15.625,122343.75,2555.625,119788.125
month_end_zn,1.0,2026-06_demand,2026-06,demand,DGS10,ZN,ZN,False,ZNU2026,2026-06-24,2026-06-30,2026-08-28,2026-06-23,ok,1.0,0.01,4,1.0,4.3362876,1.0,1.0,False,11530.601,70.337852,0.93643288,60,163.93166,164.0,11535.408,1000.0,15.625,15.625,-17937.5,2890.5,-20828.0
month_end_zn,1.0,2026-07_demand,2026-07,demand,DGS10,ZN,ZN,False,ZNU2026,2026-07-27,2026-07-31,2026-08-28,2026-07-24,ok,1.0,0.01,4,1.0,4.4011747,0.5,1.0,False,5680.3016,69.651803,0.9208057,60,81.55283,82.0,5711.4478,1000.0,15.625,15.625,-47406.25,1445.25,-48851.5
month_end_zn,1.0,2026-08_demand,2026-08,demand,DGS10,ZN,ZN,False,ZNZ2026,2026-08-25,2026-08-31,2026-11-27,2026-08-24,ok,1.0,0.01,4,1.0,4.2795995,1.0,1.0,False,11683.336,60.81182,0.87847716,60,192.12279,192.0,11675.87,1000.0,15.625,15.625,-183000.0,3384.0,-186384.0
month_end_zn,1.0,2026-09_demand,2026-09,demand,DGS10,ZN,ZN,False,ZNZ2026,2026-09-24,2026-09-30,2026-11-27,2026-09-23,ok,1.0,0.01,4,1.0,4.5884589,1.0,1.0,False,10896.905,60.624941,0.88186723,60,179.74294,180.0,10912.489,1000.0,15.625,15.625,-118125.0,3172.5,-121297.5
supply_calendar,1.0,2024-10-08_91282CLQ2_pre,2024-10-08_91282CLQ2,pre,DGS3,ZT,ZT,False,ZTZ2024,2024-10-01,2024-10-08,2024-11-27,2024-09-30,ok,-1.0,0.0025,5,1.0,6.1694298,1.0,1.0,False,1812.2161,42.511007,0.92023957,60,42.629337,43.0,1827.9733,2000.0,7.8125,7.8125,64164.0625,421.9375,63742.125
supply_calendar,1.0,2024-10-09_91282CLF6_pre,2024-10-09_91282CLF6,pre,DGS10,TN,TN,False,TNZ2024,2024-10-02,2024-10-09,2024-11-27,2024-10-01,ok,-1.0,0.0025,5,1.0,5.0847062,1.0,1.0,False,2198.8173,93.981497,0.95863282,60,23.396279,23.0,2161.5744,1000.0,15.625,15.625,61093.75,405.375,60688.375
supply_calendar,1.0,2024-10-10_912810UC0_pre,2024-10-10_912810UC0,pre,DGS30,UB,UB,False,UBZ2024,2024-10-03,2024-10-10,2024-11-27,2024-10-02,ok,-1.0,0.0025,5,1.0,4.9481778,1.0,1.0,False,2259.4863,211.97721,0.94753599,60,10.6591,11.0,2331.7494,1000.0,31.25,31.25,47781.25,365.75,47415.5
supply_calendar,1.0,2024-10-08_91282CLQ2_post,2024-10-08_91282CLQ2,post,DGS3,ZT,ZT,False,ZTZ2024,2024-10-08,2024-10-16,2024-11-27,2024-10-07,ok,1.0,0.0025,5,1.0,6.8628822,1.0,1.0,False,1629.1027,41.938858,0.93705396,60,38.844707,39.0,1635.6155,2000.0,7.8125,7.8125,4265.625,382.6875,3882.9375
supply_calendar,1.0,2024-10-09_91282CLF6_post,2024-10-09_91282CLF6,post,DGS10,TN,TN,False,TNZ2024,2024-10-09,2024-10-17,2024-11-27,2024-10-08,ok,1.0,0.0025,5,1.0,5.4039899,1.0,1.0,False,2068.9046,93.651908,0.96473044,60,22.091431,22.0,2060.342,1000.0,15.625,15.625,-6875.0,387.75,-7262.75
supply_calendar,1.0,2024-10-10_912810UC0_post,2024-10-10_912810UC0,post,DGS30,UB,UB,False,UBZ2024,2024-10-10,2024-10-18,2024-11-27,2024-10-09,ok,1.0,0.0025,5,1.0,4.8915932,1.0,1.0,False,2285.6234,214.89688,0.94919477,60,10.635908,11.0,2363.8656,1000.0,31.25,31.25,687.5,365.75,321.75
supply_calendar,1.0,2024-10-23_912810UD8_pre,2024-10-23_912810UD8,pre,DGS20,ZB,ZB,False,ZBZ2024,2024-10-16,2024-10-23,2024-11-27,2024-10-15,ok,-1.0,0.0025,5,1.0,4.858332,1.0,1.0,False,2301.2713,158.74758,0.95482932,60,14.496418,14.0,2222.4661,1000.0,31.25,31.25,46375.0,465.5,45909.5
supply_calendar,1.0,2024-10-28_91282CLR0_pre,2024-10-28_91282CLR0,pre,DGS5,ZF,ZF,False,ZFZ2024,2024-10-21,2024-10-28,2024-11-27,2024-10-18,ok,-1.0,0.0025,5,1.0,6.2658612,1.0,1.0,False,1784.3261,45.323562,0.96754665,60,39.36862,39.0,1767.6189,1000.0,7.8125,7.8125,22851.5625,382.6875,22468.875
supply_calendar,1.0,2024-10-28_91282CLS8_pre,2024-10-28_91282CLS8,pre,DGS2,ZT,ZT,False,ZTZ2024,2024-10-21,2024-10-28,2024-11-27,2024-10-18,ok,-1.0,0.0025,5,1.0,7.2376136,1.0,1.0,False,1544.755,39.911344,0.94024724,60,38.70466,39.0,1556.5424,2000.0,7.8125,7.8125,18281.25,382.6875,17898.5625
supply_calendar,1.0,2024-10-29_91282CLU3_pre,2024-10-29_91282CLU3,pre,DGS7,ZN,ZN,False,ZNZ2024,2024-10-22,2024-10-29,2024-11-27,2024-10-21,ok,-1.0,0.0025,5,1.0,6.1188557,1.0,1.0,False,1827.1946,67.127529,0.96073229,60,27.21975,27.0,1812.4433,1000.0,15.625,15.625,16031.25,475.875,15555.375
supply_calendar,1.0,2024-10-23_912810UD8_post,2024-10-23_912810UD8,post,DGS20,ZB,ZB,False,ZBZ2024,2024-10-23,2024-10-30,2024-11-27,2024-10-22,ok,1.0,0.0025,5,1.0,5.0049693,1.0,1.0,False,2233.8479,159.30114,0.95719259,60,14.022799,14.0,2230.2159,1000.0,31.25,31.25,437.5,465.5,-28.0
supply_calendar,1.0,2024-10-28_91282CLR0_post,2024-10-28_91282CLR0,post,DGS5,ZF,ZF,False,ZFZ2024,2024-10-28,2024-11-04,2024-11-27,2024-10-25,ok,1.0,0.0025,5,1.0,6.3544104,1.0,1.0,False,1759.4614,45.6365,0.97156644,60,38.553821,39.0,1779.8235,1000.0,7.8125,7.8125,-10968.75,382.6875,-11351.4375
supply_calendar,1.0,2024-10-28_91282CLS8_post,2024-10-28_91282CLS8,post,DGS2,ZT,ZT,False,ZTZ2024,2024-10-28,2024-11-04,2024-11-27,2024-10-25,ok,1.0,0.0025,5,1.0,7.2703251,1.0,1.0,False,1537.8047,40.255694,0.94412561,60,38.200923,38.0,1529.7164,2000.0,7.8125,7.8125,-8015.625,372.875,-8388.5
supply_calendar,1.0,2024-11-04_91282CLX7_pre,2024-11-04_91282CLX7,pre,DGS3,ZT,ZT,False,ZTZ2024,2024-10-28,2024-11-04,2024-11-27,2024-10-25,ok,-1.0,0.0025,5,1.0,6.9362513,1.0,1.0,False,1611.8707,42.150987,0.94217726,60,38.240401,38.0,1601.7375,2000.0,7.8125,7.8125,8015.625,372.875,7642.75
supply_calendar,1.0,2024-10-29_91282CLU3_post,2024-10-29_91282CLU3,post,DGS7,ZN,ZN,False,ZNZ2024,2024-10-29,2024-11-05,2024-11-27,2024-10-28,ok,1.0,0.0025,5,1.0,5.852712,1.0,1.0,False,1910.2836,66.902987,0.96342849,60,28.553039,29.0,1940.1866,1000.0,15.625,15.625,-9968.75,511.125,-10479.875
supply_calendar,1.0,2024-11-05_91282CLW9_pre,2024-11-05_91282CLW9,pre,DGS10,TN,TN,False,TNZ2024,2024-10-29,2024-11-05,2024-11-27,2024-10-28,ok,-1.0,0.0025,5,1.0,5.3504052,1.0,1.0,False,2089.6249,92.922332,0.96998843,60,22.487865,22.0,2044.2913,1000.0,15.625,15.625,4125.0,387.75,3737.25
supply_calendar,1.0,2024-11-06_912810UE6_pre,2024-11-06_912810UE6,pre,DGS30,UB,UB,False,UBZ2024,2024-10-30,2024-11-06,2024-11-27,2024-10-29,ok,-1.0,0.0025,5,1.0,4.5491354,1.0,1.0,False,2457.6846,208.06957,0.94194724,60,11.81184,12.0,2496.8349,1000.0,31.25,31.25,32625.0,399.0,32226.0
supply_calendar,1.0,2024-11-04_91282CLX7_post,2024-11-04_91282CLX7,post,DGS3,ZT,ZT,False,ZTZ2024,2024-11-04,2024-11-12,2024-11-27,2024-11-01,ok,1.0,0.0025,5,1.0,5.8020793,0.5,1.0,False,963.477,39.468036,0.92242177,60,24.411577,24.0,947.23286,2000.0,7.8125,7.8125,-16500.0,235.5,-16735.5
supply_calendar,1.0,2024-11-05_91282CLW9_post,2024-11-05_91282CLW9,post,DGS10,TN,TN,False,TNZ2024,2024-11-05,2024-11-13,2024-11-27,2024-11-04,ok,1.0,0.0025,5,1.0,4.6045912,0.5,1.0,False,1214.0426,93.374447,0.95568593,60,13.001872,13.0,1213.8678,1000.0,15.625,15.625,-19093.75,229.125,-19322.875
supply_calendar,1.0,2024-11-06_912810UE6_post,2024-11-06_912810UE6,post,DGS30,UB,UB,False,UBZ2024,2024-11-06,2024-11-14,2024-11-27,2024-11-05,ok,1.0,0.0025,5,1.0,4.4676805,0.5,1.0,False,1251.2466,206.37896,0.94079351,60,6.062859,6.0,1238.2738,1000.0,31.25,31.25,1312.5,199.5,1113.0
supply_calendar,1.0,2024-11-20_912810UF3_pre,2024-11-20_912810UF3,pre,DGS20,ZB,ZB,False,ZBH2025,2024-11-13,2024-11-20,2025-02-27,2024-11-12,ok,-1.0,0.0025,5,1.0,5.0364771,1.0,1.0,False,2219.8731,140.80875,0.93237499,60,15.765164,16.0,2252.94,1000.0,31.25,31.25,-11500.0,532.0,-12032.0
supply_calendar,1.0,2024-11-25_91282CLY5_pre,2024-11-25_91282CLY5,pre,DGS2,ZT,ZT,False,ZTH2025,2024-11-18,2024-11-25,2025-02-27,2024-11-15,ok,-1.0,0.0025,5,1.0,5.9159843,1.0,1.0,False,1889.8529,36.948075,0.88310615,60,51.148885,51.0,1884.3518,2000.0,7.8125,7.8125,-1992.1875,500.4375,-2492.625
supply_calendar,1.0,2024-11-26_91282CMA6_pre,2024-11-26_91282CMA6,pre,DGS5,ZF,ZF,False,ZFH2025,2024-11-19,2024-11-26,2025-02-27,2024-11-18,ok,-1.0,0.0025,5,1.0,5.3420832,1.0,1.0,False,2092.8801,42.237797,0.94329577,60,49.549936,50.0,2111.8899,1000.0,7.8125,7.8125,-9765.625,490.625,-10256.25
supply_calendar,1.0,2024-11-20_912810UF3_post,2024-11-20_912810UF3,post,DGS20,ZB,ZB,False,ZBH2025,2024-11-20,2024-11-27,2025-02-27,2024-11-19,ok,1.0,0.0025,5,1.0,4.9629987,1.0,1.0,False,2252.7388,139.18695,0.93621623,60,16.184986,16.0,2226.9912,1000.0,31.25,31.25,34000.0,532.0,33468.0
supply_calendar,1.0,2024-11-27_91282CLZ2_pre,2024-11-27_91282CLZ2,pre,DGS7,ZN,ZN,False,ZNH2025,2024-11-20,2024-11-27,2025-02-27,2024-11-19,ok,-1.0,0.0025,5,1.0,5.3339071,1.0,1.0,False,2096.0882,64.442362,0.94287792,60,32.526558,33.0,2126.5979,1000.0,15.625,15.625,-35062.5,581.625,-35644.125
supply_calendar,1.0,2024-11-25_91282CLY5_post,2024-11-25_91282CLY5,post,DGS2,ZT,ZT,False,ZTH2025,2024-11-25,2024-12-03,2025-02-27,2024-11-22,ok,1.0,0.0025,5,1.0,5.5714162,1.0,1.0,False,2006.7321,36.819083,0.88286941,60,54.502502,55.0,2025.0496,2000.0,7.8125,7.8125,15468.75,539.6875,14929.0625
supply_calendar,1.0,2024-11-26_91282CMA6_post,2024-11-26_91282CMA6,post,DGS5,ZF,ZF,False,ZFH2025,2024-11-26,2024-12-04,2025-02-27,2024-11-25,ok,1.0,0.0025,5,1.0,5.4793913,1.0,1.0,False,2040.4347,42.098587,0.9531684,60,48.468008,48.0,2020.7322,1000.0,7.8125,7.8125,24000.0,471.0,23529.0
supply_calendar,1.0,2024-11-27_91282CLZ2_post,2024-11-27_91282CLZ2,post,DGS7,ZN,ZN,False,ZNH2025,2024-11-27,2024-12-05,2025-02-27,2024-11-26,ok,1.0,0.0025,5,1.0,5.617165,1.0,1.0,False,1990.3884,64.494252,0.94799654,60,30.861485,31.0,1999.3218,1000.0,15.625,15.625,9203.125,546.375,8656.75
supply_calendar,1.0,2024-12-10_91282CMB4_pre,2024-12-10_91282CMB4,pre,DGS3,ZT,ZT,False,ZTH2025,2024-12-03,2024-12-10,2025-02-27,2024-12-02,ok,-1.0,0.0025,5,1.0,5.6712178,1.0,1.0,False,1971.4178,35.614889,0.87028044,60,55.353755,55.0,1958.8189,2000.0,7.8125,7.8125,-3437.5,539.6875,-3977.1875
supply_calendar,1.0,2024-12-11_91282CLW9_pre,2024-12-11_91282CLW9,pre,DGS10,TN,TN,False,TNH2025,2024-12-04,2024-12-11,2025-02-27,2024-12-03,ok,-1.0,0.0025,5,1.0,5.3809667,1.0,1.0,False,2077.7568,86.489329,0.94351986,60,24.023273,24.0,2075.7439,1000.0,15.625,15.625,19500.0,423.0,19077.0
supply_calendar,1.0,2024-12-12_912810UE6_pre,2024-12-12_912810UE6,pre,DGS30,UB,UB,False,UBH2025,2024-12-05,2024-12-12,2025-02-27,2024-12-04,ok,-1.0,0.0025,5,1.0,5.4351856,1.0,1.0,False,2057.03,194.28932,0.9407254,60,10.587458,11.0,2137.1825,1000.0,31.25,31.25,48812.5,365.75,48446.75
supply_calendar,1.0,2024-12-10_91282CMB4_post,2024-12-10_91282CMB4,post,DGS3,ZT,ZT,False,ZTH2025,2024-12-10,2024-12-17,2025-02-27,2024-12-09,ok,1.0,0.0025,5,1.0,5.405166,1.0,1.0,False,2068.4545,36.160611,0.87014121,60,57.201869,57.0,2061.1548,2000.0,7.8125,7.8125,-24492.1875,559.3125,-25051.5
supply_calendar,1.0,2024-12-17_912810UF3_pre,2024-12-17_912810UF3,pre,DGS20,ZB,ZB,False,ZBH2025,2024-12-10,2024-12-17,2025-02-27,2024-12-09,ok,-1.0,0.0025,5,1.0,5.2686044,1.0,1.0,False,2122.0686,137.0479,0.93526377,60,15.484138,15.0,2055.7185,1000.0,31.25,31.25,39375.0,498.75,38876.25
supply_calendar,1.0,2024-12-11_91282CLW9_post,2024-12-11_91282CLW9,post,DGS10,TN,TN,False,TNH2025,2024-12-11,2024-12-18,2025-02-27,2024-12-10,ok,1.0,0.0025,5,1.0,5.3920846,0.5,1.0,False,1036.7363,86.292738,0.94373311,60,12.014178,12.0,1035.5129,1000.0,15.625,15.625,-25125.0,211.5,-25336.5
supply_calendar,1.0,2024-12-12_912810UE6_post,2024-12-12_912810UE6,post,DGS30,UB,UB,False,UBH2025,2024-12-12,2024-12-19,2025-02-27,2024-12-11,ok,1.0,0.0025,5,1.0,5.4653505,0.5,1.0,False,1022.8383,194.65493,0.9435972,60,5.2546232,5.0,973.27466,1000.0,31.25,31.25,-19375.0,166.25,-19541.25
supply_calendar,1.0,2024-12-23_91282CME8_pre,2024-12-23_91282CME8,pre,DGS2,ZT,ZT,False,ZTH2025,2024-12-16,2024-12-23,2025-02-27,2024-12-13,ok,-1.0,0.0025,5,1.0,5.540911,0.5,1.0,False,1008.89,34.508012,0.85673541,60,29.2364,29.0,1000.7323,2000.0,7.8125,7.8125,13367.1875,284.5625,13082.625
supply_calendar,1.0,2024-12-17_912810UF3_post,2024-12-17_912810UF3,post,DGS20,ZB,ZB,False,ZBH2025,2024-12-17,2024-12-24,2025-02-27,2024-12-16,ok,1.0,0.0025,5,1.0,5.3298011,0.5,1.0,False,1048.8515,136.59755,0.93648861,60,7.6784063,8.0,1092.7804,1000.0,31.25,31.25,-20250.0,266.0,-20516.0
supply_calendar,1.0,2024-12-24_91282CMD0_pre,2024-12-24_91282CMD0,pre,DGS5,ZF,ZF,False,ZFH2025,2024-12-17,2024-12-24,2025-02-27,2024-12-16,ok,-1.0,0.0025,5,1.0,5.3624558,0.5,1.0,False,1042.4645,40.894749,0.94275291,60,25.491403,25.0,1022.3687,1000.0,7.8125,7.8125,19140.625,245.3125,18895.3125
supply_calendar,1.0,2024-12-26_91282CMC2_pre,2024-12-26_91282CMC2,pre,DGS7,ZN,ZN,False,ZNH2025,2024-12-18,2024-12-26,2025-02-27,2024-12-17,ok,-1.0,0.0025,5,1.0,5.618045,1.0,1.0,False,1990.0766,62.661521,0.94733215,60,31.75915,32.0,2005.1687,1000.0,15.625,15.625,11500.0,564.0,10936.0
supply_calendar,1.0,2024-12-23_91282CME8_post,2024-12-23_91282CME8,post,DGS2,ZT,ZT,False,ZTH2025,2024-12-23,2024-12-31,2025-02-27,2024-12-20,ok,1.0,0.0025,5,1.0,5.5167695,1.0,1.0,False,2026.6099,36.059148,0.87403186,60,56.20238,56.0,2019.3123,2000.0,7.8125,7.8125,18812.5,549.5,18263.0
supply_calendar,1.0,2024-12-24_91282CMD0_post,2024-12-24_91282CMD0,post,DGS5,ZF,ZF,False,ZFH2025,2024-12-24,2025-01-02,2025-02-27,2024-12-23,ok,1.0,0.0025,5,1.0,5.6642401,1.0,1.0,False,1973.8464,40.911207,0.9520883,60,48.247083,48.0,1963.7379,1000.0,7.8125,7.8125,12375.0,471.0,11904.0
supply_calendar,1.0,2024-12-26_91282CMC2_post,2024-12-26_91282CMC2,post,DGS7,ZN,ZN,False,ZNH2025,2024-12-26,2025-01-03,2025-02-27,2024-12-24,ok,1.0,0.0025,5,1.0,5.8957756,1.0,1.0,False,1896.3306,64.004711,0.95830363,60,29.627985,30.0,1920.1413,1000.0,15.625,15.625,-468.75,528.75,-997.5
supply_calendar,1.0,2025-01-06_91282CMF5_pre,2025-01-06_91282CMF5,pre,DGS3,ZT,ZT,False,ZTH2025,2024-12-27,2025-01-06,2025-02-27,2024-12-26,ok,-1.0,0.0025,5,1.0,5.5184334,1.0,1.0,True,2025.9989,35.134654,0.86582976,60,57.663834,49.0,1721.5981,2000.0,7.8125,7.8125,-8039.0625,480.8125,-8519.875
supply_calendar,1.0,2025-01-07_91282CLW9_pre,2025-01-07_91282CLW9,pre,DGS10,TN,TN,False,TNH2025,2024-12-30,2025-01-07,2025-02-27,2024-12-27,capped_to_zero,-1.0,0.0025,5,1.0,5.6443312,1.0,1.0,True,1980.8086,86.793918,0.94934915,60,22.821975,0.0,0.0,1000.0,,,0.0,0.0,0.0
supply_calendar,1.0,2025-01-08_912810UE6_pre,2025-01-08_912810UE6,pre,DGS30,UB,UB,False,UBH2025,2024-12-31,2025-01-08,2025-02-27,2024-12-30,ok,-1.0,0.0025,5,1.0,5.6232719,1.0,1.0,False,1988.2268,198.08947,0.96365446,60,10.037014,10.0,1980.8947,1000.0,31.25,31.25,28750.0,332.5,28417.5
supply_calendar,1.0,2025-01-06_91282CMF5_post,2025-01-06_91282CMF5,post,DGS3,ZT,ZT,False,ZTH2025,2025-01-06,2025-01-13,2025-02-27,2025-01-03,ok,1.0,0.0025,5,1.0,4.6570522,1.0,1.0,False,2400.7332,32.193898,0.815006,60,74.571062,75.0,2414.5424,2000.0,7.8125,7.8125,-38671.875,735.9375,-39407.8125
supply_calendar,1.0,2025-01-07_91282CLW9_post,2025-01-07_91282CLW9,post,DGS10,TN,TN,False,TNH2025,2025-01-07,2025-01-14,2025-02-27,2025-01-06,ok,1.0,0.0025,5,1.0,5.366221,1.0,1.0,False,2083.4662,86.237082,0.94359238,60,24.159748,24.0,2069.69,1000.0,15.625,15.625,-22125.0,423.0,-22548.0
supply_calendar,1.0,2025-01-08_912810UE6_post,2025-01-08_912810UE6,post,DGS30,UB,UB,False,UBH2025,2025-01-08,2025-01-15,2025-02-27,2025-01-07,ok,1.0,0.0025,5,1.0,5.5341518,1.0,1.0,False,2020.2445,196.05794,0.96152379,60,10.304324,10.0,1960.5794,1000.0,31.25,31.25,11875.0,332.5,11542.5
supply_calendar,1.0,2025-01-22_912810UF3_pre,2025-01-22_912810UF3,pre,DGS20,ZB,ZB,False,ZBH2025,2025-01-14,2025-01-22,2025-02-27,2025-01-13,ok,-1.0,0.0025,5,1.0,5.2993977,1.0,1.0,False,2109.7379,136.15515,0.93577963,60,15.495102,15.0,2042.3272,1000.0,31.25,31.25,-37968.75,498.75,-38467.5
supply_calendar,1.0,2025-01-27_91282CMG3_pre,2025-01-27_91282CMG3,pre,DGS5,ZF,ZF,False,ZFH2025,2025-01-17,2025-01-27,2025-02-27,2025-01-16,ok,-1.0,0.0025,5,1.0,5.5596153,1.0,1.0,False,2010.9916,40.608378,0.9503965,60,49.521595,50.0,2030.4189,1000.0,7.8125,7.8125,-19921.875,490.625,-20412.5
supply_calendar,1.0,2025-01-27_91282CMH1_pre,2025-01-27_91282CMH1,pre,DGS2,ZT,ZT,False,ZTH2025,2025-01-17,2025-01-27,2025-02-27,2025-01-16,ok,-1.0,0.0025,5,1.0,4.8309267,1.0,1.0,False,2314.3261,34.242005,0.85058888,60,67.587342,68.0,2328.4564,2000.0,7.8125,7.8125,-23375.0,667.25,-24042.25
supply_calendar,1.0,2025-01-28_91282CMK4_pre,2025-01-28_91282CMK4,pre,DGS7,ZN,ZN,False,ZNH2025,2025-01-21,2025-01-28,2025-02-27,2025-01-17,ok,-1.0,0.0025,5,1.0,5.8385771,1.0,1.0,False,1914.9083,63.00303,0.95383215,60,30.393908,30.0,1890.0909,1000.0,15.625,15.625,-8906.25,528.75,-9435.0
supply_calendar,1.0,2025-01-22_912810UF3_post,2025-01-22_912810UF3,post,DGS20,ZB,ZB,False,ZBH2025,2025-01-22,2025-01-29,2025-02-27,2025-01-21,ok,1.0,0.0025,5,1.0,5.3756093,0.5,1.0,False,1039.9137,134.67535,0.93982952,60,7.7216336,8.0,1077.4028,1000.0,31.25,31.25,5250.0,266.0,4984.0
supply_calendar,1.0,2025-01-27_91282CMG3_post,2025-01-27_91282CMG3,post,DGS5,ZF,ZF,False,ZFH2025,2025-01-27,2025-02-03,2025-02-27,2025-01-24,ok,1.0,0.0025,5,1.0,5.4093453,0.5,1.0,False,1033.4282,40.091556,0.94972334,60,25.776704,26.0,1042.3805,1000.0,7.8125,7.8125,-4468.75,255.125,-4723.875
supply_calendar,1.0,2025-01-27_91282CMH1_post,2025-01-27_91282CMH1,post,DGS2,ZT,ZT,False,ZTH2025,2025-01-27,2025-02-03,2025-02-27,2025-01-24,ok,1.0,0.0025,5,1.0,4.7438333,0.5,1.0,False,1178.4077,33.554993,0.84915038,60,35.1187,35.0,1174.4248,2000.0,7.8125,7.8125,-10390.625,343.4375,-10734.0625
supply_calendar,1.0,2025-01-28_91282CMK4_post,2025-01-28_91282CMK4,post,DGS7,ZN,ZN,False,ZNH2025,2025-01-28,2025-02-04,2025-02-27,2025-01-27,ok,1.0,0.0025,5,1.0,5.9864253,0.5,1.0,False,933.80768,62.66701,0.95890793,60,14.901105,15.0,940.00514,1000.0,15.625,15.625,2578.125,264.375,2313.75
supply_calendar,1.0,2025-02-11_91282CMN8_pre,2025-02-11_91282CMN8,pre,DGS3,ZT,ZT,False,ZTH2025,2025-02-04,2025-02-11,2025-02-27,2025-02-03,ok,-1.0,0.0025,5,1.0,5.0331107,1.0,1.0,False,2221.3578,32.526993,0.87016312,60,68.292751,68.0,2211.8355,2000.0,7.8125,7.8125,20187.5,667.25,19520.25
supply_calendar,1.0,2025-02-12_91282CMM0_pre,2025-02-12_91282CMM0,pre,DGS10,TN,TN,False,TNH2025,2025-02-05,2025-02-12,2025-02-27,2025-02-04,ok,-1.0,0.0025,5,1.0,5.5886285,1.0,1.0,False,2000.5516,87.563538,0.96306427,60,22.846857,23.0,2013.9614,1000.0,15.625,15.625,42765.625,405.375,42360.25
supply_calendar,1.0,2025-02-13_912810UG1_pre,2025-02-13_912810UG1,pre,DGS30,UB,UB,False,UBH2025,2025-02-06,2025-02-13,2025-02-27,2025-02-05,ok,-1.0,0.0025,5,1.0,5.1777446,1.0,1.0,False,2159.3069,192.28773,0.95118853,60,11.229562,11.0,2115.1651,1000.0,31.25,31.25,16843.75,365.75,16478.0
supply_calendar,1.0,2025-02-11_91282CMN8_post,2025-02-11_91282CMN8,post,DGS3,ZT,ZT,False,ZTH2025,2025-02-11,2025-02-19,2025-02-27,2025-02-10,ok,1.0,0.0025,5,1.0,4.7816445,1.0,1.0,False,2338.1788,32.32025,0.86115924,60,72.344081,72.0,2327.058,2000.0,7.8125,7.8125,5625.0,706.5,4918.5
supply_calendar,1.0,2025-02-19_912810UJ5_pre,2025-02-19_912810UJ5,pre,DGS20,ZB,ZB,False,ZBH2025,2025-02-11,2025-02-19,2025-02-27,2025-02-10,ok,-1.0,0.0025,5,1.0,4.7894658,1.0,1.0,False,2334.3605,137.28388,0.9378396,60,17.003894,17.0,2333.8259,1000.0,31.25,31.25,2656.25,565.25,2091.0
supply_calendar,1.0,2025-02-12_91282CMM0_post,2025-02-12_91282CMM0,post,DGS10,TN,TN,False,TNM2025,2025-02-12,2025-02-20,2025-05-29,2025-02-11,ok,1.0,0.0025,5,1.0,4.9030142,1.0,1.0,False,2280.2993,90.689263,0.95986677,60,25.144094,25.0,2267.2316,1000.0,15.625,15.625,29296.875,440.625,28856.25
supply_calendar,1.0,2025-02-13_912810UG1_post,2025-02-13_912810UG1,post,DGS30,UB,UB,False,UBM2025,2025-02-13,2025-02-21,2025-05-29,2025-02-12,ok,1.0,0.0025,5,1.0,4.8930655,1.0,1.0,False,2284.9356,196.78964,0.92604824,60,11.611056,12.0,2361.4757,1000.0,31.25,31.25,14250.0,399.0,13851.0
supply_calendar,1.0,2025-02-24_91282CMP3_pre,2025-02-24_91282CMP3,pre,DGS2,ZT,ZT,False,ZTM2025,2025-02-14,2025-02-24,2025-05-29,2025-02-13,ok,-1.0,0.0025,5,1.0,4.7264133,1.0,1.0,True,2365.5019,35.452627,0.89214587,60,66.722896,43.0,1524.463,2000.0,7.8125,7.8125,-17132.8125,421.9375,-17554.75
supply_calendar,1.0,2025-02-25_91282CGQ8_pre,2025-02-25_91282CGQ8,pre,DGS7,ZN,ZN,False,ZNM2025,2025-02-18,2025-02-25,2025-05-29,2025-02-14,ok,-1.0,0.0025,5,1.0,5.6649383,1.0,1.0,True,1973.6031,65.244732,0.96311598,60,30.249234,1.0,65.244732,1000.0,15.625,15.625,-1718.75,17.625,-1736.375
supply_calendar,1.0,2025-02-19_912810UJ5_post,2025-02-19_912810UJ5,post,DGS20,ZB,ZB,False,ZBM2025,2025-02-19,2025-02-26,2025-05-29,2025-02-18,ok,1.0,0.0025,5,1.0,5.2467639,1.0,1.0,False,2130.9021,138.24095,0.9455417,60,15.414406,15.0,2073.6142,1000.0,31.25,31.25,54375.0,498.75,53876.25
supply_calendar,1.0,2025-02-26_91282CMR9_pre,2025-02-26_91282CMR9,pre,DGS7,ZN,ZN,False,ZNM2025,2025-02-19,2025-02-26,2025-05-29,2025-02-18,ok,-1.0,0.0025,5,1.0,5.7190335,1.0,1.0,False,1954.9352,65.284819,0.96384533,60,29.944713,30.0,1958.5446,1000.0,15.625,15.625,-58125.0,528.75,-58653.75
supply_calendar,1.0,2025-02-24_91282CMP3_post,2025-02-24_91282CMP3,post,DGS2,ZT,ZT,False,ZTM2025,2025-02-24,2025-03-03,2025-05-29,2025-02-21,ok,1.0,0.0025,5,1.0,4.8478547,1.0,1.0,False,2306.2449,35.904483,0.89519624,60,64.232783,64.0,2297.8869,2000.0,7.8125,7.8125,47500.0,628.0,46872.0
supply_calendar,1.0,2025-02-25_91282CGQ8_post,2025-02-25_91282CGQ8,post,DGS7,ZN,ZN,False,ZNM2025,2025-02-25,2025-03-04,2025-05-29,2025-02-24,ok,1.0,0.0025,5,1.0,5.5433321,1.0,1.0,False,2016.8988,65.220826,0.96329505,60,30.924153,31.0,2021.8456,1000.0,15.625,15.625,21796.875,546.375,21250.5
supply_calendar,1.0,2025-02-26_91282CMR9_post,2025-02-26_91282CMR9,post,DGS7,ZN,ZN,False,ZNM2025,2025-02-26,2025-03-05,2025-05-29,2025-02-25,ok,1.0,0.0025,5,1.0,5.7147594,1.0,1.0,False,1956.3973,64.891776,0.96470747,60,30.148617,30.0,1946.7533,1000.0,15.625,15.625,-468.75,528.75,-997.5
supply_calendar,1.0,2025-03-11_91282CMS7_pre,2025-03-11_91282CMS7,pre,DGS3,ZT,ZT,False,ZTM2025,2025-03-04,2025-03-11,2025-05-29,2025-03-03,ok,-1.0,0.0025,5,1.0,5.0812606,1.0,1.0,False,2200.3083,34.212596,0.89094348,60,64.312814,64.0,2189.6061,2000.0,7.8125,7.8125,-3000.0,628.0,-3628.0
supply_calendar,1.0,2025-03-12_91282CMM0_pre,2025-03-12_91282CMM0,pre,DGS10,TN,TN,False,TNM2025,2025-03-05,2025-03-12,2025-05-29,2025-03-04,ok,-1.0,0.0025,5,1.0,5.3438544,1.0,1.0,False,2092.1865,88.430072,0.95964239,60,23.65922,24.0,2122.3217,1000.0,15.625,15.625,9750.0,423.0,9327.0
supply_calendar,1.0,2025-03-13_912810UG1_pre,2025-03-13_912810UG1,pre,DGS30,UB,UB,False,UBM2025,2025-03-06,2025-03-13,2025-05-29,2025-03-05,ok,-1.0,0.0025,5,1.0,5.169008,1.0,1.0,False,2162.9566,190.65196,0.93364128,60,11.345053,11.0,2097.1716,1000.0,31.25,31.25,3437.5,365.75,3071.75
supply_calendar,1.0,2025-03-11_91282CMS7_post,2025-03-11_91282CMS7,post,DGS3,ZT,ZT,False,ZTM2025,2025-03-11,2025-03-18,2025-05-29,2025-03-10,ok,1.0,0.0025,5,1.0,5.2628911,1.0,1.0,False,2124.3723,33.903514,0.88291794,60,62.659354,63.0,2135.9214,2000.0,7.8125,7.8125,-26578.125,618.1875,-27196.3125
supply_calendar,1.0,2025-03-18_912810UJ5_pre,2025-03-18_912810UJ5,pre,DGS20,ZB,ZB,False,ZBM2025,2025-03-11,2025-03-18,2025-05-29,2025-03-10,ok,-1.0,0.0025,5,1.0,5.3609543,1.0,1.0,False,2085.513,134.50133,0.94415028,60,15.505519,16.0,2152.0213,1000.0,31.25,31.25,-5000.0,532.0,-5532.0
supply_calendar,1.0,2025-03-12_91282CMM0_post,2025-03-12_91282CMM0,post,DGS10,TN,TN,False,TNM2025,2025-03-12,2025-03-19,2025-05-29,2025-03-11,ok,1.0,0.0025,5,1.0,5.5447843,0.5,1.0,False,1008.1853,89.06405,0.9639228,60,11.319778,11.0,979.70456,1000.0,15.625,15.625,5843.75,193.875,5649.875
supply_calendar,1.0,2025-03-13_912810UG1_post,2025-03-13_912810UG1,post,DGS30,UB,UB,False,UBM2025,2025-03-13,2025-03-20,2025-05-29,2025-03-12,ok,1.0,0.0025,5,1.0,5.1731598,0.5,1.0,False,1080.6103,189.90141,0.93237473,60,5.6903756,6.0,1139.4085,1000.0,31.25,31.25,5062.5,199.5,4863.0
supply_calendar,1.0,2025-03-18_912810UJ5_post,2025-03-18_912810UJ5,post,DGS20,ZB,ZB,False,ZBM2025,2025-03-18,2025-03-25,2025-05-29,2025-03-17,ok,1.0,0.0025,5,1.0,5.246037,0.5,1.0,False,1065.5987,135.02576,0.94108269,60,7.8918173,8.0,1080.2061,1000.0,31.25,31.25,-5250.0,266.0,-5516.0
supply_calendar,1.0,2025-03-25_91282CMV0_pre,2025-03-25_91282CMV0,pre,DGS2,ZT,ZT,False,ZTM2025,2025-03-18,2025-03-25,2025-05-29,2025-03-17,ok,-1.0,0.0025,5,1.0,4.9420083,0.5,1.0,False,1131.1535,38.185459,0.9308188,60,29.622624,30.0,1145.5638,2000.0,7.8125,7.8125,-4453.125,294.375,-4747.5
supply_calendar,1.0,2025-03-26_91282CMU2_pre,2025-03-26_91282CMU2,pre,DGS5,ZF,ZF,False,ZFM2025,2025-03-19,2025-03-26,2025-05-29,2025-03-18,ok,-1.0,0.0025,5,1.0,5.6850234,1.0,1.0,False,1966.6304,42.148004,0.96223008,60,46.660107,47.0,1980.9562,1000.0,7.8125,7.8125,11015.625,461.1875,10554.4375
supply_calendar,1.0,2025-03-27_91282CMT5_pre,2025-03-27_91282CMT5,pre,DGS7,ZN,ZN,False,ZNM2025,2025-03-20,2025-03-27,2025-05-29,2025-03-19,ok,-1.0,0.0025,5,1.0,5.66611,1.0,1.0,False,1973.195,64.078022,0.96498079,60,30.793632,31.0,1986.4187,1000.0,15.625,15.625,23250.0,546.375,22703.625
supply_calendar,1.0,2025-03-25_91282CMV0_post,2025-03-25_91282CMV0,post,DGS2,ZT,ZT,False,ZTM2025,2025-03-25,2025-04-01,2025-05-29,2025-03-24,ok,1.0,0.0025,5,1.0,4.9891124,1.0,1.0,False,2240.9477,37.260434,0.93875148,60,60.142823,60.0,2235.626,2000.0,7.8125,7.8125,27656.25,588.75,27067.5
supply_calendar,1.0,2025-03-26_91282CMU2_post,2025-03-26_91282CMU2,post,DGS5,ZF,ZF,False,ZFM2025,2025-03-26,2025-04-02,2025-05-29,2025-03-25,ok,1.0,0.0025,5,1.0,5.6965397,1.0,1.0,False,1962.6546,42.287133,0.96175375,60,46.412572,46.0,1945.2081,1000.0,7.8125,7.8125,26593.75,451.375,26142.375
supply_calendar,1.0,2025-03-27_91282CMT5_post,2025-03-27_91282CMT5,post,DGS7,ZN,ZN,False,ZNM2025,2025-03-27,2025-04-03,2025-05-29,2025-03-26,ok,1.0,0.0025,5,1.0,5.694159,1.0,1.0,False,1963.4752,63.788345,0.96604199,60,30.781096,31.0,1977.4387,1000.0,15.625,15.625,68781.25,546.375,68234.875
supply_calendar,1.0,2025-04-08_91282CMW8_pre,2025-04-08_91282CMW8,pre,DGS3,ZT,ZT,False,ZTM2025,2025-04-01,2025-04-08,2025-05-29,2025-03-31,ok,-1.0,0.0025,5,1.0,5.2615222,1.0,1.0,False,2124.925,35.125957,0.89599369,60,60.494437,60.0,2107.5574,2000.0,7.8125,7.8125,-30937.5,588.75,-31526.25
supply_calendar,1.0,2025-04-09_91282CMM0_pre,2025-04-09_91282CMM0,pre,DGS10,TN,TN,False,TNM2025,2025-04-02,2025-04-09,2025-05-29,2025-04-01,ok,-1.0,0.0025,5,1.0,5.4308961,1.0,1.0,False,2058.6547,89.019745,0.95750712,60,23.125821,23.0,2047.4541,1000.0,15.625,15.625,40968.75,405.375,40563.375
supply_calendar,1.0,2025-04-10_912810UG1_pre,2025-04-10_912810UG1,pre,DGS30,UB,UB,False,UBM2025,2025-04-03,2025-04-10,2025-05-29,2025-04-02,ok,-1.0,0.0025,5,1.0,5.1732417,1.0,1.0,False,2161.1865,184.76123,0.95024436,60,11.697186,12.0,2217.1347,1000.0,31.25,31.25,84000.0,399.0,83601.0
supply_calendar,1.0,2025-04-08_91282CMW8_post,2025-04-08_91282CMW8,post,DGS3,ZT,ZT,False,ZTM2025,2025-04-08,2025-04-15,2025-05-29,2025-04-07,ok,1.0,0.0025,5,1.0,5.9503359,1.0,1.0,False,1878.9427,35.096132,0.90755358,60,53.53703,54.0,1895.1911,2000.0,7.8125,7.8125,-21515.625,529.875,-22045.5
supply_calendar,1.0,2025-04-09_91282CMM0_post,2025-04-09_91282CMM0,post,DGS10,TN,TN,False,TNM2025,2025-04-09,2025-04-16,2025-05-29,2025-04-08,ok,1.0,0.0025,5,1.0,6.0557439,1.0,1.0,False,1846.2372,90.885916,0.96289377,60,20.313788,20.0,1817.7183,1000.0,15.625,15.625,20937.5,352.5,20585.0
supply_calendar,1.0,2025-04-16_912810UJ5_pre,2025-04-16_912810UJ5,pre,DGS20,ZB,ZB,False,ZBM2025,2025-04-09,2025-04-16,2025-05-29,2025-04-08,ok,-1.0,0.0025,5,1.0,6.1049207,1.0,1.0,False,1831.3653,139.43598,0.9458894,60,13.134095,13.0,1812.6677,1000.0,31.25,31.25,-9750.0,432.25,-10182.25
supply_calendar,1.0,2025-04-10_912810UG1_post,2025-04-10_912810UG1,post,DGS30,UB,UB,False,UBM2025,2025-04-10,2025-04-17,2025-05-29,2025-04-09,ok,1.0,0.0025,5,1.0,5.9355055,1.0,1.0,False,1883.6373,194.59743,0.93326271,60,9.6796619,10.0,1945.9743,1000.0,31.25,31.25,7812.5,332.5,7480.0
supply_calendar,1.0,2025-04-22_91282CMY4_pre,2025-04-22_91282CMY4,pre,DGS2,ZT,ZT,False,ZTM2025,2025-04-14,2025-04-22,2025-05-29,2025-04-11,ok,-1.0,0.0025,5,1.0,6.2422607,1.0,1.0,False,1791.0722,37.585908,0.94012661,60,47.65276,48.0,1804.1236,2000.0,7.8125,7.8125,-4125.0,471.0,-4596.0
supply_calendar,1.0,2025-04-23_91282CMZ1_pre,2025-04-23_91282CMZ1,pre,DGS5,ZF,ZF,False,ZFM2025,2025-04-15,2025-04-23,2025-05-29,2025-04-14,ok,-1.0,0.0025,5,1.0,6.8050123,1.0,1.0,False,1642.9566,44.557952,0.96313427,60,36.872354,37.0,1648.6442,1000.0,7.8125,7.8125,6359.375,363.0625,5996.3125
supply_calendar,1.0,2025-04-16_912810UJ5_post,2025-04-16_912810UJ5,post,DGS20,ZB,ZB,False,ZBM2025,2025-04-16,2025-04-24,2025-05-29,2025-04-15,ok,1.0,0.0025,5,1.0,6.2077726,1.0,1.0,False,1801.0228,136.20101,0.90082886,60,13.22327,13.0,1770.6132,1000.0,31.25,31.25,-1218.75,432.25,-1651.0
supply_calendar,1.0,2025-04-24_91282CNA5_pre,2025-04-24_91282CNA5,pre,DGS7,ZN,ZN,False,ZNM2025,2025-04-16,2025-04-24,2025-05-29,2025-04-15,ok,-1.0,0.0025,5,1.0,6.7775593,1.0,1.0,False,1649.6115,67.342269,0.96093987,60,24.49593,24.0,1616.2145,1000.0,15.625,15.625,4875.0,423.0,4452.0
supply_calendar,1.0,2025-04-22_91282CMY4_post,2025-04-22_91282CMY4,post,DGS2,ZT,ZT,False,ZTM2025,2025-04-22,2025-04-29,2025-05-29,2025-04-21,ok,1.0,0.0025,5,1.0,6.4773399,1.0,1.0,False,1726.0697,37.294478,0.94122026,60,46.282178,46.0,1715.546,2000.0,7.8125,7.8125,21562.5,451.375,21111.125
supply_calendar,1.0,2025-04-23_91282CMZ1_post,2025-04-23_91282CMZ1,post,DGS5,ZF,ZF,False,ZFM2025,2025-04-23,2025-04-30,2025-05-29,2025-04-22,ok,1.0,0.0025,5,1.0,6.8609062,1.0,1.0,False,1629.5719,44.386871,0.9613705,60,36.712926,37.0,1642.3142,1000.0,7.8125,7.8125,41335.9375,363.0625,40972.875
supply_calendar,1.0,2025-04-24_91282CNA5_post,2025-04-24_91282CNA5,post,DGS7,ZN,ZN,False,ZNM2025,2025-04-24,2025-05-01,2025-05-29,2025-04-23,ok,1.0,0.0025,5,1.0,6.7675489,1.0,1.0,False,1652.0516,66.821255,0.95846709,60,24.723445,25.0,1670.5314,1000.0,15.625,15.625,16015.625,440.625,15575.0
supply_calendar,1.0,2025-05-05_91282CND9_pre,2025-05-05_91282CND9,pre,DGS3,ZT,ZT,False,ZTM2025,2025-04-28,2025-05-05,2025-05-29,2025-04-25,ok,-1.0,0.0025,5,1.0,6.5660271,1.0,1.0,False,1702.7557,36.735934,0.90746909,60,46.351228,46.0,1689.853,2000.0,7.8125,7.8125,30187.5,451.375,29736.125
supply_calendar,1.0,2025-05-06_91282CNC1_pre,2025-05-06_91282CNC1,pre,DGS10,TN,TN,False,TNM2025,2025-04-29,2025-05-06,2025-05-29,2025-04-28,ok,-1.0,0.0025,5,1.0,6.3258728,1.0,1.0,False,1767.3988,91.813903,0.93554336,60,19.249795,19.0,1744.4641,1000.0,15.625,15.625,23156.25,334.875,22821.375
supply_calendar,1.0,2025-05-08_912810UK2_pre,2025-05-08_912810UK2,pre,DGS30,UB,UB,False,UBM2025,2025-05-01,2025-05-08,2025-05-29,2025-04-30,ok,-1.0,0.0025,5,1.0,6.2150492,0.5,1.0,False,899.45707,186.05656,0.90071493,60,4.8343208,5.0,930.28278,1000.0,31.25,31.25,9218.75,166.25,9052.5
supply_calendar,1.0,2025-05-05_91282CND9_post,2025-05-05_91282CND9,post,DGS3,ZT,ZT,False,ZTM2025,2025-05-05,2025-05-12,2025-05-29,2025-05-02,ok,1.0,0.0025,5,1.0,7.0400589,0.5,1.0,False,794.05159,36.358308,0.91934902,60,21.839619,22.0,799.88278,2000.0,7.8125,7.8125,-13750.0,215.875,-13965.875
supply_calendar,1.0,2025-05-06_91282CNC1_post,2025-05-06_91282CNC1,post,DGS10,TN,TN,False,TNM2025,2025-05-06,2025-05-13,2025-05-29,2025-05-05,ok,1.0,0.0025,5,1.0,6.3641608,0.5,1.0,False,878.38289,91.451023,0.931116,60,9.6049542,10.0,914.51023,1000.0,15.625,15.625,-15781.25,176.25,-15957.5
supply_calendar,1.0,2025-05-08_912810UK2_post,2025-05-08_912810UK2,post,DGS30,UB,UB,False,UBM2025,2025-05-08,2025-05-15,2025-05-29,2025-05-07,ok,1.0,0.0025,5,1.0,6.1882886,1.0,1.0,False,1806.6934,183.78635,0.89497501,60,9.8304003,10.0,1837.8635,1000.0,31.25,31.25,-17187.5,332.5,-17520.0
supply_calendar,1.0,2025-05-21_912810UL0_pre,2025-05-21_912810UL0,pre,DGS20,ZB,ZB,False,ZBU2025,2025-05-14,2025-05-21,2025-08-28,2025-05-13,ok,-1.0,0.0025,5,1.0,6.1063087,1.0,1.0,False,1830.949,137.72245,0.9045205,60,13.294485,13.0,1790.3918,1000.0,31.25,31.25,21531.25,432.25,21099.0
supply_calendar,1.0,2025-05-27_91282CNE7_pre,2025-05-27_91282CNE7,pre,DGS2,ZT,ZT,False,ZTU2025,2025-05-19,2025-05-27,2025-08-28,2025-05-16,ok,-1.0,0.0025,5,1.0,7.0169287,1.0,1.0,False,1593.3381,39.389253,0.92469349,60,40.451087,40.0,1575.5701,2000.0,7.8125,7.8125,-3750.0,392.5,-4142.5
supply_calendar,1.0,2025-05-28_91282CNG2_pre,2025-05-28_91282CNG2,pre,DGS5,ZF,ZF,False,ZFU2025,2025-05-20,2025-05-28,2025-08-28,2025-05-19,ok,-1.0,0.0025,5,1.0,7.0794323,1.0,1.0,False,1579.2707,44.43489,0.94392827,60,35.541231,36.0,1599.656,1000.0,7.8125,7.8125,562.5,353.25,209.25
supply_calendar,1.0,2025-05-21_912810UL0_post,2025-05-21_912810UL0,post,DGS20,ZB,ZB,False,ZBU2025,2025-05-21,2025-05-29,2025-08-28,2025-05-20,ok,1.0,0.0025,5,1.0,6.007058,1.0,1.0,False,1861.2006,138.2985,0.90643038,60,13.457851,13.0,1797.8805,1000.0,31.25,31.25,31281.25,432.25,30849.0
supply_calendar,1.0,2025-05-29_91282CNF4_pre,2025-05-29_91282CNF4,pre,DGS7,ZN,ZN,False,ZNU2025,2025-05-21,2025-05-29,2025-08-28,2025-05-20,ok,-1.0,0.0025,5,1.0,6.9728084,1.0,1.0,False,1603.4199,67.53161,0.94502185,60,23.74325,24.0,1620.7586,1000.0,15.625,15.625,-28500.0,423.0,-28923.0
supply_calendar,1.0,2025-05-27_91282CNE7_post,2025-05-27_91282CNE7,post,DGS2,ZT,ZT,False,ZTU2025,2025-05-27,2025-06-03,2025-08-28,2025-05-23,ok,1.0,0.0025,5,1.0,6.8496979,1.0,1.0,False,1632.2384,39.669142,0.92487846,60,41.146299,41.0,1626.4348,2000.0,7.8125,7.8125,-3203.125,402.3125,-3605.4375
supply_calendar,1.0,2025-05-28_91282CNG2_post,2025-05-28_91282CNG2,post,DGS5,ZF,ZF,False,ZFU2025,2025-05-28,2025-06-04,2025-08-28,2025-05-27,ok,1.0,0.0025,5,1.0,6.9586957,1.0,1.0,False,1606.6718,45.166604,0.94641468,60,35.572118,36.0,1625.9977,1000.0,7.8125,7.8125,20250.0,353.25,19896.75
supply_calendar,1.0,2025-05-29_91282CNF4_post,2025-05-29_91282CNF4,post,DGS7,ZN,ZN,False,ZNU2025,2025-05-29,2025-06-05,2025-08-28,2025-05-28,ok,1.0,0.0025,5,1.0,6.9204316,1.0,1.0,False,1615.5553,68.459912,0.95025162,60,23.598559,24.0,1643.0379,1000.0,15.625,15.625,2625.0,423.0,2202.0
supply_calendar,1.0,2025-06-10_91282CNH0_pre,2025-06-10_91282CNH0,pre,DGS3,ZT,ZT,False,ZTU2025,2025-06-03,2025-06-10,2025-08-28,2025-06-02,ok,-1.0,0.0025,5,1.0,7.0592929,1.0,1.0,False,1583.7762,38.552549,0.932775,60,41.080972,41.0,1580.6545,2000.0,7.8125,7.8125,9289.0625,402.3125,8886.75
supply_calendar,1.0,2025-06-11_91282CNC1_pre,2025-06-11_91282CNC1,pre,DGS10,TN,TN,False,TNU2025,2025-06-04,2025-06-11,2025-08-28,2025-06-03,ok,-1.0,0.0025,5,1.0,6.2609001,1.0,1.0,False,1785.74,91.203635,0.9267267,60,19.579702,20.0,1824.0727,1000.0,15.625,15.625,8750.0,352.5,8397.5
supply_calendar,1.0,2025-06-12_912810UK2_pre,2025-06-12_912810UK2,pre,DGS30,UB,UB,False,UBU2025,2025-06-05,2025-06-12,2025-08-28,2025-06-04,ok,-1.0,0.0025,5,1.0,5.9895153,1.0,1.0,False,1866.6519,178.40761,0.88407854,60,10.462849,10.0,1784.0761,1000.0,31.25,31.25,-8437.5,332.5,-8770.0
supply_calendar,1.0,2025-06-16_912810UL0_pre,2025-06-16_912810UL0,pre,DGS20,ZB,ZB,False,ZBU2025,2025-06-09,2025-06-16,2025-08-28,2025-06-06,ok,-1.0,0.0025,5,1.0,6.0798825,1.0,1.0,False,1838.9072,142.37884,0.90978524,60,12.915594,13.0,1850.9249,1000.0,31.25,31.25,-4062.5,432.25,-4494.75
supply_calendar,1.0,2025-06-10_91282CNH0_post,2025-06-10_91282CNH0,post,DGS3,ZT,ZT,False,ZTU2025,2025-06-10,2025-06-17,2025-08-28,2025-06-09,ok,1.0,0.0025,5,1.0,7.1821341,1.0,1.0,False,1556.6877,38.296498,0.93721014,60,40.648304,41.0,1570.1564,2000.0,7.8125,7.8125,10250.0,402.3125,9847.6875
supply_calendar,1.0,2025-06-11_91282CNC1_post,2025-06-11_91282CNC1,post,DGS10,TN,TN,False,TNU2025,2025-06-11,2025-06-18,2025-08-28,2025-06-10,ok,1.0,0.0025,5,1.0,6.2946484,0.5,1.0,False,888.08295,91.443189,0.92908678,60,9.7118545,10.0,914.43189,1000.0,15.625,15.625,1718.75,176.25,1542.5
supply_calendar,1.0,2025-06-12_912810UK2_post,2025-06-12_912810UK2,post,DGS30,UB,UB,False,UBU2025,2025-06-12,2025-06-20,2025-08-28,2025-06-11,ok,1.0,0.0025,5,1.0,6.0295646,0.5,1.0,False,927.12663,177.34185,0.88506545,60,5.2279066,5.0,886.70925,1000.0,31.25,31.25,-4062.5,166.25,-4228.75
supply_calendar,1.0,2025-06-16_912810UL0_post,2025-06-16_912810UL0,post,DGS20,ZB,ZB,False,ZBU2025,2025-06-16,2025-06-24,2025-08-28,2025-06-13,ok,1.0,0.0025,5,1.0,6.1762027,0.5,1.0,False,905.11439,143.42809,0.91330849,60,6.3105795,6.0,860.56856,1000.0,31.25,31.25,12375.0,199.5,12175.5
supply_calendar,1.0,2025-06-24_91282CNL1_pre,2025-06-24_91282CNL1,pre,DGS2,ZT,ZT,False,ZTU2025,2025-06-16,2025-06-24,2025-08-28,2025-06-13,ok,-1.0,0.0025,5,1.0,6.9267964,0.5,1.0,False,807.0354,39.28135,0.92012608,60,20.545002,21.0,824.90835,2000.0,7.8125,7.8125,-13453.125,206.0625,-13659.1875
supply_calendar,1.0,2025-06-25_91282CNK3_pre,2025-06-25_91282CNK3,pre,DGS5,ZF,ZF,False,ZFU2025,2025-06-17,2025-06-25,2025-08-28,2025-06-16,ok,-1.0,0.0025,5,1.0,7.0816665,0.5,1.0,False,789.38622,45.805645,0.95269439,60,17.233383,17.0,778.69596,1000.0,7.8125,7.8125,-10625.0,166.8125,-10791.8125
supply_calendar,1.0,2025-06-26_91282CNJ6_pre,2025-06-26_91282CNJ6,pre,DGS7,ZN,ZN,False,ZNU2025,2025-06-18,2025-06-26,2025-08-28,2025-06-17,ok,-1.0,0.0025,5,1.0,7.1123947,1.0,1.0,False,1571.9516,69.384336,0.95615669,60,22.655712,23.0,1595.8397,1000.0,15.625,15.625,-28031.25,405.375,-28436.625
supply_calendar,1.0,2025-06-24_91282CNL1_post,2025-06-24_91282CNL1,post,DGS2,ZT,ZT,False,ZTU2025,2025-06-24,2025-07-01,2025-08-28,2025-06-23,ok,1.0,0.0025,5,1.0,6.7707413,1.0,1.0,False,1651.2726,40.200262,0.9265116,60,41.076166,41.0,1648.2108,2000.0,7.8125,7.8125,-640.625,402.3125,-1042.9375
supply_calendar,1.0,2025-06-25_91282CNK3_post,2025-06-25_91282CNK3,post,DGS5,ZF,ZF,False,ZFU2025,2025-06-25,2025-07-02,2025-08-28,2025-06-24,ok,1.0,0.0025,5,1.0,7.0616934,1.0,1.0,False,1583.2378,45.792196,0.94956829,60,34.574402,35.0,1602.7269,1000.0,7.8125,7.8125,-3281.25,343.4375,-3624.6875
supply_calendar,1.0,2025-06-26_91282CNJ6_post,2025-06-26_91282CNJ6,post,DGS7,ZN,ZN,False,ZNU2025,2025-06-26,2025-07-03,2025-08-28,2025-06-25,ok,1.0,0.0025,5,1.0,6.8586207,1.0,1.0,False,1630.1149,70.047899,0.95423469,60,23.271432,23.0,1611.1017,1000.0,15.625,15.625,-18328.125,405.375,-18733.5
supply_calendar,1.0,2025-07-08_91282CNM9_pre,2025-07-08_91282CNM9,pre,DGS3,ZT,ZT,False,ZTU2025,2025-06-30,2025-07-08,2025-08-28,2025-06-27,ok,-1.0,0.0025,5,1.0,7.0976044,1.0,1.0,False,1575.2272,37.959477,0.9236578,60,41.497601,41.0,1556.3386,2000.0,7.8125,7.8125,30429.6875,402.3125,30027.375
supply_calendar,1.0,2025-07-09_91282CNC1_pre,2025-07-09_91282CNC1,pre,DGS10,TN,TN,False,TNU2025,2025-07-01,2025-07-09,2025-08-28,2025-06-30,ok,-1.0,0.0025,5,1.0,6.188745,1.0,1.0,False,1806.5601,91.22343,0.93172393,60,19.803685,20.0,1824.4686,1000.0,15.625,15.625,15937.5,352.5,15585.0
supply_calendar,1.0,2025-07-10_912810UK2_pre,2025-07-10_912810UK2,pre,DGS30,UB,UB,False,UBU2025,2025-07-02,2025-07-10,2025-08-28,2025-07-01,ok,-1.0,0.0025,5,1.0,6.0098554,1.0,1.0,False,1860.3343,178.42164,0.89237637,60,10.426618,10.0,1784.2164,1000.0,31.25,31.25,6562.5,332.5,6230.0
supply_calendar,1.0,2025-07-08_91282CNM9_post,2025-07-08_91282CNM9,post,DGS3,ZT,ZT,False,ZTU2025,2025-07-08,2025-07-15,2025-08-28,2025-07-07,ok,1.0,0.0025,5,1.0,6.6290748,1.0,1.0,False,1686.5611,37.955138,0.91867663,60,44.435647,44.0,1670.0261,2000.0,7.8125,7.8125,-10312.5,431.75,-10744.25
supply_calendar,1.0,2025-07-09_91282CNC1_post,2025-07-09_91282CNC1,post,DGS10,TN,TN,False,TNU2025,2025-07-09,2025-07-16,2025-08-28,2025-07-08,ok,1.0,0.0025,5,1.0,5.4164428,1.0,1.0,False,2064.148,86.775198,0.92897505,60,23.787304,24.0,2082.6048,1000.0,15.625,15.625,-23625.0,423.0,-24048.0
supply_calendar,1.0,2025-07-10_912810UK2_post,2025-07-10_912810UK2,post,DGS30,UB,UB,False,UBU2025,2025-07-10,2025-07-17,2025-08-28,2025-07-09,ok,1.0,0.0025,5,1.0,5.1205524,1.0,1.0,False,2183.4246,178.18752,0.95524273,60,12.253521,12.0,2138.2503,1000.0,31.25,31.25,-34125.0,399.0,-34524.0
supply_calendar,1.0,2025-07-23_912810UL0_pre,2025-07-23_912810UL0,pre,DGS20,ZB,ZB,False,ZBU2025,2025-07-16,2025-07-23,2025-08-28,2025-07-15,ok,-1.0,0.0025,5,1.0,5.1627468,1.0,1.0,False,2165.5797,143.13629,0.95895709,60,15.129494,15.0,2147.0444,1000.0,31.25,31.25,-17812.5,498.75,-18311.25
supply_calendar,1.0,2025-07-28_91282CNN7_pre,2025-07-28_91282CNN7,pre,DGS5,ZF,ZF,False,ZFU2025,2025-07-21,2025-07-28,2025-08-28,2025-07-18,ok,-1.0,0.0025,5,1.0,5.6597498,1.0,1.0,False,1975.4124,43.38929,0.94461527,60,45.52765,46.0,1995.9073,1000.0,7.8125,7.8125,14015.625,451.375,13564.25
supply_calendar,1.0,2025-07-28_91282CNP2_pre,2025-07-28_91282CNP2,pre,DGS2,ZT,ZT,False,ZTU2025,2025-07-21,2025-07-28,2025-08-28,2025-07-18,ok,-1.0,0.0025,5,1.0,5.3923989,1.0,1.0,False,2073.3518,38.363036,0.90981757,60,54.04556,54.0,2071.604,2000.0,7.8125,7.8125,16875.0,529.875,16345.125
supply_calendar,1.0,2025-07-29_91282CNR8_pre,2025-07-29_91282CNR8,pre,DGS7,ZN,ZN,False,ZNU2025,2025-07-22,2025-07-29,2025-08-28,2025-07-21,ok,-1.0,0.0025,5,1.0,5.5938576,1.0,1.0,False,1998.6815,66.694887,0.96839551,60,29.967537,30.0,2000.8466,1000.0,15.625,15.625,1406.25,528.75,877.5
supply_calendar,1.0,2025-07-23_912810UL0_post,2025-07-23_912810UL0,post,DGS20,ZB,ZB,False,ZBU2025,2025-07-23,2025-07-30,2025-08-28,2025-07-22,ok,1.0,0.0025,5,1.0,4.8380262,0.5,1.0,False,1155.465,145.39534,0.95506924,60,7.9470567,8.0,1163.1627,1000.0,31.25,31.25,4250.0,266.0,3984.0
supply_calendar,1.0,2025-07-28_91282CNN7_post,2025-07-28_91282CNN7,post,DGS5,ZF,ZF,False,ZFU2025,2025-07-28,2025-08-04,2025-08-28,2025-07-25,ok,1.0,0.0025,5,1.0,5.5549642,0.5,1.0,False,1006.3377,43.081179,0.94463325,60,23.359104,23.0,990.86711,1000.0,7.8125,7.8125,23000.0,225.6875,22774.3125
supply_calendar,1.0,2025-07-28_91282CNP2_post,2025-07-28_91282CNP2,post,DGS2,ZT,ZT,False,ZTU2025,2025-07-28,2025-08-04,2025-08-28,2025-07-25,ok,1.0,0.0025,5,1.0,5.2894736,0.5,1.0,False,1056.8481,37.483341,0.91133709,60,28.195141,28.0,1049.5335,2000.0,7.8125,7.8125,24500.0,274.75,24225.25
supply_calendar,1.0,2025-07-29_91282CNR8_post,2025-07-29_91282CNR8,post,DGS7,ZN,ZN,False,ZNU2025,2025-07-29,2025-08-05,2025-08-28,2025-07-28,ok,1.0,0.0025,5,1.0,5.4471005,0.5,1.0,False,1026.2652,66.860898,0.97043318,60,15.349259,15.0,1002.9135,1000.0,15.625,15.625,14062.5,264.375,13798.125
supply_calendar,1.0,2025-08-05_91282CNU1_pre,2025-08-05_91282CNU1,pre,DGS3,ZT,ZT,False,ZTU2025,2025-07-29,2025-08-05,2025-08-28,2025-07-28,ok,-1.0,0.0025,5,1.0,5.4663583,0.5,1.0,False,1022.6497,36.288586,0.92388603,60,28.181031,28.0,1016.0804,2000.0,7.8125,7.8125,-15531.25,274.75,-15806.0
supply_calendar,1.0,2025-08-06_91282CNT4_pre,2025-08-06_91282CNT4,pre,DGS10,TN,TN,False,TNU2025,2025-07-30,2025-08-06,2025-08-28,2025-07-29,ok,-1.0,0.0025,5,1.0,5.1447686,1.0,1.0,False,2173.1473,88.174467,0.96537439,60,24.645993,25.0,2204.3617,1000.0,15.625,15.625,-35156.25,440.625,-35596.875
supply_calendar,1.0,2025-08-07_912810UM8_pre,2025-08-07_912810UM8,pre,DGS30,UB,UB,False,UBU2025,2025-07-31,2025-08-07,2025-08-28,2025-07-30,ok,-1.0,0.0025,5,1.0,4.9614332,1.0,1.0,False,2253.4497,179.12985,0.96870187,60,12.579979,13.0,2328.688,1000.0,31.25,31.25,-19093.75,432.25,-19526.0
supply_calendar,1.0,2025-08-05_91282CNU1_post,2025-08-05_91282CNU1,post,DGS3,ZT,ZT,False,ZTU2025,2025-08-05,2025-08-12,2025-08-28,2025-08-04,ok,1.0,0.0025,5,1.0,5.8271719,1.0,1.0,False,1918.6563,37.861027,0.93941842,60,50.676287,51.0,1930.9124,2000.0,7.8125,7.8125,-3984.375,500.4375,-4484.8125
supply_calendar,1.0,2025-08-06_91282CNT4_post,2025-08-06_91282CNT4,post,DGS10,TN,TN,False,TNU2025,2025-08-06,2025-08-13,2025-08-28,2025-08-05,ok,1.0,0.0025,5,1.0,5.0877886,1.0,1.0,False,2197.4851,89.841832,0.97178421,60,24.459487,24.0,2156.204,1000.0,15.625,15.625,-1875.0,423.0,-2298.0
supply_calendar,1.0,2025-08-07_912810UM8_post,2025-08-07_912810UM8,post,DGS30,UB,UB,False,UBU2025,2025-08-07,2025-08-14,2025-08-28,2025-08-06,ok,1.0,0.0025,5,1.0,4.9743977,1.0,1.0,False,2247.5766,180.33786,0.962697,60,12.463143,12.0,2164.0543,1000.0,31.25,31.25,-16500.0,399.0,-16899.0
supply_calendar,1.0,2025-08-20_912810UN6_pre,2025-08-20_912810UN6,pre,DGS20,ZB,ZB,False,ZBU2025,2025-08-13,2025-08-20,2025-08-28,2025-08-12,ok,-1.0,0.0025,5,1.0,4.6784758,1.0,1.0,False,2389.7398,150.14955,0.95933422,60,15.915731,16.0,2402.3928,1000.0,31.25,31.25,17500.0,532.0,16968.0
supply_calendar,1.0,2025-08-26_91282CNV9_pre,2025-08-26_91282CNV9,pre,DGS2,ZT,ZT,False,ZTZ2025,2025-08-19,2025-08-26,2025-11-26,2025-08-18,ok,-1.0,0.0025,5,1.0,5.5512761,1.0,1.0,False,2014.0126,36.530139,0.90911991,60,55.132902,55.0,2009.1576,2000.0,7.8125,7.8125,-18046.875,539.6875,-18586.5625
supply_calendar,1.0,2025-08-20_912810UN6_post,2025-08-20_912810UN6,post,DGS20,ZB,ZB,False,ZBZ2025,2025-08-20,2025-08-27,2025-11-26,2025-08-19,ok,1.0,0.0025,5,1.0,4.6354078,1.0,1.0,False,2411.9431,147.49915,0.96973011,60,16.352251,16.0,2359.9863,1000.0,31.25,31.25,4000.0,532.0,3468.0
supply_calendar,1.0,2025-08-27_91282CNX5_pre,2025-08-27_91282CNX5,pre,DGS5,ZF,ZF,False,ZFZ2025,2025-08-20,2025-08-27,2025-11-26,2025-08-19,ok,-1.0,0.0025,5,1.0,5.2641791,1.0,1.0,False,2123.8525,44.151109,0.95809122,60,48.10417,48.0,2119.2533,1000.0,7.8125,7.8125,-22500.0,471.0,-22971.0
supply_calendar,1.0,2025-08-28_91282CNW7_pre,2025-08-28_91282CNW7,pre,DGS7,ZN,ZN,False,ZNZ2025,2025-08-21,2025-08-28,2025-11-26,2025-08-20,ok,-1.0,0.0025,5,1.0,5.0971079,1.0,1.0,False,2193.4674,68.881597,0.97854052,60,31.844026,32.0,2204.2111,1000.0,15.625,15.625,-33000.0,564.0,-33564.0
supply_calendar,1.0,2025-08-26_91282CNV9_post,2025-08-26_91282CNV9,post,DGS2,ZT,ZT,False,ZTZ2025,2025-08-26,2025-09-03,2025-11-26,2025-08-25,ok,1.0,0.0025,5,1.0,5.6762714,1.0,1.0,False,1969.6627,37.153263,0.92965389,60,53.014527,53.0,1969.123,2000.0,7.8125,7.8125,4554.6875,520.0625,4034.625
supply_calendar,1.0,2025-08-27_91282CNX5_post,2025-08-27_91282CNX5,post,DGS5,ZF,ZF,False,ZFZ2025,2025-08-27,2025-09-04,2025-11-26,2025-08-26,ok,1.0,0.0025,5,1.0,5.4331843,1.0,1.0,False,2057.7877,43.88327,0.97024116,60,46.892306,47.0,2062.5137,1000.0,7.8125,7.8125,8812.5,461.1875,8351.3125
supply_calendar,1.0,2025-08-28_91282CNW7_post,2025-08-28_91282CNW7,post,DGS7,ZN,ZN,False,ZNZ2025,2025-08-28,2025-09-05,2025-11-26,2025-08-27,ok,1.0,0.0025,5,1.0,5.0804544,1.0,1.0,False,2200.6575,69.451912,0.98088937,60,31.68606,32.0,2222.4612,1000.0,15.625,15.625,25500.0,564.0,24936.0
supply_calendar,1.0,2025-09-09_91282CNY3_pre,2025-09-09_91282CNY3,pre,DGS3,ZT,ZT,False,ZTZ2025,2025-09-02,2025-09-09,2025-11-26,2025-08-29,ok,-1.0,0.0025,5,1.0,5.3721399,1.0,1.0,True,2081.1707,38.214752,0.9058394,60,54.459877,48.0,1834.3081,2000.0,7.8125,7.8125,-20625.0,471.0,-21096.0
supply_calendar,1.0,2025-09-10_91282CNT4_pre,2025-09-10_91282CNT4,pre,DGS10,TN,TN,False,TNZ2025,2025-09-03,2025-09-10,2025-11-26,2025-09-02,ok,-1.0,0.0025,5,1.0,4.5540074,1.0,1.0,False,2455.0553,90.861495,0.95263714,60,27.019755,27.0,2453.2604,1000.0,15.625,15.625,-43875.0,475.875,-44350.875
supply_calendar,1.0,2025-09-11_912810UM8_pre,2025-09-11_912810UM8,pre,DGS30,UB,UB,False,UBZ2025,2025-09-04,2025-09-11,2025-11-26,2025-09-03,ok,-1.0,0.0025,5,1.0,4.2589553,1.0,1.0,False,2625.1367,188.2086,0.94396328,60,13.948017,14.0,2634.9204,1000.0,31.25,31.25,-59937.5,465.5,-60403.0
supply_calendar,1.0,2025-09-09_91282CNY3_post,2025-09-09_91282CNY3,post,DGS3,ZT,ZT,False,ZTZ2025,2025-09-09,2025-09-16,2025-11-26,2025-09-08,ok,1.0,0.0025,5,1.0,5.1298396,1.0,1.0,False,2179.4716,38.260921,0.91156544,60,56.963386,57.0,2180.8725,2000.0,7.8125,7.8125,4898.4375,559.3125,4339.125
supply_calendar,1.0,2025-09-16_912810UN6_pre,2025-09-16_912810UN6,pre,DGS20,ZB,ZB,False,ZBZ2025,2025-09-09,2025-09-16,2025-11-26,2025-09-08,ok,-1.0,0.0025,5,1.0,4.5266318,1.0,1.0,False,2469.9027,147.23206,0.96258539,60,16.775576,17.0,2502.9451,1000.0,31.25,31.25,-14343.75,565.25,-14909.0
supply_calendar,1.0,2025-09-10_91282CNT4_post,2025-09-10_91282CNT4,post,DGS10,TN,TN,False,TNZ2025,2025-09-10,2025-09-17,2025-11-26,2025-09-09,ok,1.0,0.0025,5,1.0,4.447306,0.5,1.0,False,1256.9789,90.702482,0.94451016,60,13.858264,14.0,1269.8348,1000.0,15.625,15.625,-5468.75,246.75,-5715.5
supply_calendar,1.0,2025-09-11_912810UM8_post,2025-09-11_912810UM8,post,DGS30,UB,UB,False,UBZ2025,2025-09-11,2025-09-18,2025-11-26,2025-09-10,ok,1.0,0.0025,5,1.0,4.4065629,0.5,1.0,False,1268.601,189.45031,0.94087668,60,6.69622,7.0,1326.1522,1000.0,31.25,31.25,-9625.0,232.75,-9857.75
supply_calendar,1.0,2025-09-16_912810UN6_post,2025-09-16_912810UN6,post,DGS20,ZB,ZB,False,ZBZ2025,2025-09-16,2025-09-23,2025-11-26,2025-09-15,ok,1.0,0.0025,5,1.0,4.2917606,0.5,1.0,False,1302.5354,147.18135,0.95451706,60,8.8498672,9.0,1324.6321,1000.0,31.25,31.25,-12375.0,299.25,-12674.25
supply_calendar,1.0,2025-09-23_91282CPB1_pre,2025-09-23_91282CPB1,pre,DGS2,ZT,ZT,False,ZTZ2025,2025-09-16,2025-09-23,2025-11-26,2025-09-15,ok,-1.0,0.0025,5,1.0,5.5743561,0.5,1.0,False,1002.8369,34.830966,0.89927296,60,28.791532,29.0,1010.098,2000.0,7.8125,7.8125,10421.875,284.5625,10137.3125
supply_calendar,1.0,2025-09-24_91282CPA3_pre,2025-09-24_91282CPA3,pre,DGS5,ZF,ZF,False,ZFZ2025,2025-09-17,2025-09-24,2025-11-26,2025-09-16,ok,-1.0,0.0025,5,1.0,4.8715419,1.0,1.0,False,2295.031,43.52183,0.96220538,60,52.73287,53.0,2306.657,1000.0,7.8125,7.8125,14906.25,520.0625,14386.1875
supply_calendar,1.0,2025-09-25_91282CNZ0_pre,2025-09-25_91282CNZ0,pre,DGS7,ZN,ZN,False,ZNZ2025,2025-09-18,2025-09-25,2025-11-26,2025-09-17,ok,-1.0,0.0025,5,1.0,4.6885785,1.0,1.0,False,2384.5905,68.950264,0.97274827,60,34.584212,35.0,2413.2593,1000.0,15.625,15.625,22968.75,616.875,22351.875
supply_calendar,1.0,2025-09-23_91282CPB1_post,2025-09-23_91282CPB1,post,DGS2,ZT,ZT,False,ZTZ2025,2025-09-23,2025-09-30,2025-11-26,2025-09-22,ok,1.0,0.0025,5,1.0,5.4611882,1.0,1.0,False,2047.2358,34.875099,0.91973504,60,58.701934,59.0,2057.6309,2000.0,7.8125,7.8125,-8757.8125,578.9375,-9336.75
supply_calendar,1.0,2025-09-24_91282CPA3_post,2025-09-24_91282CPA3,post,DGS5,ZF,ZF,False,ZFZ2025,2025-09-24,2025-10-01,2025-11-26,2025-09-23,ok,1.0,0.0025,5,1.0,4.8384933,1.0,1.0,False,2310.7069,42.970871,0.95245551,60,53.773798,54.0,2320.427,1000.0,7.8125,7.8125,6750.0,529.875,6220.125
supply_calendar,1.0,2025-09-25_91282CNZ0_post,2025-09-25_91282CNZ0,post,DGS7,ZN,ZN,False,ZNZ2025,2025-09-25,2025-10-02,2025-11-26,2025-09-24,ok,1.0,0.0025,5,1.0,4.6798945,1.0,1.0,False,2389.0154,68.244476,0.96355789,60,35.006721,35.0,2388.5567,1000.0,15.625,15.625,20781.25,616.875,20164.375
supply_calendar,1.0,2025-10-07_91282CPC9_pre,2025-10-07_91282CPC9,pre,DGS3,ZT,ZT,False,ZTZ2025,2025-09-30,2025-10-07,2025-11-26,2025-09-29,ok,-1.0,0.0025,5,1.0,4.8949126,1.0,1.0,False,2284.0734,37.678947,0.9081091,60,60.619354,61.0,2298.4158,2000.0,7.8125,7.8125,-6671.875,598.5625,-7270.4375
supply_calendar,1.0,2025-10-08_91282CNT4_pre,2025-10-08_91282CNT4,pre,DGS10,TN,TN,False,TNZ2025,2025-10-01,2025-10-08,2025-11-26,2025-09-30,ok,-1.0,0.0025,5,1.0,4.2673375,1.0,1.0,False,2619.9802,90.501094,0.9390731,60,28.949708,29.0,2624.5317,1000.0,15.625,15.625,6796.875,511.125,6285.75
supply_calendar,1.0,2025-10-09_912810UM8_pre,2025-10-09_912810UM8,pre,DGS30,UB,UB,False,UBZ2025,2025-10-02,2025-10-09,2025-11-26,2025-10-01,ok,-1.0,0.0025,5,1.0,4.1862028,1.0,1.0,False,2670.7593,187.56649,0.94185723,60,14.239,14.0,2625.9309,1000.0,31.25,31.25,9187.5,465.5,8722.0
supply_calendar,1.0,2025-10-07_91282CPC9_post,2025-10-07_91282CPC9,post,DGS3,ZT,ZT,False,ZTZ2025,2025-10-07,2025-10-15,2025-11-26,2025-10-06,ok,1.0,0.0025,5,1.0,4.885439,1.0,1.0,False,2288.5026,37.709545,0.90857012,60,60.687622,61.0,2300.2823,2000.0,7.8125,7.8125,13820.3125,598.5625,13221.75
supply_calendar,1.0,2025-10-08_91282CNT4_post,2025-10-08_91282CNT4,post,DGS10,TN,TN,False,TNZ2025,2025-10-08,2025-10-16,2025-11-26,2025-10-07,ok,1.0,0.0025,5,1.0,4.1312848,1.0,1.0,False,2706.2622,90.127123,0.94620381,60,30.027167,30.0,2703.8137,1000.0,15.625,15.625,42656.25,528.75,42127.5
supply_calendar,1.0,2025-10-09_912810UM8_post,2025-10-09_912810UM8,post,DGS30,UB,UB,False,UBZ2025,2025-10-09,2025-10-17,2025-11-26,2025-10-08,ok,1.0,0.0025,5,1.0,3.9251111,1.0,1.0,False,2848.4136,188.22998,0.93788239,60,15.132624,15.0,2823.4497,1000.0,31.25,31.25,38437.5,498.75,37938.75
supply_calendar,1.0,2025-10-22_912810UN6_pre,2025-10-22_912810UN6,pre,DGS20,ZB,ZB,False,ZBZ2025,2025-10-15,2025-10-22,2025-11-26,2025-10-14,ok,-1.0,0.0025,5,1.0,4.099056,1.0,1.0,False,2727.5402,145.6582,0.94680181,60,18.72562,19.0,2767.5059,1000.0,31.25,31.25,-24937.5,631.75,-25569.25
supply_calendar,1.0,2025-10-27_91282CPD7_pre,2025-10-27_91282CPD7,pre,DGS5,ZF,ZF,False,ZFZ2025,2025-10-20,2025-10-27,2025-11-26,2025-10-17,ok,-1.0,0.0025,5,1.0,4.6986896,1.0,1.0,False,2379.4592,43.147931,0.94627709,60,55.146541,55.0,2373.1362,1000.0,7.8125,7.8125,9023.4375,539.6875,8483.75
supply_calendar,1.0,2025-10-27_91282CPE5_pre,2025-10-27_91282CPE5,pre,DGS2,ZT,ZT,False,ZTZ2025,2025-10-20,2025-10-27,2025-11-26,2025-10-17,ok,-1.0,0.0025,5,1.0,5.5243682,1.0,1.0,False,2023.8224,32.913074,0.89761002,60,61.489922,61.0,2007.6975,2000.0,7.8125,7.8125,10960.9375,598.5625,10362.375
supply_calendar,1.0,2025-10-28_91282CPF2_pre,2025-10-28_91282CPF2,pre,DGS7,ZN,ZN,False,ZNZ2025,2025-10-21,2025-10-28,2025-11-26,2025-10-20,ok,-1.0,0.0025,5,1.0,4.5342077,1.0,1.0,False,2465.7759,67.344289,0.95729715,60,36.614476,37.0,2491.7387,1000.0,15.625,15.625,10406.25,652.125,9754.125
supply_calendar,1.0,2025-10-22_912810UN6_post,2025-10-22_912810UN6,post,DGS20,ZB,ZB,False,ZBZ2025,2025-10-22,2025-10-29,2025-11-26,2025-10-21,ok,1.0,0.0025,5,1.0,4.0581577,0.5,1.0,False,1377.5142,145.86013,0.95011384,60,9.4440761,9.0,1312.7412,1000.0,31.25,31.25,-9562.5,299.25,-9861.75
supply_calendar,1.0,2025-10-27_91282CPD7_post,2025-10-27_91282CPD7,post,DGS5,ZF,ZF,False,ZFZ2025,2025-10-27,2025-11-03,2025-11-26,2025-10-24,ok,1.0,0.0025,5,1.0,4.5744006,0.5,1.0,False,1222.0552,42.711673,0.9457091,60,28.611737,29.0,1238.6385,1000.0,7.8125,7.8125,-13140.625,284.5625,-13425.1875
supply_calendar,1.0,2025-10-27_91282CPE5_post,2025-10-27_91282CPE5,post,DGS2,ZT,ZT,False,ZTZ2025,2025-10-27,2025-11-03,2025-11-26,2025-10-24,ok,1.0,0.0025,5,1.0,5.3784462,0.5,1.0,False,1039.3652,32.812744,0.89681347,60,31.675657,32.0,1050.0078,2000.0,7.8125,7.8125,-13500.0,314.0,-13814.0
supply_calendar,1.0,2025-10-28_91282CPF2_post,2025-10-28_91282CPF2,post,DGS7,ZN,ZN,False,ZNZ2025,2025-10-28,2025-11-04,2025-11-26,2025-10-27,ok,1.0,0.0025,5,1.0,4.4083575,0.5,1.0,False,1268.0845,66.60981,0.95430917,60,19.037504,19.0,1265.5864,1000.0,15.625,15.625,-13062.5,334.875,-13397.375
supply_calendar,1.0,2025-11-10_91282CPK1_pre,2025-11-10_91282CPK1,pre,DGS3,ZT,ZT,False,ZTZ2025,2025-11-03,2025-11-10,2025-11-26,2025-10-31,ok,-1.0,0.0025,5,1.0,4.1473904,1.0,1.0,False,2695.7529,33.649523,0.91189557,60,80.112663,80.0,2691.9619,2000.0,7.8125,7.8125,-1250.0,785.0,-2035.0
supply_calendar,1.0,2025-11-12_91282CPJ4_pre,2025-11-12_91282CPJ4,pre,DGS10,TN,TN,False,TNZ2025,2025-11-04,2025-11-12,2025-11-26,2025-11-03,ok,-1.0,0.0025,5,1.0,3.7604844,1.0,1.0,False,2973.1116,88.571839,0.94402608,60,33.567234,34.0,3011.4425,1000.0,15.625,15.625,-7437.5,599.25,-8036.75
supply_calendar,1.0,2025-11-13_912810UP1_pre,2025-11-13_912810UP1,pre,DGS30,UB,UB,False,UBZ2025,2025-11-05,2025-11-13,2025-11-26,2025-11-04,ok,-1.0,0.0025,5,1.0,3.7565762,1.0,1.0,False,2976.2048,192.66454,0.9478225,60,15.4476,15.0,2889.9682,1000.0,31.25,31.25,-9843.75,498.75,-10342.5
supply_calendar,1.0,2025-11-10_91282CPK1_post,2025-11-10_91282CPK1,post,DGS3,ZT,ZT,False,ZTZ2025,2025-11-10,2025-11-18,2025-11-26,2025-11-07,ok,1.0,0.0025,5,1.0,4.2189711,1.0,1.0,False,2650.0157,33.603632,0.91505347,60,78.860992,79.0,2654.6869,2000.0,7.8125,7.8125,0.0,775.1875,-775.1875
supply_calendar,1.0,2025-11-12_91282CPJ4_post,2025-11-12_91282CPJ4,post,DGS10,TN,TN,False,TNH2026,2025-11-12,2025-11-19,2026-02-26,2025-11-10,ok,1.0,0.0025,5,1.0,3.8172963,1.0,1.0,False,2928.8635,87.101863,0.90271512,60,33.625727,34.0,2961.4633,1000.0,15.625,15.625,-15406.25,599.25,-16005.5
supply_calendar,1.0,2025-11-19_912810UQ9_pre,2025-11-19_912810UQ9,pre,DGS20,ZB,ZB,False,ZBH2026,2025-11-12,2025-11-19,2026-02-26,2025-11-10,ok,-1.0,0.0025,5,1.0,3.7915681,1.0,1.0,False,2948.7377,141.33946,0.94097817,60,20.862806,21.0,2968.1286,1000.0,31.25,31.25,23625.0,698.25,22926.75
supply_calendar,1.0,2025-11-13_912810UP1_post,2025-11-13_912810UP1,post,DGS30,UB,UB,False,UBH2026,2025-11-13,2025-11-20,2026-02-26,2025-11-12,ok,1.0,0.0025,5,1.0,3.7655516,1.0,1.0,False,2969.1108,190.66578,0.91723038,60,15.572332,16.0,3050.6525,1000.0,31.25,31.25,-9000.0,532.0,-9532.0
supply_calendar,1.0,2025-11-24_91282CPL9_pre,2025-11-24_91282CPL9,pre,DGS2,ZT,ZT,False,ZTH2026,2025-11-17,2025-11-24,2026-02-26,2025-11-14,ok,-1.0,0.0025,5,1.0,4.5550928,1.0,1.0,True,2454.4703,30.50652,0.83854789,60,80.457238,25.0,762.66299,2000.0,7.8125,7.8125,-9960.9375,245.3125,-10206.25
supply_calendar,1.0,2025-11-25_91282CPN5_pre,2025-11-25_91282CPN5,pre,DGS5,ZF,ZF,False,ZFH2026,2025-11-18,2025-11-25,2026-02-26,2025-11-17,ok,-1.0,0.0025,5,1.0,4.2138794,1.0,1.0,False,2653.2178,41.245958,0.92312525,60,64.326735,64.0,2639.7413,1000.0,7.8125,7.8125,-36500.0,628.0,-37128.0
supply_calendar,1.0,2025-11-19_912810UQ9_post,2025-11-19_912810UQ9,post,DGS20,ZB,ZB,False,ZBH2026,2025-11-19,2025-11-26,2026-02-26,2025-11-18,ok,1.0,0.0025,5,1.0,3.7915681,1.0,1.0,False,2948.7377,142.71924,0.94821143,60,20.661108,21.0,2997.1041,1000.0,31.25,31.25,34781.25,698.25,34083.0
supply_calendar,1.0,2025-11-26_91282CPM7_pre,2025-11-26_91282CPM7,pre,DGS7,ZN,ZN,False,ZNH2026,2025-11-19,2025-11-26,2026-02-26,2025-11-18,ok,-1.0,0.0025,5,1.0,4.1591231,1.0,1.0,False,2688.1483,64.597418,0.94897473,60,41.613867,42.0,2713.0916,1000.0,15.625,15.625,-39375.0,740.25,-40115.25
supply_calendar,1.0,2025-11-24_91282CPL9_post,2025-11-24_91282CPL9,post,DGS2,ZT,ZT,False,ZTH2026,2025-11-24,2025-12-02,2026-02-26,2025-11-21,ok,1.0,0.0025,5,1.0,3.9964674,1.0,1.0,True,2797.5557,32.432791,0.84501098,60,86.257013,75.0,2432.4593,2000.0,7.8125,7.8125,-14648.4375,735.9375,-15384.375
supply_calendar,1.0,2025-11-25_91282CPN5_post,2025-11-25_91282CPN5,post,DGS5,ZF,ZF,False,ZFH2026,2025-11-25,2025-12-03,2026-02-26,2025-11-24,ok,1.0,0.0025,5,1.0,3.8990076,1.0,1.0,True,2867.4835,41.721444,0.91908441,60,68.729248,65.0,2711.8939,1000.0,7.8125,7.8125,-19296.875,637.8125,-19934.6875
supply_calendar,1.0,2025-11-26_91282CPM7_post,2025-11-26_91282CPM7,post,DGS7,ZN,ZN,False,ZNH2026,2025-11-26,2025-12-04,2026-02-26,2025-11-25,ok,1.0,0.0025,5,1.0,4.0195497,1.0,1.0,False,2781.4907,64.786585,0.94488582,60,42.933126,43.0,2785.8232,1000.0,15.625,15.625,-36953.125,757.875,-37711.0
supply_calendar,1.0,2025-12-08_91282CPP0_pre,2025-12-08_91282CPP0,pre,DGS3,ZT,ZT,False,ZTH2026,2025-12-01,2025-12-08,2026-02-26,2025-11-28,ok,-1.0,0.0025,5,1.0,3.7658891,1.0,1.0,True,2968.8447,34.873342,0.87734817,60,85.132211,11.0,383.60676,2000.0,7.8125,7.8125,2320.3125,107.9375,2212.375
supply_calendar,1.0,2025-12-09_91282CPJ4_pre,2025-12-09_91282CPJ4,pre,DGS10,TN,TN,False,TNH2026,2025-12-02,2025-12-09,2026-02-26,2025-12-01,ok,-1.0,0.0025,5,1.0,3.7330029,1.0,1.0,False,2994.999,87.977134,0.90051237,60,34.042925,34.0,2991.2226,1000.0,15.625,15.625,31875.0,599.25,31275.75
supply_calendar,1.0,2025-12-11_912810UP1_pre,2025-12-11_912810UP1,pre,DGS30,UB,UB,False,UBH2026,2025-12-04,2025-12-11,2026-02-26,2025-12-03,ok,-1.0,0.0025,5,1.0,3.5237291,0.5,1.0,False,1586.4358,185.71906,0.91676234,60,8.542127,9.0,1671.4715,1000.0,31.25,31.25,3937.5,299.25,3638.25
supply_calendar,1.0,2025-12-08_91282CPP0_post,2025-12-08_91282CPP0,post,DGS3,ZT,ZT,False,ZTH2026,2025-12-08,2025-12-15,2026-02-26,2025-12-05,ok,1.0,0.0025,5,1.0,3.788885,0.5,1.0,False,1475.4129,33.974897,0.89428412,60,43.42656,43.0,1460.9206,2000.0,7.8125,7.8125,10414.0625,421.9375,9992.125
supply_calendar,1.0,2025-12-09_91282CPJ4_post,2025-12-09_91282CPJ4,post,DGS10,TN,TN,False,TNH2026,2025-12-09,2025-12-16,2026-02-26,2025-12-08,ok,1.0,0.0025,5,1.0,3.5658059,0.5,1.0,False,1567.7157,87.648714,0.90069769,60,17.886352,18.0,1577.6768,1000.0,15.625,15.625,6187.5,317.25,5870.25
supply_calendar,1.0,2025-12-17_912810UQ9_pre,2025-12-17_912810UQ9,pre,DGS20,ZB,ZB,False,ZBH2026,2025-12-10,2025-12-17,2026-02-26,2025-12-09,ok,-1.0,0.0025,5,1.0,3.3992355,1.0,1.0,False,3289.0748,141.56317,0.94752232,60,23.233972,23.0,3255.953,1000.0,31.25,31.25,2875.0,764.75,2110.25
supply_calendar,1.0,2025-12-11_912810UP1_post,2025-12-11_912810UP1,post,DGS30,UB,UB,False,UBH2026,2025-12-11,2025-12-18,2026-02-26,2025-12-10,ok,1.0,0.0025,5,1.0,3.2789346,1.0,1.0,False,3409.7477,188.46886,0.9095187,60,18.091836,18.0,3392.4396,1000.0,31.25,31.25,-3937.5,598.5,-4536.0
supply_calendar,1.0,2025-12-22_91282CPS4_pre,2025-12-22_91282CPS4,pre,DGS2,ZT,ZT,False,ZTH2026,2025-12-15,2025-12-22,2026-02-26,2025-12-12,ok,-1.0,0.0025,5,1.0,3.9423458,1.0,1.0,False,2835.9612,31.811454,0.82349663,60,89.149061,89.0,2831.2194,2000.0,7.8125,7.8125,0.0,873.3125,-873.3125
supply_calendar,1.0,2025-12-23_91282CPR6_pre,2025-12-23_91282CPR6,pre,DGS5,ZF,ZF,False,ZFH2026,2025-12-16,2025-12-23,2026-02-26,2025-12-15,ok,-1.0,0.0025,5,1.0,4.0567653,1.0,1.0,True,2755.9741,40.008974,0.90898819,60,68.883897,60.0,2400.5384,1000.0,7.8125,7.8125,12187.5,588.75,11598.75
supply_calendar,1.0,2025-12-17_912810UQ9_post,2025-12-17_912810UQ9,post,DGS20,ZB,ZB,False,ZBH2026,2025-12-17,2025-12-24,2026-02-26,2025-12-16,ok,1.0,0.0025,5,1.0,3.4337557,1.0,1.0,True,3256.0092,141.68628,0.95013503,60,22.980412,8.0,1133.4903,1000.0,31.25,31.25,4250.0,266.0,3984.0
supply_calendar,1.0,2025-12-24_91282CPQ8_pre,2025-12-24_91282CPQ8,pre,DGS7,ZN,ZN,False,ZNH2026,2025-12-17,2025-12-24,2026-02-26,2025-12-16,ok,-1.0,0.0025,5,1.0,3.9050887,1.0,1.0,True,2863.0182,64.768033,0.95241215,60,44.204186,15.0,971.5205,1000.0,15.625,15.625,-234.375,264.375,-498.75
supply_calendar,1.0,2025-12-22_91282CPS4_post,2025-12-22_91282CPS4,post,DGS2,ZT,ZT,False,ZTH2026,2025-12-22,2025-12-30,2026-02-26,2025-12-19,ok,1.0,0.0025,5,1.0,3.7610478,1.0,1.0,False,2972.6663,34.775961,0.89912272,60,85.480493,85.0,2955.9567,2000.0,7.8125,7.8125,13945.3125,834.0625,13111.25
supply_calendar,1.0,2025-12-23_91282CPR6_post,2025-12-23_91282CPR6,post,DGS5,ZF,ZF,False,ZFH2026,2025-12-23,2025-12-31,2026-02-26,2025-12-22,ok,1.0,0.0025,5,1.0,4.0651127,1.0,1.0,False,2750.3149,41.032619,0.93346801,60,67.027524,67.0,2749.1855,1000.0,7.8125,7.8125,9945.3125,657.4375,9287.875
supply_calendar,1.0,2025-12-24_91282CPQ8_post,2025-12-24_91282CPQ8,post,DGS7,ZN,ZN,False,ZNH2026,2025-12-24,2026-01-02,2026-02-26,2025-12-23,ok,1.0,0.0025,5,1.0,3.8969784,1.0,1.0,True,2868.9766,64.540318,0.95824576,60,44.452471,43.0,2775.2337,1000.0,15.625,15.625,-13437.5,757.875,-14195.375
supply_calendar,1.0,2026-01-12_91282CPJ4_pre,2026-01-12_91282CPJ4,pre,DGS10,TN,TN,False,TNH2026,2026-01-05,2026-01-12,2026-02-26,2026-01-02,ok,-1.0,0.0025,5,1.0,3.4967297,1.0,1.0,False,3197.3704,87.252218,0.91567556,60,36.645147,37.0,3228.3321,1000.0,15.625,15.625,6937.5,652.125,6285.375
supply_calendar,1.0,2026-01-12_91282CPT2_pre,2026-01-12_91282CPT2,pre,DGS3,ZT,ZT,False,ZTH2026,2026-01-05,2026-01-12,2026-02-26,2026-01-02,ok,-1.0,0.0025,5,1.0,3.7319812,1.0,1.0,False,2995.8189,32.686242,0.86860137,60,91.653818,92.0,3007.1343,2000.0,7.8125,7.8125,33781.25,902.75,32878.5
supply_calendar,1.0,2026-01-13_912810UP1_pre,2026-01-13_912810UP1,pre,DGS30,UB,UB,False,UBH2026,2026-01-06,2026-01-13,2026-02-26,2026-01-05,ok,-1.0,0.0025,5,1.0,3.1018037,1.0,1.0,False,3604.464,194.48604,0.92129186,60,18.533279,19.0,3695.2347,1000.0,31.25,31.25,-14843.75,631.75,-15475.5
supply_calendar,1.0,2026-01-12_91282CPJ4_post,2026-01-12_91282CPJ4,post,DGS10,TN,TN,False,TNH2026,2026-01-12,2026-01-20,2026-02-26,2026-01-09,ok,1.0,0.0025,5,1.0,3.2578025,1.0,1.0,False,3431.8655,87.650299,0.90534181,60,39.154065,39.0,3418.3617,1000.0,15.625,15.625,-37171.875,687.375,-37859.25
supply_calendar,1.0,2026-01-12_91282CPT2_post,2026-01-12_91282CPT2,post,DGS3,ZT,ZT,False,ZTH2026,2026-01-12,2026-01-20,2026-02-26,2026-01-09,ok,1.0,0.0025,5,1.0,3.5083033,1.0,1.0,False,3186.8225,33.255168,0.87456643,60,95.82939,96.0,3192.4962,2000.0,7.8125,7.8125,-21000.0,942.0,-21942.0
supply_calendar,1.0,2026-01-13_912810UP1_post,2026-01-13_912810UP1,post,DGS30,UB,UB,False,UBH2026,2026-01-13,2026-01-21,2026-02-26,2026-01-12,ok,1.0,0.0025,5,1.0,2.9275141,1.0,1.0,False,3819.0558,195.58983,0.95242176,60,19.52584,20.0,3911.7967,1000.0,31.25,31.25,-13125.0,665.0,-13790.0
supply_calendar,1.0,2026-01-21_912810UQ9_pre,2026-01-21_912810UQ9,pre,DGS20,ZB,ZB,False,ZBH2026,2026-01-13,2026-01-21,2026-02-26,2026-01-12,ok,-1.0,0.0025,5,1.0,3.1217752,1.0,1.0,False,3581.4046,142.4063,0.93417536,60,25.1492,25.0,3560.1575,1000.0,31.25,31.25,21093.75,831.25,20262.5
supply_calendar,1.0,2026-01-26_91282CGH8_pre,2026-01-26_91282CGH8,pre,DGS5,ZF,ZF,False,ZFH2026,2026-01-16,2026-01-26,2026-02-26,2026-01-15,ok,-1.0,0.0025,5,1.0,3.5951945,1.0,1.0,True,3109.8011,39.32681,0.90417902,60,79.075855,2.0,78.653619,1000.0,7.8125,7.8125,-109.375,19.625,-129.0
supply_calendar,1.0,2026-01-27_91282CPW5_pre,2026-01-27_91282CPW5,pre,DGS5,ZF,ZF,False,ZFH2026,2026-01-20,2026-01-27,2026-02-26,2026-01-16,ok,-1.0,0.0025,5,1.0,3.6415679,1.0,1.0,False,3070.1995,39.783439,0.90417569,60,77.172802,77.0,3063.3248,1000.0,7.8125,7.8125,-14437.5,755.5625,-15193.0625
supply_calendar,1.0,2026-01-21_912810UQ9_post,2026-01-21_912810UQ9,post,DGS20,ZB,ZB,False,ZBH2026,2026-01-21,2026-01-28,2026-02-26,2026-01-20,ok,1.0,0.0025,5,1.0,3.2488155,0.5,1.0,False,1720.6794,141.89962,0.9374408,60,12.126032,12.0,1702.7955,1000.0,31.25,31.25,1500.0,399.0,1101.0
supply_calendar,1.0,2026-01-29_91282CPY1_pre,2026-01-29_91282CPY1,pre,DGS7,ZN,ZN,False,ZNH2026,2026-01-22,2026-01-29,2026-02-26,2026-01-21,ok,-1.0,0.0025,5,1.0,3.5866986,0.5,1.0,False,1558.5837,64.321887,0.9341517,60,24.231001,24.0,1543.7253,1000.0,15.625,15.625,-6375.0,423.0,-6798.0
supply_calendar,1.0,2026-01-26_91282CGH8_post,2026-01-26_91282CGH8,post,DGS5,ZF,ZF,False,ZFH2026,2026-01-26,2026-02-02,2026-02-26,2026-01-23,ok,1.0,0.0025,5,1.0,3.6457157,0.5,1.0,False,1533.3532,39.354736,0.90109082,60,38.962356,39.0,1534.8347,1000.0,7.8125,7.8125,-914.0625,382.6875,-1296.75
supply_calendar,1.0,2026-01-27_91282CPW5_post,2026-01-27_91282CPW5,post,DGS5,ZF,ZF,False,ZFH2026,2026-01-27,2026-02-03,2026-02-26,2026-01-26,ok,1.0,0.0025,5,1.0,3.6584011,0.5,1.0,False,1528.0364,39.423123,0.9027338,60,38.759903,39.0,1537.5018,1000.0,7.8125,7.8125,-2742.1875,382.6875,-3124.875
supply_calendar,1.0,2026-01-29_91282CPY1_post,2026-01-29_91282CPY1,post,DGS7,ZN,ZN,False,ZNH2026,2026-01-29,2026-02-05,2026-02-26,2026-01-28,ok,1.0,0.0025,5,1.0,3.3207106,1.0,1.0,False,3366.8517,65.936731,0.92826239,60,51.061853,51.0,3362.7733,1000.0,15.625,15.625,13546.875,898.875,12648.0
supply_calendar,1.0,2026-02-10_91282CQA2_pre,2026-02-10_91282CQA2,pre,DGS3,ZT,ZT,False,ZTH2026,2026-02-03,2026-02-10,2026-02-26,2026-02-02,ok,-1.0,0.0025,5,1.0,3.077667,1.0,1.0,False,3632.7322,32.327128,0.83825116,60,112.37411,112.0,3620.6384,2000.0,7.8125,7.8125,-48125.0,1099.0,-49224.0
supply_calendar,1.0,2026-02-11_91282CPZ8_pre,2026-02-11_91282CPZ8,pre,DGS10,TN,TN,False,TNH2026,2026-02-04,2026-02-11,2026-02-26,2026-02-03,ok,-1.0,0.0025,5,1.0,3.1531528,1.0,1.0,True,3545.7653,89.203141,0.91197798,60,39.749332,8.0,713.62513,1000.0,15.625,15.625,-7750.0,141.0,-7891.0
supply_calendar,1.0,2026-02-12_912810UR7_pre,2026-02-12_912810UR7,pre,DGS30,UB,UB,False,UBH2026,2026-02-05,2026-02-12,2026-02-26,2026-02-04,ok,-1.0,0.0025,5,1.0,2.8169684,1.0,1.0,False,3968.9263,199.43776,0.94281876,60,19.900576,20.0,3988.7553,1000.0,31.25,31.25,-50625.0,665.0,-51290.0
supply_calendar,1.0,2026-02-10_91282CQA2_post,2026-02-10_91282CQA2,post,DGS3,ZT,ZT,False,ZTH2026,2026-02-10,2026-02-18,2026-02-26,2026-02-09,ok,1.0,0.0025,5,1.0,3.064283,1.0,1.0,False,3648.599,32.053813,0.86579875,60,113.8273,114.0,3654.1347,2000.0,7.8125,7.8125,-6234.375,1118.625,-7353.0
supply_calendar,1.0,2026-02-18_912810UT3_pre,2026-02-18_912810UT3,pre,DGS20,ZB,ZB,False,ZBH2026,2026-02-10,2026-02-18,2026-02-26,2026-02-09,ok,-1.0,0.0025,5,1.0,3.2110332,1.0,1.0,False,3481.8512,138.29623,0.91727696,60,25.176761,25.0,3457.4058,1000.0,31.25,31.25,-28906.25,831.25,-29737.5
supply_calendar,1.0,2026-02-11_91282CPZ8_post,2026-02-11_91282CPZ8,post,DGS10,TN,TN,False,TNM2026,2026-02-11,2026-02-19,2026-05-28,2026-02-10,ok,1.0,0.0025,5,1.0,3.1324797,1.0,1.0,True,3569.1659,85.223183,0.86423735,60,41.880223,8.0,681.78547,1000.0,15.625,15.625,7875.0,141.0,7734.0
supply_calendar,1.0,2026-02-12_912810UR7_post,2026-02-12_912810UR7,post,DGS30,UB,UB,False,UBM2026,2026-02-12,2026-02-20,2026-05-28,2026-02-11,ok,1.0,0.0025,5,1.0,2.9676219,1.0,1.0,True,3767.4408,191.34911,0.92398566,60,19.688833,19.0,3635.6332,1000.0,31.25,31.25,1187.5,631.75,555.75
supply_calendar,1.0,2026-02-24_91282CQB0_pre,2026-02-24_91282CQB0,pre,DGS2,ZT,ZT,False,ZTM2026,2026-02-17,2026-02-24,2026-05-28,2026-02-13,capped_to_zero,-1.0,0.0025,5,1.0,3.3732078,1.0,1.0,True,3314.4533,32.025819,0.80307576,60,103.49316,0.0,0.0,2000.0,,,0.0,0.0,0.0
supply_calendar,1.0,2026-02-18_912810UT3_post,2026-02-18_912810UT3,post,DGS20,ZB,ZB,False,ZBM2026,2026-02-18,2026-02-25,2026-05-28,2026-02-17,ok,1.0,0.0025,5,1.0,3.3990278,1.0,1.0,False,3289.2758,139.02388,0.92923042,60,23.659791,24.0,3336.573,1000.0,31.25,31.25,6750.0,798.0,5952.0
supply_calendar,1.0,2026-02-25_91282CQD6_pre,2026-02-25_91282CQD6,pre,DGS5,ZF,ZF,False,ZFM2026,2026-02-18,2026-02-25,2026-05-28,2026-02-17,ok,-1.0,0.0025,5,1.0,3.6410637,1.0,1.0,False,3070.6247,40.569533,0.91490224,60,75.687947,76.0,3083.2845,1000.0,7.8125,7.8125,-8312.5,745.75,-9058.25
supply_calendar,1.0,2026-02-26_91282CQC8_pre,2026-02-26_91282CQC8,pre,DGS7,ZN,ZN,False,ZNM2026,2026-02-19,2026-02-26,2026-05-28,2026-02-18,ok,-1.0,0.0025,5,1.0,3.574233,1.0,1.0,False,3128.0389,63.670562,0.93078422,60,49.128496,49.0,3119.8575,1000.0,15.625,15.625,-22968.75,863.625,-23832.375
supply_calendar,1.0,2026-02-24_91282CQB0_post,2026-02-24_91282CQB0,post,DGS2,ZT,ZT,False,ZTM2026,2026-02-24,2026-03-03,2026-05-28,2026-02-23,ok,1.0,0.0025,5,1.0,3.3820313,1.0,1.0,True,3305.8062,32.168607,0.83488347,60,102.76498,63.0,2026.6222,2000.0,7.8125,7.8125,-13781.25,618.1875,-14399.4375
supply_calendar,1.0,2026-02-25_91282CQD6_post,2026-02-25_91282CQD6,post,DGS5,ZF,ZF,False,ZFM2026,2026-02-25,2026-03-04,2026-05-28,2026-02-24,ok,1.0,0.0025,5,1.0,3.5639437,1.0,1.0,False,3137.0697,41.131864,0.91289645,60,76.268601,76.0,3126.0217,1000.0,7.8125,7.8125,-20781.25,745.75,-21527.0
supply_calendar,1.0,2026-02-26_91282CQC8_post,2026-02-26_91282CQC8,post,DGS7,ZN,ZN,False,ZNM2026,2026-02-26,2026-03-05,2026-05-28,2026-02-25,ok,1.0,0.0025,5,1.0,3.5515175,1.0,1.0,False,3148.0458,63.881898,0.93587234,60,49.279153,49.0,3130.213,1000.0,15.625,15.625,-51296.875,863.625,-52160.5
supply_calendar,1.0,2026-03-10_91282CQE4_pre,2026-03-10_91282CQE4,pre,DGS3,ZT,ZT,False,ZTM2026,2026-03-03,2026-03-10,2026-05-28,2026-03-02,ok,-1.0,0.0025,5,1.0,3.632675,1.0,1.0,True,3077.7154,34.872364,0.90086851,60,88.256575,77.0,2685.1721,2000.0,7.8125,7.8125,25265.625,755.5625,24510.0625
supply_calendar,1.0,2026-03-11_91282CPZ8_pre,2026-03-11_91282CPZ8,pre,DGS10,TN,TN,False,TNM2026,2026-03-04,2026-03-11,2026-05-28,2026-03-03,ok,-1.0,0.0025,5,1.0,3.4738734,1.0,1.0,False,3218.4074,87.36394,0.90313919,60,36.839083,37.0,3232.4658,1000.0,15.625,15.625,42203.125,652.125,41551.0
supply_calendar,1.0,2026-03-12_912810UR7_pre,2026-03-12_912810UR7,pre,DGS30,UB,UB,False,UBM2026,2026-03-05,2026-03-12,2026-05-28,2026-03-04,ok,-1.0,0.0025,5,1.0,3.1722668,1.0,1.0,False,3524.4008,184.68589,0.92914693,60,19.083217,19.0,3509.0318,1000.0,31.25,31.25,46312.5,631.75,45680.75
supply_calendar,1.0,2026-03-10_91282CQE4_post,2026-03-10_91282CQE4,post,DGS3,ZT,ZT,False,ZTM2026,2026-03-10,2026-03-17,2026-05-28,2026-03-09,ok,1.0,0.0025,5,1.0,3.5789719,1.0,1.0,False,3123.8971,35.236194,0.84616491,60,88.655917,89.0,3136.0213,2000.0,7.8125,7.8125,-35460.9375,873.3125,-36334.25
supply_calendar,1.0,2026-03-17_912810UT3_pre,2026-03-17_912810UT3,pre,DGS20,ZB,ZB,False,ZBM2026,2026-03-10,2026-03-17,2026-05-28,2026-03-09,ok,-1.0,0.0025,5,1.0,3.3450782,1.0,1.0,False,3342.3254,137.25512,0.89733699,60,24.35119,24.0,3294.1228,1000.0,31.25,31.25,30750.0,798.0,29952.0
supply_calendar,1.0,2026-03-11_91282CPZ8_post,2026-03-11_91282CPZ8,post,DGS10,TN,TN,False,TNM2026,2026-03-11,2026-03-18,2026-05-28,2026-03-10,ok,1.0,0.0025,5,1.0,3.4196177,0.5,1.0,False,1634.7353,87.145346,0.87223277,60,18.758722,19.0,1655.7616,1000.0,15.625,15.625,-8609.375,334.875,-8944.25
supply_calendar,1.0,2026-03-12_912810UR7_post,2026-03-12_912810UR7,post,DGS30,UB,UB,False,UBM2026,2026-03-12,2026-03-19,2026-05-28,2026-03-11,ok,1.0,0.0025,5,1.0,3.4743206,0.5,1.0,False,1608.9966,177.42315,0.90575119,60,9.0686955,9.0,1596.8084,1000.0,31.25,31.25,5062.5,299.25,4763.25
supply_calendar,1.0,2026-03-17_912810UT3_post,2026-03-17_912810UT3,post,DGS20,ZB,ZB,False,ZBM2026,2026-03-17,2026-03-24,2026-05-28,2026-03-16,ok,1.0,0.0025,5,1.0,3.5160648,0.5,1.0,False,1589.8939,140.09374,0.90953502,60,11.348786,11.0,1541.0312,1000.0,31.25,31.25,-24062.5,365.75,-24428.25
supply_calendar,1.0,2026-03-24_91282CQH7_pre,2026-03-24_91282CQH7,pre,DGS2,ZT,ZT,False,ZTM2026,2026-03-17,2026-03-24,2026-05-28,2026-03-16,ok,-1.0,0.0025,5,1.0,3.8119645,0.5,1.0,False,1466.4801,36.857261,0.82503855,60,39.788091,40.0,1474.2904,2000.0,7.8125,7.8125,42500.0,392.5,42107.5
supply_calendar,1.0,2026-03-25_91282CQG9_pre,2026-03-25_91282CQG9,pre,DGS5,ZF,ZF,False,ZFM2026,2026-03-18,2026-03-25,2026-05-28,2026-03-17,ok,-1.0,0.0025,5,1.0,3.9265502,1.0,1.0,False,2847.3696,44.857569,0.91559072,60,63.47579,63.0,2826.0268,1000.0,7.8125,7.8125,31992.1875,618.1875,31374.0
supply_calendar,1.0,2026-03-26_91282CQF1_pre,2026-03-26_91282CQF1,pre,DGS7,ZN,ZN,False,ZNM2026,2026-03-19,2026-03-26,2026-05-28,2026-03-18,ok,-1.0,0.0025,5,1.0,3.9927901,1.0,1.0,False,2800.1321,65.52832,0.90623649,60,42.731633,43.0,2817.7177,1000.0,15.625,15.625,45015.625,757.875,44257.75
supply_calendar,1.0,2026-03-24_91282CQH7_post,2026-03-24_91282CQH7,post,DGS2,ZT,ZT,False,ZTM2026,2026-03-24,2026-03-31,2026-05-28,2026-03-23,ok,1.0,0.0025,5,1.0,4.0684469,1.0,1.0,False,2748.0609,39.065833,0.85500624,60,70.344357,70.0,2734.6083,2000.0,7.8125,7.8125,33359.375,686.875,32672.5
supply_calendar,1.0,2026-03-25_91282CQG9_post,2026-03-25_91282CQG9,post,DGS5,ZF,ZF,False,ZFM2026,2026-03-25,2026-04-01,2026-05-28,2026-03-24,ok,1.0,0.0025,5,1.0,4.4888751,1.0,1.0,False,2490.6774,43.273831,0.90239137,60,57.556203,58.0,2509.8822,1000.0,7.8125,7.8125,7250.0,569.125,6680.875
supply_calendar,1.0,2026-03-26_91282CQF1_post,2026-03-26_91282CQF1,post,DGS7,ZN,ZN,False,ZNM2026,2026-03-26,2026-04-02,2026-05-28,2026-03-25,ok,1.0,0.0025,5,1.0,4.4999686,1.0,1.0,False,2484.5373,64.831849,0.90209892,60,38.32279,38.0,2463.6103,1000.0,15.625,15.625,32062.5,669.75,31392.75
supply_calendar,1.0,2026-04-07_91282CQJ3_pre,2026-04-07_91282CQJ3,pre,DGS3,ZT,ZT,False,ZTM2026,2026-03-31,2026-04-07,2026-05-28,2026-03-30,ok,-1.0,0.0025,5,1.0,4.788758,1.0,1.0,False,2334.7055,38.528386,0.89294031,60,60.597024,61.0,2350.2315,2000.0,7.8125,7.8125,8101.5625,598.5625,7503.0
supply_calendar,1.0,2026-04-08_91282CPZ8_pre,2026-04-08_91282CPZ8,pre,DGS10,TN,TN,False,TNM2026,2026-04-01,2026-04-08,2026-05-28,2026-03-31,ok,-1.0,0.0025,5,1.0,4.5079653,1.0,1.0,False,2480.13,87.631101,0.92556166,60,28.301938,28.0,2453.6708,1000.0,15.625,15.625,-7875.0,493.5,-8368.5
supply_calendar,1.0,2026-04-09_912810UR7_pre,2026-04-09_912810UR7,pre,DGS30,UB,UB,False,UBM2026,2026-04-02,2026-04-09,2026-05-28,2026-04-01,ok,-1.0,0.0025,5,1.0,4.1403349,1.0,1.0,False,2700.3468,171.3312,0.92707504,60,15.760975,16.0,2741.2992,1000.0,31.25,31.25,1000.0,532.0,468.0
supply_calendar,1.0,2026-04-07_91282CQJ3_post,2026-04-07_91282CQJ3,post,DGS3,ZT,ZT,False,ZTM2026,2026-04-07,2026-04-14,2026-05-28,2026-04-06,ok,1.0,0.0025,5,1.0,4.8728465,1.0,1.0,False,2294.4166,38.00108,0.88759776,60,60.377669,60.0,2280.0648,2000.0,7.8125,7.8125,19218.75,588.75,18630.0
supply_calendar,1.0,2026-04-08_91282CPZ8_post,2026-04-08_91282CPZ8,post,DGS10,TN,TN,False,TNM2026,2026-04-08,2026-04-15,2026-05-28,2026-04-07,ok,1.0,0.0025,5,1.0,4.5047056,1.0,1.0,False,2481.9246,86.085952,0.91766238,60,28.830774,29.0,2496.4926,1000.0,15.625,15.625,3171.875,511.125,2660.75
supply_calendar,1.0,2026-04-09_912810UR7_post,2026-04-09_912810UR7,post,DGS30,UB,UB,False,UBM2026,2026-04-09,2026-04-16,2026-05-28,2026-04-08,ok,1.0,0.0025,5,1.0,4.1156996,1.0,1.0,False,2716.5102,168.12275,0.91724031,60,16.157898,16.0,2689.964,1000.0,31.25,31.25,-9000.0,532.0,-9532.0
supply_calendar,1.0,2026-04-22_912810UT3_pre,2026-04-22_912810UT3,pre,DGS20,ZB,ZB,False,ZBM2026,2026-04-15,2026-04-22,2026-05-28,2026-04-14,ok,-1.0,0.0025,5,1.0,4.215756,1.0,1.0,False,2652.0367,141.26947,0.91955052,60,18.772894,19.0,2684.1199,1000.0,31.25,31.25,3562.5,631.75,2930.75
supply_calendar,1.0,2026-04-27_91282CQK0_pre,2026-04-27_91282CQK0,pre,DGS5,ZF,ZF,False,ZFM2026,2026-04-20,2026-04-27,2026-05-28,2026-04-17,ok,-1.0,0.0025,5,1.0,5.0873444,1.0,1.0,False,2197.677,42.822808,0.91078053,60,51.320246,51.0,2183.9632,1000.0,7.8125,7.8125,21117.1875,500.4375,20616.75
supply_calendar,1.0,2026-04-27_91282CQL8_pre,2026-04-27_91282CQL8,pre,DGS2,ZT,ZT,False,ZTM2026,2026-04-20,2026-04-27,2026-05-28,2026-04-17,ok,-1.0,0.0025,5,1.0,4.8298741,1.0,1.0,False,2314.8305,38.738004,0.87673064,60,59.75606,60.0,2324.2802,2000.0,7.8125,7.8125,18750.0,588.75,18161.25
supply_calendar,1.0,2026-04-28_91282CQN4_pre,2026-04-28_91282CQN4,pre,DGS7,ZN,ZN,False,ZNM2026,2026-04-21,2026-04-28,2026-05-28,2026-04-20,ok,-1.0,0.0025,5,1.0,4.809918,1.0,1.0,False,2324.4346,65.055549,0.90345012,60,35.729998,36.0,2341.9997,1000.0,15.625,15.625,15750.0,634.5,15115.5
supply_calendar,1.0,2026-04-22_912810UT3_post,2026-04-22_912810UT3,post,DGS20,ZB,ZB,False,ZBM2026,2026-04-22,2026-04-29,2026-05-28,2026-04-21,ok,1.0,0.0025,5,1.0,4.0871854,0.5,1.0,False,1367.7309,142.44496,0.91428589,60,9.6018206,10.0,1424.4496,1000.0,31.25,31.25,-14687.5,332.5,-15020.0
supply_calendar,1.0,2026-04-27_91282CQK0_post,2026-04-27_91282CQK0,post,DGS5,ZF,ZF,False,ZFM2026,2026-04-27,2026-05-04,2026-05-28,2026-04-24,ok,1.0,0.0025,5,1.0,5.1676963,0.5,1.0,False,1081.7528,42.612735,0.91069063,60,25.38567,25.0,1065.3184,1000.0,7.8125,7.8125,-16210.9375,245.3125,-16456.25
supply_calendar,1.0,2026-04-27_91282CQL8_post,2026-04-27_91282CQL8,post,DGS2,ZT,ZT,False,ZTM2026,2026-04-27,2026-05-04,2026-05-28,2026-04-24,ok,1.0,0.0025,5,1.0,4.8757152,0.5,1.0,False,1146.5333,39.125628,0.88565756,60,29.303896,29.0,1134.6432,2000.0,7.8125,7.8125,-17671.875,284.5625,-17956.4375
supply_calendar,1.0,2026-04-28_91282CQN4_post,2026-04-28_91282CQN4,post,DGS7,ZN,ZN,False,ZNM2026,2026-04-28,2026-05-05,2026-05-28,2026-04-27,ok,1.0,0.0025,5,1.0,4.8715419,0.5,1.0,False,1147.5155,64.961731,0.90607566,60,17.664485,18.0,1169.3112,1000.0,15.625,15.625,-9281.25,317.25,-9598.5
supply_calendar,1.0,2026-05-11_91282CQR5_pre,2026-05-11_91282CQR5,pre,DGS3,ZT,ZT,False,ZTM2026,2026-05-04,2026-05-11,2026-05-28,2026-05-01,ok,-1.0,0.0025,5,1.0,5.0529401,1.0,1.0,False,2212.6405,37.842704,0.88449851,60,58.469407,58.0,2194.8769,2000.0,7.8125,7.8125,-4078.125,569.125,-4647.25
supply_calendar,1.0,2026-05-12_91282CQQ7_pre,2026-05-12_91282CQQ7,pre,DGS10,TN,TN,False,TNM2026,2026-05-05,2026-05-12,2026-05-28,2026-05-04,ok,-1.0,0.0025,5,1.0,4.513977,1.0,1.0,False,2476.8269,87.035221,0.91865989,60,28.457754,28.0,2436.9862,1000.0,15.625,15.625,11375.0,493.5,10881.5
supply_calendar,1.0,2026-05-13_912810UU0_pre,2026-05-13_912810UU0,pre,DGS30,UB,UB,False,UBM2026,2026-05-06,2026-05-13,2026-05-28,2026-05-05,ok,-1.0,0.0025,5,1.0,3.9834048,1.0,1.0,False,2806.7295,167.1236,0.91761623,60,16.794333,17.0,2841.1013,1000.0,31.25,31.25,32406.25,565.25,31841.0
supply_calendar,1.0,2026-05-11_91282CQR5_post,2026-05-11_91282CQR5,post,DGS3,ZT,ZT,False,ZTM2026,2026-05-11,2026-05-18,2026-05-28,2026-05-08,ok,1.0,0.0025,5,1.0,5.1059675,1.0,1.0,False,2189.6614,38.219887,0.89266035,60,57.291154,57.0,2178.5335,2000.0,7.8125,7.8125,-31171.875,559.3125,-31731.1875
supply_calendar,1.0,2026-05-12_91282CQQ7_post,2026-05-12_91282CQQ7,post,DGS10,TN,TN,False,TNM2026,2026-05-12,2026-05-19,2026-05-28,2026-05-11,ok,1.0,0.0025,5,1.0,4.4032602,1.0,1.0,False,2539.105,87.164079,0.91433362,60,29.130176,29.0,2527.7583,1000.0,15.625,15.625,-50750.0,511.125,-51261.125
supply_calendar,1.0,2026-05-13_912810UU0_post,2026-05-13_912810UU0,post,DGS30,UB,UB,False,UBU2026,2026-05-13,2026-05-20,2026-08-28,2026-05-12,ok,1.0,0.0025,5,1.0,3.6974186,1.0,1.0,False,3023.8232,168.78035,0.90748992,60,17.91573,18.0,3038.0463,1000.0,31.25,31.25,-23062.5,598.5,-23661.0
supply_calendar,1.0,2026-05-20_912810UV8_pre,2026-05-20_912810UV8,pre,DGS20,ZB,ZB,False,ZBU2026,2026-05-13,2026-05-20,2026-08-28,2026-05-12,ok,-1.0,0.0025,5,1.0,3.9950181,1.0,1.0,False,2798.5705,144.60986,0.91265025,60,19.352557,19.0,2747.5873,1000.0,31.25,31.25,23156.25,631.75,22524.5
supply_calendar,1.0,2026-05-26_91282CQS3_pre,2026-05-26_91282CQS3,pre,DGS2,ZT,ZT,False,ZTU2026,2026-05-18,2026-05-26,2026-08-28,2026-05-15,ok,-1.0,0.0025,5,1.0,4.9179425,1.0,1.0,False,2273.3775,41.347149,0.89070404,60,54.982691,55.0,2274.0932,2000.0,7.8125,7.8125,-13320.3125,539.6875,-13860.0
supply_calendar,1.0,2026-05-27_91282CQU8_pre,2026-05-27_91282CQU8,pre,DGS5,ZF,ZF,False,ZFU2026,2026-05-19,2026-05-27,2026-08-28,2026-05-18,ok,-1.0,0.0025,5,1.0,5.289794,1.0,1.0,False,2113.5681,43.712647,0.90952378,60,48.351409,48.0,2098.2071,1000.0,7.8125,7.8125,-33750.0,471.0,-34221.0
supply_calendar,1.0,2026-05-20_912810UV8_post,2026-05-20_912810UV8,post,DGS20,ZB,ZB,False,ZBU2026,2026-05-20,2026-05-28,2026-08-28,2026-05-19,ok,1.0,0.0025,5,1.0,4.3094955,1.0,1.0,False,2594.3501,143.70703,0.92163269,60,18.053049,18.0,2586.7265,1000.0,31.25,31.25,35437.5,598.5,34839.0
supply_calendar,1.0,2026-05-28_91282CQT1_pre,2026-05-28_91282CQT1,pre,DGS7,ZN,ZN,False,ZNU2026,2026-05-20,2026-05-28,2026-08-28,2026-05-19,ok,-1.0,0.0025,5,1.0,5.071773,1.0,1.0,False,2204.4243,66.293385,0.90216253,60,33.252554,33.0,2187.6817,1000.0,15.625,15.625,-21656.25,581.625,-22237.875
supply_calendar,1.0,2026-05-26_91282CQS3_post,2026-05-26_91282CQS3,post,DGS2,ZT,ZT,False,ZTU2026,2026-05-26,2026-06-02,2026-08-28,2026-05-22,ok,1.0,0.0025,5,1.0,5.0476543,1.0,1.0,False,2214.9575,40.136995,0.89078141,60,55.184937,55.0,2207.5347,2000.0,7.8125,7.8125,-3007.8125,539.6875,-3547.5
supply_calendar,1.0,2026-05-27_91282CQU8_post,2026-05-27_91282CQU8,post,DGS5,ZF,ZF,False,ZFU2026,2026-05-27,2026-06-03,2026-08-28,2026-05-26,ok,1.0,0.0025,5,1.0,5.3660104,1.0,1.0,False,2083.5479,43.684193,0.91410958,60,47.695695,48.0,2096.8412,1000.0,7.8125,7.8125,-8250.0,471.0,-8721.0
supply_calendar,1.0,2026-05-28_91282CQT1_post,2026-05-28_91282CQT1,post,DGS7,ZN,ZN,False,ZNU2026,2026-05-28,2026-06-04,2026-08-28,2026-05-27,ok,1.0,0.0025,5,1.0,5.1961252,1.0,1.0,False,2151.6687,65.951006,0.9062861,60,32.625259,33.0,2176.3832,1000.0,15.625,15.625,-6703.125,581.625,-7284.75
supply_calendar,1.0,2026-06-09_91282CQV6_pre,2026-06-09_91282CQV6,pre,DGS3,ZT,ZT,False,ZTU2026,2026-06-02,2026-06-09,2026-08-28,2026-06-01,ok,-1.0,0.0025,5,1.0,5.2340692,1.0,1.0,False,2136.0703,38.341507,0.89034214,60,55.711694,56.0,2147.1244,2000.0,7.8125,7.8125,16625.0,549.5,16075.5
supply_calendar,1.0,2026-06-10_91282CQQ7_pre,2026-06-10_91282CQQ7,pre,DGS10,TN,TN,False,TNU2026,2026-06-03,2026-06-10,2026-08-28,2026-06-02,ok,-1.0,0.0025,5,1.0,4.7348927,1.0,1.0,False,2361.2657,88.53786,0.93542662,60,26.669559,27.0,2390.5222,1000.0,15.625,15.625,10968.75,475.875,10492.875
supply_calendar,1.0,2026-06-11_912810UU0_pre,2026-06-11_912810UU0,pre,DGS30,UB,UB,False,UBU2026,2026-06-04,2026-06-11,2026-08-28,2026-06-03,ok,-1.0,0.0025,5,1.0,3.8787775,1.0,1.0,False,2882.4391,178.33782,0.93958111,60,16.162803,16.0,2853.4051,1000.0,31.25,31.25,-9000.0,532.0,-9532.0
supply_calendar,1.0,2026-06-09_91282CQV6_post,2026-06-09_91282CQV6,post,DGS3,ZT,ZT,False,ZTU2026,2026-06-09,2026-06-16,2026-08-28,2026-06-08,ok,1.0,0.0025,5,1.0,5.2853865,1.0,1.0,False,2115.3306,37.617569,0.90481392,60,56.232517,56.0,2106.5839,2000.0,7.8125,7.8125,17937.5,549.5,17388.0
supply_calendar,1.0,2026-06-16_912810UV8_pre,2026-06-16_912810UV8,pre,DGS20,ZB,ZB,False,ZBU2026,2026-06-09,2026-06-16,2026-08-28,2026-06-08,ok,-1.0,0.0025,5,1.0,4.2897855,1.0,1.0,False,2606.2701,143.77571,0.93155333,60,18.127332,18.0,2587.9628,1000.0,31.25,31.25,-25312.5,598.5,-25911.0
supply_calendar,1.0,2026-06-10_91282CQQ7_post,2026-06-10_91282CQQ7,post,DGS10,TN,TN,False,TNU2026,2026-06-10,2026-06-17,2026-08-28,2026-06-09,ok,1.0,0.0025,5,1.0,4.7066487,0.5,1.0,False,1187.7177,86.672724,0.93880186,60,13.703477,14.0,1213.4181,1000.0,15.625,15.625,10062.5,246.75,9815.75
supply_calendar,1.0,2026-06-11_912810UU0_post,2026-06-11_912810UU0,post,DGS30,UB,UB,False,UBU2026,2026-06-11,2026-06-18,2026-08-28,2026-06-10,ok,1.0,0.0025,5,1.0,3.7565762,0.5,1.0,False,1488.1024,173.13986,0.93107117,60,8.5947994,9.0,1558.2588,1000.0,31.25,31.25,8437.5,299.25,8138.25
supply_calendar,1.0,2026-06-23_91282CQY0_pre,2026-06-23_91282CQY0,pre,DGS2,ZT,ZT,False,ZTU2026,2026-06-15,2026-06-23,2026-08-28,2026-06-12,ok,-1.0,0.0025,5,1.0,5.2254268,0.5,1.0,False,1069.8016,37.180905,0.91912917,60,28.772877,29.0,1078.2462,2000.0,7.8125,7.8125,12687.5,284.5625,12402.9375
supply_calendar,1.0,2026-06-16_912810UV8_post,2026-06-16_912810UV8,post,DGS20,ZB,ZB,False,ZBU2026,2026-06-16,2026-06-24,2026-08-28,2026-06-15,ok,1.0,0.0025,5,1.0,3.8926267,0.5,1.0,False,1436.092,146.60235,0.92449199,60,9.795832,10.0,1466.0235,1000.0,31.25,31.25,9062.5,332.5,8730.0
supply_calendar,1.0,2026-06-24_91282CQX2_pre,2026-06-24_91282CQX2,pre,DGS5,ZF,ZF,False,ZFU2026,2026-06-16,2026-06-24,2026-08-28,2026-06-15,ok,-1.0,0.0025,5,1.0,5.1948203,0.5,1.0,False,1076.1046,42.694338,0.94940063,60,25.204855,25.0,1067.3585,1000.0,7.8125,7.8125,2343.75,245.3125,2098.4375
supply_calendar,1.0,2026-06-25_91282CQW4_pre,2026-06-25_91282CQW4,pre,DGS7,ZN,ZN,False,ZNU2026,2026-06-17,2026-06-25,2026-08-28,2026-06-16,ok,-1.0,0.0025,5,1.0,4.8889071,1.0,1.0,False,2286.8792,66.198359,0.94145772,60,34.545859,35.0,2316.9426,1000.0,15.625,15.625,-18593.75,616.875,-19210.625
supply_calendar,1.0,2026-06-23_91282CQY0_post,2026-06-23_91282CQY0,post,DGS2,ZT,ZT,False,ZTU2026,2026-06-23,2026-06-30,2026-08-28,2026-06-22,ok,1.0,0.0025,5,1.0,5.1038924,1.0,1.0,False,2190.5516,35.414475,0.91257696,60,61.854697,62.0,2195.6975,2000.0,7.8125,7.8125,13078.125,608.375,12469.75
supply_calendar,1.0,2026-06-24_91282CQX2_post,2026-06-24_91282CQX2,post,DGS5,ZF,ZF,False,ZFU2026,2026-06-24,2026-07-01,2026-08-28,2026-06-23,ok,1.0,0.0025,5,1.0,4.9977113,1.0,1.0,False,2237.092,41.498787,0.93126655,60,53.907406,54.0,2240.9345,1000.0,7.8125,7.8125,-12234.375,529.875,-12764.25
supply_calendar,1.0,2026-06-25_91282CQW4_post,2026-06-25_91282CQW4,post,DGS7,ZN,ZN,False,ZNU2026,2026-06-25,2026-07-02,2026-08-28,2026-06-24,ok,1.0,0.0025,5,1.0,4.8250757,1.0,1.0,False,2317.1325,62.616027,0.92863175,60,37.005422,37.0,2316.793,1000.0,15.625,15.625,-19078.125,652.125,-19730.25
supply_calendar,1.0,2026-07-07_91282CQZ7_pre,2026-07-07_91282CQZ7,pre,DGS3,ZT,ZT,False,ZTU2026,2026-06-29,2026-07-07,2026-08-28,2026-06-26,ok,-1.0,0.0025,5,1.0,5.0699904,1.0,1.0,True,2205.1994,34.869275,0.91160493,60,63.241907,35.0,1220.4246,2000.0,7.8125,7.8125,6835.9375,343.4375,6492.5
supply_calendar,1.0,2026-07-08_91282CQQ7_pre,2026-07-08_91282CQQ7,pre,DGS10,TN,TN,False,TNU2026,2026-06-30,2026-07-08,2026-08-28,2026-06-29,ok,-1.0,0.0025,5,1.0,4.2708776,1.0,1.0,False,2617.8085,86.922486,0.94117111,60,30.116586,30.0,2607.6746,1000.0,15.625,15.625,38437.5,528.75,37908.75
supply_calendar,1.0,2026-07-09_912810UU0_pre,2026-07-09_912810UU0,pre,DGS30,UB,UB,False,UBU2026,2026-07-01,2026-07-09,2026-08-28,2026-06-30,ok,-1.0,0.0025,5,1.0,3.3446137,1.0,1.0,False,3342.7896,182.10227,0.94154966,60,18.356661,18.0,3277.8409,1000.0,31.25,31.25,27000.0,598.5,26401.5
supply_calendar,1.0,2026-07-07_91282CQZ7_post,2026-07-07_91282CQZ7,post,DGS3,ZT,ZT,False,ZTU2026,2026-07-07,2026-07-14,2026-08-28,2026-07-06,ok,1.0,0.0025,5,1.0,4.988801,1.0,1.0,False,2241.0876,35.253082,0.91905169,60,63.571395,64.0,2256.1972,2000.0,7.8125,7.8125,-7000.0,628.0,-7628.0
supply_calendar,1.0,2026-07-08_91282CQQ7_post,2026-07-08_91282CQQ7,post,DGS10,TN,TN,False,TNU2026,2026-07-08,2026-07-15,2026-08-28,2026-07-07,ok,1.0,0.0025,5,1.0,4.385518,1.0,1.0,False,2549.3773,85.452805,0.93972276,60,29.833746,30.0,2563.5841,1000.0,15.625,15.625,6093.75,528.75,5565.0
supply_calendar,1.0,2026-07-09_912810UU0_post,2026-07-09_912810UU0,post,DGS30,UB,UB,False,UBU2026,2026-07-09,2026-07-16,2026-08-28,2026-07-08,ok,1.0,0.0025,5,1.0,3.5012104,1.0,1.0,False,3193.2785,180.00346,0.95661489,60,17.740095,18.0,3240.0622,1000.0,31.25,31.25,-13500.0,598.5,-14098.5
supply_calendar,1.0,2026-07-22_912810UV8_pre,2026-07-22_912810UV8,pre,DGS20,ZB,ZB,False,ZBU2026,2026-07-15,2026-07-22,2026-08-28,2026-07-14,ok,-1.0,0.0025,5,1.0,4.0147679,1.0,1.0,False,2784.8035,136.20551,0.93086645,60,20.445602,20.0,2724.1101,1000.0,31.25,31.25,23750.0,665.0,23085.0
supply_calendar,1.0,2026-07-27_91282CRA1_pre,2026-07-27_91282CRA1,pre,DGS5,ZF,ZF,False,ZFU2026,2026-07-20,2026-07-27,2026-08-28,2026-07-17,ok,-1.0,0.0025,5,1.0,5.0592813,1.0,1.0,False,2209.8672,41.126095,0.94731925,60,53.733942,54.0,2220.8091,1000.0,7.8125,7.8125,14765.625,529.875,14235.75
supply_calendar,1.0,2026-07-27_91282CRB9_pre,2026-07-27_91282CRB9,pre,DGS2,ZT,ZT,False,ZTU2026,2026-07-20,2026-07-27,2026-08-28,2026-07-17,ok,-1.0,0.0025,5,1.0,5.2292096,1.0,1.0,False,2138.0554,34.276537,0.92277049,60,62.376647,62.0,2125.1453,2000.0,7.8125,7.8125,21312.5,608.375,20704.125
supply_calendar,1.0,2026-07-28_91282CRC7_pre,2026-07-28_91282CRC7,pre,DGS7,ZN,ZN,False,ZNU2026,2026-07-21,2026-07-28,2026-08-28,2026-07-20,ok,-1.0,0.0025,5,1.0,4.9138051,1.0,1.0,False,2275.2917,62.595057,0.94176729,60,36.349383,36.0,2253.4221,1000.0,15.625,15.625,-6187.5,634.5,-6822.0
supply_calendar,1.0,2026-07-22_912810UV8_post,2026-07-22_912810UV8,post,DGS20,ZB,ZB,False,ZBU2026,2026-07-22,2026-07-29,2026-08-28,2026-07-21,ok,1.0,0.0025,5,1.0,4.0135364,0.5,1.0,False,1392.829,136.0151,0.93295205,60,10.240253,10.0,1360.151,1000.0,31.25,31.25,2500.0,332.5,2167.5
supply_calendar,1.0,2026-07-27_91282CRA1_post,2026-07-27_91282CRA1,post,DGS5,ZF,ZF,False,ZFU2026,2026-07-27,2026-08-03,2026-08-28,2026-07-24,ok,1.0,0.0025,5,1.0,5.1002382,0.5,1.0,False,1096.0606,41.367461,0.9498055,60,26.495718,26.0,1075.554,1000.0,7.8125,7.8125,609.375,255.125,354.25
supply_calendar,1.0,2026-07-27_91282CRB9_post,2026-07-27_91282CRB9,post,DGS2,ZT,ZT,False,ZTU2026,2026-07-27,2026-08-03,2026-08-28,2026-07-24,ok,1.0,0.0025,5,1.0,5.2609584,0.5,1.0,False,1062.5763,34.41179,0.92961712,60,30.878264,31.0,1066.7655,2000.0,7.8125,7.8125,7023.4375,304.1875,6719.25
supply_calendar,1.0,2026-07-28_91282CRC7_post,2026-07-28_91282CRC7,post,DGS7,ZN,ZN,False,ZNU2026,2026-07-28,2026-08-04,2026-08-28,2026-07-27,ok,1.0,0.0025,5,1.0,4.9075924,0.5,1.0,False,1139.086,62.27715,0.94170352,60,18.290593,18.0,1120.9887,1000.0,15.625,15.625,562.5,317.25,245.25
supply_calendar,1.0,2026-08-11_91282CRG8_pre,2026-08-11_91282CRG8,pre,DGS3,ZT,ZT,False,ZTU2026,2026-08-04,2026-08-11,2026-08-28,2026-08-03,ok,-1.0,0.0025,5,1.0,4.9268949,1.0,1.0,False,2269.2467,34.272683,0.91287362,60,66.211526,66.0,2261.9971,2000.0,7.8125,7.8125,4640.625,647.625,3993.0
supply_calendar,1.0,2026-08-12_91282CRF0_pre,2026-08-12_91282CRF0,pre,DGS10,TN,TN,False,TNU2026,2026-08-05,2026-08-12,2026-08-28,2026-08-04,ok,-1.0,0.0025,5,1.0,4.4909199,1.0,1.0,False,2489.5434,83.251775,0.91002154,60,29.903787,30.0,2497.5533,1000.0,15.625,15.625,16406.25,528.75,15877.5
supply_calendar,1.0,2026-08-13_912810UW6_pre,2026-08-13_912810UW6,pre,DGS30,UB,UB,False,UBU2026,2026-08-06,2026-08-13,2026-08-28,2026-08-05,ok,-1.0,0.0025,5,1.0,3.8088508,1.0,1.0,False,2935.3578,162.97268,0.87544388,60,18.011349,18.0,2933.5083,1000.0,31.25,31.25,-1125.0,598.5,-1723.5
supply_calendar,1.0,2026-08-11_91282CRG8_post,2026-08-11_91282CRG8,post,DGS3,ZT,ZT,False,ZTU2026,2026-08-11,2026-08-18,2026-08-28,2026-08-10,ok,1.0,0.0025,5,1.0,5.1205524,1.0,1.0,False,2183.4246,33.34716,0.91351866,60,65.475579,65.0,2167.5654,2000.0,7.8125,7.8125,12695.3125,637.8125,12057.5
supply_calendar,1.0,2026-08-12_91282CRF0_post,2026-08-12_91282CRF0,post,DGS10,TN,TN,False,TNU2026,2026-08-12,2026-08-19,2026-08-28,2026-08-11,ok,1.0,0.0025,5,1.0,4.6068912,1.0,1.0,False,2426.873,80.687815,0.91037759,60,30.077317,30.0,2420.6345,1000.0,15.625,15.625,10781.25,528.75,10252.5
supply_calendar,1.0,2026-08-19_912810UX4_pre,2026-08-19_912810UX4,pre,DGS20,ZB,ZB,False,ZBU2026,2026-08-12,2026-08-19,2026-08-28,2026-08-11,ok,-1.0,0.0025,5,1.0,4.2033078,1.0,1.0,False,2659.8908,127.86598,0.87220879,60,20.802177,21.0,2685.1856,1000.0,31.25,31.25,-19687.5,698.25,-20385.75
supply_calendar,1.0,2026-08-13_912810UW6_post,2026-08-13_912810UW6,post,DGS30,UB,UB,False,UBU2026,2026-08-13,2026-08-20,2026-08-28,2026-08-12,ok,1.0,0.0025,5,1.0,3.6767709,1.0,1.0,False,3040.8041,150.67076,0.85166282,60,20.181779,20.0,3013.4152,1000.0,31.25,31.25,-6250.0,665.0,-6915.0
supply_calendar,1.0,2026-08-25_91282CRH6_pre,2026-08-25_91282CRH6,pre,DGS2,ZT,ZT,False,ZTZ2026,2026-08-18,2026-08-25,2026-11-27,2026-08-17,ok,-1.0,0.0025,5,1.0,5.0207198,1.0,1.0,False,2226.84,33.057026,0.92715231,60,67.363592,67.0,2214.8208,2000.0,7.8125,7.8125,3664.0625,657.4375,3006.625
supply_calendar,1.0,2026-08-19_912810UX4_post,2026-08-19_912810UX4,post,DGS20,ZB,ZB,False,ZBZ2026,2026-08-19,2026-08-26,2026-11-27,2026-08-18,ok,1.0,0.0025,5,1.0,3.775441,1.0,1.0,False,2961.3335,126.37736,0.837733,60,23.432469,23.0,2906.6792,1000.0,31.25,31.25,2156.25,764.75,1391.5
supply_calendar,1.0,2026-08-26_91282CRK9_pre,2026-08-26_91282CRK9,pre,DGS5,ZF,ZF,False,ZFZ2026,2026-08-19,2026-08-26,2026-11-27,2026-08-18,ok,-1.0,0.0025,5,1.0,4.7435951,1.0,1.0,False,2356.9338,39.546221,0.94269378,60,59.599471,60.0,2372.7732,1000.0,7.8125,7.8125,5625.0,588.75,5036.25
supply_calendar,1.0,2026-08-27_91282CRJ2_pre,2026-08-27_91282CRJ2,pre,DGS7,ZN,ZN,False,ZNZ2026,2026-08-20,2026-08-27,2026-11-27,2026-08-19,ok,-1.0,0.0025,5,1.0,4.5439163,1.0,1.0,False,2460.5075,59.994989,0.9164152,60,41.011883,41.0,2459.7946,1000.0,15.625,15.625,-3843.75,722.625,-4566.375
supply_calendar,1.0,2026-08-25_91282CRH6_post,2026-08-25_91282CRH6,post,DGS2,ZT,ZT,False,ZTZ2026,2026-08-25,2026-09-01,2026-11-27,2026-08-24,ok,1.0,0.0025,5,1.0,4.7274592,1.0,1.0,False,2364.9786,33.432839,0.92013129,60,70.738193,71.0,2373.7316,2000.0,7.8125,7.8125,-53804.6875,696.6875,-54501.375
supply_calendar,1.0,2026-08-26_91282CRK9_post,2026-08-26_91282CRK9,post,DGS5,ZF,ZF,False,ZFZ2026,2026-08-26,2026-09-02,2026-11-27,2026-08-25,ok,1.0,0.0025,5,1.0,4.7262938,1.0,1.0,False,2365.5618,39.115455,0.94354147,60,60.476396,60.0,2346.9273,1000.0,7.8125,7.8125,-44062.5,588.75,-44651.25
supply_calendar,1.0,2026-08-27_91282CRJ2_post,2026-08-27_91282CRJ2,post,DGS7,ZN,ZN,False,ZNZ2026,2026-08-27,2026-09-03,2026-11-27,2026-08-26,ok,1.0,0.0025,5,1.0,4.5342077,1.0,1.0,False,2465.7759,59.91834,0.92169325,60,41.152272,41.0,2456.6519,1000.0,15.625,15.625,-27546.875,722.625,-28269.5
supply_calendar,1.0,2026-09-08_91282CRL7_pre,2026-09-08_91282CRL7,pre,DGS3,ZT,ZT,False,ZTZ2026,2026-08-31,2026-09-08,2026-11-27,2026-08-28,ok,-1.0,0.0025,5,1.0,4.9554798,1.0,1.0,True,2256.1569,33.297691,0.91214275,60,67.757158,22.0,732.5492,2000.0,7.8125,7.8125,3953.125,215.875,3737.25
supply_calendar,1.0,2026-09-09_91282CRF0_pre,2026-09-09_91282CRF0,pre,DGS10,TN,TN,False,TNZ2026,2026-09-01,2026-09-09,2026-11-27,2026-08-31,ok,-1.0,0.0025,5,1.0,4.3974826,1.0,1.0,False,2542.441,76.853198,0.90213965,60,33.081785,33.0,2536.1555,1000.0,15.625,15.625,10828.125,581.625,10246.5
supply_calendar,1.0,2026-09-10_912810UW6_pre,2026-09-10_912810UW6,pre,DGS30,UB,UB,False,UBZ2026,2026-09-02,2026-09-10,2026-11-27,2026-09-01,ok,-1.0,0.0025,5,1.0,3.9288877,1.0,1.0,False,2845.6756,155.06163,0.87344799,60,18.351901,18.0,2791.1093,1000.0,31.25,31.25,27562.5,598.5,26964.0
supply_calendar,1.0,2026-09-08_91282CRL7_post,2026-09-08_91282CRL7,post,DGS3,ZT,ZT,False,ZTZ2026,2026-09-08,2026-09-15,2026-11-27,2026-09-04,ok,1.0,0.0025,5,1.0,4.7495465,1.0,1.0,False,2353.9805,33.257911,0.90478276,60,70.779566,71.0,2361.3117,2000.0,7.8125,7.8125,-70445.3125,696.6875,-71142.0
supply_calendar,1.0,2026-09-15_912810UX4_pre,2026-09-15_912810UX4,pre,DGS20,ZB,ZB,False,ZBZ2026,2026-09-08,2026-09-15,2026-11-27,2026-09-04,ok,-1.0,0.0025,5,1.0,4.0706681,1.0,1.0,False,2746.5614,126.96261,0.87242068,60,21.632836,22.0,2793.1775,1000.0,31.25,31.25,39187.5,731.5,38456.0
supply_calendar,1.0,2026-09-09_91282CRF0_post,2026-09-09_91282CRF0,post,DGS10,TN,TN,False,TNZ2026,2026-09-09,2026-09-16,2026-11-27,2026-09-08,ok,1.0,0.0025,5,1.0,4.0767704,0.5,1.0,False,1371.2251,78.8779,0.89222435,60,17.384148,17.0,1340.9243,1000.0,15.625,15.625,-23640.625,299.625,-23940.25
supply_calendar,1.0,2026-09-10_912810UW6_post,2026-09-10_912810UW6,post,DGS30,UB,UB,False,UBZ2026,2026-09-10,2026-09-17,2026-11-27,2026-09-09,ok,1.0,0.0025,5,1.0,3.775441,0.5,1.0,False,1480.6667,153.80804,0.86143326,60,9.6267186,10.0,1538.0804,1000.0,31.25,31.25,11250.0,332.5,10917.5
supply_calendar,1.0,2026-09-15_912810UX4_post,2026-09-15_912810UX4,post,DGS20,ZB,ZB,False,ZBZ2026,2026-09-15,2026-09-22,2026-11-27,2026-09-14,ok,1.0,0.0025,5,1.0,4.076805,0.5,1.0,False,1371.2135,125.7744,0.86919927,60,10.902167,11.0,1383.5184,1000.0,31.25,31.25,9968.75,365.75,9603.0
supply_calendar,1.0,2026-09-22_91282CRP8_pre,2026-09-22_91282CRP8,pre,DGS2,ZT,ZT,False,ZTZ2026,2026-09-15,2026-09-22,2026-11-27,2026-09-14,ok,-1.0,0.0025,5,1.0,4.7178888,0.5,1.0,False,1184.888,34.438654,0.92598871,60,34.405759,34.0,1170.9142,2000.0,7.8125,7.8125,10359.375,333.625,10025.75
supply_calendar,1.0,2026-09-23_91282CRN3_pre,2026-09-23_91282CRN3,pre,DGS5,ZF,ZF,False,ZFZ2026,2026-09-16,2026-09-23,2026-11-27,2026-09-15,ok,-1.0,0.0025,5,1.0,4.580726,1.0,1.0,False,2440.7353,40.58335,0.93098004,60,60.141298,60.0,2435.001,1000.0,7.8125,7.8125,37968.75,588.75,37380.0
supply_calendar,1.0,2026-09-22_91282CRP8_post,2026-09-22_91282CRP8,post,DGS2,ZT,ZT,False,ZTZ2026,2026-09-22,2026-09-29,2026-11-27,2026-09-21,ok,1.0,0.0025,5,1.0,4.7589048,1.0,1.0,False,2349.3514,33.218546,0.92243384,60,70.72409,71.0,2358.5168,2000.0,7.8125,7.8125,-31062.5,696.6875,-31759.1875
supply_calendar,1.0,2026-09-23_91282CRN3_post,2026-09-23_91282CRN3,post,DGS5,ZF,ZF,False,ZFZ2026,2026-09-23,2026-09-30,2026-11-27,2026-09-22,ok,1.0,0.0025,5,1.0,4.5229796,1.0,1.0,False,2471.897,39.138663,0.91898128,60,63.157422,63.0,2465.7357,1000.0,7.8125,7.8125,-18210.9375,618.1875,-18829.125
month_end_zn_cost_2x,2.0,2024-10_demand,2024-10,demand,DGS10,ZN,ZN,False,ZNZ2024,2024-10-25,2024-10-31,2024-11-27,2024-10-24,ok,1.0,0.01,4,1.0,5.5439691,1.0,1.0,False,9018.8093,73.217092,0.9448795,60,123.17902,123.0,9005.7023,1000.0,15.625,15.625,-73031.25,4335.75,-77367.0
month_end_zn_cost_2x,2.0,2024-11_demand,2024-11,demand,DGS10,ZN,ZN,False,ZNH2025,2024-11-22,2024-11-29,2025-02-27,2024-11-21,ok,1.0,0.01,4,1.0,5.090675,1.0,1.0,False,9821.8802,65.329699,0.91075291,60,150.34327,150.0,9799.4548,1000.0,15.625,15.625,206250.0,5287.5,200962.5
month_end_zn_cost_2x,2.0,2024-12_demand,2024-12,demand,DGS10,ZN,ZN,False,ZNH2025,2024-12-24,2024-12-31,2025-02-27,2024-12-23,ok,1.0,0.01,4,1.0,5.7006294,1.0,1.0,False,8770.9614,64.966533,0.92698141,60,135.00738,135.0,8770.482,1000.0,15.625,15.625,25312.5,4758.75,20553.75
month_end_zn_cost_2x,2.0,2025-01_demand,2025-01,demand,DGS10,ZN,ZN,False,ZNH2025,2025-01-27,2025-01-31,2025-02-27,2025-01-24,ok,1.0,0.01,4,1.0,5.5447843,0.5,1.0,False,4508.7417,64.8625,0.92541109,60,69.512302,70.0,4540.375,1000.0,15.625,15.625,-21875.0,2467.5,-24342.5
month_end_zn_cost_2x,2.0,2025-02_demand,2025-02,demand,DGS10,ZN,ZN,False,ZNM2025,2025-02-24,2025-02-28,2025-05-29,2025-02-21,ok,1.0,0.01,4,1.0,5.4102591,1.0,1.0,False,9241.7015,69.500858,0.94791443,60,132.97248,133.0,9243.6141,1000.0,15.625,15.625,160015.625,4688.25,155327.375
month_end_zn_cost_2x,2.0,2025-03_demand,2025-03,demand,DGS10,ZN,ZN,False,ZNM2025,2025-03-25,2025-03-31,2025-05-29,2025-03-24,ok,1.0,0.01,4,1.0,5.2699714,1.0,1.0,False,9487.7175,68.178495,0.94549148,60,139.15997,139.0,9476.8108,1000.0,15.625,15.625,65156.25,4899.75,60256.5
month_end_zn_cost_2x,2.0,2025-04_demand,2025-04,demand,DGS10,ZN,ZN,False,ZNM2025,2025-04-24,2025-04-30,2025-05-29,2025-04-23,ok,1.0,0.01,4,1.0,6.21123,1.0,1.0,False,8049.9353,69.548646,0.87461665,60,115.74539,116.0,8067.6429,1000.0,15.625,15.625,116000.0,4089.0,111911.0
month_end_zn_cost_2x,2.0,2025-05_demand,2025-05,demand,DGS10,ZN,ZN,False,ZNU2025,2025-05-23,2025-05-30,2025-08-28,2025-05-22,ok,1.0,0.01,4,1.0,6.3178297,1.0,1.0,False,7914.1102,71.869758,0.87216619,60,110.11739,110.0,7905.6734,1000.0,15.625,15.625,68750.0,3877.5,64872.5
month_end_zn_cost_2x,2.0,2025-06_demand,2025-06,demand,DGS10,ZN,ZN,False,ZNU2025,2025-06-24,2025-06-30,2025-08-28,2025-06-23,ok,1.0,0.01,4,1.0,6.365936,1.0,1.0,False,7854.3045,73.930749,0.87680961,60,106.23867,106.0,7836.6593,1000.0,15.625,15.625,49687.5,3736.5,45951.0
month_end_zn_cost_2x,2.0,2025-07_demand,2025-07,demand,DGS10,ZN,ZN,False,ZNU2025,2025-07-25,2025-07-31,2025-08-28,2025-07-24,ok,1.0,0.01,4,1.0,5.1475407,0.5,1.0,False,4856.6882,69.506263,0.93522858,60,69.874108,70.0,4865.4384,1000.0,15.625,15.625,5468.75,2467.5,3001.25
month_end_zn_cost_2x,2.0,2025-08_demand,2025-08,demand,DGS10,ZN,ZN,False,ZNZ2025,2025-08-25,2025-08-29,2025-11-26,2025-08-22,ok,1.0,0.01,4,1.0,4.7150139,1.0,1.0,False,10604.423,74.165888,0.94429091,60,142.98248,143.0,10605.722,1000.0,15.625,15.625,71500.0,5040.75,66459.25
month_end_zn_cost_2x,2.0,2025-09_demand,2025-09,demand,DGS10,ZN,ZN,False,ZNZ2025,2025-09-24,2025-09-30,2025-11-26,2025-09-23,ok,1.0,0.01,4,1.0,4.3650836,1.0,1.0,False,11454.534,72.384259,0.9389382,60,158.24621,158.0,11436.713,1000.0,15.625,15.625,-22218.75,5569.5,-27788.25
month_end_zn_cost_2x,2.0,2025-10_demand,2025-10,demand,DGS10,ZN,ZN,False,ZNZ2025,2025-10-27,2025-10-31,2025-11-26,2025-10-24,ok,1.0,0.01,4,1.0,3.9367887,0.5,1.0,False,6350.3536,73.155895,0.9180426,60,86.805767,87.0,6364.5628,1000.0,15.625,15.625,-65250.0,3066.75,-68316.75
month_end_zn_cost_2x,2.0,2025-11_demand,2025-11,demand,DGS10,ZN,ZN,False,ZNH2026,2025-11-21,2025-11-28,2026-02-26,2025-11-20,ok,1.0,0.01,4,1.0,3.7066134,1.0,1.0,False,13489.402,67.754595,0.89987447,60,199.09207,199.0,13483.164,1000.0,15.625,15.625,27984.375,7014.75,20969.625
month_end_zn_cost_2x,2.0,2025-12_demand,2025-12,demand,DGS10,ZN,ZN,False,ZNH2026,2025-12-24,2025-12-31,2026-02-26,2025-12-23,ok,1.0,0.01,4,1.0,3.5558498,1.0,1.0,False,14061.336,68.783512,0.90617946,60,204.42888,204.0,14031.836,1000.0,15.625,15.625,-15937.5,7191.0,-23128.5
month_end_zn_cost_2x,2.0,2026-01_demand,2026-01,demand,DGS10,ZN,ZN,False,ZNH2026,2026-01-26,2026-01-30,2026-02-26,2026-01-23,ok,1.0,0.01,4,1.0,3.3495088,0.5,1.0,False,7463.781,66.537258,0.88939162,60,112.17446,112.0,7452.1729,1000.0,15.625,15.625,0.0,3948.0,-3948.0
month_end_zn_cost_2x,2.0,2026-02_demand,2026-02,demand,DGS10,ZN,ZN,False,ZNM2026,2026-02-23,2026-02-27,2026-05-28,2026-02-20,ok,1.0,0.01,4,1.0,3.3495088,1.0,1.0,False,14927.562,64.267235,0.88109258,60,232.27329,232.0,14909.998,1000.0,15.625,15.625,112375.0,8178.0,104197.0
month_end_zn_cost_2x,2.0,2026-03_demand,2026-03,demand,DGS10,ZN,ZN,False,ZNM2026,2026-03-25,2026-03-31,2026-05-28,2026-03-24,ok,1.0,0.01,4,1.0,4.0971259,1.0,1.0,False,12203.677,67.226626,0.84030049,60,181.53041,182.0,12235.246,1000.0,15.625,15.625,28437.5,6415.5,22022.0
month_end_zn_cost_2x,2.0,2026-04_demand,2026-04,demand,DGS10,ZN,ZN,False,ZNM2026,2026-04-24,2026-04-30,2026-05-28,2026-04-23,ok,1.0,0.01,4,1.0,4.4928066,0.5,1.0,False,5564.4506,68.886797,0.8672791,60,80.776735,81.0,5579.8306,1000.0,15.625,15.625,-50625.0,2855.25,-53480.25
month_end_zn_cost_2x,2.0,2026-05_demand,2026-05,demand,DGS10,ZN,ZN,False,ZNU2026,2026-05-22,2026-05-29,2026-08-28,2026-05-21,ok,1.0,0.01,4,1.0,4.8092131,1.0,1.0,False,10396.711,71.696565,0.88341772,60,145.00989,145.0,10396.002,1000.0,15.625,15.625,122343.75,5111.25,117232.5
month_end_zn_cost_2x,2.0,2026-06_demand,2026-06,demand,DGS10,ZN,ZN,False,ZNU2026,2026-06-24,2026-06-30,2026-08-28,2026-06-23,ok,1.0,0.01,4,1.0,4.3362876,1.0,1.0,False,11530.601,70.337852,0.93643288,60,163.93166,164.0,11535.408,1000.0,15.625,15.625,-17937.5,5781.0,-23718.5
month_end_zn_cost_2x,2.0,2026-07_demand,2026-07,demand,DGS10,ZN,ZN,False,ZNU2026,2026-07-27,2026-07-31,2026-08-28,2026-07-24,ok,1.0,0.01,4,1.0,4.4011747,0.5,1.0,False,5680.3016,69.651803,0.9208057,60,81.55283,82.0,5711.4478,1000.0,15.625,15.625,-47406.25,2890.5,-50296.75
month_end_zn_cost_2x,2.0,2026-08_demand,2026-08,demand,DGS10,ZN,ZN,False,ZNZ2026,2026-08-25,2026-08-31,2026-11-27,2026-08-24,ok,1.0,0.01,4,1.0,4.2795995,1.0,1.0,False,11683.336,60.81182,0.87847716,60,192.12279,192.0,11675.87,1000.0,15.625,15.625,-183000.0,6768.0,-189768.0
month_end_zn_cost_2x,2.0,2026-09_demand,2026-09,demand,DGS10,ZN,ZN,False,ZNZ2026,2026-09-24,2026-09-30,2026-11-27,2026-09-23,ok,1.0,0.01,4,1.0,4.5884589,1.0,1.0,False,10896.905,60.624941,0.88186723,60,179.74294,180.0,10912.489,1000.0,15.625,15.625,-118125.0,6345.0,-124470.0
supply_calendar_cost_2x,2.0,2024-10-08_91282CLQ2_pre,2024-10-08_91282CLQ2,pre,DGS3,ZT,ZT,False,ZTZ2024,2024-10-01,2024-10-08,2024-11-27,2024-09-30,ok,-1.0,0.0025,5,1.0,6.1694298,1.0,1.0,False,1812.2161,42.511007,0.92023957,60,42.629337,43.0,1827.9733,2000.0,7.8125,7.8125,64164.0625,843.875,63320.1875
supply_calendar_cost_2x,2.0,2024-10-09_91282CLF6_pre,2024-10-09_91282CLF6,pre,DGS10,TN,TN,False,TNZ2024,2024-10-02,2024-10-09,2024-11-27,2024-10-01,ok,-1.0,0.0025,5,1.0,5.0847062,1.0,1.0,False,2198.8173,93.981497,0.95863282,60,23.396279,23.0,2161.5744,1000.0,15.625,15.625,61093.75,810.75,60283.0
supply_calendar_cost_2x,2.0,2024-10-10_912810UC0_pre,2024-10-10_912810UC0,pre,DGS30,UB,UB,False,UBZ2024,2024-10-03,2024-10-10,2024-11-27,2024-10-02,ok,-1.0,0.0025,5,1.0,4.9481778,1.0,1.0,False,2259.4863,211.97721,0.94753599,60,10.6591,11.0,2331.7494,1000.0,31.25,31.25,47781.25,731.5,47049.75
supply_calendar_cost_2x,2.0,2024-10-08_91282CLQ2_post,2024-10-08_91282CLQ2,post,DGS3,ZT,ZT,False,ZTZ2024,2024-10-08,2024-10-16,2024-11-27,2024-10-07,ok,1.0,0.0025,5,1.0,6.8628822,1.0,1.0,False,1629.1027,41.938858,0.93705396,60,38.844707,39.0,1635.6155,2000.0,7.8125,7.8125,4265.625,765.375,3500.25
supply_calendar_cost_2x,2.0,2024-10-09_91282CLF6_post,2024-10-09_91282CLF6,post,DGS10,TN,TN,False,TNZ2024,2024-10-09,2024-10-17,2024-11-27,2024-10-08,ok,1.0,0.0025,5,1.0,5.4039899,1.0,1.0,False,2068.9046,93.651908,0.96473044,60,22.091431,22.0,2060.342,1000.0,15.625,15.625,-6875.0,775.5,-7650.5
supply_calendar_cost_2x,2.0,2024-10-10_912810UC0_post,2024-10-10_912810UC0,post,DGS30,UB,UB,False,UBZ2024,2024-10-10,2024-10-18,2024-11-27,2024-10-09,ok,1.0,0.0025,5,1.0,4.8915932,1.0,1.0,False,2285.6234,214.89688,0.94919477,60,10.635908,11.0,2363.8656,1000.0,31.25,31.25,687.5,731.5,-44.0
supply_calendar_cost_2x,2.0,2024-10-23_912810UD8_pre,2024-10-23_912810UD8,pre,DGS20,ZB,ZB,False,ZBZ2024,2024-10-16,2024-10-23,2024-11-27,2024-10-15,ok,-1.0,0.0025,5,1.0,4.858332,1.0,1.0,False,2301.2713,158.74758,0.95482932,60,14.496418,14.0,2222.4661,1000.0,31.25,31.25,46375.0,931.0,45444.0
supply_calendar_cost_2x,2.0,2024-10-28_91282CLR0_pre,2024-10-28_91282CLR0,pre,DGS5,ZF,ZF,False,ZFZ2024,2024-10-21,2024-10-28,2024-11-27,2024-10-18,ok,-1.0,0.0025,5,1.0,6.2658612,1.0,1.0,False,1784.3261,45.323562,0.96754665,60,39.36862,39.0,1767.6189,1000.0,7.8125,7.8125,22851.5625,765.375,22086.1875
supply_calendar_cost_2x,2.0,2024-10-28_91282CLS8_pre,2024-10-28_91282CLS8,pre,DGS2,ZT,ZT,False,ZTZ2024,2024-10-21,2024-10-28,2024-11-27,2024-10-18,ok,-1.0,0.0025,5,1.0,7.2376136,1.0,1.0,False,1544.755,39.911344,0.94024724,60,38.70466,39.0,1556.5424,2000.0,7.8125,7.8125,18281.25,765.375,17515.875
supply_calendar_cost_2x,2.0,2024-10-29_91282CLU3_pre,2024-10-29_91282CLU3,pre,DGS7,ZN,ZN,False,ZNZ2024,2024-10-22,2024-10-29,2024-11-27,2024-10-21,ok,-1.0,0.0025,5,1.0,6.1188557,1.0,1.0,False,1827.1946,67.127529,0.96073229,60,27.21975,27.0,1812.4433,1000.0,15.625,15.625,16031.25,951.75,15079.5
supply_calendar_cost_2x,2.0,2024-10-23_912810UD8_post,2024-10-23_912810UD8,post,DGS20,ZB,ZB,False,ZBZ2024,2024-10-23,2024-10-30,2024-11-27,2024-10-22,ok,1.0,0.0025,5,1.0,5.0049693,1.0,1.0,False,2233.8479,159.30114,0.95719259,60,14.022799,14.0,2230.2159,1000.0,31.25,31.25,437.5,931.0,-493.5
supply_calendar_cost_2x,2.0,2024-10-28_91282CLR0_post,2024-10-28_91282CLR0,post,DGS5,ZF,ZF,False,ZFZ2024,2024-10-28,2024-11-04,2024-11-27,2024-10-25,ok,1.0,0.0025,5,1.0,6.3544104,1.0,1.0,False,1759.4614,45.6365,0.97156644,60,38.553821,39.0,1779.8235,1000.0,7.8125,7.8125,-10968.75,765.375,-11734.125
supply_calendar_cost_2x,2.0,2024-10-28_91282CLS8_post,2024-10-28_91282CLS8,post,DGS2,ZT,ZT,False,ZTZ2024,2024-10-28,2024-11-04,2024-11-27,2024-10-25,ok,1.0,0.0025,5,1.0,7.2703251,1.0,1.0,False,1537.8047,40.255694,0.94412561,60,38.200923,38.0,1529.7164,2000.0,7.8125,7.8125,-8015.625,745.75,-8761.375
supply_calendar_cost_2x,2.0,2024-11-04_91282CLX7_pre,2024-11-04_91282CLX7,pre,DGS3,ZT,ZT,False,ZTZ2024,2024-10-28,2024-11-04,2024-11-27,2024-10-25,ok,-1.0,0.0025,5,1.0,6.9362513,1.0,1.0,False,1611.8707,42.150987,0.94217726,60,38.240401,38.0,1601.7375,2000.0,7.8125,7.8125,8015.625,745.75,7269.875
supply_calendar_cost_2x,2.0,2024-10-29_91282CLU3_post,2024-10-29_91282CLU3,post,DGS7,ZN,ZN,False,ZNZ2024,2024-10-29,2024-11-05,2024-11-27,2024-10-28,ok,1.0,0.0025,5,1.0,5.852712,1.0,1.0,False,1910.2836,66.902987,0.96342849,60,28.553039,29.0,1940.1866,1000.0,15.625,15.625,-9968.75,1022.25,-10991.0
supply_calendar_cost_2x,2.0,2024-11-05_91282CLW9_pre,2024-11-05_91282CLW9,pre,DGS10,TN,TN,False,TNZ2024,2024-10-29,2024-11-05,2024-11-27,2024-10-28,ok,-1.0,0.0025,5,1.0,5.3504052,1.0,1.0,False,2089.6249,92.922332,0.96998843,60,22.487865,22.0,2044.2913,1000.0,15.625,15.625,4125.0,775.5,3349.5
supply_calendar_cost_2x,2.0,2024-11-06_912810UE6_pre,2024-11-06_912810UE6,pre,DGS30,UB,UB,False,UBZ2024,2024-10-30,2024-11-06,2024-11-27,2024-10-29,ok,-1.0,0.0025,5,1.0,4.5491354,1.0,1.0,False,2457.6846,208.06957,0.94194724,60,11.81184,12.0,2496.8349,1000.0,31.25,31.25,32625.0,798.0,31827.0
supply_calendar_cost_2x,2.0,2024-11-04_91282CLX7_post,2024-11-04_91282CLX7,post,DGS3,ZT,ZT,False,ZTZ2024,2024-11-04,2024-11-12,2024-11-27,2024-11-01,ok,1.0,0.0025,5,1.0,5.8020793,0.5,1.0,False,963.477,39.468036,0.92242177,60,24.411577,24.0,947.23286,2000.0,7.8125,7.8125,-16500.0,471.0,-16971.0
supply_calendar_cost_2x,2.0,2024-11-05_91282CLW9_post,2024-11-05_91282CLW9,post,DGS10,TN,TN,False,TNZ2024,2024-11-05,2024-11-13,2024-11-27,2024-11-04,ok,1.0,0.0025,5,1.0,4.6045912,0.5,1.0,False,1214.0426,93.374447,0.95568593,60,13.001872,13.0,1213.8678,1000.0,15.625,15.625,-19093.75,458.25,-19552.0
supply_calendar_cost_2x,2.0,2024-11-06_912810UE6_post,2024-11-06_912810UE6,post,DGS30,UB,UB,False,UBZ2024,2024-11-06,2024-11-14,2024-11-27,2024-11-05,ok,1.0,0.0025,5,1.0,4.4676805,0.5,1.0,False,1251.2466,206.37896,0.94079351,60,6.062859,6.0,1238.2738,1000.0,31.25,31.25,1312.5,399.0,913.5
supply_calendar_cost_2x,2.0,2024-11-20_912810UF3_pre,2024-11-20_912810UF3,pre,DGS20,ZB,ZB,False,ZBH2025,2024-11-13,2024-11-20,2025-02-27,2024-11-12,ok,-1.0,0.0025,5,1.0,5.0364771,1.0,1.0,False,2219.8731,140.80875,0.93237499,60,15.765164,16.0,2252.94,1000.0,31.25,31.25,-11500.0,1064.0,-12564.0
supply_calendar_cost_2x,2.0,2024-11-25_91282CLY5_pre,2024-11-25_91282CLY5,pre,DGS2,ZT,ZT,False,ZTH2025,2024-11-18,2024-11-25,2025-02-27,2024-11-15,ok,-1.0,0.0025,5,1.0,5.9159843,1.0,1.0,False,1889.8529,36.948075,0.88310615,60,51.148885,51.0,1884.3518,2000.0,7.8125,7.8125,-1992.1875,1000.875,-2993.0625
supply_calendar_cost_2x,2.0,2024-11-26_91282CMA6_pre,2024-11-26_91282CMA6,pre,DGS5,ZF,ZF,False,ZFH2025,2024-11-19,2024-11-26,2025-02-27,2024-11-18,ok,-1.0,0.0025,5,1.0,5.3420832,1.0,1.0,False,2092.8801,42.237797,0.94329577,60,49.549936,50.0,2111.8899,1000.0,7.8125,7.8125,-9765.625,981.25,-10746.875
supply_calendar_cost_2x,2.0,2024-11-20_912810UF3_post,2024-11-20_912810UF3,post,DGS20,ZB,ZB,False,ZBH2025,2024-11-20,2024-11-27,2025-02-27,2024-11-19,ok,1.0,0.0025,5,1.0,4.9629987,1.0,1.0,False,2252.7388,139.18695,0.93621623,60,16.184986,16.0,2226.9912,1000.0,31.25,31.25,34000.0,1064.0,32936.0
supply_calendar_cost_2x,2.0,2024-11-27_91282CLZ2_pre,2024-11-27_91282CLZ2,pre,DGS7,ZN,ZN,False,ZNH2025,2024-11-20,2024-11-27,2025-02-27,2024-11-19,ok,-1.0,0.0025,5,1.0,5.3339071,1.0,1.0,False,2096.0882,64.442362,0.94287792,60,32.526558,33.0,2126.5979,1000.0,15.625,15.625,-35062.5,1163.25,-36225.75
supply_calendar_cost_2x,2.0,2024-11-25_91282CLY5_post,2024-11-25_91282CLY5,post,DGS2,ZT,ZT,False,ZTH2025,2024-11-25,2024-12-03,2025-02-27,2024-11-22,ok,1.0,0.0025,5,1.0,5.5714162,1.0,1.0,False,2006.7321,36.819083,0.88286941,60,54.502502,55.0,2025.0496,2000.0,7.8125,7.8125,15468.75,1079.375,14389.375
supply_calendar_cost_2x,2.0,2024-11-26_91282CMA6_post,2024-11-26_91282CMA6,post,DGS5,ZF,ZF,False,ZFH2025,2024-11-26,2024-12-04,2025-02-27,2024-11-25,ok,1.0,0.0025,5,1.0,5.4793913,1.0,1.0,False,2040.4347,42.098587,0.9531684,60,48.468008,48.0,2020.7322,1000.0,7.8125,7.8125,24000.0,942.0,23058.0
supply_calendar_cost_2x,2.0,2024-11-27_91282CLZ2_post,2024-11-27_91282CLZ2,post,DGS7,ZN,ZN,False,ZNH2025,2024-11-27,2024-12-05,2025-02-27,2024-11-26,ok,1.0,0.0025,5,1.0,5.617165,1.0,1.0,False,1990.3884,64.494252,0.94799654,60,30.861485,31.0,1999.3218,1000.0,15.625,15.625,9203.125,1092.75,8110.375
supply_calendar_cost_2x,2.0,2024-12-10_91282CMB4_pre,2024-12-10_91282CMB4,pre,DGS3,ZT,ZT,False,ZTH2025,2024-12-03,2024-12-10,2025-02-27,2024-12-02,ok,-1.0,0.0025,5,1.0,5.6712178,1.0,1.0,False,1971.4178,35.614889,0.87028044,60,55.353755,55.0,1958.8189,2000.0,7.8125,7.8125,-3437.5,1079.375,-4516.875
supply_calendar_cost_2x,2.0,2024-12-11_91282CLW9_pre,2024-12-11_91282CLW9,pre,DGS10,TN,TN,False,TNH2025,2024-12-04,2024-12-11,2025-02-27,2024-12-03,ok,-1.0,0.0025,5,1.0,5.3809667,1.0,1.0,False,2077.7568,86.489329,0.94351986,60,24.023273,24.0,2075.7439,1000.0,15.625,15.625,19500.0,846.0,18654.0
supply_calendar_cost_2x,2.0,2024-12-12_912810UE6_pre,2024-12-12_912810UE6,pre,DGS30,UB,UB,False,UBH2025,2024-12-05,2024-12-12,2025-02-27,2024-12-04,ok,-1.0,0.0025,5,1.0,5.4351856,1.0,1.0,False,2057.03,194.28932,0.9407254,60,10.587458,11.0,2137.1825,1000.0,31.25,31.25,48812.5,731.5,48081.0
supply_calendar_cost_2x,2.0,2024-12-10_91282CMB4_post,2024-12-10_91282CMB4,post,DGS3,ZT,ZT,False,ZTH2025,2024-12-10,2024-12-17,2025-02-27,2024-12-09,ok,1.0,0.0025,5,1.0,5.405166,1.0,1.0,False,2068.4545,36.160611,0.87014121,60,57.201869,57.0,2061.1548,2000.0,7.8125,7.8125,-24492.1875,1118.625,-25610.8125
supply_calendar_cost_2x,2.0,2024-12-17_912810UF3_pre,2024-12-17_912810UF3,pre,DGS20,ZB,ZB,False,ZBH2025,2024-12-10,2024-12-17,2025-02-27,2024-12-09,ok,-1.0,0.0025,5,1.0,5.2686044,1.0,1.0,False,2122.0686,137.0479,0.93526377,60,15.484138,15.0,2055.7185,1000.0,31.25,31.25,39375.0,997.5,38377.5
supply_calendar_cost_2x,2.0,2024-12-11_91282CLW9_post,2024-12-11_91282CLW9,post,DGS10,TN,TN,False,TNH2025,2024-12-11,2024-12-18,2025-02-27,2024-12-10,ok,1.0,0.0025,5,1.0,5.3920846,0.5,1.0,False,1036.7363,86.292738,0.94373311,60,12.014178,12.0,1035.5129,1000.0,15.625,15.625,-25125.0,423.0,-25548.0
supply_calendar_cost_2x,2.0,2024-12-12_912810UE6_post,2024-12-12_912810UE6,post,DGS30,UB,UB,False,UBH2025,2024-12-12,2024-12-19,2025-02-27,2024-12-11,ok,1.0,0.0025,5,1.0,5.4653505,0.5,1.0,False,1022.8383,194.65493,0.9435972,60,5.2546232,5.0,973.27466,1000.0,31.25,31.25,-19375.0,332.5,-19707.5
supply_calendar_cost_2x,2.0,2024-12-23_91282CME8_pre,2024-12-23_91282CME8,pre,DGS2,ZT,ZT,False,ZTH2025,2024-12-16,2024-12-23,2025-02-27,2024-12-13,ok,-1.0,0.0025,5,1.0,5.540911,0.5,1.0,False,1008.89,34.508012,0.85673541,60,29.2364,29.0,1000.7323,2000.0,7.8125,7.8125,13367.1875,569.125,12798.0625
supply_calendar_cost_2x,2.0,2024-12-17_912810UF3_post,2024-12-17_912810UF3,post,DGS20,ZB,ZB,False,ZBH2025,2024-12-17,2024-12-24,2025-02-27,2024-12-16,ok,1.0,0.0025,5,1.0,5.3298011,0.5,1.0,False,1048.8515,136.59755,0.93648861,60,7.6784063,8.0,1092.7804,1000.0,31.25,31.25,-20250.0,532.0,-20782.0
supply_calendar_cost_2x,2.0,2024-12-24_91282CMD0_pre,2024-12-24_91282CMD0,pre,DGS5,ZF,ZF,False,ZFH2025,2024-12-17,2024-12-24,2025-02-27,2024-12-16,ok,-1.0,0.0025,5,1.0,5.3624558,0.5,1.0,False,1042.4645,40.894749,0.94275291,60,25.491403,25.0,1022.3687,1000.0,7.8125,7.8125,19140.625,490.625,18650.0
supply_calendar_cost_2x,2.0,2024-12-26_91282CMC2_pre,2024-12-26_91282CMC2,pre,DGS7,ZN,ZN,False,ZNH2025,2024-12-18,2024-12-26,2025-02-27,2024-12-17,ok,-1.0,0.0025,5,1.0,5.618045,1.0,1.0,False,1990.0766,62.661521,0.94733215,60,31.75915,32.0,2005.1687,1000.0,15.625,15.625,11500.0,1128.0,10372.0
supply_calendar_cost_2x,2.0,2024-12-23_91282CME8_post,2024-12-23_91282CME8,post,DGS2,ZT,ZT,False,ZTH2025,2024-12-23,2024-12-31,2025-02-27,2024-12-20,ok,1.0,0.0025,5,1.0,5.5167695,1.0,1.0,False,2026.6099,36.059148,0.87403186,60,56.20238,56.0,2019.3123,2000.0,7.8125,7.8125,18812.5,1099.0,17713.5
supply_calendar_cost_2x,2.0,2024-12-24_91282CMD0_post,2024-12-24_91282CMD0,post,DGS5,ZF,ZF,False,ZFH2025,2024-12-24,2025-01-02,2025-02-27,2024-12-23,ok,1.0,0.0025,5,1.0,5.6642401,1.0,1.0,False,1973.8464,40.911207,0.9520883,60,48.247083,48.0,1963.7379,1000.0,7.8125,7.8125,12375.0,942.0,11433.0
supply_calendar_cost_2x,2.0,2024-12-26_91282CMC2_post,2024-12-26_91282CMC2,post,DGS7,ZN,ZN,False,ZNH2025,2024-12-26,2025-01-03,2025-02-27,2024-12-24,ok,1.0,0.0025,5,1.0,5.8957756,1.0,1.0,False,1896.3306,64.004711,0.95830363,60,29.627985,30.0,1920.1413,1000.0,15.625,15.625,-468.75,1057.5,-1526.25
supply_calendar_cost_2x,2.0,2025-01-06_91282CMF5_pre,2025-01-06_91282CMF5,pre,DGS3,ZT,ZT,False,ZTH2025,2024-12-27,2025-01-06,2025-02-27,2024-12-26,ok,-1.0,0.0025,5,1.0,5.5184334,1.0,1.0,True,2025.9989,35.134654,0.86582976,60,57.663834,49.0,1721.5981,2000.0,7.8125,7.8125,-8039.0625,961.625,-9000.6875
supply_calendar_cost_2x,2.0,2025-01-07_91282CLW9_pre,2025-01-07_91282CLW9,pre,DGS10,TN,TN,False,TNH2025,2024-12-30,2025-01-07,2025-02-27,2024-12-27,capped_to_zero,-1.0,0.0025,5,1.0,5.6443312,1.0,1.0,True,1980.8086,86.793918,0.94934915,60,22.821975,0.0,0.0,1000.0,,,0.0,0.0,0.0
supply_calendar_cost_2x,2.0,2025-01-08_912810UE6_pre,2025-01-08_912810UE6,pre,DGS30,UB,UB,False,UBH2025,2024-12-31,2025-01-08,2025-02-27,2024-12-30,ok,-1.0,0.0025,5,1.0,5.6232719,1.0,1.0,False,1988.2268,198.08947,0.96365446,60,10.037014,10.0,1980.8947,1000.0,31.25,31.25,28750.0,665.0,28085.0
supply_calendar_cost_2x,2.0,2025-01-06_91282CMF5_post,2025-01-06_91282CMF5,post,DGS3,ZT,ZT,False,ZTH2025,2025-01-06,2025-01-13,2025-02-27,2025-01-03,ok,1.0,0.0025,5,1.0,4.6570522,1.0,1.0,False,2400.7332,32.193898,0.815006,60,74.571062,75.0,2414.5424,2000.0,7.8125,7.8125,-38671.875,1471.875,-40143.75
supply_calendar_cost_2x,2.0,2025-01-07_91282CLW9_post,2025-01-07_91282CLW9,post,DGS10,TN,TN,False,TNH2025,2025-01-07,2025-01-14,2025-02-27,2025-01-06,ok,1.0,0.0025,5,1.0,5.366221,1.0,1.0,False,2083.4662,86.237082,0.94359238,60,24.159748,24.0,2069.69,1000.0,15.625,15.625,-22125.0,846.0,-22971.0
supply_calendar_cost_2x,2.0,2025-01-08_912810UE6_post,2025-01-08_912810UE6,post,DGS30,UB,UB,False,UBH2025,2025-01-08,2025-01-15,2025-02-27,2025-01-07,ok,1.0,0.0025,5,1.0,5.5341518,1.0,1.0,False,2020.2445,196.05794,0.96152379,60,10.304324,10.0,1960.5794,1000.0,31.25,31.25,11875.0,665.0,11210.0
supply_calendar_cost_2x,2.0,2025-01-22_912810UF3_pre,2025-01-22_912810UF3,pre,DGS20,ZB,ZB,False,ZBH2025,2025-01-14,2025-01-22,2025-02-27,2025-01-13,ok,-1.0,0.0025,5,1.0,5.2993977,1.0,1.0,False,2109.7379,136.15515,0.93577963,60,15.495102,15.0,2042.3272,1000.0,31.25,31.25,-37968.75,997.5,-38966.25
supply_calendar_cost_2x,2.0,2025-01-27_91282CMG3_pre,2025-01-27_91282CMG3,pre,DGS5,ZF,ZF,False,ZFH2025,2025-01-17,2025-01-27,2025-02-27,2025-01-16,ok,-1.0,0.0025,5,1.0,5.5596153,1.0,1.0,False,2010.9916,40.608378,0.9503965,60,49.521595,50.0,2030.4189,1000.0,7.8125,7.8125,-19921.875,981.25,-20903.125
supply_calendar_cost_2x,2.0,2025-01-27_91282CMH1_pre,2025-01-27_91282CMH1,pre,DGS2,ZT,ZT,False,ZTH2025,2025-01-17,2025-01-27,2025-02-27,2025-01-16,ok,-1.0,0.0025,5,1.0,4.8309267,1.0,1.0,False,2314.3261,34.242005,0.85058888,60,67.587342,68.0,2328.4564,2000.0,7.8125,7.8125,-23375.0,1334.5,-24709.5
supply_calendar_cost_2x,2.0,2025-01-28_91282CMK4_pre,2025-01-28_91282CMK4,pre,DGS7,ZN,ZN,False,ZNH2025,2025-01-21,2025-01-28,2025-02-27,2025-01-17,ok,-1.0,0.0025,5,1.0,5.8385771,1.0,1.0,False,1914.9083,63.00303,0.95383215,60,30.393908,30.0,1890.0909,1000.0,15.625,15.625,-8906.25,1057.5,-9963.75
supply_calendar_cost_2x,2.0,2025-01-22_912810UF3_post,2025-01-22_912810UF3,post,DGS20,ZB,ZB,False,ZBH2025,2025-01-22,2025-01-29,2025-02-27,2025-01-21,ok,1.0,0.0025,5,1.0,5.3756093,0.5,1.0,False,1039.9137,134.67535,0.93982952,60,7.7216336,8.0,1077.4028,1000.0,31.25,31.25,5250.0,532.0,4718.0
supply_calendar_cost_2x,2.0,2025-01-27_91282CMG3_post,2025-01-27_91282CMG3,post,DGS5,ZF,ZF,False,ZFH2025,2025-01-27,2025-02-03,2025-02-27,2025-01-24,ok,1.0,0.0025,5,1.0,5.4093453,0.5,1.0,False,1033.4282,40.091556,0.94972334,60,25.776704,26.0,1042.3805,1000.0,7.8125,7.8125,-4468.75,510.25,-4979.0
supply_calendar_cost_2x,2.0,2025-01-27_91282CMH1_post,2025-01-27_91282CMH1,post,DGS2,ZT,ZT,False,ZTH2025,2025-01-27,2025-02-03,2025-02-27,2025-01-24,ok,1.0,0.0025,5,1.0,4.7438333,0.5,1.0,False,1178.4077,33.554993,0.84915038,60,35.1187,35.0,1174.4248,2000.0,7.8125,7.8125,-10390.625,686.875,-11077.5
supply_calendar_cost_2x,2.0,2025-01-28_91282CMK4_post,2025-01-28_91282CMK4,post,DGS7,ZN,ZN,False,ZNH2025,2025-01-28,2025-02-04,2025-02-27,2025-01-27,ok,1.0,0.0025,5,1.0,5.9864253,0.5,1.0,False,933.80768,62.66701,0.95890793,60,14.901105,15.0,940.00514,1000.0,15.625,15.625,2578.125,528.75,2049.375
supply_calendar_cost_2x,2.0,2025-02-11_91282CMN8_pre,2025-02-11_91282CMN8,pre,DGS3,ZT,ZT,False,ZTH2025,2025-02-04,2025-02-11,2025-02-27,2025-02-03,ok,-1.0,0.0025,5,1.0,5.0331107,1.0,1.0,False,2221.3578,32.526993,0.87016312,60,68.292751,68.0,2211.8355,2000.0,7.8125,7.8125,20187.5,1334.5,18853.0
supply_calendar_cost_2x,2.0,2025-02-12_91282CMM0_pre,2025-02-12_91282CMM0,pre,DGS10,TN,TN,False,TNH2025,2025-02-05,2025-02-12,2025-02-27,2025-02-04,ok,-1.0,0.0025,5,1.0,5.5886285,1.0,1.0,False,2000.5516,87.563538,0.96306427,60,22.846857,23.0,2013.9614,1000.0,15.625,15.625,42765.625,810.75,41954.875
supply_calendar_cost_2x,2.0,2025-02-13_912810UG1_pre,2025-02-13_912810UG1,pre,DGS30,UB,UB,False,UBH2025,2025-02-06,2025-02-13,2025-02-27,2025-02-05,ok,-1.0,0.0025,5,1.0,5.1777446,1.0,1.0,False,2159.3069,192.28773,0.95118853,60,11.229562,11.0,2115.1651,1000.0,31.25,31.25,16843.75,731.5,16112.25
supply_calendar_cost_2x,2.0,2025-02-11_91282CMN8_post,2025-02-11_91282CMN8,post,DGS3,ZT,ZT,False,ZTH2025,2025-02-11,2025-02-19,2025-02-27,2025-02-10,ok,1.0,0.0025,5,1.0,4.7816445,1.0,1.0,False,2338.1788,32.32025,0.86115924,60,72.344081,72.0,2327.058,2000.0,7.8125,7.8125,5625.0,1413.0,4212.0
supply_calendar_cost_2x,2.0,2025-02-19_912810UJ5_pre,2025-02-19_912810UJ5,pre,DGS20,ZB,ZB,False,ZBH2025,2025-02-11,2025-02-19,2025-02-27,2025-02-10,ok,-1.0,0.0025,5,1.0,4.7894658,1.0,1.0,False,2334.3605,137.28388,0.9378396,60,17.003894,17.0,2333.8259,1000.0,31.25,31.25,2656.25,1130.5,1525.75
supply_calendar_cost_2x,2.0,2025-02-12_91282CMM0_post,2025-02-12_91282CMM0,post,DGS10,TN,TN,False,TNM2025,2025-02-12,2025-02-20,2025-05-29,2025-02-11,ok,1.0,0.0025,5,1.0,4.9030142,1.0,1.0,False,2280.2993,90.689263,0.95986677,60,25.144094,25.0,2267.2316,1000.0,15.625,15.625,29296.875,881.25,28415.625
supply_calendar_cost_2x,2.0,2025-02-13_912810UG1_post,2025-02-13_912810UG1,post,DGS30,UB,UB,False,UBM2025,2025-02-13,2025-02-21,2025-05-29,2025-02-12,ok,1.0,0.0025,5,1.0,4.8930655,1.0,1.0,False,2284.9356,196.78964,0.92604824,60,11.611056,12.0,2361.4757,1000.0,31.25,31.25,14250.0,798.0,13452.0
supply_calendar_cost_2x,2.0,2025-02-24_91282CMP3_pre,2025-02-24_91282CMP3,pre,DGS2,ZT,ZT,False,ZTM2025,2025-02-14,2025-02-24,2025-05-29,2025-02-13,ok,-1.0,0.0025,5,1.0,4.7264133,1.0,1.0,True,2365.5019,35.452627,0.89214587,60,66.722896,43.0,1524.463,2000.0,7.8125,7.8125,-17132.8125,843.875,-17976.6875
supply_calendar_cost_2x,2.0,2025-02-25_91282CGQ8_pre,2025-02-25_91282CGQ8,pre,DGS7,ZN,ZN,False,ZNM2025,2025-02-18,2025-02-25,2025-05-29,2025-02-14,ok,-1.0,0.0025,5,1.0,5.6649383,1.0,1.0,True,1973.6031,65.244732,0.96311598,60,30.249234,1.0,65.244732,1000.0,15.625,15.625,-1718.75,35.25,-1754.0
supply_calendar_cost_2x,2.0,2025-02-19_912810UJ5_post,2025-02-19_912810UJ5,post,DGS20,ZB,ZB,False,ZBM2025,2025-02-19,2025-02-26,2025-05-29,2025-02-18,ok,1.0,0.0025,5,1.0,5.2467639,1.0,1.0,False,2130.9021,138.24095,0.9455417,60,15.414406,15.0,2073.6142,1000.0,31.25,31.25,54375.0,997.5,53377.5
supply_calendar_cost_2x,2.0,2025-02-26_91282CMR9_pre,2025-02-26_91282CMR9,pre,DGS7,ZN,ZN,False,ZNM2025,2025-02-19,2025-02-26,2025-05-29,2025-02-18,ok,-1.0,0.0025,5,1.0,5.7190335,1.0,1.0,False,1954.9352,65.284819,0.96384533,60,29.944713,30.0,1958.5446,1000.0,15.625,15.625,-58125.0,1057.5,-59182.5
supply_calendar_cost_2x,2.0,2025-02-24_91282CMP3_post,2025-02-24_91282CMP3,post,DGS2,ZT,ZT,False,ZTM2025,2025-02-24,2025-03-03,2025-05-29,2025-02-21,ok,1.0,0.0025,5,1.0,4.8478547,1.0,1.0,False,2306.2449,35.904483,0.89519624,60,64.232783,64.0,2297.8869,2000.0,7.8125,7.8125,47500.0,1256.0,46244.0
supply_calendar_cost_2x,2.0,2025-02-25_91282CGQ8_post,2025-02-25_91282CGQ8,post,DGS7,ZN,ZN,False,ZNM2025,2025-02-25,2025-03-04,2025-05-29,2025-02-24,ok,1.0,0.0025,5,1.0,5.5433321,1.0,1.0,False,2016.8988,65.220826,0.96329505,60,30.924153,31.0,2021.8456,1000.0,15.625,15.625,21796.875,1092.75,20704.125
supply_calendar_cost_2x,2.0,2025-02-26_91282CMR9_post,2025-02-26_91282CMR9,post,DGS7,ZN,ZN,False,ZNM2025,2025-02-26,2025-03-05,2025-05-29,2025-02-25,ok,1.0,0.0025,5,1.0,5.7147594,1.0,1.0,False,1956.3973,64.891776,0.96470747,60,30.148617,30.0,1946.7533,1000.0,15.625,15.625,-468.75,1057.5,-1526.25
supply_calendar_cost_2x,2.0,2025-03-11_91282CMS7_pre,2025-03-11_91282CMS7,pre,DGS3,ZT,ZT,False,ZTM2025,2025-03-04,2025-03-11,2025-05-29,2025-03-03,ok,-1.0,0.0025,5,1.0,5.0812606,1.0,1.0,False,2200.3083,34.212596,0.89094348,60,64.312814,64.0,2189.6061,2000.0,7.8125,7.8125,-3000.0,1256.0,-4256.0
supply_calendar_cost_2x,2.0,2025-03-12_91282CMM0_pre,2025-03-12_91282CMM0,pre,DGS10,TN,TN,False,TNM2025,2025-03-05,2025-03-12,2025-05-29,2025-03-04,ok,-1.0,0.0025,5,1.0,5.3438544,1.0,1.0,False,2092.1865,88.430072,0.95964239,60,23.65922,24.0,2122.3217,1000.0,15.625,15.625,9750.0,846.0,8904.0
supply_calendar_cost_2x,2.0,2025-03-13_912810UG1_pre,2025-03-13_912810UG1,pre,DGS30,UB,UB,False,UBM2025,2025-03-06,2025-03-13,2025-05-29,2025-03-05,ok,-1.0,0.0025,5,1.0,5.169008,1.0,1.0,False,2162.9566,190.65196,0.93364128,60,11.345053,11.0,2097.1716,1000.0,31.25,31.25,3437.5,731.5,2706.0
supply_calendar_cost_2x,2.0,2025-03-11_91282CMS7_post,2025-03-11_91282CMS7,post,DGS3,ZT,ZT,False,ZTM2025,2025-03-11,2025-03-18,2025-05-29,2025-03-10,ok,1.0,0.0025,5,1.0,5.2628911,1.0,1.0,False,2124.3723,33.903514,0.88291794,60,62.659354,63.0,2135.9214,2000.0,7.8125,7.8125,-26578.125,1236.375,-27814.5
supply_calendar_cost_2x,2.0,2025-03-18_912810UJ5_pre,2025-03-18_912810UJ5,pre,DGS20,ZB,ZB,False,ZBM2025,2025-03-11,2025-03-18,2025-05-29,2025-03-10,ok,-1.0,0.0025,5,1.0,5.3609543,1.0,1.0,False,2085.513,134.50133,0.94415028,60,15.505519,16.0,2152.0213,1000.0,31.25,31.25,-5000.0,1064.0,-6064.0
supply_calendar_cost_2x,2.0,2025-03-12_91282CMM0_post,2025-03-12_91282CMM0,post,DGS10,TN,TN,False,TNM2025,2025-03-12,2025-03-19,2025-05-29,2025-03-11,ok,1.0,0.0025,5,1.0,5.5447843,0.5,1.0,False,1008.1853,89.06405,0.9639228,60,11.319778,11.0,979.70456,1000.0,15.625,15.625,5843.75,387.75,5456.0
supply_calendar_cost_2x,2.0,2025-03-13_912810UG1_post,2025-03-13_912810UG1,post,DGS30,UB,UB,False,UBM2025,2025-03-13,2025-03-20,2025-05-29,2025-03-12,ok,1.0,0.0025,5,1.0,5.1731598,0.5,1.0,False,1080.6103,189.90141,0.93237473,60,5.6903756,6.0,1139.4085,1000.0,31.25,31.25,5062.5,399.0,4663.5
supply_calendar_cost_2x,2.0,2025-03-18_912810UJ5_post,2025-03-18_912810UJ5,post,DGS20,ZB,ZB,False,ZBM2025,2025-03-18,2025-03-25,2025-05-29,2025-03-17,ok,1.0,0.0025,5,1.0,5.246037,0.5,1.0,False,1065.5987,135.02576,0.94108269,60,7.8918173,8.0,1080.2061,1000.0,31.25,31.25,-5250.0,532.0,-5782.0
supply_calendar_cost_2x,2.0,2025-03-25_91282CMV0_pre,2025-03-25_91282CMV0,pre,DGS2,ZT,ZT,False,ZTM2025,2025-03-18,2025-03-25,2025-05-29,2025-03-17,ok,-1.0,0.0025,5,1.0,4.9420083,0.5,1.0,False,1131.1535,38.185459,0.9308188,60,29.622624,30.0,1145.5638,2000.0,7.8125,7.8125,-4453.125,588.75,-5041.875
supply_calendar_cost_2x,2.0,2025-03-26_91282CMU2_pre,2025-03-26_91282CMU2,pre,DGS5,ZF,ZF,False,ZFM2025,2025-03-19,2025-03-26,2025-05-29,2025-03-18,ok,-1.0,0.0025,5,1.0,5.6850234,1.0,1.0,False,1966.6304,42.148004,0.96223008,60,46.660107,47.0,1980.9562,1000.0,7.8125,7.8125,11015.625,922.375,10093.25
supply_calendar_cost_2x,2.0,2025-03-27_91282CMT5_pre,2025-03-27_91282CMT5,pre,DGS7,ZN,ZN,False,ZNM2025,2025-03-20,2025-03-27,2025-05-29,2025-03-19,ok,-1.0,0.0025,5,1.0,5.66611,1.0,1.0,False,1973.195,64.078022,0.96498079,60,30.793632,31.0,1986.4187,1000.0,15.625,15.625,23250.0,1092.75,22157.25
supply_calendar_cost_2x,2.0,2025-03-25_91282CMV0_post,2025-03-25_91282CMV0,post,DGS2,ZT,ZT,False,ZTM2025,2025-03-25,2025-04-01,2025-05-29,2025-03-24,ok,1.0,0.0025,5,1.0,4.9891124,1.0,1.0,False,2240.9477,37.260434,0.93875148,60,60.142823,60.0,2235.626,2000.0,7.8125,7.8125,27656.25,1177.5,26478.75
supply_calendar_cost_2x,2.0,2025-03-26_91282CMU2_post,2025-03-26_91282CMU2,post,DGS5,ZF,ZF,False,ZFM2025,2025-03-26,2025-04-02,2025-05-29,2025-03-25,ok,1.0,0.0025,5,1.0,5.6965397,1.0,1.0,False,1962.6546,42.287133,0.96175375,60,46.412572,46.0,1945.2081,1000.0,7.8125,7.8125,26593.75,902.75,25691.0
supply_calendar_cost_2x,2.0,2025-03-27_91282CMT5_post,2025-03-27_91282CMT5,post,DGS7,ZN,ZN,False,ZNM2025,2025-03-27,2025-04-03,2025-05-29,2025-03-26,ok,1.0,0.0025,5,1.0,5.694159,1.0,1.0,False,1963.4752,63.788345,0.96604199,60,30.781096,31.0,1977.4387,1000.0,15.625,15.625,68781.25,1092.75,67688.5
supply_calendar_cost_2x,2.0,2025-04-08_91282CMW8_pre,2025-04-08_91282CMW8,pre,DGS3,ZT,ZT,False,ZTM2025,2025-04-01,2025-04-08,2025-05-29,2025-03-31,ok,-1.0,0.0025,5,1.0,5.2615222,1.0,1.0,False,2124.925,35.125957,0.89599369,60,60.494437,60.0,2107.5574,2000.0,7.8125,7.8125,-30937.5,1177.5,-32115.0
supply_calendar_cost_2x,2.0,2025-04-09_91282CMM0_pre,2025-04-09_91282CMM0,pre,DGS10,TN,TN,False,TNM2025,2025-04-02,2025-04-09,2025-05-29,2025-04-01,ok,-1.0,0.0025,5,1.0,5.4308961,1.0,1.0,False,2058.6547,89.019745,0.95750712,60,23.125821,23.0,2047.4541,1000.0,15.625,15.625,40968.75,810.75,40158.0
supply_calendar_cost_2x,2.0,2025-04-10_912810UG1_pre,2025-04-10_912810UG1,pre,DGS30,UB,UB,False,UBM2025,2025-04-03,2025-04-10,2025-05-29,2025-04-02,ok,-1.0,0.0025,5,1.0,5.1732417,1.0,1.0,False,2161.1865,184.76123,0.95024436,60,11.697186,12.0,2217.1347,1000.0,31.25,31.25,84000.0,798.0,83202.0
supply_calendar_cost_2x,2.0,2025-04-08_91282CMW8_post,2025-04-08_91282CMW8,post,DGS3,ZT,ZT,False,ZTM2025,2025-04-08,2025-04-15,2025-05-29,2025-04-07,ok,1.0,0.0025,5,1.0,5.9503359,1.0,1.0,False,1878.9427,35.096132,0.90755358,60,53.53703,54.0,1895.1911,2000.0,7.8125,7.8125,-21515.625,1059.75,-22575.375
supply_calendar_cost_2x,2.0,2025-04-09_91282CMM0_post,2025-04-09_91282CMM0,post,DGS10,TN,TN,False,TNM2025,2025-04-09,2025-04-16,2025-05-29,2025-04-08,ok,1.0,0.0025,5,1.0,6.0557439,1.0,1.0,False,1846.2372,90.885916,0.96289377,60,20.313788,20.0,1817.7183,1000.0,15.625,15.625,20937.5,705.0,20232.5
supply_calendar_cost_2x,2.0,2025-04-16_912810UJ5_pre,2025-04-16_912810UJ5,pre,DGS20,ZB,ZB,False,ZBM2025,2025-04-09,2025-04-16,2025-05-29,2025-04-08,ok,-1.0,0.0025,5,1.0,6.1049207,1.0,1.0,False,1831.3653,139.43598,0.9458894,60,13.134095,13.0,1812.6677,1000.0,31.25,31.25,-9750.0,864.5,-10614.5
supply_calendar_cost_2x,2.0,2025-04-10_912810UG1_post,2025-04-10_912810UG1,post,DGS30,UB,UB,False,UBM2025,2025-04-10,2025-04-17,2025-05-29,2025-04-09,ok,1.0,0.0025,5,1.0,5.9355055,1.0,1.0,False,1883.6373,194.59743,0.93326271,60,9.6796619,10.0,1945.9743,1000.0,31.25,31.25,7812.5,665.0,7147.5
supply_calendar_cost_2x,2.0,2025-04-22_91282CMY4_pre,2025-04-22_91282CMY4,pre,DGS2,ZT,ZT,False,ZTM2025,2025-04-14,2025-04-22,2025-05-29,2025-04-11,ok,-1.0,0.0025,5,1.0,6.2422607,1.0,1.0,False,1791.0722,37.585908,0.94012661,60,47.65276,48.0,1804.1236,2000.0,7.8125,7.8125,-4125.0,942.0,-5067.0
supply_calendar_cost_2x,2.0,2025-04-23_91282CMZ1_pre,2025-04-23_91282CMZ1,pre,DGS5,ZF,ZF,False,ZFM2025,2025-04-15,2025-04-23,2025-05-29,2025-04-14,ok,-1.0,0.0025,5,1.0,6.8050123,1.0,1.0,False,1642.9566,44.557952,0.96313427,60,36.872354,37.0,1648.6442,1000.0,7.8125,7.8125,6359.375,726.125,5633.25
supply_calendar_cost_2x,2.0,2025-04-16_912810UJ5_post,2025-04-16_912810UJ5,post,DGS20,ZB,ZB,False,ZBM2025,2025-04-16,2025-04-24,2025-05-29,2025-04-15,ok,1.0,0.0025,5,1.0,6.2077726,1.0,1.0,False,1801.0228,136.20101,0.90082886,60,13.22327,13.0,1770.6132,1000.0,31.25,31.25,-1218.75,864.5,-2083.25
supply_calendar_cost_2x,2.0,2025-04-24_91282CNA5_pre,2025-04-24_91282CNA5,pre,DGS7,ZN,ZN,False,ZNM2025,2025-04-16,2025-04-24,2025-05-29,2025-04-15,ok,-1.0,0.0025,5,1.0,6.7775593,1.0,1.0,False,1649.6115,67.342269,0.96093987,60,24.49593,24.0,1616.2145,1000.0,15.625,15.625,4875.0,846.0,4029.0
supply_calendar_cost_2x,2.0,2025-04-22_91282CMY4_post,2025-04-22_91282CMY4,post,DGS2,ZT,ZT,False,ZTM2025,2025-04-22,2025-04-29,2025-05-29,2025-04-21,ok,1.0,0.0025,5,1.0,6.4773399,1.0,1.0,False,1726.0697,37.294478,0.94122026,60,46.282178,46.0,1715.546,2000.0,7.8125,7.8125,21562.5,902.75,20659.75
supply_calendar_cost_2x,2.0,2025-04-23_91282CMZ1_post,2025-04-23_91282CMZ1,post,DGS5,ZF,ZF,False,ZFM2025,2025-04-23,2025-04-30,2025-05-29,2025-04-22,ok,1.0,0.0025,5,1.0,6.8609062,1.0,1.0,False,1629.5719,44.386871,0.9613705,60,36.712926,37.0,1642.3142,1000.0,7.8125,7.8125,41335.9375,726.125,40609.8125
supply_calendar_cost_2x,2.0,2025-04-24_91282CNA5_post,2025-04-24_91282CNA5,post,DGS7,ZN,ZN,False,ZNM2025,2025-04-24,2025-05-01,2025-05-29,2025-04-23,ok,1.0,0.0025,5,1.0,6.7675489,1.0,1.0,False,1652.0516,66.821255,0.95846709,60,24.723445,25.0,1670.5314,1000.0,15.625,15.625,16015.625,881.25,15134.375
supply_calendar_cost_2x,2.0,2025-05-05_91282CND9_pre,2025-05-05_91282CND9,pre,DGS3,ZT,ZT,False,ZTM2025,2025-04-28,2025-05-05,2025-05-29,2025-04-25,ok,-1.0,0.0025,5,1.0,6.5660271,1.0,1.0,False,1702.7557,36.735934,0.90746909,60,46.351228,46.0,1689.853,2000.0,7.8125,7.8125,30187.5,902.75,29284.75
supply_calendar_cost_2x,2.0,2025-05-06_91282CNC1_pre,2025-05-06_91282CNC1,pre,DGS10,TN,TN,False,TNM2025,2025-04-29,2025-05-06,2025-05-29,2025-04-28,ok,-1.0,0.0025,5,1.0,6.3258728,1.0,1.0,False,1767.3988,91.813903,0.93554336,60,19.249795,19.0,1744.4641,1000.0,15.625,15.625,23156.25,669.75,22486.5
supply_calendar_cost_2x,2.0,2025-05-08_912810UK2_pre,2025-05-08_912810UK2,pre,DGS30,UB,UB,False,UBM2025,2025-05-01,2025-05-08,2025-05-29,2025-04-30,ok,-1.0,0.0025,5,1.0,6.2150492,0.5,1.0,False,899.45707,186.05656,0.90071493,60,4.8343208,5.0,930.28278,1000.0,31.25,31.25,9218.75,332.5,8886.25
supply_calendar_cost_2x,2.0,2025-05-05_91282CND9_post,2025-05-05_91282CND9,post,DGS3,ZT,ZT,False,ZTM2025,2025-05-05,2025-05-12,2025-05-29,2025-05-02,ok,1.0,0.0025,5,1.0,7.0400589,0.5,1.0,False,794.05159,36.358308,0.91934902,60,21.839619,22.0,799.88278,2000.0,7.8125,7.8125,-13750.0,431.75,-14181.75
supply_calendar_cost_2x,2.0,2025-05-06_91282CNC1_post,2025-05-06_91282CNC1,post,DGS10,TN,TN,False,TNM2025,2025-05-06,2025-05-13,2025-05-29,2025-05-05,ok,1.0,0.0025,5,1.0,6.3641608,0.5,1.0,False,878.38289,91.451023,0.931116,60,9.6049542,10.0,914.51023,1000.0,15.625,15.625,-15781.25,352.5,-16133.75
supply_calendar_cost_2x,2.0,2025-05-08_912810UK2_post,2025-05-08_912810UK2,post,DGS30,UB,UB,False,UBM2025,2025-05-08,2025-05-15,2025-05-29,2025-05-07,ok,1.0,0.0025,5,1.0,6.1882886,1.0,1.0,False,1806.6934,183.78635,0.89497501,60,9.8304003,10.0,1837.8635,1000.0,31.25,31.25,-17187.5,665.0,-17852.5
supply_calendar_cost_2x,2.0,2025-05-21_912810UL0_pre,2025-05-21_912810UL0,pre,DGS20,ZB,ZB,False,ZBU2025,2025-05-14,2025-05-21,2025-08-28,2025-05-13,ok,-1.0,0.0025,5,1.0,6.1063087,1.0,1.0,False,1830.949,137.72245,0.9045205,60,13.294485,13.0,1790.3918,1000.0,31.25,31.25,21531.25,864.5,20666.75
supply_calendar_cost_2x,2.0,2025-05-27_91282CNE7_pre,2025-05-27_91282CNE7,pre,DGS2,ZT,ZT,False,ZTU2025,2025-05-19,2025-05-27,2025-08-28,2025-05-16,ok,-1.0,0.0025,5,1.0,7.0169287,1.0,1.0,False,1593.3381,39.389253,0.92469349,60,40.451087,40.0,1575.5701,2000.0,7.8125,7.8125,-3750.0,785.0,-4535.0
supply_calendar_cost_2x,2.0,2025-05-28_91282CNG2_pre,2025-05-28_91282CNG2,pre,DGS5,ZF,ZF,False,ZFU2025,2025-05-20,2025-05-28,2025-08-28,2025-05-19,ok,-1.0,0.0025,5,1.0,7.0794323,1.0,1.0,False,1579.2707,44.43489,0.94392827,60,35.541231,36.0,1599.656,1000.0,7.8125,7.8125,562.5,706.5,-144.0
supply_calendar_cost_2x,2.0,2025-05-21_912810UL0_post,2025-05-21_912810UL0,post,DGS20,ZB,ZB,False,ZBU2025,2025-05-21,2025-05-29,2025-08-28,2025-05-20,ok,1.0,0.0025,5,1.0,6.007058,1.0,1.0,False,1861.2006,138.2985,0.90643038,60,13.457851,13.0,1797.8805,1000.0,31.25,31.25,31281.25,864.5,30416.75
supply_calendar_cost_2x,2.0,2025-05-29_91282CNF4_pre,2025-05-29_91282CNF4,pre,DGS7,ZN,ZN,False,ZNU2025,2025-05-21,2025-05-29,2025-08-28,2025-05-20,ok,-1.0,0.0025,5,1.0,6.9728084,1.0,1.0,False,1603.4199,67.53161,0.94502185,60,23.74325,24.0,1620.7586,1000.0,15.625,15.625,-28500.0,846.0,-29346.0
supply_calendar_cost_2x,2.0,2025-05-27_91282CNE7_post,2025-05-27_91282CNE7,post,DGS2,ZT,ZT,False,ZTU2025,2025-05-27,2025-06-03,2025-08-28,2025-05-23,ok,1.0,0.0025,5,1.0,6.8496979,1.0,1.0,False,1632.2384,39.669142,0.92487846,60,41.146299,41.0,1626.4348,2000.0,7.8125,7.8125,-3203.125,804.625,-4007.75
supply_calendar_cost_2x,2.0,2025-05-28_91282CNG2_post,2025-05-28_91282CNG2,post,DGS5,ZF,ZF,False,ZFU2025,2025-05-28,2025-06-04,2025-08-28,2025-05-27,ok,1.0,0.0025,5,1.0,6.9586957,1.0,1.0,False,1606.6718,45.166604,0.94641468,60,35.572118,36.0,1625.9977,1000.0,7.8125,7.8125,20250.0,706.5,19543.5
supply_calendar_cost_2x,2.0,2025-05-29_91282CNF4_post,2025-05-29_91282CNF4,post,DGS7,ZN,ZN,False,ZNU2025,2025-05-29,2025-06-05,2025-08-28,2025-05-28,ok,1.0,0.0025,5,1.0,6.9204316,1.0,1.0,False,1615.5553,68.459912,0.95025162,60,23.598559,24.0,1643.0379,1000.0,15.625,15.625,2625.0,846.0,1779.0
supply_calendar_cost_2x,2.0,2025-06-10_91282CNH0_pre,2025-06-10_91282CNH0,pre,DGS3,ZT,ZT,False,ZTU2025,2025-06-03,2025-06-10,2025-08-28,2025-06-02,ok,-1.0,0.0025,5,1.0,7.0592929,1.0,1.0,False,1583.7762,38.552549,0.932775,60,41.080972,41.0,1580.6545,2000.0,7.8125,7.8125,9289.0625,804.625,8484.4375
supply_calendar_cost_2x,2.0,2025-06-11_91282CNC1_pre,2025-06-11_91282CNC1,pre,DGS10,TN,TN,False,TNU2025,2025-06-04,2025-06-11,2025-08-28,2025-06-03,ok,-1.0,0.0025,5,1.0,6.2609001,1.0,1.0,False,1785.74,91.203635,0.9267267,60,19.579702,20.0,1824.0727,1000.0,15.625,15.625,8750.0,705.0,8045.0
supply_calendar_cost_2x,2.0,2025-06-12_912810UK2_pre,2025-06-12_912810UK2,pre,DGS30,UB,UB,False,UBU2025,2025-06-05,2025-06-12,2025-08-28,2025-06-04,ok,-1.0,0.0025,5,1.0,5.9895153,1.0,1.0,False,1866.6519,178.40761,0.88407854,60,10.462849,10.0,1784.0761,1000.0,31.25,31.25,-8437.5,665.0,-9102.5
supply_calendar_cost_2x,2.0,2025-06-16_912810UL0_pre,2025-06-16_912810UL0,pre,DGS20,ZB,ZB,False,ZBU2025,2025-06-09,2025-06-16,2025-08-28,2025-06-06,ok,-1.0,0.0025,5,1.0,6.0798825,1.0,1.0,False,1838.9072,142.37884,0.90978524,60,12.915594,13.0,1850.9249,1000.0,31.25,31.25,-4062.5,864.5,-4927.0
supply_calendar_cost_2x,2.0,2025-06-10_91282CNH0_post,2025-06-10_91282CNH0,post,DGS3,ZT,ZT,False,ZTU2025,2025-06-10,2025-06-17,2025-08-28,2025-06-09,ok,1.0,0.0025,5,1.0,7.1821341,1.0,1.0,False,1556.6877,38.296498,0.93721014,60,40.648304,41.0,1570.1564,2000.0,7.8125,7.8125,10250.0,804.625,9445.375
supply_calendar_cost_2x,2.0,2025-06-11_91282CNC1_post,2025-06-11_91282CNC1,post,DGS10,TN,TN,False,TNU2025,2025-06-11,2025-06-18,2025-08-28,2025-06-10,ok,1.0,0.0025,5,1.0,6.2946484,0.5,1.0,False,888.08295,91.443189,0.92908678,60,9.7118545,10.0,914.43189,1000.0,15.625,15.625,1718.75,352.5,1366.25
supply_calendar_cost_2x,2.0,2025-06-12_912810UK2_post,2025-06-12_912810UK2,post,DGS30,UB,UB,False,UBU2025,2025-06-12,2025-06-20,2025-08-28,2025-06-11,ok,1.0,0.0025,5,1.0,6.0295646,0.5,1.0,False,927.12663,177.34185,0.88506545,60,5.2279066,5.0,886.70925,1000.0,31.25,31.25,-4062.5,332.5,-4395.0
supply_calendar_cost_2x,2.0,2025-06-16_912810UL0_post,2025-06-16_912810UL0,post,DGS20,ZB,ZB,False,ZBU2025,2025-06-16,2025-06-24,2025-08-28,2025-06-13,ok,1.0,0.0025,5,1.0,6.1762027,0.5,1.0,False,905.11439,143.42809,0.91330849,60,6.3105795,6.0,860.56856,1000.0,31.25,31.25,12375.0,399.0,11976.0
supply_calendar_cost_2x,2.0,2025-06-24_91282CNL1_pre,2025-06-24_91282CNL1,pre,DGS2,ZT,ZT,False,ZTU2025,2025-06-16,2025-06-24,2025-08-28,2025-06-13,ok,-1.0,0.0025,5,1.0,6.9267964,0.5,1.0,False,807.0354,39.28135,0.92012608,60,20.545002,21.0,824.90835,2000.0,7.8125,7.8125,-13453.125,412.125,-13865.25
supply_calendar_cost_2x,2.0,2025-06-25_91282CNK3_pre,2025-06-25_91282CNK3,pre,DGS5,ZF,ZF,False,ZFU2025,2025-06-17,2025-06-25,2025-08-28,2025-06-16,ok,-1.0,0.0025,5,1.0,7.0816665,0.5,1.0,False,789.38622,45.805645,0.95269439,60,17.233383,17.0,778.69596,1000.0,7.8125,7.8125,-10625.0,333.625,-10958.625
supply_calendar_cost_2x,2.0,2025-06-26_91282CNJ6_pre,2025-06-26_91282CNJ6,pre,DGS7,ZN,ZN,False,ZNU2025,2025-06-18,2025-06-26,2025-08-28,2025-06-17,ok,-1.0,0.0025,5,1.0,7.1123947,1.0,1.0,False,1571.9516,69.384336,0.95615669,60,22.655712,23.0,1595.8397,1000.0,15.625,15.625,-28031.25,810.75,-28842.0
supply_calendar_cost_2x,2.0,2025-06-24_91282CNL1_post,2025-06-24_91282CNL1,post,DGS2,ZT,ZT,False,ZTU2025,2025-06-24,2025-07-01,2025-08-28,2025-06-23,ok,1.0,0.0025,5,1.0,6.7707413,1.0,1.0,False,1651.2726,40.200262,0.9265116,60,41.076166,41.0,1648.2108,2000.0,7.8125,7.8125,-640.625,804.625,-1445.25
supply_calendar_cost_2x,2.0,2025-06-25_91282CNK3_post,2025-06-25_91282CNK3,post,DGS5,ZF,ZF,False,ZFU2025,2025-06-25,2025-07-02,2025-08-28,2025-06-24,ok,1.0,0.0025,5,1.0,7.0616934,1.0,1.0,False,1583.2378,45.792196,0.94956829,60,34.574402,35.0,1602.7269,1000.0,7.8125,7.8125,-3281.25,686.875,-3968.125
supply_calendar_cost_2x,2.0,2025-06-26_91282CNJ6_post,2025-06-26_91282CNJ6,post,DGS7,ZN,ZN,False,ZNU2025,2025-06-26,2025-07-03,2025-08-28,2025-06-25,ok,1.0,0.0025,5,1.0,6.8586207,1.0,1.0,False,1630.1149,70.047899,0.95423469,60,23.271432,23.0,1611.1017,1000.0,15.625,15.625,-18328.125,810.75,-19138.875
supply_calendar_cost_2x,2.0,2025-07-08_91282CNM9_pre,2025-07-08_91282CNM9,pre,DGS3,ZT,ZT,False,ZTU2025,2025-06-30,2025-07-08,2025-08-28,2025-06-27,ok,-1.0,0.0025,5,1.0,7.0976044,1.0,1.0,False,1575.2272,37.959477,0.9236578,60,41.497601,41.0,1556.3386,2000.0,7.8125,7.8125,30429.6875,804.625,29625.0625
supply_calendar_cost_2x,2.0,2025-07-09_91282CNC1_pre,2025-07-09_91282CNC1,pre,DGS10,TN,TN,False,TNU2025,2025-07-01,2025-07-09,2025-08-28,2025-06-30,ok,-1.0,0.0025,5,1.0,6.188745,1.0,1.0,False,1806.5601,91.22343,0.93172393,60,19.803685,20.0,1824.4686,1000.0,15.625,15.625,15937.5,705.0,15232.5
supply_calendar_cost_2x,2.0,2025-07-10_912810UK2_pre,2025-07-10_912810UK2,pre,DGS30,UB,UB,False,UBU2025,2025-07-02,2025-07-10,2025-08-28,2025-07-01,ok,-1.0,0.0025,5,1.0,6.0098554,1.0,1.0,False,1860.3343,178.42164,0.89237637,60,10.426618,10.0,1784.2164,1000.0,31.25,31.25,6562.5,665.0,5897.5
supply_calendar_cost_2x,2.0,2025-07-08_91282CNM9_post,2025-07-08_91282CNM9,post,DGS3,ZT,ZT,False,ZTU2025,2025-07-08,2025-07-15,2025-08-28,2025-07-07,ok,1.0,0.0025,5,1.0,6.6290748,1.0,1.0,False,1686.5611,37.955138,0.91867663,60,44.435647,44.0,1670.0261,2000.0,7.8125,7.8125,-10312.5,863.5,-11176.0
supply_calendar_cost_2x,2.0,2025-07-09_91282CNC1_post,2025-07-09_91282CNC1,post,DGS10,TN,TN,False,TNU2025,2025-07-09,2025-07-16,2025-08-28,2025-07-08,ok,1.0,0.0025,5,1.0,5.4164428,1.0,1.0,False,2064.148,86.775198,0.92897505,60,23.787304,24.0,2082.6048,1000.0,15.625,15.625,-23625.0,846.0,-24471.0
supply_calendar_cost_2x,2.0,2025-07-10_912810UK2_post,2025-07-10_912810UK2,post,DGS30,UB,UB,False,UBU2025,2025-07-10,2025-07-17,2025-08-28,2025-07-09,ok,1.0,0.0025,5,1.0,5.1205524,1.0,1.0,False,2183.4246,178.18752,0.95524273,60,12.253521,12.0,2138.2503,1000.0,31.25,31.25,-34125.0,798.0,-34923.0
supply_calendar_cost_2x,2.0,2025-07-23_912810UL0_pre,2025-07-23_912810UL0,pre,DGS20,ZB,ZB,False,ZBU2025,2025-07-16,2025-07-23,2025-08-28,2025-07-15,ok,-1.0,0.0025,5,1.0,5.1627468,1.0,1.0,False,2165.5797,143.13629,0.95895709,60,15.129494,15.0,2147.0444,1000.0,31.25,31.25,-17812.5,997.5,-18810.0
supply_calendar_cost_2x,2.0,2025-07-28_91282CNN7_pre,2025-07-28_91282CNN7,pre,DGS5,ZF,ZF,False,ZFU2025,2025-07-21,2025-07-28,2025-08-28,2025-07-18,ok,-1.0,0.0025,5,1.0,5.6597498,1.0,1.0,False,1975.4124,43.38929,0.94461527,60,45.52765,46.0,1995.9073,1000.0,7.8125,7.8125,14015.625,902.75,13112.875
supply_calendar_cost_2x,2.0,2025-07-28_91282CNP2_pre,2025-07-28_91282CNP2,pre,DGS2,ZT,ZT,False,ZTU2025,2025-07-21,2025-07-28,2025-08-28,2025-07-18,ok,-1.0,0.0025,5,1.0,5.3923989,1.0,1.0,False,2073.3518,38.363036,0.90981757,60,54.04556,54.0,2071.604,2000.0,7.8125,7.8125,16875.0,1059.75,15815.25
supply_calendar_cost_2x,2.0,2025-07-29_91282CNR8_pre,2025-07-29_91282CNR8,pre,DGS7,ZN,ZN,False,ZNU2025,2025-07-22,2025-07-29,2025-08-28,2025-07-21,ok,-1.0,0.0025,5,1.0,5.5938576,1.0,1.0,False,1998.6815,66.694887,0.96839551,60,29.967537,30.0,2000.8466,1000.0,15.625,15.625,1406.25,1057.5,348.75
supply_calendar_cost_2x,2.0,2025-07-23_912810UL0_post,2025-07-23_912810UL0,post,DGS20,ZB,ZB,False,ZBU2025,2025-07-23,2025-07-30,2025-08-28,2025-07-22,ok,1.0,0.0025,5,1.0,4.8380262,0.5,1.0,False,1155.465,145.39534,0.95506924,60,7.9470567,8.0,1163.1627,1000.0,31.25,31.25,4250.0,532.0,3718.0
supply_calendar_cost_2x,2.0,2025-07-28_91282CNN7_post,2025-07-28_91282CNN7,post,DGS5,ZF,ZF,False,ZFU2025,2025-07-28,2025-08-04,2025-08-28,2025-07-25,ok,1.0,0.0025,5,1.0,5.5549642,0.5,1.0,False,1006.3377,43.081179,0.94463325,60,23.359104,23.0,990.86711,1000.0,7.8125,7.8125,23000.0,451.375,22548.625
supply_calendar_cost_2x,2.0,2025-07-28_91282CNP2_post,2025-07-28_91282CNP2,post,DGS2,ZT,ZT,False,ZTU2025,2025-07-28,2025-08-04,2025-08-28,2025-07-25,ok,1.0,0.0025,5,1.0,5.2894736,0.5,1.0,False,1056.8481,37.483341,0.91133709,60,28.195141,28.0,1049.5335,2000.0,7.8125,7.8125,24500.0,549.5,23950.5
supply_calendar_cost_2x,2.0,2025-07-29_91282CNR8_post,2025-07-29_91282CNR8,post,DGS7,ZN,ZN,False,ZNU2025,2025-07-29,2025-08-05,2025-08-28,2025-07-28,ok,1.0,0.0025,5,1.0,5.4471005,0.5,1.0,False,1026.2652,66.860898,0.97043318,60,15.349259,15.0,1002.9135,1000.0,15.625,15.625,14062.5,528.75,13533.75
supply_calendar_cost_2x,2.0,2025-08-05_91282CNU1_pre,2025-08-05_91282CNU1,pre,DGS3,ZT,ZT,False,ZTU2025,2025-07-29,2025-08-05,2025-08-28,2025-07-28,ok,-1.0,0.0025,5,1.0,5.4663583,0.5,1.0,False,1022.6497,36.288586,0.92388603,60,28.181031,28.0,1016.0804,2000.0,7.8125,7.8125,-15531.25,549.5,-16080.75
supply_calendar_cost_2x,2.0,2025-08-06_91282CNT4_pre,2025-08-06_91282CNT4,pre,DGS10,TN,TN,False,TNU2025,2025-07-30,2025-08-06,2025-08-28,2025-07-29,ok,-1.0,0.0025,5,1.0,5.1447686,1.0,1.0,False,2173.1473,88.174467,0.96537439,60,24.645993,25.0,2204.3617,1000.0,15.625,15.625,-35156.25,881.25,-36037.5
supply_calendar_cost_2x,2.0,2025-08-07_912810UM8_pre,2025-08-07_912810UM8,pre,DGS30,UB,UB,False,UBU2025,2025-07-31,2025-08-07,2025-08-28,2025-07-30,ok,-1.0,0.0025,5,1.0,4.9614332,1.0,1.0,False,2253.4497,179.12985,0.96870187,60,12.579979,13.0,2328.688,1000.0,31.25,31.25,-19093.75,864.5,-19958.25
supply_calendar_cost_2x,2.0,2025-08-05_91282CNU1_post,2025-08-05_91282CNU1,post,DGS3,ZT,ZT,False,ZTU2025,2025-08-05,2025-08-12,2025-08-28,2025-08-04,ok,1.0,0.0025,5,1.0,5.8271719,1.0,1.0,False,1918.6563,37.861027,0.93941842,60,50.676287,51.0,1930.9124,2000.0,7.8125,7.8125,-3984.375,1000.875,-4985.25
supply_calendar_cost_2x,2.0,2025-08-06_91282CNT4_post,2025-08-06_91282CNT4,post,DGS10,TN,TN,False,TNU2025,2025-08-06,2025-08-13,2025-08-28,2025-08-05,ok,1.0,0.0025,5,1.0,5.0877886,1.0,1.0,False,2197.4851,89.841832,0.97178421,60,24.459487,24.0,2156.204,1000.0,15.625,15.625,-1875.0,846.0,-2721.0
supply_calendar_cost_2x,2.0,2025-08-07_912810UM8_post,2025-08-07_912810UM8,post,DGS30,UB,UB,False,UBU2025,2025-08-07,2025-08-14,2025-08-28,2025-08-06,ok,1.0,0.0025,5,1.0,4.9743977,1.0,1.0,False,2247.5766,180.33786,0.962697,60,12.463143,12.0,2164.0543,1000.0,31.25,31.25,-16500.0,798.0,-17298.0
supply_calendar_cost_2x,2.0,2025-08-20_912810UN6_pre,2025-08-20_912810UN6,pre,DGS20,ZB,ZB,False,ZBU2025,2025-08-13,2025-08-20,2025-08-28,2025-08-12,ok,-1.0,0.0025,5,1.0,4.6784758,1.0,1.0,False,2389.7398,150.14955,0.95933422,60,15.915731,16.0,2402.3928,1000.0,31.25,31.25,17500.0,1064.0,16436.0
supply_calendar_cost_2x,2.0,2025-08-26_91282CNV9_pre,2025-08-26_91282CNV9,pre,DGS2,ZT,ZT,False,ZTZ2025,2025-08-19,2025-08-26,2025-11-26,2025-08-18,ok,-1.0,0.0025,5,1.0,5.5512761,1.0,1.0,False,2014.0126,36.530139,0.90911991,60,55.132902,55.0,2009.1576,2000.0,7.8125,7.8125,-18046.875,1079.375,-19126.25
supply_calendar_cost_2x,2.0,2025-08-20_912810UN6_post,2025-08-20_912810UN6,post,DGS20,ZB,ZB,False,ZBZ2025,2025-08-20,2025-08-27,2025-11-26,2025-08-19,ok,1.0,0.0025,5,1.0,4.6354078,1.0,1.0,False,2411.9431,147.49915,0.96973011,60,16.352251,16.0,2359.9863,1000.0,31.25,31.25,4000.0,1064.0,2936.0
supply_calendar_cost_2x,2.0,2025-08-27_91282CNX5_pre,2025-08-27_91282CNX5,pre,DGS5,ZF,ZF,False,ZFZ2025,2025-08-20,2025-08-27,2025-11-26,2025-08-19,ok,-1.0,0.0025,5,1.0,5.2641791,1.0,1.0,False,2123.8525,44.151109,0.95809122,60,48.10417,48.0,2119.2533,1000.0,7.8125,7.8125,-22500.0,942.0,-23442.0
supply_calendar_cost_2x,2.0,2025-08-28_91282CNW7_pre,2025-08-28_91282CNW7,pre,DGS7,ZN,ZN,False,ZNZ2025,2025-08-21,2025-08-28,2025-11-26,2025-08-20,ok,-1.0,0.0025,5,1.0,5.0971079,1.0,1.0,False,2193.4674,68.881597,0.97854052,60,31.844026,32.0,2204.2111,1000.0,15.625,15.625,-33000.0,1128.0,-34128.0
supply_calendar_cost_2x,2.0,2025-08-26_91282CNV9_post,2025-08-26_91282CNV9,post,DGS2,ZT,ZT,False,ZTZ2025,2025-08-26,2025-09-03,2025-11-26,2025-08-25,ok,1.0,0.0025,5,1.0,5.6762714,1.0,1.0,False,1969.6627,37.153263,0.92965389,60,53.014527,53.0,1969.123,2000.0,7.8125,7.8125,4554.6875,1040.125,3514.5625
supply_calendar_cost_2x,2.0,2025-08-27_91282CNX5_post,2025-08-27_91282CNX5,post,DGS5,ZF,ZF,False,ZFZ2025,2025-08-27,2025-09-04,2025-11-26,2025-08-26,ok,1.0,0.0025,5,1.0,5.4331843,1.0,1.0,False,2057.7877,43.88327,0.97024116,60,46.892306,47.0,2062.5137,1000.0,7.8125,7.8125,8812.5,922.375,7890.125
supply_calendar_cost_2x,2.0,2025-08-28_91282CNW7_post,2025-08-28_91282CNW7,post,DGS7,ZN,ZN,False,ZNZ2025,2025-08-28,2025-09-05,2025-11-26,2025-08-27,ok,1.0,0.0025,5,1.0,5.0804544,1.0,1.0,False,2200.6575,69.451912,0.98088937,60,31.68606,32.0,2222.4612,1000.0,15.625,15.625,25500.0,1128.0,24372.0
supply_calendar_cost_2x,2.0,2025-09-09_91282CNY3_pre,2025-09-09_91282CNY3,pre,DGS3,ZT,ZT,False,ZTZ2025,2025-09-02,2025-09-09,2025-11-26,2025-08-29,ok,-1.0,0.0025,5,1.0,5.3721399,1.0,1.0,True,2081.1707,38.214752,0.9058394,60,54.459877,48.0,1834.3081,2000.0,7.8125,7.8125,-20625.0,942.0,-21567.0
supply_calendar_cost_2x,2.0,2025-09-10_91282CNT4_pre,2025-09-10_91282CNT4,pre,DGS10,TN,TN,False,TNZ2025,2025-09-03,2025-09-10,2025-11-26,2025-09-02,ok,-1.0,0.0025,5,1.0,4.5540074,1.0,1.0,False,2455.0553,90.861495,0.95263714,60,27.019755,27.0,2453.2604,1000.0,15.625,15.625,-43875.0,951.75,-44826.75
supply_calendar_cost_2x,2.0,2025-09-11_912810UM8_pre,2025-09-11_912810UM8,pre,DGS30,UB,UB,False,UBZ2025,2025-09-04,2025-09-11,2025-11-26,2025-09-03,ok,-1.0,0.0025,5,1.0,4.2589553,1.0,1.0,False,2625.1367,188.2086,0.94396328,60,13.948017,14.0,2634.9204,1000.0,31.25,31.25,-59937.5,931.0,-60868.5
supply_calendar_cost_2x,2.0,2025-09-09_91282CNY3_post,2025-09-09_91282CNY3,post,DGS3,ZT,ZT,False,ZTZ2025,2025-09-09,2025-09-16,2025-11-26,2025-09-08,ok,1.0,0.0025,5,1.0,5.1298396,1.0,1.0,False,2179.4716,38.260921,0.91156544,60,56.963386,57.0,2180.8725,2000.0,7.8125,7.8125,4898.4375,1118.625,3779.8125
supply_calendar_cost_2x,2.0,2025-09-16_912810UN6_pre,2025-09-16_912810UN6,pre,DGS20,ZB,ZB,False,ZBZ2025,2025-09-09,2025-09-16,2025-11-26,2025-09-08,ok,-1.0,0.0025,5,1.0,4.5266318,1.0,1.0,False,2469.9027,147.23206,0.96258539,60,16.775576,17.0,2502.9451,1000.0,31.25,31.25,-14343.75,1130.5,-15474.25
supply_calendar_cost_2x,2.0,2025-09-10_91282CNT4_post,2025-09-10_91282CNT4,post,DGS10,TN,TN,False,TNZ2025,2025-09-10,2025-09-17,2025-11-26,2025-09-09,ok,1.0,0.0025,5,1.0,4.447306,0.5,1.0,False,1256.9789,90.702482,0.94451016,60,13.858264,14.0,1269.8348,1000.0,15.625,15.625,-5468.75,493.5,-5962.25
supply_calendar_cost_2x,2.0,2025-09-11_912810UM8_post,2025-09-11_912810UM8,post,DGS30,UB,UB,False,UBZ2025,2025-09-11,2025-09-18,2025-11-26,2025-09-10,ok,1.0,0.0025,5,1.0,4.4065629,0.5,1.0,False,1268.601,189.45031,0.94087668,60,6.69622,7.0,1326.1522,1000.0,31.25,31.25,-9625.0,465.5,-10090.5
supply_calendar_cost_2x,2.0,2025-09-16_912810UN6_post,2025-09-16_912810UN6,post,DGS20,ZB,ZB,False,ZBZ2025,2025-09-16,2025-09-23,2025-11-26,2025-09-15,ok,1.0,0.0025,5,1.0,4.2917606,0.5,1.0,False,1302.5354,147.18135,0.95451706,60,8.8498672,9.0,1324.6321,1000.0,31.25,31.25,-12375.0,598.5,-12973.5
supply_calendar_cost_2x,2.0,2025-09-23_91282CPB1_pre,2025-09-23_91282CPB1,pre,DGS2,ZT,ZT,False,ZTZ2025,2025-09-16,2025-09-23,2025-11-26,2025-09-15,ok,-1.0,0.0025,5,1.0,5.5743561,0.5,1.0,False,1002.8369,34.830966,0.89927296,60,28.791532,29.0,1010.098,2000.0,7.8125,7.8125,10421.875,569.125,9852.75
supply_calendar_cost_2x,2.0,2025-09-24_91282CPA3_pre,2025-09-24_91282CPA3,pre,DGS5,ZF,ZF,False,ZFZ2025,2025-09-17,2025-09-24,2025-11-26,2025-09-16,ok,-1.0,0.0025,5,1.0,4.8715419,1.0,1.0,False,2295.031,43.52183,0.96220538,60,52.73287,53.0,2306.657,1000.0,7.8125,7.8125,14906.25,1040.125,13866.125
supply_calendar_cost_2x,2.0,2025-09-25_91282CNZ0_pre,2025-09-25_91282CNZ0,pre,DGS7,ZN,ZN,False,ZNZ2025,2025-09-18,2025-09-25,2025-11-26,2025-09-17,ok,-1.0,0.0025,5,1.0,4.6885785,1.0,1.0,False,2384.5905,68.950264,0.97274827,60,34.584212,35.0,2413.2593,1000.0,15.625,15.625,22968.75,1233.75,21735.0
supply_calendar_cost_2x,2.0,2025-09-23_91282CPB1_post,2025-09-23_91282CPB1,post,DGS2,ZT,ZT,False,ZTZ2025,2025-09-23,2025-09-30,2025-11-26,2025-09-22,ok,1.0,0.0025,5,1.0,5.4611882,1.0,1.0,False,2047.2358,34.875099,0.91973504,60,58.701934,59.0,2057.6309,2000.0,7.8125,7.8125,-8757.8125,1157.875,-9915.6875
supply_calendar_cost_2x,2.0,2025-09-24_91282CPA3_post,2025-09-24_91282CPA3,post,DGS5,ZF,ZF,False,ZFZ2025,2025-09-24,2025-10-01,2025-11-26,2025-09-23,ok,1.0,0.0025,5,1.0,4.8384933,1.0,1.0,False,2310.7069,42.970871,0.95245551,60,53.773798,54.0,2320.427,1000.0,7.8125,7.8125,6750.0,1059.75,5690.25
supply_calendar_cost_2x,2.0,2025-09-25_91282CNZ0_post,2025-09-25_91282CNZ0,post,DGS7,ZN,ZN,False,ZNZ2025,2025-09-25,2025-10-02,2025-11-26,2025-09-24,ok,1.0,0.0025,5,1.0,4.6798945,1.0,1.0,False,2389.0154,68.244476,0.96355789,60,35.006721,35.0,2388.5567,1000.0,15.625,15.625,20781.25,1233.75,19547.5
supply_calendar_cost_2x,2.0,2025-10-07_91282CPC9_pre,2025-10-07_91282CPC9,pre,DGS3,ZT,ZT,False,ZTZ2025,2025-09-30,2025-10-07,2025-11-26,2025-09-29,ok,-1.0,0.0025,5,1.0,4.8949126,1.0,1.0,False,2284.0734,37.678947,0.9081091,60,60.619354,61.0,2298.4158,2000.0,7.8125,7.8125,-6671.875,1197.125,-7869.0
supply_calendar_cost_2x,2.0,2025-10-08_91282CNT4_pre,2025-10-08_91282CNT4,pre,DGS10,TN,TN,False,TNZ2025,2025-10-01,2025-10-08,2025-11-26,2025-09-30,ok,-1.0,0.0025,5,1.0,4.2673375,1.0,1.0,False,2619.9802,90.501094,0.9390731,60,28.949708,29.0,2624.5317,1000.0,15.625,15.625,6796.875,1022.25,5774.625
supply_calendar_cost_2x,2.0,2025-10-09_912810UM8_pre,2025-10-09_912810UM8,pre,DGS30,UB,UB,False,UBZ2025,2025-10-02,2025-10-09,2025-11-26,2025-10-01,ok,-1.0,0.0025,5,1.0,4.1862028,1.0,1.0,False,2670.7593,187.56649,0.94185723,60,14.239,14.0,2625.9309,1000.0,31.25,31.25,9187.5,931.0,8256.5
supply_calendar_cost_2x,2.0,2025-10-07_91282CPC9_post,2025-10-07_91282CPC9,post,DGS3,ZT,ZT,False,ZTZ2025,2025-10-07,2025-10-15,2025-11-26,2025-10-06,ok,1.0,0.0025,5,1.0,4.885439,1.0,1.0,False,2288.5026,37.709545,0.90857012,60,60.687622,61.0,2300.2823,2000.0,7.8125,7.8125,13820.3125,1197.125,12623.1875
supply_calendar_cost_2x,2.0,2025-10-08_91282CNT4_post,2025-10-08_91282CNT4,post,DGS10,TN,TN,False,TNZ2025,2025-10-08,2025-10-16,2025-11-26,2025-10-07,ok,1.0,0.0025,5,1.0,4.1312848,1.0,1.0,False,2706.2622,90.127123,0.94620381,60,30.027167,30.0,2703.8137,1000.0,15.625,15.625,42656.25,1057.5,41598.75
supply_calendar_cost_2x,2.0,2025-10-09_912810UM8_post,2025-10-09_912810UM8,post,DGS30,UB,UB,False,UBZ2025,2025-10-09,2025-10-17,2025-11-26,2025-10-08,ok,1.0,0.0025,5,1.0,3.9251111,1.0,1.0,False,2848.4136,188.22998,0.93788239,60,15.132624,15.0,2823.4497,1000.0,31.25,31.25,38437.5,997.5,37440.0
supply_calendar_cost_2x,2.0,2025-10-22_912810UN6_pre,2025-10-22_912810UN6,pre,DGS20,ZB,ZB,False,ZBZ2025,2025-10-15,2025-10-22,2025-11-26,2025-10-14,ok,-1.0,0.0025,5,1.0,4.099056,1.0,1.0,False,2727.5402,145.6582,0.94680181,60,18.72562,19.0,2767.5059,1000.0,31.25,31.25,-24937.5,1263.5,-26201.0
supply_calendar_cost_2x,2.0,2025-10-27_91282CPD7_pre,2025-10-27_91282CPD7,pre,DGS5,ZF,ZF,False,ZFZ2025,2025-10-20,2025-10-27,2025-11-26,2025-10-17,ok,-1.0,0.0025,5,1.0,4.6986896,1.0,1.0,False,2379.4592,43.147931,0.94627709,60,55.146541,55.0,2373.1362,1000.0,7.8125,7.8125,9023.4375,1079.375,7944.0625
supply_calendar_cost_2x,2.0,2025-10-27_91282CPE5_pre,2025-10-27_91282CPE5,pre,DGS2,ZT,ZT,False,ZTZ2025,2025-10-20,2025-10-27,2025-11-26,2025-10-17,ok,-1.0,0.0025,5,1.0,5.5243682,1.0,1.0,False,2023.8224,32.913074,0.89761002,60,61.489922,61.0,2007.6975,2000.0,7.8125,7.8125,10960.9375,1197.125,9763.8125
supply_calendar_cost_2x,2.0,2025-10-28_91282CPF2_pre,2025-10-28_91282CPF2,pre,DGS7,ZN,ZN,False,ZNZ2025,2025-10-21,2025-10-28,2025-11-26,2025-10-20,ok,-1.0,0.0025,5,1.0,4.5342077,1.0,1.0,False,2465.7759,67.344289,0.95729715,60,36.614476,37.0,2491.7387,1000.0,15.625,15.625,10406.25,1304.25,9102.0
supply_calendar_cost_2x,2.0,2025-10-22_912810UN6_post,2025-10-22_912810UN6,post,DGS20,ZB,ZB,False,ZBZ2025,2025-10-22,2025-10-29,2025-11-26,2025-10-21,ok,1.0,0.0025,5,1.0,4.0581577,0.5,1.0,False,1377.5142,145.86013,0.95011384,60,9.4440761,9.0,1312.7412,1000.0,31.25,31.25,-9562.5,598.5,-10161.0
supply_calendar_cost_2x,2.0,2025-10-27_91282CPD7_post,2025-10-27_91282CPD7,post,DGS5,ZF,ZF,False,ZFZ2025,2025-10-27,2025-11-03,2025-11-26,2025-10-24,ok,1.0,0.0025,5,1.0,4.5744006,0.5,1.0,False,1222.0552,42.711673,0.9457091,60,28.611737,29.0,1238.6385,1000.0,7.8125,7.8125,-13140.625,569.125,-13709.75
supply_calendar_cost_2x,2.0,2025-10-27_91282CPE5_post,2025-10-27_91282CPE5,post,DGS2,ZT,ZT,False,ZTZ2025,2025-10-27,2025-11-03,2025-11-26,2025-10-24,ok,1.0,0.0025,5,1.0,5.3784462,0.5,1.0,False,1039.3652,32.812744,0.89681347,60,31.675657,32.0,1050.0078,2000.0,7.8125,7.8125,-13500.0,628.0,-14128.0
supply_calendar_cost_2x,2.0,2025-10-28_91282CPF2_post,2025-10-28_91282CPF2,post,DGS7,ZN,ZN,False,ZNZ2025,2025-10-28,2025-11-04,2025-11-26,2025-10-27,ok,1.0,0.0025,5,1.0,4.4083575,0.5,1.0,False,1268.0845,66.60981,0.95430917,60,19.037504,19.0,1265.5864,1000.0,15.625,15.625,-13062.5,669.75,-13732.25
supply_calendar_cost_2x,2.0,2025-11-10_91282CPK1_pre,2025-11-10_91282CPK1,pre,DGS3,ZT,ZT,False,ZTZ2025,2025-11-03,2025-11-10,2025-11-26,2025-10-31,ok,-1.0,0.0025,5,1.0,4.1473904,1.0,1.0,False,2695.7529,33.649523,0.91189557,60,80.112663,80.0,2691.9619,2000.0,7.8125,7.8125,-1250.0,1570.0,-2820.0
supply_calendar_cost_2x,2.0,2025-11-12_91282CPJ4_pre,2025-11-12_91282CPJ4,pre,DGS10,TN,TN,False,TNZ2025,2025-11-04,2025-11-12,2025-11-26,2025-11-03,ok,-1.0,0.0025,5,1.0,3.7604844,1.0,1.0,False,2973.1116,88.571839,0.94402608,60,33.567234,34.0,3011.4425,1000.0,15.625,15.625,-7437.5,1198.5,-8636.0
supply_calendar_cost_2x,2.0,2025-11-13_912810UP1_pre,2025-11-13_912810UP1,pre,DGS30,UB,UB,False,UBZ2025,2025-11-05,2025-11-13,2025-11-26,2025-11-04,ok,-1.0,0.0025,5,1.0,3.7565762,1.0,1.0,False,2976.2048,192.66454,0.9478225,60,15.4476,15.0,2889.9682,1000.0,31.25,31.25,-9843.75,997.5,-10841.25
supply_calendar_cost_2x,2.0,2025-11-10_91282CPK1_post,2025-11-10_91282CPK1,post,DGS3,ZT,ZT,False,ZTZ2025,2025-11-10,2025-11-18,2025-11-26,2025-11-07,ok,1.0,0.0025,5,1.0,4.2189711,1.0,1.0,False,2650.0157,33.603632,0.91505347,60,78.860992,79.0,2654.6869,2000.0,7.8125,7.8125,0.0,1550.375,-1550.375
supply_calendar_cost_2x,2.0,2025-11-12_91282CPJ4_post,2025-11-12_91282CPJ4,post,DGS10,TN,TN,False,TNH2026,2025-11-12,2025-11-19,2026-02-26,2025-11-10,ok,1.0,0.0025,5,1.0,3.8172963,1.0,1.0,False,2928.8635,87.101863,0.90271512,60,33.625727,34.0,2961.4633,1000.0,15.625,15.625,-15406.25,1198.5,-16604.75
supply_calendar_cost_2x,2.0,2025-11-19_912810UQ9_pre,2025-11-19_912810UQ9,pre,DGS20,ZB,ZB,False,ZBH2026,2025-11-12,2025-11-19,2026-02-26,2025-11-10,ok,-1.0,0.0025,5,1.0,3.7915681,1.0,1.0,False,2948.7377,141.33946,0.94097817,60,20.862806,21.0,2968.1286,1000.0,31.25,31.25,23625.0,1396.5,22228.5
supply_calendar_cost_2x,2.0,2025-11-13_912810UP1_post,2025-11-13_912810UP1,post,DGS30,UB,UB,False,UBH2026,2025-11-13,2025-11-20,2026-02-26,2025-11-12,ok,1.0,0.0025,5,1.0,3.7655516,1.0,1.0,False,2969.1108,190.66578,0.91723038,60,15.572332,16.0,3050.6525,1000.0,31.25,31.25,-9000.0,1064.0,-10064.0
supply_calendar_cost_2x,2.0,2025-11-24_91282CPL9_pre,2025-11-24_91282CPL9,pre,DGS2,ZT,ZT,False,ZTH2026,2025-11-17,2025-11-24,2026-02-26,2025-11-14,ok,-1.0,0.0025,5,1.0,4.5550928,1.0,1.0,True,2454.4703,30.50652,0.83854789,60,80.457238,25.0,762.66299,2000.0,7.8125,7.8125,-9960.9375,490.625,-10451.5625
supply_calendar_cost_2x,2.0,2025-11-25_91282CPN5_pre,2025-11-25_91282CPN5,pre,DGS5,ZF,ZF,False,ZFH2026,2025-11-18,2025-11-25,2026-02-26,2025-11-17,ok,-1.0,0.0025,5,1.0,4.2138794,1.0,1.0,False,2653.2178,41.245958,0.92312525,60,64.326735,64.0,2639.7413,1000.0,7.8125,7.8125,-36500.0,1256.0,-37756.0
supply_calendar_cost_2x,2.0,2025-11-19_912810UQ9_post,2025-11-19_912810UQ9,post,DGS20,ZB,ZB,False,ZBH2026,2025-11-19,2025-11-26,2026-02-26,2025-11-18,ok,1.0,0.0025,5,1.0,3.7915681,1.0,1.0,False,2948.7377,142.71924,0.94821143,60,20.661108,21.0,2997.1041,1000.0,31.25,31.25,34781.25,1396.5,33384.75
supply_calendar_cost_2x,2.0,2025-11-26_91282CPM7_pre,2025-11-26_91282CPM7,pre,DGS7,ZN,ZN,False,ZNH2026,2025-11-19,2025-11-26,2026-02-26,2025-11-18,ok,-1.0,0.0025,5,1.0,4.1591231,1.0,1.0,False,2688.1483,64.597418,0.94897473,60,41.613867,42.0,2713.0916,1000.0,15.625,15.625,-39375.0,1480.5,-40855.5
supply_calendar_cost_2x,2.0,2025-11-24_91282CPL9_post,2025-11-24_91282CPL9,post,DGS2,ZT,ZT,False,ZTH2026,2025-11-24,2025-12-02,2026-02-26,2025-11-21,ok,1.0,0.0025,5,1.0,3.9964674,1.0,1.0,True,2797.5557,32.432791,0.84501098,60,86.257013,75.0,2432.4593,2000.0,7.8125,7.8125,-14648.4375,1471.875,-16120.3125
supply_calendar_cost_2x,2.0,2025-11-25_91282CPN5_post,2025-11-25_91282CPN5,post,DGS5,ZF,ZF,False,ZFH2026,2025-11-25,2025-12-03,2026-02-26,2025-11-24,ok,1.0,0.0025,5,1.0,3.8990076,1.0,1.0,True,2867.4835,41.721444,0.91908441,60,68.729248,65.0,2711.8939,1000.0,7.8125,7.8125,-19296.875,1275.625,-20572.5
supply_calendar_cost_2x,2.0,2025-11-26_91282CPM7_post,2025-11-26_91282CPM7,post,DGS7,ZN,ZN,False,ZNH2026,2025-11-26,2025-12-04,2026-02-26,2025-11-25,ok,1.0,0.0025,5,1.0,4.0195497,1.0,1.0,False,2781.4907,64.786585,0.94488582,60,42.933126,43.0,2785.8232,1000.0,15.625,15.625,-36953.125,1515.75,-38468.875
supply_calendar_cost_2x,2.0,2025-12-08_91282CPP0_pre,2025-12-08_91282CPP0,pre,DGS3,ZT,ZT,False,ZTH2026,2025-12-01,2025-12-08,2026-02-26,2025-11-28,ok,-1.0,0.0025,5,1.0,3.7658891,1.0,1.0,True,2968.8447,34.873342,0.87734817,60,85.132211,11.0,383.60676,2000.0,7.8125,7.8125,2320.3125,215.875,2104.4375
supply_calendar_cost_2x,2.0,2025-12-09_91282CPJ4_pre,2025-12-09_91282CPJ4,pre,DGS10,TN,TN,False,TNH2026,2025-12-02,2025-12-09,2026-02-26,2025-12-01,ok,-1.0,0.0025,5,1.0,3.7330029,1.0,1.0,False,2994.999,87.977134,0.90051237,60,34.042925,34.0,2991.2226,1000.0,15.625,15.625,31875.0,1198.5,30676.5
supply_calendar_cost_2x,2.0,2025-12-11_912810UP1_pre,2025-12-11_912810UP1,pre,DGS30,UB,UB,False,UBH2026,2025-12-04,2025-12-11,2026-02-26,2025-12-03,ok,-1.0,0.0025,5,1.0,3.5237291,0.5,1.0,False,1586.4358,185.71906,0.91676234,60,8.542127,9.0,1671.4715,1000.0,31.25,31.25,3937.5,598.5,3339.0
supply_calendar_cost_2x,2.0,2025-12-08_91282CPP0_post,2025-12-08_91282CPP0,post,DGS3,ZT,ZT,False,ZTH2026,2025-12-08,2025-12-15,2026-02-26,2025-12-05,ok,1.0,0.0025,5,1.0,3.788885,0.5,1.0,False,1475.4129,33.974897,0.89428412,60,43.42656,43.0,1460.9206,2000.0,7.8125,7.8125,10414.0625,843.875,9570.1875
supply_calendar_cost_2x,2.0,2025-12-09_91282CPJ4_post,2025-12-09_91282CPJ4,post,DGS10,TN,TN,False,TNH2026,2025-12-09,2025-12-16,2026-02-26,2025-12-08,ok,1.0,0.0025,5,1.0,3.5658059,0.5,1.0,False,1567.7157,87.648714,0.90069769,60,17.886352,18.0,1577.6768,1000.0,15.625,15.625,6187.5,634.5,5553.0
supply_calendar_cost_2x,2.0,2025-12-17_912810UQ9_pre,2025-12-17_912810UQ9,pre,DGS20,ZB,ZB,False,ZBH2026,2025-12-10,2025-12-17,2026-02-26,2025-12-09,ok,-1.0,0.0025,5,1.0,3.3992355,1.0,1.0,False,3289.0748,141.56317,0.94752232,60,23.233972,23.0,3255.953,1000.0,31.25,31.25,2875.0,1529.5,1345.5
supply_calendar_cost_2x,2.0,2025-12-11_912810UP1_post,2025-12-11_912810UP1,post,DGS30,UB,UB,False,UBH2026,2025-12-11,2025-12-18,2026-02-26,2025-12-10,ok,1.0,0.0025,5,1.0,3.2789346,1.0,1.0,False,3409.7477,188.46886,0.9095187,60,18.091836,18.0,3392.4396,1000.0,31.25,31.25,-3937.5,1197.0,-5134.5
supply_calendar_cost_2x,2.0,2025-12-22_91282CPS4_pre,2025-12-22_91282CPS4,pre,DGS2,ZT,ZT,False,ZTH2026,2025-12-15,2025-12-22,2026-02-26,2025-12-12,ok,-1.0,0.0025,5,1.0,3.9423458,1.0,1.0,False,2835.9612,31.811454,0.82349663,60,89.149061,89.0,2831.2194,2000.0,7.8125,7.8125,0.0,1746.625,-1746.625
supply_calendar_cost_2x,2.0,2025-12-23_91282CPR6_pre,2025-12-23_91282CPR6,pre,DGS5,ZF,ZF,False,ZFH2026,2025-12-16,2025-12-23,2026-02-26,2025-12-15,ok,-1.0,0.0025,5,1.0,4.0567653,1.0,1.0,True,2755.9741,40.008974,0.90898819,60,68.883897,60.0,2400.5384,1000.0,7.8125,7.8125,12187.5,1177.5,11010.0
supply_calendar_cost_2x,2.0,2025-12-17_912810UQ9_post,2025-12-17_912810UQ9,post,DGS20,ZB,ZB,False,ZBH2026,2025-12-17,2025-12-24,2026-02-26,2025-12-16,ok,1.0,0.0025,5,1.0,3.4337557,1.0,1.0,True,3256.0092,141.68628,0.95013503,60,22.980412,8.0,1133.4903,1000.0,31.25,31.25,4250.0,532.0,3718.0
supply_calendar_cost_2x,2.0,2025-12-24_91282CPQ8_pre,2025-12-24_91282CPQ8,pre,DGS7,ZN,ZN,False,ZNH2026,2025-12-17,2025-12-24,2026-02-26,2025-12-16,ok,-1.0,0.0025,5,1.0,3.9050887,1.0,1.0,True,2863.0182,64.768033,0.95241215,60,44.204186,15.0,971.5205,1000.0,15.625,15.625,-234.375,528.75,-763.125
supply_calendar_cost_2x,2.0,2025-12-22_91282CPS4_post,2025-12-22_91282CPS4,post,DGS2,ZT,ZT,False,ZTH2026,2025-12-22,2025-12-30,2026-02-26,2025-12-19,ok,1.0,0.0025,5,1.0,3.7610478,1.0,1.0,False,2972.6663,34.775961,0.89912272,60,85.480493,85.0,2955.9567,2000.0,7.8125,7.8125,13945.3125,1668.125,12277.1875
supply_calendar_cost_2x,2.0,2025-12-23_91282CPR6_post,2025-12-23_91282CPR6,post,DGS5,ZF,ZF,False,ZFH2026,2025-12-23,2025-12-31,2026-02-26,2025-12-22,ok,1.0,0.0025,5,1.0,4.0651127,1.0,1.0,False,2750.3149,41.032619,0.93346801,60,67.027524,67.0,2749.1855,1000.0,7.8125,7.8125,9945.3125,1314.875,8630.4375
supply_calendar_cost_2x,2.0,2025-12-24_91282CPQ8_post,2025-12-24_91282CPQ8,post,DGS7,ZN,ZN,False,ZNH2026,2025-12-24,2026-01-02,2026-02-26,2025-12-23,ok,1.0,0.0025,5,1.0,3.8969784,1.0,1.0,True,2868.9766,64.540318,0.95824576,60,44.452471,43.0,2775.2337,1000.0,15.625,15.625,-13437.5,1515.75,-14953.25
supply_calendar_cost_2x,2.0,2026-01-12_91282CPJ4_pre,2026-01-12_91282CPJ4,pre,DGS10,TN,TN,False,TNH2026,2026-01-05,2026-01-12,2026-02-26,2026-01-02,ok,-1.0,0.0025,5,1.0,3.4967297,1.0,1.0,False,3197.3704,87.252218,0.91567556,60,36.645147,37.0,3228.3321,1000.0,15.625,15.625,6937.5,1304.25,5633.25
supply_calendar_cost_2x,2.0,2026-01-12_91282CPT2_pre,2026-01-12_91282CPT2,pre,DGS3,ZT,ZT,False,ZTH2026,2026-01-05,2026-01-12,2026-02-26,2026-01-02,ok,-1.0,0.0025,5,1.0,3.7319812,1.0,1.0,False,2995.8189,32.686242,0.86860137,60,91.653818,92.0,3007.1343,2000.0,7.8125,7.8125,33781.25,1805.5,31975.75
supply_calendar_cost_2x,2.0,2026-01-13_912810UP1_pre,2026-01-13_912810UP1,pre,DGS30,UB,UB,False,UBH2026,2026-01-06,2026-01-13,2026-02-26,2026-01-05,ok,-1.0,0.0025,5,1.0,3.1018037,1.0,1.0,False,3604.464,194.48604,0.92129186,60,18.533279,19.0,3695.2347,1000.0,31.25,31.25,-14843.75,1263.5,-16107.25
supply_calendar_cost_2x,2.0,2026-01-12_91282CPJ4_post,2026-01-12_91282CPJ4,post,DGS10,TN,TN,False,TNH2026,2026-01-12,2026-01-20,2026-02-26,2026-01-09,ok,1.0,0.0025,5,1.0,3.2578025,1.0,1.0,False,3431.8655,87.650299,0.90534181,60,39.154065,39.0,3418.3617,1000.0,15.625,15.625,-37171.875,1374.75,-38546.625
supply_calendar_cost_2x,2.0,2026-01-12_91282CPT2_post,2026-01-12_91282CPT2,post,DGS3,ZT,ZT,False,ZTH2026,2026-01-12,2026-01-20,2026-02-26,2026-01-09,ok,1.0,0.0025,5,1.0,3.5083033,1.0,1.0,False,3186.8225,33.255168,0.87456643,60,95.82939,96.0,3192.4962,2000.0,7.8125,7.8125,-21000.0,1884.0,-22884.0
supply_calendar_cost_2x,2.0,2026-01-13_912810UP1_post,2026-01-13_912810UP1,post,DGS30,UB,UB,False,UBH2026,2026-01-13,2026-01-21,2026-02-26,2026-01-12,ok,1.0,0.0025,5,1.0,2.9275141,1.0,1.0,False,3819.0558,195.58983,0.95242176,60,19.52584,20.0,3911.7967,1000.0,31.25,31.25,-13125.0,1330.0,-14455.0
supply_calendar_cost_2x,2.0,2026-01-21_912810UQ9_pre,2026-01-21_912810UQ9,pre,DGS20,ZB,ZB,False,ZBH2026,2026-01-13,2026-01-21,2026-02-26,2026-01-12,ok,-1.0,0.0025,5,1.0,3.1217752,1.0,1.0,False,3581.4046,142.4063,0.93417536,60,25.1492,25.0,3560.1575,1000.0,31.25,31.25,21093.75,1662.5,19431.25
supply_calendar_cost_2x,2.0,2026-01-26_91282CGH8_pre,2026-01-26_91282CGH8,pre,DGS5,ZF,ZF,False,ZFH2026,2026-01-16,2026-01-26,2026-02-26,2026-01-15,ok,-1.0,0.0025,5,1.0,3.5951945,1.0,1.0,True,3109.8011,39.32681,0.90417902,60,79.075855,2.0,78.653619,1000.0,7.8125,7.8125,-109.375,39.25,-148.625
supply_calendar_cost_2x,2.0,2026-01-27_91282CPW5_pre,2026-01-27_91282CPW5,pre,DGS5,ZF,ZF,False,ZFH2026,2026-01-20,2026-01-27,2026-02-26,2026-01-16,ok,-1.0,0.0025,5,1.0,3.6415679,1.0,1.0,False,3070.1995,39.783439,0.90417569,60,77.172802,77.0,3063.3248,1000.0,7.8125,7.8125,-14437.5,1511.125,-15948.625
supply_calendar_cost_2x,2.0,2026-01-21_912810UQ9_post,2026-01-21_912810UQ9,post,DGS20,ZB,ZB,False,ZBH2026,2026-01-21,2026-01-28,2026-02-26,2026-01-20,ok,1.0,0.0025,5,1.0,3.2488155,0.5,1.0,False,1720.6794,141.89962,0.9374408,60,12.126032,12.0,1702.7955,1000.0,31.25,31.25,1500.0,798.0,702.0
supply_calendar_cost_2x,2.0,2026-01-29_91282CPY1_pre,2026-01-29_91282CPY1,pre,DGS7,ZN,ZN,False,ZNH2026,2026-01-22,2026-01-29,2026-02-26,2026-01-21,ok,-1.0,0.0025,5,1.0,3.5866986,0.5,1.0,False,1558.5837,64.321887,0.9341517,60,24.231001,24.0,1543.7253,1000.0,15.625,15.625,-6375.0,846.0,-7221.0
supply_calendar_cost_2x,2.0,2026-01-26_91282CGH8_post,2026-01-26_91282CGH8,post,DGS5,ZF,ZF,False,ZFH2026,2026-01-26,2026-02-02,2026-02-26,2026-01-23,ok,1.0,0.0025,5,1.0,3.6457157,0.5,1.0,False,1533.3532,39.354736,0.90109082,60,38.962356,39.0,1534.8347,1000.0,7.8125,7.8125,-914.0625,765.375,-1679.4375
supply_calendar_cost_2x,2.0,2026-01-27_91282CPW5_post,2026-01-27_91282CPW5,post,DGS5,ZF,ZF,False,ZFH2026,2026-01-27,2026-02-03,2026-02-26,2026-01-26,ok,1.0,0.0025,5,1.0,3.6584011,0.5,1.0,False,1528.0364,39.423123,0.9027338,60,38.759903,39.0,1537.5018,1000.0,7.8125,7.8125,-2742.1875,765.375,-3507.5625
supply_calendar_cost_2x,2.0,2026-01-29_91282CPY1_post,2026-01-29_91282CPY1,post,DGS7,ZN,ZN,False,ZNH2026,2026-01-29,2026-02-05,2026-02-26,2026-01-28,ok,1.0,0.0025,5,1.0,3.3207106,1.0,1.0,False,3366.8517,65.936731,0.92826239,60,51.061853,51.0,3362.7733,1000.0,15.625,15.625,13546.875,1797.75,11749.125
supply_calendar_cost_2x,2.0,2026-02-10_91282CQA2_pre,2026-02-10_91282CQA2,pre,DGS3,ZT,ZT,False,ZTH2026,2026-02-03,2026-02-10,2026-02-26,2026-02-02,ok,-1.0,0.0025,5,1.0,3.077667,1.0,1.0,False,3632.7322,32.327128,0.83825116,60,112.37411,112.0,3620.6384,2000.0,7.8125,7.8125,-48125.0,2198.0,-50323.0
supply_calendar_cost_2x,2.0,2026-02-11_91282CPZ8_pre,2026-02-11_91282CPZ8,pre,DGS10,TN,TN,False,TNH2026,2026-02-04,2026-02-11,2026-02-26,2026-02-03,ok,-1.0,0.0025,5,1.0,3.1531528,1.0,1.0,True,3545.7653,89.203141,0.91197798,60,39.749332,8.0,713.62513,1000.0,15.625,15.625,-7750.0,282.0,-8032.0
supply_calendar_cost_2x,2.0,2026-02-12_912810UR7_pre,2026-02-12_912810UR7,pre,DGS30,UB,UB,False,UBH2026,2026-02-05,2026-02-12,2026-02-26,2026-02-04,ok,-1.0,0.0025,5,1.0,2.8169684,1.0,1.0,False,3968.9263,199.43776,0.94281876,60,19.900576,20.0,3988.7553,1000.0,31.25,31.25,-50625.0,1330.0,-51955.0
supply_calendar_cost_2x,2.0,2026-02-10_91282CQA2_post,2026-02-10_91282CQA2,post,DGS3,ZT,ZT,False,ZTH2026,2026-02-10,2026-02-18,2026-02-26,2026-02-09,ok,1.0,0.0025,5,1.0,3.064283,1.0,1.0,False,3648.599,32.053813,0.86579875,60,113.8273,114.0,3654.1347,2000.0,7.8125,7.8125,-6234.375,2237.25,-8471.625
supply_calendar_cost_2x,2.0,2026-02-18_912810UT3_pre,2026-02-18_912810UT3,pre,DGS20,ZB,ZB,False,ZBH2026,2026-02-10,2026-02-18,2026-02-26,2026-02-09,ok,-1.0,0.0025,5,1.0,3.2110332,1.0,1.0,False,3481.8512,138.29623,0.91727696,60,25.176761,25.0,3457.4058,1000.0,31.25,31.25,-28906.25,1662.5,-30568.75
supply_calendar_cost_2x,2.0,2026-02-11_91282CPZ8_post,2026-02-11_91282CPZ8,post,DGS10,TN,TN,False,TNM2026,2026-02-11,2026-02-19,2026-05-28,2026-02-10,ok,1.0,0.0025,5,1.0,3.1324797,1.0,1.0,True,3569.1659,85.223183,0.86423735,60,41.880223,8.0,681.78547,1000.0,15.625,15.625,7875.0,282.0,7593.0
supply_calendar_cost_2x,2.0,2026-02-12_912810UR7_post,2026-02-12_912810UR7,post,DGS30,UB,UB,False,UBM2026,2026-02-12,2026-02-20,2026-05-28,2026-02-11,ok,1.0,0.0025,5,1.0,2.9676219,1.0,1.0,True,3767.4408,191.34911,0.92398566,60,19.688833,19.0,3635.6332,1000.0,31.25,31.25,1187.5,1263.5,-76.0
supply_calendar_cost_2x,2.0,2026-02-24_91282CQB0_pre,2026-02-24_91282CQB0,pre,DGS2,ZT,ZT,False,ZTM2026,2026-02-17,2026-02-24,2026-05-28,2026-02-13,capped_to_zero,-1.0,0.0025,5,1.0,3.3732078,1.0,1.0,True,3314.4533,32.025819,0.80307576,60,103.49316,0.0,0.0,2000.0,,,0.0,0.0,0.0
supply_calendar_cost_2x,2.0,2026-02-18_912810UT3_post,2026-02-18_912810UT3,post,DGS20,ZB,ZB,False,ZBM2026,2026-02-18,2026-02-25,2026-05-28,2026-02-17,ok,1.0,0.0025,5,1.0,3.3990278,1.0,1.0,False,3289.2758,139.02388,0.92923042,60,23.659791,24.0,3336.573,1000.0,31.25,31.25,6750.0,1596.0,5154.0
supply_calendar_cost_2x,2.0,2026-02-25_91282CQD6_pre,2026-02-25_91282CQD6,pre,DGS5,ZF,ZF,False,ZFM2026,2026-02-18,2026-02-25,2026-05-28,2026-02-17,ok,-1.0,0.0025,5,1.0,3.6410637,1.0,1.0,False,3070.6247,40.569533,0.91490224,60,75.687947,76.0,3083.2845,1000.0,7.8125,7.8125,-8312.5,1491.5,-9804.0
supply_calendar_cost_2x,2.0,2026-02-26_91282CQC8_pre,2026-02-26_91282CQC8,pre,DGS7,ZN,ZN,False,ZNM2026,2026-02-19,2026-02-26,2026-05-28,2026-02-18,ok,-1.0,0.0025,5,1.0,3.574233,1.0,1.0,False,3128.0389,63.670562,0.93078422,60,49.128496,49.0,3119.8575,1000.0,15.625,15.625,-22968.75,1727.25,-24696.0
supply_calendar_cost_2x,2.0,2026-02-24_91282CQB0_post,2026-02-24_91282CQB0,post,DGS2,ZT,ZT,False,ZTM2026,2026-02-24,2026-03-03,2026-05-28,2026-02-23,ok,1.0,0.0025,5,1.0,3.3820313,1.0,1.0,True,3305.8062,32.168607,0.83488347,60,102.76498,63.0,2026.6222,2000.0,7.8125,7.8125,-13781.25,1236.375,-15017.625
supply_calendar_cost_2x,2.0,2026-02-25_91282CQD6_post,2026-02-25_91282CQD6,post,DGS5,ZF,ZF,False,ZFM2026,2026-02-25,2026-03-04,2026-05-28,2026-02-24,ok,1.0,0.0025,5,1.0,3.5639437,1.0,1.0,False,3137.0697,41.131864,0.91289645,60,76.268601,76.0,3126.0217,1000.0,7.8125,7.8125,-20781.25,1491.5,-22272.75
supply_calendar_cost_2x,2.0,2026-02-26_91282CQC8_post,2026-02-26_91282CQC8,post,DGS7,ZN,ZN,False,ZNM2026,2026-02-26,2026-03-05,2026-05-28,2026-02-25,ok,1.0,0.0025,5,1.0,3.5515175,1.0,1.0,False,3148.0458,63.881898,0.93587234,60,49.279153,49.0,3130.213,1000.0,15.625,15.625,-51296.875,1727.25,-53024.125
supply_calendar_cost_2x,2.0,2026-03-10_91282CQE4_pre,2026-03-10_91282CQE4,pre,DGS3,ZT,ZT,False,ZTM2026,2026-03-03,2026-03-10,2026-05-28,2026-03-02,ok,-1.0,0.0025,5,1.0,3.632675,1.0,1.0,True,3077.7154,34.872364,0.90086851,60,88.256575,77.0,2685.1721,2000.0,7.8125,7.8125,25265.625,1511.125,23754.5
supply_calendar_cost_2x,2.0,2026-03-11_91282CPZ8_pre,2026-03-11_91282CPZ8,pre,DGS10,TN,TN,False,TNM2026,2026-03-04,2026-03-11,2026-05-28,2026-03-03,ok,-1.0,0.0025,5,1.0,3.4738734,1.0,1.0,False,3218.4074,87.36394,0.90313919,60,36.839083,37.0,3232.4658,1000.0,15.625,15.625,42203.125,1304.25,40898.875
supply_calendar_cost_2x,2.0,2026-03-12_912810UR7_pre,2026-03-12_912810UR7,pre,DGS30,UB,UB,False,UBM2026,2026-03-05,2026-03-12,2026-05-28,2026-03-04,ok,-1.0,0.0025,5,1.0,3.1722668,1.0,1.0,False,3524.4008,184.68589,0.92914693,60,19.083217,19.0,3509.0318,1000.0,31.25,31.25,46312.5,1263.5,45049.0
supply_calendar_cost_2x,2.0,2026-03-10_91282CQE4_post,2026-03-10_91282CQE4,post,DGS3,ZT,ZT,False,ZTM2026,2026-03-10,2026-03-17,2026-05-28,2026-03-09,ok,1.0,0.0025,5,1.0,3.5789719,1.0,1.0,False,3123.8971,35.236194,0.84616491,60,88.655917,89.0,3136.0213,2000.0,7.8125,7.8125,-35460.9375,1746.625,-37207.5625
supply_calendar_cost_2x,2.0,2026-03-17_912810UT3_pre,2026-03-17_912810UT3,pre,DGS20,ZB,ZB,False,ZBM2026,2026-03-10,2026-03-17,2026-05-28,2026-03-09,ok,-1.0,0.0025,5,1.0,3.3450782,1.0,1.0,False,3342.3254,137.25512,0.89733699,60,24.35119,24.0,3294.1228,1000.0,31.25,31.25,30750.0,1596.0,29154.0
supply_calendar_cost_2x,2.0,2026-03-11_91282CPZ8_post,2026-03-11_91282CPZ8,post,DGS10,TN,TN,False,TNM2026,2026-03-11,2026-03-18,2026-05-28,2026-03-10,ok,1.0,0.0025,5,1.0,3.4196177,0.5,1.0,False,1634.7353,87.145346,0.87223277,60,18.758722,19.0,1655.7616,1000.0,15.625,15.625,-8609.375,669.75,-9279.125
supply_calendar_cost_2x,2.0,2026-03-12_912810UR7_post,2026-03-12_912810UR7,post,DGS30,UB,UB,False,UBM2026,2026-03-12,2026-03-19,2026-05-28,2026-03-11,ok,1.0,0.0025,5,1.0,3.4743206,0.5,1.0,False,1608.9966,177.42315,0.90575119,60,9.0686955,9.0,1596.8084,1000.0,31.25,31.25,5062.5,598.5,4464.0
supply_calendar_cost_2x,2.0,2026-03-17_912810UT3_post,2026-03-17_912810UT3,post,DGS20,ZB,ZB,False,ZBM2026,2026-03-17,2026-03-24,2026-05-28,2026-03-16,ok,1.0,0.0025,5,1.0,3.5160648,0.5,1.0,False,1589.8939,140.09374,0.90953502,60,11.348786,11.0,1541.0312,1000.0,31.25,31.25,-24062.5,731.5,-24794.0
supply_calendar_cost_2x,2.0,2026-03-24_91282CQH7_pre,2026-03-24_91282CQH7,pre,DGS2,ZT,ZT,False,ZTM2026,2026-03-17,2026-03-24,2026-05-28,2026-03-16,ok,-1.0,0.0025,5,1.0,3.8119645,0.5,1.0,False,1466.4801,36.857261,0.82503855,60,39.788091,40.0,1474.2904,2000.0,7.8125,7.8125,42500.0,785.0,41715.0
supply_calendar_cost_2x,2.0,2026-03-25_91282CQG9_pre,2026-03-25_91282CQG9,pre,DGS5,ZF,ZF,False,ZFM2026,2026-03-18,2026-03-25,2026-05-28,2026-03-17,ok,-1.0,0.0025,5,1.0,3.9265502,1.0,1.0,False,2847.3696,44.857569,0.91559072,60,63.47579,63.0,2826.0268,1000.0,7.8125,7.8125,31992.1875,1236.375,30755.8125
supply_calendar_cost_2x,2.0,2026-03-26_91282CQF1_pre,2026-03-26_91282CQF1,pre,DGS7,ZN,ZN,False,ZNM2026,2026-03-19,2026-03-26,2026-05-28,2026-03-18,ok,-1.0,0.0025,5,1.0,3.9927901,1.0,1.0,False,2800.1321,65.52832,0.90623649,60,42.731633,43.0,2817.7177,1000.0,15.625,15.625,45015.625,1515.75,43499.875
supply_calendar_cost_2x,2.0,2026-03-24_91282CQH7_post,2026-03-24_91282CQH7,post,DGS2,ZT,ZT,False,ZTM2026,2026-03-24,2026-03-31,2026-05-28,2026-03-23,ok,1.0,0.0025,5,1.0,4.0684469,1.0,1.0,False,2748.0609,39.065833,0.85500624,60,70.344357,70.0,2734.6083,2000.0,7.8125,7.8125,33359.375,1373.75,31985.625
supply_calendar_cost_2x,2.0,2026-03-25_91282CQG9_post,2026-03-25_91282CQG9,post,DGS5,ZF,ZF,False,ZFM2026,2026-03-25,2026-04-01,2026-05-28,2026-03-24,ok,1.0,0.0025,5,1.0,4.4888751,1.0,1.0,False,2490.6774,43.273831,0.90239137,60,57.556203,58.0,2509.8822,1000.0,7.8125,7.8125,7250.0,1138.25,6111.75
supply_calendar_cost_2x,2.0,2026-03-26_91282CQF1_post,2026-03-26_91282CQF1,post,DGS7,ZN,ZN,False,ZNM2026,2026-03-26,2026-04-02,2026-05-28,2026-03-25,ok,1.0,0.0025,5,1.0,4.4999686,1.0,1.0,False,2484.5373,64.831849,0.90209892,60,38.32279,38.0,2463.6103,1000.0,15.625,15.625,32062.5,1339.5,30723.0
supply_calendar_cost_2x,2.0,2026-04-07_91282CQJ3_pre,2026-04-07_91282CQJ3,pre,DGS3,ZT,ZT,False,ZTM2026,2026-03-31,2026-04-07,2026-05-28,2026-03-30,ok,-1.0,0.0025,5,1.0,4.788758,1.0,1.0,False,2334.7055,38.528386,0.89294031,60,60.597024,61.0,2350.2315,2000.0,7.8125,7.8125,8101.5625,1197.125,6904.4375
supply_calendar_cost_2x,2.0,2026-04-08_91282CPZ8_pre,2026-04-08_91282CPZ8,pre,DGS10,TN,TN,False,TNM2026,2026-04-01,2026-04-08,2026-05-28,2026-03-31,ok,-1.0,0.0025,5,1.0,4.5079653,1.0,1.0,False,2480.13,87.631101,0.92556166,60,28.301938,28.0,2453.6708,1000.0,15.625,15.625,-7875.0,987.0,-8862.0
supply_calendar_cost_2x,2.0,2026-04-09_912810UR7_pre,2026-04-09_912810UR7,pre,DGS30,UB,UB,False,UBM2026,2026-04-02,2026-04-09,2026-05-28,2026-04-01,ok,-1.0,0.0025,5,1.0,4.1403349,1.0,1.0,False,2700.3468,171.3312,0.92707504,60,15.760975,16.0,2741.2992,1000.0,31.25,31.25,1000.0,1064.0,-64.0
supply_calendar_cost_2x,2.0,2026-04-07_91282CQJ3_post,2026-04-07_91282CQJ3,post,DGS3,ZT,ZT,False,ZTM2026,2026-04-07,2026-04-14,2026-05-28,2026-04-06,ok,1.0,0.0025,5,1.0,4.8728465,1.0,1.0,False,2294.4166,38.00108,0.88759776,60,60.377669,60.0,2280.0648,2000.0,7.8125,7.8125,19218.75,1177.5,18041.25
supply_calendar_cost_2x,2.0,2026-04-08_91282CPZ8_post,2026-04-08_91282CPZ8,post,DGS10,TN,TN,False,TNM2026,2026-04-08,2026-04-15,2026-05-28,2026-04-07,ok,1.0,0.0025,5,1.0,4.5047056,1.0,1.0,False,2481.9246,86.085952,0.91766238,60,28.830774,29.0,2496.4926,1000.0,15.625,15.625,3171.875,1022.25,2149.625
supply_calendar_cost_2x,2.0,2026-04-09_912810UR7_post,2026-04-09_912810UR7,post,DGS30,UB,UB,False,UBM2026,2026-04-09,2026-04-16,2026-05-28,2026-04-08,ok,1.0,0.0025,5,1.0,4.1156996,1.0,1.0,False,2716.5102,168.12275,0.91724031,60,16.157898,16.0,2689.964,1000.0,31.25,31.25,-9000.0,1064.0,-10064.0
supply_calendar_cost_2x,2.0,2026-04-22_912810UT3_pre,2026-04-22_912810UT3,pre,DGS20,ZB,ZB,False,ZBM2026,2026-04-15,2026-04-22,2026-05-28,2026-04-14,ok,-1.0,0.0025,5,1.0,4.215756,1.0,1.0,False,2652.0367,141.26947,0.91955052,60,18.772894,19.0,2684.1199,1000.0,31.25,31.25,3562.5,1263.5,2299.0
supply_calendar_cost_2x,2.0,2026-04-27_91282CQK0_pre,2026-04-27_91282CQK0,pre,DGS5,ZF,ZF,False,ZFM2026,2026-04-20,2026-04-27,2026-05-28,2026-04-17,ok,-1.0,0.0025,5,1.0,5.0873444,1.0,1.0,False,2197.677,42.822808,0.91078053,60,51.320246,51.0,2183.9632,1000.0,7.8125,7.8125,21117.1875,1000.875,20116.3125
supply_calendar_cost_2x,2.0,2026-04-27_91282CQL8_pre,2026-04-27_91282CQL8,pre,DGS2,ZT,ZT,False,ZTM2026,2026-04-20,2026-04-27,2026-05-28,2026-04-17,ok,-1.0,0.0025,5,1.0,4.8298741,1.0,1.0,False,2314.8305,38.738004,0.87673064,60,59.75606,60.0,2324.2802,2000.0,7.8125,7.8125,18750.0,1177.5,17572.5
supply_calendar_cost_2x,2.0,2026-04-28_91282CQN4_pre,2026-04-28_91282CQN4,pre,DGS7,ZN,ZN,False,ZNM2026,2026-04-21,2026-04-28,2026-05-28,2026-04-20,ok,-1.0,0.0025,5,1.0,4.809918,1.0,1.0,False,2324.4346,65.055549,0.90345012,60,35.729998,36.0,2341.9997,1000.0,15.625,15.625,15750.0,1269.0,14481.0
supply_calendar_cost_2x,2.0,2026-04-22_912810UT3_post,2026-04-22_912810UT3,post,DGS20,ZB,ZB,False,ZBM2026,2026-04-22,2026-04-29,2026-05-28,2026-04-21,ok,1.0,0.0025,5,1.0,4.0871854,0.5,1.0,False,1367.7309,142.44496,0.91428589,60,9.6018206,10.0,1424.4496,1000.0,31.25,31.25,-14687.5,665.0,-15352.5
supply_calendar_cost_2x,2.0,2026-04-27_91282CQK0_post,2026-04-27_91282CQK0,post,DGS5,ZF,ZF,False,ZFM2026,2026-04-27,2026-05-04,2026-05-28,2026-04-24,ok,1.0,0.0025,5,1.0,5.1676963,0.5,1.0,False,1081.7528,42.612735,0.91069063,60,25.38567,25.0,1065.3184,1000.0,7.8125,7.8125,-16210.9375,490.625,-16701.5625
supply_calendar_cost_2x,2.0,2026-04-27_91282CQL8_post,2026-04-27_91282CQL8,post,DGS2,ZT,ZT,False,ZTM2026,2026-04-27,2026-05-04,2026-05-28,2026-04-24,ok,1.0,0.0025,5,1.0,4.8757152,0.5,1.0,False,1146.5333,39.125628,0.88565756,60,29.303896,29.0,1134.6432,2000.0,7.8125,7.8125,-17671.875,569.125,-18241.0
supply_calendar_cost_2x,2.0,2026-04-28_91282CQN4_post,2026-04-28_91282CQN4,post,DGS7,ZN,ZN,False,ZNM2026,2026-04-28,2026-05-05,2026-05-28,2026-04-27,ok,1.0,0.0025,5,1.0,4.8715419,0.5,1.0,False,1147.5155,64.961731,0.90607566,60,17.664485,18.0,1169.3112,1000.0,15.625,15.625,-9281.25,634.5,-9915.75
supply_calendar_cost_2x,2.0,2026-05-11_91282CQR5_pre,2026-05-11_91282CQR5,pre,DGS3,ZT,ZT,False,ZTM2026,2026-05-04,2026-05-11,2026-05-28,2026-05-01,ok,-1.0,0.0025,5,1.0,5.0529401,1.0,1.0,False,2212.6405,37.842704,0.88449851,60,58.469407,58.0,2194.8769,2000.0,7.8125,7.8125,-4078.125,1138.25,-5216.375
supply_calendar_cost_2x,2.0,2026-05-12_91282CQQ7_pre,2026-05-12_91282CQQ7,pre,DGS10,TN,TN,False,TNM2026,2026-05-05,2026-05-12,2026-05-28,2026-05-04,ok,-1.0,0.0025,5,1.0,4.513977,1.0,1.0,False,2476.8269,87.035221,0.91865989,60,28.457754,28.0,2436.9862,1000.0,15.625,15.625,11375.0,987.0,10388.0
supply_calendar_cost_2x,2.0,2026-05-13_912810UU0_pre,2026-05-13_912810UU0,pre,DGS30,UB,UB,False,UBM2026,2026-05-06,2026-05-13,2026-05-28,2026-05-05,ok,-1.0,0.0025,5,1.0,3.9834048,1.0,1.0,False,2806.7295,167.1236,0.91761623,60,16.794333,17.0,2841.1013,1000.0,31.25,31.25,32406.25,1130.5,31275.75
supply_calendar_cost_2x,2.0,2026-05-11_91282CQR5_post,2026-05-11_91282CQR5,post,DGS3,ZT,ZT,False,ZTM2026,2026-05-11,2026-05-18,2026-05-28,2026-05-08,ok,1.0,0.0025,5,1.0,5.1059675,1.0,1.0,False,2189.6614,38.219887,0.89266035,60,57.291154,57.0,2178.5335,2000.0,7.8125,7.8125,-31171.875,1118.625,-32290.5
supply_calendar_cost_2x,2.0,2026-05-12_91282CQQ7_post,2026-05-12_91282CQQ7,post,DGS10,TN,TN,False,TNM2026,2026-05-12,2026-05-19,2026-05-28,2026-05-11,ok,1.0,0.0025,5,1.0,4.4032602,1.0,1.0,False,2539.105,87.164079,0.91433362,60,29.130176,29.0,2527.7583,1000.0,15.625,15.625,-50750.0,1022.25,-51772.25
supply_calendar_cost_2x,2.0,2026-05-13_912810UU0_post,2026-05-13_912810UU0,post,DGS30,UB,UB,False,UBU2026,2026-05-13,2026-05-20,2026-08-28,2026-05-12,ok,1.0,0.0025,5,1.0,3.6974186,1.0,1.0,False,3023.8232,168.78035,0.90748992,60,17.91573,18.0,3038.0463,1000.0,31.25,31.25,-23062.5,1197.0,-24259.5
supply_calendar_cost_2x,2.0,2026-05-20_912810UV8_pre,2026-05-20_912810UV8,pre,DGS20,ZB,ZB,False,ZBU2026,2026-05-13,2026-05-20,2026-08-28,2026-05-12,ok,-1.0,0.0025,5,1.0,3.9950181,1.0,1.0,False,2798.5705,144.60986,0.91265025,60,19.352557,19.0,2747.5873,1000.0,31.25,31.25,23156.25,1263.5,21892.75
supply_calendar_cost_2x,2.0,2026-05-26_91282CQS3_pre,2026-05-26_91282CQS3,pre,DGS2,ZT,ZT,False,ZTU2026,2026-05-18,2026-05-26,2026-08-28,2026-05-15,ok,-1.0,0.0025,5,1.0,4.9179425,1.0,1.0,False,2273.3775,41.347149,0.89070404,60,54.982691,55.0,2274.0932,2000.0,7.8125,7.8125,-13320.3125,1079.375,-14399.6875
supply_calendar_cost_2x,2.0,2026-05-27_91282CQU8_pre,2026-05-27_91282CQU8,pre,DGS5,ZF,ZF,False,ZFU2026,2026-05-19,2026-05-27,2026-08-28,2026-05-18,ok,-1.0,0.0025,5,1.0,5.289794,1.0,1.0,False,2113.5681,43.712647,0.90952378,60,48.351409,48.0,2098.2071,1000.0,7.8125,7.8125,-33750.0,942.0,-34692.0
supply_calendar_cost_2x,2.0,2026-05-20_912810UV8_post,2026-05-20_912810UV8,post,DGS20,ZB,ZB,False,ZBU2026,2026-05-20,2026-05-28,2026-08-28,2026-05-19,ok,1.0,0.0025,5,1.0,4.3094955,1.0,1.0,False,2594.3501,143.70703,0.92163269,60,18.053049,18.0,2586.7265,1000.0,31.25,31.25,35437.5,1197.0,34240.5
supply_calendar_cost_2x,2.0,2026-05-28_91282CQT1_pre,2026-05-28_91282CQT1,pre,DGS7,ZN,ZN,False,ZNU2026,2026-05-20,2026-05-28,2026-08-28,2026-05-19,ok,-1.0,0.0025,5,1.0,5.071773,1.0,1.0,False,2204.4243,66.293385,0.90216253,60,33.252554,33.0,2187.6817,1000.0,15.625,15.625,-21656.25,1163.25,-22819.5
supply_calendar_cost_2x,2.0,2026-05-26_91282CQS3_post,2026-05-26_91282CQS3,post,DGS2,ZT,ZT,False,ZTU2026,2026-05-26,2026-06-02,2026-08-28,2026-05-22,ok,1.0,0.0025,5,1.0,5.0476543,1.0,1.0,False,2214.9575,40.136995,0.89078141,60,55.184937,55.0,2207.5347,2000.0,7.8125,7.8125,-3007.8125,1079.375,-4087.1875
supply_calendar_cost_2x,2.0,2026-05-27_91282CQU8_post,2026-05-27_91282CQU8,post,DGS5,ZF,ZF,False,ZFU2026,2026-05-27,2026-06-03,2026-08-28,2026-05-26,ok,1.0,0.0025,5,1.0,5.3660104,1.0,1.0,False,2083.5479,43.684193,0.91410958,60,47.695695,48.0,2096.8412,1000.0,7.8125,7.8125,-8250.0,942.0,-9192.0
supply_calendar_cost_2x,2.0,2026-05-28_91282CQT1_post,2026-05-28_91282CQT1,post,DGS7,ZN,ZN,False,ZNU2026,2026-05-28,2026-06-04,2026-08-28,2026-05-27,ok,1.0,0.0025,5,1.0,5.1961252,1.0,1.0,False,2151.6687,65.951006,0.9062861,60,32.625259,33.0,2176.3832,1000.0,15.625,15.625,-6703.125,1163.25,-7866.375
supply_calendar_cost_2x,2.0,2026-06-09_91282CQV6_pre,2026-06-09_91282CQV6,pre,DGS3,ZT,ZT,False,ZTU2026,2026-06-02,2026-06-09,2026-08-28,2026-06-01,ok,-1.0,0.0025,5,1.0,5.2340692,1.0,1.0,False,2136.0703,38.341507,0.89034214,60,55.711694,56.0,2147.1244,2000.0,7.8125,7.8125,16625.0,1099.0,15526.0
supply_calendar_cost_2x,2.0,2026-06-10_91282CQQ7_pre,2026-06-10_91282CQQ7,pre,DGS10,TN,TN,False,TNU2026,2026-06-03,2026-06-10,2026-08-28,2026-06-02,ok,-1.0,0.0025,5,1.0,4.7348927,1.0,1.0,False,2361.2657,88.53786,0.93542662,60,26.669559,27.0,2390.5222,1000.0,15.625,15.625,10968.75,951.75,10017.0
supply_calendar_cost_2x,2.0,2026-06-11_912810UU0_pre,2026-06-11_912810UU0,pre,DGS30,UB,UB,False,UBU2026,2026-06-04,2026-06-11,2026-08-28,2026-06-03,ok,-1.0,0.0025,5,1.0,3.8787775,1.0,1.0,False,2882.4391,178.33782,0.93958111,60,16.162803,16.0,2853.4051,1000.0,31.25,31.25,-9000.0,1064.0,-10064.0
supply_calendar_cost_2x,2.0,2026-06-09_91282CQV6_post,2026-06-09_91282CQV6,post,DGS3,ZT,ZT,False,ZTU2026,2026-06-09,2026-06-16,2026-08-28,2026-06-08,ok,1.0,0.0025,5,1.0,5.2853865,1.0,1.0,False,2115.3306,37.617569,0.90481392,60,56.232517,56.0,2106.5839,2000.0,7.8125,7.8125,17937.5,1099.0,16838.5
supply_calendar_cost_2x,2.0,2026-06-16_912810UV8_pre,2026-06-16_912810UV8,pre,DGS20,ZB,ZB,False,ZBU2026,2026-06-09,2026-06-16,2026-08-28,2026-06-08,ok,-1.0,0.0025,5,1.0,4.2897855,1.0,1.0,False,2606.2701,143.77571,0.93155333,60,18.127332,18.0,2587.9628,1000.0,31.25,31.25,-25312.5,1197.0,-26509.5
supply_calendar_cost_2x,2.0,2026-06-10_91282CQQ7_post,2026-06-10_91282CQQ7,post,DGS10,TN,TN,False,TNU2026,2026-06-10,2026-06-17,2026-08-28,2026-06-09,ok,1.0,0.0025,5,1.0,4.7066487,0.5,1.0,False,1187.7177,86.672724,0.93880186,60,13.703477,14.0,1213.4181,1000.0,15.625,15.625,10062.5,493.5,9569.0
supply_calendar_cost_2x,2.0,2026-06-11_912810UU0_post,2026-06-11_912810UU0,post,DGS30,UB,UB,False,UBU2026,2026-06-11,2026-06-18,2026-08-28,2026-06-10,ok,1.0,0.0025,5,1.0,3.7565762,0.5,1.0,False,1488.1024,173.13986,0.93107117,60,8.5947994,9.0,1558.2588,1000.0,31.25,31.25,8437.5,598.5,7839.0
supply_calendar_cost_2x,2.0,2026-06-23_91282CQY0_pre,2026-06-23_91282CQY0,pre,DGS2,ZT,ZT,False,ZTU2026,2026-06-15,2026-06-23,2026-08-28,2026-06-12,ok,-1.0,0.0025,5,1.0,5.2254268,0.5,1.0,False,1069.8016,37.180905,0.91912917,60,28.772877,29.0,1078.2462,2000.0,7.8125,7.8125,12687.5,569.125,12118.375
supply_calendar_cost_2x,2.0,2026-06-16_912810UV8_post,2026-06-16_912810UV8,post,DGS20,ZB,ZB,False,ZBU2026,2026-06-16,2026-06-24,2026-08-28,2026-06-15,ok,1.0,0.0025,5,1.0,3.8926267,0.5,1.0,False,1436.092,146.60235,0.92449199,60,9.795832,10.0,1466.0235,1000.0,31.25,31.25,9062.5,665.0,8397.5
supply_calendar_cost_2x,2.0,2026-06-24_91282CQX2_pre,2026-06-24_91282CQX2,pre,DGS5,ZF,ZF,False,ZFU2026,2026-06-16,2026-06-24,2026-08-28,2026-06-15,ok,-1.0,0.0025,5,1.0,5.1948203,0.5,1.0,False,1076.1046,42.694338,0.94940063,60,25.204855,25.0,1067.3585,1000.0,7.8125,7.8125,2343.75,490.625,1853.125
supply_calendar_cost_2x,2.0,2026-06-25_91282CQW4_pre,2026-06-25_91282CQW4,pre,DGS7,ZN,ZN,False,ZNU2026,2026-06-17,2026-06-25,2026-08-28,2026-06-16,ok,-1.0,0.0025,5,1.0,4.8889071,1.0,1.0,False,2286.8792,66.198359,0.94145772,60,34.545859,35.0,2316.9426,1000.0,15.625,15.625,-18593.75,1233.75,-19827.5
supply_calendar_cost_2x,2.0,2026-06-23_91282CQY0_post,2026-06-23_91282CQY0,post,DGS2,ZT,ZT,False,ZTU2026,2026-06-23,2026-06-30,2026-08-28,2026-06-22,ok,1.0,0.0025,5,1.0,5.1038924,1.0,1.0,False,2190.5516,35.414475,0.91257696,60,61.854697,62.0,2195.6975,2000.0,7.8125,7.8125,13078.125,1216.75,11861.375
supply_calendar_cost_2x,2.0,2026-06-24_91282CQX2_post,2026-06-24_91282CQX2,post,DGS5,ZF,ZF,False,ZFU2026,2026-06-24,2026-07-01,2026-08-28,2026-06-23,ok,1.0,0.0025,5,1.0,4.9977113,1.0,1.0,False,2237.092,41.498787,0.93126655,60,53.907406,54.0,2240.9345,1000.0,7.8125,7.8125,-12234.375,1059.75,-13294.125
supply_calendar_cost_2x,2.0,2026-06-25_91282CQW4_post,2026-06-25_91282CQW4,post,DGS7,ZN,ZN,False,ZNU2026,2026-06-25,2026-07-02,2026-08-28,2026-06-24,ok,1.0,0.0025,5,1.0,4.8250757,1.0,1.0,False,2317.1325,62.616027,0.92863175,60,37.005422,37.0,2316.793,1000.0,15.625,15.625,-19078.125,1304.25,-20382.375
supply_calendar_cost_2x,2.0,2026-07-07_91282CQZ7_pre,2026-07-07_91282CQZ7,pre,DGS3,ZT,ZT,False,ZTU2026,2026-06-29,2026-07-07,2026-08-28,2026-06-26,ok,-1.0,0.0025,5,1.0,5.0699904,1.0,1.0,True,2205.1994,34.869275,0.91160493,60,63.241907,35.0,1220.4246,2000.0,7.8125,7.8125,6835.9375,686.875,6149.0625
supply_calendar_cost_2x,2.0,2026-07-08_91282CQQ7_pre,2026-07-08_91282CQQ7,pre,DGS10,TN,TN,False,TNU2026,2026-06-30,2026-07-08,2026-08-28,2026-06-29,ok,-1.0,0.0025,5,1.0,4.2708776,1.0,1.0,False,2617.8085,86.922486,0.94117111,60,30.116586,30.0,2607.6746,1000.0,15.625,15.625,38437.5,1057.5,37380.0
supply_calendar_cost_2x,2.0,2026-07-09_912810UU0_pre,2026-07-09_912810UU0,pre,DGS30,UB,UB,False,UBU2026,2026-07-01,2026-07-09,2026-08-28,2026-06-30,ok,-1.0,0.0025,5,1.0,3.3446137,1.0,1.0,False,3342.7896,182.10227,0.94154966,60,18.356661,18.0,3277.8409,1000.0,31.25,31.25,27000.0,1197.0,25803.0
supply_calendar_cost_2x,2.0,2026-07-07_91282CQZ7_post,2026-07-07_91282CQZ7,post,DGS3,ZT,ZT,False,ZTU2026,2026-07-07,2026-07-14,2026-08-28,2026-07-06,ok,1.0,0.0025,5,1.0,4.988801,1.0,1.0,False,2241.0876,35.253082,0.91905169,60,63.571395,64.0,2256.1972,2000.0,7.8125,7.8125,-7000.0,1256.0,-8256.0
supply_calendar_cost_2x,2.0,2026-07-08_91282CQQ7_post,2026-07-08_91282CQQ7,post,DGS10,TN,TN,False,TNU2026,2026-07-08,2026-07-15,2026-08-28,2026-07-07,ok,1.0,0.0025,5,1.0,4.385518,1.0,1.0,False,2549.3773,85.452805,0.93972276,60,29.833746,30.0,2563.5841,1000.0,15.625,15.625,6093.75,1057.5,5036.25
supply_calendar_cost_2x,2.0,2026-07-09_912810UU0_post,2026-07-09_912810UU0,post,DGS30,UB,UB,False,UBU2026,2026-07-09,2026-07-16,2026-08-28,2026-07-08,ok,1.0,0.0025,5,1.0,3.5012104,1.0,1.0,False,3193.2785,180.00346,0.95661489,60,17.740095,18.0,3240.0622,1000.0,31.25,31.25,-13500.0,1197.0,-14697.0
supply_calendar_cost_2x,2.0,2026-07-22_912810UV8_pre,2026-07-22_912810UV8,pre,DGS20,ZB,ZB,False,ZBU2026,2026-07-15,2026-07-22,2026-08-28,2026-07-14,ok,-1.0,0.0025,5,1.0,4.0147679,1.0,1.0,False,2784.8035,136.20551,0.93086645,60,20.445602,20.0,2724.1101,1000.0,31.25,31.25,23750.0,1330.0,22420.0
supply_calendar_cost_2x,2.0,2026-07-27_91282CRA1_pre,2026-07-27_91282CRA1,pre,DGS5,ZF,ZF,False,ZFU2026,2026-07-20,2026-07-27,2026-08-28,2026-07-17,ok,-1.0,0.0025,5,1.0,5.0592813,1.0,1.0,False,2209.8672,41.126095,0.94731925,60,53.733942,54.0,2220.8091,1000.0,7.8125,7.8125,14765.625,1059.75,13705.875
supply_calendar_cost_2x,2.0,2026-07-27_91282CRB9_pre,2026-07-27_91282CRB9,pre,DGS2,ZT,ZT,False,ZTU2026,2026-07-20,2026-07-27,2026-08-28,2026-07-17,ok,-1.0,0.0025,5,1.0,5.2292096,1.0,1.0,False,2138.0554,34.276537,0.92277049,60,62.376647,62.0,2125.1453,2000.0,7.8125,7.8125,21312.5,1216.75,20095.75
supply_calendar_cost_2x,2.0,2026-07-28_91282CRC7_pre,2026-07-28_91282CRC7,pre,DGS7,ZN,ZN,False,ZNU2026,2026-07-21,2026-07-28,2026-08-28,2026-07-20,ok,-1.0,0.0025,5,1.0,4.9138051,1.0,1.0,False,2275.2917,62.595057,0.94176729,60,36.349383,36.0,2253.4221,1000.0,15.625,15.625,-6187.5,1269.0,-7456.5
supply_calendar_cost_2x,2.0,2026-07-22_912810UV8_post,2026-07-22_912810UV8,post,DGS20,ZB,ZB,False,ZBU2026,2026-07-22,2026-07-29,2026-08-28,2026-07-21,ok,1.0,0.0025,5,1.0,4.0135364,0.5,1.0,False,1392.829,136.0151,0.93295205,60,10.240253,10.0,1360.151,1000.0,31.25,31.25,2500.0,665.0,1835.0
supply_calendar_cost_2x,2.0,2026-07-27_91282CRA1_post,2026-07-27_91282CRA1,post,DGS5,ZF,ZF,False,ZFU2026,2026-07-27,2026-08-03,2026-08-28,2026-07-24,ok,1.0,0.0025,5,1.0,5.1002382,0.5,1.0,False,1096.0606,41.367461,0.9498055,60,26.495718,26.0,1075.554,1000.0,7.8125,7.8125,609.375,510.25,99.125
supply_calendar_cost_2x,2.0,2026-07-27_91282CRB9_post,2026-07-27_91282CRB9,post,DGS2,ZT,ZT,False,ZTU2026,2026-07-27,2026-08-03,2026-08-28,2026-07-24,ok,1.0,0.0025,5,1.0,5.2609584,0.5,1.0,False,1062.5763,34.41179,0.92961712,60,30.878264,31.0,1066.7655,2000.0,7.8125,7.8125,7023.4375,608.375,6415.0625
supply_calendar_cost_2x,2.0,2026-07-28_91282CRC7_post,2026-07-28_91282CRC7,post,DGS7,ZN,ZN,False,ZNU2026,2026-07-28,2026-08-04,2026-08-28,2026-07-27,ok,1.0,0.0025,5,1.0,4.9075924,0.5,1.0,False,1139.086,62.27715,0.94170352,60,18.290593,18.0,1120.9887,1000.0,15.625,15.625,562.5,634.5,-72.0
supply_calendar_cost_2x,2.0,2026-08-11_91282CRG8_pre,2026-08-11_91282CRG8,pre,DGS3,ZT,ZT,False,ZTU2026,2026-08-04,2026-08-11,2026-08-28,2026-08-03,ok,-1.0,0.0025,5,1.0,4.9268949,1.0,1.0,False,2269.2467,34.272683,0.91287362,60,66.211526,66.0,2261.9971,2000.0,7.8125,7.8125,4640.625,1295.25,3345.375
supply_calendar_cost_2x,2.0,2026-08-12_91282CRF0_pre,2026-08-12_91282CRF0,pre,DGS10,TN,TN,False,TNU2026,2026-08-05,2026-08-12,2026-08-28,2026-08-04,ok,-1.0,0.0025,5,1.0,4.4909199,1.0,1.0,False,2489.5434,83.251775,0.91002154,60,29.903787,30.0,2497.5533,1000.0,15.625,15.625,16406.25,1057.5,15348.75
supply_calendar_cost_2x,2.0,2026-08-13_912810UW6_pre,2026-08-13_912810UW6,pre,DGS30,UB,UB,False,UBU2026,2026-08-06,2026-08-13,2026-08-28,2026-08-05,ok,-1.0,0.0025,5,1.0,3.8088508,1.0,1.0,False,2935.3578,162.97268,0.87544388,60,18.011349,18.0,2933.5083,1000.0,31.25,31.25,-1125.0,1197.0,-2322.0
supply_calendar_cost_2x,2.0,2026-08-11_91282CRG8_post,2026-08-11_91282CRG8,post,DGS3,ZT,ZT,False,ZTU2026,2026-08-11,2026-08-18,2026-08-28,2026-08-10,ok,1.0,0.0025,5,1.0,5.1205524,1.0,1.0,False,2183.4246,33.34716,0.91351866,60,65.475579,65.0,2167.5654,2000.0,7.8125,7.8125,12695.3125,1275.625,11419.6875
supply_calendar_cost_2x,2.0,2026-08-12_91282CRF0_post,2026-08-12_91282CRF0,post,DGS10,TN,TN,False,TNU2026,2026-08-12,2026-08-19,2026-08-28,2026-08-11,ok,1.0,0.0025,5,1.0,4.6068912,1.0,1.0,False,2426.873,80.687815,0.91037759,60,30.077317,30.0,2420.6345,1000.0,15.625,15.625,10781.25,1057.5,9723.75
supply_calendar_cost_2x,2.0,2026-08-19_912810UX4_pre,2026-08-19_912810UX4,pre,DGS20,ZB,ZB,False,ZBU2026,2026-08-12,2026-08-19,2026-08-28,2026-08-11,ok,-1.0,0.0025,5,1.0,4.2033078,1.0,1.0,False,2659.8908,127.86598,0.87220879,60,20.802177,21.0,2685.1856,1000.0,31.25,31.25,-19687.5,1396.5,-21084.0
supply_calendar_cost_2x,2.0,2026-08-13_912810UW6_post,2026-08-13_912810UW6,post,DGS30,UB,UB,False,UBU2026,2026-08-13,2026-08-20,2026-08-28,2026-08-12,ok,1.0,0.0025,5,1.0,3.6767709,1.0,1.0,False,3040.8041,150.67076,0.85166282,60,20.181779,20.0,3013.4152,1000.0,31.25,31.25,-6250.0,1330.0,-7580.0
supply_calendar_cost_2x,2.0,2026-08-25_91282CRH6_pre,2026-08-25_91282CRH6,pre,DGS2,ZT,ZT,False,ZTZ2026,2026-08-18,2026-08-25,2026-11-27,2026-08-17,ok,-1.0,0.0025,5,1.0,5.0207198,1.0,1.0,False,2226.84,33.057026,0.92715231,60,67.363592,67.0,2214.8208,2000.0,7.8125,7.8125,3664.0625,1314.875,2349.1875
supply_calendar_cost_2x,2.0,2026-08-19_912810UX4_post,2026-08-19_912810UX4,post,DGS20,ZB,ZB,False,ZBZ2026,2026-08-19,2026-08-26,2026-11-27,2026-08-18,ok,1.0,0.0025,5,1.0,3.775441,1.0,1.0,False,2961.3335,126.37736,0.837733,60,23.432469,23.0,2906.6792,1000.0,31.25,31.25,2156.25,1529.5,626.75
supply_calendar_cost_2x,2.0,2026-08-26_91282CRK9_pre,2026-08-26_91282CRK9,pre,DGS5,ZF,ZF,False,ZFZ2026,2026-08-19,2026-08-26,2026-11-27,2026-08-18,ok,-1.0,0.0025,5,1.0,4.7435951,1.0,1.0,False,2356.9338,39.546221,0.94269378,60,59.599471,60.0,2372.7732,1000.0,7.8125,7.8125,5625.0,1177.5,4447.5
supply_calendar_cost_2x,2.0,2026-08-27_91282CRJ2_pre,2026-08-27_91282CRJ2,pre,DGS7,ZN,ZN,False,ZNZ2026,2026-08-20,2026-08-27,2026-11-27,2026-08-19,ok,-1.0,0.0025,5,1.0,4.5439163,1.0,1.0,False,2460.5075,59.994989,0.9164152,60,41.011883,41.0,2459.7946,1000.0,15.625,15.625,-3843.75,1445.25,-5289.0
supply_calendar_cost_2x,2.0,2026-08-25_91282CRH6_post,2026-08-25_91282CRH6,post,DGS2,ZT,ZT,False,ZTZ2026,2026-08-25,2026-09-01,2026-11-27,2026-08-24,ok,1.0,0.0025,5,1.0,4.7274592,1.0,1.0,False,2364.9786,33.432839,0.92013129,60,70.738193,71.0,2373.7316,2000.0,7.8125,7.8125,-53804.6875,1393.375,-55198.0625
supply_calendar_cost_2x,2.0,2026-08-26_91282CRK9_post,2026-08-26_91282CRK9,post,DGS5,ZF,ZF,False,ZFZ2026,2026-08-26,2026-09-02,2026-11-27,2026-08-25,ok,1.0,0.0025,5,1.0,4.7262938,1.0,1.0,False,2365.5618,39.115455,0.94354147,60,60.476396,60.0,2346.9273,1000.0,7.8125,7.8125,-44062.5,1177.5,-45240.0
supply_calendar_cost_2x,2.0,2026-08-27_91282CRJ2_post,2026-08-27_91282CRJ2,post,DGS7,ZN,ZN,False,ZNZ2026,2026-08-27,2026-09-03,2026-11-27,2026-08-26,ok,1.0,0.0025,5,1.0,4.5342077,1.0,1.0,False,2465.7759,59.91834,0.92169325,60,41.152272,41.0,2456.6519,1000.0,15.625,15.625,-27546.875,1445.25,-28992.125
supply_calendar_cost_2x,2.0,2026-09-08_91282CRL7_pre,2026-09-08_91282CRL7,pre,DGS3,ZT,ZT,False,ZTZ2026,2026-08-31,2026-09-08,2026-11-27,2026-08-28,ok,-1.0,0.0025,5,1.0,4.9554798,1.0,1.0,True,2256.1569,33.297691,0.91214275,60,67.757158,22.0,732.5492,2000.0,7.8125,7.8125,3953.125,431.75,3521.375
supply_calendar_cost_2x,2.0,2026-09-09_91282CRF0_pre,2026-09-09_91282CRF0,pre,DGS10,TN,TN,False,TNZ2026,2026-09-01,2026-09-09,2026-11-27,2026-08-31,ok,-1.0,0.0025,5,1.0,4.3974826,1.0,1.0,False,2542.441,76.853198,0.90213965,60,33.081785,33.0,2536.1555,1000.0,15.625,15.625,10828.125,1163.25,9664.875
supply_calendar_cost_2x,2.0,2026-09-10_912810UW6_pre,2026-09-10_912810UW6,pre,DGS30,UB,UB,False,UBZ2026,2026-09-02,2026-09-10,2026-11-27,2026-09-01,ok,-1.0,0.0025,5,1.0,3.9288877,1.0,1.0,False,2845.6756,155.06163,0.87344799,60,18.351901,18.0,2791.1093,1000.0,31.25,31.25,27562.5,1197.0,26365.5
supply_calendar_cost_2x,2.0,2026-09-08_91282CRL7_post,2026-09-08_91282CRL7,post,DGS3,ZT,ZT,False,ZTZ2026,2026-09-08,2026-09-15,2026-11-27,2026-09-04,ok,1.0,0.0025,5,1.0,4.7495465,1.0,1.0,False,2353.9805,33.257911,0.90478276,60,70.779566,71.0,2361.3117,2000.0,7.8125,7.8125,-70445.3125,1393.375,-71838.6875
supply_calendar_cost_2x,2.0,2026-09-15_912810UX4_pre,2026-09-15_912810UX4,pre,DGS20,ZB,ZB,False,ZBZ2026,2026-09-08,2026-09-15,2026-11-27,2026-09-04,ok,-1.0,0.0025,5,1.0,4.0706681,1.0,1.0,False,2746.5614,126.96261,0.87242068,60,21.632836,22.0,2793.1775,1000.0,31.25,31.25,39187.5,1463.0,37724.5
supply_calendar_cost_2x,2.0,2026-09-09_91282CRF0_post,2026-09-09_91282CRF0,post,DGS10,TN,TN,False,TNZ2026,2026-09-09,2026-09-16,2026-11-27,2026-09-08,ok,1.0,0.0025,5,1.0,4.0767704,0.5,1.0,False,1371.2251,78.8779,0.89222435,60,17.384148,17.0,1340.9243,1000.0,15.625,15.625,-23640.625,599.25,-24239.875
supply_calendar_cost_2x,2.0,2026-09-10_912810UW6_post,2026-09-10_912810UW6,post,DGS30,UB,UB,False,UBZ2026,2026-09-10,2026-09-17,2026-11-27,2026-09-09,ok,1.0,0.0025,5,1.0,3.775441,0.5,1.0,False,1480.6667,153.80804,0.86143326,60,9.6267186,10.0,1538.0804,1000.0,31.25,31.25,11250.0,665.0,10585.0
supply_calendar_cost_2x,2.0,2026-09-15_912810UX4_post,2026-09-15_912810UX4,post,DGS20,ZB,ZB,False,ZBZ2026,2026-09-15,2026-09-22,2026-11-27,2026-09-14,ok,1.0,0.0025,5,1.0,4.076805,0.5,1.0,False,1371.2135,125.7744,0.86919927,60,10.902167,11.0,1383.5184,1000.0,31.25,31.25,9968.75,731.5,9237.25
supply_calendar_cost_2x,2.0,2026-09-22_91282CRP8_pre,2026-09-22_91282CRP8,pre,DGS2,ZT,ZT,False,ZTZ2026,2026-09-15,2026-09-22,2026-11-27,2026-09-14,ok,-1.0,0.0025,5,1.0,4.7178888,0.5,1.0,False,1184.888,34.438654,0.92598871,60,34.405759,34.0,1170.9142,2000.0,7.8125,7.8125,10359.375,667.25,9692.125
supply_calendar_cost_2x,2.0,2026-09-23_91282CRN3_pre,2026-09-23_91282CRN3,pre,DGS5,ZF,ZF,False,ZFZ2026,2026-09-16,2026-09-23,2026-11-27,2026-09-15,ok,-1.0,0.0025,5,1.0,4.580726,1.0,1.0,False,2440.7353,40.58335,0.93098004,60,60.141298,60.0,2435.001,1000.0,7.8125,7.8125,37968.75,1177.5,36791.25
supply_calendar_cost_2x,2.0,2026-09-22_91282CRP8_post,2026-09-22_91282CRP8,post,DGS2,ZT,ZT,False,ZTZ2026,2026-09-22,2026-09-29,2026-11-27,2026-09-21,ok,1.0,0.0025,5,1.0,4.7589048,1.0,1.0,False,2349.3514,33.218546,0.92243384,60,70.72409,71.0,2358.5168,2000.0,7.8125,7.8125,-31062.5,1393.375,-32455.875
supply_calendar_cost_2x,2.0,2026-09-23_91282CRN3_post,2026-09-23_91282CRN3,post,DGS5,ZF,ZF,False,ZFZ2026,2026-09-23,2026-09-30,2026-11-27,2026-09-22,ok,1.0,0.0025,5,1.0,4.5229796,1.0,1.0,False,2471.897,39.138663,0.91898128,60,63.157422,63.0,2465.7357,1000.0,7.8125,7.8125,-18210.9375,1236.375,-19447.3125
