month,cusip,change,term,maturity,amount_now,amount_next,dur,w_now,w_next,contribution,n_estimated,coupon_known
1990-01,912827QJ4,remove,7-Year,1991-01-15,5.25e+09,0,0.908189,0.00500169,0,0.0176655,,
1990-01,912827XC1,remove,2-Year,1991-01-31,9.25e+09,0,0.91575,0.0089437,0,0.0315207,,
1990-01,912827YK2,add,7-Year,1997-01-15,0,7.5e+09,5.22881,0,0.00674723,0.00532167,0,True
1990-01,912827YL0,add,2-Year,1992-01-31,0,1e+10,1.75475,0,0.00950379,-0.0255209,0,True
1990-02,912810EE4,add,30-Year,2020-02-15,0,1e+10,10.7278,0,0.0090586,0.0570477,0,True
1990-02,912827SZ6,remove,5-Year 2-Month,1991-02-15,7.5e+09,0,0.920814,0.00703947,0,0.0247039,,
1990-02,912827VV1,remove,3-Year,1991-02-15,9.25e+09,0,0.924536,0.00854018,0,0.0299387,,
1990-02,912827XF4,remove,2-Year,1991-02-28,9.25e+09,0,0.912856,0.00907934,0,0.0319348,,
1990-02,912827YM8,add,3-Year,1993-02-15,0,1e+10,2.58568,0,0.00909086,-0.0167679,0,True
1990-02,912827YN6,add,10-Year,2000-02-15,0,1e+10,6.62184,0,0.00909296,0.0199289,0,True
1990-02,912827YP1,add,2-Year,1992-02-29,0,1e+10,1.74835,0,0.00948261,-0.0254305,0,True
1990-02,912827YQ9,add,5-Year 2-Month,1995-05-15,0,8e+09,4.05728,0,0.00745365,-0.00277932,0,True
1990-03,912827US9,remove,4-Year,1991-03-31,7.75e+09,0,0.925561,0.007132,0,0.0254015,,
1990-03,912827XH0,remove,2-Year,1991-03-31,9.25e+09,0,0.907411,0.00887347,0,0.031765,,
1990-03,912827YR7,add,2-Year,1992-03-31,0,1e+10,1.74205,0,0.00940772,-0.0258255,1,False
1990-03,912827YS5,add,4-Year,1994-03-31,0,8e+09,3.20478,0,0.00752511,-0.00965026,1,False
1990-04,912827QR6,remove,7-Year,1991-04-15,5.25e+09,0,0.90725,0.00501606,0,0.0171742,,
1990-04,912827XL1,remove,2-Year,1991-04-30,9.25e+09,0,0.911743,0.00895066,0,0.0306053,,
1990-04,912827YT3,add,7-Year,1997-04-15,0,7.5e+09,5.13669,0,0.00671801,0.00541208,0,True
1990-04,912827YU0,add,2-Year,1992-04-30,0,1.05e+10,1.73579,0,0.0100504,-0.0260837,1,False
1990-05,912810EF1,add,30-Year,2020-05-15,0,1e+10,10.6509,0,0.0090778,0.0563558,0,True
1990-05,912827LW0,remove,10-Year,1991-05-15,1.75e+09,0,0.904889,0.00169249,0,0.00598782,,
1990-05,912827TJ1,remove,5-Year 2-Month,1991-05-15,1.625e+10,0,0.91771,0.0148254,0,0.0522604,,
1990-05,912827XP2,remove,2-Year,1991-05-31,8.75e+09,0,0.919221,0.00834952,0,0.0294199,,
1990-05,912827YV8,add,3-Year,1993-05-15,0,1.05e+10,2.57307,0,0.00940255,-0.0175798,0,True
1990-05,912827YW6,add,10-Year,2000-05-15,0,1e+10,6.55143,0,0.00907906,0.0191447,0,True
1990-05,912827YX4,add,2-Year,1992-05-31,0,1.08e+10,1.75044,0,0.0100223,-0.0269834,0,True
1990-05,912827YY2,add,5-Year 2-Month,1995-08-15,0,8.5e+09,4.0556,0,0.00772596,-0.0029912,0,True
1990-06,912827VA7,remove,4-Year,1991-06-30,7.5e+09,0,0.91911,0.00686412,0,0.0244901,,
1990-06,912827XR8,remove,2-Year,1991-06-30,8.75e+09,0,0.916831,0.00804992,0,0.0287391,,
1990-06,912827YZ9,add,2-Year,1992-06-30,0,1.125e+10,1.74661,0,0.0103212,-0.0282834,1,False
1990-06,912827ZA3,add,4-Year,1994-06-30,0,8.25e+09,3.20876,0,0.00757164,-0.009678,1,False
1990-07,912827QZ8,remove,7-Year,1991-07-15,5.5e+09,0,0.904991,0.00509059,0,0.0180667,,
1990-07,912827XU1,remove,2-Year,1991-07-31,9e+09,0,0.924054,0.00816101,0,0.0288082,,
1990-07,912827ZB1,add,7-Year,1997-07-15,0,8e+09,5.17418,0,0.00700838,0.00504707,0,True
1990-07,912827ZC9,add,2-Year,1992-07-31,0,1.15e+10,1.76136,0,0.0103912,-0.0279801,0,True
1990-08,912810EG9,add,30-Year,2020-08-15,0,1.025e+10,10.3108,0,0.00873218,0.0521575,0,True
1990-08,912827ME9,remove,10-Year,1991-08-15,2.25e+09,0,0.897492,0.00214112,0,0.00736616,,
1990-08,912827TS1,remove,5-Year 2-Month,1991-08-15,7.75e+09,0,0.912364,0.0068934,0,0.023613,,
1990-08,912827WM0,remove,3-Year,1991-08-15,1.1e+10,0,0.909698,0.00990003,0,0.0339385,,
1990-08,912827XX5,remove,2-Year,1991-08-31,9.5e+09,0,0.915647,0.00882961,0,0.0302164,,
1990-08,912827ZD7,add,3-Year,1993-08-15,0,1.15e+10,2.58461,0,0.00998743,-0.01751,0,True
1990-08,912827ZE5,add,10-Year,2000-08-15,0,1.05e+10,6.52392,0,0.00911102,0.0199176,0,True
1990-08,912827ZF2,add,2-Year,1992-08-31,0,1.15e+10,1.75086,0,0.0104514,-0.0270373,1,False
1990-08,912827ZG0,add,5-Year 2-Month,1995-11-15,0,8.5e+09,4.03667,0,0.00760656,-0.0022907,1,False
1990-09,912827VJ8,remove,4-Year,1991-09-30,7.25e+09,0,0.91597,0.00668487,0,0.0229446,,
1990-09,912827XZ0,remove,2-Year,1991-09-30,9.75e+09,0,0.920439,0.00889795,0,0.0305008,,
1990-09,912827ZH8,add,2-Year,1992-09-30,0,1.15e+10,1.75608,0,0.0104091,-0.0269826,1,False
1990-09,912827ZJ4,add,4-Year,1994-09-30,0,8.25e+09,3.21083,0,0.00747862,-0.00850659,1,False
1990-10,912827RG9,remove,7-Year,1991-10-15,5.5e+09,0,0.90976,0.00491417,0,0.0172354,,
1990-10,912827YC0,remove,2-Year,1991-10-31,1e+10,0,0.926801,0.00885758,0,0.030915,,
1990-10,912827ZK1,add,7-Year,1997-10-15,0,8.5e+09,5.14757,0,0.00734246,0.00536394,0,True
1990-10,912827ZL9,add,2-Year,1992-10-31,0,1.2e+10,1.76799,0,0.0105759,-0.028016,1,False
1990-11,912810EG9,reopen,30-Year,2020-08-15,1.025e+10,2.1e+10,10.5515,0.00918487,0.0184037,0.0556483,0,True
1990-11,912827MN9,remove,10-Year,1991-11-15,2.25e+09,0,0.904228,0.00203221,0,0.00733817,,
1990-11,912827TZ5,remove,5-Year 2-Month,1991-11-15,8e+09,0,0.920098,0.00672775,0,0.0241867,,
1990-11,912827WV0,remove,3-Year,1991-11-15,9.5e+09,0,0.915782,0.00814179,0,0.0293053,,
1990-11,912827YF3,remove,2-Year,1991-11-30,1e+10,0,0.921832,0.00881222,0,0.0316651,,
1990-11,912827ZM7,add,3-Year,1993-11-15,0,1.25e+10,2.60513,0,0.0103817,-0.0198293,0,True
1990-11,912827ZN5,add,10-Year,2000-11-15,0,1.1e+10,6.652,0,0.0092536,0.0197735,0,True
1990-11,912827ZP0,add,2-Year,1992-11-30,0,1.225e+10,1.77008,0,0.0104968,-0.0288146,1,False
1990-11,912827ZQ8,add,5-Year 2-Month,1996-02-15,0,9e+09,4.11817,0,0.00760162,-0.00301772,1,False
1990-12,912827VS8,remove,4-Year,1991-12-31,7e+09,0,0.927928,0.00602928,0,0.0219955,,
1990-12,912827YH9,remove,2-Year,1991-12-31,1e+10,0,0.93173,0.00853914,0,0.0311193,,
1990-12,912827ZR6,add,2-Year,1992-12-31,0,1.25e+10,1.7838,0,0.0105625,-0.0294931,1,False
1990-12,912827ZS4,add,4-Year,1994-12-31,0,8.5e+09,3.2812,0,0.00719435,-0.00931558,1,False
1991-01,912827RT1,remove,7-Year,1992-01-15,5.75e+09,0,0.914851,0.00488209,0,0.0178108,,
1991-01,912827YL0,remove,2-Year,1992-01-31,1e+10,0,0.927895,0.00852471,0,0.0309885,,
1991-01,912827ZT2,add,7-Year,1998-01-15,0,8.5e+09,5.27416,0,0.00679352,0.00483104,0,True
1991-01,912827ZU9,add,2-Year,1993-01-31,0,1.25e+10,1.79051,0,0.0103149,-0.0285984,0,True
1991-01,912827ZV7,add,5-Year,1996-01-31,0,9e+09,3.96597,0,0.00740837,-0.00442326,0,True
1991-02,912810EH7,add,30-Year,2021-02-15,0,1.1e+10,11.2607,0,0.00846504,0.0562247,0,True
1991-02,912827MW9,remove,10-Year,1992-02-15,2.5e+09,0,0.918247,0.00216324,0,0.00800498,,
1991-02,912827UH3,remove,5-Year 2-Month,1992-02-15,8.25e+09,0,0.934562,0.0066336,0,0.0244391,,
1991-02,912827XD9,remove,3-Year,1992-02-15,9.75e+09,0,0.929203,0.00802626,0,0.0296129,,
1991-02,912827YP1,remove,2-Year,1992-02-29,1e+10,0,0.929649,0.00850371,0,0.0313706,,
1991-02,912827ZW5,add,3-Year,1994-02-15,0,1.25e+10,2.64646,0,0.00974736,-0.0192242,0,True
1991-02,912827ZX3,add,10-Year,2001-02-15,0,1.1e+10,6.83161,0,0.00856015,0.0189428,0,True
1991-02,912827ZY1,add,2-Year,1993-02-28,0,1.2e+10,1.79657,0,0.00969384,-0.0273573,0,True
1991-02,912827ZZ8,add,5-Year,1996-02-29,0,9e+09,3.97277,0,0.00730519,-0.00471868,0,True
1991-03,912827A28,add,2-Year,1993-03-31,0,1.15e+10,1.7955,0,0.0093663,-0.0262241,1,False
1991-03,912827A36,add,5-Year,1996-03-31,0,8.5e+09,3.94575,0,0.00694428,-0.00451089,1,False
1991-03,912827WA6,remove,4-Year,1992-03-31,6.5e+09,0,0.941141,0.00539991,0,0.0197323,,
1991-03,912827YR7,remove,2-Year,1992-03-31,1e+10,0,0.93737,0.00837921,0,0.0306509,,
1991-04,912827A44,add,7-Year,1998-04-15,0,8.5e+09,5.27672,0,0.00657724,0.00459294,0,True
1991-04,912827A51,add,2-Year,1993-04-30,0,1.2e+10,1.79211,0,0.00961533,-0.0267912,0,True
1991-04,912827A69,add,5-Year,1996-04-30,0,9e+09,3.94849,0,0.00722992,-0.00455429,1,False
1991-04,912827SB9,remove,7-Year,1992-04-15,5.75e+09,0,0.921643,0.00474235,0,0.0173417,,
1991-04,912827YU0,remove,2-Year,1992-04-30,1.05e+10,0,0.927906,0.00877586,0,0.0320363,,
1991-05,912810EJ3,add,30-Year,2021-05-15,0,1.175e+10,11.0006,0,0.008876,0.0571039,0,True
1991-05,912827A77,add,3-Year,1994-05-15,0,1.35e+10,2.63965,0,0.010382,-0.0200106,0,True
1991-05,912827A85,add,10-Year,2001-05-15,0,1.175e+10,6.75894,0,0.00899882,0.019724,0,True
1991-05,912827A93,add,2-Year,1993-05-31,0,1.225e+10,1.80228,0,0.00974152,-0.0269335,0,True
1991-05,912827B27,add,5-Year,1996-05-31,0,9.25e+09,3.96124,0,0.00736149,-0.00445996,0,True
1991-05,912827NE8,remove,10-Year,1992-05-15,9e+09,0,0.918274,0.00755543,0,0.0275684,,
1991-05,912827UQ3,remove,5-Year 2-Month,1992-05-15,8.25e+09,0,0.932919,0.00648618,0,0.0235719,,
1991-05,912827XM9,remove,3-Year,1992-05-15,9.75e+09,0,0.927822,0.00783867,0,0.028527,,
1991-05,912827YX4,remove,2-Year,1992-05-31,1.08e+10,0,0.933392,0.00897682,0,0.0326191,,
1991-06,912827B35,add,2-Year,1993-06-30,0,1.25e+10,1.79256,0,0.009971,-0.0277131,1,False
1991-06,912827B43,add,5-Year,1996-06-30,0,9.25e+09,3.91931,0,0.00741298,-0.00483786,1,False
1991-06,912827WJ7,remove,4-Year,1992-06-30,6.75e+09,0,0.930909,0.00552505,0,0.0201168,,
1991-06,912827YZ9,remove,2-Year,1992-06-30,1.125e+10,0,0.930158,0.00922422,0,0.0335925,,
1991-07,912827B50,add,7-Year,1998-07-15,0,9e+09,5.22612,0,0.00690472,0.00452796,0,True
1991-07,912827B68,add,2-Year,1993-07-31,0,1.25e+10,1.79532,0,0.00978649,-0.0271578,0,True
1991-07,912827B76,add,5-Year,1996-07-31,0,9.25e+09,3.9344,0,0.00729371,-0.00463841,0,True
1991-07,912827SL7,remove,7-Year,1992-07-15,6e+09,0,0.921491,0.00477994,0,0.0174413,,
1991-07,912827ZC9,remove,2-Year,1992-07-31,1.15e+10,0,0.932864,0.00928815,0,0.0337855,,
1991-08,912810EK0,add,30-Year,2021-08-15,0,1.2e+10,11.1305,0,0.00882397,0.0572837,0,True
1991-08,912827B84,add,3-Year,1994-08-15,0,1.4e+10,2.64253,0,0.0103402,-0.0206412,0,True
1991-08,912827B92,add,10-Year,2001-08-15,0,1.2e+10,6.80059,0,0.00882751,0.0190839,0,True
1991-08,912827C26,add,2-Year,1993-08-31,0,1.25e+10,1.80437,0,0.0094849,-0.0268835,1,False
1991-08,912827C34,add,5-Year,1996-08-31,0,9.25e+09,3.97996,0,0.00705004,-0.00464431,1,False
1991-08,912827UY6,remove,5-Year 2-Month,1992-08-15,8e+09,0,0.925284,0.00616606,0,0.0228973,,
1991-08,912827XV9,remove,3-Year,1992-08-15,1e+10,0,0.926085,0.00768052,0,0.028515,,
1991-08,912827ZF2,remove,2-Year,1992-08-31,1.15e+10,0,0.931628,0.00918127,0,0.0340358,,
1991-09,912827C42,add,2-Year,1993-09-30,0,1.3e+10,1.818,0,0.00962844,-0.0282924,0,True
1991-09,912827C59,add,5-Year,1996-09-30,0,9.25e+09,4.02437,0,0.00688051,-0.00503689,1,False
1991-09,912827WS7,remove,4-Year,1992-09-30,7e+09,0,0.932085,0.00541693,0,0.0207162,,
1991-09,912827ZH8,remove,2-Year,1992-09-30,1.15e+10,0,0.935824,0.00882366,0,0.0337117,,
1991-10,912827C67,add,7-Year,1998-10-15,0,9.25e+09,5.39598,0,0.00652157,0.00471153,0,True
1991-10,912827C75,add,2-Year,1993-10-31,0,1.35e+10,1.82238,0,0.00990848,-0.0282506,0,True
1991-10,912827C83,add,5-Year,1996-10-31,0,9e+09,4.04703,0,0.00660096,-0.00413547,0,True
1991-10,912827SV5,remove,6-Year 11-Month,1992-10-15,6.25e+09,0,0.927237,0.00469271,0,0.0175802,,
1991-10,912827ZL9,remove,2-Year,1992-10-31,1.2e+10,0,0.939187,0.00915663,0,0.034194,,
1991-11,912810EL8,add,30-Year,2021-11-15,0,1.2e+10,11.3037,0,0.00838863,0.0552525,0,True
1991-11,912827C91,add,3-Year,1994-11-15,0,1.4e+10,2.69369,0,0.00982126,-0.0198724,0,True
1991-11,912827D25,add,10-Year,2001-11-15,0,1.2e+10,6.93964,0,0.00841436,0.0187013,0,True
1991-11,912827D33,add,2-Year,1993-11-30,0,1.35e+10,1.84239,0,0.00965943,-0.027768,1,False
1991-11,912827D41,add,5-Year,1996-11-30,0,9e+09,4.09378,0,0.00647123,-0.00403365,1,False
1991-11,912827NV0,remove,10-Year,1992-11-15,4e+09,0,0.936358,0.00300011,0,0.0113426,,
1991-11,912827VG4,remove,5-Year 2-Month,1992-11-15,7.75e+09,0,0.940785,0.00569973,0,0.021524,,
1991-11,912827YD8,remove,3-Year,1992-11-15,1e+10,0,0.94212,0.00731161,0,0.0276012,,
1991-11,912827ZP0,remove,2-Year,1992-11-30,1.225e+10,0,0.949641,0.00922683,0,0.0347617,,
1991-12,912827D58,add,2-Year,1993-12-31,0,1.35e+10,1.85677,0,0.00936081,-0.0284463,0,True
1991-12,912827D66,add,5-Year,1996-12-31,0,9e+09,4.15018,0,0.0062838,-0.00468434,0,True
1991-12,912827XA5,remove,4-Year,1992-12-31,7.25e+09,0,0.939359,0.00535521,0,0.0211867,,
1991-12,912827ZR6,remove,2-Year,1992-12-31,1.25e+10,0,0.950619,0.00900047,0,0.035507,,
1992-01,912827D74,add,7-Year,1999-01-15,0,9.5e+09,5.51212,0,0.00627656,0.00455599,0,True
1992-01,912827D82,add,2-Year,1994-01-31,0,1.375e+10,1.84805,0,0.00949095,-0.0278863,0,True
1992-01,912827D90,add,5-Year,1997-01-31,0,9.25e+09,4.11564,0,0.00641662,-0.00430301,0,True
1992-01,912827TC6,remove,7-Year,1993-01-15,6.5e+09,0,0.928981,0.00464371,0,0.017912,,
1992-01,912827ZU9,remove,2-Year,1993-01-31,1.25e+10,0,0.943831,0.00906688,0,0.0348387,,
1992-02,912810EL8,reopen,30-Year,2021-11-15,1.2e+10,2.2e+10,11.079,0.0085206,0.0153506,0.0433649,0,True
1992-02,912827D25,reopen,10-Year,2001-11-15,1.2e+10,2.3e+10,6.69146,0.00850995,0.0160283,0.0147483,0,True
1992-02,912827E24,add,3-Year,1995-02-15,0,1.5e+10,2.70061,0,0.0100914,-0.0204775,0,True
1992-02,912827E40,add,2-Year,1994-02-28,0,1.425e+10,1.8327,0,0.00994934,-0.0288243,1,False
1992-02,912827E57,add,5-Year,1997-02-28,0,9.75e+09,4.05303,0,0.00685061,-0.0046364,1,False
1992-02,912827PD8,remove,10-Year,1993-02-15,4.5e+09,0,0.931504,0.00331024,0,0.0125733,,
1992-02,912827VQ2,remove,5-Year 2-Month,1993-02-15,7.5e+09,0,0.936961,0.00538513,0,0.020425,,
1992-02,912827YM8,remove,3-Year,1993-02-15,1e+10,0,0.936696,0.00718855,0,0.027267,,
1992-02,912827ZY1,remove,2-Year,1993-02-28,1.2e+10,0,0.944187,0.00876126,0,0.0331669,,
1992-03,912827A28,remove,2-Year,1993-03-31,1.15e+10,0,0.943811,0.00827368,0,0.0315763,,
1992-03,912827E65,add,2-Year,1994-03-31,0,1.475e+10,1.8269,0,0.010268,-0.0301202,0,True
1992-03,912827E73,add,5-Year,1997-03-31,0,1.025e+10,4.04444,0,0.0071447,-0.0051145,0,True
1992-03,912827XJ6,remove,4-Year,1993-03-31,7.5e+09,0,0.928858,0.00558254,0,0.0213891,,
1992-04,912827A51,remove,2-Year,1993-04-30,1.2e+10,0,0.946337,0.00858901,0,0.0321453,,
1992-04,912827E81,add,7-Year,1999-04-15,0,9.75e+09,5.42051,0,0.00644953,0.00471822,0,True
1992-04,912827E99,add,2-Year,1994-04-30,0,1.475e+10,1.83855,0,0.0101113,-0.0288211,0,True
1992-04,912827F23,add,5-Year,1997-04-30,0,1.025e+10,4.04893,0,0.0070777,-0.00452981,0,True
1992-04,912827TM4,remove,7-Year,1993-04-15,6.5e+09,0,0.937142,0.00452345,0,0.0169711,,
1992-05,912810EL8,reopen,30-Year,2021-11-15,2.2e+10,3.2e+10,11.4041,0.0150092,0.0214642,0.0428389,0,True
1992-05,912827A93,remove,2-Year,1993-05-31,1.225e+10,0,0.956295,0.0086444,0,0.0329456,,
1992-05,912827F31,add,3-Year,1995-05-15,0,1.5e+10,2.69486,0,0.0098758,-0.020469,0,True
1992-05,912827F49,add,10-Year,2002-05-15,0,1.1e+10,6.94945,0,0.00730595,0.0159412,0,True
1992-05,912827F56,add,2-Year,1994-05-31,0,1.475e+10,1.85256,0,0.00989196,-0.0288345,0,True
1992-05,912827F64,add,5-Year,1997-05-31,0,1.025e+10,4.07346,0,0.00695791,-0.00482911,0,True
1992-05,912827PM8,remove,10-Year,1993-05-15,4.75e+09,0,0.937075,0.00335554,0,0.0128532,,
1992-05,912827VY5,remove,5-Year 2-Month,1993-05-15,7.25e+09,0,0.942339,0.00500424,0,0.019142,,
1992-05,912827YV8,remove,3-Year,1993-05-15,1.05e+10,0,0.940204,0.00731551,0,0.0279987,,
1992-06,912827B35,remove,2-Year,1993-06-30,1.25e+10,0,0.947155,0.00860479,0,0.0331098,,
1992-06,912827F72,add,2-Year,1994-06-30,0,1.5e+10,1.85014,0,0.00993148,-0.0292467,0,True
1992-06,912827F80,add,5-Year,1997-06-30,0,1.05e+10,4.10859,0,0.00698747,-0.00479621,0,True
1992-06,912827XS6,remove,4-Year,1993-06-30,7.5e+09,0,0.940284,0.00524319,0,0.020211,,
1992-07,912827B68,remove,2-Year,1993-07-31,1.25e+10,0,0.945245,0.008381,0,0.0327333,,
1992-07,912827F98,add,7-Year,1999-07-15,0,9.75e+09,5.55761,0,0.00616192,0.0043547,0,True
1992-07,912827G22,add,2-Year,1994-07-31,0,1.5e+10,1.8672,0,0.00953823,-0.0284592,1,False
1992-07,912827G30,add,5-Year,1997-07-31,0,1.05e+10,4.1936,0,0.00672099,-0.00441774,1,False
1992-07,912827TV4,remove,7-Year,1993-07-15,6.75e+09,0,0.932576,0.00440249,0,0.0172504,,
1992-08,912810EM6,add,30-Year,2022-08-15,0,1e+10,11.9341,0,0.00603909,0.0426866,0,True
1992-08,912827C26,remove,2-Year,1993-08-31,1.25e+10,0,0.953781,0.00830631,0,0.0324936,,
1992-08,912827G48,add,3-Year,1995-08-15,0,1.5e+10,2.73914,0,0.00923832,-0.0196459,0,True
1992-08,912827G55,add,10-Year,2002-08-15,0,1.1e+10,7.23583,0,0.00664725,0.0157548,0,True
1992-08,912827G63,add,2-Year,1994-08-31,0,1.5e+10,1.87253,0,0.00945885,-0.028312,0,True
1992-08,912827G71,add,5-Year,1997-08-31,0,1.05e+10,4.18598,0,0.0066783,-0.00453939,1,False
1992-08,912827PV8,remove,10-Year,1993-08-15,5.25e+09,0,0.928381,0.003566,0,0.0140405,,
1992-08,912827WG3,remove,5-Year 2-Month,1993-08-15,7e+09,0,0.934792,0.0046208,0,0.018164,,
1992-08,912827ZD7,remove,3-Year,1993-08-15,1.15e+10,0,0.936386,0.00753853,0,0.0296213,,
1992-09,912827C42,remove,2-Year,1993-09-30,1.3e+10,0,0.957376,0.00839595,0,0.0332728,,
1992-09,912827G89,add,2-Year,1994-09-30,0,1.45e+10,1.88216,0,0.0090111,-0.0273773,0,True
1992-09,912827G97,add,5-Year,1997-09-30,0,1.05e+10,4.22073,0,0.00656847,-0.00459532,0,True
1992-09,912827YA4,remove,4-Year,1993-09-30,7.75e+09,0,0.94429,0.00515353,0,0.0204907,,
1992-10,912827C75,remove,2-Year,1993-10-31,1.35e+10,0,0.953571,0.00878977,0,0.0338353,,
1992-10,912827H21,add,7-Year,1999-10-15,0,9.75e+09,5.58965,0,0.00584851,0.00460092,0,True
1992-10,912827H39,add,2-Year,1994-10-31,0,1.5e+10,1.86601,0,0.00938737,-0.0275704,1,False
1992-10,912827H47,add,5-Year,1997-10-31,0,1.075e+10,4.16317,0,0.00677632,-0.00433548,1,False
1992-10,912827UD2,remove,6-Year 11-Month,1993-10-15,7e+09,0,0.935678,0.00448267,0,0.0173358,,
1992-11,912810EN4,add,30-Year,2022-11-15,0,1.025e+10,11.7623,0,0.00634094,0.0438733,0,True
1992-11,912827D33,remove,2-Year,1993-11-30,1.35e+10,0,0.961023,0.00872444,0,0.0338702,,
1992-11,912827G55,reopen,10-Year,2002-08-15,1.1e+10,2.225e+10,6.98364,0.00671483,0.0134386,0.0143914,0,True
1992-11,912827H54,add,3-Year,1995-11-15,0,1.55e+10,2.72363,0,0.00948864,-0.0201123,0,True
1992-11,912827H70,add,2-Year,1994-11-30,0,1.5e+10,1.86341,0,0.00938391,-0.0279625,0,True
1992-11,912827H88,add,5-Year,1997-11-30,0,1.075e+10,4.14578,0,0.00678112,-0.00472957,1,False
1992-11,912827QD7,remove,10-Year,1993-11-15,1.05e+10,0,0.933069,0.00701379,0,0.0274251,,
1992-11,912827WQ1,remove,5-Year 2-Month,1993-11-15,7.25e+09,0,0.938703,0.00472267,0,0.0184399,,
1992-11,912827ZM7,remove,3-Year,1993-11-15,1.25e+10,0,0.94136,0.00804836,0,0.0314038,,
1992-12,912827D58,remove,2-Year,1993-12-31,1.35e+10,0,0.964974,0.00848197,0,0.0337573,,
1992-12,912827H96,add,2-Year,1994-12-31,0,1.55e+10,1.86437,0,0.0095711,-0.0294837,0,True
1992-12,912827J29,add,5-Year,1997-12-31,0,1.125e+10,4.15788,0,0.00698263,-0.00549523,0,True
1992-12,912827YJ5,remove,4-Year,1993-12-31,8e+09,0,0.948392,0.0052136,0,0.020836,,
1993-01,912827D82,remove,2-Year,1994-01-31,1.375e+10,0,0.964229,0.0085063,0,0.0338902,,
1993-01,912827J37,add,7-Year,2000-01-15,0,9.75e+09,5.56607,0,0.00585597,0.00361726,0,True
1993-01,912827J45,add,5-Year,1998-01-31,0,1.15e+10,4.19247,0,0.0069791,-0.00527543,1,False
1993-01,912827J52,add,2-Year,1995-01-31,0,1.525e+10,1.87278,0,0.00919218,-0.0282713,1,False
1993-01,912827UL4,remove,7-Year,1994-01-15,7.25e+09,0,0.939297,0.00447655,0,0.0179468,,
1993-02,912810EP9,add,30-Year,2023-02-15,0,9.25e+09,12.4642,0,0.00544885,0.0403913,0,True
1993-02,912827E40,remove,2-Year,1994-02-28,1.425e+10,0,0.961433,0.00871666,0,0.0356508,,
1993-02,912827J60,add,3-Year,1996-02-15,0,1.55e+10,2.75381,0,0.0089776,-0.0206267,0,True
1993-02,912827J78,add,10-Year,2003-02-15,0,1.075e+10,7.35559,0,0.00626942,0.014446,0,True
1993-02,912827J86,add,2-Year,1995-02-28,0,1.525e+10,1.8814,0,0.00894717,-0.0283624,1,False
1993-02,912827J94,add,5-Year,1998-02-28,0,1.1e+10,4.24771,0,0.00649294,-0.00521826,1,False
1993-02,912827WY4,remove,5-Year 2-Month,1994-02-15,7.5e+09,0,0.943781,0.00462547,0,0.0189996,,
1993-02,912827ZW5,remove,3-Year,1994-02-15,1.25e+10,0,0.948072,0.00756642,0,0.0310474,,
1993-03,912827E65,remove,2-Year,1994-03-31,1.475e+10,0,0.959171,0.00885577,0,0.0366933,,
1993-03,912827K27,add,2-Year,1995-03-31,0,1.525e+10,1.88474,0,0.00884462,-0.0284608,0,True
1993-03,912827K35,add,5-Year,1998-03-31,0,1.1e+10,4.26564,0,0.0064049,-0.00536066,0,True
1993-03,912827YS5,remove,4-Year,1994-03-31,8e+09,0,0.942199,0.00498831,0,0.0207534,,
1993-04,912827E99,remove,2-Year,1994-04-30,1.475e+10,0,0.956521,0.00876387,0,0.0360069,,
1993-04,912827K43,add,7-Year,2000-04-15,0,9.75e+09,5.71534,0,0.00548991,0.00356985,0,True
1993-04,912827K50,add,2-Year,1995-04-30,0,1.525e+10,1.88249,0,0.00874434,-0.0278297,1,False
1993-04,912827K68,add,5-Year,1998-04-30,0,1.1e+10,4.26724,0,0.00634657,-0.0050636,1,False
1993-04,912827UT7,remove,7-Year,1994-04-15,7.25e+09,0,0.937449,0.00426825,0,0.0176178,,
1993-05,912810EP9,reopen,30-Year,2023-02-15,9.25e+09,1.75e+10,12.1951,0.00550658,0.0103024,0.0343856,0,True
1993-05,912827A77,remove,3-Year,1994-05-15,1.35e+10,0,0.941472,0.00801751,0,0.0327409,,
1993-05,912827F56,remove,2-Year,1994-05-31,1.475e+10,0,0.964736,0.00880769,0,0.0357628,,
1993-05,912827J78,reopen,10-Year,2003-02-15,1.075e+10,2.15e+10,7.10852,0.0063279,0.0125155,0.012891,0,True
1993-05,912827K76,add,3-Year,1996-05-15,0,1.6e+10,2.7602,0,0.00900727,-0.020401,0,True
1993-05,912827K92,add,2-Year,1995-05-31,0,1.575e+10,1.87771,0,0.00911968,-0.0287036,1,False
1993-05,912827L26,add,5-Year,1998-05-31,0,1.1e+10,4.23865,0,0.00640446,-0.00503707,1,False
1993-05,912827QU9,remove,10-Year,1994-05-15,5.25e+09,0,0.928841,0.00329787,0,0.0135091,,
1993-05,912827XG2,remove,5-Year 2-Month,1994-05-15,7.75e+09,0,0.936144,0.00471107,0,0.0192636,,
1993-06,912827F72,remove,2-Year,1994-06-30,1.5e+10,0,0.962777,0.00871079,0,0.0363348,,
1993-06,912827L34,add,2-Year,1995-06-30,0,1.6e+10,1.877,0,0.00910511,-0.0296555,0,True
1993-06,912827L42,add,5-Year,1998-06-30,0,1.1e+10,4.26683,0,0.00628263,-0.00544823,0,True
1993-06,912827ZA3,remove,4-Year,1994-06-30,8.25e+09,0,0.940935,0.00502879,0,0.0210861,,
1993-07,912827G22,remove,2-Year,1994-07-31,1.5e+10,0,0.964811,0.00859568,0,0.0355848,,
1993-07,912827L59,add,2-Year,1995-07-31,0,1.6e+10,1.87148,0,0.00908568,-0.0293756,1,False
1993-07,912827L67,add,5-Year,1998-07-31,0,1.1e+10,4.24905,0,0.00627685,-0.00537055,1,False
1993-07,912827VB5,remove,7-Year,1994-07-15,7e+09,0,0.933603,0.00407757,0,0.0170078,,
1993-08,912810EQ7,add,30-Year,2023-08-15,0,1.1e+10,13.52,0,0.00601718,0.0496328,0,True
1993-08,912827B84,remove,3-Year,1994-08-15,1.4e+10,0,0.939852,0.00793666,0,0.0343787,,
1993-08,912827G63,remove,2-Year,1994-08-31,1.5e+10,0,0.968701,0.0084548,0,0.0363792,,
1993-08,912827L75,add,3-Year,1996-08-15,0,1.65e+10,2.75991,0,0.00897988,-0.0225537,0,True
1993-08,912827L83,add,10-Year,2003-08-15,0,1.1e+10,7.52982,0,0.00606897,0.0137057,0,True
1993-08,912827L91,add,2-Year,1995-08-31,0,1.6e+10,1.88549,0,0.00881944,-0.0298626,0,True
1993-08,912827M25,add,5-Year,1998-08-31,0,1.1e+10,4.31336,0,0.00605668,-0.00580308,0,True
1993-08,912827RC8,remove,10-Year,1994-08-15,5.5e+09,0,0.927927,0.00328704,0,0.0142774,,
1993-08,912827XQ0,remove,5-Year 2-Month,1994-08-15,7.5e+09,0,0.936088,0.00432194,0,0.0187374,,
1993-09,912827G89,remove,2-Year,1994-09-30,1.45e+10,0,0.970179,0.00798554,0,0.0349942,,
1993-09,912827M33,add,2-Year,1995-09-30,0,1.6e+10,1.88497,0,0.00873343,-0.0302823,0,True
1993-09,912827M41,add,5-Year,1998-09-30,0,1.1e+10,4.31525,0,0.00601614,-0.00623947,0,True
1993-09,912827ZJ4,remove,4-Year,1994-09-30,8.25e+09,0,0.941702,0.00483748,0,0.0213365,,
1993-10,912827H39,remove,2-Year,1994-10-31,1.5e+10,0,0.968201,0.00830398,0,0.0356189,,
1993-10,912827M58,add,2-Year,1995-10-31,0,1.65e+10,1.88274,0,0.0090256,-0.0304599,1,False
1993-10,912827M66,add,5-Year,1998-10-31,0,1.1e+10,4.30796,0,0.00604171,-0.00573731,1,False
1993-10,912827VK5,remove,7-Year,1994-10-15,6.75e+09,0,0.933782,0.00385151,0,0.0166531,,
1993-11,912827C91,remove,3-Year,1994-11-15,1.4e+10,0,0.945987,0.0078684,0,0.0331204,,
1993-11,912827H70,remove,2-Year,1994-11-30,1.5e+10,0,0.967629,0.00849729,0,0.0355837,,
1993-11,912827L83,reopen,10-Year,2003-08-15,1.1e+10,2.3e+10,7.25237,0.00611231,0.0126857,0.013785,0,True
1993-11,912827M74,add,3-Year,1996-11-15,0,1.7e+10,2.75963,0,0.00922557,-0.0221013,0,True
1993-11,912827M90,add,2-Year,1995-11-30,0,1.7e+10,1.8766,0,0.00945899,-0.0310131,0,True
1993-11,912827N24,add,5-Year,1998-11-30,0,1.1e+10,4.27025,0,0.00613457,-0.00542927,0,True
1993-11,912827RM6,remove,10-Year,1994-11-15,5.75e+09,0,0.934119,0.00340461,0,0.0143714,,
1993-11,912827XY3,remove,5-Year 2-Month,1994-11-15,7.75e+09,0,0.94109,0.00444896,0,0.0187488,,
1993-12,912827H96,remove,2-Year,1994-12-31,1.55e+10,0,0.959536,0.00865245,0,0.0363427,,
1993-12,912827N32,add,2-Year,1995-12-31,0,1.7e+10,1.86849,0,0.0093725,-0.030848,0,True
1993-12,912827N40,add,5-Year,1998-12-31,0,1.1e+10,4.26425,0,0.00609312,-0.00545679,0,True
1993-12,912827ZS4,remove,4-Year,1994-12-31,8.5e+09,0,0.940486,0.00494795,0,0.020877,,
1994-01,912827J52,remove,2-Year,1995-01-31,1.525e+10,0,0.967893,0.00846167,0,0.0348977,,
1994-01,912827N57,add,2-Year,1996-01-31,0,1.7e+10,1.88008,0,0.00929968,-0.0298707,0,True
1994-01,912827N65,add,5-Year,1999-01-31,0,1.2e+10,4.27382,0,0.00661236,-0.00541076,1,False
1994-01,912827VT6,remove,7-Year,1995-01-15,6.5e+09,0,0.935337,0.00368752,0,0.0153282,,
1994-02,912810CL0,remove,15-Year 1-Month,1995-02-15,1.5e+09,0,0.937528,0.000879877,0,0.00358153,,
1994-02,912810EQ7,reopen,30-Year,2023-08-15,1.1e+10,2.2e+10,13.0211,0.005793,0.0114542,0.0453639,0,True
1994-02,912827E24,remove,3-Year,1995-02-15,1.5e+10,0,0.948235,0.0083971,0,0.0340904,,
1994-02,912827J86,remove,2-Year,1995-02-28,1.525e+10,0,0.968322,0.00855456,0,0.0345578,,
1994-02,912827N73,add,3-Year,1997-02-15,0,1.7e+10,2.74477,0,0.00922404,-0.0208763,0,True
1994-02,912827N81,add,10-Year,2004-02-15,0,1.2e+10,7.43873,0,0.00646018,0.0157029,0,True
1994-02,912827N99,add,2-Year,1996-02-29,0,1.7e+10,1.86573,0,0.00946428,-0.0297395,1,False
1994-02,912827P22,add,5-Year,1999-02-28,0,1.1e+10,4.21939,0,0.00615137,-0.00485109,1,False
1994-02,912827RW4,remove,10-Year,1995-02-15,6e+09,0,0.936006,0.00354361,0,0.0144296,,
1994-02,912827YG1,remove,5-Year 2-Month,1995-02-15,8e+09,0,0.943293,0.00457486,0,0.0185955,,
1994-03,912827K27,remove,2-Year,1995-03-31,1.525e+10,0,0.966085,0.00859774,0,0.0339377,,
1994-03,912827P30,add,2-Year,1996-03-31,0,1.7e+10,1.84877,0,0.00962115,-0.0294849,0,True
1994-03,912827P48,add,5-Year,1999-03-31,0,1.1e+10,4.16367,0,0.00619229,-0.0046423,0,True
1994-04,912827K50,remove,2-Year,1995-04-30,1.525e+10,0,0.968844,0.008615,0,0.0329183,,
1994-04,912827P55,add,2-Year,1996-04-30,0,1.7e+10,1.83833,0,0.009742,-0.0287541,1,False
1994-04,912827P63,add,5-Year,1999-04-30,0,1.1e+10,4.09523,0,0.00633085,-0.00439779,1,False
1994-04,912827WB4,remove,7-Year,1995-04-15,6.25e+09,0,0.93741,0.00362249,0,0.0139556,,
1994-05,912810CN6,remove,15-Year 1-Month,1995-05-15,1.5e+09,0,0.921622,0.000912263,0,0.00346171,,
1994-05,912810CQ9,remove,14-Year 10-Month,1995-05-15,1.5e+09,0,0.926135,0.000893824,0,0.00338771,,
1994-05,912827F31,remove,3-Year,1995-05-15,1.5e+10,0,0.935743,0.00856948,0,0.0323971,,
1994-05,912827K92,remove,2-Year,1995-05-31,1.575e+10,0,0.962623,0.00901025,0,0.0338212,,
1994-05,912827P71,add,3-Year,1997-05-15,0,1.7e+10,2.66683,0,0.00966994,-0.0198179,0,True
1994-05,912827P89,add,10-Year,2004-05-15,0,1.2e+10,7.01534,0,0.00682425,0.0156895,0,True
1994-05,912827P97,add,2-Year,1996-05-31,0,1.7e+10,1.82739,0,0.0098538,-0.0284663,0,True
1994-05,912827Q21,add,5-Year,1999-05-31,0,1.1e+10,4.06565,0,0.00641133,-0.00417131,1,False
1994-05,912827SE3,remove,10-Year,1995-05-15,6.5e+09,0,0.924358,0.00390431,0,0.0148048,,
1994-05,912827YQ9,remove,5-Year 2-Month,1995-05-15,8e+09,0,0.93004,0.00468512,0,0.0177389,,
1994-06,912827L34,remove,2-Year,1995-06-30,1.6e+10,0,0.95952,0.00910226,0,0.0338991,,
1994-06,912827Q39,add,2-Year,1996-06-30,0,1.7e+10,1.82099,0,0.00979275,-0.0280345,0,True
1994-06,912827Q47,add,5-Year,1999-06-30,0,1.1e+10,4.0607,0,0.00635123,-0.00395726,0,True
1994-07,912827L59,remove,2-Year,1995-07-31,1.6e+10,0,0.957901,0.00903514,0,0.0331046,,
1994-07,912827Q54,add,2-Year,1996-07-31,0,1.725e+10,1.81755,0,0.00991457,-0.0278038,1,False
1994-07,912827Q62,add,5-Year,1999-07-31,0,1.1e+10,4.0448,0,0.00634585,-0.0036621,1,False
1994-07,912827WK4,remove,7-Year,1995-07-15,6.5e+09,0,0.92543,0.00376407,0,0.0139137,,
1994-08,912810ES3,add,30-Year 3-Month,2024-11-15,0,1.1e+10,11.6114,0,0.00620388,0.043513,0,True
1994-08,912827G48,remove,3-Year,1995-08-15,1.5e+10,0,0.934465,0.00837972,0,0.0306958,,
1994-08,912827L91,remove,2-Year,1995-08-31,1.6e+10,0,0.96014,0.00902552,0,0.0328298,,
1994-08,912827Q70,add,3-Year,1997-08-15,0,1.7e+10,2.66008,0,0.0094616,-0.0183318,0,True
1994-08,912827Q88,add,10-Year,2004-08-15,0,1.2e+10,6.99606,0,0.0066657,0.0159876,0,True
1994-08,912827Q96,add,2-Year,1996-08-31,0,1.725e+10,1.81416,0,0.00987977,-0.0274995,0,True
1994-08,912827R20,add,5-Year,1999-08-31,0,1.1e+10,4.04571,0,0.00630445,-0.00347923,0,True
1994-08,912827SP8,remove,10-Year,1995-08-15,6.75e+09,0,0.921786,0.00398544,0,0.0146497,,
1994-08,912827YY2,remove,5-Year 2-Month,1995-08-15,8.5e+09,0,0.925946,0.00492672,0,0.0180891,,
1994-09,912827M33,remove,2-Year,1995-09-30,1.6e+10,0,0.953278,0.00896015,0,0.0323075,,
1994-09,912827R38,add,2-Year,1996-09-30,0,1.725e+10,1.79996,0,0.0099027,-0.0273215,1,False
1994-09,912827R46,add,5-Year,1999-09-30,0,1.1e+10,4.00224,0,0.00633559,-0.00352714,1,False
1994-10,912827C83,reopen,5-Year,1996-10-31,9e+09,2.625e+10,1.79534,0.00522928,0.0152018,-0.0263193,0,True
1994-10,912827M58,remove,2-Year,1995-10-31,1.65e+10,0,0.956925,0.00923916,0,0.0321301,,
1994-10,912827R61,add,5-Year,1999-10-31,0,1.1e+10,3.96825,0,0.0063911,-0.00298002,1,False
1994-10,912827WT5,remove,7-Year,1995-10-15,6.75e+09,0,0.922659,0.00388904,0,0.0136578,,
1994-11,912810CR7,remove,15-Year 1-Month,1995-11-15,1.5e+09,0,0.920585,0.000887616,0,0.00314298,,
1994-11,912827H54,remove,3-Year,1995-11-15,1.55e+10,0,0.934148,0.00863991,0,0.0304761,,
1994-11,912827M90,remove,2-Year,1995-11-30,1.7e+10,0,0.955473,0.00957362,0,0.0335655,,
1994-11,912827R79,add,3-Year,1997-11-15,0,1.7e+10,2.62666,0,0.0095497,-0.0175223,0,True
1994-11,912827R87,add,10-Year,2004-11-15,0,1.2e+10,6.82234,0,0.0067804,0.0160074,0,True
1994-11,912827R95,add,2-Year,1996-11-30,0,1.725e+10,1.78756,0,0.010036,-0.0268359,0,True
1994-11,912827S29,add,5-Year,1999-11-30,0,1.1e+10,3.95095,0,0.0064359,-0.00328595,0,True
1994-11,912827SY9,remove,10-Year,1995-11-15,7e+09,0,0.924667,0.00406682,0,0.0143837,,
1994-11,912827ZG0,remove,5-Year 2-Month,1995-11-15,8.5e+09,0,0.926766,0.0048925,0,0.0172938,,
1994-12,912827N32,remove,2-Year,1995-12-31,1.7e+10,0,0.955059,0.00947381,0,0.0335081,,
1994-12,912827S37,add,2-Year,1996-12-31,0,1.725e+10,1.77953,0,0.00992845,-0.0269304,0,True
1994-12,912827S45,add,5-Year,1999-12-31,0,1.1e+10,3.94438,0,0.00633923,-0.00347132,0,True
1995-01,912827N57,remove,2-Year,1996-01-31,1.7e+10,0,0.952642,0.00934417,0,0.0323469,,
1995-01,912827S52,add,2-Year,1997-01-31,0,1.725e+10,1.77683,0,0.00993847,-0.026213,0,True
1995-01,912827S60,add,5-Year,2000-01-31,0,1.1e+10,3.94329,0,0.00634355,-0.00298829,0,True
1995-01,912827XB3,remove,7-Year,1996-01-15,7e+09,0,0.918115,0.00397573,0,0.0139002,,
1995-01,912827ZV7,remove,5-Year,1996-01-31,9e+09,0,0.929991,0.00520006,0,0.018119,,
1995-02,912810ET1,add,30-Year,2025-02-15,0,1.1e+10,11.7847,0,0.00606961,0.0440844,0,True
1995-02,912827J60,remove,3-Year,1996-02-15,1.55e+10,0,0.938301,0.00836486,0,0.0299733,,
1995-02,912827N99,remove,2-Year,1996-02-29,1.7e+10,0,0.953362,0.0093667,0,0.0334221,,
1995-02,912827S78,add,3-Year,1998-02-15,0,1.7e+10,2.63904,0,0.00933934,-0.0175814,0,True
1995-02,912827S86,add,10-Year,2005-02-15,0,1.2e+10,6.95324,0,0.006629,0.0161197,0,True
1995-02,912827S94,add,2-Year,1997-02-28,0,1.725e+10,1.79484,0,0.00971499,-0.0264899,0,True
1995-02,912827T28,add,5-Year,2000-02-29,0,1.1e+10,4.01139,0,0.00620943,-0.00316777,1,False
1995-02,912827TF9,remove,10-Year,1996-02-15,7e+09,0,0.928992,0.00393351,0,0.0141313,,
1995-02,912827TG7,remove,10-Year,1996-02-15,1e+09,0,0.928992,0.00056193,0,0.00201876,,
1995-02,912827ZQ8,remove,5-Year 2-Month,1996-02-15,9e+09,0,0.931116,0.00501023,0,0.0179889,,
1995-02,912827ZZ8,remove,5-Year,1996-02-29,9e+09,0,0.934946,0.00516494,0,0.0185246,,
1995-03,912827A36,remove,5-Year,1996-03-31,8.5e+09,0,0.929205,0.00479896,0,0.0177908,,
1995-03,912827P30,remove,2-Year,1996-03-31,1.7e+10,0,0.945833,0.00924977,0,0.0341371,,
1995-03,912827T36,add,2-Year,1997-03-31,0,1.725e+10,1.79763,0,0.00954118,-0.0270854,1,False
1995-03,912827T44,add,5-Year,2000-03-31,0,1.1e+10,4.04227,0,0.00609198,-0.00361958,1,False
1995-04,912827A69,remove,5-Year,1996-04-30,9e+09,0,0.935768,0.00504022,0,0.018511,,
1995-04,912827P55,remove,2-Year,1996-04-30,1.7e+10,0,0.949177,0.00924051,0,0.0338133,,
1995-04,912827T51,add,2-Year,1997-04-30,0,1.775e+10,1.80771,0,0.00977455,-0.0273757,1,False
1995-04,912827T69,add,5-Year,2000-04-30,0,1.15e+10,4.06334,0,0.00634165,-0.00345674,1,False
1995-04,912827XK3,remove,7-Year,1996-04-15,7e+09,0,0.926762,0.00385021,0,0.0141752,,
1995-05,912827B27,remove,5-Year,1996-05-31,9.25e+09,0,0.939971,0.00510424,0,0.0196587,,
1995-05,912827K76,remove,3-Year,1996-05-15,1.6e+10,0,0.939404,0.00826054,0,0.0318197,,
1995-05,912827P97,remove,2-Year,1996-05-31,1.7e+10,0,0.950946,0.00915394,0,0.0351555,,
1995-05,912827T77,add,3-Year,1998-05-15,0,1.75e+10,2.68051,0,0.00919644,-0.0194128,0,True
1995-05,912827T85,add,10-Year,2005-05-15,0,1.25e+10,7.25544,0,0.00659001,0.0162379,0,True
1995-05,912827T93,add,2-Year,1997-05-31,0,1.775e+10,1.82177,0,0.00959555,-0.0284954,0,True
1995-05,912827TQ5,remove,10-Year,1996-05-15,1.85e+10,0,0.932436,0.00984158,0,0.0379785,,
1995-05,912827U26,add,5-Year,2000-05-31,0,1.15e+10,4.13214,0,0.00621984,-0.00410064,0,True
1995-06,912827B43,remove,5-Year,1996-06-30,9.25e+09,0,0.931758,0.0050536,0,0.0199627,,
1995-06,912827Q39,remove,2-Year,1996-06-30,1.7e+10,0,0.943449,0.00904819,0,0.0356362,,
1995-06,912827U34,add,2-Year,1997-06-30,0,1.775e+10,1.8252,0,0.00938637,-0.0286917,1,False
1995-06,912827U42,add,5-Year,2000-06-30,0,1.15e+10,4.16602,0,0.00608655,-0.00435749,1,False
1995-07,912827B76,remove,5-Year,1996-07-31,9.25e+09,0,0.936329,0.00510326,0,0.019444,,
1995-07,912827Q54,remove,2-Year,1996-07-31,1.725e+10,0,0.947226,0.00928768,0,0.0352859,,
1995-07,912827U59,add,2-Year,1997-07-31,0,1.775e+10,1.82478,0,0.00952549,-0.0278302,0,True
1995-07,912827U67,add,5-Year,2000-07-31,0,1.15e+10,4.13479,0,0.00618794,-0.00378487,1,False
1995-07,912827XT4,remove,7-Year,1996-07-15,7.25e+09,0,0.929205,0.00386094,0,0.0147381,,
1995-08,912810EV6,add,30-Year,2025-08-15,0,1.15e+10,12.7565,0,0.00606462,0.0483331,0,True
1995-08,912827C34,remove,5-Year,1996-08-31,9.25e+09,0,0.940407,0.00509013,0,0.0195785,,
1995-08,912827L75,remove,3-Year,1996-08-15,1.65e+10,0,0.937194,0.00854975,0,0.0329129,,
1995-08,912827Q96,remove,2-Year,1996-08-31,1.725e+10,0,0.946676,0.00936066,0,0.0359458,,
1995-08,912827U75,add,3-Year,1998-08-15,0,1.8e+10,2.68614,0,0.00927298,-0.0194791,0,True
1995-08,912827U83,add,10-Year,2005-08-15,0,1.3e+10,7.26093,0,0.00678086,0.0167769,0,True
1995-08,912827U91,add,2-Year,1997-08-31,0,1.775e+10,1.82274,0,0.00944434,-0.0279933,0,True
1995-08,912827V25,add,5-Year,2000-08-31,0,1.15e+10,4.13229,0,0.00614482,-0.00402167,0,True
1995-09,912827C59,remove,5-Year,1996-09-30,9.25e+09,0,0.939542,0.00495984,0,0.0194191,,
1995-09,912827R38,remove,2-Year,1996-09-30,1.725e+10,0,0.942676,0.00918503,0,0.0359332,,
1995-09,912827V33,add,2-Year,1997-09-30,0,1.775e+10,1.82236,0,0.00933808,-0.0283174,1,False
1995-09,912827V41,add,5-Year,2000-09-30,0,1.15e+10,4.14599,0,0.00605519,-0.00429211,1,False
1995-10,912827C83,remove,5-Year,1996-10-31,2.625e+10,0,0.943441,0.0138301,0,0.0548812,,
1995-10,912827V58,add,2-Year,1997-10-31,0,1.775e+10,1.83298,0,0.00920461,-0.0283382,0,True
1995-10,912827V66,add,5-Year,2000-10-31,0,1.15e+10,4.18843,0,0.00595589,-0.00430757,0,True
1995-10,912827YB2,remove,7-Year,1996-10-15,7.5e+09,0,0.929812,0.00387183,0,0.0154171,,
1995-11,912827D41,remove,5-Year,1996-11-30,9e+09,0,0.946441,0.00474594,0,0.0189294,,
1995-11,912827M74,remove,3-Year,1996-11-15,1.7e+10,0,0.941104,0.00852849,0,0.0340617,,
1995-11,912827R95,remove,2-Year,1996-11-30,1.725e+10,0,0.941759,0.00919195,0,0.0367055,,
1995-11,912827UF7,remove,10-Year,1996-11-15,1.95e+10,0,0.934693,0.0100556,0,0.0402255,,
1995-11,912827V74,add,3-Year,1998-11-15,0,1.8e+10,2.70692,0,0.00911693,-0.0203131,0,True
1995-11,912827V82,add,10-Year,2005-11-15,0,1.35e+10,7.45469,0,0.00683125,0.0172127,0,True
1995-11,912827V90,add,2-Year,1997-11-30,0,1.825e+10,1.83726,0,0.00949084,-0.0294,1,False
1995-11,912827W24,add,5-Year,2000-11-30,0,1.2e+10,4.19664,0,0.00624646,-0.004612,1,False
1995-12,912827D66,remove,5-Year,1996-12-31,9e+09,0,0.957667,0.00466972,0,0.019048,,
1995-12,912827S37,remove,2-Year,1996-12-31,1.725e+10,0,0.949071,0.00912347,0,0.0372934,,
1995-12,912827W32,add,2-Year,1997-12-31,0,1.825e+10,1.85237,0,0.00933227,-0.0297171,0,True
1995-12,912827W40,add,5-Year,2000-12-31,0,1.2e+10,4.23033,0,0.00614641,-0.00495628,0,True
1996-01,912827D90,remove,5-Year,1997-01-31,9.25e+09,0,0.949859,0.00479459,0,0.019254,,
1996-01,912827S52,remove,2-Year,1997-01-31,1.725e+10,0,0.942062,0.00909811,0,0.0366069,,
1996-01,912827W57,add,2-Year,1998-01-31,0,1.825e+10,1.85128,0,0.0093022,-0.0289703,0,True
1996-01,912827W65,add,5-Year,2001-01-31,0,1.2e+10,4.24842,0,0.00609421,-0.00437084,0,True
1996-01,912827YK2,remove,7-Year,1997-01-15,7.5e+09,0,0.932123,0.00384228,0,0.0154979,,
1996-02,912810EW4,add,30-Year,2026-02-15,0,1.2e+10,13.3813,0,0.00568222,0.0483407,0,True
1996-02,912827E57,remove,5-Year,1997-02-28,9.75e+09,0,0.944232,0.0052001,0,0.0204348,,
1996-02,912827J94,reopen,5-Year,1998-02-28,1.1e+10,2.925e+10,1.84584,0.00572771,0.0150089,-0.0281043,1,True
1996-02,912827N73,remove,3-Year,1997-02-15,1.7e+10,0,0.944821,0.00862452,0,0.0338867,,
1996-02,912827S94,remove,2-Year,1997-02-28,1.725e+10,0,0.943451,0.0092162,0,0.0362241,,
1996-02,912827W73,add,3-Year,1999-02-15,0,1.85e+10,2.72874,0,0.00920135,-0.0197387,0,True
1996-02,912827W81,add,10-Year,2006-02-15,0,1.4e+10,7.50373,0,0.00683917,0.0179856,0,True
1996-02,912827X23,add,5-Year,2001-02-28,0,1.2e+10,4.21559,0,0.00616996,-0.00406193,1,False
1996-03,912827E73,remove,5-Year,1997-03-31,1.025e+10,0,0.941651,0.00544557,0,0.0212441,,
1996-03,912827T36,remove,2-Year,1997-03-31,1.725e+10,0,0.943217,0.00913257,0,0.0356134,,
1996-04,912827F23,remove,5-Year,1997-04-30,1.025e+10,0,0.940998,0.0055788,0,0.0212666,,
1996-04,912827T51,remove,2-Year,1997-04-30,1.775e+10,0,0.943352,0.00961035,0,0.0366124,,
1996-04,912827X31,add,2-Year,1998-03-31,0,1.825e+10,1.79265,0,0.00943918,-0.0279437,0,True
1996-04,912827X49,add,5-Year,2001-03-31,0,1.2e+10,4.16174,0,0.00619544,-0.00366337,0,True
1996-04,912827X56,add,2-Year,1998-04-30,0,1.875e+10,1.82201,0,0.00988334,-0.0289683,0,True
1996-04,912827X64,add,5-Year,2001-04-30,0,1.25e+10,4.12118,0,0.00658477,-0.00416062,0,True
1996-04,912827YT3,remove,7-Year,1997-04-15,7.5e+09,0,0.928978,0.00401811,0,0.0153655,,
1996-05,912827F64,remove,5-Year,1997-05-31,1.025e+10,0,0.943945,0.00553184,0,0.0209344,,
1996-05,912827P71,remove,3-Year,1997-05-15,1.7e+10,0,0.932836,0.00887943,0,0.0337015,,
1996-05,912827T93,remove,2-Year,1997-05-31,1.775e+10,0,0.947896,0.00949588,0,0.0358981,,
1996-05,912827UW0,remove,10-Year,1997-05-15,9.75e+09,0,0.928517,0.00518951,0,0.0197189,,
1996-05,912827X72,add,3-Year,1999-05-15,0,1.9e+10,2.66891,0,0.00984267,-0.0202698,0,True
1996-05,912827X80,add,10-Year,2006-05-15,0,1.4e+10,7.15242,0,0.00733561,0.0177825,0,True
1996-05,912827X98,add,2-Year,1998-05-31,0,1.875e+10,1.82069,0,0.00993118,-0.0288759,1,False
1996-05,912827Y22,add,5-Year,2001-05-31,0,1.25e+10,4.10624,0,0.00663254,-0.00412579,1,False
1996-06,912827F80,remove,5-Year,1997-06-30,1.05e+10,0,0.942561,0.00564917,0,0.0209901,,
1996-06,912827U34,remove,2-Year,1997-06-30,1.775e+10,0,0.947364,0.0094491,0,0.0350638,,
1996-06,912827Y30,add,2-Year,1998-06-30,0,1.875e+10,1.80925,0,0.0100185,-0.0285419,1,False
1996-06,912827Y48,add,5-Year,2001-06-30,0,1.25e+10,4.06676,0,0.00669118,-0.00395724,1,False
1996-07,912827G30,remove,5-Year,1997-07-31,1.05e+10,0,0.948081,0.00553558,0,0.0204272,,
1996-07,912827U59,remove,2-Year,1997-07-31,1.775e+10,0,0.945658,0.00940771,0,0.0347388,,
1996-07,912827Y55,add,10-Year,2006-07-15,0,1e+10,7.09652,0,0.0051975,0.0127768,0,True
1996-07,912827Y63,add,2-Year,1998-07-31,0,1.875e+10,1.81111,0,0.00992204,-0.028051,0,True
1996-07,912827Y71,add,5-Year,2001-07-31,0,1.25e+10,4.07747,0,0.00662304,-0.00371403,0,True
1996-07,912827ZB1,remove,7-Year,1997-07-15,8e+09,0,0.924753,0.00423361,0,0.0157215,,
1996-08,912810EX2,add,30-Year,2026-08-15,0,1e+10,12.5188,0,0.00497249,0.0390321,0,True
1996-08,912827G71,remove,5-Year,1997-08-31,1.05e+10,0,0.945009,0.00556064,0,0.0207088,,
1996-08,912827Q70,remove,3-Year,1997-08-15,1.7e+10,0,0.926777,0.00885233,0,0.033129,,
1996-08,912827U91,remove,2-Year,1997-08-31,1.775e+10,0,0.942595,0.0094502,0,0.035217,,
1996-08,912827VE9,remove,10-Year,1997-08-15,9.25e+09,0,0.922194,0.00491412,0,0.0184131,,
1996-08,912827Y55,reopen,10-Year,2006-07-15,1e+10,2e+10,7.02184,0.00527854,0.0104746,0.0122246,0,True
1996-08,912827Y89,add,3-Year,1999-08-15,0,1.9e+10,2.67146,0,0.00965533,-0.0192887,0,True
1996-08,912827Z21,add,2-Year,1998-08-31,0,1.875e+10,1.81085,0,0.00989261,-0.0282764,1,False
1996-08,912827Z39,add,5-Year,2001-08-31,0,1.25e+10,4.08253,0,0.0066069,-0.00387597,1,False
1996-09,912827G97,remove,5-Year,1997-09-30,1.05e+10,0,0.94867,0.00548342,0,0.0206424,,
1996-09,912827V33,remove,2-Year,1997-09-30,1.775e+10,0,0.947052,0.00930255,0,0.0350347,,
1996-09,912827Z47,add,2-Year,1998-09-30,0,1.825e+10,1.81411,0,0.00956925,-0.027742,1,False
1996-09,912827Z54,add,5-Year,2001-09-30,0,1.25e+10,4.09128,0,0.00656505,-0.00408288,1,False
1996-10,912827H47,remove,5-Year,1997-10-31,1.075e+10,0,0.947944,0.0055627,0,0.0210374,,
1996-10,912827V58,remove,2-Year,1997-10-31,1.775e+10,0,0.948751,0.00916867,0,0.0346673,,
1996-10,912827Z62,add,10-Year,2006-10-15,0,1e+10,7.23653,0,0.00501143,0.0125622,0,True
1996-10,912827Z70,add,2-Year,1998-10-31,0,1.825e+10,1.82255,0,0.00941075,-0.0273595,0,True
1996-10,912827Z88,add,5-Year,2001-10-31,0,1.25e+10,4.12441,0,0.00645708,-0.00390915,0,True
1996-10,912827ZK1,remove,7-Year,1997-10-15,8.5e+09,0,0.925602,0.0044094,0,0.0167743,,
1996-11,912810EY0,add,30-Year,2026-11-15,0,1e+10,13.1671,0,0.0049764,0.0412407,0,True
1996-11,9128272B7,add,2-Year,1998-11-30,0,1.825e+10,1.8351,0,0.00923021,-0.0281033,0,True
1996-11,9128272C5,add,5-Year,2001-11-30,0,1.25e+10,4.17462,0,0.00631952,-0.00445645,0,True
1996-11,912827H88,remove,5-Year,1997-11-30,1.075e+10,0,0.952212,0.00551936,0,0.0216778,,
1996-11,912827R79,remove,3-Year,1997-11-15,1.7e+10,0,0.937041,0.00860612,0,0.0339319,,
1996-11,912827V90,remove,2-Year,1997-11-30,1.825e+10,0,0.956247,0.00928746,0,0.0364399,,
1996-11,912827VN9,remove,10-Year,1997-11-15,9.25e+09,0,0.93384,0.00474899,0,0.0187393,,
1996-11,912827Z62,reopen,10-Year,2006-10-15,1e+10,2e+10,7.21557,0.00512704,0.0101843,0.0118127,0,True
1996-11,912827Z96,add,3-Year,1999-11-15,0,1.85e+10,2.69486,0,0.00915259,-0.0199979,0,True
1996-12,9128272D3,add,2-Year,1998-12-31,0,1.825e+10,1.82823,0,0.0092671,-0.0281658,0,True
1996-12,9128272E1,add,5-Year,2001-12-31,0,1.25e+10,4.14288,0,0.00636852,-0.00461512,0,True
1996-12,912827J29,remove,5-Year,1997-12-31,1.125e+10,0,0.949196,0.0057598,0,0.022569,,
1996-12,912827W32,remove,2-Year,1997-12-31,1.825e+10,0,0.954047,0.00924478,0,0.0361795,,
1997-01,9128272F8,add,2-Year,1999-01-31,0,1.75e+10,1.81501,0,0.00902007,-0.0261323,0,True
1997-01,9128272G6,add,5-Year,2002-01-31,0,1.25e+10,4.11268,0,0.00643651,-0.00385846,0,True
1997-01,912827J45,remove,5-Year,1998-01-31,1.15e+10,0,0.94289,0.00591852,0,0.0223084,,
1997-01,912827W57,remove,2-Year,1998-01-31,1.825e+10,0,0.94697,0.00930909,0,0.0350504,,
1997-01,912827ZT2,remove,7-Year,1998-01-15,8.5e+09,0,0.921632,0.00435753,0,0.0165173,,
1997-02,912810EZ7,add,30-Year,2027-02-15,0,1e+10,12.898,0,0.00495841,0.0400334,0,True
1997-02,9128272H4,add,3-Year,2000-02-15,0,1.775e+10,2.68598,0,0.00880648,-0.0188301,0,True
1997-02,9128272J0,add,10-Year,2007-02-15,0,1.2e+10,7.30941,0,0.0059161,0.0147028,0,True
1997-02,9128272K7,add,2-Year,1999-02-28,0,1.75e+10,1.81703,0,0.00895341,-0.0269244,1,False
1997-02,9128272L5,add,5-Year,2002-02-28,0,1.25e+10,4.12696,0,0.00640415,-0.00446518,1,False
1997-02,912827J94,remove,5-Year,1998-02-28,2.925e+10,0,0.946933,0.0149608,0,0.058007,,
1997-02,912827S78,remove,3-Year,1998-02-15,1.7e+10,0,0.931705,0.00866781,0,0.0337394,,
1997-02,912827VW9,remove,10-Year,1998-02-15,9e+09,0,0.929822,0.00462676,0,0.0180183,,
1997-03,9128272N1,add,2-Year,1999-03-31,0,1.725e+10,1.81282,0,0.0089547,-0.026595,1,False
1997-03,9128272P6,add,5-Year,2002-03-31,0,1.25e+10,4.08657,0,0.00649737,-0.00452342,1,False
1997-03,912827K35,remove,5-Year,1998-03-31,1.1e+10,0,0.953087,0.00564003,0,0.0215995,,
1997-03,912827X31,remove,2-Year,1998-03-31,1.825e+10,0,0.946614,0.00949125,0,0.0364099,,
1997-04,9128272R2,add,2-Year,1999-04-30,0,1.7e+10,1.80611,0,0.00890803,-0.0256739,0,True
1997-04,9128272S0,add,5-Year,2002-04-30,0,1.25e+10,4.07014,0,0.00652004,-0.00402986,0,True
1997-04,912827A44,remove,7-Year,1998-04-15,8.5e+09,0,0.927827,0.00439456,0,0.0165253,,
1997-04,912827K68,remove,5-Year,1998-04-30,1.1e+10,0,0.949548,0.00566901,0,0.0211946,,
1997-04,912827X56,remove,2-Year,1998-04-30,1.875e+10,0,0.944674,0.0097669,0,0.0365628,,
1997-05,9128272T8,add,3-Year,2000-05-15,0,1.7e+10,2.67076,0,0.00862966,-0.0179714,0,True
1997-05,9128272U5,add,10-Year,2007-05-15,0,1.2e+10,7.19009,0,0.00604774,0.0147372,0,True
1997-05,9128272V3,add,2-Year,1999-05-31,0,1.65e+10,1.81667,0,0.00862261,-0.0253212,1,False
1997-05,9128272W1,add,5-Year,2002-05-31,0,1.2e+10,4.088,0,0.00628056,-0.0041783,1,False
1997-05,912827L26,remove,5-Year,1998-05-31,1.1e+10,0,0.954206,0.0057017,0,0.0216612,,
1997-05,912827T77,remove,3-Year,1998-05-15,1.75e+10,0,0.935219,0.00891939,0,0.0340547,,
1997-05,912827WE8,remove,10-Year,1998-05-15,8.75e+09,0,0.929019,0.00458217,0,0.0175234,,
1997-05,912827X98,remove,2-Year,1998-05-31,1.875e+10,0,0.950168,0.00980543,0,0.0372911,,
1997-06,9128272X9,add,2-Year,1999-06-30,0,1.55e+10,1.81869,0,0.00795954,-0.0241402,0,True
1997-06,9128272Y7,add,5-Year,2002-06-30,0,1.15e+10,4.11733,0,0.00591732,-0.00434462,1,False
1997-06,912827L42,remove,5-Year,1998-06-30,1.1e+10,0,0.951467,0.00559166,0,0.021808,,
1997-06,912827Y30,remove,2-Year,1998-06-30,1.875e+10,0,0.9442,0.00968456,0,0.037841,,
1997-07,9128273B6,add,2-Year,1999-07-31,0,1.55e+10,1.82288,0,0.00789967,-0.0242781,0,True
1997-07,9128273C4,add,5-Year,2002-07-31,0,1.15e+10,4.15294,0,0.00584428,-0.00434374,0,True
1997-07,912827B50,remove,7-Year,1998-07-15,9e+09,0,0.926753,0.00455551,0,0.0180828,,
1997-07,912827L67,remove,5-Year,1998-07-31,1.1e+10,0,0.951289,0.00554047,0,0.0218566,,
1997-07,912827Y63,remove,2-Year,1998-07-31,1.875e+10,0,0.944844,0.0095787,0,0.0378487,,
1997-08,912810FA1,add,30-Year,2027-08-15,0,1e+10,12.9738,0,0.00484424,0.0393613,0,True
1997-08,9128273D2,add,3-Year,2000-08-15,0,1.6e+10,2.68077,0,0.00802988,-0.0174061,0,True
1997-08,9128273E0,add,10-Year,2007-08-15,0,1.2e+10,7.33228,0,0.00592578,0.0147187,0,True
1997-08,9128273F7,add,2-Year,1999-08-31,0,1.55e+10,1.81868,0,0.00801813,-0.024293,1,False
1997-08,9128273G5,add,5-Year,2002-08-31,0,1.15e+10,4.12474,0,0.00595539,-0.00430997,1,False
1997-08,912827M25,remove,5-Year,1998-08-31,1.1e+10,0,0.954232,0.00562476,0,0.021904,,
1997-08,912827U75,remove,3-Year,1998-08-15,1.8e+10,0,0.931602,0.00910931,0,0.0356797,,
1997-08,912827WN8,remove,10-Year,1998-08-15,1.1e+10,0,0.924322,0.0057466,0,0.0225503,,
1997-08,912827Z21,remove,2-Year,1998-08-31,1.875e+10,0,0.945289,0.00977711,0,0.0381616,,
1997-09,9128273H3,add,2-Year,1999-09-30,0,1.55e+10,1.82633,0,0.00785914,-0.025147,0,True
1997-09,9128273J9,add,5-Year,2002-09-30,0,1.15e+10,4.16813,0,0.0058143,-0.0049881,0,True
1997-09,912827M41,remove,5-Year,1998-09-30,1.1e+10,0,0.954926,0.0055099,0,0.0224314,,
1997-09,912827Z47,remove,2-Year,1998-09-30,1.825e+10,0,0.946785,0.00930554,0,0.0379596,,
1997-10,9128273K6,add,2-Year,1999-10-31,0,1.5e+10,1.82529,0,0.00759203,-0.0241913,1,False
1997-10,9128273L4,add,5-Year,2002-10-31,0,1.1e+10,4.17728,0,0.00557178,-0.00464921,1,False
1997-10,912827C67,remove,7-Year,1998-10-15,9.25e+09,0,0.924944,0.00461566,0,0.0188631,,
1997-10,912827M66,remove,5-Year,1998-10-31,1.1e+10,0,0.950435,0.00548108,0,0.0222601,,
1997-10,912827Z70,remove,2-Year,1998-10-31,1.825e+10,0,0.943098,0.00924042,0,0.0375956,,
1997-11,912810FB9,add,30-Year,2027-11-15,0,1e+10,13.7254,0,0.00498329,0.0429217,0,True
1997-11,9128272B7,remove,2-Year,1998-11-30,1.825e+10,0,0.957336,0.00925709,0,0.038463,,
1997-11,9128273E0,reopen,10-Year,2007-08-15,1.2e+10,2.3e+10,7.17475,0.00614647,0.011755,0.0115673,0,True
1997-11,9128273M2,add,3-Year,2000-11-15,0,1.4e+10,2.70537,0,0.00690423,-0.0166181,0,True
1997-11,9128273P5,add,2-Year,1999-11-30,0,1.5e+10,1.83677,0,0.00758048,-0.0248302,1,False
1997-11,9128273Q3,add,5-Year,2002-11-30,0,1.1e+10,4.19312,0,0.00556113,-0.00511178,1,False
1997-11,912827N24,remove,5-Year,1998-11-30,1.1e+10,0,0.960592,0.00554005,0,0.0230008,,
1997-11,912827V74,remove,3-Year,1998-11-15,1.8e+10,0,0.943884,0.00889037,0,0.0370589,,
1997-11,912827WW8,remove,10-Year,1998-11-15,9.5e+09,0,0.936552,0.00484417,0,0.0202281,,
1997-12,9128272D3,remove,2-Year,1998-12-31,1.825e+10,0,0.950673,0.0091756,0,0.0390747,,
1997-12,9128273R1,add,2-Year,1999-12-31,0,1.5e+10,1.83266,0,0.00752871,-0.0254211,0,True
1997-12,9128273S9,add,5-Year,2002-12-31,0,1.1e+10,4.20262,0,0.00550336,-0.00553966,0,True
1997-12,912827N40,remove,5-Year,1998-12-31,1.1e+10,0,0.954737,0.00548154,0,0.0233211,,
1998-01,9128272F8,remove,2-Year,1999-01-31,1.75e+10,0,0.94597,0.00878106,0,0.0371251,,
1998-01,9128273U4,add,2-Year,2000-01-31,0,1.5e+10,1.83504,0,0.00751403,-0.0250878,1,False
1998-01,9128273V2,add,5-Year,2003-01-31,0,1.1e+10,4.21826,0,0.00551271,-0.00526782,1,False
1998-01,912827D74,remove,7-Year,1999-01-15,9.5e+09,0,0.929438,0.00466442,0,0.0197976,,
1998-01,912827N65,remove,5-Year,1999-01-31,1.2e+10,0,0.951656,0.0059469,0,0.0251089,,
1998-02,912810FB9,reopen,30-Year,2027-11-15,1e+10,2e+10,13.6099,0.00515352,0.0102848,0.0430785,0,True
1998-02,9128272K7,remove,2-Year,1999-02-28,1.75e+10,0,0.94548,0.00890879,0,0.0380332,,
1998-02,9128273W0,add,3-Year,2001-02-15,0,1.3e+10,2.71468,0,0.00637917,-0.0159478,0,True
1998-02,9128273X8,add,10-Year,2008-02-15,0,1.2e+10,7.58039,0,0.00586859,0.0138836,0,True
1998-02,9128273Y6,add,2-Year,2000-02-29,0,1.5e+10,1.83555,0,0.00756635,-0.0255674,1,False
1998-02,9128273Z3,add,5-Year,2003-02-28,0,1.1e+10,4.21315,0,0.00555113,-0.00555947,1,False
1998-02,912827P22,remove,5-Year,1999-02-28,1.1e+10,0,0.9479,0.00557015,0,0.0237664,,
1998-02,912827W73,remove,3-Year,1999-02-15,1.85e+10,0,0.940051,0.00909104,0,0.0388605,,
1998-02,912827XE7,remove,10-Year,1999-02-15,9.5e+09,0,0.931591,0.00484285,0,0.0207422,,
1998-03,9128272N1,remove,2-Year,1999-03-31,1.725e+10,0,0.945498,0.00880581,0,0.0380479,,
1998-03,9128274A7,add,2-Year,2000-03-31,0,1.4e+10,1.83614,0,0.00706652,-0.0242391,0,True
1998-03,9128274B5,add,5-Year,2003-03-31,0,1.1e+10,4.21501,0,0.00553285,-0.0058165,0,True
1998-03,912827P48,remove,5-Year,1999-03-31,1.1e+10,0,0.947893,0.0055857,0,0.0241212,,
1998-04,9128272R2,remove,2-Year,1999-04-30,1.7e+10,0,0.944751,0.00870148,0,0.0372624,,
1998-04,9128274C3,add,2-Year,2000-04-30,0,1.3e+10,1.83361,0,0.00661531,-0.0224488,1,False
1998-04,9128274D1,add,5-Year,2003-04-30,0,1.1e+10,4.20045,0,0.00559927,-0.00574825,1,False
1998-04,912827E81,remove,7-Year,1999-04-15,9.75e+09,0,0.932756,0.00487738,0,0.020945,,
1998-04,912827P63,remove,5-Year,1999-04-30,1.1e+10,0,0.943961,0.00564024,0,0.0241577,,
1998-05,9128272V3,remove,2-Year,1999-05-31,1.65e+10,0,0.953239,0.00852538,0,0.0368657,,
1998-05,9128274E9,add,3-Year,2001-05-15,0,1e+10,2.70745,0,0.00501177,-0.0128803,0,True
1998-05,9128274F6,add,10-Year,2008-05-15,0,1.2e+10,7.54999,0,0.00600768,0.0136526,0,True
1998-05,9128274G4,add,2-Year,2000-05-31,0,1.3e+10,1.84099,0,0.00668309,-0.0229663,1,False
1998-05,9128274H2,add,5-Year,2003-05-31,0,1.1e+10,4.20841,0,0.00565611,-0.00604671,1,False
1998-05,912827Q21,remove,5-Year,1999-05-31,1.1e+10,0,0.950084,0.00572354,0,0.0247679,,
1998-05,912827X72,remove,3-Year,1999-05-15,1.9e+10,0,0.93918,0.00955604,0,0.0414568,,
1998-05,912827XN7,remove,10-Year,1999-05-15,9.5e+09,0,0.933269,0.00490312,0,0.0213001,,
1998-06,9128272X9,remove,2-Year,1999-06-30,1.55e+10,0,0.94705,0.00792149,0,0.0351466,,
1998-06,9128274J8,add,2-Year,2000-06-30,0,1.2e+10,1.83962,0,0.00607932,-0.0215469,0,True
1998-06,9128274K5,add,5-Year,2003-06-30,0,1.1e+10,4.23173,0,0.00556028,-0.00640651,0,True
1998-06,912827Q47,remove,5-Year,1999-06-30,1.1e+10,0,0.942302,0.00568118,0,0.0252336,,
1998-07,9128273B6,remove,2-Year,1999-07-31,1.55e+10,0,0.942765,0.00791871,0,0.0346954,,
1998-07,9128274M1,add,2-Year,2000-07-31,0,1.5e+10,1.83228,0,0.00769483,-0.0268698,1,False
1998-07,912827F98,remove,7-Year,1999-07-15,9.75e+09,0,0.926266,0.00487414,0,0.0214362,,
1998-07,912827Q62,remove,5-Year,1999-07-31,1.1e+10,0,0.936435,0.00569912,0,0.0250065,,
1998-08,912810FE3,add,30-Year,2028-08-15,0,1e+10,14.6513,0,0.00502478,0.0462082,0,True
1998-08,9128273F7,remove,2-Year,1999-08-31,1.55e+10,0,0.949042,0.00796749,0,0.0359026,,
1998-08,9128274F6,reopen,10-Year,2008-05-15,1.2e+10,2.3e+10,7.34828,0.00621935,0.0119426,0.0108347,0,True
1998-08,9128274N9,add,5-Year,2003-08-15,0,1.6e+10,4.32473,0,0.00801163,-0.00905681,0,True
1998-08,9128274Q2,add,2-Year,2000-08-31,0,1.5e+10,1.8469,0,0.00764749,-0.0275943,1,False
1998-08,912827R20,remove,5-Year,1999-08-31,1.1e+10,0,0.942714,0.00573416,0,0.0258752,,
1998-08,912827XW7,remove,10-Year,1999-08-15,9.75e+09,0,0.928945,0.00497978,0,0.0225397,,
1998-08,912827Y89,remove,3-Year,1999-08-15,1.9e+10,0,0.933305,0.00952234,0,0.0430589,,
1998-09,9128273H3,remove,2-Year,1999-09-30,1.55e+10,0,0.953075,0.00780145,0,0.0365304,,
1998-09,9128274R0,add,2-Year,2000-09-30,0,1.5e+10,1.86887,0,0.00747207,-0.0281452,0,True
1998-09,912827R46,remove,5-Year,1999-09-30,1.1e+10,0,0.944404,0.00564384,0,0.0264763,,
1998-10,9128273K6,remove,2-Year,1999-10-31,1.5e+10,0,0.953126,0.00758718,0,0.035144,,
1998-10,9128274T6,add,2-Year,2000-10-31,0,1.6e+10,1.87395,0,0.00800732,-0.0297167,1,False
1998-10,912827H21,remove,7-Year,1999-10-15,9.75e+09,0,0.935447,0.00482453,0,0.0224326,,
1998-10,912827R61,remove,5-Year,1999-10-31,1.1e+10,0,0.941353,0.00571101,0,0.0265207,,
1998-11,912810FF0,add,30-Year,2028-11-15,0,1e+10,15.0031,0,0.00499626,0.0470579,0,True
1998-11,9128273P5,remove,2-Year,1999-11-30,1.5e+10,0,0.956296,0.00775829,0,0.0359071,,
1998-11,9128274U3,add,5-Year,2003-11-15,0,1.6e+10,4.42821,0,0.00787056,-0.0091008,0,True
1998-11,9128274V1,add,10-Year,2008-11-15,0,1.2e+10,7.85598,0,0.00595325,0.0135226,0,True
1998-11,9128274W9,add,2-Year,2000-11-30,0,1.6e+10,1.86673,0,0.0081633,-0.0303494,1,False
1998-11,912827S29,remove,5-Year,1999-11-30,1.1e+10,0,0.942984,0.00586019,0,0.0272003,,
1998-11,912827YE6,remove,10-Year,1999-11-15,1e+10,0,0.937343,0.00515005,0,0.0239332,,
1998-11,912827Z96,remove,3-Year,1999-11-15,1.85e+10,0,0.941714,0.00934907,0,0.0434059,,
1998-12,9128273R1,remove,2-Year,1999-12-31,1.5e+10,0,0.955549,0.00776531,0,0.0365008,,
1998-12,9128274X7,add,2-Year,2000-12-31,0,1.5e+10,1.86203,0,0.00771346,-0.029265,1,False
1998-12,912827S45,remove,5-Year,1999-12-31,1.1e+10,0,0.942233,0.00586562,0,0.0276494,,
1999-01,9128273U4,remove,2-Year,2000-01-31,1.5e+10,0,0.955682,0.00771808,0,0.0363961,,
1999-01,9128274Z2,add,2-Year,2001-01-31,0,1.5e+10,1.86531,0,0.00770749,-0.0293353,1,False
1999-01,912827J37,remove,7-Year,2000-01-15,9.75e+09,0,0.93567,0.00494308,0,0.023409,,
1999-01,912827S60,remove,5-Year,2000-01-31,1.1e+10,0,0.940754,0.00585041,0,0.0276761,,
1999-02,912810FG8,add,30-Year,2029-02-15,0,1e+10,14.8835,0,0.00509112,0.0471647,0,True
1999-02,9128272H4,remove,3-Year,2000-02-15,1.775e+10,0,0.943642,0.0092626,0,0.0433092,,
1999-02,9128273Y6,remove,2-Year,2000-02-29,1.5e+10,0,0.956297,0.00799782,0,0.0372943,,
1999-02,9128274V1,reopen,10-Year,2008-11-15,1.2e+10,2.2e+10,7.58749,0.00613,0.0112702,0.0101167,0,True
1999-02,9128275A6,add,5-Year,2004-02-15,0,1.5e+10,4.37821,0,0.00769627,-0.00955219,0,True
1999-02,9128275C2,add,2-Year,2001-02-28,0,1.5e+10,1.85526,0,0.00794033,-0.0298881,1,False
1999-02,912827T28,remove,5-Year,2000-02-29,1.1e+10,0,0.946007,0.00600004,0,0.0280402,,
1999-02,912827YN6,remove,10-Year,2000-02-15,1e+10,0,0.937938,0.00534919,0,0.0250418,,
1999-03,9128274A7,remove,2-Year,2000-03-31,1.4e+10,0,0.956091,0.00754307,0,0.0350933,,
1999-03,9128275D0,add,2-Year,2001-03-31,0,1.5e+10,1.85482,0,0.0080262,-0.0301277,0,True
1999-03,912827T44,remove,5-Year,2000-03-31,1.1e+10,0,0.947354,0.00604212,0,0.0281632,,
1999-04,9128274C3,remove,2-Year,2000-04-30,1.3e+10,0,0.950184,0.00703637,0,0.0325834,,
1999-04,9128275E8,add,2-Year,2001-04-30,0,1.5e+10,1.84585,0,0.0081128,-0.0303016,1,False
1999-04,912827K43,remove,7-Year,2000-04-15,9.75e+09,0,0.936503,0.00513803,0,0.023863,,
1999-04,912827T69,remove,5-Year,2000-04-30,1.15e+10,0,0.943037,0.00632347,0,0.0293273,,
1999-05,9128272T8,remove,3-Year,2000-05-15,1.7e+10,0,0.939254,0.00930154,0,0.0427372,,
1999-05,9128274G4,remove,2-Year,2000-05-31,1.3e+10,0,0.958296,0.00723071,0,0.0330848,,
1999-05,9128275F5,add,5-Year,2004-05-15,0,1.5e+10,4.31966,0,0.00807428,-0.00980405,0,True
1999-05,9128275G3,add,10-Year,2009-05-15,0,1.2e+10,7.59082,0,0.00650965,0.0133899,0,True
1999-05,9128275H1,add,2-Year,2001-05-31,0,1.5e+10,1.8464,0,0.00833321,-0.0307286,1,False
1999-05,912827U26,remove,5-Year,2000-05-31,1.15e+10,0,0.953487,0.00646438,0,0.0296095,,
1999-05,912827YW6,remove,10-Year,2000-05-15,1e+10,0,0.933866,0.00560155,0,0.0257673,,
1999-06,9128274J8,remove,2-Year,2000-06-30,1.2e+10,0,0.954841,0.00682917,0,0.0303888,,
1999-06,9128275J7,add,2-Year,2001-06-30,0,1.5e+10,1.8293,0,0.00857841,-0.0306712,0,True
1999-06,912827U42,remove,5-Year,2000-06-30,1.15e+10,0,0.951609,0.00659114,0,0.0293509,,
1999-07,9128274M1,remove,2-Year,2000-07-31,1.5e+10,0,0.952871,0.0084869,0,0.0378927,,
1999-07,9128275L2,add,2-Year,2001-07-31,0,1.5e+10,1.83092,0,0.00852655,-0.0305831,1,False
1999-07,912827U67,remove,5-Year,2000-07-31,1.15e+10,0,0.948043,0.00657596,0,0.0293924,,
1999-08,912810FJ2,add,30-Year,2029-08-15,0,1e+10,13.8945,0,0.00576029,0.0484399,0,True
1999-08,9128273D2,remove,3-Year,2000-08-15,1.6e+10,0,0.936113,0.00896568,0,0.0407859,,
1999-08,9128274Q2,remove,2-Year,2000-08-31,1.5e+10,0,0.956688,0.00852915,0,0.0386246,,
1999-08,9128275M0,add,5-Year,2004-08-15,0,1.5e+10,4.25371,0,0.00847534,-0.0104375,0,True
1999-08,9128275N8,add,10-Year,2009-08-15,0,1.2e+10,7.44945,0,0.00680912,0.0133747,0,True
1999-08,9128275P3,add,2-Year,2001-08-31,0,1.5e+10,1.83666,0,0.00854653,-0.0311826,0,True
1999-08,912827V25,remove,5-Year,2000-08-31,1.15e+10,0,0.949431,0.00664395,0,0.0301356,,
1999-08,912827ZE5,remove,10-Year,2000-08-15,1.05e+10,0,0.930159,0.00603822,0,0.0275045,,
1999-09,9128274R0,remove,2-Year,2000-09-30,1.5e+10,0,0.960771,0.00845292,0,0.0387099,,
1999-09,9128275Q1,add,2-Year,2001-09-30,0,1.5e+10,1.83543,0,0.00860523,-0.0318808,1,False
1999-09,912827V41,remove,5-Year,2000-09-30,1.15e+10,0,0.950175,0.00663215,0,0.030442,,
1999-10,9128274T6,remove,2-Year,2000-10-31,1.6e+10,0,0.96221,0.00915828,0,0.0402342,,
1999-10,9128275R9,add,2-Year,2001-10-31,0,1.5e+10,1.82226,0,0.00886012,-0.0313042,1,False
1999-10,912827V66,remove,5-Year,2000-10-31,1.15e+10,0,0.950644,0.00674982,0,0.0297314,,
1999-11,9128272C5,reopen,5-Year,2001-11-30,1.25e+10,2.75e+10,1.82756,0.00735071,0.0162969,-0.0324854,0,True
1999-11,9128273M2,remove,3-Year,2000-11-15,1.4e+10,0,0.939732,0.00803368,0,0.0363043,,
1999-11,9128274W9,remove,2-Year,2000-11-30,1.6e+10,0,0.960242,0.00927271,0,0.0417133,,
1999-11,9128275N8,reopen,10-Year,2009-08-15,1.2e+10,2.2e+10,7.16179,0.00693536,0.0128134,0.0100106,0,True
1999-11,9128275S7,add,5-Year,2004-11-15,0,1.5e+10,4.25431,0,0.00861148,-0.0103719,0,True
1999-11,912827W24,remove,5-Year,2000-11-30,1.2e+10,0,0.953679,0.00705468,0,0.0317818,,
1999-11,912827ZN5,remove,10-Year,2000-11-15,1.1e+10,0,0.933751,0.00647851,0,0.0293152,,
1999-12,9128272E1,reopen,5-Year,2001-12-31,1.25e+10,2.75e+10,1.81167,0.00750143,0.0166194,-0.0325445,0,True
1999-12,9128274X7,remove,2-Year,2000-12-31,1.5e+10,0,0.95061,0.00883704,0,0.0391511,,
1999-12,912827W40,remove,5-Year,2000-12-31,1.2e+10,0,0.944852,0.00715884,0,0.0317573,,
2000-01,9128274Z2,remove,2-Year,2001-01-31,1.5e+10,0,0.955965,0.00891203,0,0.0388619,,
2000-01,9128275X6,add,2-Year,2002-01-31,0,1.4e+10,1.80835,0,0.00859236,-0.030144,1,False
2000-01,912827W65,remove,5-Year,2001-01-31,1.2e+10,0,0.951002,0.00720694,0,0.0314624,,
2000-02,912810CT3,remove,20-Year 1-Month,2001-02-15,1.5e+09,0,0.924114,0.00093645,0,0.00430391,,
2000-02,912810FM5,add,30-Year 3-Month,2030-05-15,0,1e+10,13.3988,0,0.00614732,0.0484329,0,True
2000-02,9128273W0,remove,3-Year,2001-02-15,1.3e+10,0,0.937615,0.00764643,0,0.0350397,,
2000-02,9128275C2,remove,2-Year,2001-02-28,1.5e+10,0,0.949307,0.00899317,0,0.0411059,,
2000-02,9128275S7,reopen,5-Year,2004-11-15,1.5e+10,2.7e+10,3.98796,0.00875114,0.0158321,-0.0108491,0,True
2000-02,9128275Z1,add,10-Year,2010-02-15,0,1e+10,7.25772,0,0.00598849,0.0104057,0,True
2000-02,9128276A5,add,2-Year,2002-02-28,0,1.2e+10,1.80274,0,0.00735702,-0.0273487,0,True
2000-02,912827X23,remove,5-Year,2001-02-28,1.2e+10,0,0.945221,0.00725912,0,0.0332096,,
2000-02,912827ZX3,remove,10-Year,2001-02-15,1.1e+10,0,0.932396,0.00661805,0,0.0303617,,
2000-03,9128275D0,remove,2-Year,2001-03-31,1.5e+10,0,0.94459,0.00892221,0,0.0420543,,
2000-03,9128276B3,add,2-Year,2002-03-31,0,1.2e+10,1.79384,0,0.00736418,-0.0284566,1,False
2000-03,912827X49,remove,5-Year,2001-03-31,1.2e+10,0,0.934868,0.00729187,0,0.0344407,,
2000-04,9128275E8,remove,2-Year,2001-04-30,1.5e+10,0,0.950095,0.00891001,0,0.0422898,,
2000-04,9128276C1,add,2-Year,2002-04-30,0,1.2e+10,1.80816,0,0.00731809,-0.0284547,1,False
2000-04,912827X64,remove,5-Year,2001-04-30,1.25e+10,0,0.941998,0.00755823,0,0.035935,,
2000-05,912810CU0,remove,20-Year 1-Month,2001-05-15,1.75e+09,0,0.916003,0.00113799,0,0.00530837,,
2000-05,9128274E9,remove,3-Year,2001-05-15,1e+10,0,0.931654,0.0060657,0,0.0281996,,
2000-05,9128275H1,remove,2-Year,2001-05-31,1.5e+10,0,0.950201,0.0092801,0,0.0429714,,
2000-05,9128275Z1,reopen,10-Year,2010-02-15,1e+10,1.8e+10,7.0095,0.00620421,0.0113155,0.0073031,0,True
2000-05,9128276D9,add,5-Year,2005-05-15,0,1.2e+10,4.16156,0,0.00743539,-0.0105518,0,True
2000-05,9128276E7,add,2-Year,2002-05-31,0,1e+10,1.80106,0,0.00635394,-0.0240155,0,True
2000-05,912827A85,remove,10-Year,2001-05-15,1.175e+10,0,0.926459,0.00728984,0,0.0339285,,
2000-05,912827Y22,remove,5-Year,2001-05-31,1.25e+10,0,0.942158,0.00787179,0,0.0365135,,
2000-06,9128275J7,remove,2-Year,2001-06-30,1.5e+10,0,0.939647,0.00929075,0,0.0444004,,
2000-06,9128276F4,add,2-Year,2002-06-30,0,1e+10,1.79864,0,0.00630913,-0.0247317,1,False
2000-06,912827Y48,remove,5-Year,2001-06-30,1.25e+10,0,0.934069,0.00783852,0,0.0375039,,
2000-07,9128275L2,remove,2-Year,2001-07-31,1.5e+10,0,0.947063,0.00924846,0,0.0447223,,
2000-07,9128276H0,add,2-Year,2002-07-31,0,1e+10,1.80847,0,0.00629211,-0.0250064,1,False
2000-07,912827Y71,remove,5-Year,2001-07-31,1.25e+10,0,0.939866,0.00783059,0,0.0379223,,
2000-08,912810CW6,remove,20-Year 1-Month,2001-08-15,1.75e+09,0,0.913274,0.00114135,0,0.00570535,,
2000-08,912810FM5,reopen,30-Year 3-Month,2030-05-15,1e+10,1.5e+10,13.7977,0.00669681,0.0100822,0.0266957,0,True
2000-08,9128275P3,remove,2-Year,2001-08-31,1.5e+10,0,0.946401,0.009321,0,0.0462849,,
2000-08,9128276D9,reopen,5-Year,2005-05-15,1.2e+10,2.2e+10,3.93961,0.00766651,0.014107,-0.0127036,0,True
2000-08,9128276J6,add,10-Year,2010-08-15,0,1e+10,7.49984,0,0.00613364,0.00973886,0,True
2000-08,9128276K3,add,2-Year,2002-08-31,0,1e+10,1.81456,0,0.00628984,-0.0257726,0,True
2000-08,912827B92,remove,10-Year,2001-08-15,1.2e+10,0,0.924483,0.00744153,0,0.0371152,,
2000-08,912827Z39,remove,5-Year,2001-08-31,1.25e+10,0,0.939991,0.00787824,0,0.0391711,,
2000-09,9128275Q1,remove,2-Year,2001-09-30,1.5e+10,0,0.943469,0.00941564,0,0.0463995,,
2000-09,9128276L1,add,2-Year,2002-09-30,0,1e+10,1.81306,0,0.00638992,-0.0259324,1,False
2000-09,912827Z54,remove,5-Year,2001-09-30,1.25e+10,0,0.938663,0.00793007,0,0.0391169,,
2000-10,9128273L4,reopen,5-Year,2002-10-31,1.1e+10,2.1e+10,1.82539,0.00690057,0.0133209,-0.0263636,0,True
2000-10,9128275R9,remove,2-Year,2001-10-31,1.5e+10,0,0.944917,0.00942367,0,0.0469931,,
2000-10,912827Z88,remove,5-Year,2001-10-31,1.25e+10,0,0.942519,0.00789479,0,0.0393879,,
2000-11,912810CX4,remove,20-Year 1-Month,2001-11-15,1.75e+09,0,0.911789,0.0011866,0,0.00606778,,
2000-11,9128272C5,remove,5-Year,2001-11-30,2.75e+10,0,0.944387,0.0174937,0,0.0888852,,
2000-11,9128276J6,reopen,10-Year,2010-08-15,1e+10,1.8e+10,7.27027,0.00635012,0.0115949,0.00652927,0,True
2000-11,9128276N7,add,5-Year,2005-11-15,0,1.2e+10,4.27202,0,0.00759587,-0.0133183,0,True
2000-11,9128276P2,add,2-Year,2002-11-30,0,1e+10,1.82336,0,0.00646746,-0.0271764,1,False
2000-11,912827D25,remove,10-Year,2001-11-15,2.3e+10,0,0.928312,0.0144691,0,0.07375,,
2000-12,9128272E1,remove,5-Year,2001-12-31,2.75e+10,0,0.95507,0.0173903,0,0.0916665,,
2000-12,9128276Q0,add,2-Year,2002-12-31,0,1e+10,1.85476,0,0.00631185,-0.0275919,1,False
2001-01,9128272G6,remove,5-Year,2002-01-31,1.25e+10,0,0.948338,0.00808301,0,0.041683,,
2001-01,9128275X6,remove,2-Year,2002-01-31,1.4e+10,0,0.947547,0.00906884,0,0.0467739,,
2001-01,9128276S6,add,2-Year,2003-01-31,0,1e+10,1.85728,0,0.00640114,-0.0271915,0,True
2001-02,912810CZ9,remove,20-Year 1-Month,2002-02-15,1.75e+09,0,0.926603,0.00120538,0,0.00635192,,
2001-02,912810FP8,add,30-Year,2031-02-15,0,1e+10,14.6352,0,0.00611137,0.0515738,0,True
2001-02,9128272L5,remove,5-Year,2002-02-28,1.25e+10,0,0.949084,0.0082336,0,0.043203,,
2001-02,9128276A5,remove,2-Year,2002-02-28,1.2e+10,0,0.947504,0.00793194,0,0.0416327,,
2001-02,9128276N7,reopen,5-Year,2005-11-15,1.2e+10,2.3e+10,4.05705,0.00794156,0.0150703,-0.0152498,0,True
2001-02,9128276T4,add,10-Year,2011-02-15,0,1.1e+10,7.75523,0,0.00678783,0.0105821,0,True
2001-02,9128276U1,add,2-Year,2003-02-28,0,1.1e+10,1.86146,0,0.00701341,-0.0304016,0,True
2001-03,9128272P6,remove,5-Year,2002-03-31,1.25e+10,0,0.946522,0.00807125,0,0.0432691,,
2001-03,9128276B3,remove,2-Year,2002-03-31,1.2e+10,0,0.947307,0.00773493,0,0.0414601,,
2001-03,9128276V9,add,2-Year,2003-03-31,0,1.1e+10,1.87,0,0.00692642,-0.0307354,1,False
2001-04,9128272S0,remove,5-Year,2002-04-30,1.25e+10,0,0.951283,0.00830328,0,0.0429181,,
2001-04,9128276C1,remove,2-Year,2002-04-30,1.2e+10,0,0.952854,0.00794349,0,0.041046,,
2001-04,9128276W7,add,2-Year,2003-04-30,0,1e+10,1.8761,0,0.00645491,-0.0273946,1,False
2001-05,9128272W1,remove,5-Year,2002-05-31,1.2e+10,0,0.954586,0.00818787,0,0.0421411,,
2001-05,9128276E7,remove,2-Year,2002-05-31,1e+10,0,0.953802,0.00683508,0,0.035184,,
2001-05,9128276T4,reopen,10-Year,2011-02-15,1.1e+10,2e+10,7.4666,0.00692068,0.0126069,0.00776307,0,True
2001-05,9128276X5,add,5-Year,2006-05-15,0,1.3e+10,4.37973,0,0.00825621,-0.0142142,0,True
2001-05,9128276Y3,add,2-Year,2003-05-31,0,1e+10,1.87366,0,0.00659601,-0.0278859,1,False
2001-05,912827F49,remove,10-Year,2002-05-15,1.1e+10,0,0.939118,0.00735687,0,0.037978,,
2001-06,9128272Y7,remove,5-Year,2002-06-30,1.15e+10,0,0.952359,0.00766764,0,0.0404759,,
2001-06,9128276F4,remove,2-Year,2002-06-30,1e+10,0,0.95157,0.00667913,0,0.035263,,
2001-06,9128276Z0,add,2-Year,2003-06-30,0,1.1e+10,1.87979,0,0.00711994,-0.0309815,1,False
2001-07,9128273C4,remove,5-Year,2002-07-31,1.15e+10,0,0.955936,0.00766711,0,0.0403032,,
2001-07,9128276H0,remove,2-Year,2002-07-31,1e+10,0,0.954349,0.00669038,0,0.0351795,,
2001-07,9128277A4,add,2-Year,2003-07-31,0,1.2e+10,1.88413,0,0.00777963,-0.0336737,0,True
2001-08,912810FP8,reopen,30-Year,2031-02-15,1e+10,1.5e+10,14.5775,0.00628797,0.00945692,0.0261822,0,True
2001-08,9128273G5,remove,5-Year,2002-08-31,1.15e+10,0,0.949536,0.00774744,0,0.0415716,,
2001-08,9128276K3,remove,2-Year,2002-08-31,1e+10,0,0.950327,0.00672517,0,0.0360809,,
2001-08,9128276X5,reopen,5-Year,2006-05-15,1.3e+10,2.4e+10,4.14405,0.00843577,0.015615,-0.0155884,0,True
2001-08,9128277B2,add,10-Year,2011-08-15,0,1.1e+10,7.76907,0,0.00707139,0.0102795,0,True
2001-08,9128277C0,add,2-Year,2003-08-31,0,1.4e+10,1.88287,0,0.00910796,-0.0403712,1,False
2001-08,912827G55,remove,10-Year,2002-08-15,2.225e+10,0,0.934818,0.0145867,0,0.0784847,,
2001-09,9128273J9,remove,5-Year,2002-09-30,1.15e+10,0,0.962078,0.00769591,0,0.0413894,,
2001-09,9128276L1,remove,2-Year,2002-09-30,1e+10,0,0.961283,0.00670376,0,0.0360588,,
2001-09,9128277D8,add,2-Year,2003-09-30,0,1.7e+10,1.91533,0,0.0109099,-0.0482745,1,False
2001-10,9128273L4,remove,5-Year,2002-10-31,2.1e+10,0,0.9644,0.0138346,0,0.0755873,,
2001-10,9128277B2,reopen,10-Year,2011-08-15,1.1e+10,1.7e+10,7.66191,0.00713061,0.0109978,0.00477172,0,True
2001-10,9128277E6,add,2-Year,2003-10-31,0,1.9e+10,1.92291,0,0.0119384,-0.0537836,0,True
2001-11,912810DA3,remove,20-Year 1-Month,2002-11-15,2.75e+09,0,0.931545,0.00191709,0,0.010327,,
2001-11,9128273Q3,remove,5-Year,2002-11-30,1.1e+10,0,0.958115,0.00745678,0,0.0399703,,
2001-11,9128276P2,remove,2-Year,2002-11-30,1e+10,0,0.958916,0.00676706,0,0.0362678,,
2001-11,9128277B2,reopen,10-Year,2011-08-15,1.7e+10,2.4e+10,7.51416,0.0109888,0.0153321,0.00519359,0,True
2001-11,9128277F3,add,5-Year,2006-11-15,0,1.6e+10,4.49129,0,0.00971222,-0.0177452,0,True
2001-11,9128277G1,add,2-Year,2003-11-30,0,2.1e+10,1.90085,0,0.0134698,-0.0595032,1,False
2001-12,9128273S9,remove,5-Year,2002-12-31,1.1e+10,0,0.967946,0.00739421,0,0.038713,,
2001-12,9128276Q0,remove,2-Year,2002-12-31,1e+10,0,0.971177,0.00667503,0,0.0349261,,
2001-12,9128277H9,add,2-Year,2003-12-31,0,2.3e+10,1.90878,0,0.0147907,-0.0635221,1,False
2002-01,9128273V2,remove,5-Year,2003-01-31,1.1e+10,0,0.96601,0.00731997,0,0.038061,,
2002-01,9128276S6,remove,2-Year,2003-01-31,1e+10,0,0.970889,0.00658463,0,0.0342054,,
2002-01,9128277K2,add,2-Year,2004-01-31,0,2.5e+10,1.91169,0,0.0158533,-0.0674387,0,True
2002-02,912810DC9,remove,20-Year 1-Month,2003-02-15,3e+09,0,0.945137,0.00204102,0,0.0107745,,
2002-02,9128273Z3,remove,5-Year,2003-02-28,1.1e+10,0,0.966176,0.00731049,0,0.038438,,
2002-02,9128276U1,remove,2-Year,2003-02-28,1.1e+10,0,0.971878,0.00722093,0,0.0379259,,
2002-02,9128277F3,reopen,5-Year,2006-11-15,1.6e+10,3.2e+10,4.26398,0.00986512,0.0196642,-0.0192073,0,True
2002-02,9128277L0,add,10-Year,2012-02-15,0,1.3e+10,7.82537,0,0.00816,0.0130664,0,True
2002-02,9128277M8,add,2-Year,2004-02-29,0,2.5e+10,1.91693,0,0.015857,-0.0682989,1,False
2002-02,912827J78,remove,10-Year,2003-02-15,2.15e+10,0,0.954689,0.01403,0,0.0739297,,
2002-03,9128274B5,remove,5-Year,2003-03-31,1.1e+10,0,0.971777,0.00747853,0,0.0379684,,
2002-03,9128276V9,remove,2-Year,2003-03-31,1.1e+10,0,0.979977,0.00734736,0,0.0372422,,
2002-03,912828AA8,add,2-Year,2004-03-31,0,2.5e+10,1.89887,0,0.016389,-0.0680127,1,False
2002-04,9128274D1,remove,5-Year,2003-04-30,1.1e+10,0,0.963898,0.00734819,0,0.0375801,,
2002-04,9128276W7,remove,2-Year,2003-04-30,1e+10,0,0.975368,0.00651698,0,0.0332544,,
2002-04,912828AB6,add,2-Year,2004-04-30,0,2.5e+10,1.90494,0,0.0159785,-0.0666806,0,True
2002-05,912810DD7,remove,20-Year 1-Month,2003-05-15,3.25e+09,0,0.939008,0.00223042,0,0.0113982,,
2002-05,9128274H2,remove,5-Year,2003-05-31,1.1e+10,0,0.968095,0.00737234,0,0.0374607,,
2002-05,9128276Y3,remove,2-Year,2003-05-31,1e+10,0,0.976288,0.00658475,0,0.0334048,,
2002-05,9128277L0,reopen,10-Year,2012-02-15,1.3e+10,2.4e+10,7.54471,0.00818399,0.0147834,0.00986847,0,True
2002-05,912828AC4,add,5-Year,2007-05-15,0,2.2e+10,4.41985,0,0.0136037,-0.0221672,0,True
2002-05,912828AD2,add,2-Year,2004-05-31,0,2.7e+10,1.90947,0,0.0170053,-0.0703997,1,False
2002-06,9128274K5,remove,5-Year,2003-06-30,1.1e+10,0,0.967335,0.00707245,0,0.0360225,,
2002-06,9128276Z0,remove,2-Year,2003-06-30,1.1e+10,0,0.977231,0.00692372,0,0.0351964,,
2002-07,9128277A4,remove,2-Year,2003-07-31,1.2e+10,0,0.978728,0.00737292,0,0.0375745,,
2002-07,912828AG5,add,2-Year,2004-07-31,0,2.7e+10,1.94056,0,0.0159898,-0.0661089,0,True
2002-08,912810DE5,remove,20-Year 1-Month,2003-08-15,3.5e+09,0,0.935585,0.00223057,0,0.0116343,,
2002-08,9128274N9,remove,5-Year,2003-08-15,1.6e+10,0,0.948134,0.00965563,0,0.0502409,,
2002-08,9128277C0,remove,2-Year,2003-08-31,1.4e+10,0,0.978065,0.00845872,0,0.0437599,,
2002-08,912827L83,remove,10-Year,2003-08-15,2.3e+10,0,0.947012,0.0139462,0,0.0725815,,
2002-08,912828AH3,add,5-Year,2007-08-15,0,2.2e+10,4.54948,0,0.0127621,-0.0204439,0,True
2002-08,912828AJ9,add,10-Year,2012-08-15,0,1.8e+10,8.02117,0,0.0105917,0.0198039,0,True
2002-08,912828AK6,add,2-Year,2004-08-31,0,2.7e+10,1.94005,0,0.0158342,-0.0666836,1,False
2002-09,9128277D8,remove,2-Year,2003-09-30,1.7e+10,0,0.987349,0.00981264,0,0.0526953,,
2002-09,912828AL4,add,2-Year,2004-09-30,0,2.7e+10,1.95147,0,0.0152766,-0.0673091,1,False
2002-10,9128277E6,remove,2-Year,2003-10-31,1.9e+10,0,0.987296,0.0111305,0,0.0567857,,
2002-10,912828AM2,add,2-Year,2004-10-31,0,2.7e+10,1.94655,0,0.0155777,-0.064532,0,True
2002-11,912810DG0,remove,20-Year 1-Month,2003-11-15,7.25e+09,0,0.946136,0.00459257,0,0.0236126,,
2002-11,9128274U3,remove,5-Year,2003-11-15,1.6e+10,0,0.962471,0.00944216,0,0.0483924,,
2002-11,9128277G1,remove,2-Year,2003-11-30,2.1e+10,0,0.99172,0.0124154,0,0.0632677,,
2002-11,912828AN0,add,5-Year,2007-11-15,0,2.2e+10,4.58356,0,0.0125491,-0.0188745,0,True
2002-11,912828AP5,add,10-Year,2012-11-15,0,1.8e+10,8.1368,0,0.0102388,0.0209812,0,True
2002-12,9128277H9,remove,2-Year,2003-12-31,2.3e+10,0,0.987927,0.0132652,0,0.0685375,,
2002-12,912828AR1,add,2-Year,2004-12-31,0,2.7e+10,1.96051,0,0.0151606,-0.0635855,0,True
2003-01,9128277K2,remove,2-Year,2004-01-31,2.5e+10,0,0.982054,0.0143352,0,0.0728635,,
2003-01,912828AS9,add,2-Year,2005-01-31,0,2.7e+10,1.95375,0,0.0151212,-0.0621651,1,False
2003-02,9128275A6,remove,5-Year,2004-02-15,1.5e+10,0,0.957142,0.00863428,0,0.0445816,,
2003-02,9128277M8,remove,2-Year,2004-02-29,2.5e+10,0,0.984925,0.0143504,0,0.073697,,
2003-02,912827N81,remove,10-Year,2004-02-15,1.2e+10,0,0.954607,0.00698183,0,0.0360672,,
2003-02,912828AT7,add,5-Year,2008-02-15,0,2.4e+10,4.59215,0,0.0133627,-0.0204225,0,True
2003-02,912828AU4,add,10-Year,2013-02-15,0,1.8e+10,8.20465,0,0.00995151,0.0207408,0,True
2003-02,912828AV2,add,2-Year,2005-02-28,0,2.7e+10,1.95713,0,0.0150076,-0.0624817,1,False
2003-03,912828AA8,remove,2-Year,2004-03-31,2.5e+10,0,0.986078,0.0144175,0,0.0736292,,
2003-03,912828AW0,add,2-Year,2005-03-31,0,2.7e+10,1.95943,0,0.0150697,-0.0622917,1,False
2003-04,912828AB6,remove,2-Year,2004-04-30,2.5e+10,0,0.987783,0.0142375,0,0.0724867,,
2003-04,912828AX8,add,2-Year,2005-04-30,0,2.7e+10,1.96185,0,0.0149282,-0.0614623,0,True
2003-05,912810DH8,remove,20-Year 1-Month,2004-05-15,3.75e+09,0,0.947073,0.00222819,0,0.011952,,
2003-05,9128275F5,remove,5-Year,2004-05-15,1.5e+10,0,0.962127,0.00834623,0,0.0446435,,
2003-05,912827P89,remove,10-Year,2004-05-15,1.2e+10,0,0.957699,0.00680421,0,0.0364254,,
2003-05,912828AD2,remove,2-Year,2004-05-31,2.7e+10,0,0.994799,0.0149632,0,0.0795485,,
2003-05,912828AY6,add,3-Year,2006-05-15,0,2.2e+10,2.88226,0,0.0118952,-0.0407862,0,True
2003-05,912828AZ3,add,5-Year,2008-05-15,0,1.8e+10,4.64697,0,0.00977006,-0.0162583,0,True
2003-05,912828BA7,add,10-Year,2013-05-15,0,1.8e+10,8.33897,0,0.0098702,0.0200158,0,True
2003-06,912828AE0,remove,2-Year,2004-06-30,2.7e+10,0,0.993116,0.0146578,0,0.0777037,,
2003-06,912828AZ3,reopen,5-Year,2008-05-15,1.8e+10,3.3e+10,4.56508,0.00967932,0.0176289,-0.0137466,0,True
2003-06,912828BC3,add,2-Year,2005-06-30,0,2.5e+10,1.97816,0,0.0131157,-0.0566092,1,False
2003-07,912828AG5,remove,2-Year,2004-07-31,2.7e+10,0,0.996339,0.0150929,0,0.0738614,,
2003-07,912828BE9,add,2-Year,2005-07-31,0,2.5e+10,1.9658,0,0.0137823,-0.0540864,0,True
2003-08,912810DK1,remove,20-Year 1-Month,2004-08-15,3.05952e+09,0,0.937932,0.00202201,0,0.00964683,,
2003-08,9128275M0,remove,5-Year,2004-08-15,1.60366e+10,0,0.953992,0.00987418,0,0.0469503,,
2003-08,912827Q88,remove,10-Year,2004-08-15,1.13844e+10,0,0.951244,0.00709262,0,0.0337439,,
2003-08,912828AK6,remove,2-Year,2004-08-31,2.69302e+10,0,0.996078,0.0161305,0,0.0760195,,
2003-08,912828BF6,add,3-Year,2006-08-15,0,2.40001e+10,2.84967,0,0.0138484,-0.039595,0,True
2003-08,912828BG4,add,5-Year,2008-08-15,0,1.80002e+10,4.54753,0,0.0103256,-0.0119912,0,True
2003-08,912828BH2,add,10-Year,2013-08-15,0,1.8e+10,8.01852,0,0.0102211,0.0236075,0,True
2003-08,912828BJ8,add,2-Year,2005-08-31,0,2.5e+10,1.94828,0,0.0146405,-0.0550567,1,False
2003-09,912828AL4,remove,2-Year,2004-09-30,2.7e+10,0,0.998533,0.0155162,0,0.0750634,,
2003-09,912828BH2,reopen,10-Year,2013-08-15,1.8e+10,3.10001e+10,7.98543,0.0103219,0.0175173,0.0154641,0,True
2003-09,912828BK5,add,5-Year,2008-09-15,0,1.60003e+10,4.5757,0,0.00895501,-0.0112885,0,True
2003-09,912828BL3,add,2-Year,2005-09-30,0,2.5e+10,1.96143,0,0.0140376,-0.0543935,0,True
2003-10,912828AM2,remove,2-Year,2004-10-31,2.70002e+10,0,0.990869,0.0153951,0,0.0731694,,
2003-10,912828BM1,add,5-Year,2008-10-15,0,1.60001e+10,4.56326,0,0.00886397,-0.0104629,0,True
2003-10,912828BN9,add,2-Year,2005-10-31,0,2.6e+10,1.94934,0,0.0145666,-0.0552702,1,False
2003-11,912810DM7,remove,20-Year 1-Month,2004-11-15,6.26192e+09,0,0.953283,0.00383874,0,0.0185943,,
2003-11,9128275S7,remove,5-Year,2004-11-15,2.7733e+10,0,0.96544,0.0161229,0,0.0779007,,
2003-11,912827R87,remove,10-Year,2004-11-15,1.07714e+10,0,0.961064,0.00638073,0,0.0308576,,
2003-11,912828AQ3,remove,2-Year,2004-11-30,2.6985e+10,0,1.00542,0.0152519,0,0.0730825,,
2003-11,912828BP4,add,3-Year,2006-11-15,0,2.4e+10,2.85578,0,0.0135945,-0.0399862,0,True
2003-11,912828BQ2,add,5-Year,2008-11-15,0,1.6e+10,4.55893,0,0.00908576,-0.01125,0,True
2003-11,912828BR0,add,10-Year,2013-11-15,0,1.7e+10,8.07577,0,0.00963341,0.0219511,0,True
2003-12,912828AR1,remove,2-Year,2004-12-31,2.62124e+10,0,1.00182,0.0146492,0,0.0708015,,
2003-12,912828BR0,reopen,10-Year,2013-11-15,1.7e+10,2.9e+10,7.98291,0.00947075,0.0159243,0.0138619,0,True
2003-12,912828BT6,add,5-Year,2008-12-15,0,1.60001e+10,4.54935,0,0.00878035,-0.0112881,0,True
2003-12,912828BU3,add,2-Year,2005-12-31,0,2.6e+10,1.95654,0,0.0142748,-0.0553635,0,True
2004-01,912828AS9,remove,2-Year,2005-01-31,2.6117e+10,0,0.997548,0.0142923,0,0.0682933,,
2004-01,912828BV1,add,5-Year,2009-01-15,0,1.6e+10,4.55731,0,0.00863988,-0.0105281,0,True
2004-01,912828BX7,add,2-Year,2006-01-31,0,2.6e+10,1.95469,0,0.0140618,-0.0537325,1,False
2004-02,912827S86,remove,10-Year,2005-02-15,1.07209e+10,0,0.95677,0.0061212,0,0.029654,,
2004-02,912828AV2,remove,2-Year,2005-02-28,2.70001e+10,0,0.998501,0.0146545,0,0.0703821,,
2004-02,912828BY5,add,3-Year,2007-02-15,0,2.4e+10,2.86514,0,0.0126377,-0.0371055,0,True
2004-02,912828BZ2,add,5-Year,2009-02-15,0,1.6e+10,4.59085,0,0.00840535,-0.0101739,0,True
2004-02,912828CA6,add,10-Year,2014-02-15,0,1.60001e+10,8.14997,0,0.00838377,0.0196911,0,True
2004-02,912828CB4,add,2-Year,2006-02-28,0,2.6e+10,1.95671,0,0.0137768,-0.0529653,1,False
2004-03,912828AW0,remove,2-Year,2005-03-31,2.70001e+10,0,0.997965,0.0141015,0,0.0682587,,
2004-03,912828CA6,reopen,10-Year,2014-02-15,1.60001e+10,2.70001e+10,8.10451,0.00846882,0.0141072,0.0127767,0,True
2004-03,912828CC2,add,5-Year,2009-03-15,0,1.60001e+10,4.62756,0,0.00812818,-0.00984269,0,True
2004-03,912828CD0,add,2-Year,2006-03-31,0,2.6e+10,1.96322,0,0.0133298,-0.0516565,0,True
2004-04,912828AX8,remove,2-Year,2005-04-30,2.7e+10,0,0.990404,0.0143868,0,0.0660423,,
2004-04,912828CE8,add,5-Year,2009-04-15,0,1.6e+10,4.55181,0,0.00823271,-0.00847209,0,True
2004-04,912828CF5,add,2-Year,2006-04-30,0,2.6e+10,1.93167,0,0.0137844,-0.0503023,1,False
2004-05,912810DQ8,remove,20-Year 1-Month,2005-05-15,3.31922e+09,0,0.938922,0.00195546,0,0.00890241,,
2004-05,9128276D9,remove,5-Year,2005-05-15,2.20814e+10,0,0.949891,0.0123966,0,0.0563005,,
2004-05,912827T85,remove,10-Year,2005-05-15,1.24622e+10,0,0.95044,0.00697989,0,0.0316961,,
2004-05,912828BB5,remove,2-Year,2005-05-31,2.49751e+10,0,0.99977,0.0133665,0,0.0600388,,
2004-05,912828CG3,add,3-Year,2007-05-15,0,2.4e+10,2.81579,0,0.0127486,-0.0341117,0,True
2004-05,912828CH1,add,5-Year,2009-05-15,0,1.5e+10,4.48065,0,0.00797006,-0.00805655,0,True
2004-05,912828CJ7,add,10-Year,2014-05-15,0,1.50004e+10,7.86243,0,0.00797997,0.01892,0,True
2004-05,912828CK4,add,2-Year,2006-05-31,0,2.5e+10,1.92936,0,0.0134463,-0.0478979,1,False
2004-06,912828BC3,remove,2-Year,2005-06-30,2.47027e+10,0,0.996734,0.0129751,0,0.0589486,,
2004-06,912828CJ7,reopen,10-Year,2014-05-15,1.50004e+10,2.50004e+10,7.79229,0.00802075,0.0132074,0.011682,0,True
2004-06,912828CL2,add,5-Year,2009-06-15,0,1.5e+10,4.47171,0,0.00788269,-0.00842072,0,True
2004-06,912828CM0,add,2-Year,2006-06-30,0,2.5e+10,1.92176,0,0.0132067,-0.0477846,0,True
2004-07,912828BE9,remove,2-Year,2005-07-31,2.44771e+10,0,0.990965,0.0126377,0,0.0572688,,
2004-07,912828CN8,add,5-Year,2009-07-15,0,1.5e+10,4.5023,0,0.00766415,-0.00781935,0,True
2004-07,912828CQ1,add,2-Year,2006-07-31,0,2.4e+10,1.91888,0,0.0124673,-0.044928,1,False
2004-08,912810DR6,remove,20-Year 1-Month,2005-08-15,6.87936e+09,0,0.937917,0.00381552,0,0.0176695,,
2004-08,912827U83,remove,10-Year,2005-08-15,1.19366e+10,0,0.946918,0.00636521,0,0.0294197,,
2004-08,912828BJ8,remove,2-Year,2005-08-31,2.38619e+10,0,0.990841,0.0122942,0,0.0562834,,
2004-08,912828CR9,add,3-Year,2007-08-15,0,2.2e+10,2.82986,0,0.0110319,-0.0302166,0,True
2004-08,912828CS7,add,5-Year,2009-08-15,0,1.5e+10,4.52459,0,0.00756494,-0.00789991,0,True
2004-08,912828CT5,add,10-Year,2014-08-15,0,1.40001e+10,8.049,0,0.00704326,0.0174683,0,True
2004-08,912828CU2,add,2-Year,2006-08-31,0,2.4e+10,1.93264,0,0.0121716,-0.0442588,0,True
2004-09,912828BL3,remove,2-Year,2005-09-30,2.50001e+10,0,0.992676,0.0124251,0,0.0575005,,
2004-09,912828CT5,reopen,10-Year,2014-08-15,1.40001e+10,2.30001e+10,7.9966,0.00710147,0.0116815,0.0108827,0,True
2004-09,912828CV0,add,5-Year,2009-09-15,0,1.5e+10,4.54235,0,0.00747263,-0.00805635,0,True
2004-10,912828BN9,remove,2-Year,2005-10-31,2.6e+10,0,0.992486,0.0127081,0,0.058198,,
2004-10,912828CX6,add,5-Year,2009-10-15,0,1.50001e+10,4.54226,0,0.00733051,-0.00754905,0,True
2004-10,912828CY4,add,2-Year,2006-10-31,0,2.4e+10,1.92852,0,0.0117916,-0.0429632,1,False
2004-11,9128276N7,remove,5-Year,2005-11-15,2.32383e+10,0,0.951281,0.0118477,0,0.0541149,,
2004-11,912827V82,remove,10-Year,2005-11-15,1.26831e+10,0,0.951002,0.00647397,0,0.0295721,,
2004-11,912828AN0,reopen,5-Year,2007-11-15,2.20001e+10,4.40001e+10,2.82193,0.010822,0.0215332,-0.0288871,0,True
2004-11,912828BS8,remove,2-Year,2005-11-30,2.53451e+10,0,0.991584,0.0125487,0,0.0568112,,
2004-11,912828DB3,add,5-Year,2009-11-15,0,1.50002e+10,4.52596,0,0.00735668,-0.00730428,0,True
2004-11,912828DC1,add,10-Year,2014-11-15,0,1.40001e+10,8.06278,0,0.00692566,0.0176185,0,True
2004-11,912828DD9,add,2-Year,2006-11-30,0,2.4e+10,1.9192,0,0.0119402,-0.0429806,0,True
2004-12,912828BU3,remove,2-Year,2005-12-31,2.6e+10,0,0.982603,0.0128121,0,0.0576772,,
2004-12,912828DC1,reopen,10-Year,2014-11-15,1.40001e+10,2.30001e+10,7.95936,0.00691044,0.011243,0.010723,0,True
2004-12,912828DE7,add,5-Year,2009-12-15,0,1.5e+10,4.51301,0,0.00727985,-0.00707131,0,True
2004-12,912828DF4,add,2-Year,2006-12-31,0,2.4e+10,1.90581,0,0.0118862,-0.0425353,1,False
2005-01,912828BX7,remove,2-Year,2006-01-31,2.56036e+10,0,0.987492,0.0123876,0,0.0559152,,
2005-01,912828DG2,add,5-Year,2010-01-15,0,1.5e+10,4.50549,0,0.0071974,-0.00716731,0,True
2005-01,912828DJ6,add,2-Year,2007-01-31,0,2.4e+10,1.90598,0,0.011727,-0.0421622,1,False
2005-02,912810DU9,remove,20-Year 1-Month,2006-02-15,3.70402e+09,0,0.943681,0.00191529,0,0.00868753,,
2005-02,912827W81,remove,10-Year,2006-02-15,1.35663e+10,0,0.951787,0.0067727,0,0.0306653,,
2005-02,912828CB4,remove,2-Year,2006-02-28,2.6e+10,0,0.988097,0.0125732,0,0.0564722,,
2005-02,912828DK3,add,3-Year,2008-02-15,0,2.20001e+10,2.8058,0,0.0104906,-0.0280493,0,True
2005-02,912828DL1,add,5-Year,2010-02-15,0,1.5e+10,4.51888,0,0.00707924,-0.00680092,0,True
2005-02,912828DM9,add,10-Year,2015-02-15,0,1.4e+10,8.12074,0,0.00656588,0.0173416,0,True
2005-02,912828DN7,add,2-Year,2007-02-28,0,2.4e+10,1.89854,0,0.0117072,-0.0419238,1,False
2005-03,912828CD0,remove,2-Year,2006-03-31,2.60001e+10,0,0.99024,0.0124956,0,0.054756,,
2005-03,912828DM9,reopen,10-Year,2015-02-15,1.4e+10,2.3e+10,8.00335,0.00651757,0.0107192,0.0110549,0,True
2005-03,912828DP2,add,5-Year,2010-03-15,0,1.50002e+10,4.45662,0,0.00721446,-0.00660582,0,True
2005-04,912828CF5,remove,2-Year,2006-04-30,2.60003e+10,0,0.979849,0.0122623,0,0.0542827,,
2005-04,912828DR8,add,5-Year,2010-04-15,0,1.5e+10,4.46586,0,0.00705612,-0.0066384,0,True
2005-04,912828DS6,add,2-Year,2007-04-30,0,2.4e+10,1.89009,0,0.0114454,-0.0402485,1,False
2005-05,9128276X5,remove,5-Year,2006-05-15,2.39901e+10,0,0.947712,0.011334,0,0.0510269,,
2005-05,912827X80,remove,10-Year,2006-05-15,1.20669e+10,0,0.942686,0.00582451,0,0.0262519,,
2005-05,912828AY6,remove,3-Year,2006-05-15,2.2e+10,0,0.953858,0.0101309,0,0.0455483,,
2005-05,912828CK4,remove,2-Year,2006-05-31,2.42262e+10,0,0.983562,0.0113355,0,0.0506275,,
2005-05,912828DT4,add,3-Year,2008-05-15,0,2.20001e+10,2.79019,0,0.0103371,-0.0274929,0,True
2005-05,912828DU1,add,5-Year,2010-05-15,0,1.5e+10,4.48434,0,0.0070649,-0.0068211,0,True
2005-05,912828DV9,add,10-Year,2015-05-15,0,1.40001e+10,8.11172,0,0.00661266,0.0176021,0,True
2005-05,912828DW7,add,2-Year,2007-05-31,0,2.2e+10,1.89643,0,0.0104866,-0.0372632,1,False
2005-06,912828CM0,remove,2-Year,2006-06-30,2.45841e+10,0,0.978828,0.0115073,0,0.0524438,,
2005-06,912828DV9,reopen,10-Year,2015-05-15,1.40001e+10,2.20001e+10,8.04341,0.00664811,0.0104699,0.0095816,0,True
2005-06,912828DX5,add,5-Year,2010-06-15,0,1.4e+10,4.50871,0,0.00650855,-0.00668801,0,True
2005-07,912827Y55,remove,10-Year,2006-07-15,1.72072e+10,0,0.93761,0.0083185,0,0.0371464,,
2005-07,912828CQ1,remove,2-Year,2006-07-31,2.30047e+10,0,0.976894,0.0108058,0,0.0478292,,
2005-07,912828DZ0,add,5-Year,2010-07-15,0,1.30001e+10,4.47242,0,0.00606493,-0.00564467,0,True
2005-07,912828EB2,add,2-Year,2007-07-31,0,2e+10,1.88287,0,0.00957761,-0.0337157,1,False
2005-08,912828BF6,remove,3-Year,2006-08-15,2.37131e+10,0,0.947689,0.0110371,0,0.0496463,,
2005-08,912828CU2,remove,2-Year,2006-08-31,2.3803e+10,0,0.979041,0.0111934,0,0.0499985,,
2005-08,912828EC0,add,3-Year,2008-08-15,0,1.80002e+10,2.77019,0,0.00846004,-0.0226358,0,True
2005-08,912828ED8,add,5-Year,2010-08-15,0,1.30001e+10,4.45133,0,0.00611192,-0.00607823,0,True
2005-08,912828EE6,add,10-Year,2015-08-15,0,1.3e+10,8.05847,0,0.00612931,0.0160138,0,True
2005-08,912828EF3,add,2-Year,2007-08-31,0,2e+10,1.88129,0,0.00954636,-0.0340282,0,True
2005-09,912828CW8,remove,2-Year,2006-09-30,2.3653e+10,0,0.972397,0.0110924,0,0.0488841,,
2005-09,912828EE6,reopen,10-Year,2015-08-15,1.3e+10,2.1e+10,7.95846,0.00611658,0.00980952,0.0095244,0,True
2005-09,912828EG1,add,5-Year,2010-09-15,0,1.3e+10,4.46808,0,0.0060086,-0.00547564,0,True
2005-09,912828EH9,add,2-Year,2007-09-30,0,2e+10,1.8737,0,0.0095166,-0.0333622,1,False
2005-10,912827Z62,remove,10-Year,2006-10-15,1.72915e+10,0,0.936418,0.00834378,0,0.0361956,,
2005-10,912828CY4,remove,2-Year,2006-10-31,2.40001e+10,0,0.976238,0.0112623,0,0.0484079,,
2005-10,912828EJ5,add,5-Year,2010-10-15,0,1.30004e+10,4.42925,0,0.00612248,-0.00517481,0,True
2005-10,912828EK2,add,2-Year,2007-10-31,0,2e+10,1.87049,0,0.00967379,-0.0329292,1,False
2005-11,9128277F3,remove,5-Year,2006-11-15,3.1611e+10,0,0.948343,0.0149185,0,0.0648391,,
2005-11,912828BP4,remove,3-Year,2006-11-15,2.3245e+10,0,0.950401,0.0108766,0,0.0472495,,
2005-11,912828DD9,remove,2-Year,2006-11-30,2.3269e+10,0,0.976041,0.0110542,0,0.0477378,,
2005-11,912828EL0,add,3-Year,2008-11-15,0,1.8e+10,2.76256,0,0.00862648,-0.0218423,0,True
2005-11,912828EM8,add,5-Year,2010-11-15,0,1.3e+10,4.41509,0,0.00626133,-0.00550662,0,True
2005-11,912828EN6,add,10-Year,2015-11-15,0,1.3e+10,7.9629,0,0.0062435,0.0166598,0,True
2005-11,912828EP1,add,2-Year,2007-11-30,0,2e+10,1.87487,0,0.00974817,-0.0333357,0,True
2005-12,912828DF4,remove,2-Year,2006-12-31,2.4e+10,0,0.977752,0.011413,0,0.0502073,,
2005-12,912828EN6,reopen,10-Year,2015-11-15,1.3e+10,2.10001e+10,7.89391,0.00626349,0.0101318,0.00973657,0,True
2005-12,912828EQ9,add,5-Year,2010-12-15,0,1.30001e+10,4.42729,0,0.00620413,-0.00589147,0,True
2006-01,912828DJ6,remove,2-Year,2007-01-31,2.3349e+10,0,0.970645,0.0110376,0,0.0476531,,
2006-01,912828ES5,add,5-Year,2011-01-15,0,1.30001e+10,4.42922,0,0.006068,-0.00521106,0,True
2006-01,912828EU0,add,2-Year,2008-01-31,0,2.2e+10,1.86851,0,0.0105322,-0.0360147,0,True
2006-02,912810FT0,add,30-Year,2036-02-15,0,1.40001e+10,16.3772,0,0.00659922,0.0731774,0,True
2006-02,9128272J0,remove,10-Year,2007-02-15,1.13031e+10,0,0.942997,0.00544829,0,0.0236752,,
2006-02,912828BY5,remove,3-Year,2007-02-15,2.4e+10,0,0.952193,0.0111281,0,0.0482541,,
2006-02,912828DN7,remove,2-Year,2007-02-28,2.4e+10,0,0.968028,0.0114254,0,0.0493623,,
2006-02,912828EV8,add,3-Year,2009-02-15,0,2.1e+10,2.75659,0,0.00982268,-0.0248695,0,True
2006-02,912828EW6,add,10-Year,2016-02-15,0,1.3e+10,7.95801,0,0.00609359,0.0162673,0,True
2006-02,912828EX4,add,5-Year,2011-02-28,0,1.4e+10,4.34161,0,0.00671745,-0.00636024,1,False
2006-02,912828EY2,add,2-Year,2008-02-29,0,2.2e+10,1.86362,0,0.010547,-0.0361215,0,True
2006-03,912828DQ0,remove,2-Year,2007-03-31,2.40001e+10,0,0.95972,0.0114314,0,0.0495268,,
2006-03,912828EW6,reopen,10-Year,2016-02-15,1.3e+10,2.10001e+10,7.84853,0.00607458,0.0097326,0.0093509,0,True
2006-03,912828EZ9,add,2-Year,2008-03-31,0,2.2e+10,1.85785,0,0.0105202,-0.0361306,0,True
2006-03,912828FA3,add,5-Year,2011-03-31,0,1.4e+10,4.32025,0,0.00670917,-0.00652138,1,False
2006-04,912828DS6,remove,2-Year,2007-04-30,2.29442e+10,0,0.965183,0.0109251,0,0.0457546,,
2006-04,912828FC9,add,2-Year,2008-04-30,0,2.2e+10,1.85591,0,0.0106011,-0.0349551,1,False
2006-04,912828FD7,add,5-Year,2011-04-30,0,1.4e+10,4.29776,0,0.00674714,-0.00577188,1,False
2006-05,9128272U5,remove,10-Year,2007-05-15,1.05853e+10,0,0.93552,0.00510397,0,0.0213071,,
2006-05,912828AC4,remove,5-Year,2007-05-15,2.05311e+10,0,0.940568,0.00968824,0,0.0403956,,
2006-05,912828CG3,remove,3-Year,2007-05-15,2.3448e+10,0,0.943469,0.0109306,0,0.045544,,
2006-05,912828DW7,remove,2-Year,2007-05-31,2.165e+10,0,0.968466,0.0102873,0,0.0426065,,
2006-05,912828FE5,add,3-Year,2009-05-15,0,2.1e+10,2.73571,0,0.00998228,-0.023702,0,True
2006-05,912828FF2,add,10-Year,2016-05-15,0,1.3e+10,7.73843,0,0.00623322,0.0163828,0,True
2006-05,912828FG0,add,2-Year,2008-05-31,0,2.2e+10,1.85836,0,0.01069,-0.0347615,0,True
2006-05,912828FH8,add,5-Year,2011-05-31,0,1.4e+10,4.29649,0,0.00681337,-0.00554355,1,False
2006-06,912828DY3,remove,2-Year,2007-06-30,2.00002e+10,0,0.957983,0.0096087,0,0.0397329,,
2006-06,912828FF2,reopen,10-Year,2016-05-15,1.3e+10,2.10001e+10,7.62193,0.00621313,0.00993542,0.00941312,0,True
2006-06,912828FJ4,add,2-Year,2008-06-30,0,2.2e+10,1.83876,0,0.0107158,-0.0348726,1,False
2006-06,912828FK1,add,5-Year,2011-06-30,0,1.4e+10,4.25058,0,0.00681826,-0.00574437,1,False
2006-07,912828EB2,remove,2-Year,2007-07-31,1.92502e+10,0,0.962059,0.0090847,0,0.0373928,,
2006-07,912828FM7,add,2-Year,2008-07-31,0,2.2e+10,1.84908,0,0.0104912,-0.0338761,1,False
2006-07,912828FN5,add,5-Year,2011-07-31,0,1.4e+10,4.28202,0,0.0066741,-0.00531298,1,False
2006-08,912810FT0,reopen,30-Year,2036-02-15,1.40001e+10,2.40001e+10,15.7299,0.00604837,0.0103776,0.0459786,0,True
2006-08,9128273E0,remove,10-Year,2007-08-15,1.95329e+10,0,0.933536,0.00914049,0,0.0381698,,
2006-08,912828AH3,remove,5-Year,2007-08-15,2.16301e+10,0,0.940088,0.00984439,0,0.0410447,,
2006-08,912828CR9,remove,3-Year,2007-08-15,2.1448e+10,0,0.941265,0.00971367,0,0.0404882,,
2006-08,912828EF3,remove,2-Year,2007-08-31,2e+10,0,0.961956,0.00933455,0,0.0387148,,
2006-08,912828FP0,add,3-Year,2009-08-15,0,2.10001e+10,2.73511,0,0.00975668,-0.0231655,0,True
2006-08,912828FQ8,add,10-Year,2016-08-15,0,1.3e+10,7.82629,0,0.00606624,0.0164811,0,True
2006-08,912828FR6,add,2-Year,2008-08-31,0,2.2e+10,1.85688,0,0.0104235,-0.0339029,1,False
2006-08,912828FS4,add,5-Year,2011-08-31,0,1.4e+10,4.31631,0,0.00663067,-0.00525897,1,False
2006-09,912828EH9,remove,2-Year,2007-09-30,1.99421e+10,0,0.96017,0.00919345,0,0.0394884,,
2006-09,912828FQ8,reopen,10-Year,2016-08-15,1.3e+10,2.10001e+10,7.77281,0.00610839,0.00977792,0.00923756,0,True
2006-09,912828FT2,add,2-Year,2008-09-30,0,2e+10,1.86141,0,0.0092407,-0.0313633,1,False
2006-09,912828FU9,add,5-Year,2011-09-30,0,1.4e+10,4.34694,0,0.00646545,-0.0058739,1,False
2006-10,912828EK2,remove,2-Year,2007-10-31,1.9124e+10,0,0.960172,0.00883053,0,0.0369166,,
2006-10,912828FV7,add,2-Year,2008-10-31,0,2e+10,1.85633,0,0.0092754,-0.0304642,0,True
2006-10,912828FW5,add,5-Year,2011-10-31,0,1.4e+10,4.31763,0,0.00648999,-0.00534197,1,False
2006-11,912828AN0,remove,5-Year,2007-11-15,4.40001e+10,0,0.943623,0.0194482,0,0.0821855,,
2006-11,912828EP1,remove,2-Year,2007-11-30,1.995e+10,0,0.960571,0.00909922,0,0.038298,,
2006-11,912828FX3,add,3-Year,2009-11-15,0,1.9e+10,2.74804,0,0.0085545,-0.0207144,0,True
2006-11,912828FY1,add,10-Year,2016-11-15,0,1.3e+10,7.92112,0,0.00588736,0.0161998,0,True
2006-11,912828FZ8,add,2-Year,2008-11-30,0,2e+10,1.86097,0,0.00919926,-0.030436,1,False
2006-11,912828GA2,add,5-Year,2011-11-30,0,1.4e+10,4.34426,0,0.00643467,-0.00531014,1,False
2006-12,912828ER7,remove,2-Year,2007-12-31,1.9515e+10,0,0.967954,0.0089256,0,0.037381,,
2006-12,912828FY1,reopen,10-Year,2016-11-15,1.3e+10,2.10001e+10,7.83626,0.00588235,0.0094372,0.00952783,0,True
2006-12,912828GB0,add,2-Year,2008-12-31,0,2e+10,1.86961,0,0.00914921,-0.030068,1,False
2006-12,912828GC8,add,5-Year,2011-12-31,0,1.3e+10,4.34693,0,0.00594429,-0.00480947,1,False
2007-01,912828EU0,remove,2-Year,2008-01-31,2.2e+10,0,0.95918,0.0100776,0,0.0410048,,
2007-01,912828GE4,add,2-Year,2009-01-31,0,2e+10,1.85527,0,0.00918227,-0.0291336,0,True
2007-01,912828GF1,add,5-Year,2012-01-31,0,1.3e+10,4.31383,0,0.00595127,-0.00425068,0,True
2007-02,912810PT9,add,30-Year,2037-02-15,0,9e+09,15.7947,0,0.00401364,0.043142,0,True
2007-02,9128273X8,remove,10-Year,2008-02-15,1.10837e+10,0,0.942893,0.00500928,0,0.0205531,,
2007-02,912828AT7,remove,5-Year,2008-02-15,2.3722e+10,0,0.948639,0.0104641,0,0.0428739,,
2007-02,912828DK3,remove,3-Year,2008-02-15,2.12251e+10,0,0.947759,0.00939713,0,0.0385107,,
2007-02,912828EY2,remove,2-Year,2008-02-29,2.1815e+10,0,0.960388,0.00998477,0,0.0407928,,
2007-02,912828GG9,add,3-Year,2010-02-15,0,1.6e+10,2.74721,0,0.00722247,-0.0166022,0,True
2007-02,912828GH7,add,10-Year,2017-02-15,0,1.3e+10,7.90381,0,0.00582293,0.0166415,0,True
2007-02,912828GJ3,add,2-Year,2009-02-28,0,1.8e+10,1.85903,0,0.00829084,-0.0264218,0,True
2007-02,912828GK0,add,5-Year,2012-02-29,0,1.3e+10,4.33334,0,0.00597264,-0.00425584,0,True
2007-03,912828EZ9,remove,2-Year,2008-03-31,2.04931e+10,0,0.958516,0.00932895,0,0.0390474,,
2007-03,912828GH7,reopen,10-Year,2017-02-15,1.3e+10,2.1e+10,7.83494,0.00584477,0.00936635,0.0094759,0,True
2007-03,912828GL8,add,2-Year,2009-03-31,0,1.8e+10,1.8636,0,0.00814828,-0.0267307,1,False
2007-03,912828GM6,add,5-Year,2012-03-31,0,1.3e+10,4.3536,0,0.00588249,-0.00465027,1,False
2007-04,912828FC9,remove,2-Year,2008-04-30,2.19421e+10,0,0.959682,0.00993542,0,0.041005,,
2007-04,912828GP9,add,2-Year,2009-04-30,0,1.8e+10,1.86565,0,0.00811404,-0.0261369,1,False
2007-04,912828GQ7,add,5-Year,2012-04-30,0,1.3e+10,4.35226,0,0.00585806,-0.00430324,1,False
2007-05,912810PT9,reopen,30-Year,2037-02-15,9.00001e+09,1.4e+10,15.3544,0.00393125,0.00621383,0.0236207,0,True
2007-05,9128274F6,remove,10-Year,2008-05-15,2.06722e+10,0,0.940548,0.00934456,0,0.0379917,,
2007-05,912828AZ3,remove,5-Year,2008-05-15,3.13233e+10,0,0.94746,0.0137524,0,0.0558173,,
2007-05,912828DT4,remove,3-Year,2008-05-15,2.20001e+10,0,0.94482,0.00976621,0,0.0396643,,
2007-05,912828FG0,remove,2-Year,2008-05-31,2.20001e+10,0,0.962038,0.0100928,0,0.0408167,,
2007-05,912828GR5,add,3-Year,2010-05-15,0,1.4e+10,2.74898,0,0.00633535,-0.0143003,0,True
2007-05,912828GS3,add,10-Year,2017-05-15,0,1.30001e+10,7.91408,0,0.00576475,0.0167633,0,True
2007-05,912828GT1,add,2-Year,2009-05-31,0,1.8e+10,1.85986,0,0.00839513,-0.0264139,1,False
2007-05,912828GU8,add,5-Year,2012-05-31,0,1.3e+10,4.31767,0,0.00606128,-0.00417337,1,False
2007-06,912828FJ4,remove,2-Year,2008-06-30,2.11361e+10,0,0.95495,0.00995222,0,0.0407403,,
2007-06,912828GS3,reopen,10-Year,2017-05-15,1.30001e+10,2.10001e+10,7.80005,0.00572363,0.00917132,0.00948633,0,True
2007-06,912828GV6,add,2-Year,2009-06-30,0,1.8e+10,1.85383,0,0.00838406,-0.0267847,1,False
2007-06,912828GW4,add,5-Year,2012-06-30,0,1.3e+10,4.28856,0,0.00605781,-0.00460385,1,False
2007-07,912828FM7,remove,2-Year,2008-07-31,2.0035e+10,0,0.958503,0.00924213,0,0.0376862,,
2007-07,912828GY0,add,2-Year,2009-07-31,0,1.8e+10,1.86298,0,0.00822577,-0.0261017,0,True
2007-07,912828GZ7,add,5-Year,2012-07-31,0,1.3e+10,4.31362,0,0.00595831,-0.00430504,1,False
2007-08,912810PU6,add,29-Year 9-Month,2037-05-15,0,9e+09,15.3236,0,0.00413371,0.0424094,0,True
2007-08,912828BG4,remove,5-Year,2008-08-15,1.69127e+10,0,0.939774,0.00741766,0,0.0305934,,
2007-08,912828EC0,remove,3-Year,2008-08-15,1.77612e+10,0,0.937741,0.00785654,0,0.0324195,,
2007-08,912828FR6,remove,2-Year,2008-08-31,2.2e+10,0,0.955955,0.0100212,0,0.0411692,,
2007-08,912828HA1,add,10-Year,2017-08-15,0,1.3e+10,7.87583,0,0.00585142,0.0164522,0,True
2007-08,912828HB9,add,2-Year,2009-08-31,0,1.8e+10,1.86972,0,0.00816104,-0.0260701,1,False
2007-08,912828HC7,add,5-Year,2012-08-31,0,1.3e+10,4.36298,0,0.00589702,-0.00413497,1,False
2007-09,912828BK5,remove,5-Year,2008-09-15,1.45333e+10,0,0.950252,0.00637505,0,0.026588,,
2007-09,912828FT2,remove,2-Year,2008-09-30,1.91251e+10,0,0.965238,0.00869392,0,0.0361288,,
2007-09,912828HA1,reopen,10-Year,2017-08-15,1.3e+10,2.10001e+10,7.7978,0.0058378,0.00940665,0.0095535,0,True
2007-09,912828HD5,add,2-Year,2009-09-30,0,1.8e+10,1.88234,0,0.00809825,-0.0262266,1,False
2007-09,912828HE3,add,5-Year,2012-09-30,0,1.3e+10,4.37903,0,0.00585574,-0.00434409,1,False
2007-10,912828BM1,remove,5-Year,2008-10-15,1.50261e+10,0,0.948318,0.00647991,0,0.0272291,,
2007-10,912828FV7,remove,2-Year,2008-10-31,1.989e+10,0,0.9644,0.00892021,0,0.03734,,
2007-10,912828HF0,add,2-Year,2009-10-31,0,2e+10,1.89477,0,0.00882435,-0.0287288,0,True
2007-10,912828HG8,add,5-Year,2012-10-31,0,1.3e+10,4.43355,0,0.00572039,-0.00410068,0,True
2007-11,912810PU6,reopen,29-Year 9-Month,2037-05-15,9e+09,1.4e+10,16.1283,0.00428472,0.00673262,0.026625,0,True
2007-11,9128274V1,remove,10-Year,2008-11-15,2.15306e+10,0,0.945299,0.00925863,0,0.0398704,,
2007-11,912828BQ2,remove,5-Year,2008-11-15,1.5751e+10,0,0.948471,0.00668369,0,0.0287607,,
2007-11,912828EL0,remove,3-Year,2008-11-15,1.765e+10,0,0.946155,0.0075625,0,0.0325599,,
2007-11,912828FZ8,remove,2-Year,2008-11-30,2e+10,0,0.964321,0.00877488,0,0.0376203,,
2007-11,912828HH6,add,10-Year,2017-11-15,0,1.3e+10,8.10159,0,0.00575799,0.0164103,0,True
2007-11,912828HJ2,add,2-Year,2009-11-30,0,2e+10,1.91346,0,0.00867211,-0.0289487,1,False
2007-11,912828HK9,add,5-Year,2012-11-30,0,1.3e+10,4.52285,0,0.00564518,-0.00411388,1,False
2007-12,912828BT6,remove,5-Year,2008-12-15,1.46778e+10,0,0.952631,0.0063925,0,0.0273508,,
2007-12,912828GB0,remove,2-Year,2008-12-31,2.00001e+10,0,0.970275,0.0090212,0,0.0384388,,
2007-12,912828HH6,reopen,10-Year,2017-11-15,1.3e+10,2.1e+10,7.97864,0.00570177,0.00917763,0.00954969,0,True
2007-12,912828HL7,add,2-Year,2009-12-31,0,2.2e+10,1.91112,0,0.00969605,-0.0321918,1,False
2007-12,912828HM5,add,5-Year,2012-12-31,0,1.3e+10,4.47194,0,0.00574049,-0.00435859,1,False
2008-01,912828BV1,remove,5-Year,2009-01-15,1.4614e+10,0,0.955535,0.00617671,0,0.0268384,,
2008-01,912828GE4,remove,2-Year,2009-01-31,2.00001e+10,0,0.972403,0.00878242,0,0.0380123,,
2008-01,912828HP8,add,2-Year,2010-01-31,0,2.4e+10,1.94159,0,0.0101445,-0.0340757,1,False
2008-01,912828HQ6,add,5-Year,2013-01-31,0,1.4e+10,4.58795,0,0.00593391,-0.00422903,1,False
2008-02,912810PW2,add,30-Year,2038-02-15,0,9.00002e+09,16.2473,0,0.00364915,0.0403084,0,True
2008-02,912828BZ2,remove,5-Year,2009-02-15,1.56e+10,0,0.957124,0.00671428,0,0.0284966,,
2008-02,912828EV8,remove,3-Year,2009-02-15,2.0725e+10,0,0.953641,0.00905066,0,0.0384441,,
2008-02,912828GJ3,remove,2-Year,2009-02-28,1.80001e+10,0,0.966153,0.00805595,0,0.0341182,,
2008-02,912828HR4,add,10-Year,2018-02-15,0,1.3e+10,8.30397,0,0.00534757,0.0165917,0,True
2008-02,912828HS2,add,2-Year,2010-02-28,0,2.6e+10,1.93674,0,0.0111682,-0.0364593,1,False
2008-02,912828HT0,add,5-Year,2013-02-28,0,1.6e+10,4.5556,0,0.00690093,-0.00445593,1,False
2008-03,912828CC2,remove,5-Year,2009-03-15,1.48796e+10,0,0.957638,0.00624903,0,0.0274475,,
2008-03,912828GL8,remove,2-Year,2009-03-31,1.8e+10,0,0.975697,0.00786086,0,0.0343851,,
2008-03,912828HR4,reopen,10-Year,2018-02-15,1.3e+10,2.3e+10,8.27376,0.00542794,0.00949376,0.0118878,0,True
2008-03,912828HU7,add,2-Year,2010-03-31,0,2.8e+10,1.95354,0,0.0116079,-0.0394247,1,False
2008-03,912828HV5,add,5-Year,2013-03-31,0,1.8e+10,4.61417,0,0.00749151,-0.00551186,1,False
2008-04,912828CE8,remove,5-Year,2009-04-15,1.5061e+10,0,0.95788,0.00636251,0,0.0270815,,
2008-04,912828GP9,remove,2-Year,2009-04-30,1.80002e+10,0,0.974296,0.00786834,0,0.0333619,,
2008-04,912828HX1,add,2-Year,2010-04-30,0,3.00001e+10,1.93943,0,0.0123925,-0.040584,0,True
2008-04,912828HY9,add,5-Year,2013-04-30,0,1.9e+10,4.53971,0,0.00792045,-0.0053431,0,True
2008-05,912810PW2,reopen,30-Year,2038-02-15,9.00002e+09,1.5e+10,16.1287,0.00364477,0.00603295,0.0261713,0,True
2008-05,9128275G3,remove,10-Year,2009-05-15,1.21734e+10,0,0.954179,0.00520018,0,0.0219232,,
2008-05,912828CH1,remove,5-Year,2009-05-15,1.485e+10,0,0.957884,0.0062454,0,0.0263065,,
2008-05,912828FE5,remove,3-Year,2009-05-15,2.1674e+10,0,0.955591,0.00920352,0,0.0387877,,
2008-05,912828GT1,remove,2-Year,2009-05-31,1.90001e+10,0,0.976233,0.00825132,0,0.0346044,,
2008-05,912828HZ6,add,10-Year,2018-05-15,0,1.5e+10,8.20578,0,0.00617509,0.018746,0,True
2008-05,912828JA9,add,2-Year,2010-05-31,0,3e+10,1.93651,0,0.0124561,-0.0402769,1,False
2008-05,912828JB7,add,5-Year,2013-05-31,0,1.9e+10,4.54208,0,0.00791435,-0.00496984,1,False
2008-06,912828CL2,remove,5-Year,2009-06-15,1.4313e+10,0,0.952886,0.00601812,0,0.0253302,,
2008-06,912828GV6,remove,2-Year,2009-06-30,1.9e+10,0,0.968698,0.00823949,0,0.0345496,,
2008-06,912828HZ6,reopen,10-Year,2018-05-15,1.5e+10,2.6e+10,8.09119,0.00613332,0.0105127,0.0128285,0,True
2008-06,912828JC5,add,2-Year,2010-06-30,0,3.00001e+10,1.91764,0,0.0124597,-0.0404223,0,True
2008-06,912828JD3,add,5-Year,2013-06-30,0,2e+10,4.48476,0,0.00833182,-0.00564162,1,False
2008-07,912828CN8,remove,5-Year,2009-07-15,1.3766e+10,0,0.951906,0.00569671,0,0.0236378,,
2008-07,912828GY0,remove,2-Year,2009-07-31,1.9001e+10,0,0.971252,0.00811026,0,0.0334956,,
2008-07,912828JF8,add,2-Year,2010-07-31,0,3.1e+10,1.9222,0,0.0127431,-0.0405114,0,True
2008-07,912828JG6,add,5-Year,2013-07-31,0,2.10001e+10,4.50262,0,0.00862052,-0.00516077,0,True
2008-08,912810PX0,add,29-Year 9-Month,2038-05-15,0,1e+10,16.2158,0,0.00411702,0.0455026,0,True
2008-08,9128275N8,remove,10-Year,2009-08-15,2.17275e+10,0,0.947596,0.00904312,0,0.0381248,,
2008-08,912828CS7,remove,5-Year,2009-08-15,1.479e+10,0,0.95329,0.0060098,0,0.0253024,,
2008-08,912828FP0,remove,3-Year,2009-08-15,2.10001e+10,0,0.950124,0.00864713,0,0.0364335,,
2008-08,912828HB9,remove,2-Year,2009-08-31,1.90001e+10,0,0.976587,0.0079028,0,0.0330883,,
2008-08,912828JH4,add,10-Year,2018-08-15,0,1.7e+10,8.17327,0,0.00692966,0.0208568,0,True
2008-08,912828JJ0,add,2-Year,2010-08-31,0,3.2e+10,1.93544,0,0.0129484,-0.0417982,1,False
2008-08,912828JK7,add,5-Year,2013-08-31,0,2.2e+10,4.55239,0,0.00893209,-0.00545838,1,False
2008-09,912828CV0,remove,5-Year,2009-09-15,1.4852e+10,0,0.957342,0.00600156,0,0.0256494,,
2008-09,912828HD5,remove,2-Year,2009-09-30,2.00001e+10,0,0.977708,0.00828369,0,0.035234,,
2008-09,912828JH4,reopen,10-Year,2018-08-15,1.7e+10,2.9e+10,8.09314,0.00691849,0.0116398,0.0135125,0,True
2008-09,912828JL5,add,2-Year,2010-09-30,0,3.4e+10,1.94623,0,0.0134702,-0.0442482,0,True
2008-09,912828JM3,add,5-Year,2013-09-30,0,2.4e+10,4.57088,0,0.00955609,-0.00630936,1,False
2008-10,912828CX6,remove,5-Year,2009-10-15,1.43901e+10,0,0.950773,0.00569189,0,0.0241836,,
2008-10,912828DM9,reopen,10-Year,2015-02-15,2.3345e+10,3.3345e+10,5.53346,0.00967558,0.0134829,0.00127134,0,True
2008-10,912828DV9,reopen,10-Year,2015-05-15,2.20001e+10,3.20001e+10,5.64587,0.00926299,0.0131446,0.00173247,0,True
2008-10,912828EE6,reopen,10-Year,2015-08-15,2.1e+10,3.1e+10,5.87234,0.00881036,0.0126884,0.0026091,0,True
2008-10,912828HF0,remove,2-Year,2009-10-31,2.10001e+10,0,0.976487,0.0084687,0,0.0357639,,
2008-10,912828HR4,reopen,10-Year,2018-02-15,2.3e+10,3.30002e+10,7.81579,0.0089005,0.0124587,0.00930917,0,True
2008-10,912828JP6,add,2-Year,2010-10-31,0,3.4e+10,1.95484,0,0.0129842,-0.0421299,1,False
2008-10,912828JQ4,add,5-Year,2013-10-31,0,2.4e+10,4.60018,0,0.00921329,-0.0055222,1,False
2008-11,912810PX0,reopen,29-Year 9-Month,2038-05-15,1e+10,2.00001e+10,17.1158,0.00421934,0.00824805,0.0474911,0,True
2008-11,912828DB3,remove,5-Year,2009-11-15,1.56462e+10,0,0.970373,0.00593782,0,0.0258729,,
2008-11,912828FX3,remove,3-Year,2009-11-15,1.9e+10,0,0.967776,0.00728913,0,0.0317799,,
2008-11,912828HJ2,remove,2-Year,2009-11-30,2.1e+10,0,0.997246,0.00805875,0,0.0348978,,
2008-11,912828JR2,add,10-Year,2018-11-15,0,2e+10,8.3228,0,0.00757045,0.0226744,0,True
2008-11,912828JS0,add,2-Year,2010-11-30,0,3.6e+10,1.98529,0,0.0130745,-0.0437,1,False
2008-11,912828JT8,add,5-Year,2013-11-30,0,2.6e+10,4.70859,0,0.00948419,-0.00587147,1,False
2008-11,912828JU5,add,3-Year,2011-11-15,0,2.5e+10,2.89818,0,0.00914175,-0.0222099,0,True
2008-12,912828DE7,remove,5-Year,2009-12-15,1.4602e+10,0,0.964276,0.00520441,0,0.0243664,,
2008-12,912828HL7,remove,2-Year,2009-12-31,2.3e+10,0,0.993129,0.00830477,0,0.0386422,,
2008-12,912828JR2,reopen,10-Year,2018-11-15,2e+10,3.6e+10,8.35046,0.00789862,0.0138653,0.0161358,0,True
2008-12,912828JV3,add,2-Year,2010-12-31,0,3.8e+10,1.98712,0,0.0128576,-0.0470463,0,True
2008-12,912828JW1,add,5-Year,2013-12-31,0,2.8e+10,4.78111,0,0.00948847,-0.00820788,0,True
2008-12,912828KA7,add,3-Year,2011-12-15,0,2.80001e+10,2.91514,0,0.00944016,-0.0257812,0,True
2009-01,912828DG2,remove,5-Year,2010-01-15,1.335e+10,0,0.958182,0.00474753,0,0.0208577,,
2009-01,912828HP8,remove,2-Year,2010-01-31,2.5e+10,0,0.995136,0.00885097,0,0.0385586,,
2009-01,912828JR2,reopen,10-Year,2018-11-15,3.6e+10,5.20001e+10,8.20691,0.0136631,0.0192154,0.0158538,0,True
2009-01,912828JY7,add,2-Year,2011-01-31,0,4e+10,1.98267,0,0.0134817,-0.0454183,1,False
2009-01,912828JZ4,add,5-Year,2014-01-31,0,3e+10,4.75076,0,0.0101513,-0.00609895,1,False
2009-01,912828KB5,add,3-Year,2012-01-15,0,3.00001e+10,2.90871,0,0.0100515,-0.0245543,0,True
2009-02,912810QA9,add,30-Year,2039-02-15,0,1.4e+10,18.4225,0,0.00460123,0.0604068,0,True
2009-02,9128275Z1,remove,10-Year,2010-02-15,1.84456e+10,0,0.958796,0.00663011,0,0.0287437,,
2009-02,912828DL1,remove,5-Year,2010-02-15,1.3888e+10,0,0.965599,0.00485108,0,0.020998,,
2009-02,912828GG9,remove,3-Year,2010-02-15,1.6e+10,0,0.962717,0.00565641,0,0.0245002,,
2009-02,912828HS2,remove,2-Year,2010-02-28,2.6e+10,0,0.994909,0.00903577,0,0.0388467,,
2009-02,912828KC3,add,3-Year,2012-02-15,0,3.2e+10,2.906,0,0.0105851,-0.0252785,0,True
2009-02,912828KD1,add,10-Year,2019-02-15,0,2.1e+10,8.66536,0,0.00692429,0.0233434,0,True
2009-02,912828KE9,add,2-Year,2011-02-28,0,4e+10,1.97889,0,0.0132722,-0.0440006,1,False
2009-02,912828KF6,add,5-Year,2014-02-28,0,3.2e+10,4.7252,0,0.0106629,-0.0060664,1,False
2009-02,912828KS8,add,7-Year,2016-02-29,0,2.2e+10,6.39288,0,0.00734396,0.00806925,1,False
2009-03,912810QA9,reopen,30-Year,2039-02-15,1.4e+10,2.5e+10,18.1027,0.00445389,0.00765489,0.0408948,0,True
2009-03,912828DP2,remove,5-Year,2010-03-15,1.41247e+10,0,0.959415,0.00482809,0,0.0210875,,
2009-03,912828HU7,remove,2-Year,2010-03-31,2.80001e+10,0,0.999862,0.00944162,0,0.040856,,
2009-03,912828KD1,reopen,10-Year,2019-02-15,2.1e+10,3.9e+10,8.5824,0.0069357,0.0123972,0.0177788,0,True
2009-03,912828KG4,add,3-Year,2012-03-15,0,3.4e+10,2.90315,0,0.0108328,-0.0262579,0,True
2009-03,912828KH2,add,2-Year,2011-03-31,0,4.00001e+10,1.98376,0,0.0127577,-0.042653,0,True
2009-03,912828KJ8,add,5-Year,2014-03-31,0,3.40001e+10,4.7389,0,0.0108608,-0.00638817,0,True
2009-03,912828KT6,add,7-Year,2016-03-31,0,2.4e+10,6.35901,0,0.0077231,0.00796969,1,False
2009-04,912828DR8,remove,5-Year,2010-04-15,1.3569e+10,0,0.962629,0.00450123,0,0.0193063,,
2009-04,912828HX1,remove,2-Year,2010-04-30,3.00001e+10,0,0.997701,0.00987164,0,0.0419944,,
2009-04,912828KD1,reopen,10-Year,2019-02-15,3.9e+10,5.70001e+10,8.47965,0.0122995,0.0177113,0.0174689,0,True
2009-04,912828KK5,add,3-Year,2012-04-15,0,3.5e+10,2.90539,0,0.0110576,-0.0259451,0,True
2009-04,912828KL3,add,2-Year,2011-04-30,0,4e+10,1.98055,0,0.0126925,-0.0415197,1,False
2009-04,912828KN9,add,5-Year,2014-04-30,0,3.5e+10,4.70961,0,0.0111577,-0.00604895,1,False
2009-04,912828KR0,add,7-Year,2016-04-30,0,2.6e+10,6.30717,0,0.00831207,0.00877277,1,False
2009-05,912810QB7,add,30-Year,2039-05-15,0,1.4e+10,16.6931,0,0.00433932,0.0502491,0,True
2009-05,912828DU1,remove,5-Year,2010-05-15,1.5889e+10,0,0.968429,0.00529146,0,0.0219317,,
2009-05,912828GR5,remove,3-Year,2010-05-15,1.5e+10,0,0.96699,0.00502549,0,0.0208365,,
2009-05,912828JA9,remove,2-Year,2010-05-31,2.995e+10,0,1.00243,0.00997744,0,0.0410146,,
2009-05,912828KP4,add,3-Year,2012-05-15,0,3.5e+10,2.91066,0,0.0110785,-0.0244004,0,True
2009-05,912828KQ2,add,10-Year,2019-05-15,0,2.20001e+10,8.4757,0,0.00677985,0.0227975,0,True
2009-05,912828KU3,add,2-Year,2011-05-31,0,4e+10,1.99095,0,0.0127165,-0.0397035,1,False
2009-05,912828KV1,add,5-Year,2014-05-31,0,3.5e+10,4.67707,0,0.0111958,-0.00488238,1,False
2009-05,912828KW9,add,7-Year,2016-05-31,0,2.6e+10,6.21298,0,0.00834492,0.00917793,1,False
2009-06,912810QB7,reopen,30-Year,2039-05-15,1.4e+10,2.5e+10,16.5343,0.00439006,0.00763739,0.0371545,0,True
2009-06,912828DX5,remove,5-Year,2010-06-15,1.3596e+10,0,0.963499,0.00451675,0,0.0186506,,
2009-06,912828JC5,remove,2-Year,2010-06-30,3.00001e+10,0,0.992451,0.0100299,0,0.0411254,,
2009-06,912828KQ2,reopen,10-Year,2019-05-15,2.20001e+10,4.10001e+10,8.35783,0.00677215,0.0122956,0.0180347,0,True
2009-06,912828KX7,add,3-Year,2012-06-15,0,2.90521e+10,2.88178,0,0.00914793,-0.0202255,0,True
2009-06,912828KY5,add,5-Year,2014-06-30,0,3.70001e+10,4.60842,0,0.0116947,-0.00566367,0,True
2009-06,912828KZ2,add,7-Year,2016-06-30,0,2.7e+10,6.09838,0,0.00861241,0.00866123,1,False
2009-06,912828LF5,add,2-Year,2011-06-30,0,4e+10,1.97537,0,0.0126036,-0.0392897,0,True
2009-07,912810QB7,reopen,30-Year,2039-05-15,2.5e+10,3.504e+10,16.2351,0.00746897,0.0101893,0.0304597,0,True
2009-07,912828DZ0,remove,5-Year,2010-07-15,1.29931e+10,0,0.954774,0.00422905,0,0.0172683,,
2009-07,912828JF8,remove,2-Year,2010-07-31,3.1e+10,0,0.987929,0.010112,0,0.0409548,,
2009-07,912828KQ2,reopen,10-Year,2019-05-15,4.10001e+10,6.00005e+10,8.26772,0.0123618,0.017608,0.0169437,0,True
2009-07,912828LB4,add,3-Year,2012-07-15,0,3.50001e+10,2.88915,0,0.010695,-0.0229823,0,True
2009-07,912828LC2,add,5-Year,2014-07-31,0,3.9e+10,4.6058,0,0.0121044,-0.00523187,1,False
2009-07,912828LD0,add,7-Year,2016-07-31,0,2.8e+10,6.11277,0,0.0087184,0.00937001,1,False
2009-07,912828LG3,add,2-Year,2011-07-31,0,4.2e+10,1.97204,0,0.012938,-0.0396678,1,False
2009-08,912810QC5,add,30-Year,2039-08-15,0,1.5e+10,16.6733,0,0.00467694,0.0539596,0,True
2009-08,9128276J6,remove,10-Year,2010-08-15,1.98374e+10,0,0.956066,0.00635355,0,0.0265568,,
2009-08,912828ED8,remove,5-Year,2010-08-15,1.31661e+10,0,0.959755,0.00415197,0,0.0173393,,
2009-08,912828JJ0,remove,2-Year,2010-08-31,3.20001e+10,0,0.996089,0.0100342,0,0.0415397,,
2009-08,912828LH1,add,3-Year,2012-08-15,0,3.7e+10,2.88691,0,0.0110709,-0.0248985,0,True
2009-08,912828LJ7,add,10-Year,2019-08-15,0,2.3e+10,8.31813,0,0.00694769,0.0221091,0,True
2009-08,912828LK4,add,5-Year,2014-08-31,0,3.9e+10,4.63283,0,0.0117351,-0.00590366,1,False
2009-08,912828LL2,add,7-Year,2016-08-31,0,2.8e+10,6.17029,0,0.00844972,0.00874025,1,False
2009-08,912828LV0,add,2-Year,2011-08-31,0,4.2e+10,1.97981,0,0.0125338,-0.0395578,0,True
2009-09,912810QC5,reopen,30-Year,2039-08-15,1.5e+10,2.64611e+10,16.6515,0.00472207,0.0080439,0.0381346,0,True
2009-09,912828EG1,remove,5-Year,2010-09-15,1.2167e+10,0,0.963452,0.0037355,0,0.0157193,,
2009-09,912828JL5,remove,2-Year,2010-09-30,3.4e+10,0,0.999141,0.0103484,0,0.0431774,,
2009-09,912828LJ7,reopen,10-Year,2019-08-15,2.3e+10,4.3e+10,8.24437,0.00698676,0.0126135,0.01729,0,True
2009-09,912828LM0,add,3-Year,2012-09-15,0,3.8e+10,2.90437,0,0.0108703,-0.0246448,0,True
2009-09,912828LP3,add,7-Year,2016-09-30,0,2.9e+10,6.19393,0,0.0084117,0.00860014,0,True
2009-09,912828LQ1,add,5-Year,2014-09-30,0,4e+10,4.6489,0,0.0115911,-0.00605788,0,True
2009-09,912828LW8,add,2-Year,2011-09-30,0,4.3e+10,1.98104,0,0.0123939,-0.0395427,0,True
2009-10,912810QC5,reopen,30-Year,2039-08-15,2.64611e+10,3.84611e+10,16.3323,0.00787966,0.0110297,0.0354048,0,True
2009-10,912828EJ5,remove,5-Year,2010-10-15,1.24204e+10,0,0.957025,0.00372704,0,0.0154138,,
2009-10,912828JP6,remove,2-Year,2010-10-31,3.34775e+10,0,0.999872,0.00985044,0,0.040316,,
2009-10,912828LJ7,reopen,10-Year,2019-08-15,4.3e+10,6.30001e+10,8.13791,0.0125789,0.0177482,0.0157418,0,True
2009-10,912828LR9,add,3-Year,2012-10-15,0,3.9e+10,2.89654,0,0.0107891,-0.0236944,0,True
2009-10,912828LS7,add,5-Year,2014-10-31,0,4.1e+10,4.62294,0,0.0115507,-0.00542594,1,False
2009-10,912828LT5,add,2-Year,2011-10-31,0,4.4e+10,1.9754,0,0.0123085,-0.0383692,1,False
2009-10,912828LU2,add,7-Year,2016-10-31,0,3.1e+10,6.15012,0,0.00875988,0.00926298,1,False
2009-11,912810QD3,add,30-Year,2039-11-15,0,1.6e+10,16.6947,0,0.00430529,0.0497885,0,True
2009-11,912828EM8,remove,5-Year,2010-11-15,1.3762e+10,0,0.965232,0.00395696,0,0.0164805,,
2009-11,912828JS0,remove,2-Year,2010-11-30,3.4618e+10,0,1.00775,0.00970153,0,0.0399938,,
2009-11,912828LX6,add,3-Year,2012-11-15,0,4.00005e+10,2.90967,0,0.0106369,-0.0236192,0,True
2009-11,912828LY4,add,10-Year,2019-11-15,0,2.50001e+10,8.40583,0,0.00663562,0.021736,0,True
2009-11,912828LZ1,add,5-Year,2014-11-30,0,4.2e+10,4.67642,0,0.0112493,-0.00510433,1,False
2009-11,912828MA5,add,7-Year,2016-11-30,0,3.2e+10,6.22299,0,0.00859896,0.00939712,1,False
2009-11,912828MM9,add,2-Year,2011-11-30,0,4.4e+10,1.99142,0,0.0116965,-0.0367123,0,True
2009-12,912810QD3,reopen,30-Year,2039-11-15,1.6e+10,2.9e+10,16.1563,0.00412572,0.00720033,0.0342424,0,True
2009-12,912828EQ9,remove,5-Year,2010-12-15,1.20401e+10,0,0.962105,0.00337557,0,0.0136949,,
2009-12,912828JV3,remove,2-Year,2010-12-31,3.5811e+10,0,1.00976,0.00974242,0,0.0390615,,
2009-12,912828LY4,reopen,10-Year,2019-11-15,2.50001e+10,4.60001e+10,8.27278,0.00653205,0.0115729,0.0164008,0,True
2009-12,912828MB3,add,3-Year,2012-12-15,0,4e+10,2.91157,0,0.0102645,-0.0216334,0,True
2009-12,912828MD9,add,7-Year,2016-12-31,0,3.2e+10,6.11798,0,0.00844343,0.00927769,1,False
2009-12,912828ME7,add,5-Year,2014-12-31,0,4.2e+10,4.62212,0,0.0110433,-0.00438481,1,False
2009-12,912828ML1,add,2-Year,2011-12-31,0,4.4e+10,1.98279,0,0.0114831,-0.0348671,1,False
2010-01,912810QD3,reopen,30-Year,2039-11-15,2.9e+10,4.20001e+10,16.2243,0.00730899,0.0102195,0.0325699,0,True
2010-01,912828ES5,remove,5-Year,2011-01-15,1.29501e+10,0,0.96029,0.00346022,0,0.0140961,,
2010-01,912828JY7,remove,2-Year,2011-01-31,3.94661e+10,0,1.00769,0.0102457,0,0.0412528,,
2010-01,912828LY4,reopen,10-Year,2019-11-15,4.60001e+10,6.70001e+10,8.20694,0.0116599,0.0163958,0.0150266,0,True
2010-01,912828MG2,add,3-Year,2013-01-15,0,4.00002e+10,2.90244,0,0.00992697,-0.0211604,0,True
2010-01,912828MH0,add,5-Year,2015-01-31,0,4.2e+10,4.64587,0,0.0105436,-0.00409286,1,False
2010-01,912828MJ6,add,2-Year,2012-01-31,0,4.4e+10,1.98493,0,0.0109649,-0.0334335,1,False
2010-01,912828MK3,add,7-Year,2017-01-31,0,3.2e+10,6.16502,0,0.0080608,0.00911651,1,False
2010-02,912810QE1,add,30-Year,2040-02-15,0,1.6e+10,15.9956,0,0.00383025,0.0420948,0,True
2010-02,9128276T4,remove,10-Year,2011-02-15,2.178e+10,0,0.966436,0.00571143,0,0.0230687,,
2010-02,912828EX4,remove,5-Year,2011-02-28,1.5125e+10,0,0.982172,0.0040318,0,0.0162212,,
2010-02,912828KE9,remove,2-Year,2011-02-28,3.8585e+10,0,1.00734,0.00976059,0,0.0390243,,
2010-02,912828MN7,add,3-Year,2013-02-15,0,4e+10,2.90931,0,0.00970463,-0.0203426,0,True
2010-02,912828MP2,add,10-Year,2020-02-15,0,2.5e+10,8.28543,0,0.00599921,0.0196771,0,True
2010-02,912828MQ0,add,2-Year,2012-02-29,0,4.4e+10,1.98587,0,0.0107492,-0.0324586,1,False
2010-02,912828MR8,add,5-Year,2015-02-28,0,4.2e+10,4.63411,0,0.0103378,-0.00383922,1,False
2010-02,912828MS6,add,7-Year,2017-02-28,0,3.2e+10,6.13266,0,0.00790533,0.00891067,1,False
2010-03,912810QE1,reopen,30-Year,2040-02-15,1.6e+10,2.9e+10,15.8679,0.00383765,0.00673244,0.0314322,0,True
2010-03,912828FA3,remove,5-Year,2011-03-31,1.55482e+10,0,0.98016,0.00404992,0,0.0163192,,
2010-03,912828KH2,remove,2-Year,2011-03-31,3.89151e+10,0,1.00697,0.00958525,0,0.038367,,
2010-03,912828MP2,reopen,10-Year,2020-02-15,2.5e+10,4.6e+10,8.19108,0.0059965,0.0106793,0.014898,0,True
2010-03,912828MT4,add,3-Year,2013-03-15,0,4e+10,2.89803,0,0.0093772,-0.0198014,0,True
2010-03,912828MU1,add,2-Year,2012-03-31,0,4.40001e+10,1.982,0,0.0104283,-0.0315737,0,True
2010-03,912828MV9,add,7-Year,2017-03-31,0,3.2e+10,6.12585,0,0.00762532,0.00851112,0,True
2010-03,912828MW7,add,5-Year,2015-03-31,0,4.2e+10,4.62547,0,0.0099763,-0.00383302,0,True
2010-04,912810QE1,reopen,30-Year,2040-02-15,2.9e+10,4.2e+10,15.8999,0.00683067,0.00957905,0.0299158,0,True
2010-04,912828FD7,remove,5-Year,2011-04-30,1.5193e+10,0,0.973747,0.00381412,0,0.0154138,,
2010-04,912828KL3,remove,2-Year,2011-04-30,3.74471e+10,0,1.00138,0.0088741,0,0.0356171,,
2010-04,912828MP2,reopen,10-Year,2020-02-15,4.6e+10,6.70003e+10,8.11635,0.0107374,0.0151435,0.0136649,0,True
2010-04,912828MX5,add,3-Year,2013-04-15,0,4e+10,2.88255,0,0.00913319,-0.0194759,0,True
2010-04,912828MZ0,add,5-Year,2015-04-30,0,4.2e+10,4.61015,0,0.00968001,-0.00391874,1,False
2010-04,912828NA4,add,7-Year,2017-04-30,0,3.2e+10,6.12008,0,0.00739911,0.00817678,1,False
2010-04,912828NB2,add,2-Year,2012-04-30,0,4.4e+10,1.97436,0,0.0100669,-0.0306096,1,False
2010-05,912810QH4,add,30-Year,2040-05-15,0,1.60001e+10,16.8943,0,0.00359727,0.0421736,0,True
2010-05,912828FH8,remove,5-Year,2011-05-31,1.57781e+10,0,0.982554,0.00374605,0,0.0156885,,
2010-05,912828KU3,remove,2-Year,2011-05-31,3.34851e+10,0,1.01018,0.00750483,0,0.031223,,
2010-05,912828NC0,add,3-Year,2013-05-15,0,3.8e+10,2.90801,0,0.00822216,-0.018603,0,True
2010-05,912828ND8,add,10-Year,2020-05-15,0,2.4e+10,8.3851,0,0.00528898,0.0170016,0,True
2010-05,912828NE6,add,2-Year,2012-05-31,0,4.2e+10,1.99344,0,0.00907219,-0.0288234,1,False
2010-05,912828NF3,add,5-Year,2015-05-31,0,4e+10,4.70021,0,0.00869282,-0.00408869,1,False
2010-05,912828NG1,add,7-Year,2017-05-31,0,3.1e+10,6.27627,0,0.00675748,0.00747181,1,False
2010-06,912810QH4,reopen,30-Year,2040-05-15,1.60001e+10,2.90001e+10,16.8483,0.00360749,0.00637083,0.0322744,0,True
2010-06,912828FK1,remove,5-Year,2011-06-30,1.5249e+10,0,0.978517,0.00350278,0,0.0146775,,
2010-06,912828LF5,remove,2-Year,2011-06-30,4e+10,0,1.00594,0.00867557,0,0.036115,,
2010-06,912828ND8,reopen,10-Year,2020-05-15,2.4e+10,4.50001e+10,8.31363,0.00531843,0.00971625,0.0138306,0,True
2010-06,912828NH9,add,3-Year,2013-06-15,0,3.6e+10,2.91853,0,0.00751354,-0.0169073,0,True
2010-06,912828NK2,add,7-Year,2017-06-30,0,3e+10,6.31804,0,0.00629149,0.00723062,0,True
2010-06,912828NL0,add,5-Year,2015-06-30,0,3.80001e+10,4.72114,0,0.00796991,-0.00356754,0,True
2010-06,912828NS5,add,2-Year,2012-06-30,0,4.00001e+10,1.99549,0,0.00835391,-0.0265093,0,True
2010-07,912810QH4,reopen,30-Year,2040-05-15,2.90001e+10,4.20001e+10,16.8354,0.00641395,0.00906922,0.0309708,0,True
2010-07,912828FN5,remove,5-Year,2011-07-31,1.49341e+10,0,0.977415,0.00330682,0,0.0138691,,
2010-07,912828LG3,remove,2-Year,2011-07-31,4.20002e+10,0,1.00412,0.0087956,0,0.0366546,,
2010-07,912828ND8,reopen,10-Year,2020-05-15,4.50001e+10,6.60001e+10,8.24191,0.00977484,0.013997,0.0129637,0,True
2010-07,912828NN6,add,3-Year,2013-07-15,0,3.5e+10,2.91952,0,0.00708163,-0.0159477,0,True
2010-07,912828NP1,add,5-Year,2015-07-31,0,3.7e+10,4.73692,0,0.00753951,-0.00327651,1,False
2010-07,912828NQ9,add,2-Year,2012-07-31,0,3.8e+10,1.99329,0,0.0077006,-0.0244741,1,False
2010-07,912828NR7,add,7-Year,2017-07-31,0,2.9e+10,6.33286,0,0.00592878,0.00688549,1,False
2010-08,912810QK7,add,30-Year,2040-08-15,0,1.6e+10,17.961,0,0.0032877,0.0415487,0,True
2010-08,9128277B2,remove,10-Year,2011-08-15,2.44302e+10,0,0.958771,0.00508146,0,0.0221787,,
2010-08,912828FS4,remove,5-Year,2011-08-31,1.5369e+10,0,0.981939,0.0032554,0,0.0141332,,
2010-08,912828LV0,remove,2-Year,2011-08-31,4.2e+10,0,1.00701,0.00844336,0,0.0364449,,
2010-08,912828NT3,add,10-Year,2020-08-15,0,2.4e+10,8.72876,0,0.00472243,0.0160816,0,True
2010-08,912828NU0,add,3-Year,2013-08-15,0,3.40001e+10,2.93422,0,0.00663216,-0.0158454,0,True
2010-08,912828NV8,add,5-Year,2015-08-31,0,3.6e+10,4.81341,0,0.00701373,-0.00357697,0,True
2010-08,912828NW6,add,7-Year,2017-08-31,0,2.9e+10,6.4536,0,0.00571267,0.00645647,1,False
2010-08,912828PH7,add,2-Year,2012-08-31,0,3.70001e+10,2.00308,0,0.00720879,-0.0239355,0,True
2010-09,912810QK7,reopen,30-Year,2040-08-15,1.6e+10,2.90001e+10,17.6453,0.00319331,0.00569182,0.0308718,0,True
2010-09,912828FU9,remove,5-Year,2011-09-30,1.48371e+10,0,0.982819,0.00309187,0,0.0133147,,
2010-09,912828LW8,remove,2-Year,2011-09-30,4.3e+10,0,1.00706,0.00851945,0,0.0364812,,
2010-09,912828NT3,reopen,10-Year,2020-08-15,2.4e+10,4.5e+10,8.64116,0.004721,0.00870494,0.0133541,0,True
2010-09,912828NX4,add,2-Year,2012-09-30,0,3.6e+10,2.00194,0,0.00694334,-0.0228243,1,False
2010-09,912828NY2,add,3-Year,2013-09-15,0,3.30001e+10,2.93814,0,0.00636426,-0.0149625,0,True
2010-09,912828NZ9,add,5-Year,2015-09-30,0,3.5e+10,4.79877,0,0.00678056,-0.00332521,1,False
2010-09,912828PA2,add,7-Year,2017-09-30,0,2.9e+10,6.45084,0,0.00563527,0.0065463,1,False
2010-10,912810QK7,reopen,30-Year,2040-08-15,2.90001e+10,4.20001e+10,17.4235,0.00557628,0.00795707,0.0289789,0,True
2010-10,912828FW5,remove,5-Year,2011-10-31,1.32351e+10,0,0.982105,0.00270853,0,0.0115639,,
2010-10,912828LT5,remove,2-Year,2011-10-31,4.40005e+10,0,1.00717,0.00854623,0,0.0362732,,
2010-10,912828NT3,reopen,10-Year,2020-08-15,4.5e+10,6.60001e+10,8.56285,0.00873457,0.0126221,0.0128728,0,True
2010-10,912828PB0,add,3-Year,2013-10-15,0,3.20001e+10,2.94662,0,0.00604026,-0.0139222,0,True
2010-10,912828PD6,add,2-Year,2012-10-31,0,3.5e+10,2.00476,0,0.00662635,-0.0215142,1,False
2010-10,912828PE4,add,5-Year,2015-10-31,0,3.5e+10,4.82483,0,0.00665305,-0.00283878,1,False
2010-10,912828PF1,add,7-Year,2017-10-31,0,2.9e+10,6.48268,0,0.00553066,0.00680911,1,False
2010-11,912810QL5,add,30-Year,2040-11-15,0,1.6e+10,16.9294,0,0.00307604,0.0361341,0,True
2010-11,912828GA2,remove,5-Year,2011-11-30,1.3374e+10,0,0.985499,0.00272887,0,0.0114528,,
2010-11,912828JU5,remove,3-Year,2011-11-15,2.3934e+10,0,0.971844,0.00465515,0,0.0196009,,
2010-11,912828MM9,remove,2-Year,2011-11-30,4.4e+10,0,1.01157,0.00850422,0,0.0354698,,
2010-11,912828PC8,add,10-Year,2020-11-15,0,2.4e+10,8.71022,0,0.00450238,0.0158835,0,True
2010-11,912828PJ3,add,5-Year,2015-11-30,0,3.5e+10,4.80056,0,0.00667714,-0.00254976,0,True
2010-11,912828PK0,add,7-Year,2017-11-30,0,2.9e+10,6.4347,0,0.00555944,0.00696198,1,False
2010-11,912828PU8,add,3-Year,2013-11-15,0,3.20002e+10,2.94998,0,0.0060414,-0.0134871,0,True
2010-11,912828PV6,add,2-Year,2012-11-30,0,3.50002e+10,2.00355,0,0.00666517,-0.0211877,0,True
2010-12,912810QL5,reopen,30-Year,2040-11-15,1.5976e+10,2.8566e+10,16.5579,0.00304955,0.00548672,0.027958,0,True
2010-12,912828GC8,remove,5-Year,2011-12-31,1.4229e+10,0,0.976164,0.00296305,0,0.0121788,,
2010-12,912828KA7,remove,3-Year,2011-12-15,2.64261e+10,0,0.962136,0.00520429,0,0.0214638,,
2010-12,912828ML1,remove,2-Year,2011-12-31,4.4e+10,0,1.00124,0.00869597,0,0.0355243,,
2010-12,912828PC8,reopen,10-Year,2020-11-15,2.4e+10,4.5e+10,8.55867,0.004423,0.00834475,0.0136174,0,True
2010-12,912828PL8,add,3-Year,2013-12-15,0,3.0718e+10,2.92374,0,0.00597847,-0.0129293,0,True
2010-12,912828PM6,add,5-Year,2015-12-31,0,3.5e+10,4.68651,0,0.00694993,-0.00277908,1,False
2010-12,912828PN4,add,7-Year,2017-12-31,0,2.9e+10,6.25062,0,0.00577724,0.00672609,1,False
2010-12,912828PW4,add,2-Year,2012-12-31,0,3.50002e+10,1.98966,0,0.0068884,-0.0213315,0,True
2011-01,912810QL5,reopen,30-Year,2040-11-15,2.8566e+10,4.1553e+10,16.4125,0.00544488,0.00789643,0.0277783,0,True
2011-01,912828GF1,remove,5-Year,2012-01-31,1.2778e+10,0,0.981062,0.002679,0,0.0109853,,
2011-01,912828KB5,remove,3-Year,2012-01-15,2.79141e+10,0,0.967845,0.00552507,0,0.0227287,,
2011-01,912828MJ6,remove,2-Year,2012-01-31,4.40001e+10,0,1.00786,0.00872372,0,0.0355381,,
2011-01,912828PC8,reopen,10-Year,2020-11-15,4.5e+10,6.6e+10,8.48375,0.00837456,0.0122457,0.0131702,0,True
2011-01,912828PQ7,add,3-Year,2014-01-15,0,3.2e+10,2.92179,0,0.00626437,-0.0135298,0,True
2011-01,912828PR5,add,2-Year,2013-01-31,0,3.50002e+10,1.99601,0,0.00686821,-0.0211924,0,True
2011-01,912828PS3,add,5-Year,2016-01-31,0,3.5e+10,4.70947,0,0.00691296,-0.00257244,1,False
2011-01,912828PT1,add,7-Year,2018-01-31,0,2.9e+10,6.27607,0,0.0057474,0.00686513,1,False
2011-02,912810QN1,add,30-Year,2041-02-15,0,1.6e+10,16.0601,0,0.00327369,0.0359606,0,True
2011-02,9128277L0,remove,10-Year,2012-02-15,2.23649e+10,0,0.96716,0.0046581,0,0.0191363,,
2011-02,912828GK0,remove,5-Year,2012-02-29,1.2006e+10,0,0.984548,0.00254942,0,0.0104292,,
2011-02,912828KC3,remove,3-Year,2012-02-15,2.763e+10,0,0.975389,0.00556251,0,0.022806,,
2011-02,912828MQ0,remove,2-Year,2012-02-29,4.4e+10,0,1.01053,0.00885104,0,0.0359779,,
2011-02,912828PX2,add,10-Year,2021-02-15,0,2.4e+10,8.32776,0,0.00486069,0.015809,0,True
2011-02,912828PY0,add,7-Year,2018-02-28,0,2.9e+10,6.23286,0,0.00586756,0.00679177,1,False
2011-02,912828QH6,add,3-Year,2014-02-15,0,3.2e+10,2.91768,0,0.00639529,-0.0137989,0,True
2011-02,912828QJ2,add,5-Year,2016-02-29,0,3.5e+10,4.68235,0,0.00705816,-0.00277382,1,False
2011-02,912828QK9,add,2-Year,2013-02-28,0,3.5e+10,1.99477,0,0.00698912,-0.0215305,0,True
2011-03,912810QN1,reopen,30-Year,2041-02-15,1.6e+10,2.8213e+10,16.0832,0.00334434,0.00590707,0.0280808,0,True
2011-03,912828GM6,remove,5-Year,2012-03-31,1.38591e+10,0,0.985264,0.00295185,0,0.0122221,,
2011-03,912828KG4,remove,3-Year,2012-03-15,2.4377e+10,0,0.969824,0.00493131,0,0.0204942,,
2011-03,912828MU1,remove,2-Year,2012-03-31,4.40001e+10,0,1.00951,0.00891004,0,0.0366759,,
2011-03,912828PX2,reopen,10-Year,2021-02-15,2.4e+10,4.5e+10,8.24625,0.004895,0.0091936,0.0134138,0,True
2011-03,912828PZ7,add,3-Year,2014-03-15,0,2.5669e+10,2.90896,0,0.00514793,-0.0114119,0,True
2011-03,912828QA1,add,5-Year,2016-03-31,0,3.5e+10,4.67646,0,0.00709093,-0.00318592,1,False
2011-03,912828QB9,add,7-Year,2018-03-31,0,2.9e+10,6.22782,0,0.00589424,0.00649582,1,False
2011-03,912828QL7,add,2-Year,2013-03-31,0,3.5e+10,1.99005,0,0.00704342,-0.0220861,1,False
2011-04,912810QN1,reopen,30-Year,2041-02-15,2.8213e+10,3.88131e+10,16.0604,0.00594253,0.00820267,0.0246872,0,True
2011-04,912828GQ7,remove,5-Year,2012-04-30,1.3352e+10,0,0.982902,0.00283319,0,0.0117707,,
2011-04,912828KK5,remove,3-Year,2012-04-15,2.5235e+10,0,0.970164,0.00508555,0,0.0211931,,
2011-04,912828NB2,remove,2-Year,2012-04-30,4.4e+10,0,1.00715,0.00887679,0,0.0366641,,
2011-04,912828PX2,reopen,10-Year,2021-02-15,4.5e+10,6.60001e+10,8.17311,0.00923067,0.0135838,0.0132144,0,True
2011-04,912828QC7,add,3-Year,2014-04-15,0,2.68201e+10,2.91095,0,0.00538401,-0.0119877,0,True
2011-04,912828QE3,add,2-Year,2013-04-30,0,3.5e+10,1.99151,0,0.00701973,-0.0220839,1,False
2011-04,912828QF0,add,5-Year,2016-04-30,0,3.5e+10,4.68871,0,0.00706808,-0.00317199,1,False
2011-04,912828QG8,add,7-Year,2018-04-30,0,2.9e+10,6.25315,0,0.00587509,0.00655461,1,False
2011-05,912810QQ4,add,30-Year,2041-05-15,0,1.6e+10,16.7304,0,0.00323596,0.0371987,0,True
2011-05,912828GU8,remove,5-Year,2012-05-31,1.1351e+10,0,0.986883,0.00240651,0,0.0102231,,
2011-05,912828KP4,remove,3-Year,2012-05-15,3.2801e+10,0,0.973045,0.00658151,0,0.02805,,
2011-05,912828NE6,remove,2-Year,2012-05-31,4.20001e+10,0,1.01459,0.00840517,0,0.0354731,,
2011-05,912828QM5,add,3-Year,2014-05-15,0,3.2e+10,2.92585,0,0.00636175,-0.0146901,0,True
2011-05,912828QN3,add,10-Year,2021-05-15,0,2.4e+10,8.50986,0,0.00476397,0.0156015,0,True
2011-05,912828QP8,add,5-Year,2016-05-31,0,3.5e+10,4.73716,0,0.00699684,-0.00348314,1,False
2011-05,912828QQ6,add,7-Year,2018-05-31,0,2.9e+10,6.3327,0,0.00581565,0.00638397,1,False
2011-05,912828QZ6,add,2-Year,2013-05-31,0,3.5e+10,2.00241,0,0.00694379,-0.0224463,0,True
2011-06,912810QQ4,reopen,30-Year,2041-05-15,1.6e+10,2.9e+10,16.7564,0.00326864,0.00591769,0.0303925,0,True
2011-06,912828GW4,remove,5-Year,2012-06-30,1.033e+10,0,0.983561,0.00217366,0,0.00934636,,
2011-06,912828KX7,remove,3-Year,2012-06-15,2.68711e+10,0,0.97203,0.00536806,0,0.0231436,,
2011-06,912828NS5,remove,2-Year,2012-06-30,3.99668e+10,0,1.013,0.00790992,0,0.0337783,,
2011-06,912828QN3,reopen,10-Year,2021-05-15,2.4e+10,4.50001e+10,8.45514,0.00483927,0.00906331,0.0133977,0,True
2011-06,912828QR4,add,5-Year,2016-06-30,0,3.5e+10,4.79663,0,0.00691267,-0.0033647,1,False
2011-06,912828QS2,add,3-Year,2014-06-15,0,3.2e+10,2.93995,0,0.00631304,-0.0147941,0,True
2011-06,912828QT0,add,7-Year,2018-06-30,0,2.9e+10,6.41886,0,0.00574773,0.00652643,1,False
2011-06,912828RA0,add,2-Year,2013-06-30,0,3.5e+10,2.00543,0,0.00687788,-0.0225453,1,False
2011-07,912810QQ4,reopen,30-Year,2041-05-15,2.9e+10,4.2e+10,16.5123,0.00583857,0.00836843,0.0285258,0,True
2011-07,912828GZ7,remove,5-Year,2012-07-31,1.12071e+10,0,0.984985,0.00236006,0,0.0100341,,
2011-07,912828LB4,remove,3-Year,2012-07-15,2.89211e+10,0,0.970007,0.00578112,0,0.0246657,,
2011-07,912828NQ9,remove,2-Year,2012-07-31,3.77231e+10,0,1.0128,0.00749785,0,0.0316695,,
2011-07,912828QN3,reopen,10-Year,2021-05-15,4.50001e+10,6.60001e+10,8.35728,0.00903979,0.0131213,0.012737,0,True
2011-07,912828QU7,add,3-Year,2014-07-15,0,3.2e+10,2.93998,0,0.00623944,-0.0143297,0,True
2011-07,912828QW3,add,2-Year,2013-07-31,0,3.5e+10,2.00297,0,0.00684885,-0.0221467,1,False
2011-07,912828QX1,add,5-Year,2016-07-31,0,3.5e+10,4.77376,0,0.00688608,-0.0031872,1,False
2011-07,912828QY9,add,7-Year,2018-07-31,0,2.9e+10,6.37685,0,0.00572589,0.00652893,1,False
2011-08,912810QS0,add,30-Year,2041-08-15,0,1.6e+10,18.0733,0,0.00308109,0.0387008,0,True
2011-08,912828AJ9,remove,10-Year,2012-08-15,1.6102e+10,0,0.963709,0.00318229,0,0.0144759,,
2011-08,912828HC7,remove,5-Year,2012-08-31,1.1734e+10,0,0.988816,0.00235919,0,0.0106724,,
2011-08,912828LH1,remove,3-Year,2012-08-15,3.1716e+10,0,0.969888,0.00611046,0,0.027758,,
2011-08,912828PH7,remove,2-Year,2012-08-31,3.54181e+10,0,1.01516,0.0067436,0,0.0303289,,
2011-08,912828RB8,add,3-Year,2014-08-15,0,3.20002e+10,2.94931,0,0.00601573,-0.01542,0,True
2011-08,912828RC6,add,10-Year,2021-08-15,0,2.40001e+10,8.93094,0,0.00445616,0.0152327,0,True
2011-08,912828RD4,add,2-Year,2013-08-31,0,3.50001e+10,2.01243,0,0.00654393,-0.0229048,0,True
2011-08,912828RE2,add,7-Year,2018-08-31,0,2.9e+10,6.58555,0,0.00544232,0.00583939,0,True
2011-08,912828RF9,add,5-Year,2016-08-31,0,3.5e+10,4.85981,0,0.00658906,-0.00430125,0,True
2011-09,912810QS0,reopen,30-Year,2041-08-15,1.6e+10,2.9e+10,18.7144,0.00339948,0.00608412,0.0348059,0,True
2011-09,912828HE3,remove,5-Year,2012-09-30,1.2209e+10,0,0.982515,0.00238781,0,0.0113827,,
2011-09,912828LM0,remove,3-Year,2012-09-15,3.3683e+10,0,0.96806,0.00627821,0,0.0300189,,
2011-09,912828NX4,remove,2-Year,2012-09-30,3.60001e+10,0,1.00969,0.00665591,0,0.0315477,,
2011-09,912828RC6,reopen,10-Year,2021-08-15,2.40001e+10,4.50001e+10,8.87621,0.0045204,0.0083692,0.0120341,0,True
2011-09,912828RG7,add,3-Year,2014-09-15,0,3.20001e+10,2.95549,0,0.00579241,-0.016184,0,True
2011-09,912828RH5,add,7-Year,2018-09-30,0,2.9e+10,6.6079,0,0.00530644,0.00455504,1,False
2011-09,912828RJ1,add,5-Year,2016-09-30,0,3.5e+10,4.86592,0,0.00638906,-0.00564528,1,False
2011-09,912828RK8,add,2-Year,2013-09-30,0,3.5e+10,2.00352,0,0.00636828,-0.0238554,1,False
2011-10,912810QS0,reopen,30-Year,2041-08-15,2.9e+10,4.18981e+10,18.4726,0.00598907,0.00855653,0.0328048,0,True
2011-10,912828HG8,remove,5-Year,2012-10-31,1.2039e+10,0,0.990431,0.00232991,0,0.0109625,,
2011-10,912828LR9,remove,3-Year,2012-10-15,3.8368e+10,0,0.970748,0.0071143,0,0.0336137,,
2011-10,912828PD6,remove,2-Year,2012-10-31,3.4948e+10,0,1.01511,0.00642773,0,0.0300846,,
2011-10,912828RC6,reopen,10-Year,2021-08-15,4.50001e+10,6.60001e+10,8.77715,0.0082877,0.0120201,0.0115018,0,True
2011-10,912828RL6,add,3-Year,2014-10-15,0,3.2e+10,2.94842,0,0.00580767,-0.0159544,0,True
2011-10,912828RM4,add,5-Year,2016-10-31,0,3.5e+10,4.85699,0,0.00636834,-0.00534026,1,False
2011-10,912828RN2,add,2-Year,2013-10-31,0,3.5e+10,2.00892,0,0.00634333,-0.0233855,0,True
2011-10,912828RP7,add,7-Year,2018-10-31,0,2.9e+10,6.56111,0,0.00529159,0.00458018,1,False
2011-11,912810QT8,add,30-Year,2041-11-15,0,1.6e+10,19.7192,0,0.00302336,0.0420689,0,True
2011-11,912828AP5,remove,10-Year,2012-11-15,1.811e+10,0,0.969948,0.00338072,0,0.0163446,,
2011-11,912828HK9,remove,5-Year,2012-11-30,1.2399e+10,0,0.996489,0.00233811,0,0.0112419,,
2011-11,912828LX6,remove,3-Year,2012-11-15,4.07685e+10,0,0.976172,0.00741837,0,0.0358191,,
2011-11,912828PV6,remove,2-Year,2012-11-30,3.32322e+10,0,1.01687,0.00600929,0,0.0287709,,
2011-11,912828RQ5,add,3-Year,2014-11-15,0,3.20001e+10,2.9589,0,0.00568937,-0.0161903,0,True
2011-11,912828RR3,add,10-Year,2021-11-15,0,2.4e+10,9.01313,0,0.0043151,0.0138451,0,True
2011-11,912828RS1,add,2-Year,2013-11-30,0,3.50002e+10,2.01165,0,0.00623219,-0.0236384,0,True
2011-11,912828RT9,add,7-Year,2018-11-30,0,2.90002e+10,6.62581,0,0.00519014,0.00426216,0,True
2011-11,912828RU6,add,5-Year,2016-11-30,0,3.50001e+10,4.88133,0,0.00624925,-0.00576976,0,True
2011-12,912810QT8,reopen,30-Year,2041-11-15,1.6e+10,2.8981e+10,19.3694,0.00292036,0.00525575,0.031961,0,True
2011-12,912828HM5,remove,5-Year,2012-12-31,1.3041e+10,0,0.997527,0.00246112,0,0.0115337,,
2011-12,912828MB3,remove,3-Year,2012-12-15,3.8345e+10,0,0.976782,0.00694099,0,0.032672,,
2011-12,912828PW4,remove,2-Year,2012-12-31,3.54002e+10,0,1.01868,0.00639548,0,0.0298363,,
2011-12,912828RR3,reopen,10-Year,2021-11-15,2.4e+10,4.50001e+10,8.92004,0.00430543,0.0080209,0.0120238,0,True
2011-12,912828RV4,add,3-Year,2014-12-15,0,3.20001e+10,2.96279,0,0.00566519,-0.0154156,0,True
2011-12,912828RW2,add,2-Year,2013-12-31,0,3.5e+10,2.01728,0,0.00621588,-0.0227913,0,True
2011-12,912828RX0,add,5-Year,2016-12-31,0,3.5e+10,4.88149,0,0.00622724,-0.00499682,0,True
2011-12,912828RY8,add,7-Year,2018-12-31,0,2.9e+10,6.62316,0,0.00515682,0.00484361,0,True
2012-01,912810QT8,reopen,30-Year,2041-11-15,2.8981e+10,4.1967e+10,19.1895,0.00516918,0.00737402,0.0299936,0,True
2012-01,912828HQ6,remove,5-Year,2013-01-31,1.4771e+10,0,0.997181,0.0027276,0,0.0125162,,
2012-01,912828MG2,remove,3-Year,2013-01-15,3.84542e+10,0,0.9707,0.0069013,0,0.0318509,,
2012-01,912828PR5,remove,2-Year,2013-01-31,3.26342e+10,0,1.01321,0.00583111,0,0.0266638,,
2012-01,912828RR3,reopen,10-Year,2021-11-15,4.50001e+10,6.60002e+10,8.8344,0.00802724,0.0115981,0.0115998,0,True
2012-01,912828RZ5,add,3-Year,2015-01-15,0,3.20003e+10,2.95896,0,0.00557336,-0.0146408,0,True
2012-01,912828SB7,add,2-Year,2014-01-31,0,3.50002e+10,2.00933,0,0.00612191,-0.0218954,0,True
2012-01,912828SC5,add,5-Year,2017-01-31,0,3.50001e+10,4.88058,0,0.0061547,-0.00434099,0,True
2012-01,912828SD3,add,7-Year,2019-01-31,0,2.9e+10,6.61566,0,0.00509778,0.00524952,1,False
2012-02,912810QU5,add,30-Year,2042-02-15,0,1.6e+10,19.3522,0,0.00278776,0.0384179,0,True
2012-02,912828AU4,remove,10-Year,2013-02-15,1.6343e+10,0,0.969992,0.00297891,0,0.0137066,,
2012-02,912828HT0,remove,5-Year,2013-02-28,1.502e+10,0,0.99505,0.00274417,0,0.0125578,,
2012-02,912828MN7,remove,3-Year,2013-02-15,3.7672e+10,0,0.975927,0.00670129,0,0.0307944,,
2012-02,912828QK9,remove,2-Year,2013-02-28,3.2187e+10,0,1.01022,0.00570042,0,0.0259996,,
2012-02,912828SE1,add,3-Year,2015-02-15,0,3.2e+10,2.96307,0,0.0055476,-0.014469,0,True
2012-02,912828SF8,add,10-Year,2022-02-15,0,2.4e+10,9.00377,0,0.00418942,0.0143804,0,True
2012-02,912828SG6,add,2-Year,2014-02-28,0,3.50001e+10,2.00569,0,0.00609921,-0.0217469,0,True
2012-02,912828SH4,add,7-Year,2019-02-28,0,2.9e+10,6.61943,0,0.00507813,0.00532295,0,True
2012-02,912828SJ0,add,5-Year,2017-02-28,0,3.50002e+10,4.87592,0,0.00612252,-0.00425701,0,True
2012-03,912810QU5,reopen,30-Year,2042-02-15,1.5939e+10,2.8924e+10,19.0308,0.00270635,0.00486651,0.029335,0,True
2012-03,912828HV5,remove,5-Year,2013-03-31,1.7455e+10,0,0.993949,0.00317905,0,0.0141687,,
2012-03,912828MT4,remove,3-Year,2013-03-15,3.7797e+10,0,0.964888,0.00672684,0,0.0301763,,
2012-03,912828QL7,remove,2-Year,2013-03-31,3.65421e+10,0,1.00647,0.0064868,0,0.0288297,,
2012-03,912828SF8,reopen,10-Year,2022-02-15,2.4e+10,4.50002e+10,8.89332,0.00414153,0.00769486,0.0122323,0,True
2012-03,912828SK7,add,3-Year,2015-03-15,0,3.2e+10,2.94592,0,0.00555164,-0.0139064,0,True
2012-03,912828SL5,add,2-Year,2014-03-31,0,3.5e+10,1.99968,0,0.0061107,-0.021089,1,False
2012-03,912828SM3,add,5-Year,2017-03-31,0,3.5e+10,4.8394,0,0.00613241,-0.00374958,1,False
2012-03,912828SN1,add,7-Year,2019-03-31,0,2.9e+10,6.5423,0,0.005095,0.00556101,1,False
2012-04,912810QU5,reopen,30-Year,2042-02-15,2.8924e+10,4.1924e+10,19.207,0.00502426,0.00721772,0.03013,0,True
2012-04,912828HY9,remove,5-Year,2013-04-30,1.9853e+10,0,0.992421,0.00357463,0,0.0160082,,
2012-04,912828MX5,remove,3-Year,2013-04-15,3.4797e+10,0,0.969499,0.0060899,0,0.0274119,,
2012-04,912828QE3,remove,2-Year,2013-04-30,3.29781e+10,0,1.01018,0.00572498,0,0.0255364,,
2012-04,912828SF8,reopen,10-Year,2022-02-15,4.50002e+10,6.60002e+10,8.84077,0.00780979,0.0113526,0.0119394,0,True
2012-04,912828SP6,add,3-Year,2015-04-15,0,3.2e+10,2.95344,0,0.00546177,-0.0137487,0,True
2012-04,912828SR2,add,2-Year,2014-04-30,0,3.50001e+10,2.00609,0,0.00598164,-0.0207241,0,True
2012-04,912828SS0,add,5-Year,2017-04-30,0,3.5e+10,4.87789,0,0.00600202,-0.00355809,1,False
2012-04,912828ST8,add,7-Year,2019-04-30,0,2.9e+10,6.62132,0,0.0049854,0.00573626,1,False
2012-05,912810QW1,add,30-Year,2042-05-15,0,1.60001e+10,19.8312,0,0.00276448,0.0395132,0,True
2012-05,912828BA7,remove,10-Year,2013-05-15,1.68251e+10,0,0.964907,0.00295079,0,0.0134944,,
2012-05,912828JB7,remove,5-Year,2013-05-31,1.86251e+10,0,0.992448,0.00331744,0,0.0150798,,
2012-05,912828NC0,remove,3-Year,2013-05-15,3.6231e+10,0,0.970262,0.00621615,0,0.028394,,
2012-05,912828QZ6,remove,2-Year,2013-05-31,3.7927e+10,0,1.01368,0.00646633,0,0.0292561,,
2012-05,912828SU5,add,3-Year,2015-05-15,0,3.20002e+10,2.95777,0,0.00534689,-0.0137965,0,True
2012-05,912828SV3,add,10-Year,2022-05-15,0,2.40001e+10,9.11022,0,0.004026,0.0143816,0,True
2012-05,912828SW1,add,2-Year,2014-05-31,0,3.50003e+10,2.00862,0,0.00587877,-0.0207487,0,True
2012-05,912828SX9,add,7-Year,2019-05-31,0,2.9e+10,6.68918,0,0.00487009,0.00560614,0,True
2012-05,912828SY7,add,5-Year,2017-05-31,0,3.5e+10,4.91416,0,0.0058513,-0.00365057,0,True
2012-06,912810QW1,reopen,30-Year,2042-05-15,1.60001e+10,2.90001e+10,19.9485,0.00285241,0.00513272,0.0327828,0,True
2012-06,912828JD3,remove,5-Year,2013-06-30,2.21441e+10,0,0.987928,0.00387727,0,0.017774,,
2012-06,912828NH9,remove,3-Year,2013-06-15,3.4981e+10,0,0.968233,0.00589568,0,0.0271428,,
2012-06,912828RA0,remove,2-Year,2013-06-30,3.61262e+10,0,1.00924,0.00605425,0,0.0276246,,
2012-06,912828SV3,reopen,10-Year,2022-05-15,2.40001e+10,4.50001e+10,9.03723,0.00406639,0.00756952,0.0121389,0,True
2012-06,912828SZ4,add,3-Year,2015-06-15,0,3.20002e+10,2.95084,0,0.00530322,-0.013901,0,True
2012-06,912828TA8,add,2-Year,2014-06-30,0,3.5e+10,2.00146,0,0.00581068,-0.0207477,1,False
2012-06,912828TB6,add,5-Year,2017-06-30,0,3.5e+10,4.89739,0,0.0058223,-0.00392822,1,False
2012-06,912828TC4,add,7-Year,2019-06-30,0,2.9e+10,6.69377,0,0.00483315,0.00542129,1,False
2012-07,912810QW1,reopen,30-Year,2042-05-15,2.89991e+10,4.18651e+10,20.1387,0.00533586,0.00761516,0.0331395,0,True
2012-07,912828JG6,remove,5-Year,2013-07-31,2.18621e+10,0,0.99077,0.00376378,0,0.0173459,,
2012-07,912828NN6,remove,3-Year,2013-07-15,3.5009e+10,0,0.968636,0.00579437,0,0.0268324,,
2012-07,912828QW3,remove,2-Year,2013-07-31,3.6042e+10,0,1.01208,0.00593901,0,0.0272442,,
2012-07,912828SV3,reopen,10-Year,2022-05-15,4.49991e+10,6.59996e+10,8.9747,0.00765026,0.0110923,0.0116178,0,True
2012-07,912828TD2,add,3-Year,2015-07-15,0,3.20002e+10,2.9571,0,0.00518858,-0.0137098,0,True
2012-07,912828TF7,add,2-Year,2014-07-31,0,3.50001e+10,2.00971,0,0.00567182,-0.0203601,0,True
2012-07,912828TG5,add,5-Year,2017-07-31,0,3.50001e+10,4.93365,0,0.00567546,-0.00377852,0,True
2012-07,912828TH3,add,7-Year,2019-07-31,0,2.9e+10,6.74977,0,0.00472655,0.00543722,1,False
2012-08,912810QX9,add,30-Year,2042-08-15,0,1.6e+10,20.2941,0,0.0026223,0.0389294,0,True
2012-08,912828BH2,remove,10-Year,2013-08-15,3.21961e+10,0,0.955401,0.00552034,0,0.0248036,,
2012-08,912828JK7,remove,5-Year,2013-08-31,2.3834e+10,0,0.986953,0.00410345,0,0.0183079,,
2012-08,912828NU0,remove,3-Year,2013-08-15,3.60361e+10,0,0.963731,0.00597121,0,0.0267796,,
2012-08,912828RD4,remove,2-Year,2013-08-31,3.60701e+10,0,1.00842,0.00594293,0,0.0263873,,
2012-08,912828TJ9,add,10-Year,2022-08-15,0,2.4e+10,9.15983,0,0.00393211,0.0145932,0,True
2012-08,912828TK6,add,3-Year,2015-08-15,0,3.20001e+10,2.95031,0,0.00523135,-0.013069,0,True
2012-08,912828TL4,add,2-Year,2014-08-31,0,3.5e+10,1.99977,0,0.00574895,-0.0198267,1,False
2012-08,912828TM2,add,5-Year,2017-08-31,0,3.5e+10,4.89787,0,0.00576078,-0.00317219,1,False
2012-08,912828TN0,add,7-Year,2019-08-31,0,2.9e+10,6.68838,0,0.00478283,0.00593,1,False
2012-09,912810QX9,reopen,30-Year,2042-08-15,1.5999e+10,2.8939e+10,20.0459,0.00256028,0.00459128,0.0298032,0,True
2012-09,912828JM3,remove,5-Year,2013-09-30,2.6223e+10,0,0.992421,0.00451127,0,0.0197563,,
2012-09,912828NY2,remove,3-Year,2013-09-15,3.33571e+10,0,0.971937,0.00552303,0,0.0243002,,
2012-09,912828RK8,remove,2-Year,2013-09-30,3.60891e+10,0,1.01389,0.00594148,0,0.0258921,,
2012-09,912828TJ9,reopen,10-Year,2022-08-15,2.4e+10,4.50001e+10,9.07741,0.00392521,0.0072966,0.0124932,0,True
2012-09,912828TP5,add,3-Year,2015-09-15,0,3.20001e+10,2.9588,0,0.00520813,-0.0125669,0,True
2012-09,912828TQ3,add,2-Year,2014-09-30,0,3.5e+10,2.00558,0,0.00572003,-0.0192545,1,False
2012-09,912828TR1,add,7-Year,2019-09-30,0,2.9e+10,6.69065,0,0.00475904,0.00627675,1,False
2012-09,912828TS9,add,5-Year,2017-09-30,0,3.5e+10,4.90627,0,0.00573142,-0.00266778,1,False
2012-10,912810QX9,reopen,30-Year,2042-08-15,2.8939e+10,4.1718e+10,19.9451,0.00459911,0.00656845,0.0288101,0,True
2012-10,912828JQ4,remove,5-Year,2013-10-31,2.5063e+10,0,0.997735,0.00426317,0,0.0184084,,
2012-10,912828PB0,remove,3-Year,2013-10-15,3.22811e+10,0,0.972555,0.00530013,0,0.0230195,,
2012-10,912828RN2,remove,2-Year,2013-10-31,3.633e+10,0,1.01569,0.00595691,0,0.0256151,,
2012-10,912828TJ9,reopen,10-Year,2022-08-15,4.50001e+10,6.57351e+10,8.99206,0.00729706,0.0105604,0.0119971,0,True
2012-10,912828TT7,add,3-Year,2015-10-15,0,3.2e+10,2.95806,0,0.0051662,-0.0121803,0,True
2012-10,912828TU4,add,2-Year,2014-10-31,0,3.50001e+10,2.00863,0,0.00567686,-0.0187741,0,True
2012-10,912828TV2,add,7-Year,2019-10-31,0,2.9e+10,6.66819,0,0.00472952,0.00639639,1,False
2012-10,912828TW0,add,5-Year,2017-10-31,0,3.5e+10,4.89812,0,0.00569135,-0.0023769,0,True
2012-11,912810QY7,add,30-Year,2042-11-15,0,1.59e+10,20.2499,0,0.00252667,0.0377128,0,True
2012-11,912828BR0,remove,10-Year,2013-11-15,3.0633e+10,0,0.958184,0.00514342,0,0.0224554,,
2012-11,912828JT8,remove,5-Year,2013-11-30,2.63362e+10,0,0.994833,0.00436862,0,0.0189126,,
2012-11,912828PU8,remove,3-Year,2013-11-15,3.27002e+10,0,0.967132,0.00529292,0,0.0230607,,
2012-11,912828RS1,remove,2-Year,2013-11-30,3.65852e+10,0,1.00753,0.00591393,0,0.0255275,,
2012-11,912828TX8,add,3-Year,2015-11-15,0,3.20001e+10,2.94857,0,0.00513452,-0.0121969,0,True
2012-11,912828TY6,add,10-Year,2022-11-15,0,2.3994e+10,9.16165,0,0.00383916,0.0147332,0,True
2012-11,912828TZ3,add,2-Year,2014-11-30,0,3.5e+10,2.00012,0,0.00561969,-0.0186793,1,False
2012-11,912828UA6,add,5-Year,2017-11-30,0,3.5e+10,4.90103,0,0.00563098,-0.00238193,1,False
2012-11,912828UB4,add,7-Year,2019-11-30,0,2.9e+10,6.69394,0,0.00467506,0.00640442,1,False
2012-12,912810QY7,reopen,30-Year,2042-11-15,1.5897e+10,2.8389e+10,20.0135,0.00247386,0.00437997,0.0281327,0,True
2012-12,912828JW1,remove,5-Year,2013-12-31,3.0043e+10,0,1.00665,0.00493961,0,0.0209816,,
2012-12,912828PL8,remove,3-Year,2013-12-15,3.2465e+10,0,0.972035,0.00525992,0,0.0225242,,
2012-12,912828RW2,remove,2-Year,2013-12-31,3.6133e+10,0,1.01672,0.00582099,0,0.0246667,,
2012-12,912828TY6,reopen,10-Year,2022-11-15,2.3994e+10,4.4978e+10,9.07555,0.00382085,0.00710097,0.0125343,0,True
2012-12,912828UC2,add,3-Year,2015-12-15,0,3.20001e+10,2.95836,0,0.00509102,-0.0116885,0,True
2012-12,912828UD0,add,2-Year,2014-12-31,0,3.50002e+10,2.01203,0,0.00557683,-0.0180814,0,True
2012-12,912828UE8,add,5-Year,2017-12-31,0,3.5e+10,4.89784,0,0.00560241,-0.00199685,0,True
2012-12,912828UF5,add,7-Year,2019-12-31,0,2.9e+10,6.68826,0,0.00462541,0.0066328,0,True
2013-01,912810QY7,reopen,30-Year,2042-11-15,2.7663e+10,3.9146e+10,19.6946,0.00414106,0.00584023,0.0247688,0,True
2013-01,912828JZ4,remove,5-Year,2014-01-31,3.1273e+10,0,1.00218,0.0051491,0,0.0211909,,
2013-01,912828PQ7,remove,3-Year,2014-01-15,3.2701e+10,0,0.968733,0.00529934,0,0.0219864,,
2013-01,912828SB7,remove,2-Year,2014-01-31,3.56582e+10,0,1.0131,0.0057423,0,0.0235694,,
2013-01,912828TY6,reopen,10-Year,2022-11-15,4.4978e+10,6.59771e+10,8.97391,0.00704805,0.0103037,0.0125545,0,True
2013-01,912828UG3,add,3-Year,2016-01-15,0,3.2e+10,2.95042,0,0.00511888,-0.0110937,0,True
2013-01,912828UJ7,add,5-Year,2018-01-31,0,3.5e+10,4.87635,0,0.00562862,-0.00135809,1,False
2013-01,912828UK4,add,2-Year,2015-01-31,0,3.5e+10,2.0052,0,0.00561257,-0.0174688,1,False
2013-01,912828UL2,add,7-Year,2020-01-31,0,2.9e+10,6.62409,0,0.0046748,0.00704237,1,False
2013-02,912810QZ4,add,30-Year,2043-02-15,0,1.59611e+10,19.3284,0,0.00255346,0.0362694,0,True
2013-02,912828CA6,remove,10-Year,2014-02-15,2.80721e+10,0,0.969752,0.00467918,0,0.0194403,,
2013-02,912828KF6,remove,5-Year,2014-02-28,3.342e+10,0,1.00124,0.00550662,0,0.0227046,,
2013-02,912828QH6,remove,3-Year,2014-02-15,3.2734e+10,0,0.976281,0.00531192,0,0.0220344,,
2013-02,912828SG6,remove,2-Year,2014-02-28,3.54961e+10,0,1.01305,0.00570993,0,0.0234754,,
2013-02,912828UM0,add,3-Year,2016-02-15,0,3.20001e+10,2.9589,0,0.00513715,-0.0111244,0,True
2013-02,912828UN8,add,10-Year,2023-02-15,0,2.4e+10,9.00568,0,0.0038686,0.0150152,0,True
2013-02,912828UP3,add,2-Year,2015-02-28,0,3.5e+10,2.00555,0,0.00562942,-0.0175572,1,False
2013-02,912828UQ1,add,7-Year,2020-02-29,0,2.9e+10,6.63215,0,0.00468845,0.00706909,1,False
2013-02,912828UR9,add,5-Year,2018-02-28,0,3.5e+10,4.88104,0,0.00564498,-0.00137367,1,False
2013-03,912810QZ4,reopen,30-Year,2043-02-15,1.59611e+10,2.88362e+10,19.2802,0.00256584,0.00462905,0.0291622,0,True
2013-03,912828KJ8,remove,5-Year,2014-03-31,3.56111e+10,0,1.01043,0.0058503,0,0.0241933,,
2013-03,912828PZ7,remove,3-Year,2014-03-15,3.2e+10,0,0.976379,0.00518702,0,0.021627,,
2013-03,912828SL5,remove,2-Year,2014-03-31,3.58302e+10,0,1.02136,0.00575715,0,0.0237452,,
2013-03,912828UN8,reopen,10-Year,2023-02-15,2.4e+10,4.4995e+10,8.93506,0.00388631,0.00727577,0.0128435,0,True
2013-03,912828US7,add,3-Year,2016-03-15,0,3.2e+10,2.96178,0,0.00512122,-0.011185,0,True
2013-03,912828UT5,add,2-Year,2015-03-31,0,3.5e+10,2.01406,0,0.00561006,-0.0175693,1,False
2013-03,912828UU2,add,5-Year,2018-03-31,0,3.5e+10,4.89519,0,0.00562453,-0.00140969,1,False
2013-03,912828UV0,add,7-Year,2020-03-31,0,2.9e+10,6.65362,0,0.00467105,0.007043,1,False
2013-04,912810QZ4,reopen,30-Year,2043-02-15,2.88362e+10,4.07772e+10,19.4799,0.00482353,0.00680258,0.0282498,0,True
2013-04,912828KN9,remove,5-Year,2014-04-30,3.62121e+10,0,1.00139,0.00590039,0,0.0248056,,
2013-04,912828QC7,remove,3-Year,2014-04-15,3.35751e+10,0,0.970955,0.00538787,0,0.0228149,,
2013-04,912828SR2,remove,2-Year,2014-04-30,3.59401e+10,0,1.01321,0.00571714,0,0.0239677,,
2013-04,912828UN8,reopen,10-Year,2023-02-15,4.4995e+10,6.5995e+10,8.86575,0.00736477,0.010773,0.012475,0,True
2013-04,912828UW8,add,3-Year,2016-04-15,0,3.20002e+10,2.96169,0,0.00505169,-0.0113348,0,True
2013-04,912828UY4,add,2-Year,2015-04-30,0,3.50002e+10,2.0096,0,0.00553076,-0.0176754,0,True
2013-04,912828UZ1,add,5-Year,2018-04-30,0,3.5e+10,4.91336,0,0.00553464,-0.0016166,0,True
2013-04,912828VA5,add,7-Year,2020-04-30,0,2.9e+10,6.69045,0,0.00461477,0.00685295,1,False
2013-05,912810RB6,add,30-Year,2043-05-15,0,1.59331e+10,19.6246,0,0.00241476,0.035091,0,True
2013-05,912828CJ7,remove,10-Year,2014-05-15,2.72934e+10,0,0.962754,0.00458938,0,0.0189541,,
2013-05,912828KV1,remove,5-Year,2014-05-31,3.617e+10,0,1.00153,0.00600172,0,0.0245543,,
2013-05,912828QM5,remove,3-Year,2014-05-15,3.2e+10,0,0.971615,0.00518812,0,0.0213809,,
2013-05,912828SW1,remove,2-Year,2014-05-31,3.50003e+10,0,1.01599,0.00563899,0,0.0229887,,
2013-05,912828VB3,add,10-Year,2023-05-15,0,2.4e+10,9.08865,0,0.00377352,0.0150787,0,True
2013-05,912828VC1,add,3-Year,2016-05-15,0,3.2e+10,2.96065,0,0.00512349,-0.0109237,0,True
2013-05,912828VD9,add,2-Year,2015-05-31,0,3.5e+10,2.00861,0,0.00563662,-0.017384,1,False
2013-05,912828VE7,add,5-Year,2018-05-31,0,3.5e+10,4.87428,0,0.00565401,-0.00123512,1,False
2013-05,912828VF4,add,7-Year,2020-05-31,0,2.9e+10,6.62096,0,0.00469565,0.00717602,1,False
2013-06,912810RB6,reopen,30-Year,2043-05-15,1.58791e+10,2.88711e+10,19.0892,0.00229442,0.00415739,0.0263397,0,True
2013-06,912828KY5,remove,5-Year,2014-06-30,3.80741e+10,0,0.995959,0.00649971,0,0.025704,,
2013-06,912828QS2,remove,3-Year,2014-06-15,3.2e+10,0,0.972035,0.00529568,0,0.0210692,,
2013-06,912828TA8,remove,2-Year,2014-06-30,3.5357e+10,0,1.01304,0.00582883,0,0.0229513,,
2013-06,912828VB3,reopen,10-Year,2023-05-15,2.4e+10,4.50001e+10,8.95544,0.00368151,0.00687917,0.0128061,0,True
2013-06,912828VG2,add,3-Year,2016-06-15,0,3.20001e+10,2.94668,0,0.00521272,-0.0104458,0,True
2013-06,912828VH0,add,2-Year,2015-06-30,0,3.5e+10,2.00024,0,0.00575006,-0.0169647,1,False
2013-06,912828VJ6,add,7-Year,2020-06-30,0,2.9e+10,6.44827,0,0.00480099,0.00719033,1,False
2013-06,912828VK3,add,5-Year,2018-06-30,0,3.5e+10,4.78208,0,0.00577948,-0.000973906,1,False
2013-07,912810RB6,reopen,30-Year,2043-05-15,2.88711e+10,4.18711e+10,18.901,0.00410149,0.00592808,0.0255677,0,True
2013-07,912828LC2,remove,5-Year,2014-07-31,3.9937e+10,0,0.996169,0.00679706,0,0.0265578,,
2013-07,912828QU7,remove,3-Year,2014-07-15,3.2e+10,0,0.969801,0.00527298,0,0.0207419,,
2013-07,912828TF7,remove,2-Year,2014-07-31,3.50001e+10,0,1.01418,0.00574178,0,0.0223311,,
2013-07,912828VB3,reopen,10-Year,2023-05-15,4.50001e+10,6.60001e+10,8.86979,0.00688136,0.0100584,0.0126011,0,True
2013-07,912828VL1,add,3-Year,2016-07-15,0,3.20002e+10,2.94104,0,0.0052314,-0.010266,0,True
2013-07,912828VN7,add,2-Year,2015-07-31,0,3.50001e+10,2.00556,0,0.00571706,-0.0165672,0,True
2013-07,912828VP2,add,7-Year,2020-07-31,0,2.9e+10,6.45423,0,0.00478301,0.00741757,0,True
2013-07,912828VQ0,add,5-Year,2018-07-31,0,3.50001e+10,4.79848,0,0.00575403,-0.000603818,0,True
2013-08,912810RC4,add,30-Year,2043-08-15,0,1.6e+10,17.9937,0,0.00258237,0.0339192,0,True
2013-08,912828CT5,remove,10-Year,2014-08-15,2.47171e+10,0,0.958378,0.00425416,0,0.0165929,,
2013-08,912828LK4,remove,5-Year,2014-08-31,4.0169e+10,0,0.995121,0.00686748,0,0.0265336,,
2013-08,912828RB8,remove,3-Year,2014-08-15,3.29792e+10,0,0.967326,0.00547194,0,0.0212938,,
2013-08,912828RE2,reopen,7-Year,2018-08-31,1.5743e+10,5.0743e+10,4.77352,0.00260715,0.00841206,-0.000494907,1,True
2013-08,912828TL4,remove,2-Year,2014-08-31,3.50001e+10,0,1.01046,0.00579949,0,0.0223183,,
2013-08,912828VR8,add,3-Year,2016-08-15,0,3.2e+10,2.9358,0,0.00527228,-0.0101384,0,True
2013-08,912828VS6,add,10-Year,2023-08-15,0,2.4e+10,8.73945,0,0.00387686,0.0150448,0,True
2013-08,912828VU1,add,2-Year,2015-08-31,0,3.4e+10,1.99785,0,0.0056375,-0.0161284,1,False
2013-08,912828VV9,add,7-Year,2020-08-31,0,2.9e+10,6.39026,0,0.00485078,0.0074289,1,False
2013-09,912810RC4,reopen,30-Year,2043-08-15,1.6e+10,2.8996e+10,18.038,0.00262365,0.00473453,0.0277303,0,True
2013-09,912828LQ1,remove,5-Year,2014-09-30,4.0708e+10,0,0.99801,0.00693079,0,0.0270516,,
2013-09,912828RG7,remove,3-Year,2014-09-15,3.20001e+10,0,0.973564,0.00527428,0,0.020715,,
2013-09,912828RH5,reopen,7-Year,2018-09-30,2.1655e+10,5.6655e+10,4.79669,0.0035755,0.00931471,-0.0005993,1,True
2013-09,912828TQ3,remove,2-Year,2014-09-30,3.50001e+10,0,1.01335,0.00577548,0,0.0224537,,
2013-09,912828VS6,reopen,10-Year,2023-08-15,2.4e+10,4.50002e+10,8.67515,0.00391032,0.00730076,0.0127956,0,True
2013-09,912828VW7,add,3-Year,2016-09-15,0,3.1e+10,2.93397,0,0.00511287,-0.0100577,0,True
2013-09,912828VY3,add,2-Year,2015-09-30,0,3.30001e+10,2.00526,0,0.00540296,-0.0156462,0,True
2013-09,912828VZ0,add,7-Year,2020-09-30,0,2.9e+10,6.44021,0,0.00479939,0.00738674,1,False
2013-10,912810RC4,reopen,30-Year,2043-08-15,2.8996e+10,4.18841e+10,18.0417,0.00479031,0.00691224,0.0278542,0,True
2013-10,912828LS7,remove,5-Year,2014-10-31,4.201e+10,0,0.997962,0.00708955,0,0.0277692,,
2013-10,912828RL6,remove,3-Year,2014-10-15,3.2e+10,0,0.970159,0.00524091,0,0.020674,,
2013-10,912828TU4,remove,2-Year,2014-10-31,3.50001e+10,0,1.0133,0.00572466,0,0.0223353,,
2013-10,912828VS6,reopen,10-Year,2023-08-15,4.50002e+10,6.60002e+10,8.60744,0.00738408,0.0108186,0.0126823,0,True
2013-10,912828WA4,add,3-Year,2016-10-15,0,3e+10,2.94148,0,0.0048959,-0.00966159,0,True
2013-10,912828WB2,add,2-Year,2015-10-31,0,3.2e+10,2.00374,0,0.00522314,-0.0152053,1,False
2013-10,912828WC0,add,7-Year,2020-10-31,0,2.9e+10,6.48011,0,0.00476948,0.00746531,1,False
2013-10,912828WD8,add,5-Year,2018-10-31,0,3.5e+10,4.80955,0,0.00573988,-0.000604618,1,False
2013-11,912810RD2,add,30-Year,2043-11-15,0,1.6e+10,17.7918,0,0.00259832,0.0336399,0,True
2013-11,912828A26,add,2-Year,2015-11-30,0,3.2e+10,2.00951,0,0.00528412,-0.0149828,1,False
2013-11,912828A34,add,5-Year,2018-11-30,0,3.5e+10,4.80379,0,0.00580885,-0.000239067,1,False
2013-11,912828A42,add,7-Year,2020-11-30,0,2.9e+10,6.43204,0,0.00482955,0.00766492,1,False
2013-11,912828DC1,remove,10-Year,2014-11-15,2.53831e+10,0,0.969371,0.00434536,0,0.0168408,,
2013-11,912828LZ1,remove,5-Year,2014-11-30,4.32611e+10,0,1.00513,0.00732981,0,0.0281451,,
2013-11,912828RQ5,remove,3-Year,2014-11-15,3.44481e+10,0,0.978629,0.00567794,0,0.0219527,,
2013-11,912828TZ3,remove,2-Year,2014-11-30,3.50001e+10,0,1.01872,0.0057684,0,0.0220712,,
2013-11,912828WE6,add,10-Year,2023-11-15,0,2.40001e+10,8.67125,0,0.00396088,0.0151555,0,True
2013-11,912828WF3,add,3-Year,2016-11-15,0,3.00001e+10,2.94994,0,0.00495571,-0.0093911,0,True
2013-12,912810RD2,reopen,30-Year,2043-11-15,1.6e+10,2.90001e+10,17.6365,0.00260224,0.00471493,0.0270657,0,True
2013-12,912828A59,add,3-Year,2016-12-15,0,3e+10,2.94109,0,0.00496314,-0.00935247,0,True
2013-12,912828A67,add,2-Year,2015-12-31,0,3.20002e+10,2.00766,0,0.00531073,-0.0149647,0,True
2013-12,912828A75,add,5-Year,2018-12-31,0,3.50001e+10,4.77524,0,0.00579381,-0.000291054,0,True
2013-12,912828A83,add,7-Year,2020-12-31,0,2.9e+10,6.35518,0,0.00485711,0.00742996,0,True
2013-12,912828ME7,remove,5-Year,2014-12-31,4.3244e+10,0,0.998795,0.00746277,0,0.0285577,,
2013-12,912828RV4,remove,3-Year,2014-12-15,3.31711e+10,0,0.97337,0.00552179,0,0.0212706,,
2013-12,912828UD0,remove,2-Year,2014-12-31,3.50002e+10,0,1.01681,0.00582202,0,0.0221742,,
2013-12,912828WE6,reopen,10-Year,2023-11-15,2.40001e+10,4.50001e+10,8.56114,0.00392772,0.00736191,0.0128289,0,True
2014-01,912810RD2,reopen,30-Year,2043-11-15,2.90001e+10,4.20001e+10,17.8222,0.00489487,0.00705886,0.0280398,0,True
2014-01,912828A91,add,3-Year,2017-01-15,0,3.00003e+10,2.929,0,0.0049312,-0.00954545,0,True
2014-01,912828B33,add,5-Year,2019-01-31,0,3.5e+10,4.75705,0,0.00579662,-0.000624181,1,False
2014-01,912828B41,add,2-Year,2016-01-31,0,3.2e+10,1.99654,0,0.00526787,-0.0151092,1,False
2014-01,912828B58,add,7-Year,2021-01-31,0,2.9e+10,6.38508,0,0.00481744,0.00732422,1,False
2014-01,912828MH0,remove,5-Year,2015-01-31,4.2684e+10,0,0.993368,0.00727349,0,0.0281583,,
2014-01,912828RZ5,remove,3-Year,2015-01-15,3.42713e+10,0,0.965307,0.00566371,0,0.0220852,,
2014-01,912828UK4,remove,2-Year,2015-01-31,3.50001e+10,0,1.00783,0.00579095,0,0.0223351,,
2014-01,912828WE6,reopen,10-Year,2023-11-15,4.50001e+10,6.59951e+10,8.49319,0.00747099,0.0109098,0.0124777,0,True
2014-02,912810DP0,remove,30-Year,2015-02-15,1.26677e+10,0,0.948859,0.0023209,0,0.00911415,,
2014-02,912810RE0,add,30-Year,2044-02-15,0,1.6e+10,18.0827,0,0.00261446,0.0345289,0,True
2014-02,912828B66,add,10-Year,2024-02-15,0,2.4e+10,8.66588,0,0.0039756,0.0150677,0,True
2014-02,912828B74,add,3-Year,2017-02-15,0,3.00001e+10,2.94228,0,0.0049521,-0.00957523,0,True
2014-02,912828B82,add,2-Year,2016-02-29,0,3.2e+10,1.99994,0,0.005304,-0.0152538,1,False
2014-02,912828B90,add,7-Year,2021-02-28,0,2.9e+10,6.39557,0,0.00485005,0.00737074,1,False
2014-02,912828C24,add,5-Year,2019-02-28,0,3.5e+10,4.76312,0,0.00583585,-0.000657896,1,False
2014-02,912828DM9,remove,10-Year,2015-02-15,3.4211e+10,0,0.964524,0.00585935,0,0.0229178,,
2014-02,912828MR8,remove,5-Year,2015-02-28,4.3032e+10,0,0.992493,0.00733873,0,0.0284989,,
2014-02,912828SE1,remove,3-Year,2015-02-15,3.5901e+10,0,0.973516,0.00592704,0,0.0231293,,
2014-02,912828UP3,remove,2-Year,2015-02-28,3.50001e+10,0,1.00783,0.00578514,0,0.022377,,
2014-03,912810RE0,reopen,30-Year,2044-02-15,1.6e+10,2.9e+10,18.1387,0.00268405,0.00484817,0.0285438,0,True
2014-03,912828B66,reopen,10-Year,2024-02-15,2.4e+10,4.5e+10,8.58865,0.00400012,0.00747453,0.012645,0,True
2014-03,912828C32,add,3-Year,2017-03-15,0,3.00001e+10,2.93203,0,0.00494031,-0.00996539,0,True
2014-03,912828C40,add,2-Year,2016-03-31,0,3.20001e+10,2.00365,0,0.00529172,-0.015587,0,True
2014-03,912828C57,add,7-Year,2021-03-31,0,2.9e+10,6.36947,0,0.00485063,0.00688924,1,False
2014-03,912828C65,add,5-Year,2019-03-31,0,3.5e+10,4.73964,0,0.00583875,-0.00122351,1,False
2014-03,912828MW7,remove,5-Year,2015-03-31,4.342e+10,0,0.996976,0.00746689,0,0.0295108,,
2014-03,912828SK7,remove,3-Year,2015-03-15,3.4221e+10,0,0.970372,0.00569401,0,0.0226555,,
2014-03,912828UT5,remove,2-Year,2015-03-31,3.50003e+10,0,1.01319,0.00582303,0,0.0229195,,
2014-04,912810RE0,reopen,30-Year,2044-02-15,2.9e+10,4.2e+10,18.2151,0.00496378,0.00716389,0.0291143,0,True
2014-04,912828B66,reopen,10-Year,2024-02-15,4.5e+10,6.50631e+10,8.51391,0.00750522,0.0108136,0.011685,0,True
2014-04,912828C73,add,3-Year,2017-04-15,0,3e+10,2.93038,0,0.00492665,-0.0101075,0,True
2014-04,912828C81,add,2-Year,2016-04-30,0,3.20005e+10,2.00405,0,0.00526049,-0.0156653,0,True
2014-04,912828D23,add,5-Year,2019-04-30,0,3.5e+10,4.75704,0,0.00576292,-0.0012963,0,True
2014-04,912828MZ0,remove,5-Year,2015-04-30,4.2446e+10,0,0.99713,0.00725309,0,0.0289025,,
2014-04,912828SP6,remove,3-Year,2015-04-15,3.7822e+10,0,0.973254,0.00625319,0,0.0250673,,
2014-04,912828UY4,remove,2-Year,2015-04-30,3.50002e+10,0,1.01427,0.0057753,0,0.0229147,,
2014-04,912828WG1,add,7-Year,2021-04-30,0,2.9e+10,6.38554,0,0.00480042,0.00673769,0,True
2014-05,912810RG5,add,30-Year,2044-05-15,0,1.6e+10,18.7242,0,0.0026113,0.0357616,0,True
2014-05,912828DV9,remove,10-Year,2015-05-15,3.30241e+10,0,0.96702,0.00562318,0,0.0228426,,
2014-05,912828NF3,remove,5-Year,2015-05-31,4.0869e+10,0,1.00523,0.00689564,0,0.0277481,,
2014-05,912828SU5,remove,3-Year,2015-05-15,3.40012e+10,0,0.976301,0.00557403,0,0.0225912,,
2014-05,912828VD9,remove,2-Year,2015-05-31,3.50001e+10,0,1.01881,0.00574436,0,0.0230374,,
2014-05,912828WH9,add,3-Year,2017-05-15,0,2.9e+10,2.93489,0,0.00476542,-0.00998043,0,True
2014-05,912828WJ5,add,10-Year,2024-05-15,0,2.4e+10,8.7756,0,0.00392149,0.0146913,0,True
2014-05,912828WL0,add,5-Year,2019-05-31,0,3.5e+10,4.77664,0,0.00577718,-0.00145931,1,False
2014-05,912828WM8,add,2-Year,2016-05-31,0,3.1e+10,2.01,0,0.0050883,-0.0153628,1,False
2014-05,912828WN6,add,7-Year,2021-05-31,0,2.9e+10,6.43508,0,0.00479889,0.00674647,1,False
2014-06,912810RG5,reopen,30-Year,2044-05-15,1.6e+10,2.9e+10,18.6289,0.00262384,0.00473459,0.0286599,0,True
2014-06,912828NL0,remove,5-Year,2015-06-30,3.90994e+10,0,1.00142,0.00659951,0,0.0267244,,
2014-06,912828SZ4,remove,3-Year,2015-06-15,3.42592e+10,0,0.973156,0.00564597,0,0.0230226,,
2014-06,912828VH0,remove,2-Year,2015-06-30,3.50001e+10,0,1.01231,0.00577823,0,0.0233358,,
2014-06,912828WJ5,reopen,10-Year,2024-05-15,2.4e+10,4.50001e+10,8.68515,0.00392979,0.00733565,0.0123778,0,True
2014-06,912828WP1,add,3-Year,2017-06-15,0,2.80001e+10,2.92977,0,0.00457454,-0.00970304,0,True
2014-06,912828WQ9,add,2-Year,2016-06-30,0,3e+10,2.00038,0,0.00492146,-0.0150129,0,True
2014-06,912828WR7,add,7-Year,2021-06-30,0,2.9e+10,6.40358,0,0.00479602,0.00648763,1,False
2014-06,912828WS5,add,5-Year,2019-06-30,0,3.5e+10,4.74877,0,0.00577493,-0.00174458,1,False
2014-07,912810RG5,reopen,30-Year,2044-05-15,2.9e+10,4.2e+10,18.7505,0.0048833,0.00703508,0.0293591,0,True
2014-07,912828NP1,remove,5-Year,2015-07-31,3.82141e+10,0,1.00236,0.00638472,0,0.0262036,,
2014-07,912828TD2,remove,3-Year,2015-07-15,3.20002e+10,0,0.970779,0.00522332,0,0.021602,,
2014-07,912828VN7,remove,2-Year,2015-07-31,3.50001e+10,0,1.01328,0.00571945,0,0.0234108,,
2014-07,912828WJ5,reopen,10-Year,2024-05-15,4.50001e+10,6.58901e+10,8.61327,0.00739666,0.0107733,0.0118411,0,True
2014-07,912828WT3,add,3-Year,2017-07-15,0,2.7e+10,2.92661,0,0.00436678,-0.00951899,0,True
2014-07,912828WW6,add,5-Year,2019-07-31,0,3.5e+10,4.75033,0,0.00572128,-0.00203756,1,False
2014-07,912828WX4,add,2-Year,2016-07-31,0,2.9e+10,1.99904,0,0.00471413,-0.0146488,1,False
2014-07,912828WY2,add,7-Year,2021-07-31,0,2.9e+10,6.41684,0,0.00475056,0.00622499,1,False
2014-08,912810DS4,remove,30-Year,2015-08-15,6.9335e+09,0,0.947392,0.00124112,0,0.0052318,,
2014-08,912810RH3,add,30-Year,2044-08-15,0,1.6e+10,19.3467,0,0.0025923,0.0367689,0,True
2014-08,912828D49,add,3-Year,2017-08-15,0,2.7e+10,2.92646,0,0.00436255,-0.00975603,0,True
2014-08,912828D56,add,10-Year,2024-08-15,0,2.4e+10,8.82775,0,0.00388672,0.0142447,0,True
2014-08,912828D64,add,2-Year,2016-08-31,0,2.9e+10,1.99903,0,0.0047109,-0.0149041,1,False
2014-08,912828D72,add,7-Year,2021-08-31,0,2.9e+10,6.4301,0,0.00474616,0.00601494,1,False
2014-08,912828D80,add,5-Year,2019-08-31,0,3.5e+10,4.75039,0,0.00571734,-0.00235774,1,False
2014-08,912828EE6,remove,10-Year,2015-08-15,3.1403e+10,0,0.961211,0.00529723,0,0.0222567,,
2014-08,912828NV8,remove,5-Year,2015-08-31,3.6881e+10,0,1.00594,0.00607885,0,0.0252688,,
2014-08,912828TK6,remove,3-Year,2015-08-15,3.20001e+10,0,0.970779,0.00519078,0,0.0217597,,
2014-08,912828VU1,remove,2-Year,2015-08-31,3.4e+10,0,1.01235,0.00553176,0,0.0229591,,
2014-09,912810RH3,reopen,30-Year,2044-08-15,1.6e+10,2.90001e+10,19.0894,0.00254296,0.00457818,0.0283826,0,True
2014-09,912828D56,reopen,10-Year,2024-08-15,2.4e+10,4.5e+10,8.72942,0.00386191,0.00719246,0.0119426,0,True
2014-09,912828D98,add,3-Year,2017-09-15,0,2.7e+10,2.92332,0,0.0043665,-0.00969505,0,True
2014-09,912828F21,add,7-Year,2021-09-30,0,2.9e+10,6.38534,0,0.00474949,0.00589743,1,False
2014-09,912828F39,add,5-Year,2019-09-30,0,3.5e+10,4.73954,0,0.0056984,-0.00230277,0,True
2014-09,912828F47,add,2-Year,2016-09-30,0,2.90001e+10,1.99935,0,0.00470024,-0.0147789,0,True
2014-09,912828NZ9,remove,5-Year,2015-09-30,3.6102e+10,0,1.00594,0.00599161,0,0.0247915,,
2014-09,912828TP5,remove,3-Year,2015-09-15,3.20001e+10,0,0.973516,0.00522671,0,0.0217961,,
2014-09,912828VY3,remove,2-Year,2015-09-30,3.30001e+10,0,1.01328,0.00539612,0,0.022288,,
2014-10,912810RH3,reopen,30-Year,2044-08-15,2.90001e+10,4.20001e+10,19.2898,0.00473915,0.00681588,0.0291921,0,True
2014-10,912828D56,reopen,10-Year,2024-08-15,4.5e+10,6.6e+10,8.67114,0.0072957,0.010626,0.0114498,0,True
2014-10,912828F54,add,3-Year,2017-10-15,0,2.7e+10,2.92374,0,0.00429034,-0.00990769,0,True
2014-10,912828F62,add,5-Year,2019-10-31,0,3.5e+10,4.77239,0,0.00558842,-0.00257431,1,False
2014-10,912828F88,add,2-Year,2016-10-31,0,2.9e+10,1.99785,0,0.00460567,-0.0149003,1,False
2014-10,912828F96,add,7-Year,2021-10-31,0,2.9e+10,6.46463,0,0.00463994,0.00571449,1,False
2014-10,912828PE4,remove,5-Year,2015-10-31,3.5717e+10,0,1.00049,0.00580093,0,0.0245527,,
2014-10,912828TT7,remove,3-Year,2015-10-15,3.2e+10,0,0.965307,0.00511469,0,0.0218282,,
2014-10,912828WB2,remove,2-Year,2015-10-31,3.20002e+10,0,1.00783,0.00512069,0,0.021636,,
2014-11,912810DT2,remove,30-Year,2015-11-15,6.56613e+09,0,0.959733,0.00114827,0,0.00494786,,
2014-11,912810RJ9,add,30-Year,2044-11-15,0,1.6e+10,19.6521,0,0.00253095,0.0364037,0,True
2014-11,912828A26,remove,2-Year,2015-11-30,3.20001e+10,0,1.02132,0.00511133,0,0.0217097,,
2014-11,912828EN6,remove,10-Year,2015-11-15,2.32201e+10,0,0.971436,0.00386198,0,0.0165959,,
2014-11,912828G20,add,3-Year,2017-11-15,0,2.6e+10,2.93773,0,0.00411792,-0.00959873,0,True
2014-11,912828G38,add,10-Year,2024-11-15,0,2.40001e+10,8.88956,0,0.00379086,0.0137262,0,True
2014-11,912828G46,add,2-Year,2016-11-30,0,2.8e+10,2.00712,0,0.00445567,-0.0145325,1,False
2014-11,912828G53,add,7-Year,2021-11-30,0,2.9e+10,6.45395,0,0.00464739,0.00550836,1,False
2014-11,912828G61,add,5-Year,2019-11-30,0,3.5e+10,4.76736,0,0.00559857,-0.00280675,1,False
2014-11,912828PJ3,remove,5-Year,2015-11-30,3.6379e+10,0,1.01308,0.00590854,0,0.0251445,,
2014-11,912828TX8,remove,3-Year,2015-11-15,3.20001e+10,0,0.981267,0.00511211,0,0.0219178,,
2014-12,912810RJ9,reopen,30-Year,2044-11-15,1.6e+10,2.9e+10,19.7904,0.00263183,0.00473346,0.0302888,0,True
2014-12,912828A67,remove,2-Year,2015-12-31,3.20002e+10,0,1.01524,0.00507676,0,0.0221506,,
2014-12,912828G38,reopen,10-Year,2024-11-15,2.40001e+10,4.50001e+10,8.80465,0.0038081,0.0070852,0.0112282,0,True
2014-12,912828G79,add,3-Year,2017-12-15,0,2.5e+10,2.92178,0,0.00391321,-0.00961319,0,True
2014-12,912828G87,add,7-Year,2021-12-31,0,2.9e+10,6.42585,0,0.00461729,0.00483647,0,True
2014-12,912828G95,add,5-Year,2019-12-31,0,3.50001e+10,4.75918,0,0.00551108,-0.00341246,0,True
2014-12,912828H29,add,2-Year,2016-12-31,0,2.7e+10,1.9976,0,0.00424922,-0.0143657,0,True
2014-12,912828PM6,remove,5-Year,2015-12-31,3.6754e+10,0,1.00166,0.00599456,0,0.0262365,,
2014-12,912828UC2,remove,3-Year,2015-12-15,3.20001e+10,0,0.972786,0.00507144,0,0.0223427,,
2015-01,912810RJ9,reopen,30-Year,2044-11-15,2.9e+10,4.2e+10,20.2063,0.00505794,0.00726689,0.0323487,0,True
2015-01,912828B41,remove,2-Year,2016-01-31,3.2e+10,0,1.00927,0.00493911,0,0.0224861,,
2015-01,912828G38,reopen,10-Year,2024-11-15,4.50001e+10,6.60001e+10,8.75866,0.00721766,0.0105015,0.0104976,0,True
2015-01,912828H37,add,3-Year,2018-01-15,0,2.40001e+10,2.92522,0,0.00366152,-0.00965433,0,True
2015-01,912828H52,add,5-Year,2020-01-31,0,3.5e+10,4.79807,0,0.00537446,-0.00410527,1,False
2015-01,912828H78,add,2-Year,2017-01-31,0,2.6e+10,1.99606,0,0.00397664,-0.0141802,1,False
2015-01,912828H86,add,7-Year,2022-01-31,0,2.9e+10,6.54812,0,0.00445904,0.00439749,1,False
2015-01,912828PS3,remove,5-Year,2016-01-31,3.37861e+10,0,0.997499,0.00534131,0,0.02438,,
2015-01,912828UG3,remove,3-Year,2016-01-15,3.2e+10,0,0.967394,0.00493052,0,0.0226534,,
2015-02,912810DV7,remove,30-Year,2016-02-15,4.84726e+09,0,0.955173,0.000817936,0,0.00370525,,
2015-02,912810RK6,add,30-Year,2045-02-15,0,1.6e+10,20.8132,0,0.00238351,0.0365346,0,True
2015-02,912828B82,remove,2-Year,2016-02-29,3.20002e+10,0,1.01272,0.00496015,0,0.022184,,
2015-02,912828EW6,remove,10-Year,2016-02-15,1.93801e+10,0,0.965573,0.00312797,0,0.0141372,,
2015-02,912828H94,add,3-Year,2018-02-15,0,2.40002e+10,2.92675,0,0.00369311,-0.00944854,0,True
2015-02,912828J27,add,10-Year,2025-02-15,0,2.4e+10,8.9969,0,0.00367666,0.0129114,0,True
2015-02,912828J35,add,2-Year,2017-02-28,0,2.6e+10,1.99258,0,0.00401507,-0.014023,1,False
2015-02,912828J43,add,7-Year,2022-02-28,0,2.9e+10,6.48348,0,0.00450514,0.00449753,1,False
2015-02,912828J50,add,5-Year,2020-02-29,0,3.5e+10,4.77018,0,0.00542879,-0.00388155,1,False
2015-02,912828KS8,remove,7-Year,2016-02-29,1.2598e+10,0,0.995638,0.00202212,0,0.00907839,,
2015-02,912828QJ2,remove,5-Year,2016-02-29,1.5754e+10,0,0.999137,0.00251043,0,0.0112619,,
2015-02,912828UM0,remove,3-Year,2016-02-15,3.20001e+10,0,0.975405,0.00496087,0,0.0223724,,
2015-03,912810RK6,reopen,30-Year,2045-02-15,1.6e+10,2.9e+10,20.9185,0.00245006,0.00441028,0.0300536,0,True
2015-03,912828C40,remove,2-Year,2016-03-31,3.20001e+10,0,1.01438,0.00490007,0,0.0224049,,
2015-03,912828J27,reopen,10-Year,2025-02-15,2.4e+10,4.50001e+10,8.92833,0.00369676,0.0068839,0.0106501,0,True
2015-03,912828J68,add,3-Year,2018-03-15,0,2.4e+10,2.92269,0,0.00364723,-0.00971643,0,True
2015-03,912828J76,add,7-Year,2022-03-31,0,2.9e+10,6.52643,0,0.00443372,0.00416629,1,False
2015-03,912828J84,add,5-Year,2020-03-31,0,3.5e+10,4.80036,0,0.0053321,-0.00419308,0,True
2015-03,912828J92,add,2-Year,2017-03-31,0,2.6e+10,1.99938,0,0.00394402,-0.0141486,0,True
2015-03,912828KT6,remove,7-Year,2016-03-31,1.6102e+10,0,0.999963,0.0025393,0,0.0116472,,
2015-03,912828QA1,remove,5-Year,2016-03-31,2.2018e+10,0,1.00084,0.00346595,0,0.0158945,,
2015-03,912828US7,remove,3-Year,2016-03-15,3.2e+10,0,0.972524,0.00489174,0,0.0225716,,
2015-04,912810RK6,reopen,30-Year,2045-02-15,2.9e+10,4.2e+10,20.7023,0.00431186,0.00620107,0.0286141,0,True
2015-04,912828C81,remove,2-Year,2016-04-30,3.20005e+10,0,1.01443,0.00486601,0,0.0221004,,
2015-04,912828J27,reopen,10-Year,2025-02-15,4.50001e+10,6.60001e+10,8.84778,0.00689848,0.010047,0.0103634,0,True
2015-04,912828K25,add,3-Year,2018-04-15,0,2.4e+10,2.9359,0,0.00360451,-0.00944501,0,True
2015-04,912828K58,add,5-Year,2020-04-30,0,3.5e+10,4.80638,0,0.0053025,-0.00397609,1,False
2015-04,912828K66,add,2-Year,2017-04-30,0,2.6e+10,1.99879,0,0.00392398,-0.0139593,1,False
2015-04,912828KR0,remove,7-Year,2016-04-30,1.33251e+10,0,0.998275,0.0020943,0,0.00954574,,
2015-04,912828QF0,remove,5-Year,2016-04-30,2.3413e+10,0,1.00266,0.0036466,0,0.016605,,
2015-04,912828UW8,remove,3-Year,2016-04-15,3.20002e+10,0,0.975618,0.00485157,0,0.0222232,,
2015-04,912828WZ9,add,7-Year,2022-04-30,0,2.9e+10,6.53986,0,0.00440071,0.00432868,1,False
2015-05,912810DW5,remove,30-Year,2016-05-15,1.31958e+10,0,0.96486,0.00216243,0,0.00967415,,
2015-05,912810RM2,add,30-Year,2045-05-15,0,1.6e+10,19.685,0,0.00244874,0.0348858,0,True
2015-05,912828FF2,remove,10-Year,2016-05-15,1.48971e+10,0,0.969572,0.00239283,0,0.0106936,,
2015-05,912828KW9,remove,7-Year,2016-05-31,1.63281e+10,0,1.0022,0.00261596,0,0.0116054,,
2015-05,912828QP8,remove,5-Year,2016-05-31,2.3278e+10,0,1.01266,0.00364933,0,0.0161517,,
2015-05,912828SY7,reopen,5-Year,2017-05-31,3.4592e+10,6.0592e+10,2.00397,0.00531031,0.00927223,-0.0136078,1,True
2015-05,912828VC1,remove,3-Year,2016-05-15,3.2e+10,0,0.981136,0.00490149,0,0.0218482,,
2015-05,912828WM8,remove,2-Year,2016-05-31,3.10001e+10,0,1.02266,0.00476214,0,0.0210293,,
2015-05,912828XA3,add,3-Year,2018-05-15,0,2.40001e+10,2.92976,0,0.00366397,-0.00919237,0,True
2015-05,912828XB1,add,10-Year,2025-05-15,0,2.40004e+10,8.94059,0,0.00363777,0.0127394,0,True
2015-05,912828XD7,add,7-Year,2022-05-31,0,2.9e+10,6.47263,0,0.00446809,0.00462013,1,False
2015-05,912828XE5,add,5-Year,2020-05-31,0,3.5e+10,4.77912,0,0.0053826,-0.00354978,1,False
2015-06,912810RM2,reopen,30-Year,2045-05-15,1.6e+10,2.90001e+10,19.3974,0.00239072,0.00431081,0.0268607,0,True
2015-06,912828KZ2,remove,7-Year,2016-06-30,1.8073e+10,0,0.993655,0.00290178,0,0.0128096,,
2015-06,912828QR4,remove,5-Year,2016-06-30,3.2271e+10,0,1.00591,0.00505152,0,0.0222375,,
2015-06,912828VG2,remove,3-Year,2016-06-15,3.20001e+10,0,0.974705,0.00492419,0,0.0218306,,
2015-06,912828WQ9,remove,2-Year,2016-06-30,3e+10,0,1.01319,0.00462704,0,0.0203351,,
2015-06,912828XB1,reopen,10-Year,2025-05-15,2.40004e+10,4.50004e+10,8.83562,0.00361461,0.00674233,0.0107205,0,True
2015-06,912828XF2,add,3-Year,2018-06-15,0,2.40002e+10,2.91912,0,0.00367544,-0.00914787,0,True
2015-06,912828XG0,add,7-Year,2022-06-30,0,2.9e+10,6.42224,0,0.00447571,0.00453925,1,False
2015-06,912828XH8,add,5-Year,2020-06-30,0,3.50001e+10,4.7613,0,0.00537114,-0.00347373,0,True
2015-06,912828XJ4,add,2-Year,2017-06-30,0,2.6e+10,1.9954,0,0.00397909,-0.0135792,0,True
2015-07,912810RM2,reopen,30-Year,2045-05-15,2.90001e+10,4.20001e+10,19.5842,0.00447945,0.00645984,0.0278703,0,True
2015-07,912828LD0,remove,7-Year,2016-07-31,2.2565e+10,0,0.988098,0.00356897,0,0.0161422,,
2015-07,912828QX1,remove,5-Year,2016-07-31,3.5e+10,0,1.00035,0.00539697,0,0.0243439,,
2015-07,912828VL1,remove,3-Year,2016-07-15,3.20002e+10,0,0.966098,0.00485674,0,0.0220735,,
2015-07,912828WX4,remove,2-Year,2016-07-31,2.90002e+10,0,1.00764,0.0044061,0,0.0198423,,
2015-07,912828XB1,reopen,10-Year,2025-05-15,4.50004e+10,6.60004e+10,8.76151,0.00678502,0.00990895,0.0101543,0,True
2015-07,912828XK1,add,3-Year,2018-07-15,0,2.4e+10,2.92083,0,0.00360458,-0.00933653,0,True
2015-07,912828XM7,add,5-Year,2020-07-31,0,3.5e+10,4.76443,0,0.00531347,-0.00396696,1,False
2015-07,912828XP0,add,2-Year,2017-07-31,0,2.6e+10,1.98854,0,0.00393003,-0.0138434,1,False
2015-07,912828XQ8,add,7-Year,2022-07-31,0,2.9e+10,6.45936,0,0.00441076,0.00418292,1,False
2015-08,912810RN0,add,30-Year,2045-08-15,0,1.6e+10,20.0267,0,0.0024172,0.0348876,0,True
2015-08,912828D64,remove,2-Year,2016-08-31,2.90001e+10,0,1.01289,0.00437428,0,0.0200376,,
2015-08,912828FQ8,remove,10-Year,2016-08-15,1.62061e+10,0,0.961303,0.00254518,0,0.0117902,,
2015-08,912828K74,add,10-Year,2025-08-15,0,2.4e+10,8.98592,0,0.00356122,0.0120806,0,True
2015-08,912828K82,add,3-Year,2018-08-15,0,2.4e+10,2.92206,0,0.00360119,-0.00962094,0,True
2015-08,912828L24,add,7-Year,2022-08-31,0,2.9e+10,6.49138,0,0.00438575,0.00393718,1,False
2015-08,912828L32,add,5-Year,2020-08-31,0,3.5e+10,4.78491,0,0.00528347,-0.00427299,1,False
2015-08,912828LL2,remove,7-Year,2016-08-31,2.2939e+10,0,0.995066,0.00358907,0,0.0165047,,
2015-08,912828RF9,remove,5-Year,2016-08-31,3.5e+10,0,1.00922,0.00531866,0,0.0243831,,
2015-08,912828TM2,reopen,5-Year,2017-08-31,3.4731e+10,6.07311e+10,1.99552,0.00522948,0.00912096,-0.0140021,0,True
2015-08,912828VR8,remove,3-Year,2016-08-15,3.2e+10,0,0.971371,0.00482179,0,0.0222877,,
2015-09,912810RN0,reopen,30-Year,2045-08-15,1.6e+10,2.90001e+10,19.867,0.00238976,0.00431363,0.0274173,0,True
2015-09,912828F47,remove,2-Year,2016-09-30,2.90001e+10,0,1.01309,0.00436303,0,0.0200818,,
2015-09,912828K74,reopen,10-Year,2025-08-15,2.4e+10,4.5e+10,8.90447,0.00356534,0.0066575,0.010169,0,True
2015-09,912828L40,add,3-Year,2018-09-15,0,2.40001e+10,2.92492,0,0.00358573,-0.00964887,0,True
2015-09,912828L57,add,7-Year,2022-09-30,0,2.9e+10,6.51662,0,0.00433757,0.00390724,0,True
2015-09,912828L65,add,5-Year,2020-09-30,0,3.5e+10,4.79944,0,0.00523951,-0.00427748,0,True
2015-09,912828LP3,remove,7-Year,2016-09-30,2.3776e+10,0,0.995268,0.00371042,0,0.0171442,,
2015-09,912828RJ1,remove,5-Year,2016-09-30,3.50001e+10,0,1.00942,0.00530497,0,0.0244369,,
2015-09,912828TS9,reopen,5-Year,2017-09-30,3.0809e+10,5.68091e+10,1.99552,0.00462518,0.00849332,-0.0140039,0,True
2015-09,912828VW7,remove,3-Year,2016-09-15,3.1e+10,0,0.973683,0.00467059,0,0.0216816,,
2015-10,912810RN0,reopen,30-Year,2045-08-15,2.90001e+10,4.20001e+10,19.8317,0.00434632,0.00629451,0.0276249,0,True
2015-10,912828F88,remove,2-Year,2016-10-31,2.90002e+10,0,1.01164,0.00432465,0,0.0200673,,
2015-10,912828K74,reopen,10-Year,2025-08-15,4.5e+10,6.60001e+10,8.82419,0.00668635,0.00980639,0.00989782,0,True
2015-10,912828L81,add,3-Year,2018-10-15,0,2.4e+10,2.92443,0,0.00356314,-0.00971818,0,True
2015-10,912828L99,add,5-Year,2020-10-31,0,3.5e+10,4.79297,0,0.00523914,-0.00449977,1,False
2015-10,912828LU2,remove,7-Year,2016-10-31,2.6566e+10,0,0.992036,0.00412437,0,0.0192188,,
2015-10,912828M49,add,7-Year,2022-10-31,0,2.9e+10,6.51017,0,0.0043488,0.00373268,1,False
2015-10,912828RM4,remove,5-Year,2016-10-31,3.50001e+10,0,1.00705,0.0052681,0,0.0244693,,
2015-10,912828WA4,remove,3-Year,2016-10-15,3e+10,0,0.969171,0.00447731,0,0.0209658,,
2015-11,912810DX3,remove,30-Year,2016-11-15,1.02965e+10,0,0.960266,0.00166077,0,0.00779837,,
2015-11,912810RP5,add,30-Year,2045-11-15,0,1.6e+10,19.6707,0,0.00240235,0.0336686,0,True
2015-11,912828FY1,remove,10-Year,2016-11-15,1.82871e+10,0,0.966656,0.00287064,0,0.0134611,,
2015-11,912828G46,remove,2-Year,2016-11-30,2.80001e+10,0,1.0149,0.00423114,0,0.0196367,,
2015-11,912828M56,add,10-Year,2025-11-15,0,2.4e+10,8.89007,0,0.00360297,0.0116526,0,True
2015-11,912828M64,add,3-Year,2018-11-15,0,2.4e+10,2.91432,0,0.00360144,-0.0098736,0,True
2015-11,912828M72,add,2-Year,2017-11-30,0,2.6e+10,1.98941,0,0.00391169,-0.0143421,0,True
2015-11,912828M80,add,7-Year,2022-11-30,0,2.9e+10,6.44878,0,0.00439343,0.0034835,1,False
2015-11,912828M98,add,5-Year,2020-11-30,0,3.5e+10,4.75426,0,0.00529403,-0.00477325,1,False
2015-11,912828MA5,remove,7-Year,2016-11-30,2.401e+10,0,0.998785,0.00375004,0,0.0174643,,
2015-11,912828RU6,remove,5-Year,2016-11-30,3.50001e+10,0,1.01214,0.00531851,0,0.0246979,,
2015-11,912828TW0,reopen,5-Year,2017-10-31,2.972e+10,5.57201e+10,1.91844,0.00446881,0.00833768,-0.0144597,0,True
2015-11,912828WF3,remove,3-Year,2016-11-15,3.00001e+10,0,0.976154,0.00452904,0,0.0211947,,
2015-12,912810RP5,reopen,30-Year,2045-11-15,1.6e+10,2.9e+10,19.638,0.00242685,0.00437685,0.027164,0,True
2015-12,912828A59,remove,3-Year,2016-12-15,3e+10,0,0.972742,0.00449736,0,0.0212949,,
2015-12,912828H29,remove,2-Year,2016-12-31,2.7e+10,0,1.01327,0.0040588,0,0.0190538,,
2015-12,912828M56,reopen,10-Year,2025-11-15,2.4e+10,4.5e+10,8.80664,0.00360853,0.00673242,0.00968075,0,True
2015-12,912828MD9,remove,7-Year,2016-12-31,2.238e+10,0,0.99463,0.00349596,0,0.0164767,,
2015-12,912828N22,add,3-Year,2018-12-15,0,2.4e+10,2.91053,0,0.00357355,-0.00999584,0,True
2015-12,912828N30,add,7-Year,2022-12-31,0,2.9e+10,6.44087,0,0.00436871,0.00320299,1,False
2015-12,912828N48,add,5-Year,2020-12-31,0,3.5e+10,4.74973,0,0.00526424,-0.00504303,1,False
2015-12,912828N55,add,2-Year,2017-12-31,0,2.6e+10,1.98461,0,0.00389766,-0.0145114,1,False
2015-12,912828RX0,remove,5-Year,2016-12-31,3.5e+10,0,1.01143,0.00528102,0,0.0248011,,
2016-01,912810RP5,reopen,30-Year,2045-11-15,2.9e+10,4.2e+10,19.7446,0.00447156,0.00644624,0.0275502,0,True
2016-01,912828A91,remove,3-Year,2017-01-15,3.00003e+10,0,0.970529,0.00442877,0,0.0213572,,
2016-01,912828H78,remove,2-Year,2017-01-31,2.60001e+10,0,1.01233,0.00383719,0,0.018344,,
2016-01,912828M56,reopen,10-Year,2025-11-15,4.5e+10,6.60001e+10,8.74227,0.00679065,0.00991378,0.00921126,0,True
2016-01,912828MK3,remove,7-Year,2017-01-31,2.6426e+10,0,0.993633,0.00405283,0,0.0194507,,
2016-01,912828N63,add,3-Year,2019-01-15,0,2.4e+10,2.91574,0,0.00352066,-0.0101295,0,True
2016-01,912828N89,add,5-Year,2021-01-31,0,3.5e+10,4.78652,0,0.00516451,-0.00519748,1,False
2016-01,912828P20,add,2-Year,2018-01-31,0,2.6e+10,1.98711,0,0.00382571,-0.0145599,1,False
2016-01,912828P38,add,7-Year,2023-01-31,0,2.9e+10,6.5102,0,0.00428578,0.00307417,1,False
2016-01,912828SC5,remove,5-Year,2017-01-31,3.43981e+10,0,1.00957,0.005105,0,0.024419,,
2016-02,912810RQ3,add,30-Year,2046-02-15,0,1.5e+10,20.883,0,0.00212334,0.0317446,0,True
2016-02,912828B74,remove,3-Year,2017-02-15,3.00001e+10,0,0.97591,0.00435101,0,0.021567,,
2016-02,912828GH7,remove,10-Year,2017-02-15,1.5034e+10,0,0.966412,0.00226723,0,0.0112597,,
2016-02,912828J35,remove,2-Year,2017-02-28,2.60001e+10,0,1.00921,0.00377474,0,0.0185849,,
2016-02,912828MS6,remove,7-Year,2017-02-28,2.1311e+10,0,0.991372,0.00320945,0,0.015859,,
2016-02,912828P46,add,10-Year,2026-02-15,0,2.3e+10,9.16511,0,0.00328907,0.0106316,0,True
2016-02,912828P53,add,3-Year,2019-02-15,0,2.4e+10,2.93765,0,0.0034524,-0.0103401,0,True
2016-02,912828P79,add,7-Year,2023-02-28,0,2.8e+10,6.58345,0,0.00407427,0.00265135,1,False
2016-02,912828P87,add,5-Year,2021-02-28,0,3.4e+10,4.82071,0,0.0049406,-0.00549391,1,False
2016-02,912828SJ0,remove,5-Year,2017-02-28,3.37972e+10,0,1.00645,0.00493422,0,0.0243072,,
2016-02,912828UR9,reopen,5-Year,2018-02-28,2.9046e+10,5.5046e+10,1.98887,0.00422333,0.00797839,-0.0148093,0,True
2016-03,912810RQ3,reopen,30-Year,2046-02-15,1.5e+10,2.7e+10,20.7247,0.00211309,0.00378645,0.0247642,0,True
2016-03,912828C32,remove,3-Year,2017-03-15,3.00001e+10,0,0.969753,0.00436955,0,0.021655,,
2016-03,912828J92,remove,2-Year,2017-03-31,2.6e+10,0,1.01153,0.00378575,0,0.0186036,,
2016-03,912828MV9,remove,7-Year,2017-03-31,2.2451e+10,0,0.99197,0.00340326,0,0.0167906,,
2016-03,912828P46,reopen,10-Year,2026-02-15,2.3e+10,4.30001e+10,9.06931,0.00326753,0.0060814,0.0088459,0,True
2016-03,912828P95,add,3-Year,2019-03-15,0,2.4e+10,2.92094,0,0.0034715,-0.0104308,0,True
2016-03,912828Q29,add,7-Year,2023-03-31,0,2.8e+10,6.53451,0,0.00408771,0.00248891,1,False
2016-03,912828Q37,add,5-Year,2021-03-31,0,3.4e+10,4.79876,0,0.00495623,-0.00558507,1,False
2016-03,912828Q45,add,2-Year,2018-03-31,0,2.6e+10,1.9868,0,0.00378102,-0.0148928,1,False
2016-03,912828SM3,remove,5-Year,2017-03-31,3.29031e+10,0,1.00785,0.00482666,0,0.0237365,,
2016-04,912810RQ3,reopen,30-Year,2046-02-15,2.7e+10,3.9e+10,20.5846,0.00375761,0.00540295,0.0241437,0,True
2016-04,912828C73,remove,3-Year,2017-04-15,3e+10,0,0.967006,0.00435615,0,0.021535,,
2016-04,912828K66,remove,2-Year,2017-04-30,2.60001e+10,0,1.00638,0.00376967,0,0.0184872,,
2016-04,912828NA4,remove,7-Year,2017-04-30,2.0292e+10,0,0.98768,0.00305739,0,0.0150512,,
2016-04,912828P46,reopen,10-Year,2026-02-15,4.30001e+10,6.30001e+10,8.98312,0.00609274,0.00888593,0.00858217,0,True
2016-04,912828Q52,add,3-Year,2019-04-15,0,2.4e+10,2.92332,0,0.00344573,-0.0102933,0,True
2016-04,912828Q78,add,5-Year,2021-04-30,0,3.4e+10,4.79498,0,0.00493179,-0.00550194,1,False
2016-04,912828Q94,add,2-Year,2018-04-30,0,2.6e+10,1.98523,0,0.00375226,-0.014729,0,True
2016-04,912828R28,add,7-Year,2023-04-30,0,2.8e+10,6.53188,0,0.00406763,0.00252719,1,False
2016-04,912828SS0,remove,5-Year,2017-04-30,3.4423e+10,0,1.00362,0.00501883,0,0.0246272,,
2016-05,912810DY1,remove,30-Year,2017-05-15,1.09324e+10,0,0.951212,0.00170316,0,0.00855635,,
2016-05,912810RS9,add,30-Year,2046-05-15,0,1.5e+10,20.8201,0,0.00209376,0.031082,0,True
2016-05,912828GS3,remove,10-Year,2017-05-15,1.23601e+10,0,0.960559,0.00185022,0,0.00927786,,
2016-05,912828NG1,remove,7-Year,2017-05-31,2.0172e+10,0,0.995106,0.00300791,0,0.0149792,,
2016-05,912828R36,add,10-Year,2026-05-15,0,2.3e+10,9.14915,0,0.00324119,0.0102879,0,True
2016-05,912828R44,add,3-Year,2019-05-15,0,2.4e+10,2.92498,0,0.00343432,-0.0104749,0,True
2016-05,912828R51,add,2-Year,2018-05-31,0,2.6e+10,1.98693,0,0.00375377,-0.0149704,0,True
2016-05,912828R69,add,7-Year,2023-05-31,0,2.8e+10,6.53997,0,0.00406207,0.00229481,1,False
2016-05,912828R77,add,5-Year,2021-05-31,0,3.4e+10,4.79576,0,0.00492608,-0.00580921,1,False
2016-05,912828SY7,remove,5-Year,2017-05-31,6.05921e+10,0,1.0103,0.00875757,0,0.043479,,
2016-05,912828WH9,remove,3-Year,2017-05-15,2.9e+10,0,0.969155,0.00419025,0,0.0209759,,
2016-06,912810RS9,reopen,30-Year,2046-05-15,1.5e+10,2.7e+10,21.0052,0.00216364,0.00387451,0.0254639,0,True
2016-06,912828NK2,remove,7-Year,2017-06-30,2.0314e+10,0,0.995198,0.00296379,0,0.0151935,,
2016-06,912828R36,reopen,10-Year,2026-05-15,2.3e+10,4.3e+10,9.09093,0.00327455,0.00609047,0.00836147,0,True
2016-06,912828R85,add,3-Year,2019-06-15,0,2.40001e+10,2.92981,0,0.00338632,-0.0108084,0,True
2016-06,912828R93,add,2-Year,2018-06-30,0,2.60001e+10,1.99313,0,0.00366483,-0.0151301,0,True
2016-06,912828S27,add,5-Year,2021-06-30,0,3.4e+10,4.83851,0,0.0048156,-0.00617874,0,True
2016-06,912828S35,add,7-Year,2023-06-30,0,2.8e+10,6.62193,0,0.0039687,0.00198576,0,True
2016-06,912828TB6,remove,5-Year,2017-06-30,3.3027e+10,0,1.00773,0.0046964,0,0.0240167,,
2016-06,912828WP1,remove,3-Year,2017-06-15,2.80001e+10,0,0.970173,0.00397256,0,0.0204643,,
2016-06,912828XJ4,remove,2-Year,2017-06-30,2.6e+10,0,1.00865,0.0036903,0,0.0188682,,
2016-07,912810RS9,reopen,30-Year,2046-05-15,2.7e+10,3.9e+10,21.0721,0.00398614,0.00572711,0.0259229,0,True
2016-07,912828NR7,remove,7-Year,2017-07-31,2.2377e+10,0,0.995714,0.00323511,0,0.0167787,,
2016-07,912828R36,reopen,10-Year,2026-05-15,4.3e+10,6.3e+10,9.0061,0.00608576,0.00886888,0.00785934,0,True
2016-07,912828S43,add,3-Year,2019-07-15,0,2.4e+10,2.92995,0,0.00334037,-0.0108636,0,True
2016-07,912828S68,add,2-Year,2018-07-31,0,2.60002e+10,1.98927,0,0.00364545,-0.015285,0,True
2016-07,912828S76,add,5-Year,2021-07-31,0,3.4e+10,4.83308,0,0.00477368,-0.00644013,1,False
2016-07,912828S92,add,7-Year,2023-07-31,0,2.8e+10,6.61093,0,0.00393624,0.00168769,1,False
2016-07,912828TG5,remove,5-Year,2017-07-31,3.07811e+10,0,1.00921,0.00432893,0,0.0223933,,
2016-07,912828WT3,remove,3-Year,2017-07-15,2.7e+10,0,0.967103,0.00380287,0,0.0198322,,
2016-07,912828XP0,remove,2-Year,2017-07-31,2.60001e+10,0,1.00829,0.00366336,0,0.0189538,,
2016-08,912810DZ8,remove,30-Year,2017-08-15,7.86763e+09,0,0.948654,0.00119233,0,0.00627499,,
2016-08,912810RT7,add,30-Year,2046-08-15,0,1.5e+10,21.6802,0,0.0020898,0.0323266,0,True
2016-08,9128282A7,add,10-Year,2026-08-15,0,2.3e+10,9.21879,0,0.00319366,0.00960439,0,True
2016-08,9128282B5,add,3-Year,2019-08-15,0,2.4e+10,2.92963,0,0.00334262,-0.0109699,0,True
2016-08,9128282C3,add,2-Year,2018-08-31,0,2.60001e+10,1.98867,0,0.00364585,-0.0153956,0,True
2016-08,9128282D1,add,7-Year,2023-08-31,0,2.8e+10,6.61808,0,0.00392614,0.00159646,0,True
2016-08,9128282F6,add,5-Year,2021-08-31,0,3.40001e+10,4.83618,0,0.00477067,-0.00656096,0,True
2016-08,912828D49,remove,3-Year,2017-08-15,2.7e+10,0,0.966861,0.00379075,0,0.0198809,,
2016-08,912828HA1,remove,10-Year,2017-08-15,1.54901e+10,0,0.957694,0.00225844,0,0.0118653,,
2016-08,912828NW6,remove,7-Year,2017-08-31,2.6782e+10,0,0.998986,0.00383151,0,0.0199716,,
2016-08,912828TM2,remove,5-Year,2017-08-31,6.07311e+10,0,1.00804,0.00852944,0,0.0443823,,
2016-09,912810RT7,reopen,30-Year,2046-08-15,1.5e+10,2.7e+10,21.5407,0.00207352,0.00371342,0.0251349,0,True
2016-09,9128282A7,reopen,10-Year,2026-08-15,2.3e+10,4.3e+10,9.13148,0.00319806,0.00594867,0.00802609,0,True
2016-09,9128282G4,add,3-Year,2019-09-15,0,2.4e+10,2.92269,0,0.00334143,-0.0109962,0,True
2016-09,912828D98,remove,3-Year,2017-09-15,2.7e+10,0,0.963921,0.00379272,0,0.0199104,,
2016-09,912828PA2,remove,7-Year,2017-09-30,2.3158e+10,0,0.993633,0.00331078,0,0.017282,,
2016-09,912828T26,add,7-Year,2023-09-30,0,2.8e+10,6.60557,0,0.00392325,0.00153797,1,False
2016-09,912828T34,add,5-Year,2021-09-30,0,3.4e+10,4.83082,0,0.00475738,-0.00657818,1,False
2016-09,912828T42,add,2-Year,2018-09-30,0,2.60002e+10,1.98342,0,0.00363049,-0.0153574,0,True
2016-09,912828TS9,remove,5-Year,2017-09-30,5.68091e+10,0,1.00268,0.00797315,0,0.041547,,
2016-10,912810RT7,reopen,30-Year,2046-08-15,2.7e+10,3.90001e+10,21.2626,0.00361524,0.00519738,0.0239311,0,True
2016-10,9128282A7,reopen,10-Year,2026-08-15,4.3e+10,6.30001e+10,9.03806,0.00591795,0.00862959,0.00786695,0,True
2016-10,912828F54,remove,3-Year,2017-10-15,2.7e+10,0,0.966572,0.00380082,0,0.0196514,,
2016-10,912828PF1,remove,7-Year,2017-10-31,2.6173e+10,0,0.998679,0.00375425,0,0.0192901,,
2016-10,912828T59,add,3-Year,2019-10-15,0,2.40001e+10,2.91897,0,0.00335616,-0.0107998,0,True
2016-10,912828T67,add,5-Year,2021-10-31,0,3.4e+10,4.81149,0,0.00478232,-0.00633845,1,False
2016-10,912828T83,add,2-Year,2018-10-31,0,2.60001e+10,1.98785,0,0.00363943,-0.0151001,0,True
2016-10,912828T91,add,7-Year,2023-10-31,0,2.8e+10,6.56984,0,0.00394356,0.0017074,1,False
2016-10,912828TW0,remove,5-Year,2017-10-31,5.57201e+10,0,1.00681,0.00786086,0,0.0403268,,
2016-11,912810RU4,add,30-Year,2046-11-15,0,1.5e+10,19.8169,0,0.0021002,0.0291904,0,True
2016-11,912828G20,remove,3-Year,2017-11-15,2.6e+10,0,0.97135,0.00375915,0,0.0185953,,
2016-11,912828HH6,remove,10-Year,2017-11-15,1.6666e+10,0,0.963328,0.00249039,0,0.0123391,,
2016-11,912828M72,remove,2-Year,2017-11-30,2.6e+10,0,1.0079,0.00377412,0,0.0185314,,
2016-11,912828PK0,remove,7-Year,2017-11-30,2.2344e+10,0,0.998027,0.00330971,0,0.0162838,,
2016-11,912828U24,add,10-Year,2026-11-15,0,2.30001e+10,8.96584,0,0.00320845,0.00977873,0,True
2016-11,912828U32,add,3-Year,2019-11-15,0,2.40001e+10,2.91838,0,0.00341726,-0.0102506,0,True
2016-11,912828U40,add,2-Year,2018-11-30,0,2.60002e+10,1.98185,0,0.00375268,-0.0147712,0,True
2016-11,912828U57,add,7-Year,2023-11-30,0,2.8e+10,6.4188,0,0.00406124,0.00203375,0,True
2016-11,912828U65,add,5-Year,2021-11-30,0,3.4e+10,4.74195,0,0.0049177,-0.00578363,0,True
2016-11,912828UA6,remove,5-Year,2017-11-30,3.493e+10,0,1.00974,0.00505154,0,0.0247944,,
2016-12,912810RU4,reopen,30-Year,2046-11-15,1.5e+10,2.7e+10,19.6198,0.0020807,0.00372157,0.0225241,0,True
2016-12,912828G79,remove,3-Year,2017-12-15,2.5e+10,0,0.970704,0.00363238,0,0.0178793,,
2016-12,912828N55,remove,2-Year,2017-12-31,2.60001e+10,0,1.00935,0.00379483,0,0.0185322,,
2016-12,912828PN4,remove,7-Year,2017-12-31,1.71701e+10,0,0.996895,0.00257114,0,0.0125883,,
2016-12,912828U24,reopen,10-Year,2026-11-15,2.30001e+10,4.30001e+10,8.86721,0.00318622,0.00591915,0.00812861,0,True
2016-12,912828U73,add,3-Year,2019-12-15,0,2.40002e+10,2.90291,0,0.00344525,-0.0103012,0,True
2016-12,912828U81,add,5-Year,2021-12-31,0,3.4e+10,4.70333,0,0.00494943,-0.00588767,1,False
2016-12,912828U99,add,2-Year,2018-12-31,0,2.6e+10,1.97811,0,0.00377024,-0.0147597,1,False
2016-12,912828UE8,remove,5-Year,2017-12-31,3.078e+10,0,1.01118,0.00447581,0,0.0218496,,
2016-12,912828V23,add,7-Year,2023-12-31,0,2.8e+10,6.36465,0,0.00408208,0.00192574,1,False
2017-01,912810RU4,reopen,30-Year,2046-11-15,2.7e+10,3.9e+10,19.5574,0.00373729,0.00535595,0.0221195,0,True
2017-01,912828H37,remove,3-Year,2018-01-15,2.40001e+10,0,0.9658,0.00345238,0,0.0170074,,
2017-01,912828P20,remove,2-Year,2018-01-31,2.6e+10,0,1.00599,0.00374786,0,0.0183124,,
2017-01,912828PT1,remove,7-Year,2018-01-31,1.5577e+10,0,0.992572,0.0023081,0,0.0113086,,
2017-01,912828U24,reopen,10-Year,2026-11-15,4.30001e+10,6.30002e+10,8.78045,0.00592875,0.00861814,0.00776798,0,True
2017-01,912828UJ7,remove,5-Year,2018-01-31,2.19e+10,0,1.00507,0.00316272,0,0.0154563,,
2017-01,912828V31,add,3-Year,2020-01-15,0,2.40001e+10,2.8978,0,0.0034105,-0.010212,0,True
2017-01,912828V56,add,2-Year,2019-01-31,0,2.60001e+10,1.97501,0,0.00372003,-0.0145716,0,True
2017-01,912828V72,add,5-Year,2022-01-31,0,3.40001e+10,4.71934,0,0.00486563,-0.00570612,0,True
2017-01,912828V80,add,7-Year,2024-01-31,0,2.8e+10,6.36455,0,0.00403825,0.00190794,1,False
2017-02,912810RV2,add,30-Year,2047-02-15,0,1.5e+10,19.6231,0,0.00210954,0.0288793,0,True
2017-02,912828H94,remove,3-Year,2018-02-15,2.40002e+10,0,0.973673,0.00342259,0,0.0169746,,
2017-02,912828HR4,remove,10-Year,2018-02-15,2.26422e+10,0,0.967695,0.00330901,0,0.0164311,,
2017-02,912828PY0,remove,7-Year,2018-02-28,1.3214e+10,0,0.991704,0.0019423,0,0.00959795,,
2017-02,912828UR9,remove,5-Year,2018-02-28,5.5046e+10,0,1.00599,0.00785706,0,0.0387137,,
2017-02,912828V98,add,10-Year,2027-02-15,0,2.3e+10,8.87329,0,0.00321084,0.00944003,0,True
2017-02,912828W22,add,3-Year,2020-02-15,0,2.40001e+10,2.90637,0,0.00338967,-0.0102601,0,True
2017-02,912828W30,add,2-Year,2019-02-28,0,2.6e+10,1.97512,0,0.0036956,-0.0146276,0,True
2017-02,912828W48,add,7-Year,2024-02-29,0,2.8e+10,6.39339,0,0.00400875,0.00184461,1,False
2017-02,912828W55,add,5-Year,2022-02-28,0,3.4e+10,4.72154,0,0.00484875,-0.00587522,0,True
2017-03,912810RV2,reopen,30-Year,2047-02-15,1.5e+10,2.7e+10,19.6078,0.00213513,0.0038142,0.0228993,0,True
2017-03,912828J68,remove,3-Year,2018-03-15,2.4e+10,0,0.959178,0.00339093,0,0.0169906,,
2017-03,912828Q45,remove,2-Year,2018-03-31,2.6e+10,0,0.998728,0.0036833,0,0.0183099,,
2017-03,912828QB9,remove,7-Year,2018-03-31,1.5194e+10,0,0.984491,0.00221652,0,0.01105,,
2017-03,912828UU2,remove,5-Year,2018-03-31,2.51e+10,0,0.999646,0.00354919,0,0.01764,,
2017-03,912828V98,reopen,10-Year,2027-02-15,2.3e+10,4.30001e+10,8.78848,0.00322148,0.00597728,0.00776773,0,True
2017-03,912828W63,add,3-Year,2020-03-15,0,2.4e+10,2.88648,0,0.00337788,-0.0104151,0,True
2017-03,912828W71,add,7-Year,2024-03-31,0,2.8e+10,6.39595,0,0.00396706,0.00169058,1,False
2017-03,912828W89,add,5-Year,2022-03-31,0,3.4e+10,4.70917,0,0.004811,-0.00606488,1,False
2017-03,912828W97,add,2-Year,2019-03-31,0,2.6e+10,1.9662,0,0.00366527,-0.0146743,0,True
2017-04,912810RV2,reopen,30-Year,2047-02-15,2.7e+10,3.9e+10,19.5943,0.00384027,0.0055068,0.0226661,0,True
2017-04,912828K25,remove,3-Year,2018-04-15,2.4e+10,0,0.96782,0.00333657,0,0.0167686,,
2017-04,912828Q94,remove,2-Year,2018-04-30,2.6e+10,0,1.00494,0.00362655,0,0.0180914,,
2017-04,912828QG8,remove,7-Year,2018-04-30,1.1291e+10,0,0.991518,0.00161892,0,0.00809789,,
2017-04,912828ST8,reopen,7-Year,2019-04-30,9.87605e+09,3.5876e+10,1.97184,0.00138474,0.00499372,-0.0145142,1,True
2017-04,912828UZ1,remove,5-Year,2018-04-30,3.1088e+10,0,1.00586,0.00432816,0,0.0215874,,
2017-04,912828V98,reopen,10-Year,2027-02-15,4.30001e+10,6.30001e+10,8.723,0.00600881,0.00873971,0.00745387,0,True
2017-04,912828X21,add,3-Year,2020-04-15,0,2.4e+10,2.90001,0,0.00332813,-0.0102956,0,True
2017-04,912828X47,add,5-Year,2022-04-30,0,3.4e+10,4.73246,0,0.00474562,-0.00598461,1,False
2017-04,912828X70,add,7-Year,2024-04-30,0,2.8e+10,6.43027,0,0.00391328,0.00170905,1,False
2017-05,912810EA2,remove,30-Year,2018-05-15,4.816e+09,0,0.948058,0.000720088,0,0.00364279,,
2017-05,912810RX8,add,30-Year,2047-05-15,0,1.5e+10,19.76,0,0.00210216,0.0289112,0,True
2017-05,912828HZ6,remove,10-Year,2018-05-15,1.2281e+10,0,0.959633,0.00174768,0,0.00882094,,
2017-05,912828QQ6,remove,7-Year,2018-05-31,1.1002e+10,0,0.995232,0.00156026,0,0.00781949,,
2017-05,912828R51,remove,2-Year,2018-05-31,2.6e+10,0,1.00599,0.00360666,0,0.0180365,,
2017-05,912828VE7,remove,5-Year,2018-05-31,3.3591e+10,0,1.00508,0.00466834,0,0.0233501,,
2017-05,912828X88,add,10-Year,2027-05-15,0,2.30001e+10,8.84068,0,0.0032048,0.00908179,0,True
2017-05,912828X96,add,3-Year,2020-05-15,0,2.4e+10,2.8997,0,0.00331322,-0.0102948,0,True
2017-05,912828XA3,remove,3-Year,2018-05-15,2.40001e+10,0,0.966483,0.00332059,0,0.0167371,,
2017-05,912828XR6,add,5-Year,2022-05-31,0,3.4e+10,4.74321,0,0.004716,-0.00595947,0,True
2017-05,912828XS4,add,2-Year,2019-05-31,0,2.6e+10,1.97415,0,0.003602,-0.0145259,0,True
2017-05,912828XT2,add,7-Year,2024-05-31,0,2.8e+10,6.43822,0,0.00389748,0.00168117,1,False
2017-06,912810RX8,reopen,30-Year,2047-05-15,1.5e+10,2.7e+10,19.9323,0.00218424,0.00390111,0.0237252,0,True
2017-06,912828QT0,remove,7-Year,2018-06-30,1.41341e+10,0,0.986968,0.00197711,0,0.0101356,,
2017-06,912828R93,remove,2-Year,2018-06-30,2.60001e+10,0,0.999571,0.00354423,0,0.0181248,,
2017-06,912828VK3,remove,5-Year,2018-06-30,2.4139e+10,0,0.99409,0.00332743,0,0.0170343,,
2017-06,912828X88,reopen,10-Year,2027-05-15,2.30001e+10,4.30002e+10,8.76378,0.00321983,0.00597295,0.00729666,0,True
2017-06,912828XF2,remove,3-Year,2018-06-15,2.40002e+10,0,0.960638,0.00327928,0,0.0168975,,
2017-06,912828XU9,add,3-Year,2020-06-15,0,2.40001e+10,2.89395,0,0.00325868,-0.0104914,0,True
2017-06,912828XV7,add,2-Year,2019-06-30,0,2.60001e+10,1.96529,0,0.00354016,-0.0146851,0,True
2017-06,912828XW5,add,5-Year,2022-06-30,0,3.4e+10,4.73322,0,0.00465127,-0.00641986,1,False
2017-06,912828XX3,add,7-Year,2024-06-30,0,2.8e+10,6.4568,0,0.00383407,0.00131641,1,False
2017-07,912810RX8,reopen,30-Year,2047-05-15,2.7e+10,3.9e+10,19.6092,0.00378655,0.00542735,0.0223224,0,True
2017-07,9128282J8,add,3-Year,2020-07-15,0,2.4e+10,2.89545,0,0.00325562,-0.0101223,0,True
2017-07,9128282K5,add,2-Year,2019-07-31,0,2.6e+10,1.96734,0,0.00355283,-0.0143438,0,True
2017-07,9128282N9,add,7-Year,2024-07-31,0,2.8e+10,6.41444,0,0.00384233,0.00157468,1,False
2017-07,9128282P4,add,5-Year,2022-07-31,0,3.4e+10,4.71899,0,0.00466025,-0.00599133,1,False
2017-07,912828QY9,remove,7-Year,2018-07-31,9.48702e+09,0,0.993083,0.00132579,0,0.00664425,,
2017-07,912828S68,remove,2-Year,2018-07-31,2.60002e+10,0,1.00389,0.00355391,0,0.0177721,,
2017-07,912828VQ0,remove,5-Year,2018-07-31,2.87301e+10,0,0.999327,0.00396369,0,0.0198394,,
2017-07,912828X88,reopen,10-Year,2027-05-15,4.30002e+10,6.30002e+10,8.66688,0.00594181,0.00863841,0.00717907,0,True
2017-07,912828XK1,remove,3-Year,2018-07-15,2.4e+10,0,0.96378,0.00327412,0,0.0165043,,
2017-08,912810RY6,add,30-Year,2047-08-15,0,1.5e+10,20.3104,0,0.00201492,0.0286662,0,True
2017-08,9128282C3,remove,2-Year,2018-08-31,2.60001e+10,0,1.00394,0.00350398,0,0.0177987,,
2017-08,9128282Q2,add,3-Year,2020-08-15,0,2.4e+10,2.89681,0,0.00322527,-0.0102779,0,True
2017-08,9128282R0,add,10-Year,2027-08-15,0,2.3e+10,8.88982,0,0.00311116,0.00873091,0,True
2017-08,9128282S8,add,5-Year,2022-08-31,0,3.4e+10,4.73853,0,0.00460207,-0.00618964,1,False
2017-08,9128282T6,add,2-Year,2019-08-31,0,2.6e+10,1.96841,0,0.00351217,-0.0144529,1,False
2017-08,9128282U3,add,7-Year,2024-08-31,0,2.8e+10,6.45416,0,0.003794,0.0014063,1,False
2017-08,912828JH4,remove,10-Year,2018-08-15,1.4218e+10,0,0.956382,0.0019718,0,0.0101097,,
2017-08,912828K82,remove,3-Year,2018-08-15,2.4e+10,0,0.963521,0.00323211,0,0.0165483,,
2017-08,912828RE2,remove,7-Year,2018-08-31,4.57331e+10,0,0.998478,0.00623234,0,0.0316916,,
2017-09,912810RY6,reopen,30-Year,2047-08-15,1.5e+10,2.7e+10,20.2173,0.00201994,0.00361313,0.0225142,0,True
2017-09,9128282R0,reopen,10-Year,2027-08-15,2.3e+10,4.3e+10,8.80136,0.00310989,0.00577774,0.00724488,0,True
2017-09,9128282V1,add,3-Year,2020-09-15,0,2.4e+10,2.89982,0,0.00319081,-0.0101656,0,True
2017-09,9128282W9,add,5-Year,2022-09-30,0,3.4e+10,4.72385,0,0.00458351,-0.00624219,1,False
2017-09,9128282X7,add,2-Year,2019-09-30,0,2.6e+10,1.96265,0,0.00349814,-0.0144231,1,False
2017-09,9128282Y5,add,7-Year,2024-09-30,0,2.8e+10,6.43295,0,0.00377854,0.00131196,1,False
2017-09,912828L40,remove,3-Year,2018-09-15,2.40001e+10,0,0.963185,0.0032183,0,0.0164859,,
2017-09,912828RH5,remove,7-Year,2018-09-30,4.7481e+10,0,0.996307,0.00643108,0,0.0327305,,
2017-09,912828T42,remove,2-Year,2018-09-30,2.60002e+10,0,1.00087,0.00348905,0,0.0177413,,
2017-10,912810RY6,reopen,30-Year,2047-08-15,2.7e+10,3.9e+10,19.9155,0.00352463,0.00505687,0.0213368,0,True
2017-10,9128282R0,reopen,10-Year,2027-08-15,4.3e+10,6.30001e+10,8.6991,0.00574135,0.00835515,0.00708016,0,True
2017-10,9128282Z2,add,3-Year,2020-10-15,0,2.40001e+10,2.88831,0,0.00320998,-0.00995748,0,True
2017-10,9128283C2,add,5-Year,2022-10-31,0,3.4e+10,4.70239,0,0.00459098,-0.00591297,0,True
2017-10,9128283D0,add,7-Year,2024-10-31,0,2.8e+10,6.38033,0,0.00379679,0.00148069,1,False
2017-10,912828F62,reopen,5-Year,2019-10-31,3.5e+10,6.10001e+10,1.96224,0.00475001,0.0082229,-0.0139892,0,True
2017-10,912828L81,remove,3-Year,2018-10-15,2.4e+10,0,0.962869,0.00322424,0,0.0162098,,
2017-10,912828RP7,remove,7-Year,2018-10-31,1.229e+10,0,0.995669,0.00167888,0,0.00838548,,
2017-10,912828T83,remove,2-Year,2018-10-31,2.60001e+10,0,1.00293,0.00349948,0,0.0174534,,
2017-10,912828WD8,remove,5-Year,2018-10-31,3.1458e+10,0,0.999272,0.00426572,0,0.0212905,,
2017-11,912810EB0,remove,30-Year,2018-11-15,5.18415e+09,0,0.946256,0.000744457,0,0.00382425,,
2017-11,912810RZ3,add,30-Year,2047-11-15,0,1.5e+10,20.3012,0,0.00199774,0.0284038,0,True
2017-11,9128283F5,add,10-Year,2027-11-15,0,2.3e+10,8.87574,0,0.00304457,0.00850202,0,True
2017-11,9128283G3,add,3-Year,2020-11-15,0,2.40001e+10,2.88497,0,0.00319264,-0.0102108,0,True
2017-11,9128283H1,add,2-Year,2019-11-30,0,2.6e+10,1.95491,0,0.00349643,-0.0144344,1,False
2017-11,9128283J7,add,7-Year,2024-11-30,0,2.8e+10,6.39351,0,0.00377389,0.00117099,1,False
2017-11,912828A34,remove,5-Year,2018-11-30,2.93481e+10,0,0.99837,0.00393557,0,0.0200118,,
2017-11,912828JR2,remove,10-Year,2018-11-15,2.70201e+10,0,0.957857,0.00369257,0,0.0189258,,
2017-11,912828M64,remove,3-Year,2018-11-15,2.4e+10,0,0.963805,0.00320051,0,0.0163847,,
2017-11,912828M80,reopen,7-Year,2022-11-30,2.8985e+10,6.2985e+10,4.70209,0.00390196,0.00845174,-0.00628384,1,True
2017-11,912828RT9,remove,7-Year,2018-11-30,1.38172e+10,0,0.997463,0.00185632,0,0.00944078,,
2017-11,912828U40,remove,2-Year,2018-11-30,2.60002e+10,0,1.00019,0.00347369,0,0.0176569,,
2017-12,912810RZ3,reopen,30-Year,2047-11-15,1.5e+10,2.701e+10,20.1448,0.00198761,0.00355801,0.0221018,0,True
2017-12,9128283F5,reopen,10-Year,2027-11-15,2.3e+10,4.3e+10,8.78638,0.00303351,0.00563804,0.00707276,0,True
2017-12,9128283L2,add,3-Year,2020-12-15,0,2.4e+10,2.8836,0,0.00319181,-0.010173,0,True
2017-12,9128283N8,add,2-Year,2019-12-31,0,2.6e+10,1.95764,0,0.00350153,-0.0144024,1,False
2017-12,9128283P3,add,7-Year,2024-12-31,0,2.8e+10,6.35721,0,0.00377939,0.00108238,1,False
2017-12,912828A75,remove,5-Year,2018-12-31,3.29431e+10,0,1.00409,0.00444359,0,0.0225145,,
2017-12,912828N22,remove,3-Year,2018-12-15,2.4e+10,0,0.968659,0.00320774,0,0.0163664,,
2017-12,912828N30,reopen,7-Year,2022-12-31,2.8965e+10,6.2965e+10,4.68951,0.00390266,0.00843391,-0.00625908,1,True
2017-12,912828RY8,remove,7-Year,2018-12-31,1.7244e+10,0,1.00499,0.00232169,0,0.0117613,,
2017-12,912828U99,remove,2-Year,2018-12-31,2.6e+10,0,1.0059,0.00349409,0,0.0176973,,
2018-01,912810RZ3,reopen,30-Year,2047-11-15,2.701e+10,3.901e+10,19.9838,0.00354483,0.00509283,0.0216101,0,True
2018-01,9128283F5,reopen,10-Year,2027-11-15,4.3e+10,6.30001e+10,8.67997,0.0056097,0.00817569,0.00681576,0,True
2018-01,9128283Q1,add,3-Year,2021-01-15,0,2.4e+10,2.86826,0,0.00318734,-0.0100577,0,True
2018-01,9128283S7,add,2-Year,2020-01-31,0,2.6e+10,1.94573,0,0.00349875,-0.014268,0,True
2018-01,9128283U2,add,5-Year,2023-01-31,0,3.40001e+10,4.64772,0,0.00458306,-0.0063065,0,True
2018-01,9128283V0,add,7-Year,2025-01-31,0,2.8e+10,6.32047,0,0.0037707,0.00111878,0,True
2018-01,912828B33,remove,5-Year,2019-01-31,3.0827e+10,0,0.995594,0.00415417,0,0.0208879,,
2018-01,912828N63,remove,3-Year,2019-01-15,2.4e+10,0,0.960487,0.00320077,0,0.0162064,,
2018-01,912828SD3,remove,7-Year,2019-01-31,2.3702e+10,0,0.997404,0.00318221,0,0.0159949,,
2018-01,912828V56,remove,2-Year,2019-01-31,2.60001e+10,0,0.998314,0.00348426,0,0.01751,,
2018-02,912810EC8,remove,30-Year,2019-02-15,1.17461e+10,0,0.94998,0.00170641,0,0.00843693,,
2018-02,912810SA7,add,30-Year,2048-02-15,0,1.6e+10,19.4206,0,0.00208601,0.0282162,0,True
2018-02,9128283W8,add,10-Year,2028-02-15,0,2.4e+10,8.65282,0,0.00321231,0.00886145,0,True
2018-02,9128283X6,add,3-Year,2021-02-15,0,2.60001e+10,2.86446,0,0.00351409,-0.0106469,0,True
2018-02,9128283Y4,add,2-Year,2020-02-29,0,2.80001e+10,1.94092,0,0.00384198,-0.0151885,0,True
2018-02,9128283Z1,add,7-Year,2025-02-28,0,2.90001e+10,6.25386,0,0.00396647,0.0014265,0,True
2018-02,9128284A5,add,5-Year,2023-02-28,0,3.5e+10,4.61122,0,0.00480352,-0.00616293,0,True
2018-02,912828C24,remove,5-Year,2019-02-28,3.2491e+10,0,0.994494,0.00442874,0,0.0216996,,
2018-02,912828KD1,remove,10-Year,2019-02-15,2.45341e+10,0,0.96366,0.00336273,0,0.0165802,,
2018-02,912828P53,remove,3-Year,2019-02-15,2.4e+10,0,0.968489,0.00322519,0,0.0158864,,
2018-02,912828SH4,remove,7-Year,2019-02-28,2.3096e+10,0,0.995398,0.0031423,0,0.0153936,,
2018-02,912828W30,remove,2-Year,2019-02-28,2.6e+10,0,0.997216,0.00352428,0,0.0172584,,
2018-03,912810SA7,reopen,30-Year,2048-02-15,1.6e+10,2.9e+10,19.522,0.00213797,0.00384314,0.0230667,0,True
2018-03,9128283W8,reopen,10-Year,2028-02-15,2.4e+10,4.50001e+10,8.58535,0.00322455,0.00599621,0.00718098,0,True
2018-03,9128284B3,add,3-Year,2021-03-15,0,2.8e+10,2.85769,0,0.00374082,-0.0117342,0,True
2018-03,9128284C1,add,2-Year,2020-03-31,0,3e+10,1.94527,0,0.00405333,-0.0164129,1,False
2018-03,9128284D9,add,5-Year,2023-03-31,0,3.5e+10,4.61982,0,0.00473645,-0.0065111,1,False
2018-03,9128284F4,add,7-Year,2025-03-31,0,2.9e+10,6.26696,0,0.00392674,0.0010699,1,False
2018-03,912828C65,remove,5-Year,2019-03-31,3.39924e+10,0,0.998906,0.00459734,0,0.0229664,,
2018-03,912828P95,remove,3-Year,2019-03-15,2.4e+10,0,0.965069,0.00320275,0,0.016108,,
2018-03,912828SN1,remove,7-Year,2019-03-31,1.1465e+10,0,0.999807,0.00154774,0,0.00773046,,
2018-03,912828W97,remove,2-Year,2019-03-31,2.6e+10,0,1.00162,0.0034969,0,0.0174596,,
2018-04,912810SA7,reopen,30-Year,2048-02-15,2.9e+10,4.2e+10,19.2939,0.00379799,0.00544875,0.0220782,0,True
2018-04,9128283W8,reopen,10-Year,2028-02-15,4.50001e+10,6.60001e+10,8.48005,0.0059713,0.00867547,0.00692438,0,True
2018-04,9128284G2,add,3-Year,2021-04-15,0,3.00001e+10,2.85157,0,0.00397999,-0.01221,0,True
2018-04,9128284J6,add,2-Year,2020-04-30,0,3.2e+10,1.93568,0,0.00431339,-0.0171834,0,True
2018-04,9128284L1,add,5-Year,2023-04-30,0,3.5e+10,4.58269,0,0.00473816,-0.00633365,1,False
2018-04,9128284M9,add,7-Year,2025-04-30,0,2.9e+10,6.20838,0,0.00392799,0.00113506,1,False
2018-04,912828D23,remove,5-Year,2019-04-30,3.0333e+10,0,0.992441,0.00409584,0,0.0201801,,
2018-04,912828Q52,remove,3-Year,2019-04-15,2.4e+10,0,0.961663,0.00319362,0,0.0158332,,
2018-04,912828ST8,remove,7-Year,2019-04-30,3.58761e+10,0,0.995155,0.00481743,0,0.0237223,,
2018-05,912810SC3,add,30-Year,2048-05-15,0,1.7e+10,19.3488,0,0.00225679,0.0302721,0,True
2018-05,9128284N7,add,10-Year,2028-05-15,0,2.5e+10,8.60324,0,0.00329194,0.00878378,0,True
2018-05,9128284P2,add,3-Year,2021-05-15,0,3.1e+10,2.84289,0,0.00411626,-0.0127278,0,True
2018-05,9128284Q0,add,2-Year,2020-05-31,0,3.3e+10,1.93534,0,0.00443399,-0.0177343,0,True
2018-05,9128284R8,add,7-Year,2025-05-31,0,3.00002e+10,6.22682,0,0.00402452,0.00117456,0,True
2018-05,9128284S6,add,5-Year,2023-05-31,0,3.60001e+10,4.59465,0,0.0048276,-0.00647051,0,True
2018-05,912828KQ2,remove,10-Year,2019-05-15,3.13665e+10,0,0.956114,0.00422692,0,0.0210452,,
2018-05,912828R44,remove,3-Year,2019-05-15,2.4e+10,0,0.96152,0.00316327,0,0.0157324,,
2018-05,912828SX9,remove,7-Year,2019-05-31,1.2136e+10,0,0.998621,0.001611,0,0.00795247,,
2018-05,912828WL0,remove,5-Year,2019-05-31,3.4949e+10,0,0.995897,0.00466529,0,0.0230422,,
2018-05,912828XS4,remove,2-Year,2019-05-31,2.6e+10,0,0.99771,0.00345783,0,0.0170722,,
2018-06,912810SC3,reopen,30-Year,2048-05-15,1.7e+10,3.1e+10,19.3939,0.00229664,0.00414735,0.0247952,0,True
2018-06,9128284N7,reopen,10-Year,2028-05-15,2.5e+10,4.70001e+10,8.52882,0.00330998,0.00616238,0.00722406,0,True
2018-06,9128284T4,add,3-Year,2021-06-15,0,3.20001e+10,2.84048,0,0.0041827,-0.0131994,0,True
2018-06,9128284U1,add,5-Year,2023-06-30,0,3.6e+10,4.59157,0,0.00476557,-0.00669386,1,False
2018-06,912828R85,remove,3-Year,2019-06-15,2.40001e+10,0,0.958528,0.00312225,0,0.0157289,,
2018-06,912828TC4,remove,7-Year,2019-06-30,1.1144e+10,0,0.993831,0.0014575,0,0.00729094,,
2018-06,912828WS5,remove,5-Year,2019-06-30,3.48502e+10,0,0.98929,0.00460055,0,0.0230345,,
2018-06,912828XV7,remove,2-Year,2019-06-30,2.60001e+10,0,0.992005,0.00341318,0,0.0170802,,
2018-06,912828XY1,add,2-Year,2020-06-30,0,3.4e+10,1.9286,0,0.00449606,-0.0182882,1,False
2018-06,912828XZ8,add,7-Year,2025-06-30,0,3e+10,6.23606,0,0.00397268,0.000952898,1,False
2018-07,912810SC3,reopen,30-Year,2048-05-15,3.1e+10,4.50001e+10,19.266,0.00413619,0.00594717,0.0240953,0,True
2018-07,9128282K5,remove,2-Year,2019-07-31,2.6e+10,0,0.993397,0.00339182,0,0.0168487,,
2018-07,9128284N7,reopen,10-Year,2028-05-15,4.70001e+10,6.90001e+10,8.44049,0.00615626,0.00895215,0.00693281,0,True
2018-07,912828S43,remove,3-Year,2019-07-15,2.4e+10,0,0.958456,0.00309341,0,0.0154744,,
2018-07,912828TH3,remove,7-Year,2019-07-31,1.4484e+10,0,0.997052,0.00187546,0,0.0093094,,
2018-07,912828WW6,remove,5-Year,2019-07-31,3.4388e+10,0,0.99159,0.00450276,0,0.0223754,,
2018-07,912828Y20,add,3-Year,2021-07-15,0,3.3e+10,2.83876,0,0.00426971,-0.0133304,0,True
2018-07,912828Y46,add,2-Year,2020-07-31,0,3.50001e+10,1.92816,0,0.0045941,-0.0185266,0,True
2018-07,912828Y61,add,5-Year,2023-07-31,0,3.60001e+10,4.59196,0,0.00471643,-0.00645626,0,True
2018-07,912828Y79,add,7-Year,2025-07-31,0,3e+10,6.22102,0,0.00394579,0.00102658,1,False
2018-08,912810ED6,remove,30-Year,2019-08-15,6.95508e+09,0,0.935894,0.000950667,0,0.00480257,,
2018-08,912810SD1,add,30-Year,2048-08-15,0,1.8e+10,19.6594,0,0.00231672,0.0316735,0,True
2018-08,9128282B5,remove,3-Year,2019-08-15,2.4e+10,0,0.95281,0.00305546,0,0.0153838,,
2018-08,9128282T6,remove,2-Year,2019-08-31,2.60001e+10,0,0.988656,0.00334398,0,0.0167167,,
2018-08,9128284V9,add,10-Year,2028-08-15,0,2.60001e+10,8.60914,0,0.00335342,0.00879081,0,True
2018-08,9128284W7,add,3-Year,2021-08-15,0,3.4e+10,2.82982,0,0.00438186,-0.0138373,0,True
2018-08,9128284X5,add,5-Year,2023-08-31,0,3.7e+10,4.59034,0,0.00482128,-0.006737,1,False
2018-08,9128284Y3,add,2-Year,2020-08-31,0,3.60002e+10,1.92267,0,0.00468405,-0.0190407,0,True
2018-08,9128284Z0,add,7-Year,2025-08-31,0,3.1e+10,6.23845,0,0.00404066,0.00101327,1,False
2018-08,912828D80,remove,5-Year,2019-08-31,3.5e+10,0,0.98594,0.00452666,0,0.0226412,,
2018-08,912828LJ7,remove,10-Year,2019-08-15,2.76531e+10,0,0.945928,0.0036216,0,0.0182592,,
2018-08,912828TN0,remove,7-Year,2019-08-31,1.5143e+10,0,0.990484,0.00194035,0,0.00969634,,
2018-09,912810SD1,reopen,30-Year,2048-08-15,1.8e+10,3.3e+10,19.3349,0.00225483,0.00409343,0.0246889,0,True
2018-09,9128282G4,remove,3-Year,2019-09-15,2.4e+10,0,0.959998,0.00307058,0,0.0151895,,
2018-09,9128282X7,remove,2-Year,2019-09-30,2.60003e+10,0,0.9925,0.00336266,0,0.016525,,
2018-09,9128284V9,reopen,10-Year,2028-08-15,2.60001e+10,4.90001e+10,8.50898,0.00333364,0.00622118,0.00751399,0,True
2018-09,9128285A4,add,3-Year,2021-09-15,0,3.5e+10,2.83496,0,0.00449276,-0.0138009,0,True
2018-09,9128285B2,add,2-Year,2020-09-30,0,3.70001e+10,1.92359,0,0.00482072,-0.0192018,0,True
2018-09,9128285C0,add,7-Year,2025-09-30,0,3.1e+10,6.18576,0,0.00405095,0.00113019,1,False
2018-09,9128285D8,add,5-Year,2023-09-30,0,3.8e+10,4.56408,0,0.004964,-0.00666507,1,False
2018-09,912828F39,remove,5-Year,2019-09-30,3.5e+10,0,0.989794,0.00455189,0,0.0223815,,
2018-09,912828TR1,remove,7-Year,2019-09-30,1.9249e+10,0,0.995238,0.00247561,0,0.012159,,
2018-10,912810SD1,reopen,30-Year,2048-08-15,3.3e+10,4.8e+10,19.0853,0.00400831,0.00576818,0.0233284,0,True
2018-10,9128284V9,reopen,10-Year,2028-08-15,4.90001e+10,7.20002e+10,8.41929,0.00622582,0.00905073,0.00731551,0,True
2018-10,9128285F3,add,3-Year,2021-10-15,0,3.60001e+10,2.82767,0,0.00459832,-0.0138041,0,True
2018-10,9128285G1,add,2-Year,2020-10-31,0,3.80002e+10,1.92048,0,0.00492468,-0.0192514,0,True
2018-10,9128285J5,add,7-Year,2025-10-31,0,3.1e+10,6.19163,0,0.00400139,0.00144842,0,True
2018-10,9128285K2,add,5-Year,2023-10-31,0,3.9e+10,4.57275,0,0.00502882,-0.0063207,0,True
2018-10,912828F62,remove,5-Year,2019-10-31,6.10001e+10,0,0.991298,0.0078451,0,0.0379573,,
2018-10,912828T59,remove,3-Year,2019-10-15,2.40001e+10,0,0.956705,0.00305179,0,0.0148712,,
2018-10,912828TV2,remove,7-Year,2019-10-31,1.4343e+10,0,0.993113,0.00183778,0,0.00888848,,
2018-11,912810SE9,add,30-Year,2048-11-15,0,1.9e+10,18.8113,0,0.00243459,0.0315811,0,True
2018-11,9128283H1,remove,2-Year,2019-11-30,2.60001e+10,0,0.983903,0.00331339,0,0.0160886,,
2018-11,9128285L0,add,3-Year,2021-11-15,0,3.70002e+10,2.8259,0,0.0046936,-0.0141447,0,True
2018-11,9128285M8,add,10-Year,2028-11-15,0,2.70001e+10,8.50954,0,0.00344003,0.00918497,0,True
2018-11,9128285N6,add,7-Year,2025-11-30,0,3.2e+10,6.19541,0,0.00411311,0.00146383,1,False
2018-11,9128285P1,add,5-Year,2023-11-30,0,4e+10,4.56731,0,0.00513962,-0.00653867,1,False
2018-11,9128285Q9,add,2-Year,2020-11-30,0,3.90001e+10,1.91809,0,0.00499855,-0.0196015,0,True
2018-11,912828G61,remove,5-Year,2019-11-30,3.50001e+10,0,0.985705,0.00444383,0,0.0215695,,
2018-11,912828LY4,remove,10-Year,2019-11-15,3.65161e+10,0,0.948129,0.00469219,0,0.0229513,,
2018-11,912828U32,remove,3-Year,2019-11-15,2.40001e+10,0,0.953814,0.00301261,0,0.0147187,,
2018-11,912828UB4,remove,7-Year,2019-11-30,2.20171e+10,0,0.989349,0.00277464,0,0.0134575,,
2018-12,912810SE9,reopen,30-Year,2048-11-15,1.9e+10,3.5e+10,19.1177,0.00254219,0.00463226,0.0273939,0,True
2018-12,9128283N8,remove,2-Year,2019-12-31,2.6e+10,0,0.991574,0.00323413,0,0.0162336,,
2018-12,9128285M8,reopen,10-Year,2028-11-15,2.70001e+10,5.10002e+10,8.47055,0.00347586,0.00649441,0.0074241,0,True
2018-12,9128285R7,add,3-Year,2021-12-15,0,3.8e+10,2.84425,0,0.00467928,-0.0148184,0,True
2018-12,9128285S5,add,2-Year,2020-12-31,0,4.00001e+10,1.93485,0,0.00496742,-0.0202482,0,True
2018-12,9128285T3,add,7-Year,2025-12-31,0,3.2e+10,6.28473,0,0.00398088,0.00108948,1,False
2018-12,9128285U0,add,5-Year,2023-12-31,0,4.1e+10,4.62157,0,0.00509876,-0.00708466,1,False
2018-12,912828G95,remove,5-Year,2019-12-31,3.50001e+10,0,0.993369,0.00433756,0,0.0217645,,
2018-12,912828U73,remove,3-Year,2019-12-15,2.40002e+10,0,0.958729,0.00294614,0,0.0148849,,
2018-12,912828UF5,remove,7-Year,2019-12-31,2.1918e+10,0,0.996998,0.00269615,0,0.0135187,,
2019-01,912810SE9,reopen,30-Year,2048-11-15,3.5e+10,5.1e+10,18.962,0.00459548,0.00662548,0.0263782,0,True
2019-01,9128283S7,remove,2-Year,2020-01-31,2.6e+10,0,0.988024,0.00320727,0,0.0159714,,
2019-01,9128285M8,reopen,10-Year,2028-11-15,5.10002e+10,7.50002e+10,8.38233,0.00650451,0.00946433,0.00714661,0,True
2019-01,9128285V8,add,3-Year,2022-01-15,0,3.80001e+10,2.84538,0,0.00461335,-0.0144047,0,True
2019-01,9128285X4,add,2-Year,2021-01-31,0,4e+10,1.92938,0,0.00492502,-0.0198892,1,False
2019-01,9128285Z9,add,5-Year,2024-01-31,0,4.1e+10,4.61744,0,0.0050482,-0.0068168,1,False
2019-01,9128286A3,add,7-Year,2026-01-31,0,3.2e+10,6.28202,0,0.00394123,0.00123849,1,False
2019-01,912828H52,remove,5-Year,2020-01-31,3.5e+10,0,0.993427,0.00426972,0,0.0212391,,
2019-01,912828UL2,remove,7-Year,2020-01-31,2.2985e+10,0,0.992518,0.00280922,0,0.0139766,,
2019-01,912828V31,remove,3-Year,2020-01-15,2.40001e+10,0,0.956073,0.0029163,0,0.0146157,,
2019-02,912810EE4,remove,30-Year,2020-02-15,3.59415e+09,0,0.948236,0.000461452,0,0.00233056,,
2019-02,912810SF6,add,30-Year,2049-02-15,0,1.9e+10,19.6492,0,0.00228376,0.0311745,0,True
2019-02,9128283Y4,remove,2-Year,2020-02-29,2.80001e+10,0,0.989209,0.00342156,0,0.0171404,,
2019-02,9128286B1,add,10-Year,2029-02-15,0,2.7e+10,8.725,0,0.0032508,0.00886253,0,True
2019-02,9128286C9,add,3-Year,2022-02-15,0,3.80001e+10,2.85537,0,0.00459013,-0.0144285,0,True
2019-02,9128286D7,add,2-Year,2021-02-28,0,4e+10,1.93334,0,0.0048817,-0.0198461,1,False
2019-02,9128286F2,add,7-Year,2026-02-28,0,3.2e+10,6.31029,0,0.00390675,0.00121715,1,False
2019-02,9128286G0,add,5-Year,2024-02-29,0,4.1e+10,4.6376,0,0.00500344,-0.0068104,1,False
2019-02,912828J50,remove,5-Year,2020-02-29,3.5e+10,0,0.995477,0.00422196,0,0.0211236,,
2019-02,912828MP2,remove,10-Year,2020-02-15,4.38493e+10,0,0.959067,0.00537536,0,0.02709,,
2019-02,912828UQ1,remove,7-Year,2020-02-29,1.9361e+10,0,0.996386,0.00233113,0,0.0116611,,
2019-02,912828W22,remove,3-Year,2020-02-15,2.40001e+10,0,0.96442,0.00287783,0,0.0144879,,
2019-03,912810SF6,reopen,30-Year,2049-02-15,1.9e+10,3.5e+10,19.7449,0.0023273,0.00424338,0.0261625,0,True
2019-03,9128284C1,remove,2-Year,2020-03-31,3.00001e+10,0,0.989919,0.00360269,0,0.0183765,,
2019-03,9128286B1,reopen,10-Year,2029-02-15,2.7e+10,5.10001e+10,8.66434,0.00327716,0.00612703,0.00733451,0,True
2019-03,9128286H8,add,3-Year,2022-03-15,0,3.80001e+10,2.85563,0,0.00450167,-0.0145632,0,True
2019-03,9128286L9,add,7-Year,2026-03-31,0,3.2e+10,6.36995,0,0.00381096,0.00106418,1,False
2019-03,912828C57,reopen,7-Year,2021-03-31,2.5315e+10,6.5315e+10,1.94086,0.00304432,0.00777446,-0.0196293,1,True
2019-03,912828J84,remove,5-Year,2020-03-31,3.5e+10,0,0.996185,0.00414913,0,0.0211379,,
2019-03,912828UV0,remove,7-Year,2020-03-31,1.77021e+10,0,0.998005,0.00209072,0,0.0106474,,
2019-03,912828W63,remove,3-Year,2020-03-15,2.4e+10,0,0.959073,0.0028354,0,0.0145502,,
2019-03,912828W71,reopen,7-Year,2024-03-31,2.8e+10,6.9e+10,4.68572,0.00335219,0.00817643,-0.00677801,1,True
2019-04,912810SF6,reopen,30-Year,2049-02-15,3.5e+10,5.1e+10,19.583,0.00421337,0.00608338,0.0253254,0,True
2019-04,9128284J6,remove,2-Year,2020-04-30,3.2e+10,0,0.988982,0.00382559,0,0.0193233,,
2019-04,9128286B1,reopen,10-Year,2029-02-15,5.10001e+10,7.50002e+10,8.57326,0.00611323,0.00890788,0.0070795,0,True
2019-04,9128286M7,add,3-Year,2022-04-15,0,3.8e+10,2.86116,0,0.00445083,-0.0141486,0,True
2019-04,9128286R6,add,5-Year,2024-04-30,0,4.10001e+10,4.6677,0,0.0048399,-0.00664198,0,True
2019-04,9128286S4,add,7-Year,2026-04-30,0,3.2e+10,6.34649,0,0.00379301,0.0011624,1,False
2019-04,912828K58,remove,5-Year,2020-04-30,3.50001e+10,0,0.99613,0.00412293,0,0.0207957,,
2019-04,912828VA5,remove,7-Year,2020-04-30,2.38341e+10,0,0.997951,0.00279716,0,0.0141035,,
2019-04,912828WG1,reopen,7-Year,2021-04-30,2.6672e+10,6.66721e+10,1.94023,0.00318386,0.00788596,-0.0192777,0,True
2019-04,912828X21,remove,3-Year,2020-04-15,2.4e+10,0,0.962033,0.00281386,0,0.0142888,,
2019-05,912810EF1,remove,30-Year,2020-05-15,4.85197e+09,0,0.946051,0.000598897,0,0.00310933,,
2019-05,912810SH2,add,30-Year,2049-05-15,0,1.9e+10,20.1347,0,0.00225081,0.0315044,0,True
2019-05,9128284Q0,remove,2-Year,2020-05-31,3.3e+10,0,0.991271,0.00388205,0,0.0199791,,
2019-05,9128286T2,add,10-Year,2029-05-15,0,2.7e+10,8.83729,0,0.0031341,0.00846044,0,True
2019-05,9128286U9,add,3-Year,2022-05-15,0,3.80001e+10,2.86819,0,0.00439205,-0.0143604,0,True
2019-05,9128286V7,add,2-Year,2021-05-31,0,4e+10,1.9467,0,0.00466552,-0.0195537,1,False
2019-05,9128286X3,add,7-Year,2026-05-31,0,3.2e+10,6.39883,0,0.00373357,0.000974545,1,False
2019-05,912828ND8,remove,10-Year,2020-05-15,3.15971e+10,0,0.957705,0.00371085,0,0.0192226,,
2019-05,912828VF4,remove,7-Year,2020-05-31,2.4245e+10,0,0.999296,0.00280523,0,0.0144147,,
2019-05,912828X96,remove,3-Year,2020-05-15,2.4e+10,0,0.962463,0.00276386,0,0.0143039,,
2019-05,912828XE5,remove,5-Year,2020-05-31,3.5e+10,0,0.998391,0.00405714,0,0.0208513,,
2019-05,912828XT2,reopen,7-Year,2024-05-31,2.8e+10,6.9e+10,4.70593,0.00326179,0.00799616,-0.00677906,1,True
2019-06,912810SH2,reopen,30-Year,2049-05-15,1.9e+10,3.5e+10,20.2869,0.0023053,0.00420655,0.0266796,0,True
2019-06,9128286T2,reopen,10-Year,2029-05-15,2.7e+10,5.1025e+10,8.78368,0.00316404,0.00592304,0.0069789,0,True
2019-06,9128286Y1,add,3-Year,2022-06-15,0,3.80002e+10,2.88739,0,0.00427224,-0.0143837,0,True
2019-06,9128286Z8,add,5-Year,2024-06-30,0,4.1e+10,4.74435,0,0.00463848,-0.00700333,1,False
2019-06,9128287A2,add,2-Year,2021-06-30,0,4e+10,1.9587,0,0.00452471,-0.0194358,1,False
2019-06,9128287B0,add,7-Year,2026-06-30,0,3.2e+10,6.48621,0,0.00362261,0.000840552,1,False
2019-06,912828VJ6,remove,7-Year,2020-06-30,1.6132e+10,0,0.995053,0.00184279,0,0.00969145,,
2019-06,912828XH8,remove,5-Year,2020-06-30,3.50001e+10,0,0.996844,0.0039834,0,0.0209421,,
2019-06,912828XU9,remove,3-Year,2020-06-15,2.40001e+10,0,0.964424,0.00270807,0,0.014325,,
2019-06,912828XY1,remove,2-Year,2020-06-30,3.4e+10,0,0.990633,0.00391963,0,0.0206311,,
2019-07,912810SH2,reopen,30-Year,2049-05-15,3.5e+10,5.1e+10,20.147,0.00419104,0.00605557,0.0259758,0,True
2019-07,9128282J8,remove,3-Year,2020-07-15,2.4e+10,0,0.961378,0.00269124,0,0.0141403,,
2019-07,9128286T2,reopen,10-Year,2029-05-15,5.1025e+10,7.50251e+10,8.69405,0.00592683,0.00864125,0.00672769,0,True
2019-07,9128287C8,add,3-Year,2022-07-15,0,3.80001e+10,2.88252,0,0.00423576,-0.014118,0,True
2019-07,9128287F1,add,2-Year,2021-07-31,0,4.00002e+10,1.95654,0,0.00449507,-0.0191446,0,True
2019-07,912828VP2,remove,7-Year,2020-07-31,2.2974e+10,0,0.993803,0.00261263,0,0.0136425,,
2019-07,912828XM7,remove,5-Year,2020-07-31,3.5e+10,0,0.996485,0.00395829,0,0.0206586,,
2019-07,912828Y46,remove,2-Year,2020-07-31,3.50001e+10,0,0.989398,0.00401683,0,0.0209926,,
2019-07,912828Y87,add,5-Year,2024-07-31,0,4.10001e+10,4.7414,0,0.00459522,-0.00677409,0,True
2019-07,912828Y95,add,7-Year,2026-07-31,0,3.2e+10,6.48379,0,0.00358829,0.00096249,0,True
2019-08,912810EG9,remove,30-Year,2020-08-15,9.46939e+09,0,0.943398,0.00109888,0,0.00611841,,
2019-08,912810SJ8,add,30-Year,2049-08-15,0,1.9e+10,21.935,0,0.00215264,0.0332017,0,True
2019-08,9128282Q2,remove,3-Year,2020-08-15,2.4e+10,0,0.959812,0.00259868,0,0.0144264,,
2019-08,9128284Y3,remove,2-Year,2020-08-31,3.60002e+10,0,0.987903,0.00398981,0,0.0220371,,
2019-08,912828L32,remove,5-Year,2020-08-31,3.5e+10,0,0.996787,0.0038084,0,0.0210012,,
2019-08,912828NT3,remove,10-Year,2020-08-15,3.42311e+10,0,0.957112,0.00374775,0,0.0208155,,
2019-08,912828VV9,remove,7-Year,2020-08-31,2.614e+10,0,0.991418,0.00287595,0,0.0158747,,
2019-08,912828YA2,add,3-Year,2022-08-15,0,3.8e+10,2.89401,0,0.00411443,-0.0148828,0,True
2019-08,912828YB0,add,10-Year,2029-08-15,0,2.7e+10,9.17438,0,0.00294412,0.00784059,0,True
2019-08,912828YC8,add,2-Year,2021-08-31,0,4e+10,1.96207,0,0.00435786,-0.0198246,1,False
2019-08,912828YD6,add,7-Year,2026-08-31,0,3.2e+10,6.58916,0,0.0034855,0.000271568,1,False
2019-08,912828YE4,add,5-Year,2024-08-31,0,4.1e+10,4.79029,0,0.00446443,-0.00768306,1,False
2019-09,912810SJ8,reopen,30-Year,2049-08-15,1.9e+10,3.5e+10,21.8027,0.00214383,0.00391918,0.0271486,0,True
2019-09,9128282V1,remove,3-Year,2020-09-15,2.4e+10,0,0.9654,0.00259873,0,0.0144108,,
2019-09,9128285B2,remove,2-Year,2020-09-30,3.70001e+10,0,0.989594,0.00411341,0,0.0227106,,
2019-09,912828L65,remove,5-Year,2020-09-30,3.5e+10,0,0.999351,0.00381332,0,0.0210166,,
2019-09,912828VZ0,remove,7-Year,2020-09-30,2.0347e+10,0,0.994867,0.00223739,0,0.0123411,,
2019-09,912828YB0,reopen,10-Year,2029-08-15,2.7e+10,5.1e+10,9.08703,0.00293584,0.00550337,0.00661477,0,True
2019-09,912828YF1,add,3-Year,2022-09-15,0,3.80001e+10,2.89853,0,0.00409587,-0.014795,0,True
2019-09,912828YG9,add,7-Year,2026-09-30,0,3.2e+10,6.56729,0,0.00347741,0.000196746,1,False
2019-09,912828YH7,add,5-Year,2024-09-30,0,4.1e+10,4.77927,0,0.00445406,-0.00771194,1,False
2019-09,912828YJ3,add,2-Year,2021-09-30,0,4e+10,1.96509,0,0.00433662,-0.0197126,0,True
2019-10,912810SJ8,reopen,30-Year,2049-08-15,3.5e+10,5.10001e+10,21.4984,0.00379612,0.00550251,0.0257906,0,True
2019-10,9128282Z2,remove,3-Year,2020-10-15,2.40001e+10,0,0.962942,0.00261388,0,0.0141707,,
2019-10,9128285G1,remove,2-Year,2020-10-31,3.80002e+10,0,0.98962,0.00424625,0,0.0229071,,
2019-10,912828L99,remove,5-Year,2020-10-31,3.50001e+10,0,1.00024,0.00382601,0,0.0205993,,
2019-10,912828WC0,remove,7-Year,2020-10-31,2.7935e+10,0,0.99754,0.00307065,0,0.0165408,,
2019-10,912828YB0,reopen,10-Year,2029-08-15,5.1e+10,7.50001e+10,8.98927,0.00548412,0.00802264,0.00661283,0,True
2019-10,912828YK0,add,3-Year,2022-10-15,0,3.8e+10,2.89885,0,0.00408661,-0.0142435,0,True
2019-10,912828YM6,add,5-Year,2024-10-31,0,4.10002e+10,4.77874,0,0.00444541,-0.00713723,0,True
2019-10,912828YP9,add,2-Year,2021-10-31,0,4.00001e+10,1.96477,0,0.00435103,-0.0192294,0,True
2019-10,912828YQ7,add,7-Year,2026-10-31,0,3.2e+10,6.55083,0,0.00347233,0.000578363,0,True
2019-11,912810SK5,add,30-Year,2049-11-15,0,1.9e+10,21.5269,0,0.00212628,0.0321028,0,True
2019-11,9128283G3,remove,3-Year,2020-11-15,2.38581e+10,0,0.970982,0.00258943,0,0.0141324,,
2019-11,9128285Q9,remove,2-Year,2020-11-30,3.87751e+10,0,0.99612,0.00430493,0,0.0233869,,
2019-11,912828A42,remove,7-Year,2020-11-30,2.33671e+10,0,1.00139,0.00256604,0,0.0139267,,
2019-11,912828M98,remove,5-Year,2020-11-30,3.49981e+10,0,1.00407,0.00382215,0,0.0207338,,
2019-11,912828PC8,remove,10-Year,2020-11-15,5.4852e+10,0,0.968887,0.00600476,0,0.0327849,,
2019-11,912828TY6,reopen,10-Year,2022-11-15,3.39641e+10,7.19641e+10,2.89855,0.00368215,0.00779446,-0.0145171,0,True
2019-11,912828YS3,add,10-Year,2029-11-15,0,2.7e+10,9.11795,0,0.00291708,0.00784474,0,True
2019-11,912828YT1,add,2-Year,2021-11-30,0,4e+10,1.96783,0,0.00436121,-0.0194548,1,False
2019-11,912828YU8,add,7-Year,2026-11-30,0,3.2e+10,6.53744,0,0.00349067,0.000379557,1,False
2019-11,912828YV6,add,5-Year,2024-11-30,0,4.1e+10,4.76944,0,0.00447043,-0.00741764,1,False
2019-12,912810SK5,reopen,30-Year,2049-11-15,1.9e+10,3.5e+10,21.3176,0.00209344,0.00383291,0.0259676,0,True
2019-12,9128283L2,remove,3-Year,2020-12-15,2.4e+10,0,0.965391,0.00262167,0,0.0142192,,
2019-12,9128285S5,remove,2-Year,2020-12-31,3.89521e+10,0,0.995296,0.00433121,0,0.0233617,,
2019-12,912828A83,remove,7-Year,2020-12-31,2.3045e+10,0,0.996173,0.00255779,0,0.0137939,,
2019-12,912828N48,remove,5-Year,2020-12-31,3.492e+10,0,1.0006,0.00384046,0,0.0206943,,
2019-12,912828YS3,reopen,10-Year,2029-11-15,2.7e+10,5.10001e+10,9.01965,0.0029048,0.00545351,0.00670454,0,True
2019-12,912828YW4,add,3-Year,2022-12-15,0,3.8e+10,2.89252,0,0.00411019,-0.0143716,0,True
2019-12,912828YX2,add,7-Year,2026-12-31,0,3.2e+10,6.50241,0,0.00349174,0.000395683,1,False
2019-12,912828YY0,add,5-Year,2024-12-31,0,4.10001e+10,4.74814,0,0.0044781,-0.00734835,0,True
2019-12,912828YZ7,add,2-Year,2021-12-31,0,4e+10,1.96464,0,0.00436075,-0.0192939,0,True
2020-01,912810SK5,reopen,30-Year,2049-11-15,3.5e+10,5.1e+10,21.5408,0.00400766,0.0058024,0.0269491,0,True
2020-01,9128283Q1,remove,3-Year,2021-01-15,2.39e+10,0,0.95694,0.0025527,0,0.0142142,,
2020-01,9128285X4,remove,2-Year,2021-01-31,3.97671e+10,0,0.987161,0.00431833,0,0.0239153,,
2020-01,912828B58,remove,7-Year,2021-01-31,2.51301e+10,0,0.9898,0.00271398,0,0.0150231,,
2020-01,912828N89,remove,5-Year,2021-01-31,3.5e+10,0,0.995166,0.0037384,0,0.0206737,,
2020-01,912828YS3,reopen,10-Year,2029-11-15,5.10001e+10,7.50001e+10,8.95356,0.0055097,0.00805071,0.00617034,0,True
2020-01,912828Z29,add,3-Year,2023-01-15,0,3.80001e+10,2.89223,0,0.00402449,-0.0146211,0,True
2020-01,912828Z52,add,5-Year,2025-01-31,0,4.1e+10,4.7941,0,0.00434427,-0.00752064,0,True
2020-01,912828Z60,add,2-Year,2022-01-31,0,4.00001e+10,1.96424,0,0.00424631,-0.0193675,0,True
2020-01,912828Z78,add,7-Year,2027-01-31,0,3.2e+10,6.57821,0,0.00340378,0.000180237,1,False
2020-02,912810EH7,remove,30-Year,2021-02-15,4.05942e+09,0,0.952614,0.000451309,0,0.0025762,,
2020-02,912810SL3,add,30-Year,2050-02-15,0,1.9e+10,22.6259,0,0.00205406,0.0327931,0,True
2020-02,9128283X6,remove,3-Year,2021-02-15,2.59851e+10,0,0.965359,0.0027378,0,0.0155932,,
2020-02,9128286D7,remove,2-Year,2021-02-28,3.80691e+10,0,0.98807,0.00406861,0,0.0230805,,
2020-02,912828B90,remove,7-Year,2021-02-28,2.5556e+10,0,0.991593,0.00271141,0,0.0153718,,
2020-02,912828P87,remove,5-Year,2021-02-28,3.4e+10,0,0.997885,0.00356102,0,0.0201661,,
2020-02,912828PX2,remove,10-Year,2021-02-15,4.49961e+10,0,0.962115,0.00480477,0,0.0273813,,
2020-02,912828Z86,add,3-Year,2023-02-15,0,3.8e+10,2.90783,0,0.00398064,-0.0149395,0,True
2020-02,912828Z94,add,10-Year,2030-02-15,0,2.7e+10,9.24117,0,0.0028465,0.00734479,0,True
2020-02,912828ZA1,add,2-Year,2022-02-28,0,4e+10,1.96883,0,0.00419447,-0.0196807,1,False
2020-02,912828ZB9,add,7-Year,2027-02-28,0,3.2e+10,6.63866,0,0.00335627,-7.46012e-05,1,False
2020-02,912828ZC7,add,5-Year,2025-02-28,0,4.1e+10,4.82132,0,0.00429828,-0.00790698,1,False
2020-03,912810SL3,reopen,30-Year,2050-02-15,1.9e+10,3.5e+10,22.955,0.00217003,0.00401872,0.0296675,0,True
2020-03,9128284B3,remove,3-Year,2021-03-15,2.7851e+10,0,0.965215,0.002862,0,0.0170059,,
2020-03,912828C57,remove,7-Year,2021-03-31,6.3586e+10,0,0.998433,0.00659742,0,0.0389825,,
2020-03,912828Q37,remove,5-Year,2021-03-31,3.3857e+10,0,1.00556,0.00346185,0,0.0204305,,
2020-03,912828Z94,reopen,10-Year,2030-02-15,2.7e+10,5.1e+10,9.202,0.00287965,0.00546834,0.00594054,0,True
2020-03,912828ZD5,add,3-Year,2023-03-15,0,3.80001e+10,2.94595,0,0.0038527,-0.0152615,0,True
2020-03,912828ZE3,add,7-Year,2027-03-31,0,3.2e+10,6.79004,0,0.00324722,-0.000380384,1,False
2020-03,912828ZF0,add,5-Year,2025-03-31,0,4.1e+10,4.93368,0,0.00414241,-0.00817507,0,True
2020-03,912828ZG8,add,2-Year,2022-03-31,0,4e+10,2.00231,0,0.00405401,-0.0198844,0,True
2020-04,912810SL3,reopen,30-Year,2050-02-15,3.5e+10,5.2e+10,23.1603,0.00434389,0.00698515,0.0425589,0,True
2020-04,9128284G2,remove,3-Year,2021-04-15,2.79371e+10,0,0.967999,0.00292092,0,0.017757,,
2020-04,912828Q78,remove,5-Year,2021-04-30,3.2499e+10,0,1.00472,0.00338727,0,0.0204677,,
2020-04,912828WG1,remove,7-Year,2021-04-30,5.56131e+10,0,0.998493,0.00587099,0,0.0355121,,
2020-04,912828Z94,reopen,10-Year,2030-02-15,5.1e+10,7.6e+10,9.1437,0.00568204,0.0091645,0.00730086,0,True
2020-04,912828ZH6,add,3-Year,2023-04-15,0,4e+10,2.96012,0,0.00442831,-0.018099,0,True
2020-04,912828ZL7,add,5-Year,2025-04-30,0,4.3e+10,4.95748,0,0.0047697,-0.00996748,1,False
2020-04,912828ZM5,add,2-Year,2022-04-30,0,4.2e+10,2.00734,0,0.00465562,-0.0234638,1,False
2020-04,912828ZN3,add,7-Year,2027-04-30,0,3.5e+10,6.86467,0,0.00388514,-0.000709282,1,False
2020-05,912810EJ3,remove,30-Year,2021-05-15,4.90691e+09,0,0.960533,0.000591977,0,0.00353361,,
2020-05,912810SN9,add,30-Year,2050-05-15,0,2.2e+10,24.8271,0,0.00239753,0.0429096,0,True
2020-05,912810SR0,add,20-Year,2040-05-15,0,2e+10,17.8477,0,0.00224761,0.0245394,0,True
2020-05,9128284P2,remove,3-Year,2021-05-15,2.5729e+10,0,0.972924,0.00294603,0,0.0175489,,
2020-05,9128286V7,remove,2-Year,2021-05-31,2.943e+10,0,1.00763,0.00338808,0,0.0200644,,
2020-05,912828QN3,remove,10-Year,2021-05-15,2.71941e+10,0,0.971743,0.00312896,0,0.0186422,,
2020-05,912828R77,remove,5-Year,2021-05-31,3.10501e+10,0,1.01298,0.00353559,0,0.0209191,,
2020-05,912828WN6,remove,7-Year,2021-05-31,2.60371e+10,0,1.00852,0.00299202,0,0.0177163,,
2020-05,912828ZP8,add,3-Year,2023-05-15,0,4.2e+10,2.97099,0,0.00470236,-0.0186153,0,True
2020-05,912828ZQ6,add,10-Year,2030-05-15,0,3.2e+10,9.65654,0,0.00358032,0.00976296,0,True
2020-05,912828ZR4,add,2-Year,2022-05-31,0,4.4e+10,2.01728,0,0.0049425,-0.0242797,1,False
2020-05,912828ZS2,add,7-Year,2027-05-31,0,3.8e+10,6.87266,0,0.00427546,-0.000243877,1,False
2020-05,912828ZT0,add,5-Year,2025-05-31,0,4.5e+10,4.96875,0,0.00505894,-0.00992035,1,False
2020-06,912810SN9,reopen,30-Year,2050-05-15,2.2e+10,4.1e+10,24.677,0.00237363,0.00437978,0.0356241,0,True
2020-06,912810SR0,reopen,20-Year,2040-05-15,2e+10,3.7e+10,17.7308,0.00222844,0.00408178,0.0200369,0,True
2020-06,9128284T4,remove,3-Year,2021-06-15,2.30691e+10,0,0.967453,0.00266758,0,0.0158778,,
2020-06,9128287A2,remove,2-Year,2021-06-30,2.4608e+10,0,1.00297,0.00284015,0,0.0168041,,
2020-06,912828S27,remove,5-Year,2021-06-30,3.1712e+10,0,1.00658,0.00363324,0,0.0214834,,
2020-06,912828WR7,remove,7-Year,2021-06-30,2.4473e+10,0,0.999425,0.00284526,0,0.0168444,,
2020-06,912828ZQ6,reopen,10-Year,2030-05-15,3.2e+10,6.10001e+10,9.56486,0.00359384,0.00678291,0.00843598,0,True
2020-06,912828ZU7,add,3-Year,2023-06-15,0,4.4e+10,2.96086,0,0.00492298,-0.0194887,0,True
2020-06,912828ZV5,add,7-Year,2027-06-30,0,4.1e+10,6.86167,0,0.0045931,-0.000266019,1,False
2020-06,912828ZW3,add,5-Year,2025-06-30,0,4.70001e+10,4.9732,0,0.00523707,-0.0101934,0,True
2020-06,912828ZX1,add,2-Year,2022-06-30,0,4.60001e+10,2.01002,0,0.00513661,-0.0252185,0,True
2020-07,912810SN9,reopen,30-Year,2050-05-15,4.1e+10,6e+10,24.7562,0.00457087,0.0066334,0.0365573,0,True
2020-07,912810SR0,reopen,20-Year,2040-05-15,3.7e+10,5.4e+10,17.6926,0.00418107,0.00605131,0.0199384,0,True
2020-07,9128287F1,remove,2-Year,2021-07-31,3.27502e+10,0,0.996765,0.00372866,0,0.0225022,,
2020-07,912828S76,remove,5-Year,2021-07-31,3.09421e+10,0,1.00126,0.0034906,0,0.0210499,,
2020-07,912828WY2,remove,7-Year,2021-07-31,2.72041e+10,0,0.993228,0.00311988,0,0.0188393,,
2020-07,912828Y20,remove,3-Year,2021-07-15,2.5999e+10,0,0.959391,0.00296019,0,0.0179752,,
2020-07,912828ZQ6,reopen,10-Year,2030-05-15,6.10001e+10,9.00001e+10,9.47968,0.00679542,0.00994257,0.00770418,0,True
2020-07,912828ZY9,add,3-Year,2023-07-15,0,4.6e+10,2.95776,0,0.00505996,-0.020614,0,True
2020-07,91282CAB7,add,5-Year,2025-07-31,0,4.9e+10,4.96853,0,0.0053913,-0.0111232,0,True
2020-07,91282CAC5,add,2-Year,2022-07-31,0,4.80001e+10,2.00495,0,0.00528873,-0.0265851,0,True
2020-07,91282CAD3,add,7-Year,2027-07-31,0,4.4e+10,6.87367,0,0.00485844,-0.0007678,1,False
2020-08,912810EK0,remove,30-Year,2021-08-15,5.50353e+09,0,0.95252,0.000662154,0,0.00398859,,
2020-08,912810SP4,add,30-Year,2050-08-15,0,2.6e+10,24.4725,0,0.00286059,0.05005,0,True
2020-08,912810SQ2,add,20-Year,2040-08-15,0,2.5e+10,17.8206,0,0.00273376,0.0296461,0,True
2020-08,9128282F6,remove,5-Year,2021-08-31,3.19051e+10,0,1.00678,0.00360983,0,0.0215485,,
2020-08,9128284W7,remove,3-Year,2021-08-15,2.5471e+10,0,0.964615,0.00291215,0,0.0175066,,
2020-08,912828D72,remove,7-Year,2021-08-31,2.6767e+10,0,1.00051,0.00306761,0,0.018331,,
2020-08,912828RC6,remove,10-Year,2021-08-15,3.37061e+10,0,0.966104,0.00383023,0,0.02302,,
2020-08,912828YC8,remove,2-Year,2021-08-31,2.8833e+10,0,1.00407,0.00328031,0,0.0195904,,
2020-08,91282CAE1,add,10-Year,2030-08-15,0,3.8e+10,9.64643,0,0.00416927,0.011133,0,True
2020-08,91282CAF8,add,3-Year,2023-08-15,0,4.8e+10,2.96323,0,0.00528936,-0.021226,0,True
2020-08,91282CAG6,add,2-Year,2022-08-31,0,5.00001e+10,2.01042,0,0.00551891,-0.0274056,0,True
2020-08,91282CAH4,add,7-Year,2027-08-31,0,4.7e+10,6.8703,0,0.00519965,-0.00055054,1,False
2020-08,91282CAJ0,add,5-Year,2025-08-31,0,5.1e+10,4.96705,0,0.00563697,-0.0113254,1,False
2020-09,912810SP4,reopen,30-Year,2050-08-15,2.6e+10,4.9e+10,24.3834,0.00286115,0.00531295,0.0425607,0,True
2020-09,912810SQ2,reopen,20-Year,2040-08-15,2.5e+10,4.7e+10,17.7372,0.0027366,0.00506923,0.0249889,0,True
2020-09,9128285A4,remove,3-Year,2021-09-15,2.3692e+10,0,0.967399,0.00268651,0,0.0162722,,
2020-09,912828F21,remove,7-Year,2021-09-30,2.5986e+10,0,0.999681,0.00295905,0,0.0178275,,
2020-09,912828T34,remove,5-Year,2021-09-30,2.73441e+10,0,1.00683,0.0030684,0,0.0184644,,
2020-09,912828YJ3,remove,2-Year,2021-09-30,3.3076e+10,0,1.00413,0.00373216,0,0.0224687,,
2020-09,91282CAE1,reopen,10-Year,2030-08-15,3.8e+10,7.30001e+10,9.56628,0.00418645,0.00792424,0.00950094,0,True
2020-09,91282CAK7,add,3-Year,2023-09-15,0,5.00001e+10,2.96626,0,0.00543779,-0.0220674,0,True
2020-09,91282CAL5,add,7-Year,2027-09-30,0,5.00001e+10,6.90061,0,0.00542081,-0.000671163,0,True
2020-09,91282CAM3,add,5-Year,2025-09-30,0,5.30001e+10,4.97476,0,0.00577057,-0.0118277,0,True
2020-09,91282CAN1,add,2-Year,2022-09-30,0,5.2e+10,2.01053,0,0.00566258,-0.0283916,0,True
2020-10,912810SP4,reopen,30-Year,2050-08-15,4.9e+10,7.2e+10,24.1222,0.00514246,0.00747405,0.0401211,0,True
2020-10,912810SQ2,reopen,20-Year,2040-08-15,4.7e+10,6.9e+10,17.5942,0.00497843,0.00722923,0.0240378,0,True
2020-10,9128285F3,remove,3-Year,2021-10-15,2.80371e+10,0,0.961631,0.00317315,0,0.0188895,,
2020-10,912828F96,remove,7-Year,2021-10-31,2.6738e+10,0,0.997826,0.00302965,0,0.0179256,,
2020-10,912828T67,remove,5-Year,2021-10-31,3.15301e+10,0,1.00319,0.00353359,0,0.0208883,,
2020-10,912828YP9,remove,2-Year,2021-10-31,3.53211e+10,0,1.00139,0.00397303,0,0.0234932,,
2020-10,91282CAE1,reopen,10-Year,2030-08-15,7.30001e+10,1.08e+11,9.4703,0.00792179,0.0115924,0.00938111,0,True
2020-10,91282CAP6,add,3-Year,2023-10-15,0,5.20001e+10,2.96049,0,0.00565615,-0.0223648,0,True
2020-10,91282CAR2,add,2-Year,2022-10-31,0,5.4e+10,2.00671,0,0.0058875,-0.0288949,1,False
2020-10,91282CAT8,add,5-Year,2025-10-31,0,5.5e+10,4.9563,0,0.0060021,-0.0117536,1,False
2020-10,91282CAU5,add,7-Year,2027-10-31,0,5.3e+10,6.84161,0,0.00579034,-0.000422334,1,False
2020-11,912810EL8,remove,30-Year,2021-11-15,1.13658e+10,0,0.958406,0.00134237,0,0.00806887,,
2020-11,912810SS8,add,30-Year,2050-11-15,0,2.7e+10,23.7111,0,0.00297551,0.0498153,0,True
2020-11,912810ST6,add,20-Year,2040-11-15,0,2.7e+10,17.4176,0,0.00293774,0.0306942,0,True
2020-11,9128285L0,remove,3-Year,2021-11-15,2.79702e+10,0,0.969938,0.00314666,0,0.018878,,
2020-11,912828G53,remove,7-Year,2021-11-30,2.8482e+10,0,1.00428,0.00320215,0,0.0191009,,
2020-11,912828RR3,remove,10-Year,2021-11-15,4.01622e+10,0,0.972022,0.00447983,0,0.0268668,,
2020-11,912828U65,remove,5-Year,2021-11-30,3.0838e+10,0,1.00517,0.0034607,0,0.0206401,,
2020-11,912828YT1,remove,2-Year,2021-11-30,3.6864e+10,0,1.00696,0.00412183,0,0.0245758,,
2020-11,91282CAV3,add,10-Year,2030-11-15,0,4.1e+10,9.53303,0,0.00445518,0.0114219,0,True
2020-11,91282CAW1,add,3-Year,2023-11-15,0,5.40001e+10,2.96346,0,0.00586309,-0.0234866,0,True
2020-11,91282CAX9,add,2-Year,2022-11-30,0,5.60003e+10,2.01305,0,0.00607349,-0.0301017,0,True
2020-11,91282CAY7,add,7-Year,2027-11-30,0,5.6e+10,6.82972,0,0.00609301,-0.000850475,1,False
2020-11,91282CAZ4,add,5-Year,2025-11-30,0,5.7e+10,4.95755,0,0.00618852,-0.0124498,0,True
2020-12,912810SS8,reopen,30-Year,2050-11-15,2.7e+10,5.1e+10,23.5296,0.0029265,0.00543491,0.0415315,0,True
2020-12,912810ST6,reopen,20-Year,2040-11-15,2.7e+10,5.10001e+10,17.2996,0.00290809,0.00540073,0.0257411,0,True
2020-12,9128285R7,remove,3-Year,2021-12-15,2.215e+10,0,0.967793,0.00247622,0,0.0148696,,
2020-12,912828G87,remove,7-Year,2021-12-31,2.743e+10,0,1.00252,0.00308317,0,0.0184073,,
2020-12,912828U81,remove,5-Year,2021-12-31,2.70711e+10,0,1.0034,0.0030373,0,0.0181307,,
2020-12,912828YZ7,remove,2-Year,2021-12-31,2.9783e+10,0,1.00607,0.00332331,0,0.0198292,,
2020-12,91282CAV3,reopen,10-Year,2030-11-15,4.1e+10,7.9e+10,9.44339,0.00445168,0.00843345,0.00983748,0,True
2020-12,91282CBA8,add,3-Year,2023-12-15,0,5.60001e+10,2.96612,0,0.00599594,-0.0240236,0,True
2020-12,91282CBB6,add,7-Year,2027-12-31,0,5.9e+10,6.82389,0,0.00634537,-0.000944652,1,False
2020-12,91282CBC4,add,5-Year,2025-12-31,0,5.9e+10,4.95838,0,0.00633652,-0.0127642,1,False
2020-12,91282CBD2,add,2-Year,2022-12-31,0,5.8e+10,2.01322,0,0.00622188,-0.0308577,1,False
2021-01,912810SS8,reopen,30-Year,2050-11-15,5.1e+10,7.5e+10,23.3045,0.00531389,0.0076855,0.0389547,0,True
2021-01,912810ST6,reopen,20-Year,2040-11-15,5.10001e+10,7.50001e+10,17.1613,0.00531926,0.00769327,0.02441,0,True
2021-01,9128285V8,remove,3-Year,2022-01-15,3.19091e+10,0,0.965354,0.00353251,0,0.0208904,,
2021-01,912828H86,remove,7-Year,2022-01-31,2.4754e+10,0,1.00423,0.00273361,0,0.0160596,,
2021-01,912828V72,remove,5-Year,2022-01-31,2.83811e+10,0,1.00155,0.00315139,0,0.0185225,,
2021-01,912828Z60,remove,2-Year,2022-01-31,2.83101e+10,0,1.00513,0.00312057,0,0.0183302,,
2021-01,91282CAV3,reopen,10-Year,2030-11-15,7.9e+10,1.17e+11,9.34912,0.00843283,0.0122829,0.00950976,0,True
2021-01,91282CBE0,add,3-Year,2024-01-15,0,5.80002e+10,2.96338,0,0.00615907,-0.0241172,0,True
2021-01,91282CBG5,add,2-Year,2023-01-31,0,6e+10,2.01062,0,0.00638263,-0.0310737,0,True
2021-01,91282CBH3,add,5-Year,2026-01-31,0,6.1e+10,4.94769,0,0.00649907,-0.0125523,1,False
2021-01,91282CBJ9,add,7-Year,2028-01-31,0,6.2e+10,6.80116,0,0.00661555,-0.000515614,1,False
2021-02,912810SU3,add,30-Year,2051-02-15,0,2.7e+10,22.5105,0,0.00270169,0.0427772,0,True
2021-02,912810SW9,add,20-Year,2041-02-15,0,2.7e+10,16.5357,0,0.00283317,0.0279312,0,True
2021-02,9128286C9,remove,3-Year,2022-02-15,2.90981e+10,0,0.973759,0.00324792,0,0.0185238,,
2021-02,912828J43,remove,7-Year,2022-02-28,2.6952e+10,0,1.00264,0.00301198,0,0.0170912,,
2021-02,912828SF8,remove,10-Year,2022-02-15,2.90422e+10,0,0.974955,0.00322587,0,0.0183942,,
2021-02,912828W55,remove,5-Year,2022-02-28,2.5971e+10,0,1.00175,0.00290765,0,0.0165018,,
2021-02,912828ZA1,remove,2-Year,2022-02-28,3.4872e+10,0,1.00713,0.00386145,0,0.0218941,,
2021-02,91282CBL4,add,10-Year,2031-02-15,0,4.1e+10,9.39373,0,0.00430604,0.0116981,0,True
2021-02,91282CBM2,add,3-Year,2024-02-15,0,5.8e+10,2.97086,0,0.00621355,-0.0230286,0,True
2021-02,91282CBN0,add,2-Year,2023-02-28,0,6e+10,2.01115,0,0.00644885,-0.0300897,1,False
2021-02,91282CBP5,add,7-Year,2028-02-29,0,6.2e+10,6.72723,0,0.00669243,0.00033587,1,False
2021-02,91282CBQ3,add,5-Year,2026-02-28,0,6.1e+10,4.9174,0,0.00657223,-0.0115648,1,False
2021-03,912810SU3,reopen,30-Year,2051-02-15,2.7e+10,5.1e+10,22.2653,0.00265386,0.00493016,0.035627,0,True
2021-03,912810SW9,reopen,20-Year,2041-02-15,2.7e+10,5.1e+10,16.3624,0.00277734,0.00515954,0.0232227,0,True
2021-03,9128286H8,remove,3-Year,2022-03-15,2.14481e+10,0,0.965797,0.00238953,0,0.0134965,,
2021-03,912828J76,remove,7-Year,2022-03-31,2.6006e+10,0,1.00259,0.0029043,0,0.0162972,,
2021-03,912828W89,remove,5-Year,2022-03-31,2.3052e+10,0,1.0017,0.00257911,0,0.0144747,,
2021-03,912828ZG8,remove,2-Year,2022-03-31,3.469e+10,0,1.01258,0.00379623,0,0.0212642,,
2021-03,91282CBL4,reopen,10-Year,2031-02-15,4.1e+10,7.90001e+10,9.29001,0.00426961,0.0080911,0.0102264,0,True
2021-03,91282CBR1,add,3-Year,2024-03-15,0,5.80006e+10,2.95957,0,0.00620402,-0.0226721,0,True
2021-03,91282CBS9,add,7-Year,2028-03-31,0,6.2e+10,6.65604,0,0.00666182,0.000280123,0,True
2021-03,91282CBT7,add,5-Year,2026-03-31,0,6.1e+10,4.89374,0,0.00653338,-0.0112391,0,True
2021-03,91282CBU4,add,2-Year,2023-03-31,0,6.00001e+10,2.0105,0,0.00642781,-0.0295903,0,True
2021-04,912810SU3,reopen,30-Year,2051-02-15,5.1e+10,7.50001e+10,22.288,0.00503412,0.00729773,0.0353736,0,True
2021-04,912810SW9,reopen,20-Year,2041-02-15,5.1e+10,7.5e+10,16.3233,0.00524759,0.00760717,0.0227992,0,True
2021-04,9128286M7,remove,3-Year,2022-04-15,2.6725e+10,0,0.963407,0.0029144,0,0.0166047,,
2021-04,912828WZ9,remove,7-Year,2022-04-30,2.7406e+10,0,0.997166,0.00299953,0,0.0169884,,
2021-04,912828X47,remove,5-Year,2022-04-30,2.88084e+10,0,0.996277,0.00315878,0,0.0178932,,
2021-04,912828ZM5,remove,2-Year,2022-04-30,3.6763e+10,0,1.00902,0.00392804,0,0.0222007,,
2021-04,91282CBL4,reopen,10-Year,2031-02-15,7.90001e+10,1.17e+11,9.20758,0.00811631,0.0118492,0.00950663,0,True
2021-04,91282CBV2,add,3-Year,2024-04-15,0,5.80001e+10,2.95148,0,0.00610735,-0.0226545,0,True
2021-04,91282CBW0,add,5-Year,2026-04-30,0,6.1e+10,4.88749,0,0.00640833,-0.0113644,0,True
2021-04,91282CBX8,add,2-Year,2023-04-30,0,6.00001e+10,2.00464,0,0.00630836,-0.0293732,0,True
2021-04,91282CBZ3,add,7-Year,2028-04-30,0,6.2e+10,6.64671,0,0.00656253,-9.29221e-05,1,False
2021-05,912810SX7,add,30-Year,2051-05-15,0,2.7e+10,21.4174,0,0.00285335,0.0421659,0,True
2021-05,912810SY5,add,20-Year,2041-05-15,0,2.7e+10,16.0237,0,0.00282788,0.0265371,0,True
2021-05,9128286U9,remove,3-Year,2022-05-15,2.57801e+10,0,0.969278,0.00278322,0,0.0157819,,
2021-05,912828SV3,remove,10-Year,2022-05-15,2.38176e+10,0,0.97018,0.00256191,0,0.0145247,,
2021-05,912828XD7,remove,7-Year,2022-05-31,2.7214e+10,0,1.00459,0.0029577,0,0.0166668,,
2021-05,912828XR6,remove,5-Year,2022-05-31,3.0375e+10,0,1.00548,0.00329523,0,0.0185659,,
2021-05,912828ZR4,remove,2-Year,2022-05-31,3.68e+10,0,1.01733,0.0038974,0,0.0219124,,
2021-05,91282CCB5,add,10-Year,2031-05-15,0,4.1e+10,9.17118,0,0.00427902,0.0108325,0,True
2021-05,91282CCC3,add,3-Year,2024-05-15,0,5.8e+10,2.96201,0,0.00602938,-0.0221739,0,True
2021-05,91282CCD1,add,2-Year,2023-05-31,0,6e+10,2.01244,0,0.00625372,-0.0289373,1,False
2021-05,91282CCE9,add,7-Year,2028-05-31,0,6.2e+10,6.65183,0,0.00649716,7.91683e-05,1,False
2021-05,91282CCF6,add,5-Year,2026-05-31,0,6.1e+10,4.88685,0,0.00637847,-0.0111802,1,False
2021-06,912810SX7,reopen,30-Year,2051-05-15,2.7e+10,5.1e+10,21.5697,0.00297558,0.00553002,0.0377614,0,True
2021-06,912810SY5,reopen,20-Year,2041-05-15,2.7e+10,5.1e+10,16.0254,0.00290753,0.00540356,0.0230592,0,True
2021-06,9128286Y1,remove,3-Year,2022-06-15,2.42342e+10,0,0.969985,0.00255298,0,0.0148508,,
2021-06,912828XG0,remove,7-Year,2022-06-30,2.5285e+10,0,0.999873,0.00270117,0,0.0156321,,
2021-06,912828XW5,remove,5-Year,2022-06-30,2.3074e+10,0,1.00253,0.00245153,0,0.0141809,,
2021-06,912828ZX1,remove,2-Year,2022-06-30,4.09701e+10,0,1.01439,0.0042495,0,0.0245308,,
2021-06,91282CCB5,reopen,10-Year,2031-05-15,4.1e+10,7.9e+10,9.09792,0.00431173,0.00817417,0.00892566,0,True
2021-06,91282CCG4,add,3-Year,2024-06-15,0,5.80001e+10,2.95963,0,0.00587402,-0.0224822,0,True
2021-06,91282CCH2,add,7-Year,2028-06-30,0,6.2e+10,6.65749,0,0.00635402,-0.000823108,0,True
2021-06,91282CCJ8,add,5-Year,2026-06-30,0,6.1e+10,4.87539,0,0.0062366,-0.0119222,0,True
2021-06,91282CCK5,add,2-Year,2023-06-30,0,6.00001e+10,2.00929,0,0.0061035,-0.029161,0,True
2021-07,912810SX7,reopen,30-Year,2051-05-15,5.1e+10,7.5e+10,21.6724,0.00568284,0.0082356,0.0377455,0,True
2021-07,912810SY5,reopen,20-Year,2041-05-15,5.1e+10,7.5e+10,16.0193,0.00551226,0.0079884,0.0226147,0,True
2021-07,9128282P4,remove,5-Year,2022-07-31,2.84291e+10,0,0.998909,0.00294349,0,0.0173293,,
2021-07,9128287C8,remove,3-Year,2022-07-15,2.56081e+10,0,0.964512,0.00262412,0,0.0155394,,
2021-07,912828XQ8,remove,7-Year,2022-07-31,2.432e+10,0,0.998024,0.00252263,0,0.0148538,,
2021-07,91282CAC5,remove,2-Year,2022-07-31,4.20971e+10,0,1.01165,0.00424731,0,0.0249512,,
2021-07,91282CCB5,reopen,10-Year,2031-05-15,7.9e+10,1.17e+11,9.02891,0.00824502,0.0120334,0.0081173,0,True
2021-07,91282CCL3,add,3-Year,2024-07-15,0,5.80001e+10,2.95103,0,0.00576129,-0.0226719,0,True
2021-07,91282CCN9,add,2-Year,2023-07-31,0,6e+10,2.00697,0,0.00595138,-0.0290384,0,True
2021-07,91282CCP4,add,5-Year,2026-07-31,0,6.1e+10,4.89589,0,0.00608026,-0.0121019,1,False
2021-07,91282CCR0,add,7-Year,2028-07-31,0,6.2e+10,6.71353,0,0.00618912,-0.00106895,1,False
2021-08,912810EM6,remove,30-Year,2022-08-15,4.18769e+09,0,0.954697,0.000449068,0,0.00266689,,
2021-08,912810SZ2,add,30-Year,2051-08-15,0,2.7e+10,22.4922,0,0.00269203,0.0419926,0,True
2021-08,912810TA6,add,20-Year,2041-08-15,0,2.7e+10,16.7353,0,0.0026107,0.0256941,0,True
2021-08,9128282S8,remove,5-Year,2022-08-31,2.7675e+10,0,1.00347,0.0028344,0,0.0166945,,
2021-08,912828L24,remove,7-Year,2022-08-31,2.331e+10,0,1.00169,0.00239609,0,0.0141171,,
2021-08,912828TJ9,remove,10-Year,2022-08-15,1.98041e+10,0,0.967599,0.0020123,0,0.0119245,,
2021-08,912828YA2,remove,3-Year,2022-08-15,3.2116e+10,0,0.967902,0.00325929,0,0.019313,,
2021-08,91282CAG6,remove,2-Year,2022-08-31,4.33301e+10,0,1.01444,0.00434024,0,0.0255162,,
2021-08,91282CCS8,add,10-Year,2031-08-15,0,4.10001e+10,9.33636,0,0.00401339,0.00980448,0,True
2021-08,91282CCT6,add,3-Year,2024-08-15,0,5.8e+10,2.95244,0,0.00571317,-0.0225155,0,True
2021-08,91282CCU3,add,2-Year,2023-08-31,0,6.00001e+10,2.00958,0,0.00591574,-0.0288915,0,True
2021-08,91282CCV1,add,7-Year,2028-08-31,0,6.2e+10,6.69106,0,0.00615601,-0.00124575,1,False
2021-08,91282CCW9,add,5-Year,2026-08-31,0,6.10001e+10,4.89322,0,0.00601846,-0.0120381,0,True
2021-09,912810SZ2,reopen,30-Year,2051-08-15,2.7e+10,5.1e+10,22.3791,0.00269608,0.005017,0.0359244,0,True
2021-09,912810TA6,reopen,20-Year,2041-08-15,2.7e+10,5.10001e+10,16.6314,0.00260734,0.00485186,0.0218411,0,True
2021-09,9128282W9,remove,5-Year,2022-09-30,2.29741e+10,0,1.00164,0.00234588,0,0.0138381,,
2021-09,912828L57,remove,7-Year,2022-09-30,2.622e+10,0,1.00253,0.00267244,0,0.0157621,,
2021-09,912828YF1,remove,3-Year,2022-09-15,2.83431e+10,0,0.970591,0.00285733,0,0.0169439,,
2021-09,91282CAN1,remove,2-Year,2022-09-30,4.381e+10,0,1.01438,0.00435919,0,0.0256589,,
2021-09,91282CCS8,reopen,10-Year,2031-08-15,4.10001e+10,7.90001e+10,9.24561,0.00400152,0.00759579,0.0084288,0,True
2021-09,91282CCX7,add,3-Year,2024-09-15,0,5.8e+10,2.95397,0,0.00565186,-0.0223055,0,True
2021-09,91282CCY5,add,7-Year,2028-09-30,0,6.2e+10,6.65217,0,0.00610856,-0.00151721,1,False
2021-09,91282CCZ2,add,5-Year,2026-09-30,0,6.1e+10,4.86097,0,0.0060015,-0.0122405,1,False
2021-09,91282CDA6,add,2-Year,2023-09-30,0,6e+10,2.00479,0,0.00588382,-0.0288058,1,False
2021-10,912810SZ2,reopen,30-Year,2051-08-15,5.1e+10,7.5e+10,22.1871,0.00496259,0.00720602,0.0344434,0,True
2021-10,912810TA6,reopen,20-Year,2041-08-15,5.10001e+10,7.50001e+10,16.4964,0.0048054,0.00697777,0.02099,0,True
2021-10,9128283C2,remove,5-Year,2022-10-31,2.61e+10,0,1.00044,0.00265428,0,0.0154842,,
2021-10,912828M49,remove,7-Year,2022-10-31,2.3354e+10,0,1.00132,0.00237069,0,0.0138278,,
2021-10,912828YK0,remove,3-Year,2022-10-15,2.3485e+10,0,0.967866,0.0023509,0,0.0137909,,
2021-10,91282CAR2,remove,2-Year,2022-10-31,4.54761e+10,0,1.01407,0.00449838,0,0.0261808,,
2021-10,91282CCS8,reopen,10-Year,2031-08-15,7.90001e+10,1.17e+11,9.14812,0.00756324,0.0110602,0.0080919,0,True
2021-10,91282CDB4,add,3-Year,2024-10-15,0,5.8e+10,2.93893,0,0.00564249,-0.0219786,0,True
2021-10,91282CDD0,add,2-Year,2023-10-31,0,6e+10,1.99851,0,0.00587144,-0.0283919,1,False
2021-10,91282CDF5,add,7-Year,2028-10-31,0,6.2e+10,6.59715,0,0.00609622,-0.00144464,1,False
2021-10,91282CDG3,add,5-Year,2026-10-31,0,6.1e+10,4.82688,0,0.00598997,-0.0120233,1,False
2021-11,912810EN4,remove,30-Year,2022-11-15,5.5018e+09,0,0.958676,0.000580146,0,0.00343314,,
2021-11,912810TB4,add,30-Year,2051-11-15,0,2.5e+10,22.6889,0,0.00235146,0.0371824,0,True
2021-11,912810TC2,add,20-Year,2041-11-15,0,2.3e+10,16.3622,0,0.00220724,0.0209375,0,True
2021-11,912828M80,remove,7-Year,2022-11-30,5.0035e+10,0,1.0028,0.00504847,0,0.0296526,,
2021-11,912828TY6,remove,10-Year,2022-11-15,5.36201e+10,0,0.97239,0.0053387,0,0.0315197,,
2021-11,91282CAX9,remove,2-Year,2022-11-30,4.86513e+10,0,1.01644,0.00477467,0,0.0279793,,
2021-11,91282CDH1,add,3-Year,2024-11-15,0,5.60001e+10,2.93696,0,0.00541201,-0.0213202,0,True
2021-11,91282CDJ7,add,10-Year,2031-11-15,0,3.9e+10,9.26563,0,0.00368896,0.00881378,0,True
2021-11,91282CDK4,add,5-Year,2026-11-30,0,5.90001e+10,4.81826,0,0.00574505,-0.0118241,0,True
2021-11,91282CDL2,add,7-Year,2028-11-30,0,5.9e+10,6.58793,0,0.00574408,-0.00165693,0,True
2021-11,91282CDM0,add,2-Year,2023-11-30,0,5.8e+10,1.99928,0,0.0056378,-0.0274962,0,True
2021-12,912810TB4,reopen,30-Year,2051-11-15,2.5e+10,4.7e+10,22.7442,0.00241077,0.00447785,0.0325834,0,True
2021-12,912810TC2,reopen,20-Year,2041-11-15,2.3e+10,4.30251e+10,16.3393,0.00225197,0.0041621,0.0178752,0,True
2021-12,912828N30,remove,7-Year,2022-12-31,4.34251e+10,0,0.993119,0.00430265,0,0.0257644,,
2021-12,912828YW4,remove,3-Year,2022-12-15,2.589e+10,0,0.960872,0.00252678,0,0.0152119,,
2021-12,91282CBD2,remove,2-Year,2022-12-31,5.14181e+10,0,1.00764,0.00494625,0,0.0295465,,
2021-12,91282CDJ7,reopen,10-Year,2031-11-15,3.9e+10,7.5e+10,9.18915,0.00372808,0.00708333,0.0074084,0,True
2021-12,91282CDN8,add,3-Year,2024-12-15,0,5.40002e+10,2.91659,0,0.00514571,-0.020915,0,True
2021-12,91282CDP3,add,7-Year,2028-12-31,0,5.6e+10,6.60836,0,0.00536706,-0.0020008,1,False
2021-12,91282CDQ1,add,5-Year,2026-12-31,0,5.7e+10,4.81087,0,0.00545903,-0.0118476,1,False
2021-12,91282CDR9,add,2-Year,2023-12-31,0,5.60002e+10,1.98341,0,0.00534869,-0.0267314,0,True
2022-01,912810TB4,reopen,30-Year,2051-11-15,4.7e+10,6.9e+10,22.4105,0.00432624,0.00627488,0.0303512,0,True
2022-01,912810TC2,reopen,20-Year,2041-11-15,4.30251e+10,6.30251e+10,16.152,0.0040721,0.00589324,0.0169676,0,True
2022-01,9128283U2,remove,5-Year,2023-01-31,2.64491e+10,0,0.995187,0.00263814,0,0.0154061,,
2022-01,912828P38,remove,7-Year,2023-01-31,2.35561e+10,0,0.999607,0.00232825,0,0.0135861,,
2022-01,912828Z29,remove,3-Year,2023-01-15,2.37341e+10,0,0.965094,0.00232078,0,0.0136226,,
2022-01,912828Z78,reopen,7-Year,2027-01-31,2.1444e+10,7.64441e+10,4.77783,0.00208786,0.0073533,-0.0108316,0,True
2022-01,91282CBG5,remove,2-Year,2023-01-31,5.3789e+10,0,1.01148,0.00518975,0,0.0302223,,
2022-01,91282CDJ7,reopen,10-Year,2031-11-15,7.5e+10,1.11e+11,9.08573,0.00702863,0.0102772,0.00731191,0,True
2022-01,91282CDS7,add,3-Year,2025-01-15,0,5.20001e+10,2.91301,0,0.00496054,-0.0194549,0,True
2022-01,91282CDV0,add,2-Year,2024-01-31,0,5.40003e+10,1.98317,0,0.0051787,-0.0251258,0,True
2022-01,91282CDW8,add,7-Year,2029-01-31,0,5.3e+10,6.52666,0,0.00511868,-0.00157801,1,False
2022-02,912810EP9,remove,30-Year,2023-02-15,7.31921e+09,0,0.957826,0.000755637,0,0.00441779,,
2022-02,912810TD0,add,30-Year,2052-02-15,0,2.3e+10,21.7205,0,0.00222565,0.0331984,0,True
2022-02,912810TF5,add,20-Year,2042-02-15,0,1.9e+10,15.8581,0,0.00185384,0.0167843,0,True
2022-02,9128284A5,remove,5-Year,2023-02-28,2.3136e+10,0,0.990793,0.00231646,0,0.0134667,,
2022-02,912828P79,remove,7-Year,2023-02-28,2.0106e+10,0,0.99876,0.00198021,0,0.0114961,,
2022-02,912828UN8,remove,10-Year,2023-02-15,3.7754e+10,0,0.969548,0.00371075,0,0.0216512,,
2022-02,912828Z86,remove,3-Year,2023-02-15,2.4627e+10,0,0.971059,0.00240566,0,0.0140327,,
2022-02,91282CBN0,remove,2-Year,2023-02-28,5.00051e+10,0,1.00886,0.00482502,0,0.0279629,,
2022-02,91282CDY4,add,10-Year,2032-02-15,0,3.7e+10,9.05348,0,0.00355153,0.00798817,0,True
2022-02,91282CDZ1,add,3-Year,2025-02-15,0,5e+10,2.90082,0,0.0047941,-0.0187135,0,True
2022-02,91282CEA5,add,2-Year,2024-02-29,0,5.2e+10,1.96546,0,0.00504887,-0.0244305,0,True
2022-02,91282CEB3,add,7-Year,2029-02-28,0,5e+10,6.47305,0,0.00487078,-0.00161327,1,False
2022-02,91282CEC1,add,5-Year,2027-02-28,0,5.3e+10,4.72669,0,0.0051612,-0.0107228,1,False
2022-03,912810TD0,reopen,30-Year,2052-02-15,2.3e+10,4.3e+10,21.2294,0.00213533,0.00394378,0.0264236,0,True
2022-03,912810TF5,reopen,20-Year,2042-02-15,1.9e+10,3.5e+10,15.5787,0.00179721,0.00327055,0.013202,0,True
2022-03,9128284D9,remove,5-Year,2023-03-31,2.3205e+10,0,0.989114,0.00236453,0,0.01331,,
2022-03,912828Q29,remove,7-Year,2023-03-31,2.5019e+10,0,0.99622,0.00251221,0,0.0141234,,
2022-03,912828ZD5,remove,3-Year,2023-03-15,3.09271e+10,0,0.962645,0.00305433,0,0.0172737,,
2022-03,91282CBU4,remove,2-Year,2023-03-31,4.96961e+10,0,1.00634,0.0048886,0,0.0274338,,
2022-03,91282CDY4,reopen,10-Year,2032-02-15,3.7e+10,7.1e+10,8.91936,0.00350638,0.00664696,0.00722722,0,True
2022-03,91282CED9,add,3-Year,2025-03-15,0,4.80001e+10,2.87217,0,0.004636,-0.0173662,0,True
2022-03,91282CEE7,add,7-Year,2029-03-31,0,4.7e+10,6.30798,0,0.00469418,-0.00145587,1,False
2022-03,91282CEF4,add,5-Year,2027-03-31,0,5.1e+10,4.62333,0,0.00509364,-0.0101608,1,False
2022-03,91282CEG2,add,2-Year,2024-03-31,0,5e+10,1.93917,0,0.00498764,-0.023337,1,False
2022-04,912810TD0,reopen,30-Year,2052-02-15,4.3e+10,6.3e+10,20.8222,0.00379337,0.0054871,0.0243356,0,True
2022-04,912810TF5,reopen,20-Year,2042-02-15,3.5e+10,5.10001e+10,15.3473,0.0031782,0.00457225,0.0123973,0,True
2022-04,9128284L1,remove,5-Year,2023-04-30,2.3443e+10,0,0.982853,0.0024033,0,0.0131494,,
2022-04,912828R28,remove,7-Year,2023-04-30,2.2392e+10,0,0.990812,0.00225799,0,0.0123364,,
2022-04,912828ZH6,remove,3-Year,2023-04-15,3.1933e+10,0,0.961548,0.00315346,0,0.0173211,,
2022-04,91282CBX8,remove,2-Year,2023-04-30,4.71091e+10,0,1.00185,0.00464505,0,0.0253267,,
2022-04,91282CDY4,reopen,10-Year,2032-02-15,7.1e+10,1.05e+11,8.80503,0.00658805,0.00961909,0.00712527,0,True
2022-04,91282CEH0,add,3-Year,2025-04-15,0,4.60001e+10,2.83801,0,0.00454473,-0.0164349,0,True
2022-04,91282CEK3,add,2-Year,2024-04-30,0,4.8e+10,1.9256,0,0.00482146,-0.0218348,1,False
2022-04,91282CEM9,add,7-Year,2029-04-30,0,4.4e+10,6.23109,0,0.00442435,-0.000987388,1,False
2022-04,91282CEN7,add,5-Year,2027-04-30,0,4.9e+10,4.57867,0,0.00492708,-0.00924116,1,False
2022-05,912810TG3,add,30-Year,2052-05-15,0,2.2e+10,19.8629,0,0.00212121,0.0285442,0,True
2022-05,912810TH1,add,20-Year,2042-05-15,0,1.7e+10,14.6437,0,0.00169655,0.0139752,0,True
2022-05,9128284S6,remove,5-Year,2023-05-31,2.16381e+10,0,0.988319,0.00219331,0,0.0118833,,
2022-05,912828R69,remove,7-Year,2023-05-31,2.1624e+10,0,0.996277,0.00215601,0,0.0116641,,
2022-05,912828VB3,remove,10-Year,2023-05-15,4.20901e+10,0,0.96063,0.00417181,0,0.0227184,,
2022-05,912828ZP8,remove,3-Year,2023-05-15,3.3132e+10,0,0.964617,0.00323121,0,0.0175833,,
2022-05,91282CCD1,remove,2-Year,2023-05-31,4.6491e+10,0,1.00731,0.00453254,0,0.0244712,,
2022-05,91282CEP2,add,10-Year,2032-05-15,0,3.6e+10,8.62682,0,0.00357998,0.00794935,0,True
2022-05,91282CEQ0,add,3-Year,2025-05-15,0,4.50001e+10,2.8386,0,0.00444272,-0.0158504,0,True
2022-05,91282CER8,add,2-Year,2024-05-31,0,4.70002e+10,1.93534,0,0.00467994,-0.0209239,0,True
2022-05,91282CES6,add,7-Year,2029-05-31,0,4.2e+10,6.2492,0,0.00418834,-0.000658069,1,False
2022-05,91282CET4,add,5-Year,2027-05-31,0,4.8e+10,4.59555,0,0.00478596,-0.00866627,1,False
2022-06,912810TG3,reopen,30-Year,2052-05-15,2.2e+10,4.1e+10,19.444,0.00205745,0.00379364,0.0228622,0,True
2022-06,912810TH1,reopen,20-Year,2042-05-15,1.7e+10,3.1e+10,14.3848,0.00165433,0.00298469,0.0107876,0,True
2022-06,9128284U1,remove,5-Year,2023-06-30,2.18261e+10,0,0.982444,0.00221955,0,0.0117494,,
2022-06,912828S35,remove,7-Year,2023-06-30,2.3751e+10,0,0.991357,0.00237113,0,0.0125307,,
2022-06,912828ZU7,remove,3-Year,2023-06-15,3.2446e+10,0,0.960452,0.00318457,0,0.0169279,,
2022-06,91282CCK5,remove,2-Year,2023-06-30,6.00001e+10,0,1.00061,0.00587841,0,0.0310112,,
2022-06,91282CEP2,reopen,10-Year,2032-05-15,3.6e+10,6.90001e+10,8.50321,0.00355488,0.00674119,0.00709644,0,True
2022-06,91282CEU1,add,3-Year,2025-06-15,0,4.40001e+10,2.82708,0,0.00435214,-0.0150104,0,True
2022-06,91282CEV9,add,7-Year,2029-06-30,0,4e+10,6.14842,0,0.00404348,-0.000516052,1,False
2022-06,91282CEW7,add,5-Year,2027-06-30,0,4.7e+10,4.53284,0,0.00475108,-0.00828211,1,False
2022-06,91282CEX5,add,2-Year,2024-06-30,0,4.6e+10,1.91489,0,0.00464663,-0.0202647,1,False
2022-07,912810TG3,reopen,30-Year,2052-05-15,4.1e+10,6.0005e+10,19.6197,0.00390498,0.00565891,0.0232194,0,True
2022-07,912810TH1,reopen,20-Year,2042-05-15,3.1e+10,4.5e+10,14.4203,0.00304612,0.00437832,0.0107098,0,True
2022-07,912828S92,remove,7-Year,2023-07-31,2.57511e+10,0,0.991098,0.00249185,0,0.0134312,,
2022-07,912828Y61,remove,5-Year,2023-07-31,2.33191e+10,0,0.980394,0.00230711,0,0.0124601,,
2022-07,912828ZY9,remove,3-Year,2023-07-15,3.6143e+10,0,0.956931,0.00344097,0,0.0186646,,
2022-07,91282CCN9,remove,2-Year,2023-07-31,5.5894e+10,0,0.999447,0.00531773,0,0.0286184,,
2022-07,91282CEP2,reopen,10-Year,2032-05-15,6.90001e+10,1.02e+11,8.45354,0.00682982,0.00999701,0.00656369,0,True
2022-07,91282CEY3,add,3-Year,2025-07-15,0,4.3e+10,2.8226,0,0.00417573,-0.0148595,0,True
2022-07,91282CFA4,add,2-Year,2024-07-31,0,4.5e+10,1.91625,0,0.00442723,-0.0197671,0,True
2022-07,91282CFB2,add,5-Year,2027-07-31,0,4.6e+10,4.5742,0,0.00452348,-0.00817367,1,False
2022-07,91282CFC0,add,7-Year,2029-07-31,0,3.8e+10,6.22372,0,0.00373663,-0.00058823,1,False
2022-08,912810EQ7,remove,30-Year,2023-08-15,7.04212e+09,0,0.941321,0.000714387,0,0.00382638,,
2022-08,912810TJ7,add,30-Year,2052-08-15,0,2.1e+10,19.3666,0,0.00196184,0.0256395,0,True
2022-08,912810TK4,add,20-Year,2042-08-15,0,1.5e+10,14.3835,0,0.001452,0.0117409,0,True
2022-08,9128282D1,remove,7-Year,2023-08-31,2.5325e+10,0,0.988893,0.00246389,0,0.0130798,,
2022-08,9128284X5,remove,5-Year,2023-08-31,1.9918e+10,0,0.979091,0.00197765,0,0.0105179,,
2022-08,912828VS6,remove,10-Year,2023-08-15,4.09502e+10,0,0.949923,0.00400643,0,0.0214246,,
2022-08,91282CAF8,remove,3-Year,2023-08-15,3.6275e+10,0,0.955707,0.00346612,0,0.0185153,,
2022-08,91282CCU3,remove,2-Year,2023-08-31,5.87711e+10,0,0.99816,0.00561113,0,0.0297352,,
2022-08,91282CFE6,add,3-Year,2025-08-15,0,4.2e+10,2.81241,0,0.0040923,-0.014262,0,True
2022-08,91282CFF3,add,10-Year,2032-08-15,0,3.5e+10,8.6356,0,0.00335102,0.00783507,0,True
2022-08,91282CFG1,add,2-Year,2024-08-31,0,4.40001e+10,1.90706,0,0.0043724,-0.0191967,0,True
2022-08,91282CFH9,add,5-Year,2027-08-31,0,4.5e+10,4.5398,0,0.00447295,-0.00786204,0,True
2022-08,91282CFJ5,add,7-Year,2029-08-31,0,3.70001e+10,6.16548,0,0.00368524,-0.000486468,0,True
2022-09,912810TJ7,reopen,30-Year,2052-08-15,2.1e+10,3.9e+10,18.7132,0.00187837,0.0034608,0.0199785,0,True
2022-09,912810TK4,reopen,20-Year,2042-08-15,1.5e+10,2.7e+10,14.0195,0.00140922,0.00251653,0.00878262,0,True
2022-09,9128285D8,remove,5-Year,2023-09-30,2.6737e+10,0,0.968688,0.00274127,0,0.0140333,,
2022-09,912828T26,remove,7-Year,2023-09-30,2.5714e+10,0,0.979388,0.00257837,0,0.0131718,,
2022-09,91282CAK7,remove,3-Year,2023-09-15,3.51361e+10,0,0.949092,0.00346072,0,0.0177842,,
2022-09,91282CDA6,remove,2-Year,2023-09-30,6e+10,0,0.987734,0.00591474,0,0.0301664,,
2022-09,91282CFF3,reopen,10-Year,2032-08-15,3.5e+10,6.7e+10,8.45791,0.00326283,0.00619658,0.00695284,0,True
2022-09,91282CFK2,add,3-Year,2025-09-15,0,4.1e+10,2.78189,0,0.00406924,-0.0134532,0,True
2022-09,91282CFL0,add,7-Year,2029-09-30,0,3.6e+10,5.93175,0,0.00372918,-0.000582498,1,False
2022-09,91282CFM8,add,5-Year,2027-09-30,0,4.4e+10,4.3929,0,0.00456011,-0.00772964,1,False
2022-09,91282CFN6,add,2-Year,2024-09-30,0,4.30001e+10,1.87045,0,0.00445647,-0.0187952,0,True
2022-10,912810TJ7,reopen,30-Year,2052-08-15,3.9e+10,5.7e+10,17.9808,0.00319401,0.00463081,0.0174003,0,True
2022-10,912810TK4,reopen,20-Year,2042-08-15,2.7e+10,3.9e+10,13.7147,0.00241501,0.00346043,0.00820061,0,True
2022-10,9128285K2,remove,5-Year,2023-10-31,2.3668e+10,0,0.971952,0.00243504,0,0.0119278,,
2022-10,912828T91,remove,7-Year,2023-10-31,2.2217e+10,0,0.980846,0.00224375,0,0.0109709,,
2022-10,91282CAP6,remove,3-Year,2023-10-15,3.95641e+10,0,0.949773,0.00391107,0,0.0192447,,
2022-10,91282CDD0,remove,2-Year,2023-10-31,5.6463e+10,0,0.99008,0.00559562,0,0.0273082,,
2022-10,91282CFF3,reopen,10-Year,2032-08-15,6.7e+10,9.90001e+10,8.35664,0.00620044,0.00908853,0.00718061,0,True
2022-10,91282CFP1,add,3-Year,2025-10-15,0,4e+10,2.75962,0,0.00407672,-0.0126816,0,True
2022-10,91282CFQ9,add,2-Year,2024-10-31,0,4.2e+10,1.8716,0,0.00438627,-0.0175396,0,True
2022-10,91282CFT3,add,7-Year,2029-10-31,0,3.5e+10,5.91103,0,0.00365489,0.000148667,1,False
2022-10,91282CFU0,add,5-Year,2027-10-31,0,4.3e+10,4.38471,0,0.00449225,-0.00667387,1,False
2022-11,912810TL2,add,30-Year,2052-11-15,0,2.10001e+10,17.6684,0,0.00219409,0.025368,0,True
2022-11,912810TM0,add,20-Year,2042-11-15,0,1.5e+10,13.6724,0,0.00150391,0.0113785,0,True
2022-11,9128285P1,remove,5-Year,2023-11-30,2.2912e+10,0,0.973902,0.00228299,0,0.0117175,,
2022-11,912828U57,remove,7-Year,2023-11-30,2.5262e+10,0,0.979201,0.00248938,0,0.0127636,,
2022-11,912828WE6,remove,10-Year,2023-11-15,5.46871e+10,0,0.948049,0.00537395,0,0.0277209,,
2022-11,91282CAW1,remove,3-Year,2023-11-15,4.74911e+10,0,0.954114,0.00455195,0,0.0234531,,
2022-11,91282CDM0,remove,2-Year,2023-11-30,5.7535e+10,0,0.991099,0.00553259,0,0.0283011,,
2022-11,91282CFV8,add,10-Year,2032-11-15,0,3.5e+10,8.15674,0,0.00361413,0.00741007,0,True
2022-11,91282CFW6,add,3-Year,2025-11-15,0,4e+10,2.76075,0,0.00402334,-0.0134608,0,True
2022-11,91282CFX4,add,2-Year,2024-11-30,0,4.20001e+10,1.87128,0,0.00428371,-0.0181421,0,True
2022-11,91282CFY2,add,7-Year,2029-11-30,0,3.5e+10,5.98801,0,0.00357041,-0.000422801,0,True
2022-11,91282CFZ9,add,5-Year,2027-11-30,0,4.3e+10,4.43834,0,0.00436868,-0.00728736,0,True
2022-12,912810TL2,reopen,30-Year,2052-11-15,2.10001e+10,3.90001e+10,17.4914,0.0021655,0.00398935,0.0207571,0,True
2022-12,912810TM0,reopen,20-Year,2042-11-15,1.5e+10,2.7e+10,13.5823,0.00150221,0.00268227,0.00881726,0,True
2022-12,9128285U0,remove,5-Year,2023-12-31,2.5971e+10,0,0.978784,0.00256662,0,0.013171,,
2022-12,912828V23,remove,7-Year,2023-12-31,2.28271e+10,0,0.981437,0.00224344,0,0.0115066,,
2022-12,91282CBA8,remove,3-Year,2023-12-15,4.42151e+10,0,0.954845,0.00421385,0,0.0217249,,
2022-12,91282CDR9,remove,2-Year,2023-12-31,5.60002e+10,0,0.992355,0.00538117,0,0.0275413,,
2022-12,91282CFV8,reopen,10-Year,2032-11-15,3.5e+10,6.7e+10,8.07103,0.00360591,0.00684731,0.00635505,0,True
2022-12,91282CGA3,add,3-Year,2025-12-15,0,4e+10,2.7784,0,0.00394362,-0.0131403,0,True
2022-12,91282CGB1,add,7-Year,2029-12-31,0,3.5e+10,5.99738,0,0.00352002,-0.000397975,1,False
2022-12,91282CGC9,add,5-Year,2027-12-31,0,4.3e+10,4.44329,0,0.00432543,-0.00721112,1,False
2022-12,91282CGD7,add,2-Year,2024-12-31,0,4.2e+10,1.87966,0,0.0042333,-0.0179102,1,False
2023-01,912810TL2,reopen,30-Year,2052-11-15,3.90001e+10,5.70001e+10,17.6392,0.00407146,0.00590582,0.0209789,0,True
2023-01,912810TM0,reopen,20-Year,2042-11-15,2.7e+10,3.9e+10,13.6266,0.00273612,0.00392244,0.0088072,0,True
2023-01,9128285Z9,remove,5-Year,2024-01-31,3.03601e+10,0,0.974271,0.00291831,0,0.015258,,
2023-01,912828V80,remove,7-Year,2024-01-31,2.488e+10,0,0.976044,0.00238272,0,0.0124535,,
2023-01,91282CBE0,remove,3-Year,2024-01-15,4.49802e+10,0,0.949448,0.00417718,0,0.0219435,,
2023-01,91282CDV0,remove,2-Year,2024-01-31,5.40003e+10,0,0.986033,0.00506599,0,0.0264273,,
2023-01,91282CFV8,reopen,10-Year,2032-11-15,6.7e+10,9.90001e+10,8.01704,0.00690596,0.0101276,0.00584524,0,True
2023-01,91282CGE5,add,3-Year,2026-01-15,0,4e+10,2.78089,0,0.00385798,-0.0132011,0,True
2023-01,91282CGG0,add,2-Year,2025-01-31,0,4.2e+10,1.88021,0,0.00412554,-0.0178324,0,True
2023-01,91282CGH8,add,5-Year,2028-01-31,0,4.3e+10,4.4864,0,0.00420252,-0.00721255,0,True
2023-01,91282CGJ4,add,7-Year,2030-01-31,0,3.5e+10,6.06948,0,0.00342676,-0.000456332,1,False
2023-02,912810TN8,add,30-Year,2053-02-15,0,2.1e+10,17.8023,0,0.00196055,0.0229921,0,True
2023-02,912810TQ1,add,20-Year,2043-02-15,0,1.5e+10,13.6971,0,0.00143914,0.0109692,0,True
2023-02,9128286G0,remove,5-Year,2024-02-29,2.2538e+10,0,0.975862,0.00219934,0,0.0112146,,
2023-02,912828B66,remove,10-Year,2024-02-15,4.71311e+10,0,0.949229,0.0045691,0,0.0234199,,
2023-02,912828W48,remove,7-Year,2024-02-29,2.3795e+10,0,0.977644,0.00231339,0,0.011792,,
2023-02,91282CBM2,remove,3-Year,2024-02-15,5.8e+10,0,0.955606,0.00547736,0,0.0280405,,
2023-02,91282CEA5,remove,2-Year,2024-02-29,5.2e+10,0,0.982155,0.00500845,0,0.025507,,
2023-02,91282CGL9,add,3-Year,2026-02-15,0,4.00001e+10,2.77567,0,0.00390528,-0.0128846,0,True
2023-02,91282CGM7,add,10-Year,2033-02-15,0,3.50003e+10,8.30911,0,0.00333627,0.00745376,0,True
2023-02,91282CGN5,add,2-Year,2025-02-28,0,4.2e+10,1.86387,0,0.0042373,-0.0178436,0,True
2023-02,91282CGP0,add,5-Year,2028-02-29,0,4.30001e+10,4.41661,0,0.0043031,-0.00713599,0,True
2023-02,91282CGQ8,add,7-Year,2030-02-28,0,3.5e+10,5.93477,0,0.00352396,-0.000493972,1,False
2023-03,912810TN8,reopen,30-Year,2053-02-15,2.1e+10,3.9e+10,17.9158,0.00197738,0.00364434,0.0195846,0,True
2023-03,912810TQ1,reopen,20-Year,2043-02-15,1.5e+10,2.7e+10,13.7104,0.00144644,0.00258378,0.00857934,0,True
2023-03,912828W71,remove,7-Year,2024-03-31,4.2225e+10,0,0.975035,0.00401368,0,0.0208394,,
2023-03,91282CBR1,remove,3-Year,2024-03-15,5.62786e+10,0,0.947202,0.00520352,0,0.0271621,,
2023-03,91282CEG2,remove,2-Year,2024-03-31,5e+10,0,0.974144,0.00476155,0,0.0247267,,
2023-03,91282CGM7,reopen,10-Year,2033-02-15,3.50003e+10,6.70004e+10,8.26654,0.00337445,0.0064105,0.00637391,0,True
2023-03,91282CGR6,add,3-Year,2026-03-15,0,4e+10,2.75333,0,0.00391666,-0.0133707,0,True
2023-03,91282CGS4,add,7-Year,2030-03-31,0,3.5e+10,6.04942,0,0.0034032,-0.000400602,1,False
2023-03,91282CGT2,add,5-Year,2028-03-31,0,4.3e+10,4.47259,0,0.00418127,-0.00708536,1,False
2023-03,91282CGU9,add,2-Year,2025-03-31,0,4.2e+10,1.88194,0,0.00408485,-0.0175044,0,True
2023-04,912810TN8,reopen,30-Year,2053-02-15,3.9e+10,5.7e+10,17.8874,0.00367339,0.00532858,0.0193581,0,True
2023-04,912810TQ1,reopen,20-Year,2043-02-15,2.7e+10,3.9e+10,13.6626,0.00260491,0.00373445,0.00843832,0,True
2023-04,9128286R6,remove,5-Year,2024-04-30,3.51011e+10,0,0.978292,0.00330215,0,0.0172165,,
2023-04,912828X70,remove,7-Year,2024-04-30,2.4456e+10,0,0.980078,0.00229217,0,0.0119466,,
2023-04,91282CBV2,remove,3-Year,2024-04-15,4.05331e+10,0,0.953757,0.0037065,0,0.0194156,,
2023-04,91282CEK3,remove,2-Year,2024-04-30,4.8e+10,0,0.976519,0.00453238,0,0.0236386,,
2023-04,91282CGM7,reopen,10-Year,2033-02-15,6.70004e+10,9.90004e+10,8.19224,0.00642008,0.0094153,0.00599111,0,True
2023-04,91282CGV7,add,3-Year,2026-04-15,0,4e+10,2.78752,0,0.00377996,-0.0128689,0,True
2023-04,91282CGX3,add,2-Year,2025-04-30,0,4.2e+10,1.88032,0,0.00405501,-0.017484,1,False
2023-04,91282CGZ8,add,7-Year,2030-04-30,0,3.5e+10,6.05726,0,0.00337039,-0.000454182,1,False
2023-04,91282CHA2,add,5-Year,2028-04-30,0,4.3e+10,4.47661,0,0.00414134,-0.00710409,1,False
2023-05,912810TR9,add,30-Year,2053-05-15,0,2.1e+10,17.761,0,0.00189035,0.0220525,0,True
2023-05,912810TS7,add,20-Year,2043-05-15,0,1.5e+10,13.6867,0,0.00139325,0.010577,0,True
2023-05,912828WJ5,remove,10-Year,2024-05-15,5.85301e+10,0,0.94692,0.00548698,0,0.0282483,,
2023-05,912828XT2,remove,7-Year,2024-05-31,4.05892e+10,0,0.981011,0.00381751,0,0.0195233,,
2023-05,91282CCC3,remove,3-Year,2024-05-15,4.9249e+10,0,0.952392,0.00451431,0,0.023216,,
2023-05,91282CER8,remove,2-Year,2024-05-31,4.70002e+10,0,0.977449,0.00445347,0,0.0227915,,
2023-05,91282CHB0,add,3-Year,2026-05-15,0,4e+10,2.78831,0,0.00378643,-0.0125211,0,True
2023-05,91282CHC8,add,10-Year,2033-05-15,0,3.50001e+10,8.36429,0,0.0032537,0.0073831,0,True
2023-05,91282CHD6,add,2-Year,2025-05-31,0,4.20001e+10,1.87814,0,0.00409703,-0.0172772,0,True
2023-05,91282CHE4,add,5-Year,2028-05-31,0,4.3e+10,4.47129,0,0.00416307,-0.00676026,0,True
2023-05,91282CHF1,add,7-Year,2030-05-31,0,3.5e+10,6.01144,0,0.0034099,-0.000285433,1,False
2023-06,912810TR9,reopen,30-Year,2053-05-15,2.1e+10,3.9e+10,17.8379,0.00194341,0.00358355,0.0191349,0,True
2023-06,912810TS7,reopen,20-Year,2043-05-15,1.5e+10,2.7e+10,13.6469,0.00141549,0.00252979,0.00833007,0,True
2023-06,9128286Z8,remove,5-Year,2024-06-30,3.2061e+10,0,0.974031,0.00298812,0,0.0155298,,
2023-06,912828XX3,remove,7-Year,2024-06-30,2.3393e+10,0,0.972229,0.00218843,0,0.0113776,,
2023-06,91282CCG4,remove,3-Year,2024-06-15,5.04681e+10,0,0.946361,0.00460131,0,0.0240412,,
2023-06,91282CEX5,remove,2-Year,2024-06-30,4.60002e+10,0,0.965152,0.00436763,0,0.0227382,,
2023-06,91282CHC8,reopen,10-Year,2033-05-15,3.50001e+10,6.70001e+10,8.2762,0.00326465,0.00620506,0.00618949,0,True
2023-06,91282CHH7,add,3-Year,2026-06-15,0,4.00001e+10,2.76303,0,0.00378429,-0.0128976,0,True
2023-06,91282CHJ3,add,7-Year,2030-06-30,0,3.5e+10,5.98181,0,0.00338674,-0.000641504,1,False
2023-06,91282CHK0,add,5-Year,2028-06-30,0,4.3e+10,4.42155,0,0.00416281,-0.00728355,1,False
2023-06,91282CHL8,add,2-Year,2025-06-30,0,4.2e+10,1.85863,0,0.00407749,-0.0175846,0,True
2023-07,912810TR9,reopen,30-Year,2053-05-15,3.9e+10,5.7e+10,17.6144,0.00354664,0.0051437,0.0183692,0,True
2023-07,912810TS7,reopen,20-Year,2043-05-15,2.7e+10,3.9e+10,13.5012,0.00251428,0.00360382,0.00805023,0,True
2023-07,9128282N9,remove,7-Year,2024-07-31,2.1889e+10,0,0.97614,0.00205088,0,0.0105341,,
2023-07,912828Y87,remove,5-Year,2024-07-31,3.38071e+10,0,0.978839,0.00314981,0,0.0161701,,
2023-07,91282CCL3,remove,3-Year,2024-07-15,4.41921e+10,0,0.948209,0.00403351,0,0.0208303,,
2023-07,91282CFA4,remove,2-Year,2024-07-31,4.5e+10,0,0.969957,0.00427129,0,0.0219653,,
2023-07,91282CHC8,reopen,10-Year,2033-05-15,6.70001e+10,9.90001e+10,8.17615,0.00617525,0.00905447,0.00594168,0,True
2023-07,91282CHM6,add,3-Year,2026-07-15,0,4e+10,2.75051,0,0.00380126,-0.0127798,0,True
2023-07,91282CHN4,add,2-Year,2025-07-31,0,4.20001e+10,1.85928,0,0.00407504,-0.0173321,0,True
2023-07,91282CHQ7,add,5-Year,2028-07-31,0,4.3e+10,4.4034,0,0.00416254,-0.00711427,0,True
2023-07,91282CHR5,add,7-Year,2030-07-31,0,3.5e+10,5.93952,0,0.00339068,-0.000586574,1,False
2023-08,912810TT5,add,30-Year,2053-08-15,0,2.3e+10,16.8874,0,0.00215654,0.0235691,0,True
2023-08,912810TU2,add,20-Year,2043-08-15,0,1.6e+10,13.1453,0,0.00152068,0.0109292,0,True
2023-08,9128282U3,remove,7-Year,2024-08-31,2.5063e+10,0,0.977633,0.00236586,0,0.0117835,,
2023-08,912828D56,remove,10-Year,2024-08-15,6.0374e+10,0,0.943068,0.0056853,0,0.028513,,
2023-08,912828YE4,remove,5-Year,2024-08-31,3.00531e+10,0,0.982184,0.00281034,0,0.0139846,,
2023-08,91282CCT6,remove,3-Year,2024-08-15,5.0741e+10,0,0.947932,0.00468359,0,0.0234665,,
2023-08,91282CFG1,remove,2-Year,2024-08-31,4.40001e+10,0,0.967915,0.00423899,0,0.0211541,,
2023-08,91282CHT1,add,10-Year,2033-08-15,0,3.8e+10,8.15477,0,0.00355944,0.00781825,0,True
2023-08,91282CHU8,add,3-Year,2026-08-15,0,4.20001e+10,2.7513,0,0.00401833,-0.0128867,0,True
2023-08,91282CHV6,add,2-Year,2025-08-31,0,4.5e+10,1.85171,0,0.00444758,-0.0182644,1,False
2023-08,91282CHW4,add,7-Year,2030-08-31,0,3.6e+10,5.86419,0,0.00354721,-0.000333768,1,False
2023-08,91282CHX2,add,5-Year,2028-08-31,0,4.6e+10,4.36177,0,0.00453377,-0.00723824,1,False
2023-09,912810TT5,reopen,30-Year,2053-08-15,2.3e+10,4.3e+10,16.3665,0.00206219,0.0038198,0.018518,0,True
2023-09,912810TU2,reopen,20-Year,2043-08-15,1.6e+10,2.9e+10,12.8814,0.00148054,0.00265872,0.00830689,0,True
2023-09,9128282Y5,remove,7-Year,2024-09-30,2.15001e+10,0,0.973113,0.00205594,0,0.00998693,,
2023-09,912828YH7,remove,5-Year,2024-09-30,3.09821e+10,0,0.97763,0.00293503,0,0.0142439,,
2023-09,91282CCX7,remove,3-Year,2024-09-15,5.7902e+10,0,0.947886,0.00539326,0,0.0263343,,
2023-09,91282CFN6,remove,2-Year,2024-09-30,4.30001e+10,0,0.958367,0.00424228,0,0.0206698,,
2023-09,91282CHT1,reopen,10-Year,2033-08-15,3.8e+10,7.30001e+10,8.03558,0.00353305,0.00672454,0.00703683,0,True
2023-09,91282CHY0,add,3-Year,2026-09-15,0,4.4e+10,2.74192,0,0.00424328,-0.0131066,0,True
2023-09,91282CHZ7,add,7-Year,2030-09-30,0,3.7e+10,5.80581,0,0.00366486,-9.12314e-05,1,False
2023-09,91282CJA0,add,5-Year,2028-09-30,0,4.9e+10,4.33493,0,0.00485339,-0.0072596,1,False
2023-09,91282CJB8,add,2-Year,2025-09-30,0,4.8e+10,1.84712,0,0.004765,-0.0189818,1,False
2023-10,912810TT5,reopen,30-Year,2053-08-15,4.3e+10,6.3e+10,15.7921,0.00364361,0.00528476,0.0166495,0,True
2023-10,912810TU2,reopen,20-Year,2043-08-15,2.9e+10,4.2e+10,12.5711,0.00257074,0.0036858,0.00772066,0,True
2023-10,9128283D0,remove,7-Year,2024-10-31,2.18351e+10,0,0.974987,0.00210737,0,0.0098459,,
2023-10,912828YM6,remove,5-Year,2024-10-31,2.99252e+10,0,0.980396,0.00285591,0,0.0133277,,
2023-10,91282CDB4,remove,3-Year,2024-10-15,5.8e+10,0,0.947359,0.0054569,0,0.025646,,
2023-10,91282CFQ9,remove,2-Year,2024-10-31,4.2e+10,0,0.960295,0.00418186,0,0.0195996,,
2023-10,91282CHT1,reopen,10-Year,2033-08-15,7.30001e+10,1.08e+11,7.90729,0.00664829,0.00973715,0.00698139,0,True
2023-10,91282CJC6,add,3-Year,2026-10-15,0,4.6e+10,2.73959,0,0.00444736,-0.0129308,0,True
2023-10,91282CJE2,add,2-Year,2025-10-31,0,5.1e+10,1.85164,0,0.00508579,-0.0193029,0,True
2023-10,91282CJF9,add,5-Year,2028-10-31,0,5.2e+10,4.30317,0,0.00518626,-0.00697,0,True
2023-10,91282CJG7,add,7-Year,2030-10-31,0,3.8e+10,5.72413,0,0.00379467,0.000292277,1,False
2023-11,912810ES3,remove,30-Year 3-Month,2024-11-15,5.28945e+09,0,0.934893,0.000515003,0,0.00253262,,
2023-11,912810TV0,add,30-Year,2053-11-15,0,2.4e+10,16.0537,0,0.00232784,0.0237466,0,True
2023-11,912810TW8,add,20-Year,2043-11-15,0,1.6e+10,12.7746,0,0.00150779,0.010437,0,True
2023-11,9128283J7,remove,7-Year,2024-11-30,2.2855e+10,0,0.976661,0.00213136,0,0.0103923,,
2023-11,912828G38,remove,10-Year,2024-11-15,5.92541e+10,0,0.946819,0.00548403,0,0.0269033,,
2023-11,912828YV6,remove,5-Year,2024-11-30,3.4229e+10,0,0.981175,0.0031623,0,0.0154048,,
2023-11,91282CDH1,remove,3-Year,2024-11-15,5.36251e+10,0,0.950458,0.00488931,0,0.023968,,
2023-11,91282CFX4,remove,2-Year,2024-11-30,4.20001e+10,0,0.960247,0.00405545,0,0.0198406,,
2023-11,91282CJJ1,add,10-Year,2033-11-15,0,4e+10,7.9628,0,0.00379692,0.00801238,0,True
2023-11,91282CJK8,add,3-Year,2026-11-15,0,4.8e+10,2.74718,0,0.00453946,-0.0140968,0,True
2023-11,91282CJL6,add,2-Year,2025-11-30,0,5.4e+10,1.8551,0,0.00522948,-0.0209047,1,False
2023-11,91282CJM4,add,7-Year,2030-11-30,0,3.9e+10,5.83156,0,0.00376975,-7.92265e-05,1,False
2023-11,91282CJN2,add,5-Year,2028-11-30,0,5.5e+10,4.35495,0,0.0053155,-0.00796064,1,False
2023-12,912810TV0,reopen,30-Year,2053-11-15,2.4e+10,4.5e+10,16.6142,0.00246177,0.00455974,0.022012,0,True
2023-12,912810TW8,reopen,20-Year,2043-11-15,1.6e+10,2.90001e+10,13.0116,0.0015717,0.00281409,0.00855935,0,True
2023-12,9128283P3,remove,7-Year,2024-12-31,2.51361e+10,0,0.986027,0.00225794,0,0.0115971,,
2023-12,912828YY0,remove,5-Year,2024-12-31,3.13491e+10,0,0.989614,0.00279513,0,0.0143462,,
2023-12,91282CDN8,remove,3-Year,2024-12-15,5.40002e+10,0,0.957283,0.00474538,0,0.0245093,,
2023-12,91282CGD7,remove,2-Year,2024-12-31,4.2e+10,0,0.972199,0.00388486,0,0.0200069,,
2023-12,91282CJJ1,reopen,10-Year,2033-11-15,4e+10,7.7e+10,7.95843,0.00384099,0.00730406,0.00635911,0,True
2023-12,91282CJP7,add,3-Year,2026-12-15,0,5.00001e+10,2.7703,0,0.00454788,-0.0152439,0,True
2023-12,91282CJQ5,add,7-Year,2030-12-31,0,4e+10,5.97839,0,0.00366933,-0.000527568,1,False
2023-12,91282CJR3,add,5-Year,2028-12-31,0,5.8e+10,4.44715,0,0.00531903,-0.00890945,1,False
2023-12,91282CJS1,add,2-Year,2025-12-31,0,5.7e+10,1.8824,0,0.00523797,-0.0222078,1,False
2024-01,912810TV0,reopen,30-Year,2053-11-15,4.5e+10,6.6e+10,16.1398,0.00438183,0.00634334,0.0199635,0,True
2024-01,912810TW8,reopen,20-Year,2043-11-15,2.90001e+10,4.20001e+10,12.7729,0.00275512,0.00393842,0.00805907,0,True
2024-01,9128283V0,remove,7-Year,2025-01-31,2.6067e+10,0,0.976505,0.00234826,0,0.0117078,,
2024-01,912828Z52,remove,5-Year,2025-01-31,2.9056e+10,0,0.984588,0.00257397,0,0.0128123,,
2024-01,91282CDS7,remove,3-Year,2025-01-15,5.20001e+10,0,0.949236,0.0045716,0,0.0229173,,
2024-01,91282CGG0,remove,2-Year,2025-01-31,4.2e+10,0,0.965292,0.00387453,0,0.0193608,,
2024-01,91282CJJ1,reopen,10-Year,2033-11-15,7.7e+10,1.14e+11,7.83819,0.007272,0.0106267,0.00629335,0,True
2024-01,91282CJT9,add,3-Year,2027-01-15,0,5.20001e+10,2.77256,0,0.0046597,-0.0148628,0,True
2024-01,91282CJV4,add,2-Year,2026-01-31,0,6.00001e+10,1.87575,0,0.00549704,-0.0224635,0,True
2024-01,91282CJW2,add,5-Year,2029-01-31,0,6.10001e+10,4.42096,0,0.00558215,-0.00860354,0,True
2024-01,91282CJX0,add,7-Year,2031-01-31,0,4.1e+10,5.94659,0,0.0037382,-5.84071e-05,0,True
2024-02,912810ET1,remove,30-Year,2025-02-15,5.54152e+09,0,0.938548,0.000515619,0,0.0025945,,
2024-02,912810TX6,add,30-Year,2054-02-15,0,2.5e+10,16.7045,0,0.00220288,0.023646,0,True
2024-02,912810TZ1,add,20-Year,2044-02-15,0,1.6e+10,13.0703,0,0.00143697,0.0102023,0,True
2024-02,9128283Z1,remove,7-Year,2025-02-28,2.64401e+10,0,0.970876,0.00237636,0,0.0118806,,
2024-02,912828J27,remove,10-Year,2025-02-15,5.33161e+10,0,0.951344,0.00469859,0,0.0235823,,
2024-02,912828ZC7,remove,5-Year,2025-02-28,3.2352e+10,0,0.982561,0.002838,0,0.0141554,,
2024-02,91282CDZ1,remove,3-Year,2025-02-15,5e+10,0,0.952551,0.00438449,0,0.0220006,,
2024-02,91282CGN5,remove,2-Year,2025-02-28,4.2e+10,0,0.95807,0.00387927,0,0.019444,,
2024-02,91282CJZ5,add,10-Year,2034-02-15,0,4.20001e+10,8.12419,0,0.00369697,0.00796262,0,True
2024-02,91282CKA8,add,3-Year,2027-02-15,0,5.4e+10,2.76876,0,0.00481107,-0.0154032,0,True
2024-02,91282CKB6,add,2-Year,2026-02-28,0,6.3e+10,1.86022,0,0.00578756,-0.0237877,1,False
2024-02,91282CKC4,add,7-Year,2031-02-28,0,4.2e+10,5.88242,0,0.00385141,-0.000338714,1,False
2024-02,91282CKD2,add,5-Year,2029-02-28,0,6.4e+10,4.38057,0,0.00586848,-0.00932969,1,False
2024-03,912810TX6,reopen,30-Year,2054-02-15,2.5e+10,4.7e+10,16.6054,0.00219324,0.00406288,0.0198413,0,True
2024-03,912810TZ1,reopen,20-Year,2044-02-15,1.6e+10,2.90001e+10,13.0177,0.00144356,0.00257811,0.00796996,0,True
2024-03,9128284F4,remove,7-Year,2025-03-31,1.5702e+10,0,0.979887,0.00138957,0,0.00696604,,
2024-03,912828ZF0,remove,5-Year,2025-03-31,3.9646e+10,0,0.995342,0.00339833,0,0.0169836,,
2024-03,91282CED9,remove,3-Year,2025-03-15,4.80001e+10,0,0.952039,0.00416394,0,0.0209902,,
2024-03,91282CGU9,remove,2-Year,2025-03-31,4.2e+10,0,0.971242,0.0037855,0,0.0190098,,
2024-03,91282CJZ5,reopen,10-Year,2034-02-15,4.20001e+10,8.10001e+10,8.05396,0.00370499,0.00704065,0.00687471,0,True
2024-03,91282CKE0,add,3-Year,2027-03-15,0,5.6e+10,2.76632,0,0.00492446,-0.0158896,0,True
2024-03,91282CKF7,add,7-Year,2031-03-31,0,4.3e+10,5.90453,0,0.00386626,-0.000342006,1,False
2024-03,91282CKG5,add,5-Year,2029-03-31,0,6.7e+10,4.39942,0,0.00602327,-0.00959848,1,False
2024-03,91282CKH3,add,2-Year,2026-03-31,0,6.6e+10,1.87082,0,0.00594419,-0.0245029,1,False
2024-04,912810TX6,reopen,30-Year,2054-02-15,4.7e+10,6.90001e+10,16.0585,0.00391095,0.00565834,0.0179346,0,True
2024-04,912810TZ1,reopen,20-Year,2044-02-15,2.90001e+10,4.20001e+10,12.7106,0.00251027,0.00358285,0.00741755,0,True
2024-04,9128284M9,remove,7-Year,2025-04-30,2.4509e+10,0,0.969164,0.00218879,0,0.0105626,,
2024-04,912828ZL7,remove,5-Year,2025-04-30,4.19071e+10,0,0.987324,0.00360463,0,0.0173296,,
2024-04,91282CEH0,remove,3-Year,2025-04-15,4.60001e+10,0,0.943722,0.00404688,0,0.0196323,,
2024-04,91282CGX3,remove,2-Year,2025-04-30,4.20001e+10,0,0.96227,0.00380611,0,0.0183937,,
2024-04,91282CJZ5,reopen,10-Year,2034-02-15,8.10001e+10,1.2e+11,7.9136,0.00697929,0.0101898,0.00680195,0,True
2024-04,91282CKJ9,add,3-Year,2027-04-15,0,5.8e+10,2.7466,0,0.0051144,-0.0155904,0,True
2024-04,91282CKK6,add,2-Year,2026-04-30,0,6.9e+10,1.85356,0,0.00626778,-0.0247037,0,True
2024-04,91282CKN0,add,7-Year,2031-04-30,0,4.4e+10,5.79426,0,0.00399389,-2.67058e-06,1,False
2024-04,91282CKP5,add,5-Year,2029-04-30,0,7e+10,4.33368,0,0.00634829,-0.00927646,0,True
2024-05,912810UA4,add,30-Year,2054-05-15,0,2.5e+10,16.1748,0,0.00219767,0.0226114,0,True
2024-05,912810UB2,add,20-Year,2044-05-15,0,1.6e+10,12.9199,0,0.00138962,0.00977459,0,True
2024-05,9128284R8,remove,7-Year,2025-05-31,2.25152e+10,0,0.971641,0.00196417,0,0.00965249,,
2024-05,912828XB1,remove,10-Year,2025-05-15,5.08204e+10,0,0.944729,0.00434648,0,0.0214769,,
2024-05,912828ZT0,remove,5-Year,2025-05-31,4.1156e+10,0,0.990747,0.0034514,0,0.0168953,,
2024-05,91282CEQ0,remove,3-Year,2025-05-15,4.50001e+10,0,0.943241,0.00387255,0,0.0191408,,
2024-05,91282CHD6,remove,2-Year,2025-05-31,4.20001e+10,0,0.962211,0.00373824,0,0.018406,,
2024-05,91282CKQ3,add,10-Year,2034-05-15,0,4.2e+10,7.99368,0,0.00363446,0.0076605,0,True
2024-05,91282CKR1,add,3-Year,2027-05-15,0,5.80002e+10,2.74767,0,0.00502379,-0.015766,0,True
2024-05,91282CKS9,add,2-Year,2026-05-31,0,6.9e+10,1.85478,0,0.00614758,-0.0247819,1,False
2024-05,91282CKT7,add,5-Year,2029-05-31,0,7e+10,4.34966,0,0.00622485,-0.00956306,1,False
2024-05,91282CKU4,add,7-Year,2031-05-31,0,4.4e+10,5.83618,0,0.00391226,-0.000194675,1,False
2024-06,912810UA4,reopen,30-Year,2054-05-15,2.5e+10,4.7e+10,16.3111,0.00224195,0.00415196,0.0197679,0,True
2024-06,912810UB2,reopen,20-Year,2044-05-15,1.6e+10,2.9e+10,12.9292,0.00140576,0.00250991,0.00769333,0,True
2024-06,912828XZ8,remove,7-Year,2025-06-30,1.7376e+10,0,0.970391,0.0014761,0,0.00736738,,
2024-06,912828ZW3,remove,5-Year,2025-06-30,4.34421e+10,0,0.988615,0.00355423,0,0.0176749,,
2024-06,91282CEU1,remove,3-Year,2025-06-15,4.40001e+10,0,0.943455,0.00369793,0,0.0185564,,
2024-06,91282CHL8,remove,2-Year,2025-06-30,4.2e+10,0,0.957582,0.00366666,0,0.0183477,,
2024-06,91282CKQ3,reopen,10-Year,2034-05-15,4.2e+10,8.10001e+10,7.9366,0.00365591,0.00694545,0.00649713,0,True
2024-06,91282CKV2,add,3-Year,2027-06-15,0,5.8e+10,2.74787,0,0.00492803,-0.0158369,0,True
2024-06,91282CKW0,add,7-Year,2031-06-30,0,4.4e+10,5.88943,0,0.00379445,-0.000273507,1,False
2024-06,91282CKX8,add,5-Year,2029-06-30,0,7e+10,4.38194,0,0.00603684,-0.00953563,1,False
2024-06,91282CKY6,add,2-Year,2026-06-30,0,6.9e+10,1.85898,0,0.00596311,-0.0244639,1,False
2024-07,912810UA4,reopen,30-Year,2054-05-15,4.7e+10,6.9e+10,16.0881,0.00407547,0.00589863,0.0186134,0,True
2024-07,912810UB2,reopen,20-Year,2044-05-15,2.9e+10,4.2e+10,12.7893,0.00247837,0.00353867,0.00732724,0,True
2024-07,912828Y79,remove,7-Year,2025-07-31,2.12351e+10,0,0.970841,0.00178,0,0.00873605,,
2024-07,91282CAB7,remove,5-Year,2025-07-31,4.5421e+10,0,0.989925,0.0036603,0,0.0178945,,
2024-07,91282CEY3,remove,3-Year,2025-07-15,4.3e+10,0,0.941739,0.00356396,0,0.0175952,,
2024-07,91282CHN4,remove,2-Year,2025-07-31,4.20001e+10,0,0.958087,0.00361774,0,0.0178016,,
2024-07,91282CKQ3,reopen,10-Year,2034-05-15,8.10001e+10,1.2e+11,7.85175,0.00694324,0.010141,0.0063093,0,True
2024-07,91282CKZ3,add,3-Year,2027-07-15,0,5.8e+10,2.75605,0,0.0048389,-0.0151103,0,True
2024-07,91282CLB5,add,2-Year,2026-07-31,0,6.90001e+10,1.86905,0,0.0058498,-0.0234558,0,True
2024-07,91282CLC3,add,5-Year,2029-07-31,0,7e+10,4.41389,0,0.00589344,-0.00863289,0,True
2024-07,91282CLD1,add,7-Year,2031-07-31,0,4.40001e+10,5.91521,0,0.00371606,0.000135601,0,True
2024-08,912810EV6,remove,30-Year,2025-08-15,4.7696e+09,0,0.932358,0.000396301,0,0.00202166,,
2024-08,912810UC0,add,30-Year,2054-08-15,0,2.5e+10,17,0,0.00205745,0.0225626,0,True
2024-08,912810UD8,add,20-Year,2044-08-15,0,1.6e+10,13.4656,0,0.00127485,0.00947462,0,True
2024-08,9128284Z0,remove,7-Year,2025-08-31,2.1927e+10,0,0.971246,0.00177206,0,0.0089709,,
2024-08,912828K74,remove,10-Year,2025-08-15,5.52631e+10,0,0.943528,0.00438016,0,0.0222956,,
2024-08,91282CAJ0,remove,5-Year,2025-08-31,4.55394e+10,0,0.98943,0.00354496,0,0.0178816,,
2024-08,91282CFE6,remove,3-Year,2025-08-15,4.2e+10,0,0.940855,0.00336604,0,0.0171426,,
2024-08,91282CHV6,remove,2-Year,2025-08-31,4.50001e+10,0,0.955987,0.0037571,0,0.0190773,,
2024-08,91282CLF6,add,10-Year,2034-08-15,0,4.20001e+10,8.20103,0,0.00339091,0.00734934,0,True
2024-08,91282CLG4,add,3-Year,2027-08-15,0,5.8e+10,2.78106,0,0.00466174,-0.0151628,0,True
2024-08,91282CLH2,add,2-Year,2026-08-31,0,6.9e+10,1.88155,0,0.00564407,-0.0234349,1,False
2024-08,91282CLJ8,add,7-Year,2031-08-31,0,4.4e+10,6.0129,0,0.00359598,-7.47022e-05,1,False
2024-08,91282CLK5,add,5-Year,2029-08-31,0,7e+10,4.46278,0,0.00571895,-0.00898381,1,False
2024-09,912810UC0,reopen,30-Year,2054-08-15,2.5e+10,4.7e+10,16.9455,0.00205209,0.00381063,0.0191557,0,True
2024-09,912810UD8,reopen,20-Year,2044-08-15,1.6e+10,2.9e+10,13.4213,0.00127813,0.0022882,0.00744303,0,True
2024-09,9128285C0,remove,7-Year,2025-09-30,2.2129e+10,0,0.974651,0.0017704,0,0.00898988,,
2024-09,91282CAM3,remove,5-Year,2025-09-30,5.22551e+10,0,0.99455,0.00401249,0,0.0202951,,
2024-09,91282CFK2,remove,3-Year,2025-09-15,4.1e+10,0,0.947675,0.00325203,0,0.0166011,,
2024-09,91282CJB8,remove,2-Year,2025-09-30,4.80001e+10,0,0.961156,0.00395248,0,0.0201235,,
2024-09,91282CLF6,reopen,10-Year,2034-08-15,4.20001e+10,8.10001e+10,8.1331,0.00339311,0.00646361,0.00638842,0,True
2024-09,91282CLL3,add,3-Year,2027-09-15,0,5.80002e+10,2.80319,0,0.00455203,-0.0147911,0,True
2024-09,91282CLM1,add,7-Year,2031-09-30,0,4.4e+10,6.04461,0,0.00351702,-2.78295e-05,1,False
2024-09,91282CLN9,add,5-Year,2029-09-30,0,7e+10,4.49187,0,0.00559154,-0.00872645,1,False
2024-09,91282CLP4,add,2-Year,2026-09-30,0,6.90002e+10,1.89744,0,0.00551369,-0.0229099,0,True
