record_date,cusip,security_type,security_term,auction_date,issue_date,maturity_date,price_per100,accrued_int_per100,accrued_int_per1000,adj_accrued_int_per1000,adj_price,allocation_pctage,allocation_pctage_decimals,announcemtd_cusip,announcemt_date,auction_format,avg_med_discnt_rate,avg_med_investment_rate,avg_med_price,avg_med_discnt_margin,avg_med_yield,back_dated,back_dated_date,bid_to_cover_ratio,callable,call_date,called_date,cash_management_bill_cmb,closing_time_comp,closing_time_noncomp,comp_accepted,comp_bid_decimals,comp_tendered,comp_tenders_accepted,corpus_cusip,cpi_base_reference_period,currently_outstanding,dated_date,direct_bidder_accepted,direct_bidder_tendered,est_pub_held_mat_by_type_amt,fima_included,fima_noncomp_accepted,fima_noncomp_tendered,first_int_period,first_int_payment_date,floating_rate,frn_index_determination_date,frn_index_determination_rate,high_discnt_rate,high_investment_rate,high_price,high_discnt_margin,high_yield,index_ratio_on_issue_date,indirect_bidder_accepted,indirect_bidder_tendered,int_payment_frequency,int_rate,low_discnt_rate,low_investment_rate,low_price,low_discnt_margin,low_yield,mat_date,max_comp_award,max_noncomp_award,max_single_bid,min_bid_amt,min_strip_amt,min_to_issue,multiples_to_bid,multiples_to_issue,nlp_exclusion_amt,nlp_reporting_threshold,noncomp_accepted,noncomp_tenders_accepted,offering_amt,original_cusip,original_dated_date,original_issue_date,original_security_term,pdf_filenm_announcemt,pdf_filenm_comp_results,pdf_filenm_noncomp_results,primary_dealer_accepted,primary_dealer_tendered,ref_cpi_on_dated_date,ref_cpi_on_issue_date,reopening,security_term_day_month,security_term_week_year,series,soma_accepted,soma_holdings,soma_included,soma_tendered,spread,std_int_payment_per1000,strippable,tiin_conversion_factor_per1000,total_accepted,total_tendered,treas_retail_accepted,treas_retail_tenders_accepted,unadj_accrued_int_per1000,unadj_price,xml_filenm_announcemt,xml_filenm_comp_results,inflation_index_security,tint_cusip_1,tint_cusip_2,pdf_filenm_spec_announcemt
2024-10-15,91282CLQ2,Note,3-Year,2024-10-08,2024-10-15,2027-10-15,99.991581,null,null,null,null,87.390000,2,null,2024-10-03,Single-Price,null,null,null,null,3.820000,No,null,2.450000,No,null,null,No,01:00 PM,12:00 PM,57802343200,3,142028100000,Yes,912821QR9,null,null,2024-10-15,13852695000,21959000000,96908000000,Yes,5000000,5000000,Normal,2025-04-15,No,null,null,null,null,99.991581,null,3.8780,null,32869545700,40574100000,Semi-Annual,3.875000,null,null,null,null,3.700000,2024-10-15,20300000000,10000000,20300000000,100,100,100,100,100,0,20300000000,192713200,Yes,58000000000,null,null,null,3-Year,A_20241003_3.pdf,R_20241008_2.pdf,NCR_20241008_2.pdf,11080102500,79495000000,null,null,No,0-Month,3-Year,AT-2027,796035000,8612000000,No,796035000,null,19.3750,Yes,null,58796091400,143021848200,80149800,Yes,null,null,A_20241003_3.xml,R_20241008_2.xml,No,912834YA0,null,null
2024-10-15,91282CLF6,Note,9-Year 10-Month,2024-10-09,2024-10-15,2034-08-15,98.455673,null,6.4232300000,null,null,99.310000,2,null,2024-10-03,Single-Price,null,null,null,null,4.008000,Yes,2024-08-15,2.480000,No,null,null,No,01:00 PM,12:00 PM,38928454500,3,96702265000,Yes,912821QH1,null,89357000000.000000,2024-08-15,3285500000,9197000000,96908000000,Yes,0,0,Normal,2025-02-15,No,null,null,null,null,98.455673,null,4.0660,null,30221954500,34576265000,Semi-Annual,3.875000,null,null,null,null,2.880000,2024-10-15,13650000000,10000000,13650000000,100,100,100,100,100,28400000000,13650000000,71548000,Yes,39000000000,null,2024-08-15,2024-08-15,10-Year,A_20241003_5.pdf,R_20241009_2.pdf,NCR_20241009_2.pdf,5421000000,52929000000,null,null,Yes,10-Month,9-Year,E-2034,535264800,8612000000,No,535264800,null,19.3750,Yes,null,39535267300,97309077800,22097000,Yes,null,null,A_20241003_5.xml,R_20241009_2.xml,No,null,null,null
2024-10-15,912810UC0,Bond,29-Year 10-Month,2024-10-10,2024-10-15,2054-08-15,97.689969,null,7.0448400000,null,null,14.830000,2,null,2024-10-03,Single-Price,null,null,null,null,4.320000,Yes,2024-08-15,2.500000,No,null,null,No,01:00 PM,12:00 PM,21973803500,3,54873730000,Yes,912803HD8,null,51965000000.000000,2024-08-15,1619100000,5780100000,96908000000,Yes,0,0,Normal,2025-02-15,No,null,null,null,null,97.689969,null,4.3890,null,17683030000,21072630000,Semi-Annual,4.250000,null,null,null,null,2.880000,2024-10-15,7700000000,10000000,7700000000,100,100,100,100,100,16500000000,7700000000,26200500,Yes,22000000000,null,2024-08-15,2024-08-15,30-Year,A_20241003_4.pdf,R_20241010_3.pdf,NCR_20241010_3.pdf,2671673500,28021000000,null,null,Yes,10-Month,29-Year,Bonds of August 2054,301944200,8612000000,No,301944200,null,21.2500,Yes,null,22301948200,55201874700,5875500,Yes,null,null,A_20241003_4.xml,R_20241010_3.xml,No,null,null,null
2024-10-31,912810UD8,Bond,19-Year 10-Month,2024-10-23,2024-10-31,2044-08-15,93.984213,null,8.6311100000,null,null,61.600000,2,null,2024-10-17,Single-Price,null,null,null,null,4.530000,Yes,2024-08-15,2.590000,No,null,null,No,01:00 PM,12:00 PM,12934391000,3,33618815000,Yes,912803HE6,null,30539000000.000000,2024-08-15,2282000000,4632000000,161116000000,Yes,0,0,Normal,2025-02-15,No,null,null,null,null,93.984213,null,4.5900,null,8779095000,11401815000,Semi-Annual,4.125000,null,null,null,null,3.880000,2024-10-31,4550000000,10000000,4550000000,100,100,100,100,100,10200000000,4550000000,65617100,Yes,13000000000,null,2024-08-15,2024-09-03,20-Year,A_20241017_2.pdf,R_20241023_2.pdf,NCR_20241023_2.pdf,1873296000,17585000000,null,null,Yes,10-Month,19-Year,Bonds of August 2044,219291900,22238000000,No,219291900,null,20.6250,Yes,null,13219300000,33903724000,24406100,Yes,null,null,A_20241017_2.xml,R_20241023_2.xml,No,null,null,null
2024-10-31,91282CLV1,Note,5-Year,2024-10-24,2024-10-31,2029-10-15,99.828173,null,null,0.7145900000,99.8281730000,72.600000,2,null,2024-10-17,Single-Price,null,null,null,null,1.600000,Yes,2024-10-15,2.400000,No,null,null,No,01:00 PM,12:00 PM,23913345000,3,57417185000,Yes,912821QS7,1982-1984=100,null,2024-10-15,4148000000,7948000000,161116000000,Yes,0,0,Normal,2025-04-15,No,null,null,null,null,99.828173,null,1.6700,1.000420,17877785000,20137185000,Semi-Annual,1.625000,null,null,null,null,1.550000,2024-10-31,8400000000,10000000,8400000000,100,100,100,100,100,0,8400000000,86662400,Yes,24000000000,null,null,null,5-Year,A_20241017_3.pdf,R_20241024_3.pdf,NCR_20241024_3.pdf,1887560000,29332000000,314.655610,314.787740,No,0-Month,5-Year,AE-2029,404846600,22238000000,No,404846600,null,null,Yes,2.5821881900,24404854000,57908694000,21790400,Yes,0.714290,99.786263,A_20241017_3.xml,R_20241024_3.xml,Yes,null,null,null
2024-10-31,91282CLR0,Note,5-Year,2024-10-28,2024-10-31,2029-10-31,99.941823,null,null,null,null,25.490000,2,null,2024-10-24,Single-Price,null,null,null,null,4.070000,No,null,2.390000,No,null,null,No,01:00 PM,12:00 PM,69849599000,3,167190444000,Yes,912821QU2,null,null,2024-10-31,6617000000,16397000000,161116000000,Yes,0,0,Normal,2025-04-30,No,null,null,null,null,99.941823,null,4.1380,null,53333384000,62178444000,Semi-Annual,4.125000,null,null,null,null,4.000000,2024-10-31,24500000000,10000000,24500000000,100,100,100,100,100,0,24500000000,150409800,Yes,70000000000,null,null,null,5-Year,A_20241024_2.pdf,R_20241028_3.pdf,NCR_20241028_3.pdf,9899215000,88615000000,null,null,No,0-Month,5-Year,AF-2029,1180802700,22238000000,No,1180802700,null,20.6250,Yes,null,71180811500,168521656500,53007800,Yes,null,null,A_20241024_2.xml,R_20241028_3.xml,No,null,null,"SPL_20241024_1.pdf, SPL_20241024_3.pdf"
2024-10-31,91282CLS8,Note,2-Year,2024-10-28,2024-10-31,2026-10-31,99.990496,null,null,null,null,74.070000,2,null,2024-10-24,Single-Price,null,null,null,null,4.070000,No,null,2.500000,No,null,null,No,11:30 AM,11:00 AM,68468624000,3,172214220000,Yes,912821QT5,null,null,2024-10-31,16322000000,25382000000,161116000000,Yes,0,0,Normal,2025-04-30,No,null,null,null,null,99.990496,null,4.1300,null,39872239000,54514220000,Semi-Annual,4.125000,null,null,null,null,4.000000,2024-10-31,24150000000,10000000,24150000000,100,100,100,100,100,0,24150000000,531555300,Yes,69000000000,null,null,null,2-Year,A_20241024_6.pdf,R_20241028_2.pdf,NCR_20241028_1.pdf,12274385000,92318000000,null,null,No,0-Month,2-Year,BJ-2026,1163934100,22238000000,No,1163934100,null,20.6250,Yes,null,70164113400,173909709400,271138700,Yes,null,null,A_20241024_6.xml,R_20241028_2.xml,No,null,null,SPL_20241024_1.pdf
2024-10-31,91282CLT6,Note,2-Year,2024-10-29,2024-10-31,2026-10-31,100.0,null,null,null,null,60.690000,2,null,2024-10-24,Single-Price,null,null,null,0.190000,null,No,null,2.950000,No,null,null,No,01:00 PM,12:00 PM,29959221000,3,88397700000,Yes,null,null,null,2024-10-31,250000000,3250000000,161116000000,Yes,0,0,Normal,2025-01-31,Yes,2024-10-21,4.510000,null,null,100.0,0.205000,null,null,22676116000,27012700000,Quarterly,null,null,null,null,0.150000,null,2024-10-31,10500000000,10000000,10500000000,100,null,100,100,100,0,10500000000,40820000,Yes,30000000000,null,null,null,2-Year,A_20241024_5.pdf,R_20241029_3.pdf,NCR_20241029_4.pdf,7033105000,58135000000,null,null,No,0-Month,2-Year,BK-2026,506058400,22238000000,No,506058400,0.2050,null,No,null,30506099400,88944578400,13738500,Yes,null,null,A_20241024_5.xml,R_20241029_3.xml,No,null,null,SPL_20241024_2.pdf
2024-10-31,91282CLU3,Note,7-Year,2024-10-29,2024-10-31,2031-10-31,99.459318,null,null,null,null,89.690000,2,null,2024-10-24,Single-Price,null,null,null,null,4.170000,No,null,2.740000,No,null,null,No,01:00 PM,12:00 PM,43924242300,3,120358515000,Yes,912821QV0,null,null,2024-10-31,9036867500,18162100000,161116000000,Yes,0,0,Normal,2025-04-30,No,null,null,null,null,99.459318,null,4.2150,null,31608374800,42471415000,Semi-Annual,4.125000,null,null,null,null,4.100000,2024-10-31,15400000000,10000000,15400000000,100,100,100,100,100,0,15400000000,75758500,Yes,44000000000,null,null,null,7-Year,A_20241024_3.pdf,R_20241029_4.pdf,NCR_20241029_3.pdf,3279000000,59725000000,null,null,No,0-Month,7-Year,R-2031,742218800,22238000000,No,742218800,null,20.6250,Yes,null,44742219600,121176492300,26854500,Yes,null,null,A_20241024_3.xml,R_20241029_4.xml,No,912834YB8,null,SPL_20241024_2.pdf
2024-11-15,91282CLX7,Note,3-Year,2024-11-04,2024-11-15,2027-11-15,99.924574,null,null,null,null,26.450000,2,null,2024-10-30,Single-Price,null,null,null,null,4.090000,No,null,2.600000,No,null,null,No,01:00 PM,12:00 PM,57778891500,3,150732440000,Yes,912821QW8,null,null,2024-11-15,5561000000,13931000000,116357000000,Yes,0,0,Normal,2025-05-15,No,null,null,null,null,99.924574,null,4.1520,null,40805641500,52947440000,Semi-Annual,4.125000,null,null,null,null,4.000000,2024-11-15,20300000000,10000000,20300000000,100,100,100,100,100,0,20300000000,221149800,Yes,58000000000,null,null,null,3-Year,A_20241030_3.pdf,R_20241104_3.pdf,NCR_20241104_3.pdf,11412250000,83854000000,null,null,No,0-Month,3-Year,AU-2027,14095578800,47673000000,No,14095578800,null,20.6250,Yes,null,72095620100,165049168600,76951800,Yes,null,null,A_20241030_3.xml,R_20241104_3.xml,No,null,null,null
2024-11-15,91282CLW9,Note,10-Year,2024-11-05,2024-11-15,2034-11-15,99.220075,null,null,null,null,47.220000,2,null,2024-10-30,Single-Price,null,null,null,null,4.290000,No,null,2.580000,No,null,null,No,01:00 PM,12:00 PM,41821963300,3,108222580000,Yes,912821QX6,null,null,2024-11-15,9879001300,17088000000,116357000000,Yes,0,0,Normal,2025-05-15,No,null,null,null,null,99.220075,null,4.3470,null,25785580000,32770580000,Semi-Annual,4.250000,null,null,null,null,4.200000,2024-11-15,14700000000,10000000,14700000000,100,100,100,100,100,0,14700000000,178052500,Yes,42000000000,null,null,null,10-Year,A_20241030_2.pdf,R_20241105_2.pdf,NCR_20241105_2.pdf,6157382000,58364000000,null,null,No,0-Month,10-Year,F-2034,10207143200,47673000000,No,10207143200,null,21.2500,Yes,null,52207159000,118607775700,71262500,Yes,null,null,A_20241030_2.xml,R_20241105_2.xml,No,null,null,null
2024-11-15,912810UE6,Bond,30-Year,2024-11-06,2024-11-15,2054-11-15,98.253773,null,null,null,null,13.020000,2,null,2024-10-30,Single-Price,null,null,null,null,4.565000,No,null,2.640000,No,null,null,No,01:00 PM,12:00 PM,24945620800,3,65988370000,Yes,912803HF3,null,null,2024-11-15,6756644800,13316900000,116357000000,Yes,0,0,Normal,2025-05-15,No,null,null,null,null,98.253773,null,4.6080,null,15648976000,20455470000,Semi-Annual,4.500000,null,null,null,null,4.500000,2024-11-15,8750000000,10000000,8750000000,100,100,100,100,100,0,8750000000,54443700,Yes,25000000000,null,null,null,30-Year,A_20241030_1.pdf,R_20241106_2.pdf,NCR_20241106_2.pdf,2540000000,32216000000,null,null,No,0-Month,30-Year,Bonds of November 2054,6075680500,47673000000,No,6075680500,null,22.5000,Yes,null,31075745000,72118494200,17237700,Yes,null,null,A_20241030_1.xml,R_20241106_2.xml,No,912834YC6,null,null
2024-12-02,912810UF3,Bond,20-Year,2024-11-20,2024-12-02,2044-11-15,99.287188,null,2.1719600000,null,null,13.410000,2,null,2024-11-14,Single-Price,null,null,null,null,4.600000,Yes,2024-11-15,2.340000,No,null,null,No,01:00 PM,12:00 PM,15896719500,3,37311114000,Yes,912803HG1,null,null,2024-11-15,1259057500,3524000000,99096000000,Yes,0,0,Normal,2025-05-15,No,null,null,null,null,99.287188,null,4.6800,null,11043114000,12207114000,Semi-Annual,4.625000,null,null,null,null,4.546000,2024-11-30,5600000000,10000000,5600000000,100,100,100,100,100,0,5600000000,103308000,Yes,16000000000,null,null,null,20-Year,A_20241114_2.pdf,R_20241120_3.pdf,NCR_20241120_3.pdf,3594548000,21580000000,null,null,No,0-Month,20-Year,Bonds of November 2044,1088290600,21241000000,No,1088290600,null,23.1250,Yes,null,17088318100,38502712600,34834000,Yes,null,null,A_20241114_2.xml,R_20241120_3.xml,No,null,null,null
2024-11-29,91282CLE9,Note,9-Year 8-Month,2024-11-21,2024-11-29,2034-07-15,98.76016,null,null,7.0133200000,98.7601600000,15.020000,2,null,2024-11-14,Single-Price,null,null,null,null,1.998000,Yes,2024-07-15,2.350000,No,null,null,No,01:00 PM,12:00 PM,16930433800,3,39830805000,Yes,912821QC2,1982-1984=100,37378000000.000000,2024-07-15,2820000000,5170000000,0,Yes,0,0,Normal,2025-01-15,No,null,null,null,null,98.76016,null,2.0710,1.004730,11722135800,13056780000,Semi-Annual,1.875000,null,null,null,null,1.940000,2024-11-29,5950000000,10000000,5950000000,100,100,100,100,100,12600000000,5950000000,69580500,Yes,17000000000,null,2024-07-15,2024-07-31,10-Year,A_20241114_1.pdf,R_20241121_3.pdf,NCR_20241121_3.pdf,2388298000,21604025000,313.783290,315.267330,Yes,8-Month,9-Year,D-2034,0,0,No,0,null,null,Yes,2.9877308000,17000014300,39900385500,27817500,Yes,6.980300,98.295224,A_20241114_1.xml,R_20241121_3.xml,Yes,null,null,null
2024-12-02,91282CLY5,Note,2-Year,2024-11-25,2024-12-02,2026-11-30,99.954094,null,0.2335200000,null,null,34.700000,2,null,2024-11-21,Single-Price,null,null,null,null,4.235000,Yes,2024-11-30,2.770000,No,null,null,No,01:00 PM,12:00 PM,68278992700,3,190739377700,Yes,912821QY4,null,null,2024-11-30,13089750000,27496000000,99096000000,Yes,105000000,105000000,Normal,2025-05-31,No,null,null,null,null,99.954094,null,4.2740,null,48906242700,67159377700,Semi-Annual,4.250000,null,null,null,null,4.180000,2024-11-30,24150000000,10000000,24150000000,100,100,100,100,100,0,24150000000,616155900,Yes,69000000000,null,null,null,2-Year,A_20241121_9.pdf,R_20241125_3.pdf,NCR_20241125_4.pdf,6283000000,96084000000,null,null,No,0-Month,2-Year,BL-2026,4693253400,21241000000,No,4693253400,null,21.2500,Yes,null,73693402000,196153787000,290408900,Yes,null,null,A_20241121_9.xml,R_20241125_3.xml,No,null,null,SPL_20241121_2.pdf
2024-11-29,91282CLT6,Note,1-Year 11-Month,2024-11-26,2024-11-29,2026-10-31,100.061766,0.3780984250,null,null,null,6.420000,2,null,2024-11-21,Single-Price,null,null,null,0.145000,null,Yes,2024-10-31,2.860000,No,null,null,No,01:00 PM,12:00 PM,27978850000,3,79945600000,Yes,null,null,30504000000.000000,2024-10-31,250000000,3000000000,0,Yes,0,0,Normal,2025-01-31,Yes,2024-11-18,4.420000,null,null,100.061766,0.170000,null,null,19761440000,22040600000,Quarterly,null,null,null,null,0.100000,null,2024-11-29,9800000000,10000000,9800000000,100,null,100,100,100,10500000000,9800000000,21160800,Yes,28000000000,null,2024-10-31,2024-10-31,2-Year,A_20241121_8.pdf,R_20241126_3.pdf,NCR_20241126_3.pdf,7967410000,54905000000,null,null,Yes,11-Month,1-Year,BK-2026,0,0,No,0,0.2050,null,No,null,28000010800,79966760800,2979800,Yes,null,null,A_20241121_8.xml,R_20241126_3.xml,No,null,null,SPL_20241121_3.pdf
2024-12-02,91282CMA6,Note,5-Year,2024-11-26,2024-12-02,2029-11-30,99.678141,null,0.2266500000,null,null,58.070000,2,null,2024-11-21,Single-Price,null,null,null,null,4.130000,Yes,2024-11-30,2.430000,No,null,null,No,01:00 PM,12:00 PM,69804438500,3,169996375000,Yes,912821QZ1,null,null,2024-11-30,17159250000,27496000000,99096000000,Yes,5000000,5000000,Normal,2025-05-31,No,null,null,null,null,99.678141,null,4.1970,null,44758601000,53334375000,Semi-Annual,4.125000,null,null,null,null,4.040000,2024-11-30,24500000000,10000000,24500000000,100,100,100,100,100,0,24500000000,190669400,Yes,70000000000,null,null,null,5-Year,A_20241121_5.pdf,R_20241126_4.pdf,NCR_20241126_4.pdf,7886587500,89166000000,null,null,No,0-Month,5-Year,AG-2029,4761271500,21241000000,No,4761271500,null,20.6250,Yes,null,74761379400,174953315900,58778400,Yes,null,null,A_20241121_5.xml,R_20241126_4.xml,No,null,null,"SPL_20241121_1.pdf, SPL_20241121_3.pdf"
2024-12-02,91282CLZ2,Note,7-Year,2024-11-27,2024-12-02,2031-11-30,99.650943,null,0.2266500000,null,null,70.780000,2,null,2024-11-21,Single-Price,null,null,null,null,4.138000,Yes,2024-11-30,2.710000,No,null,null,No,11:30 AM,11:00 AM,43900455000,3,119084629000,Yes,912821RA5,null,null,2024-11-30,11386300000,18433400000,99096000000,Yes,0,0,Normal,2025-05-31,No,null,null,null,null,99.650943,null,4.1830,null,28130460000,37257229000,Semi-Annual,4.125000,null,null,null,null,3.880000,2024-11-30,15400000000,10000000,15400000000,100,100,100,100,100,0,15400000000,99553200,Yes,44000000000,null,null,null,7-Year,A_20241121_4.pdf,R_20241127_3.pdf,NCR_20241127_3.pdf,4383695000,63394000000,null,null,No,0-Month,7-Year,S-2031,2992799200,21241000000,No,2992799200,null,20.6250,Yes,null,46992807400,122176981400,24714200,Yes,null,null,A_20241121_4.xml,R_20241127_3.xml,No,912834YD4,null,SPL_20241121_4.pdf
2024-12-16,91282CMB4,Note,3-Year,2024-12-10,2024-12-16,2027-12-15,99.673021,null,0.1098900000,null,null,92.000000,2,null,2024-12-05,Single-Price,null,null,null,null,4.068000,Yes,2024-12-15,2.580000,No,null,null,No,01:00 PM,12:00 PM,57552170000,3,149042770000,Yes,912821RB3,null,null,2024-12-15,11919000000,20849000000,54000000000,Yes,200000000,200000000,Normal,2025-06-15,No,null,null,null,null,99.673021,null,4.1170,null,36935370000,47826770000,Semi-Annual,4.000000,null,null,null,null,4.000000,2024-12-15,20300000000,10000000,20300000000,100,100,100,100,100,0,20300000000,247925300,Yes,58000000000,null,null,null,3-Year,A_20241205_5.pdf,R_20241210_2.pdf,NCR_20241210_2.pdf,8697800000,80367000000,null,null,No,0-Month,3-Year,AV-2027,415388500,7963000000,No,415388500,null,20.0000,Yes,null,58415483800,149906083800,97423300,Yes,null,null,A_20241205_5.xml,R_20241210_2.xml,No,912834YE2,null,null
2024-12-16,91282CLW9,Note,9-Year 11-Month,2024-12-11,2024-12-16,2034-11-15,100.11415,null,3.6395000000,null,null,33.390000,2,null,2024-12-05,Single-Price,null,null,null,null,4.190000,Yes,2024-11-15,2.700000,No,null,null,No,01:00 PM,12:00 PM,38928648400,3,105097720000,Yes,912821QX6,null,52207000000.000000,2024-11-15,7591500000,14707000000,54000000000,Yes,0,0,Normal,2025-05-15,No,null,null,null,null,100.11415,null,4.2350,null,27245240900,35081720000,Semi-Annual,4.250000,null,null,null,null,4.080000,2024-12-15,13650000000,10000000,13650000000,100,100,100,100,100,14700000000,13650000000,71378700,Yes,39000000000,null,2024-11-15,2024-11-15,10-Year,A_20241205_1.pdf,R_20241211_2.pdf,NCR_20241211_2.pdf,4091907500,55309000000,null,null,Yes,11-Month,9-Year,F-2034,279312900,7963000000,No,279312900,null,21.2500,Yes,null,39279340000,105448411600,32984700,Yes,null,null,A_20241205_1.xml,R_20241211_2.xml,No,null,null,null
2024-12-16,912810UE6,Bond,29-Year 11-Month,2024-12-12,2024-12-16,2054-11-15,99.4229,null,3.8535900000,null,null,44.760000,2,null,2024-12-05,Single-Price,null,null,null,null,4.475000,Yes,2024-11-15,2.390000,No,null,null,No,01:00 PM,12:00 PM,21974300000,3,52562950000,Yes,912803HF3,null,31073000000.000000,2024-11-15,4196900000,7241900000,54000000000,Yes,0,0,Normal,2025-05-15,No,null,null,null,null,99.4229,null,4.5350,null,14618640000,16963050000,Semi-Annual,4.500000,null,null,null,null,4.000000,2024-12-15,7700000000,10000000,7700000000,100,100,100,100,100,8800000000,7700000000,25729000,Yes,22000000000,null,2024-11-15,2024-11-15,30-Year,A_20241205_4.pdf,R_20241212_3.pdf,NCR_20241212_3.pdf,3158760000,28358000000,null,null,Yes,11-Month,29-Year,Bonds of November 2054,157561100,7963000000,No,157561100,null,22.5000,Yes,null,22157590100,52746240100,9582000,Yes,null,null,A_20241205_4.xml,R_20241212_3.xml,No,null,null,null
2024-12-31,912810UF3,Bond,19-Year 11-Month,2024-12-17,2024-12-31,2044-11-15,99.206641,null,5.8770700000,null,null,81.640000,2,null,2024-12-12,Single-Price,null,null,null,null,4.622000,Yes,2024-11-15,2.500000,No,null,null,No,01:00 PM,12:00 PM,12922410000,3,32407770000,Yes,912803HG1,null,17088000000.000000,2024-11-15,2602000000,4437000000,98474000000,Yes,0,0,Normal,2025-05-15,No,null,null,null,null,99.206641,null,4.6860,null,8006770000,10225770000,Semi-Annual,4.625000,null,null,null,null,2.880000,2024-12-31,4550000000,10000000,4550000000,100,100,100,100,100,5600000000,4550000000,77591600,Yes,13000000000,null,2024-11-15,2024-12-02,20-Year,A_20241212_3.pdf,R_20241217_2.pdf,NCR_20241217_2.pdf,2313640000,17745000000,null,null,Yes,11-Month,19-Year,Bonds of November 2044,127871300,20034000000,No,127871300,null,23.1250,Yes,null,13127872900,32613232900,31975600,Yes,null,null,A_20241212_3.xml,R_20241217_2.xml,No,null,null,null
2024-12-31,91282CLV1,Note,4-Year 10-Month,2024-12-19,2024-12-31,2029-10-15,98.060344,null,null,3.4484000000,98.0603440000,15.010000,2,null,2024-12-12,Single-Price,null,null,null,null,1.990000,Yes,2024-10-15,2.100000,No,null,null,No,01:00 PM,12:00 PM,21893220000,3,46200705000,Yes,912821QS7,1982-1984=100,24405000000.000000,2024-10-15,5068000000,7868000000,98474000000,Yes,0,0,Normal,2025-04-15,No,null,null,null,null,98.060344,null,2.1210,1.003170,11260705000,11260705000,Semi-Annual,1.625000,null,null,null,null,1.880000,2024-12-31,7700000000,10000000,7700000000,100,100,100,100,100,8400000000,7700000000,106781700,Yes,22000000000,null,2024-10-15,2024-10-31,5-Year,A_20241212_4.pdf,R_20241219_3.pdf,NCR_20241219_3.pdf,5564515000,27072000000,314.655610,315.652290,Yes,10-Month,4-Year,AE-2029,216397600,20034000000,No,216397600,null,null,Yes,2.5821881900,22216399300,46523884300,35135700,Yes,3.437500,97.750475,A_20241212_4.xml,R_20241219_3.xml,Yes,null,null,null
2024-12-31,91282CME8,Note,2-Year,2024-12-23,2024-12-31,2026-12-31,99.838827,null,null,null,null,21.890000,2,null,2024-12-19,Single-Price,null,null,null,null,4.285000,No,null,2.730000,No,null,null,No,01:00 PM,12:00 PM,68381385400,3,187706830000,Yes,912821RC1,null,null,2024-12-31,4546317900,14630000000,98474000000,Yes,5000000,5000000,Normal,2025-06-30,No,null,null,null,null,99.838827,null,4.3350,null,56132947500,79309830000,Semi-Annual,4.250000,null,null,null,null,4.000000,2024-12-31,24150000000,10000000,24150000000,100,100,100,100,100,0,24150000000,613634800,Yes,69000000000,null,null,null,2-Year,A_20241219_1.pdf,R_20241223_5.pdf,NCR_20241223_5.pdf,7702120000,93767000000,null,null,No,0-Month,2-Year,BM-2026,678701700,20034000000,No,678701700,null,21.2500,Yes,null,69678721900,189004166500,292021500,Yes,null,null,A_20241219_1.xml,R_20241223_5.xml,No,null,null,SPL_20241219_1.pdf
2024-12-27,91282CLT6,Note,1-Year 10-Month,2024-12-24,2024-12-27,2026-10-31,100.112855,0.7340469980,null,null,null,72.000000,2,null,2024-12-19,Single-Price,null,null,null,0.120000,null,Yes,2024-10-31,2.980000,No,null,null,No,11:30 AM,11:00 AM,27987000000,3,83454000000,Yes,null,null,58504000000.000000,2024-10-31,250000000,2650000000,0,Yes,0,0,Normal,2025-01-31,Yes,2024-12-16,4.250000,null,null,100.112855,0.140000,null,null,19491000000,23507000000,Quarterly,null,null,null,null,0.090000,null,2024-12-27,9800000000,10000000,9800000000,100,null,100,100,100,20300000000,9800000000,13198200,Yes,28000000000,null,2024-10-31,2024-10-31,2-Year,A_20241219_4.pdf,R_20241224_1.pdf,NCR_20241224_1.pdf,8246000000,57297000000,null,null,Yes,10-Month,1-Year,BK-2026,0,0,No,0,0.2050,null,No,null,28000198200,83467198200,3848200,Yes,null,null,A_20241219_4.xml,R_20241224_1.xml,No,null,null,"SPL_20241219_2.pdf, SPL_20241219_4.pdf"
2024-12-31,91282CMD0,Note,5-Year,2024-12-24,2024-12-31,2029-12-31,99.543129,null,null,null,null,46.890000,2,null,2024-12-19,Single-Price,null,null,null,null,4.425000,No,null,2.400000,No,null,null,No,11:30 AM,11:00 AM,69737933500,3,167610170000,Yes,912821RD9,null,null,2024-12-31,14125500000,24657000000,98474000000,Yes,80000000,80000000,Normal,2025-06-30,No,null,null,null,null,99.543129,null,4.4780,null,46916098500,54327170000,Semi-Annual,4.375000,null,null,null,null,4.300000,2024-12-31,24500000000,10000000,24500000000,100,100,100,100,100,0,24500000000,182128600,Yes,70000000000,null,null,null,5-Year,A_20241219_6.pdf,R_20241224_2.pdf,NCR_20241224_2.pdf,8696335000,88626000000,null,null,No,0-Month,5-Year,AH-2029,688537800,20034000000,No,688537800,null,21.8750,Yes,null,70688599900,168560836400,57153600,Yes,null,null,A_20241219_6.xml,R_20241224_2.xml,No,null,null,"SPL_20241219_2.pdf, SPL_20241219_3.pdf, SPL_20241219_4.pdf"
2024-12-31,91282CMC2,Note,7-Year,2024-12-26,2024-12-31,2031-12-31,99.809877,null,null,null,null,90.350000,2,null,2024-12-19,Single-Price,null,null,null,null,4.490000,No,null,2.760000,No,null,null,No,01:00 PM,12:00 PM,43890161300,3,121264490000,Yes,912821RE7,null,null,2024-12-31,1251151800,11000600000,98474000000,Yes,0,0,Normal,2025-06-30,No,null,null,null,null,99.809877,null,4.5320,null,38569609500,50510890000,Semi-Annual,4.500000,null,null,null,null,2.888000,2024-12-31,15400000000,10000000,15400000000,100,100,100,100,100,0,15400000000,110055600,Yes,44000000000,null,null,null,7-Year,A_20241219_7.pdf,R_20241226_4.pdf,NCR_20241226_3.pdf,4069400000,59753000000,null,null,No,0-Month,7-Year,T-2031,432795200,20034000000,No,432795200,null,22.5000,Yes,null,44433012100,121807340800,30594600,Yes,null,null,A_20241219_7.xml,R_20241226_4.xml,No,912834YF9,null,SPL_20241224_1.pdf
2025-01-15,91282CMF5,Note,3-Year,2025-01-06,2025-01-15,2028-01-15,99.771622,null,null,null,null,84.310000,2,null,2025-01-02,Single-Price,null,null,null,null,4.286000,No,null,2.620000,No,null,null,No,01:00 PM,12:00 PM,57749647500,3,151505260000,Yes,912821RF4,null,null,2025-01-15,11358000000,20003000000,119274000000,Yes,0,0,Normal,2025-07-15,No,null,null,null,null,99.771622,null,4.3320,null,35213492500,48119260000,Semi-Annual,4.250000,null,null,null,null,4.200000,2025-01-15,20300000000,10000000,20300000000,100,100,100,100,100,0,20300000000,250354100,Yes,58000000000,null,null,null,3-Year,A_20250102_4.pdf,R_20250106_3.pdf,NCR_20250106_3.pdf,11178155000,83383000000,null,null,No,0-Month,3-Year,AJ-2028,12744830700,42570000000,No,12744830700,null,21.2500,Yes,null,70744832300,164500444800,102278100,Yes,null,null,A_20250102_4.xml,R_20250106_3.xml,No,912834YG7,null,SPL_20250102_1.pdf
2025-01-15,91282CLW9,Note,9-Year 10-Month,2025-01-07,2025-01-15,2034-11-15,96.631098,null,7.1616000000,null,null,97.580000,2,null,2025-01-02,Single-Price,null,null,null,null,4.625000,Yes,2024-11-15,2.530000,No,null,null,No,01:00 PM,12:00 PM,38879694200,3,98521399000,Yes,912821QX6,null,91486000000.000000,2024-11-15,8931395000,14517000000,119274000000,Yes,0,0,Normal,2025-05-15,No,null,null,null,null,96.631098,null,4.6800,null,23867074400,29048399000,Semi-Annual,4.250000,null,null,null,null,4.533000,2025-01-15,13650000000,10000000,13650000000,100,100,100,100,100,28400000000,13650000000,120312100,Yes,39000000000,null,2024-11-15,2024-11-15,10-Year,A_20250102_3.pdf,R_20250107_2.pdf,NCR_20250107_2.pdf,6081224800,54956000000,null,null,Yes,10-Month,9-Year,F-2034,8569799900,42570000000,No,8569799900,null,21.2500,Yes,null,47569806200,107211511000,34044100,Yes,null,null,A_20250102_3.xml,R_20250107_2.xml,No,null,null,SPL_20250102_1.pdf
2025-01-15,912810UE6,Bond,29-Year 10-Month,2025-01-08,2025-01-15,2054-11-15,93.557438,null,7.5828700000,null,null,67.560000,2,null,2025-01-02,Single-Price,null,null,null,null,4.870000,Yes,2024-11-15,2.520000,No,null,null,No,01:00 PM,12:00 PM,21966493600,3,55380776000,Yes,912803HF3,null,53229000000.000000,2024-11-15,4549750000,8408000000,119274000000,Yes,0,0,Normal,2025-05-15,No,null,null,null,null,93.557438,null,4.9130,null,14636231600,17596776000,Semi-Annual,4.500000,null,null,null,null,4.800000,2025-01-15,7700000000,10000000,7700000000,100,100,100,100,100,16500000000,7700000000,33508300,Yes,22000000000,null,2024-11-15,2024-11-15,30-Year,A_20250102_2.pdf,R_20250108_2.pdf,NCR_20250108_2.pdf,2780512000,29376000000,null,null,Yes,10-Month,29-Year,Bonds of November 2054,4834246100,42570000000,No,4834246100,null,22.5000,Yes,null,26834248000,60248530400,10016300,Yes,null,null,A_20250102_2.xml,R_20250108_2.xml,No,null,null,SPL_20250102_2.pdf
2025-01-31,912810UF3,Bond,19-Year 10-Month,2025-01-22,2025-01-31,2044-11-15,96.527371,null,9.8377100000,null,null,98.740000,2,null,2025-01-16,Single-Price,null,null,null,null,4.860000,Yes,2024-11-15,2.750000,No,null,null,No,01:00 PM,12:00 PM,12894508000,3,35659870000,Yes,912803HG1,null,30215000000.000000,2024-11-15,2589724000,4859000000,165088000000,Yes,0,0,Normal,2025-05-15,No,null,null,null,null,96.527371,null,4.9000,null,8964044000,12519870000,Semi-Annual,4.625000,null,null,null,null,3.880000,2025-01-31,4550000000,10000000,4550000000,100,100,100,100,100,10200000000,4550000000,105526500,Yes,13000000000,null,2024-11-15,2024-12-02,20-Year,A_20250116_5.pdf,R_20250122_3.pdf,NCR_20250122_3.pdf,1340740000,18281000000,null,null,Yes,10-Month,19-Year,Bonds of November 2044,721881100,22239000000,No,721881100,null,23.1250,Yes,null,13721915600,36487277600,54945500,Yes,null,null,A_20250116_5.xml,R_20250122_3.xml,No,null,null,null
2025-01-31,91282CML2,Note,10-Year,2025-01-23,2025-01-31,2035-01-15,98.923699,null,null,0.9389700000,98.9236990000,19.370000,2,null,2025-01-16,Single-Price,null,null,null,null,2.170000,Yes,2025-01-15,2.480000,No,null,null,No,01:00 PM,12:00 PM,19845131000,3,49384061000,Yes,912821RG2,1982-1984=100,null,2025-01-15,4631400000,7256400000,165088000000,Yes,0,0,Normal,2025-07-15,No,null,null,null,null,98.923699,null,2.2430,0.999720,13199361000,17189661000,Semi-Annual,2.125000,null,null,null,null,2.130000,2025-01-31,7000000000,10000000,7000000000,100,100,100,100,100,0,7000000000,154878400,Yes,20000000000,null,null,null,10-Year,A_20250116_2.pdf,R_20250123_3.pdf,NCR_20250123_3.pdf,2014370000,24938000000,315.586770,315.498520,No,0-Month,10-Year,A-2035,1110586300,22239000000,No,1110586300,null,null,Yes,3.3667444300,21110595700,50649525700,22182400,Yes,0.939230,98.951405,A_20250116_2.xml,R_20250123_3.xml,Yes,912834YH5,null,null
2025-01-31,91282CMG3,Note,5-Year,2025-01-27,2025-01-31,2030-01-31,99.643779,null,null,null,null,52.610000,2,null,2025-01-23,Single-Price,null,null,null,null,4.285000,No,null,2.400000,No,null,null,No,01:00 PM,12:00 PM,69613545200,3,167346569000,Yes,912821RJ6,null,null,2025-01-31,18161665000,26987000000,165088000000,Yes,80000000,80000000,Normal,2025-07-31,No,null,null,null,null,99.643779,null,4.3300,null,43713023700,52457569000,Semi-Annual,4.250000,null,null,null,null,4.240000,2025-01-31,24500000000,10000000,24500000000,100,100,100,100,100,0,24500000000,306461000,Yes,70000000000,null,null,null,5-Year,A_20250123_5.pdf,R_20250127_4.pdf,NCR_20250127_3.pdf,7738856500,87902000000,null,null,No,0-Month,5-Year,U-2030,3887052100,22239000000,No,3887052100,null,21.2500,Yes,null,73887058300,171620082100,133342400,Yes,null,null,A_20250123_5.xml,R_20250127_4.xml,No,null,null,SPL_20250123_1.pdf
2025-01-31,91282CMH1,Note,2-Year,2025-01-27,2025-01-31,2027-01-31,99.836686,null,null,null,null,55.050000,2,null,2025-01-23,Single-Price,null,null,null,null,4.168000,No,null,2.660000,No,null,null,No,11:30 AM,11:00 AM,68094660000,3,182290660000,Yes,912821RH0,null,null,2025-01-31,14483500000,25638000000,165088000000,Yes,155000000,155000000,Normal,2025-07-31,No,null,null,null,null,99.836686,null,4.2110,null,44277660000,58007660000,Semi-Annual,4.125000,null,null,null,null,4.090000,2025-01-31,24150000000,10000000,24150000000,100,100,100,100,100,0,24150000000,750404400,Yes,69000000000,null,null,null,2-Year,A_20250123_7.pdf,R_20250127_1.pdf,NCR_20250127_1.pdf,9333500000,98645000000,null,null,No,0-Month,2-Year,AW-2027,3831522900,22239000000,No,3831522900,null,20.6250,Yes,null,72831587300,187027587300,335292200,Yes,null,null,A_20250123_7.xml,R_20250127_1.xml,No,null,null,SPL_20250123_1.pdf
2025-01-31,91282CMJ7,Note,2-Year,2025-01-28,2025-01-31,2027-01-31,100.0,null,null,null,null,88.620000,2,null,2025-01-23,Single-Price,null,null,null,0.085000,null,No,null,3.010000,No,null,null,No,11:30 AM,11:00 AM,29971392600,3,90292000000,Yes,null,null,null,2025-01-31,500000000,3250000000,165088000000,Yes,0,0,Normal,2025-04-30,Yes,2025-01-27,4.195000,null,null,100.0,0.098000,null,null,23216392600,29362000000,Quarterly,null,null,null,null,0.060000,null,2025-01-31,10500000000,10000000,10500000000,100,null,100,100,100,0,10500000000,28618400,Yes,30000000000,null,null,null,2-Year,A_20250123_2.pdf,R_20250128_1.pdf,NCR_20250128_2.pdf,6255000000,57680000000,null,null,No,0-Month,2-Year,AX-2027,1665879500,22239000000,No,1665879500,0.0980,null,No,null,31665890500,91986497900,9713400,Yes,null,null,A_20250123_2.xml,R_20250128_1.xml,No,null,null,null
2025-01-31,91282CMK4,Note,7-Year,2025-01-28,2025-01-31,2032-01-31,99.511534,null,null,null,null,49.840000,2,null,2025-01-23,Single-Price,null,null,null,null,4.410000,No,null,2.640000,No,null,null,No,01:00 PM,12:00 PM,43817575200,3,115798076800,Yes,912821RK3,null,null,2025-01-31,10105700000,18060700000,165088000000,Yes,0,0,Normal,2025-07-31,No,null,null,null,null,99.511534,null,4.4570,null,29392776800,37469376800,Semi-Annual,4.375000,null,null,null,null,4.270000,2025-01-31,15400000000,10000000,15400000000,100,100,100,100,100,0,15400000000,182440200,Yes,44000000000,null,null,null,7-Year,A_20250123_4.pdf,R_20250128_3.pdf,NCR_20250128_3.pdf,4319098400,60268000000,null,null,No,0-Month,7-Year,G-2032,2443289900,22239000000,No,2443289900,null,21.8750,Yes,null,46443305300,118423806900,70474200,Yes,null,null,A_20250123_4.xml,R_20250128_3.xml,No,912834YJ1,null,null
2025-02-18,91282CMN8,Note,3-Year,2025-02-11,2025-02-18,2028-02-15,99.860298,null,0.3522100000,null,null,41.590000,2,null,2025-02-05,Single-Price,null,null,null,null,4.260000,Yes,2025-02-15,2.790000,No,null,null,No,01:00 PM,12:00 PM,57514536800,3,161075040000,Yes,912821RL1,null,null,2025-02-15,9097500000,16587000000,106176000000,Yes,144300000,144300000,Normal,2025-08-15,No,null,null,null,null,99.860298,null,4.3000,null,42561086800,54745040000,Semi-Annual,4.250000,null,null,null,null,4.195000,2025-02-15,20300000000,10000000,20300000000,100,100,100,100,100,0,20300000000,341203900,Yes,58000000000,null,null,null,3-Year,A_20250205_1.pdf,R_20250211_2.pdf,NCR_20250211_2.pdf,5855950000,89743000000,null,null,No,0-Month,3-Year,AK-2028,15933366100,49109000000,No,15933366100,null,21.2500,Yes,null,73933406800,177493910000,129120600,Yes,null,null,A_20250205_1.xml,R_20250211_2.xml,No,null,null,null
2025-02-18,91282CMM0,Note,10-Year,2025-02-12,2025-02-18,2035-02-15,99.94366,null,0.3832900000,null,null,32.110000,2,null,2025-02-05,Single-Price,null,null,null,null,4.560000,Yes,2025-02-15,2.480000,No,null,null,No,01:00 PM,12:00 PM,41770656300,3,103873005000,Yes,912821RM9,null,null,2025-02-15,5687000000,9437000000,106176000000,Yes,0,0,Normal,2025-08-15,No,null,null,null,null,99.94366,null,4.6320,null,29885601300,34582005000,Semi-Annual,4.625000,null,null,null,null,4.517000,2025-02-15,14700000000,10000000,14700000000,100,100,100,100,100,0,14700000000,229349600,Yes,42000000000,null,null,null,10-Year,A_20250205_3.pdf,R_20250212_2.pdf,NCR_20250212_2.pdf,6198055000,59854000000,null,null,No,0-Month,10-Year,B-2035,11537954800,49109000000,No,11537954800,null,23.1250,Yes,null,53537960700,115640309400,96031600,Yes,null,null,A_20250205_3.xml,R_20250212_2.xml,No,null,null,null
2025-02-18,912810UG1,Bond,30-Year,2025-02-13,2025-02-18,2055-02-15,98.042695,null,0.3832900000,null,null,27.190000,2,null,2025-02-05,Single-Price,null,null,null,null,4.680000,Yes,2025-02-15,2.330000,No,null,null,No,01:00 PM,12:00 PM,24956496300,3,58167337000,Yes,912803HH9,null,null,2025-02-15,4636400000,6886400000,106176000000,Yes,0,0,Normal,2025-08-15,No,null,null,null,null,98.042695,null,4.7480,null,16241317000,18382937000,Semi-Annual,4.625000,null,null,null,null,4.630000,2025-02-15,8750000000,10000000,8750000000,100,100,100,100,100,0,8750000000,43524100,Yes,25000000000,null,null,null,30-Year,A_20250205_2.pdf,R_20250213_3.pdf,NCR_20250213_3.pdf,4078779300,32898000000,null,null,No,0-Month,30-Year,Bonds of February 2055,6867830200,49109000000,No,6867830200,null,23.1250,Yes,null,31867850600,65078691300,13734100,Yes,null,null,A_20250205_2.xml,R_20250213_3.xml,No,912834YK8,null,null
2025-02-28,912810UJ5,Bond,20-Year,2025-02-19,2025-02-28,2045-02-15,98.978703,null,1.7058000000,null,null,37.100000,2,null,2025-02-13,Single-Price,null,null,null,null,4.769000,Yes,2025-02-15,2.430000,No,null,null,No,01:00 PM,12:00 PM,15892978000,3,38707828000,Yes,912803HJ5,null,null,2025-02-15,3100000000,4500000000,100133000000,Yes,0,0,Normal,2025-08-15,No,null,null,null,null,98.978703,null,4.8300,null,10010448000,12931828000,Semi-Annual,4.750000,null,null,null,null,4.700000,2025-02-28,5600000000,10000000,5600000000,100,100,100,100,100,0,5600000000,107066800,Yes,16000000000,null,null,null,20-Year,A_20250213_3.pdf,R_20250219_2.pdf,NCR_20250219_2.pdf,2782530000,21276000000,null,null,No,0-Month,20-Year,Bonds of February 2045,1612645300,34017000000,No,1612645300,null,23.7500,Yes,null,17612690100,40427540100,40061800,Yes,null,null,A_20250213_3.xml,R_20250219_2.xml,No,null,null,null
2025-02-28,912810UH9,Bond,30-Year,2025-02-20,2025-02-28,2055-02-15,99.419338,null,null,0.8530400000,99.4193380000,93.920000,2,null,2025-02-13,Single-Price,null,null,null,null,2.325000,Yes,2025-02-15,2.480000,No,null,null,No,01:00 PM,12:00 PM,8941997400,3,22249025000,Yes,912803HK2,1982-1984=100,null,2025-02-15,1367000000,1867000000,100133000000,Yes,0,0,Normal,2025-08-15,No,null,null,null,null,99.419338,null,2.4030,1.000160,6927997400,8261025000,Semi-Annual,2.375000,null,null,null,null,2.280000,2025-02-28,3150000000,10000000,3150000000,100,100,100,100,100,0,3150000000,58003100,Yes,9000000000,null,null,null,30-Year,A_20250213_1.pdf,R_20250220_3.pdf,NCR_20250220_3.pdf,647000000,12121000000,315.549000,315.601000,No,0-Month,30-Year,TIPS of February 2055,907113000,34017000000,No,907113000,null,null,Yes,3.7632824060,9907113500,23214141100,6770100,Yes,0.852900,99.403433,A_20250213_1.xml,R_20250220_3.xml,Yes,912834YL6,912834YM4,null
2025-02-28,91282CMP3,Note,2-Year,2025-02-24,2025-02-28,2027-02-28,99.916401,null,null,null,null,60.910000,2,null,2025-02-20,Single-Price,null,null,null,null,4.130000,No,null,2.560000,No,null,null,No,01:00 PM,12:00 PM,68439422200,3,175983800000,Yes,912821RN7,null,null,2025-02-28,5229432200,13472000000,100133000000,Yes,0,0,Normal,2025-08-31,No,null,null,null,null,99.916401,null,4.1690,null,58509165000,71927800000,Semi-Annual,4.125000,null,null,null,null,4.070000,2025-02-28,24150000000,10000000,24150000000,100,100,100,100,100,0,24150000000,560737200,Yes,69000000000,null,null,null,2-Year,A_20250220_4.pdf,R_20250224_3.pdf,NCR_20250224_3.pdf,4700825000,90584000000,null,null,No,0-Month,2-Year,AY-2027,6954533300,34017000000,No,6954533300,null,20.6250,Yes,null,75954692700,183499070500,260138700,Yes,null,null,A_20250220_4.xml,R_20250224_3.xml,No,null,null,null
2025-02-28,91282CGQ8,Note,5-Year,2025-02-25,2025-02-28,2030-02-28,99.449344,null,null,null,null,26.180000,2,91282CMQ1,2025-02-20,Single-Price,null,null,null,null,4.070000,No,null,2.420000,No,null,null,No,01:00 PM,12:00 PM,69797603000,3,169481713000,Yes,912821KV6,null,null,2025-02-28,10151800000,18498000000,100133000000,Yes,5000000,5000000,Normal,2025-08-31,No,null,null,null,null,99.449344,null,4.1230,null,52255713000,61313713000,Semi-Annual,4.000000,null,null,null,null,4.020000,2025-02-28,24500000000,10000000,24500000000,100,100,100,100,100,0,24500000000,197428100,Yes,70000000000,91282CMQ1,2023-02-28,2023-02-28,7-Year,A_20250220_2.pdf,R_20250225_2.pdf,NCR_20250225_2.pdf,7390090000,89670000000,null,null,Yes,0-Month,5-Year,H-2030,7055323500,34017000000,No,7055323500,null,20.0000,Yes,null,77055354600,176739464600,90277100,Yes,null,null,A_20250220_2.xml,R_20250225_2.xml,No,null,null,"SPL_20250220_1.pdf, SPL_20250225_1.pdf"
2025-02-28,91282CMJ7,Note,1-Year 11-Month,2025-02-26,2025-02-28,2027-01-31,100.012414,0.3390854530,null,null,null,15.160000,2,null,2025-02-20,Single-Price,null,null,null,0.069000,null,Yes,2025-01-31,2.720000,No,null,null,No,11:30 AM,11:00 AM,27973864000,3,76272500000,Yes,null,null,31666000000.000000,2025-01-31,500000000,1750000000,100133000000,Yes,0,0,Normal,2025-04-30,Yes,2025-02-24,4.195000,null,null,100.012414,0.090000,null,null,18489044000,19052500000,Quarterly,null,null,null,null,0.010000,null,2025-02-28,9800000000,10000000,9800000000,100,null,100,100,100,10500000000,9800000000,26179100,Yes,28000000000,null,2025-01-31,2025-01-31,2-Year,A_20250220_1.pdf,R_20250226_1.pdf,NCR_20250226_2.pdf,8984820000,55470000000,null,null,Yes,11-Month,1-Year,AX-2027,2822129500,34017000000,No,2822129500,0.0980,null,No,null,30822172600,79120808600,3337100,Yes,null,null,A_20250220_1.xml,R_20250226_1.xml,No,null,null,null
2025-02-28,91282CMR9,Note,7-Year,2025-02-26,2025-02-28,2032-02-29,99.585172,null,null,null,null,5.810000,2,null,2025-02-20,Single-Price,null,null,null,null,4.148000,No,null,2.640000,No,null,null,No,01:00 PM,12:00 PM,43915416500,3,115987587000,Yes,912821RQ0,null,null,2025-02-28,11049500000,16439000000,100133000000,Yes,0,0,Normal,2025-08-31,No,null,null,null,null,99.585172,null,4.1940,null,29009458500,36208587000,Semi-Annual,4.125000,null,null,null,null,4.000000,2025-02-28,15400000000,10000000,15400000000,100,100,100,100,100,0,15400000000,84584700,Yes,44000000000,null,null,null,7-Year,A_20250220_5.pdf,R_20250226_3.pdf,NCR_20250226_3.pdf,3856458000,63340000000,null,null,No,0-Month,7-Year,H-2032,4434774800,34017000000,No,4434774800,null,20.6250,Yes,null,48434776000,120506946500,39174700,Yes,null,null,A_20250220_5.xml,R_20250226_3.xml,No,912834YN2,null,null
2025-03-17,91282CMS7,Note,3-Year,2025-03-11,2025-03-17,2028-03-15,99.90719,null,0.2106000000,null,null,4.830000,2,null,2025-03-06,Single-Price,null,null,null,null,3.850000,Yes,2025-03-15,2.700000,No,null,null,No,01:00 PM,12:00 PM,57828163100,3,156256773500,Yes,912821RR8,null,null,2025-03-15,15036243100,20176000000,48000000000,Yes,5000000,5000000,Normal,2025-09-15,No,null,null,null,null,99.90719,null,3.9080,null,36161120500,50574773500,Semi-Annual,3.875000,null,null,null,null,3.670000,2025-03-15,20300000000,10000000,20300000000,100,100,100,100,100,0,20300000000,166862700,Yes,58000000000,null,null,null,3-Year,A_20250306_6.pdf,R_20250311_2.pdf,NCR_20250311_2.pdf,6630799500,85506000000,null,null,No,0-Month,3-Year,AL-2028,983095500,8065000000,No,983095500,null,19.3750,Yes,null,58983121300,157411731700,79913700,Yes,null,null,A_20250306_6.xml,R_20250311_2.xml,No,912834YP7,null,null
2025-03-17,91282CMM0,Note,9-Year 11-Month,2025-03-12,2025-03-17,2035-02-15,102.513731,null,3.8328700000,null,null,95.260000,2,null,2025-03-06,Single-Price,null,null,null,null,4.265000,Yes,2025-02-15,2.590000,No,null,null,No,01:00 PM,12:00 PM,38912640600,3,100860107000,Yes,912821RM9,null,53539000000.000000,2025-02-15,7590682000,11590000000,48000000000,Yes,0,0,Normal,2025-08-15,No,null,null,null,null,102.513731,null,4.3100,null,26232149600,32590607000,Semi-Annual,4.625000,null,null,null,null,4.200000,2025-03-15,13650000000,10000000,13650000000,100,100,100,100,100,14800000000,13650000000,87474200,Yes,39000000000,null,2025-02-15,2025-02-18,10-Year,A_20250306_1.pdf,R_20250312_2.pdf,NCR_20250312_2.pdf,5089809000,56679500000,null,null,Yes,11-Month,9-Year,B-2035,661046900,8065000000,No,661046900,null,23.1250,Yes,null,39661161700,101608628100,43966200,Yes,null,null,A_20250306_1.xml,R_20250312_2.xml,No,null,null,null
2025-03-17,912810UG1,Bond,29-Year 11-Month,2025-03-13,2025-03-17,2055-02-15,100.024989,null,3.8328700000,null,null,87.850000,2,null,2025-03-06,Single-Price,null,null,null,null,4.560000,Yes,2025-02-15,2.370000,No,null,null,No,01:00 PM,12:00 PM,21959626000,3,52022431000,Yes,912803HH9,null,31868000000.000000,2025-02-15,4974800000,7034800000,48000000000,Yes,0,0,Normal,2025-08-15,No,null,null,null,null,100.024989,null,4.6230,null,13275686000,15606631000,Semi-Annual,4.625000,null,null,null,null,4.510000,2025-03-15,7700000000,10000000,7700000000,100,100,100,100,100,8800000000,7700000000,40399800,Yes,22000000000,null,2025-02-15,2025-02-18,30-Year,A_20250306_3.pdf,R_20250313_3.pdf,NCR_20250313_3.pdf,3709140000,29381000000,null,null,Yes,11-Month,29-Year,Bonds of February 2055,372898200,8065000000,No,372898200,null,23.1250,Yes,null,22372924000,52435729000,24500800,Yes,null,null,A_20250306_3.xml,R_20250313_3.xml,No,null,null,null
2025-03-31,912810UJ5,Bond,19-Year 11-Month,2025-03-18,2025-03-31,2045-02-15,101.512446,null,5.7734800000,null,null,97.340000,2,null,2025-03-13,Single-Price,null,null,null,null,4.598000,Yes,2025-02-15,2.780000,No,null,null,No,01:00 PM,12:00 PM,12921252300,3,36086618000,Yes,912803HJ5,null,17611000000.000000,2025-02-15,2888464300,4422000000,97343000000,Yes,0,0,Normal,2025-08-15,No,null,null,null,null,101.512446,null,4.6320,null,8894788000,12171618000,Semi-Annual,4.750000,null,null,null,null,3.880000,2025-03-31,4550000000,10000000,4550000000,100,100,100,100,100,5600000000,4550000000,78757000,Yes,13000000000,null,2025-02-15,2025-02-28,20-Year,A_20250313_4.pdf,R_20250318_3.pdf,NCR_20250318_3.pdf,1138000000,19493000000,null,null,Yes,11-Month,19-Year,Bonds of February 2045,383969600,25273000000,No,383969600,null,23.7500,Yes,null,13383978900,36549344600,40224000,Yes,null,null,A_20250313_4.xml,R_20250318_3.xml,No,null,null,null
2025-03-31,91282CML2,Note,9-Year 10-Month,2025-03-20,2025-03-31,2035-01-15,102.334952,null,null,4.4307500000,102.3349520000,83.180000,2,null,2025-03-13,Single-Price,null,null,null,null,1.863000,Yes,2025-01-15,2.350000,No,null,null,No,01:00 PM,12:00 PM,17931485800,3,42193370000,Yes,912821RG2,1982-1984=100,21111000000.000000,2025-01-15,4164000000,5514000000,97343000000,Yes,0,0,Normal,2025-07-15,No,null,null,null,null,102.334952,null,1.9350,1.006390,12081736800,13704370000,Semi-Annual,2.125000,null,null,null,null,1.780000,2025-03-31,6300000000,10000000,6300000000,100,100,100,100,100,7000000000,6300000000,68515200,Yes,18000000000,null,2025-01-15,2025-01-31,10-Year,A_20250313_3.pdf,R_20250320_3.pdf,NCR_20250320_3.pdf,1685749000,22975000000,315.586770,317.604350,Yes,10-Month,9-Year,A-2035,531650200,25273000000,No,531650200,null,null,Yes,3.3667444300,18531651200,42793535400,19215200,Yes,4.402620,101.685184,A_20250313_3.xml,R_20250320_3.xml,Yes,null,null,null
2025-03-31,91282CMV0,Note,2-Year,2025-03-25,2025-03-31,2027-03-31,99.792438,null,null,null,null,39.210000,2,null,2025-03-20,Single-Price,null,null,null,null,3.936000,No,null,2.660000,No,null,null,No,01:00 PM,12:00 PM,68484645300,3,182770750000,Yes,912821RS6,null,null,2025-03-31,9301395300,17323000000,97343000000,Yes,100000000,100000000,Normal,2025-09-30,No,null,null,null,null,99.792438,null,3.9840,null,51890250000,65490250000,Semi-Annual,3.875000,null,null,null,null,3.880000,2025-03-31,24150000000,10000000,24150000000,100,100,100,100,100,0,24150000000,415389200,Yes,69000000000,null,null,null,2-Year,A_20250320_4.pdf,R_20250325_2.pdf,NCR_20250325_2.pdf,7293000000,99957500000,null,null,No,0-Month,2-Year,AZ-2027,2037992800,25273000000,No,2037992800,null,19.3750,Yes,null,71038027300,185324132000,194070000,Yes,null,null,A_20250320_4.xml,R_20250325_2.xml,No,null,null,null
2025-03-28,91282CMJ7,Note,1-Year 10-Month,2025-03-26,2025-03-28,2027-01-31,99.984794,0.6770455120,null,null,null,36.330000,2,null,2025-03-20,Single-Price,null,null,null,0.093000,null,Yes,2025-01-31,2.870000,No,null,null,No,11:30 AM,11:00 AM,27985120000,3,80231150000,Yes,null,null,62487000000.000000,2025-01-31,500000000,2000000000,0,Yes,0,0,Normal,2025-04-30,Yes,2025-03-24,4.190000,null,null,99.984794,0.105000,null,null,17915975000,21633150000,Quarterly,null,null,null,null,0.040000,null,2025-03-28,9800000000,10000000,9800000000,100,null,100,100,100,20300000000,9800000000,14886300,Yes,28000000000,null,2025-01-31,2025-01-31,2-Year,A_20250320_1.pdf,R_20250326_1.pdf,NCR_20250326_1.pdf,9569145000,56598000000,null,null,Yes,10-Month,1-Year,AX-2027,0,0,No,0,0.0980,null,No,null,28000006300,80246036300,3801300,Yes,null,null,A_20250320_1.xml,R_20250326_1.xml,No,null,null,null
2025-03-31,91282CMU2,Note,5-Year,2025-03-26,2025-03-31,2030-03-31,99.552043,null,null,null,null,62.950000,2,null,2025-03-20,Single-Price,null,null,null,null,4.040000,No,null,2.330000,No,null,null,No,01:00 PM,12:00 PM,69765065500,3,162540829000,Yes,912821RT4,null,null,2025-03-31,7652000000,13402000000,97343000000,Yes,100000000,100000000,Normal,2025-09-30,No,null,null,null,null,99.552043,null,4.1000,null,52908549000,60635829000,Semi-Annual,4.000000,null,null,null,null,3.980000,2025-03-31,24500000000,10000000,24500000000,100,100,100,100,100,0,24500000000,134936500,Yes,70000000000,null,null,null,5-Year,A_20250320_2.pdf,R_20250326_3.pdf,NCR_20250326_3.pdf,9204516500,88503000000,null,null,No,0-Month,5-Year,W-2030,2067528900,25273000000,No,2067528900,null,20.0000,Yes,null,72067530900,164843294400,50637500,Yes,null,null,A_20250320_2.xml,R_20250326_3.xml,No,null,null,SPL_20250320_1.pdf
2025-03-31,91282CMT5,Note,7-Year,2025-03-27,2025-03-31,2032-03-31,99.351591,null,null,null,null,8.030000,2,null,2025-03-20,Single-Price,null,null,null,null,4.177000,No,null,2.530000,No,null,null,No,01:00 PM,12:00 PM,43917667200,3,111418998000,Yes,912821RU1,null,null,2025-03-31,11476200000,15916700000,97343000000,Yes,0,0,Normal,2025-09-30,No,null,null,null,null,99.351591,null,4.2330,null,26877452200,33917298000,Semi-Annual,4.125000,null,null,null,null,4.100000,2025-03-31,15400000000,10000000,15400000000,100,100,100,100,100,0,15400000000,82344900,Yes,44000000000,null,null,null,7-Year,A_20250320_3.pdf,R_20250327_3.pdf,NCR_20250327_3.pdf,5564015000,61585000000,null,null,No,0-Month,7-Year,J-2032,1299589600,25273000000,No,1299589600,null,20.6250,Yes,null,45299601700,112800932500,26662900,Yes,null,null,A_20250320_3.xml,R_20250327_3.xml,No,912834YQ5,null,null
2025-04-15,91282CMW8,Note,3-Year,2025-04-08,2025-04-15,2028-04-15,99.904428,null,null,null,null,38.620000,2,null,2025-04-03,Single-Price,null,null,null,null,3.700000,No,null,2.470000,No,null,null,No,01:00 PM,12:00 PM,57790487000,3,143017540000,Yes,912821RV9,null,null,2025-04-15,3606100000,11461600000,78243000000,Yes,105000000,105000000,Normal,2025-10-15,No,null,null,null,null,99.904428,null,3.7840,null,42204940000,51376940000,Semi-Annual,3.750000,null,null,null,null,3.640000,2025-04-15,20300000000,10000000,20300000000,100,100,100,100,100,0,20300000000,104526900,Yes,58000000000,null,null,null,3-Year,A_20250403_6.pdf,R_20250408_2.pdf,NCR_20250408_2.pdf,11979447000,80179000000,null,null,No,0-Month,3-Year,AM-2028,9680781300,22543000000,No,9680781300,null,18.7500,Yes,null,67680795200,152907848200,55060900,Yes,null,null,A_20250403_6.xml,R_20250408_2.xml,No,912834YR3,null,null
2025-04-15,91282CMM0,Note,9-Year 10-Month,2025-04-09,2025-04-15,2035-02-15,101.490492,null,7.5379800000,null,null,59.990000,2,null,2025-04-03,Single-Price,null,null,null,null,4.340000,Yes,2025-02-15,2.670000,No,null,null,No,01:00 PM,12:00 PM,38903827000,3,103847415000,Yes,912821RM9,null,93197000000.000000,2025-02-15,546000000,7792000000,78243000000,Yes,0,0,Normal,2025-08-15,No,null,null,null,null,101.490492,null,4.4350,null,34194897500,43071415000,Semi-Annual,4.625000,null,null,null,null,2.880000,2025-04-15,13650000000,10000000,13650000000,100,100,100,100,100,28400000000,13650000000,96191800,Yes,39000000000,null,2025-02-15,2025-02-18,10-Year,A_20250403_7.pdf,R_20250409_2.pdf,NCR_20250409_2.pdf,4162929500,52984000000,null,null,Yes,10-Month,9-Year,B-2035,6509490900,22543000000,No,6509490900,null,23.1250,Yes,null,45509509700,110453097700,42276900,Yes,null,null,A_20250403_7.xml,R_20250409_2.xml,No,null,null,null
2025-04-15,912810UG1,Bond,29-Year 10-Month,2025-04-10,2025-04-15,2055-02-15,97.026877,null,7.5379800000,null,null,9.470000,2,null,2025-04-03,Single-Price,null,null,null,null,4.730000,Yes,2025-02-15,2.430000,No,null,null,No,01:00 PM,12:00 PM,21962662700,3,53530031500,Yes,912803HH9,null,54230000000.000000,2025-02-15,5671321700,9132200000,78243000000,Yes,0,0,Normal,2025-08-15,No,null,null,null,null,97.026877,null,4.8130,null,13590553000,16472831500,Semi-Annual,4.625000,null,null,null,null,3.880000,2025-04-15,7700000000,10000000,7700000000,100,100,100,100,100,16500000000,7700000000,37353300,Yes,22000000000,null,2025-02-15,2025-02-18,30-Year,A_20250403_2.pdf,R_20250410_3.pdf,NCR_20250410_3.pdf,2700788000,27925000000,null,null,Yes,10-Month,29-Year,Bonds of February 2055,3672020400,22543000000,No,3672020400,null,23.1250,Yes,null,25672036400,57239405200,11501300,Yes,null,null,A_20250403_2.xml,R_20250410_3.xml,No,null,null,null
2025-04-30,912810UJ5,Bond,19-Year 10-Month,2025-04-16,2025-04-30,2045-02-15,99.225787,null,9.7099400000,null,null,6.470000,2,null,2025-04-10,Single-Price,null,null,null,null,4.750000,Yes,2025-02-15,2.630000,No,null,null,No,01:00 PM,12:00 PM,12883615500,3,34070634000,Yes,912803HJ5,null,30985000000.000000,2025-02-15,1587646500,3074000000,175787000000,Yes,0,0,Normal,2025-08-15,No,null,null,null,null,99.225787,null,4.8100,null,9106734000,12365634000,Semi-Annual,4.750000,null,null,null,null,3.880000,2025-04-30,4550000000,10000000,4550000000,100,100,100,100,100,10200000000,4550000000,116395300,Yes,13000000000,null,2025-02-15,2025-02-28,20-Year,A_20250410_5.pdf,R_20250416_2.pdf,NCR_20250416_2.pdf,2189235000,18631000000,null,null,Yes,10-Month,19-Year,Bonds of February 2045,890228100,19508000000,No,890228100,null,23.7500,Yes,null,13890238900,35077257400,41753300,Yes,null,null,A_20250410_5.xml,R_20250416_2.xml,No,null,null,null
2025-04-30,91282CNB3,Note,5-Year,2025-04-17,2025-04-30,2030-04-15,99.855973,null,null,0.6674600000,99.8559730000,10.410000,2,null,2025-04-10,Single-Price,null,null,null,null,1.615000,Yes,2025-04-15,2.280000,No,null,null,No,11:30 AM,11:00 AM,24831252000,3,56851432000,Yes,912821RW7,1982-1984=100,null,2025-04-15,4412000000,6087000000,175787000000,Yes,0,0,Normal,2025-10-15,No,null,null,null,null,99.855973,null,1.7020,1.002220,15934432000,18583432000,Semi-Annual,1.625000,null,null,null,null,1.582000,2025-04-30,8750000000,10000000,8750000000,100,100,100,100,100,0,8750000000,168760700,Yes,25000000000,null,null,null,5-Year,A_20250415_4.pdf,R_20250417_3.pdf,NCR_20250417_3.pdf,4484820000,32181000000,318.329470,319.034970,No,0-Month,5-Year,X-2030,1711977100,19508000000,No,1711977100,null,null,Yes,2.5523869970,26711989800,58732169800,41161700,Yes,0.665980,99.634784,A_20250415_4.xml,R_20250417_3.xml,Yes,null,null,SPL_20250415_1.pdf
2025-04-30,91282CMY4,Note,2-Year,2025-04-22,2025-04-30,2027-04-30,99.914113,null,null,null,null,77.990000,2,null,2025-04-17,Single-Price,null,null,null,null,3.740000,No,null,2.520000,No,null,null,No,01:00 PM,12:00 PM,68639526300,3,173174710000,Yes,912821RX5,null,null,2025-04-30,20646000000,26496000000,175787000000,Yes,100000000,100000000,Normal,2025-10-31,No,null,null,null,null,99.914113,null,3.7950,null,38561700000,52112710000,Semi-Annual,3.750000,null,null,null,null,2.880000,2025-04-30,24150000000,10000000,24150000000,100,100,100,100,100,0,24150000000,260484000,Yes,69000000000,null,null,null,2-Year,A_20250417_3.pdf,R_20250422_2.pdf,NCR_20250422_2.pdf,9431826300,94566000000,null,null,No,0-Month,2-Year,BA-2027,4725057000,19508000000,No,4725057000,null,18.7500,Yes,null,73725067300,178260251000,124482000,Yes,null,null,A_20250417_3.xml,R_20250422_2.xml,No,null,null,null
2025-04-30,91282CMX6,Note,2-Year,2025-04-23,2025-04-30,2027-04-30,100.0,null,null,null,null,10.220000,2,null,2025-04-17,Single-Price,null,null,null,0.130000,null,No,null,2.690000,No,null,null,No,11:30 AM,11:00 AM,29983720000,3,80568000000,Yes,null,null,null,2025-04-30,550000000,2050000000,175787000000,Yes,0,0,Normal,2025-07-31,Yes,2025-04-21,4.225000,null,null,100.0,0.160000,null,null,14575000000,17075000000,Quarterly,null,null,null,null,0.090000,null,2025-04-30,10500000000,10000000,10500000000,100,null,100,100,100,0,10500000000,16512400,Yes,30000000000,null,null,null,2-Year,A_20250417_2.pdf,R_20250423_2.pdf,NCR_20250423_1.pdf,14858720000,61443000000,null,null,No,0-Month,2-Year,BB-2027,2054372600,19508000000,No,2054372600,0.1600,null,No,null,32054605000,82638885000,8389400,Yes,null,null,A_20250417_2.xml,R_20250423_2.xml,No,null,null,null
2025-04-30,91282CMZ1,Note,5-Year,2025-04-23,2025-04-30,2030-04-30,99.460974,null,null,null,null,76.410000,2,null,2025-04-17,Single-Price,null,null,null,null,3.928000,No,null,2.410000,No,null,null,No,01:00 PM,12:00 PM,69884341800,3,168300632000,Yes,912821RY3,null,null,2025-04-30,17362633800,25521000000,175787000000,Yes,5000000,5000000,Normal,2025-10-31,No,null,null,null,null,99.460974,null,3.9950,null,44753632000,53759632000,Semi-Annual,3.875000,null,null,null,null,3.800000,2025-04-30,24500000000,10000000,24500000000,100,100,100,100,100,0,24500000000,110745200,Yes,70000000000,null,null,null,5-Year,A_20250417_7.pdf,R_20250423_3.pdf,NCR_20250423_3.pdf,7768076000,89020000000,null,null,No,0-Month,5-Year,Y-2030,4793536100,19508000000,No,4793536100,null,19.3750,Yes,null,74793623100,173209913300,40643200,Yes,null,null,A_20250417_7.xml,R_20250423_3.xml,No,null,null,SPL_20250417_1.pdf
2025-04-30,91282CNA5,Note,7-Year,2025-04-24,2025-04-30,2032-04-30,99.258678,null,null,null,null,30.840000,2,null,2025-04-17,Single-Price,null,null,null,null,4.065000,No,null,2.550000,No,null,null,No,01:00 PM,12:00 PM,43929113000,3,112301837000,Yes,912821RZ0,null,null,2025-04-30,11173500000,19467900000,175787000000,Yes,0,0,Normal,2025-10-31,No,null,null,null,null,99.258678,null,4.1230,null,26049613000,31965937000,Semi-Annual,4.000000,null,null,null,null,3.880000,2025-04-30,15400000000,10000000,15400000000,100,100,100,100,100,0,15400000000,70905900,Yes,44000000000,null,null,null,7-Year,A_20250417_4.pdf,R_20250424_3.pdf,NCR_20250424_3.pdf,6706000000,60868000000,null,null,No,0-Month,7-Year,K-2032,3013079700,19508000000,No,3013079700,null,20.0000,Yes,null,47013098600,115385822600,25546900,Yes,null,null,A_20250417_4.xml,R_20250424_3.xml,No,912834YS1,null,null
2025-05-15,91282CND9,Note,3-Year,2025-05-05,2025-05-15,2028-05-15,99.79213,null,null,null,null,23.890000,2,null,2025-04-30,Single-Price,null,null,null,null,3.769000,No,null,2.560000,No,null,null,No,01:00 PM,12:00 PM,57734288000,3,147993840000,Yes,912821SA4,null,null,2025-05-15,13688000000,19388000000,94183000000,Yes,155000000,155000000,Normal,2025-11-15,No,null,null,null,null,99.79213,null,3.8240,null,36008840000,46689840000,Semi-Annual,3.750000,null,null,null,null,3.690000,2025-05-15,20300000000,10000000,20300000000,100,100,100,100,100,0,20300000000,110731100,Yes,58000000000,null,null,null,3-Year,A_20250430_2.pdf,R_20250505_3.pdf,NCR_20250505_3.pdf,8037448000,81916000000,null,null,No,0-Month,3-Year,AN-2028,20473592400,47215000000,No,20473592400,null,18.7500,Yes,null,78473611500,168733163500,53103300,Yes,null,null,A_20250430_2.xml,R_20250505_3.xml,No,null,null,null
2025-05-15,91282CNC1,Note,10-Year,2025-05-06,2025-05-15,2035-05-15,99.2601,null,null,null,null,92.860000,2,null,2025-04-30,Single-Price,null,null,null,null,4.281000,No,null,2.600000,No,null,null,No,01:00 PM,12:00 PM,41852615000,3,109230765000,Yes,912821SB2,null,null,2025-05-15,8321500000,13760000000,94183000000,Yes,0,0,Normal,2025-11-15,No,null,null,null,null,99.2601,null,4.3420,null,29794965000,36794765000,Semi-Annual,4.250000,null,null,null,null,4.200000,2025-05-15,14700000000,10000000,14700000000,100,100,100,100,100,0,14700000000,147392100,Yes,42000000000,null,null,null,10-Year,A_20250430_3.pdf,R_20250506_2.pdf,NCR_20250506_2.pdf,3736150000,58676000000,null,null,No,0-Month,10-Year,C-2035,14825704800,47215000000,No,14825704800,null,21.2500,Yes,null,56825711900,124203861900,76435100,Yes,null,null,A_20250430_3.xml,R_20250506_2.xml,No,null,null,null
2025-05-15,912810UK2,Bond,30-Year,2025-05-08,2025-05-15,2055-05-15,98.911312,null,null,null,null,24.050000,2,null,2025-04-30,Single-Price,null,null,null,null,4.749000,No,null,2.310000,No,null,null,No,01:00 PM,12:00 PM,24916150000,3,57775443000,Yes,912803HL0,null,null,2025-05-15,6778900000,9023900000,94183000000,Yes,0,0,Normal,2025-11-15,No,null,null,null,null,98.911312,null,4.8190,null,14669592500,17137543000,Semi-Annual,4.750000,null,null,null,null,4.677000,2025-05-15,8750000000,10000000,8750000000,100,100,100,100,100,0,8750000000,83873000,Yes,25000000000,null,null,null,30-Year,A_20250430_1.pdf,R_20250508_4.pdf,NCR_20250508_3.pdf,3467657500,31614000000,null,null,No,0-Month,30-Year,Bonds of May 2055,8824824300,47215000000,No,8824824300,null,23.7500,Yes,null,33824847300,66684140300,43910000,Yes,null,null,A_20250430_1.xml,R_20250508_4.xml,No,912834YT9,null,SPL_20250506_1.pdf
2025-06-02,912810UL0,Bond,20-Year,2025-05-21,2025-06-02,2045-05-15,99.407798,null,2.4456500000,null,null,41.020000,2,null,2025-05-15,Single-Price,null,null,null,null,4.974000,Yes,2025-05-15,2.460000,No,null,null,No,01:00 PM,12:00 PM,15784555100,3,39172912000,Yes,912803HM8,null,null,2025-05-15,2221300000,3626300000,104542000000,Yes,0,0,Normal,2025-11-15,No,null,null,null,null,99.407798,null,5.0470,null,10894000100,13192612000,Semi-Annual,5.000000,null,null,null,null,4.900000,2025-05-31,5600000000,10000000,5600000000,100,100,100,100,100,0,5600000000,215459800,Yes,16000000000,null,null,null,20-Year,A_20250515_4.pdf,R_20250521_2.pdf,NCR_20250521_2.pdf,2669255000,22354000000,null,null,No,0-Month,20-Year,Bonds of May 2045,2190424200,29152000000,No,2190424200,null,25.0000,Yes,null,18190439100,41578796000,56836800,Yes,null,null,A_20250515_4.xml,R_20250521_2.xml,No,null,null,null
2025-05-30,91282CML2,Note,9-Year 8-Month,2025-05-22,2025-05-30,2035-01-15,100.487511,null,null,8.0293300000,100.4875110000,37.790000,2,null,2025-05-15,Single-Price,null,null,null,null,2.135000,Yes,2025-01-15,2.360000,No,null,null,No,01:00 PM,12:00 PM,17921150200,3,42420210000,Yes,912821RG2,1982-1984=100,39642000000.000000,2025-01-15,2992000000,4192000000,0,Yes,0,0,Normal,2025-07-15,No,null,null,null,null,100.487511,null,2.2200,1.013200,12794028700,14635210000,Semi-Annual,2.125000,null,null,null,null,2.070000,2025-05-30,6300000000,10000000,6300000000,100,100,100,100,100,13300000000,6300000000,78868200,Yes,18000000000,null,2025-01-15,2025-01-31,10-Year,A_20250515_1.pdf,R_20250522_3.pdf,NCR_20250522_3.pdf,2135121500,23593000000,315.586770,319.752740,Yes,8-Month,9-Year,A-2035,0,0,No,0,null,null,Yes,3.3667444300,18000018400,42499078200,27752200,Yes,7.924720,99.178357,A_20250515_1.xml,R_20250522_3.xml,Yes,null,null,null
2025-06-02,91282CNE7,Note,2-Year,2025-05-27,2025-06-02,2027-05-31,99.847598,null,0.2117500000,null,null,90.400000,2,null,2025-05-22,Single-Price,null,null,null,null,3.900000,Yes,2025-05-31,2.570000,No,null,null,No,01:00 PM,12:00 PM,68692183000,3,176843805000,Yes,912821SC0,null,null,2025-05-31,17986500000,25100050000,104542000000,Yes,5000000,5000000,Normal,2025-11-30,No,null,null,null,null,99.847598,null,3.9550,null,43508755000,58591755000,Semi-Annual,3.875000,null,null,null,null,3.850000,2025-05-31,24150000000,10000000,24150000000,100,100,100,100,100,0,24150000000,302821900,Yes,69000000000,null,null,null,2-Year,A_20250522_6.pdf,R_20250527_3.pdf,NCR_20250527_3.pdf,7196928000,93152000000,null,null,No,0-Month,2-Year,BC-2027,9446204800,29152000000,No,9446204800,null,19.3750,Yes,null,78446209700,186597831700,137275200,Yes,null,null,A_20250522_6.xml,R_20250527_3.xml,No,null,null,SPL_20250522_1.pdf
2025-05-30,91282CMX6,Note,1-Year 11-Month,2025-05-28,2025-05-30,2027-04-30,100.026794,0.3719567650,null,null,null,57.110000,2,null,2025-05-22,Single-Price,null,null,null,0.124000,null,Yes,2025-04-30,2.950000,No,null,null,No,11:30 AM,11:00 AM,27978551500,3,82439000000,Yes,null,null,32054000000.000000,2025-04-30,550000000,1800000000,0,Yes,0,0,Normal,2025-07-31,Yes,2025-05-19,4.285000,null,null,100.026794,0.144000,null,null,17653724000,20964000000,Quarterly,null,null,null,null,0.090000,null,2025-05-30,9800000000,10000000,9800000000,100,null,100,100,100,10500000000,9800000000,21452600,Yes,28000000000,null,2025-04-30,2025-04-30,2-Year,A_20250522_3.pdf,R_20250528_2.pdf,NCR_20250528_1.pdf,9774827500,59675000000,null,null,Yes,11-Month,1-Year,BB-2027,0,0,No,0,0.1600,null,No,null,28000004100,82460452600,13419600,Yes,null,null,A_20250522_3.xml,R_20250528_2.xml,No,null,null,null
2025-06-02,91282CNG2,Note,5-Year,2025-05-28,2025-06-02,2030-05-31,99.681589,null,0.2185800000,null,null,23.120000,2,null,2025-05-22,Single-Price,null,null,null,null,4.010000,Yes,2025-05-31,2.390000,No,null,null,No,01:00 PM,12:00 PM,69880539000,3,167252785000,Yes,912821SD8,null,null,2025-05-31,8660750000,14995000000,104542000000,Yes,5000000,5000000,Normal,2025-11-30,No,null,null,null,null,99.681589,null,4.0710,null,54765969000,62178785000,Semi-Annual,4.000000,null,null,null,null,3.940000,2025-05-31,24500000000,10000000,24500000000,100,100,100,100,100,0,24500000000,114467200,Yes,70000000000,null,null,null,5-Year,A_20250522_7.pdf,R_20250528_3.pdf,NCR_20250528_3.pdf,6453820000,90079000000,null,null,No,0-Month,5-Year,Z-2030,9583106300,29152000000,No,9583106300,null,20.0000,Yes,null,79583112500,176955358500,42761200,Yes,null,null,A_20250522_7.xml,R_20250528_3.xml,No,null,null,SPL_20250522_2.pdf
2025-06-02,91282CNF4,Note,7-Year,2025-05-29,2025-06-02,2032-05-31,99.58499,null,0.2254100000,null,null,55.870000,2,null,2025-05-22,Single-Price,null,null,null,null,4.144000,Yes,2025-05-31,2.690000,No,null,null,No,01:00 PM,12:00 PM,43834565500,3,118405868000,Yes,912821SE6,null,null,2025-05-31,10360571300,17404900000,104542000000,Yes,83000000,83000000,Normal,2025-11-30,No,null,null,null,null,99.58499,null,4.1940,null,31350156700,39218968000,Semi-Annual,4.125000,null,null,null,null,4.000000,2025-05-31,15400000000,10000000,15400000000,100,100,100,100,100,0,15400000000,82476800,Yes,44000000000,null,null,null,7-Year,A_20250522_1.pdf,R_20250529_3.pdf,NCR_20250529_3.pdf,2123837500,61782000000,null,null,No,0-Month,7-Year,L-2032,6023666700,29152000000,No,6023666700,null,20.6250,Yes,null,50023709000,124595011500,31760800,Yes,null,null,A_20250522_1.xml,R_20250529_3.xml,No,912834YU6,null,null
2025-06-16,91282CNH0,Note,3-Year,2025-06-10,2025-06-16,2028-06-15,99.728229,null,0.1058700000,null,null,63.050000,2,null,2025-06-05,Single-Price,null,null,null,null,3.919000,Yes,2025-06-15,2.520000,No,null,null,No,01:00 PM,12:00 PM,57852154000,3,145779130000,Yes,912821SF3,null,null,2025-06-15,10430000000,15358000000,43999000000,Yes,5000000,5000000,Normal,2025-12-15,No,null,null,null,null,99.728229,null,3.9720,null,38635435000,48573130000,Semi-Annual,3.875000,null,null,null,null,3.870000,2025-06-15,20300000000,10000000,20300000000,100,100,100,100,100,0,20300000000,142849200,Yes,58000000000,null,null,null,3-Year,A_20250605_7.pdf,R_20250610_3.pdf,NCR_20250610_3.pdf,8786719000,81848000000,null,null,No,0-Month,3-Year,AP-2028,1043064200,2587000000,No,1043064200,null,19.3750,Yes,null,59043067400,146970043400,54097200,Yes,null,null,A_20250605_7.xml,R_20250610_3.xml,No,912834YV4,null,null
2025-06-16,91282CNC1,Note,9-Year 11-Month,2025-06-11,2025-06-16,2035-05-15,98.632744,null,3.6956500000,null,null,30.580000,2,null,2025-06-05,Single-Price,null,null,null,null,4.378000,Yes,2025-05-15,2.520000,No,null,null,No,01:00 PM,12:00 PM,38875284000,3,98123554000,Yes,912821SB2,null,56825000000.000000,2025-05-15,7962750000,12106000000,43999000000,Yes,0,0,Normal,2025-11-15,No,null,null,null,null,98.632744,null,4.4210,null,27429054000,33340554000,Semi-Annual,4.250000,null,null,null,null,4.320000,2025-06-15,13650000000,10000000,13650000000,100,100,100,100,100,14700000000,13650000000,124721100,Yes,39000000000,null,2025-05-15,2025-05-15,10-Year,A_20250605_1.pdf,R_20250611_2.pdf,NCR_20250611_2.pdf,3483480000,52677000000,null,null,Yes,11-Month,9-Year,C-2035,701370600,2587000000,No,701370600,null,21.2500,Yes,null,39701375700,98949645700,66264100,Yes,null,null,A_20250605_1.xml,R_20250611_2.xml,No,null,null,null
2025-06-16,912810UK2,Bond,29-Year 11-Month,2025-06-12,2025-06-16,2055-05-15,98.514927,null,4.1304300000,null,null,3.080000,2,null,2025-06-05,Single-Price,null,null,null,null,4.800000,Yes,2025-05-15,2.430000,No,null,null,No,01:00 PM,12:00 PM,21965397000,3,53415277000,Yes,912803HL0,null,33805000000.000000,2025-05-15,5145200000,7780700000,43999000000,Yes,0,0,Normal,2025-11-15,No,null,null,null,null,98.514927,null,4.8440,null,14313193000,17290577000,Semi-Annual,4.750000,null,null,null,null,4.700000,2025-06-15,7700000000,10000000,7700000000,100,100,100,100,100,8800000000,7700000000,34615700,Yes,22000000000,null,2025-05-15,2025-05-15,30-Year,A_20250605_4.pdf,R_20250612_3.pdf,NCR_20250612_3.pdf,2507004000,28344000000,null,null,Yes,11-Month,29-Year,Bonds of May 2055,395645000,2587000000,No,395645000,null,23.7500,Yes,null,22395657700,53845537700,10757700,Yes,null,null,A_20250605_4.xml,R_20250612_3.xml,No,null,null,null
2025-06-30,912810UL0,Bond,19-Year 11-Month,2025-06-16,2025-06-30,2045-05-15,100.717496,null,6.2500000000,null,null,17.960000,2,null,2025-06-12,Single-Price,null,null,null,null,4.880000,Yes,2025-05-15,2.680000,No,null,null,No,01:00 PM,12:00 PM,12912616400,3,34725112000,Yes,912803HM8,null,18189000000.000000,2025-05-15,2567500000,4109000000,102812000000,Yes,0,0,Normal,2025-11-15,No,null,null,null,null,100.717496,null,4.9420,null,8618112000,11807112000,Semi-Annual,5.000000,null,null,null,null,3.880000,2025-06-30,4550000000,10000000,4550000000,100,100,100,100,100,5600000000,4550000000,87386300,Yes,13000000000,null,2025-05-15,2025-06-02,20-Year,A_20250612_1.pdf,R_20250616_3.pdf,NCR_20250616_3.pdf,1727004400,18809000000,null,null,Yes,11-Month,19-Year,Bonds of May 2045,1293674900,26346000000,No,1293674900,null,25.0000,Yes,null,14293677600,36106173200,41575300,Yes,null,null,A_20250612_1.xml,R_20250616_3.xml,No,null,null,null
2025-06-30,91282CNB3,Note,4-Year 10-Month,2025-06-17,2025-06-30,2030-04-15,100.646739,null,null,3.4001000000,100.6467390000,93.570000,2,null,2025-06-12,Single-Price,null,null,null,null,1.607000,Yes,2025-04-15,2.530000,No,null,null,No,01:00 PM,12:00 PM,22946760900,3,58182624000,Yes,912821RW7,1982-1984=100,26711000000.000000,2025-04-15,4319000000,5919000000,102812000000,Yes,0,0,Normal,2025-10-15,No,null,null,null,null,100.646739,null,1.6500,1.007640,17123940400,22375624000,Semi-Annual,1.625000,null,null,null,null,1.560000,2025-06-30,8050000000,10000000,8050000000,100,100,100,100,100,8800000000,8050000000,53323300,Yes,23000000000,null,2025-04-15,2025-04-30,5-Year,A_20250612_2.pdf,R_20250617_2.pdf,NCR_20250617_2.pdf,1503820500,29888000000,318.329470,320.761800,Yes,10-Month,4-Year,X-2030,2288809400,26346000000,No,2288809400,null,null,Yes,2.5523869970,25288893600,60524756700,15871300,Yes,3.374320,99.883628,A_20250612_2.xml,R_20250617_2.xml,Yes,null,null,null
2025-06-30,91282CNL1,Note,2-Year,2025-06-24,2025-06-30,2027-06-30,99.931283,null,null,null,null,4.180000,2,null,2025-06-18,Single-Price,null,null,null,null,3.730000,No,null,2.580000,No,null,null,No,01:00 PM,12:00 PM,68694945000,3,177442495000,Yes,912821SG1,null,null,2025-06-30,18085000000,23976000000,102812000000,Yes,5000000,5000000,Normal,2025-12-31,No,null,null,null,null,99.931283,null,3.7860,null,41561495000,54133495000,Semi-Annual,3.750000,null,null,null,null,3.600000,2025-06-30,24150000000,10000000,24150000000,100,100,100,100,100,0,24150000000,300073700,Yes,69000000000,null,null,null,2-Year,A_20250618_5.pdf,R_20250624_2.pdf,NCR_20250624_2.pdf,9048450000,99333000000,null,null,No,0-Month,2-Year,BD-2027,6866428500,26346000000,No,6866428500,null,18.7500,Yes,null,75866447200,184613997200,125905700,Yes,null,null,A_20250618_5.xml,R_20250624_2.xml,No,null,null,null
2025-06-27,91282CMX6,Note,1-Year 10-Month,2025-06-25,2025-06-27,2027-04-30,100.00238,0.7180115520,null,null,null,65.530000,2,null,2025-06-18,Single-Price,null,null,null,0.135000,null,Yes,2025-04-30,2.790000,No,null,null,No,11:30 AM,11:00 AM,27982908000,3,78117000000,Yes,null,null,60044000000.000000,2025-04-30,250000000,1750000000,0,Yes,0,0,Normal,2025-07-31,Yes,2025-06-23,4.195000,null,null,100.00238,0.157000,null,null,12761908000,13746000000,Quarterly,null,null,null,null,0.080000,null,2025-06-27,9800000000,10000000,9800000000,100,null,100,100,100,20300000000,9800000000,17121900,Yes,28000000000,null,2025-04-30,2025-04-30,2-Year,A_20250618_3.pdf,R_20250625_2.pdf,NCR_20250625_2.pdf,14971000000,62621000000,null,null,Yes,10-Month,1-Year,BB-2027,0,0,No,0,0.1600,null,No,null,28000029900,78134121900,1608900,Yes,null,null,A_20250618_3.xml,R_20250625_2.xml,No,null,null,null
2025-06-30,91282CNK3,Note,5-Year,2025-06-25,2025-06-30,2030-06-30,99.981978,null,null,null,null,6.320000,2,null,2025-06-18,Single-Price,null,null,null,null,3.819000,No,null,2.360000,No,null,null,No,01:00 PM,12:00 PM,69900930400,3,164874972000,Yes,912821SH9,null,null,2025-06-30,17080558400,22593800000,102812000000,Yes,5000000,5000000,Normal,2025-12-31,No,null,null,null,null,99.981978,null,3.8790,null,45211732000,53622172000,Semi-Annual,3.875000,null,null,null,null,3.700000,2025-06-30,24500000000,10000000,24500000000,100,100,100,100,100,0,24500000000,94148600,Yes,70000000000,null,null,null,5-Year,A_20250618_4.pdf,R_20250625_3.pdf,NCR_20250625_3.pdf,7608640000,88659000000,null,null,No,0-Month,5-Year,AA-2030,6965941900,26346000000,No,6965941900,null,19.3750,Yes,null,76966020900,171940062500,43738600,Yes,null,null,A_20250618_4.xml,R_20250625_3.xml,No,null,null,SPL_20250618_1.pdf
2025-06-30,91282CNJ6,Note,7-Year,2025-06-26,2025-06-30,2032-06-30,99.866934,null,null,null,null,2.430000,2,null,2025-06-18,Single-Price,null,null,null,null,3.960000,No,null,2.530000,No,null,null,No,01:00 PM,12:00 PM,43935954500,3,111281455000,Yes,912821SJ5,null,null,2025-06-30,5104800000,10147100000,102812000000,Yes,0,0,Normal,2025-12-31,No,null,null,null,null,99.866934,null,4.0220,null,33716042000,39455355000,Semi-Annual,4.000000,null,null,null,null,3.900000,2025-06-30,15400000000,10000000,15400000000,100,100,100,100,100,0,15400000000,64045700,Yes,44000000000,null,null,null,7-Year,A_20250618_2.pdf,R_20250626_3.pdf,NCR_20250626_3.pdf,5115112500,61679000000,null,null,No,0-Month,7-Year,M-2032,4378592000,26346000000,No,4378592000,null,20.0000,Yes,null,48378592200,115724092700,19332700,Yes,null,null,A_20250618_2.xml,R_20250626_3.xml,No,912834YW2,null,SPL_20250624_2.pdf
2025-07-15,91282CNM9,Note,3-Year,2025-07-08,2025-07-15,2028-07-15,99.955106,null,null,null,null,19.350000,2,null,2025-07-03,Single-Price,null,null,null,null,3.836000,No,null,2.510000,No,null,null,No,01:00 PM,12:00 PM,57844579000,3,145380070000,Yes,912821SK2,null,null,2025-07-15,16992784000,22376000000,87567000000,Yes,5000000,5000000,Normal,2026-01-15,No,null,null,null,null,99.955106,null,3.8910,null,31302095000,41729070000,Semi-Annual,3.875000,null,null,null,null,3.700000,2025-07-15,20300000000,10000000,20300000000,100,100,100,100,100,0,20300000000,150439300,Yes,58000000000,null,null,null,3-Year,A_20250703_1.pdf,R_20250708_3.pdf,NCR_20250708_3.pdf,9549700000,81275000000,null,null,No,0-Month,3-Year,AQ-2028,6862758600,16359000000,No,6862758600,null,19.3750,Yes,null,64862776900,152398267900,55511300,Yes,null,null,A_20250703_1.xml,R_20250708_3.xml,No,912834YX0,null,null
2025-07-15,91282CNC1,Note,9-Year 10-Month,2025-07-09,2025-07-15,2035-05-15,99.101876,null,7.0448400000,null,null,94.680000,2,null,2025-07-03,Single-Price,null,null,null,null,4.310000,Yes,2025-05-15,2.610000,No,null,null,No,01:00 PM,12:00 PM,38897801100,3,101724256000,Yes,912821SB2,null,96526000000.000000,2025-05-15,9220455100,13968000000,87567000000,Yes,0,0,Normal,2025-11-15,No,null,null,null,null,99.101876,null,4.3620,null,25447656000,31292256000,Semi-Annual,4.250000,null,null,null,null,4.200000,2025-07-15,13650000000,10000000,13650000000,100,100,100,100,100,28400000000,13650000000,102230900,Yes,39000000000,null,2025-05-15,2025-05-15,10-Year,A_20250703_5.pdf,R_20250709_2.pdf,NCR_20250709_2.pdf,4229690000,56464000000,null,null,Yes,10-Month,9-Year,C-2035,4614613500,16359000000,No,4614613500,null,21.2500,Yes,null,43614645500,106441100400,42501900,Yes,null,null,A_20250703_5.xml,R_20250709_2.xml,No,null,null,null
2025-07-15,912810UK2,Bond,29-Year 10-Month,2025-07-10,2025-07-15,2055-05-15,97.817084,null,7.8736400000,null,null,60.850000,2,null,2025-07-03,Single-Price,null,null,null,null,4.838000,Yes,2025-05-15,2.380000,No,null,null,No,01:00 PM,12:00 PM,21973765000,3,52404715000,Yes,912803HL0,null,56200000000.000000,2025-05-15,6019900000,8108900000,87567000000,Yes,0,0,Normal,2025-11-15,No,null,null,null,null,97.817084,null,4.8890,null,13137015000,15326815000,Semi-Annual,4.750000,null,null,null,null,3.880000,2025-07-15,7700000000,10000000,7700000000,100,100,100,100,100,16500000000,7700000000,26237100,Yes,22000000000,null,2025-05-15,2025-05-15,30-Year,A_20250703_4.pdf,R_20250710_3.pdf,NCR_20250710_3.pdf,2816850000,28969000000,null,null,Yes,10-Month,29-Year,Bonds of May 2055,2603115300,16359000000,No,2603115300,null,23.7500,Yes,null,24603117400,55034067400,9613100,Yes,null,null,A_20250703_4.xml,R_20250710_3.xml,No,null,null,null
2025-07-31,912810UL0,Bond,19-Year 10-Month,2025-07-23,2025-07-31,2045-05-15,100.800466,null,10.4619600000,null,null,85.300000,2,null,2025-07-17,Single-Price,null,null,null,null,4.886000,Yes,2025-05-15,2.790000,No,null,null,No,01:00 PM,12:00 PM,12877685000,3,36102677000,Yes,912803HM8,null,32481000000.000000,2025-05-15,2814500000,5018000000,169149000000,Yes,0,0,Normal,2025-11-15,No,null,null,null,null,100.800466,null,4.9350,null,8683210000,12207677000,Semi-Annual,5.000000,null,null,null,null,3.880000,2025-07-31,4550000000,10000000,4550000000,100,100,100,100,100,10200000000,4550000000,122325900,Yes,13000000000,null,2025-05-15,2025-06-02,20-Year,A_20250717_5.pdf,R_20250723_2.pdf,NCR_20250723_2.pdf,1379975000,18877000000,null,null,Yes,10-Month,19-Year,Bonds of May 2045,885247700,19541000000,No,885247700,null,25.0000,Yes,null,13885258600,37110250600,48110900,Yes,null,null,A_20250717_5.xml,R_20250723_2.xml,No,null,null,null
2025-07-31,91282CNS6,Note,10-Year,2025-07-24,2025-07-31,2035-07-15,99.116833,null,null,0.8161000000,99.1168330000,75.330000,2,null,2025-07-17,Single-Price,null,null,null,null,1.932000,Yes,2025-07-15,2.410000,No,null,null,No,01:00 PM,12:00 PM,20913221900,3,50618912000,Yes,912821SL0,1982-1984=100,null,2025-07-15,6682500000,8834500000,169149000000,Yes,0,0,Normal,2026-01-15,No,null,null,null,null,99.116833,null,1.9850,1.001080,13110655900,16071412000,Semi-Annual,1.875000,null,null,null,null,1.899000,2025-07-31,7350000000,10000000,7350000000,100,100,100,100,100,0,7350000000,86789900,Yes,21000000000,null,null,null,10-Year,A_20250717_4.pdf,R_20250724_3.pdf,NCR_20250724_3.pdf,1120066000,25713000000,321.097580,321.443390,No,0-Month,10-Year,D-2035,1430015600,19541000000,No,1430015600,null,null,Yes,2.9196732030,22430027400,52135717500,14284900,Yes,0.815220,99.009902,A_20250717_4.xml,R_20250724_3.xml,Yes,912834YY8,null,null
2025-07-31,91282CNN7,Note,5-Year,2025-07-28,2025-07-31,2030-07-31,99.514725,null,null,null,null,67.800000,2,null,2025-07-24,Single-Price,null,null,null,null,3.920000,No,null,2.310000,No,null,null,No,01:00 PM,12:00 PM,69878752400,3,161873520000,Yes,912821SN6,null,null,2025-07-31,20611000000,26298000000,169149000000,Yes,4000000,4000000,Normal,2026-01-31,No,null,null,null,null,99.514725,null,3.9830,null,40723216400,48310520000,Semi-Annual,3.875000,null,null,null,null,3.800000,2025-07-31,24500000000,10000000,24500000000,100,100,100,100,100,0,24500000000,117282000,Yes,70000000000,null,null,null,5-Year,A_20250724_1.pdf,R_20250728_4.pdf,NCR_20250728_4.pdf,8544536000,87265000000,null,null,No,0-Month,5-Year,AB-2030,4766718600,19541000000,No,4766718600,null,19.3750,Yes,null,74766753000,166761520600,26721000,Yes,null,null,A_20250724_1.xml,R_20250728_4.xml,No,null,null,"SPL_20250724_2.pdf, SPL_20250724_1.pdf"
2025-07-31,91282CNP2,Note,2-Year,2025-07-28,2025-07-31,2027-07-31,99.914243,null,null,null,null,58.430000,2,null,2025-07-24,Single-Price,null,null,null,null,3.870000,No,null,2.620000,No,null,null,No,11:30 AM,11:00 AM,68438880500,3,180334900000,Yes,912821SM8,null,null,2025-07-31,23524063000,31113000000,169149000000,Yes,205000000,205000000,Normal,2026-01-31,No,null,null,null,null,99.914243,null,3.9200,null,37866200000,54499900000,Semi-Annual,3.875000,null,null,null,null,3.800000,2025-07-31,24150000000,10000000,24150000000,100,100,100,100,100,0,24150000000,356307900,Yes,69000000000,null,null,null,2-Year,A_20250724_3.pdf,R_20250728_2.pdf,NCR_20250728_2.pdf,7048617500,94722000000,null,null,No,0-Month,2-Year,BE-2027,4698622800,19541000000,No,4698622800,null,19.3750,Yes,null,73698811200,185594830700,159519900,Yes,null,null,A_20250724_3.xml,R_20250728_2.xml,No,null,null,SPL_20250724_1.pdf
2025-07-31,91282CNQ0,Note,2-Year,2025-07-29,2025-07-31,2027-07-31,100.0,null,null,null,null,33.430000,2,null,2025-07-24,Single-Price,null,null,null,0.140000,null,No,null,2.810000,No,null,null,No,11:30 AM,11:00 AM,29975005000,3,84350000000,Yes,null,null,null,2025-07-31,250000000,1500000000,169149000000,Yes,0,0,Normal,2025-10-31,Yes,2025-07-21,4.240000,null,null,100.0,0.159000,null,null,17903000000,22020000000,Quarterly,null,null,null,null,0.090000,null,2025-07-31,10500000000,10000000,10500000000,100,null,100,100,100,0,10500000000,24997000,Yes,30000000000,null,null,null,2-Year,A_20250724_6.pdf,R_20250729_2.pdf,NCR_20250729_2.pdf,11822005000,60830000000,null,null,No,0-Month,2-Year,BF-2027,2042879500,19541000000,No,2042879500,0.1590,null,No,null,32042881500,86417876500,5033000,Yes,null,null,A_20250724_6.xml,R_20250729_2.xml,No,null,null,null
2025-07-31,91282CNR8,Note,7-Year,2025-07-29,2025-07-31,2032-07-31,99.444911,null,null,null,null,75.530000,2,null,2025-07-24,Single-Price,null,null,null,null,4.057000,No,null,2.790000,No,null,null,No,01:00 PM,12:00 PM,43916977700,3,122544544000,Yes,912821SP1,null,null,2025-07-31,14789730500,24016400000,169149000000,Yes,0,0,Normal,2026-01-31,No,null,null,null,null,99.444911,null,4.0920,null,27343247200,38162144000,Semi-Annual,4.000000,null,null,null,null,3.880000,2025-07-31,15400000000,10000000,15400000000,100,100,100,100,100,0,15400000000,83485300,Yes,44000000000,null,null,null,7-Year,A_20250724_4.pdf,R_20250729_3.pdf,NCR_20250729_3.pdf,1784000000,60366000000,null,null,No,0-Month,7-Year,N-2032,2996223100,19541000000,No,2996223100,null,20.0000,Yes,null,46996686100,125624252400,23334300,Yes,null,null,A_20250724_4.xml,R_20250729_3.xml,No,912834YZ5,null,null
2025-08-15,91282CNU1,Note,3-Year,2025-08-05,2025-08-15,2028-08-15,99.876077,null,null,null,null,72.300000,2,null,2025-07-30,Single-Price,null,null,null,null,3.610000,No,null,2.530000,No,null,null,No,01:00 PM,12:00 PM,57846725000,3,146330040000,Yes,912821SQ9,null,null,2025-08-15,16275135000,21043000000,89798000000,Yes,0,0,Normal,2026-02-15,No,null,null,null,null,99.876077,null,3.6690,null,31228990000,40953040000,Semi-Annual,3.625000,null,null,null,null,3.460000,2025-08-15,20300000000,10000000,20300000000,100,100,100,100,100,0,20300000000,153289100,Yes,58000000000,null,null,null,3-Year,A_20250730_3.pdf,R_20250805_3.pdf,NCR_20250805_3.pdf,10342600000,84334000000,null,null,No,0-Month,3-Year,AR-2028,19683688400,45614000000,No,19683688400,null,18.1250,Yes,null,77683702500,166167017500,56157600,Yes,null,null,A_20250730_3.xml,R_20250805_3.xml,No,null,null,null
2025-08-15,91282CNT4,Note,10-Year,2025-08-06,2025-08-15,2035-08-15,99.95962,null,null,null,null,52.850000,2,null,2025-07-30,Single-Price,null,null,null,null,4.195000,No,null,2.350000,No,null,null,No,01:00 PM,12:00 PM,41857544000,3,98587416000,Yes,912821SR7,null,null,2025-08-15,8210000000,12175000000,89798000000,Yes,0,0,Normal,2026-02-15,No,null,null,null,null,99.95962,null,4.2550,null,26884766000,30844416000,Semi-Annual,4.250000,null,null,null,null,4.120000,2025-08-15,14700000000,10000000,14700000000,100,100,100,100,100,0,14700000000,142568100,Yes,42000000000,null,null,null,10-Year,A_20250730_1.pdf,R_20250806_2.pdf,NCR_20250806_2.pdf,6762778000,55568000000,null,null,No,0-Month,10-Year,E-2035,14253705400,45614000000,No,14253705400,null,21.2500,Yes,null,56253817500,112983689500,71952400,Yes,null,null,A_20250730_1.xml,R_20250806_2.xml,No,null,null,null
2025-08-15,912810UM8,Bond,30-Year,2025-08-07,2025-08-15,2055-08-15,99.005294,null,null,null,null,73.950000,2,null,2025-07-30,Single-Price,null,null,null,null,4.740000,No,null,2.270000,No,null,null,No,01:00 PM,12:00 PM,24960862000,3,56618887000,Yes,912803HN6,null,null,2025-08-15,5747800000,7997800000,89798000000,Yes,0,0,Normal,2026-02-15,No,null,null,null,null,99.005294,null,4.8130,null,14856087000,16414087000,Semi-Annual,4.750000,null,null,null,null,4.640000,2025-08-15,8750000000,10000000,8750000000,100,100,100,100,100,0,8750000000,39138900,Yes,25000000000,null,null,null,30-Year,A_20250730_2.pdf,R_20250807_3.pdf,NCR_20250807_3.pdf,4356975000,32207000000,null,null,No,0-Month,30-Year,Bonds of August 2055,8484348400,45614000000,No,8484348400,null,23.7500,Yes,null,33484349300,65142374300,12668900,Yes,null,null,A_20250730_2.xml,R_20250807_3.xml,No,912834ZA9,null,null
2025-09-02,912810UN6,Bond,20-Year,2025-08-20,2025-09-02,2045-08-15,99.982203,null,2.3845100000,null,null,44.440000,2,null,2025-08-14,Single-Price,null,null,null,null,4.820000,Yes,2025-08-15,2.540000,No,null,null,No,01:00 PM,12:00 PM,15839720000,3,40468842000,Yes,912803HP1,null,null,2025-08-15,4193000000,5850000000,108662000000,Yes,0,0,Normal,2026-02-15,No,null,null,null,null,99.982203,null,4.8760,null,9605842000,12441842000,Semi-Annual,4.875000,null,null,null,null,2.888000,2025-08-31,5600000000,10000000,5600000000,100,100,100,100,100,0,5600000000,160287800,Yes,16000000000,null,null,null,20-Year,A_20250814_5.pdf,R_20250820_2.pdf,NCR_20250820_2.pdf,2040878000,22177000000,null,null,No,0-Month,20-Year,Bonds of August 2045,1931037500,25825000000,No,1931037500,null,24.3750,Yes,null,17931045300,42560167300,76920800,Yes,null,null,A_20250814_5.xml,R_20250820_2.xml,No,null,null,null
2025-08-29,912810UH9,Bond,29-Year 6-Month,2025-08-21,2025-08-29,2055-02-15,96.465875,null,null,0.9233100000,96.4658750000,65.170000,2,null,2025-08-14,Single-Price,null,null,null,null,2.600000,Yes,2025-08-15,2.780000,No,null,null,No,01:00 PM,12:00 PM,7953749400,3,22191114000,Yes,912803HK2,1982-1984=100,9907000000.000000,2025-08-15,1996000000,3303000000,0,Yes,0,0,Normal,2026-02-15,No,null,null,null,null,96.465875,null,2.6500,1.021890,5602973900,7905114000,Semi-Annual,2.375000,null,null,null,null,0.888000,2025-08-29,2800000000,10000000,2800000000,100,100,100,100,100,3200000000,2800000000,46262100,Yes,8000000000,null,2025-02-15,2025-02-28,30-Year,A_20250814_4.pdf,R_20250821_3.pdf,NCR_20250821_3.pdf,354775500,10983000000,315.549000,322.454940,Yes,6-Month,29-Year,TIPS of February 2055,0,0,No,0,null,null,Yes,3.7632824060,8000011500,22237376100,6267100,Yes,0.903530,94.399471,A_20250814_4.xml,R_20250821_3.xml,Yes,null,null,null
2025-09-02,91282CNV9,Note,2-Year,2025-08-26,2025-09-02,2027-08-31,99.969131,null,0.2002800000,null,null,57.400000,2,null,2025-08-21,Single-Price,null,null,null,null,3.600000,Yes,2025-08-31,2.690000,No,null,null,No,01:00 PM,12:00 PM,68364904200,3,185064243000,Yes,912821SS5,null,null,2025-08-31,22673100000,32884000000,108662000000,Yes,305000000,305000000,Normal,2026-02-28,No,null,null,null,null,99.969131,null,3.6410,null,39032454200,55364243000,Semi-Annual,3.625000,null,null,null,null,3.500000,2025-08-31,24150000000,10000000,24150000000,100,100,100,100,100,0,24150000000,330121100,Yes,69000000000,null,null,null,2-Year,A_20250821_6.pdf,R_20250826_2.pdf,NCR_20250826_2.pdf,6659350000,96816000000,null,null,No,0-Month,2-Year,BG-2027,8327599600,25825000000,No,8327599600,null,18.1250,Yes,null,77327624900,194026963700,152426100,Yes,null,null,A_20250821_6.xml,R_20250826_2.xml,No,null,null,SPL_20250821_1.pdf
2025-08-29,91282CNQ0,Note,1-Year 11-Month,2025-08-27,2025-08-29,2027-07-31,99.930473,0.3513574150,null,null,null,77.450000,2,null,2025-08-21,Single-Price,null,null,null,0.190000,null,Yes,2025-07-31,3.220000,No,null,null,No,11:30 AM,11:00 AM,27981312500,3,90025000000,Yes,null,null,32043000000.000000,2025-07-31,200000000,1700000000,0,Yes,0,0,Normal,2025-10-31,Yes,2025-08-25,4.100000,null,null,99.930473,0.195000,null,null,21783862500,31310000000,Quarterly,null,null,null,null,0.150000,null,2025-08-29,9800000000,10000000,9800000000,100,null,100,100,100,10500000000,9800000000,18759500,Yes,28000000000,null,2025-07-31,2025-07-31,2-Year,A_20250821_4.pdf,R_20250827_2.pdf,NCR_20250827_2.pdf,5997450000,57015000000,null,null,Yes,11-Month,1-Year,BF-2027,0,0,No,0,0.1590,null,No,null,28000072000,90043759500,2212500,Yes,null,null,A_20250821_4.xml,R_20250827_2.xml,No,null,null,null
2025-09-02,91282CNX5,Note,5-Year,2025-08-27,2025-09-02,2030-08-31,99.552219,null,0.2002800000,null,null,84.430000,2,null,2025-08-21,Single-Price,null,null,null,null,3.667000,Yes,2025-08-31,2.360000,No,null,null,No,01:00 PM,12:00 PM,69883850000,3,165269954000,Yes,912821ST3,null,null,2025-08-31,21480101000,26963000000,108662000000,Yes,9200000,9200000,Normal,2026-02-28,No,null,null,null,null,99.552219,null,3.7240,null,42264749000,50435954000,Semi-Annual,3.625000,null,null,null,null,3.600000,2025-08-31,24500000000,10000000,24500000000,100,100,100,100,100,0,24500000000,107007500,Yes,70000000000,null,null,null,5-Year,A_20250821_1.pdf,R_20250827_3.pdf,NCR_20250827_3.pdf,6139000000,87871000000,null,null,No,0-Month,5-Year,AC-2030,8448289400,25825000000,No,8448289400,null,18.1250,Yes,null,78448346900,173834450900,32271500,Yes,null,null,A_20250821_1.xml,R_20250827_3.xml,No,null,null,SPL_20250821_2.pdf
2025-09-02,91282CNW7,Note,7-Year,2025-08-28,2025-09-02,2032-08-31,99.696342,null,0.2140900000,null,null,19.000000,2,null,2025-08-21,Single-Price,null,null,null,null,3.870000,Yes,2025-08-31,2.490000,No,null,null,No,01:00 PM,12:00 PM,43904285000,3,109408835000,Yes,912821SU0,null,null,2025-08-31,5604550000,10164300000,108662000000,Yes,0,0,Normal,2026-02-28,No,null,null,null,null,99.696342,null,3.9250,null,34002535000,39123535000,Semi-Annual,3.875000,null,null,null,null,2.880000,2025-08-31,15400000000,10000000,15400000000,100,100,100,100,100,0,15400000000,95734600,Yes,44000000000,null,null,null,7-Year,A_20250821_3.pdf,R_20250828_3.pdf,NCR_20250828_3.pdf,4297200000,60121000000,null,null,No,0-Month,7-Year,P-2032,5310353300,25825000000,No,5310353300,null,19.3750,Yes,null,49310372900,114814922900,25387600,Yes,null,null,A_20250821_3.xml,R_20250828_3.xml,No,912834ZB7,null,null
2025-09-15,91282CNY3,Note,3-Year,2025-09-09,2025-09-15,2028-09-15,99.689226,null,null,null,null,24.560000,2,null,2025-09-04,Single-Price,null,null,null,null,3.445000,No,null,2.730000,No,null,null,No,01:00 PM,12:00 PM,57778780200,3,157913245000,Yes,912821SV8,null,null,2025-09-15,10047772800,17365000000,41000000000,Yes,8000000,8000000,Normal,2026-03-15,No,null,null,null,null,99.689226,null,3.4850,null,42895327400,55264245000,Semi-Annual,3.375000,null,null,null,null,2.880000,2025-09-15,20300000000,10000000,20300000000,100,100,100,100,100,0,20300000000,213366000,Yes,58000000000,null,null,null,3-Year,A_20250904_1.pdf,R_20250909_2.pdf,NCR_20250909_2.pdf,4835680000,85284000000,null,null,No,0-Month,3-Year,AS-2028,0,0,No,0,null,16.8750,Yes,null,58000146200,158134611000,87783400,Yes,null,null,A_20250904_1.xml,R_20250909_2.xml,No,912834ZC5,null,null
2025-09-15,91282CNT4,Note,9-Year 11-Month,2025-09-10,2025-09-15,2035-08-15,101.753345,null,3.5801600000,null,null,81.530000,2,null,2025-09-04,Single-Price,null,null,null,null,3.986000,Yes,2025-08-15,2.650000,No,null,null,No,01:00 PM,12:00 PM,38881412000,3,103227910000,Yes,912821SR7,null,56254000000.000000,2025-08-15,4920500000,10467000000,41000000000,Yes,0,0,Normal,2026-02-15,No,null,null,null,null,101.753345,null,4.0330,null,32322912000,38952910000,Semi-Annual,4.250000,null,null,null,null,3.900000,2025-09-15,13650000000,10000000,13650000000,100,100,100,100,100,14700000000,13650000000,118612500,Yes,39000000000,null,2025-08-15,2025-08-15,10-Year,A_20250904_3.pdf,R_20250910_2.pdf,NCR_20250910_2.pdf,1638000000,53808000000,null,null,Yes,11-Month,9-Year,E-2035,0,0,No,0,null,21.2500,Yes,null,39000024500,103346522500,44224500,Yes,null,null,A_20250904_3.xml,R_20250910_2.xml,No,null,null,null
2025-09-15,912810UM8,Bond,29-Year 11-Month,2025-09-11,2025-09-15,2055-08-15,101.583058,null,4.0013600000,null,null,44.540000,2,null,2025-09-04,Single-Price,null,null,null,null,4.585000,Yes,2025-08-15,2.380000,No,null,null,No,01:00 PM,12:00 PM,21956149000,3,52238198000,Yes,912803HN6,null,33484000000.000000,2025-08-15,6150500000,8410500000,41000000000,Yes,0,0,Normal,2026-02-15,No,null,null,null,null,101.583058,null,4.6510,null,13619698000,15489698000,Semi-Annual,4.750000,null,null,null,null,2.880000,2025-09-15,7700000000,10000000,7700000000,100,100,100,100,100,8800000000,7700000000,43851200,Yes,22000000000,null,2025-08-15,2025-08-15,30-Year,A_20250904_4.pdf,R_20250911_3.pdf,NCR_20250911_3.pdf,2185951000,28338000000,null,null,Yes,11-Month,29-Year,Bonds of August 2055,0,0,No,0,null,23.7500,Yes,null,22000000200,52282049200,15414200,Yes,null,null,A_20250904_4.xml,R_20250911_3.xml,No,null,null,null
2025-09-30,912810UN6,Bond,19-Year 11-Month,2025-09-16,2025-09-30,2045-08-15,103.374975,null,6.0937500000,null,null,14.960000,2,null,2025-09-11,Single-Price,null,null,null,null,4.564000,Yes,2025-08-15,2.740000,No,null,null,No,01:00 PM,12:00 PM,12891939200,3,35576344000,Yes,912803HP1,null,17929000000.000000,2025-08-15,3592431200,5281000000,121651000000,Yes,0,0,Normal,2026-02-15,No,null,null,null,null,103.374975,null,4.6130,null,8323068000,11112344000,Semi-Annual,4.875000,null,null,null,null,2.880000,2025-09-30,4550000000,10000000,4550000000,100,100,100,100,100,5600000000,4550000000,108094900,Yes,13000000000,null,2025-08-15,2025-09-02,20-Year,A_20250911_5.pdf,R_20250916_2.pdf,NCR_20250916_2.pdf,976440000,19183000000,null,null,Yes,11-Month,19-Year,Bonds of August 2045,717838900,16872000000,No,717838900,null,24.3750,Yes,null,13717873000,36402277800,54474900,Yes,null,null,A_20250911_5.xml,R_20250916_2.xml,No,null,null,null
2025-09-30,91282CNS6,Note,9-Year 10-Month,2025-09-18,2025-09-30,2035-07-15,101.872346,null,null,3.9468500000,101.8723460000,56.210000,2,null,2025-09-11,Single-Price,null,null,null,null,1.648000,Yes,2025-07-15,2.200000,No,null,null,No,01:00 PM,12:00 PM,18956812500,3,41690550000,Yes,912821SL0,1982-1984=100,22430000000.000000,2025-07-15,4952000000,6452000000,121651000000,Yes,0,0,Normal,2026-01-15,No,null,null,null,null,101.872346,null,1.7340,1.006020,10631707500,11358550000,Semi-Annual,1.875000,null,null,null,null,1.600000,2025-09-30,6650000000,10000000,6650000000,100,100,100,100,100,7400000000,6650000000,43188100,Yes,19000000000,null,2025-07-15,2025-07-31,10-Year,A_20250911_3.pdf,R_20250918_3.pdf,NCR_20250918_3.pdf,3373105000,23880000000,321.097580,323.031770,Yes,10-Month,9-Year,D-2035,1049149200,16872000000,No,1049149200,null,null,Yes,2.9196732030,20049149800,42782887300,13617100,Yes,3.923230,101.262744,A_20250911_3.xml,R_20250918_3.xml,Yes,null,null,null
2025-09-30,91282CPB1,Note,2-Year,2025-09-23,2025-09-30,2027-09-30,99.864119,null,null,null,null,85.190000,2,null,2025-09-18,Single-Price,null,null,null,null,3.520000,No,null,2.510000,No,null,null,No,01:00 PM,12:00 PM,68681817300,3,173060255000,Yes,912821SW6,null,null,2025-09-30,21131182300,28009000000,121651000000,Yes,5000000,5000000,Normal,2026-03-31,No,null,null,null,null,99.864119,null,3.5710,null,39661255000,52834255000,Semi-Annual,3.500000,null,null,null,null,3.400000,2025-09-30,24150000000,10000000,24150000000,100,100,100,100,100,0,24150000000,313227000,Yes,69000000000,null,null,null,2-Year,A_20250918_4.pdf,R_20250923_2.pdf,NCR_20250923_2.pdf,7889380000,92217000000,null,null,No,0-Month,2-Year,BH-2027,3810068500,16872000000,No,3810068500,null,17.5000,Yes,null,72810112800,177188550500,129647000,Yes,null,null,A_20250918_4.xml,R_20250923_2.xml,No,null,null,null
2025-09-26,91282CNQ0,Note,1-Year 10-Month,2025-09-24,2025-09-26,2027-07-31,99.923887,0.6759410640,null,null,null,44.420000,2,null,2025-09-18,Single-Price,null,null,null,0.190000,null,Yes,2025-07-31,3.150000,No,null,null,No,11:30 AM,11:00 AM,27969350000,3,88242000000,Yes,null,null,60043000000.000000,2025-07-31,250000000,1750000000,0,Yes,0,0,Normal,2025-10-31,Yes,2025-09-22,3.860000,null,null,99.923887,0.200000,null,null,19643465000,25502000000,Quarterly,null,null,null,null,0.150000,null,2025-09-26,9800000000,10000000,9800000000,100,null,100,100,100,20300000000,9800000000,30743600,Yes,28000000000,null,2025-07-31,2025-07-31,2-Year,A_20250918_3.pdf,R_20250924_1.pdf,NCR_20250924_1.pdf,8075885000,60990000000,null,null,Yes,10-Month,1-Year,BF-2027,0,0,No,0,0.1590,null,No,null,28000093600,88272743600,2930600,Yes,null,null,A_20250918_3.xml,R_20250924_1.xml,No,null,null,null
2025-09-30,91282CPA3,Note,5-Year,2025-09-24,2025-09-30,2030-09-30,99.615328,null,null,null,null,41.920000,2,null,2025-09-18,Single-Price,null,null,null,null,3.654000,No,null,2.340000,No,null,null,No,01:00 PM,12:00 PM,69898797200,3,164000354000,Yes,912821SX4,null,null,2025-09-30,20016676800,26120000000,121651000000,Yes,5000000,5000000,Normal,2026-03-31,No,null,null,null,null,99.615328,null,3.7100,null,41534274000,48035354000,Semi-Annual,3.625000,null,null,null,null,3.600000,2025-09-30,24500000000,10000000,24500000000,100,100,100,100,100,0,24500000000,96206000,Yes,70000000000,null,null,null,5-Year,A_20250918_5.pdf,R_20250924_3.pdf,NCR_20250924_3.pdf,8347846400,89845000000,null,null,No,0-Month,5-Year,AD-2030,3865286900,16872000000,No,3865286900,null,18.1250,Yes,null,73865290100,167966846900,33088000,Yes,null,null,A_20250918_5.xml,R_20250924_3.xml,No,null,null,null
2025-09-30,91282CNZ0,Note,7-Year,2025-09-25,2025-09-30,2032-09-30,99.527074,null,null,null,null,64.630000,2,null,2025-09-18,Single-Price,null,null,null,null,3.895000,No,null,2.400000,No,null,null,No,01:00 PM,12:00 PM,43943699400,3,105335796000,Yes,912821SY2,null,null,2025-09-30,13877103400,17828200000,121651000000,Yes,0,0,Normal,2026-03-31,No,null,null,null,null,99.527074,null,3.9530,null,24791596000,29209596000,Semi-Annual,3.875000,null,null,null,null,3.800000,2025-09-30,15400000000,10000000,15400000000,100,100,100,100,100,0,15400000000,56306300,Yes,44000000000,null,null,null,7-Year,A_20250918_1.pdf,R_20250925_3.pdf,NCR_20250925_3.pdf,5275000000,58298000000,null,null,No,0-Month,7-Year,Q-2032,2429608900,16872000000,No,2429608900,null,19.3750,Yes,null,46429614600,107821711200,16707300,Yes,null,null,A_20250918_1.xml,R_20250925_3.xml,No,912834ZD3,null,null
2025-10-15,91282CPC9,Note,3-Year,2025-10-07,2025-10-15,2028-10-15,99.785614,null,null,null,null,60.650000,2,null,2025-10-02,Single-Price,null,null,null,null,3.534000,No,null,2.660000,No,null,null,No,01:00 PM,12:00 PM,57841524400,3,154281860000,Yes,912821SZ9,null,null,2025-10-15,15372614400,22778000000,79509000000,Yes,5000000,5000000,Normal,2026-04-15,No,null,null,null,null,99.785614,null,3.5760,null,36265910000,48526860000,Semi-Annual,3.500000,null,null,null,null,3.418000,2025-10-15,20300000000,10000000,20300000000,100,100,100,100,100,0,20300000000,153610300,Yes,58000000000,null,null,null,3-Year,A_20251002_1.pdf,R_20251007_2.pdf,NCR_20251007_2.pdf,6203000000,82977000000,null,null,No,0-Month,3-Year,AT-2028,1076671700,2871000000,No,1076671700,null,17.5000,Yes,null,59076806400,155517142000,51584400,Yes,null,null,A_20251002_1.xml,R_20251007_2.xml,No,912834ZE1,null,null
2025-10-15,91282CNT4,Note,9-Year 10-Month,2025-10-08,2025-10-15,2035-08-15,101.057226,null,7.0448400000,null,null,78.380000,2,null,2025-10-02,Single-Price,null,null,null,null,4.060000,Yes,2025-08-15,2.480000,No,null,null,No,01:00 PM,12:00 PM,38921677000,3,96557481000,Yes,912821SR7,null,95252000000.000000,2025-08-15,9381000000,13340000000,79509000000,Yes,0,0,Normal,2026-02-15,No,null,null,null,null,101.057226,null,4.1170,null,26001456000,30898481000,Semi-Annual,4.250000,null,null,null,null,4.010000,2025-10-15,13650000000,10000000,13650000000,100,100,100,100,100,28400000000,13650000000,78344500,Yes,39000000000,null,2025-08-15,2025-08-15,10-Year,A_20251002_2.pdf,R_20251008_2.pdf,NCR_20251008_2.pdf,3539221000,52319000000,null,null,Yes,10-Month,9-Year,E-2035,723968800,2871000000,No,723968800,null,21.2500,Yes,null,39723990300,97359794300,31312500,Yes,null,null,A_20251002_2.xml,R_20251008_2.xml,No,null,null,null
2025-10-15,912810UM8,Bond,29-Year 10-Month,2025-10-09,2025-10-15,2055-08-15,100.242034,null,7.8736400000,null,null,17.370000,2,null,2025-10-02,Single-Price,null,null,null,null,4.670000,Yes,2025-08-15,2.380000,No,null,null,No,01:00 PM,12:00 PM,21956457500,3,52369953000,Yes,912803HN6,null,55481000000.000000,2025-08-15,5898400000,8085400000,79509000000,Yes,0,0,Normal,2026-02-15,No,null,null,null,null,100.242034,null,4.7340,null,14156320500,16416553000,Semi-Annual,4.750000,null,null,null,null,3.880000,2025-10-15,7700000000,10000000,7700000000,100,100,100,100,100,16500000000,7700000000,43558500,Yes,22000000000,null,2025-08-15,2025-08-15,30-Year,A_20251002_4.pdf,R_20251009_3.pdf,NCR_20251009_3.pdf,1901737000,27868000000,null,null,Yes,10-Month,29-Year,Bonds of August 2055,408392700,2871000000,No,408392700,null,23.7500,Yes,null,22408408700,52821904200,20642500,Yes,null,null,A_20251002_4.xml,R_20251009_3.xml,No,null,null,null
2025-10-31,912810UN6,Bond,19-Year 10-Month,2025-10-22,2025-10-31,2045-08-15,104.785763,null,10.2004100000,null,null,56.070000,2,null,2025-10-16,Single-Price,null,null,null,null,4.464000,Yes,2025-08-15,2.730000,No,null,null,No,01:00 PM,12:00 PM,12934036100,3,35477274000,Yes,912803HP1,null,31630000000.000000,2025-08-15,3405962100,5082000000,193659000000,Yes,0,0,Normal,2026-02-15,No,null,null,null,null,104.785763,null,4.5060,null,8230074000,11691274000,Semi-Annual,4.875000,null,null,null,null,3.880000,2025-10-31,4550000000,10000000,4550000000,100,100,100,100,100,10200000000,4550000000,65975000,Yes,13000000000,null,2025-08-15,2025-09-02,20-Year,A_20251016_5.pdf,R_20251022_2.pdf,NCR_20251022_2.pdf,1298000000,18704000000,null,null,Yes,10-Month,19-Year,Bonds of August 2045,746486500,18808000000,No,746486500,null,24.3750,Yes,null,13746497600,36289735500,28764000,Yes,null,null,A_20251016_5.xml,R_20251022_2.xml,No,null,null,null
2025-10-31,91282CPH8,Note,5-Year,2025-10-23,2025-10-31,2030-10-15,99.873728,null,null,0.4952400000,99.8737280000,53.510000,2,null,2025-10-16,Single-Price,null,null,null,null,1.122000,Yes,2025-10-15,2.510000,No,null,null,No,01:00 PM,12:00 PM,25857015600,3,65003996000,Yes,912821TA3,1982-1984=100,null,2025-10-15,6306755000,8932000000,193659000000,Yes,0,0,Normal,2026-04-15,No,null,null,null,null,99.873728,null,1.1820,1.001480,16064949100,23403996000,Semi-Annual,1.125000,null,null,null,null,1.050000,2025-10-31,9100000000,10000000,9100000000,100,100,100,100,100,0,9100000000,142992700,Yes,26000000000,null,null,null,5-Year,A_20251016_1.pdf,R_20251023_3.pdf,NCR_20251023_3.pdf,3485311500,32668000000,323.467100,323.946060,No,0-Month,5-Year,AE-2030,1492973100,18808000000,No,1492973100,null,null,Yes,1.7389712900,27492981400,66639961800,32938700,Yes,0.494510,99.726133,A_20251016_1.xml,R_20251023_3.xml,Yes,null,null,SPL_20251023_2.pdf
2025-10-31,91282CPD7,Note,5-Year,2025-10-27,2025-10-31,2030-10-31,100.0,null,null,null,null,40.300000,2,null,2025-10-23,Single-Price,null,null,null,null,3.575000,No,null,2.380000,No,null,null,No,01:00 PM,12:00 PM,69902036000,3,166511617000,Yes,912821TC9,null,null,2025-10-31,16701250000,23166000000,193659000000,Yes,7900000,7900000,Normal,2026-04-30,No,null,null,null,null,100.0,null,3.6250,null,46720036000,54010617000,Semi-Annual,3.625000,null,null,null,null,3.520000,2025-10-31,24500000000,10000000,24500000000,100,100,100,100,100,0,24500000000,90171500,Yes,70000000000,null,null,null,5-Year,A_20251023_5.pdf,R_20251027_4.pdf,NCR_20251027_4.pdf,6480750000,89335000000,null,null,No,0-Month,5-Year,AF-2030,4019543200,18808000000,No,4019543200,null,18.1250,Yes,null,74019650700,170629231700,26172500,Yes,null,null,A_20251023_5.xml,R_20251027_4.xml,No,null,null,SPL_20251023_1.pdf
2025-10-31,91282CPE5,Note,2-Year,2025-10-27,2025-10-31,2027-10-31,99.992338,null,null,null,null,22.260000,2,null,2025-10-23,Single-Price,null,null,null,null,3.453000,No,null,2.590000,No,null,null,No,11:30 AM,11:00 AM,68473624000,3,178176194000,Yes,912821TB1,null,null,2025-10-31,23809000000,31681000000,193659000000,Yes,205000000,205000000,Normal,2026-04-30,No,null,null,null,null,99.992338,null,3.5040,null,36736364000,50626194000,Semi-Annual,3.500000,null,null,null,null,3.400000,2025-10-31,24150000000,10000000,24150000000,100,100,100,100,100,0,24150000000,321391600,Yes,69000000000,null,null,null,2-Year,A_20251023_2.pdf,R_20251027_1.pdf,NCR_20251027_2.pdf,7928260000,95869000000,null,null,No,0-Month,2-Year,BJ-2027,3962121200,18808000000,No,3962121200,null,17.5000,Yes,null,72962136800,182664706800,147691100,Yes,null,null,A_20251023_2.xml,R_20251027_1.xml,No,null,null,SPL_20251023_1.pdf
2025-10-31,91282CPF2,Note,7-Year,2025-10-28,2025-10-31,2032-10-31,99.756076,null,null,null,null,71.900000,2,null,2025-10-23,Single-Price,null,null,null,null,3.735000,No,null,2.460000,No,null,null,No,01:00 PM,12:00 PM,43954857700,3,108060857000,Yes,912821TD7,null,null,2025-10-31,12239397000,17324100000,193659000000,Yes,0,0,Normal,2026-04-30,No,null,null,null,null,99.756076,null,3.7900,null,25937729700,30671757000,Semi-Annual,3.750000,null,null,null,null,3.630000,2025-10-31,15400000000,10000000,15400000000,100,100,100,100,100,0,15400000000,45181300,Yes,44000000000,null,null,null,7-Year,A_20251023_7.pdf,R_20251028_3.pdf,NCR_20251028_3.pdf,5777731000,60065000000,null,null,No,0-Month,7-Year,R-2032,2526570100,18808000000,No,2526570100,null,18.7500,Yes,null,46526609100,110632608400,16236300,Yes,null,null,A_20251023_7.xml,R_20251028_3.xml,No,912834ZF8,null,null
2025-10-31,91282CPG0,Note,2-Year,2025-10-29,2025-10-31,2027-10-31,100.0,null,null,null,null,21.800000,2,null,2025-10-23,Single-Price,null,null,null,0.180000,null,No,null,3.630000,No,null,null,No,11:30 AM,11:00 AM,29989880000,3,108837100000,Yes,null,null,null,2025-10-31,450000000,1700000000,193659000000,Yes,0,0,Normal,2026-01-31,Yes,2025-10-27,3.730000,null,null,100.0,0.190000,null,null,19085380000,38392100000,Quarterly,null,null,null,null,0.100000,null,2025-10-31,10500000000,10000000,10500000000,100,null,100,100,100,0,10500000000,10163300,Yes,30000000000,null,null,null,2-Year,A_20251023_4.pdf,R_20251029_1.pdf,NCR_20251029_1.pdf,10454500000,68745000000,null,null,No,0-Month,2-Year,BK-2027,1722661400,18808000000,No,1722661400,0.1900,null,No,null,31722704700,110569924700,4691300,Yes,null,null,A_20251023_4.xml,R_20251029_1.xml,No,null,null,null
2025-11-17,91282CPK1,Note,3-Year,2025-11-10,2025-11-17,2028-11-15,99.777212,null,0.1933700000,null,null,86.430000,2,null,2025-11-05,Single-Price,null,null,null,null,3.540000,Yes,2025-11-15,2.850000,No,null,null,No,01:00 PM,12:00 PM,57743491600,3,165015820000,Yes,912821TE5,null,null,2025-11-15,15775500000,23870000000,98239000000,Yes,100000000,100000000,Normal,2026-05-15,No,null,null,null,null,99.777212,null,3.5790,null,36356991600,49962820000,Semi-Annual,3.500000,null,null,null,null,3.480000,2025-11-15,20300000000,10000000,20300000000,100,100,100,100,100,0,20300000000,156624000,Yes,58000000000,null,null,null,3-Year,A_20251105_2.pdf,R_20251110_4.pdf,NCR_20251110_4.pdf,5611000000,91183000000,null,null,No,0-Month,3-Year,AU-2028,9033593800,21774000000,No,9033593800,null,17.5000,Yes,null,67033709400,174306037800,67284900,Yes,null,null,A_20251105_2.xml,R_20251110_4.xml,No,null,null,"SPL_20251105_1.pdf, SPL_20251106_1.pdf"
2025-11-17,91282CPJ4,Note,10-Year,2025-11-12,2025-11-17,2035-11-15,99.396983,null,0.2209900000,null,null,97.520000,2,null,2025-11-05,Single-Price,null,null,null,null,4.028000,Yes,2025-11-15,2.430000,No,null,null,No,01:00 PM,12:00 PM,41857012200,3,102025085000,Yes,912821TF2,null,null,2025-11-15,9439000000,13485000000,98239000000,Yes,0,0,Normal,2026-05-15,No,null,null,null,null,99.396983,null,4.0740,null,28043344200,32273085000,Semi-Annual,4.000000,null,null,null,null,3.960000,2025-11-15,14700000000,10000000,14700000000,100,100,100,100,100,0,14700000000,143047000,Yes,42000000000,null,null,null,10-Year,A_20251105_3.pdf,R_20251112_2.pdf,NCR_20251112_2.pdf,4374668000,56267000000,null,null,No,0-Month,10-Year,F-2035,6541567900,21774000000,No,6541567900,null,20.0000,Yes,null,48541627100,108709699900,55917000,Yes,null,null,A_20251105_3.xml,R_20251112_2.xml,No,null,null,null
2025-11-17,912810UP1,Bond,30-Year,2025-11-13,2025-11-17,2055-11-15,98.894977,null,0.2555200000,null,null,23.040000,2,null,2025-11-05,Single-Price,null,null,null,null,4.630000,Yes,2025-11-15,2.290000,No,null,null,No,01:00 PM,12:00 PM,24946422000,3,57316798000,Yes,912803HQ9,null,null,2025-11-15,3617560000,5952800000,98239000000,Yes,0,0,Normal,2026-05-15,No,null,null,null,null,98.894977,null,4.6940,null,17709038000,19572998000,Semi-Annual,4.625000,null,null,null,null,4.570000,2025-11-15,8750000000,10000000,8750000000,100,100,100,100,100,0,8750000000,53588500,Yes,25000000000,null,null,null,30-Year,A_20251105_1.pdf,R_20251113_3.pdf,NCR_20251113_3.pdf,3619824000,31791000000,null,null,No,0-Month,30-Year,Bonds of November 2055,3893790400,21774000000,No,3893790400,null,23.1250,Yes,null,28893800900,61264176900,20676500,Yes,null,null,A_20251105_1.xml,R_20251113_3.xml,No,912834ZG6,null,null
2025-12-01,912810UQ9,Bond,20-Year,2025-11-19,2025-12-01,2045-11-15,98.954789,null,2.0442000000,null,null,62.390000,2,null,2025-11-13,Single-Price,null,null,null,null,4.650000,Yes,2025-11-15,2.410000,No,null,null,No,01:00 PM,12:00 PM,15901105500,3,38397118000,Yes,912803HR7,null,null,2025-11-15,4634500000,6224500000,115105000000,Yes,0,0,Normal,2026-05-15,No,null,null,null,null,98.954789,null,4.7060,null,9456618000,11466618000,Semi-Annual,4.625000,null,null,null,null,2.880000,2025-11-30,5600000000,10000000,5600000000,100,100,100,100,100,0,5600000000,98896700,Yes,16000000000,null,null,null,20-Year,A_20251113_3.pdf,R_20251119_2.pdf,NCR_20251119_2.pdf,1809987500,20706000000,null,null,No,0-Month,20-Year,Bonds of November 2045,1829631800,25451000000,No,1829631800,null,23.1250,Yes,null,17829634000,40325646500,40230700,Yes,null,null,A_20251113_3.xml,R_20251119_2.xml,No,null,null,null
2025-11-28,91282CNS6,Note,9-Year 8-Month,2025-11-20,2025-11-28,2035-07-15,101.409692,null,null,7.0074400000,101.4096920000,93.460000,2,null,2025-11-13,Single-Price,null,null,null,null,1.765000,Yes,2025-07-15,2.410000,No,null,null,No,01:00 PM,12:00 PM,18964646000,3,45790996000,Yes,912821SL0,1982-1984=100,42479000000.000000,2025-07-15,4500000000,6032000000,0,Yes,0,0,Normal,2026-01-15,No,null,null,null,null,101.409692,null,1.8430,1.011270,11660916000,14871996000,Semi-Annual,1.875000,null,null,null,null,1.710000,2025-11-28,6650000000,10000000,6650000000,100,100,100,100,100,14000000000,6650000000,35357700,Yes,19000000000,null,2025-07-15,2025-07-31,10-Year,A_20251113_2.pdf,R_20251120_3.pdf,NCR_20251120_3.pdf,2803730000,24887000000,321.097580,324.717600,Yes,8-Month,9-Year,D-2035,0,0,No,0,null,null,Yes,2.9196732030,19000003700,45826353700,11336700,Yes,6.929350,100.279542,A_20251113_2.xml,R_20251120_3.xml,Yes,null,null,null
2025-12-01,91282CPL9,Note,2-Year,2025-11-24,2025-12-01,2027-11-30,99.781736,null,0.0927200000,null,null,27.700000,2,null,2025-11-20,Single-Price,null,null,null,null,3.434000,Yes,2025-11-30,2.680000,No,null,null,No,01:00 PM,12:00 PM,68711131300,3,184922656000,Yes,912821TG0,null,null,2025-11-30,21123896800,28289000000,115105000000,Yes,5000000,5000000,Normal,2026-05-31,No,null,null,null,null,99.781736,null,3.4890,null,39903234500,56817656000,Semi-Annual,3.375000,null,null,null,null,3.380000,2025-11-30,24150000000,10000000,24150000000,100,100,100,100,100,0,24150000000,284004200,Yes,69000000000,null,null,null,2-Year,A_20251120_2.pdf,R_20251124_3.pdf,NCR_20251124_3.pdf,7684000000,99816000000,null,null,No,0-Month,2-Year,BL-2027,7890287400,25451000000,No,7890287400,null,16.8750,Yes,null,76890422900,193101947600,155307100,Yes,null,null,A_20251120_2.xml,R_20251124_3.xml,No,null,null,SPL_20251120_3.pdf
2025-11-28,91282CPG0,Note,1-Year 11-Month,2025-11-25,2025-11-28,2027-10-31,100.038871,0.3121663640,null,null,null,96.560000,2,null,2025-11-20,Single-Price,null,null,null,0.155000,null,Yes,2025-10-31,3.030000,No,null,null,No,01:00 PM,12:00 PM,27980440000,3,84937500000,Yes,null,null,31722000000.000000,2025-10-31,200000000,1700000000,0,Yes,0,0,Normal,2026-01-31,Yes,2025-11-17,3.795000,null,null,100.038871,0.168000,null,null,18337640000,21492500000,Quarterly,null,null,null,null,0.105000,null,2025-11-28,9800000000,10000000,9800000000,100,null,100,100,100,10500000000,9800000000,19577700,Yes,28000000000,null,2025-10-31,2025-10-31,2-Year,A_20251120_5.pdf,R_20251125_3.pdf,NCR_20251125_4.pdf,9442800000,61745000000,null,null,Yes,11-Month,1-Year,BK-2027,0,0,No,0,0.1900,null,No,null,28000017700,84957077700,12909000,Yes,null,null,A_20251120_5.xml,R_20251125_3.xml,No,null,null,SPL_20251120_1.pdf
2025-12-01,91282CPN5,Note,5-Year,2025-11-25,2025-12-01,2030-11-30,99.718295,null,0.0961500000,null,null,9.220000,2,null,2025-11-20,Single-Price,null,null,null,null,3.515000,Yes,2025-11-30,2.410000,No,null,null,No,01:00 PM,12:00 PM,69800167000,3,168769022000,Yes,912821TH8,null,null,2025-11-30,19272500000,26234000000,115105000000,Yes,105000000,105000000,Normal,2026-05-31,No,null,null,null,null,99.718295,null,3.5620,null,42822922000,52686022000,Semi-Annual,3.500000,null,null,null,null,3.460000,2025-11-30,24500000000,10000000,24500000000,100,100,100,100,100,0,24500000000,94877200,Yes,70000000000,null,null,null,5-Year,A_20251120_8.pdf,R_20251125_4.pdf,NCR_20251125_3.pdf,7704745000,89849000000,null,null,No,0-Month,5-Year,AG-2030,8004639400,25451000000,No,8004639400,null,17.5000,Yes,null,78004683600,176973538600,28754200,Yes,null,null,A_20251120_8.xml,R_20251125_4.xml,No,null,null,SPL_20251120_1.pdf
2025-12-01,91282CPM7,Note,7-Year,2025-11-26,2025-12-01,2032-11-30,99.810773,null,0.1030200000,null,null,19.480000,2,null,2025-11-20,Single-Price,null,null,null,null,3.715000,Yes,2025-11-30,2.460000,No,null,null,No,11:30 AM,11:00 AM,43940026900,3,108114572000,Yes,912821TJ4,null,null,2025-11-30,13302179000,18297300000,115105000000,Yes,0,0,Normal,2026-05-31,No,null,null,null,null,99.810773,null,3.7810,null,24893367900,28968272000,Semi-Annual,3.750000,null,null,null,null,2.880000,2025-11-30,15400000000,10000000,15400000000,100,100,100,100,100,0,15400000000,60006900,Yes,44000000000,null,null,null,7-Year,A_20251120_6.pdf,R_20251126_3.pdf,NCR_20251126_4.pdf,5744480000,60849000000,null,null,No,0-Month,7-Year,S-2032,5031487500,25451000000,No,5031487500,null,18.7500,Yes,null,49031521300,113206066400,23566900,Yes,null,null,A_20251120_6.xml,R_20251126_3.xml,No,912834ZH4,null,SPL_20251120_2.pdf
2025-12-15,91282CPP0,Note,3-Year,2025-12-08,2025-12-15,2028-12-15,99.678628,null,null,null,null,89.650000,2,null,2025-12-04,Single-Price,null,null,null,null,3.570000,No,null,2.640000,No,null,null,No,01:00 PM,12:00 PM,57719315000,3,152872480000,Yes,912821TK1,null,null,2025-12-15,10967232500,17572000000,39999000000,Yes,105000000,105000000,Normal,2026-06-15,No,null,null,null,null,99.678628,null,3.6140,null,41540607500,52377480000,Semi-Annual,3.500000,null,null,null,null,1.888000,2025-12-15,20300000000,10000000,20300000000,100,100,100,100,100,0,20300000000,175752800,Yes,58000000000,null,null,null,3-Year,A_20251204_4.pdf,R_20251208_3.pdf,NCR_20251208_3.pdf,5211475000,82923000000,null,null,No,0-Month,3-Year,AV-2028,0,0,No,0,null,17.5000,Yes,null,58000067800,153153232800,78645300,Yes,null,null,A_20251204_4.xml,R_20251208_3.xml,No,912834ZJ0,null,null
2025-12-15,91282CPJ4,Note,9-Year 11-Month,2025-12-09,2025-12-15,2035-11-15,98.585013,null,3.3149200000,null,null,70.500000,2,null,2025-12-04,Single-Price,null,null,null,null,4.120000,Yes,2025-11-15,2.550000,No,null,null,No,01:00 PM,12:00 PM,38904926000,3,99355816000,Yes,912821TF2,null,48541000000.000000,2025-11-15,8153500000,12729000000,39999000000,Yes,0,0,Normal,2026-05-15,No,null,null,null,null,98.585013,null,4.1750,null,27325201000,31770316000,Semi-Annual,4.000000,null,null,null,null,4.070000,2025-12-15,13650000000,10000000,13650000000,100,100,100,100,100,14700000000,13650000000,95122600,Yes,39000000000,null,2025-11-15,2025-11-17,10-Year,A_20251204_3.pdf,R_20251209_2.pdf,NCR_20251209_2.pdf,3426225000,54856500000,null,null,Yes,11-Month,9-Year,F-2035,0,0,No,0,null,20.0000,Yes,null,39000048600,99450938600,34189600,Yes,null,null,A_20251204_3.xml,R_20251209_2.xml,No,null,null,null
2025-12-15,912810UP1,Bond,29-Year 11-Month,2025-12-11,2025-12-15,2055-11-15,97.647861,null,3.8328700000,null,null,97.760000,2,null,2025-12-04,Single-Price,null,null,null,null,4.720000,Yes,2025-11-15,2.360000,No,null,null,No,01:00 PM,12:00 PM,21946790000,3,51974158000,Yes,912803HQ9,null,28885000000.000000,2025-11-15,5148080000,7640200000,39999000000,Yes,0,0,Normal,2026-05-15,No,null,null,null,null,97.647861,null,4.7730,null,14349158000,16314958000,Semi-Annual,4.625000,null,null,null,null,3.880000,2025-12-15,7700000000,10000000,7700000000,100,100,100,100,100,8800000000,7700000000,53215100,Yes,22000000000,null,2025-11-15,2025-11-17,30-Year,A_20251204_2.pdf,R_20251211_3.pdf,NCR_20251211_3.pdf,2449552000,28019000000,null,null,Yes,11-Month,29-Year,Bonds of November 2055,0,0,No,0,null,23.1250,Yes,null,22000005100,52027373100,17212100,Yes,null,null,A_20251204_2.xml,R_20251211_3.xml,No,null,null,null
2025-12-31,912810UQ9,Bond,19-Year 11-Month,2025-12-17,2025-12-31,2045-11-15,97.789241,null,5.8770700000,null,null,3.160000,2,null,2025-12-11,Single-Price,null,null,null,null,4.746000,Yes,2025-11-15,2.670000,No,null,null,No,01:00 PM,12:00 PM,12942131100,3,34621460000,Yes,912803HR7,null,17829000000.000000,2025-11-15,2878091100,4543000000,131690000000,Yes,0,0,Normal,2026-05-15,No,null,null,null,null,97.789241,null,4.7980,null,8437250000,10932460000,Semi-Annual,4.625000,null,null,null,null,3.880000,2025-12-31,4550000000,10000000,4550000000,100,100,100,100,100,5600000000,4550000000,57895000,Yes,13000000000,null,2025-11-15,2025-12-01,20-Year,A_20251211_2.pdf,R_20251217_2.pdf,NCR_20251217_2.pdf,1626790000,19146000000,null,null,Yes,11-Month,19-Year,Bonds of November 2045,1385475400,23447000000,No,1385475400,null,23.1250,Yes,null,14385501500,36064830400,24764000,Yes,null,null,A_20251211_2.xml,R_20251217_2.xml,No,null,null,null
2025-12-31,91282CPH8,Note,4-Year 10-Month,2025-12-18,2025-12-31,2030-10-15,99.22214,null,null,2.3953500000,99.2221400000,95.960000,2,null,2025-12-11,Single-Price,null,null,null,null,1.379000,Yes,2025-10-15,2.620000,No,null,null,No,01:00 PM,12:00 PM,23934930000,3,62821200000,Yes,912821TA3,1982-1984=100,27482000000.000000,2025-10-15,5252750000,8314000000,131690000000,Yes,0,0,Normal,2026-04-15,No,null,null,null,null,99.22214,null,1.4330,1.006530,17383190000,25608200000,Semi-Annual,1.125000,null,null,null,null,1.325000,2025-12-31,8400000000,10000000,8400000000,100,100,100,100,100,9100000000,8400000000,65071700,Yes,24000000000,null,2025-10-15,2025-10-31,5-Year,A_20251211_1.pdf,R_20251218_3.pdf,NCR_20251218_3.pdf,1298990000,28899000000,323.467100,325.578060,Yes,10-Month,4-Year,AE-2030,2557800700,23447000000,No,2557800700,null,null,Yes,1.7389712900,26557802400,65444072400,13873700,Yes,2.379810,98.578423,A_20251211_1.xml,R_20251218_3.xml,Yes,null,null,null
2025-12-31,91282CPS4,Note,2-Year,2025-12-22,2025-12-31,2027-12-31,99.762479,null,null,null,null,6.200000,2,null,2025-12-18,Single-Price,null,null,null,null,3.445000,No,null,2.540000,No,null,null,No,01:00 PM,12:00 PM,68696877000,3,175175977000,Yes,912821TL9,null,null,2025-12-31,23393000000,29763000000,131690000000,Yes,5000000,5000000,Normal,2026-06-30,No,null,null,null,null,99.762479,null,3.4990,null,36552477000,51467977000,Semi-Annual,3.375000,null,null,null,null,3.380000,2025-12-31,24150000000,10000000,24150000000,100,100,100,100,100,0,24150000000,298192900,Yes,69000000000,null,null,null,2-Year,A_20251218_2.pdf,R_20251222_3.pdf,NCR_20251222_3.pdf,8751400000,93945000000,null,null,No,0-Month,2-Year,BM-2027,7353677200,23447000000,No,7353677200,null,16.8750,Yes,null,76353747100,182832847100,131454400,Yes,null,null,A_20251218_2.xml,R_20251222_3.xml,No,null,null,SPL_20251218_3.pdf
2025-12-26,91282CPG0,Note,1-Year 10-Month,2025-12-23,2025-12-26,2027-10-31,100.089539,0.6136302350,null,null,null,13.580000,2,null,2025-12-18,Single-Price,null,null,null,0.124000,null,Yes,2025-10-31,3.750000,No,null,null,No,01:00 PM,12:00 PM,27987110000,3,105090000000,Yes,null,null,59722000000.000000,2025-10-31,200000000,1400000000,0,Yes,0,0,Normal,2026-01-31,Yes,2025-12-15,3.560000,null,null,100.089539,0.139000,null,null,19381740000,29415000000,Quarterly,null,null,null,null,0.090000,null,2025-12-26,9800000000,10000000,9800000000,100,null,100,100,100,20300000000,9800000000,12894500,Yes,28000000000,null,2025-10-31,2025-10-31,2-Year,A_20251218_6.pdf,R_20251223_4.pdf,NCR_20251223_3.pdf,8405370000,74275000000,null,null,Yes,10-Month,1-Year,BK-2027,0,0,No,0,0.1900,null,No,null,28000004500,105102894500,2407500,Yes,null,null,A_20251218_6.xml,R_20251223_4.xml,No,null,null,SPL_20251218_1.pdf
2025-12-31,91282CPR6,Note,5-Year,2025-12-23,2025-12-31,2030-12-31,99.448418,null,null,null,null,68.450000,2,null,2025-12-18,Single-Price,null,null,null,null,3.692000,No,null,2.350000,No,null,null,No,01:00 PM,12:00 PM,69883070500,3,164324468000,Yes,912821TM7,null,null,2025-12-31,22119000000,27729000000,131690000000,Yes,5000000,5000000,Normal,2026-06-30,No,null,null,null,null,99.448418,null,3.7470,null,41588608000,47887468000,Semi-Annual,3.625000,null,null,null,null,3.600000,2025-12-31,24500000000,10000000,24500000000,100,100,100,100,100,0,24500000000,111970200,Yes,70000000000,null,null,null,5-Year,A_20251218_8.pdf,R_20251223_3.pdf,NCR_20251223_4.pdf,6175462500,88708000000,null,null,No,0-Month,5-Year,AH-2030,7460252300,23447000000,No,7460252300,null,18.1250,Yes,null,77460293000,171901690500,39782200,Yes,null,null,A_20251218_8.xml,R_20251223_3.xml,No,null,null,"SPL_20251218_1.pdf, SPL_20251218_4.pdf"
2025-12-31,91282CPQ8,Note,7-Year,2025-12-24,2025-12-31,2032-12-31,99.666257,null,null,null,null,30.730000,2,null,2025-12-18,Single-Price,null,null,null,null,3.881000,No,null,2.510000,No,null,null,No,11:30 AM,11:00 AM,43910962700,3,110323408000,Yes,912821TN5,null,null,2025-12-31,13886300000,19241300000,131690000000,Yes,0,0,Normal,2026-06-30,No,null,null,null,null,99.666257,null,3.9300,null,25925060200,33306108000,Semi-Annual,3.875000,null,null,null,null,3.780000,2025-12-31,15400000000,10000000,15400000000,100,100,100,100,100,0,15400000000,89049700,Yes,44000000000,null,null,null,7-Year,A_20251218_7.pdf,R_20251224_4.pdf,NCR_20251224_3.pdf,4099602500,57776000000,null,null,No,0-Month,7-Year,T-2032,4689301400,23447000000,No,4689301400,null,19.3750,Yes,null,48689313800,115101759100,21313700,Yes,null,null,A_20251218_7.xml,R_20251224_4.xml,No,912834ZK7,null,SPL_20251218_2.pdf
2026-01-15,91282CPJ4,Note,9-Year 10-Month,2026-01-12,2026-01-15,2035-11-15,98.607166,null,6.7403300000,null,null,93.910000,2,null,2026-01-08,Single-Price,null,null,null,null,4.125000,Yes,2025-11-15,2.550000,No,null,null,No,01:00 PM,12:00 PM,38924042800,3,99515907000,Yes,912821TF2,null,87540000000.000000,2025-11-15,9538500000,14656000000,95595000000,Yes,0,0,Normal,2026-05-15,No,null,null,null,null,98.607166,null,4.1730,null,27109470300,31874907000,Semi-Annual,4.000000,null,null,null,null,4.000000,2026-01-15,13650000000,10000000,13650000000,100,100,100,100,100,28400000000,13650000000,75966200,Yes,39000000000,null,2025-11-15,2025-11-17,10-Year,A_20260108_6.pdf,R_20260112_4.pdf,NCR_20260112_3.pdf,2276072500,52985000000,null,null,Yes,10-Month,9-Year,F-2035,11351931000,34638000000,No,11351931000,null,20.0000,Yes,null,50351940000,110943804200,29647200,Yes,null,null,A_20260108_6.xml,R_20260112_4.xml,No,null,null,SPL_20260108_1.pdf
2026-01-15,91282CPT2,Note,3-Year,2026-01-12,2026-01-15,2029-01-15,99.692698,null,null,null,null,77.540000,2,null,2026-01-08,Single-Price,null,null,null,null,3.560000,No,null,2.650000,No,null,null,No,11:30 AM,11:00 AM,57540560800,3,153252940000,Yes,912821TP0,null,null,2026-01-15,16971685800,23366000000,95595000000,Yes,255000000,255000000,Normal,2026-07-15,No,null,null,null,null,99.692698,null,3.6090,null,32510795000,42530940000,Semi-Annual,3.500000,null,null,null,null,3.500000,2026-01-15,20300000000,10000000,20300000000,100,100,100,100,100,0,20300000000,204503800,Yes,58000000000,null,null,null,3-Year,A_20260108_1.pdf,R_20260112_2.pdf,NCR_20260112_1.pdf,8058080000,87356000000,null,null,No,0-Month,3-Year,AJ-2029,16882359100,34638000000,No,16882359100,null,17.5000,Yes,null,74882423700,170594802900,79221800,Yes,null,null,A_20260108_1.xml,R_20260112_2.xml,No,912834ZL5,null,SPL_20260108_1.pdf
2026-01-15,912810UP1,Bond,29-Year 10-Month,2026-01-13,2026-01-15,2055-11-15,96.842230,null,7.7935100000,null,null,32.350000,2,null,2026-01-08,Single-Price,null,null,null,null,4.780000,Yes,2025-11-15,2.420000,No,null,null,No,01:00 PM,12:00 PM,21968003900,3,53174367900,Yes,912803HQ9,null,50874000000.000000,2025-11-15,4674100000,7184100000,95595000000,Yes,0,0,Normal,2026-05-15,No,null,null,null,null,96.842230,null,4.8250,null,14668433900,17826267900,Semi-Annual,4.625000,null,null,null,null,2.880000,2026-01-15,7700000000,10000000,7700000000,100,100,100,100,100,16500000000,7700000000,32032500,Yes,22000000000,null,2025-11-15,2025-11-17,30-Year,A_20260108_4.pdf,R_20260113_2.pdf,NCR_20260113_2.pdf,2625470000,28164000000,null,null,Yes,10-Month,29-Year,Bonds of November 2055,6403653400,34638000000,No,6403653400,null,23.1250,Yes,null,28403689800,59610053800,10651500,Yes,null,null,A_20260108_4.xml,R_20260113_2.xml,No,null,null,null
2026-02-02,912810UQ9,Bond,19-Year 10-Month,2026-01-21,2026-02-02,2045-11-15,97.194489,null,10.0932300000,null,null,3.890000,2,null,2026-01-15,Single-Price,null,null,null,null,4.806000,Yes,2025-11-15,2.860000,No,null,null,No,01:00 PM,12:00 PM,12953038500,3,37162940000,Yes,912803HR7,null,32215000000.000000,2025-11-15,3766176500,6154300000,225914000000,Yes,0,0,Normal,2026-05-15,No,null,null,null,null,97.194489,null,4.8460,null,8382550800,11990640000,Semi-Annual,4.625000,null,null,null,null,2.880000,2026-01-31,4550000000,10000000,4550000000,100,100,100,100,100,10200000000,4550000000,47075000,Yes,13000000000,null,2025-11-15,2025-12-01,20-Year,A_20260115_3.pdf,R_20260121_2.pdf,NCR_20260121_2.pdf,804311200,19018000000,null,null,Yes,10-Month,19-Year,Bonds of November 2045,916076700,15926000000,No,916076700,null,23.1250,Yes,null,13916190200,38126091700,21518000,Yes,null,null,A_20260115_3.xml,R_20260121_2.xml,No,null,null,null
2026-01-30,91282CPU9,Note,10-Year,2026-01-22,2026-01-30,2036-01-15,99.193557,null,null,0.7752100000,99.1935570000,28.670000,2,null,2026-01-15,Single-Price,null,null,null,null,1.880000,Yes,2026-01-15,2.380000,No,null,null,No,01:00 PM,12:00 PM,20866952500,3,49765535000,Yes,912821TQ8,1982-1984=100,null,2026-01-15,4251000000,5586000000,0,Yes,0,0,Normal,2026-07-15,No,null,null,null,null,99.193557,null,1.9400,0.997790,14068612500,17339535000,Semi-Annual,1.875000,null,null,null,null,1.800000,2026-01-30,7350000000,10000000,7350000000,100,100,100,100,100,0,7350000000,133060800,Yes,21000000000,null,null,null,10-Year,A_20260115_5.pdf,R_20260122_3.pdf,NCR_20260122_3.pdf,2547340000,26840000000,324.934710,324.217610,No,0-Month,10-Year,A-2036,0,0,No,0,null,null,Yes,2.8851949980,21000013300,49898595800,18049800,Yes,0.776930,99.413260,A_20260115_5.xml,R_20260122_3.xml,Yes,912834ZM3,null,null
2026-02-02,91282CGH8,Note,2-Year,2026-01-26,2026-02-02,2028-01-31,99.846980,null,0.1933700000,null,null,52.250000,2,91282CPV7,2026-01-22,Single-Price,null,null,null,null,3.540000,Yes,2026-01-31,2.750000,No,null,null,No,01:00 PM,12:00 PM,68645358000,3,189362333000,Yes,912821KP9,null,null,2026-01-31,19407500000,26783000000,225914000000,Yes,5000000,5000000,Normal,2026-07-31,No,null,null,null,null,99.846980,null,3.5800,null,44206733000,61273333000,Semi-Annual,3.500000,null,null,null,null,3.490000,2026-01-31,24150000000,10000000,24150000000,100,100,100,100,100,0,24150000000,349661200,Yes,69000000000,91282CPV7,2023-01-31,2023-01-31,5-Year,A_20260122_2.pdf,R_20260126_3.pdf,NCR_20260126_3.pdf,5031125000,101306000000,null,null,Yes,0-Month,2-Year,U-2028,4862253600,15926000000,No,4862253600,null,17.5000,Yes,null,73862272800,194579247800,168910200,Yes,null,null,A_20260122_2.xml,R_20260126_3.xml,No,null,null,"SPL_20260122_1.pdf, SPL_20260126_1.pdf"
2026-02-02,91282CPW5,Note,5-Year,2026-01-27,2026-02-02,2031-01-31,99.670556,null,0.2071800000,null,null,27.680000,2,null,2026-01-22,Single-Price,null,null,null,null,3.770000,Yes,2026-01-31,2.340000,No,null,null,No,01:00 PM,12:00 PM,69853052000,3,163455436000,Yes,912821TS4,null,null,2026-01-31,19887000000,23163000000,225914000000,Yes,5000000,5000000,Normal,2026-07-31,No,null,null,null,null,99.670556,null,3.8230,null,42388836000,50140436000,Semi-Annual,3.750000,null,null,null,null,3.710000,2026-01-31,24500000000,10000000,24500000000,100,100,100,100,100,0,24500000000,141998600,Yes,70000000000,null,null,null,5-Year,A_20260122_7.pdf,R_20260127_2.pdf,NCR_20260127_2.pdf,7577216000,90152000000,null,null,No,0-Month,5-Year,U-2031,4932721000,15926000000,No,4932721000,null,18.7500,Yes,null,74932771600,168535155600,44105600,Yes,null,null,A_20260122_7.xml,R_20260127_2.xml,No,null,null,SPL_20260122_2.pdf
2026-02-02,91282CPX3,Note,2-Year,2026-01-28,2026-02-02,2028-01-31,99.999817,0.0206205160,null,null,null,15.480000,2,null,2026-01-22,Single-Price,null,null,null,0.085000,null,Yes,2026-01-31,3.160000,No,null,null,No,11:30 AM,11:00 AM,29974534000,3,94866000000,Yes,null,null,null,2026-01-31,0,0,225914000000,Yes,0,0,Normal,2026-04-30,Yes,2026-01-26,3.580000,null,null,99.999817,0.099000,null,null,19706004000,28331000000,Quarterly,null,null,null,null,0.050000,null,2026-01-31,10500000000,10000000,10500000000,100,null,100,100,100,0,10500000000,25473600,Yes,30000000000,null,null,null,2-Year,A_20260122_6.pdf,R_20260128_1.pdf,NCR_20260128_2.pdf,10268530000,66535000000,null,null,No,0-Month,2-Year,AX-2028,2114023300,15926000000,No,2114023300,0.0990,null,No,null,32114030900,97005496900,6671700,Yes,null,null,A_20260122_6.xml,R_20260128_1.xml,No,null,null,null
2026-02-02,91282CPY1,Note,7-Year,2026-01-29,2026-02-02,2033-01-31,99.890756,null,0.2209900000,null,null,37.500000,2,null,2026-01-22,Single-Price,null,null,null,null,3.960000,Yes,2026-01-31,2.450000,No,null,null,No,01:00 PM,12:00 PM,43888735000,3,107879310000,Yes,912821TT2,null,null,2026-01-31,9742900000,11651900000,225914000000,Yes,0,0,Normal,2026-07-31,No,null,null,null,null,99.890756,null,4.0180,null,29349585000,34544410000,Semi-Annual,4.000000,null,null,null,null,3.850000,2026-01-31,15400000000,10000000,15400000000,100,100,100,100,100,0,15400000000,111308400,Yes,44000000000,null,null,null,7-Year,A_20260122_1.pdf,R_20260129_3.pdf,NCR_20260129_3.pdf,4796250000,61683000000,null,null,No,0-Month,7-Year,G-2033,3100567400,15926000000,No,3100567400,null,20.0000,Yes,null,47100610800,111091185800,34805400,Yes,null,null,A_20260122_1.xml,R_20260129_3.xml,No,912834ZN1,null,null
2026-02-17,91282CQA2,Note,3-Year,2026-02-10,2026-02-17,2029-02-15,99.948932,null,0.1933700000,null,null,45.280000,2,null,2026-02-04,Single-Price,null,null,null,null,3.468000,Yes,2026-02-15,2.620000,No,null,null,No,01:00 PM,12:00 PM,57729734400,3,151909720000,Yes,912821TU9,null,null,2026-02-15,18425590400,21633000000,90204000000,Yes,105000000,105000000,Normal,2026-08-15,No,null,null,null,null,99.948932,null,3.5180,null,32990720000,44588720000,Semi-Annual,3.500000,null,null,null,null,2.600000,2026-02-15,20300000000,10000000,20300000000,100,100,100,100,100,0,20300000000,165278500,Yes,58000000000,null,null,null,3-Year,A_20260204_2.pdf,R_20260210_2.pdf,NCR_20260210_2.pdf,6313424000,85688000000,null,null,No,0-Month,3-Year,AK-2029,16434528300,35419000000,No,16434528300,null,17.5000,Yes,null,74434541200,168614526800,49962800,Yes,null,null,A_20260204_2.xml,R_20260210_2.xml,No,null,null,null
2026-02-17,91282CPZ8,Note,10-Year,2026-02-11,2026-02-17,2036-02-15,99.578196,null,0.2279000000,null,null,6.200000,2,null,2026-02-04,Single-Price,null,null,null,null,4.110000,Yes,2026-02-15,2.390000,No,null,null,No,01:00 PM,12:00 PM,41834683000,3,100115133000,Yes,912821TV7,null,null,2026-02-15,9236850000,11451000000,90204000000,Yes,0,0,Normal,2026-08-15,No,null,null,null,null,99.578196,null,4.1770,null,27002133000,31544133000,Semi-Annual,4.125000,null,null,null,null,4.060000,2026-02-15,14700000000,10000000,14700000000,100,100,100,100,100,0,14700000000,165357500,Yes,42000000000,null,null,null,10-Year,A_20260204_1.pdf,R_20260211_2.pdf,NCR_20260211_2.pdf,5595700000,57120000000,null,null,No,0-Month,10-Year,B-2036,11900865300,35419000000,No,11900865300,null,20.6250,Yes,null,53900905800,112181355800,62471500,Yes,null,null,A_20260204_1.xml,R_20260211_2.xml,No,null,null,SPL_20260204_1.pdf
2026-02-17,912810UR7,Bond,30-Year,2026-02-12,2026-02-17,2056-02-15,99.999398,null,0.2624300000,null,null,1.200000,2,null,2026-02-04,Single-Price,null,null,null,null,4.718000,Yes,2026-02-15,2.660000,No,null,null,No,01:00 PM,12:00 PM,24961985000,3,66513037000,Yes,912803HS5,null,null,2026-02-15,6035250000,10187100000,90204000000,Yes,0,0,Normal,2026-08-15,No,null,null,null,null,99.999398,null,4.7500,null,17458295000,24777837000,Semi-Annual,4.750000,null,null,null,null,3.880000,2026-02-15,8750000000,10000000,8750000000,100,100,100,100,100,0,8750000000,38086800,Yes,25000000000,null,null,null,30-Year,A_20260204_3.pdf,R_20260212_3.pdf,NCR_20260212_3.pdf,1468440000,31548100000,null,null,No,0-Month,30-Year,Bonds of February 2056,7083848300,35419000000,No,7083848300,null,23.7500,Yes,null,32083920100,73634972100,15463800,Yes,null,null,A_20260204_3.xml,R_20260212_3.xml,No,912834ZP6,null,null
2026-03-02,912810UT3,Bond,20-Year,2026-02-18,2026-03-02,2046-02-15,99.492967,null,1.9164400000,null,null,15.910000,2,null,2026-02-12,Single-Price,null,null,null,null,4.595000,Yes,2026-02-15,2.360000,No,null,null,No,01:00 PM,12:00 PM,15948334400,3,37727240000,Yes,912803HT3,null,null,2026-02-15,4344500000,5069500000,140112000000,Yes,0,0,Normal,2026-08-15,No,null,null,null,null,99.492967,null,4.6640,null,8798149800,11115740000,Semi-Annual,4.625000,null,null,null,null,2.888000,2026-02-28,5600000000,10000000,5600000000,100,100,100,100,100,0,5600000000,51680400,Yes,16000000000,null,null,null,20-Year,A_20260212_4.pdf,R_20260218_2.pdf,NCR_20260218_2.pdf,2805684600,21542000000,null,null,No,0-Month,20-Year,Bonds of February 2046,1916713400,23839000000,No,1916713400,null,23.1250,Yes,null,17916728200,39695633800,26130400,Yes,null,null,A_20260212_4.xml,R_20260218_2.xml,No,null,null,null
2026-02-27,912810US5,Bond,30-Year,2026-02-19,2026-02-27,2056-02-15,97.924748,null,null,0.7872200000,97.9247480000,71.620000,2,null,2026-02-12,Single-Price,null,null,null,null,2.430000,Yes,2026-02-15,2.750000,No,null,null,No,01:00 PM,12:00 PM,8963875700,3,24705670000,Yes,912803HU0,1982-1984=100,null,2026-02-15,1722000000,3093500000,0,Yes,0,0,Normal,2026-08-15,No,null,null,null,null,97.924748,null,2.4730,0.999910,7018875700,8893170000,Semi-Annual,2.375000,null,null,null,null,0.888000,2026-02-27,3150000000,10000000,3150000000,100,100,100,100,100,0,3150000000,36132900,Yes,9000000000,null,null,null,30-Year,A_20260212_2.pdf,R_20260219_3.pdf,NCR_20260219_3.pdf,223000000,12719000000,324.088000,324.058860,No,0-Month,30-Year,TIPS of February 2056,0,0,No,0,null,null,Yes,3.6641282610,9000008600,24741802900,4089900,Yes,0.787290,97.933562,A_20260212_2.xml,R_20260219_3.xml,Yes,912834ZQ4,912834ZR2,null
2026-03-02,91282CQB0,Note,2-Year,2026-02-24,2026-03-02,2028-02-29,99.846770,null,0.1834200000,null,null,51.320000,2,null,2026-02-19,Single-Price,null,null,null,null,3.403000,Yes,2026-02-28,2.630000,No,null,null,No,01:00 PM,12:00 PM,68667373900,3,181098022000,Yes,912821TW5,null,null,2026-02-28,23538687900,27494000000,140112000000,Yes,0,0,Normal,2026-08-31,No,null,null,null,null,99.846770,null,3.4550,null,38392172000,57938022000,Semi-Annual,3.375000,null,null,null,null,2.880000,2026-02-28,24150000000,10000000,24150000000,100,100,100,100,100,0,24150000000,332794900,Yes,69000000000,null,null,null,2-Year,A_20260219_3.pdf,R_20260224_2.pdf,NCR_20260224_2.pdf,6736514000,95666000000,null,null,No,0-Month,2-Year,AY-2028,8265826600,23839000000,No,8265826600,null,16.8750,Yes,null,77265995400,189696643500,145226900,Yes,null,null,A_20260219_3.xml,R_20260224_2.xml,No,null,null,null
2026-02-27,91282CPX3,Note,1-Year 11-Month,2026-02-25,2026-02-27,2028-01-31,99.998219,0.2796499680,null,null,null,71.390000,2,null,2026-02-19,Single-Price,null,null,null,0.080000,null,Yes,2026-01-31,3.010000,No,null,null,No,11:30 AM,11:00 AM,27982697500,3,84136000000,Yes,null,null,32114000000.000000,2026-01-31,200000000,200000000,0,Yes,0,0,Normal,2026-04-30,Yes,2026-02-23,3.590000,null,null,99.998219,0.099000,null,null,16161847500,19241000000,Quarterly,null,null,null,null,0.050000,null,2026-02-27,9800000000,10000000,9800000000,100,null,100,100,100,10500000000,9800000000,17426600,Yes,28000000000,null,2026-01-31,2026-02-02,2-Year,A_20260219_4.pdf,R_20260225_1.pdf,NCR_20260225_2.pdf,11620850000,64695000000,null,null,Yes,11-Month,1-Year,AX-2028,0,0,No,0,0.0990,null,No,null,28000124100,84153426600,3224600,Yes,null,null,A_20260219_4.xml,R_20260225_1.xml,No,null,null,null
2026-03-02,91282CQD6,Note,5-Year,2026-02-25,2026-03-02,2031-02-28,99.478439,null,0.1902200000,null,null,67.450000,2,null,2026-02-19,Single-Price,null,null,null,null,3.555000,Yes,2026-02-28,2.320000,No,null,null,No,01:00 PM,12:00 PM,69910663000,3,162241003000,Yes,912821TX3,null,null,2026-02-28,17266000000,20406000000,140112000000,Yes,3100000,3100000,Normal,2026-08-31,No,null,null,null,null,99.478439,null,3.6150,null,43690590500,51701003000,Semi-Annual,3.500000,null,null,null,null,3.500000,2026-02-28,24500000000,10000000,24500000000,100,100,100,100,100,0,24500000000,86250700,Yes,70000000000,null,null,null,5-Year,A_20260219_7.pdf,R_20260225_3.pdf,NCR_20260225_3.pdf,8954072500,90134000000,null,null,No,0-Month,5-Year,V-2031,8385621200,23839000000,No,8385621200,null,17.5000,Yes,null,78385634900,170715974900,26715500,Yes,null,null,A_20260219_7.xml,R_20260225_3.xml,No,null,null,null
2026-03-02,91282CQC8,Note,7-Year,2026-02-26,2026-03-02,2033-02-28,99.755866,null,0.2038000000,null,null,62.040000,2,null,2026-02-19,Single-Price,null,null,null,null,3.740000,Yes,2026-02-28,2.500000,No,null,null,No,01:00 PM,12:00 PM,43954752400,3,109874376000,Yes,912821TY1,null,null,2026-02-28,11431800000,15039300000,140112000000,Yes,0,0,Normal,2026-08-31,No,null,null,null,null,99.755866,null,3.7900,null,27943712400,34026076000,Semi-Annual,3.750000,null,null,null,null,3.630000,2026-02-28,15400000000,10000000,15400000000,100,100,100,100,100,0,15400000000,45268600,Yes,44000000000,null,null,null,7-Year,A_20260219_1.pdf,R_20260226_3.pdf,NCR_20260226_3.pdf,4579240000,60809000000,null,null,No,0-Month,7-Year,H-2033,5270961800,23839000000,No,5270961800,null,18.7500,Yes,null,49270982800,115190606400,19157600,Yes,null,null,A_20260219_1.xml,R_20260226_3.xml,No,912834ZS0,null,null
2026-03-16,91282CQE4,Note,3-Year,2026-03-10,2026-03-16,2029-03-15,99.777186,null,0.0951100000,null,null,17.590000,2,null,2026-03-05,Single-Price,null,null,null,null,3.527000,Yes,2026-03-15,2.550000,No,null,null,No,01:00 PM,12:00 PM,57770165000,3,147418840000,Yes,912821TZ8,null,null,2026-03-15,11934000000,14334000000,37727000000,Yes,100000000,100000000,Normal,2026-09-15,No,null,null,null,null,99.777186,null,3.5790,null,34570625000,43966840000,Semi-Annual,3.500000,null,null,null,null,3.400000,2026-03-15,20300000000,10000000,20300000000,100,100,100,100,100,0,20300000000,129850600,Yes,58000000000,null,null,null,3-Year,A_20260305_6.pdf,R_20260310_2.pdf,NCR_20260310_2.pdf,11265540000,89118000000,null,null,No,0-Month,3-Year,AL-2029,14621900,30000000,No,14621900,null,17.5000,Yes,null,58014637500,147663312500,50143600,Yes,null,null,A_20260305_6.xml,R_20260310_2.xml,No,912834ZT8,null,null
2026-03-16,91282CPZ8,Note,9-Year 11-Month,2026-03-11,2026-03-16,2036-02-15,99.254672,null,3.3045600000,null,null,24.680000,2,null,2026-03-05,Single-Price,null,null,null,null,4.160000,Yes,2026-02-15,2.450000,No,null,null,No,01:00 PM,12:00 PM,38926836500,3,95454803000,Yes,912821TV7,null,53900000000.000000,2026-02-15,4994894800,7985000000,37727000000,Yes,0,0,Normal,2026-08-15,No,null,null,null,null,99.254672,null,4.2170,null,28981761700,34154803000,Semi-Annual,4.125000,null,null,null,null,4.100000,2026-03-15,13650000000,10000000,13650000000,100,100,100,100,100,14700000000,13650000000,73187800,Yes,39000000000,null,2026-02-15,2026-02-17,10-Year,A_20260305_4.pdf,R_20260311_2.pdf,NCR_20260311_2.pdf,4950180000,53315000000,null,null,Yes,11-Month,9-Year,B-2036,9831900,30000000,No,9831900,null,20.6250,Yes,null,39009856200,95537822700,30107800,Yes,null,null,A_20260305_4.xml,R_20260311_2.xml,No,null,null,null
2026-03-16,912810UR7,Bond,29-Year 11-Month,2026-03-12,2026-03-16,2056-02-15,98.096850,null,3.8052500000,null,null,59.560000,2,null,2026-03-05,Single-Price,null,null,null,null,4.825000,Yes,2026-02-15,2.450000,No,null,null,No,01:00 PM,12:00 PM,21969517000,3,53914007000,Yes,912803HS5,null,32082000000.000000,2026-02-15,5981890000,8710400000,37727000000,Yes,0,0,Normal,2026-08-15,No,null,null,null,null,98.096850,null,4.8710,null,13931627000,17599607000,Semi-Annual,4.750000,null,null,null,null,2.880000,2026-03-15,7700000000,10000000,7700000000,100,100,100,100,100,8800000000,7700000000,30604300,Yes,22000000000,null,2026-02-15,2026-02-17,30-Year,A_20260305_1.pdf,R_20260312_3.pdf,NCR_20260312_3.pdf,2056000000,27604000000,null,null,Yes,11-Month,29-Year,Bonds of February 2056,5546200,30000000,No,5546200,null,23.7500,Yes,null,22005667500,53950157500,13126300,Yes,null,null,A_20260305_1.xml,R_20260312_3.xml,No,null,null,null
2026-03-31,912810UT3,Bond,19-Year 11-Month,2026-03-17,2026-03-31,2046-02-15,97.551352,null,5.6215500000,null,null,33.710000,2,null,2026-03-12,Single-Price,null,null,null,null,4.770000,Yes,2026-02-15,2.760000,No,null,null,No,01:00 PM,12:00 PM,12959817600,3,35829195000,Yes,912803HT3,null,17916000000.000000,2026-02-15,2796816000,4257000000,135446000000,Yes,0,0,Normal,2026-08-15,No,null,null,null,null,97.551352,null,4.8170,null,8965001600,12632495000,Semi-Annual,4.625000,null,null,null,null,3.880000,2026-03-31,4550000000,10000000,4550000000,100,100,100,100,100,5600000000,4550000000,40200700,Yes,13000000000,null,2026-02-15,2026-03-02,20-Year,A_20260312_4.pdf,R_20260317_3.pdf,NCR_20260317_3.pdf,1198000000,18939700000,null,null,Yes,11-Month,19-Year,Bonds of February 2046,1343283200,22216000000,No,1343283200,null,23.1250,Yes,null,14343301500,37212678900,16608700,Yes,null,null,A_20260312_4.xml,R_20260317_3.xml,No,null,null,null
2026-03-31,91282CPU9,Note,9-Year 10-Month,2026-03-19,2026-03-31,2036-01-15,99.896801,null,null,3.8880100000,99.8968010000,93.450000,2,null,2026-03-12,Single-Price,null,null,null,null,1.825000,Yes,2026-01-15,2.470000,No,null,null,No,01:00 PM,12:00 PM,18955092500,3,46885480000,Yes,912821TQ8,1982-1984=100,21000000000.000000,2026-01-15,4547000000,5575000000,135446000000,Yes,0,0,Normal,2026-07-15,No,null,null,null,null,99.896801,null,1.8960,1.000860,12986280000,16564480000,Semi-Annual,1.875000,null,null,null,null,1.775000,2026-03-31,6650000000,10000000,6650000000,100,100,100,100,100,7400000000,6650000000,44910700,Yes,19000000000,null,2026-01-15,2026-01-30,10-Year,A_20260312_5.pdf,R_20260319_3.pdf,NCR_20260319_3.pdf,1421812500,24746000000,324.934710,325.213350,Yes,10-Month,9-Year,A-2036,1963260100,22216000000,No,1963260100,null,null,Yes,2.8851949980,20963263300,48893650800,8320700,Yes,3.884670,99.810964,A_20260312_5.xml,R_20260319_3.xml,Yes,null,null,null
2026-03-31,91282CQH7,Note,2-Year,2026-03-24,2026-03-31,2028-03-31,99.883774,null,null,null,null,20.780000,2,null,2026-03-19,Single-Price,null,null,null,null,3.865000,No,null,2.440000,No,null,null,No,01:00 PM,12:00 PM,68414607500,3,167803707500,Yes,912821UA1,null,null,2026-03-31,11286000000,14136000000,135446000000,Yes,100000000,100000000,Normal,2026-09-30,No,null,null,null,null,99.883774,null,3.9360,null,40624707500,53507707500,Semi-Annual,3.875000,null,null,null,null,3.700000,2026-03-31,24150000000,10000000,24150000000,100,100,100,100,100,0,24150000000,485402000,Yes,69000000000,null,null,null,2-Year,A_20260319_7.pdf,R_20260324_2.pdf,NCR_20260324_2.pdf,16503900000,100160000000,null,null,No,0-Month,2-Year,AZ-2028,7129734200,22216000000,No,7129734200,null,19.3750,Yes,null,76129743700,175518843700,179270000,Yes,null,null,A_20260319_7.xml,R_20260324_2.xml,No,null,null,SPL_20260319_1.pdf
2026-03-27,91282CPX3,Note,1-Year 10-Month,2026-03-25,2026-03-27,2028-01-31,99.969137,0.5706003800,null,null,null,55.480000,2,null,2026-03-19,Single-Price,null,null,null,0.086000,null,Yes,2026-01-31,2.780000,No,null,null,No,11:30 AM,11:00 AM,27982798000,3,77832000000,Yes,null,null,60113000000.000000,2026-01-31,0,0,0,Yes,0,0,Normal,2026-04-30,Yes,2026-03-23,3.635000,null,null,99.969137,0.115000,null,null,14245058000,15632000000,Quarterly,null,null,null,null,0.030000,null,2026-03-27,9800000000,10000000,9800000000,100,null,100,100,100,20300000000,9800000000,17204700,Yes,28000000000,null,2026-01-31,2026-02-02,2-Year,A_20260319_3.pdf,R_20260325_2.pdf,NCR_20260325_2.pdf,13737740000,62200000000,null,null,Yes,10-Month,1-Year,AX-2028,0,0,No,0,0.0990,null,No,null,28000002700,77849204700,6969700,Yes,null,null,A_20260319_3.xml,R_20260325_2.xml,No,null,null,null
2026-03-31,91282CQG9,Note,5-Year,2026-03-25,2026-03-31,2031-03-31,99.528167,null,null,null,null,89.880000,2,null,2026-03-19,Single-Price,null,null,null,null,3.923000,No,null,2.290000,No,null,null,No,01:00 PM,12:00 PM,69845769000,3,159960369000,Yes,912821UB9,null,null,2026-03-31,15703000000,17903000000,135446000000,Yes,0,0,Normal,2026-09-30,No,null,null,null,null,99.528167,null,3.9800,null,43236369000,51845369000,Semi-Annual,3.875000,null,null,null,null,3.860000,2026-03-31,24500000000,10000000,24500000000,100,100,100,100,100,0,24500000000,154264800,Yes,70000000000,null,null,null,5-Year,A_20260319_6.pdf,R_20260325_3.pdf,NCR_20260325_3.pdf,10906400000,90212000000,null,null,No,0-Month,5-Year,W-2031,7233063700,22216000000,No,7233063700,null,19.3750,Yes,null,77233097500,167347697500,44820800,Yes,null,null,A_20260319_6.xml,R_20260325_3.xml,No,null,null,SPL_20260319_2.pdf
2026-03-31,91282CQF1,Note,7-Year,2026-03-26,2026-03-31,2033-03-31,99.970004,null,null,null,null,24.470000,2,null,2026-03-19,Single-Price,null,null,null,null,4.190000,No,null,2.430000,No,null,null,No,01:00 PM,12:00 PM,43892441000,3,106898704000,Yes,912821UC7,null,null,2026-03-31,10988400000,12603400000,135446000000,Yes,0,0,Normal,2026-09-30,No,null,null,null,null,99.970004,null,4.2550,null,27458889000,34628304000,Semi-Annual,4.250000,null,null,null,null,2.880000,2026-03-31,15400000000,10000000,15400000000,100,100,100,100,100,0,15400000000,107559000,Yes,44000000000,null,null,null,7-Year,A_20260319_4.pdf,R_20260326_3.pdf,NCR_20260326_3.pdf,5445152000,59667000000,null,null,No,0-Month,7-Year,J-2033,4546497200,22216000000,No,4546497200,null,21.2500,Yes,null,48546497200,111552760200,38303000,Yes,null,null,A_20260319_4.xml,R_20260326_3.xml,No,912834ZU5,null,null
2026-04-15,91282CQJ3,Note,3-Year,2026-04-07,2026-04-15,2029-04-15,99.938277,null,null,null,null,64.470000,2,null,2026-04-02,Single-Price,null,null,null,null,3.847000,No,null,2.680000,No,null,null,No,01:00 PM,12:00 PM,57813627900,3,155073380000,Yes,912821UD5,null,null,2026-04-15,6886496900,13037000000,70962000000,Yes,0,0,Normal,2026-10-15,No,null,null,null,null,99.938277,null,3.8970,null,43249380000,55968380000,Semi-Annual,3.875000,null,null,null,null,3.780000,2026-04-15,20300000000,10000000,20300000000,100,100,100,100,100,0,20300000000,186471200,Yes,58000000000,null,null,null,3-Year,A_20260402_3.pdf,R_20260407_2.pdf,NCR_20260407_2.pdf,7677751000,86068000000,null,null,No,0-Month,3-Year,AM-2029,10285400400,21103000000,No,10285400400,null,19.3750,Yes,null,68285499500,165545251600,69639200,Yes,null,null,A_20260402_3.xml,R_20260407_2.xml,No,912834ZV3,null,null
2026-04-15,91282CPZ8,Note,9-Year 10-Month,2026-04-08,2026-04-15,2036-02-15,98.740656,null,6.7230700000,null,null,38.890000,2,null,2026-04-02,Single-Price,null,null,null,null,4.230000,Yes,2026-02-15,2.430000,No,null,null,No,01:00 PM,12:00 PM,38921968500,3,94637801000,Yes,912821TV7,null,92910000000.000000,2026-02-15,9295000000,11291000000,70962000000,Yes,0,0,Normal,2026-08-15,No,null,null,null,null,98.740656,null,4.2820,null,25424801000,32080801000,Semi-Annual,4.125000,null,null,null,null,4.120000,2026-04-15,13650000000,10000000,13650000000,100,100,100,100,100,28400000000,13650000000,78033800,Yes,39000000000,null,2026-02-15,2026-02-17,10-Year,A_20260402_2.pdf,R_20260408_2.pdf,NCR_20260408_2.pdf,4202167500,51266000000,null,null,Yes,10-Month,9-Year,B-2036,6916045100,21103000000,No,6916045100,null,20.6250,Yes,null,45916047400,101631879900,35027600,Yes,null,null,A_20260402_2.xml,R_20260408_2.xml,No,null,null,null
2026-04-15,912810UR7,Bond,29-Year 10-Month,2026-04-09,2026-04-15,2056-02-15,98.017194,null,7.7417100000,null,null,15.440000,2,null,2026-04-02,Single-Price,null,null,null,null,4.823000,Yes,2026-02-15,2.390000,No,null,null,No,01:00 PM,12:00 PM,21973237800,3,52452190600,Yes,912803HS5,null,54087000000.000000,2026-02-15,5324955200,6752400000,70962000000,Yes,0,0,Normal,2026-08-15,No,null,null,null,null,98.017194,null,4.8760,null,14094190600,17194190600,Semi-Annual,4.750000,null,null,null,null,1.888000,2026-04-15,7700000000,10000000,7700000000,100,100,100,100,100,16500000000,7700000000,26789700,Yes,22000000000,null,2026-02-15,2026-02-17,30-Year,A_20260402_4.pdf,R_20260409_3.pdf,NCR_20260409_3.pdf,2554092000,28505600000,null,null,Yes,10-Month,29-Year,Bonds of February 2056,3901358700,21103000000,No,3901358700,null,23.7500,Yes,null,25901386200,56380339000,10190700,Yes,null,null,A_20260402_4.xml,R_20260409_3.xml,No,null,null,null
2026-04-30,912810UT3,Bond,19-Year 10-Month,2026-04-22,2026-04-30,2046-02-15,96.735962,null,9.4544200000,null,null,56.280000,2,null,2026-04-16,Single-Price,null,null,null,null,4.841000,Yes,2026-02-15,2.680000,No,null,null,No,01:00 PM,12:00 PM,12944148000,3,34832868000,Yes,912803HT3,null,32258000000.000000,2026-02-15,2961500000,4635000000,229920000000,Yes,0,0,Normal,2026-08-15,No,null,null,null,null,96.735962,null,4.8830,null,8723508000,11893368000,Semi-Annual,4.625000,null,null,null,null,3.880000,2026-04-30,4550000000,10000000,4550000000,100,100,100,100,100,10200000000,4550000000,55853000,Yes,13000000000,null,2026-02-15,2026-03-02,20-Year,A_20260416_5.pdf,R_20260422_2.pdf,NCR_20260422_2.pdf,1259140000,18304500000,null,null,Yes,10-Month,19-Year,Bonds of February 2046,1636143300,31716000000,No,1636143300,null,23.1250,Yes,null,14636144300,36524864300,21253000,Yes,null,null,A_20260416_5.xml,R_20260422_2.xml,No,null,null,null
2026-04-30,91282CQP9,Note,5-Year,2026-04-23,2026-04-30,2031-04-15,99.674220,null,null,0.5135000000,99.6742200000,32.090000,2,null,2026-04-16,Single-Price,null,null,null,null,1.305000,Yes,2026-04-15,2.570000,No,null,null,No,01:00 PM,12:00 PM,25815479000,3,66625124000,Yes,912821UE3,1982-1984=100,null,2026-04-15,6948000000,8601000000,229920000000,Yes,0,0,Normal,2026-10-15,No,null,null,null,null,99.674220,null,1.3670,1.002350,16678889000,24127624000,Semi-Annual,1.250000,null,null,null,null,1.265000,2026-04-30,9100000000,10000000,9100000000,100,100,100,100,100,0,9100000000,184527300,Yes,26000000000,null,null,null,5-Year,A_20260416_1.pdf,R_20260423_3.pdf,NCR_20260423_3.pdf,2188590000,33896500000,325.967400,326.733900,No,0-Month,5-Year,X-2031,3272286700,31716000000,No,3272286700,null,null,Yes,1.9173696510,29272293000,70081938000,34568300,Yes,0.512300,99.440535,A_20260416_1.xml,R_20260423_3.xml,Yes,null,null,null
2026-04-30,91282CQK0,Note,5-Year,2026-04-27,2026-04-30,2031-04-30,99.640273,null,null,null,null,61.040000,2,null,2026-04-23,Single-Price,null,null,null,null,3.902000,No,null,2.330000,No,null,null,No,01:00 PM,12:00 PM,69875552600,3,162951063000,Yes,912821UG8,null,null,2026-04-30,10499000000,12854000000,229920000000,Yes,0,0,Normal,2026-10-31,No,null,null,null,null,99.640273,null,3.9550,null,50513063000,59861063000,Semi-Annual,3.875000,null,null,null,null,3.840000,2026-04-30,24500000000,10000000,24500000000,100,100,100,100,100,0,24500000000,124455100,Yes,70000000000,null,null,null,5-Year,A_20260423_4.pdf,R_20260427_4.pdf,NCR_20260427_4.pdf,8863489600,90236000000,null,null,No,0-Month,5-Year,Y-2031,8810002900,31716000000,No,8810002900,null,19.3750,Yes,null,78810010600,171885521000,35046100,Yes,null,null,A_20260423_4.xml,R_20260427_4.xml,No,null,null,SPL_20260423_1.pdf
2026-04-30,91282CQL8,Note,2-Year,2026-04-27,2026-04-30,2028-04-30,99.881691,null,null,null,null,4.280000,2,null,2026-04-23,Single-Price,null,null,null,null,3.750000,No,null,2.650000,No,null,null,No,11:30 AM,11:00 AM,68334730100,3,182422740000,Yes,912821UF0,null,null,2026-04-30,21626470100,26499000000,229920000000,Yes,200000000,200000000,Normal,2026-10-31,No,null,null,null,null,99.881691,null,3.8120,null,38597840000,54422740000,Semi-Annual,3.750000,null,null,null,null,2.880000,2026-04-30,24150000000,10000000,24150000000,100,100,100,100,100,0,24150000000,465345300,Yes,69000000000,null,null,null,2-Year,A_20260423_1.pdf,R_20260427_1.pdf,NCR_20260427_2.pdf,8110420000,101501000000,null,null,No,0-Month,2-Year,BA-2028,8684145700,31716000000,No,8684145700,null,18.7500,Yes,null,77684221100,191772231000,247171300,Yes,null,null,A_20260423_1.xml,R_20260427_1.xml,No,null,null,"SPL_20260423_1.pdf, SPL_20260423_2.pdf"
2026-04-30,91282CQM6,Note,2-Year,2026-04-28,2026-04-30,2028-04-30,100.000000,null,null,null,null,10.510000,2,null,2026-04-23,Single-Price,null,null,null,0.094000,null,No,null,3.520000,No,null,null,No,11:30 AM,11:00 AM,29968630000,3,105646800000,Yes,null,null,null,2026-04-30,0,0,229920000000,Yes,0,0,Normal,2026-07-31,Yes,2026-04-20,3.610000,null,null,100.000000,0.103000,null,null,19693020000,34626800000,Quarterly,null,null,null,null,0.040000,null,2026-04-30,10500000000,10000000,10500000000,100,null,100,100,100,0,10500000000,31520200,Yes,30000000000,null,null,null,2-Year,A_20260423_2.pdf,R_20260428_1.pdf,NCR_20260428_1.pdf,10275610000,71020000000,null,null,No,0-Month,2-Year,BB-2028,3775715600,31716000000,No,3775715600,0.1030,null,No,null,33775865800,109454035800,12739200,Yes,null,null,A_20260423_2.xml,R_20260428_1.xml,No,null,null,null
2026-04-30,91282CQN4,Note,7-Year,2026-04-28,2026-04-30,2033-04-30,99.699199,null,null,null,null,1.890000,2,null,2026-04-23,Single-Price,null,null,null,null,4.120000,No,null,2.510000,No,null,null,No,01:00 PM,12:00 PM,43911881800,3,110488273000,Yes,912821UH6,null,null,2026-04-30,13177650000,15867900000,229920000000,Yes,0,0,Normal,2026-10-31,No,null,null,null,null,99.699199,null,4.1750,null,25623768000,33926373000,Semi-Annual,4.125000,null,null,null,null,2.880000,2026-04-30,15400000000,10000000,15400000000,100,100,100,100,100,0,15400000000,88173900,Yes,44000000000,null,null,null,7-Year,A_20260423_6.pdf,R_20260428_3.pdf,NCR_20260428_3.pdf,5110463800,60694000000,null,null,No,0-Month,7-Year,K-2033,5537716000,31716000000,No,5537716000,null,20.6250,Yes,null,49537771700,116114162900,44137900,Yes,null,null,A_20260423_6.xml,R_20260428_3.xml,No,912834ZW1,null,null
2026-05-15,91282CQR5,Note,3-Year,2026-05-11,2026-05-15,2029-05-15,99.747787,null,null,null,null,37.530000,2,null,2026-05-06,Single-Price,null,null,null,null,3.917000,No,null,2.540000,No,null,null,No,01:00 PM,12:00 PM,57599404500,3,146914420000,Yes,912821UJ2,null,null,2026-05-15,11600454500,14626000000,83284000000,Yes,200000000,200000000,Normal,2026-11-15,No,null,null,null,null,99.747787,null,3.9650,null,36261950000,46832420000,Semi-Annual,3.875000,null,null,null,null,3.800000,2026-05-15,20300000000,10000000,20300000000,100,100,100,100,100,0,20300000000,200595700,Yes,58000000000,null,null,null,3-Year,A_20260506_2.pdf,R_20260511_3.pdf,NCR_20260511_3.pdf,9737000000,85456000000,null,null,No,0-Month,3-Year,AN-2029,13771891200,29681000000,No,13771891200,null,19.3750,Yes,null,71771891400,161086906900,70022700,Yes,null,null,A_20260506_2.xml,R_20260511_3.xml,No,null,null,null
2026-05-15,91282CQQ7,Note,10-Year,2026-05-12,2026-05-15,2036-05-15,99.256552,null,null,null,null,22.000000,2,null,2026-05-06,Single-Price,null,null,null,null,4.413000,No,null,2.400000,No,null,null,No,01:00 PM,12:00 PM,41869018000,3,100759818000,Yes,912821UK9,null,null,2026-05-15,10078500000,12418500000,83284000000,Yes,0,0,Normal,2026-11-15,No,null,null,null,null,99.256552,null,4.4680,null,26775518000,32367318000,Semi-Annual,4.375000,null,null,null,null,4.340000,2026-05-15,14700000000,10000000,14700000000,100,100,100,100,100,0,14700000000,131024400,Yes,42000000000,null,null,null,10-Year,A_20260506_1.pdf,R_20260512_3.pdf,NCR_20260512_3.pdf,5015000000,55974000000,null,null,No,0-Month,10-Year,C-2036,9972748700,29681000000,No,9972748700,null,21.8750,Yes,null,51972791100,110863591100,58319400,Yes,null,null,A_20260506_1.xml,R_20260512_3.xml,No,null,null,null
2026-05-15,912810UU0,Bond,30-Year,2026-05-13,2026-05-15,2056-05-15,99.292811,null,null,null,null,72.060000,2,null,2026-05-06,Single-Price,null,null,null,null,4.990000,No,null,2.300000,No,null,null,No,01:00 PM,12:00 PM,24937681600,3,57504603000,Yes,912803HV8,null,null,2026-05-15,5420900000,6770900000,83284000000,Yes,0,0,Normal,2026-11-15,No,null,null,null,null,99.292811,null,5.0460,null,16609721600,19839203000,Semi-Annual,5.000000,null,null,null,null,3.880000,2026-05-15,8750000000,10000000,8750000000,100,100,100,100,100,0,8750000000,62324000,Yes,25000000000,null,null,null,30-Year,A_20260506_3.pdf,R_20260513_2.pdf,NCR_20260513_2.pdf,2907060000,30894500000,null,null,No,0-Month,30-Year,Bonds of May 2056,5936159900,29681000000,No,5936159900,null,25.0000,Yes,null,30936165500,63503086900,24474000,Yes,null,null,A_20260506_3.xml,R_20260513_2.xml,No,912834ZX9,null,null
2026-06-01,912810UV8,Bond,20-Year,2026-05-20,2026-06-01,2046-05-15,98.481099,null,2.3097800000,null,null,1.670000,2,null,2026-05-14,Single-Price,null,null,null,null,5.068000,Yes,2026-05-15,2.550000,No,null,null,No,01:00 PM,12:00 PM,15829823000,3,40665950000,Yes,912803HW6,null,null,2026-05-15,3631500000,4812500000,130939000000,Yes,0,0,Normal,2026-11-15,No,null,null,null,null,98.481099,null,5.1220,null,10712317000,14564450000,Semi-Annual,5.000000,null,null,null,null,3.880000,2026-05-31,5600000000,10000000,5600000000,100,100,100,100,100,0,5600000000,170180700,Yes,16000000000,null,null,null,20-Year,A_20260514_3.pdf,R_20260520_2.pdf,NCR_20260520_2.pdf,1486006000,21289000000,null,null,No,0-Month,20-Year,Bonds of May 2046,2360684500,29361000000,No,2360684500,null,25.0000,Yes,null,18360688200,43196815200,48456700,Yes,null,null,A_20260514_3.xml,R_20260520_2.xml,No,null,null,null
2026-05-29,91282CPU9,Note,9-Year 8-Month,2026-05-21,2026-05-29,2036-01-15,98.938521,null,null,7.0462500000,98.9385210000,35.140000,2,null,2026-05-14,Single-Price,null,null,null,null,2.100000,Yes,2026-01-15,2.520000,No,null,null,No,01:00 PM,12:00 PM,18935762000,3,47884510000,Yes,912821TQ8,1982-1984=100,41962000000.000000,2026-01-15,5209700000,6364700000,0,Yes,0,0,Normal,2026-07-15,No,null,null,null,null,98.938521,null,2.1690,1.015220,11619062000,14062810000,Semi-Annual,1.875000,null,null,null,null,2.040000,2026-05-29,6650000000,10000000,6650000000,100,100,100,100,100,14000000000,6650000000,64245500,Yes,19000000000,null,2026-01-15,2026-01-30,10-Year,A_20260514_5.pdf,R_20260521_4.pdf,NCR_20260521_4.pdf,2107000000,27457000000,324.934710,329.881260,Yes,8-Month,9-Year,A-2036,0,0,No,0,null,null,Yes,2.8851949980,19000007500,47948755500,12558500,Yes,6.940610,97.455252,A_20260514_5.xml,R_20260521_4.xml,Yes,null,null,SPL_20260520_1.pdf
2026-06-01,91282CQS3,Note,2-Year,2026-05-26,2026-06-01,2028-05-31,99.864901,null,0.1092900000,null,null,42.140000,2,null,2026-05-21,Single-Price,null,null,null,null,4.015000,Yes,2026-05-31,2.640000,No,null,null,No,01:00 PM,12:00 PM,68274791000,3,181345923000,Yes,912821UL7,null,null,2026-05-31,20557500000,25366000000,130939000000,Yes,0,0,Normal,2026-11-30,No,null,null,null,null,99.864901,null,4.0710,null,39294023000,58227923000,Semi-Annual,4.000000,null,null,null,null,3.900000,2026-05-31,24150000000,10000000,24150000000,100,100,100,100,100,0,24150000000,725260500,Yes,69000000000,null,null,null,2-Year,A_20260521_6.pdf,R_20260526_4.pdf,NCR_20260526_4.pdf,8423268000,97752000000,null,null,No,0-Month,2-Year,BC-2028,10180452200,29361000000,No,10180452200,null,20.0000,Yes,null,79180503700,192251635700,293067500,Yes,null,null,A_20260521_6.xml,R_20260526_4.xml,No,null,null,"SPL_20260521_1.pdf, SPL_20260521_2.pdf"
2026-05-29,91282CQM6,Note,1-Year 11-Month,2026-05-27,2026-05-29,2028-04-30,100.024268,0.3012716680,null,null,null,53.610000,2,null,2026-05-21,Single-Price,null,null,null,0.080000,null,Yes,2026-04-30,3.490000,No,null,null,No,11:30 AM,11:00 AM,27979569300,3,97764000000,Yes,null,null,33776000000.000000,2026-04-30,200000000,200000000,0,Yes,0,0,Normal,2026-07-31,Yes,2026-05-18,3.600000,null,null,100.024268,0.089000,null,null,20269569300,33284000000,Quarterly,null,null,null,null,0.050000,null,2026-05-29,9800000000,10000000,9800000000,100,null,100,100,100,10500000000,9800000000,20883700,Yes,28000000000,null,2026-04-30,2026-04-30,2-Year,A_20260521_3.pdf,R_20260527_1.pdf,NCR_20260527_2.pdf,7510000000,64280000000,null,null,Yes,11-Month,1-Year,BB-2028,0,0,No,0,0.1030,null,No,null,28000453000,97784883700,8170700,Yes,null,null,A_20260521_3.xml,R_20260527_1.xml,No,null,null,null
2026-06-01,91282CQU8,Note,5-Year,2026-05-27,2026-06-01,2031-05-31,99.745106,null,0.1127000000,null,null,75.220000,2,null,2026-05-21,Single-Price,null,null,null,null,4.125000,Yes,2026-05-31,2.340000,No,null,null,No,01:00 PM,12:00 PM,69746462500,3,163570965500,Yes,912821UM5,null,null,2026-05-31,8609059400,12897000000,130939000000,Yes,100000000,100000000,Normal,2026-11-30,No,null,null,null,null,99.745106,null,4.1820,null,52207838100,61390965500,Semi-Annual,4.125000,null,null,null,null,4.070000,2026-05-31,24500000000,10000000,24500000000,100,100,100,100,100,0,24500000000,153591500,Yes,70000000000,null,null,null,5-Year,A_20260521_7.pdf,R_20260527_3.pdf,NCR_20260527_3.pdf,8929565000,89283000000,null,null,No,0-Month,5-Year,Z-2031,10327995000,29361000000,No,10327995000,null,20.6250,Yes,null,80328049000,174152552000,54310500,Yes,null,null,A_20260521_7.xml,R_20260527_3.xml,No,null,null,SPL_20260521_3.pdf
2026-06-01,91282CQT1,Note,7-Year,2026-05-28,2026-06-01,2033-05-31,99.760165,null,0.1161200000,null,null,71.230000,2,null,2026-05-21,Single-Price,null,null,null,null,4.240000,Yes,2026-05-31,2.520000,No,null,null,No,01:00 PM,12:00 PM,43917937100,3,110712243000,Yes,912821UN3,null,null,2026-05-31,4916350000,8093100000,130939000000,Yes,0,0,Normal,2026-11-30,No,null,null,null,null,99.760165,null,4.2900,null,34425897100,41618143000,Semi-Annual,4.250000,null,null,null,null,2.880000,2026-05-31,15400000000,10000000,15400000000,100,100,100,100,100,0,15400000000,82069100,Yes,44000000000,null,null,null,7-Year,A_20260521_4.pdf,R_20260528_3.pdf,NCR_20260528_3.pdf,4575690000,61001000000,null,null,No,0-Month,7-Year,L-2033,6491882600,29361000000,No,6491882600,null,21.2500,Yes,null,50491888800,117286194700,30164100,Yes,null,null,A_20260521_4.xml,R_20260528_3.xml,No,912834ZY7,null,null
2026-06-15,91282CQV6,Note,3-Year,2026-06-09,2026-06-15,2029-06-15,99.812958,null,null,null,null,42.920000,2,null,2026-06-04,Single-Price,null,null,null,null,4.147000,No,null,2.640000,No,null,null,No,01:00 PM,12:00 PM,57733403100,3,153124410000,Yes,912821UP8,null,null,2026-06-15,12131465100,16178000000,39999000000,Yes,5000000,5000000,Normal,2026-12-15,No,null,null,null,null,99.812958,null,4.1920,null,36781410000,48981410000,Semi-Annual,4.125000,null,null,null,null,2.880000,2026-06-15,20300000000,10000000,20300000000,100,100,100,100,100,0,20300000000,261616100,Yes,58000000000,null,null,null,3-Year,A_20260604_4.pdf,R_20260609_3.pdf,NCR_20260609_3.pdf,8820528000,87965000000,null,null,No,0-Month,3-Year,AP-2029,0,0,No,0,null,20.6250,Yes,null,58000019200,153391026100,90506100,Yes,null,null,A_20260604_4.xml,R_20260609_3.xml,No,912834ZZ4,null,null
2026-06-15,91282CQQ7,Note,9-Year 11-Month,2026-06-10,2026-06-15,2036-05-15,98.703094,null,3.6854600000,null,null,71.340000,2,null,2026-06-04,Single-Price,null,null,null,null,4.480000,Yes,2026-05-15,2.570000,No,null,null,No,01:00 PM,12:00 PM,38914680400,3,99959349000,Yes,912821UK9,null,51972000000.000000,2026-05-15,4796000000,7916500000,39999000000,Yes,0,0,Normal,2026-11-15,No,null,null,null,null,98.703094,null,4.5380,null,30435505400,37206849000,Semi-Annual,4.375000,null,null,null,null,4.400000,2026-06-15,13650000000,10000000,13650000000,100,100,100,100,100,14700000000,13650000000,85320600,Yes,39000000000,null,2026-05-15,2026-05-15,10-Year,A_20260604_2.pdf,R_20260610_2.pdf,NCR_20260610_2.pdf,3683175000,54836000000,null,null,Yes,11-Month,9-Year,C-2036,0,0,No,0,null,21.8750,Yes,null,39000001000,100044669600,38560800,Yes,null,null,A_20260604_2.xml,R_20260610_2.xml,No,null,null,null
2026-06-15,912810UU0,Bond,29-Year 11-Month,2026-06-11,2026-06-15,2056-05-15,99.683378,null,4.2119600000,null,null,32.360000,2,null,2026-06-04,Single-Price,null,null,null,null,4.960000,Yes,2026-05-15,2.330000,No,null,null,No,01:00 PM,12:00 PM,21959443000,3,51179273000,Yes,912803HV8,null,30936000000.000000,2026-05-15,5557100000,6725100000,39999000000,Yes,0,0,Normal,2026-11-15,No,null,null,null,null,99.683378,null,5.0200,null,13164713000,16105173000,Semi-Annual,5.000000,null,null,null,null,4.890000,2026-06-15,7700000000,10000000,7700000000,100,100,100,100,100,8800000000,7700000000,40579800,Yes,22000000000,null,2026-05-15,2026-05-15,30-Year,A_20260604_3.pdf,R_20260611_3.pdf,NCR_20260611_3.pdf,3237630000,28349000000,null,null,Yes,11-Month,29-Year,Bonds of May 2056,0,0,No,0,null,25.0000,Yes,null,22000022800,51219852800,15269800,Yes,null,null,A_20260604_3.xml,R_20260611_3.xml,No,null,null,null
2026-06-22,912810UV8,Bond,19-Year 11-Month,2026-06-16,2026-06-22,2046-05-15,100.909218,null,5.1630400000,null,null,56.570000,2,null,2026-06-11,Single-Price,null,null,null,null,4.875000,Yes,2026-05-15,2.750000,No,null,null,No,01:00 PM,12:00 PM,12932506400,3,35651830000,Yes,912803HW6,null,18360000000.000000,2026-05-15,2579248900,4511500000,0,Yes,0,0,Normal,2026-11-15,No,null,null,null,null,100.909218,null,4.9270,null,9256257500,12646830000,Semi-Annual,5.000000,null,null,null,null,3.880000,2026-06-22,4550000000,10000000,4550000000,100,100,100,100,100,5600000000,4550000000,67525300,Yes,13000000000,null,2026-05-15,2026-06-01,20-Year,A_20260611_1.pdf,R_20260616_2.pdf,NCR_20260616_2.pdf,1097000000,18493500000,null,null,Yes,11-Month,19-Year,Bonds of May 2046,0,0,No,0,null,25.0000,Yes,null,13000031700,35719355300,34186300,Yes,null,null,A_20260611_1.xml,R_20260616_2.xml,No,null,null,null
2026-06-30,91282CQP9,Note,4-Year 10-Month,2026-06-18,2026-06-30,2031-04-15,98.854348,null,null,2.6510500000,98.8543480000,36.100000,2,null,2026-06-11,Single-Price,null,null,null,null,1.905000,Yes,2026-04-15,2.610000,No,null,null,No,01:00 PM,12:00 PM,23914250000,3,62541675000,Yes,912821UE3,1982-1984=100,29272000000.000000,2026-04-15,6693500000,8866000000,142819000000,Yes,0,0,Normal,2026-10-15,No,null,null,null,null,98.854348,null,1.9550,1.021350,16401675000,22869675000,Semi-Annual,1.250000,null,null,null,null,1.840000,2026-06-30,8400000000,10000000,8400000000,100,100,100,100,100,9100000000,8400000000,85752400,Yes,24000000000,null,2026-04-15,2026-04-30,5-Year,A_20260611_3.pdf,R_20260618_3.pdf,NCR_20260618_3.pdf,819075000,30806000000,325.967400,332.926430,Yes,10-Month,4-Year,X-2031,3592589300,30986000000,No,3592589300,null,null,Yes,1.9173696510,27592591700,66220016700,21320400,Yes,2.595630,96.787926,A_20260611_3.xml,R_20260618_3.xml,Yes,null,null,null
2026-06-30,91282CQY0,Note,2-Year,2026-06-23,2026-06-30,2028-06-30,99.878432,null,null,null,null,5.660000,2,null,2026-06-18,Single-Price,null,null,null,null,4.138000,No,null,2.640000,No,null,null,No,01:00 PM,12:00 PM,68035905000,3,181436815000,Yes,912821UQ6,null,null,2026-06-30,23343000000,28404000000,142819000000,Yes,205000000,205000000,Normal,2026-12-31,No,null,null,null,null,99.878432,null,4.1890,null,37726415000,54184815000,Semi-Annual,4.125000,null,null,null,null,4.080000,2026-06-30,24150000000,10000000,24150000000,100,100,100,100,100,0,24150000000,759106400,Yes,69000000000,null,null,null,2-Year,A_20260618_5.pdf,R_20260623_2.pdf,NCR_20260623_2.pdf,6966490000,98848000000,null,null,No,0-Month,2-Year,BD-2028,10328694400,30986000000,No,10328694400,null,20.6250,Yes,null,79328705800,192729615800,312015400,Yes,null,null,A_20260618_5.xml,R_20260623_2.xml,No,null,null,SPL_20260618_1.pdf
2026-06-26,91282CQM6,Note,1-Year 10-Month,2026-06-24,2026-06-26,2028-04-30,100.040980,0.5947967790,null,null,null,75.490000,2,null,2026-06-18,Single-Price,null,null,null,0.069000,null,Yes,2026-04-30,2.990000,No,null,null,No,11:30 AM,11:00 AM,27981075000,3,83595000000,Yes,null,null,61771000000.000000,2026-04-30,0,0,0,Yes,0,0,Normal,2026-07-31,Yes,2026-06-22,3.695000,null,null,100.040980,0.079000,null,null,18649900000,22860000000,Quarterly,null,null,null,null,0.039000,null,2026-06-26,9800000000,10000000,9800000000,100,null,100,100,100,20300000000,9800000000,19087200,Yes,28000000000,null,2026-04-30,2026-04-30,2-Year,A_20260618_4.pdf,R_20260624_2.pdf,NCR_20260624_1.pdf,9331175000,60735000000,null,null,Yes,10-Month,1-Year,BB-2028,0,0,No,0,0.1030,null,No,null,28000162200,83614087200,16084200,Yes,null,null,A_20260618_4.xml,R_20260624_2.xml,No,null,null,null
2026-06-30,91282CQX2,Note,5-Year,2026-06-24,2026-06-30,2031-06-30,99.664909,null,null,null,null,86.810000,2,null,2026-06-18,Single-Price,null,null,null,null,4.135000,No,null,2.350000,No,null,null,No,01:00 PM,12:00 PM,69854999700,3,164427300200,Yes,912821UR4,null,null,2026-06-30,17820350000,21416600000,142819000000,Yes,4900000,4900000,Normal,2026-12-31,No,null,null,null,null,99.664909,null,4.2000,null,43028302200,51983700200,Semi-Annual,4.125000,null,null,null,null,4.085000,2026-06-30,24500000000,10000000,24500000000,100,100,100,100,100,0,24500000000,140118100,Yes,70000000000,null,null,null,5-Year,A_20260618_2.pdf,R_20260624_3.pdf,NCR_20260624_3.pdf,9006347500,91027000000,null,null,No,0-Month,5-Year,AA-2031,10478385600,30986000000,No,10478385600,null,20.6250,Yes,null,80478403400,175050703900,48019100,Yes,null,null,A_20260618_2.xml,R_20260624_3.xml,No,null,null,SPL_20260618_2.pdf
2026-06-30,91282CQW4,Note,7-Year,2026-06-25,2026-06-30,2033-06-30,99.940019,null,null,null,null,36.220000,2,null,2026-06-18,Single-Price,null,null,null,null,4.200000,No,null,2.500000,No,null,null,No,01:00 PM,12:00 PM,43927162000,3,109847684000,Yes,912821US2,null,null,2026-06-30,13044711000,16829900000,142819000000,Yes,0,0,Normal,2026-12-31,No,null,null,null,null,99.940019,null,4.2600,null,25281614000,32190284000,Semi-Annual,4.250000,null,null,null,null,4.140000,2026-06-30,15400000000,10000000,15400000000,100,100,100,100,100,0,15400000000,72861700,Yes,44000000000,null,null,null,7-Year,A_20260618_6.pdf,R_20260625_3.pdf,NCR_20260625_3.pdf,5600837000,60827500000,null,null,No,0-Month,7-Year,M-2033,6586413700,30986000000,No,6586413700,null,21.2500,Yes,null,50586437400,116506959400,18721700,Yes,null,null,A_20260618_6.xml,R_20260625_3.xml,No,912834K80,null,null
2026-07-15,91282CQZ7,Note,3-Year,2026-07-07,2026-07-15,2029-07-15,99.849217,null,null,null,null,2.170000,2,null,2026-07-02,Single-Price,null,null,null,null,4.134000,No,null,2.600000,No,null,null,No,01:00 PM,12:00 PM,57799547000,3,150608870000,Yes,912821UT0,null,null,2026-07-15,14308250000,17665000000,75144000000,Yes,5000000,5000000,Normal,2027-01-15,No,null,null,null,null,99.849217,null,4.1790,null,39016667500,52403870000,Semi-Annual,4.125000,null,null,null,null,3.965000,2026-07-15,20300000000,10000000,20300000000,100,100,100,100,100,0,20300000000,195461400,Yes,58000000000,null,null,null,3-Year,A_20260702_3.pdf,R_20260707_3.pdf,NCR_20260707_3.pdf,4474629500,80540000000,null,null,No,0-Month,3-Year,AQ-2029,6031635400,12375000000,No,6031635400,null,20.6250,Yes,null,64031643800,156840966800,77314800,Yes,null,null,A_20260702_3.xml,R_20260707_3.xml,No,912834K98,null,null
2026-07-15,91282CQQ7,Note,9-Year 10-Month,2026-07-08,2026-07-15,2036-05-15,98.380297,null,7.2520400000,null,null,40.290000,2,null,2026-07-02,Single-Price,null,null,null,null,4.530000,Yes,2026-05-15,2.590000,No,null,null,No,01:00 PM,12:00 PM,38923847700,3,101048621000,Yes,912821UK9,null,90972000000.000000,2026-05-15,4175493900,7845700000,75144000000,Yes,0,0,Normal,2026-11-15,No,null,null,null,null,98.380297,null,4.5800,null,31720938500,37926921000,Semi-Annual,4.375000,null,null,null,null,4.400000,2026-07-15,13650000000,10000000,13650000000,100,100,100,100,100,28400000000,13650000000,76272700,Yes,39000000000,null,2026-05-15,2026-05-15,10-Year,A_20260702_4.pdf,R_20260708_2.pdf,NCR_20260708_2.pdf,3027415300,55276000000,null,null,Yes,10-Month,9-Year,C-2036,4055754800,12375000000,No,4055754800,null,21.8750,Yes,null,43055875200,105180648500,34705700,Yes,null,null,A_20260702_4.xml,R_20260708_2.xml,No,null,null,null
2026-07-15,912810UU0,Bond,29-Year 10-Month,2026-07-09,2026-07-15,2056-05-15,99.097875,null,8.2880400000,null,null,7.130000,2,null,2026-07-02,Single-Price,null,null,null,null,5.007000,Yes,2026-05-15,2.440000,No,null,null,No,01:00 PM,12:00 PM,21951364800,3,53717644000,Yes,912803HV8,null,52935000000.000000,2026-05-15,2679847800,4530300000,75144000000,Yes,0,0,Normal,2026-11-15,No,null,null,null,null,99.097875,null,5.0580,null,17065257000,20455344000,Semi-Annual,5.000000,null,null,null,null,2.888000,2026-07-15,7700000000,10000000,7700000000,100,100,100,100,100,16500000000,7700000000,48667300,Yes,22000000000,null,2026-05-15,2026-05-15,30-Year,A_20260702_2.pdf,R_20260709_3.pdf,NCR_20260709_3.pdf,2206260000,28732000000,null,null,Yes,10-Month,29-Year,Bonds of May 2056,2287861600,12375000000,No,2287861600,null,25.0000,Yes,null,24287893700,56054172900,23617300,Yes,null,null,A_20260702_2.xml,R_20260709_3.xml,No,null,null,null
2026-07-24,912810UV8,Bond,19-Year 10-Month,2026-07-22,2026-07-24,2046-05-15,97.977958,null,9.5108700000,null,null,15.130000,2,null,2026-07-16,Single-Price,null,null,null,null,5.120000,Yes,2026-05-15,2.640000,No,null,null,No,01:00 PM,12:00 PM,12881600000,3,34163870000,Yes,912803HW6,null,31359000000.000000,2026-05-15,2088500000,3337000000,0,Yes,0,0,Normal,2026-11-15,No,null,null,null,null,97.977958,null,5.1630,null,8903970000,11914870000,Semi-Annual,5.000000,null,null,null,null,3.880000,2026-07-24,4550000000,10000000,4550000000,100,100,100,100,100,10200000000,4550000000,118408500,Yes,13000000000,null,2026-05-15,2026-06-01,20-Year,A_20260716_1.pdf,R_20260722_2.pdf,NCR_20260722_2.pdf,1889130000,18912000000,null,null,Yes,10-Month,19-Year,Bonds of May 2046,0,0,No,0,null,25.0000,Yes,null,13000008500,34282278500,45461500,Yes,null,null,A_20260716_1.xml,R_20260722_2.xml,No,null,null,null
2026-07-31,91282CRE3,Note,10-Year,2026-07-23,2026-07-31,2036-07-15,99.768091,null,null,1.0359700000,99.7680910000,61.880000,2,null,2026-07-16,Single-Price,null,null,null,null,2.370000,Yes,2026-07-15,2.300000,No,null,null,No,01:00 PM,12:00 PM,20863290000,3,48194850000,Yes,912821UU7,1982-1984=100,null,2026-07-15,5212500000,6197500000,222735000000,Yes,0,0,Normal,2027-01-15,No,null,null,null,null,99.768091,null,2.4380,1.003250,13593850000,15669350000,Semi-Annual,2.375000,null,null,null,null,2.320000,2026-07-31,7350000000,10000000,7350000000,100,100,100,100,100,0,7350000000,136711000,Yes,21000000000,null,null,null,10-Year,A_20260716_5.pdf,R_20260723_3.pdf,NCR_20260723_3.pdf,2056940000,26328000000,333.969740,335.055160,No,0-Month,10-Year,D-2036,2321783700,25871000000,No,2321783700,null,null,Yes,3.5557113650,23321784700,50653344700,18099000,Yes,1.032610,99.444895,A_20260716_5.xml,R_20260723_3.xml,Yes,912834L22,null,null
2026-07-31,91282CRA1,Note,5-Year,2026-07-27,2026-07-31,2031-07-31,99.853357,null,null,null,null,51.710000,2,null,2026-07-23,Single-Price,null,null,null,null,4.343000,No,null,2.280000,No,null,null,No,01:00 PM,12:00 PM,69805215000,3,159557505000,Yes,912821UW3,null,null,2026-07-31,19003000000,23413000000,222735000000,Yes,50000000,50000000,Normal,2027-01-31,No,null,null,null,null,99.853357,null,4.4080,null,41354505000,47204505000,Semi-Annual,4.375000,null,null,null,null,4.290000,2026-07-31,24500000000,10000000,24500000000,100,100,100,100,100,0,24500000000,144786500,Yes,70000000000,null,null,null,5-Year,A_20260723_7.pdf,R_20260727_3.pdf,NCR_20260727_3.pdf,9447710000,88940000000,null,null,No,0-Month,5-Year,AB-2031,7739279400,25871000000,No,7739279400,null,21.8750,Yes,null,77739280900,167491570900,52590300,Yes,null,null,A_20260723_7.xml,R_20260727_3.xml,No,null,null,"SPL_20260723_1.pdf, SPL_20260723_3.pdf"
2026-07-31,91282CRB9,Note,2-Year,2026-07-27,2026-07-31,2028-07-31,99.876720,null,null,null,null,69.040000,2,null,2026-07-23,Single-Price,null,null,null,null,4.270000,No,null,2.660000,No,null,null,No,11:30 AM,11:00 AM,67776042400,3,182453432000,Yes,912821UV5,null,null,2026-07-31,23080167200,31311800000,222735000000,Yes,305000000,305000000,Normal,2027-01-31,No,null,null,null,null,99.876720,null,4.3150,null,38355032000,52334632000,Semi-Annual,4.250000,null,null,null,null,4.220000,2026-07-31,24150000000,10000000,24150000000,100,100,100,100,100,0,24150000000,919081500,Yes,69000000000,null,null,null,2-Year,A_20260723_1.pdf,R_20260727_2.pdf,NCR_20260727_1.pdf,6340843200,98807000000,null,null,No,0-Month,2-Year,BE-2028,7628718200,25871000000,No,7628718200,null,21.2500,Yes,null,76628842100,191306231700,395565100,Yes,null,null,A_20260723_1.xml,R_20260727_2.xml,No,null,null,"SPL_20260723_1.pdf, SPL_20260723_2.pdf"
2026-07-31,91282CRC7,Note,7-Year,2026-07-28,2026-07-31,2033-07-31,99.416549,null,null,null,null,95.170000,2,null,2026-07-23,Single-Price,null,null,null,null,4.405000,No,null,2.490000,No,null,null,No,01:00 PM,12:00 PM,43909474000,3,109314764000,Yes,912821UX1,null,null,2026-07-31,7413000000,11925500000,222735000000,Yes,0,0,Normal,2027-01-31,No,null,null,null,null,99.416549,null,4.4730,null,30801964000,35987264000,Semi-Annual,4.375000,null,null,null,null,4.300000,2026-07-31,15400000000,10000000,15400000000,100,100,100,100,100,0,15400000000,90527200,Yes,44000000000,null,null,null,7-Year,A_20260723_6.pdf,R_20260728_2.pdf,NCR_20260728_2.pdf,5694510000,61402000000,null,null,No,0-Month,7-Year,N-2033,4864689800,25871000000,No,4864689800,null,21.8750,Yes,null,48864691000,114269981000,29036200,Yes,null,null,A_20260723_6.xml,R_20260728_2.xml,No,912834L30,null,null
2026-07-31,91282CRD5,Note,2-Year,2026-07-29,2026-07-31,2028-07-31,100.000000,null,null,null,null,81.820000,2,null,2026-07-23,Single-Price,null,null,null,0.034000,null,No,null,3.370000,No,null,null,No,11:30 AM,11:00 AM,29962331400,3,100960950000,Yes,null,null,null,2026-07-31,818200,1301000000,222735000000,Yes,0,0,Normal,2026-10-31,Yes,2026-07-27,3.815000,null,null,100.000000,0.050000,null,null,18943313200,33549800000,Quarterly,null,null,null,null,0.010000,null,2026-07-31,10500000000,10000000,10500000000,100,null,100,100,100,0,10500000000,38061400,Yes,30000000000,null,null,null,2-Year,A_20260723_3.pdf,R_20260729_1.pdf,NCR_20260729_2.pdf,11018200000,66110150000,null,null,No,0-Month,2-Year,BF-2028,3316834000,25871000000,No,3316834000,0.0500,null,No,null,33317226800,104315845400,6459400,Yes,null,null,A_20260723_3.xml,R_20260729_1.xml,No,null,null,null
2026-08-17,91282CRG8,Note,3-Year,2026-08-11,2026-08-17,2029-08-15,99.885444,null,0.2309800000,null,null,18.310000,2,null,2026-08-05,Single-Price,null,null,null,null,4.243000,Yes,2026-08-15,2.710000,No,null,null,No,01:00 PM,12:00 PM,57400241500,3,156700220000,Yes,912821UY9,null,null,2026-08-15,13788100000,22506600000,96267000000,Yes,250000000,250000000,Normal,2027-02-15,No,null,null,null,null,99.885444,null,4.2910,null,36872620000,47829620000,Semi-Annual,4.250000,null,null,null,null,3.880000,2026-08-15,20300000000,10000000,20300000000,100,100,100,100,100,0,20300000000,349775600,Yes,58000000000,null,null,null,3-Year,A_20260805_3.pdf,R_20260811_2.pdf,NCR_20260811_2.pdf,6739521500,86364000000,null,null,No,0-Month,3-Year,AR-2029,14670563200,31618000000,No,14670563200,null,21.2500,Yes,null,72670580300,171970558800,114383400,Yes,null,null,A_20260805_3.xml,R_20260811_2.xml,No,null,null,SPL_20260810_1.pdf
2026-08-17,91282CRF0,Note,10-Year,2026-08-12,2026-08-17,2036-08-15,99.540696,null,0.2513600000,null,null,65.270000,2,null,2026-08-05,Single-Price,null,null,null,null,4.630000,Yes,2026-08-15,2.530000,No,null,null,No,01:00 PM,12:00 PM,41821613600,3,106155266000,Yes,912821UZ6,null,null,2026-08-15,6135867600,10697600000,96267000000,Yes,0,0,Normal,2027-02-15,No,null,null,null,null,99.540696,null,4.6830,null,32087936000,37281666000,Semi-Annual,4.625000,null,null,null,null,4.570000,2026-08-15,14700000000,10000000,14700000000,100,100,100,100,100,0,14700000000,178432300,Yes,42000000000,null,null,null,10-Year,A_20260805_1.pdf,R_20260812_2.pdf,NCR_20260812_2.pdf,3597810000,58176000000,null,null,No,0-Month,10-Year,E-2036,10623511200,31618000000,No,10623511200,null,23.1250,Yes,null,52623557100,116957209500,57449200,Yes,null,null,A_20260805_1.xml,R_20260812_2.xml,No,null,null,SPL_20260810_1.pdf
2026-08-17,912810UW6,Bond,30-Year,2026-08-13,2026-08-17,2056-08-15,98.627017,null,0.2785300000,null,null,12.100000,2,null,2026-08-05,Single-Price,null,null,null,null,5.150000,Yes,2026-08-15,2.390000,No,null,null,No,01:00 PM,12:00 PM,24904608000,3,59705603000,Yes,912803HX4,null,null,2026-08-15,5390150000,8462400000,96267000000,Yes,0,0,Normal,2027-02-15,No,null,null,null,null,98.627017,null,5.2160,null,16647723000,19301203000,Semi-Annual,5.125000,null,null,null,null,4.880000,2026-08-15,8750000000,10000000,8750000000,100,100,100,100,100,0,8750000000,95407300,Yes,25000000000,null,null,null,30-Year,A_20260805_2.pdf,R_20260813_3.pdf,NCR_20260813_3.pdf,2866735000,31942000000,null,null,No,0-Month,30-Year,Bonds of August 2056,6323518500,31618000000,No,6323518500,null,25.6250,Yes,null,31323533800,66124528800,24727300,Yes,null,null,A_20260805_2.xml,R_20260813_3.xml,No,912834L48,null,SPL_20260810_1.pdf
2026-08-31,912810UX4,Bond,20-Year,2026-08-19,2026-08-31,2046-08-15,99.021288,null,2.2282600000,null,null,65.580000,2,null,2026-08-13,Single-Price,null,null,null,null,5.147000,Yes,2026-08-15,2.530000,No,null,null,No,01:00 PM,12:00 PM,15809192000,3,40228372000,Yes,912803HY2,null,null,2026-08-15,3886857900,5982000000,132370000000,Yes,0,0,Normal,2027-02-15,No,null,null,null,null,99.021288,null,5.2040,null,9947939100,12478372000,Semi-Annual,5.125000,null,null,null,null,3.880000,2026-08-31,5600000000,10000000,5600000000,100,100,100,100,100,0,5600000000,190844500,Yes,16000000000,null,null,null,20-Year,A_20260813_3.pdf,R_20260819_2.pdf,NCR_20260819_2.pdf,1974395000,21768000000,null,null,No,0-Month,20-Year,Bonds of August 2046,2056891600,26611000000,No,2056891600,null,25.6250,Yes,null,18056928100,42476108100,60773500,Yes,null,null,A_20260813_3.xml,R_20260819_2.xml,No,null,null,null
2026-08-31,912810US5,Bond,29-Year 6-Month,2026-08-20,2026-08-31,2056-02-15,91.015136,null,null,1.0641600000,91.0151360000,67.820000,2,null,2026-08-13,Single-Price,null,null,null,null,2.925000,Yes,2026-08-15,2.820000,No,null,null,No,01:00 PM,12:00 PM,7942741400,3,22503240000,Yes,912803HU0,1982-1984=100,9000000000.000000,2026-08-15,1068130000,2319130000,132370000000,Yes,0,0,Normal,2027-02-15,No,null,null,null,null,91.015136,null,2.9730,1.030550,6707611400,8268110000,Semi-Annual,2.375000,null,null,null,null,2.880000,2026-08-31,2800000000,10000000,2800000000,100,100,100,100,100,3200000000,2800000000,57266200,Yes,8000000000,null,2026-02-15,2026-02-27,30-Year,A_20260813_2.pdf,R_20260820_3.pdf,NCR_20260820_3.pdf,167000000,11916000000,324.088000,333.989770,Yes,6-Month,29-Year,TIPS of February 2056,1028445800,26611000000,No,1028445800,null,null,Yes,3.6641282610,9028453400,23588952000,9749200,Yes,1.032610,88.317050,A_20260813_2.xml,R_20260820_3.xml,Yes,null,null,null
2026-08-31,91282CRH6,Note,2-Year,2026-08-25,2026-08-31,2028-08-31,99.849966,null,null,null,null,85.680000,2,null,2026-08-20,Single-Price,null,null,null,null,4.157000,No,null,2.600000,No,null,null,No,01:00 PM,12:00 PM,68107241800,3,178430485000,Yes,912821VA0,null,null,2026-08-31,15727302400,22980900000,132370000000,Yes,155000000,155000000,Normal,2027-02-28,No,null,null,null,null,99.849966,null,4.2040,null,44958379400,59586085000,Semi-Annual,4.125000,null,null,null,null,4.100000,2026-08-31,24150000000,10000000,24150000000,100,100,100,100,100,0,24150000000,737951900,Yes,69000000000,null,null,null,2-Year,A_20260820_5.pdf,R_20260825_2.pdf,NCR_20260825_2.pdf,7421560000,95863500000,null,null,No,0-Month,2-Year,BG-2028,8870345200,26611000000,No,8870345200,null,20.6250,Yes,null,77870538900,188193782100,339406300,Yes,null,null,A_20260820_5.xml,R_20260825_2.xml,No,null,null,SPL_20260820_1.pdf
2026-08-28,91282CRD5,Note,1-Year 11-Month,2026-08-26,2026-08-28,2028-07-31,99.988631,0.2977981640,null,null,null,79.140000,2,null,2026-08-20,Single-Price,null,null,null,0.045000,null,Yes,2026-07-31,3.140000,No,null,null,No,11:30 AM,11:00 AM,27986314200,3,87907000000,Yes,null,null,33317000000.000000,2026-07-31,100000000,1200000000,0,Yes,0,0,Normal,2026-10-31,Yes,2026-08-24,3.715000,null,null,99.988631,0.055000,null,null,18627453000,23094000000,Quarterly,null,null,null,null,0.010000,null,2026-08-28,9800000000,10000000,9800000000,100,null,100,100,100,10500000000,9800000000,13696500,Yes,28000000000,null,2026-07-31,2026-07-31,2-Year,A_20260820_1.pdf,R_20260826_2.pdf,NCR_20260826_1.pdf,9258861200,63613000000,null,null,Yes,11-Month,1-Year,BF-2028,0,0,No,0,0.0500,null,No,null,28000010700,87920696500,3150500,Yes,null,null,A_20260820_1.xml,R_20260826_2.xml,No,null,null,null
2026-08-31,91282CRK9,Note,5-Year,2026-08-26,2026-08-31,2031-08-31,99.919982,null,null,null,null,19.220000,2,null,2026-08-20,Single-Price,null,null,null,null,4.340000,No,null,2.370000,No,null,null,No,01:00 PM,12:00 PM,69797539000,3,165795079000,Yes,912821VB8,null,null,2026-08-31,19848750000,25616000000,132370000000,Yes,0,0,Normal,2027-02-28,No,null,null,null,null,99.919982,null,4.3930,null,42935179000,50722079000,Semi-Annual,4.375000,null,null,null,null,4.280000,2026-08-31,24500000000,10000000,24500000000,100,100,100,100,100,0,24500000000,202507900,Yes,70000000000,null,null,null,5-Year,A_20260820_7.pdf,R_20260826_3.pdf,NCR_20260826_3.pdf,7013610000,89457000000,null,null,No,0-Month,5-Year,AC-2031,8998900900,26611000000,No,8998900900,null,21.8750,Yes,null,78998947800,174996487800,65221900,Yes,null,null,A_20260820_7.xml,R_20260826_3.xml,No,null,null,null
2026-08-31,91282CRJ2,Note,7-Year,2026-08-27,2026-08-31,2033-08-31,99.928654,null,null,null,null,97.630000,2,null,2026-08-20,Single-Price,null,null,null,null,4.460000,No,null,2.500000,No,null,null,No,01:00 PM,12:00 PM,43893808500,3,110113656000,Yes,912821VC6,null,null,2026-08-31,11833130000,18576500000,132370000000,Yes,0,0,Normal,2027-02-28,No,null,null,null,null,99.928654,null,4.5120,null,26677491000,32034156000,Semi-Annual,4.500000,null,null,null,null,4.350000,2026-08-31,15400000000,10000000,15400000000,100,100,100,100,100,0,15400000000,106307200,Yes,44000000000,null,null,null,7-Year,A_20260820_6.pdf,R_20260827_3.pdf,NCR_20260827_3.pdf,5383187500,59503000000,null,null,No,0-Month,7-Year,P-2033,5656451900,26611000000,No,5656451900,null,22.5000,Yes,null,49656567600,115876415100,20790200,Yes,null,null,A_20260820_6.xml,R_20260827_3.xml,No,912834L55,null,null
2026-09-15,91282CRL7,Note,3-Year,2026-09-08,2026-09-15,2029-09-15,99.724933,null,null,null,null,29.350000,2,null,2026-09-03,Single-Price,null,null,null,null,4.430000,No,null,2.720000,No,null,null,No,01:00 PM,12:00 PM,57619163700,3,157491500000,Yes,912821VD4,null,null,2026-09-15,15525163700,22107500000,43081000000,Yes,105000000,105000000,Normal,2027-03-15,No,null,null,null,null,99.724933,null,4.4740,null,35809000000,44887000000,Semi-Annual,4.375000,null,null,null,null,4.370000,2026-09-15,20300000000,10000000,20300000000,100,100,100,100,100,0,20300000000,275925100,Yes,58000000000,null,null,null,3-Year,A_20260903_3.pdf,R_20260908_3.pdf,NCR_20260908_3.pdf,6285000000,90497000000,null,null,No,0-Month,3-Year,AS-2029,0,0,No,0,null,21.8750,Yes,null,58000088800,157872425100,107718100,Yes,null,null,A_20260903_3.xml,R_20260908_3.xml,No,912834L63,null,SPL_20260903_1.pdf
2026-09-15,91282CRF0,Note,9-Year 11-Month,2026-09-09,2026-09-15,2036-08-15,98.361116,null,3.8960600000,null,null,89.250000,2,null,2026-09-03,Single-Price,null,null,null,null,4.769000,Yes,2026-08-15,2.710000,No,null,null,No,01:00 PM,12:00 PM,38901890000,3,105714440000,Yes,912821UZ6,null,52623000000.000000,2026-08-15,6420800000,14004800000,43081000000,Yes,0,0,Normal,2027-02-15,No,null,null,null,null,98.361116,null,4.8340,null,30804090000,36194640000,Semi-Annual,4.625000,null,null,null,null,4.000000,2026-09-15,13650000000,10000000,13650000000,100,100,100,100,100,14700000000,13650000000,98150000,Yes,39000000000,null,2026-08-15,2026-08-17,10-Year,A_20260903_1.pdf,R_20260909_2.pdf,NCR_20260909_2.pdf,1677000000,55515000000,null,null,Yes,11-Month,9-Year,E-2036,0,0,No,0,null,23.1250,Yes,null,39000040000,105812590000,37804000,Yes,null,null,A_20260903_1.xml,R_20260909_2.xml,No,null,null,null
2026-09-15,912810UW6,Bond,29-Year 11-Month,2026-09-10,2026-09-15,2056-08-15,97.262274,null,4.3172600000,null,null,64.290000,2,null,2026-09-03,Single-Price,null,null,null,null,5.250000,Yes,2026-08-15,2.610000,No,null,null,No,01:00 PM,12:00 PM,21957470500,3,57424319000,Yes,912803HX4,null,31323000000.000000,2026-08-15,4019900000,7991900000,43081000000,Yes,0,0,Normal,2027-02-15,No,null,null,null,null,97.262274,null,5.3080,null,17452770500,21120619000,Semi-Annual,5.125000,null,null,null,null,4.000000,2026-09-15,7700000000,10000000,7700000000,100,100,100,100,100,8800000000,7700000000,42553500,Yes,22000000000,null,2026-08-15,2026-08-17,30-Year,A_20260903_5.pdf,R_20260910_3.pdf,NCR_20260910_3.pdf,484800000,28311800000,null,null,Yes,11-Month,29-Year,Bonds of August 2056,0,0,No,0,null,25.6250,Yes,null,22000024000,57466872500,17146500,Yes,null,null,A_20260903_5.xml,R_20260910_3.xml,No,null,null,null
2026-09-18,912810UX4,Bond,19-Year 11-Month,2026-09-15,2026-09-18,2046-08-15,96.423840,null,4.7350500000,null,null,30.140000,2,null,2026-09-10,Single-Price,null,null,null,null,5.360000,Yes,2026-08-15,2.570000,No,null,null,No,01:00 PM,12:00 PM,12914903200,3,33298440000,Yes,912803HY2,null,18053000000.000000,2026-08-15,3962584000,5079500000,0,Yes,0,0,Normal,2027-02-15,No,null,null,null,null,96.423840,null,5.4200,null,6775838200,8915040000,Semi-Annual,5.125000,null,null,null,null,4.880000,2026-09-18,4550000000,10000000,4550000000,100,100,100,100,100,5600000000,4550000000,85105400,Yes,13000000000,null,2026-08-15,2026-08-31,20-Year,A_20260910_4.pdf,R_20260915_2.pdf,NCR_20260915_2.pdf,2176481000,19303900000,null,null,Yes,11-Month,19-Year,Bonds of August 2046,0,0,No,0,null,25.6250,Yes,null,13000008600,33383545400,38754400,Yes,null,null,A_20260910_4.xml,R_20260915_2.xml,No,null,null,null
2026-09-30,91282CRE3,Note,9-Year 10-Month,2026-09-17,2026-09-30,2036-07-15,97.598142,null,null,4.9686800000,97.5981420000,93.140000,2,null,2026-09-10,Single-Price,null,null,null,null,2.577000,Yes,2026-07-15,2.240000,No,null,null,No,01:00 PM,12:00 PM,18883984000,3,42369960000,Yes,912821UU7,1982-1984=100,23321000000.000000,2026-07-15,5419000000,6875000000,143580000000,Yes,0,0,Normal,2027-01-15,No,null,null,null,null,97.598142,null,2.6530,0.999850,11164960000,12188960000,Semi-Annual,2.375000,null,null,null,null,2.529000,2026-09-30,6650000000,10000000,6650000000,100,100,100,100,100,7400000000,6650000000,116022000,Yes,19000000000,null,2026-07-15,2026-07-31,10-Year,A_20260910_1.pdf,R_20260917_3.pdf,NCR_20260917_3.pdf,2300024000,23306000000,333.969740,333.919130,Yes,10-Month,9-Year,D-2036,2860448000,30411000000,No,2860448000,null,null,Yes,3.5557113650,21860454000,45346430000,20751000,Yes,4.969430,97.612784,A_20260910_1.xml,R_20260917_3.xml,Yes,null,null,null
2026-09-30,91282CRP8,Note,2-Year,2026-09-22,2026-09-30,2028-09-30,99.930225,null,null,null,null,33.420000,2,null,2026-09-17,Single-Price,null,null,null,null,4.738000,No,null,2.630000,No,null,null,No,01:00 PM,12:00 PM,67685935200,3,179949726000,Yes,912821VE2,null,null,2026-09-30,19641219200,27285100000,143580000000,Yes,205000000,205000000,Normal,2027-03-31,No,null,null,null,null,99.930225,null,4.7870,null,39116326000,51537626000,Semi-Annual,4.750000,null,null,null,null,4.660000,2026-09-30,24150000000,10000000,24150000000,100,100,100,100,100,0,24150000000,1109136700,Yes,69000000000,null,null,null,2-Year,A_20260917_7.pdf,R_20260922_2.pdf,NCR_20260922_2.pdf,8928390000,101127000000,null,null,No,0-Month,2-Year,BH-2028,10387942900,30411000000,No,10387942900,null,23.7500,Yes,null,79388014800,191651805600,355510600,Yes,null,null,A_20260917_7.xml,R_20260922_2.xml,No,null,null,SPL_20260917_1.pdf
2026-09-25,91282CRD5,Note,1-Year 10-Month,2026-09-23,2026-09-25,2028-07-31,100.015499,0.6036702480,null,null,null,42.150000,2,null,2026-09-17,Single-Price,null,null,null,0.010000,null,Yes,2026-07-31,2.630000,No,null,null,No,11:30 AM,11:00 AM,27989762500,3,73498000000,Yes,null,null,61316000000.000000,2026-07-31,0,1100000000,0,Yes,0,0,Normal,2026-10-31,Yes,2026-09-21,4.015000,null,null,100.015499,0.040000,null,null,16537912500,16697000000,Quarterly,null,null,null,null,-0.035000,null,2026-09-25,9800000000,10000000,9800000000,100,null,100,100,100,20300000000,9800000000,10324500,Yes,28000000000,null,2026-07-31,2026-07-31,2-Year,A_20260917_5.pdf,R_20260923_2.pdf,NCR_20260923_1.pdf,11451850000,55701000000,null,null,Yes,10-Month,1-Year,BF-2028,0,0,No,0,0.0500,null,No,null,28000087000,73508324500,2062500,Yes,null,null,A_20260917_5.xml,R_20260923_2.xml,No,null,null,null
2026-09-30,91282CRN3,Note,5-Year,2026-09-23,2026-09-30,2031-09-30,99.855714,null,null,null,null,30.340000,2,null,2026-09-17,Single-Price,null,null,null,null,4.950000,No,null,2.210000,No,null,null,No,01:00 PM,12:00 PM,69668682000,3,154518772000,Yes,912821VF9,null,null,2026-09-30,20841600000,25541600000,143580000000,Yes,9300000,9300000,Normal,2027-03-31,No,null,null,null,null,99.855714,null,5.0330,null,37837082000,43088172000,Semi-Annual,5.000000,null,null,null,null,4.870000,2026-09-30,24500000000,10000000,24500000000,100,100,100,100,100,0,24500000000,322038300,Yes,70000000000,null,null,null,5-Year,A_20260917_3.pdf,R_20260923_3.pdf,NCR_20260923_3.pdf,10990000000,85889000000,null,null,No,0-Month,5-Year,AD-2031,10538492700,30411000000,No,10538492700,null,25.0000,Yes,null,80538513000,165388603000,90413300,Yes,null,null,A_20260917_3.xml,R_20260923_3.xml,No,null,null,null
2026-09-30,91282CRM5,Note,7-Year,2026-09-24,2026-09-30,2033-09-30,99.504596,null,null,null,null,91.110000,2,null,2026-09-17,Single-Price,null,null,null,null,5.019000,No,null,2.420000,No,null,null,No,01:00 PM,12:00 PM,43480804500,3,106072535000,Yes,912821VG7,null,null,2026-09-30,13163710000,18129100000,143580000000,Yes,0,0,Normal,2027-03-31,No,null,null,null,null,99.504596,null,5.0850,null,24869544500,29538435000,Semi-Annual,5.000000,null,null,null,null,4.900000,2026-09-30,15400000000,10000000,15400000000,100,100,100,100,100,0,15400000000,519250600,Yes,44000000000,null,null,null,7-Year,A_20260917_2.pdf,R_20260924_3.pdf,NCR_20260924_3.pdf,5447550000,58405000000,null,null,No,0-Month,7-Year,Q-2033,6624195400,30411000000,No,6624195400,null,25.0000,Yes,null,50624250500,113215981000,48830600,Yes,null,null,A_20260917_2.xml,R_20260924_3.xml,No,912834L71,null,null
