month,T,E,in_sample,Ext,c_m,FDD,D_now,D_next,mv_now_bn,mv_next_bn,n_now,n_next,n_adds,n_removes,n_reopens,n_estimated,n_skipped,soma_rule,soma_date_now,soma_date_next,soma_now_bn,soma_next_bn,ext_1-3y,ext_3-7y,ext_7-10y,ext_10-20y,ext_20y+,cash_1-3y,cash_3-7y,cash_7-10y,cash_10-20y,cash_20y+,fdd_1-3y,fdd_3-7y,fdd_7-10y,fdd_10-20y,fdd_20y+
1990-01,1990-01-31,1990-01-25,False,0.0288718,0.00398379,0.0466753,4.44009,4.46896,1088.86,1091.42,136,136,2,2,0,0,0,auction,,,0,0,0.00258606,0.0326002,-0.0013704,-0.00129456,-0.00364948,0.00237483,0.00469551,0.00232936,0.00220046,0.00620327,0.00496089,0.0372957,0.000958964,0.000905897,0.0025538
1990-02,1990-02-28,1990-02-22,False,0.116844,0.0136757,0.179027,4.43016,4.547,1076.71,1098.7,136,138,5,3,0,0,0,auction,,,0,0,0.00570544,0.00742972,0.0485581,-0.0110242,0.0661745,0.00839234,0.0156897,0.0086277,0.00738248,0.0220913,0.0140978,0.0231194,0.0571858,-0.00364175,0.0882658
1990-03,1990-03-30,1990-03-26,False,0.0216369,0.00243556,0.0326184,4.48718,4.50882,1106.27,1107.31,138,138,2,2,0,2,0,auction,,,0,0,0.00120117,0.0230609,-0.000586917,-0.000505604,-0.00153268,0.00142008,0.00278358,0.00151532,0.00130539,0.00395713,0.00262126,0.0258445,0.000928405,0.000799782,0.00242445
1990-04,1990-04-30,1990-04-24,False,0.0269721,0.00401056,0.0444503,4.33108,4.35805,1086.54,1089.64,138,138,2,2,0,1,0,auction,,,0,0,0.00306715,0.0314043,-0.00172755,-0.00146556,-0.00430628,0.00241586,0.00450719,0.00243149,0.00206273,0.00606098,0.00548301,0.0359115,0.000703935,0.000597177,0.0017547
1990-05,1990-05-31,1990-05-24,False,0.113777,0.0159553,0.186478,4.44276,4.55654,1097.95,1121.46,138,140,5,3,0,0,0,auction,,,0,0,0.0066687,0.00748812,0.0475591,-0.011096,0.0631566,0.00979941,0.0182698,0.00983328,0.00826889,0.0265296,0.0164681,0.0257579,0.0573924,-0.00282707,0.0896861
1990-06,1990-06-29,1990-06-25,False,0.0151068,0.00224996,0.0252363,4.48695,4.50205,1131.2,1134.63,140,140,2,2,0,2,0,auction,,,0,0,0.00261392,0.0209058,-0.00184116,-0.00155537,-0.0050163,0.00131935,0.00256929,0.00136581,0.0011538,0.00372118,0.00393328,0.023475,-0.000475357,-0.000401569,-0.00129512
1990-07,1990-07-31,1990-07-25,False,0.0237448,0.00377943,0.0406682,4.45403,4.47777,1142.86,1147.69,140,140,2,2,0,0,0,auction,,,0,0,0.00370667,0.0316506,-0.00254198,-0.00214896,-0.00692157,0.00226075,0.0042661,0.00227581,0.00192394,0.00619682,0.00596742,0.0359167,-0.000266169,-0.000225016,-0.000724752
1990-08,1990-08-31,1990-08-27,False,0.118598,0.0139013,0.180548,4.33782,4.45641,1123.04,1144.37,140,141,5,4,0,2,0,auction,,,0,0,0.00788513,0.00957454,0.0491638,-0.00923223,0.0612064,0.00860865,0.0158902,0.00834602,0.00675612,0.0223492,0.0164938,0.0254647,0.0575098,-0.00247611,0.0835555
1990-09,1990-09-28,1990-09-24,False,0.0178311,0.00239727,0.0282979,4.34829,4.36612,1145.83,1148.52,141,141,2,2,0,2,0,auction,,,0,0,0.00260534,0.0213816,-0.00138187,-0.0011155,-0.00365845,0.00143382,0.00274506,0.00141152,0.00113943,0.00373695,0.00403916,0.0241266,2.96526e-05,2.39367e-05,7.85044e-05
1990-10,1990-10-31,1990-10-25,False,0.0252959,0.00374428,0.0419292,4.41703,4.44233,1172.37,1177.32,141,141,2,2,0,1,0,auction,,,0,0,0.00355309,0.0331867,-0.00249109,-0.00203909,-0.00691376,0.00225596,0.00422887,0.0022091,0.00180827,0.00613112,0.00580904,0.0374156,-0.000281991,-0.000230824,-0.000782635
1990-11,1990-11-30,1990-11-26,False,0.11544,0.0156178,0.18776,4.51516,4.6306,1183.35,1209.98,141,141,4,4,1,2,0,auction,,,0,0,0.0089429,0.00657513,0.0493268,-0.0109188,0.061514,0.00978804,0.017653,0.00944854,0.00757842,0.0278518,0.0187309,0.0242282,0.0587754,-0.00334038,0.0893658
1990-12,1990-12-31,1990-12-24,False,0.0141343,0.00221971,0.0243232,4.57605,4.59018,1221.16,1225.13,141,141,2,2,0,2,0,auction,,,0,0,0.00339147,0.0200156,-0.00193698,-0.00156091,-0.00577488,0.00134041,0.00250764,0.00132453,0.00106737,0.00394893,0.00473188,0.0225232,-0.00061245,-0.000493541,-0.00182595
1991-01,1991-01-31,1991-01-25,False,0.0200591,0.00355297,0.0363427,4.56303,4.58309,1236.29,1250.37,141,142,3,2,0,0,0,auction,,,0,0,-0.00061419,0.0530537,-0.00669476,-0.00541907,-0.0202666,0.00215784,0.00402442,0.00208848,0.00169052,0.00632234,0.00154365,0.0570782,-0.00460627,-0.00372855,-0.0139443
1991-02,1991-02-28,1991-02-22,False,0.115527,0.0135717,0.179779,4.6187,4.73423,1248.71,1272.8,142,143,5,4,0,0,0,auction,,,0,0,0.00869053,0.00730318,0.0478505,-0.00894366,0.0606264,0.00830617,0.015675,0.00827224,0.00629272,0.0257055,0.0169967,0.0229782,0.0561228,-0.00265094,0.0863319
1991-03,1991-03-28,1991-03-22,False,0.0195189,0.00223185,0.0298186,4.59534,4.61486,1266.04,1269.3,143,143,2,2,0,2,0,auction,,,0,0,0.00239852,0.0244917,-0.00153699,-0.00116369,-0.00467063,0.00132298,0.00258383,0.00133297,0.00100923,0.00405067,0.0037215,0.0270755,-0.000204013,-0.000154463,-0.00061996
1991-04,1991-04-30,1991-04-24,False,0.0221296,0.00352724,0.0383568,4.57841,4.60054,1278.18,1291.14,143,144,3,2,0,1,0,auction,,,0,0,-0.00113872,0.0521524,-0.00594917,-0.00452264,-0.0184122,0.00209762,0.00408398,0.00206907,0.00157294,0.00640361,0.000958906,0.0562363,-0.0038801,-0.00294971,-0.0120086
1991-05,1991-05-31,1991-05-24,False,0.13603,0.0148715,0.205973,4.56709,4.70312,1279.94,1299.38,144,145,5,4,0,0,0,auction,,,0,0,0.00767515,0.0117604,0.052444,-0.00649976,0.0706502,0.00913212,0.0174671,0.00910642,0.00636274,0.0278742,0.0168073,0.0292275,0.0615504,-0.000137017,0.0985245
1991-06,1991-06-28,1991-06-24,False,0.0210147,0.00218051,0.0310297,4.57193,4.59295,1292.27,1295.74,145,145,2,2,0,2,0,auction,,,0,0,0.00261458,0.0259849,-0.00160586,-0.0011189,-0.00486001,0.00128786,0.00255899,0.00130592,0.000909919,0.00395227,0.00390243,0.0285439,-0.000299938,-0.000208985,-0.000907737
1991-07,1991-07-31,1991-07-25,False,0.0234433,0.00364534,0.0401892,4.57034,4.59379,1306.25,1319.52,145,146,3,2,0,0,0,auction,,,0,0,-0.00133916,0.0534647,-0.00599924,-0.00420074,-0.0184823,0.00215921,0.00429622,0.00215237,0.00150712,0.00663099,0.000820052,0.057761,-0.00384686,-0.00269362,-0.0118513
1991-08,1991-08-30,1991-08-26,False,0.107766,0.0135454,0.172059,4.63872,4.74649,1329.4,1359.31,146,148,5,3,0,2,0,auction,,,0,0,0.0104371,0.00181075,0.0476994,-0.00900617,0.0568253,0.0082051,0.0161814,0.00823756,0.0054217,0.0262473,0.0186422,0.0179921,0.0559369,-0.00358448,0.0830726
1991-09,1991-09-30,1991-09-24,False,0.0209733,0.00207903,0.0309056,4.75642,4.7774,1387.06,1390.26,148,148,2,2,0,1,0,auction,,,0,0,0.00290438,0.0249839,-0.00140176,-0.000930565,-0.00458274,0.00120253,0.00249656,0.00126356,0.000838817,0.00413091,0.00410691,0.0274805,-0.000138205,-9.17481e-05,-0.00045183
1991-10,1991-10-31,1991-10-25,False,0.0236176,0.00345397,0.0398414,4.67353,4.69715,1390.43,1403.5,148,149,3,2,0,0,0,auction,,,0,0,-0.000227217,0.0511139,-0.00559249,-0.00368977,-0.0179868,0.00202239,0.00417957,0.00205534,0.00135605,0.00661044,0.00179517,0.0552935,-0.00353716,-0.00233372,-0.0113763
1991-11,1991-11-29,1991-11-22,False,0.115798,0.013796,0.182473,4.7171,4.8329,1408.43,1434.2,149,150,5,4,0,2,0,auction,,,0,0,0.0101748,0.00447997,0.0480522,-0.00694319,0.0600341,0.0083421,0.0169607,0.00860148,0.00523463,0.0275359,0.0185169,0.0214407,0.0566537,-0.00170856,0.08757
1991-12,1991-12-31,1991-12-24,False,0.023489,0.0019405,0.0330345,4.89564,4.91913,1479,1480.94,150,150,2,2,0,0,0,auction,,,0,0,0.00306734,0.0245006,-0.000819123,-0.000506578,-0.00275328,0.0011112,0.00238953,0.0012139,0.000750721,0.00408021,0.00417854,0.0268901,0.000394772,0.000244143,0.00132693
1992-01,1992-01-31,1992-01-27,False,0.0246643,0.00352447,0.0416202,4.78625,4.81091,1462.81,1475.48,150,151,3,2,0,0,0,auction,,,0,0,-0.00017605,0.0509245,-0.00524953,-0.0032322,-0.0176025,0.00203205,0.00431514,0.00213504,0.00131457,0.00715912,0.001856,0.0552397,-0.00311449,-0.00191763,-0.0104434
1992-02,1992-02-28,1992-02-24,False,0.0972152,0.0131431,0.160657,4.72982,4.82703,1444.96,1470.42,151,150,3,4,2,2,0,auction,,,0,0,0.0124962,0.00663262,0.0413079,-0.00622061,0.0429991,0.00794909,0.0161273,0.00812295,0.00463972,0.026603,0.0204453,0.02276,0.0494309,-0.00158089,0.069602
1992-03,1992-03-31,1992-03-25,False,0.0175398,0.00192428,0.0267337,4.76029,4.77783,1471.81,1477.14,150,150,2,2,0,0,0,auction,,,0,0,0.00373169,0.0245727,-0.002197,-0.00125969,-0.00730793,0.00111681,0.0023542,0.00116801,0.000669698,0.00388518,0.0048485,0.0269269,-0.00102899,-0.000589989,-0.00342275
1992-04,1992-04-30,1992-04-24,False,0.0199599,0.00342612,0.0360931,4.68895,4.70891,1481.77,1497.74,150,151,3,2,0,0,0,auction,,,0,0,0.000264206,0.0508455,-0.00641416,-0.00367067,-0.021065,0.00195733,0.00427666,0.00203839,0.00116652,0.00669437,0.00222154,0.0551221,-0.00437576,-0.00250414,-0.0143706
1992-05,1992-05-29,1992-05-22,False,0.0976992,0.0139385,0.165513,4.7675,4.8652,1498.25,1523.89,151,151,4,4,1,0,0,auction,,,0,0,0.0124946,0.00740061,0.0413057,-0.00582009,0.0423183,0.00831347,0.0174485,0.0084165,0.00473938,0.0288955,0.0208081,0.0248492,0.0497222,-0.00108071,0.0712139
1992-06,1992-06-30,1992-06-24,False,0.0191118,0.00174926,0.027533,4.79499,4.8141,1543.06,1547.88,151,151,2,2,0,0,0,auction,,,0,0,0.00357141,0.0248639,-0.00187008,-0.00105412,-0.00639928,0.000997028,0.00220317,0.0010472,0.000590279,0.00358344,0.00456844,0.0270671,-0.000822879,-0.000463836,-0.00281584
1992-07,1992-07-31,1992-07-27,False,0.0209735,0.00337176,0.0374003,4.8509,4.87187,1589.91,1605.58,151,152,3,2,0,2,0,auction,,,0,0,0.000536057,0.0503545,-0.00591258,-0.00334929,-0.0206552,0.00185423,0.00434066,0.00202215,0.00114549,0.00706425,0.00239028,0.0546952,-0.00389043,-0.00220381,-0.0135909
1992-08,1992-08-31,1992-08-25,False,0.0989076,0.0117635,0.157309,4.8657,4.96461,1592.89,1616.12,152,153,5,4,0,1,0,auction,,,0,0,0.0126991,0.00954899,0.0400409,-0.00488321,0.0415017,0.0067215,0.0151741,0.00706437,0.00393845,0.0255028,0.0194206,0.024723,0.0471053,-0.000944755,0.0670046
1992-09,1992-09-30,1992-09-24,False,0.0216802,0.00173102,0.0302349,4.92034,4.94202,1639.48,1642.86,153,153,2,2,0,0,0,auction,,,0,0,0.00296085,0.0251069,-0.00123343,-0.000691307,-0.00446279,0.000948464,0.00224459,0.00103533,0.00058028,0.00374605,0.00390932,0.0273515,-0.000198094,-0.000111027,-0.000716743
1992-10,1992-10-30,1992-10-26,False,0.023413,0.00340425,0.0398432,4.80297,4.82639,1617.69,1632.15,153,154,3,2,0,2,0,auction,,,0,0,0.000295205,0.0497814,-0.00519284,-0.00289873,-0.0185721,0.00182936,0.00444365,0.00197815,0.00110424,0.00707482,0.00212456,0.0542251,-0.00321468,-0.00179449,-0.0114973
1992-11,1992-11-30,1992-11-23,False,0.115575,0.013302,0.181538,4.84324,4.95882,1614.58,1631.85,154,154,4,4,1,1,0,auction,,,0,0,0.0108713,0.0144009,0.0415288,-0.00328976,0.0520641,0.00744188,0.0174286,0.00799856,0.00409168,0.0290016,0.0183132,0.0318295,0.0495274,0.00080192,0.0810656
1992-12,1992-12-31,1992-12-24,False,0.0194561,0.00161498,0.0274734,4.94486,4.96432,1651.24,1656.04,154,154,2,2,0,0,0,auction,,,0,0,0.00321506,0.0253217,-0.00172937,-0.000891108,-0.00646017,0.000862096,0.00210917,0.000960988,0.000495176,0.00358983,0.00407715,0.0274309,-0.000768384,-0.000395932,-0.00287034
1993-01,1993-01-29,1993-01-25,True,0.0214325,0.00334044,0.0380338,4.94836,4.9698,1677.83,1693.35,154,155,3,2,0,2,0,auction,,,0,0,0.000166094,0.0501704,-0.00544575,-0.00281252,-0.0206457,0.0017342,0.0044269,0.00196702,0.00101589,0.00745729,0.0019003,0.0545973,-0.00347873,-0.00179663,-0.0131884
1993-02,1993-02-26,1993-02-22,True,0.0849948,0.0112802,0.142934,5.05139,5.13638,1710.45,1737.47,155,157,5,3,0,2,0,auction,,,0,0,0.0135427,0.00718994,0.0371466,-0.00458936,0.0317049,0.00624774,0.0148699,0.00692391,0.00327686,0.0266209,0.0197904,0.0220599,0.0440706,-0.0013125,0.0583258
1993-03,1993-03-31,1993-03-25,True,0.0235434,0.00154014,0.0314383,5.10261,5.12615,1752.38,1754.88,157,157,2,2,0,0,0,auction,,,0,0,0.00272354,0.0255029,-0.000866007,-0.00041251,-0.00340454,0.000837279,0.00200409,0.000934528,0.000445149,0.00367392,0.00356082,0.027507,6.85219e-05,3.26394e-05,0.000269381
1993-04,1993-04-30,1993-04-26,True,0.0238911,0.0032748,0.0405565,5.06509,5.08898,1762.85,1776.43,157,158,3,2,0,2,0,auction,,,0,0,1.15958e-05,0.0488593,-0.00461466,-0.00219455,-0.0181706,0.0017813,0.00427031,0.00196075,0.000932453,0.00772058,0.00179289,0.0531296,-0.00265392,-0.0012621,-0.01045
1993-05,1993-05-28,1993-05-24,True,0.0938723,0.01213,0.155966,5.02515,5.11902,1742.44,1761.97,158,157,3,4,2,2,0,auction,,,0,0,0.0123728,0.0129274,0.0381025,-0.00294945,0.033419,0.0071029,0.0157131,0.00744307,0.00319109,0.0286435,0.0194757,0.0286404,0.0455456,0.000241635,0.0620626
1993-06,1993-06-30,1993-06-24,True,0.0222212,0.00152101,0.0300639,5.13402,5.15624,1788.39,1791.38,157,157,2,2,0,0,0,auction,,,0,0,0.00304432,0.0247126,-0.00102387,-0.000442317,-0.00406952,0.000868928,0.00194375,0.000930335,0.00040191,0.00369777,0.00391325,0.0266564,-9.35322e-05,-4.04065e-05,-0.000371759
1993-07,1993-07-30,1993-07-26,True,0.0177032,0.00333302,0.0347761,5.10466,5.12236,1792.39,1797.28,157,157,2,2,0,2,0,auction,,,0,0,0.00338042,0.0233362,-0.00164386,-0.000711721,-0.00665784,0.00191552,0.00415803,0.00200606,0.000868538,0.00812479,0.00529594,0.0274942,0.0003622,0.000156817,0.00146695
1993-08,1993-08-31,1993-08-25,True,0.107622,0.011159,0.167648,5.27149,5.37911,1826.32,1848.94,157,158,5,4,0,0,0,auction,,,0,0,0.012078,0.0107728,0.0384905,-0.00302415,0.0493052,0.00639824,0.0141215,0.00700318,0.00272436,0.029778,0.0184763,0.0248943,0.0454936,-0.000299794,0.0790832
1993-09,1993-09-30,1993-09-24,True,0.019699,0.00134936,0.0269479,5.35238,5.37207,1861.77,1865.41,158,158,2,2,0,0,0,auction,,,0,0,0.00309079,0.0235723,-0.00121317,-0.000474359,-0.0052765,0.000759633,0.00168355,0.000837171,0.00032734,0.00364114,0.00385042,0.0252558,-0.000376,-0.000147019,-0.00163535
1993-10,1993-10-29,1993-10-25,True,0.0159207,0.00321274,0.0328631,5.25757,5.2735,1857.69,1863.18,158,158,2,2,0,2,0,auction,,,0,0,0.00372112,0.0224786,-0.00181277,-0.000706533,-0.0077597,0.00183178,0.00394021,0.00196997,0.000767803,0.00843261,0.00555289,0.0264188,0.000157201,6.12697e-05,0.000672911
1993-11,1993-11-30,1993-11-23,True,0.0564074,0.0112676,0.115131,5.15528,5.21169,1822.31,1835.89,158,157,3,4,1,0,0,auction,,,0,0,0.0159019,0.01725,0.0435163,-0.00145643,-0.0188043,0.00695036,0.0138206,0.00732096,0.00220193,0.0284295,0.0228523,0.0310706,0.0508372,0.000745492,0.00962519
1993-12,1993-12-31,1993-12-27,True,0.0208068,0.00140907,0.0281066,5.15981,5.18062,1849.74,1853.24,157,157,2,2,0,0,0,auction,,,0,0,0.00344961,0.023741,-0.00121881,-0.000367816,-0.00479719,0.000847993,0.00170381,0.000906501,0.000273567,0.00356797,0.00429761,0.0254448,-0.000312305,-9.42485e-05,-0.00122922
1994-01,1994-01-31,1994-01-25,True,0.0147531,0.00324132,0.031306,5.0921,5.10685,1852.35,1859.43,157,157,2,2,0,1,0,auction,,,0,0,0.00358559,0.0238173,-0.00242654,-0.000731449,-0.00949186,0.00197204,0.00385767,0.00205697,0.000620047,0.00804621,0.00555764,0.027675,-0.000369572,-0.000111403,-0.00144565
1994-02,1994-02-28,1994-02-22,True,0.110186,0.0114858,0.168972,5.00801,5.1182,1814.97,1835.85,157,156,4,5,1,2,0,auction,,,0,0,0.0116513,0.0122553,0.0413885,-0.00215968,0.0470503,0.00710493,0.0139775,0.0072091,0.00215647,0.0283386,0.0187562,0.0262328,0.0485976,-3.21137e-06,0.0753889
1994-03,1994-03-31,1994-03-25,True,-0.000436527,0.00135863,0.00623834,4.91336,4.91293,1797.99,1811.17,156,157,2,1,0,0,0,auction,,,0,0,0.00508249,0.017237,-0.00442421,-0.00131714,-0.0170146,0.000839286,0.00161864,0.000819856,0.00024408,0.003153,0.00592178,0.0188556,-0.00360435,-0.00107306,-0.0138616
1994-04,1994-04-29,1994-04-22,True,0.01354,0.00331108,0.0294446,4.78989,4.80343,1784.87,1791.83,157,157,2,2,0,2,0,auction,,,0,0,0.00379294,0.0215024,-0.0023038,-0.000683754,-0.00876772,0.00207561,0.00384369,0.00195691,0.0005808,0.00744755,0.00586854,0.025346,-0.000346889,-0.000102954,-0.00132018
1994-05,1994-05-31,1994-05-24,True,0.0683255,0.0114182,0.122957,4.71626,4.78459,1762.74,1771.46,157,155,4,6,0,1,0,auction,,,0,0,0.0144657,0.0203496,0.0451195,-0.000762246,-0.0108471,0.00743014,0.0134944,0.00690643,0.00175966,0.0250408,0.0218958,0.0338441,0.052026,0.000997413,0.0141937
1994-06,1994-06-30,1994-06-24,True,0.00166647,0.00144918,0.00845653,4.68377,4.68544,1771.36,1784.04,155,156,2,1,0,0,0,auction,,,0,0,0.00462466,0.0176625,-0.00424593,-0.00108342,-0.0152913,0.000931741,0.00168311,0.000859705,0.000219368,0.00309614,0.0055564,0.0193456,-0.00338623,-0.000864053,-0.0121952
1994-07,1994-07-29,1994-07-25,True,0.0153876,0.00338351,0.0310779,4.62189,4.63727,1785.04,1791.32,156,156,2,2,0,2,0,auction,,,0,0,0.00367215,0.0217769,-0.00205581,-0.000525116,-0.00748048,0.00218617,0.00382846,0.00197698,0.00050498,0.00719365,0.00585832,0.0256054,-7.88284e-05,-2.01351e-05,-0.000286833
1994-08,1994-08-31,1994-08-25,True,0.105248,0.0119399,0.1614,4.59758,4.70282,1776.21,1798.74,156,157,5,4,0,0,0,auction,,,0,0,0.0104909,0.0112795,0.0396129,-0.001615,0.0454801,0.00792067,0.0136937,0.00716433,0.00151995,0.0258528,0.0184115,0.0249732,0.0467772,-9.50521e-05,0.0713329
1994-09,1994-09-30,1994-09-26,True,0.00122153,0.00162869,0.00864865,4.55896,4.56018,1784.31,1797.52,157,158,2,1,0,2,0,auction,,,0,0,0.00456388,0.0172264,-0.00431277,-0.000913415,-0.0153426,0.00106791,0.0018311,0.000949432,0.000201083,0.00337759,0.00563179,0.0190575,-0.00336334,-0.000712332,-0.011965
1994-10,1994-10-31,1994-10-25,True,0.0162922,0.00347434,0.0317558,4.43453,4.45082,1778.08,1783.96,158,157,1,2,1,1,0,auction,,,0,0,0.00337171,0.0218194,-0.00188364,-0.000398013,-0.00661727,0.0023043,0.00380965,0.00197905,0.000418174,0.00695246,0.00567601,0.025629,9.54142e-05,2.0161e-05,0.000335192
1994-11,1994-11-30,1994-11-23,True,0.066743,0.0117132,0.119783,4.46151,4.52825,1771.89,1780.57,157,156,4,5,0,0,0,auction,,,0,0,0.0135703,0.019929,0.043655,-0.000410047,-0.0100011,0.00796699,0.0134362,0.00676177,0.000979717,0.0238955,0.0215372,0.0333652,0.0504167,0.00056967,0.0138944
1994-12,1994-12-30,1994-12-23,True,0.00287658,0.00175236,0.0107532,4.49198,4.49485,1779.48,1791.77,156,157,2,1,0,0,0,auction,,,0,0,0.00414806,0.0174446,-0.00391073,-0.000569368,-0.014236,0.00116564,0.00196201,0.000992295,0.000144469,0.00361218,0.0053137,0.0194066,-0.00291843,-0.000424898,-0.0106238
1995-01,1995-01-31,1995-01-25,True,0.0353115,0.00350504,0.0509078,4.41436,4.44968,1802.45,1798.35,157,156,2,3,0,0,0,auction,,,0,0,0.00174453,0.0274598,0.00127907,0.00018646,0.00464164,0.00233185,0.00385522,0.00197065,0.000287277,0.00715131,0.00407638,0.031315,0.00324971,0.000473737,0.011793
1995-02,1995-02-28,1995-02-22,True,0.128357,0.0119296,0.183829,4.52154,4.6499,1822.35,1832.88,156,155,5,6,0,1,0,auction,,,0,0,0.00796423,0.0187321,0.0428384,-0.00095872,0.0597811,0.00807856,0.0130457,0.00726777,0.00197889,0.0251007,0.0160428,0.0317778,0.0501062,0.00102017,0.0848818
1995-03,1995-03-31,1995-03-27,True,0.0211395,0.00190446,0.0300096,4.63642,4.65756,1863.31,1866.31,155,155,2,2,0,2,0,auction,,,0,0,0.00290995,0.0229265,-0.000977977,-0.00026894,-0.00345011,0.00125567,0.00205699,0.00115713,0.000318207,0.00408213,0.00416563,0.0249835,0.000179156,4.92671e-05,0.000632026
1995-04,1995-04-28,1995-04-24,True,0.0358035,0.00350275,0.0520711,4.60843,4.64423,1876.34,1872.49,155,154,2,3,0,2,0,auction,,,0,0,0.00193369,0.0278971,0.0012401,0.000341595,0.00439106,0.00231928,0.00373165,0.00212125,0.000584314,0.00751111,0.00425297,0.0316287,0.00336135,0.000925909,0.0119022
1995-05,1995-05-31,1995-05-24,True,0.0889391,0.0111895,0.143548,4.79142,4.88036,1909.54,1908.05,154,154,4,4,0,0,0,auction,,,0,0,0.0121837,0.0265315,0.0482858,0.000120703,0.00181732,0.00748641,0.0121496,0.00728463,0.00172446,0.0259637,0.0196701,0.0386812,0.0555705,0.00184516,0.027781
1995-06,1995-06-30,1995-06-26,True,0.0224724,0.00197331,0.0321503,4.88194,4.90441,1940.98,1943.69,154,154,2,2,0,2,0,auction,,,0,0,0.003004,0.0238988,-0.000905762,-0.000217135,-0.00330747,0.00128465,0.00211576,0.0012834,0.000307664,0.00468644,0.00428865,0.0260145,0.000377634,9.05288e-05,0.00137897
1995-07,1995-07-31,1995-07-25,True,0.0380326,0.00333,0.0539649,4.74644,4.78448,1918.78,1913.83,154,153,2,3,0,1,0,auction,,,0,0,0.00187414,0.0282372,0.00164606,0.000391464,0.00588374,0.00219566,0.00350863,0.00212541,0.000505461,0.00759713,0.0040698,0.0317458,0.00377147,0.000896925,0.0134809
1995-08,1995-08-31,1995-08-25,True,0.100722,0.0117459,0.15813,4.78677,4.88749,1908.08,1937.24,153,155,5,3,0,0,0,auction,,,0,0,0.0107737,0.00920519,0.0399723,-0.00238084,0.0431514,0.00794063,0.0127386,0.00769726,0.00182977,0.0272016,0.0187143,0.0219438,0.0476696,-0.000551071,0.0703531
1995-09,1995-09-29,1995-09-25,True,0.0226727,0.00191185,0.0319978,4.85482,4.87749,1952.62,1955.1,155,155,2,2,0,2,0,auction,,,0,0,0.00288279,0.0237797,-0.000824434,-0.000197953,-0.00296735,0.00126302,0.00204604,0.00124314,0.000298487,0.00447436,0.00414581,0.0258257,0.000418703,0.000100534,0.00150702
1995-10,1995-10-31,1995-10-25,True,0.0378344,0.00322317,0.0537875,4.91167,4.94951,1985.19,1980.06,155,155,2,2,0,0,0,auction,,,0,0,0.00187324,0.0275907,0.00168098,0.00041471,0.0062748,0.0021145,0.00338385,0.00209954,0.000517974,0.00783724,0.00398775,0.0309745,0.00378052,0.000932684,0.014112
1995-11,1995-11-30,1995-11-24,True,0.0929222,0.0108012,0.14723,4.93498,5.0279,1975.51,1973.8,155,155,4,4,0,2,0,auction,,,0,0,0.0120873,0.027097,0.0514802,0.000181689,0.00207601,0.00726655,0.0113202,0.00749352,0.00227158,0.0259555,0.0193539,0.0384172,0.0589737,0.00245327,0.0280315
1995-12,1995-12-29,1995-12-22,True,0.0215717,0.00189688,0.0311666,5.0367,5.05827,1999.59,2003.01,155,155,2,2,0,0,0,auction,,,0,0,0.00305619,0.0242698,-0.0011815,-0.000365843,-0.00420698,0.00125132,0.00196788,0.00130909,0.00040535,0.00466129,0.00430751,0.0262377,0.00012759,3.95073e-05,0.000454311
1996-01,1996-01-31,1996-01-25,True,0.0381875,0.00302776,0.0533379,4.96563,5.00382,2009.79,2005.01,155,154,2,3,0,0,0,auction,,,0,0,0.00203838,0.0282495,0.00162571,0.000502874,0.00577106,0.00199493,0.00308518,0.00207241,0.00064105,0.00735679,0.00403331,0.0313347,0.00369811,0.00114392,0.0131279
1996-02,1996-02-29,1996-02-23,True,0.103397,0.0118984,0.162619,4.87393,4.97733,1967.93,1996.99,154,155,4,3,1,2,0,auction,,,0,0,0.0111474,0.0106128,0.0422102,-0.00338526,0.0428119,0.00815293,0.012716,0.00795038,0.00272772,0.027675,0.0193003,0.0233288,0.0501606,-0.000657535,0.0704869
1996-03,1996-03-29,1996-03-25,True,0.0576986,0.00188171,0.06692,4.84282,4.90052,1972.27,1943.52,155,153,0,2,0,0,0,auction,,,0,0,-0.00401654,0.0151777,0.00967371,0.00330711,0.0335567,0.00125532,0.0019591,0.00124866,0.000426874,0.00433142,-0.00276122,0.0171368,0.0109224,0.00373398,0.0378881
1996-04,1996-04-30,1996-04-24,True,0.00754556,0.00313405,0.0224655,4.75304,4.76059,1922.78,1948.4,153,154,4,3,0,0,0,auction,,,0,0,0.00828969,0.0398987,-0.00853835,-0.00289209,-0.0292124,0.0021303,0.00322909,0.0020085,0.000680315,0.00687173,0.01042,0.0431278,-0.00652985,-0.00221177,-0.0223407
1996-05,1996-05-31,1996-05-24,True,0.0742364,0.010892,0.126546,4.72829,4.80253,1933.59,1942.89,154,154,4,4,0,2,0,auction,,,0,0,0.0138826,0.0224528,0.0494697,-0.00152717,-0.0100415,0.00760562,0.0111306,0.00736299,0.00345996,0.0227501,0.0214882,0.0335835,0.0568327,0.00193279,0.0127086
1996-06,1996-06-28,1996-06-24,True,0.0234631,0.0019107,0.0324083,4.65817,4.68164,1925.75,1928.9,154,154,2,2,0,2,0,auction,,,0,0,0.00275087,0.0256004,-0.00108267,-0.000505698,-0.00329979,0.0013156,0.00193035,0.00126232,0.000589611,0.00384735,0.00406647,0.0275308,0.000179653,8.39133e-05,0.000547554
1996-07,1996-07-31,1996-07-25,True,0.0517139,0.00289605,0.0652963,4.63825,4.68996,1940.74,1945.83,154,154,3,3,0,0,0,auction,,,0,0,-0.00183288,0.024488,0.0351668,-0.000812045,-0.00529595,0.00197677,0.00285787,0.00200313,0.000896679,0.0058479,0.000143893,0.0273459,0.0371699,8.46333e-05,0.000551956
1996-08,1996-08-30,1996-08-26,True,0.106541,0.012446,0.16598,4.66918,4.77572,1937.22,1952.48,154,154,4,4,1,2,0,auction,,,0,0,0.0116612,0.0189789,0.0319473,-0.00242595,0.0463795,0.00868167,0.0129719,0.00808977,0.00383475,0.0258607,0.0203429,0.0319508,0.0400371,0.00140879,0.0722403
1996-09,1996-09-30,1996-09-24,True,0.023776,0.00190112,0.0327815,4.71319,4.73697,1961.43,1964.12,154,154,2,2,0,2,0,auction,,,0,0,0.0024324,0.0254789,-0.00088126,-0.000420191,-0.0028338,0.00130272,0.00196627,0.00122251,0.000582901,0.00393112,0.00373511,0.0274451,0.000341248,0.00016271,0.00109733
1996-10,1996-10-31,1996-10-25,True,0.0536441,0.00287419,0.0673927,4.72982,4.78346,1989.96,1993.5,154,154,3,3,0,0,0,auction,,,0,0,-0.00207376,0.0248806,0.0351275,-0.000552606,-0.0037376,0.00194654,0.00291106,0.00194616,0.000894535,0.00605027,-0.000127217,0.0277916,0.0370737,0.000341929,0.00231267
1996-11,1996-11-29,1996-11-22,True,0.110613,0.0105551,0.163287,4.87981,4.99042,2014.2,2027.99,154,154,4,4,1,0,0,auction,,,0,0,0.0105494,0.0195992,0.0322425,-0.00294723,0.0511689,0.00724983,0.0107338,0.00732545,0.0045433,0.0228217,0.0177993,0.030333,0.039568,0.00159607,0.0739906
1996-12,1996-12-31,1996-12-24,True,0.02593,0.00190488,0.0352515,4.86756,4.89349,2018.83,2020.12,154,154,2,2,0,0,0,auction,,,0,0,0.00223351,0.0257562,-0.000435866,-0.000270498,-0.00135333,0.00128552,0.00191585,0.00129512,0.000803752,0.00402125,0.00351902,0.027672,0.000859258,0.000533254,0.00266793
1997-01,1997-01-31,1997-01-27,True,0.0441963,0.00309162,0.0589011,4.71215,4.75634,1995.82,1987.45,154,153,2,3,0,0,0,auction,,,0,0,0.000725958,0.0305045,0.00280036,0.00170941,0.00845605,0.00209016,0.0030554,0.0020646,0.00126029,0.00623435,0.00281612,0.0335599,0.00486496,0.00296969,0.0146904
1997-02,1997-02-28,1997-02-24,True,0.113515,0.0121281,0.1734,4.8242,4.93771,1996.98,2011.02,153,155,5,3,0,2,0,auction,,,0,0,0.00882354,0.0195653,0.0387618,-0.00293339,0.0492978,0.00834186,0.0121638,0.00825641,0.00506103,0.0260618,0.0171654,0.0317291,0.0470182,0.00212764,0.0753596
1997-03,1997-03-31,1997-03-24,True,0.026872,0.00195338,0.0362671,4.78276,4.80964,1984.14,1984.78,155,155,2,2,0,2,0,auction,,,0,0,0.00165674,0.0262367,-0.000216945,-0.000131566,-0.000672899,0.00132974,0.0019418,0.00130062,0.000788759,0.00403414,0.00298648,0.0281785,0.00108367,0.000657193,0.00336124
1997-04,1997-04-30,1997-04-24,True,0.0449125,0.00310314,0.0596001,4.68822,4.73313,1970.94,1962.13,155,154,2,3,0,0,0,auction,,,0,0,0.000375372,0.0307862,0.00293721,0.0017771,0.00903667,0.00211347,0.00303094,0.00203842,0.0012333,0.00627142,0.00248884,0.0338171,0.00497563,0.00301041,0.0153081
1997-05,1997-05-30,1997-05-23,True,0.0777316,0.0107418,0.129625,4.75328,4.83101,1969.75,1970.91,154,154,4,4,0,2,0,auction,,,0,0,0.010969,0.0250941,0.0431222,-0.000302781,-0.00115085,0.00747637,0.0108628,0.00705799,0.00551901,0.0209774,0.0184453,0.0359569,0.0501802,0.00521623,0.0198266
1997-06,1997-06-30,1997-06-24,True,0.0312489,0.00196273,0.0408326,4.85155,4.8828,2005.66,2002.81,154,154,2,2,0,1,0,auction,,,0,0,0.000947547,0.0257482,0.000933062,0.000749028,0.00287108,0.00132307,0.00196297,0.00129054,0.001036,0.00397105,0.00227062,0.0277112,0.0022236,0.00178502,0.00684213
1997-07,1997-07-31,1997-07-25,True,0.0496369,0.0029358,0.0641569,4.89619,4.94582,2030.32,2018.11,154,153,2,3,0,0,0,auction,,,0,0,-0.000297929,0.0301102,0.00396384,0.00325882,0.0126019,0.00191931,0.00292207,0.00193519,0.00159099,0.0061524,0.00162138,0.0330323,0.00589903,0.00484981,0.0187543
1997-08,1997-08-29,1997-08-25,True,0.12606,0.0124077,0.187782,4.84844,4.9745,1984.29,1989.45,153,154,5,4,0,2,0,auction,,,0,0,0.0060517,0.0219559,0.0418794,-0.00160635,0.057779,0.00831733,0.012749,0.00802931,0.00766319,0.0249634,0.014369,0.0347049,0.0499087,0.00605683,0.0827424
1997-09,1997-09-30,1997-09-24,True,0.0303259,0.00196615,0.0402675,5.02603,5.05636,2028.39,2026.04,154,154,2,2,0,0,0,auction,,,0,0,0.00101753,0.0253824,0.000750375,0.000739265,0.00243639,0.00127813,0.00199649,0.00127424,0.00125538,0.00413734,0.00229566,0.0273789,0.00202462,0.00199464,0.00657374
1997-10,1997-10-31,1997-10-27,True,0.0503739,0.00289023,0.0650044,5.0117,5.06208,2042.99,2030.2,154,153,2,3,0,2,0,auction,,,0,0,-0.000469376,0.0294512,0.00404677,0.00403089,0.0133144,0.0018263,0.00292081,0.00186967,0.00186233,0.00615144,0.00135693,0.032372,0.00591643,0.00589322,0.0194658
1997-11,1997-11-28,1997-11-21,True,0.126448,0.010462,0.181256,5.11232,5.23876,2027.88,2032.32,153,153,4,4,1,2,0,auction,,,0,0,0.00415322,0.0210672,0.0390609,-0.00143582,0.0636027,0.00673741,0.0110161,0.00652414,0.00687034,0.0236602,0.0108906,0.0320833,0.0455851,0.00543452,0.0872629
1997-12,1997-12-31,1997-12-24,True,0.031538,0.0019009,0.0415001,5.20922,5.24076,2048.05,2044.67,153,153,2,2,0,0,0,auction,,,0,0,0.000849457,0.0247984,0.00101733,0.00109069,0.00378217,0.00119028,0.00197174,0.00117449,0.00125919,0.00436644,0.00203974,0.0267701,0.00219182,0.00234988,0.00814861
1998-01,1998-01-30,1998-01-26,True,0.0522085,0.00267456,0.0661859,5.17383,5.22604,2062.02,2048.73,153,152,2,3,0,2,0,auction,,,0,0,-0.000661928,0.0297791,0.00398569,0.00428408,0.0148216,0.00163375,0.00276801,0.00165279,0.00177653,0.00614625,0.000971826,0.0325471,0.00563849,0.00606061,0.0209679
1998-02,1998-02-27,1998-02-23,True,0.131121,0.0123441,0.19711,5.21465,5.34577,2030.55,2034.93,152,152,4,4,1,2,0,auction,,,0,0,0.0031579,0.0211699,0.0432278,-0.00144115,0.0650067,0.00773957,0.0129586,0.00773819,0.0082332,0.0293193,0.0108975,0.0341286,0.050966,0.00679204,0.0943261
1998-03,1998-03-31,1998-03-25,True,0.0322265,0.00194791,0.0425475,5.26627,5.2985,2034.39,2030.7,152,152,2,2,0,0,0,auction,,,0,0,0.000448507,0.0251614,0.00112462,0.00120377,0.00428819,0.00119928,0.00202062,0.00120698,0.00129192,0.00460221,0.00164779,0.0271821,0.0023316,0.0024957,0.0088904
1998-04,1998-04-30,1998-04-24,True,0.0547564,0.00271362,0.0690892,5.22706,5.28182,2032.69,2018.27,152,151,2,3,0,2,0,auction,,,0,0,-0.00177514,0.030673,0.00437595,0.00470439,0.0167781,0.00163606,0.00280132,0.00167458,0.00180026,0.00642061,-0.000139077,0.0334743,0.00605053,0.00650465,0.0231987
1998-05,1998-05-29,1998-05-22,True,0.0968349,0.0105858,0.153726,5.27746,5.3743,2008.08,1997.08,151,151,4,4,0,2,0,auction,,,0,0,0.00200851,0.0295099,0.04847,0.0040166,0.0128299,0.00655741,0.0112809,0.00649474,0.00776265,0.0247957,0.00856592,0.0407908,0.0549648,0.0117793,0.0376257
1998-06,1998-06-30,1998-06-24,True,0.032547,0.00188555,0.04276,5.38392,5.41647,2024.77,2020.75,151,151,2,2,0,0,0,auction,,,0,0,-0.000500264,0.0255655,0.00121072,0.00148187,0.00478914,0.00113327,0.00197715,0.00114937,0.00140678,0.00454647,0.000633002,0.0275426,0.00236009,0.00288865,0.00933561
1998-07,1998-07-31,1998-07-27,True,0.0551608,0.0025223,0.0687292,5.32421,5.37937,2023.45,2001.44,151,149,1,3,0,1,0,auction,,,0,0,0.00307494,0.0111245,0.00663232,0.00811979,0.0262093,0.00149433,0.00257877,0.00153744,0.00188225,0.00607559,0.00456927,0.0137032,0.00816976,0.010002,0.0322849
1998-08,1998-08-31,1998-08-25,True,0.147983,0.0122927,0.216861,5.45518,5.60317,2014.13,2010.39,149,148,3,4,1,1,0,auction,,,0,0,-0.0112802,0.0365999,0.0429811,0.00142023,0.0782622,0.00729519,0.0133448,0.00720147,0.00940041,0.031636,-0.00398505,0.0499448,0.0501826,0.0108206,0.109898
1998-09,1998-09-30,1998-09-24,True,0.035243,0.00183343,0.0456401,5.63559,5.67083,2066.14,2053.7,148,147,1,2,0,0,0,auction,,,0,0,0.0046303,0.00640174,0.00360499,0.00470493,0.0159011,0.00107097,0.00195028,0.00109826,0.00143335,0.00484424,0.00570126,0.00835203,0.00470325,0.00613828,0.0207453
1998-10,1998-10-30,1998-10-26,True,0.055247,0.00240621,0.068819,5.58515,5.64039,2060.17,2039.16,147,145,1,3,0,1,0,auction,,,0,0,0.00363487,0.0105896,0.00607053,0.00794696,0.0270051,0.001393,0.00249883,0.00143247,0.00187525,0.00637241,0.00502786,0.0130884,0.007503,0.00982221,0.0333775
1998-11,1998-11-30,1998-11-23,True,0.151729,0.0104294,0.211554,5.58452,5.73625,2005.82,2003.48,145,145,4,4,0,1,0,auction,,,0,0,-0.0106541,0.0360344,0.0474123,0.000989056,0.0779472,0.00627919,0.0109378,0.00624719,0.00884911,0.027512,-0.00437487,0.0469722,0.0536595,0.00983817,0.105459
1998-12,1998-12-31,1998-12-24,True,0.0352701,0.00179883,0.0455078,5.65604,5.69131,2001.13,1989.2,145,144,1,2,0,1,0,auction,,,0,0,0.00488783,0.00604642,0.00354935,0.00504423,0.0157423,0.00107316,0.00182385,0.00107063,0.00152155,0.00474851,0.00596098,0.00787027,0.00461997,0.00656578,0.0204908
1999-01,1999-01-29,1999-01-25,True,0.0591089,0.00216928,0.0715399,5.67138,5.73049,2011.11,1989.21,144,142,1,3,0,1,0,auction,,,0,0,0.00309745,0.0107416,0.00650712,0.00939425,0.0293684,0.00127154,0.00214011,0.00129645,0.00187167,0.00585124,0.00436899,0.0128817,0.00780357,0.0112659,0.0352196
1999-02,1999-02-26,1999-02-22,True,0.151872,0.0123988,0.223429,5.61935,5.77122,1939.29,1933.8,142,141,3,4,1,1,0,auction,,,0,0,-0.0107423,0.0365802,0.0403777,0.00282252,0.0828339,0.00722404,0.0130447,0.00708448,0.012356,0.0318473,-0.00351825,0.0496249,0.0474622,0.0151785,0.114681
1999-03,1999-03-31,1999-03-25,True,0.0334853,0.00171402,0.0431557,5.60849,5.64198,1918.37,1907.62,141,140,1,2,0,0,0,auction,,,0,0,0.00513692,0.00572548,0.00316768,0.00548284,0.0139724,0.000999864,0.00175119,0.00096886,0.00167697,0.00427357,0.00613678,0.00747667,0.00413654,0.00715981,0.018246
1999-04,1999-04-30,1999-04-26,True,0.0563797,0.00216793,0.0686009,5.58089,5.63727,1914.41,1894.37,140,138,1,3,0,1,0,auction,,,0,0,0.00338701,0.0103834,0.00591145,0.0103281,0.0263697,0.0012485,0.00214999,0.00122403,0.00213854,0.00546014,0.00463551,0.0125334,0.00713547,0.0124666,0.0318299
1999-05,1999-05-28,1999-05-24,True,0.104823,0.0111125,0.167484,5.53389,5.63871,1856.38,1845.58,138,137,3,4,0,1,0,auction,,,0,0,-0.00834487,0.0406815,0.0524142,0.00567054,0.014402,0.00653376,0.0114792,0.00628399,0.0108378,0.0275257,-0.00181111,0.0521607,0.0586982,0.0165083,0.0419277
1999-06,1999-06-30,1999-06-24,True,0.0293618,0.00171582,0.0386857,5.4047,5.43406,1805.8,1796.98,137,136,1,2,0,0,0,auction,,,0,0,0.00571699,0.00488308,0.00269208,0.00457598,0.0114936,0.00101678,0.00171557,0.00094581,0.00160768,0.00403805,0.00673377,0.00659866,0.00363789,0.00618366,0.0155317
1999-07,1999-07-30,1999-07-26,True,0.0371486,0.00195706,0.0478241,5.41772,5.45487,1819.05,1807.06,136,135,1,2,0,1,0,auction,,,0,0,0.00503023,0.00681093,0.0032114,0.0062769,0.0158191,0.00114083,0.0020219,0.000953339,0.00186337,0.00469609,0.00617105,0.00883283,0.00416474,0.00814027,0.0205152
1999-08,1999-08-31,1999-08-25,True,0.157328,0.0129258,0.230262,5.48522,5.64255,1801.67,1800.58,135,135,4,4,0,0,0,auction,,,0,0,-0.0124283,0.0366393,0.0510194,0.000667192,0.0814302,0.00773608,0.0130508,0.00697664,0.0142879,0.0308829,-0.00469221,0.0496901,0.057996,0.0149551,0.112313
1999-09,1999-09-30,1999-09-24,True,0.0377261,0.00160453,0.0466761,5.54024,5.57797,1801.54,1789.76,135,134,1,2,0,1,0,auction,,,0,0,0.00516011,0.00641917,0.00351779,0.00718211,0.0154469,0.000955465,0.00157583,0.000863576,0.00176313,0.00379203,0.00611558,0.007995,0.00438136,0.00894523,0.0192389
1999-10,1999-10-29,1999-10-25,True,0.0391625,0.00199711,0.0499361,5.35542,5.39458,1754.26,1741.78,134,133,1,2,0,1,0,auction,,,0,0,0.00505117,0.00722433,0.00329835,0.0075653,0.0160234,0.00119344,0.00202894,0.000926335,0.0021247,0.00450014,0.00624461,0.00925327,0.00422468,0.00968999,0.0205235
1999-11,1999-11-30,1999-11-23,True,0.107462,0.0114761,0.17134,5.45874,5.5662,1746.59,1733.15,133,130,1,4,2,0,0,auction,,,0,0,-0.00861386,0.0442613,0.0453223,0.00845911,0.0180329,0.00670643,0.0117941,0.00586333,0.0126172,0.0268971,-0.00190743,0.0560555,0.0511857,0.0210763,0.04493
1999-12,1999-12-31,1999-12-27,True,0.0390519,0.00167462,0.0481284,5.38095,5.42,1713.44,1701.46,130,128,0,2,1,0,0,auction,,,0,0,0.00520826,0.00697362,0.00352136,0.00749538,0.0158533,0.000973223,0.0016697,0.000843124,0.00179463,0.00379578,0.00618148,0.00864332,0.00436448,0.00929001,0.0196491
2000-01,2000-01-31,2000-01-25,True,0.0407183,0.00190053,0.0509,5.31658,5.3573,1692.78,1679.93,128,127,1,2,0,1,0,auction,,,0,0,0.0044388,0.00733139,0.00376815,0.00810375,0.0170762,0.00109954,0.00183533,0.000943314,0.00202868,0.00427484,0.00553834,0.00916673,0.00471146,0.0101324,0.0213511
2000-02,2000-02-29,2000-02-23,True,0.165462,0.0138851,0.244407,5.5201,5.68557,1687.68,1679.14,127,125,3,5,1,0,0,auction,,,0,0,-0.013413,0.0327738,0.0457869,0.00604824,0.0942661,0.00822279,0.0133261,0.00698348,0.0166033,0.0338091,-0.00519024,0.0460999,0.0527704,0.0226515,0.128075
2000-03,2000-03-31,2000-03-27,True,0.0487265,0.00154479,0.0575422,5.65803,5.70676,1697.85,1682.71,125,124,1,2,0,1,0,auction,,,0,0,0.0030043,0.00830212,0.00451632,0.0107976,0.0221062,0.000893493,0.0014385,0.000782537,0.00187088,0.00383031,0.00389779,0.00974062,0.00529885,0.0126685,0.0259365
2000-04,2000-04-28,2000-04-24,True,0.0504979,0.00193046,0.0615921,5.69642,5.74692,1706.04,1690.32,124,123,1,2,0,1,0,auction,,,0,0,0.00279076,0.00837706,0.0046976,0.0113379,0.0232947,0.00110279,0.00175442,0.000983824,0.00237451,0.00487863,0.00389355,0.0101315,0.00568142,0.0137124,0.0281733
2000-05,2000-05-31,2000-05-24,True,0.121486,0.0121976,0.191039,5.58069,5.70217,1640.72,1619.27,123,120,2,5,1,0,0,auction,,,0,0,-0.0109287,0.0431014,0.0413685,0.0168202,0.0311246,0.00695931,0.0117219,0.00613727,0.0156939,0.0290404,-0.00396939,0.0548233,0.0475058,0.0325142,0.0601649
2000-06,2000-06-30,2000-06-26,True,0.0580742,0.00160378,0.0673387,5.71863,5.77671,1653.52,1635.51,120,119,1,2,0,1,0,auction,,,0,0,0.00121555,0.0101917,0.00554039,0.014396,0.0267305,0.000890056,0.0015011,0.000816025,0.00212034,0.00393704,0.00210561,0.0116928,0.00635641,0.0165163,0.0306676
2000-07,2000-07-31,2000-07-25,True,0.0585452,0.001818,0.0691647,5.78271,5.84126,1656.18,1638.2,119,118,1,2,0,1,0,auction,,,0,0,0.00105945,0.00986328,0.00551856,0.014619,0.0274849,0.000991875,0.00165187,0.000924232,0.00244835,0.00460309,0.00205132,0.0115151,0.00644279,0.0170674,0.032088
2000-08,2000-08-31,2000-08-25,True,0.126568,0.0139121,0.210578,5.91206,6.03863,1641.19,1635.17,118,116,2,4,2,0,0,auction,,,0,0,-0.0106498,0.0286101,0.0476001,0.00574816,0.0552598,0.00807165,0.0130543,0.00670553,0.0218077,0.0343708,-0.00257815,0.0416645,0.0543056,0.0275558,0.0896306
2000-09,2000-09-29,2000-09-25,True,0.0605374,0.00138977,0.0687814,5.87139,5.93193,1629.54,1611.57,116,115,1,2,0,1,0,auction,,,0,0,0.0013027,0.0103545,0.0053208,0.017052,0.0265075,0.00077795,0.0013051,0.000670645,0.00214926,0.00334106,0.00208065,0.0116596,0.00599145,0.0192012,0.0298486
2000-10,2000-10-31,2000-10-25,True,0.0612987,0.00178007,0.0719665,5.93163,5.99293,1634.95,1616.89,115,113,0,2,1,0,0,auction,,,0,0,0.00098171,0.0102888,0.00535661,0.0174169,0.0272547,0.000947008,0.00165816,0.00086328,0.00280694,0.00439241,0.00192872,0.0119469,0.00621989,0.0202239,0.0316471
2000-11,2000-11-30,2000-11-24,True,0.137055,0.0121367,0.211846,6.02537,6.16243,1613.02,1590.11,113,112,2,3,1,1,0,auction,,,0,0,-0.0117701,0.0451775,0.0444443,0.0229997,0.0362032,0.00652687,0.0112678,0.00641673,0.0196498,0.0309302,-0.00524319,0.0564453,0.0508611,0.0426495,0.0671334
2000-12,2000-12-29,2000-12-22,True,0.0651081,0.00129505,0.0732557,6.22621,6.29131,1641.1,1622.8,112,112,1,1,0,1,0,auction,,,0,0,0.000658632,0.0103381,0.0060267,0.0186713,0.0294133,0.000661085,0.00120089,0.000700066,0.00216887,0.00341668,0.00131972,0.011539,0.00672676,0.0208401,0.03283
2001-01,2001-01-31,2001-01-25,True,0.062233,0.00154628,0.0717695,6.1052,6.16743,1614.77,1597.3,112,111,1,2,0,0,0,auction,,,0,0,0.000829603,0.0100088,0.00578814,0.0177764,0.02783,0.000761433,0.00143035,0.000827179,0.00254042,0.00397717,0.00159104,0.0114392,0.00661531,0.0203168,0.0318072
2001-02,2001-02-28,2001-02-22,True,0.106619,0.0140144,0.19495,6.19624,6.30286,1587.49,1603.4,111,111,3,3,1,0,0,auction,,,0,0,-0.00842466,0.0201628,0.0477386,-0.0174134,0.0645556,0.00722164,0.0131062,0.00759402,0.0243529,0.0360564,-0.00120301,0.033269,0.0553326,0.00693942,0.100612
2001-03,2001-03-30,2001-03-26,True,0.0547583,0.00106636,0.0615427,6.30742,6.36218,1635.82,1621.19,111,110,1,2,0,1,0,auction,,,0,0,0.0022382,0.00827568,0.00487586,0.0158422,0.0235263,0.000520984,0.000986934,0.000581481,0.0018893,0.00280568,0.00275919,0.00926262,0.00545734,0.0177315,0.026332
2001-04,2001-04-30,2001-04-24,True,0.0574052,0.00148261,0.066564,6.1201,6.1775,1596.21,1580.48,110,109,1,2,0,1,0,auction,,,0,0,0.00123327,0.00912701,0.00533572,0.0169677,0.0247415,0.000708603,0.00137303,0.000802683,0.00255255,0.003722,0.00194188,0.0105,0.00613841,0.0195202,0.0284635
2001-05,2001-05-31,2001-05-24,True,0.0811669,0.0120669,0.155771,6.10136,6.18253,1550.61,1547.67,109,108,2,3,1,1,0,auction,,,0,0,-0.00793828,0.0379547,0.0432093,0.00341942,0.00452171,0.00618668,0.0118749,0.00593117,0.0217931,0.0288184,-0.00175161,0.0498296,0.0491405,0.0252125,0.0333401
2001-06,2001-06-29,2001-06-25,True,0.0453128,0.000970384,0.0514034,6.23116,6.27647,1586.36,1574.81,108,107,1,2,0,1,0,auction,,,0,0,0.00315482,0.00705946,0.00359524,0.01348,0.0180233,0.000470122,0.000941161,0.000479314,0.00179714,0.00240284,0.00362494,0.00800062,0.00407455,0.0152772,0.0204261
2001-07,2001-07-31,2001-07-25,True,0.0423128,0.00120195,0.0498309,6.21257,6.25489,1578.68,1568.22,107,106,1,2,0,0,0,auction,,,0,0,0.00393043,0.00633213,0.00325647,0.0122962,0.0164976,0.000559142,0.00114805,0.000590415,0.00222935,0.00299111,0.00448957,0.00748017,0.00384689,0.0145255,0.0194887
2001-08,2001-08-31,2001-08-27,True,0.136964,0.0142477,0.228895,6.31539,6.45235,1569.77,1565.63,106,105,2,3,2,1,0,auction,,,0,0,-0.00897925,0.0320097,0.0562492,0.00530163,0.0523824,0.00701608,0.0131089,0.00785666,0.0286041,0.0353454,-0.00196318,0.0451187,0.0641058,0.0339057,0.0877278
2001-09,2001-09-28,2001-09-24,True,0.0294479,0.000740234,0.0341629,6.34018,6.36963,1586.07,1580.47,105,104,1,2,0,1,0,auction,,,0,0,0.00868353,0.00325647,0.00195791,0.00702022,0.00852977,0.000358658,0.000683206,0.000410767,0.00147284,0.00178954,0.00904219,0.00393968,0.00236867,0.00849306,0.0103193
2001-10,2001-10-31,2001-10-25,True,0.026441,0.00109733,0.0335237,6.42803,6.45447,1613,1616.25,104,104,1,1,1,0,0,auction,,,0,0,0.00872295,-0.00180324,0.0286392,-0.00406934,-0.0050486,0.000510072,0.000980936,0.000631682,0.00221366,0.00274636,0.00923302,-0.000822305,0.0292709,-0.00185568,-0.00230224
2001-11,2001-11-30,2001-11-26,True,0.0136513,0.0117207,0.0878672,6.31838,6.33203,1565.17,1583.7,104,103,2,3,1,1,0,auction,,,0,0,0.00403257,0.0333803,0.0279513,-0.0263387,-0.0253741,0.00639,0.0106479,0.00598774,0.0260726,0.0251178,0.0104226,0.0440281,0.033939,-0.000266144,-0.000256398
2001-12,2001-12-31,2001-12-24,True,0.0100631,0.000680808,0.0142933,6.20353,6.21359,1578.09,1579.24,103,102,1,2,0,1,0,auction,,,0,0,0.0142175,-0.000655169,-0.000368963,-0.00159657,-0.00153369,0.000367708,0.000609145,0.000343044,0.00148442,0.00142595,0.0145852,-4.60244e-05,-2.5919e-05,-0.000112156,-0.000107739
2002-01,2002-01-31,2002-01-25,True,0.00468491,0.00092534,0.0103945,6.16562,6.17031,1591.31,1594.46,102,101,1,2,0,0,0,auction,,,0,0,0.0158573,-0.00172981,-0.000987064,-0.0043144,-0.00414112,0.000488404,0.000808396,0.000461287,0.00201626,0.00193528,0.0163457,-0.000921411,-0.000525776,-0.00229814,-0.00220584
2002-02,2002-02-28,2002-02-22,True,0.086024,0.0137896,0.173038,6.2241,6.31012,1593.87,1599.23,101,99,2,4,1,1,0,auction,,,0,0,-0.000687574,0.0390843,0.0621663,-0.00747884,-0.0070601,0.00731283,0.0122301,0.00781042,0.0306895,0.0289712,0.00662525,0.0513143,0.0699767,0.0232107,0.0219111
2002-03,2002-03-28,2002-03-22,True,0.00707847,0.000496675,0.0100863,6.04876,6.05584,1550.31,1552.77,99,98,1,2,0,1,0,auction,,,0,0,0.0158573,-0.00138063,-0.000877603,-0.00338686,-0.00313372,0.00026413,0.000431489,0.000274278,0.0010585,0.000979386,0.0161214,-0.000949138,-0.000603324,-0.00232836,-0.00215434
2002-04,2002-04-30,2002-04-24,True,0.00400211,0.000898246,0.00946533,6.0781,6.0821,1589.21,1592.62,98,97,1,2,0,0,0,auction,,,0,0,0.0159549,-0.00182298,-0.00117821,-0.00461885,-0.00433274,0.000463919,0.00076247,0.00049279,0.00193185,0.00181219,0.0164188,-0.00106051,-0.000685417,-0.00268699,-0.00252055
2002-05,2002-05-31,2002-05-24,True,-0.00194352,0.0116997,0.0688091,6.04934,6.0474,1578.04,1612.78,97,96,2,3,1,1,0,auction,,,0,0,0.00485146,0.0425083,0.040271,-0.0462647,-0.0433095,0.00673414,0.0100642,0.00636266,0.0245809,0.0230107,0.0115856,0.0525725,0.0466336,-0.0216839,-0.0202988
2002-06,2002-06-28,2002-06-24,True,0.0722299,0.000536232,0.0755186,6.06069,6.13292,1645.74,1622.71,96,94,0,2,0,0,1,auction,,,0,0,-0.00608467,0.0119806,0.00769685,0.030138,0.0284991,0.000288221,0.00045901,0.000294888,0.00115467,0.00109188,-0.00579645,0.0124396,0.00799174,0.0312927,0.029591
2002-07,2002-07-31,2002-07-25,True,-0.0288606,0.000773278,-0.0241852,6.07501,6.04615,1690.85,1705.66,95,95,1,1,0,0,0,auction,,,0,0,0.0192824,-0.0072294,-0.00472246,-0.0185857,-0.0176054,0.000424081,0.000638394,0.000417018,0.00164122,0.00155464,0.0197065,-0.00659101,-0.00430545,-0.0169445,-0.0160507
2002-08,2002-08-30,2002-08-26,True,0.109989,0.012568,0.188683,6.15141,6.2614,1714.58,1723.32,95,94,3,4,0,1,0,auction,,,0,0,-0.00467809,0.0537131,0.0826393,-0.011474,-0.0102112,0.00698325,0.0114507,0.00678422,0.0282948,0.0251806,0.00230516,0.0651638,0.0894235,0.0168207,0.0149694
2002-09,2002-09-30,2002-09-24,True,-0.0149046,0.000387179,-0.0124489,6.35749,6.34259,1774.05,1783.89,94,94,1,1,0,1,0,auction,,,0,0,0.0173101,-0.00493051,-0.00300591,-0.0127604,-0.0115179,0.000207843,0.000344041,0.000209746,0.000890395,0.000803692,0.0175179,-0.00458647,-0.00279616,-0.01187,-0.0107142
2002-10,2002-10-31,2002-10-25,True,-0.0080017,0.000762733,-0.00336343,6.08913,6.08113,1747.83,1755.72,94,94,1,1,0,0,0,auction,,,0,0,0.0170396,-0.0039482,-0.00238346,-0.00992762,-0.00878198,0.000410467,0.000666589,0.000402409,0.00167612,0.00148269,0.01745,-0.00328161,-0.00198106,-0.0082515,-0.00729929
2002-11,2002-11-29,2002-11-22,True,0.137888,0.0107402,0.204751,6.08761,6.2255,1740.45,1733.93,94,93,2,3,0,0,1,auction,,,0,0,-0.0236547,0.0605211,0.0852824,0.00865446,0.00708503,0.00599246,0.00921903,0.00654455,0.0248024,0.0203046,-0.0176622,0.0697401,0.091827,0.0334568,0.0273897
2002-12,2002-12-31,2002-12-24,True,0.00482036,0.000424949,0.00743782,6.15465,6.15947,1792.86,1796.31,94,94,1,1,0,0,0,auction,,,0,0,0.0155932,-0.00159571,-0.00114889,-0.00439587,-0.00363233,0.000238801,0.000352336,0.000253678,0.000970619,0.000802026,0.015832,-0.00124337,-0.000895215,-0.00342525,-0.0028303
2003-01,2003-01-31,2003-01-27,True,0.0106402,0.000766403,0.0152965,6.06488,6.07552,1798.99,1800.42,94,94,1,1,0,1,0,auction,,,0,0,0.0150518,-0.00064655,-0.000470172,-0.00180432,-0.00149054,0.000419437,0.000620944,0.000451552,0.00173286,0.0014315,0.0154712,-2.5606e-05,-1.86207e-05,-7.14583e-05,-5.90313e-05
2003-02,2003-02-28,2003-02-24,True,0.0908529,0.0117145,0.163615,6.12047,6.21132,1797.55,1813.17,94,94,3,3,0,1,0,auction,,,0,0,-0.00424073,0.0541233,0.0771367,-0.0210184,-0.0151479,0.00647794,0.010481,0.00703997,0.0283392,0.0204241,0.00223721,0.0646043,0.0841767,0.00732085,0.00527613
2003-03,2003-03-31,2003-03-25,True,0.0112888,0.000391243,0.0136771,6.09301,6.1043,1805.15,1806.34,94,94,1,1,0,1,0,auction,,,0,0,0.0149701,-0.000581135,-0.000392349,-0.00157741,-0.0011304,0.000213111,0.000343372,0.000231825,0.000932039,0.000667913,0.0151832,-0.000237762,-0.000160523,-0.000645375,-0.000462485
2003-04,2003-04-30,2003-04-24,True,0.0109736,0.00074597,0.0155166,6.07904,6.09002,1821.45,1822.73,94,94,1,1,0,0,0,auction,,,0,0,0.0148722,-0.00060175,-0.000410863,-0.00167258,-0.00121336,0.000395523,0.000640168,0.000437095,0.00177936,0.00129082,0.0152677,3.84188e-05,2.62316e-05,0.000106786,7.74668e-05
2003-05,2003-05-30,2003-05-23,True,0.135684,0.0099244,0.199664,6.31106,6.44675,1870.88,1869.32,94,93,3,4,0,0,1,auction,,,0,0,0.00318126,0.0460525,0.0828037,0.00208685,0.00156018,0.0055666,0.00821367,0.00673295,0.0248719,0.0185949,0.00874786,0.0542661,0.0895366,0.0269588,0.0201551
2003-06,2003-06-30,2003-06-24,True,0.00672769,0.000327919,0.00879392,6.2943,6.30103,1904.05,1916.64,94,94,1,1,1,1,0,auction,,,0,0,0.00785637,0.0313042,-0.0043632,-0.0160899,-0.0119798,0.000183693,0.000273723,0.000216433,0.000798125,0.000594252,0.00804006,0.0315779,-0.00414676,-0.0152917,-0.0113856
2003-07,2003-07-31,2003-07-25,True,0.0198733,0.000668957,0.0238269,5.89014,5.91001,1828.41,1825.98,94,94,1,1,0,0,0,auction,,,0,0,0.0128183,0.00105351,0.000844828,0.0030054,0.00215126,0.000402059,0.000530336,0.000425286,0.00151292,0.00108294,0.0132204,0.00158385,0.00127011,0.00451831,0.00323421
2003-08,2003-08-29,2003-08-25,True,0.0809254,0.0115372,0.147723,5.70884,5.78977,1699.43,1724.3,94,94,4,4,0,1,0,cusip,2003-07-23,2003-08-20,267.497,269.747,0.0258146,0.034277,0.0734926,-0.032292,-0.0203667,0.00712477,0.0105376,0.00761991,0.0254587,0.0160569,0.0329393,0.0448146,0.0811125,-0.00683333,-0.00430981
2003-09,2003-09-30,2003-09-24,True,0.023627,0.000267374,0.0251938,5.83628,5.85991,1767.19,1793.35,94,95,2,1,1,0,0,cusip,2003-08-27,2003-09-17,269.747,268.427,0.00379268,0.0272167,0.0470403,-0.0333448,-0.0210778,0.000156341,0.000247188,0.00018978,0.000592749,0.000380731,0.00394902,0.0274639,0.0472301,-0.0327521,-0.0206971
2003-10,2003-10-31,2003-10-27,True,0.00683896,0.000603545,0.0103096,5.74364,5.75048,1786.19,1800.88,95,96,2,1,0,1,0,cusip,2003-09-24,2003-10-22,268.427,269.527,0.00848252,0.0333093,-0.00570613,-0.017822,-0.0114247,0.000358829,0.000548075,0.00041854,0.00130723,0.000837996,0.00884135,0.0338574,-0.00528759,-0.0165148,-0.0105867
2003-11,2003-11-28,2003-11-21,True,0.173853,0.00954975,0.230874,5.79713,5.97098,1798.55,1780.46,96,95,3,4,0,0,1,cusip,2003-10-29,2003-11-19,271.105,268.284,0.00405372,0.0480539,0.0848832,0.0223904,0.0144714,0.00599642,0.0085365,0.00747382,0.0212684,0.0137462,0.0100501,0.0565904,0.092357,0.0436588,0.0282175
2003-12,2003-12-31,2003-12-24,True,0.0178817,0.000203192,0.019071,5.83496,5.85284,1812.62,1839,96,97,2,1,1,0,0,cusip,2003-11-19,2003-12-17,268.284,269.006,0.00462928,0.0262617,0.0385918,-0.0312557,-0.0203454,0.000126112,0.000180317,0.000162199,0.000436495,0.000284129,0.0047554,0.026442,0.038754,-0.0308192,-0.0200613
2004-01,2004-01-30,2004-01-26,True,0.00344998,0.000547583,0.00661464,5.77586,5.77931,1848.83,1864.74,97,98,2,1,0,1,0,cusip,2003-12-24,2004-01-21,269.006,269.276,0.00831979,0.0319496,-0.00674997,-0.0182087,-0.0118607,0.000327477,0.000494072,0.000429552,0.00115876,0.000754789,0.00864727,0.0324437,-0.00632042,-0.01705,-0.0111059
2004-02,2004-02-27,2004-02-23,True,0.0208559,0.0105594,0.082334,5.80125,5.82211,1860.87,1902.77,98,100,4,2,0,1,0,cusip,2004-01-28,2004-02-18,269.276,270.124,0.0285744,0.0178097,0.0524851,-0.0471433,-0.0308699,0.00658617,0.0101523,0.00815157,0.0221101,0.014478,0.0351605,0.027962,0.0606366,-0.0250331,-0.016392
2004-03,2004-03-31,2004-03-25,True,0.0201008,0.000343666,0.0221142,5.83849,5.8586,1938.81,1964.09,100,101,2,1,1,0,0,cusip,2004-02-25,2004-03-17,270.784,271.291,0.0047099,0.0242448,0.0366574,-0.0273341,-0.0181772,0.000203709,0.000332427,0.000277564,0.000720537,0.000479159,0.00491361,0.0245772,0.036935,-0.0266136,-0.0176981
2004-04,2004-04-30,2004-04-26,True,0.00675637,0.000661761,0.010454,5.58089,5.58764,1892.55,1907.32,101,102,2,1,0,1,0,cusip,2004-03-24,2004-04-21,272.115,273.156,0.00802611,0.0301687,-0.00603734,-0.0154088,-0.00999232,0.000386772,0.00064439,0.000512071,0.00130693,0.000847521,0.00841288,0.0308131,-0.00552527,-0.0141018,-0.0091448
2004-05,2004-05-28,2004-05-24,True,0.0845805,0.00894168,0.13444,5.4915,5.57608,1868.03,1882.55,102,102,4,4,0,1,0,cusip,2004-04-28,2004-05-19,273.156,274.609,0.0237209,0.0286699,0.0568376,-0.0149963,-0.00965158,0.00574115,0.00841772,0.00735198,0.017248,0.0111008,0.029462,0.0370876,0.0641895,0.00225171,0.0014492
2004-06,2004-06-30,2004-06-24,True,0.0157725,0.000344381,0.0176858,5.53996,5.55573,1895.3,1918.32,102,103,2,1,1,0,0,cusip,2004-05-26,2004-06-16,275.392,277.524,0.00402147,0.0222479,0.0283006,-0.0236989,-0.0150986,0.000210803,0.000324774,0.000291226,0.000658452,0.000428032,0.00423227,0.0225727,0.0285918,-0.0230404,-0.0146706
2004-07,2004-07-30,2004-07-26,True,0.00759157,0.000662833,0.0112571,5.52255,5.53015,1937.71,1950.9,103,104,2,1,0,1,0,cusip,2004-06-23,2004-07-21,277.524,281.143,0.00649614,0.0282725,-0.00569312,-0.0129861,-0.00849781,0.000387943,0.000630147,0.000554599,0.00126505,0.000827819,0.00688409,0.0289026,-0.00513852,-0.0117211,-0.00766999
2004-08,2004-08-31,2004-08-25,True,0.0370719,0.0103028,0.0948291,5.56887,5.60594,1958.96,1989.09,104,105,4,3,0,0,0,cusip,2004-07-28,2004-08-18,282.539,285.034,0.0238689,0.0186276,0.0433927,-0.0294196,-0.0193976,0.00664987,0.0100418,0.00836671,0.0197058,0.0129929,0.0305188,0.0286694,0.0517594,-0.00971377,-0.00640472
2004-09,2004-09-30,2004-09-24,True,0.0595557,0.000420106,0.0619419,5.62046,5.68002,2016.21,2013.66,105,105,1,1,1,0,1,cusip,2004-08-25,2004-09-22,285.034,287.905,-0.0118651,0.0340355,0.0360783,-0.000350521,0.0016575,0.000250879,0.000414029,0.000355593,0.000815871,0.000549835,-0.0116142,0.0344495,0.0364339,0.00046535,0.00220734
2004-10,2004-10-29,2004-10-25,True,0.00929853,0.000765226,0.0135695,5.57207,5.58137,2049.37,2060.45,106,107,2,1,0,1,0,cusip,2004-09-22,2004-10-20,287.905,291.382,0.00610434,0.0277654,-0.00734808,-0.0102746,-0.00694857,0.000451176,0.000752598,0.000629039,0.00145452,0.000983672,0.00655552,0.028518,-0.00671904,-0.00882009,-0.0059649
2004-11,2004-11-30,2004-11-23,True,0.0808399,0.00824168,0.126991,5.51884,5.59968,2023.2,2033.61,107,107,3,3,1,0,0,cusip,2004-10-27,2004-11-17,293.58,298.719,0.0193459,0.0260362,0.0516775,-0.0100548,-0.00616497,0.0050933,0.00794812,0.00712795,0.0161061,0.00987528,0.0244392,0.0339843,0.0588055,0.00605135,0.00371032
2004-12,2004-12-31,2004-12-27,True,0.0224963,0.000561203,0.0255868,5.48436,5.50686,2029.73,2049.57,107,108,2,1,1,1,0,cusip,2004-11-24,2004-12-22,298.719,299.18,0.00264891,0.0230756,0.0267637,-0.0186123,-0.0113797,0.000331725,0.000543275,0.000493482,0.00106862,0.000653365,0.00298063,0.0236189,0.0272572,-0.0175436,-0.0107264
2005-01,2005-01-31,2005-01-25,True,0.00621558,0.000813934,0.0106983,5.50131,5.50752,2064.88,2078.64,108,109,2,1,0,1,0,cusip,2004-12-29,2005-01-19,299.18,300.2,0.00649092,0.0261931,-0.00576886,-0.0127379,-0.00796166,0.000461368,0.000788019,0.000704721,0.00155606,0.000972592,0.00695229,0.0269811,-0.00506414,-0.0111819,-0.00698907
2005-02,2005-02-28,2005-02-22,True,0.0349649,0.00994587,0.0898117,5.47956,5.51453,2053.37,2084.43,109,110,4,3,0,1,0,cusip,2005-01-26,2005-02-16,300.2,298.921,0.0224253,0.017466,0.0406183,-0.0288329,-0.0167118,0.00614223,0.00986974,0.00888319,0.0189614,0.0109902,0.0285676,0.0273357,0.0495015,-0.00987153,-0.00572163
2005-03,2005-03-31,2005-03-24,True,0.0592465,0.000577378,0.0623826,5.37226,5.43151,2056.13,2053.87,110,110,1,1,1,0,1,cusip,2005-02-23,2005-03-16,298.921,298.587,-0.0117336,0.0332194,0.0345319,0.00204783,0.00118102,0.000336183,0.000579148,0.000524694,0.00107565,0.00062035,-0.0113975,0.0337985,0.0350566,0.00312349,0.00180137
2005-04,2005-04-29,2005-04-25,True,0.00705284,0.000899533,0.0119227,5.40666,5.41371,2120.66,2134.14,111,112,2,1,0,1,0,cusip,2005-03-23,2005-04-20,298.587,298.254,0.00614557,0.0253839,-0.00568191,-0.011839,-0.00695565,0.000510775,0.00089546,0.000804022,0.00167529,0.000984265,0.00665635,0.0262793,-0.00487788,-0.0101637,-0.00597139
2005-05,2005-05-31,2005-05-24,True,0.119256,0.00781947,0.162803,5.44984,5.56909,2145.4,2134.43,112,112,4,4,0,1,0,cusip,2005-04-27,2005-05-18,299.454,304.764,0.0146363,0.0354057,0.0548186,0.0085845,0.00581049,0.00489604,0.00737837,0.00747484,0.0149086,0.00888952,0.0195324,0.0427841,0.0622935,0.0234931,0.0147
2005-06,2005-06-30,2005-06-24,True,0.0552256,0.000702691,0.0591547,5.53628,5.59151,2151.44,2146.75,112,112,1,1,1,0,1,cusip,2005-05-25,2005-06-22,305.812,306.754,-0.00999034,0.0294881,0.0326928,0.000507311,0.0025277,0.000410301,0.000668906,0.000688513,0.00134684,0.000814541,-0.00958004,0.030157,0.0333813,0.00185415,0.00334225
2005-07,2005-07-29,2005-07-25,True,0.0459166,0.000971414,0.0512098,5.40313,5.44905,2135.75,2128.2,113,113,2,2,0,1,0,cusip,2005-06-22,2005-07-20,306.754,299.9,0.00164793,0.0304029,0.00336856,0.00655837,0.00393884,0.000558565,0.000926601,0.000925146,0.0018012,0.00108177,0.00220649,0.0313295,0.00429371,0.00835957,0.00502061
2005-08,2005-08-31,2005-08-25,True,0.0548016,0.00996357,0.109607,5.44581,5.50061,2119.55,2135.65,113,115,4,2,0,0,0,cusip,2005-07-27,2005-08-17,299.9,300.679,0.0149261,0.0199283,0.0423506,-0.0144835,-0.00791981,0.0058596,0.00982002,0.00973185,0.0190031,0.0103912,0.0207857,0.0297483,0.0520825,0.00451956,0.00247136
2005-09,2005-09-30,2005-09-26,True,0.0219785,0.000817179,0.0263923,5.37938,5.40136,2128.11,2143.53,115,116,2,1,1,1,0,cusip,2005-08-24,2005-09-21,301.667,302.635,0.00209512,0.017853,0.0228033,-0.0134657,-0.00730732,0.00047724,0.000788371,0.000806372,0.00151808,0.000823808,0.00257236,0.0186414,0.0236097,-0.0119476,-0.00648351
2005-10,2005-10-31,2005-10-25,True,0.0482278,0.00110085,0.0540873,5.27446,5.32269,2119.87,2110.94,116,116,2,2,0,1,0,cusip,2005-09-28,2005-10-19,303.739,300.317,0.00125714,0.0310292,0.00410032,0.00769326,0.00414793,0.000642007,0.00105186,0.00107143,0.00201029,0.00108388,0.00189915,0.032081,0.00517175,0.00970355,0.00523181
2005-11,2005-11-30,2005-11-23,True,0.113677,0.00795972,0.156725,5.29456,5.40823,2104.31,2089.38,116,117,4,3,0,0,0,cusip,2005-10-26,2005-11-16,300.317,303,0.010935,0.0323639,0.0563802,0.00954173,0.00445602,0.00493717,0.00777478,0.00802709,0.0144295,0.00787949,0.0158721,0.0401387,0.0644073,0.0239712,0.0123355
2005-12,2005-12-30,2005-12-23,True,0.0540994,0.000842484,0.0586749,5.3769,5.431,2105.4,2102.53,117,117,1,1,1,0,1,cusip,2005-11-23,2005-12-21,304.096,302.814,-0.0103423,0.0287426,0.0318334,0.00248619,0.00137956,0.000504893,0.000811403,0.000869425,0.00153696,0.000852841,-0.00983744,0.029554,0.0327028,0.00402316,0.0022324
2006-01,2006-01-31,2006-01-25,True,0.00644318,0.00083362,0.0108567,5.288,5.29444,2118.66,2129.78,118,119,2,1,0,0,0,cusip,2005-12-28,2006-01-18,302.814,304.674,0.00587618,0.0204797,-0.00548278,-0.00928442,-0.00514551,0.000507213,0.00077986,0.000834298,0.00147482,0.00081736,0.00638339,0.0212596,-0.00464849,-0.0078096,-0.00432815
2006-02,2006-02-28,2006-02-22,True,0.147094,0.0104089,0.203672,5.28843,5.43553,2107.82,2130.23,119,121,5,3,0,1,0,cusip,2006-01-25,2006-02-15,305.621,305.679,0.0120279,0.0177381,0.0382406,-0.0192328,0.0983203,0.00644851,0.0100847,0.0105411,0.0188277,0.010676,0.0184764,0.0278228,0.0487817,-0.000405151,0.108996
2006-03,2006-03-31,2006-03-27,True,0.0136561,0.000980078,0.0188563,5.29226,5.30591,2117.17,2134.61,121,122,2,1,1,1,0,cusip,2006-02-22,2006-03-22,306.617,309.515,0.00364903,0.0181409,0.0203683,-0.0179659,-0.0105362,0.000605012,0.000932146,0.000997074,0.00171149,0.000954482,0.00425404,0.019073,0.0213654,-0.0162544,-0.00958169
2006-04,2006-04-28,2006-04-24,True,0.00473018,0.00100593,0.00991874,5.15322,5.15795,2110.38,2124.17,122,123,2,1,0,2,0,cusip,2006-03-29,2006-04-19,309.515,308.799,0.00518754,0.0230385,-0.00648644,-0.0109944,-0.00601504,0.000626502,0.000946287,0.000998197,0.00169192,0.000925653,0.00581404,0.0239848,-0.00548824,-0.00930243,-0.00508938
2006-05,2006-05-31,2006-05-24,True,0.103831,0.00809833,0.146055,5.11012,5.21395,2109.64,2103.54,123,123,4,4,0,1,0,cusip,2006-04-26,2006-05-17,309.895,309.244,0.0140515,0.0313002,0.0511656,0.00465972,0.00265388,0.00524019,0.00789585,0.00859963,0.0130539,0.00743468,0.0192917,0.0391961,0.0597653,0.0177137,0.0100886
2006-06,2006-06-30,2006-06-26,True,0.0107666,0.00101489,0.0159464,5.09308,5.10385,2084.56,2105.79,123,124,2,1,1,2,0,cusip,2006-05-24,2006-06-21,310.463,314.598,0.00313979,0.0173752,0.0152693,-0.0159516,-0.00906613,0.000649309,0.000965102,0.0010727,0.00158939,0.000903334,0.0037891,0.0183403,0.016342,-0.0143622,-0.0081628
2006-07,2006-07-31,2006-07-25,True,-0.00210128,0.00100013,0.00297536,5.07808,5.07598,2131.11,2148.63,124,125,2,1,0,2,0,cusip,2006-06-28,2006-07-19,314.598,315.981,0.00561836,0.0211063,-0.00858718,-0.012856,-0.00738276,0.000632585,0.000937553,0.00104458,0.00156386,0.000898069,0.00625095,0.0220439,-0.0075426,-0.0112922,-0.00648469
2006-08,2006-08-31,2006-08-25,True,0.158631,0.010606,0.214504,5.10943,5.26807,2161.92,2160.05,125,125,4,4,1,2,0,cusip,2006-07-26,2006-08-23,315.981,309.017,0.0106627,0.0294489,0.0483199,0.00143493,0.0687646,0.00701958,0.010476,0.0108596,0.0176115,0.00990661,0.0176823,0.039925,0.0591795,0.0190464,0.0786712
2006-09,2006-09-29,2006-09-25,True,0.013077,0.00110209,0.0188834,5.25544,5.26852,2192.83,2212.9,125,126,2,1,1,2,0,cusip,2006-08-23,2006-09-20,309.017,313.079,0.0022174,0.017812,0.0179227,-0.0161688,-0.00870634,0.000715467,0.00106703,0.0011444,0.00183141,0.00104808,0.00293286,0.018879,0.0190671,-0.0143373,-0.00765825
2006-10,2006-10-31,2006-10-25,True,0.00285194,0.00116112,0.00882427,5.14074,5.14359,2192.72,2206.77,126,127,2,1,0,1,0,cusip,2006-09-27,2006-10-18,313.079,315.047,0.00347591,0.0220867,-0.00649613,-0.0103443,-0.0058702,0.000749945,0.00110781,0.00117693,0.00187412,0.00106353,0.00422585,0.0231945,-0.0053192,-0.00847017,-0.00480667
2006-11,2006-11-30,2006-11-24,True,0.0813224,0.00784335,0.122506,5.1695,5.25082,2221.6,2223.63,127,129,4,2,0,2,0,cusip,2006-10-25,2006-11-15,315.047,316.123,0.0129805,0.0249375,0.0457143,-0.00150077,-0.000809181,0.00508085,0.00801881,0.00826232,0.0128783,0.0069437,0.0180613,0.0329564,0.0539766,0.0113776,0.00613452
2006-12,2006-12-29,2006-12-22,True,0.0100786,0.00119686,0.0162616,5.15602,5.1661,2219.43,2234.74,129,130,2,1,1,2,0,cusip,2006-11-22,2006-12-20,317.071,323.219,0.00162825,0.0174387,0.0193319,-0.0178963,-0.0104239,0.000770015,0.00120476,0.00126989,0.00191489,0.00102352,0.00239826,0.0186435,0.0206018,-0.0159814,-0.00940041
2007-01,2007-01-31,2007-01-25,True,0.00741108,0.00117431,0.0133243,5.02808,5.03549,2213.65,2225.01,130,131,2,1,0,0,0,cusip,2006-12-27,2007-01-17,324.561,327.345,0.00419163,0.0207389,-0.00531289,-0.00797561,-0.00423098,0.000746909,0.00115877,0.00121531,0.0018244,0.000967827,0.00493854,0.0218977,-0.00409758,-0.00615121,-0.00326316
2007-02,2007-02-28,2007-02-22,True,0.155756,0.0104644,0.210188,5.04589,5.20165,2224.01,2215.9,131,132,5,4,0,0,0,cusip,2007-01-24,2007-02-14,327.345,318.652,0.00437833,0.0295619,0.0495801,0.00597215,0.0662638,0.00687954,0.0108315,0.0106873,0.0171366,0.00889708,0.0112579,0.0403934,0.0602674,0.0231088,0.0751609
2007-03,2007-03-30,2007-03-26,True,0.0184566,0.00122815,0.0247971,5.14413,5.16259,2239.89,2257.88,132,133,2,1,1,2,0,cusip,2007-02-21,2007-03-21,322.138,325.314,0.000736934,0.0176304,0.0198669,-0.013013,-0.00676463,0.000791105,0.00125213,0.00127175,0.00199064,0.0010348,0.00152804,0.0188825,0.0211387,-0.0110224,-0.00572983
2007-04,2007-04-30,2007-04-24,True,0.0095194,0.00129814,0.0161352,5.08684,5.09636,2260.3,2267.34,133,134,2,1,0,2,0,cusip,2007-03-28,2007-04-18,325.314,330.268,0.00366504,0.0206687,-0.00416018,-0.00805384,-0.00260033,0.000827311,0.00130532,0.00132377,0.00207572,0.00108365,0.00449235,0.021974,-0.00283642,-0.00597812,-0.00151668
2007-05,2007-05-31,2007-05-24,True,0.17407,0.00807364,0.215894,5.0062,5.18027,2229.28,2193.93,134,134,4,4,1,2,0,cusip,2007-04-25,2007-05-16,332.172,337.263,0.00124043,0.0394039,0.0618698,0.0243517,0.0472042,0.00512971,0.00870173,0.00863846,0.0123955,0.00695817,0.00637014,0.0481057,0.0705083,0.0367472,0.0541624
2007-06,2007-06-29,2007-06-25,True,0.0186365,0.00135929,0.0255243,5.04854,5.06718,2179.9,2197.62,134,135,2,1,1,2,0,cusip,2007-05-23,2007-06-20,337.263,339.618,0.00105492,0.0175884,0.0187964,-0.0120774,-0.00672587,0.000854468,0.00143833,0.0014509,0.00201943,0.00112462,0.00190939,0.0190267,0.0202473,-0.0100579,-0.00560126
2007-07,2007-07-31,2007-07-25,True,0.00709133,0.00128415,0.0135676,5.03615,5.04324,2221.1,2232.24,135,136,2,1,0,1,0,cusip,2007-06-27,2007-07-18,339.618,340.152,0.00344993,0.0205962,-0.00529927,-0.007455,-0.00420052,0.000792248,0.00134089,0.00135747,0.00190968,0.00107601,0.00424217,0.0219371,-0.00394181,-0.00554533,-0.00312451
2007-08,2007-08-31,2007-08-27,True,0.132972,0.0104735,0.187405,5.06418,5.19715,2254.52,2251.63,136,137,4,3,0,2,0,cusip,2007-07-25,2007-08-22,340.152,347.213,-0.00788501,0.0270868,0.0474437,0.0019548,0.064372,0.00647987,0.0113562,0.0115761,0.0159578,0.00906224,-0.00140514,0.038443,0.0590199,0.0179126,0.0734343
2007-09,2007-09-28,2007-09-24,True,0.0415815,0.00131139,0.0483515,5.12088,5.16247,2260.43,2266.11,137,137,2,2,1,2,0,cusip,2007-08-29,2007-09-19,347.213,347.744,-0.000698632,0.0230018,0.025205,-0.00377691,-0.00214974,0.000799091,0.00141186,0.0014658,0.00197124,0.00112199,0.000100458,0.0244136,0.0266708,-0.00180567,-0.00102775
2007-10,2007-10-31,2007-10-25,True,0.0317955,0.00133957,0.0387375,5.1504,5.1822,2303.01,2301.01,137,137,2,2,0,0,0,cusip,2007-09-26,2007-10-17,347.744,350.795,0.00247394,0.0262682,0.000969283,0.0013209,0.000763225,0.000796162,0.00143307,0.00149601,0.0020387,0.00117797,0.0032701,0.0277013,0.00246529,0.00335961,0.0019412
2007-11,2007-11-30,2007-11-26,True,0.149718,0.00754054,0.190446,5.25159,5.40131,2362.77,2339.08,137,136,3,4,1,2,0,cusip,2007-10-24,2007-11-21,350.795,352.292,-0.0085763,0.0367688,0.0575056,0.0171407,0.0468787,0.00429092,0.00864406,0.00851774,0.0128925,0.00638357,-0.00428539,0.0454128,0.0660234,0.0300332,0.0532623
2007-12,2007-12-31,2007-12-24,True,0.0386097,0.00138379,0.045902,5.23121,5.26982,2295.97,2304.2,136,136,2,2,1,2,0,cusip,2007-11-28,2007-12-19,352.292,353.649,0.00171315,0.021697,0.023947,-0.00589141,-0.00285607,0.000787337,0.00156867,0.00156173,0.00227276,0.0011018,0.00250049,0.0232656,0.0255088,-0.00361865,-0.00175427
2008-01,2008-01-31,2008-01-25,True,0.0264723,0.00128456,0.0333153,5.30063,5.32711,2388.55,2391.27,136,136,2,2,0,2,0,cusip,2007-12-26,2008-01-23,353.649,356.447,0.00464405,0.0259679,-0.00129693,-0.00190777,-0.000934949,0.000714347,0.00145397,0.00146455,0.00215434,0.00105578,0.00535839,0.0274219,0.000167618,0.000246564,0.000120835
2008-02,2008-02-29,2008-02-25,True,0.116708,0.0100497,0.170152,5.2013,5.31801,2344.57,2352.39,136,137,4,3,0,2,0,cusip,2008-01-23,2008-02-20,356.447,363.127,-0.00301872,0.0274591,0.0409838,-0.0054236,0.0567073,0.00566472,0.012305,0.0107583,0.0163423,0.00837409,0.002646,0.039764,0.0517421,0.0109187,0.0650814
2008-03,2008-03-31,2008-03-25,True,0.020335,0.00121861,0.0268792,5.34992,5.37025,2405.37,2433.12,137,137,2,2,1,2,0,cusip,2008-02-27,2008-03-19,363.127,357.046,0.00636907,0.0210303,0.0218965,-0.018973,-0.00998796,0.000676601,0.0014721,0.00133621,0.00200424,0.00105509,0.00704567,0.0225024,0.0232327,-0.0169688,-0.00893287
2008-04,2008-04-30,2008-04-24,True,-0.00948927,0.00126105,-0.00292571,5.21431,5.20482,2396.66,2432.13,137,137,2,2,0,0,0,cusip,2008-03-26,2008-04-16,347.088,328.928,0.00710538,0.0344087,-0.0155853,-0.02329,-0.0121281,0.000704071,0.00151401,0.00132786,0.0019843,0.00103331,0.00780945,0.0359227,-0.0142574,-0.0213057,-0.0110947
2008-05,2008-05-30,2008-05-23,True,0.110732,0.00720733,0.148792,5.17003,5.28076,2420.22,2436.93,137,136,3,4,1,2,0,cusip,2008-04-23,2008-05-21,328.928,314.712,0.00175372,0.0345593,0.0517219,-0.0105944,0.0332911,0.0039966,0.00908444,0.00776513,0.0110572,0.00615682,0.00575032,0.0436437,0.059487,0.000462793,0.0394479
2008-06,2008-06-30,2008-06-24,True,0.0261774,0.00132969,0.0330759,5.16188,5.18805,2414.17,2441.36,136,136,2,2,1,1,0,cusip,2008-05-28,2008-06-18,309.713,309.935,0.00423672,0.0238258,0.0242542,-0.0167568,-0.00938249,0.000732903,0.00164782,0.00143263,0.00197775,0.00110739,0.00496962,0.0254736,0.0256868,-0.014779,-0.0082751
2008-07,2008-07-31,2008-07-25,True,0.0110234,0.00119628,0.0171391,5.10128,5.1123,2448.36,2467.27,136,136,2,2,0,0,0,cusip,2008-06-25,2008-07-23,309.935,311.181,0.0071279,0.0296078,-0.00816389,-0.0112549,-0.00629343,0.000659411,0.00147285,0.00126479,0.00174368,0.000975012,0.00778731,0.0310806,-0.0068991,-0.00951126,-0.00531842
2008-08,2008-08-29,2008-08-25,True,0.15187,0.00961623,0.202984,5.16349,5.31536,2495.89,2499.31,136,136,4,4,0,2,0,cusip,2008-07-23,2008-08-20,311.181,313.118,-0.00590946,0.0389584,0.0552773,-0.00212505,0.0656689,0.0054268,0.012356,0.0100994,0.014922,0.00830961,-0.000482656,0.0513144,0.0653767,0.0127969,0.0739785
2008-09,2008-09-30,2008-09-24,True,0.0232732,0.00118572,0.0295035,5.23113,5.2544,2511.88,2546.91,136,136,2,2,1,1,0,cusip,2008-08-27,2008-09-17,313.118,316.957,0.00486974,0.026491,0.0246992,-0.0210427,-0.011744,0.000668914,0.00151324,0.00126046,0.00178913,0.000998514,0.00553865,0.0280042,0.0259596,-0.0192536,-0.0107455
2008-10,2008-10-31,2008-10-27,True,0.0266472,0.0011825,0.0328271,5.19955,5.2262,2574.62,2639.02,136,136,2,2,4,2,0,cusip,2008-09-24,2008-10-22,316.957,318.861,-0.00150912,0.0817619,0.00386335,-0.0363915,-0.0210774,0.000654526,0.00156123,0.00124728,0.00172046,0.000996467,-0.000854597,0.0833231,0.00511063,-0.034671,-0.020081
2008-11,2008-11-28,2008-11-21,True,0.0899676,0.0065272,0.12533,5.32767,5.41764,2705.31,2767.84,136,137,4,3,1,2,0,cusip,2008-10-29,2008-11-19,318.861,318.786,0.0198305,0.0138031,0.0396246,-0.0347176,0.0514271,0.00366576,0.00900512,0.00701488,0.00980475,0.00587153,0.0234962,0.0228082,0.0466395,-0.0249128,0.0572986
2008-12,2008-12-31,2008-12-24,True,-0.00292272,0.00111641,0.00337743,5.64615,5.64322,2892.72,2966.2,137,138,3,2,1,0,0,cusip,2008-11-19,2008-12-17,318.786,320.552,0.0270284,0.0127775,0.0242922,-0.0403881,-0.0266327,0.000620641,0.00148279,0.00125133,0.00177494,0.00117043,0.027649,0.0142603,0.0255435,-0.0386131,-0.0254623
2009-01,2009-01-30,2009-01-26,True,-0.00133928,0.00104131,0.00423194,5.35156,5.35023,2900.83,2979.35,138,139,3,2,1,2,0,cusip,2008-12-24,2009-01-21,320.552,325.604,0.0282971,0.0137842,0.0195793,-0.0391369,-0.023863,0.000608832,0.0013751,0.00116389,0.00150547,0.000917932,0.0289059,0.0151593,0.0207431,-0.0376314,-0.0229451
2009-02,2009-02-27,2009-02-23,True,0.126402,0.00818444,0.170766,5.29412,5.42053,2943.36,3027.99,139,141,6,4,0,3,0,cusip,2009-01-28,2009-02-18,325.604,319.99,0.0154144,0.0130765,0.0759157,-0.0399635,0.0619588,0.00505941,0.0110325,0.0097098,0.0113761,0.00718619,0.0204738,0.024109,0.0856255,-0.0285874,0.069145
2009-03,2009-03-31,2009-03-25,True,0.0539457,0.00100585,0.0593583,5.32708,5.38103,3025.05,3143,141,143,4,2,2,1,0,cusip,2009-02-25,2009-03-18,319.99,321.279,0.0204813,0.000471655,0.0560273,-0.0520159,0.0289814,0.00062984,0.00136725,0.00118712,0.00134177,0.000886557,0.0211112,0.0018389,0.0572144,-0.0506741,0.029868
2009-04,2009-04-30,2009-04-24,True,0.0178848,0.000963465,0.0229619,5.25174,5.26963,3120.02,3166.68,143,145,4,2,1,3,0,cusip,2009-03-25,2009-04-22,321.279,380.199,0.0205567,-0.0108528,0.062424,-0.034802,-0.0194411,0.000615264,0.00131276,0.0011295,0.0012177,0.000801872,0.021172,-0.00954002,0.0635535,-0.0335843,-0.0186393
2009-05,2009-05-29,2009-05-22,True,0.0914602,0.00588491,0.122089,5.11316,5.20462,3104.34,3159.49,145,148,6,3,0,3,0,cusip,2009-04-22,2009-05-20,380.199,435.175,0.0189952,-0.00804296,0.0820609,-0.0574524,0.0558995,0.00387707,0.00862942,0.00642994,0.00684059,0.00485169,0.0228723,0.000586456,0.0884908,-0.0506118,0.0607512
2009-06,2009-06-30,2009-06-24,True,0.0623917,0.000980547,0.0674465,5.09271,5.15511,3104.24,3186.35,148,150,4,2,2,1,0,cusip,2009-05-27,2009-06-17,450.272,489.263,0.0147601,-0.013554,0.068961,-0.0420471,0.0342718,0.000649559,0.00141007,0.00106201,0.00108939,0.000843788,0.0154096,-0.012144,0.070023,-0.0409577,0.0351156
2009-07,2009-07-31,2009-07-27,True,0.0441306,0.000930844,0.0488613,5.03803,5.08216,3176.49,3263.53,150,152,4,2,2,3,0,cusip,2009-06-24,2009-07-22,503.76,542.188,0.0189337,-0.00600589,0.0557323,-0.0487551,0.0242257,0.000619339,0.00134444,0.000999152,0.000973241,0.000794531,0.019553,-0.00466145,0.0567314,-0.0477819,0.0250202
2009-08,2009-08-31,2009-08-25,True,0.0946832,0.00701586,0.13138,5.13591,5.23059,3286.97,3363.34,152,155,6,3,0,2,0,cusip,2009-07-29,2009-08-19,545.188,592.499,0.0137999,-0.0150776,0.0860953,-0.0440263,0.0538919,0.00472924,0.0103415,0.00786508,0.00724203,0.00651925,0.0185291,-0.00473611,0.0939604,-0.0367843,0.0604111
2009-09,2009-09-30,2009-09-24,True,0.0481503,0.000964034,0.0531822,5.17153,5.21968,3370.65,3490.56,155,157,4,2,2,0,0,cusip,2009-08-26,2009-09-16,601.194,615.537,0.0156878,-0.00255242,0.0593895,-0.0454087,0.0210341,0.000645331,0.00144147,0.00108273,0.000940721,0.000921703,0.0163332,-0.00111096,0.0604722,-0.044468,0.0219558
2009-10,2009-10-30,2009-10-26,True,0.0511871,0.000911842,0.0558775,5.09269,5.14388,3460.53,3593.36,157,159,4,2,2,3,0,cusip,2009-09-23,2009-10-21,621.346,629.069,0.0157031,-0.00714615,0.0602529,-0.0397987,0.022176,0.000610596,0.00136868,0.00101772,0.00083384,0.000859563,0.0163137,-0.00577747,0.0612706,-0.0389648,0.0230355
2009-11,2009-11-30,2009-11-23,True,0.0701552,0.00508775,0.0966132,5.13017,5.20033,3624.27,3773.24,159,163,6,2,0,2,0,cusip,2009-10-28,2009-11-18,630.119,638.886,0.0148194,-0.0121269,0.0695436,-0.0364353,0.0343544,0.00347273,0.00798988,0.0054756,0.00450984,0.0050099,0.0182921,-0.00413702,0.0750192,-0.0319255,0.0393643
2009-12,2009-12-31,2009-12-24,True,0.0523281,0.000951785,0.0571551,5.01918,5.0715,3707.48,3850.38,163,165,4,2,2,3,0,cusip,2009-11-25,2009-12-16,638.886,636.905,0.0151268,-0.0077929,0.0584538,-0.0315533,0.0180938,0.00065367,0.00150143,0.00100219,0.000779146,0.000890544,0.0157804,-0.00629147,0.059456,-0.0307742,0.0189843
2010-01,2010-01-29,2010-01-25,True,0.0555679,0.000908489,0.0601918,5.03405,5.08962,3890.39,4029.68,165,167,4,2,2,3,0,cusip,2009-12-23,2010-01-20,636.905,640.994,0.0144954,-0.00613441,0.0573534,-0.0284979,0.0183514,0.000615198,0.00144308,0.000959294,0.000723106,0.000883188,0.0151106,-0.00469133,0.0583127,-0.0277748,0.0192346
2010-02,2010-02-26,2010-02-22,True,0.0900383,0.00624246,0.121847,5.00548,5.09552,3989.77,4111.47,167,170,6,3,0,3,0,cusip,2010-01-27,2010-02-17,640.994,644.428,0.0107229,-0.000348232,0.0689912,-0.0226962,0.0333686,0.00430953,0.0101744,0.00658784,0.00464482,0.00609193,0.0150324,0.00982621,0.075579,-0.0180514,0.0394605
2010-03,2010-03-31,2010-03-25,True,0.054514,0.000983847,0.0594964,5.00968,5.0642,4094.54,4230.35,170,172,4,2,2,0,0,cusip,2010-02-24,2010-03-17,644.428,643.271,0.0130867,-0.00636339,0.0547337,-0.0236738,0.0167307,0.000674021,0.00160294,0.00103185,0.000702227,0.000971355,0.0137607,-0.00476045,0.0557656,-0.0229715,0.0177021
2010-04,2010-04-30,2010-04-26,True,0.0505792,0.000962363,0.0554541,5.01498,5.06556,4254.83,4394.15,172,174,4,2,2,3,0,cusip,2010-03-24,2010-04-21,643.271,646.433,0.0129565,-0.0072256,0.0522248,-0.0227008,0.0153243,0.000651273,0.00156696,0.00100892,0.000667211,0.000980544,0.0136077,-0.00565865,0.0532337,-0.0220336,0.0163049
2010-05,2010-05-28,2010-05-24,True,0.0606019,0.00472663,0.0853277,5.17056,5.23117,4504.05,4646.83,174,178,6,2,0,3,0,cusip,2010-04-28,2010-05-19,646.433,646.49,0.0107142,-0.0109378,0.0562306,-0.0233083,0.0279033,0.00318345,0.00791623,0.00496228,0.00347542,0.00518843,0.0138977,-0.00302161,0.0611929,-0.0198329,0.0330917
2010-06,2010-06-30,2010-06-24,True,0.0573509,0.000989394,0.0625216,5.16877,5.22612,4674.5,4797.58,178,180,4,2,2,0,0,cusip,2010-05-26,2010-06-16,646.49,645.937,0.00997176,-0.00547819,0.051739,-0.0188319,0.0199503,0.000657201,0.00165708,0.00104267,0.000707683,0.00110607,0.010629,-0.00382111,0.0527816,-0.0181243,0.0210564
2010-07,2010-07-30,2010-07-26,True,0.0589504,0.000936693,0.0638497,5.1715,5.23045,4832.45,4949.64,180,182,4,2,2,3,0,cusip,2010-06-23,2010-07-21,645.937,646.225,0.00898781,-0.00406526,0.0503516,-0.0169511,0.0206272,0.000611546,0.00156744,0.000992697,0.000654725,0.00107292,0.00959936,-0.00249781,0.0513443,-0.0162963,0.0217001
2010-08,2010-08-31,2010-08-25,True,0.0929053,0.00545808,0.122468,5.3234,5.41631,5035.51,5125.53,182,185,6,3,0,1,0,cusip,2010-07-28,2010-08-18,646.225,651.023,0.00628737,0.0017157,0.0599649,-0.0122099,0.0371472,0.00355634,0.00930845,0.00595982,0.00372803,0.00701001,0.00984371,0.0110242,0.0659247,-0.00848183,0.0441572
2010-09,2010-09-30,2010-09-24,True,0.0600096,0.00098069,0.0652555,5.28917,5.34918,5109.93,5196.18,185,187,4,2,2,3,0,cusip,2010-08-25,2010-09-22,655.982,676.011,0.00889203,-0.00930842,0.0505651,-0.0140232,0.0238841,0.000636251,0.00166368,0.00107469,0.00064255,0.00122872,0.00952828,-0.00764474,0.0516398,-0.0133807,0.0251128
2010-10,2010-10-29,2010-10-25,True,0.0585368,0.000981412,0.0637482,5.25152,5.31006,5213.53,5291.45,187,189,4,2,2,3,0,cusip,2010-09-22,2010-10-20,676.011,702.08,0.00865479,-0.0141584,0.0546058,-0.0131328,0.0225674,0.000630097,0.00165451,0.00108772,0.000623358,0.00121567,0.00928489,-0.0125039,0.0556936,-0.0125094,0.023783
2010-11,2010-11-30,2010-11-23,True,0.0932681,0.00456039,0.117327,5.18242,5.27569,5218.18,5268.55,189,192,6,3,0,1,0,cusip,2010-10-27,2010-11-17,707.07,736.282,0.00535096,-0.0118816,0.0648905,-0.00592806,0.0408363,0.00299145,0.00770517,0.00501549,0.00280037,0.00554675,0.00834241,-0.0041764,0.069906,-0.0031277,0.046383
2010-12,2010-12-31,2010-12-27,True,0.0747976,0.000957196,0.0797379,5.08638,5.16118,5119.07,5087.4,192,193,4,3,2,2,0,cusip,2010-11-24,2010-12-22,762.09,863.731,0.0103104,-0.0206504,0.0504365,-0.00699854,0.0416997,0.00063117,0.00158062,0.00100877,0.000555969,0.00116374,0.0109415,-0.0190698,0.0514452,-0.00644257,0.0428635
2011-01,2011-01-31,2011-01-25,True,0.0768412,0.000915977,0.0815662,5.08159,5.15843,5095.75,5111.14,193,194,4,3,2,2,0,cusip,2010-12-29,2011-01-19,872.581,931.516,0.00761626,-0.00423607,0.042823,-0.00243952,0.0330775,0.000597724,0.00151147,0.000966686,0.000521784,0.00112734,0.00821398,-0.0027246,0.0437897,-0.00191774,0.0342048
2011-02,2011-02-28,2011-02-22,True,0.105612,0.00540236,0.133601,5.07535,5.18096,5021.74,5010.51,194,196,6,4,0,2,0,cusip,2011-01-26,2011-02-16,966.381,1027.85,0.00230102,0.00313886,0.0552929,-0.00566517,0.0505444,0.00358484,0.00900323,0.00564005,0.00315192,0.00660934,0.00588586,0.0121421,0.0609329,-0.00251326,0.0571538
2011-03,2011-03-31,2011-03-25,True,0.0697146,0.000972251,0.0747659,5.12576,5.19547,4996.71,4988.3,196,197,4,3,2,3,0,cusip,2011-02-23,2011-03-23,1050.91,1130.58,0.00497549,-0.00270038,0.0394643,-0.000917525,0.0288927,0.000631753,0.00160944,0.0010026,0.000564195,0.00124331,0.00560724,-0.00109094,0.0404669,-0.00035333,0.030136
2011-04,2011-04-29,2011-04-25,True,0.0789608,0.000961583,0.0839769,5.13748,5.21645,5019.1,5002.31,197,198,4,3,2,3,0,cusip,2011-03-23,2011-04-20,1130.58,1219.26,0.00421134,-0.000226876,0.0424234,-0.00425307,0.036806,0.000614972,0.0015863,0.000991363,0.000552822,0.00127059,0.00482632,0.00135942,0.0434148,-0.00370024,0.0380766
2011-05,2011-05-31,2011-05-24,True,0.0900972,0.00457031,0.114435,5.23498,5.32507,5042.51,5045.77,198,201,6,3,0,2,0,cusip,2011-04-27,2011-05-18,1228.5,1298.52,0.00647879,-0.0100736,0.0474609,-0.000822618,0.0470537,0.00296438,0.00754782,0.00473201,0.00260093,0.00649213,0.00944316,-0.00252574,0.0521929,0.00177831,0.0535458
2011-06,2011-06-30,2011-06-24,True,0.0739841,0.000856567,0.078573,5.28338,5.35736,5091.67,5097.46,201,202,4,3,2,3,0,cusip,2011-05-25,2011-06-22,1322.53,1393.89,0.00885827,-0.016908,0.046322,-0.0010446,0.0367563,0.000548146,0.00140313,0.000892309,0.000486759,0.0012586,0.00940642,-0.0155048,0.0472144,-0.000557837,0.0380149
2011-07,2011-07-29,2011-07-25,True,0.0716869,0.00089649,0.0764458,5.2366,5.30829,5067.86,5120.81,202,203,4,3,2,3,0,cusip,2011-06-22,2011-07-20,1393.89,1416.06,0.00837543,-0.00264449,0.0544839,-0.0108191,0.0222911,0.000574483,0.0014559,0.000936392,0.000490428,0.00130163,0.00894991,-0.00118858,0.0554203,-0.0103286,0.0235927
2011-08,2011-08-31,2011-08-25,True,0.100857,0.00502458,0.129062,5.51259,5.61345,5276.17,5341.19,203,205,6,4,0,0,0,cusip,2011-07-27,2011-08-17,1420.04,1412.76,0.00432619,0.00491162,0.0631068,-0.00694986,0.0354624,0.00318248,0.00817452,0.00548942,0.0028336,0.00852523,0.00750866,0.0130861,0.0685962,-0.00411626,0.0439876
2011-09,2011-09-30,2011-09-26,True,0.0808276,0.000866677,0.0858807,5.7495,5.83033,5433.57,5502.74,205,206,4,3,2,3,0,cusip,2011-08-24,2011-09-21,1413.58,1421.5,0.0062065,0.00300816,0.0518684,-0.00729737,0.0270419,0.000536504,0.00138404,0.000957491,0.000496825,0.00167815,0.006743,0.0043922,0.0528259,-0.00680055,0.0287201
2011-10,2011-10-31,2011-10-25,True,0.047355,0.00084586,0.0522127,5.69555,5.7429,5461.4,5522.81,206,207,4,3,2,2,0,cusip,2011-09-28,2011-10-19,1422.43,1434.76,0.0101426,0.0114202,0.0379217,-0.0107835,-0.00134588,0.000530814,0.00135379,0.000919927,0.000462573,0.00159059,0.0106734,0.012774,0.0388416,-0.010321,0.000244704
2011-11,2011-11-30,2011-11-23,True,0.0672212,0.00428885,0.0924046,5.80461,5.87183,5564.65,5621.32,207,209,6,4,0,0,0,cusip,2011-10-26,2011-11-16,1442.97,1446.05,0.0118244,0.00380043,0.0542783,-0.0102607,0.00757873,0.00275716,0.00695409,0.00465522,0.00222722,0.00858972,0.0145815,0.0107545,0.0589336,-0.00803347,0.0161684
2011-12,2011-12-30,2011-12-23,True,0.0213982,0.000793905,0.0259277,5.6839,5.7053,5580.04,5616.05,209,210,4,3,2,0,0,cusip,2011-11-23,2011-12-21,1443.51,1478.5,0.0125452,0.0037546,0.0384267,-0.00820623,-0.0251221,0.000524667,0.0012803,0.000846293,0.000397085,0.00148113,0.0130699,0.0050349,0.039273,-0.00780914,-0.023641
2012-01,2012-01-31,2012-01-25,True,0.0474987,0.000828816,0.0521677,5.5859,5.63339,5642.06,5727.3,210,211,4,3,2,1,0,cusip,2011-12-28,2012-01-18,1466.38,1459.1,0.0113262,0.000575509,0.0439973,-0.00735105,-0.00104938,0.000550988,0.00132799,0.000877726,0.000403268,0.00150907,0.0118772,0.0019035,0.0448751,-0.00694778,0.000459694
2012-02,2012-02-29,2012-02-23,True,0.0525309,0.00459303,0.078361,5.57122,5.62375,5689.45,5738.31,211,213,6,4,0,0,0,cusip,2012-01-25,2012-02-15,1469.14,1476.69,0.0111384,0.0108789,0.0402588,-0.00883788,-0.000907271,0.00318683,0.00750666,0.00459394,0.00217982,0.00836279,0.0143253,0.0183855,0.0448527,-0.00665807,0.00745551
2012-03,2012-03-30,2012-03-26,True,0.0229081,0.00082911,0.0274464,5.45083,5.47374,5685.65,5737.78,213,214,4,3,2,3,0,cusip,2012-02-22,2012-03-21,1471.26,1487.19,0.0156046,0.00341415,0.0312215,-0.00418665,-0.0231456,0.000586811,0.0013382,0.000809489,0.000378633,0.00142521,0.0161914,0.00475234,0.032031,-0.00380801,-0.0217204
2012-04,2012-04-30,2012-04-24,True,0.0397939,0.000798432,0.0441936,5.47071,5.5105,5803.74,5855.77,214,215,4,3,2,2,0,cusip,2012-03-28,2012-04-18,1490.22,1511.22,0.0116648,0.00686222,0.0333108,-0.0040856,-0.00795842,0.000564698,0.0012835,0.000779937,0.000363848,0.00140778,0.0122295,0.00814572,0.0340908,-0.00372175,-0.00655064
2012-05,2012-05-31,2012-05-24,True,0.062438,0.00395283,0.0845758,5.53805,5.60049,5896.64,5955.8,215,217,6,4,0,0,0,cusip,2012-04-25,2012-05-16,1506.77,1502.98,0.0108013,0.00215549,0.0533502,-0.00458746,0.000718559,0.00284015,0.00639493,0.00376329,0.00180744,0.00733197,0.0136415,0.00855042,0.0571134,-0.00278002,0.00805053
2012-06,2012-06-29,2012-06-25,True,0.0252688,0.000730354,0.0293569,5.57208,5.59735,5989.04,6032.52,217,218,4,3,2,3,0,cusip,2012-05-23,2012-06-20,1507.24,1531.69,0.0132132,0.00694351,0.0365033,-0.0119937,-0.0193975,0.000521038,0.00117459,0.000690554,0.000327858,0.001374,0.0137342,0.0081181,0.0371939,-0.0116658,-0.0180235
2012-07,2012-07-31,2012-07-25,True,0.042492,0.000755373,0.0467537,5.59941,5.6419,6092.28,6162.73,218,219,4,3,2,1,0,cusip,2012-06-27,2012-07-18,1534.59,1533.37,0.0113905,-1.81631e-05,0.0458271,-0.0103413,-0.00436616,0.000531732,0.00120419,0.000718072,0.000335079,0.00147267,0.0119223,0.00118603,0.0465451,-0.0100062,-0.0028935
2012-08,2012-08-31,2012-08-27,True,0.0637836,0.00426416,0.087289,5.44853,5.51231,6069.69,6096.46,219,221,6,4,0,3,0,cusip,2012-07-25,2012-08-22,1538.55,1547.53,0.0113721,0.00961893,0.0421552,-0.00184049,0.00247788,0.00308901,0.00694741,0.00388095,0.00177953,0.00780848,0.0144611,0.0165663,0.0460362,-6.09613e-05,0.0102864
2012-09,2012-09-28,2012-09-24,True,0.0438529,0.000774482,0.0480472,5.37174,5.41559,6074.3,6126.9,221,222,4,3,2,3,0,cusip,2012-08-29,2012-09-19,1549.82,1562.4,0.0114223,0.000488595,0.0402983,-0.00348116,-0.0048751,0.000564714,0.00126045,0.000700079,0.000311375,0.00135766,0.011987,0.00174905,0.0409984,-0.00316979,-0.00351744
2012-10,2012-10-31,2012-10-24,True,0.0383895,0.000735006,0.0423248,5.31575,5.35414,6110.36,6167.62,222,223,4,3,2,1,0,cusip,2012-09-26,2012-10-17,1564.73,1575.19,0.00947289,0.00176792,0.0390991,-0.00366079,-0.00828963,0.000535924,0.00118674,0.000657143,0.000287114,0.00126841,0.0100088,0.00295466,0.0397562,-0.00337368,-0.00702122
2012-11,2012-11-30,2012-11-26,True,0.060898,0.00369545,0.0807977,5.32403,5.38493,6198.79,6236.38,223,225,6,4,0,3,0,cusip,2012-10-24,2012-11-21,1563.81,1565.84,0.0124776,0.00692786,0.0397371,-0.00673685,0.00849232,0.00274024,0.00604115,0.00321654,0.00137812,0.00652371,0.0152178,0.012969,0.0429536,-0.00535873,0.015016
2012-12,2012-12-31,2012-12-24,True,0.0278508,0.00070623,0.0315812,5.25427,5.28212,6208.77,6262.46,225,226,4,3,2,0,0,cusip,2012-11-28,2012-12-19,1561.92,1572.76,0.0122536,0.00306965,0.0338275,-0.00310242,-0.0181976,0.000525527,0.00115107,0.000607913,0.000253373,0.00119251,0.0127792,0.00422073,0.0344354,-0.00284905,-0.0170051
2013-01,2013-01-31,2013-01-25,True,0.0613181,0.000725801,0.065077,5.11763,5.17895,6223.43,6244.53,226,227,4,3,2,3,0,cusip,2012-12-26,2013-01-23,1570.85,1609.8,0.00782582,0.00650732,0.041406,-0.00325213,0.00883111,0.00053715,0.00117966,0.000622275,0.000248347,0.00117146,0.00836297,0.00768698,0.0420283,-0.00300379,0.0100026
2013-02,2013-02-28,2013-02-22,True,0.0816666,0.00401048,0.102545,5.12438,5.20605,6229.66,6225.54,227,229,6,4,0,3,0,cusip,2013-01-23,2013-02-20,1609.8,1648.12,0.005945,0.0101613,0.0566759,-0.00188521,0.0107696,0.00299646,0.0067386,0.0033472,0.00129179,0.0065047,0.00894145,0.0168999,0.0600231,-0.000593421,0.0172743
2013-03,2013-03-28,2013-03-22,True,0.0555411,0.000712557,0.0592474,5.14582,5.20136,6237.82,6246.62,229,230,4,3,2,3,0,cusip,2013-02-20,2013-03-20,1648.12,1694.66,0.00860674,0.010134,0.0396952,-0.00254307,-0.00035171,0.000526381,0.00119795,0.000597708,0.000227084,0.00115714,0.00913312,0.0113319,0.0402929,-0.00231599,0.000805431
2013-04,2013-04-30,2013-04-24,True,0.0614735,0.000695069,0.0651344,5.20545,5.26692,6301.54,6318.56,230,231,4,3,2,1,0,cusip,2013-03-20,2013-04-17,1694.66,1732.73,0.0072587,0.00756474,0.0463826,-0.000871255,0.00113876,0.000503254,0.00115714,0.000592713,0.000224249,0.00118352,0.00776196,0.00872188,0.0469753,-0.000647007,0.00232227
2013-05,2013-05-31,2013-05-24,True,0.0846087,0.00353918,0.102932,5.09273,5.17734,6222.36,6217.26,231,233,6,4,0,3,0,cusip,2013-04-24,2013-05-22,1743.75,1782.59,0.00587745,0.0173929,0.0480959,-0.00185352,0.015096,0.0026235,0.00601639,0.00286379,0.00109631,0.00572359,0.00850095,0.0234092,0.0509597,-0.000757211,0.0208195
2013-06,2013-06-28,2013-06-24,True,0.06306,0.00073268,0.0667334,4.9506,5.01366,6078.52,6099.43,233,234,4,3,2,3,0,cusip,2013-05-29,2013-06-19,1788.94,1822.72,0.0068565,0.010359,0.0445902,-0.00280241,0.0040568,0.000547833,0.00123023,0.000582173,0.000213853,0.00109932,0.00740433,0.0115892,0.0451723,-0.00258855,0.00515612
2013-07,2013-07-31,2013-07-25,True,0.0683346,0.000716276,0.0718958,4.90342,4.97175,6099.5,6120.3,234,235,4,3,2,0,0,cusip,2013-06-26,2013-07-17,1832.45,1864.02,0.00668473,0.0104479,0.0450767,-0.00285739,0.00898268,0.000535595,0.00119687,0.000571461,0.000204503,0.00105272,0.00722033,0.0116448,0.0456481,-0.00265289,0.0100354
2013-08,2013-08-30,2013-08-26,True,0.0857993,0.00399531,0.105554,4.85877,4.94457,6049.48,6043.23,235,236,5,4,1,3,0,cusip,2013-07-24,2013-08-21,1872.31,1912.83,0.00543648,0.0133991,0.0537691,-0.00188891,0.0150834,0.00304544,0.00677859,0.00310962,0.00102535,0.00579609,0.00848193,0.0201777,0.0568788,-0.000863554,0.0208795
2013-09,2013-09-30,2013-09-24,True,0.0702929,0.000685223,0.0736994,4.90111,4.9714,6076.44,6102.34,236,236,3,3,3,2,0,cusip,2013-08-28,2013-09-18,1924.22,1951.13,0.00479531,0.0134297,0.0442782,-0.00313288,0.0109226,0.000521767,0.00115699,0.000539673,0.000174691,0.0010134,0.00531708,0.0145867,0.0448178,-0.00295819,0.011936
2013-10,2013-10-31,2013-10-25,True,0.0609552,0.000658234,0.0642304,4.91489,4.97584,6129.79,6136.21,236,237,4,3,2,3,0,cusip,2013-09-25,2013-10-23,1961.07,2003.95,0.00613621,0.00990415,0.0430947,-0.000268529,0.0020886,0.000500336,0.00110134,0.000523761,0.000168691,0.000981143,0.00663655,0.0110055,0.0436185,-9.98373e-05,0.00306974
2013-11,2013-11-29,2013-11-22,True,0.091129,0.00347368,0.108275,4.84495,4.93608,6082.61,6065.03,237,239,6,4,0,3,0,cusip,2013-10-23,2013-11-20,2003.95,2046.79,0.00442384,0.0177483,0.0512358,-0.00327292,0.0209939,0.00273106,0.00597167,0.00257834,0.000856655,0.00500865,0.0071549,0.02372,0.0538142,-0.00241627,0.0260026
2013-12,2013-12-31,2013-12-24,True,0.0592474,0.000707666,0.0627041,4.82548,4.88473,6014.11,6016.2,239,240,4,3,2,0,0,cusip,2013-11-20,2013-12-18,2046.79,2091.8,0.00624501,0.012805,0.0431684,-0.00210505,-0.00086603,0.000559259,0.00119606,0.000522209,0.000169482,0.00100975,0.00680427,0.0140011,0.0436906,-0.00193556,0.000143715
2014-01,2014-01-31,2014-01-27,True,0.0767513,0.000701669,0.0802186,4.86473,4.94148,6059.71,6085.7,240,241,4,3,2,3,0,cusip,2013-12-24,2014-01-22,2103.4,2124.95,0.00319906,0.0131481,0.0499176,-0.00287455,0.0133611,0.000546563,0.00117298,0.000529123,0.000168589,0.00105003,0.00374563,0.014321,0.0504467,-0.00270596,0.0144112
2014-02,2014-02-28,2014-02-24,True,0.121665,0.00394326,0.141371,4.87585,4.99751,6065.81,6043.62,241,242,6,5,0,3,0,cusip,2014-01-29,2014-02-19,2136.74,2160.47,0.00123792,0.0247252,0.0613177,-0.000600271,0.0349842,0.00311477,0.00680956,0.00284209,0.000946312,0.00599375,0.0043527,0.0315348,0.0641598,0.000346041,0.0409779
2014-03,2014-03-31,2014-03-25,True,0.0764886,0.000687699,0.0799448,4.94919,5.02568,6024.93,6045.64,242,243,4,3,2,2,0,cusip,2014-02-26,2014-03-19,2170.86,2197.24,0.00359461,0.0113621,0.0517547,-0.000824983,0.0106022,0.000542212,0.0011716,0.000501252,0.000165054,0.00107603,0.00413682,0.0125337,0.052256,-0.000659929,0.0116782
2014-04,2014-04-30,2014-04-24,True,0.0807134,0.00065447,0.0840268,4.98198,5.06269,6065.21,6086.41,243,244,4,3,2,0,0,cusip,2014-03-26,2014-04-16,2202.9,2225.67,0.00315024,0.0136034,0.0482665,-0.000831535,0.0165249,0.000513159,0.00110665,0.000482722,0.00015571,0.00105514,0.0036634,0.01471,0.0487492,-0.000675825,0.01758
2014-05,2014-05-30,2014-05-23,True,0.10887,0.00348514,0.126777,5.02924,5.13811,6109.21,6103.44,244,246,6,4,0,3,0,cusip,2014-04-23,2014-05-21,2231.35,2254.04,0.00127359,0.0213139,0.0526214,-0.00200855,0.03567,0.00275802,0.00601239,0.00252318,0.000828923,0.0057845,0.00403161,0.0273263,0.0551446,-0.00117963,0.0414545
2014-06,2014-06-30,2014-06-24,True,0.0798873,0.000697693,0.0834669,5.05087,5.13076,6083.55,6110.68,246,247,4,3,2,2,0,cusip,2014-05-28,2014-06-18,2257.37,2277.04,0.00189676,0.0113744,0.0541418,-0.00201493,0.0144893,0.000547826,0.00118991,0.000513825,0.000163338,0.00116479,0.00244458,0.0125643,0.0546556,-0.0018516,0.0156541
2014-07,2014-07-31,2014-07-25,True,0.0781694,0.000706062,0.0818301,5.10647,5.18464,6135.17,6167.68,247,248,4,3,2,3,0,cusip,2014-06-25,2014-07-23,2282.44,2298.12,0.000950376,0.0139058,0.0491905,-0.00124136,0.0153642,0.000546981,0.0011932,0.000528364,0.000165409,0.00122672,0.00149736,0.015099,0.0497188,-0.00107596,0.0165909
2014-08,2014-08-29,2014-08-25,True,0.112798,0.0037781,0.132729,5.16277,5.27557,6173.61,6171.91,248,249,6,5,0,3,0,cusip,2014-07-23,2014-08-20,2298.12,2313.88,-0.000629656,0.0233156,0.0581496,-0.00140788,0.0333702,0.0029372,0.00653014,0.00273676,0.000884492,0.00684307,0.00230754,0.0298457,0.0608863,-0.000523393,0.0402132
2014-09,2014-09-30,2014-09-24,True,0.0783027,0.000682327,0.0818657,5.14364,5.22195,6131.15,6172.59,249,250,4,3,2,1,0,cusip,2014-08-27,2014-09-17,2318.37,2328.51,0.000462475,0.0122844,0.0523319,-0.0015403,0.0147642,0.00053154,0.00116787,0.000499378,0.000155469,0.00120882,0.000994014,0.0134522,0.0528312,-0.00138483,0.0159731
2014-10,2014-10-31,2014-10-27,True,0.0788435,0.000651383,0.0823036,5.23304,5.31189,6265.47,6309.33,250,251,4,3,2,3,0,cusip,2014-09-24,2014-10-22,2330.58,2341,0.000661361,0.0133882,0.047877,-0.00200057,0.0189176,0.000496421,0.00110895,0.000489656,0.000148968,0.00121608,0.00115778,0.0144971,0.0483666,-0.00185161,0.0201336
2014-11,2014-11-28,2014-11-21,True,0.118647,0.0034855,0.137425,5.2687,5.38734,6274.5,6300.24,251,252,6,5,0,3,0,cusip,2014-10-29,2014-11-19,2343.43,2343.19,-0.00310318,0.0196226,0.0609515,-0.000887918,0.0420641,0.00267955,0.0060982,0.00255151,0.000754421,0.00669389,-0.000423638,0.0257208,0.063503,-0.000133497,0.048758
2014-12,2014-12-31,2014-12-24,True,0.0895399,0.000713141,0.0934393,5.37838,5.46792,6309.65,6358.61,252,253,4,3,2,0,0,cusip,2014-11-19,2014-12-17,2343.19,2343.19,-0.00186638,0.0130662,0.053431,-0.00167306,0.026582,0.000537647,0.00122822,0.000533635,0.000153745,0.00144615,-0.00132873,0.0142944,0.0539647,-0.00151931,0.0280282
2015-01,2015-01-30,2015-01-26,True,0.0890436,0.000723272,0.0931308,5.56192,5.65097,6503.2,6555.47,253,254,4,3,2,3,0,cusip,2014-12-24,2015-01-21,2343.19,2341.28,-0.00212646,0.0122391,0.0526922,-0.00176056,0.0279993,0.000525761,0.00123791,0.000561756,0.000158443,0.00160332,-0.00160069,0.013477,0.053254,-0.00160212,0.0296026
2015-02,2015-02-27,2015-02-23,True,0.108883,0.00369321,0.129543,5.48517,5.59405,6460.79,6495.88,254,254,6,6,0,3,0,cusip,2015-01-28,2015-02-18,2341.28,2304.57,-0.00324644,0.0165845,0.0584131,-0.00109964,0.0382311,0.00270114,0.00642728,0.00286446,0.000747706,0.00791943,-0.000545301,0.0230117,0.0612776,-0.000351931,0.0461506
2015-03,2015-03-31,2015-03-25,True,0.0891751,0.00071574,0.0932375,5.58674,5.67592,6550.22,6595.45,254,254,4,4,2,1,0,cusip,2015-02-25,2015-03-18,2304.57,2280.98,-0.00198487,0.0137882,0.0525232,-0.0013925,0.026241,0.000510206,0.00124222,0.000569383,0.000144336,0.00159634,-0.00147466,0.0150304,0.0530926,-0.00124817,0.0278373
2015-04,2015-04-30,2015-04-24,True,0.0865228,0.000682041,0.0903714,5.55623,5.64275,6596.86,6643.35,254,254,4,4,2,3,0,cusip,2015-03-25,2015-04-22,2280.98,2253.61,-0.00179278,0.0134151,0.0517371,-0.00139722,0.0245606,0.000477333,0.00118567,0.00055452,0.000135232,0.00149583,-0.00131545,0.0146008,0.0522916,-0.00126198,0.0260565
2015-05,2015-05-29,2015-05-22,True,0.116553,0.0034859,0.135917,5.43861,5.55516,6530.2,6550.9,254,253,5,6,1,3,0,cusip,2015-04-22,2015-05-20,2253.61,2216.12,-0.00387171,0.0202019,0.0590831,-0.000610267,0.0417497,0.00245845,0.00616125,0.00281015,0.000670979,0.00726391,-0.00141325,0.0263631,0.0618932,6.07115e-05,0.0490136
2015-06,2015-06-30,2015-06-24,True,0.0929703,0.00074187,0.0970514,5.40804,5.50101,6511.96,6545.78,253,253,4,4,2,1,0,cusip,2015-05-27,2015-06-17,2216.12,2202.55,-0.0022876,0.0165589,0.0525992,-0.00097477,0.0270746,0.000514449,0.00130683,0.000605566,0.000139257,0.00151493,-0.00177315,0.0178657,0.0532048,-0.000835513,0.0285895
2015-07,2015-07-31,2015-07-27,True,0.097474,0.000734089,0.101591,5.51102,5.60849,6609.52,6637.8,253,253,4,4,2,3,0,cusip,2015-06-24,2015-07-22,2202.55,2195.37,-0.00249899,0.0179161,0.0527767,-0.000803536,0.0300838,0.000491365,0.00128826,0.00061387,0.000137877,0.00158576,-0.00200763,0.0192043,0.0533906,-0.00066566,0.0316695
2015-08,2015-08-31,2015-08-25,True,0.117721,0.00370152,0.138862,5.59366,5.71138,6654.68,6671.75,253,253,5,5,1,2,0,cusip,2015-07-29,2015-08-19,2195.37,2183.33,-0.0038292,0.02077,0.0584542,-0.000459755,0.0427861,0.00244124,0.00660564,0.00313449,0.00066371,0.00829575,-0.00138797,0.0273757,0.0615887,0.000203955,0.0510819
2015-09,2015-09-30,2015-09-24,True,0.0966843,0.000720459,0.1008,5.61583,5.71251,6674.51,6702.09,253,252,3,4,3,0,0,cusip,2015-08-26,2015-09-16,2183.33,2176.5,-0.00237694,0.0178765,0.0525913,-0.000732279,0.0293257,0.000467473,0.00128552,0.000622503,0.000127656,0.00161249,-0.00190947,0.019162,0.0532138,-0.000604623,0.0309382
2015-10,2015-10-30,2015-10-26,True,0.111759,0.000689811,0.115734,5.65185,5.76361,6726.02,6726.19,252,251,3,4,2,2,0,cusip,2015-09-23,2015-10-21,2176.5,2169.97,-0.00770675,0.025066,0.0558235,-4.52533e-06,0.0385804,0.000434758,0.00123045,0.000610886,0.000121808,0.0015779,-0.00727199,0.0262964,0.0564344,0.000117283,0.0401583
2015-11,2015-11-30,2015-11-23,True,0.109023,0.00352839,0.129364,5.65589,5.76491,6632.85,6665.14,251,251,6,6,1,2,0,cusip,2015-10-28,2015-11-18,2169.97,2146.19,0.00051962,0.0165052,0.0564514,-0.000844745,0.0363916,0.00227125,0.00636832,0.00304797,0.000612259,0.00804108,0.00279087,0.0228735,0.0594993,-0.000232486,0.0444327
2015-12,2015-12-31,2015-12-24,True,0.0919423,0.000741928,0.0962452,5.70771,5.79965,6670.54,6703.8,251,251,4,4,2,3,0,cusip,2015-11-25,2015-12-16,2146.19,2134.48,-0.00222117,0.016175,0.0517058,-0.000856089,0.0271387,0.000467563,0.0013324,0.000651724,0.000127399,0.00172384,-0.0017536,0.0175074,0.0523575,-0.00072869,0.0288626
2016-01,2016-01-29,2016-01-25,True,0.0935142,0.000708147,0.0976827,5.79291,5.88642,6793.67,6825.08,251,251,4,4,2,3,0,cusip,2015-12-23,2016-01-20,2134.48,2127.13,-0.00226034,0.0165618,0.0515693,-0.000794121,0.0284376,0.000435974,0.0012669,0.000637866,0.000121616,0.00170609,-0.00182436,0.0178287,0.0522071,-0.000672505,0.0301437
2016-02,2016-02-29,2016-02-23,True,0.105619,0.00369857,0.127952,5.9327,6.03832,6900.87,6922.82,251,251,5,5,1,2,0,cusip,2016-01-27,2016-02-17,2127.13,2113.3,-0.00268067,0.018079,0.0543272,-0.00064339,0.0365367,0.00230155,0.00676135,0.00328125,0.000748233,0.00924078,-0.000379113,0.0248403,0.0576084,0.000104842,0.0457775
2016-03,2016-03-31,2016-03-24,True,0.0857995,0.000693028,0.0899656,5.92564,6.01144,6875.01,6906.06,251,251,4,4,2,3,0,cusip,2016-02-24,2016-03-16,2113.53,2129.46,-0.00137745,0.0157013,0.0485625,-0.000891382,0.0238045,0.000429944,0.00125664,0.000619633,0.000136773,0.0017231,-0.000947509,0.016958,0.0491822,-0.000754609,0.0255276
2016-04,2016-04-29,2016-04-25,True,0.0844029,0.000668195,0.0884087,5.91059,5.99499,6908.85,6940.45,251,251,4,4,2,2,0,cusip,2016-03-23,2016-04-20,2129.46,2136.82,-0.00125454,0.0155001,0.0479976,-0.000890242,0.02305,0.000408204,0.00120624,0.000606323,0.00013007,0.00165498,-0.000846336,0.0167063,0.0486039,-0.000760171,0.024705
2016-05,2016-05-31,2016-05-24,True,0.10948,0.00348339,0.130675,5.97503,6.08451,6934.79,6948.98,251,252,6,5,0,2,0,cusip,2016-04-27,2016-05-18,2136.82,2141.83,-0.00301357,0.0199075,0.0545296,-0.00039859,0.0384548,0.00213465,0.00640982,0.00307353,0.000678576,0.00889813,-0.000878921,0.0263174,0.0576032,0.000279986,0.0473529
2016-06,2016-06-30,2016-06-24,True,0.0820483,0.000727501,0.0865614,6.12158,6.20363,7076.99,7113.59,252,252,4,4,2,0,0,cusip,2016-05-25,2016-06-22,2141.63,2151.19,-0.00103922,0.013961,0.0476309,-0.00101559,0.0225112,0.000435371,0.00133047,0.000656985,0.000142836,0.00194748,-0.000603852,0.0152915,0.0482879,-0.000872754,0.0244587
2016-07,2016-07-29,2016-07-25,True,0.0808317,0.00067339,0.0850492,6.18217,6.263,7123.99,7162.12,252,252,4,4,2,2,0,cusip,2016-06-22,2016-07-20,2151.19,2155.88,-0.00097935,0.0135179,0.0467746,-0.00103987,0.0225584,0.000396092,0.00121765,0.000613961,0.000130845,0.0018589,-0.000583259,0.0147356,0.0473886,-0.000909026,0.0244173
2016-08,2016-08-31,2016-08-25,True,0.112852,0.0036584,0.135989,6.21145,6.32431,7143.32,7152.87,252,253,6,5,0,0,0,cusip,2016-07-27,2016-08-17,2155.88,2146.92,-0.00311471,0.020297,0.0543052,-0.000245344,0.0416103,0.00217794,0.00673494,0.00326814,0.000671495,0.0102843,-0.000936768,0.0270319,0.0575733,0.000426151,0.0518946
2016-09,2016-09-30,2016-09-26,True,0.0803158,0.0006592,0.0844647,6.21355,6.29387,7149.95,7186.38,253,254,4,3,2,2,0,cusip,2016-08-24,2016-09-21,2146.92,2141.99,-0.000888203,0.0137706,0.0468221,-0.000919142,0.0215304,0.000388281,0.00120686,0.000597583,0.000118911,0.00183728,-0.000499922,0.0149774,0.0474197,-0.000800231,0.0233677
2016-10,2016-10-31,2016-10-25,True,0.0805003,0.000648328,0.0845312,6.13688,6.21738,7120.26,7154.01,254,255,4,3,2,2,0,cusip,2016-09-28,2016-10-19,2141.99,2138.66,-0.00102233,0.0144864,0.0465719,-0.000834644,0.0212989,0.000382588,0.00118092,0.000593285,0.000114176,0.00175993,-0.000639745,0.0156674,0.0471652,-0.000720467,0.0230588
2016-11,2016-11-30,2016-11-23,True,0.100458,0.003537,0.121745,5.91803,6.01849,6922.88,6944.62,255,256,6,5,0,0,0,cusip,2016-10-26,2016-11-16,2138.66,2138.64,-0.00272381,0.0175448,0.0522698,-0.000499213,0.0338666,0.00217433,0.00658726,0.00308318,0.000562327,0.00888028,-0.000549484,0.024132,0.055353,6.31137e-05,0.0427469
2016-12,2016-12-30,2016-12-23,True,0.0724081,0.000745207,0.0768535,5.89289,5.9653,6892.78,6936.67,256,256,4,4,2,3,0,cusip,2016-11-23,2016-12-21,2138.64,2130.1,-0.000794163,0.0116953,0.045599,-0.000985931,0.0168938,0.000458652,0.00137289,0.000653608,0.000115378,0.00184486,-0.000335511,0.0130682,0.0462526,-0.000870553,0.0187387
2017-01,2017-01-31,2017-01-25,True,0.0634382,0.000691154,0.0675544,5.89208,5.95552,6957.15,7012.17,256,256,4,4,2,1,0,cusip,2016-12-28,2017-01-18,2130.1,2117.33,-3.13826e-05,0.00875529,0.0431141,-0.00120674,0.0128069,0.000421521,0.00125746,0.000612032,0.000105458,0.00171971,0.000390139,0.0100128,0.0437262,-0.00110128,0.0145266
2017-02,2017-02-28,2017-02-22,True,0.0907251,0.00374906,0.113309,5.93324,6.02397,7025.98,7059.95,256,258,6,4,0,1,0,cusip,2017-01-25,2017-02-15,2117.33,2081.46,-0.00216591,0.0141199,0.050177,-0.000766265,0.0293604,0.00235321,0.00688897,0.00326046,0.000594164,0.00948744,0.000187295,0.0210089,0.0534375,-0.000172101,0.0388478
2017-03,2017-03-31,2017-03-27,True,0.0649992,0.000673701,0.0690649,5.9698,6.0348,7080.09,7133.98,258,258,4,4,2,2,0,cusip,2017-02-22,2017-03-22,2081.46,2062.46,-0.000286819,0.00903052,0.0434874,-0.00119358,0.0139617,0.000417043,0.00122132,0.000592878,0.00010565,0.00172876,0.000130224,0.0102518,0.0440802,-0.00108793,0.0156905
2017-04,2017-04-28,2017-04-24,True,0.0655691,0.000655244,0.0695393,5.99354,6.05911,7174.91,7227.37,258,257,3,4,3,3,0,cusip,2017-03-29,2017-04-19,2062.66,2043.42,-0.000406106,0.00946733,0.0431902,-0.00113924,0.014457,0.000401868,0.00117895,0.000585763,0.000102096,0.00170152,-4.23718e-06,0.0106463,0.0437759,-0.00103715,0.0161585
2017-05,2017-05-31,2017-05-24,True,0.0868464,0.00354446,0.108445,6.00688,6.09372,7216.93,7255.57,257,257,6,6,0,1,0,cusip,2017-04-26,2017-05-17,2043.42,2021.01,-0.00198192,0.012831,0.0491345,-0.000916566,0.0277794,0.00221581,0.00649149,0.00302977,0.000606721,0.00925518,0.000233899,0.0193225,0.0521643,-0.000309845,0.0370346
2017-06,2017-06-30,2017-06-26,True,0.062752,0.000753491,0.0674057,6.11346,6.17621,7315.99,7373.22,257,257,4,4,2,2,0,cusip,2017-05-24,2017-06-21,2021.01,2001.14,-0.00024465,0.00812642,0.0427138,-0.00133795,0.0134943,0.000463169,0.00135436,0.000652354,0.000128869,0.00205497,0.000218519,0.00948078,0.0433662,-0.00120908,0.0155493
2017-07,2017-07-31,2017-07-25,True,0.0614295,0.000718666,0.065789,6.00462,6.06605,7306.24,7362.93,257,257,4,4,2,2,0,cusip,2017-06-28,2017-07-19,2001.14,1984.65,-0.000228742,0.00830894,0.0420361,-0.00128666,0.0125999,0.000441945,0.00128317,0.000625544,0.000119177,0.00188962,0.000213203,0.00959212,0.0426617,-0.00116748,0.0144895
2017-08,2017-08-31,2017-08-25,True,0.08362,0.00373174,0.106634,6.0835,6.16712,7411.12,7451.36,257,259,6,4,0,3,0,cusip,2017-07-26,2017-08-23,1984.65,1968.25,-0.00178691,0.0120946,0.04786,-0.000860677,0.0263129,0.00233067,0.00675699,0.0031396,0.000591567,0.0101953,0.000543765,0.0188516,0.0509996,-0.00026911,0.0365082
2017-09,2017-09-29,2017-09-25,True,0.06697,0.000698761,0.0712693,6.08573,6.1527,7437.91,7484.78,259,260,4,3,2,3,0,cusip,2017-08-23,2017-09-20,1968.25,1952.2,-0.000691702,0.0105269,0.0427047,-0.00098427,0.0154143,0.000433885,0.00124886,0.000593714,0.000109154,0.00191366,-0.000257817,0.0117758,0.0432984,-0.000875116,0.017328
2017-10,2017-10-31,2017-10-25,True,0.0632571,0.000703475,0.0675156,5.99035,6.0536,7405.71,7455.87,260,259,3,4,3,1,0,cusip,2017-09-27,2017-10-18,1952.2,1940.22,-0.000491059,0.00974167,0.0418363,-0.00102794,0.0131981,0.000436277,0.00124558,0.000600566,0.000106759,0.00186938,-5.47813e-05,0.0109872,0.0424368,-0.000921182,0.0150675
2017-11,2017-11-30,2017-11-24,True,0.093097,0.00359135,0.115278,6.08322,6.17632,7475.16,7499.3,259,258,5,6,1,3,0,cusip,2017-10-25,2017-11-15,1940.22,1890.74,-0.00253088,0.0157291,0.0486517,-0.000447519,0.0316946,0.00227692,0.00644219,0.00296347,0.000497694,0.0100011,-0.00025396,0.0221713,0.0516151,5.01751e-05,0.0416957
2017-12,2017-12-29,2017-12-22,True,0.0678305,0.000789702,0.0726782,6.07082,6.13865,7448.99,7493,258,257,3,4,3,3,0,cusip,2017-11-22,2017-12-20,1890.74,1877.11,-0.00100321,0.0110001,0.0424312,-0.000802229,0.0162046,0.000499975,0.00140146,0.00065697,0.00010725,0.00218205,-0.00050324,0.0124015,0.0430882,-0.000694978,0.0183867
2018-01,2018-01-31,2018-01-25,True,0.069479,0.000767444,0.0741552,6.02377,6.09325,7452,7491.37,257,257,4,4,2,0,0,cusip,2017-12-27,2018-01-17,1877.11,1878.85,-0.00113491,0.012163,0.0421882,-0.00070245,0.0169652,0.000480407,0.00134402,0.000641894,0.000102063,0.00210784,-0.000654503,0.013507,0.0428301,-0.000600387,0.019073
2018-02,2018-02-28,2018-02-22,True,0.101563,0.00393659,0.125166,5.89422,5.99579,7351.27,7366.55,257,257,6,6,0,0,0,cusip,2018-01-24,2018-02-14,1878.85,1835.73,-0.00282539,0.0184642,0.0510644,-0.000300252,0.0351603,0.00256147,0.00706544,0.00311668,0.000568453,0.0102909,-0.000263917,0.0255297,0.0541811,0.000268201,0.0454512
2018-03,2018-03-29,2018-03-23,True,0.0607015,0.0007565,0.0652822,5.9945,6.0552,7420.21,7481.86,257,257,4,4,2,3,0,cusip,2018-02-21,2018-03-21,1848.2,1848.25,0.000645133,0.00735655,0.0423546,-0.00119673,0.0115419,0.00048724,0.00133917,0.000608447,0.000108971,0.00203694,0.00113237,0.00869572,0.042963,-0.00108776,0.0135789
2018-04,2018-04-30,2018-04-24,True,0.0542059,0.000774926,0.058835,5.91942,5.97362,7417.58,7488.07,257,258,4,3,2,2,0,cusip,2018-03-21,2018-04-18,1848.25,1836.63,0.00184697,0.00535664,0.0405778,-0.00133132,0.00775577,0.000498134,0.00135066,0.000625534,0.000108563,0.00204623,0.00234511,0.0067073,0.0412033,-0.00122275,0.00980199
2018-05,2018-05-31,2018-05-24,True,0.0876393,0.00372252,0.110059,5.93497,6.02261,7486.59,7531.24,258,259,6,5,0,0,0,cusip,2018-04-25,2018-05-16,1836.63,1807.95,-0.000274448,0.0117554,0.049088,-0.000930563,0.0280008,0.00242874,0.00659029,0.00287856,0.000580858,0.00994081,0.00215429,0.0183457,0.0519666,-0.000349705,0.0379416
2018-06,2018-06-29,2018-06-25,True,0.0576926,0.000837529,0.0627629,5.9962,6.05389,7581.07,7655.35,259,259,4,4,2,3,0,cusip,2018-05-23,2018-06-20,1807.95,1803.69,0.00205639,0.00501206,0.0421607,-0.00151939,0.00998284,0.000540088,0.00146027,0.000658047,0.000129873,0.00228204,0.00259648,0.00647233,0.0428187,-0.00138952,0.0122649
2018-07,2018-07-31,2018-07-25,True,0.0578091,0.000826594,0.0627841,5.96085,6.01866,7636.34,7709.5,259,259,4,4,2,1,0,cusip,2018-06-27,2018-07-18,1803.69,1797.06,0.00234892,0.00537708,0.0415032,-0.00145582,0.0100357,0.000531653,0.00142263,0.000655864,0.000125612,0.00223923,0.00288057,0.00679971,0.0421591,-0.00133021,0.0122749
2018-08,2018-08-31,2018-08-27,True,0.0888139,0.00393926,0.112751,5.98768,6.0765,7728.54,7777.29,259,259,6,6,0,2,0,cusip,2018-07-25,2018-08-22,1797.06,1743.54,0.000503181,0.0112508,0.0495824,-0.000904029,0.0283816,0.00257277,0.00688178,0.0030201,0.000564544,0.0108977,0.00307595,0.0181326,0.0526025,-0.000339485,0.0392793
2018-09,2018-09-28,2018-09-24,True,0.0596533,0.000839761,0.0646637,5.90677,5.96642,7688.9,7764.85,259,259,4,4,2,2,0,cusip,2018-08-29,2018-09-19,1743.54,1737.89,0.00247152,0.00579951,0.0427699,-0.00136607,0.00997838,0.000552765,0.00145225,0.000648615,0.000116149,0.00224059,0.00302429,0.00725176,0.0434186,-0.00124992,0.012219
2018-10,2018-10-31,2018-10-25,True,0.0545134,0.000879202,0.0596868,5.82965,5.88416,7741.99,7825.32,259,260,4,3,2,0,0,cusip,2018-09-26,2018-10-17,1737.89,1722.58,0.00310072,0.0048217,0.0412344,-0.00144964,0.00680622,0.000578347,0.00150486,0.000687122,0.000118423,0.00228461,0.00367906,0.00632656,0.0419216,-0.00133122,0.00909083
2018-11,2018-11-30,2018-11-26,True,0.0901353,0.00385466,0.112992,5.83952,5.92966,7840.29,7893.21,260,261,6,5,0,2,0,cusip,2018-10-24,2018-11-22,1722.58,1691.34,0.000770722,0.0119301,0.049977,-0.000836441,0.0282939,0.00258511,0.00668248,0.00293973,0.00047763,0.0101718,0.00335583,0.0186126,0.0529168,-0.000358811,0.0384657
2018-12,2018-12-31,2018-12-24,True,0.0598922,0.000927985,0.065526,6.01106,6.07095,8052.92,8141.08,261,261,4,4,2,2,0,cusip,2018-11-28,2018-12-19,1691.34,1690.61,0.0028975,0.0050838,0.0429196,-0.00137388,0.0103652,0.00061415,0.00158835,0.000724239,0.000116456,0.00259055,0.00351165,0.00667216,0.0436438,-0.00125742,0.0129558
2019-01,2019-01-31,2019-01-25,True,0.059557,0.00092414,0.0651271,5.96778,6.02734,8136.64,8223.58,261,261,4,4,2,3,0,cusip,2018-12-26,2019-01-23,1690.61,1679.44,0.00285639,0.00548558,0.0422332,-0.00131431,0.0102961,0.000607802,0.00156315,0.000730666,0.000113674,0.00255482,0.00346419,0.00704873,0.0429639,-0.00120064,0.0128509
2019-02,2019-02-28,2019-02-22,True,0.093503,0.00396215,0.117641,5.99874,6.09224,8247.65,8291.82,261,261,6,6,0,3,0,cusip,2019-01-23,2019-02-20,1679.44,1646.05,0.000824485,0.014049,0.0491907,-0.000748867,0.0301878,0.00263549,0.00686521,0.00304017,0.000554045,0.0110434,0.00345998,0.0209142,0.0522308,-0.000194823,0.0412312
2019-03,2019-03-29,2019-03-25,True,0.0578756,0.000924752,0.0635615,6.09071,6.14858,8404.25,8490.92,261,259,2,4,4,3,0,cusip,2019-02-20,2019-03-20,1646.05,1634.91,0.00304583,0.0053352,0.0416978,-0.00144272,0.0092395,0.000607322,0.00158412,0.000723487,0.000129378,0.00264161,0.00365315,0.00691932,0.0424213,-0.00131335,0.0118811
2019-04,2019-04-30,2019-04-24,True,0.0619278,0.000973069,0.0678654,6.04004,6.10196,8456.76,8534.75,259,258,3,4,3,1,0,cusip,2019-03-27,2019-04-17,1634.91,1625.35,0.00268546,0.00718142,0.0416708,-0.00126151,0.0116516,0.000637479,0.00164785,0.000768863,0.0001331,0.00275034,0.00332293,0.00882927,0.0424396,-0.00112841,0.0144019
2019-05,2019-05-31,2019-05-24,True,0.091625,0.00383199,0.115496,6.13781,6.22943,8617.19,8662.25,258,257,5,6,1,3,0,cusip,2019-04-24,2019-05-22,1625.35,1595.06,0.000886117,0.0134739,0.0478456,-0.000848652,0.030268,0.00250924,0.00659697,0.00293966,0.00062189,0.0112033,0.00339536,0.0200709,0.0507853,-0.000226762,0.0414713
2019-06,2019-06-28,2019-06-24,True,0.0590278,0.000975527,0.0651865,6.25418,6.31321,8829.54,8913.63,257,257,4,4,2,3,0,cusip,2019-05-29,2019-06-19,1595.06,1589.83,0.00295488,0.00599657,0.0409856,-0.00155489,0.0106457,0.000629575,0.00166146,0.000764663,0.000159276,0.00294373,0.00358445,0.00765803,0.0417503,-0.00139561,0.0135894
2019-07,2019-07-31,2019-07-25,True,0.0630938,0.000971383,0.0691928,6.21556,6.27865,8879.22,8954.54,257,257,4,4,2,0,0,cusip,2019-06-26,2019-07-17,1589.83,1588.48,0.00264267,0.00769996,0.0409721,-0.00136106,0.0131402,0.000622697,0.00163445,0.000770419,0.000155864,0.00291555,0.00326537,0.00933441,0.0417425,-0.0012052,0.0160557
2019-08,2019-08-30,2019-08-26,True,0.0998227,0.00374307,0.124568,6.51124,6.61106,9217.17,9247.32,257,257,6,6,0,3,0,cusip,2019-07-24,2019-08-21,1588.48,1591.41,0.000424435,0.0158846,0.047599,-0.000621608,0.0365362,0.0023535,0.00637447,0.00290786,0.000711229,0.0123986,0.00277794,0.0222591,0.0505069,8.96213e-05,0.0489348
2019-09,2019-09-30,2019-09-24,True,0.0581928,0.00093275,0.0643199,6.51071,6.56891,9202.06,9272.47,257,257,4,4,2,2,0,cusip,2019-08-28,2019-09-18,1597.61,1607.23,0.0031305,0.00855654,0.0397114,-0.00208418,0.00887852,0.0005856,0.00157196,0.000731568,0.000173225,0.0030648,0.0037161,0.0101285,0.040443,-0.00191096,0.0119433
2019-10,2019-10-31,2019-10-25,True,0.0678296,0.000979675,0.0741505,6.38427,6.4521,9187.74,9236.13,257,257,4,4,2,0,0,cusip,2019-09-25,2019-10-23,1609.03,1634.54,0.00233897,0.0102038,0.0406462,-0.000975651,0.0156162,0.000614888,0.00164115,0.000776143,0.000176556,0.00311222,0.00295386,0.0118449,0.0414224,-0.000799095,0.0187285
2019-11,2019-11-29,2019-11-22,True,0.102348,0.00371589,0.126616,6.42871,6.53105,9233.38,9242.13,257,257,5,5,1,3,0,cusip,2019-10-23,2019-11-20,1634.54,1672.33,0.000169486,0.0175275,0.0475199,-0.000328816,0.0374596,0.00236402,0.00634505,0.0028308,0.000774785,0.0119541,0.00253351,0.0238725,0.0503507,0.000445969,0.0494137
2019-12,2019-12-31,2019-12-24,True,0.063391,0.000963541,0.0696082,6.38909,6.45248,9188.86,9245.03,257,257,4,4,2,1,0,cusip,2019-11-20,2019-12-18,1672.33,1686.81,0.00255381,0.00867859,0.0403062,-0.00127588,0.0131282,0.000610431,0.00162865,0.000740405,0.000196012,0.00304173,0.00316425,0.0103072,0.0410466,-0.00107987,0.01617
2020-01,2020-01-31,2020-01-27,True,0.0626578,0.000927682,0.0687693,6.52526,6.58792,9410.57,9471.11,257,257,4,4,2,1,0,cusip,2019-12-24,2020-01-22,1692.41,1706.59,0.00293678,0.00887316,0.0394406,-0.00140807,0.0128153,0.000572542,0.00154452,0.000726886,0.000191879,0.00307567,0.00350932,0.0104177,0.0401675,-0.00121619,0.015891
2020-02,2020-02-28,2020-02-24,True,0.0977973,0.00359734,0.122111,6.66089,6.75868,9578.69,9594.92,257,257,6,6,0,3,0,cusip,2020-01-29,2020-02-19,1712.19,1713.87,0.000848774,0.0165473,0.046201,-0.000700536,0.0349008,0.00225092,0.00607773,0.00272691,0.00093551,0.0123222,0.0030997,0.0226251,0.0489279,0.000234974,0.0472229
2020-03,2020-03-31,2020-03-25,True,0.0565395,0.000861288,0.0625373,6.90718,6.96372,9944.17,9891.45,257,258,4,3,2,1,0,cusip,2020-02-26,2020-03-18,1720.69,1825.62,0.00552697,0.00658673,0.0415157,-0.0103706,0.0132807,0.000530029,0.00143666,0.000669253,0.000222941,0.00313889,0.006057,0.00802338,0.0421849,-0.0101476,0.0164196
2020-04,2020-04-30,2020-04-24,True,0.0500022,0.000861495,0.0561164,7.04723,7.09723,9774.57,9031,258,259,4,3,2,3,0,cusip,2020-03-25,2020-04-22,2069.11,2785.26,0.00483903,0.00888225,0.0399243,-0.00097564,-0.00266775,0.000523086,0.0014153,0.0006836,0.000223206,0.00326904,0.00536211,0.0102975,0.0406079,-0.000752435,0.000601291
2020-05,2020-05-29,2020-05-22,True,0.119369,0.00337612,0.143167,6.9297,7.04907,8947.88,8909.63,259,260,7,6,0,3,0,cusip,2020-04-22,2020-05-20,2785.26,2876.13,-0.000121104,0.0106702,0.0517753,0.0398112,0.017233,0.00210809,0.00568383,0.0026285,0.00107428,0.0123038,0.00198698,0.016354,0.0544038,0.0408854,0.0295369
2020-06,2020-06-30,2020-06-24,True,0.0776047,0.000824434,0.0833734,6.91959,6.99719,8860.38,8949.01,260,260,4,4,3,1,0,cusip,2020-05-27,2020-06-17,2894.08,2914.4,0.00374363,0.00183058,0.0489392,0.0298359,-0.00674458,0.000510595,0.00137513,0.000651013,0.000283423,0.00294856,0.00425422,0.00320571,0.0495902,0.0301193,-0.00379602
2020-07,2020-07-31,2020-07-27,True,0.0832675,0.000806799,0.0890078,7.0317,7.11497,9001.34,9076.89,260,260,4,4,3,1,0,cusip,2020-06-24,2020-07-22,2933.84,2989.5,0.00377587,0.00407905,0.050433,0.030098,-0.00511838,0.000490572,0.00132497,0.00064276,0.000305929,0.00297612,0.00426644,0.00540402,0.0510757,0.0304039,-0.00214227
2020-08,2020-08-31,2020-08-25,True,0.131873,0.00329193,0.155272,6.97618,7.10805,8975.74,9060.62,260,261,7,6,0,2,0,cusip,2020-07-29,2020-08-19,3010.72,3058.94,0.000103401,0.00513399,0.0657486,0.0446315,0.0162551,0.00204645,0.00554478,0.00255565,0.00148421,0.0117681,0.00214985,0.0106788,0.0683043,0.0461157,0.0280232
2020-09,2020-09-30,2020-09-24,True,0.0858617,0.000684322,0.0907274,7.02442,7.11028,9050.9,9185.84,261,261,4,4,3,0,0,cusip,2020-08-26,2020-09-16,3070.27,3087.96,0.00379393,-0.00148236,0.05944,0.0354907,-0.0113806,0.000421842,0.00114521,0.000541773,0.000331585,0.00242532,0.00421577,-0.000337154,0.0599818,0.0358223,-0.00895532
2020-10,2020-10-30,2020-10-26,True,0.0948347,0.000722308,0.0998976,6.91455,7.00939,9079.27,9179.15,261,261,4,4,3,3,0,cusip,2020-09-23,2020-10-21,3105.33,3171.08,0.0020181,0.00101711,0.0635101,0.0353503,-0.00706091,0.000443567,0.00120707,0.000582805,0.000367332,0.00246216,0.00246167,0.00222418,0.0640929,0.0357176,-0.00459875
2020-11,2020-11-30,2020-11-23,True,0.145693,0.00307973,0.167605,6.96931,7.115,9135.53,9219.32,261,262,7,6,0,1,0,cusip,2020-10-28,2020-11-18,3186.96,3209.59,-0.00135724,0.005799,0.0745815,0.0453244,0.0213448,0.0019255,0.00525164,0.00240965,0.00180562,0.0105199,0.000568262,0.0110506,0.0769912,0.0471301,0.0318647
2020-12,2020-12-31,2020-12-24,True,0.0732679,0.000684438,0.0780905,6.97276,7.04603,9171.03,9327.82,262,262,4,4,3,3,0,cusip,2020-11-25,2020-12-16,3223.4,3261.78,0.00226167,-0.00229672,0.0692827,0.0216124,-0.0175921,0.000423843,0.00116909,0.000549141,0.00040669,0.00227381,0.00268551,-0.00112763,0.0698319,0.0220191,-0.0153183
2021-01,2021-01-29,2021-01-25,True,0.0839202,0.000657749,0.0885001,6.8791,6.96302,9249.85,9405.16,262,262,4,4,3,2,0,cusip,2020-12-23,2021-01-20,3275.71,3335.3,0.00380282,-0.00460623,0.0686597,0.0286819,-0.012618,0.000405445,0.00112329,0.000539733,0.000401442,0.00211001,0.00420827,-0.00348294,0.0691994,0.0290834,-0.010508
2021-02,2021-02-26,2021-02-22,True,0.113136,0.00311262,0.134272,6.67705,6.79018,9177.58,9309.03,262,264,7,5,0,3,0,cusip,2021-01-27,2021-02-17,3355.43,3390.06,0.0016961,0.00146986,0.0721399,0.0380335,-0.000203081,0.00199662,0.00548006,0.00248609,0.00198721,0.00918529,0.00369272,0.00694993,0.0746259,0.0400207,0.00898221
2021-03,2021-03-31,2021-03-25,True,0.0716918,0.000557491,0.0754191,6.61399,6.68568,9182.82,9336.84,264,264,4,4,3,0,0,cusip,2021-02-24,2021-03-17,3406.6,3473.32,0.00460857,-0.00620529,0.0678946,0.0192367,-0.0138427,0.000357317,0.000976703,0.000450023,0.000356382,0.00158679,0.00496589,-0.00522859,0.0683446,0.019593,-0.0122559
2021-04,2021-04-30,2021-04-26,True,0.0821345,0.000575532,0.0860153,6.66087,6.74301,9370.88,9506.23,264,264,4,4,3,1,0,cusip,2021-03-24,2021-04-21,3478.66,3566.45,0.00284129,-0.00289966,0.068292,0.025097,-0.0111961,0.000362711,0.0010001,0.000474361,0.00038362,0.00166002,0.003204,-0.00189956,0.0687663,0.0254806,-0.00953608
2021-05,2021-05-28,2021-05-24,True,0.107052,0.0028659,0.126387,6.63965,6.7467,9455.85,9601.38,264,266,7,5,0,3,0,cusip,2021-04-28,2021-05-19,3577.79,3636.97,0.00087768,-0.000538203,0.0713108,0.0289017,0.00649995,0.00186052,0.00507747,0.00229208,0.00202761,0.00807769,0.0027382,0.00453927,0.0736029,0.0309293,0.0145776
2021-06,2021-06-30,2021-06-24,True,0.0823241,0.000541223,0.0860419,6.78703,6.86936,9651.13,9809.1,266,266,4,4,3,0,0,cusip,2021-05-26,2021-06-16,3649.58,3712.05,0.00256158,-0.00445769,0.0634544,0.0248735,-0.00410774,0.000342232,0.000947062,0.000439648,0.000404781,0.00158413,0.00290381,-0.00351063,0.0638941,0.0252783,-0.00252361
2021-07,2021-07-30,2021-07-26,True,0.0807653,0.0005349,0.0844919,6.88625,6.96701,9921.84,10068.2,266,266,4,4,3,2,0,cusip,2021-06-23,2021-07-21,3718.66,3794.18,0.0023172,-0.00368602,0.0605704,0.0211519,0.000411832,0.000330708,0.000929619,0.000442117,0.000417381,0.00160683,0.00264791,-0.0027564,0.0610125,0.0215693,0.00201866
2021-08,2021-08-31,2021-08-25,True,0.10528,0.00288576,0.125476,6.89342,6.9987,9994.7,10126.5,266,267,7,6,0,1,0,cusip,2021-07-28,2021-08-18,3811.98,3830.2,0.000792415,0.00215387,0.0665306,0.0266722,0.00913079,0.00182174,0.00510084,0.00229303,0.00239048,0.00859045,0.00261416,0.00725471,0.0688236,0.0290627,0.0177212
2021-09,2021-09-30,2021-09-24,True,0.0719274,0.000486662,0.0753207,6.90054,6.97247,10060.4,10212,267,267,4,4,3,3,0,cusip,2021-08-25,2021-09-22,3849.8,3896.18,0.00252219,-0.00053153,0.0584056,0.0192911,-0.00775996,0.000304438,0.000855976,0.000388782,0.000409152,0.00143489,0.00282663,0.000324446,0.0587944,0.0197002,-0.00632507
2021-10,2021-10-29,2021-10-25,True,0.0760463,0.000503886,0.0795282,6.83412,6.91017,10113.5,10242.5,267,267,4,4,3,3,0,cusip,2021-09-22,2021-10-20,3896.18,3961.18,0.000827678,-0.00146199,0.0610383,0.0175055,-0.00186323,0.000311748,0.000881623,0.000406985,0.000425116,0.00145647,0.00113943,-0.000580365,0.0614453,0.0179306,-0.000406764
2021-11,2021-11-30,2021-11-23,True,0.100963,0.00278785,0.120415,6.87639,6.97736,10186,10290.6,267,270,7,4,0,0,0,cusip,2021-10-27,2021-11-17,3973.78,4011.77,0.000792983,0.00330108,0.062218,0.0188288,0.0158223,0.00176085,0.00493621,0.00215809,0.00246474,0.00813193,0.00255384,0.00823729,0.0643761,0.0212935,0.0239543
2021-12,2021-12-31,2021-12-27,True,0.0668301,0.000479422,0.0702091,6.98115,7.04798,10379.8,10505.9,270,271,4,3,3,2,0,cusip,2021-11-24,2021-12-22,4014.74,4048.81,0.00353282,-0.00277662,0.0534011,0.0143211,-0.00164823,0.000295191,0.000839619,0.000377941,0.000436827,0.00142938,0.00382801,-0.00193701,0.053779,0.014758,-0.000218858
2022-01,2022-01-31,2022-01-25,True,0.0735508,0.000494203,0.076965,6.83494,6.90849,10315.1,10440.7,271,270,3,4,4,1,0,cusip,2021-12-29,2022-01-19,4050.41,4080.46,0.00202513,2.99119e-05,0.0508915,0.0173617,0.00324257,0.000304446,0.000862833,0.000390683,0.000443657,0.00141257,0.00232958,0.000892745,0.0512822,0.0178054,0.00465514
2022-02,2022-02-28,2022-02-22,True,0.0918248,0.00291719,0.111942,6.80426,6.89609,10260.3,10360.9,270,271,7,6,0,2,0,cusip,2022-01-26,2022-02-16,4096.46,4079.98,0.000583771,0.00473484,0.054223,0.0190583,0.0132249,0.0018288,0.00515656,0.00223034,0.00271404,0.00818744,0.00241257,0.0098914,0.0564534,0.0217723,0.0214124
2022-03,2022-03-31,2022-03-25,True,0.0676318,0.000482443,0.0708573,6.61812,6.68575,10013.3,10136.1,271,271,4,4,3,3,0,cusip,2022-02-23,2022-03-23,4081.58,4084.56,0.00201258,0.00126315,0.048117,0.0125566,0.00368248,0.000303465,0.000843639,0.000367719,0.000433583,0.00127709,0.00231604,0.00210678,0.0484847,0.0129902,0.00495957
2022-04,2022-04-29,2022-04-25,True,0.0638763,0.00053368,0.0673549,6.45426,6.51814,9954.44,10082.6,271,271,4,4,3,3,0,cusip,2022-03-23,2022-04-20,4084.56,4077.33,0.00211834,0.000461453,0.0458537,0.0110523,0.00439055,0.000334376,0.000928318,0.000408348,0.000466297,0.00134126,0.00245271,0.00138977,0.046262,0.0115186,0.00573181
2022-05,2022-05-31,2022-05-24,True,0.0918635,0.00297154,0.111173,6.40632,6.49818,10067.5,10162.6,271,273,7,5,0,2,0,cusip,2022-04-27,2022-05-18,4077.33,4056.9,-0.000153256,0.00561812,0.0504478,0.016607,0.0193439,0.00189302,0.00521436,0.00224783,0.00266369,0.00729073,0.00173977,0.0108325,0.0526956,0.0192706,0.0266347
2022-06,2022-06-30,2022-06-24,True,0.0686396,0.00054971,0.0721273,6.27605,6.34469,9938.18,10044.8,273,273,4,4,3,3,0,cusip,2022-05-25,2022-06-22,4056.9,4037.42,0.00115153,0.00311854,0.0446733,0.0102581,0.00943811,0.000348714,0.000955514,0.000418275,0.000478545,0.00128669,0.00150024,0.00407405,0.0450916,0.0107367,0.0107248
2022-07,2022-07-29,2022-07-25,True,0.0704689,0.000563827,0.0741065,6.38115,6.45161,10210.1,10311.4,273,273,4,4,3,2,0,cusip,2022-06-22,2022-07-20,4037.42,4018.16,0.00101949,0.00381814,0.0433398,0.0108865,0.011405,0.000347196,0.000970044,0.000440747,0.000508411,0.00137119,0.00136669,0.00478818,0.0437805,0.0113949,0.0127762
2022-08,2022-08-31,2022-08-25,True,0.0999984,0.00320993,0.120534,6.29749,6.39749,10147.8,10201.3,273,274,7,6,0,0,0,cusip,2022-07-27,2022-08-17,4018.16,3978.31,-0.00111754,0.0113214,0.0478814,0.0161426,0.0257705,0.00201268,0.00553636,0.00246635,0.00295477,0.00756533,0.000895145,0.0168578,0.0503477,0.0190974,0.0333358
2022-09,2022-09-30,2022-09-26,True,0.0700517,0.000656464,0.0740943,6.08795,6.15801,9767.05,9844.94,274,274,4,4,3,2,0,cusip,2022-08-24,2022-09-21,3978.31,3957.27,0.000473744,0.00669805,0.0415033,0.00881475,0.0125619,0.000414185,0.0011108,0.00049597,0.000575452,0.0014461,0.000887929,0.00780885,0.0419993,0.0093902,0.014008
2022-10,2022-10-31,2022-10-25,True,0.0655153,0.000748015,0.0699555,5.87036,5.93587,9690.77,9768.95,274,274,4,4,3,2,0,cusip,2022-09-28,2022-10-19,3957.27,3910.93,0.000677597,0.00619078,0.0403216,0.00796196,0.0103635,0.00047441,0.00126704,0.00057526,0.000626643,0.00149677,0.00115201,0.00745782,0.0408968,0.00858861,0.0118602
2022-11,2022-11-30,2022-11-23,True,0.108416,0.00345316,0.129877,6.10643,6.21485,9990.43,10024.4,274,276,7,5,0,0,0,cusip,2022-10-26,2022-11-16,3910.95,3880.47,-0.00253343,0.013732,0.0483803,0.0174168,0.0314203,0.00217065,0.00580623,0.00269023,0.00320823,0.00758553,-0.000362782,0.0195382,0.0510705,0.020625,0.0390058
2022-12,2022-12-30,2022-12-23,True,0.0709847,0.00076383,0.0757063,6.11044,6.18142,10043.5,10124.8,276,276,4,4,3,3,0,cusip,2022-11-23,2022-12-21,3880.47,3849.52,-7.02046e-05,0.00590086,0.0414953,0.0087914,0.0148674,0.000476592,0.00127026,0.000603445,0.00071065,0.00166061,0.000406388,0.00717112,0.0420987,0.00950205,0.016528
2023-01,2023-01-31,2023-01-25,True,0.0730364,0.000743927,0.0777051,6.20265,6.27568,10308.6,10386.8,276,276,4,4,3,1,0,cusip,2022-12-28,2023-01-18,3849.52,3807.06,-0.000111889,0.00656346,0.0412586,0.00928589,0.0160404,0.000452155,0.0012202,0.000602649,0.000714906,0.00167874,0.000340266,0.00778366,0.0418612,0.0100008,0.0177191
2023-02,2023-02-28,2023-02-22,True,0.102711,0.00365153,0.125269,6.07495,6.17766,10094.7,10127.1,276,278,7,5,0,1,0,cusip,2023-01-25,2023-02-15,3807.06,3767.23,-0.00211918,0.013793,0.046268,0.0166694,0.0280998,0.0022956,0.00599683,0.0028698,0.0035321,0.00786358,0.00017642,0.0197898,0.0491378,0.0202015,0.0359634
2023-03,2023-03-31,2023-03-27,True,0.0686159,0.000865734,0.0740144,6.16714,6.23575,10384.1,10463.7,278,279,4,3,3,2,0,cusip,2023-02-22,2023-03-22,3767.28,3753.17,0.000391402,0.00640397,0.0400497,0.00831122,0.0134595,0.000535489,0.00140791,0.000700234,0.000853232,0.00190164,0.000926891,0.00781188,0.04075,0.00916446,0.0153612
2023-04,2023-04-28,2023-04-24,True,0.0681166,0.000949357,0.0740597,6.19202,6.26013,10483.9,10563,279,279,4,4,3,3,0,cusip,2023-03-29,2023-04-19,3753.17,3712.11,0.00023542,0.00656286,0.0394904,0.00829215,0.0135357,0.00058166,0.00152377,0.000779579,0.000946426,0.00211166,0.00081708,0.00808663,0.04027,0.00923857,0.0156474
2023-05,2023-05-31,2023-05-24,True,0.0965922,0.0038678,0.120541,6.09515,6.19174,10409.9,10449.5,279,282,7,4,0,1,0,cusip,2023-04-26,2023-05-17,3712.16,3661.05,-0.00164401,0.0124628,0.0448835,0.0152613,0.0256285,0.00241186,0.00632475,0.00306094,0.00394422,0.00820665,0.000767857,0.0187876,0.0479444,0.0192055,0.0338352
2023-06,2023-06-30,2023-06-26,True,0.0686686,0.000960411,0.0746614,6.17122,6.23989,10453.9,10528.7,282,282,4,4,3,2,0,cusip,2023-05-24,2023-06-21,3661.05,3650.78,0.000173612,0.00710333,0.0393748,0.00798069,0.0140361,0.000588119,0.00153466,0.000769294,0.000996605,0.00210418,0.000761732,0.00863799,0.0401441,0.00897729,0.0161403
2023-07,2023-07-31,2023-07-25,True,0.0640683,0.000933732,0.0698356,6.11251,6.17658,10443.3,10524.2,282,282,4,4,3,1,0,cusip,2023-06-28,2023-07-19,3650.78,3605.74,0.000396941,0.00624669,0.038162,0.00713213,0.0121305,0.000569127,0.00147336,0.000752975,0.000958749,0.00201306,0.000966068,0.00772005,0.038915,0.00809088,0.0141436
2023-08,2023-08-31,2023-08-25,True,0.102117,0.00408085,0.126848,5.95829,6.0604,10320.7,10362.9,282,284,7,5,0,3,0,cusip,2023-07-26,2023-08-23,3605.74,3579.77,-0.00218304,0.0132626,0.046892,0.0158738,0.0282712,0.00255524,0.00657626,0.00313299,0.00418884,0.00827826,0.000372197,0.0198388,0.050025,0.0200626,0.0365495
2023-09,2023-09-29,2023-09-25,True,0.0654026,0.00108153,0.0717794,5.8307,5.89611,10226.5,10321.8,284,284,4,4,3,3,0,cusip,2023-08-23,2023-09-20,3579.77,3564.04,0.00071836,0.00634354,0.0404106,0.00627863,0.0116515,0.000680319,0.00172872,0.000837445,0.00106996,0.00206036,0.00139868,0.00807226,0.0412481,0.00734859,0.0137118
2023-10,2023-10-31,2023-10-25,True,0.0608731,0.00113927,0.067376,5.6471,5.70798,10151.9,10254.8,284,284,4,4,3,1,0,cusip,2023-09-27,2023-10-18,3564.04,3537.45,0.00135866,0.0064553,0.0392912,0.00493816,0.00882973,0.000721855,0.0018086,0.000883022,0.00107346,0.00201601,0.00208051,0.0082639,0.0401743,0.00601162,0.0108457
2023-11,2023-11-30,2023-11-24,True,0.0975381,0.0042833,0.123024,5.85257,5.95011,10503.3,10570.7,284,285,7,6,0,3,0,cusip,2023-10-25,2023-11-15,3537.45,3470.67,-0.00112601,0.0129481,0.0477146,0.012745,0.0252564,0.0026978,0.00690975,0.00323024,0.00441103,0.0082373,0.00157179,0.0198579,0.0509448,0.0171561,0.0334937
2023-12,2023-12-29,2023-12-22,True,0.0601947,0.00110174,0.067006,6.12217,6.18236,10969,11103.9,285,285,4,4,3,3,0,cusip,2023-11-22,2023-12-20,3470.67,3444.63,0.00185394,0.00438451,0.0409256,0.00319087,0.00983979,0.00067706,0.00175139,0.000856029,0.00120255,0.00232431,0.00253101,0.00613591,0.0417816,0.00439341,0.0121641
2024-01,2024-01-31,2024-01-25,True,0.055258,0.00108743,0.0618016,5.96222,6.01748,10988.5,11132.9,285,285,4,4,3,0,0,cusip,2023-12-27,2024-01-17,3444.63,3414.06,0.00255478,0.00431542,0.0396179,0.00192008,0.00684989,0.000668225,0.00171217,0.000851899,0.0011467,0.00216459,0.00322301,0.00602759,0.0404698,0.00306678,0.00901448
2024-02,2024-02-29,2024-02-23,True,0.0857536,0.00437623,0.112257,5.97037,6.05612,11030,11131.7,285,286,7,6,0,3,0,cusip,2024-01-24,2024-02-21,3414.06,3339.89,0.000635277,0.0111721,0.046325,0.00890917,0.0187121,0.00272077,0.00701307,0.00325265,0.00476912,0.00874736,0.00335605,0.0181852,0.0495776,0.0136783,0.0274594
2024-03,2024-03-28,2024-03-22,True,0.047932,0.00123291,0.0553799,5.99299,6.04092,11179.6,11345.8,286,286,4,4,3,3,0,cusip,2024-02-21,2024-03-20,3339.89,3314.6,0.0035589,0.00325805,0.0396485,-0.000923493,0.00238999,0.00076011,0.00195977,0.000930963,0.00134257,0.00245449,0.00431901,0.00521782,0.0405795,0.000419076,0.00484448
2024-04,2024-04-30,2024-04-24,True,0.0485914,0.0013085,0.0562377,5.79493,5.84352,11102.7,11266.1,286,286,4,4,3,1,0,cusip,2024-03-20,2024-04-17,3314.6,3288.47,0.00377806,0.00479295,0.0389755,-0.000964043,0.00200889,0.000809485,0.00205634,0.000987073,0.0013577,0.00243566,0.00458755,0.00684929,0.0399626,0.000393656,0.00444455
2024-05,2024-05-31,2024-05-24,True,0.0743348,0.00458544,0.101665,5.88594,5.96027,11360,11490.4,286,288,7,5,0,3,0,cusip,2024-04-24,2024-05-22,3288.47,3228.8,0.0016699,0.00908466,0.0441168,0.00562786,0.0138356,0.00285239,0.00730989,0.00332842,0.00500531,0.00883444,0.00452229,0.0163946,0.0474452,0.0106332,0.02267
2024-06,2024-06-28,2024-06-24,True,0.0454705,0.0012444,0.0529456,5.96152,6.00699,11658.5,11835.1,288,288,4,4,3,3,0,cusip,2024-05-29,2024-06-18,3228.8,3215.53,0.00377096,0.00298837,0.0384304,-0.00193791,0.00221871,0.000762416,0.0019601,0.000919735,0.00137203,0.0024608,0.00453338,0.00494847,0.0393501,-0.000565882,0.00467951
2024-07,2024-07-31,2024-07-25,True,0.0473381,0.00123186,0.0546382,5.87872,5.92606,11868.1,12038.1,288,288,4,4,3,0,0,cusip,2024-06-26,2024-07-17,3215.53,3216.72,0.00367831,0.00398,0.0378255,-0.00130371,0.00315801,0.000753728,0.00192668,0.000921768,0.00133037,0.00236755,0.00443204,0.00590668,0.0387473,2.66569e-05,0.00552556
2024-08,2024-08-30,2024-08-26,True,0.0783085,0.00447779,0.105677,6.03367,6.11198,12342.4,12458.1,288,289,7,6,0,3,0,cusip,2024-07-24,2024-08-21,3216.72,3179.86,0.00159968,0.0108387,0.0431291,0.00648679,0.0162542,0.00273035,0.00712819,0.00323164,0.00517827,0.00909967,0.00433003,0.0179669,0.0463608,0.0116651,0.0253538
2024-09,2024-09-30,2024-09-24,True,0.0522248,0.00136703,0.0605702,6.05252,6.10475,12573.2,12729.3,289,289,4,4,3,2,0,cusip,2024-08-28,2024-09-18,3179.81,3179.97,0.00337456,0.00581013,0.0380577,-0.000396614,0.005379,0.000830176,0.00215827,0.00100104,0.00157849,0.00277741,0.00420474,0.0079684,0.0390587,0.00118188,0.00815641
